{"type": "FeatureCollection", "features": [{"type": "Feature", "properties": {"map_title": "중세 유럽의 교역 발달", "source": "미래엔 세계사 교과서 1권 59쪽", "volume": 1, "page": 59, "name": "북유럽 교역권", "name_en": "Northern European trade zone", "period": "12~15세기", "kind": "기타", "legend": "북유럽 교역권(점선 타원)", "coast_snap": "Natural Earth 10m 해안선에 맞춤", "border_snap": "현대 국경(Natural Earth 10m)에 맞춘 구간 약 378 km"}, "geometry": {"type": "MultiPolygon", "coordinates": [[[[-1.0625, 50.69299], [-1.06234, 50.6853], [-1.07532, 50.67854], [-1.12865, 50.66645], [-1.15636, 50.65078], [-1.1647, 50.64094], [-1.16846, 50.60347], [-1.27921, 50.58252], [-1.31586, 50.58933], [-1.48595, 50.66934], [-1.49743, 50.67231], [-1.53515, 50.66938], [-1.56945, 50.65805], [-1.54531, 50.6861], [-1.50592, 50.7077], [-1.41872, 50.73377], [-1.42536, 50.72012], [-1.40087, 50.72199], [-1.34322, 50.76118], [-1.31851, 50.77215], [-1.29577, 50.77317], [-1.14428, 50.73379], [-1.10913, 50.73285], [-1.09705, 50.72695], [-1.09703, 50.71332], [-1.08277, 50.71331], [-1.0625, 50.69299]]], [[[-0.95987, 50.80825], [-0.95987, 50.80207], [-0.93885, 50.78839], [-0.93884, 50.78096], [-1.02073, 50.78841], [-1.02074, 50.79514], [-0.99869, 50.80101], [-0.97255, 50.82977], [-0.95987, 50.82933], [-0.9503, 50.82378], [-0.95126, 50.81266], [-0.95987, 50.80825]]], [[[0.90011, 51.41771], [0.93245, 51.39769], [0.94213, 51.383], [0.93636, 51.37105], [0.91147, 51.36441], [0.79477, 51.37055], [0.77508, 51.37531], [0.7339, 51.41218], [0.74684, 51.43964], [0.76728, 51.44787], [0.90011, 51.41771]]], [[[3.81422, 51.74822], [3.84376, 51.74282], [3.96175, 51.73809], [4.03663, 51.68586], [4.07837, 51.67861], [4.09734, 51.67023], [4.09938, 51.65412], [4.08907, 51.64406], [4.05455, 51.6326], [3.97804, 51.62328], [3.92311, 51.63248], [3.90156, 51.642], [3.88559, 51.66836], [3.83059, 51.68587], [3.80925, 51.69953], [3.79591, 51.70014], [3.76538, 51.67842], [3.72055, 51.67683], [3.70005, 51.68062], [3.68671, 51.6927], [3.68948, 51.72504], [3.72585, 51.73972], [3.81422, 51.74822]]], [[[-3.2909, 52.89797], [-3.38489, 52.92393], [-3.43589, 52.94321], [-3.46768, 52.93781], [-3.46979, 52.90892], [-3.42551, 52.84743], [-3.40096, 52.78087], [-3.48645, 52.80898], [-3.53379, 52.83009], [-3.61566, 52.87922], [-3.65093, 52.90768], [-3.68103, 52.93773], [-3.72575, 53.00199], [-3.74913, 53.07113], [-3.74961, 53.14084], [-3.74128, 53.17561], [-3.6884, 53.28741], [-3.6022, 53.28889], [-3.56233, 53.29442], [-3.37205, 53.35089], [-3.33032, 53.35178], [-3.2716, 53.33069], [-3.2508, 53.31257], [-3.12223, 53.26227], [-3.08776, 53.23469], [-3.08454, 53.27546], [-3.13541, 53.33381], [-3.18505, 53.37709], [-3.18633, 53.39276], [-3.17551, 53.40273], [-3.15759, 53.40866], [-3.09423, 53.41739], [-3.05825, 53.43475], [-3.03555, 53.43374], [-3.0122, 53.41669], [-2.95295, 53.32392], [-2.91055, 53.29633], [-2.8815, 53.2884], [-2.85057, 53.28913], [-2.83755, 53.30279], [-2.80614, 53.29658], [-2.7755, 53.29987], [-2.74812, 53.30964], [-2.75363, 53.32253], [-2.74315, 53.33853], [-2.73449, 53.34443], [-2.71744, 53.34272], [-2.69978, 53.35179], [-2.76439, 53.34516], [-2.77538, 53.34101], [-2.78239, 53.32637], [-2.7998, 53.32104], [-2.84366, 53.32393], [-2.88616, 53.3335], [-2.92494, 53.35001], [-2.98082, 53.39277], [-3.1019, 53.55805], [-3.08782, 53.58747], [-3.02206, 53.6526], [-2.95172, 53.70807], [-2.91145, 53.72504], [-2.89904, 53.73542], [-2.98485, 53.73608], [-3.02146, 53.7458], [-3.04917, 53.76952], [-3.05636, 53.80305], [-3.04491, 53.87848], [-3.05661, 53.90615], [-3.04066, 53.92352], [-3.01756, 53.93194], [-2.92569, 53.9527], [-2.90926, 53.95383], [-2.88854, 53.94603], [-2.88173, 53.9567], [-2.85798, 53.9676], [-2.86923, 53.97883], [-2.83446, 53.99982], [-2.83007, 54.01602], [-2.86486, 54.0043], [-2.89549, 54.00236], [-2.91818, 54.03433], [-2.89208, 54.05012], [-2.85887, 54.08099], [-2.82677, 54.08881], [-2.79597, 54.12519], [-2.85424, 54.19408], [-2.83287, 54.19904], [-2.81029, 54.2119], [-2.79524, 54.22948], [-2.79597, 54.24872], [-2.8028, 54.24872], [-2.80663, 54.23371], [-2.82087, 54.22175], [-2.90465, 54.18765], [-2.92042, 54.16206], [-2.9392, 54.15511], [-2.9842, 54.15315], [-2.9977, 54.15958], [-3.01724, 54.18987], [-3.00817, 54.20034], [-3.01537, 54.2119], [-3.03576, 54.22598], [-3.04918, 54.22207], [-3.04473, 54.20806], [-3.06092, 54.16212], [-3.09073, 54.13947], [-3.11792, 54.10884], [-3.14525, 54.10004], [-3.14539, 54.06382], [-3.18977, 54.09789], [-3.21955, 54.10079], [-3.24094, 54.11213], [-3.23253, 54.14468], [-3.23314, 54.15917], [-3.24064, 54.16294], [-3.22662, 54.1777], [-3.2152, 54.17984], [-3.21087, 54.19429], [-3.14006, 54.26413], [-3.04971, 54.32312], [-2.9344, 54.38079], [-2.88387, 54.40007], [-2.7749, 54.42935], [-2.71612, 54.43934], [-2.59636, 54.44884], [-2.47573, 54.44447], [-2.35899, 54.42641], [-2.22881, 54.3865], [-2.18882, 54.30102], [-2.17369, 54.29518], [-1.76776, 54.46465], [-1.76306, 54.47362], [-1.79379, 54.51829], [-1.81635, 54.5739], [-1.8741, 54.64837], [-1.95163, 54.79964], [-1.88643, 54.84831], [-1.84268, 54.87285], [-1.72822, 54.92247], [-1.59176, 55.00318], [-1.57259, 55.0204], [-1.50107, 55.14209], [-1.48009, 55.0854], [-1.4596, 55.07859], [-1.41291, 55.00031], [-1.37024, 54.97553], [-1.36268, 54.96479], [-1.35582, 54.90428], [-1.29678, 54.77993], [-1.27546, 54.74844], [-1.24047, 54.72167], [-1.17225, 54.70123], [-1.17225, 54.6938], [-1.19262, 54.69379], [-1.19245, 54.68928], [-1.16472, 54.65276], [-1.18249, 54.63923], [-1.20629, 54.63296], [-1.19884, 54.62157], [-1.18212, 54.61929], [-1.17245, 54.62615], [-1.1647, 54.6118], [-1.15266, 54.61319], [-1.13805, 54.64654], [-1.10363, 54.62466], [-1.04207, 54.61708], [-0.99348, 54.59813], [-0.78792, 54.56077], [-0.56299, 54.47735], [-0.53468, 54.461], [-0.52287, 54.44709], [-0.52042, 54.42007], [-0.46277, 54.38898], [-0.44795, 54.37341], [-0.41854, 54.32423], [-0.41454, 54.29731], [-0.40119, 54.28563], [-0.39076, 54.28351], [-0.39757, 54.26919], [-0.37047, 54.24771], [-0.36278, 54.2425], [-0.32202, 54.23606], [-0.2771, 54.21775], [-0.26037, 54.17699], [-0.23388, 54.16047], [-0.11145, 54.13157], [-0.07554, 54.11213], [-0.16393, 54.0834], [-0.19469, 54.06232], [-0.21947, 54.02277], [-0.19743, 53.99481], [-0.15111, 53.89932], [0.13346, 53.64264], [0.14924, 53.6096], [0.13156, 53.57367], [0.10967, 53.56292], [0.136, 53.61066], [0.12021, 53.61811], [0.03452, 53.64606], [-0.04503, 53.62556], [-0.0926, 53.63115], [-0.13002, 53.64607], [-0.22533, 53.71992], [-0.26036, 53.73542], [-0.30516, 53.73969], [-0.43114, 53.7143], [-0.51049, 53.7143], [-0.54442, 53.70947], [-0.57917, 53.72797], [-0.63703, 53.732], [-0.65836, 53.72797], [-0.72647, 53.70063], [-0.69245, 53.687], [-0.67748, 53.70283], [-0.64986, 53.71058], [-0.61954, 53.71184], [-0.59619, 53.70807], [-0.52994, 53.67768], [-0.48595, 53.69453], [-0.30724, 53.71425], [-0.27938, 53.70709], [-0.18863, 53.62043], [-0.14404, 53.60663], [-0.09594, 53.57714], [-0.04663, 53.57037], [9e-05, 53.53535], [0.09596, 53.48835], [0.15186, 53.47581], [0.1678, 53.4645], [0.17579, 53.43769], [0.21947, 53.4195], [0.21193, 53.41266], [0.22957, 53.40457], [0.25596, 53.37529], [0.34197, 53.22657], [0.35619, 53.18854], [0.35651, 53.14548], [0.32983, 53.0865], [0.28248, 53.07486], [0.19303, 53.0201], [0.16082, 53.00898], [0.08193, 52.93854], [0.06116, 52.92501], [0.02215, 52.91258], [0.00856, 52.89863], [0.01026, 52.88646], [0.04066, 52.88508], [0.09254, 52.89251], [0.10563, 52.88934], [0.1709, 52.86212], [0.24676, 52.79572], [0.26486, 52.80373], [0.32552, 52.80316], [0.34179, 52.79742], [0.36988, 52.77302], [0.38453, 52.76838], [0.37926, 52.79083], [0.43865, 52.84072], [0.44417, 52.86537], [0.47246, 52.9166], [0.48571, 52.93349], [0.52028, 52.95526], [0.56989, 52.96934], [0.62338, 52.97564], [0.67189, 52.97443], [0.66442, 52.98187], [0.68475, 52.98638], [0.7505, 52.97443], [0.83601, 52.97438], [0.96843, 52.9475], [1.01393, 52.96015], [0.99155, 52.96748], [0.96609, 52.96761], [0.96609, 52.97442], [1.27466, 52.92917], [1.39571, 52.89152], [1.6442, 52.77582], [1.69702, 52.73102], [1.74723, 52.62519], [1.74073, 52.60391], [1.74686, 52.58833], [1.74757, 52.53278], [1.77115, 52.48591], [1.7544, 52.46735], [1.72926, 52.4156], [1.72785, 52.39631], [1.68379, 52.32483], [1.63054, 52.27045], [1.63081, 52.19955], [1.58248, 52.08169], [1.50367, 52.06098], [1.48682, 52.04903], [1.47202, 52.05622], [1.46386, 52.03515], [1.42481, 52.00186], [1.3435, 51.94287], [1.33229, 51.9401], [1.26441, 51.99437], [1.23487, 52.00031], [1.18523, 52.02509], [1.15789, 52.02851], [1.15789, 52.02167], [1.21437, 51.99144], [1.27076, 51.98151], [1.27101, 51.95645], [1.25074, 51.95962], [1.20574, 51.95344], [1.16529, 51.96703], [1.0691, 51.95344], [1.09547, 51.94575], [1.26205, 51.93915], [1.28198, 51.94659], [1.27848, 51.92793], [1.19956, 51.87767], [1.22787, 51.86738], [1.26442, 51.864], [1.28662, 51.88164], [1.28824, 51.86058], [1.27636, 51.8448], [1.21924, 51.81184], [1.16781, 51.79024], [1.13542, 51.78173], [1.06544, 51.77531], [1.0373, 51.78218], [0.97983, 51.84357], [0.97706, 51.82461], [0.96233, 51.81396], [0.92514, 51.80256], [0.88697, 51.78213], [0.8737, 51.74731], [0.8357, 51.73371], [0.79176, 51.74116], [0.7671, 51.73945], [0.69858, 51.72004], [0.74927, 51.70847], [0.76075, 51.69269], [0.78908, 51.71014], [0.85304, 51.7189], [0.88356, 51.72687], [0.91237, 51.74151], [0.93027, 51.74344], [0.94555, 51.7337], [0.93816, 51.70637], [0.95181, 51.67841], [0.938, 51.6645], [0.93471, 51.63587], [0.91147, 51.62385], [0.93849, 51.62499], [0.95181, 51.61701], [0.92448, 51.58833], [0.87303, 51.55937], [0.81625, 51.53718], [0.77157, 51.52833], [0.69207, 51.53632], [0.65056, 51.53579], [0.62337, 51.52205], [0.58229, 51.51655], [0.56886, 51.50838], [0.55275, 51.51797], [0.45606, 51.50556], [0.44166, 51.47704], [0.42848, 51.46711], [0.38453, 51.45311], [0.44842, 51.45995], [0.46954, 51.48039], [0.53484, 51.49167], [0.69483, 51.47703], [0.70964, 51.47035], [0.72314, 51.44671], [0.71314, 51.44124], [0.69239, 51.43953], [0.64096, 51.44416], [0.60938, 51.42513], [0.57276, 51.41958], [0.55454, 51.41218], [0.57651, 51.39362], [0.67188, 51.39105], [0.7129, 51.38422], [0.70039, 51.40982], [0.70535, 51.41949], [0.72641, 51.41901], [0.73927, 51.38793], [0.76441, 51.36441], [0.97722, 51.34919], [1.10093, 51.37322], [1.42383, 51.39206], [1.44823, 51.38287], [1.43536, 51.34349], [1.41862, 51.32967], [1.38299, 51.32978], [1.37762, 51.32624], [1.38063, 51.30476], [1.40428, 51.26138], [1.41308, 51.22175], [1.40478, 51.18354], [1.38443, 51.15169], [1.35718, 51.13102], [1.29038, 51.11652], [1.26294, 51.10327], [1.21811, 51.10098], [1.19173, 51.0825], [1.17221, 51.07739], [1.08717, 51.07298], [1.0276, 51.04165], [0.96648, 50.98273], [0.97981, 50.91816], [0.94516, 50.90938], [0.80226, 50.9392], [0.76246, 50.93089], [0.66439, 50.87031], [0.62455, 50.85881], [0.40748, 50.82933], [0.36525, 50.819], [0.34228, 50.79516], [0.30812, 50.78095], [0.271, 50.74739], [0.2336, 50.74704], [0.1683, 50.75983], [0.12209, 50.76082], [0.09555, 50.77505], [0.03421, 50.78102], [-0.17317, 50.82901], [-0.20612, 50.83104], [-0.23314, 50.82194], [-0.26968, 50.83129], [-0.39757, 50.80208], [-0.56896, 50.80207], [-0.73274, 50.76729], [-0.75821, 50.77709], [-0.76757, 50.77473], [-0.7731, 50.76602], [-0.76628, 50.74714], [-0.771, 50.73689], [-0.78995, 50.73006], [-0.81281, 50.73478], [-0.90437, 50.77207], [-0.91147, 50.77782], [-0.90586, 50.78802], [-0.86364, 50.80207], [-0.86364, 50.80825], [-0.90469, 50.82933], [-0.9217, 50.82161], [-0.92894, 50.82283], [-0.91902, 50.83617], [-0.9392, 50.84325], [-0.97077, 50.84699], [-1.02074, 50.84366], [-1.05624, 50.78304], [-1.08275, 50.78096], [-1.10302, 50.79548], [-1.06916, 50.84366], [-1.08731, 50.8498], [-1.1647, 50.84366], [-1.12378, 50.81879], [-1.12492, 50.78873], [-1.13806, 50.78096], [-1.15111, 50.78141], [-1.18561, 50.79243], [-1.19929, 50.80793], [-1.2552, 50.83194], [-1.30141, 50.84366], [-1.33894, 50.87271], [-1.46642, 50.91816], [-1.46642, 50.91193], [-1.42561, 50.90009], [-1.32333, 50.82594], [-1.31429, 50.81216], [-1.31731, 50.80025], [-1.41869, 50.7884], [-1.40496, 50.78097], [-1.40495, 50.77473], [-1.45051, 50.76936], [-1.48755, 50.75773], [-1.52473, 50.76105], [-1.56119, 50.71899], [-1.60212, 50.73176], [-1.69302, 50.73994], [-1.77172, 50.72013], [-1.85741, 50.72696], [-1.89635, 50.71629], [-1.94001, 50.69084], [-1.94929, 50.71332], [-1.9877, 50.72012], [-2.02196, 50.72012], [-2.03897, 50.73994], [-2.08267, 50.69896], [-2.05773, 50.70283], [-2.03563, 50.71331], [-2.00251, 50.6813], [-1.95282, 50.67658], [-1.94589, 50.66885], [-1.95295, 50.65184], [-1.93251, 50.64443], [-1.96728, 50.61709], [-1.96522, 50.60221], [-1.98372, 50.59664], [-2.06558, 50.59558], [-2.15734, 50.62051], [-2.34264, 50.63378], [-2.37707, 50.64753], [-2.39835, 50.64558], [-2.4359, 50.63752], [-2.46007, 50.60651], [-2.46565, 50.58515], [-2.45645, 50.57551], [-2.43124, 50.57025], [-2.43136, 50.55363], [-2.46281, 50.56815], [-2.48351, 50.5904], [-2.57249, 50.63403], [-2.628, 50.68519], [-2.67264, 50.74983], [-2.68715, 50.78373], [-2.70351, 50.85546], [-2.71318, 50.85831], [-2.84624, 50.85667], [-2.95526, 50.87044], [-3.05796, 50.89727], [-3.15045, 50.93616], [-3.19225, 50.96], [-3.26252, 51.01378], [-3.36635, 51.13158], [-3.4526, 51.21248], [-3.4342, 51.20977], [-3.40437, 51.19204], [-3.385, 51.18622], [-3.27074, 51.1894], [-3.16309, 51.2067], [-3.09675, 51.20454], [-3.05753, 51.20816], [-3.02929, 51.22039], [-3.02184, 51.21357], [-3.03555, 51.19929], [-3.02184, 51.19245], [-3.00479, 51.21312], [-2.99958, 51.23322], [-3.00815, 51.25454], [-3.01061, 51.31098], [-3.02181, 51.32281], [-3.00243, 51.31908], [-2.99218, 51.32193], [-2.98777, 51.34666], [-2.95958, 51.37425], [-2.97466, 51.38422], [-2.95295, 51.39849], [-2.92101, 51.39444], [-2.79857, 51.48261], [-2.71642, 51.49958], [-2.69616, 51.51264], [-2.60781, 51.60736], [-2.58043, 51.61864], [-2.55637, 51.65924], [-2.49918, 51.69676], [-2.46498, 51.72589], [-2.4049, 51.74116], [-2.38854, 51.75043], [-2.38077, 51.76191], [-2.38337, 51.77326], [-2.39806, 51.78213], [-2.40241, 51.76358], [-2.4204, 51.75312], [-2.48209, 51.74287], [-2.52212, 51.70637], [-2.5817, 51.68171], [-2.69352, 51.59635], [-2.71313, 51.58662], [-2.76049, 51.57978], [-2.8164, 51.55558], [-2.85872, 51.54614], [-2.94335, 51.54256], [-2.95628, 51.54573], [-2.97468, 51.56297], [-3.01571, 51.53165], [-3.10562, 51.49722], [-3.1317, 51.48041], [-3.14539, 51.45995], [-3.17272, 51.45311], [-3.16008, 51.43183], [-3.16716, 51.41047], [-3.18481, 51.39762], [-3.21886, 51.40278], [-3.28942, 51.38423], [-3.53917, 51.39852], [-3.55743, 51.40511], [-3.60473, 51.4457], [-3.6632, 51.47622], [-3.67699, 51.47704], [-3.69542, 51.47152], [-3.73735, 51.4907], [-3.74802, 51.50093], [-3.7494, 51.50535], [-3.74185, 51.50837], [-3.77013, 51.5633], [-3.78222, 51.57665], [-3.81734, 51.59697], [-3.81352, 51.64633], [-3.78863, 51.71438], [-3.74246, 51.77856], [-3.6768, 51.83596], [-3.59415, 51.88433], [-3.51333, 51.91637], [-3.45291, 51.88756], [-3.38862, 51.84596], [-3.37633, 51.84492], [-3.36674, 51.85096], [-3.39693, 52.02992], [-3.42315, 52.2488], [-3.43262, 52.4671], [-3.42043, 52.66935], [-3.28411, 52.88984], [-3.2909, 52.89797]]], [[[4.90609, 53.0917], [4.86523, 53.05021], [4.81813, 53.02676], [4.79565, 53.00032], [4.76197, 52.99434], [4.72683, 53.00309], [4.70771, 53.02847], [4.71405, 53.05488], [4.75849, 53.10846], [4.80567, 53.133], [4.85435, 53.18772], [4.88574, 53.1867], [4.89209, 53.17573], [4.88575, 53.1662], [4.91014, 53.13459], [4.9099, 53.11885], [4.89259, 53.11103], [4.89259, 53.1048], [4.91308, 53.1048], [4.90609, 53.0917]]], [[[5.03647, 53.29182], [4.91016, 53.21248], [4.87894, 53.2209], [4.92124, 53.25372], [4.98651, 53.28997], [5.05446, 53.31378], [5.10481, 53.30963], [5.10481, 53.30281], [5.07814, 53.3028], [5.03647, 53.29182]]], [[[5.1789, 53.38544], [5.25018, 53.40643], [5.40724, 53.42255], [5.43703, 53.43646], [5.58526, 53.45358], [5.56166, 53.43424], [5.5337, 53.42838], [5.47543, 53.42695], [5.48168, 53.41267], [5.46859, 53.40853], [5.42701, 53.40644], [5.20834, 53.3527], [5.17987, 53.35311], [5.16768, 53.36823], [5.1789, 53.38544]]], [[[5.91382, 53.47385], [5.95456, 53.46109], [5.85564, 53.44743], [5.75278, 53.44741], [5.67896, 53.43013], [5.65359, 53.43375], [5.6361, 53.44868], [5.64196, 53.46336], [5.65921, 53.47178], [5.674, 53.46792], [5.91382, 53.47385]]], [[[6.15317, 53.46882], [6.13331, 53.45362], [6.12715, 53.46308], [6.13331, 53.46792], [6.12283, 53.48163], [6.14797, 53.49485], [6.18571, 53.50492], [6.31043, 53.51413], [6.33872, 53.50864], [6.3387, 53.50203], [6.15317, 53.46882]]], [[[6.5857, 53.53336], [6.57051, 53.53812], [6.58397, 53.54808], [6.60602, 53.54775], [6.5857, 53.53336]]], [[[6.51004, 53.54361], [6.49609, 53.53627], [6.46032, 53.5435], [6.44306, 53.55], [6.44119, 53.55662], [6.45509, 53.55808], [6.51004, 53.54361]]], [[[6.74733, 53.61834], [6.78467, 53.62005], [6.79808, 53.60445], [6.72242, 53.59077], [6.72242, 53.58462], [6.74218, 53.57835], [6.75649, 53.56291], [6.72608, 53.57714], [6.69508, 53.57031], [6.67711, 53.57564], [6.66336, 53.58735], [6.65954, 53.5991], [6.74733, 53.61834]]], [[[6.92178, 53.64195], [6.89372, 53.62321], [6.86599, 53.63378], [6.867, 53.64736], [6.89519, 53.65142], [6.92178, 53.64195]]], [[[6.87387, 53.67277], [6.91082, 53.68365], [7.04744, 53.69409], [7.08539, 53.687], [6.87387, 53.67277]]], [[[7.23257, 53.7294], [7.34619, 53.72796], [7.34669, 53.72323], [7.29574, 53.71101], [7.17397, 53.70143], [7.13319, 53.70808], [7.17897, 53.72406], [7.23257, 53.7294]]], [[[8.17172, 53.72557], [8.15089, 53.71431], [8.13071, 53.71845], [8.12014, 53.71432], [8.13267, 53.73403], [8.15271, 53.73913], [8.17481, 53.737], [8.19593, 53.72798], [8.17172, 53.72557]]], [[[7.43237, 53.72407], [7.42124, 53.72115], [7.3666, 53.72798], [7.38307, 53.73484], [7.4102, 53.73584], [7.43554, 53.72797], [7.43237, 53.72407]]], [[[7.62719, 53.75093], [7.5477, 53.75043], [7.51393, 53.74551], [7.51123, 53.72798], [7.48195, 53.72713], [7.47301, 53.73188], [7.46959, 53.74535], [7.47463, 53.75682], [7.487, 53.76141], [7.60661, 53.76259], [7.6267, 53.75527], [7.62719, 53.75093]]], [[[7.81282, 53.77636], [7.7986, 53.77635], [7.74821, 53.76095], [7.7195, 53.75992], [7.695, 53.76952], [7.67709, 53.75781], [7.66092, 53.76211], [7.6863, 53.78098], [7.72793, 53.78652], [7.81282, 53.78314], [7.81282, 53.77636]]], [[[7.9555, 53.78292], [7.87526, 53.7884], [7.87378, 53.77637], [7.85452, 53.78458], [7.85891, 53.79091], [7.91407, 53.79534], [7.9555, 53.78292]]], [[[8.6623, 54.07298], [8.68196, 54.08042], [8.68295, 54.06611], [8.69222, 54.05984], [8.68612, 54.04224], [8.67345, 54.04471], [8.65954, 54.0596], [8.6623, 54.07298]]], [[[7.90414, 54.18043], [7.89919, 54.17818], [7.87993, 54.19391], [7.89453, 54.19464], [7.90414, 54.18043]]], [[[8.66976, 54.50191], [8.64128, 54.49239], [8.61853, 54.49277], [8.5959, 54.51366], [8.60208, 54.52976], [8.63484, 54.54271], [8.69889, 54.55857], [8.69287, 54.52326], [8.66976, 54.50191]]], [[[8.33237, 54.69379], [8.38234, 54.63915], [8.40135, 54.63296], [8.35369, 54.61898], [8.33027, 54.63142], [8.29154, 54.66706], [8.3384, 54.71014], [8.36035, 54.71482], [8.36043, 54.70985], [8.33237, 54.69379]]], [[[8.55323, 54.75445], [8.57592, 54.7464], [8.59374, 54.72167], [8.56576, 54.68757], [8.53517, 54.68619], [8.51124, 54.69379], [8.48485, 54.68812], [8.45282, 54.69384], [8.39457, 54.71483], [8.41425, 54.73578], [8.43713, 54.74856], [8.49813, 54.7564], [8.55323, 54.75445]]], [[[8.40235, 55.04877], [8.39454, 55.04385], [8.42221, 55.04218], [8.43041, 55.03001], [8.42154, 55.01627], [8.38087, 55.00308], [8.36199, 54.9868], [8.35157, 54.96674], [8.36035, 54.94819], [8.3545, 54.91275], [8.38836, 54.89423], [8.43653, 54.88727], [8.65447, 54.89362], [8.6294, 54.88216], [8.5044, 54.88618], [8.44569, 54.86628], [8.37713, 54.86629], [8.36199, 54.87694], [8.34392, 54.8791], [8.30201, 54.86262], [8.29493, 54.83153], [8.29579, 54.75938], [8.28444, 54.74239], [8.27703, 54.7826], [8.28868, 54.89151], [8.37373, 55.03497], [8.41579, 55.06532], [8.46333, 55.05069], [8.40235, 55.04877]]], [[[8.41196, 55.43871], [8.434, 55.43407], [8.4489, 55.43552], [8.46337, 55.42743], [8.45021, 55.39338], [8.47638, 55.34545], [8.45168, 55.33976], [8.42532, 55.35554], [8.4026, 55.37977], [8.37107, 55.42724], [8.36429, 55.44904], [8.37438, 55.46327], [8.40821, 55.46841], [8.41196, 55.43871]]], [[[8.22722, 58.16315], [8.22313, 58.13484], [8.20192, 58.12301], [8.1727, 58.14614], [8.15797, 58.14448], [8.12289, 58.10205], [8.06541, 58.11041], [8.04684, 58.11712], [8.02459, 58.14106], [8.05348, 58.14818], [8.07985, 58.16209], [8.06009, 58.1774], [8.02955, 58.22484], [8.00408, 58.22305], [8.02215, 58.20283], [8.0276, 58.18317], [8.02228, 58.16377], [8.0075, 58.14448], [7.95362, 58.1247], [7.93409, 58.10944], [7.95628, 58.09325], [7.91578, 58.08186], [7.75522, 58.07001], [7.69598, 58.05855], [7.66391, 58.06729], [7.65358, 58.06464], [7.66087, 58.04549], [7.64275, 58.04584], [7.62672, 58.05231], [7.62922, 58.03124], [7.61475, 58.02213], [7.59409, 58.02635], [7.57887, 58.04548], [7.57885, 58.01753], [7.39026, 58.01758], [7.2676, 58.03597], [7.25345, 58.04365], [7.24985, 58.05854], [7.19044, 58.04198], [7.17499, 58.03122], [7.16635, 58.04609], [7.15553, 58.05028], [7.08277, 58.03685], [7.076, 58.00654], [7.00661, 57.99316], [6.99727, 57.99714], [7.00359, 58.01138], [6.99938, 58.0307], [7.08774, 58.07062], [7.11622, 58.05854], [7.14747, 58.10008], [7.06471, 58.07811], [7.03492, 58.06232], [6.95875, 58.04512], [6.93535, 58.04549], [6.9961, 58.10008], [6.98032, 58.10537], [6.9006, 58.05235], [6.91212, 58.07502], [6.90797, 58.10008], [6.86638, 58.07959], [6.83222, 58.08431], [6.80424, 58.10008], [6.87078, 58.11921], [6.94996, 58.12092], [6.97478, 58.12678], [6.98927, 58.14106], [6.90414, 58.13105], [6.87384, 58.13483], [6.80152, 58.17935], [6.7776, 58.18203], [6.81282, 58.12824], [6.80795, 58.12055], [6.75734, 58.11637], [6.73146, 58.11986], [6.71559, 58.13483], [6.72731, 58.14521], [6.72242, 58.18944], [6.68824, 58.12055], [6.70338, 58.12043], [6.72242, 58.10008], [6.78319, 58.06981], [6.78254, 58.06534], [6.76429, 58.05867], [6.72267, 58.06599], [6.61851, 58.06832], [6.59589, 58.07588], [6.54228, 58.10749], [6.53056, 58.12054], [6.5503, 58.12287], [6.56813, 58.13178], [6.59703, 58.17649], [6.67457, 58.18203], [6.65408, 58.18944], [6.67516, 58.20697], [6.72527, 58.22162], [6.76588, 58.24628], [6.84596, 58.27139], [6.82846, 58.27473], [6.80299, 58.27045], [6.75685, 58.25434], [6.6985, 58.22456], [6.68143, 58.22305], [6.63364, 58.27485], [6.64015, 58.29377], [6.65626, 58.3028], [6.67644, 58.30218], [6.69508, 58.2919], [6.70875, 58.31297], [6.68727, 58.32734], [6.64091, 58.31636], [6.61996, 58.31916], [6.62618, 58.24469], [6.56235, 58.24311], [6.49928, 58.26289], [6.40063, 58.27224], [6.34753, 58.28586], [6.29014, 58.30931], [6.55508, 58.36211], [6.66646, 58.37407], [7.03985, 58.39389], [7.3536, 58.39043], [7.63409, 58.37458], [7.93443, 58.34556], [8.21804, 58.30299], [8.40642, 58.26997], [8.40056, 58.26582], [8.40624, 58.24422], [8.35353, 58.2447], [8.29525, 58.21272], [8.24366, 58.20311], [8.27172, 58.19627], [8.24886, 58.17134], [8.22722, 58.16315]]], [[[6.55925, 58.22793], [6.56039, 58.21707], [6.55182, 58.21136], [6.53469, 58.21504], [6.51989, 58.24201], [6.61297, 58.23623], [6.63182, 58.22061], [6.62241, 58.19629], [6.61411, 58.20205], [6.58937, 58.20101], [6.55925, 58.22793]]], [[[0.76092, 49.87507], [1.17262, 49.961], [1.19696, 49.97357], [1.2212, 49.97899], [1.261, 50.00751], [1.39129, 50.07518], [1.46453, 50.13215], [1.48684, 50.18504], [1.52102, 50.21466], [1.55535, 50.21771], [1.65431, 50.18659], [1.67254, 50.19253], [1.67254, 50.19937], [1.65528, 50.20051], [1.64456, 50.21239], [1.66505, 50.21239], [1.66505, 50.21979], [1.62526, 50.22444], [1.61005, 50.23225], [1.59392, 50.25629], [1.55113, 50.26969], [1.54153, 50.2779], [1.55169, 50.34928], [1.57204, 50.37567], [1.61036, 50.37067], [1.61036, 50.3769], [1.5552, 50.40478], [1.5735, 50.44538], [1.57929, 50.53314], [1.61036, 50.54816], [1.58336, 50.5747], [1.57797, 50.58841], [1.56269, 50.69896], [1.60564, 50.79002], [1.5806, 50.8688], [1.60512, 50.88113], [1.65333, 50.88911], [1.72984, 50.9439], [1.92106, 50.99668], [1.9393, 50.99445], [1.97349, 51.00714], [2.13404, 51.01997], [2.31649, 51.05907], [2.38445, 51.05532], [2.46608, 51.06879], [2.54201, 51.09686], [2.57993, 51.1048], [2.71602, 51.16963], [2.92359, 51.24649], [3.12485, 51.32965], [3.51092, 51.40794], [3.52573, 51.41559], [3.54135, 51.41672], [3.60467, 51.39106], [3.70215, 51.37359], [3.73422, 51.35578], [3.75554, 51.35008], [3.79591, 51.35007], [3.83399, 51.34325], [3.85817, 51.34544], [3.95582, 51.37177], [3.96925, 51.38166], [3.97464, 51.40159], [3.98415, 51.41046], [4.02936, 51.40408], [4.04345, 51.3985], [4.07016, 51.37055], [4.10547, 51.36611], [4.12192, 51.35936], [4.1565, 51.35757], [4.18003, 51.37742], [4.19955, 51.37603], [4.24106, 51.35659], [4.25611, 51.32844], [4.30299, 51.29609], [4.30812, 51.28364], [4.29672, 51.26756], [4.30836, 51.27123], [4.33082, 51.29609], [4.28932, 51.30915], [4.28305, 51.35008], [4.25697, 51.37269], [4.24899, 51.38442], [4.24488, 51.4145], [4.23471, 51.41901], [4.22298, 51.4095], [4.20102, 51.40535], [4.1111, 51.40698], [4.07017, 51.41902], [4.01515, 51.44892], [3.95704, 51.4558], [3.94313, 51.45038], [3.9021, 51.40494], [3.82716, 51.39107], [3.78907, 51.41218], [3.72878, 51.43082], [3.68971, 51.45429], [3.674, 51.45539], [3.63258, 51.44572], [3.61004, 51.44506], [3.53542, 51.45922], [3.4948, 51.50092], [3.46174, 51.51917], [3.45104, 51.52974], [3.44705, 51.54596], [3.45754, 51.55507], [3.5604, 51.59462], [3.82857, 51.61272], [3.85074, 51.61082], [3.88216, 51.59609], [3.90575, 51.56925], [3.87159, 51.55557], [3.87159, 51.54938], [3.96729, 51.54311], [4.01587, 51.53082], [4.05713, 51.50836], [4.09002, 51.45824], [4.10483, 51.4457], [4.12875, 51.44135], [4.18083, 51.44586], [4.20045, 51.43952], [4.28321, 51.4477], [4.29672, 51.47053], [4.28859, 51.49213], [4.26775, 51.50829], [4.23976, 51.5185], [4.19468, 51.5236], [4.15333, 51.53506], [4.09132, 51.53507], [4.06695, 51.54418], [3.98816, 51.59027], [4.06811, 51.61065], [4.15724, 51.6079], [4.18336, 51.60293], [4.20729, 51.59028], [4.20265, 51.60912], [4.18995, 51.61668], [4.136, 51.62043], [4.11802, 51.63069], [4.11294, 51.63947], [4.11264, 51.6708], [4.14256, 51.68406], [4.17693, 51.68586], [4.14112, 51.70393], [4.07155, 51.7172], [4.05716, 51.7303], [4.05079, 51.7635], [4.03395, 51.78425], [3.98146, 51.81], [3.96228, 51.80116], [3.87194, 51.78827], [3.86233, 51.81606], [3.89138, 51.82826], [3.95411, 51.84016], [3.96267, 51.84735], [4.01531, 51.84362], [4.04762, 51.83369], [4.07765, 51.84357], [4.032, 51.88224], [4.03201, 51.89606], [4.04347, 51.90868], [4.01004, 51.98013], [4.01543, 51.98742], [4.02248, 51.99436], [4.06902, 51.98794], [4.10768, 51.99189], [4.14186, 52.0056], [4.28468, 52.11294], [4.40691, 52.22346], [4.50815, 52.33637], [4.56861, 52.44526], [4.57734, 52.48094], [4.59693, 52.50658], [4.6394, 52.70085], [4.66946, 52.79657], [4.71168, 52.8631], [4.73391, 52.95889], [4.74546, 52.96759], [4.80698, 52.96182], [4.8169, 52.96758], [4.82437, 52.96015], [4.80942, 52.92959], [4.83277, 52.91132], [4.87379, 52.90396], [4.9131, 52.90559], [4.97829, 52.93569], [5.03891, 52.94351], [5.07814, 52.95401], [5.31249, 53.0827], [5.3589, 53.08934], [5.37924, 53.09736], [5.39975, 53.12206], [5.42697, 53.19002], [5.44746, 53.22089], [5.50395, 53.25687], [5.54103, 53.26659], [5.59157, 53.30279], [5.65968, 53.31196], [5.6946, 53.33005], [5.85475, 53.3688], [5.89081, 53.38425], [5.91375, 53.3854], [5.98081, 53.40606], [6.27393, 53.41266], [6.31153, 53.39899], [6.34556, 53.41266], [6.49393, 53.43863], [6.73023, 53.46063], [6.82911, 53.45058], [6.84977, 53.44488], [6.86685, 53.43427], [6.90056, 53.35179], [6.93001, 53.34007], [6.94858, 53.32608], [7.02003, 53.30614], [7.03777, 53.30963], [7.05828, 53.30195], [7.08544, 53.30963], [7.08544, 53.30281], [7.0735, 53.29564], [7.08074, 53.26679], [7.1111, 53.25633], [7.19459, 53.24502], [7.21583, 53.2556], [7.23357, 53.27363], [7.23699, 53.28555], [7.22952, 53.29657], [7.25477, 53.31954], [7.29152, 53.32392], [7.36655, 53.3028], [7.34254, 53.32404], [7.30291, 53.33275], [7.07521, 53.3376], [7.03827, 53.34859], [7.02363, 53.37641], [7.0233, 53.45051], [7.05146, 53.5126], [7.05975, 53.5217], [7.11964, 53.5163], [7.14177, 53.53718], [7.13998, 53.54979], [7.13111, 53.55695], [7.08889, 53.57372], [7.08678, 53.58686], [7.10094, 53.59788], [7.13315, 53.61127], [7.2261, 53.66648], [7.30503, 53.68479], [7.45883, 53.69512], [7.48023, 53.68203], [7.50392, 53.67866], [7.65162, 53.69699], [7.95143, 53.7219], [8.03141, 53.70807], [8.02491, 53.67255], [8.05291, 53.6363], [8.09409, 53.60472], [8.1276, 53.59076], [8.11915, 53.57193], [8.15674, 53.56366], [8.16796, 53.55321], [8.16487, 53.53523], [8.15516, 53.5259], [8.11573, 53.51074], [8.07634, 53.50861], [8.05877, 53.50202], [8.08619, 53.45612], [8.09978, 53.44741], [8.12387, 53.454], [8.15234, 53.44977], [8.18668, 53.4295], [8.20533, 53.41071], [8.2365, 53.40672], [8.25945, 53.4123], [8.29282, 53.4405], [8.31512, 53.47492], [8.32049, 53.50922], [8.29152, 53.52936], [8.25221, 53.52311], [8.23123, 53.52522], [8.24889, 53.59027], [8.27069, 53.61285], [8.32969, 53.61802], [8.34847, 53.61285], [8.38771, 53.57714], [8.42807, 53.56476], [8.51343, 53.55475], [8.55209, 53.54361], [8.55209, 53.5362], [8.5062, 53.50796], [8.49, 53.4864], [8.48504, 53.40119], [8.4909, 53.37645], [8.5044, 53.35806], [8.49757, 53.47476], [8.51287, 53.49649], [8.55665, 53.51822], [8.56577, 53.5467], [8.50846, 53.6249], [8.4871, 53.66694], [8.48611, 53.70042], [8.57327, 53.85765], [8.60712, 53.88153], [8.65187, 53.89247], [8.68457, 53.88848], [8.74464, 53.85415], [8.78248, 53.84248], [8.86069, 53.831], [8.90357, 53.83173], [8.97625, 53.84242], [9.01629, 53.84052], [9.03502, 53.85357], [9.11452, 53.86513], [9.19361, 53.86469], [9.2107, 53.87196], [9.22429, 53.86591], [9.27467, 53.86514], [9.30535, 53.84455], [9.40268, 53.74242], [9.48469, 53.69009], [9.49838, 53.65986], [9.56707, 53.5996], [9.60092, 53.58633], [9.63722, 53.581], [9.69663, 53.55663], [9.81902, 53.54035], [9.83204, 53.54361], [9.81959, 53.55663], [9.78207, 53.56973], [9.69239, 53.57591], [9.65577, 53.58462], [9.58367, 53.61245], [9.55079, 53.63459], [9.53224, 53.71117], [9.46023, 53.73543], [9.43582, 53.74869], [9.41237, 53.77892], [9.39668, 53.81102], [9.39519, 53.831], [9.35875, 53.83956], [9.29558, 53.87189], [9.25782, 53.88557], [9.22047, 53.89077], [9.09344, 53.89249], [9.02996, 53.90713], [9.00782, 53.8925], [8.98503, 53.89696], [8.94949, 53.91292], [8.91605, 53.93741], [8.83337, 54.03644], [8.87184, 54.04693], [8.89063, 54.04779], [8.97535, 54.02408], [8.99724, 54.03022], [9.01303, 54.06098], [9.01832, 54.09789], [8.97448, 54.12808], [8.97731, 54.1457], [8.95289, 54.15009], [8.91798, 54.14631], [8.8607, 54.1252], [8.81285, 54.18049], [8.84669, 54.23355], [8.83963, 54.25556], [8.92205, 54.27424], [8.96314, 54.31761], [8.94028, 54.31501], [8.90259, 54.29585], [8.88114, 54.29029], [8.88795, 54.30394], [8.77504, 54.2903], [8.73894, 54.29389], [8.67848, 54.2692], [8.65188, 54.27486], [8.62369, 54.28994], [8.60273, 54.31208], [8.59988, 54.33808], [8.61403, 54.34837], [8.64137, 54.35566], [8.69557, 54.35859], [8.69557, 54.36542], [8.65064, 54.378], [8.63479, 54.36543], [8.62625, 54.37641], [8.6291, 54.38744], [8.64845, 54.40639], [8.66977, 54.40082], [8.75083, 54.4138], [8.86069, 54.4138], [8.88608, 54.41779], [8.94948, 54.44733], [9.00473, 54.46589], [9.01157, 54.50633], [8.9861, 54.52928], [8.90448, 54.58064], [8.87875, 54.60651], [8.85816, 54.60615], [8.82586, 54.59815], [8.81904, 54.60561], [8.85328, 54.61929], [8.80543, 54.68757], [8.72267, 54.72553], [8.68875, 54.7353], [8.69435, 54.76024], [8.64847, 54.81786], [8.64278, 54.84418], [8.66879, 54.91352], [8.66141, 54.92032], [8.67482, 54.94794], [8.64098, 55.02338], [8.64476, 55.05553], [8.68189, 55.1332], [8.56365, 55.14338], [8.55737, 55.09638], [8.49936, 55.06559], [8.48391, 55.06762], [8.47024, 55.0786], [8.45893, 55.10325], [8.47025, 55.17755], [8.48896, 55.19716], [8.53094, 55.20068], [8.57259, 55.19366], [8.59373, 55.18098], [8.56951, 55.17377], [8.55209, 55.16055], [8.55519, 55.14936], [8.66928, 55.13691], [8.68946, 55.14159], [8.65598, 55.23734], [8.64849, 55.28004], [8.65968, 55.32722], [8.63209, 55.41877], [8.61769, 55.43793], [8.59254, 55.44929], [8.55665, 55.45429], [8.49, 55.45532], [8.44191, 55.46394], [8.40115, 55.48567], [8.3106, 55.56252], [8.31124, 55.56977], [8.33237, 55.57201], [8.33237, 55.57827], [8.31316, 55.58271], [8.26783, 55.58051], [8.2505, 55.57201], [8.23902, 55.55793], [8.24204, 55.54853], [8.2717, 55.53047], [8.25636, 55.5268], [8.24366, 55.51679], [8.26678, 55.51439], [8.29365, 55.50445], [8.31647, 55.48958], [8.32616, 55.47212], [8.31333, 55.46932], [8.19361, 55.52595], [8.1692, 55.53408], [8.11062, 55.54024], [8.09525, 55.54906], [8.09403, 55.56391], [8.15024, 55.64924], [8.18165, 55.72907], [8.18336, 55.7696], [8.12778, 55.98762], [8.13673, 55.98859], [8.15054, 55.97703], [8.17547, 55.90034], [8.19334, 55.87384], [8.19368, 55.85349], [8.18165, 55.82836], [8.18507, 55.81464], [8.19361, 55.81184], [8.34783, 55.86933], [8.38771, 55.89289], [8.39332, 55.90917], [8.3729, 55.94343], [8.31953, 55.98603], [8.31951, 56.01704], [8.30812, 56.05292], [8.2824, 56.07587], [8.24773, 56.08983], [8.17058, 56.10956], [8.14967, 56.11115], [8.14064, 56.10273], [8.13478, 55.99396], [8.12014, 55.99658], [8.11589, 56.00206], [8.1079, 56.02463], [8.1034, 56.09712], [8.1338, 56.20547], [8.12242, 56.55166], [8.17859, 56.67182], [8.21388, 56.7118], [8.23316, 56.69546], [8.23246, 56.68861], [8.20216, 56.6402], [8.23315, 56.63397], [8.25392, 56.60611], [8.30588, 56.59781], [8.29151, 56.593], [8.29835, 56.5583], [8.30738, 56.55435], [8.3152, 56.55687], [8.31202, 56.5788], [8.34352, 56.58453], [8.3921, 56.58526], [8.43652, 56.58022], [8.51466, 56.54466], [8.52849, 56.54816], [8.5596, 56.5788], [8.56572, 56.5788], [8.59602, 56.5318], [8.59457, 56.51048], [8.60109, 56.50112], [8.63697, 56.47972], [8.66554, 56.4759], [8.72657, 56.48322], [8.74203, 56.49775], [8.75075, 56.55181], [8.76254, 56.56338], [8.75758, 56.57197], [8.70901, 56.58858], [8.6985, 56.61123], [8.68151, 56.61628], [8.68192, 56.62653], [8.69517, 56.63324], [8.7409, 56.63496], [8.80578, 56.69558], [8.86158, 56.70747], [8.91676, 56.70881], [8.89479, 56.71597], [8.85109, 56.71678], [8.84085, 56.72236], [8.85011, 56.74018], [8.87658, 56.76427], [8.95575, 56.80296], [8.97473, 56.80532], [9.0149, 56.79784], [9.02662, 56.79963], [9.04559, 56.81219], [9.06316, 56.81256], [9.10595, 56.80011], [9.12045, 56.76459], [9.16263, 56.72984], [9.17604, 56.70856], [9.1482, 56.70474], [9.11881, 56.67879], [9.09343, 56.67499], [9.09749, 56.65843], [9.05934, 56.63398], [9.04884, 56.60716], [9.06056, 56.56574], [9.077, 56.56737], [9.09343, 56.57807], [9.1068, 56.61078], [9.15545, 56.61294], [9.14112, 56.62604], [9.12138, 56.62036], [9.14863, 56.66131], [9.15542, 56.66131], [9.14942, 56.63886], [9.17555, 56.63544], [9.21119, 56.63885], [9.24724, 56.63202], [9.2762, 56.63295], [9.28533, 56.62035], [9.2824, 56.61054], [9.25034, 56.5788], [9.26122, 56.57635], [9.27084, 56.5583], [9.30564, 56.54467], [9.31642, 56.53083], [9.32618, 56.53034], [9.34668, 56.55206], [9.36085, 56.54475], [9.37306, 56.55272], [9.37273, 56.56538], [9.35035, 56.57197], [9.31284, 56.55777], [9.29371, 56.56102], [9.30063, 56.60912], [9.32602, 56.66942], [9.30568, 56.69546], [9.2907, 56.70384], [9.27084, 56.70234], [9.23064, 56.69208], [9.19865, 56.67657], [9.17792, 56.67586], [9.16914, 56.68867], [9.18035, 56.70075], [9.22641, 56.71625], [9.24252, 56.74706], [9.24049, 56.75397], [9.20498, 56.76402], [9.17863, 56.79442], [9.17605, 56.81842], [9.21144, 56.85151], [9.2059, 56.87458], [9.16287, 56.89411], [9.18135, 56.91891], [9.22048, 56.95506], [9.25149, 56.97255], [9.27996, 56.9798], [9.28875, 56.99714], [9.43702, 57.0244], [9.47006, 57.02382], [9.58674, 56.99713], [9.58674, 56.9897], [9.57399, 56.98501], [9.57309, 56.97883], [9.59425, 56.96918], [9.60792, 56.96988], [9.68899, 57.03912], [9.76124, 57.05857], [9.80909, 57.05174], [9.91578, 57.05858], [9.85662, 57.08869], [9.80641, 57.10423], [9.78761, 57.10395], [9.73325, 57.0668], [9.71195, 57.06127], [9.67514, 57.07917], [9.6561, 57.07636], [9.6211, 57.05859], [9.58082, 57.04931], [9.49399, 57.04857], [9.2648, 57.00339], [9.24538, 57.00236], [9.22642, 57.00703], [9.11451, 57.05858], [9.12086, 57.0454], [9.11279, 57.03865], [9.04306, 57.01784], [9.02575, 57.01757], [9.03199, 57.02383], [9.01401, 57.03018], [8.99676, 57.02806], [8.96314, 57.01021], [8.94695, 57.01118], [8.90165, 56.98628], [8.89308, 56.99966], [8.87322, 57.00483], [8.85043, 57.00348], [8.83334, 56.99714], [8.84797, 56.98847], [8.81138, 56.96978], [8.76205, 56.95548], [8.72641, 56.96125], [8.67954, 56.95254], [8.66879, 56.9453], [8.66332, 56.92593], [8.6211, 56.89411], [8.60792, 56.84968], [8.56956, 56.81843], [8.53631, 56.81452], [8.52432, 56.80479], [8.49138, 56.79426], [8.4839, 56.78116], [8.49147, 56.73147], [8.47641, 56.72215], [8.47641, 56.71597], [8.52555, 56.71596], [8.53303, 56.7038], [8.52703, 56.6953], [8.50099, 56.68867], [8.45289, 56.70234], [8.40821, 56.68867], [8.40821, 56.68122], [8.4559, 56.68867], [8.50099, 56.67499], [8.57154, 56.69195], [8.58626, 56.68866], [8.58627, 56.65388], [8.60806, 56.63105], [8.58301, 56.60933], [8.54664, 56.60171], [8.55955, 56.593], [8.53932, 56.59277], [8.5115, 56.60701], [8.48683, 56.62549], [8.4673, 56.65205], [8.44483, 56.66405], [8.37307, 56.68043], [8.31971, 56.72195], [8.30201, 56.76374], [8.26026, 56.77668], [8.24366, 56.77741], [8.26317, 56.71894], [8.26073, 56.7054], [8.24586, 56.70401], [8.23619, 56.77119], [8.24792, 56.81244], [8.27037, 56.84324], [8.44949, 57.00377], [8.50359, 57.03465], [8.58629, 57.10639], [8.61802, 57.12286], [8.65381, 57.12249], [8.73715, 57.10639], [8.78395, 57.1048], [8.87436, 57.11612], [8.91456, 57.12743], [8.96259, 57.15655], [8.98048, 57.16103], [9.23064, 57.1411], [9.32154, 57.14704], [9.41212, 57.16543], [9.49781, 57.19701], [9.57325, 57.24291], [9.78864, 57.45947], [9.82681, 57.49017], [9.89536, 57.53156], [9.92988, 57.56744], [9.96698, 57.59137], [10.01539, 57.59662], [10.10768, 57.59296], [10.1976, 57.60122], [10.27955, 57.62092], [10.3506, 57.64899], [10.47251, 57.71698], [10.53943, 57.74392], [10.59604, 57.75115], [10.625, 57.7475], [10.6489, 57.73701], [10.59441, 57.7259], [10.54249, 57.69892], [10.46046, 57.63056], [10.43043, 57.57054], [10.45834, 57.52546], [10.50895, 57.48403], [10.54654, 57.43529], [10.51743, 57.3913], [10.51791, 57.33918], [10.53905, 57.23672], [10.52197, 57.22175], [10.47088, 57.20116], [10.44679, 57.18488], [10.41147, 57.14444], [10.39552, 57.11726], [10.3839, 57.07392], [10.34716, 57.0102], [10.31967, 56.9975], [10.27247, 56.99787], [10.23976, 56.99282], [10.15602, 57.02383], [10.094, 57.06049], [10.05274, 57.06973], [10.01938, 57.08845], [9.99464, 57.09272], [9.97446, 57.08649], [9.94614, 57.06118], [9.92693, 57.05858], [9.94549, 57.05732], [9.96656, 57.07221], [10.00196, 57.08389], [10.02263, 57.07909], [10.12127, 57.02212], [10.15398, 57.01325], [10.19239, 56.99405], [10.21437, 56.98969], [10.2951, 56.98859], [10.31371, 56.98286], [10.27955, 56.95551], [10.26588, 56.9077], [10.29542, 56.77888], [10.32, 56.73648], [10.34057, 56.71736], [10.3187, 56.70824], [10.28256, 56.71597], [10.23756, 56.71597], [10.20387, 56.70234], [10.16814, 56.72004], [10.1465, 56.72236], [10.09896, 56.70613], [10.05836, 56.69823], [10.02752, 56.68427], [9.9909, 56.67695], [9.94557, 56.65815], [9.80592, 56.64704], [9.80592, 56.6402], [9.85133, 56.63573], [10.00148, 56.66132], [10.04957, 56.67499], [10.06284, 56.68867], [10.09059, 56.68122], [10.10133, 56.68268], [10.12379, 56.69233], [10.13478, 56.71239], [10.15056, 56.71442], [10.18336, 56.70856], [10.17579, 56.69546], [10.24195, 56.68838], [10.28354, 56.68976], [10.33421, 56.70384], [10.35278, 56.68183], [10.35764, 56.64898], [10.34047, 56.62056], [10.27296, 56.5917], [10.21437, 56.5583], [10.20387, 56.51667], [10.21144, 56.50532], [10.2068, 56.49095], [10.18336, 56.46955], [10.21412, 56.47044], [10.2256, 56.47573], [10.22755, 56.54108], [10.23764, 56.55439], [10.27955, 56.57197], [10.31267, 56.59662], [10.33033, 56.60322], [10.35091, 56.59589], [10.36524, 56.55842], [10.4699, 56.5209], [10.55152, 56.51557], [10.78871, 56.53633], [10.82227, 56.53424], [10.86961, 56.51489], [10.90211, 56.48322], [10.9641, 56.44843], [10.9641, 56.44221], [10.94093, 56.42951], [10.92848, 56.40648], [10.9226, 56.35627], [10.91161, 56.33406], [10.81958, 56.26094], [10.77296, 56.24299], [10.75538, 56.22932], [10.7526, 56.18496], [10.7386, 56.15454], [10.70705, 56.15088], [10.67223, 56.1652], [10.64897, 56.18837], [10.67465, 56.19082], [10.68523, 56.19623], [10.68767, 56.22224], [10.62859, 56.23754], [10.54916, 56.17821], [10.57372, 56.11262], [10.54802, 56.10128], [10.51858, 56.10274], [10.49124, 56.13996], [10.5254, 56.15363], [10.51824, 56.16478], [10.50945, 56.17011], [10.46811, 56.17707], [10.40871, 56.16487], [10.3547, 56.20205], [10.37696, 56.20332], [10.42921, 56.22247], [10.47779, 56.20234], [10.49122, 56.2163], [10.47431, 56.23225], [10.47545, 56.24469], [10.50473, 56.27778], [10.47683, 56.28092], [10.44264, 56.29865], [10.41676, 56.29191], [10.403, 56.29824], [10.39379, 56.27652], [10.36378, 56.26557], [10.33664, 56.23253], [10.31249, 56.21516], [10.25847, 56.19025], [10.23422, 56.17133], [10.22022, 56.1479], [10.25903, 56.09902], [10.26562, 56.07372], [10.26147, 56.05443], [10.23113, 56.01703], [10.2727, 56.02484], [10.2775, 56.01777], [10.25245, 55.98623], [10.24547, 55.91483], [10.21753, 55.88985], [10.18336, 55.87373], [10.19937, 55.85074], [10.18233, 55.83386], [10.17234, 55.83154], [10.15106, 55.83813], [10.12379, 55.87328], [10.10182, 55.88239], [10.00465, 55.87987], [9.99171, 55.87735], [9.97046, 55.85945], [9.94484, 55.85366], [9.89178, 55.85537], [9.86744, 55.852], [9.89259, 55.83625], [10.03531, 55.81847], [10.04573, 55.81395], [10.01734, 55.76557], [10.01979, 55.75788], [10.05981, 55.7564], [10.05981, 55.7495], [10.01881, 55.73627], [10.00685, 55.72504], [10.01822, 55.70857], [10.00522, 55.70113], [9.9817, 55.70942], [9.87184, 55.69123], [9.82178, 55.67598], [9.79225, 55.67447], [9.73098, 55.68814], [9.68653, 55.70856], [9.58302, 55.70889], [9.55958, 55.7154], [9.55275, 55.70112], [9.57358, 55.69546], [9.64552, 55.69489], [9.65853, 55.69037], [9.71028, 55.66014], [9.73829, 55.62971], [9.85373, 55.62664], [9.78549, 55.59195], [9.75765, 55.57161], [9.71241, 55.56029], [9.70689, 55.53732], [9.64389, 55.52831], [9.60727, 55.5168], [9.55958, 55.52363], [9.5664, 55.5168], [9.55192, 55.50512], [9.5149, 55.4982], [9.49806, 55.48945], [9.51564, 55.48314], [9.53443, 55.48383], [9.60238, 55.49578], [9.66015, 55.47797], [9.66417, 55.46649], [9.64892, 55.44107], [9.58676, 55.42744], [9.6079, 55.39326], [9.60084, 55.36591], [9.64526, 55.34272], [9.64827, 55.33292], [9.63461, 55.32502], [9.63461, 55.31757], [9.6819, 55.27464], [9.70605, 55.26508], [9.71027, 55.24868], [9.68411, 55.19746], [9.6421, 55.18843], [9.58334, 55.19465], [9.56984, 55.19253], [9.54589, 55.17415], [9.48634, 55.15624], [9.48634, 55.14741], [9.49464, 55.14008], [9.51187, 55.14007], [9.51187, 55.13321], [9.48243, 55.13378], [9.45655, 55.12572], [9.52132, 55.11586], [9.55956, 55.0854], [9.5166, 55.05655], [9.4524, 55.04536], [9.43434, 55.03754], [9.44288, 55.02338], [9.45525, 55.02318], [9.51189, 55.03636], [9.54591, 55.03636], [9.57992, 55.05067], [9.60156, 55.04539], [9.66261, 55.00971], [9.71754, 55.00117], [9.73095, 54.99542], [9.73862, 54.98086], [9.76317, 54.90046], [9.75161, 54.89301], [9.71144, 54.89859], [9.70346, 54.88618], [9.72788, 54.87946], [9.74459, 54.86603], [9.75015, 54.84602], [9.74593, 54.83601], [9.73121, 54.83154], [9.71959, 54.83585], [9.69663, 54.85887], [9.65504, 54.85709], [9.62332, 54.86531], [9.63461, 54.87934], [9.61038, 54.90322], [9.64422, 54.91328], [9.63884, 54.92475], [9.615, 54.93268], [9.58676, 54.92772], [9.5459, 54.87935], [9.52215, 54.8793], [9.45639, 54.84382], [9.44288, 54.83153], [9.43629, 54.81045], [9.45143, 54.81037], [9.511, 54.82783], [9.52997, 54.84149], [9.55437, 54.84711], [9.57991, 54.86626], [9.58318, 54.83027], [9.6316, 54.81989], [9.69304, 54.81801], [9.73462, 54.80731], [9.80175, 54.78339], [9.82374, 54.75674], [9.89536, 54.76948], [9.89147, 54.79026], [9.91504, 54.79119], [9.94773, 54.77937], [9.97045, 54.76264], [9.99049, 54.72053], [10.01821, 54.70124], [10.00538, 54.69551], [9.97047, 54.70124], [9.9463, 54.68765], [9.93238, 54.68525], [9.92945, 54.6739], [9.99632, 54.67878], [10.0114, 54.66706], [10.03353, 54.67291], [10.0389, 54.66701], [10.03191, 54.65278], [10.03758, 54.61886], [10.02694, 54.56021], [10.01026, 54.53419], [9.96557, 54.50618], [9.92495, 54.49304], [9.8401, 54.48212], [9.8401, 54.47529], [9.88331, 54.4621], [10.12432, 54.4957], [10.14367, 54.49171], [10.20384, 54.461], [10.18393, 54.44937], [10.19703, 54.4101], [10.19125, 54.39671], [10.15933, 54.37546], [10.14178, 54.37226], [10.14826, 54.36518], [10.14178, 54.35859], [10.15553, 54.34341], [10.14178, 54.32441], [10.16375, 54.32917], [10.18035, 54.34113], [10.22439, 54.4138], [10.27215, 54.42007], [10.3069, 54.4411], [10.31837, 54.44329], [10.36117, 54.44101], [10.44337, 54.4064], [10.60107, 54.36541], [10.6902, 54.31623], [10.73129, 54.31021], [10.77711, 54.31513], [10.8108, 54.32738], [10.86822, 54.3587], [10.93532, 54.37953], [11.01879, 54.38588], [11.01879, 54.3791], [10.97584, 54.3784], [10.99317, 54.37385], [11.01051, 54.37718], [11.03395, 54.36762], [11.10418, 54.39288], [11.13548, 54.38589], [11.08773, 54.35176], [11.06658, 54.35859], [11.0774, 54.34223], [11.09448, 54.28352], [11.08709, 54.2709], [11.09448, 54.22508], [11.09016, 54.208], [11.06656, 54.18391], [10.95045, 54.13947], [10.91031, 54.10921], [10.89322, 54.10267], [10.83611, 54.09001], [10.82228, 54.09736], [10.80543, 54.09488], [10.75262, 54.05012], [10.76588, 54.02436], [10.79965, 54.00056], [10.82691, 53.99543], [10.87548, 53.99542], [10.88738, 53.96394], [10.92262, 53.96137], [10.9647, 53.98541], [11.00025, 53.9916], [11.05348, 54.00848], [11.17506, 54.018], [11.19075, 54.01032], [11.20436, 53.98924], [11.23991, 53.98346], [11.24535, 53.97842], [11.24293, 53.94522], [11.25563, 53.94086], [11.29371, 53.94086], [11.33416, 53.96136], [11.35825, 53.94086], [11.3999, 53.94085], [11.43873, 53.90912], [11.45769, 53.90616], [11.47682, 53.9527], [11.47242, 53.96882], [11.4979, 53.98184], [11.49171, 54.00235], [11.52589, 54.02277], [11.51907, 54.03643], [11.55323, 54.03022], [11.5735, 54.03905], [11.59133, 54.06561], [11.6128, 54.0729], [11.62452, 54.08364], [11.62957, 54.09602], [11.62208, 54.09957], [11.62525, 54.10981], [11.6579, 54.14223], [11.68971, 54.15521], [11.72877, 54.1585], [11.81227, 54.14981], [12.05063, 54.17992], [12.08813, 54.19406], [12.09164, 54.114], [12.115, 54.09789], [12.09506, 54.1457], [12.10548, 54.15738], [12.13429, 54.16698], [12.14283, 54.18049], [12.12086, 54.18], [12.10133, 54.17365], [12.1089, 54.18301], [12.1631, 54.21992], [12.18687, 54.24335], [12.2894, 54.27509], [12.34213, 54.30394], [12.37846, 54.34515], [12.43832, 54.39582], [12.4861, 54.44733], [12.50198, 54.47357], [12.53385, 54.48825], [12.53385, 54.48212], [12.52703, 54.48212], [12.54835, 54.46206], [12.59148, 54.45173], [12.8191, 54.45172], [12.85662, 54.44111], [12.87965, 54.44879], [12.90837, 54.44464], [12.92113, 54.4335], [12.89639, 54.4201], [12.87078, 54.41683], [12.76368, 54.4222], [12.69459, 54.43366], [12.67042, 54.42007], [12.6242, 54.42292], [12.61451, 54.41974], [12.6084, 54.40641], [12.60222, 54.4138], [12.58172, 54.4064], [12.58766, 54.39403], [12.6022, 54.39208], [12.59472, 54.3859], [12.57553, 54.392], [12.55405, 54.39082], [12.53598, 54.38373], [12.52704, 54.37227], [12.51075, 54.38426], [12.49098, 54.39008], [12.45476, 54.39208], [12.43849, 54.38752], [12.41847, 54.36066], [12.42398, 54.34493], [12.39674, 54.35175], [12.3899, 54.34492], [12.39648, 54.33295], [12.3916, 54.32112], [12.37907, 54.31245], [12.36256, 54.31021], [12.38012, 54.27709], [12.36883, 54.26919], [12.41245, 54.25141], [12.43678, 54.24771], [12.45818, 54.25556], [12.44264, 54.25519], [12.41035, 54.26919], [12.4263, 54.28961], [12.47242, 54.31021], [12.4787, 54.33185], [12.56056, 54.35859], [12.54081, 54.36542], [12.54078, 54.37226], [12.55934, 54.37629], [12.57423, 54.37226], [12.57423, 54.3791], [12.59295, 54.36933], [12.62273, 54.37393], [12.67726, 54.39208], [12.67044, 54.4064], [12.68084, 54.41088], [12.71752, 54.4138], [12.71752, 54.40641], [12.70248, 54.40412], [12.69239, 54.39619], [12.68409, 54.37226], [12.7046, 54.3996], [12.72381, 54.38125], [12.73504, 54.37816], [12.74611, 54.38588], [12.75782, 54.37979], [12.76857, 54.38007], [12.78711, 54.39205], [12.79469, 54.37714], [12.81804, 54.35798], [12.85467, 54.35786], [12.87599, 54.36542], [12.90383, 54.3996], [12.92937, 54.41437], [12.9691, 54.42938], [13.0088, 54.43805], [13.03416, 54.43366], [13.0215, 54.42646], [13.02858, 54.40184], [13.04038, 54.39208], [13.09553, 54.37226], [13.07667, 54.35252], [13.08074, 54.33714], [13.1092, 54.3102], [13.11492, 54.28002], [13.12599, 54.2766], [13.17065, 54.27659], [13.17067, 54.26919], [13.1434, 54.26301], [13.17612, 54.26484], [13.22836, 54.24738], [13.28881, 54.23427], [13.32179, 54.19452], [13.34887, 54.18048], [13.32154, 54.16682], [13.34653, 54.16694], [13.3838, 54.17812], [13.40347, 54.17365], [13.38299, 54.15314], [13.39479, 54.14891], [13.4087, 54.15461], [13.41772, 54.15313], [13.4651, 54.09846], [13.48357, 54.0913], [13.50709, 54.09105], [13.50709, 54.09789], [13.47928, 54.11836], [13.47928, 54.12518], [13.60271, 54.13947], [13.68345, 54.16803], [13.71192, 54.17364], [13.71467, 54.16406], [13.69825, 54.15933], [13.69825, 54.15314], [13.72902, 54.14374], [13.80812, 54.10468], [13.7732, 54.04633], [13.7461, 54.03644], [13.79762, 53.99893], [13.83862, 53.98631], [13.84864, 53.95555], [13.86722, 53.95457], [13.90602, 53.94306], [13.90756, 53.93354], [13.89014, 53.91291], [13.81853, 53.878], [13.80812, 53.86514], [13.81707, 53.85293], [13.8628, 53.84125], [13.86915, 53.83031], [13.89991, 53.80915], [13.91065, 53.81048], [13.98422, 53.77399], [14.01734, 53.76951], [14.03745, 53.75528], [14.06851, 53.75533], [14.10613, 53.74335], [14.18653, 53.73981], [14.21469, 53.74486], [14.23415, 53.76177], [14.25016, 53.75995], [14.26448, 53.75161], [14.26743, 53.73542], [14.21274, 53.70807], [14.22535, 53.70376], [14.27369, 53.70063], [14.30486, 53.71255], [14.30616, 53.72069], [14.2886, 53.72798], [14.30161, 53.73485], [14.28859, 53.74164], [14.29421, 53.74907], [14.3304, 53.73419], [14.34205, 53.71491], [14.38355, 53.70062], [14.41456, 53.68236], [14.45898, 53.67782], [14.51237, 53.66644], [14.53072, 53.65792], [14.59059, 53.59838], [14.60159, 53.62665], [14.62379, 53.63923], [14.62379, 53.65282], [14.57595, 53.65966], [14.54495, 53.70405], [14.57595, 53.7695], [14.58741, 53.76349], [14.62379, 53.76952], [14.61673, 53.79475], [14.63063, 53.85151], [14.62379, 53.85151], [14.61354, 53.83161], [14.58961, 53.81733], [14.59586, 53.81051], [14.58741, 53.81257], [14.56912, 53.82416], [14.58961, 53.83784], [14.57586, 53.8548], [14.55209, 53.86278], [14.44118, 53.86963], [14.42556, 53.87982], [14.43816, 53.89932], [14.4319, 53.90616], [14.42205, 53.89614], [14.3851, 53.89728], [14.36305, 53.87938], [14.40919, 53.87157], [14.41765, 53.86514], [14.41548, 53.85282], [14.39292, 53.84082], [14.38356, 53.84467], [14.35621, 53.83447], [14.3283, 53.831], [14.3283, 53.82416], [14.34203, 53.82099], [14.3283, 53.81734], [14.27468, 53.8308], [14.22657, 53.87198], [14.20314, 53.87832], [14.08741, 53.87044], [14.06512, 53.87239], [14.04835, 53.87938], [14.02506, 53.86385], [13.99615, 53.85385], [13.93848, 53.84468], [13.87525, 53.84406], [13.8401, 53.85029], [13.82179, 53.86514], [13.85548, 53.87739], [13.88771, 53.88154], [13.93165, 53.89932], [13.93898, 53.92821], [13.90188, 53.9698], [13.90449, 53.99542], [13.95484, 53.99358], [13.97264, 53.98924], [13.96583, 53.98184], [13.959, 53.94086], [13.97462, 53.95734], [13.98785, 53.96141], [14.02782, 53.96136], [14.01433, 53.94709], [14.04835, 53.94086], [14.04029, 53.95384], [14.05307, 53.97842], [14.05128, 54.00507], [14.03745, 54.02171], [14.01435, 54.01603], [13.9817, 54.05634], [13.94606, 54.0666], [13.92612, 54.06403], [13.91586, 54.05638], [13.9248, 54.03645], [13.90724, 54.02749], [13.89088, 54.01016], [13.85599, 54.00236], [13.8581, 54.01577], [13.87631, 54.03644], [13.8711, 54.04865], [13.86362, 54.04999], [13.82301, 54.03791], [13.79418, 54.01814], [13.7741, 54.02277], [13.78207, 54.04214], [13.80926, 54.0751], [13.81495, 54.10126], [13.80616, 54.11664], [13.75297, 54.15312], [13.77761, 54.17401], [13.79615, 54.17828], [13.81494, 54.17364], [13.85597, 54.11835], [13.8825, 54.10244], [14.0166, 54.06], [14.20948, 53.93863], [14.26808, 53.92182], [14.36703, 53.91698], [14.40675, 53.92182], [14.51772, 53.96534], [14.78192, 54.03461], [15.0101, 54.06981], [15.28884, 54.13894], [15.66578, 54.19843], [15.85972, 54.24998], [16.02084, 54.26179], [16.13149, 54.28351], [16.1189, 54.27604], [16.06935, 54.26301], [16.09108, 54.25397], [16.17921, 54.26301], [16.17239, 54.27659], [16.22006, 54.2766], [16.21323, 54.28352], [16.21518, 54.29963], [16.19215, 54.30028], [16.1378, 54.29029], [16.21355, 54.31611], [16.27537, 54.35855], [16.23178, 54.32258], [16.27491, 54.33047], [16.28883, 54.34024], [16.3239, 54.34992], [16.33676, 54.35859], [16.32488, 54.37311], [16.30502, 54.37348], [16.28162, 54.35862], [16.3243, 54.40155], [16.43979, 54.48825], [16.43442, 54.47236], [16.44451, 54.46988], [16.4734, 54.48212], [16.47975, 54.49555], [16.47389, 54.49966], [16.44606, 54.48827], [16.46685, 54.51232], [16.50133, 54.5324], [16.5696, 54.55718], [16.77849, 54.57514], [16.85964, 54.59393], [16.93995, 54.60602], [17.03583, 54.66705], [17.33742, 54.749], [17.71567, 54.79043], [17.88543, 54.82411], [18.15201, 54.83831], [18.3169, 54.83832], [18.33952, 54.83347], [18.37582, 54.81513], [18.41051, 54.80818], [18.75171, 54.69008], [18.81378, 54.64336], [18.83434, 54.61644], [18.83528, 54.6031], [18.81764, 54.59814], [18.80226, 54.61603], [18.78404, 54.62353], [18.77182, 54.64228], [18.70777, 54.70124], [18.65456, 54.71016], [18.64503, 54.71955], [18.61672, 54.72525], [18.55698, 54.74901], [18.49823, 54.76538], [18.44777, 54.78998], [18.42921, 54.78168], [18.41505, 54.75312], [18.4131, 54.73192], [18.44755, 54.7184], [18.47444, 54.68757], [18.47039, 54.66673], [18.48192, 54.65961], [18.47592, 54.64008], [18.48731, 54.63178], [18.50636, 54.6341], [18.52293, 54.64652], [18.5171, 54.62995], [18.57063, 54.55036], [18.56756, 54.48786], [18.57407, 54.45038], [18.58806, 54.43366], [18.63429, 54.41694], [18.69433, 54.40452], [18.7173, 54.38202], [18.88592, 54.35016], [18.92319, 54.34854], [18.95435, 54.35857], [18.97462, 54.34976], [19.00208, 54.34492], [19.37721, 54.37763], [19.45998, 54.40102], [19.53102, 54.41494], [19.59255, 54.45237], [19.62648, 54.46101], [19.6265, 54.46845], [19.73406, 54.5257], [19.83188, 54.59813], [19.88317, 54.65619], [19.89633, 54.66218], [19.90018, 54.68756], [19.93019, 54.71943], [19.96168, 54.77318], [19.95232, 54.81631], [19.92068, 54.88959], [19.94078, 54.93439], [19.97646, 54.96441], [19.99585, 54.96807], [20.0337, 54.94819], [20.07496, 54.9544], [20.14356, 54.95181], [20.20582, 54.95843], [20.36557, 54.94619], [20.40699, 54.95161], [20.48243, 54.97553], [20.63404, 55.04877], [20.80822, 55.17609], [20.82228, 55.18098], [20.99952, 55.357], [21.04152, 55.41608], [21.08237, 55.49763], [21.09938, 55.5987], [21.09068, 55.63313], [21.09352, 55.69554], [21.08524, 55.72283], [21.11744, 55.69977], [21.13152, 55.65558], [21.13351, 55.56806], [21.11988, 55.52705], [21.11987, 55.48945], [21.08717, 55.44107], [21.10619, 55.42743], [21.10619, 55.42121], [21.0735, 55.39179], [21.03798, 55.3288], [20.98894, 55.29133], [20.9895, 55.27042], [20.94109, 55.24868], [20.93701, 55.23775], [20.9131, 55.23322], [20.90333, 55.22582], [20.90551, 55.21858], [20.89064, 55.21259], [20.88403, 55.19807], [20.82373, 55.14314], [20.77361, 55.11449], [20.68783, 55.05069], [20.55851, 54.98197], [20.53338, 54.97358], [20.53094, 54.96467], [20.55812, 54.94082], [20.76368, 54.94769], [20.80518, 54.94081], [20.86036, 54.91132], [20.96909, 54.89981], [21.03932, 54.904], [21.05592, 54.91444], [21.07895, 54.89981], [21.09067, 54.90156], [21.10622, 54.91351], [21.19028, 54.92691], [21.23015, 54.93891], [21.24342, 54.96125], [21.21937, 55.01345], [21.19508, 55.1354], [21.18134, 55.17109], [21.18141, 55.19366], [21.18883, 55.20831], [21.20167, 55.21441], [21.22291, 55.20148], [21.23683, 55.20063], [21.25904, 55.20498], [21.26759, 55.21174], [21.27328, 55.23265], [21.26443, 55.284], [21.27085, 55.28802], [21.28533, 55.28706], [21.29119, 55.29706], [21.27418, 55.32734], [21.25947, 55.33625], [21.25709, 55.36937], [21.24659, 55.37018], [21.18882, 55.33863], [21.18338, 55.34618], [21.2243, 55.39932], [21.2483, 55.41787], [21.24838, 55.44233], [21.22291, 55.52021], [21.19518, 55.54697], [21.19508, 55.58511], [21.15756, 55.64175], [21.14723, 55.67817], [21.09938, 55.72907], [21.07441, 55.74494], [21.06057, 55.78925], [21.04469, 55.87396], [21.04474, 55.91796], [21.05836, 55.95185], [21.0534, 56.07294], [21.02882, 56.14741], [20.97341, 56.232], [20.9691, 56.25348], [20.98268, 56.30146], [20.96863, 56.37009], [20.97069, 56.38924], [21.00318, 56.4348], [21.01059, 56.47574], [21.00053, 56.51041], [21.00637, 56.51996], [21.02426, 56.51048], [21.04469, 56.4621], [21.03053, 56.44843], [21.04469, 56.44221], [21.04469, 56.42113], [21.03053, 56.40811], [21.06178, 56.38703], [21.07716, 56.39521], [21.07976, 56.40306], [21.06861, 56.42406], [21.07211, 56.46955], [21.05836, 56.50365], [21.03053, 56.52416], [21.00312, 56.53002], [20.99222, 56.5489], [21.01053, 56.5987], [21.05836, 56.68867], [21.0652, 56.77432], [21.05277, 56.82892], [21.06521, 56.84633], [21.14723, 56.87641], [21.15676, 56.88556], [21.22291, 56.9077], [21.27798, 56.94936], [21.36012, 56.98969], [21.3825, 57.00894], [21.40162, 57.0375], [21.41359, 57.07319], [21.41481, 57.11384], [21.40108, 57.15131], [21.41481, 57.18488], [21.41477, 57.27059], [21.43362, 57.30646], [21.44949, 57.32001], [21.48024, 57.33364], [21.51777, 57.3876], [21.58912, 57.43879], [21.69907, 57.55516], [21.72968, 57.57379], [21.77166, 57.58611], [21.9559, 57.59296], [21.99928, 57.60033], [22.48338, 57.7424], [22.54908, 57.75064], [22.58579, 57.7597], [22.59991, 57.75808], [22.61034, 57.75462], [22.60027, 57.74384], [22.59083, 57.70612], [22.59099, 57.64476], [22.60076, 57.63011], [22.6561, 57.58576], [22.87864, 57.4814], [22.95037, 57.43281], [23.03142, 57.39448], [23.08334, 57.37824], [23.1302, 57.37079], [23.13803, 57.34317], [23.17467, 57.29711], [23.19874, 57.22419], [23.2224, 57.20701], [23.26092, 57.09894], [23.29264, 57.08893], [23.3401, 57.05858], [23.42286, 57.04023], [23.50855, 57.03123], [23.58513, 56.97907], [23.63201, 56.97093], [23.69516, 56.96727], [23.86606, 56.99018], [23.95289, 57.01325], [23.99122, 57.03124], [24.03567, 57.06899], [24.07456, 57.07494], [24.21078, 57.12372], [24.21955, 57.13818], [24.23863, 57.14956], [24.27858, 57.16104], [24.27884, 57.17178], [24.2885, 57.17872], [24.31267, 57.1883], [24.37916, 57.23021], [24.40064, 57.25812], [24.40887, 57.29816], [24.40553, 57.34447], [24.37517, 57.52855], [24.35859, 57.55036], [24.37477, 57.61347], [24.35768, 57.68549], [24.29959, 57.74384], [24.286, 57.83259], [24.29597, 57.85706], [24.32439, 57.88679], [24.33386, 57.92133], [24.38618, 57.99542], [24.83606, 57.91638], [24.95553, 57.88726], [25.01802, 57.86501], [24.98395, 57.81503], [25.01414, 57.76038], [25.03004, 57.70912], [25.04376, 57.61769], [25.03822, 57.57133], [25.04732, 57.50229], [25.05367, 57.49624], [25.57518, 57.38962], [26.30476, 57.12537], [27.07713, 56.83713], [27.50001, 56.52898], [27.95392, 56.19133], [28.18514, 55.47862], [27.74668, 54.75006], [27.23173, 54.4169], [26.68526, 54.05446], [25.87137, 53.74072], [25.04505, 53.4112], [24.1108, 53.16885], [23.48117, 53.01035], [22.85626, 52.84843], [22.09616, 52.71611], [21.34079, 52.57883], [20.75663, 52.46866], [20.15445, 52.34645], [19.52878, 52.2492], [18.90589, 52.13959], [18.28631, 52.01507], [17.97838, 51.94678], [17.67166, 51.87429], [17.06334, 51.71716], [16.34389, 51.55386], [15.73916, 51.40123], [15.3193, 51.28567], [14.71995, 51.11663], [14.55103, 50.99442], [14.50292, 51.00852], [14.49351, 51.01671], [14.48214, 51.0372], [14.47346, 51.02337], [14.46209, 51.01965], [14.42582, 51.02094], [14.39781, 51.01312], [14.3759, 51.01699], [14.35657, 51.03234], [14.31936, 51.04001], [14.28753, 51.03683], [14.26355, 51.02144], [14.2495, 50.99265], [14.23834, 50.98247], [14.25001, 50.97761], [14.28381, 50.97482], [14.30376, 50.96971], [14.29373, 50.96397], [14.2928, 50.95348], [14.31833, 50.93751], [14.35523, 50.93064], [14.38189, 50.92087], [14.3759, 50.89596], [14.34654, 50.8802], [14.2681, 50.88413], [14.23213, 50.87938], [14.19079, 50.8479], [14.03494, 50.80259], [13.97913, 50.80476], [13.95959, 50.80207], [13.92332, 50.77995], [13.89252, 50.78042], [13.88332, 50.77323], [13.87908, 50.76352], [13.88218, 50.74274], [13.87536, 50.73654], [13.86347, 50.73515], [13.83453, 50.72368], [13.81655, 50.72135], [13.77066, 50.72461], [13.74906, 50.72321], [13.69175, 50.71184], [13.60194, 50.71215], [13.55657, 50.70673], [13.51564, 50.69102], [13.52722, 50.67567], [13.52329, 50.66218], [13.50996, 50.65123], [13.49332, 50.64322], [13.4991, 50.6352], [13.49817, 50.62916], [13.44794, 50.59727], [13.42934, 50.59433], [13.40702, 50.6013], [13.38097, 50.62549], [13.36878, 50.62833], [13.35937, 50.61934], [13.32185, 50.60239], [13.30563, 50.57578], [13.28465, 50.56896], [13.25178, 50.58089], [13.23235, 50.58203], [13.19907, 50.52534], [13.1847, 50.50875], [13.16011, 50.49702], [13.1074, 50.49899], [13.06037, 50.49061], [13.02626, 50.49764], [13.00962, 50.49268], [13.00311, 50.45191], [12.9966, 50.43367], [12.95257, 50.40416], [12.91836, 50.4054], [12.81739, 50.44302], [12.78814, 50.43434], [12.75424, 50.43532], [12.73791, 50.43155], [12.69181, 50.39465], [12.62536, 50.39992], [12.55053, 50.39636], [12.51022, 50.38876], [12.47508, 50.36943], [12.46682, 50.35491], [12.46898, 50.34556], [12.46682, 50.34189], [12.45018, 50.33936], [12.39819, 50.31517], [12.36718, 50.27905], [12.33649, 50.25859], [12.3338, 50.24272], [12.31406, 50.2265], [12.30869, 50.21709], [12.30558, 50.19931], [12.31437, 50.17621], [12.31437, 50.16733], [12.30042, 50.16081], [12.28336, 50.16221], [12.27324, 50.17234], [12.25432, 50.2174], [12.22993, 50.23482], [12.22983, 50.23905], [12.24244, 50.24836], [12.23964, 50.25657], [12.20378, 50.25957], [12.18921, 50.26246], [12.17805, 50.26877], [12.17412, 50.27657], [12.17443, 50.29373], [12.16854, 50.30298], [12.14932, 50.31171], [12.07614, 50.31517], [11.73965, 50.38524], [11.48743, 50.34207], [11.21566, 50.30217], [10.95063, 50.27053], [10.69037, 50.24689], [10.43936, 50.24879], [10.19018, 50.2566], [9.94193, 50.26905], [9.4418, 50.30329], [8.39816, 50.38297], [7.8483, 50.41584], [7.27785, 50.47625], [6.69787, 50.5203], [6.33691, 50.481], [6.27541, 50.48803], [6.25557, 50.49459], [6.2072, 50.48632], [6.1826, 50.50658], [6.19056, 50.51521], [6.17082, 50.51795], [6.16947, 50.5225], [6.17733, 50.5302], [6.16069, 50.54358], [6.17909, 50.56198], [6.23293, 50.58715], [6.23293, 50.59076], [6.25133, 50.60844], [6.24906, 50.61443], [6.18002, 50.61552], [6.15945, 50.62239], [6.14777, 50.63676], [6.1611, 50.64218], [6.10023, 50.7013], [6.081, 50.7135], [6.06436, 50.71448], [6.02478, 50.70755], [6.01155, 50.70853], [5.80806, 50.5475], [5.55819, 50.54521], [5.28903, 50.53656], [5.02986, 50.52169], [4.60799, 50.51644], [4.28843, 50.49492], [4.02273, 50.33812], [4.0033, 50.34406], [3.98211, 50.34261], [3.91855, 50.32546], [3.89592, 50.3253], [3.84021, 50.3452], [3.79866, 50.34845], [3.75505, 50.34633], [3.74151, 50.34313], [3.73345, 50.33724], [3.70844, 50.30634], [3.70079, 50.30468], [3.69686, 50.29822], [3.66172, 50.31931], [3.65293, 50.36018], [3.65283, 50.40685], [3.64436, 50.4455], [3.62813, 50.46436], [3.60829, 50.47651], [3.58638, 50.48348], [3.56374, 50.48653], [3.49915, 50.48679], [3.48674, 50.49268], [3.49646, 50.50379], [3.49801, 50.51185], [3.4915, 50.51707], [3.47713, 50.51986], [3.46287, 50.51914], [3.42918, 50.50183], [3.38535, 50.49165], [3.36107, 50.48979], [3.29988, 50.50746], [3.06195, 50.33493], [2.21763, 50.32434], [2.20563, 50.31509], [2.22997, 50.23366], [2.22895, 50.15679], [2.20674, 50.08791], [2.18792, 50.05484], [2.14, 49.99746], [2.04712, 49.96606], [1.99489, 49.95419], [1.63355, 49.9039], [1.52762, 49.87038], [1.14107, 49.69428], [0.89038, 49.61361], [0.78878, 49.58893], [0.68235, 49.57749], [0.32072, 49.58384], [0.22121, 49.59763], [0.13821, 49.61965], [0.17093, 49.69163], [0.23559, 49.72918], [0.24675, 49.72944], [0.25712, 49.73599], [0.38746, 49.77505], [0.39794, 49.78449], [0.59696, 49.85731], [0.67482, 49.87579], [0.76092, 49.87507]]], [[[11.45771, 53.96139], [11.44534, 53.96114], [11.45143, 53.98554], [11.44703, 53.99714], [11.43873, 53.99726], [11.43328, 53.98876], [11.43775, 53.975], [11.4231, 53.96773], [11.40708, 53.96822], [11.37568, 53.98184], [11.39068, 54.00473], [11.42662, 54.02293], [11.46803, 54.03094], [11.49789, 54.02277], [11.46827, 53.97069], [11.45771, 53.96139]]], [[[11.53955, 54.05696], [11.53396, 54.05696], [11.52851, 54.0751], [11.53396, 54.08486], [11.6019, 54.10415], [11.61585, 54.11209], [11.55274, 54.07306], [11.53955, 54.05696]]], [[[13.23929, 54.39363], [13.23441, 54.40339], [13.23902, 54.42007], [13.22536, 54.42085], [13.2116, 54.4311], [13.20143, 54.43366], [13.15702, 54.42684], [13.18182, 54.45302], [13.25953, 54.46845], [13.25955, 54.47529], [13.27312, 54.48212], [13.23326, 54.49308], [13.22537, 54.50195], [13.23276, 54.51626], [13.1854, 54.5083], [13.16604, 54.51912], [13.15887, 54.54068], [13.14347, 54.54292], [13.16674, 54.54942], [13.24293, 54.55598], [13.25953, 54.55378], [13.28826, 54.53994], [13.29786, 54.51968], [13.30926, 54.53482], [13.30106, 54.55036], [13.33367, 54.57307], [13.36939, 54.58514], [13.34205, 54.55036], [13.35385, 54.54987], [13.36313, 54.54291], [13.34889, 54.52367], [13.37485, 54.52558], [13.3838, 54.53189], [13.38982, 54.54291], [13.36313, 54.55036], [13.36313, 54.5572], [13.37671, 54.56463], [13.41731, 54.52456], [13.4109, 54.50943], [13.43068, 54.49274], [13.45558, 54.48749], [13.50709, 54.48827], [13.4997, 54.49575], [13.52076, 54.51626], [13.52076, 54.52367], [13.49969, 54.5572], [13.52076, 54.56464], [13.52076, 54.57079], [13.50831, 54.57038], [13.48658, 54.5572], [13.44142, 54.55721], [13.42384, 54.57453], [13.39902, 54.57977], [13.36915, 54.61213], [13.3318, 54.58784], [13.27358, 54.56107], [13.25327, 54.56464], [13.24978, 54.57648], [13.25687, 54.59491], [13.26988, 54.6118], [13.28395, 54.61929], [13.29347, 54.64228], [13.29054, 54.64655], [13.22516, 54.63489], [13.23098, 54.6533], [13.25401, 54.6651], [13.39047, 54.68812], [13.41871, 54.68841], [13.44506, 54.68007], [13.44506, 54.6739], [13.39088, 54.65054], [13.38299, 54.63638], [13.39454, 54.60444], [13.42457, 54.58515], [13.46632, 54.57689], [13.59596, 54.59136], [13.64046, 54.58567], [13.67065, 54.56623], [13.67705, 54.54028], [13.65112, 54.51627], [13.58481, 54.48652], [13.57545, 54.47187], [13.5879, 54.43757], [13.60955, 54.4138], [13.67741, 54.40081], [13.69797, 54.39219], [13.74195, 54.35049], [13.76641, 54.34491], [13.74008, 54.32982], [13.73015, 54.31684], [13.72314, 54.2784], [13.69098, 54.28352], [13.71193, 54.28657], [13.71193, 54.30394], [13.67945, 54.29401], [13.65115, 54.29719], [13.65115, 54.30393], [13.68824, 54.3133], [13.70362, 54.32046], [13.71193, 54.33186], [13.65992, 54.32978], [13.61722, 54.31772], [13.69093, 54.34492], [13.69093, 54.35175], [13.65008, 54.35244], [13.62681, 54.33911], [13.59929, 54.35175], [13.49969, 54.34492], [13.42888, 54.31094], [13.40609, 54.28523], [13.35963, 54.27546], [13.35572, 54.24872], [13.3694, 54.25556], [13.36313, 54.26301], [13.41772, 54.26605], [13.42307, 54.23296], [13.40723, 54.22823], [13.34745, 54.23736], [13.31156, 54.25113], [13.33522, 54.28352], [13.30787, 54.26919], [13.31471, 54.26301], [13.28419, 54.26284], [13.26791, 54.2565], [13.24244, 54.26919], [13.21015, 54.27583], [13.19925, 54.28441], [13.20485, 54.29719], [13.19028, 54.29975], [13.14969, 54.29027], [13.14285, 54.298], [13.14895, 54.30475], [13.16228, 54.30769], [13.1775, 54.30394], [13.1775, 54.31021], [13.11551, 54.33808], [13.14895, 54.37726], [13.17433, 54.38397], [13.20484, 54.37226], [13.21168, 54.37908], [13.22332, 54.3725], [13.26686, 54.38589], [13.25115, 54.38691], [13.23929, 54.39363]]], [[[11.00849, 54.45467], [11.00573, 54.46845], [11.03372, 54.50885], [11.07331, 54.53123], [11.12126, 54.53595], [11.20685, 54.51432], [11.23999, 54.49555], [11.31419, 54.41382], [11.18849, 54.42617], [11.17018, 54.42007], [11.17902, 54.41422], [11.11265, 54.41524], [11.10135, 54.42349], [11.09864, 54.45165], [11.05812, 54.45527], [11.0325, 54.44734], [11.02573, 54.45881], [11.00849, 54.45467]]], [[[8.95686, 54.50943], [8.9113, 54.4755], [8.88794, 54.46846], [8.84411, 54.46658], [8.82392, 54.47086], [8.81286, 54.48212], [8.82374, 54.48554], [8.82553, 54.4912], [8.81286, 54.50194], [8.84451, 54.51971], [8.87965, 54.52911], [8.9192, 54.53045], [8.96312, 54.52367], [8.95686, 54.50943]]], [[[13.06819, 54.46846], [13.06139, 54.46846], [13.06432, 54.50533], [13.10232, 54.59609], [13.10999, 54.60315], [13.15104, 54.60492], [13.15708, 54.58818], [13.14967, 54.59138], [13.14965, 54.57771], [13.1434, 54.57773], [13.1434, 54.59813], [13.11891, 54.58641], [13.10253, 54.52994], [13.07504, 54.50943], [13.06819, 54.46846]]], [[[11.10816, 54.83153], [11.0784, 54.84114], [11.019, 54.88598], [11.01883, 54.90339], [11.03269, 54.91946], [11.07399, 54.94818], [11.08815, 54.94416], [11.2317, 54.96124], [11.33887, 54.91913], [11.36891, 54.88109], [11.59474, 54.8111], [11.57279, 54.84796], [11.59474, 54.85886], [11.62208, 54.85887], [11.65626, 54.86628], [11.64483, 54.88943], [11.64944, 54.9135], [11.72576, 54.87336], [11.73194, 54.85887], [11.75563, 54.84113], [11.78728, 54.83153], [11.77296, 54.82469], [11.78761, 54.80687], [11.84864, 54.77318], [11.85548, 54.7436], [11.83407, 54.72471], [11.81471, 54.7187], [11.80698, 54.70799], [11.84643, 54.69781], [11.84262, 54.67622], [11.81071, 54.65511], [11.76612, 54.64657], [11.61394, 54.66598], [11.56007, 54.65961], [11.51222, 54.64655], [11.47437, 54.62614], [11.45184, 54.62837], [11.35874, 54.66056], [11.2977, 54.69156], [11.18775, 54.73225], [11.03054, 54.76066], [11.0093, 54.77164], [10.99933, 54.78656], [11.00572, 54.80365], [11.03078, 54.81215], [11.08969, 54.81061], [11.10816, 54.83153]]], [[[10.51852, 54.852], [10.44012, 54.8415], [10.40626, 54.8247], [10.38349, 54.83077], [10.21145, 54.93936], [10.18925, 54.97745], [10.20387, 54.96808], [10.28873, 54.94073], [10.31346, 54.92786], [10.34962, 54.89672], [10.36427, 54.89301], [10.39137, 54.89545], [10.39584, 54.90347], [10.38888, 54.92027], [10.40307, 54.90839], [10.41521, 54.87848], [10.42604, 54.8725], [10.46095, 54.8745], [10.46363, 54.88247], [10.45025, 54.89977], [10.49893, 54.87476], [10.49871, 54.85887], [10.51852, 54.852]]], [[[10.86201, 55.07209], [10.89541, 55.12136], [10.93426, 55.15964], [10.9567, 55.15371], [10.90882, 55.03], [10.88966, 54.9971], [10.83774, 54.93724], [10.74121, 54.75268], [10.73128, 54.74006], [10.71754, 54.73579], [10.69387, 54.73531], [10.68191, 54.74482], [10.65642, 54.80366], [10.63209, 54.82343], [10.60113, 54.83832], [10.6432, 54.84475], [10.66928, 54.86628], [10.68443, 54.88783], [10.6989, 54.88117], [10.72446, 54.88618], [10.71778, 54.90729], [10.70037, 54.90157], [10.68297, 54.9073], [10.69705, 54.93134], [10.7738, 54.98636], [10.79819, 54.99657], [10.85499, 55.04385], [10.86201, 55.07209]]], [[[11.53899, 54.94763], [11.49792, 54.97943], [11.51931, 54.98497], [11.54851, 54.98496], [11.56019, 54.97961], [11.5629, 54.9678], [11.53899, 54.94763]]], [[[10.02198, 54.87934], [9.96803, 54.85954], [9.8743, 54.88618], [9.87428, 54.89301], [9.90089, 54.9007], [9.99155, 54.8725], [9.99155, 54.87934], [9.9437, 54.90363], [9.88795, 54.91352], [9.85384, 54.89983], [9.81439, 54.90122], [9.78093, 54.91682], [9.76124, 54.94306], [9.76442, 54.97553], [9.75815, 54.97553], [9.75815, 54.98174], [9.8274, 54.94546], [9.8475, 54.94819], [9.83279, 54.96515], [9.84213, 54.97028], [9.79354, 54.99237], [9.78682, 55.00015], [9.79908, 55.00971], [9.79908, 55.01655], [9.72055, 55.01227], [9.67416, 55.02106], [9.66895, 55.03041], [9.69663, 55.05069], [9.64552, 55.04488], [9.62843, 55.05069], [9.62845, 55.05804], [9.71665, 55.08221], [9.75196, 55.08539], [9.7931, 55.0808], [9.85304, 55.04011], [9.88478, 55.03022], [9.92904, 55.02618], [9.96093, 55.01503], [10.02588, 54.95978], [10.06501, 54.891], [10.06445, 54.88102], [10.02198, 54.87934]]], [[[12.2942, 55.01655], [12.2942, 55.02338], [12.25272, 55.04386], [12.24767, 55.05406], [12.26198, 55.06426], [12.28003, 55.06427], [12.30177, 55.04206], [12.3353, 55.03327], [12.4177, 55.03016], [12.50472, 55.01975], [12.53759, 55.00238], [12.55371, 54.96808], [12.55151, 54.95701], [12.52578, 54.94867], [12.50246, 54.94823], [12.38461, 54.96308], [12.3484, 54.96003], [12.31398, 54.95087], [12.28004, 54.93456], [12.2268, 54.89265], [12.20777, 54.88619], [12.17873, 54.88899], [12.11502, 54.90729], [12.11502, 54.91351], [12.12916, 54.91352], [12.12893, 54.93162], [12.1491, 54.94082], [12.12919, 54.95441], [12.16404, 54.97254], [12.17701, 54.96809], [12.18434, 54.97553], [12.17704, 54.98919], [12.19312, 54.98834], [12.23219, 54.97553], [12.28688, 54.9892], [12.28128, 55.00715], [12.2942, 55.01655]]], [[[10.44418, 55.55317], [10.48853, 55.54547], [10.51871, 55.53346], [10.48683, 55.53718], [10.47527, 55.53197], [10.47071, 55.52021], [10.48909, 55.50909], [10.486, 55.49479], [10.45704, 55.48945], [10.41961, 55.45881], [10.43605, 55.44213], [10.47153, 55.44306], [10.49123, 55.46526], [10.50245, 55.46357], [10.60914, 55.49258], [10.60231, 55.50625], [10.56693, 55.52363], [10.56985, 55.5324], [10.60109, 55.51679], [10.61378, 55.5279], [10.59428, 55.57825], [10.61459, 55.5646], [10.60859, 55.61297], [10.62761, 55.61358], [10.6569, 55.59487], [10.7041, 55.55028], [10.70924, 55.52704], [10.73811, 55.50934], [10.74234, 55.4875], [10.70394, 55.47114], [10.65748, 55.4597], [10.5713, 55.46125], [10.55942, 55.45531], [10.55405, 55.44257], [10.56332, 55.43622], [10.57944, 55.43586], [10.59425, 55.44107], [10.58857, 55.44943], [10.59596, 55.45966], [10.68294, 55.44789], [10.69758, 55.44043], [10.79662, 55.35854], [10.8343, 55.29028], [10.79689, 55.30768], [10.78028, 55.30492], [10.77296, 55.2871], [10.77866, 55.27485], [10.81331, 55.23558], [10.81266, 55.19428], [10.79078, 55.15693], [10.78351, 55.12442], [10.7588, 55.10529], [10.73364, 55.07185], [10.70558, 55.06258], [10.60475, 55.06257], [10.56886, 55.04987], [10.53825, 55.02974], [10.51686, 55.03133], [10.47755, 55.04385], [10.38924, 55.05062], [10.36256, 55.06273], [10.31276, 55.06368], [10.23422, 55.09223], [10.20525, 55.0937], [10.1976, 55.08609], [10.19701, 55.0643], [10.14177, 55.09223], [10.08351, 55.08699], [10.06596, 55.09223], [10.14259, 55.1258], [10.15602, 55.14008], [10.11297, 55.18378], [10.094, 55.18842], [10.05583, 55.17977], [10.03933, 55.18099], [10.00359, 55.19733], [9.99155, 55.18842], [9.99448, 55.1728], [10.02913, 55.1424], [10.02569, 55.12593], [9.98554, 55.12776], [9.98878, 55.15184], [9.97205, 55.18472], [9.9795, 55.21284], [9.9114, 55.22851], [9.88387, 55.25372], [9.88387, 55.26538], [9.89536, 55.28026], [9.8817, 55.31444], [9.88478, 55.34886], [9.87452, 55.35334], [9.82985, 55.35229], [9.80243, 55.36238], [9.77812, 55.38027], [9.83009, 55.3889], [9.8401, 55.40009], [9.78558, 55.41375], [9.81959, 55.41376], [9.80926, 55.42548], [9.79103, 55.43183], [9.73733, 55.43819], [9.70348, 55.46215], [9.70348, 55.46839], [9.78631, 55.4372], [9.81219, 55.44107], [9.71339, 55.49103], [9.6763, 55.49568], [9.68395, 55.50604], [9.71778, 55.51679], [9.75515, 55.54412], [9.80909, 55.55027], [9.82703, 55.54844], [9.8401, 55.52363], [9.88819, 55.50869], [9.94028, 55.51923], [10.03933, 55.55776], [10.16863, 55.58226], [10.21267, 55.60064], [10.23699, 55.60547], [10.27215, 55.60552], [10.27955, 55.58511], [10.29363, 55.58808], [10.29381, 55.61611], [10.30763, 55.61822], [10.40739, 55.58295], [10.44418, 55.55317]]], [[[11.35222, 55.75581], [11.36402, 55.76512], [11.37566, 55.80793], [11.34844, 55.8383], [11.37387, 55.82876], [11.39845, 55.8264], [11.42172, 55.83198], [11.44338, 55.84576], [11.47755, 55.84154], [11.50522, 55.86872], [11.51051, 55.90827], [11.47739, 55.94135], [11.44842, 55.94819], [11.38429, 55.95084], [11.30454, 55.96785], [11.28193, 55.97895], [11.27266, 55.99655], [11.40056, 55.96198], [11.42693, 55.96551], [11.58067, 55.95189], [11.59938, 55.94208], [11.64088, 55.94343], [11.76831, 55.97051], [11.7797, 55.96165], [11.77539, 55.95185], [11.73878, 55.92084], [11.75048, 55.91039], [11.74398, 55.90376], [11.72788, 55.9023], [11.71146, 55.90718], [11.71762, 55.92084], [11.6858, 55.91987], [11.6631, 55.90717], [11.71237, 55.85838], [11.7316, 55.83072], [11.7176, 55.81098], [11.67123, 55.81428], [11.65626, 55.81098], [11.62623, 55.7906], [11.60776, 55.79047], [11.60776, 55.78303], [11.62428, 55.78002], [11.67359, 55.78303], [11.72039, 55.79865], [11.73877, 55.79734], [11.76269, 55.74951], [11.6823, 55.74128], [11.65724, 55.73086], [11.66993, 55.72285], [11.68434, 55.72163], [11.72926, 55.72358], [11.74662, 55.73087], [11.78706, 55.7013], [11.79444, 55.68793], [11.7798, 55.66014], [11.81056, 55.6791], [11.85548, 55.73282], [11.84183, 55.75642], [11.86916, 55.80475], [11.88406, 55.81365], [11.93735, 55.82526], [11.95362, 55.8535], [11.90954, 55.91547], [11.91684, 55.93452], [11.93473, 55.93365], [11.96998, 55.91258], [11.9982, 55.90281], [11.99204, 55.87372], [12.03126, 55.8166], [12.049, 55.77534], [12.05191, 55.73664], [12.02613, 55.71541], [11.99, 55.7228], [11.97267, 55.72142], [11.95818, 55.69343], [11.92302, 55.67414], [11.91017, 55.66014], [11.93043, 55.65762], [11.95916, 55.66511], [11.98219, 55.6789], [11.9852, 55.69489], [12.00115, 55.69866], [12.03164, 55.68736], [12.04037, 55.67448], [12.00929, 55.68049], [12.0114, 55.66901], [12.06031, 55.654], [12.09205, 55.70673], [12.09506, 55.72907], [12.05357, 55.83809], [12.04982, 55.88801], [12.02613, 55.94135], [12.01059, 55.95527], [11.99244, 55.9606], [11.97071, 55.95987], [11.8655, 55.93937], [11.84867, 55.94819], [11.86559, 55.97272], [11.91733, 55.99762], [12.01246, 56.03071], [12.16539, 56.1037], [12.24513, 56.12872], [12.32846, 56.12689], [12.41489, 56.09903], [12.48609, 56.09902], [12.54038, 56.07538], [12.57007, 56.06825], [12.62189, 56.04377], [12.56739, 55.99657], [12.51271, 55.92829], [12.51271, 55.92084], [12.55443, 55.88288], [12.57602, 55.82917], [12.6022, 55.79735], [12.5879, 55.72907], [12.6022, 55.70855], [12.54103, 55.64887], [12.50327, 55.63402], [12.48714, 55.60986], [12.46502, 55.60555], [12.42368, 55.61884], [12.40358, 55.61921], [12.33131, 55.5954], [12.24822, 55.54613], [12.19809, 55.48749], [12.22486, 55.43488], [12.27345, 55.41022], [12.36882, 55.40008], [12.43446, 55.36387], [12.465, 55.29027], [12.44458, 55.27656], [12.39242, 55.25533], [12.18279, 55.2272], [12.14137, 55.20799], [12.1211, 55.19107], [12.10906, 55.17072], [12.11498, 55.15371], [12.09897, 55.14142], [12.08076, 55.14687], [12.08814, 55.16836], [12.07667, 55.18195], [12.05641, 55.1857], [12.01466, 55.16747], [12.01246, 55.15713], [12.04664, 55.14008], [12.13054, 55.13588], [12.16862, 55.12848], [12.17699, 55.10529], [12.17138, 55.09545], [12.1185, 55.07355], [12.16332, 55.02338], [12.16226, 55.00438], [12.14892, 54.99414], [12.10499, 54.9892], [12.05591, 54.97078], [12.03297, 54.9681], [11.99807, 54.97652], [11.94386, 55.00609], [11.91017, 55.00971], [11.91682, 55.00288], [11.89715, 54.99543], [11.90152, 54.97639], [11.88502, 54.95515], [11.88282, 54.94082], [11.89015, 54.92963], [11.90333, 54.923], [11.91847, 54.92194], [11.93116, 54.92772], [11.9237, 54.94081], [11.95785, 54.94817], [11.98219, 54.92032], [12.02394, 54.89802], [12.04038, 54.89301], [12.09647, 54.89809], [12.17016, 54.84455], [12.17016, 54.83833], [12.06715, 54.78681], [12.0227, 54.7353], [11.97527, 54.70799], [11.9607, 54.69408], [11.97143, 54.60562], [11.96899, 54.56978], [11.94908, 54.5686], [11.92825, 54.58397], [11.92368, 54.59813], [11.86917, 54.65961], [11.87062, 54.68036], [11.91017, 54.72167], [11.87584, 54.72973], [11.87233, 54.73994], [11.88282, 54.75642], [11.80909, 54.80492], [11.79347, 54.84455], [11.74968, 54.87311], [11.74203, 54.92544], [11.73194, 54.93529], [11.71145, 54.94083], [11.71146, 54.94818], [11.75895, 54.968], [11.7736, 54.96502], [11.80397, 54.94819], [11.83758, 54.96612], [11.84832, 54.95913], [11.86248, 54.96369], [11.88282, 54.97553], [11.88282, 54.98176], [11.84181, 55.03022], [11.75563, 55.0507], [11.72877, 55.06428], [11.66554, 55.0664], [11.64642, 55.07246], [11.61594, 55.09222], [11.6696, 55.08563], [11.77524, 55.05744], [11.82748, 55.05069], [11.80535, 55.07388], [11.74343, 55.10054], [11.71765, 55.12571], [11.80397, 55.13483], [11.80698, 55.14688], [11.78541, 55.15721], [11.72854, 55.15478], [11.71146, 55.16791], [11.73471, 55.18867], [11.73308, 55.20014], [11.71762, 55.20832], [11.69508, 55.20808], [11.64942, 55.18099], [11.50603, 55.20832], [11.49236, 55.20418], [11.42319, 55.22191], [11.3689, 55.20833], [11.29998, 55.20832], [11.29998, 55.20148], [11.32045, 55.19466], [11.26101, 55.2006], [11.24539, 55.21479], [11.23856, 55.24241], [11.2531, 55.23627], [11.26783, 55.23591], [11.28004, 55.24234], [11.28631, 55.25609], [11.26539, 55.24946], [11.24195, 55.24868], [11.24155, 55.27851], [11.16192, 55.31936], [11.15286, 55.32844], [11.18824, 55.33527], [11.19012, 55.34544], [11.16798, 55.35277], [11.14235, 55.35228], [11.12354, 55.33187], [11.10817, 55.33187], [11.08775, 55.35855], [11.08776, 55.36594], [11.12892, 55.36518], [11.1592, 55.38128], [11.20436, 55.39183], [11.2142, 55.4038], [11.21314, 55.41576], [11.20096, 55.42121], [11.20484, 55.43134], [11.19646, 55.45384], [11.16391, 55.5019], [11.13559, 55.51512], [11.115, 55.51679], [11.08579, 55.50757], [11.08092, 55.51309], [11.08857, 55.53383], [11.13795, 55.54291], [11.14845, 55.55732], [11.14568, 55.57612], [11.13209, 55.59528], [11.0879, 55.62694], [11.03924, 55.64346], [10.92996, 55.66015], [10.92996, 55.66762], [11.08774, 55.66014], [11.07106, 55.67695], [10.98464, 55.70112], [10.96022, 55.72435], [10.94361, 55.72907], [10.89145, 55.73128], [10.87552, 55.73652], [10.87552, 55.74273], [11.03562, 55.72932], [11.16275, 55.74949], [11.16277, 55.74275], [11.14112, 55.74323], [11.12184, 55.73652], [11.13754, 55.71906], [11.16342, 55.70539], [11.19264, 55.70034], [11.21803, 55.70856], [11.17647, 55.72907], [11.19011, 55.7365], [11.21616, 55.72875], [11.25221, 55.72907], [11.30243, 55.74652], [11.35222, 55.75581]]], [[[12.67455, 55.60127], [12.63941, 55.57828], [12.60572, 55.56928], [12.57796, 55.55403], [12.55633, 55.55049], [12.53473, 55.56953], [12.52054, 55.59675], [12.52019, 55.61921], [12.53102, 55.6319], [12.56739, 55.654], [12.6084, 55.70111], [12.67455, 55.60127]]], [[[12.74369, 55.66233], [12.76205, 55.67116], [12.77961, 55.66087], [12.78686, 55.62059], [12.7667, 55.60738], [12.73448, 55.63561], [12.74369, 55.66233]]], [[[10.31315, 55.78838], [10.326, 55.76236], [10.31984, 55.74529], [10.31275, 55.74237], [10.2453, 55.74874], [10.23807, 55.75276], [10.24213, 55.75787], [10.29477, 55.76337], [10.30634, 55.78668], [10.31315, 55.78838]]], [[[10.61541, 55.90034], [10.62143, 55.87987], [10.63868, 55.86612], [10.65065, 55.8701], [10.66626, 55.88668], [10.66926, 55.88003], [10.62827, 55.84577], [10.62434, 55.79434], [10.61458, 55.77685], [10.5822, 55.75976], [10.54714, 55.76521], [10.52029, 55.78856], [10.51159, 55.82526], [10.51728, 55.84552], [10.55942, 55.86628], [10.58106, 55.89452], [10.58025, 55.91153], [10.56691, 55.92829], [10.52834, 55.94063], [10.51541, 55.95124], [10.51859, 55.97614], [10.54396, 55.99798], [10.5568, 55.99579], [10.56422, 55.95384], [10.58025, 55.93651], [10.60279, 55.92524], [10.62824, 55.92084], [10.61541, 55.90034]]], [[[12.72427, 55.9018], [12.70314, 55.88936], [12.67158, 55.91283], [12.67369, 55.91925], [12.68696, 55.92107], [12.72167, 55.90965], [12.72427, 55.9018]]], [[[14.84741, 56.00057], [14.84165, 56.00052], [14.83401, 56.0178], [14.84831, 56.01829], [14.85481, 56.01333], [14.84741, 56.00057]]], [[[11.58105, 56.68123], [11.54372, 56.67867], [11.5246, 56.68473], [11.51223, 56.69546], [11.50955, 56.71015], [11.52085, 56.71539], [11.60816, 56.72084], [11.64941, 56.72963], [11.64941, 56.72216], [11.61801, 56.71133], [11.58105, 56.68123]]], [[[8.64381, 56.80805], [8.66879, 56.82583], [8.64381, 56.82587], [8.62112, 56.83202], [8.65512, 56.86685], [8.65162, 56.89419], [8.76246, 56.90542], [8.79176, 56.91453], [8.81365, 56.91035], [8.86745, 56.96294], [8.89039, 56.95482], [8.91627, 56.97907], [8.92886, 56.97662], [8.90846, 56.94872], [8.92268, 56.92203], [8.90038, 56.87483], [8.88797, 56.86687], [8.88266, 56.88638], [8.86744, 56.89411], [8.83961, 56.87983], [8.83644, 56.86929], [8.85515, 56.81977], [8.86394, 56.80952], [8.88109, 56.80536], [8.86842, 56.79808], [8.85328, 56.79784], [8.86742, 56.79109], [8.82586, 56.74384], [8.77125, 56.71597], [8.76611, 56.69872], [8.68637, 56.68659], [8.65838, 56.67814], [8.64846, 56.68106], [8.62175, 56.71394], [8.58627, 56.73648], [8.55592, 56.74384], [8.51466, 56.73824], [8.52281, 56.75507], [8.55323, 56.76813], [8.54528, 56.79108], [8.57301, 56.80256], [8.64381, 56.80805]]], [[[11.28631, 58.5799], [11.26582, 58.57991], [11.26979, 58.59223], [11.25223, 58.60717], [11.25904, 58.63451], [11.24985, 58.64891], [11.21437, 58.67631], [11.96312, 58.75806], [12.06241, 58.72557], [12.18358, 58.66455], [12.26742, 58.63802], [12.3651, 58.59365], [12.44532, 58.54008], [12.52395, 58.45664], [12.53884, 58.45211], [12.89732, 58.48816], [13.78249, 58.53801], [14.87512, 58.59104], [15.47899, 58.60731], [15.49228, 58.61481], [15.49393, 58.66795], [15.51905, 58.73697], [15.57043, 58.80289], [15.64495, 58.86155], [15.74793, 58.92438], [15.81822, 58.9555], [15.85453, 58.95844], [15.9898, 58.95895], [16.05788, 58.95395], [16.33795, 58.92476], [16.62305, 58.88458], [16.99395, 58.81316], [17.27603, 58.73574], [17.27603, 58.73071], [17.16194, 58.73208], [17.13186, 58.73755], [17.10084, 58.76138], [17.08692, 58.76484], [17.02817, 58.75117], [17.0734, 58.74477], [17.08348, 58.73753], [17.07757, 58.72058], [17.06251, 58.71019], [17.08302, 58.70287], [17.12533, 58.70579], [17.14527, 58.70285], [17.14566, 58.69661], [17.09302, 58.66085], [17.06984, 58.66182], [17.01092, 58.68183], [16.97495, 58.68537], [16.95387, 58.66926], [17.00164, 58.66787], [17.01954, 58.65986], [17.03579, 58.64131], [17.01295, 58.64142], [16.92416, 58.62544], [16.23374, 58.66926], [16.23373, 58.66181], [16.25721, 58.65153], [16.26147, 58.64305], [16.25487, 58.6345], [16.23992, 58.63227], [16.19776, 58.6374], [16.17921, 58.63451], [16.17921, 58.62832], [16.20395, 58.63398], [16.21412, 58.63129], [16.22006, 58.62084], [16.24025, 58.62812], [16.28541, 58.61591], [16.33399, 58.63913], [16.37157, 58.62054], [16.37159, 58.60375], [16.37648, 58.59516], [16.38771, 58.59162], [16.40919, 58.59663], [16.42841, 58.63939], [16.43979, 58.64814], [16.51783, 58.62458], [16.63592, 58.62678], [16.65739, 58.62229], [16.68971, 58.60546], [16.73048, 58.60228], [16.7483, 58.59292], [16.74157, 58.61398], [16.78929, 58.60715], [16.77963, 58.58869], [16.78598, 58.57274], [16.80421, 58.56208], [16.8303, 58.55939], [16.81666, 58.54637], [16.84399, 58.54636], [16.83416, 58.52953], [16.88494, 58.51846], [16.9402, 58.49112], [16.91618, 58.48348], [16.8659, 58.48306], [16.844, 58.47748], [16.85258, 58.46294], [16.83032, 58.4521], [16.76547, 58.44066], [16.7483, 58.42903], [16.72047, 58.43651], [16.59791, 58.44863], [16.53972, 58.46817], [16.44142, 58.48599], [16.41261, 58.47748], [16.44825, 58.4748], [16.65952, 58.41478], [16.69255, 58.41273], [16.70556, 58.40769], [16.71484, 58.39496], [16.70965, 58.36913], [16.71485, 58.36018], [16.73894, 58.36494], [16.75458, 58.37375], [16.77125, 58.3631], [16.77506, 58.33967], [16.63168, 58.35395], [16.69996, 58.31916], [16.6985, 58.3017], [16.71078, 58.29873], [16.72706, 58.30362], [16.72048, 58.31915], [16.77931, 58.32559], [16.79916, 58.32364], [16.7893, 58.30558], [16.7614, 58.30557], [16.75455, 58.28511], [16.7068, 58.27827], [16.7068, 58.27139], [16.7295, 58.2685], [16.80296, 58.24469], [16.78932, 58.23725], [16.80281, 58.2308], [16.82118, 58.2073], [16.82226, 58.17964], [16.78826, 58.17927], [16.8098, 58.16209], [16.77719, 58.13053], [16.72146, 58.14986], [16.66188, 58.18553], [16.61744, 58.20311], [16.63209, 58.18574], [16.67189, 58.16527], [16.68626, 58.1479], [16.65952, 58.14789], [16.73607, 58.08479], [16.71485, 58.07958], [16.71222, 58.05951], [16.68629, 58.05854], [16.74023, 58.03977], [16.75455, 58.02497], [16.73781, 58.01424], [16.72047, 58.02497], [16.69158, 58.01484], [16.68678, 58.00873], [16.69992, 57.99772], [16.67905, 58.00511], [16.65797, 58.03535], [16.64471, 58.03864], [16.6312, 58.0279], [16.63722, 58.01447], [16.65952, 57.99022], [16.68629, 57.99022], [16.70639, 57.9621], [16.7278, 57.97405], [16.73534, 57.9719], [16.74155, 57.94619], [16.78245, 57.91512], [16.76539, 57.91523], [16.72731, 57.92878], [16.73618, 57.91376], [16.76537, 57.89883], [16.76879, 57.88785], [16.75814, 57.87703], [16.74106, 57.87719], [16.72341, 57.8835], [16.68287, 57.91889], [16.67945, 57.89838], [16.67073, 57.89144], [16.61063, 57.89469], [16.61378, 57.9121], [16.60377, 57.92878], [16.62566, 57.92837], [16.64471, 57.92133], [16.51531, 57.99885], [16.4983, 57.99299], [16.49724, 57.9772], [16.53207, 57.95026], [16.5901, 57.93561], [16.56959, 57.92133], [16.57698, 57.90192], [16.56275, 57.88786], [16.52459, 57.90632], [16.4808, 57.91511], [16.49446, 57.9021], [16.48726, 57.89487], [16.4603, 57.90209], [16.4603, 57.89468], [16.67547, 57.76447], [16.70677, 57.75063], [16.69995, 57.74385], [16.6351, 57.76569], [16.54184, 57.83902], [16.41944, 57.89468], [16.43898, 57.86538], [16.53004, 57.82526], [16.57325, 57.79536], [16.59449, 57.7729], [16.61817, 57.76659], [16.66519, 57.73702], [16.65211, 57.72956], [16.69076, 57.72565], [16.71471, 57.70303], [16.69313, 57.70283], [16.69313, 57.69599], [16.7068, 57.69599], [16.70639, 57.68857], [16.63917, 57.69234], [16.577, 57.70966], [16.61059, 57.68237], [16.61995, 57.66665], [16.61765, 57.65827], [16.60483, 57.65681], [16.58326, 57.66193], [16.59181, 57.65168], [16.61508, 57.64789], [16.62456, 57.64162], [16.63052, 57.6291], [16.56275, 57.59297], [16.55494, 57.60619], [16.55592, 57.62714], [16.53883, 57.62067], [16.52052, 57.62714], [16.54225, 57.60733], [16.52052, 57.59296], [16.52052, 57.58613], [16.54221, 57.5793], [16.54225, 57.5725], [16.51499, 57.5725], [16.51499, 57.56631], [16.59246, 57.56484], [16.62914, 57.55686], [16.68895, 57.47176], [16.65952, 57.47626], [16.67219, 57.45966], [16.63844, 57.44896], [16.63331, 57.43708], [16.63901, 57.4267], [16.67258, 57.41547], [16.62574, 57.39899], [16.63166, 57.38078], [16.5726, 57.38744], [16.54762, 57.38251], [16.53484, 57.36026], [16.56957, 57.34658], [16.54737, 57.3288], [16.56273, 57.31928], [16.4852, 57.29462], [16.46909, 57.27538], [16.49445, 57.24291], [16.46599, 57.22801], [16.45818, 57.20401], [16.46502, 57.17731], [16.50945, 57.12735], [16.53102, 57.11693], [16.54313, 57.11798], [16.5525, 57.11009], [16.56957, 57.0865], [16.55445, 57.08076], [16.58323, 57.04492], [16.53485, 57.05175], [16.53484, 57.06346], [16.52768, 57.06538], [16.51075, 57.05598], [16.50034, 57.03975], [16.43979, 57.05174], [16.47338, 57.03124], [16.47338, 57.02384], [16.45314, 57.0235], [16.43979, 57.01411], [16.43491, 56.99787], [16.43979, 56.97663], [16.46809, 56.94928], [16.43637, 56.91112], [16.43977, 56.86685], [16.40797, 56.79914], [16.41603, 56.78799], [16.42856, 56.78295], [16.46339, 56.79783], [16.47248, 56.79437], [16.47168, 56.77741], [16.45485, 56.76831], [16.41261, 56.77741], [16.36109, 56.76374], [16.35662, 56.75845], [16.3778, 56.72565], [16.37918, 56.67587], [16.37157, 56.66133], [16.34113, 56.6513], [16.32497, 56.65218], [16.30112, 56.66328], [16.25522, 56.65038], [16.24635, 56.6424], [16.22096, 56.60871], [16.20717, 56.53872], [16.17872, 56.53706], [16.16601, 56.50801], [16.11769, 56.45527], [16.09522, 56.41938], [16.03824, 56.25508], [16.02036, 56.2464], [16.00415, 56.21925], [15.93214, 56.17471], [15.87455, 56.10297], [15.85173, 56.08638], [15.83514, 56.08797], [15.78876, 56.10644], [15.8187, 56.14004], [15.82651, 56.15937], [15.80616, 56.16791], [15.75668, 56.15674], [15.73126, 56.15721], [15.71363, 56.17471], [15.70249, 56.17024], [15.69174, 56.17862], [15.6482, 56.19457], [15.59214, 56.16056], [15.57596, 56.17471], [15.5962, 56.20376], [15.58644, 56.20889], [15.49293, 56.17634], [15.47999, 56.15186], [15.43328, 56.1789], [15.40398, 56.17976], [15.37672, 56.16108], [15.36516, 56.14109], [15.32098, 56.13965], [15.29529, 56.1474], [15.3226, 56.15363], [15.29526, 56.18838], [15.27376, 56.17122], [15.23488, 56.15733], [15.1924, 56.15291], [15.15431, 56.16865], [15.13087, 56.16109], [15.09303, 56.16109], [15.08523, 56.16462], [15.07553, 56.18838], [15.03468, 56.18155], [15.04897, 56.15365], [14.98846, 56.16918], [14.95338, 56.17292], [14.90602, 56.16121], [14.84816, 56.16397], [14.8496, 56.14741], [14.83025, 56.14266], [14.77459, 56.16791], [14.72495, 56.16763], [14.70134, 56.16136], [14.6858, 56.14741], [14.6823, 56.11713], [14.70357, 56.10924], [14.76773, 56.03071], [14.71551, 56.00236], [14.70574, 56.01704], [14.6858, 56.01704], [14.67302, 56.00533], [14.64975, 56.01032], [14.61152, 56.01114], [14.60973, 56.01532], [14.62379, 56.02448], [14.60769, 56.03702], [14.60328, 56.05805], [14.58221, 56.04378], [14.5691, 56.05805], [14.53301, 56.04574], [14.49741, 56.04047], [14.40772, 55.97704], [14.34645, 55.95332], [14.32324, 55.91572], [14.31152, 55.90718], [14.27101, 55.89448], [14.23471, 55.8627], [14.20851, 55.82128], [14.19581, 55.72565], [14.2059, 55.70856], [14.26106, 55.68015], [14.27349, 55.66783], [14.27605, 55.635], [14.28452, 55.62295], [14.31664, 55.60235], [14.35798, 55.56383], [14.36748, 55.54517], [14.36303, 55.52363], [14.34879, 55.51057], [14.2649, 55.46125], [14.21868, 55.41352], [14.18115, 55.39082], [14.15801, 55.38719], [14.06422, 55.39078], [14.03506, 55.39725], [13.95623, 55.42682], [13.89723, 55.43488], [13.84229, 55.42122], [13.78028, 55.42744], [13.62957, 55.41828], [13.59595, 55.39326], [13.58115, 55.38892], [13.53785, 55.39326], [13.50343, 55.38837], [13.4113, 55.35244], [13.381, 55.346], [13.31251, 55.34269], [13.28053, 55.34546], [13.11549, 55.38028], [13.06154, 55.38127], [13.03078, 55.38643], [13.00001, 55.40009], [12.97918, 55.40327], [12.95834, 55.40009], [12.93228, 55.38796], [12.91077, 55.38748], [12.88673, 55.39326], [12.84742, 55.38204], [12.83279, 55.38256], [12.82881, 55.40009], [12.8594, 55.43487], [12.87183, 55.43438], [12.90463, 55.41796], [12.9297, 55.41877], [12.95289, 55.42499], [12.96583, 55.43488], [12.96324, 55.45424], [12.98569, 55.4479], [12.97584, 55.47504], [12.9285, 55.52001], [12.91758, 55.54743], [12.92963, 55.57909], [12.95836, 55.59812], [13.03834, 55.6352], [13.05795, 55.66071], [13.05486, 55.69404], [13.01149, 55.72842], [12.97439, 55.72648], [12.96583, 55.74616], [12.92263, 55.74947], [12.91133, 55.76385], [12.9319, 55.76948], [12.93865, 55.79047], [12.92604, 55.83405], [12.89129, 55.85358], [12.85077, 55.86568], [12.82132, 55.88671], [12.80494, 55.92927], [12.77078, 55.94844], [12.75229, 55.99657], [12.71928, 56.01233], [12.70877, 56.02131], [12.69801, 56.0515], [12.60252, 56.12292], [12.55374, 56.18155], [12.54078, 56.22248], [12.50457, 56.27534], [12.46487, 56.2917], [12.45147, 56.30441], [12.64624, 56.25726], [12.66619, 56.23945], [12.70485, 56.22248], [12.73561, 56.22931], [12.79689, 56.2281], [12.81446, 56.23615], [12.83351, 56.26569], [12.82944, 56.27855], [12.78347, 56.29341], [12.73178, 56.35969], [12.64382, 56.39607], [12.62161, 56.41934], [12.65693, 56.45526], [12.71372, 56.46734], [12.83326, 56.44257], [12.89015, 56.45527], [12.93336, 56.50654], [12.93442, 56.54707], [12.90401, 56.59272], [12.88608, 56.63715], [12.87176, 56.64948], [12.84205, 56.65388], [12.77782, 56.64421], [12.73179, 56.64705], [12.67988, 56.6796], [12.66432, 56.7143], [12.63137, 56.73404], [12.61575, 56.75007], [12.59476, 56.78799], [12.59832, 56.82099], [12.53388, 56.84635], [12.52703, 56.85993], [12.49921, 56.86686], [12.46957, 56.89204], [12.37502, 56.91206], [12.35647, 56.92382], [12.34215, 56.96296], [12.35426, 56.98566], [12.34099, 57.01406], [12.33326, 57.0209], [12.27126, 57.04288], [12.24742, 57.06074], [12.24529, 57.07905], [12.21862, 57.09272], [12.23764, 57.10806], [12.23341, 57.12149], [12.20426, 57.14816], [12.19744, 57.18488], [12.16099, 57.18416], [12.14913, 57.1883], [12.19125, 57.21259], [12.13837, 57.21968], [12.10135, 57.23672], [12.12924, 57.23672], [12.1565, 57.24291], [12.12729, 57.25007], [12.09508, 57.2504], [12.09508, 57.25714], [12.11965, 57.27516], [12.14259, 57.27998], [12.14723, 57.28547], [12.14405, 57.31013], [12.10499, 57.34455], [12.09815, 57.34658], [12.06716, 57.3398], [12.04984, 57.35114], [12.10874, 57.39436], [12.06037, 57.39436], [12.08269, 57.40229], [12.09205, 57.41136], [12.08985, 57.42304], [12.05925, 57.45881], [12.04363, 57.46182], [12.0066, 57.43415], [11.99292, 57.36604], [11.97902, 57.34662], [11.97218, 57.36408], [11.93363, 57.36084], [11.94483, 57.3876], [11.9227, 57.38741], [11.90336, 57.39436], [11.91521, 57.40339], [11.90339, 57.44869], [11.90709, 57.46527], [11.91637, 57.47626], [11.94483, 57.48994], [11.91021, 57.5036], [11.93116, 57.51105], [11.90336, 57.52412], [11.91765, 57.53954], [11.91148, 57.59528], [11.91684, 57.62092], [11.89715, 57.62714], [11.89186, 57.61298], [11.87964, 57.6062], [11.86738, 57.60742], [11.85808, 57.63264], [11.835, 57.66193], [11.8446, 57.68301], [11.90952, 57.68684], [11.92368, 57.70283], [11.90211, 57.69623], [11.84588, 57.69331], [11.82131, 57.696], [11.77052, 57.71223], [11.74773, 57.71361], [11.75178, 57.696], [11.71974, 57.69352], [11.70544, 57.69844], [11.70633, 57.72199], [11.8104, 57.7814], [11.80787, 57.78807], [11.7894, 57.79027], [11.75181, 57.78483], [11.68678, 57.83763], [11.6563, 57.83943], [11.67841, 57.85374], [11.70395, 57.8605], [11.69364, 57.88117], [11.7073, 57.89142], [11.75929, 57.90209], [11.75929, 57.90827], [11.74564, 57.90827], [11.74564, 57.9151], [11.75945, 57.91901], [11.76612, 57.92878], [11.73661, 57.93867], [11.74368, 57.95571], [11.78728, 57.99771], [11.80014, 58.02228], [11.80291, 58.03657], [11.78299, 58.06916], [11.78633, 58.07859], [11.80096, 58.08641], [11.79349, 58.10008], [11.81813, 58.10318], [11.82846, 58.12124], [11.84131, 58.19378], [11.87574, 58.19916], [11.88966, 58.21678], [11.86062, 58.21842], [11.85183, 58.22663], [11.84457, 58.25336], [11.81383, 58.27827], [11.80895, 58.30219], [11.82594, 58.31655], [11.88282, 58.33283], [11.87037, 58.34536], [11.84946, 58.34268], [11.80701, 58.32662], [11.7518, 58.32978], [11.72674, 58.32709], [11.72574, 58.31298], [11.71135, 58.30756], [11.67897, 58.30744], [11.61891, 58.27827], [11.58106, 58.25092], [11.55201, 58.25031], [11.52589, 58.25776], [11.53953, 58.23727], [11.50588, 58.24308], [11.49661, 58.25837], [11.50385, 58.28052], [11.54176, 58.33356], [11.62208, 58.38813], [11.60777, 58.39498], [11.63697, 58.41356], [11.66993, 58.42219], [11.6526, 58.4374], [11.62892, 58.43134], [11.58865, 58.40112], [11.55323, 58.4632], [11.54705, 58.4632], [11.55169, 58.39908], [11.54167, 58.36493], [11.52247, 58.33625], [11.46598, 58.29414], [11.3962, 58.26462], [11.41619, 58.29035], [11.44337, 58.30557], [11.44337, 58.31297], [11.39918, 58.30298], [11.38935, 58.30558], [11.38382, 58.31818], [11.40106, 58.33681], [11.44858, 58.34174], [11.42288, 58.36384], [11.42408, 58.38813], [11.40699, 58.38736], [11.38248, 58.35396], [11.3709, 58.34763], [11.35532, 58.34391], [11.3459, 58.34602], [11.42408, 58.44269], [11.37241, 58.39989], [11.3484, 58.38813], [11.33416, 58.36762], [11.30681, 58.36006], [11.27914, 58.36616], [11.25359, 58.36591], [11.23169, 58.33968], [11.2209, 58.34626], [11.22486, 58.37067], [11.20438, 58.40111], [11.20901, 58.41893], [11.22341, 58.42486], [11.25904, 58.42219], [11.2515, 58.44233], [11.29371, 58.47004], [11.25768, 58.48217], [11.23861, 58.50769], [11.25221, 58.51846], [11.25565, 58.55573], [11.28053, 58.5703], [11.28631, 58.5799]]], [[[11.09108, 57.25279], [11.06717, 57.23836], [11.02883, 57.20192], [10.99832, 57.19796], [10.97798, 57.20674], [10.95182, 57.23373], [10.88914, 57.24525], [10.85501, 57.26464], [10.85501, 57.27089], [10.89183, 57.27667], [10.94661, 57.30463], [11.01008, 57.30987], [11.02773, 57.32068], [11.10193, 57.32042], [11.14235, 57.33233], [11.16993, 57.3327], [11.1901, 57.3255], [11.19726, 57.31338], [11.1891, 57.29429], [11.14323, 57.30135], [11.06658, 57.29133], [11.08269, 57.28388], [11.09414, 57.26899], [11.09108, 57.25279]]], [[[11.75636, 57.63972], [11.73635, 57.63639], [11.72749, 57.64667], [11.75648, 57.65477], [11.76824, 57.65054], [11.7784, 57.65557], [11.78645, 57.64517], [11.78149, 57.63139], [11.75636, 57.63972]]], [[[11.61571, 57.70226], [11.63941, 57.70075], [11.62877, 57.71288], [11.6291, 57.72991], [11.65837, 57.71353], [11.66299, 57.70755], [11.65423, 57.69994], [11.66446, 57.69724], [11.67057, 57.6783], [11.64438, 57.679], [11.62908, 57.68968], [11.61439, 57.69227], [11.61571, 57.70226]]], [[[11.57911, 57.85773], [11.55943, 57.86344], [11.55727, 57.87144], [11.56658, 57.87494], [11.57358, 57.87218], [11.59881, 57.87999], [11.58888, 57.88394], [11.57545, 57.87995], [11.55879, 57.88663], [11.58043, 57.89727], [11.59921, 57.89931], [11.63113, 57.89121], [11.64086, 57.878], [11.58702, 57.84648], [11.58847, 57.86123], [11.57911, 57.85773]]], [[[11.63941, 57.95137], [11.61891, 57.95425], [11.59473, 57.93562], [11.58107, 57.93587], [11.56007, 57.94929], [11.52786, 57.9543], [11.51249, 57.99262], [11.51567, 58.00081], [11.52703, 58.00532], [11.56756, 58.00389], [11.54713, 58.01], [11.50564, 58.01302], [11.49792, 58.02806], [11.50577, 58.04583], [11.52514, 58.05068], [11.56756, 58.04548], [11.65968, 58.04548], [11.71694, 58.06442], [11.73876, 58.05853], [11.7456, 58.03119], [11.73193, 57.99771], [11.71023, 57.99291], [11.71144, 58.01138], [11.69508, 58.01508], [11.67937, 58.00625], [11.65063, 57.9554], [11.63941, 57.95137]]], [[[11.40889, 58.14569], [11.42898, 58.16095], [11.52786, 58.21278], [11.56267, 58.21955], [11.60158, 58.23724], [11.64796, 58.23404], [11.6631, 58.23725], [11.66003, 58.25812], [11.67742, 58.27139], [11.66993, 58.2851], [11.68637, 58.2912], [11.73876, 58.28509], [11.74985, 58.26288], [11.78939, 58.2464], [11.80673, 58.23063], [11.81374, 58.2112], [11.81381, 58.14448], [11.8047, 58.12572], [11.75668, 58.11831], [11.70818, 58.09822], [11.65463, 58.10798], [11.62893, 58.1001], [11.61231, 58.1186], [11.5853, 58.12311], [11.55649, 58.11786], [11.53395, 58.10688], [11.51628, 58.08602], [11.49563, 58.08992], [11.46388, 58.10688], [11.46386, 58.07218], [11.45771, 58.07218], [11.44744, 58.10346], [11.40661, 58.13109], [11.40889, 58.14569]]], [[[15.14469, 55.08711], [15.10662, 55.04466], [15.11322, 55.0183], [15.07266, 54.99165], [14.9825, 55.0011], [14.92727, 55.0137], [14.85861, 55.03823], [14.78084, 55.05114], [14.69957, 55.08919], [14.68419, 55.10135], [14.69704, 55.12265], [14.70916, 55.23559], [14.73707, 55.26667], [14.76092, 55.30926], [14.85142, 55.2482], [14.9268, 55.2158], [14.95435, 55.21924], [14.97339, 55.21612], [15.0005, 55.18842], [15.08454, 55.15458], [15.13159, 55.14544], [15.15136, 55.1332], [15.13771, 55.11953], [15.14766, 55.09581], [15.14469, 55.08711]]], [[[15.77307, 56.02175], [15.78882, 56.03606], [15.78232, 56.02733], [15.80133, 56.03419], [15.8098, 56.03233], [15.78875, 56.01241], [15.77307, 56.02175]]], [[[15.64234, 56.10464], [15.65496, 56.11945], [15.66912, 56.12392], [15.68336, 56.1175], [15.7269, 56.11835], [15.71465, 56.10715], [15.70086, 56.10566], [15.69678, 56.0743], [15.68329, 56.07539], [15.65115, 56.09], [15.64234, 56.10464]]], [[[15.43834, 56.11216], [15.45502, 56.11989], [15.48673, 56.12567], [15.48481, 56.1088], [15.46523, 56.0959], [15.44434, 56.09938], [15.43834, 56.11216]]], [[[15.5577, 56.12546], [15.56566, 56.11851], [15.55648, 56.10026], [15.52151, 56.10274], [15.51393, 56.11054], [15.52038, 56.12445], [15.53378, 56.12929], [15.5577, 56.12546]]], [[[15.60858, 56.0979], [15.59382, 56.11017], [15.61559, 56.13076], [15.635, 56.13348], [15.62778, 56.1035], [15.60858, 56.0979]]], [[[14.95502, 56.11926], [14.95397, 56.12298], [14.97953, 56.12532], [14.97388, 56.11085], [14.95502, 56.11926]]], [[[15.76555, 56.13109], [15.77344, 56.13392], [15.77719, 56.12356], [15.76355, 56.1089], [15.75628, 56.10742], [15.71472, 56.13264], [15.71878, 56.13832], [15.73709, 56.14009], [15.76555, 56.13109]]], [[[16.90994, 57.20221], [16.94044, 57.21284], [16.95924, 57.2307], [16.9665, 57.30459], [17.03583, 57.35276], [17.06526, 57.35772], [17.0735, 57.34321], [17.08188, 57.34138], [17.104, 57.35276], [17.1245, 57.31929], [17.09702, 57.31737], [17.07553, 57.30512], [17.042, 57.2709], [17.06444, 57.24189], [17.06623, 57.22693], [17.04947, 57.18831], [17.02817, 57.18146], [17.0153, 57.14794], [16.97348, 57.10419], [16.96061, 57.06322], [16.9432, 57.05183], [16.89861, 57.03807], [16.91285, 57.0235], [16.9339, 57.01756], [16.89918, 56.99641], [16.87127, 56.96918], [16.88447, 56.93584], [16.88305, 56.91625], [16.85817, 56.8968], [16.83032, 56.82584], [16.78159, 56.81061], [16.76873, 56.79678], [16.75651, 56.74746], [16.6985, 56.64521], [16.68277, 56.5935], [16.63697, 56.55972], [16.63152, 56.53221], [16.63842, 56.52416], [16.62485, 56.50365], [16.61954, 56.47516], [16.57586, 56.40575], [16.56639, 56.34614], [16.49088, 56.23957], [16.4502, 56.21866], [16.42849, 56.21797], [16.41263, 56.22932], [16.41054, 56.23806], [16.41261, 56.27094], [16.39896, 56.29825], [16.40724, 56.31997], [16.40579, 56.38703], [16.41407, 56.40278], [16.39147, 56.45869], [16.40225, 56.55464], [16.41946, 56.58563], [16.44256, 56.60871], [16.45296, 56.63772], [16.62072, 56.87207], [16.63825, 56.88255], [16.71681, 56.89183], [16.73129, 56.904], [16.74851, 56.94217], [16.88836, 57.11823], [16.90994, 57.20221]]], [[[16.60605, 57.10488], [16.58698, 57.10262], [16.58044, 57.1194], [16.62159, 57.10371], [16.6463, 57.09813], [16.63827, 57.0944], [16.61102, 57.09859], [16.60605, 57.10488]]], [[[16.56949, 57.16466], [16.56689, 57.15942], [16.53761, 57.1486], [16.52542, 57.16311], [16.54199, 57.17629], [16.5625, 57.17645], [16.56949, 57.16466]]], [[[18.81074, 57.85122], [18.84409, 57.8736], [18.8519, 57.89126], [18.83743, 57.91217], [18.91332, 57.92132], [18.89796, 57.89765], [18.91725, 57.88813], [18.94158, 57.88882], [18.94127, 57.90208], [18.95656, 57.90777], [18.99533, 57.91204], [19.00952, 57.90826], [19.00213, 57.90209], [19.01401, 57.88129], [19.02467, 57.87189], [19.0503, 57.86221], [19.08519, 57.82576], [19.01498, 57.82201], [18.98658, 57.80744], [18.9816, 57.77052], [18.95777, 57.78461], [18.94874, 57.78266], [18.94752, 57.77054], [18.93214, 57.75227], [18.94123, 57.72957], [18.86525, 57.72334], [18.82081, 57.73701], [18.80714, 57.73444], [18.81024, 57.70947], [18.76246, 57.61717], [18.81029, 57.60732], [18.79469, 57.57807], [18.78979, 57.54829], [18.7614, 57.50764], [18.77611, 57.49746], [18.76881, 57.48184], [18.7732, 57.47224], [18.7859, 57.46821], [18.80344, 57.46942], [18.78981, 57.44896], [18.86891, 57.43529], [18.87974, 57.44919], [18.90848, 57.43931], [18.92611, 57.4182], [18.92626, 57.39265], [18.90992, 57.38761], [18.87916, 57.38761], [18.85816, 57.39435], [18.84077, 57.38276], [18.80152, 57.37621], [18.77019, 57.36449], [18.71792, 57.32894], [18.68043, 57.31049], [18.66676, 57.29678], [18.67368, 57.27766], [18.71093, 57.27431], [18.7141, 57.24291], [18.67888, 57.23334], [18.6805, 57.22994], [18.59148, 57.21869], [18.56446, 57.20942], [18.56446, 57.20197], [18.57811, 57.20197], [18.57812, 57.19575], [18.55543, 57.19245], [18.43116, 57.15428], [18.40642, 57.14301], [18.38575, 57.12743], [18.45455, 57.12742], [18.35987, 57.09614], [18.34474, 57.08275], [18.3379, 57.03124], [18.34864, 57.0185], [18.36427, 57.01142], [18.39999, 57.00398], [18.34474, 57.00397], [18.34474, 56.99714], [18.35838, 56.98969], [18.32146, 56.96906], [18.31124, 56.94792], [18.20432, 56.91529], [18.16969, 56.91203], [18.13871, 56.92203], [18.20387, 56.98627], [18.20088, 57.01756], [18.21389, 57.0263], [18.25082, 57.03388], [18.26564, 57.04149], [18.29021, 57.09272], [18.22331, 57.0603], [18.20088, 57.06538], [18.20088, 57.07282], [18.22511, 57.09492], [18.22731, 57.10749], [18.21439, 57.11384], [18.22804, 57.13369], [18.18533, 57.14485], [18.15984, 57.2298], [18.0994, 57.25898], [18.10111, 57.27802], [18.11559, 57.29702], [18.15309, 57.31342], [18.16586, 57.33161], [18.17115, 57.35212], [18.16605, 57.36709], [18.17921, 57.37954], [18.14619, 57.40803], [18.14536, 57.42617], [18.12086, 57.46531], [18.11201, 57.51105], [18.1282, 57.54816], [18.16149, 57.57794], [18.32504, 57.67259], [18.4633, 57.80332], [18.49938, 57.82655], [18.54978, 57.83933], [18.5949, 57.83137], [18.60865, 57.83633], [18.6406, 57.88593], [18.6781, 57.914], [18.70046, 57.92132], [18.72338, 57.92297], [18.74243, 57.91791], [18.76928, 57.88784], [18.76466, 57.86518], [18.80348, 57.82575], [18.81074, 57.85122]]], [[[16.71131, 57.51073], [16.71963, 57.50138], [16.69101, 57.50934], [16.68134, 57.52385], [16.71131, 57.51073]]], [[[16.72672, 57.6192], [16.72704, 57.60302], [16.70207, 57.57735], [16.69337, 57.57515], [16.6714, 57.58588], [16.65497, 57.57654], [16.65852, 57.59425], [16.67385, 57.60321], [16.69606, 57.60102], [16.70282, 57.62339], [16.72672, 57.6192]]], [[[16.66241, 57.80946], [16.70791, 57.80918], [16.71827, 57.80414], [16.72216, 57.79772], [16.70898, 57.78019], [16.66181, 57.79996], [16.65588, 57.80516], [16.66241, 57.80946]]], [[[23.23959, 57.82257], [23.27066, 57.8078], [23.27018, 57.78564], [23.25026, 57.78438], [23.2178, 57.80093], [23.22431, 57.82371], [23.23959, 57.82257]]], [[[16.71177, 57.85313], [16.72884, 57.85361], [16.74765, 57.83808], [16.7635, 57.83689], [16.76596, 57.8207], [16.78637, 57.80545], [16.77793, 57.80424], [16.76157, 57.81456], [16.74025, 57.81057], [16.71315, 57.83954], [16.69958, 57.83911], [16.71177, 57.85313]]], [[[19.29606, 57.94368], [19.24789, 57.95246], [19.20532, 57.93514], [19.16196, 57.92597], [19.1399, 57.90827], [19.16063, 57.89606], [19.16031, 57.88032], [19.12963, 57.84688], [19.09842, 57.85274], [19.07163, 57.86791], [19.0368, 57.90523], [19.04364, 57.92113], [19.06788, 57.93936], [19.09833, 57.97654], [19.14861, 57.97907], [19.16343, 57.98712], [19.20582, 57.98347], [19.22241, 57.9902], [19.22674, 57.9737], [19.24008, 57.97061], [19.27296, 57.97653], [19.30567, 57.97637], [19.33853, 57.96357], [19.32585, 57.9567], [19.31056, 57.95673], [19.29606, 57.94368]]], [[[22.04168, 58.20143], [22.11463, 58.19301], [22.28606, 58.18578], [22.27174, 58.17426], [22.25697, 58.09355], [22.22908, 58.05199], [22.19988, 58.02603], [22.20295, 57.99397], [22.19023, 57.98405], [22.04834, 57.91512], [22.01687, 57.91451], [21.9901, 57.93562], [21.99073, 57.95824], [21.96267, 57.97529], [21.96341, 57.98402], [21.99757, 57.98404], [22.02136, 58.02122], [22.08572, 58.08258], [22.09621, 58.0864], [22.13551, 58.07673], [22.14772, 58.07958], [22.16506, 58.11689], [22.20297, 58.1479], [22.18035, 58.16083], [22.14186, 58.1695], [22.07228, 58.17586], [22.053, 58.1866], [22.04168, 58.20143]]], [[[16.81959, 58.09687], [16.83178, 58.10138], [16.83902, 58.09882], [16.83382, 58.0933], [16.8178, 58.0909], [16.796, 58.09586], [16.7825, 58.10529], [16.78811, 58.11383], [16.81541, 58.11893], [16.82151, 58.11082], [16.81218, 58.10069], [16.81959, 58.09687]]], [[[22.52961, 58.14927], [22.5, 58.12113], [22.49692, 58.13068], [22.47733, 58.14297], [22.49634, 58.17612], [22.51252, 58.17283], [22.52961, 58.14927]]], [[[16.94693, 58.18598], [16.93539, 58.17883], [16.91018, 58.18481], [16.90937, 58.19875], [16.92343, 58.20497], [16.92571, 58.19949], [16.93262, 58.20436], [16.94294, 58.19587], [16.94693, 58.18598]]], [[[16.90612, 58.25446], [16.92179, 58.26901], [16.92984, 58.26544], [16.92984, 58.25731], [16.90733, 58.2449], [16.90612, 58.25446]]], [[[17.03873, 58.26638], [17.03629, 58.26029], [16.9989, 58.24983], [17.01744, 58.26544], [17.03873, 58.26638]]], [[[16.87911, 58.2808], [16.86816, 58.27266], [16.84744, 58.27547], [16.83255, 58.30418], [16.8449, 58.31037], [16.87727, 58.2997], [16.87911, 58.2808]]], [[[16.79007, 58.38906], [16.85377, 58.40199], [16.86425, 58.39769], [16.85117, 58.38335], [16.82879, 58.38154], [16.84716, 58.37214], [16.82748, 58.36359], [16.83058, 58.35594], [16.87029, 58.33324], [16.91892, 58.33637], [16.89502, 58.32071], [16.86525, 58.31672], [16.82737, 58.32757], [16.78519, 58.38006], [16.79007, 58.38906]]], [[[19.18778, 58.39495], [19.22242, 58.39495], [19.24879, 58.38605], [19.30567, 58.37897], [19.33169, 58.36762], [19.29118, 58.35025], [19.25034, 58.34285], [19.21414, 58.35469], [19.18778, 58.39495]]], [[[16.9721, 58.43386], [16.97866, 58.43012], [16.96142, 58.41244], [16.94958, 58.42703], [16.9721, 58.43386]]], [[[16.97307, 58.48218], [16.95281, 58.49063], [16.95468, 58.49836], [16.96467, 58.5025], [16.99227, 58.49622], [16.99626, 58.49109], [16.97307, 58.48218]]], [[[16.9463, 58.50182], [16.90805, 58.51171], [16.89381, 58.52078], [16.89228, 58.527], [16.90918, 58.52927], [16.94077, 58.51305], [16.9463, 58.50182]]]]}}]}