{"type": "FeatureCollection", "features": [{"type": "Feature", "properties": {"map_title": "1939~1941년 사이 유럽에서의 전쟁 상황", "source": "미래엔 세계사 교과서 4권 190쪽", "volume": 4, "page": 190, "legend": "연합국", "name": "연합국", "name_en": "Allies", "period": "1939–1941", "kind": "세력권", "coast_snap": "Natural Earth 10m 해안선에 맞춤", "border_snap": "현대 국경(Natural Earth 10m)에 맞춘 구간 약 2786 km"}, "geometry": {"type": "MultiPolygon", "coordinates": [[[[-4.67048, 51.16012], [-4.67852, 51.16706], [-4.67648, 51.19289], [-4.67122, 51.19504], [-4.66403, 51.17733], [-4.6635, 51.16487], [-4.67048, 51.16012]]], [[[-4.68148, 51.63029], [-4.69078, 51.62923], [-4.70446, 51.63429], [-4.70702, 51.64289], [-4.67779, 51.63552], [-4.68148, 51.63029]]], [[[-5.29316, 51.74314], [-5.27142, 51.73525], [-5.30052, 51.72701], [-5.31491, 51.73725], [-5.29316, 51.74314]]], [[[-5.33114, 51.87584], [-5.33357, 51.85999], [-5.34203, 51.85289], [-5.35048, 51.8573], [-5.34978, 51.87413], [-5.34137, 51.87847], [-5.33114, 51.87584]]], [[[-4.80226, 52.74547], [-4.79384, 52.76828], [-4.78178, 52.76658], [-4.78557, 52.75386], [-4.80226, 52.74547]]], [[[-4.69394, 53.30963], [-4.6673, 53.32391], [-4.65567, 53.31977], [-4.6263, 53.32086], [-4.59044, 53.29755], [-4.57726, 53.27204], [-4.55846, 53.25275], [-4.56364, 53.24194], [-4.57222, 53.23957], [-4.60239, 53.25308], [-4.63256, 53.28294], [-4.67665, 53.28511], [-4.69394, 53.30963]]], [[[-4.63523, 54.25351], [-4.67257, 54.22588], [-4.71588, 54.19805], [-4.71026, 54.22064], [-4.68814, 54.22378], [-4.66397, 54.23355], [-4.63523, 54.25351]]], [[[-4.49534, 54.38588], [-4.45649, 54.39934], [-4.51402, 54.34014], [-4.59354, 54.2835], [-4.53068, 54.36629], [-4.49534, 54.38588]]], [[[-8.15648, 55.1245], [-8.11485, 55.15472], [-8.02099, 55.18879], [-7.99957, 55.21962], [-7.9768, 55.2219], [-7.95021, 55.21027], [-7.95873, 55.19917], [-8.00414, 55.18098], [-8.00414, 55.17414], [-7.96198, 55.1872], [-7.94904, 55.17984], [-7.90857, 55.18841], [-7.89491, 55.17414], [-7.89879, 55.1564], [-7.8601, 55.1679], [-7.87287, 55.1516], [-7.89489, 55.14688], [-7.89489, 55.14008], [-7.85644, 55.13898], [-7.83471, 55.16498], [-7.83755, 55.17585], [-7.86008, 55.19465], [-7.8661, 55.21491], [-7.7987, 55.25607], [-7.79126, 55.24867], [-7.81575, 55.19465], [-7.79869, 55.18098], [-7.77074, 55.18842], [-7.7176, 55.16657], [-7.69563, 55.1332], [-7.7025, 55.09907], [-7.6682, 55.1472], [-7.69506, 55.20747], [-7.7036, 55.21845], [-7.71605, 55.22191], [-7.72395, 55.21459], [-7.722, 55.20026], [-7.70931, 55.17415], [-7.72313, 55.17573], [-7.75023, 55.19465], [-7.77965, 55.19965], [-7.79174, 55.206], [-7.78816, 55.21857], [-7.76084, 55.25608], [-7.72509, 55.25267], [-7.67348, 55.27386], [-7.66088, 55.27654], [-7.64397, 55.27276], [-7.61141, 55.2414], [-7.61994, 55.2049], [-7.61449, 55.19599], [-7.57276, 55.18097], [-7.56412, 55.15575], [-7.52784, 55.13255], [-7.5258, 55.11616], [-7.54142, 55.09224], [-7.55639, 55.08975], [-7.58643, 55.07112], [-7.64102, 55.05069], [-7.64102, 55.04385], [-7.58117, 55.05043], [-7.56186, 55.0445], [-7.57274, 55.02338], [-7.63419, 54.99543], [-7.68139, 54.96125], [-7.68139, 54.95441], [-7.64338, 54.96528], [-7.54849, 55.01843], [-7.53799, 55.01992], [-7.52935, 55.0307], [-7.46911, 55.04385], [-7.45002, 55.07233], [-7.45442, 55.08625], [-7.47751, 55.09638], [-7.46288, 55.11953], [-7.46288, 55.14346], [-7.51008, 55.18098], [-7.54139, 55.19807], [-7.54953, 55.2154], [-7.54937, 55.22516], [-7.52709, 55.23676], [-7.51623, 55.25414], [-7.51358, 55.27436], [-7.5243, 55.29026], [-7.47859, 55.28392], [-7.46288, 55.29027], [-7.46908, 55.30387], [-7.42797, 55.28657], [-7.40591, 55.28693], [-7.36778, 55.3106], [-7.34752, 55.31428], [-7.3275, 55.3085], [-7.3121, 55.29029], [-7.33996, 55.29027], [-7.32087, 55.28217], [-7.2766, 55.27582], [-7.25674, 55.284], [-7.32067, 55.3133], [-7.35045, 55.33501], [-7.35302, 55.35855], [-7.40019, 55.38027], [-7.38442, 55.38637], [-7.24731, 55.35716], [-7.2092, 55.34523], [-7.12906, 55.28583], [-7.07934, 55.27265], [-7.04148, 55.26876], [-6.9757, 55.24868], [-6.95353, 55.25433], [-6.93958, 55.23908], [-6.9428, 55.21858], [-6.97256, 55.20832], [-7.03409, 55.19685], [-7.09977, 55.16548], [-7.15949, 55.15078], [-7.17284, 55.1435], [-7.23229, 55.09186], [-7.25674, 55.05069], [-7.17785, 55.05697], [-7.1339, 55.04385], [-7.09948, 55.04096], [-7.06505, 55.04385], [-7.0537, 55.04873], [-7.0172, 55.07111], [-7.0098, 55.1024], [-6.97492, 55.13544], [-6.96253, 55.19465], [-6.94669, 55.19537], [-6.88378, 55.17414], [-6.75451, 55.1778], [-6.64045, 55.20831], [-6.57128, 55.21125], [-6.51984, 55.24066], [-6.47595, 55.24867], [-6.41592, 55.23188], [-6.37816, 55.24623], [-6.35324, 55.24267], [-6.23982, 55.20832], [-6.16002, 55.2219], [-6.12084, 55.21783], [-6.10099, 55.21238], [-6.03712, 55.16791], [-6.04066, 55.11205], [-6.06208, 55.07412], [-6.05435, 55.06513], [-6.00353, 55.06317], [-5.97556, 55.05283], [-5.96827, 55.04385], [-5.97018, 55.02606], [-5.98624, 54.98176], [-5.93034, 54.97088], [-5.88661, 54.94105], [-5.86925, 54.91039], [-5.83952, 54.89323], [-5.82096, 54.87506], [-5.80053, 54.82075], [-5.7456, 54.80459], [-5.72183, 54.78376], [-5.71565, 54.78376], [-5.73375, 54.80524], [-5.7976, 54.84455], [-5.78172, 54.86171], [-5.75162, 54.85687], [-5.72062, 54.841], [-5.70199, 54.82469], [-5.68993, 54.79332], [-5.69275, 54.76499], [-5.70691, 54.74299], [-5.72908, 54.72866], [-5.84537, 54.70124], [-5.89074, 54.67231], [-5.92724, 54.63296], [-5.91517, 54.62823], [-5.90738, 54.60562], [-5.89489, 54.6048], [-5.83901, 54.64972], [-5.74795, 54.68039], [-5.71662, 54.66987], [-5.69469, 54.66869], [-5.57509, 54.68004], [-5.55671, 54.66279], [-5.53663, 54.65745], [-5.51439, 54.59789], [-5.50255, 54.58348], [-5.48572, 54.5777], [-5.47893, 54.56948], [-5.46862, 54.51626], [-5.4308, 54.48517], [-5.43757, 54.47565], [-5.43385, 54.46101], [-5.46426, 54.42524], [-5.4574, 54.40868], [-5.46119, 54.39208], [-5.48912, 54.36957], [-5.47487, 54.35859], [-5.48957, 54.35371], [-5.50204, 54.33968], [-5.51577, 54.33809], [-5.52766, 54.34528], [-5.54711, 54.3791], [-5.55899, 54.38264], [-5.57653, 54.40259], [-5.57182, 54.42536], [-5.54869, 54.44282], [-5.54369, 54.45783], [-5.54735, 54.48908], [-5.55801, 54.51191], [-5.57531, 54.529], [-5.64489, 54.56778], [-5.67186, 54.57681], [-5.70197, 54.5777], [-5.69736, 54.55142], [-5.71565, 54.53669], [-5.70153, 54.53632], [-5.67406, 54.52367], [-5.63696, 54.52203], [-5.62563, 54.51627], [-5.66393, 54.5102], [-5.67032, 54.50568], [-5.63998, 54.49575], [-5.6446, 54.47211], [-5.6385, 54.46357], [-5.62562, 54.461], [-5.63313, 54.44733], [-5.62562, 54.44111], [-5.66145, 54.37958], [-5.69791, 54.36229], [-5.70885, 54.35175], [-5.62213, 54.37665], [-5.5797, 54.38369], [-5.55053, 54.36542], [-5.5407, 54.32734], [-5.55324, 54.29837], [-5.61263, 54.25557], [-5.63313, 54.25556], [-5.63998, 54.23506], [-5.65575, 54.22969], [-5.66339, 54.23087], [-5.67882, 54.24616], [-5.73689, 54.24909], [-5.77945, 54.24653], [-5.86205, 54.23054], [-5.86803, 54.21849], [-5.86858, 54.16113], [-5.89381, 54.10469], [-5.91199, 54.0913], [-5.95385, 54.07868], [-5.98498, 54.0592], [-6.0402, 54.03653], [-6.09544, 54.03637], [-6.11288, 54.04388], [-6.11288, 54.05011], [-6.08495, 54.05695], [-6.17429, 54.0743], [-6.18586, 54.09268], [-6.26366, 54.10468], [-6.26989, 54.09793], [-6.20702, 54.06171], [-6.18433, 54.05377], [-6.16991, 54.03962], [-6.12654, 54.03022], [-6.10731, 54.01361], [-6.11101, 54.00129], [-6.14356, 53.97843], [-6.16076, 53.97445], [-6.22277, 53.99543], [-6.23705, 53.99385], [-6.30704, 54.01187], [-6.35985, 54.01602], [-6.35985, 54.00849], [-6.34783, 54.00361], [-6.36628, 53.98102], [-6.37537, 53.95116], [-6.39944, 53.96064], [-6.4271, 54.0554], [-6.4403, 54.05799], [-6.45089, 54.06843], [-6.47854, 54.06771], [-6.56401, 54.04895], [-6.59507, 54.05241], [-6.61646, 54.03727], [-6.63062, 54.04182], [-6.65729, 54.06115], [-6.67253, 54.06843], [-6.65708, 54.09194], [-6.65579, 54.10331], [-6.66644, 54.11479], [-6.64396, 54.13184], [-6.63455, 54.15013], [-6.64034, 54.16801], [-6.66302, 54.18383], [-6.69465, 54.19798], [-6.70654, 54.19892], [-6.71723, 54.19514], [-6.73284, 54.18357], [-6.74478, 54.18419], [-6.76648, 54.19235], [-6.80736, 54.21633], [-6.82395, 54.23235], [-6.83774, 54.26051], [-6.84668, 54.26646], [-6.88218, 54.27726], [-6.86467, 54.28273], [-6.85666, 54.29281], [-6.85841, 54.30733], [-6.8797, 54.34159], [-6.57299, 54.48677], [-6.57119, 54.57505], [-6.71463, 54.67227], [-6.73037, 54.67343], [-6.88606, 54.6333], [-7.01784, 54.41317], [-7.04926, 54.41151], [-7.0785, 54.39472], [-7.12703, 54.34976], [-7.15989, 54.33519], [-7.18563, 54.33694], [-7.19245, 54.33472], [-7.19147, 54.32387], [-7.18465, 54.31663], [-7.19917, 54.30346], [-7.21147, 54.30418], [-7.20904, 54.29343], [-7.1755, 54.28366], [-7.18149, 54.26976], [-7.14589, 54.25209], [-7.15974, 54.24067], [-7.15333, 54.22424], [-7.17472, 54.21607], [-7.2295, 54.20754], [-7.24909, 54.19742], [-7.26113, 54.18088], [-7.24702, 54.17225], [-7.24578, 54.16698], [-7.26537, 54.16114], [-7.26087, 54.15117], [-7.2635, 54.14099], [-7.28004, 54.12615], [-7.29379, 54.12202], [-7.29735, 54.1259], [-7.29213, 54.16264], [-7.29554, 54.16512], [-7.32598, 54.15458], [-7.33317, 54.14941], [-7.33317, 54.14274], [-7.31032, 54.11468], [-7.32696, 54.1136], [-7.37549, 54.12331], [-7.39466, 54.12192], [-7.40396, 54.13504], [-7.42577, 54.13695], [-7.41466, 54.14569], [-7.43962, 54.14693], [-7.48075, 54.12765], [-7.5023, 54.12512], [-7.60901, 54.1399], [-7.6208, 54.14496], [-7.62571, 54.16217], [-7.63268, 54.16853], [-7.70477, 54.20036], [-7.7226, 54.20233], [-7.78208, 54.2], [-7.83696, 54.20434], [-7.85644, 54.21142], [-7.86967, 54.22687], [-7.87365, 54.27106], [-7.88026, 54.28702], [-7.89497, 54.29359], [-7.9508, 54.30087], [-7.96801, 54.31219], [-7.98103, 54.32656], [-8.00219, 54.35792], [-8.03134, 54.35803], [-8.05648, 54.36588], [-8.07994, 54.3802], [-8.12242, 54.41523], [-8.14635, 54.43074], [-8.15604, 54.43906], [-8.16118, 54.45482], [-8.17384, 54.46174], [-8.15017, 54.46939], [-8.09705, 54.47859], [-8.07245, 54.48706], [-8.05586, 54.49755], [-8.02328, 54.5297], [-8.15355, 54.59206], [-8.1737, 54.60486], [-8.17538, 54.61928], [-8.13756, 54.60562], [-8.12084, 54.64655], [-8.12768, 54.65278], [-8.16666, 54.63615], [-8.20578, 54.63228], [-8.28774, 54.71443], [-8.31306, 54.75073], [-8.34234, 54.82558], [-8.34301, 54.83167], [-8.32567, 54.83153], [-8.32567, 54.83832], [-8.34391, 54.84008], [-8.34667, 54.87901], [-8.31265, 54.87934], [-8.32584, 54.88581], [-8.33703, 54.90363], [-8.34702, 54.90637], [-8.34477, 54.96946], [-8.32511, 55.03046], [-8.27509, 55.10409], [-8.22254, 55.1509], [-8.20653, 55.14688], [-8.18838, 55.14899], [-8.14128, 55.16054], [-8.15958, 55.13874], [-8.15648, 55.1245]]], [[[-6.26183, 55.30737], [-6.2364, 55.31134], [-6.17432, 55.30389], [-6.178, 55.28077], [-6.19479, 55.26296], [-6.18798, 55.284], [-6.21109, 55.29532], [-6.28352, 55.29707], [-6.26183, 55.30737]]], [[[-5.21077, 55.43761], [-5.26346, 55.44734], [-5.34568, 55.48266], [-5.35936, 55.53068], [-5.34569, 55.55028], [-5.38905, 55.59024], [-5.39784, 55.6142], [-5.39288, 55.64655], [-5.37936, 55.66811], [-5.3552, 55.6896], [-5.32432, 55.70502], [-5.29052, 55.70856], [-5.29733, 55.72284], [-5.26318, 55.72284], [-5.19832, 55.70432], [-5.18066, 55.69489], [-5.15984, 55.676], [-5.14587, 55.65469], [-5.12599, 55.60554], [-5.13744, 55.59203], [-5.09425, 55.56655], [-5.09189, 55.54414], [-5.12523, 55.53693], [-5.11974, 55.52363], [-5.07083, 55.50934], [-5.09301, 55.50043], [-5.07826, 55.45531], [-5.09204, 55.44612], [-5.16356, 55.43489], [-5.21077, 55.43761]]], [[[-6.26223, 55.58375], [-6.28734, 55.57845], [-6.31117, 55.58325], [-6.32517, 55.60554], [-6.31923, 55.62824], [-6.29746, 55.64247], [-6.24324, 55.66014], [-6.2648, 55.6955], [-6.27709, 55.70401], [-6.32517, 55.71541], [-6.32101, 55.73323], [-6.24999, 55.77684], [-6.30045, 55.78579], [-6.32872, 55.78315], [-6.34903, 55.77342], [-6.3866, 55.72232], [-6.41857, 55.70962], [-6.43573, 55.69501], [-6.46843, 55.76015], [-6.44864, 55.77684], [-6.47532, 55.78771], [-6.47644, 55.79329], [-6.46805, 55.79771], [-6.44521, 55.84882], [-6.40908, 55.86358], [-6.35448, 55.87743], [-6.33137, 55.88995], [-6.31838, 55.8867], [-6.33821, 55.84577], [-6.33072, 55.82783], [-6.32323, 55.8205], [-6.3109, 55.81843], [-6.31843, 55.84492], [-6.29697, 55.86717], [-6.26479, 55.8854], [-6.22907, 55.89728], [-6.20424, 55.91656], [-6.16222, 55.92845], [-6.14012, 55.94134], [-6.13013, 55.93939], [-6.12024, 55.92943], [-6.09923, 55.80101], [-6.07909, 55.78148], [-6.04981, 55.76634], [-6.05826, 55.74274], [-6.0304, 55.72907], [-6.03234, 55.70637], [-6.02353, 55.68188], [-6.04572, 55.67426], [-6.05827, 55.66016], [-6.06444, 55.66763], [-6.08267, 55.65196], [-6.13157, 55.63193], [-6.16003, 55.62666], [-6.20254, 55.63056], [-6.21532, 55.62665], [-6.22296, 55.60536], [-6.26223, 55.58375]]], [[[-5.08094, 55.87958], [-5.07518, 55.85692], [-5.05029, 55.84577], [-5.02195, 55.80582], [-5.01151, 55.77426], [-5.02977, 55.7495], [-5.01136, 55.73769], [-5.01619, 55.72286], [-5.02879, 55.72334], [-5.05028, 55.7495], [-5.11557, 55.78437], [-5.13964, 55.84199], [-5.17421, 55.85538], [-5.1805, 55.86261], [-5.20077, 55.8955], [-5.19953, 55.91108], [-5.1669, 55.92084], [-5.08094, 55.87958]]], [[[-5.92406, 56.05613], [-5.90395, 56.06484], [-5.87369, 56.07014], [-5.74615, 56.14188], [-5.71593, 56.15314], [-5.69451, 56.1474], [-5.68864, 56.12721], [-5.69164, 56.12764], [-5.68934, 56.11177], [-5.74022, 56.07648], [-5.78034, 56.02057], [-5.86449, 55.92674], [-5.88635, 55.88672], [-5.89684, 55.8889], [-5.94542, 55.85859], [-5.96208, 55.80476], [-5.98754, 55.79463], [-6.02659, 55.7961], [-6.06239, 55.80948], [-6.07811, 55.83491], [-6.0869, 55.88296], [-6.07517, 55.91596], [-5.99742, 55.95172], [-5.91906, 55.9604], [-5.88634, 55.97614], [-5.98069, 55.96992], [-5.99558, 55.98603], [-5.98309, 56.00902], [-5.95547, 56.03448], [-5.92406, 56.05613]]], [[[-6.23264, 56.08161], [-6.19823, 56.10626], [-6.18261, 56.10261], [-6.17431, 56.10643], [-6.18177, 56.11944], [-6.13803, 56.12469], [-6.13339, 56.11262], [-6.16564, 56.08149], [-6.17715, 56.06147], [-6.17433, 56.04377], [-6.19467, 56.03525], [-6.24881, 56.03131], [-6.26985, 56.03754], [-6.25278, 56.04696], [-6.23264, 56.08161]]], [[[-5.67396, 56.1788], [-5.69421, 56.16862], [-5.74911, 56.16109], [-5.73808, 56.17764], [-5.68831, 56.20204], [-5.67396, 56.1788]]], [[[-5.63745, 56.1893], [-5.66663, 56.22248], [-5.64532, 56.25592], [-5.63311, 56.26349], [-5.62296, 56.25764], [-5.61262, 56.2635], [-5.61058, 56.24942], [-5.63745, 56.1893]]], [[[-5.6467, 56.29877], [-5.63311, 56.31874], [-5.62106, 56.32407], [-5.59789, 56.32185], [-5.58463, 56.32557], [-5.60534, 56.29694], [-5.59899, 56.28392], [-5.62169, 56.27607], [-5.64027, 56.28279], [-5.6467, 56.29877]]], [[[-5.55834, 56.38648], [-5.5846, 56.38704], [-5.55796, 56.41428], [-5.52652, 56.41356], [-5.50278, 56.4211], [-5.5362, 56.39224], [-5.55834, 56.38648]]], [[[-5.88009, 56.32559], [-5.8535, 56.3437], [-5.8522, 56.35285], [-5.86042, 56.35834], [-5.89721, 56.35285], [-5.91515, 56.3354], [-5.95788, 56.32807], [-6.03746, 56.30524], [-6.06599, 56.28922], [-6.10237, 56.29824], [-6.12026, 56.29321], [-6.16403, 56.3394], [-6.15392, 56.34479], [-6.08495, 56.35285], [-6.02082, 56.38203], [-6.02697, 56.38703], [-6.10546, 56.36591], [-6.15404, 56.35895], [-6.17857, 56.35992], [-6.19882, 56.39032], [-6.18918, 56.39776], [-6.15722, 56.40738], [-6.12653, 56.44842], [-6.08153, 56.44843], [-6.02184, 56.4641], [-6.00984, 56.46955], [-6.00328, 56.48941], [-6.01667, 56.50365], [-6.12743, 56.47436], [-6.17431, 56.51667], [-6.19494, 56.52334], [-6.24123, 56.52779], [-6.22027, 56.63227], [-6.1904, 56.64498], [-6.11905, 56.65386], [-6.05828, 56.6402], [-6.06444, 56.62035], [-6.0335, 56.61882], [-6.00887, 56.59877], [-5.96826, 56.54466], [-5.96255, 56.52611], [-5.85221, 56.52415], [-5.82946, 56.51081], [-5.81403, 56.51666], [-5.79435, 56.51666], [-5.75678, 56.49015], [-5.72184, 56.49005], [-5.71037, 56.48484], [-5.68572, 56.46424], [-5.6809, 56.45185], [-5.64845, 56.44773], [-5.65357, 56.42797], [-5.6883, 56.4348], [-5.65765, 56.4001], [-5.67033, 56.3938], [-5.70303, 56.39338], [-5.71743, 56.39738], [-5.72167, 56.41234], [-5.74234, 56.41429], [-5.73908, 56.40119], [-5.75109, 56.38939], [-5.78392, 56.37336], [-5.78393, 56.36591], [-5.74999, 56.37714], [-5.71223, 56.38019], [-5.69598, 56.37543], [-5.70272, 56.36457], [-5.71997, 56.35278], [-5.80871, 56.31892], [-5.84821, 56.31364], [-5.88009, 56.32559]]], [[[-6.21533, 56.50364], [-6.17056, 56.48115], [-6.16005, 56.46956], [-6.23234, 56.4696], [-6.23815, 56.50074], [-6.21533, 56.50364]]], [[[-6.26989, 57.01756], [-6.26989, 57.0102], [-6.24326, 57.01019], [-6.26777, 56.96199], [-6.36176, 56.95027], [-6.37613, 56.97118], [-6.45544, 57.00398], [-6.36424, 57.05564], [-6.32519, 57.05857], [-6.27295, 57.04022], [-6.25123, 57.02672], [-6.26989, 57.01756]]], [[[-6.53747, 57.07281], [-6.48969, 57.05858], [-6.51595, 57.0507], [-6.54825, 57.04761], [-6.60631, 57.05175], [-6.53747, 57.07281]]], [[[-7.21697, 57.30759], [-7.19582, 57.30559], [-7.20036, 57.29097], [-7.21038, 57.28529], [-7.21697, 57.30759]]], [[[-5.92547, 57.2917], [-5.95861, 57.28449], [-5.98485, 57.29043], [-6.00778, 57.30362], [-6.01388, 57.31745], [-5.99002, 57.32549], [-5.95573, 57.32159], [-5.92937, 57.30719], [-5.92547, 57.2917]]], [[[-5.96181, 57.14215], [-5.94155, 57.15476], [-5.84537, 57.18146], [-5.84537, 57.1883], [-5.90087, 57.17552], [-5.98623, 57.17464], [-5.99167, 57.1772], [-5.9956, 57.19575], [-6.01928, 57.2176], [-6.04402, 57.22993], [-6.02351, 57.19575], [-6.05085, 57.16844], [-6.04404, 57.16104], [-6.07386, 57.13179], [-6.08861, 57.12744], [-6.1015, 57.1354], [-6.1129, 57.1883], [-6.12268, 57.1933], [-6.14013, 57.18831], [-6.16172, 57.19989], [-6.17431, 57.20197], [-6.17431, 57.19575], [-6.15984, 57.18766], [-6.17717, 57.18123], [-6.31833, 57.16105], [-6.31833, 57.16844], [-6.28241, 57.19201], [-6.27672, 57.20197], [-6.3131, 57.1999], [-6.34561, 57.18832], [-6.37977, 57.22308], [-6.35949, 57.22944], [-6.34561, 57.24291], [-6.40818, 57.24336], [-6.45546, 57.27766], [-6.48215, 57.31183], [-6.41633, 57.33453], [-6.39403, 57.33234], [-6.33764, 57.3015], [-6.3109, 57.29816], [-6.32388, 57.31143], [-6.40616, 57.35155], [-6.46291, 57.34659], [-6.44864, 57.35277], [-6.44864, 57.36026], [-6.47591, 57.36709], [-6.46296, 57.37393], [-6.47885, 57.38191], [-6.47594, 57.40119], [-6.49083, 57.39899], [-6.52376, 57.38079], [-6.51765, 57.39887], [-6.53063, 57.41547], [-6.53893, 57.40233], [-6.56212, 57.39545], [-6.57152, 57.3876], [-6.56408, 57.3468], [-6.58056, 57.33882], [-6.67247, 57.35595], [-6.69562, 57.36429], [-6.71473, 57.37662], [-6.73168, 57.41698], [-6.77317, 57.43407], [-6.78374, 57.45624], [-6.7224, 57.45645], [-6.73959, 57.4691], [-6.74702, 57.48815], [-6.73952, 57.50073], [-6.7245, 57.50932], [-6.72592, 57.51152], [-6.71593, 57.51422], [-6.70647, 57.51092], [-6.63809, 57.45327], [-6.6068, 57.44392], [-6.61252, 57.46263], [-6.59948, 57.46943], [-6.63124, 57.4936], [-6.63059, 57.50177], [-6.61143, 57.51218], [-6.56412, 57.50361], [-6.57396, 57.52172], [-6.59936, 57.53754], [-6.65474, 57.55207], [-6.63101, 57.57681], [-6.6289, 57.59113], [-6.64043, 57.60732], [-6.61979, 57.60715], [-6.57227, 57.5825], [-6.56412, 57.55882], [-6.5546, 57.55248], [-6.50086, 57.53538], [-6.46492, 57.51252], [-6.42077, 57.51788], [-6.44347, 57.4881], [-6.4335, 57.48648], [-6.4121, 57.50137], [-6.40025, 57.52097], [-6.38695, 57.51728], [-6.3109, 57.46263], [-6.32518, 57.4831], [-6.32462, 57.49681], [-6.37292, 57.53154], [-6.38953, 57.55248], [-6.35985, 57.59296], [-6.38336, 57.59293], [-6.40024, 57.5998], [-6.39586, 57.61347], [-6.41451, 57.63398], [-6.41566, 57.64582], [-6.35985, 57.66812], [-6.33795, 57.69915], [-6.32518, 57.69599], [-6.3109, 57.7028], [-6.29332, 57.68602], [-6.26075, 57.66884], [-6.23265, 57.64142], [-6.16919, 57.60785], [-6.1539, 57.58954], [-6.13341, 57.47608], [-6.14712, 57.42491], [-6.18795, 57.39438], [-6.15925, 57.40738], [-6.14159, 57.41079], [-6.12655, 57.40802], [-6.11793, 57.39777], [-6.14013, 57.37393], [-6.13524, 57.35737], [-6.09923, 57.33234], [-6.10663, 57.32346], [-6.15388, 57.30561], [-6.06813, 57.31183], [-6.04542, 57.30829], [-6.04111, 57.30012], [-6.05289, 57.291], [-6.07811, 57.28449], [-6.07811, 57.27766], [-6.00845, 57.28677], [-5.97667, 57.27033], [-5.9382, 57.2709], [-5.92326, 57.2669], [-5.90062, 57.24291], [-5.88622, 57.24209], [-5.86583, 57.25714], [-5.82433, 57.25617], [-5.79579, 57.27178], [-5.76789, 57.2774], [-5.73851, 57.27729], [-5.72183, 57.26464], [-5.64739, 57.26463], [-5.66389, 57.23981], [-5.65909, 57.22248], [-5.67064, 57.20466], [-5.69091, 57.18952], [-5.74199, 57.16855], [-5.78205, 57.16625], [-5.80038, 57.12373], [-5.8522, 57.10297], [-5.93494, 57.04121], [-5.95386, 57.03408], [-6.00674, 57.0284], [-6.02081, 57.03189], [-6.03037, 57.04491], [-6.02723, 57.06216], [-6.00023, 57.08393], [-6.00302, 57.09955], [-5.96181, 57.14215]]], [[[-5.99514, 57.36371], [-5.98951, 57.34732], [-6.0548, 57.3264], [-6.07192, 57.33236], [-6.06774, 57.34225], [-6.07711, 57.3715], [-6.06907, 57.4361], [-6.06133, 57.45285], [-6.04551, 57.46063], [-6.01667, 57.46263], [-6.03708, 57.48993], [-6.01586, 57.49677], [-5.9956, 57.48994], [-6.0098, 57.51104], [-5.99332, 57.50703], [-5.98255, 57.49746], [-6.01765, 57.4182], [-6.01667, 57.3876], [-5.99514, 57.36371]]], [[[-7.22632, 57.43525], [-7.21179, 57.432], [-7.20545, 57.41861], [-7.226, 57.41533], [-7.22632, 57.43525]]], [[[-7.22368, 57.47203], [-7.20216, 57.46263], [-7.20841, 57.45646], [-7.22524, 57.45933], [-7.22368, 57.47203]]], [[[-7.15755, 57.51106], [-7.21733, 57.51105], [-7.20703, 57.54982], [-7.1813, 57.5539], [-7.1377, 57.54511], [-7.13716, 57.53234], [-7.15755, 57.51106]]], [[[-5.95521, 57.57249], [-5.96827, 57.51791], [-5.98369, 57.52236], [-5.98993, 57.53318], [-5.98636, 57.5396], [-5.98733, 57.54609], [-5.9757, 57.55882], [-5.98251, 57.56631], [-5.96191, 57.57728], [-5.95521, 57.57249]]], [[[-7.16444, 57.60993], [-7.15429, 57.58735], [-7.10605, 57.59296], [-7.12562, 57.57112], [-7.14997, 57.56171], [-7.20365, 57.55906], [-7.18221, 57.61408], [-7.16444, 57.60993]]], [[[-6.51032, 57.57042], [-6.54338, 57.57226], [-6.55538, 57.57629], [-6.57092, 57.59201], [-6.57946, 57.61517], [-6.57975, 57.63854], [-6.57045, 57.65491], [-6.56129, 57.65818], [-6.53338, 57.65851], [-6.48473, 57.64878], [-6.45378, 57.6345], [-6.4422, 57.61911], [-6.4223, 57.5772], [-6.51032, 57.57042]]], [[[-7.07444, 57.6465], [-7.06507, 57.63398], [-7.0992, 57.60734], [-7.11309, 57.60872], [-7.13732, 57.62714], [-7.16894, 57.64027], [-7.16046, 57.65305], [-7.14257, 57.65809], [-7.12938, 57.6529], [-7.09261, 57.65207], [-7.07444, 57.6465]]], [[[-6.67563, 57.76602], [-6.68997, 57.78279], [-6.69588, 57.79941], [-6.69154, 57.81544], [-6.67514, 57.83044], [-6.63253, 57.84656], [-6.59975, 57.84814], [-6.5142, 57.8446], [-6.43222, 57.80714], [-6.40501, 57.78988], [-6.39023, 57.76484], [-6.3881, 57.7374], [-6.39268, 57.72636], [-6.41117, 57.70939], [-6.43958, 57.69887], [-6.45789, 57.69574], [-6.51992, 57.69639], [-6.5822, 57.71105], [-6.62914, 57.73364], [-6.67563, 57.76602]]], [[[-6.84662, 57.84697], [-6.76262, 57.8665], [-6.73671, 57.83942], [-6.75561, 57.82649], [-6.79125, 57.82575], [-6.78386, 57.8127], [-6.80613, 57.81465], [-6.85269, 57.8332], [-6.85961, 57.82575], [-6.83912, 57.8127], [-6.88752, 57.78482], [-6.87331, 57.77798], [-6.9735, 57.73336], [-7.03322, 57.76791], [-6.95649, 57.80795], [-6.84662, 57.84697]]], [[[-6.48967, 57.94307], [-6.50756, 57.93599], [-6.5511, 57.94306], [-6.53749, 57.92134], [-6.55981, 57.91524], [-6.57843, 57.91723], [-6.59894, 57.92926], [-6.51245, 57.99638], [-6.46965, 57.98688], [-6.4555, 57.97655], [-6.45549, 57.96972], [-6.48967, 57.94307]]], [[[-6.44405, 58.12975], [-6.44932, 58.13723], [-6.44914, 58.14646], [-6.42593, 58.19023], [-6.42321, 58.20886], [-6.43767, 58.22431], [-6.49534, 58.26617], [-6.49954, 58.28148], [-6.49201, 58.29975], [-6.46854, 58.32615], [-6.45053, 58.33723], [-6.44017, 58.33959], [-6.33751, 58.33502], [-6.2761, 58.3389], [-6.2573, 58.3446], [-6.25325, 58.34922], [-6.25436, 58.35748], [-6.26086, 58.36741], [-6.2941, 58.40157], [-6.30905, 58.42213], [-6.30878, 58.43003], [-6.30079, 58.43783], [-6.27045, 58.45032], [-6.18215, 58.47408], [-6.13114, 58.5204], [-6.03374, 58.56779], [-5.95231, 58.60052], [-5.92399, 58.60755], [-5.87569, 58.58893], [-5.85792, 58.50567], [-5.85539, 58.47332], [-5.85738, 58.46063], [-5.87429, 58.43153], [-5.94338, 58.3515], [-5.95426, 58.33382], [-5.95637, 58.32221], [-5.95353, 58.2912], [-5.91064, 58.17929], [-5.90758, 58.14755], [-5.91838, 58.14408], [-5.96624, 58.15151], [-5.98312, 58.15047], [-5.98698, 58.14116], [-5.98165, 58.10714], [-5.99563, 58.09687], [-6.04508, 58.07897], [-6.11289, 58.06036], [-6.17301, 58.05544], [-6.19302, 58.05079], [-6.19804, 58.04664], [-6.19841, 58.0404], [-6.16227, 57.99664], [-6.15819, 57.98896], [-6.15874, 57.98281], [-6.17454, 57.97288], [-6.254, 57.95329], [-6.28457, 57.91736], [-6.299, 57.90724], [-6.32699, 57.91126], [-6.37532, 57.92834], [-6.42217, 57.95172], [-6.4397, 57.96418], [-6.45046, 57.9763], [-6.45234, 57.98744], [-6.44066, 58.00118], [-6.4335, 58.00475], [-6.48869, 58.0099], [-6.37271, 58.06246], [-6.36614, 58.05854], [-6.37379, 58.05287], [-6.40026, 58.04548], [-6.37768, 58.03876], [-6.35249, 58.03863], [-6.3694, 58.02769], [-6.28605, 58.05345], [-6.26478, 58.0655], [-6.25631, 58.07987], [-6.26235, 58.08973], [-6.27997, 58.09701], [-6.4003, 58.11559], [-6.42631, 58.12157], [-6.44405, 58.12975]]], [[[15.2168, 43.91278], [15.22021, 43.9012], [15.19549, 43.89521], [15.14552, 43.9239], [15.13331, 43.92121], [15.14454, 43.90811], [15.17555, 43.89094], [15.19677, 43.88638], [15.1945, 43.87264], [15.13627, 43.90316], [15.10685, 43.92524], [15.04283, 43.99043], [15.0031, 44.05231], [14.98308, 44.06631], [14.9551, 44.0756], [14.87013, 44.14082], [14.86297, 44.16104], [14.84964, 44.1756], [14.86328, 44.17559], [14.93912, 44.12714], [14.95444, 44.10322], [14.99383, 44.08784], [15.00731, 44.09298], [15.0005, 44.07941], [15.01441, 44.07794], [15.0227, 44.0722], [15.03191, 44.03636], [15.08823, 43.98965], [15.11377, 43.98378], [15.14454, 43.94965], [15.2168, 43.91278]]], [[[15.1001, 44.0685], [15.10849, 44.05402], [15.14722, 44.02561], [15.15941, 43.99896], [15.07758, 44.05309], [15.07075, 44.07579], [15.07294, 44.08074], [15.1001, 44.0685]]], [[[15.18914, 44.04781], [15.12185, 44.09224], [15.08709, 44.12372], [15.06871, 44.13398], [15.07553, 44.14082], [15.06254, 44.1619], [15.22575, 44.06622], [15.24707, 44.04669], [15.2544, 44.01791], [15.22332, 44.05028], [15.20656, 44.04524], [15.19907, 44.05882], [15.18914, 44.04781]]], [[[14.85727, 44.15204], [14.86915, 44.14053], [14.85613, 44.13688], [14.83522, 44.14168], [14.81985, 44.15303], [14.82253, 44.16848], [14.83546, 44.15103], [14.85727, 44.15204]]], [[[14.75993, 44.25985], [14.74856, 44.26167], [14.73814, 44.27212], [14.73989, 44.28018], [14.74968, 44.28022], [14.7532, 44.29099], [14.75977, 44.29205], [14.79166, 44.27252], [14.78971, 44.26692], [14.76596, 44.26504], [14.75993, 44.25985]]], [[[15.13721, 44.28831], [15.11689, 44.28169], [15.11304, 44.2877], [15.08782, 44.29894], [15.06934, 44.28588], [15.04348, 44.28967], [15.03038, 44.29835], [15.0255, 44.31509], [15.03094, 44.32672], [15.0656, 44.32078], [15.08611, 44.30878], [15.09743, 44.30968], [15.13396, 44.29145], [15.13721, 44.28831]]], [[[14.66137, 44.30866], [14.6574, 44.30526], [14.59912, 44.3389], [14.59509, 44.34709], [14.64355, 44.32574], [14.66137, 44.30866]]], [[[14.76345, 44.41534], [14.78289, 44.41892], [14.79449, 44.4146], [14.80322, 44.4055], [14.80501, 44.39574], [14.79672, 44.38129], [14.81119, 44.35005], [14.80103, 44.3431], [14.78517, 44.34688], [14.75621, 44.364], [14.76824, 44.38422], [14.76345, 44.41534]]], [[[14.72225, 44.36351], [14.72306, 44.35172], [14.71372, 44.35127], [14.69298, 44.35986], [14.67986, 44.3887], [14.66758, 44.39221], [14.66148, 44.39981], [14.6723, 44.41225], [14.70166, 44.40159], [14.70208, 44.37796], [14.72225, 44.36351]]], [[[14.95411, 44.40778], [14.93337, 44.41072], [14.89315, 44.44166], [14.88837, 44.45622], [14.95516, 44.41335], [14.96086, 44.40011], [14.95411, 44.40778]]], [[[14.76149, 44.65864], [14.74368, 44.68049], [14.73367, 44.70318], [14.74121, 44.7016], [14.77972, 44.6697], [14.84523, 44.60053], [14.8838, 44.57966], [14.88015, 44.60919], [14.90406, 44.61], [14.93823, 44.59413], [14.96607, 44.57361], [15.00392, 44.53608], [15.04118, 44.52748], [15.0755, 44.48409], [15.05592, 44.48623], [15.02817, 44.50316], [15.00734, 44.50454], [15.01417, 44.51874], [14.97291, 44.53612], [14.92856, 44.55231], [14.91114, 44.55231], [14.91114, 44.54548], [14.96599, 44.52387], [15.04803, 44.43944], [15.09669, 44.41519], [15.06495, 44.43793], [15.04153, 44.47662], [15.08326, 44.46185], [15.17661, 44.3913], [15.19906, 44.38104], [15.25439, 44.34003], [15.23512, 44.33625], [15.16505, 44.36738], [15.16505, 44.36054], [15.18287, 44.35786], [15.21583, 44.33812], [15.22704, 44.32637], [15.20655, 44.32636], [15.21095, 44.31733], [15.22018, 44.31275], [15.15455, 44.331], [15.13087, 44.33259], [15.13087, 44.32636], [15.17236, 44.30532], [15.17236, 44.29915], [15.12875, 44.312], [15.11101, 44.32479], [15.09671, 44.34004], [15.09672, 44.34626], [15.11036, 44.34626], [15.11036, 44.3537], [15.09719, 44.36132], [15.08923, 44.3742], [15.10694, 44.37519], [15.1172, 44.38719], [15.08302, 44.40152], [15.04901, 44.39469], [15.02076, 44.43], [14.95883, 44.4667], [14.89749, 44.49092], [14.89749, 44.49705], [14.91863, 44.50454], [14.87763, 44.55134], [14.87696, 44.55976], [14.76149, 44.65864]]], [[[14.39697, 44.56917], [14.38657, 44.56563], [14.36306, 44.57344], [14.36307, 44.57966], [14.36988, 44.57966], [14.36477, 44.58722], [14.38258, 44.60326], [14.37834, 44.61597], [14.3493, 44.65554], [14.3358, 44.71676], [14.38111, 44.69864], [14.39747, 44.68561], [14.39039, 44.66218], [14.41, 44.60098], [14.44557, 44.56598], [14.52661, 44.50372], [14.53434, 44.48408], [14.51198, 44.48226], [14.48504, 44.50064], [14.45192, 44.53189], [14.43818, 44.53865], [14.43818, 44.54547], [14.46608, 44.53864], [14.42262, 44.57388], [14.40406, 44.57966], [14.39697, 44.56917]]], [[[14.2762, 44.66381], [14.2592, 44.67399], [14.2658, 44.6795], [14.28043, 44.67755], [14.2762, 44.66381]]], [[[14.82264, 44.7712], [14.85132, 44.7371], [14.85904, 44.71735], [14.84962, 44.70321], [14.77296, 44.76032], [14.74049, 44.77827], [14.74293, 44.76577], [14.75403, 44.75779], [14.72495, 44.76765], [14.69948, 44.76522], [14.65792, 44.79877], [14.68315, 44.79872], [14.70574, 44.79255], [14.69949, 44.81304], [14.71998, 44.79877], [14.72682, 44.79877], [14.70582, 44.82685], [14.69208, 44.83349], [14.68582, 44.84714], [14.72682, 44.84028], [14.72, 44.85463], [14.73902, 44.85341], [14.753, 44.84599], [14.7561, 44.83568], [14.74049, 44.82665], [14.74049, 44.8205], [14.82264, 44.7712]]], [[[14.39032, 44.96038], [14.40406, 44.94953], [14.41139, 44.95637], [14.39145, 44.96943], [14.37673, 44.98689], [14.34083, 45.05561], [14.27851, 45.11335], [14.2777, 45.128], [14.29944, 45.16217], [14.31366, 45.17242], [14.33188, 45.17584], [14.3562, 45.16925], [14.36409, 45.15762], [14.36305, 45.09357], [14.38771, 45.03905], [14.41765, 44.99799], [14.43084, 44.9903], [14.46606, 44.9837], [14.47348, 44.97142], [14.47093, 44.95369], [14.45191, 44.92231], [14.45922, 44.91543], [14.44996, 44.89802], [14.45192, 44.8509], [14.46655, 44.80484], [14.45191, 44.79877], [14.4729, 44.7652], [14.46608, 44.7298], [14.47218, 44.70795], [14.51391, 44.66218], [14.50856, 44.64533], [14.51498, 44.64216], [14.52751, 44.64788], [14.53434, 44.63426], [14.51362, 44.61894], [14.473, 44.62028], [14.42792, 44.65657], [14.39454, 44.70759], [14.39723, 44.75161], [14.38356, 44.75776], [14.37453, 44.75387], [14.36819, 44.76106], [14.35813, 44.81699], [14.34605, 44.82051], [14.32986, 44.83394], [14.31414, 44.89379], [14.29422, 44.90864], [14.30152, 44.92231], [14.29251, 44.94033], [14.30152, 44.94342], [14.32546, 44.93635], [14.35963, 44.90864], [14.38738, 44.909], [14.39723, 44.9291], [14.39032, 44.96038]]], [[[14.52767, 44.98598], [14.54566, 44.96821], [14.54748, 44.96111], [14.54297, 44.95544], [14.51689, 44.96278], [14.51969, 44.96428], [14.48578, 44.98361], [14.52767, 44.98598]]], [[[-2.15294, 49.19994], [-2.1687, 49.1783], [-2.2001, 49.19196], [-2.23361, 49.18453], [-2.22647, 49.206], [-2.24199, 49.24795], [-2.2411, 49.26023], [-2.22936, 49.26299], [-2.19628, 49.2534], [-2.17235, 49.25625], [-2.15168, 49.26702], [-2.11067, 49.2534], [-2.10356, 49.25828], [-2.08268, 49.26023], [-2.06786, 49.25068], [-2.02068, 49.23525], [-2.02196, 49.22549], [-2.00831, 49.21247], [-2.02099, 49.20075], [-2.02454, 49.17134], [-2.0967, 49.18358], [-2.13793, 49.20563], [-2.15294, 49.19994]]], [[[-1.55898, 48.95182], [-1.56304, 48.95759], [-1.54577, 49.03034], [-1.53234, 49.03514], [-1.50797, 49.02753], [-1.50797, 49.03368], [-1.52725, 49.03978], [-1.54971, 49.03978], [-1.56843, 49.03266], [-1.57946, 49.01319], [-1.59356, 49.029], [-1.59595, 49.06101], [-1.58934, 49.0821], [-1.60341, 49.08398], [-1.60772, 49.10273], [-1.59592, 49.12848], [-1.56949, 49.14354], [-1.58178, 49.14985], [-1.58946, 49.14375], [-1.60441, 49.17802], [-1.61042, 49.21589], [-1.60265, 49.22541], [-1.58446, 49.22626], [-1.54841, 49.21931], [-1.54841, 49.22549], [-1.59529, 49.23786], [-1.61685, 49.23823], [-1.62466, 49.21932], [-1.64052, 49.23152], [-1.65709, 49.26838], [-1.67184, 49.2801], [-1.65819, 49.28754], [-1.69919, 49.31377], [-1.70664, 49.32917], [-1.68619, 49.32917], [-1.69913, 49.35586], [-1.70665, 49.35586], [-1.71475, 49.33854], [-1.77549, 49.37011], [-1.76797, 49.38373], [-1.80679, 49.37687], [-1.81646, 49.38374], [-1.81648, 49.44522], [-1.83819, 49.47582], [-1.84374, 49.4936], [-1.88466, 49.53091], [-1.87849, 49.54467], [-1.85017, 49.56171], [-1.84305, 49.57653], [-1.77707, 49.55582], [-1.68766, 49.51385], [-1.59521, 49.45853], [-1.5406, 49.41573], [-1.48089, 49.35458], [-1.45817, 49.32089], [-1.42719, 49.24192], [-1.42033, 49.17343], [-1.42451, 49.13858], [-1.44754, 49.07174], [-1.46632, 49.0395], [-1.4968, 49.0002], [-1.54886, 48.95003], [-1.55898, 48.95182]]], [[[-2.37546, 49.43545], [-2.36376, 49.44683], [-2.35442, 49.4278], [-2.37353, 49.41158], [-2.37806, 49.41275], [-2.37546, 49.43545]]], [[[-2.66866, 49.4309], [-2.6334, 49.46448], [-2.62462, 49.46573], [-2.58022, 49.49359], [-2.51822, 49.51552], [-2.50172, 49.50666], [-2.52213, 49.47997], [-2.52653, 49.46391], [-2.50172, 49.47117], [-2.48742, 49.46999], [-2.47388, 49.46488], [-2.44911, 49.44701], [-2.40871, 49.40963], [-2.48063, 49.37302], [-2.52484, 49.35879], [-2.55392, 49.35983], [-2.58783, 49.36646], [-2.61538, 49.37692], [-2.62322, 49.383], [-2.62522, 49.38931], [-2.60963, 49.41226], [-2.58687, 49.43089], [-2.66866, 49.4309]]], [[[-2.44784, 49.48394], [-2.44524, 49.4746], [-2.45335, 49.46218], [-2.45503, 49.47524], [-2.44784, 49.48394]]], [[[-1.07532, 50.67854], [-1.12865, 50.66645], [-1.15851, 50.64824], [-1.1626, 50.64342], [-1.16846, 50.60347], [-1.27921, 50.58252], [-1.31587, 50.58933], [-1.48595, 50.66934], [-1.49743, 50.67231], [-1.53515, 50.66938], [-1.56945, 50.65805], [-1.54531, 50.6861], [-1.50592, 50.7077], [-1.41872, 50.73377], [-1.42536, 50.72012], [-1.40087, 50.72199], [-1.34322, 50.76118], [-1.31851, 50.77215], [-1.29577, 50.77317], [-1.14428, 50.73379], [-1.10913, 50.73285], [-1.09705, 50.72695], [-1.09703, 50.71332], [-1.08277, 50.71331], [-1.0625, 50.69299], [-1.06234, 50.6853], [-1.07532, 50.67854]]], [[[-0.94795, 50.81762], [-0.95987, 50.80207], [-0.93885, 50.78839], [-0.93884, 50.78096], [-1.02073, 50.78841], [-1.02074, 50.79514], [-0.99869, 50.80101], [-0.97255, 50.82977], [-0.95987, 50.82933], [-0.94795, 50.81762]]], [[[0.79477, 51.37055], [0.77508, 51.37531], [0.7339, 51.41218], [0.75393, 51.4457], [0.76728, 51.44787], [0.90011, 51.41771], [0.93245, 51.39769], [0.94213, 51.383], [0.93636, 51.37105], [0.91147, 51.36441], [0.79477, 51.37055]]], [[[-4.55309, 53.40066], [-4.42536, 53.42669], [-4.32091, 53.41804], [-4.32335, 53.43776], [-4.31908, 53.45127], [-4.30924, 53.45982], [-4.2373, 53.47913], [-4.21694, 53.48893], [-4.19411, 53.50693], [-4.1563, 53.5595], [-4.14294, 53.5714], [-4.12373, 53.57791], [-4.09547, 53.57749], [-4.05492, 53.5686], [-4.00001, 53.55116], [-3.95888, 53.5296], [-3.94465, 53.51571], [-3.93528, 53.49892], [-3.93124, 53.47858], [-3.93301, 53.45409], [-3.94445, 53.42346], [-3.966, 53.39664], [-3.99561, 53.37395], [-4.03126, 53.35575], [-4.0709, 53.34235], [-4.11245, 53.33409], [-4.15381, 53.33133], [-4.19288, 53.33437], [-4.23505, 53.34565], [-4.23518, 53.34007], [-4.21485, 53.32391], [-4.20324, 53.29849], [-4.19058, 53.29658], [-4.14249, 53.3028], [-4.12198, 53.31707], [-4.09813, 53.30964], [-4.05505, 53.30853], [-4.0429, 53.3028], [-4.06339, 53.28929], [-4.0981, 53.25013], [-4.17199, 53.23139], [-4.21849, 53.20405], [-4.22203, 53.18212], [-4.26456, 53.16694], [-4.28014, 53.15497], [-4.35399, 53.13002], [-4.3924, 53.13833], [-4.39903, 53.13266], [-4.41282, 53.13207], [-4.41198, 53.15558], [-4.38512, 53.18244], [-4.39574, 53.18671], [-4.41088, 53.1822], [-4.43284, 53.16291], [-4.44757, 53.15942], [-4.48168, 53.17988], [-4.49533, 53.17989], [-4.49962, 53.21125], [-4.51987, 53.22285], [-4.57103, 53.27546], [-4.55867, 53.36335], [-4.57101, 53.39276], [-4.55309, 53.40066]]], [[[-5.55175, 55.78364], [-5.59944, 55.76423], [-5.61259, 55.76387], [-5.60578, 55.77684], [-5.64642, 55.7874], [-5.66038, 55.79735], [-5.67404, 55.84577], [-5.63199, 55.88178], [-5.61937, 55.90314], [-5.57103, 55.93452], [-5.59349, 55.92797], [-5.62759, 55.90534], [-5.67171, 55.88692], [-5.68089, 55.88672], [-5.68797, 55.89338], [-5.69638, 55.91596], [-5.58682, 56.01203], [-5.57844, 56.02448], [-5.58267, 56.02896], [-5.57103, 56.03754], [-5.58389, 56.04072], [-5.6256, 56.02448], [-5.63175, 56.0059], [-5.67488, 55.97773], [-5.67406, 55.95563], [-5.69449, 55.93452], [-5.70749, 55.94257], [-5.69629, 55.98234], [-5.66015, 56.02298], [-5.58462, 56.08466], [-5.57745, 56.09698], [-5.56461, 56.09809], [-5.53161, 56.08633], [-5.53474, 56.09854], [-5.55053, 56.10643], [-5.55869, 56.1308], [-5.52253, 56.16576], [-5.50963, 56.18838], [-5.53991, 56.18342], [-5.58269, 56.15059], [-5.60576, 56.13998], [-5.59934, 56.16059], [-5.58658, 56.18088], [-5.55053, 56.2163], [-5.55941, 56.22956], [-5.5469, 56.24029], [-5.49474, 56.25312], [-5.49926, 56.26765], [-5.51269, 56.27094], [-5.55427, 56.2635], [-5.58235, 56.24878], [-5.59216, 56.24984], [-5.59805, 56.25861], [-5.59557, 56.26992], [-5.57258, 56.32807], [-5.54367, 56.35284], [-5.52522, 56.34663], [-5.4982, 56.34833], [-5.44811, 56.35969], [-5.44811, 56.36591], [-5.51537, 56.35684], [-5.53748, 56.35968], [-5.50963, 56.40062], [-5.47802, 56.41291], [-5.48229, 56.42113], [-5.45701, 56.44085], [-5.42357, 56.45001], [-5.32286, 56.45498], [-5.24205, 56.44221], [-5.20873, 56.44684], [-5.18187, 56.45966], [-5.11852, 56.50776], [-5.08568, 56.54877], [-5.06457, 56.56513], [-5.08654, 56.5585], [-5.12597, 56.51048], [-5.1669, 56.49006], [-5.20108, 56.4621], [-5.24376, 56.45922], [-5.35017, 56.47297], [-5.37808, 56.45897], [-5.39426, 56.46549], [-5.41055, 56.50365], [-5.43594, 56.49116], [-5.45499, 56.46957], [-5.46859, 56.47574], [-5.42763, 56.53782], [-5.4038, 56.5246], [-5.37926, 56.51919], [-5.35668, 56.51968], [-5.26504, 56.55122], [-5.24207, 56.56512], [-5.27562, 56.55362], [-5.31094, 56.55207], [-5.37243, 56.53034], [-5.4005, 56.54365], [-5.41393, 56.54466], [-5.3607, 56.60627], [-5.31086, 56.63361], [-5.29845, 56.64643], [-5.31776, 56.65388], [-5.31776, 56.66132], [-5.28677, 56.67498], [-5.2482, 56.67406], [-5.21889, 56.68865], [-5.19384, 56.68821], [-5.15331, 56.68122], [-5.09337, 56.69904], [-5.01281, 56.7093], [-4.99559, 56.71597], [-5.16055, 56.69587], [-5.23827, 56.71664], [-5.22842, 56.73648], [-5.15465, 56.78229], [-5.11974, 56.81843], [-5.17907, 56.78925], [-5.20226, 56.76911], [-5.23347, 56.76069], [-5.24205, 56.73648], [-5.26817, 56.71327], [-5.3098, 56.70649], [-5.31918, 56.6975], [-5.34016, 56.69306], [-5.38806, 56.65523], [-5.4344, 56.64289], [-5.44874, 56.62459], [-5.48257, 56.61327], [-5.59961, 56.52905], [-5.67406, 56.49691], [-5.69469, 56.51386], [-5.74083, 56.52327], [-5.77024, 56.53783], [-5.74914, 56.57197], [-5.75666, 56.57197], [-5.79386, 56.54329], [-5.85435, 56.55049], [-6.00341, 56.61872], [-6.00815, 56.64228], [-5.98351, 56.65281], [-5.93322, 56.65469], [-5.89904, 56.65081], [-5.86685, 56.64155], [-5.83918, 56.62653], [-5.8317, 56.63398], [-5.86559, 56.65143], [-5.86581, 56.66132], [-5.76, 56.70075], [-5.7355, 56.70234], [-5.6726, 56.68415], [-5.64737, 56.68122], [-5.59415, 56.68334], [-5.54369, 56.69546], [-5.63655, 56.68867], [-5.65856, 56.69074], [-5.70885, 56.70856], [-5.74999, 56.71454], [-5.85904, 56.68122], [-5.8968, 56.67512], [-5.95556, 56.68867], [-6.02489, 56.6857], [-6.09862, 56.69697], [-6.12385, 56.69562], [-6.16174, 56.67822], [-6.18659, 56.68111], [-6.21634, 56.69205], [-6.23262, 56.72876], [-6.21532, 56.72964], [-6.18052, 56.75461], [-6.02697, 56.76374], [-5.9652, 56.78484], [-5.94824, 56.78253], [-5.91364, 56.76374], [-5.8522, 56.74698], [-5.85814, 56.76846], [-5.8684, 56.77586], [-5.88632, 56.77742], [-5.88632, 56.78485], [-5.86181, 56.78509], [-5.83918, 56.77741], [-5.8246, 56.78758], [-5.80207, 56.79182], [-5.75666, 56.78486], [-5.83168, 56.80537], [-5.8508, 56.81802], [-5.85117, 56.82892], [-5.83746, 56.83661], [-5.73388, 56.84479], [-5.69274, 56.85493], [-5.66039, 56.87299], [-5.69201, 56.87531], [-5.70848, 56.87055], [-5.72435, 56.85383], [-5.7445, 56.85415], [-5.7839, 56.85994], [-5.7355, 56.89411], [-5.78059, 56.89875], [-5.87487, 56.88716], [-5.92107, 56.89411], [-5.8522, 56.90034], [-5.8522, 56.9077], [-5.88009, 56.92202], [-5.86254, 56.93374], [-5.83168, 56.99713], [-5.78636, 57.02045], [-5.75524, 57.02656], [-5.72938, 57.02384], [-5.6883, 56.98969], [-5.65856, 56.97948], [-5.6256, 56.97663], [-5.57128, 56.98383], [-5.52326, 56.99714], [-5.52326, 57.00397], [-5.57128, 56.99331], [-5.58462, 56.99714], [-5.60709, 56.98851], [-5.62881, 56.99189], [-5.68554, 57.00959], [-5.68004, 57.0362], [-5.70198, 57.04491], [-5.74234, 57.03807], [-5.78042, 57.05191], [-5.7911, 57.05927], [-5.77637, 57.07563], [-5.71593, 57.11992], [-5.6737, 57.11904], [-5.64586, 57.12946], [-5.55826, 57.10041], [-5.45983, 57.0998], [-5.44742, 57.11018], [-5.40038, 57.10639], [-5.40038, 57.11384], [-5.42003, 57.12067], [-5.54064, 57.10639], [-5.58463, 57.13369], [-5.66843, 57.14766], [-5.68088, 57.15791], [-5.67377, 57.17503], [-5.6256, 57.21625], [-5.64415, 57.23322], [-5.62009, 57.25214], [-5.57824, 57.26675], [-5.54372, 57.2709], [-5.44628, 57.22305], [-5.40722, 57.22993], [-5.40722, 57.23672], [-5.45812, 57.24665], [-5.50192, 57.27766], [-5.46483, 57.30663], [-5.44066, 57.31184], [-5.44066, 57.31928], [-5.465, 57.32494], [-5.50617, 57.29816], [-5.57844, 57.27766], [-5.65697, 57.29133], [-5.70007, 57.28361], [-5.72057, 57.28449], [-5.7293, 57.29816], [-5.70196, 57.33234], [-5.65437, 57.35393], [-5.63654, 57.33979], [-5.61319, 57.34199], [-5.50129, 57.371], [-5.45665, 57.39354], [-5.44811, 57.4217], [-5.46508, 57.4239], [-5.53751, 57.37393], [-5.56347, 57.3631], [-5.63992, 57.37393], [-5.60709, 57.38911], [-5.61962, 57.41669], [-5.63996, 57.40803], [-5.70719, 57.35977], [-5.73242, 57.35278], [-5.78457, 57.34859], [-5.80775, 57.35493], [-5.82484, 57.39435], [-5.81119, 57.40119], [-5.82475, 57.41527], [-5.82526, 57.42869], [-5.81119, 57.44221], [-5.85902, 57.45271], [-5.87263, 57.49349], [-5.8522, 57.52412], [-5.8472, 57.55869], [-5.83169, 57.55882], [-5.83916, 57.57929], [-5.8214, 57.58319], [-5.80327, 57.58124], [-5.78292, 57.57325], [-5.78189, 57.57035], [-5.73257, 57.54523], [-5.71565, 57.5384], [-5.70703, 57.54229], [-5.68977, 57.5279], [-5.63996, 57.51105], [-5.65353, 57.53156], [-5.58153, 57.53839], [-5.51684, 57.53486], [-5.51269, 57.54149], [-5.54312, 57.55536], [-5.58837, 57.56102], [-5.63272, 57.55768], [-5.66038, 57.54459], [-5.69446, 57.56631], [-5.6809, 57.57929], [-5.71421, 57.58272], [-5.76281, 57.63398], [-5.80588, 57.64265], [-5.81117, 57.6551], [-5.80551, 57.66698], [-5.78502, 57.67951], [-5.79074, 57.69598], [-5.75356, 57.70746], [-5.73449, 57.70794], [-5.70499, 57.69013], [-5.69249, 57.69107], [-5.67406, 57.70966], [-5.68516, 57.71142], [-5.72053, 57.73339], [-5.8038, 57.74385], [-5.8065, 57.81806], [-5.81109, 57.83346], [-5.79994, 57.8537], [-5.77651, 57.86789], [-5.75113, 57.87335], [-5.72433, 57.87345], [-5.69864, 57.86908], [-5.67408, 57.8605], [-5.67479, 57.82709], [-5.66039, 57.79222], [-5.63736, 57.77424], [-5.60578, 57.77049], [-5.62558, 57.79221], [-5.60326, 57.79108], [-5.58463, 57.78482], [-5.59115, 57.80443], [-5.58528, 57.83145], [-5.59899, 57.84687], [-5.65017, 57.87757], [-5.63996, 57.88784], [-5.65353, 57.89468], [-5.61262, 57.92876], [-5.58731, 57.91511], [-5.55055, 57.9151], [-5.55626, 57.88776], [-5.5279, 57.86758], [-5.48705, 57.85586], [-5.455, 57.85371], [-5.46116, 57.86049], [-5.44904, 57.86913], [-5.4371, 57.89765], [-5.42763, 57.90826], [-5.41532, 57.90815], [-5.3695, 57.89753], [-5.3275, 57.87328], [-5.29385, 57.86205], [-5.22159, 57.84687], [-5.24755, 57.86701], [-5.27676, 57.87417], [-5.32067, 57.8985], [-5.39288, 57.91819], [-5.39288, 57.9356], [-5.37173, 57.93106], [-5.36619, 57.94304], [-5.34717, 57.9367], [-5.31916, 57.91474], [-5.29735, 57.90827], [-5.25626, 57.9151], [-5.1988, 57.89777], [-5.16226, 57.87849], [-5.11998, 57.86799], [-5.09114, 57.84032], [-5.07079, 57.8332], [-5.09716, 57.87092], [-5.19726, 57.91787], [-5.22159, 57.92133], [-5.22157, 57.92877], [-5.20189, 57.92866], [-5.19396, 57.93598], [-5.2045, 57.96015], [-5.29262, 57.98063], [-5.33389, 58.00853], [-5.35934, 58.01139], [-5.35192, 58.01752], [-5.36693, 58.02888], [-5.38659, 58.03254], [-5.42761, 58.03121], [-5.41393, 58.05231], [-5.44699, 58.08438], [-5.42808, 58.09796], [-5.39006, 58.09218], [-5.3662, 58.06599], [-5.3443, 58.07549], [-5.30077, 58.07014], [-5.27676, 58.08641], [-5.28305, 58.08641], [-5.2788, 58.10537], [-5.29049, 58.12055], [-5.27676, 58.12055], [-5.27676, 58.12739], [-5.29732, 58.13483], [-5.24206, 58.14789], [-5.24206, 58.15534], [-5.29115, 58.15644], [-5.30477, 58.1621], [-5.29735, 58.1684], [-5.3048, 58.17333], [-5.33143, 58.18204], [-5.32396, 58.20311], [-5.34678, 58.20686], [-5.39266, 58.24451], [-5.39206, 58.26137], [-5.37548, 58.26413], [-5.29385, 58.24091], [-5.21605, 58.26141], [-5.19433, 58.25999], [-5.17321, 58.25092], [-5.15252, 58.2647], [-5.12938, 58.27138], [-5.0677, 58.25092], [-5.00244, 58.25091], [-4.93358, 58.22305], [-4.94343, 58.23359], [-4.982, 58.25092], [-4.92675, 58.26459], [-5.00992, 58.27139], [-5.02937, 58.25971], [-5.05012, 58.25991], [-5.09643, 58.27676], [-5.1362, 58.30557], [-5.16013, 58.32661], [-5.17319, 58.35394], [-5.15331, 58.35395], [-5.16289, 58.3745], [-5.14647, 58.39496], [-5.14305, 58.41477], [-5.05797, 58.38727], [-5.01618, 58.38813], [-5.05329, 58.40659], [-5.05704, 58.42219], [-5.07617, 58.4145], [-5.09805, 58.41478], [-5.09803, 58.42218], [-5.08503, 58.42219], [-5.08503, 58.42902], [-5.10551, 58.43651], [-5.05012, 58.4538], [-4.9956, 58.43651], [-5.10552, 58.48738], [-5.10556, 58.50583], [-5.09584, 58.51886], [-5.02798, 58.54409], [-5.01618, 58.55939], [-5.02292, 58.5594], [-5.00504, 58.61753], [-4.98818, 58.62831], [-4.85949, 58.61322], [-4.83564, 58.60485], [-4.81812, 58.59292], [-4.80382, 58.55939], [-4.81811, 58.52464], [-4.79182, 58.54165], [-4.78576, 58.57705], [-4.7716, 58.5904], [-4.77649, 58.60714], [-4.72802, 58.57746], [-4.66004, 58.55585], [-4.66733, 58.53206], [-4.71447, 58.5056], [-4.76098, 58.44798], [-4.74242, 58.44953], [-4.67345, 58.48737], [-4.66684, 58.50291], [-4.61213, 58.52464], [-4.58493, 58.57416], [-4.5601, 58.57986], [-4.51749, 58.57549], [-4.47512, 58.56547], [-4.42653, 58.54637], [-4.42653, 58.52465], [-4.44994, 58.5102], [-4.49535, 58.44953], [-4.46117, 58.46247], [-4.43391, 58.48363], [-4.43423, 58.49628], [-4.38238, 58.52464], [-4.34385, 58.53888], [-4.307, 58.54636], [-4.28719, 58.5429], [-4.25731, 58.52798], [-4.23473, 58.52464], [-4.24893, 58.53205], [-4.22101, 58.55194], [-4.17699, 58.54637], [-4.16054, 58.56256], [-4.14932, 58.56561], [-4.08145, 58.56184], [-4.06151, 58.57282], [-4.0488, 58.58958], [-4.02905, 58.59514], [-4.00377, 58.57062], [-3.98143, 58.57306], [-3.89574, 58.56562], [-3.81013, 58.57306], [-3.76696, 58.58373], [-3.69796, 58.61125], [-3.6599, 58.62083], [-3.59756, 58.62713], [-3.56551, 58.6266], [-3.54263, 58.62083], [-3.55626, 58.614], [-3.53205, 58.60212], [-3.44701, 58.61399], [-3.39147, 58.60065], [-3.36408, 58.60082], [-3.35082, 58.62084], [-3.38605, 58.63175], [-3.41289, 58.65558], [-3.37486, 58.67706], [-3.35828, 58.67547], [-3.34057, 58.64814], [-3.30988, 58.64814], [-3.24425, 58.65899], [-3.2041, 58.66111], [-3.15193, 58.64126], [-3.05289, 58.64813], [-3.01914, 58.64032], [-3.0254, 58.62214], [-3.07565, 58.56016], [-3.11803, 58.53205], [-3.1293, 58.49641], [-3.11872, 58.48444], [-3.09752, 58.47748], [-3.06445, 58.48297], [-3.05336, 58.46577], [-3.05803, 58.45666], [-3.07706, 58.44953], [-3.08636, 58.41422], [-3.1301, 58.36905], [-3.22055, 58.30558], [-3.385, 58.26459], [-3.4381, 58.23603], [-3.47325, 58.19361], [-3.5153, 58.16841], [-3.73466, 58.07233], [-3.80919, 58.05191], [-3.8275, 58.04206], [-3.85198, 58.00374], [-3.88562, 57.99141], [-3.91731, 57.98745], [-3.99096, 57.9604], [-4.00196, 57.93562], [-4.02306, 57.94306], [-4.01618, 57.94929], [-4.05578, 57.95498], [-4.08438, 57.96418], [-4.0891, 57.96015], [-4.07763, 57.94306], [-4.06265, 57.93696], [-4.01618, 57.9322], [-3.98829, 57.90827], [-4.00894, 57.88959], [-4.00937, 57.86792], [-4.07022, 57.87417], [-4.10512, 57.85371], [-4.13292, 57.85415], [-4.21817, 57.87417], [-4.2989, 57.86278], [-4.32095, 57.87104], [-4.35318, 57.89521], [-4.39241, 57.90827], [-4.33959, 57.86571], [-4.30773, 57.85147], [-4.2694, 57.84687], [-4.20824, 57.8592], [-4.14973, 57.82982], [-4.13345, 57.83015], [-4.13905, 57.84686], [-4.07506, 57.82319], [-4.03991, 57.81818], [-3.9835, 57.84234], [-3.9515, 57.83831], [-3.93373, 57.82567], [-3.94734, 57.81269], [-3.91478, 57.80768], [-3.87767, 57.81672], [-3.84187, 57.83491], [-3.79844, 57.86651], [-3.78606, 57.86541], [-3.77949, 57.85541], [-3.79029, 57.83053], [-3.98828, 57.696], [-4.00805, 57.69379], [-4.02364, 57.69781], [-4.02862, 57.70771], [-4.01618, 57.72333], [-4.04296, 57.73729], [-4.07795, 57.73029], [-4.16823, 57.68952], [-4.25927, 57.67871], [-4.29479, 57.68016], [-4.30885, 57.65486], [-4.33821, 57.64509], [-4.40319, 57.60952], [-4.42846, 57.57754], [-4.37987, 57.58934], [-4.32872, 57.62629], [-4.28311, 57.64142], [-4.24446, 57.66305], [-4.20189, 57.67499], [-4.18232, 57.67281], [-4.16902, 57.66376], [-4.09679, 57.65811], [-4.0678, 57.67241], [-4.00935, 57.68854], [-4.00453, 57.67597], [-4.02527, 57.65522], [-4.0834, 57.62336], [-4.11856, 57.59296], [-4.10499, 57.5793], [-4.15136, 57.57685], [-4.17064, 57.57075], [-4.18749, 57.55882], [-4.17812, 57.54955], [-4.18493, 57.54817], [-4.208, 57.55207], [-4.2626, 57.55207], [-4.2626, 57.54458], [-4.23396, 57.54511], [-4.20802, 57.53841], [-4.24893, 57.49746], [-4.19481, 57.4916], [-4.1739, 57.49746], [-4.14931, 57.51788], [-4.1162, 57.5218], [-4.08298, 57.54441], [-4.03498, 57.55687], [-4.04646, 57.56786], [-4.08383, 57.58612], [-3.96434, 57.59295], [-3.86828, 57.58788], [-3.83747, 57.59296], [-3.68479, 57.65444], [-3.62555, 57.66188], [-3.64562, 57.64142], [-3.63248, 57.63565], [-3.59097, 57.64142], [-3.61155, 57.6681], [-3.57478, 57.66112], [-3.53576, 57.66193], [-3.50544, 57.67866], [-3.49596, 57.69135], [-3.50167, 57.70282], [-3.49184, 57.71311], [-3.46068, 57.70966], [-3.40917, 57.72332], [-3.28475, 57.72043], [-3.21007, 57.694], [-3.07868, 57.66942], [-3.0349, 57.66861], [-2.9945, 57.67552], [-2.91608, 57.70282], [-2.75805, 57.70281], [-2.73107, 57.68854], [-2.70353, 57.69472], [-2.69294, 57.68854], [-2.65892, 57.69744], [-2.57339, 57.68146], [-2.54199, 57.68235], [-2.52611, 57.66861], [-2.49795, 57.68235], [-2.43285, 57.66812], [-2.42552, 57.67572], [-2.39806, 57.66812], [-2.36051, 57.68235], [-2.32897, 57.67406], [-2.31337, 57.68992], [-2.29564, 57.69598], [-2.20995, 57.67552], [-2.18407, 57.67845], [-2.12433, 57.70282], [-2.10852, 57.70493], [-1.99769, 57.70282], [-1.9735, 57.67552], [-1.96129, 57.67471], [-1.94473, 57.68255], [-1.9325, 57.68235], [-1.91421, 57.66474], [-1.82947, 57.61347], [-1.81139, 57.56049], [-1.79603, 57.54458], [-1.80004, 57.52586], [-1.76118, 57.49747], [-1.77538, 57.49653], [-1.78124, 57.48041], [-1.75938, 57.47357], [-1.83015, 57.42617], [-1.84748, 57.40815], [-1.84999, 57.39436], [-1.9545, 57.34113], [-1.98029, 57.31928], [-2.04467, 57.22651], [-2.06851, 57.17463], [-2.0714, 57.13556], [-2.05238, 57.12742], [-2.04933, 57.11884], [-2.15616, 57.0207], [-2.18692, 56.98469], [-2.2001, 56.94872], [-2.18641, 56.91454], [-2.20971, 56.89582], [-2.22014, 56.87243], [-2.26895, 56.84634], [-2.32006, 56.80142], [-2.3361, 56.79085], [-2.39184, 56.77119], [-2.42642, 56.75129], [-2.44075, 56.73485], [-2.45167, 56.69099], [-2.48746, 56.65388], [-2.48064, 56.62653], [-2.50406, 56.60883], [-2.51478, 56.59134], [-2.53003, 56.58076], [-2.62377, 56.5434], [-2.64096, 56.52237], [-2.69978, 56.50365], [-2.728, 56.46946], [-2.73729, 56.46704], [-2.7648, 56.47573], [-3.06062, 56.45173], [-3.09927, 56.44188], [-3.1339, 56.42695], [-3.23819, 56.36774], [-3.28018, 56.3579], [-3.32348, 56.36591], [-3.31151, 56.35651], [-3.29402, 56.35277], [-3.23062, 56.35602], [-2.95027, 56.43187], [-2.93065, 56.44807], [-2.90909, 56.45572], [-2.885, 56.45799], [-2.85009, 56.44204], [-2.81478, 56.44041], [-2.80283, 56.42796], [-2.80828, 56.39106], [-2.83755, 56.36591], [-2.81298, 56.3659], [-2.80281, 56.3454], [-2.77527, 56.33941], [-2.76863, 56.33234], [-2.6768, 56.32833], [-2.57683, 56.28392], [-2.57683, 56.27778], [-2.63012, 56.24852], [-2.64836, 56.22871], [-2.7202, 56.21629], [-2.78361, 56.19197], [-2.80614, 56.18839], [-2.83071, 56.19075], [-2.89208, 56.20889], [-2.96434, 56.20563], [-2.98243, 56.18912], [-3.03555, 56.16791], [-3.09107, 56.13228], [-3.12755, 56.12287], [-3.16358, 56.06388], [-3.17838, 56.0581], [-3.24844, 56.05598], [-3.34303, 56.02713], [-3.42096, 56.0249], [-3.58259, 56.05174], [-3.67193, 56.05093], [-3.71002, 56.0581], [-3.74543, 56.07221], [-3.81701, 56.11225], [-3.83747, 56.11262], [-3.83747, 56.10643], [-3.76085, 56.07246], [-3.72142, 56.03071], [-3.68665, 56.0307], [-3.66828, 56.01276], [-3.65624, 56.0102], [-3.57738, 56.01703], [-3.40543, 55.98973], [-3.35827, 55.98973], [-3.33105, 55.99408], [-3.30346, 55.97761], [-3.12182, 55.9693], [-3.09073, 55.94819], [-3.07824, 55.94684], [-3.0157, 55.95051], [-2.93993, 55.96931], [-2.91666, 55.98062], [-2.88287, 56.00848], [-2.85798, 56.0102], [-2.87094, 56.03071], [-2.82314, 56.05975], [-2.80316, 56.06476], [-2.6348, 56.05797], [-2.61597, 56.05316], [-2.58755, 56.03095], [-2.56943, 56.02448], [-2.58365, 56.00275], [-2.56957, 55.99994], [-2.54406, 56.00266], [-2.52896, 55.99657], [-2.50792, 56.01018], [-2.4525, 55.98526], [-2.41439, 55.97833], [-2.35094, 55.94819], [-2.30777, 55.935], [-2.13803, 55.91461], [-2.12877, 55.8898], [-2.09949, 55.88177], [-2.0802, 55.86937], [-2.00967, 55.79084], [-1.87786, 55.69489], [-1.8531, 55.65933], [-1.83154, 55.6507], [-1.81648, 55.63288], [-1.79258, 55.64654], [-1.78101, 55.64554], [-1.75651, 55.63361], [-1.74767, 55.61921], [-1.76797, 55.61921], [-1.76797, 55.61298], [-1.75597, 55.60887], [-1.72085, 55.61456], [-1.69913, 55.61297], [-1.63087, 55.5851], [-1.63467, 55.5644], [-1.6172, 55.55028], [-1.63085, 55.54414], [-1.63085, 55.5373], [-1.60295, 55.52362], [-1.61132, 55.50804], [-1.58936, 55.49567], [-1.58497, 55.48371], [-1.58139, 55.41695], [-1.58934, 55.37653], [-1.58332, 55.35472], [-1.5586, 55.32892], [-1.55586, 55.31161], [-1.56823, 55.27961], [-1.55647, 55.25503], [-1.52101, 55.22939], [-1.52916, 55.21625], [-1.50799, 55.19465], [-1.52212, 55.16747], [-1.51793, 55.15713], [-1.49598, 55.13459], [-1.48009, 55.0854], [-1.4596, 55.07859], [-1.41291, 55.00031], [-1.37024, 54.97553], [-1.36268, 54.96479], [-1.35582, 54.90428], [-1.29678, 54.77993], [-1.27546, 54.74844], [-1.24047, 54.72167], [-1.17225, 54.70123], [-1.17225, 54.6938], [-1.19262, 54.69379], [-1.19245, 54.68928], [-1.16472, 54.65276], [-1.18249, 54.63923], [-1.20629, 54.63296], [-1.20372, 54.62572], [-1.18212, 54.61929], [-1.17224, 54.62612], [-1.1647, 54.6118], [-1.15266, 54.61319], [-1.13805, 54.64654], [-1.10363, 54.62466], [-1.04207, 54.61708], [-0.99348, 54.59813], [-0.78792, 54.56077], [-0.56299, 54.47735], [-0.53468, 54.461], [-0.52287, 54.44709], [-0.52042, 54.42007], [-0.46277, 54.38898], [-0.44795, 54.37341], [-0.41854, 54.32423], [-0.41454, 54.29731], [-0.40119, 54.28563], [-0.39076, 54.28351], [-0.39757, 54.26919], [-0.37047, 54.24771], [-0.36278, 54.2425], [-0.32202, 54.23606], [-0.2771, 54.21775], [-0.26036, 54.17699], [-0.23388, 54.16047], [-0.11145, 54.13157], [-0.07554, 54.11213], [-0.16393, 54.0834], [-0.19469, 54.06232], [-0.21947, 54.02277], [-0.19743, 53.99481], [-0.15111, 53.89932], [0.13346, 53.64264], [0.14924, 53.6096], [0.13156, 53.57367], [0.10967, 53.56292], [0.136, 53.61066], [0.12021, 53.61811], [0.03452, 53.64606], [-0.04503, 53.62556], [-0.0926, 53.63115], [-0.13002, 53.64607], [-0.22533, 53.71992], [-0.26037, 53.73542], [-0.30516, 53.73969], [-0.43114, 53.7143], [-0.51049, 53.7143], [-0.54442, 53.70947], [-0.57917, 53.72797], [-0.63703, 53.732], [-0.65836, 53.72797], [-0.72647, 53.70063], [-0.69245, 53.687], [-0.67748, 53.70283], [-0.64986, 53.71059], [-0.61954, 53.71184], [-0.59619, 53.70807], [-0.52994, 53.67768], [-0.48595, 53.69453], [-0.30724, 53.71425], [-0.27938, 53.70709], [-0.18863, 53.62043], [-0.14404, 53.60663], [-0.09594, 53.57714], [-0.04663, 53.57037], [9e-05, 53.53535], [0.09596, 53.48835], [0.15186, 53.47581], [0.1678, 53.4645], [0.17579, 53.43769], [0.21947, 53.4195], [0.21192, 53.41266], [0.22957, 53.40457], [0.25596, 53.37529], [0.34197, 53.22657], [0.35619, 53.18854], [0.35651, 53.14547], [0.32983, 53.0865], [0.28248, 53.07486], [0.19303, 53.0201], [0.16082, 53.00898], [0.08193, 52.93854], [0.06116, 52.92501], [0.02215, 52.91258], [0.00856, 52.89863], [0.01026, 52.88646], [0.04066, 52.88508], [0.09254, 52.89251], [0.10563, 52.88934], [0.1709, 52.86212], [0.24675, 52.79572], [0.26486, 52.80373], [0.32552, 52.80316], [0.34179, 52.79742], [0.36988, 52.77302], [0.38453, 52.76838], [0.37926, 52.79083], [0.43865, 52.84072], [0.44417, 52.86537], [0.47246, 52.9166], [0.48571, 52.93349], [0.52028, 52.95526], [0.56989, 52.96934], [0.62338, 52.97564], [0.67189, 52.97443], [0.66442, 52.98187], [0.68475, 52.98638], [0.7505, 52.97443], [0.83601, 52.97438], [0.96843, 52.9475], [1.01393, 52.96015], [0.99155, 52.96748], [0.96609, 52.96761], [0.96609, 52.97442], [1.27466, 52.92917], [1.39571, 52.89152], [1.6442, 52.77582], [1.69685, 52.73121], [1.74723, 52.62519], [1.74073, 52.60391], [1.74686, 52.58833], [1.74757, 52.53278], [1.77115, 52.48591], [1.7544, 52.46735], [1.72926, 52.4156], [1.72785, 52.39631], [1.68379, 52.32483], [1.63054, 52.27045], [1.63081, 52.19955], [1.58248, 52.08169], [1.50367, 52.06098], [1.48682, 52.04903], [1.47202, 52.05622], [1.46386, 52.03515], [1.42481, 52.00186], [1.3435, 51.94287], [1.33229, 51.9401], [1.26442, 51.99437], [1.23487, 52.00031], [1.18523, 52.02509], [1.15789, 52.02851], [1.15789, 52.02167], [1.21437, 51.99144], [1.27076, 51.98151], [1.27101, 51.95645], [1.25074, 51.95962], [1.20574, 51.95344], [1.16529, 51.96703], [1.0691, 51.95344], [1.09547, 51.94575], [1.26205, 51.93915], [1.28198, 51.94659], [1.27848, 51.92793], [1.19956, 51.87767], [1.22787, 51.86738], [1.26442, 51.864], [1.28662, 51.88164], [1.28824, 51.86058], [1.27636, 51.8448], [1.21924, 51.81184], [1.16781, 51.79024], [1.13542, 51.78173], [1.06544, 51.77531], [1.0373, 51.78218], [0.97983, 51.84357], [0.97706, 51.82461], [0.96233, 51.81396], [0.92514, 51.80256], [0.88697, 51.78213], [0.8737, 51.74731], [0.8357, 51.73371], [0.79176, 51.74116], [0.7671, 51.73945], [0.69858, 51.72004], [0.74927, 51.70847], [0.76075, 51.69269], [0.78908, 51.71014], [0.85304, 51.7189], [0.88356, 51.72687], [0.91237, 51.74151], [0.93027, 51.74344], [0.94555, 51.7337], [0.93816, 51.70637], [0.95181, 51.67841], [0.938, 51.6645], [0.93471, 51.63587], [0.91147, 51.62385], [0.93849, 51.62499], [0.95181, 51.61701], [0.92448, 51.58833], [0.87303, 51.55937], [0.81625, 51.53718], [0.77157, 51.52833], [0.69207, 51.53632], [0.65056, 51.53579], [0.62337, 51.52205], [0.58229, 51.51655], [0.56886, 51.50838], [0.55274, 51.51797], [0.45606, 51.50556], [0.44166, 51.47704], [0.42848, 51.46711], [0.38453, 51.45311], [0.44842, 51.45995], [0.46954, 51.48039], [0.53484, 51.49167], [0.69483, 51.47703], [0.70964, 51.47035], [0.72314, 51.44671], [0.71314, 51.44124], [0.69239, 51.43953], [0.64096, 51.44416], [0.60938, 51.42513], [0.57277, 51.41958], [0.55453, 51.41218], [0.57651, 51.39362], [0.67188, 51.39105], [0.7129, 51.38422], [0.70039, 51.40982], [0.70535, 51.41949], [0.72641, 51.41901], [0.73927, 51.38793], [0.76442, 51.36441], [0.97722, 51.34919], [1.10093, 51.37322], [1.42383, 51.39206], [1.44823, 51.38287], [1.43536, 51.34349], [1.41862, 51.32967], [1.38299, 51.32978], [1.37761, 51.32624], [1.38063, 51.30476], [1.40428, 51.26138], [1.41305, 51.22195], [1.40478, 51.18354], [1.38443, 51.15169], [1.35718, 51.13102], [1.29038, 51.11652], [1.26294, 51.10327], [1.21811, 51.10098], [1.19206, 51.0826], [1.17221, 51.07739], [1.08717, 51.07298], [1.0276, 51.04165], [0.96648, 50.98273], [0.97981, 50.91816], [0.94516, 50.90938], [0.80226, 50.9392], [0.76246, 50.93089], [0.66439, 50.87031], [0.62455, 50.85881], [0.40748, 50.82933], [0.36525, 50.819], [0.34228, 50.79516], [0.30812, 50.78095], [0.271, 50.74739], [0.2336, 50.74704], [0.16831, 50.75983], [0.12209, 50.76082], [0.09555, 50.77505], [0.03421, 50.78102], [-0.17317, 50.82901], [-0.20613, 50.83104], [-0.23314, 50.82194], [-0.26968, 50.83129], [-0.39757, 50.80208], [-0.56896, 50.80207], [-0.73274, 50.76729], [-0.75821, 50.77709], [-0.76757, 50.77473], [-0.7731, 50.76602], [-0.76628, 50.74714], [-0.771, 50.73689], [-0.78995, 50.73006], [-0.81281, 50.73478], [-0.90437, 50.77207], [-0.91147, 50.77782], [-0.90586, 50.78802], [-0.86364, 50.80207], [-0.86364, 50.80825], [-0.90469, 50.82933], [-0.9217, 50.82161], [-0.92894, 50.82283], [-0.91902, 50.83617], [-0.9392, 50.84325], [-0.97077, 50.84699], [-1.02074, 50.84366], [-1.05624, 50.78304], [-1.08275, 50.78096], [-1.10302, 50.79548], [-1.06916, 50.84366], [-1.08731, 50.8498], [-1.1647, 50.84366], [-1.12378, 50.81879], [-1.12492, 50.78873], [-1.13806, 50.78096], [-1.15111, 50.78141], [-1.18561, 50.79243], [-1.19929, 50.80793], [-1.2552, 50.83194], [-1.30141, 50.84366], [-1.33894, 50.87271], [-1.46642, 50.91816], [-1.46642, 50.91193], [-1.42561, 50.90009], [-1.32334, 50.82594], [-1.3143, 50.81216], [-1.31731, 50.80025], [-1.41869, 50.7884], [-1.40496, 50.78097], [-1.40495, 50.77473], [-1.45051, 50.76936], [-1.48755, 50.75773], [-1.52473, 50.76105], [-1.56119, 50.71899], [-1.60212, 50.73176], [-1.69302, 50.73994], [-1.77172, 50.72013], [-1.85741, 50.72696], [-1.89635, 50.71629], [-1.94001, 50.69084], [-1.94929, 50.71332], [-1.9877, 50.72012], [-2.02196, 50.72012], [-2.03897, 50.73994], [-2.08267, 50.69896], [-2.05773, 50.70283], [-2.03563, 50.71331], [-2.00251, 50.6813], [-1.95282, 50.67658], [-1.94589, 50.66885], [-1.95295, 50.65184], [-1.93251, 50.64443], [-1.96727, 50.61709], [-1.96522, 50.60221], [-1.98372, 50.59664], [-2.06558, 50.59558], [-2.15734, 50.62051], [-2.34264, 50.63378], [-2.37707, 50.64753], [-2.39835, 50.64558], [-2.4359, 50.63752], [-2.46007, 50.60651], [-2.46565, 50.58515], [-2.45645, 50.57551], [-2.43124, 50.57025], [-2.42872, 50.55756], [-2.45337, 50.52767], [-2.45953, 50.52767], [-2.46036, 50.5655], [-2.48351, 50.5904], [-2.69294, 50.69282], [-2.86482, 50.73379], [-2.88732, 50.73436], [-2.96276, 50.72329], [-2.9982, 50.70825], [-3.02184, 50.7065], [-3.05972, 50.71332], [-3.12548, 50.6853], [-3.16649, 50.69282], [-3.25984, 50.67455], [-3.29557, 50.63753], [-3.36816, 50.6171], [-3.40724, 50.62122], [-3.42097, 50.62946], [-3.44636, 50.66828], [-3.46443, 50.67853], [-3.46784, 50.66698], [-3.45531, 50.6579], [-3.43336, 50.61026], [-3.46727, 50.5856], [-3.48176, 50.56855], [-3.50597, 50.52082], [-3.50504, 50.50121], [-3.48748, 50.45943], [-3.53213, 50.45478], [-3.54943, 50.44652], [-3.55626, 50.43212], [-3.54931, 50.4156], [-3.53197, 50.41022], [-3.48747, 50.41155], [-3.48747, 50.40477], [-3.49829, 50.3837], [-3.52013, 50.37482], [-3.52694, 50.34981], [-3.53889, 50.34444], [-3.57055, 50.35639], [-3.57781, 50.33406], [-3.62157, 50.32193], [-3.63199, 50.31232], [-3.65331, 50.25104], [-3.64564, 50.22603], [-3.66097, 50.22095], [-3.71801, 50.2124], [-3.77424, 50.22297], [-3.78897, 50.2124], [-3.82632, 50.2342], [-3.88418, 50.28046], [-3.96101, 50.32225], [-4.0056, 50.30923], [-4.03295, 50.29492], [-4.05434, 50.30037], [-4.0702, 50.30923], [-4.06404, 50.32225], [-4.086, 50.32625], [-4.10841, 50.33683], [-4.11871, 50.35187], [-4.10497, 50.37067], [-4.15273, 50.37068], [-4.17146, 50.3828], [-4.19148, 50.41763], [-4.15954, 50.45942], [-4.17943, 50.45307], [-4.20055, 50.45942], [-4.2124, 50.44148], [-4.23473, 50.4383], [-4.23473, 50.43212], [-4.22022, 50.42584], [-4.21614, 50.41572], [-4.22851, 50.39737], [-4.28991, 50.39737], [-4.27302, 50.3819], [-4.21622, 50.38776], [-4.19377, 50.37691], [-4.22851, 50.37067], [-4.22851, 50.36384], [-4.20057, 50.36384], [-4.208, 50.35639], [-4.18006, 50.35638], [-4.18006, 50.35017], [-4.19799, 50.34223], [-4.19377, 50.32226], [-4.21499, 50.32316], [-4.2351, 50.34956], [-4.25235, 50.35639], [-4.33772, 50.37067], [-4.3837, 50.3675], [-4.45621, 50.33821], [-4.49536, 50.32845], [-4.65982, 50.32225], [-4.67344, 50.31543], [-4.68716, 50.34272], [-4.69433, 50.34345], [-4.71134, 50.3359], [-4.7521, 50.33031], [-4.7633, 50.32209], [-4.75546, 50.30175], [-4.77986, 50.28433], [-4.78336, 50.2779], [-4.77654, 50.26081], [-4.79993, 50.22972], [-4.84972, 50.23457], [-4.86872, 50.22944], [-4.90446, 50.20856], [-4.94726, 50.19937], [-5.00243, 50.14413], [-5.01454, 50.15657], [-5.02038, 50.19196], [-5.03319, 50.19937], [-5.05297, 50.19579], [-5.05188, 50.17553], [-5.06456, 50.15839], [-5.04348, 50.14412], [-5.05846, 50.14273], [-5.08031, 50.13272], [-5.08505, 50.10994], [-5.12597, 50.09634], [-5.0708, 50.08949], [-5.05652, 50.06061], [-5.09806, 50.0144], [-5.12743, 50.01545], [-5.14647, 50.01057], [-5.17614, 49.98794], [-5.19116, 49.95915], [-5.21035, 49.96675], [-5.24503, 49.99292], [-5.25268, 50.02778], [-5.30435, 50.08027], [-5.38419, 50.10798], [-5.42471, 50.11275], [-5.47484, 50.13044], [-5.52184, 50.12372], [-5.54092, 50.11347], [-5.53468, 50.08234], [-5.54558, 50.06892], [-5.5782, 50.05483], [-5.61911, 50.04628], [-5.66739, 50.04288], [-5.70513, 50.05232], [-5.71563, 50.0827], [-5.70307, 50.08425], [-5.69441, 50.09577], [-5.70196, 50.10318], [-5.7092, 50.13263], [-5.68432, 50.16167], [-5.54943, 50.20352], [-5.51097, 50.21946], [-5.48913, 50.21978], [-5.45812, 50.20075], [-5.43798, 50.19432], [-5.41739, 50.20246], [-5.38755, 50.24029], [-5.35192, 50.2403], [-5.31485, 50.25361], [-5.2003, 50.33075], [-5.14989, 50.35016], [-5.14566, 50.36689], [-5.15366, 50.39948], [-5.1424, 50.40447], [-5.11974, 50.40477], [-5.05028, 50.4287], [-5.03873, 50.4479], [-5.02524, 50.52423], [-5.0156, 50.53802], [-4.99586, 50.54803], [-4.97517, 50.54816], [-4.94726, 50.56243], [-4.93712, 50.54531], [-4.93358, 50.52025], [-4.92052, 50.52764], [-4.90242, 50.52057], [-4.86095, 50.51919], [-4.84484, 50.51406], [-4.85582, 50.52741], [-4.90624, 50.54198], [-4.92186, 50.55488], [-4.91519, 50.5725], [-4.92051, 50.58917], [-4.89566, 50.58592], [-4.8212, 50.58918], [-4.79247, 50.5952], [-4.74926, 50.64444], [-4.75543, 50.65937], [-4.75193, 50.67006], [-4.74193, 50.67486], [-4.72814, 50.67231], [-4.6573, 50.71113], [-4.63779, 50.74115], [-4.57726, 50.77473], [-4.55012, 50.80956], [-4.5549, 50.89777], [-4.54375, 50.93919], [-4.52269, 50.97272], [-4.53044, 50.99497], [-4.52643, 51.01495], [-4.43733, 51.01495], [-4.39574, 51.00068], [-4.33772, 50.99665], [-4.30232, 51.00751], [-4.208, 51.07636], [-4.23192, 51.1267], [-4.25574, 51.15151], [-4.21483, 51.15152], [-4.20983, 51.17284], [-4.22849, 51.18623], [-4.22849, 51.19244], [-4.15233, 51.21161], [-3.96947, 51.2224], [-3.9132, 51.23338], [-3.84089, 51.23338], [-3.76916, 51.24769], [-3.63976, 51.22639], [-3.55932, 51.22809], [-3.43456, 51.20984], [-3.40437, 51.19204], [-3.385, 51.18622], [-3.27074, 51.1894], [-3.16309, 51.2067], [-3.09675, 51.20453], [-3.05752, 51.20816], [-3.02929, 51.22039], [-3.02184, 51.21357], [-3.03555, 51.19929], [-3.02184, 51.19245], [-3.00479, 51.21312], [-2.99958, 51.23322], [-3.00815, 51.25454], [-3.01061, 51.31098], [-3.02181, 51.32281], [-3.00243, 51.31908], [-2.99218, 51.32193], [-2.98777, 51.34666], [-2.95958, 51.37425], [-2.97466, 51.38422], [-2.95295, 51.39849], [-2.92101, 51.39444], [-2.79857, 51.48261], [-2.71642, 51.49958], [-2.69616, 51.51264], [-2.60781, 51.60736], [-2.58043, 51.61864], [-2.55637, 51.65924], [-2.49918, 51.69676], [-2.46498, 51.72589], [-2.4049, 51.74116], [-2.38854, 51.75043], [-2.38077, 51.76191], [-2.38337, 51.77326], [-2.39806, 51.78213], [-2.40242, 51.76358], [-2.4204, 51.75312], [-2.48209, 51.74287], [-2.52213, 51.70637], [-2.5817, 51.68171], [-2.69352, 51.59635], [-2.71313, 51.58662], [-2.76049, 51.57978], [-2.8164, 51.55558], [-2.85872, 51.54614], [-2.94335, 51.54256], [-2.95628, 51.54573], [-2.97468, 51.56297], [-3.01571, 51.53165], [-3.10562, 51.49722], [-3.1317, 51.48041], [-3.14539, 51.45995], [-3.17272, 51.45311], [-3.16008, 51.43183], [-3.16716, 51.41047], [-3.18481, 51.39762], [-3.21886, 51.40278], [-3.28977, 51.38424], [-3.53879, 51.39848], [-3.55743, 51.40511], [-3.60473, 51.44571], [-3.6632, 51.47622], [-3.67699, 51.47704], [-3.69542, 51.47152], [-3.7376, 51.49088], [-3.74802, 51.50093], [-3.7494, 51.50535], [-3.74185, 51.50837], [-3.77013, 51.5633], [-3.78222, 51.57665], [-3.81675, 51.59633], [-3.83267, 51.61555], [-3.85489, 51.62385], [-3.96239, 51.61563], [-3.98998, 51.60651], [-3.99877, 51.60029], [-3.99991, 51.59089], [-3.97463, 51.56298], [-4.01618, 51.56297], [-4.02651, 51.55404], [-4.03197, 51.56314], [-4.04646, 51.56843], [-4.05313, 51.56924], [-4.07022, 51.55558], [-4.08727, 51.56192], [-4.12165, 51.56598], [-4.16641, 51.54256], [-4.19677, 51.54938], [-4.20091, 51.53877], [-4.2899, 51.55558], [-4.29733, 51.56924], [-4.27831, 51.57819], [-4.28969, 51.60155], [-4.28989, 51.617], [-4.25577, 51.62385], [-4.23473, 51.64495], [-4.22852, 51.63744], [-4.23473, 51.63744], [-4.23473, 51.63129], [-4.22102, 51.62385], [-4.0913, 51.63988], [-4.07022, 51.6623], [-4.07055, 51.67597], [-4.07543, 51.6778], [-4.09541, 51.66512], [-4.10684, 51.66427], [-4.14635, 51.66707], [-4.20055, 51.68586], [-4.21496, 51.67968], [-4.29332, 51.6723], [-4.31529, 51.67749], [-4.36621, 51.70831], [-4.37924, 51.72686], [-4.31998, 51.72484], [-4.31045, 51.73371], [-4.34716, 51.73578], [-4.36252, 51.74287], [-4.3718, 51.75479], [-4.35802, 51.77314], [-4.3651, 51.78905], [-4.39916, 51.76163], [-4.40932, 51.76318], [-4.4265, 51.77529], [-4.44579, 51.77326], [-4.44933, 51.7663], [-4.42653, 51.7473], [-4.46077, 51.73579], [-4.49889, 51.73486], [-4.57421, 51.74116], [-4.64537, 51.73212], [-4.67821, 51.71743], [-4.6803, 51.6927], [-4.69164, 51.68989], [-4.71231, 51.65009], [-4.73493, 51.65925], [-4.75919, 51.64498], [-4.86351, 51.64411], [-4.87898, 51.63744], [-4.90479, 51.61385], [-4.9237, 51.60863], [-4.93201, 51.59903], [-4.94566, 51.59752], [-5.02159, 51.61604], [-5.04548, 51.62677], [-5.03661, 51.63744], [-5.05118, 51.65693], [-5.10048, 51.66471], [-5.11972, 51.67841], [-5.11342, 51.68528], [-5.03661, 51.67841], [-5.04341, 51.69269], [-4.98819, 51.68586], [-4.94103, 51.70014], [-4.89265, 51.70637], [-4.86819, 51.7168], [-4.85806, 51.71833], [-4.84484, 51.71381], [-4.84484, 51.72004], [-4.8734, 51.73774], [-4.87902, 51.76203], [-4.86254, 51.78238], [-4.82433, 51.78828], [-4.82433, 51.79572], [-4.86498, 51.78327], [-4.92129, 51.78001], [-4.93358, 51.7753], [-4.90518, 51.77119], [-4.90054, 51.76211], [-4.90624, 51.7473], [-4.89208, 51.73941], [-4.89567, 51.72818], [-4.91055, 51.71821], [-5.00992, 51.70637], [-5.14924, 51.71808], [-5.1669, 51.71381], [-5.15699, 51.69758], [-5.16862, 51.68892], [-5.18283, 51.68929], [-5.18065, 51.70637], [-5.23013, 51.73005], [-5.24942, 51.7337], [-5.21394, 51.73574], [-5.17682, 51.75966], [-5.12597, 51.7685], [-5.11026, 51.77851], [-5.11339, 51.8288], [-5.12588, 51.85602], [-5.13964, 51.864], [-5.14647, 51.85718], [-5.16438, 51.86677], [-5.20376, 51.87019], [-5.22159, 51.87767], [-5.23614, 51.871], [-5.31092, 51.86401], [-5.29735, 51.87018], [-5.30254, 51.88524], [-5.29052, 51.892], [-5.29052, 51.89814], [-5.29831, 51.91095], [-5.28892, 51.91693], [-5.2342, 51.92304], [-5.20384, 51.9424], [-5.11954, 51.95893], [-5.08804, 51.97602], [-5.08501, 52.00185], [-5.07079, 52.00186], [-5.07079, 52.00804], [-5.08273, 52.01448], [-5.08119, 52.02118], [-5.07021, 52.02634], [-5.02622, 52.02734], [-4.96174, 52.00751], [-4.94253, 52.00747], [-4.91369, 52.01484], [-4.9205, 52.0285], [-4.84142, 52.01484], [-4.83226, 52.01899], [-4.83799, 52.04901], [-4.79699, 52.05646], [-4.77758, 52.06489], [-4.72028, 52.11334], [-4.70654, 52.11346], [-4.67345, 52.0974], [-4.67567, 52.12693], [-4.63752, 52.13848], [-4.51382, 52.13569], [-4.50227, 52.13837], [-4.48427, 52.15631], [-4.4348, 52.17036], [-4.38528, 52.20356], [-4.37087, 52.20936], [-4.31583, 52.2163], [-4.19713, 52.27928], [-4.13907, 52.33023], [-4.10961, 52.3653], [-4.09626, 52.38788], [-4.07905, 52.45282], [-4.05655, 52.48786], [-4.06402, 52.50918], [-4.05654, 52.52944], [-4.01618, 52.52196], [-3.94734, 52.54926], [-3.94734, 52.55671], [-3.97448, 52.55654], [-4.05313, 52.54243], [-4.11391, 52.58843], [-4.12546, 52.60391], [-4.1222, 52.62873], [-4.10609, 52.65329], [-4.08482, 52.67267], [-4.06355, 52.68309], [-4.05654, 52.70066], [-4.00109, 52.72411], [-3.98827, 52.73428], [-4.01472, 52.73233], [-4.04881, 52.72159], [-4.12513, 52.77831], [-4.14893, 52.81186], [-4.14622, 52.82021], [-4.11734, 52.83076], [-4.13217, 52.86832], [-4.12986, 52.88922], [-4.06404, 52.91918], [-4.07763, 52.92666], [-4.10049, 52.91413], [-4.11057, 52.91568], [-4.11856, 52.92666], [-4.14475, 52.91476], [-4.2285, 52.91918], [-4.30069, 52.90558], [-4.33731, 52.89204], [-4.40661, 52.89252], [-4.4462, 52.87592], [-4.48168, 52.8509], [-4.47551, 52.84415], [-4.49136, 52.8382], [-4.50097, 52.82681], [-4.50133, 52.81391], [-4.48915, 52.80317], [-4.51647, 52.78951], [-4.52855, 52.79048], [-4.54247, 52.80069], [-4.59463, 52.8168], [-4.60652, 52.81509], [-4.62634, 52.80318], [-4.64859, 52.79964], [-4.7045, 52.80317], [-4.74742, 52.78345], [-4.76282, 52.7895], [-4.75251, 52.79877], [-4.75542, 52.80931], [-4.73492, 52.83046], [-4.59605, 52.92841], [-4.524, 52.94424], [-4.44343, 52.98216], [-4.42368, 53.00262], [-4.35823, 53.02847], [-4.34569, 53.05948], [-4.34087, 53.11273], [-4.33436, 53.11676], [-4.32762, 53.11468], [-4.32067, 53.10151], [-4.3036, 53.12531], [-4.26354, 53.15453], [-4.23453, 53.16401], [-4.17797, 53.2176], [-4.12222, 53.23347], [-4.09074, 53.23517], [-4.06688, 53.22907], [-4.0089, 53.24445], [-3.97425, 53.26187], [-3.8653, 53.28912], [-3.83129, 53.28913], [-3.84142, 53.30744], [-3.87074, 53.32564], [-3.87838, 53.33758], [-3.84058, 53.33282], [-3.81013, 53.31708], [-3.79052, 53.32342], [-3.76888, 53.31915], [-3.7163, 53.28693], [-3.6022, 53.28889], [-3.56233, 53.29442], [-3.37205, 53.35089], [-3.33068, 53.35179], [-3.29208, 53.34038], [-3.27133, 53.33054], [-3.2508, 53.31257], [-3.12223, 53.26227], [-3.08776, 53.23469], [-3.08454, 53.27546], [-3.13541, 53.33381], [-3.18505, 53.37709], [-3.18633, 53.39276], [-3.17551, 53.40273], [-3.15759, 53.40866], [-3.09423, 53.41739], [-3.05825, 53.43475], [-3.03555, 53.43374], [-3.0122, 53.41669], [-2.95295, 53.32392], [-2.91055, 53.29633], [-2.8815, 53.2884], [-2.85057, 53.28913], [-2.83755, 53.30279], [-2.80614, 53.29658], [-2.7755, 53.29987], [-2.74812, 53.30964], [-2.75363, 53.32253], [-2.74315, 53.33853], [-2.73449, 53.34443], [-2.71744, 53.34272], [-2.69978, 53.35179], [-2.76439, 53.34516], [-2.77538, 53.34101], [-2.78239, 53.32637], [-2.7998, 53.32104], [-2.84366, 53.32393], [-2.88616, 53.3335], [-2.92494, 53.35001], [-2.98082, 53.39277], [-3.10189, 53.55805], [-3.08782, 53.58747], [-3.02206, 53.6526], [-2.95172, 53.70807], [-2.91145, 53.72504], [-2.89904, 53.73542], [-2.98485, 53.73608], [-3.02146, 53.7458], [-3.04917, 53.76952], [-3.05636, 53.80305], [-3.04491, 53.87848], [-3.05661, 53.90615], [-3.04066, 53.92352], [-3.01756, 53.93194], [-2.92569, 53.9527], [-2.90926, 53.95383], [-2.88854, 53.94603], [-2.88173, 53.9567], [-2.85798, 53.9676], [-2.86923, 53.97883], [-2.83446, 53.99982], [-2.83007, 54.01602], [-2.86485, 54.0043], [-2.89549, 54.00236], [-2.91818, 54.03433], [-2.89208, 54.05012], [-2.85887, 54.08099], [-2.82677, 54.08881], [-2.79597, 54.12519], [-2.85424, 54.19408], [-2.83288, 54.19904], [-2.81029, 54.2119], [-2.79524, 54.22948], [-2.79597, 54.24872], [-2.8028, 54.24873], [-2.80663, 54.23371], [-2.82087, 54.22175], [-2.90465, 54.18765], [-2.92042, 54.16206], [-2.9392, 54.15511], [-2.9842, 54.15315], [-2.9977, 54.15958], [-3.01724, 54.18987], [-3.00817, 54.20034], [-3.01537, 54.2119], [-3.03576, 54.22598], [-3.04918, 54.22207], [-3.04473, 54.20806], [-3.06092, 54.16213], [-3.09073, 54.13947], [-3.11792, 54.10884], [-3.14525, 54.10004], [-3.14539, 54.06382], [-3.18977, 54.09789], [-3.21955, 54.10079], [-3.24094, 54.11213], [-3.23314, 54.15917], [-3.24838, 54.16682], [-3.24838, 54.17364], [-3.2152, 54.17984], [-3.20678, 54.20893], [-3.20739, 54.26301], [-3.22313, 54.25764], [-3.23135, 54.24722], [-3.24096, 54.22207], [-3.23217, 54.20254], [-3.30679, 54.19189], [-3.32851, 54.20474], [-3.40736, 54.27774], [-3.41289, 54.29377], [-3.40412, 54.31855], [-3.41344, 54.34296], [-3.44016, 54.35176], [-3.47427, 54.3935], [-3.49796, 54.40603], [-3.59187, 54.4831], [-3.61292, 54.49147], [-3.63416, 54.51289], [-3.61156, 54.52993], [-3.59032, 54.56464], [-3.56381, 54.64276], [-3.50935, 54.72145], [-3.46813, 54.7353], [-3.43957, 54.76146], [-3.43098, 54.78046], [-3.44015, 54.79743], [-3.38769, 54.88354], [-3.36448, 54.8998], [-3.34534, 54.90248], [-3.30647, 54.88618], [-3.25463, 54.89981], [-3.31726, 54.92032], [-3.27651, 54.94342], [-3.21361, 54.95441], [-3.18017, 54.94082], [-3.12279, 54.93269], [-3.03954, 54.94717], [-3.02184, 54.95441], [-3.09073, 54.95463], [-3.09071, 54.96125], [-3.04092, 54.97248], [-3.02184, 54.96808], [-3.02184, 54.97553], [-3.04629, 54.98212], [-3.13574, 54.9681], [-3.45346, 54.98174], [-3.50105, 54.9925], [-3.51529, 54.9892], [-3.5092, 54.98176], [-3.52603, 54.97713], [-3.57055, 54.99543], [-3.58361, 54.96808], [-3.57562, 54.95715], [-3.56878, 54.91626], [-3.58171, 54.88362], [-3.59838, 54.87801], [-3.69176, 54.8832], [-3.71764, 54.88084], [-3.73926, 54.85982], [-3.81013, 54.86628], [-3.80335, 54.85888], [-3.81237, 54.85518], [-3.83129, 54.86628], [-3.81998, 54.87857], [-3.81013, 54.8725], [-3.81697, 54.88618], [-3.84431, 54.86628], [-3.83748, 54.85201], [-3.8579, 54.84455], [-3.82387, 54.82469], [-3.88573, 54.80646], [-3.96419, 54.77193], [-4.01131, 54.76825], [-4.04286, 54.76949], [-4.04288, 54.77692], [-4.05576, 54.78252], [-4.04772, 54.81306], [-4.04996, 54.82323], [-4.06359, 54.82685], [-4.06404, 54.83153], [-4.0786, 54.82412], [-4.09008, 54.80976], [-4.09349, 54.79267], [-4.08387, 54.77693], [-4.12295, 54.77303], [-4.17393, 54.79231], [-4.20912, 54.82624], [-4.20055, 54.86628], [-4.23975, 54.84301], [-4.25577, 54.83834], [-4.27073, 54.83944], [-4.35691, 54.86555], [-4.38679, 54.90477], [-4.4029, 54.90729], [-4.4262, 54.86993], [-4.41723, 54.84593], [-4.40144, 54.82455], [-4.37285, 54.82191], [-4.35936, 54.81644], [-4.34766, 54.80731], [-4.34449, 54.7945], [-4.35814, 54.77098], [-4.34388, 54.75641], [-4.35652, 54.74189], [-4.34815, 54.70197], [-4.37163, 54.68247], [-4.3824, 54.68009], [-4.42609, 54.68746], [-4.46117, 54.70124], [-4.49673, 54.70064], [-4.56363, 54.75641], [-4.59667, 54.7753], [-4.71447, 54.81786], [-4.78106, 54.83308], [-4.79963, 54.86127], [-4.82103, 54.86664], [-4.85912, 54.86628], [-4.88305, 54.86009], [-4.92577, 54.83739], [-4.95482, 54.80476], [-4.94791, 54.77733], [-4.93004, 54.76244], [-4.89598, 54.70454], [-4.86727, 54.69013], [-4.87206, 54.64924], [-4.85915, 54.63298], [-4.94407, 54.65279], [-4.95367, 54.65974], [-4.95986, 54.67552], [-4.95896, 54.69196], [-4.94726, 54.70124], [-4.95887, 54.71406], [-4.9547, 54.7285], [-4.98817, 54.7353], [-5.00329, 54.77131], [-5.03318, 54.78243], [-5.12801, 54.84878], [-5.15711, 54.8791], [-5.1755, 54.91462], [-5.18063, 54.95469], [-5.17759, 54.99055], [-5.17089, 55.00848], [-5.15672, 55.01653], [-5.12458, 55.01679], [-5.11513, 55.03154], [-5.10523, 55.02618], [-5.06941, 54.98586], [-5.06468, 54.97577], [-5.06086, 54.93114], [-5.03099, 54.91132], [-5.01309, 54.90961], [-4.98819, 54.92772], [-5.02423, 54.97663], [-5.05027, 55.0268], [-5.04766, 55.05552], [-5.01895, 55.10224], [-5.00778, 55.14117], [-4.94726, 55.16791], [-4.88237, 55.21856], [-4.86726, 55.22248], [-4.8648, 55.24136], [-4.838, 55.284], [-4.83972, 55.31577], [-4.83799, 55.32502], [-4.83269, 55.33092], [-4.7731, 55.36937], [-4.74924, 55.41376], [-4.71702, 55.43048], [-4.6505, 55.44847], [-4.62633, 55.46841], [-4.61779, 55.49559], [-4.62678, 55.51972], [-4.65079, 55.53706], [-4.68714, 55.54414], [-4.66625, 55.5622], [-4.67113, 55.58442], [-4.69274, 55.60521], [-4.722, 55.61921], [-4.77652, 55.63288], [-4.81808, 55.6372], [-4.81062, 55.654], [-4.86879, 55.67572], [-4.90065, 55.69215], [-4.9205, 55.70856], [-4.87633, 55.73526], [-4.86243, 55.75483], [-4.86531, 55.79047], [-4.88275, 55.82156], [-4.89263, 55.89289], [-4.88652, 55.91944], [-4.87212, 55.93719], [-4.84967, 55.94808], [-4.79939, 55.9579], [-4.7858, 55.95696], [-4.72232, 55.94009], [-4.69396, 55.94134], [-4.67251, 55.93378], [-4.50597, 55.91909], [-4.48168, 55.92829], [-4.63004, 55.94628], [-4.67343, 55.96187], [-4.72452, 55.99836], [-4.76505, 56.00707], [-4.78344, 56.01765], [-4.81062, 56.04377], [-4.82433, 56.07852], [-4.83413, 56.07991], [-4.84431, 56.07298], [-4.83997, 56.05861], [-4.82037, 56.03596], [-4.79015, 56.0102], [-4.77894, 55.99209], [-4.78532, 55.98405], [-4.80362, 55.98209], [-4.82803, 55.98234], [-4.85154, 55.98803], [-4.86233, 56.00237], [-4.86539, 56.06672], [-4.82632, 56.12421], [-4.75544, 56.18838], [-4.75552, 56.20653], [-4.77994, 56.19147], [-4.85167, 56.11262], [-4.87313, 56.11202], [-4.88061, 56.11986], [-4.88274, 56.15667], [-4.89354, 56.17426], [-4.90709, 56.17707], [-4.92052, 56.16791], [-4.88622, 56.08039], [-4.88915, 56.06485], [-4.90193, 56.06192], [-4.90437, 56.05435], [-4.89267, 55.98974], [-4.90644, 55.98575], [-4.9547, 55.99657], [-4.9547, 55.98973], [-4.9185, 55.97337], [-4.9137, 55.96186], [-4.9174, 55.94746], [-4.94725, 55.92084], [-4.95924, 55.89013], [-4.96931, 55.87967], [-4.98315, 55.87105], [-4.99474, 55.86983], [-5.02635, 55.87373], [-5.04245, 55.88476], [-5.07079, 55.95869], [-5.11083, 55.98896], [-5.12361, 56.00991], [-5.13964, 56.00275], [-5.08568, 55.93187], [-5.07824, 55.91096], [-5.08655, 55.90128], [-5.10562, 55.90497], [-5.17152, 55.93554], [-5.18065, 55.94843], [-5.18065, 55.96931], [-5.19961, 55.94855], [-5.21264, 55.91714], [-5.24205, 55.89289], [-5.2011, 55.8315], [-5.21938, 55.83146], [-5.29669, 55.8527], [-5.3071, 55.86042], [-5.31339, 55.88544], [-5.33455, 55.89649], [-5.33826, 55.90376], [-5.3382, 55.93168], [-5.32662, 55.95365], [-5.32917, 55.97248], [-5.33827, 55.99657], [-5.31363, 56.01236], [-5.2045, 56.11945], [-5.14647, 56.13312], [-5.1046, 56.15152], [-5.04345, 56.2163], [-4.94009, 56.25141], [-4.92052, 56.27778], [-4.97509, 56.24799], [-4.99193, 56.24299], [-5.0327, 56.24116], [-5.06456, 56.22932], [-5.09944, 56.18195], [-5.10888, 56.17471], [-5.22814, 56.12922], [-5.31096, 56.05806], [-5.34569, 56.05122], [-5.35625, 56.01997], [-5.36865, 56.00943], [-5.39029, 56.00569], [-5.43383, 56.0102], [-5.43712, 56.03002], [-5.44441, 56.02757], [-5.45499, 55.95563], [-5.43079, 55.94818], [-5.41251, 55.8996], [-5.4004, 55.89289], [-5.40722, 55.87987], [-5.39292, 55.87373], [-5.40722, 55.86628], [-5.35158, 55.83222], [-5.3268, 55.80857], [-5.31788, 55.78282], [-5.32459, 55.76924], [-5.38756, 55.75031], [-5.43711, 55.71669], [-5.46117, 55.68814], [-5.46863, 55.654], [-5.4901, 55.6446], [-5.48231, 55.63288], [-5.48388, 55.61005], [-5.46265, 55.60203], [-5.45508, 55.59174], [-5.46111, 55.57881], [-5.48876, 55.56908], [-5.48231, 55.55028], [-5.50963, 55.51679], [-5.51099, 55.48445], [-5.52326, 55.48265], [-5.56128, 55.43573], [-5.58462, 55.42744], [-5.58462, 55.42121], [-5.5622, 55.4199], [-5.54371, 55.40692], [-5.52668, 55.38028], [-5.51498, 55.37368], [-5.52507, 55.35863], [-5.57398, 55.32224], [-5.61629, 55.3066], [-5.63996, 55.30391], [-5.6809, 55.31135], [-5.72558, 55.29708], [-5.75454, 55.29736], [-5.77228, 55.30126], [-5.78293, 55.31377], [-5.79469, 55.35663], [-5.79668, 55.3791], [-5.79139, 55.39862], [-5.76342, 55.41206], [-5.71565, 55.4479], [-5.72189, 55.51386], [-5.70775, 55.54336], [-5.72181, 55.5646], [-5.67333, 55.64061], [-5.66942, 55.66071], [-5.68087, 55.67446], [-5.62654, 55.70063], [-5.61301, 55.72598], [-5.58121, 55.75764], [-5.53917, 55.77094], [-5.50463, 55.78937], [-5.4735, 55.81566], [-5.45499, 55.84577], [-5.55175, 55.78364]]], [[[-4.3052, 54.27001], [-4.34695, 54.26677], [-4.38123, 54.26985], [-4.39631, 54.2785], [-4.40127, 54.29386], [-4.39825, 54.31402], [-4.38939, 54.3371], [-4.33782, 54.42122], [-4.31683, 54.4385], [-4.22825, 54.48951], [-4.21868, 54.50154], [-4.17357, 54.58397], [-4.16177, 54.59704], [-4.14792, 54.60639], [-4.13432, 54.61002], [-4.09853, 54.60923], [-4.00564, 54.59336], [-4.02417, 54.43975], [-4.03261, 54.40849], [-4.04526, 54.3811], [-4.06323, 54.35935], [-4.08832, 54.34173], [-4.1232, 54.32372], [-4.21136, 54.29095], [-4.3052, 54.27001]]], [[[-3.73255, 58.79605], [-3.73546, 58.80762], [-3.7305, 58.81502], [-3.7016, 58.82773], [-3.65967, 58.8353], [-3.61978, 58.83491], [-3.60539, 58.83084], [-3.58693, 58.81942], [-3.55548, 58.78631], [-3.49716, 58.69665], [-3.57625, 58.69747], [-3.60571, 58.70093], [-3.65336, 58.72491], [-3.70978, 58.76796], [-3.73255, 58.79605]]], [[[-2.99132, 58.80663], [-2.96719, 58.81265], [-2.96719, 58.82005], [-3.03553, 58.82006], [-3.02919, 58.8278], [-2.95295, 58.83998], [-2.90698, 58.83807], [-2.88368, 58.83217], [-2.88539, 58.82006], [-2.91942, 58.80646], [-2.91399, 58.78486], [-2.92634, 58.77912], [-2.91106, 58.74868], [-2.91785, 58.73836], [-2.93993, 58.73071], [-2.98776, 58.7574], [-2.98776, 58.76483], [-2.97436, 58.77204], [-3.01566, 58.81263], [-2.99132, 58.80663]]], [[[-3.16707, 58.91907], [-3.20278, 58.91593], [-3.22806, 58.92908], [-3.22073, 58.92827], [-3.16707, 58.91907]]], [[[-3.20584, 58.77814], [-3.29929, 58.77913], [-3.32779, 58.8183], [-3.35825, 58.83316], [-3.37304, 58.84789], [-3.40038, 58.84592], [-3.48116, 58.82454], [-3.51457, 58.82507], [-3.5251, 58.83133], [-3.53115, 58.84091], [-3.53959, 58.89108], [-3.54509, 58.90117], [-3.55491, 58.9081], [-3.57018, 58.91099], [-3.58986, 58.9101], [-3.6779, 58.89605], [-3.69382, 58.8967], [-3.70403, 58.90171], [-3.71509, 58.91862], [-3.72202, 58.93895], [-3.72512, 58.96149], [-3.72105, 59.00831], [-3.70542, 59.04926], [-3.69415, 59.06442], [-3.68532, 59.06863], [-3.65267, 59.07003], [-3.61034, 59.06529], [-3.49161, 59.03859], [-3.4439, 59.02314], [-3.40655, 59.00596], [-3.39559, 58.99722], [-3.39452, 58.98983], [-3.40132, 58.98165], [-3.45116, 58.94759], [-3.45546, 58.94035], [-3.45102, 58.93425], [-3.43214, 58.92677], [-3.39372, 58.91995], [-3.33715, 58.92869], [-3.30006, 58.91167], [-3.23086, 58.90676], [-3.2431, 58.89377], [-3.23007, 58.88327], [-3.18393, 58.85887], [-3.16514, 58.84494], [-3.16142, 58.83854], [-3.16403, 58.82096], [-3.17323, 58.80471], [-3.16015, 58.80801], [-3.13174, 58.80646], [-3.15633, 58.78678], [-3.20584, 58.77814]]], [[[-1.3679, 60.04485], [-1.36984, 60.04914], [-1.357, 60.05817], [-1.338, 60.09345], [-1.34567, 60.10895], [-1.31585, 60.11546], [-1.32335, 60.0882], [-1.30829, 60.09414], [-1.3048, 60.08658], [-1.33739, 60.04381], [-1.33462, 60.07632], [-1.35387, 60.05122], [-1.3679, 60.04485]]], [[[-1.05287, 60.14818], [-1.07382, 60.10774], [-1.08389, 60.10518], [-1.1222, 60.12312], [-1.11925, 60.15559], [-1.13565, 60.16795], [-1.13492, 60.1787], [-1.09752, 60.17573], [-1.07947, 60.18829], [-1.06994, 60.16421], [-1.05055, 60.16961], [-1.05287, 60.14818]]], [[[-1.8175, 59.98816], [-1.88415, 60.01574], [-1.94689, 60.05212], [-2.01686, 60.10266], [-2.02095, 60.10772], [-2.02288, 60.12156], [-2.01121, 60.14306], [-1.99465, 60.15114], [-1.95073, 60.15312], [-1.83796, 60.14471], [-1.79197, 60.14452], [-1.68476, 60.15995], [-1.63652, 60.17278], [-1.62283, 60.18015], [-1.61957, 60.18805], [-1.63532, 60.2059], [-1.66578, 60.225], [-1.83085, 60.30611], [-1.85705, 60.32551], [-1.86687, 60.34369], [-1.85905, 60.35682], [-1.83782, 60.37084], [-1.76829, 60.39741], [-1.68498, 60.41517], [-1.64664, 60.4182], [-1.6151, 60.41598], [-1.59249, 60.40778], [-1.57749, 60.39429], [-1.56844, 60.37697], [-1.55582, 60.29283], [-1.54841, 60.29295], [-1.55581, 60.30661], [-1.52098, 60.29979], [-1.52841, 60.31345], [-1.48144, 60.31646], [-1.4676, 60.30854], [-1.46642, 60.27871], [-1.44595, 60.2862], [-1.45958, 60.30663], [-1.43904, 60.30663], [-1.44593, 60.32094], [-1.42276, 60.32611], [-1.39636, 60.32184], [-1.37426, 60.30842], [-1.364, 60.2862], [-1.33609, 60.30663], [-1.364, 60.32095], [-1.34348, 60.34759], [-1.31554, 60.34138], [-1.3281, 60.35268], [-1.26037, 60.35505], [-1.33754, 60.37446], [-1.34349, 60.39598], [-1.37341, 60.3811], [-1.39474, 60.38976], [-1.39852, 60.3998], [-1.38443, 60.42333], [-1.41609, 60.42323], [-1.43901, 60.43082], [-1.44595, 60.49226], [-1.4801, 60.45748], [-1.49558, 60.46089], [-1.49907, 60.46906], [-1.48009, 60.48542], [-1.53209, 60.48311], [-1.54841, 60.49226], [-1.5575, 60.48067], [-1.57202, 60.47676], [-1.60666, 60.47798], [-1.60934, 60.48334], [-1.58616, 60.5121], [-1.55582, 60.51211], [-1.54839, 60.53937], [-1.52695, 60.55682], [-1.514, 60.5578], [-1.48819, 60.52582], [-1.45507, 60.50886], [-1.41747, 60.50218], [-1.38443, 60.51211], [-1.39574, 60.51667], [-1.43594, 60.51895], [-1.46386, 60.53742], [-1.48009, 60.53937], [-1.45278, 60.56732], [-1.41112, 60.58039], [-1.42534, 60.58784], [-1.41405, 60.59992], [-1.41867, 60.6083], [-1.39415, 60.61431], [-1.36686, 60.61224], [-1.31554, 60.59406], [-1.3087, 60.60147], [-1.32616, 60.61115], [-1.32401, 60.62112], [-1.30143, 60.64303], [-1.29143, 60.62311], [-1.29215, 60.59939], [-1.29889, 60.58944], [-1.3087, 60.58784], [-1.30158, 60.56463], [-1.33609, 60.53319], [-1.31557, 60.53318], [-1.33609, 60.52578], [-1.31556, 60.51895], [-1.33609, 60.48542], [-1.31749, 60.48892], [-1.30144, 60.49843], [-1.29505, 60.49224], [-1.31192, 60.47089], [-1.30872, 60.45747], [-1.32795, 60.45319], [-1.3518, 60.41836], [-1.37023, 60.40965], [-1.37023, 60.40217], [-1.34504, 60.40233], [-1.32299, 60.40965], [-1.32433, 60.42772], [-1.29698, 60.43796], [-1.23363, 60.44379], [-1.29503, 60.47114], [-1.27196, 60.48427], [-1.26195, 60.48158], [-1.26036, 60.46491], [-1.21752, 60.49798], [-1.18629, 60.48224], [-1.19262, 60.47114], [-1.16969, 60.46289], [-1.15789, 60.44379], [-1.1647, 60.43696], [-1.15175, 60.43081], [-1.16398, 60.42549], [-1.1859, 60.43159], [-1.22419, 60.41144], [-1.18517, 60.41649], [-1.19945, 60.40965], [-1.19945, 60.40217], [-1.16543, 60.41206], [-1.15367, 60.40787], [-1.15172, 60.38858], [-1.14428, 60.38858], [-1.14029, 60.39887], [-1.12377, 60.40217], [-1.10341, 60.4308], [-1.09704, 60.41649], [-1.07273, 60.44452], [-1.05394, 60.4505], [-1.03444, 60.45062], [-1.04872, 60.43334], [-1.12507, 60.38373], [-1.11754, 60.37393], [-1.09447, 60.39151], [-1.06828, 60.3963], [-1.06235, 60.38521], [-1.07045, 60.35953], [-1.07918, 60.35506], [-1.17223, 60.3476], [-1.1516, 60.33731], [-1.10124, 60.33111], [-1.07534, 60.32095], [-1.13793, 60.29072], [-1.13435, 60.27558], [-1.12222, 60.27924], [-1.08978, 60.27253], [-1.14786, 60.24886], [-1.1647, 60.25141], [-1.18293, 60.27192], [-1.19262, 60.27253], [-1.19811, 60.26056], [-1.18519, 60.24519], [-1.21939, 60.23835], [-1.21939, 60.23216], [-1.17904, 60.23216], [-1.19945, 60.20425], [-1.18102, 60.21784], [-1.1579, 60.22466], [-1.19262, 60.17634], [-1.1765, 60.18789], [-1.15515, 60.19256], [-1.14397, 60.18755], [-1.15787, 60.17011], [-1.12377, 60.15583], [-1.12377, 60.1496], [-1.15172, 60.1496], [-1.14428, 60.13533], [-1.16088, 60.14118], [-1.18156, 60.1293], [-1.19945, 60.1291], [-1.18519, 60.12166], [-1.1897, 60.11361], [-1.19518, 60.1087], [-1.21321, 60.10737], [-1.21321, 60.10122], [-1.1852, 60.09438], [-1.20226, 60.08308], [-1.19286, 60.06981], [-1.16473, 60.06024], [-1.17009, 60.04597], [-1.18518, 60.03829], [-1.21939, 60.03974], [-1.19264, 59.9975], [-1.20126, 59.98641], [-1.2158, 59.9869], [-1.2473, 59.9975], [-1.24301, 59.9767], [-1.25346, 59.93726], [-1.3618, 59.9332], [-1.36398, 59.93732], [-1.34584, 59.95038], [-1.32299, 59.95099], [-1.32299, 59.95661], [-1.3497, 59.9709], [-1.3497, 59.97768], [-1.32299, 59.97769], [-1.3287, 59.99551], [-1.30289, 60.02802], [-1.28771, 60.07563], [-1.2626, 60.11506], [-1.26773, 60.14216], [-1.28452, 60.14595], [-1.28886, 60.15583], [-1.26936, 60.18545], [-1.29817, 60.17634], [-1.31238, 60.18065], [-1.29467, 60.2154], [-1.26773, 60.23835], [-1.26773, 60.24518], [-1.28694, 60.24628], [-1.32925, 60.20426], [-1.35765, 60.24433], [-1.37857, 60.25479], [-1.41112, 60.25886], [-1.41112, 60.25141], [-1.37609, 60.23794], [-1.33603, 60.19638], [-1.33555, 60.18421], [-1.3441, 60.17057], [-1.35912, 60.15594], [-1.41722, 60.11105], [-1.44135, 60.08533], [-1.4427, 60.06699], [-1.4301, 60.02226], [-1.42954, 60.00389], [-1.44565, 59.96919], [-1.51525, 59.85173], [-1.54402, 59.77242], [-1.56485, 59.73046], [-1.57962, 59.71298], [-1.59835, 59.69938], [-1.60997, 59.69708], [-1.62561, 59.69934], [-1.66198, 59.71338], [-1.69354, 59.73322], [-1.70315, 59.7427], [-1.70631, 59.75047], [-1.69929, 59.77289], [-1.68407, 59.79844], [-1.59227, 59.91095], [-1.57467, 59.93641], [-1.56455, 59.95874], [-1.56547, 59.98011], [-1.57019, 59.99316], [-1.58768, 60.01895], [-1.61527, 60.0376], [-1.6326, 60.04171], [-1.65196, 60.04035], [-1.67127, 60.03342], [-1.7476, 59.98777], [-1.76641, 59.98129], [-1.78511, 59.98057], [-1.8175, 59.98816]]], [[[-1.0152, 60.33414], [-1.03406, 60.34016], [-1.0064, 60.36896], [-0.98363, 60.3723], [-0.96759, 60.38104], [-0.91269, 60.38677], [-0.91773, 60.37666], [-0.97599, 60.34033], [-1.0152, 60.33414]]], [[[-0.75839, 60.60757], [-0.76075, 60.58784], [-0.78523, 60.57633], [-0.84215, 60.58832], [-0.87047, 60.58784], [-0.85623, 60.56734], [-0.88352, 60.57055], [-0.93866, 60.62114], [-0.93881, 60.62872], [-0.81153, 60.62587], [-0.80907, 60.6083], [-0.78457, 60.61513], [-0.75839, 60.60757]]], [[[-0.97975, 60.65668], [-0.99349, 60.63567], [-1.04259, 60.66157], [-1.06233, 60.66291], [-1.01393, 60.61514], [-1.04101, 60.60798], [-1.06916, 60.61514], [-1.05207, 60.59764], [-1.02077, 60.59405], [-1.02819, 60.58784], [-1.01108, 60.5777], [-1.01075, 60.5655], [-1.02231, 60.55584], [-1.04186, 60.55305], [-1.02247, 60.52725], [-1.02381, 60.503], [-1.08007, 60.50519], [-1.1007, 60.51504], [-1.10774, 60.50507], [-1.09706, 60.49227], [-1.13051, 60.49605], [-1.1536, 60.50822], [-1.16776, 60.53047], [-1.18003, 60.62466], [-1.17136, 60.64597], [-1.13805, 60.64924], [-1.14102, 60.63117], [-1.11449, 60.61245], [-1.10342, 60.61514], [-1.12371, 60.65958], [-1.11148, 60.68114], [-1.12039, 60.69711], [-1.11391, 60.71475], [-1.0921, 60.73533], [-1.07992, 60.73553], [-1.06916, 60.71817], [-1.05761, 60.72972], [-1.03697, 60.73313], [-0.9935, 60.73114], [-1.00089, 60.70392], [-0.98717, 60.6977], [-0.99795, 60.68561], [-0.97975, 60.65668]]], [[[-0.83376, 60.83685], [-0.76278, 60.81302], [-0.78799, 60.80695], [-0.76076, 60.80011], [-0.80846, 60.77863], [-0.80169, 60.7591], [-0.8214, 60.75853], [-0.8017, 60.75236], [-0.80169, 60.74482], [-0.85001, 60.71817], [-0.82191, 60.68501], [-0.83642, 60.67659], [-0.87047, 60.68403], [-0.9348, 60.68213], [-0.96617, 60.69018], [-0.95995, 60.70942], [-0.96617, 60.72499], [-0.9486, 60.71796], [-0.94477, 60.73462], [-0.95244, 60.75234], [-0.9357, 60.75601], [-0.92614, 60.7696], [-0.92618, 60.78465], [-0.93881, 60.79267], [-0.93881, 60.80011], [-0.90416, 60.81395], [-0.88149, 60.84503], [-0.87012, 60.84519], [-0.86034, 60.83755], [-0.85619, 60.82396], [-0.86034, 60.81293], [-0.88166, 60.80085], [-0.88834, 60.78974], [-0.85314, 60.80353], [-0.83376, 60.83685]]], [[[22.53481, 36.02123], [22.54476, 35.99351], [22.54453, 35.98184], [22.52872, 35.9746], [22.4911, 35.97289], [22.46942, 35.97778], [22.44881, 35.98653], [22.43081, 35.99865], [22.41698, 36.0136], [22.40883, 36.03086], [22.40794, 36.04994], [22.41584, 36.07034], [22.44352, 36.11966], [22.46025, 36.16762], [22.4742, 36.19601], [22.49338, 36.21093], [22.51522, 36.21438], [22.53713, 36.20828], [22.55653, 36.19461], [22.57085, 36.17532], [22.57752, 36.15239], [22.57396, 36.1278], [22.56597, 36.11076], [22.53591, 36.06729], [22.53234, 36.05556], [22.53481, 36.02123]]], [[[22.92922, 36.17797], [22.90871, 36.20596], [22.91619, 36.2851], [22.89971, 36.32839], [22.90163, 36.33832], [22.93287, 36.38142], [22.94459, 36.38938], [22.95638, 36.38344], [23.01173, 36.3083], [23.0769, 36.27073], [23.0944, 36.25433], [23.10374, 36.23741], [23.06625, 36.22639], [23.05844, 36.21646], [23.05176, 36.14476], [23.01441, 36.14834], [23.00245, 36.14663], [22.99074, 36.13705], [22.98756, 36.15156], [22.94957, 36.16499], [22.95004, 36.17626], [22.92922, 36.17797]]], [[[22.94034, 36.46605], [22.93165, 36.46476], [22.92507, 36.46907], [22.92939, 36.48411], [22.96242, 36.5099], [22.97674, 36.50747], [22.98934, 36.47044], [22.98601, 36.45826], [22.96583, 36.47606], [22.95159, 36.47525], [22.94034, 36.46605]]], [[[21.77783, 36.69939], [21.76796, 36.70826], [21.76417, 36.71988], [21.75051, 36.71241], [21.75978, 36.75201], [21.76417, 36.75396], [21.78003, 36.7475], [21.77783, 36.69939]]], [[[21.72933, 36.78877], [21.71632, 36.78132], [21.71655, 36.77094], [21.69582, 36.74043], [21.70087, 36.79108], [21.70949, 36.80173], [21.72933, 36.79499], [21.72933, 36.78877]]], [[[21.5373, 37.05744], [21.55282, 37.06438], [21.55867, 37.05382], [21.54665, 37.03237], [21.549, 37.04536], [21.5373, 37.05744]]], [[[23.09443, 37.27473], [23.10934, 37.28523], [23.12842, 37.28839], [23.15825, 37.27154], [23.16471, 37.25381], [23.16235, 37.24422], [23.15203, 37.23999], [23.13133, 37.24367], [23.09443, 37.27473]]], [[[20.66022, 37.91071], [20.68572, 37.92958], [20.70898, 37.92523], [20.74195, 37.86229], [20.77719, 37.84333], [20.80885, 37.84954], [20.8501, 37.8364], [20.88599, 37.81394], [20.91798, 37.76529], [20.98682, 37.72988], [20.99633, 37.69932], [20.98308, 37.71231], [20.95436, 37.72386], [20.89389, 37.73347], [20.87916, 37.72822], [20.86328, 37.71061], [20.84352, 37.70157], [20.84376, 37.68993], [20.85302, 37.67259], [20.84685, 37.65331], [20.81512, 37.65153], [20.77719, 37.68627], [20.71914, 37.72629], [20.71875, 37.71628], [20.70414, 37.68842], [20.66437, 37.64642], [20.63913, 37.62994], [20.62681, 37.62639], [20.5964, 37.62479], [20.55232, 37.63471], [20.53597, 37.64865], [20.52901, 37.66843], [20.52225, 37.72221], [20.51971, 37.86434], [20.55595, 37.90215], [20.56902, 37.91101], [20.57364, 37.91043], [20.62223, 37.86753], [20.66022, 37.91071]]], [[[20.46322, 38.33147], [20.47047, 38.31513], [20.47902, 38.30948], [20.5298, 38.33747], [20.53875, 38.35407], [20.53956, 38.37421], [20.53095, 38.39202], [20.55128, 38.38516], [20.53781, 38.42589], [20.54363, 38.45917], [20.53778, 38.47393], [20.57178, 38.47393], [20.62769, 38.34357], [20.62602, 38.32826], [20.59913, 38.30264], [20.63054, 38.25796], [20.64291, 38.2534], [20.68162, 38.2821], [20.67481, 38.26781], [20.69352, 38.26462], [20.709, 38.22696], [20.7513, 38.19676], [20.76222, 38.1704], [20.79779, 38.13111], [20.80778, 38.09956], [20.80468, 38.08296], [20.79468, 38.06612], [20.76368, 38.06989], [20.73357, 38.06242], [20.71872, 38.06624], [20.68165, 38.09781], [20.653, 38.11115], [20.61459, 38.11982], [20.58074, 38.11547], [20.56495, 38.09033], [20.5464, 38.10204], [20.50978, 38.11079], [20.49612, 38.12446], [20.48927, 38.15925], [20.46878, 38.19276], [20.48121, 38.19013], [20.50978, 38.17227], [20.50978, 38.1771], [20.49383, 38.19172], [20.44532, 38.27619], [20.43507, 38.2788], [20.42791, 38.26166], [20.43603, 38.2122], [20.43473, 38.19278], [20.42529, 38.17529], [20.38007, 38.15181], [20.37403, 38.16901], [20.3454, 38.18212], [20.33906, 38.20018], [20.35694, 38.22858], [20.35378, 38.25324], [20.37965, 38.27399], [20.3921, 38.30012], [20.39992, 38.36403], [20.40675, 38.34357], [20.41359, 38.34357], [20.42726, 38.36333], [20.45509, 38.32307], [20.46322, 38.33147]]], [[[20.70218, 38.38515], [20.7225, 38.38516], [20.71584, 38.39202], [20.73877, 38.38426], [20.75746, 38.37154], [20.73756, 38.37153], [20.74366, 38.34439], [20.75001, 38.3347], [20.76367, 38.3305], [20.76367, 38.32307], [20.71915, 38.31567], [20.70583, 38.31827], [20.68801, 38.33656], [20.69532, 38.34357], [20.66734, 38.37153], [20.64777, 38.40542], [20.64015, 38.4466], [20.61453, 38.46711], [20.61948, 38.48137], [20.63551, 38.47297], [20.64422, 38.47866], [20.65448, 38.50185], [20.67187, 38.49754], [20.67407, 38.48501], [20.66114, 38.46088], [20.67823, 38.46185], [20.70898, 38.4466], [20.69529, 38.40897], [20.67482, 38.37767], [20.69239, 38.37132], [20.71583, 38.37153], [20.71583, 38.37767], [20.70218, 38.38515]]], [[[20.8939, 38.55646], [20.93214, 38.60301], [20.94106, 38.60422], [20.9165, 38.57224], [20.90755, 38.54903], [20.8939, 38.54903], [20.8939, 38.55646]]], [[[20.87866, 38.58443], [20.87063, 38.58252], [20.87014, 38.6035], [20.90383, 38.64276], [20.94516, 38.65248], [20.95166, 38.64923], [20.95288, 38.63886], [20.94165, 38.6274], [20.89812, 38.60602], [20.87866, 38.58443]]], [[[20.76287, 38.63911], [20.75961, 38.62739], [20.80002, 38.59547], [20.78713, 38.59981], [20.75173, 38.62605], [20.73699, 38.65217], [20.74644, 38.66347], [20.78305, 38.67498], [20.80501, 38.66567], [20.78858, 38.64473], [20.76287, 38.63911]]], [[[20.69695, 38.68985], [20.69874, 38.68281], [20.70606, 38.68041], [20.72249, 38.70725], [20.72073, 38.63862], [20.71598, 38.62703], [20.70948, 38.62568], [20.70216, 38.63841], [20.69532, 38.63841], [20.70215, 38.61792], [20.68784, 38.62474], [20.68164, 38.60425], [20.66481, 38.61091], [20.64894, 38.60859], [20.64088, 38.60057], [20.64762, 38.58382], [20.63088, 38.58833], [20.63331, 38.60423], [20.61363, 38.60701], [20.60231, 38.62678], [20.58078, 38.61129], [20.55127, 38.56953], [20.54462, 38.56954], [20.56236, 38.69123], [20.58123, 38.72435], [20.60256, 38.78172], [20.61215, 38.78583], [20.64528, 38.82819], [20.68628, 38.85007], [20.6902, 38.84138], [20.70215, 38.83697], [20.71778, 38.8227], [20.72933, 38.78172], [20.72409, 38.7684], [20.72884, 38.73062], [20.69695, 38.68985]]], [[[23.25121, 39.10978], [23.25066, 39.1197], [23.25598, 39.12415], [23.26753, 39.12569], [23.32311, 39.11916], [23.37507, 39.11026], [23.41208, 39.09308], [23.4219, 39.08495], [23.4225, 39.08098], [23.41369, 39.06976], [23.39591, 39.05704], [23.37497, 39.04753], [23.35682, 39.04576], [23.32108, 39.05874], [23.28466, 39.07791], [23.25788, 39.09926], [23.25121, 39.10978]]], [[[20.22877, 39.15635], [20.25828, 39.13288], [20.24699, 39.12964], [20.22739, 39.14081], [20.21942, 39.14013], [20.21747, 39.15265], [20.22877, 39.15635]]], [[[20.16893, 39.1828], [20.13868, 39.20905], [20.12823, 39.22296], [20.12535, 39.23602], [20.14039, 39.24167], [20.19011, 39.20262], [20.2019, 39.17964], [20.16893, 39.1828]]], [[[19.83912, 39.67988], [19.84767, 39.66999], [19.85864, 39.66624], [19.85864, 39.65884], [19.84498, 39.65884], [19.84498, 39.65266], [19.90382, 39.62906], [19.92749, 39.6253], [19.92331, 39.60335], [19.91715, 39.59887], [19.90016, 39.60419], [19.91187, 39.5834], [19.93653, 39.47297], [19.96144, 39.46296], [20.00247, 39.45408], [20.03273, 39.43928], [20.05047, 39.44033], [20.07407, 39.44895], [20.08187, 39.44732], [20.11792, 39.371], [20.10573, 39.36466], [20.0324, 39.39501], [19.99928, 39.39937], [19.95484, 39.42609], [19.9118, 39.43033], [19.9075, 39.435], [19.92172, 39.43781], [19.9275, 39.44717], [19.87973, 39.46076], [19.87891, 39.45321], [19.85473, 39.48923], [19.84083, 39.55199], [19.82887, 39.57233], [19.80982, 39.58906], [19.74856, 39.62003], [19.71892, 39.67308], [19.68971, 39.67415], [19.68134, 39.68], [19.67434, 39.69355], [19.67701, 39.7167], [19.67172, 39.72407], [19.65318, 39.71469], [19.65016, 39.74177], [19.64161, 39.74795], [19.6265, 39.74825], [19.6675, 39.79351], [19.79908, 39.8028], [19.85182, 39.82452], [19.86557, 39.82102], [19.89283, 39.80341], [19.92872, 39.79218], [19.93434, 39.78295], [19.94117, 39.78295], [19.94117, 39.79034], [19.94799, 39.79034], [19.94629, 39.75923], [19.93376, 39.74116], [19.84156, 39.70417], [19.83595, 39.69245], [19.83912, 39.67988]]], [[[19.53836, 39.75983], [19.53167, 39.75626], [19.5237, 39.75919], [19.5102, 39.77709], [19.51352, 39.78423], [19.53836, 39.75983]]], [[[19.41074, 39.86302], [19.43252, 39.86627], [19.40951, 39.84134], [19.39357, 39.83805], [19.38186, 39.84521], [19.38291, 39.86302], [19.39194, 39.86627], [19.41074, 39.86302]]], [[[19.59456, 39.89101], [19.59253, 39.87955], [19.57521, 39.87581], [19.56562, 39.89122], [19.57456, 39.90008], [19.59456, 39.89101]]], [[[14.6238, 45.00122], [14.62631, 45.03726], [14.62086, 45.0456], [14.60328, 45.03897], [14.60328, 45.03217], [14.61695, 45.02464], [14.59031, 45.0233], [14.51026, 45.03223], [14.48537, 45.03804], [14.46014, 45.0524], [14.42508, 45.08735], [14.44159, 45.09979], [14.46266, 45.10102], [14.46707, 45.12408], [14.47608, 45.12825], [14.51401, 45.12906], [14.53012, 45.13483], [14.52127, 45.14883], [14.53956, 45.1704], [14.53689, 45.20172], [14.54803, 45.21027], [14.54982, 45.22142], [14.54379, 45.23574], [14.53438, 45.23754], [14.54862, 45.24855], [14.56336, 45.24973], [14.59585, 45.23754], [14.58221, 45.23754], [14.62377, 45.17549], [14.59742, 45.16645], [14.61256, 45.15925], [14.64373, 45.15681], [14.66528, 45.1618], [14.66925, 45.14883], [14.71878, 45.09932], [14.73748, 45.07308], [14.74047, 45.07305], [14.7404, 45.06898], [14.76968, 45.02485], [14.7998, 45.00519], [14.81493, 44.97749], [14.80053, 44.97254], [14.85715, 44.86987], [14.87125, 44.83686], [14.89494, 44.73587], [14.88384, 44.78855], [14.8814, 44.84435], [14.88376, 44.86117], [14.90829, 44.93086], [14.86423, 44.95998], [14.83311, 44.99109], [14.80888, 45.03126], [14.78949, 45.10971], [14.77193, 45.13509], [14.6579, 45.19661], [14.6067, 45.24437], [14.57604, 45.26226], [14.56863, 45.27595], [14.5822, 45.28535], [14.53435, 45.31269], [14.55543, 45.29588], [14.55193, 45.28807], [14.53306, 45.28389], [14.51051, 45.29975], [14.40235, 45.33861], [14.32976, 45.35399], [14.31153, 45.34398], [14.27198, 45.29011], [14.25847, 45.25576], [14.24772, 45.18647], [14.23258, 45.14936], [14.20923, 45.12638], [14.17937, 45.13451], [14.19532, 45.12059], [14.19311, 45.10562], [14.16439, 45.07991], [14.15821, 45.08735], [14.15406, 45.07197], [14.1582, 45.05322], [14.14389, 45.05939], [14.14389, 45.05321], [14.15942, 45.04035], [14.16617, 45.01895], [14.16373, 44.99576], [14.15151, 44.97768], [14.1399, 44.97135], [14.11329, 44.97748], [14.10133, 44.97427], [14.07568, 44.94954], [14.06887, 44.94954], [14.07163, 44.96906], [14.08383, 44.9864], [14.07569, 45.00483], [14.05454, 45.01846], [14.05193, 45.03803], [14.04029, 45.03897], [14.04428, 45.00141], [14.07154, 44.99335], [14.07569, 44.98371], [14.04444, 44.95141], [14.03468, 44.95637], [14.0391, 44.93209], [14.03467, 44.92232], [14.02247, 44.92349], [14.02783, 44.90864], [14.02149, 44.90738], [14.02051, 44.90113], [14.003, 44.90374], [13.72709, 45.0777], [13.67842, 45.11828], [13.63813, 45.12985], [13.72625, 45.13451], [13.6836, 45.14338], [13.61601, 45.13764], [13.59597, 45.14541], [13.59938, 45.17129], [13.58914, 45.17549], [13.59441, 45.18732], [13.58229, 45.19682], [13.5823, 45.20282], [13.59449, 45.21263], [13.58914, 45.2307], [13.59522, 45.2508], [13.57547, 45.26488], [13.58425, 45.27606], [13.60271, 45.27912], [13.60271, 45.28535], [13.58466, 45.29321], [13.57547, 45.30646], [13.60955, 45.32014], [13.56179, 45.32637], [13.54128, 45.34614], [13.54055, 45.35675], [13.55494, 45.36107], [13.55494, 45.36734], [13.54316, 45.37617], [13.51337, 45.43622], [13.52076, 45.44302], [13.51565, 45.44814], [13.52076, 45.45726], [13.50149, 45.4986], [13.5071, 45.5119], [13.51335, 45.5119], [13.56861, 45.49079], [13.58953, 45.48884], [13.59596, 45.51813], [13.57863, 45.52339], [13.56864, 45.53924], [13.58961, 45.53579], [13.75294, 45.55288], [13.74236, 45.56977], [13.71194, 45.5934], [13.73016, 45.61309], [13.78688, 45.61115], [13.80812, 45.61433], [13.79558, 45.61701], [13.77711, 45.63544], [13.7393, 45.64911], [13.75766, 45.65498], [13.75367, 45.67231], [13.72625, 45.70376], [13.62892, 45.77261], [13.57423, 45.78962], [13.55128, 45.79243], [13.53443, 45.78205], [13.52418, 45.76008], [13.52833, 45.74055], [13.5549, 45.7372], [13.5184, 45.72484], [13.50781, 45.71443], [13.46925, 45.70686], [13.42798, 45.68115], [13.4017, 45.67545], [13.37676, 45.68317], [13.42481, 45.69855], [13.43141, 45.70686], [13.42262, 45.72407], [13.38169, 45.73006], [13.3694, 45.74462], [13.35182, 45.74031], [13.2549, 45.75606], [13.21551, 45.7788], [13.16944, 45.76874], [13.14967, 45.75154], [13.13982, 45.75487], [13.13136, 45.76887], [13.11931, 45.77196], [13.11085, 45.76765], [13.11183, 45.74885], [13.12288, 45.74462], [13.12288, 45.73722], [13.1006, 45.73623], [13.08058, 45.72761], [13.06959, 45.71369], [13.07504, 45.69684], [13.09148, 45.6892], [13.11166, 45.69135], [13.14964, 45.70374], [13.13802, 45.6894], [13.10304, 45.66901], [13.08496, 45.64192], [13.06055, 45.63667], [13.01887, 45.63571], [12.96539, 45.70692], [12.91528, 45.83373], [12.90791, 45.90357], [12.91168, 45.93918], [12.9337, 46.00746], [12.95191, 46.04034], [12.975, 46.07219], [13.02859, 46.12534], [13.14878, 46.13513], [13.15868, 46.14137], [13.15221, 46.15193], [13.0854, 46.17043], [13.01472, 46.26455], [13.1724, 46.36454], [13.1465, 46.4467], [13.3224, 46.44054], [13.61079, 46.35281], [13.8588, 46.3237], [13.98233, 46.48192], [13.99876, 46.48052], [14.03246, 46.48471], [14.06636, 46.48104], [14.08103, 46.47595], [14.13726, 46.44244], [14.14987, 46.44006], [14.36215, 46.43588], [14.39584, 46.44099], [14.40649, 46.43934], [14.42003, 46.42435], [14.45093, 46.41448], [14.46768, 46.41267], [14.50219, 46.41836], [14.51584, 46.40536], [14.5271, 46.38823], [14.54033, 46.37864], [14.5577, 46.38394], [14.57537, 46.41973], [14.59015, 46.43443], [14.6317, 46.44058], [14.66208, 46.4597], [14.67996, 46.45887], [14.68709, 46.47122], [14.70973, 46.49251], [14.72637, 46.49771], [14.73526, 46.49334], [14.76089, 46.49628], [14.78859, 46.50665], [14.80719, 46.53602], [14.82228, 46.56755], [14.83365, 46.58439], [14.85039, 46.60114], [14.863, 46.60483], [14.89773, 46.60555], [14.93359, 46.62113], [14.94795, 46.61927], [14.96718, 46.60026], [15.00439, 46.63684], [15.06195, 46.64956], [15.20489, 46.63896], [15.38814, 46.64558], [15.41759, 46.63795], [15.46265, 46.61465], [15.49263, 46.61829], [15.61999, 46.41558], [15.68344, 46.36097], [15.96436, 46.2341], [16.06373, 46.09471], [16.28439, 46.00299], [16.50241, 45.7916], [16.72639, 45.74994], [17.01981, 45.60359], [17.57896, 45.5705], [17.85806, 45.77173], [17.87005, 45.77349], [17.88049, 45.78852], [17.88979, 45.79214], [17.97537, 45.79214], [18.08048, 45.77173], [18.10291, 45.77462], [18.12895, 45.78537], [18.21122, 45.78537], [18.22982, 45.78124], [18.26052, 45.76512], [18.28326, 45.76491], [18.30052, 45.75183], [18.31767, 45.74729], [18.35116, 45.7584], [18.36718, 45.75819], [18.38382, 45.7432], [18.40439, 45.74181], [18.43074, 45.75364], [18.46547, 45.78372], [18.4818, 45.79142], [18.50422, 45.78403], [18.53027, 45.79085], [18.57347, 45.81669], [18.58546, 45.82692], [18.60737, 45.85668], [18.6236, 45.86867], [18.633, 45.89193], [18.65564, 45.90759], [18.67434, 45.91038], [18.72385, 45.89844], [18.76333, 45.88397], [18.77552, 45.88283], [18.78596, 45.88692], [18.79485, 45.90304], [18.80488, 45.91363], [18.8178, 45.90547], [18.82834, 45.90573], [18.84539, 45.91394], [18.8766, 45.92242], [18.88653, 45.93043], [18.9229, 45.93663], [18.99634, 45.92417], [19.19948, 45.97286], [19.49111, 45.90996], [19.49674, 45.90416], [19.49451, 45.89232], [19.62809, 45.75422], [19.88761, 45.62083], [20.02558, 45.4945], [20.03613, 45.49238], [20.14683, 45.50534], [20.13559, 45.18555], [20.48597, 45.00265], [20.58831, 44.99831], [20.68816, 44.92541], [21.00923, 44.82891], [20.84628, 44.66344], [21.05952, 44.55359], [20.81556, 44.5291], [20.80487, 44.51891], [20.85617, 44.4577], [21.07249, 44.40059], [21.09239, 44.31634], [21.55313, 44.25285], [21.66609, 44.13345], [21.74129, 44.10125], [21.75372, 44.10529], [21.90661, 44.27645], [22.16264, 44.33677], [22.39749, 44.24003], [22.6062, 44.17457], [22.60599, 44.16314], [22.6094, 44.15994], [22.5971, 44.11907], [22.60475, 44.07938], [22.59297, 44.06393], [22.55462, 44.06243], [22.53416, 44.05716], [22.52258, 44.0447], [22.51494, 44.03028], [22.50367, 44.0199], [22.43432, 44.01396], [22.41179, 44.00693], [22.39959, 43.99334], [22.39453, 43.93634], [22.37903, 43.9135], [22.37706, 43.88352], [22.36755, 43.85275], [22.35474, 43.8297], [22.34947, 43.80792], [22.36259, 43.78084], [22.38853, 43.75829], [22.38605, 43.7255], [22.3905, 43.71245], [22.07344, 43.643], [22.03111, 43.62994], [21.95435, 43.45449], [22.07623, 43.27447], [22.10404, 43.14515], [22.32679, 43.05293], [22.50605, 42.87012], [22.49706, 42.86441], [22.48145, 42.84674], [22.4368, 42.82429], [22.42585, 42.80984], [22.45313, 42.76359], [22.46657, 42.74853], [22.48145, 42.73982], [22.4829, 42.73378], [22.48145, 42.72768], [22.46812, 42.71832], [22.44207, 42.68169], [22.4492, 42.66797], [22.42533, 42.57286], [22.10963, 42.57146], [22.05808, 42.54184], [21.94153, 42.3331], [21.99497, 42.31261], [22.02763, 42.30396], [22.06091, 42.30109], [22.01254, 42.07804], [21.85992, 42.03182], [21.8524, 42.02336], [22.02193, 41.84071], [22.36273, 41.69657], [22.44644, 41.52843], [22.50805, 41.45551], [22.7513, 41.31521], [22.74086, 41.28358], [22.73673, 41.20441], [22.72351, 41.15928], [23.00551, 41.07274], [23.18529, 41.05664], [23.46742, 41.13274], [23.55584, 41.14665], [23.58931, 41.3717], [23.61244, 41.37102], [23.62774, 41.37851], [23.65285, 41.39763], [23.67218, 41.40295], [23.70535, 41.40316], [23.73822, 41.39747], [23.75445, 41.40068], [23.77708, 41.42905], [23.79207, 41.43447], [23.83093, 41.43561], [23.8516, 41.43959], [23.86772, 41.44548], [23.8948, 41.46434], [23.90286, 41.46352], [23.94989, 41.43758], [23.96467, 41.43835], [23.98131, 41.45086], [23.99712, 41.45701], [24.00074, 41.46414], [24.02285, 41.45308], [24.03474, 41.45132], [24.1585, 41.24655], [24.19235, 41.16648], [24.38685, 41.11974], [24.40725, 41.13024], [24.41845, 41.16775], [24.44342, 41.21719], [24.59584, 41.42977], [24.64431, 41.42765], [24.63822, 41.41768], [24.6809, 41.41551], [24.6992, 41.40895], [24.71873, 41.39572], [24.75263, 41.36275], [24.77444, 41.34807], [24.79428, 41.3474], [24.80286, 41.36192], [24.80017, 41.37934], [24.80327, 41.39267], [24.84213, 41.39473], [24.87293, 41.40187], [24.88637, 41.40063], [24.91696, 41.38636], [25.08036, 41.33407], [25.10186, 41.33665], [25.11653, 41.32074], [25.15788, 41.30611], [25.1771, 41.29386], [25.21968, 41.24973], [25.23911, 41.2409], [25.26226, 41.2381], [25.28572, 41.2394], [25.45346, 41.28043], [25.4791, 41.28379], [25.50509, 41.28058], [25.51491, 41.28348], [25.52369, 41.29169], [25.53796, 41.31221], [25.55149, 41.31567], [25.63976, 41.31107], [25.67996, 41.29717], [25.69123, 41.29841], [25.71748, 41.31412], [25.72874, 41.31707], [25.76347, 41.31903], [25.81101, 41.34104], [25.83334, 41.33464], [25.86269, 41.31009], [25.88202, 41.30404], [25.89628, 41.30627], [25.92119, 41.31603], [25.95963, 41.315], [25.98227, 41.32327], [26.32106, 41.18762], [26.32416, 41.16989], [26.33605, 41.15258], [26.31734, 41.13046], [26.31734, 41.1223], [26.33946, 41.11449], [26.3224, 41.08855], [26.32509, 41.07408], [26.34762, 41.04096], [26.37418, 41.03114], [26.37501, 41.01946], [26.36808, 41.00773], [26.35961, 41.00241], [26.33594, 40.99714], [26.33315, 40.99073], [26.33605, 40.98189], [26.35909, 40.96468], [26.33501, 40.94624], [26.30649, 40.936], [26.2944, 40.92665], [26.30328, 40.91549], [26.30401, 40.90903], [26.2822, 40.90722], [26.27517, 40.91027], [26.26649, 40.92045], [26.26039, 40.92045], [26.25223, 40.90055], [26.2392, 40.88567], [26.23238, 40.88567], [26.22618, 40.89931], [26.22525, 40.8836], [26.21192, 40.87947], [26.21254, 40.87311], [26.21864, 40.87198], [26.20582, 40.865], [26.2051, 40.85839], [26.21202, 40.84743], [26.15828, 40.81219], [26.14298, 40.79379], [26.13451, 40.76713], [26.11229, 40.74697], [26.1936, 40.61698], [26.18335, 40.60174], [26.11736, 40.602], [26.09132, 40.60542], [26.07681, 40.61199], [26.05374, 40.66059], [26.06088, 40.67585], [26.05812, 40.6977], [26.04811, 40.71963], [26.03324, 40.73505], [26.04689, 40.7425], [26.036, 40.75776], [26.02735, 40.79613], [26.00589, 40.80395], [26.00587, 40.81078], [26.05372, 40.81623], [26.06056, 40.82075], [26.05397, 40.83096], [26.03891, 40.83251], [26.01222, 40.82445], [26.00587, 40.83877], [25.99838, 40.83877], [26.00587, 40.81704], [25.99843, 40.81704], [25.98292, 40.83088], [25.95167, 40.84553], [25.91863, 40.85297], [25.89666, 40.84493], [25.8257, 40.84969], [25.80323, 40.85651], [25.73219, 40.85176], [25.6045, 40.87617], [25.56715, 40.86544], [25.53806, 40.87038], [25.48683, 40.89712], [25.41969, 40.90641], [25.38299, 40.91902], [25.34083, 40.94172], [25.29965, 40.95185], [25.26612, 40.92692], [25.2593, 40.92692], [25.2588, 40.93195], [25.18068, 40.94271], [25.13406, 40.96288], [25.14016, 40.98358], [25.15846, 40.99429], [25.16993, 40.9958], [25.13844, 41.01008], [25.03907, 41.00605], [25.03955, 40.98957], [25.01852, 40.97496], [24.99171, 40.96845], [24.99902, 40.94994], [24.98975, 40.94214], [24.95387, 40.94115], [24.8921, 40.92064], [24.86354, 40.90522], [24.83398, 40.87475], [24.80201, 40.85347], [24.7658, 40.86542], [24.72836, 40.85274], [24.70875, 40.85176], [24.69013, 40.85859], [24.69752, 40.86542], [24.66277, 40.87971], [24.63542, 40.8586], [24.62868, 40.8586], [24.59622, 40.90119], [24.60076, 40.9138], [24.57554, 40.92671], [24.56666, 40.95173], [24.50514, 40.96162], [24.47291, 40.95173], [24.46412, 40.94116], [24.44313, 40.94806], [24.41554, 40.94554], [24.39178, 40.93647], [24.37223, 40.91414], [24.31267, 40.87971], [24.33222, 40.86304], [24.33134, 40.85527], [24.30983, 40.85053], [24.30567, 40.84174], [24.31528, 40.83222], [24.34064, 40.83128], [24.10982, 40.7278], [24.07309, 40.72143], [24.02975, 40.72339], [23.98635, 40.73218], [23.87403, 40.77766], [23.84205, 40.78335], [23.80926, 40.78042], [23.75408, 40.76301], [23.7107, 40.73762], [23.69703, 40.72142], [23.69174, 40.69538], [23.70021, 40.67365], [23.71803, 40.65868], [23.75578, 40.64549], [23.78649, 40.60637], [23.79265, 40.58796], [23.83351, 40.56379], [23.84669, 40.56029], [23.88884, 40.56378], [23.89527, 40.55305], [23.91487, 40.53888], [23.91552, 40.52961], [23.90723, 40.52539], [23.83823, 40.51874], [23.82301, 40.50698], [23.81902, 40.48774], [23.82667, 40.46137], [23.86818, 40.41352], [23.91554, 40.38935], [23.96388, 40.37946], [24.00245, 40.38638], [24.01173, 40.39248], [24.01157, 40.40184], [23.99124, 40.43407], [23.99871, 40.44086], [23.99125, 40.44769], [24.0114, 40.44915], [24.0288, 40.43207], [24.05323, 40.39248], [24.08579, 40.36603], [24.1089, 40.35741], [24.12843, 40.36517], [24.14612, 40.36047], [24.144, 40.38818], [24.14712, 40.46491], [24.21758, 40.52158], [24.24794, 40.53768], [24.26186, 40.53964], [24.27991, 40.5365], [24.29921, 40.52939], [24.33788, 40.50673], [24.35541, 40.49293], [24.38229, 40.46468], [24.38979, 40.45199], [24.39545, 40.42121], [24.39226, 40.38202], [24.38721, 40.36254], [24.3699, 40.33021], [24.35747, 40.31985], [24.31474, 40.30707], [24.2485, 40.30408], [24.26651, 40.2888], [24.32065, 40.22797], [24.3833, 40.17914], [24.39379, 40.1525], [24.36109, 40.1324], [24.31861, 40.12471], [24.29999, 40.12809], [24.28614, 40.16055], [24.2383, 40.187], [24.16896, 40.2753], [24.12843, 40.29003], [24.04787, 40.30119], [24.01922, 40.3105], [23.93653, 40.36518], [23.92262, 40.36933], [23.88502, 40.36519], [23.83351, 40.37202], [23.78223, 40.3527], [23.75961, 40.3492], [23.73048, 40.35895], [23.69972, 40.32636], [23.69361, 40.30923], [23.69565, 40.29291], [23.71632, 40.25532], [23.75765, 40.23167], [23.76433, 40.2154], [23.77857, 40.2027], [23.86769, 40.17276], [23.88022, 40.17632], [23.89673, 40.17132], [23.94068, 40.14155], [23.98023, 40.13067], [23.99121, 40.11872], [23.98999, 40.11002], [23.97739, 40.10049], [23.97755, 40.09081], [24.00114, 40.07493], [24.00488, 40.06721], [24.00169, 40.05878], [23.98422, 40.05362], [23.98683, 40.04218], [23.99342, 40.03754], [24.01171, 40.04364], [24.01222, 40.02656], [24.0192, 40.0163], [23.99252, 39.99885], [23.98805, 39.98998], [23.9987, 39.98159], [23.9987, 39.97477], [23.97934, 39.97431], [23.9699, 39.96808], [23.97283, 39.96186], [23.9912, 39.96109], [23.99121, 39.95361], [23.93995, 39.95247], [23.9197, 39.95637], [23.92286, 39.97476], [23.90066, 39.97119], [23.89765, 39.97793], [23.90252, 39.98843], [23.86086, 40.00581], [23.85621, 40.01675], [23.8449, 40.02411], [23.83123, 40.02652], [23.82407, 40.02192], [23.82664, 40.00892], [23.78526, 40.06699], [23.7933, 40.09382], [23.77834, 40.10164], [23.7645, 40.12617], [23.67547, 40.21792], [23.64178, 40.23542], [23.5403, 40.24479], [23.48414, 40.2696], [23.43849, 40.2792], [23.39828, 40.27774], [23.365, 40.26171], [23.3401, 40.22797], [23.33766, 40.20844], [23.36362, 40.15046], [23.40083, 40.14383], [23.46925, 40.06708], [23.49887, 40.0423], [23.60271, 39.99848], [23.67025, 39.98606], [23.67595, 39.96109], [23.69728, 39.9405], [23.74787, 39.93048], [23.73998, 39.92318], [23.70314, 39.91268], [23.61647, 39.92333], [23.47096, 39.97162], [23.44654, 39.97476], [23.36063, 39.9611], [23.3816, 40.00267], [23.36069, 40.03263], [23.35271, 40.05707], [23.31659, 40.08886], [23.30593, 40.10448], [23.31959, 40.13679], [23.32456, 40.17495], [23.31861, 40.21052], [23.29908, 40.23542], [23.25864, 40.25312], [23.19956, 40.26627], [23.16619, 40.27985], [23.14894, 40.27645], [23.09693, 40.3061], [23.02916, 40.32576], [23.01092, 40.35122], [22.96388, 40.37946], [22.9275, 40.3885], [22.88822, 40.38631], [22.89772, 40.40205], [22.88966, 40.41836], [22.86022, 40.4477], [22.86744, 40.44945], [22.8672, 40.45392], [22.83092, 40.48579], [22.82164, 40.50214], [22.84352, 40.50917], [22.94158, 40.51716], [22.98316, 40.55268], [22.9769, 40.57062], [22.94176, 40.58735], [22.94955, 40.60541], [22.93377, 40.63093], [22.91049, 40.6446], [22.88307, 40.64728], [22.85402, 40.63947], [22.86108, 40.62055], [22.85058, 40.59342], [22.81592, 40.57063], [22.79567, 40.5708], [22.77833, 40.57807], [22.75856, 40.56778], [22.74594, 40.55524], [22.74252, 40.54035], [22.75032, 40.52278], [22.73666, 40.52961], [22.73665, 40.51534], [22.73048, 40.51534], [22.73048, 40.52277], [22.72316, 40.52277], [22.719, 40.51098], [22.71095, 40.51163], [22.68898, 40.52278], [22.68849, 40.52749], [22.67351, 40.52684], [22.65773, 40.51667], [22.65626, 40.50454], [22.67527, 40.49617], [22.65968, 40.49291], [22.65072, 40.47282], [22.6268, 40.48188], [22.60288, 40.48127], [22.57911, 40.46821], [22.60376, 40.44399], [22.60872, 40.42817], [22.60646, 40.41356], [22.63998, 40.38369], [22.65836, 40.37945], [22.66113, 40.36905], [22.62062, 40.31049], [22.59034, 40.24164], [22.59082, 40.23017], [22.5525, 40.16657], [22.54965, 40.14387], [22.56771, 40.1105], [22.57287, 40.08794], [22.5713, 40.05427], [22.58765, 40.0449], [22.60027, 40.0163], [22.66717, 39.97435], [22.69092, 39.96816], [22.69858, 39.96088], [22.70785, 39.96136], [22.71013, 39.93378], [22.73048, 39.8854], [22.77866, 39.84984], [22.80132, 39.84016], [22.84051, 39.8032], [22.85874, 39.77298], [22.87175, 39.71581], [22.90194, 39.65864], [22.92514, 39.59951], [22.93946, 39.58063], [23.00489, 39.5434], [23.05591, 39.52724], [23.09763, 39.50157], [23.11411, 39.46699], [23.12566, 39.45441], [23.21094, 39.37933], [23.22381, 39.35859], [23.27132, 39.32294], [23.29225, 39.26899], [23.34228, 39.19261], [23.34375, 39.17964], [23.30127, 39.15136], [23.20973, 39.13182], [23.23021, 39.12442], [23.23022, 39.11816], [23.20362, 39.10457], [23.1692, 39.10659], [23.14625, 39.10175], [23.11549, 39.0883], [23.05203, 39.09773], [23.07309, 39.12442], [23.06773, 39.138], [23.08107, 39.14719], [23.11409, 39.15911], [23.1006, 39.10456], [23.17172, 39.13495], [23.18238, 39.14614], [23.17557, 39.15546], [23.18133, 39.15867], [23.19093, 39.1581], [23.19923, 39.15144], [23.21713, 39.17963], [23.17556, 39.23428], [23.17986, 39.2508], [23.16912, 39.26854], [23.1425, 39.29045], [23.09816, 39.3122], [23.02053, 39.31754], [23.01856, 39.33047], [22.99806, 39.35712], [22.93588, 39.36058], [22.94287, 39.34415], [22.93279, 39.33601], [22.92905, 39.3242], [22.93214, 39.3122], [22.94286, 39.30317], [22.84254, 39.28848], [22.82618, 39.27216], [22.82618, 39.22126], [22.85402, 39.15913], [22.8602, 39.15913], [22.88087, 39.17963], [22.87698, 39.19037], [22.89013, 39.18426], [22.89503, 39.1728], [22.90186, 39.17962], [22.92058, 39.12515], [22.93605, 39.1114], [22.93588, 39.11612], [22.94288, 39.11815], [22.93605, 39.13181], [22.9611, 39.11904], [22.98243, 39.08442], [22.99804, 39.06977], [22.99195, 39.05732], [22.99804, 39.04927], [22.96648, 39.03465], [22.95883, 39.02513], [22.96388, 39.00898], [23.01532, 39.03318], [23.04219, 39.04003], [23.07308, 39.04246], [23.07308, 39.03629], [23.02328, 39.00845], [23.00716, 38.97395], [22.98454, 38.95434], [22.95639, 38.95433], [22.93605, 38.94684], [22.94286, 38.93261], [22.92856, 38.93159], [22.89873, 38.91969], [22.85987, 38.92853], [22.84653, 38.92642], [22.83667, 38.89648], [22.82959, 38.89168], [22.8047, 38.89102], [22.79199, 38.87801], [22.73268, 38.87239], [22.71827, 38.8898], [22.68897, 38.87801], [22.62159, 38.9145], [22.58082, 38.89363], [22.55209, 38.88923], [22.53882, 38.87801], [22.52508, 38.88544], [22.52508, 38.85814], [22.57291, 38.86431], [22.57291, 38.85815], [22.55388, 38.84809], [22.56332, 38.83625], [22.58277, 38.83198], [22.59344, 38.84446], [22.60025, 38.84446], [22.59344, 38.83023], [22.63266, 38.83514], [22.64112, 38.83023], [22.69028, 38.84999], [22.70264, 38.85064], [22.73823, 38.81034], [22.76118, 38.79163], [22.77409, 38.78417], [22.78373, 38.7828], [22.81593, 38.78924], [22.82927, 38.78607], [22.8597, 38.76717], [22.8672, 38.75507], [22.88782, 38.77125], [22.91488, 38.77557], [22.94532, 38.75812], [23.01628, 38.75445], [23.04199, 38.74672], [23.0594, 38.72772], [23.0905, 38.64912], [23.1045, 38.63841], [23.12355, 38.63691], [23.15643, 38.65346], [23.18246, 38.65375], [23.19606, 38.66633], [23.16817, 38.67939], [23.18678, 38.68597], [23.20492, 38.68267], [23.25375, 38.66181], [23.30591, 38.65264], [23.33121, 38.63027], [23.33331, 38.60446], [23.2933, 38.57909], [23.28541, 38.55646], [23.29542, 38.5681], [23.30738, 38.56854], [23.34059, 38.54556], [23.38159, 38.53534], [23.38133, 38.52847], [23.3401, 38.52237], [23.32928, 38.50837], [23.33497, 38.50361], [23.41847, 38.50433], [23.51938, 38.49067], [23.54298, 38.51169], [23.56722, 38.50112], [23.60133, 38.47394], [23.5735, 38.46088], [23.5735, 38.45344], [23.5962, 38.44676], [23.60009, 38.44062], [23.59401, 38.42609], [23.62501, 38.41401], [23.67286, 38.35643], [23.70997, 38.33674], [23.78199, 38.34356], [23.80502, 38.33251], [23.91245, 38.29824], [23.95101, 38.29091], [23.99122, 38.25422], [24.03858, 38.22394], [24.05063, 38.21068], [24.06901, 38.20473], [24.07308, 38.19648], [24.06951, 38.17353], [24.08055, 38.16601], [24.07, 38.16279], [24.06414, 38.1551], [24.05941, 38.13133], [24.05323, 38.14525], [24.03777, 38.14374], [23.98902, 38.12263], [23.99, 38.10212], [24.00913, 38.0406], [24.03271, 38.00776], [24.01173, 37.96686], [24.01587, 37.93745], [24.01173, 37.92524], [24.03443, 37.92291], [24.04329, 37.91644], [24.04638, 37.90599], [24.04224, 37.90071], [24.01173, 37.89175], [24.02784, 37.88032], [24.05322, 37.87807], [24.0464, 37.87059], [24.06689, 37.8644], [24.05934, 37.84854], [24.06689, 37.83711], [24.05763, 37.83218], [24.05323, 37.82282], [24.07717, 37.8109], [24.08464, 37.80174], [24.0874, 37.78522], [24.08612, 37.76356], [24.08187, 37.75251], [24.05942, 37.73347], [24.07308, 37.72723], [24.07308, 37.7198], [24.05942, 37.71979], [24.05942, 37.71357], [24.06577, 37.7128], [24.06689, 37.69933], [24.06397, 37.70501], [24.05942, 37.69929], [24.06762, 37.69297], [24.09301, 37.70386], [24.11566, 37.70915], [24.12641, 37.74302], [24.14315, 37.7527], [24.15112, 37.73408], [24.1486, 37.72265], [24.13713, 37.71416], [24.17731, 37.71463], [24.20227, 37.70246], [24.20602, 37.67602], [24.18128, 37.63314], [24.11589, 37.55395], [24.08542, 37.47889], [24.05833, 37.45639], [24.04451, 37.45255], [24.03633, 37.45796], [24.03225, 37.47015], [24.02642, 37.5372], [24.02063, 37.54932], [23.99071, 37.58983], [23.98594, 37.61372], [23.98964, 37.62866], [24.01207, 37.65935], [23.98308, 37.67032], [23.94973, 37.67744], [23.94306, 37.68993], [23.94337, 37.72724], [23.92271, 37.72119], [23.90252, 37.78189], [23.88885, 37.77442], [23.8816, 37.79108], [23.86557, 37.80768], [23.8475, 37.8181], [23.83351, 37.816], [23.81918, 37.82966], [23.813, 37.82966], [23.80729, 37.80859], [23.78663, 37.81216], [23.77899, 37.80234], [23.775, 37.81451], [23.76452, 37.816], [23.77084, 37.82832], [23.76645, 37.83894], [23.74482, 37.85762], [23.7422, 37.87665], [23.70054, 37.9252], [23.69703, 37.93952], [23.68019, 37.94587], [23.62812, 37.9327], [23.62812, 37.93953], [23.6408, 37.94579], [23.64178, 37.95254], [23.62664, 37.9475], [23.61036, 37.96214], [23.5608, 37.9728], [23.55299, 37.98046], [23.58888, 38.00633], [23.59791, 38.02114], [23.59059, 38.0388], [23.57619, 38.04597], [23.55982, 38.04256], [23.52182, 38.04255], [23.49464, 38.02889], [23.47088, 38.02778], [23.44996, 38.02143], [23.41188, 37.99437], [23.39527, 37.98794], [23.42945, 37.98046], [23.40894, 37.97432], [23.32985, 37.98046], [23.22682, 37.97362], [23.18922, 37.95881], [23.14234, 37.93009], [23.09409, 37.91105], [23.05201, 37.92524], [23.04273, 37.92195], [23.01515, 37.92524], [23.01025, 37.89697], [22.99513, 37.88215], [22.99952, 37.8627], [23.01254, 37.84756], [23.03224, 37.85076], [23.04965, 37.84357], [23.0735, 37.84113], [23.09718, 37.84357], [23.1141, 37.85076], [23.14625, 37.82583], [23.18237, 37.80914], [23.17644, 37.78998], [23.18237, 37.77441], [23.12818, 37.76048], [23.12094, 37.74091], [23.14584, 37.72582], [23.17553, 37.71978], [23.16383, 37.68159], [23.17553, 37.64469], [23.16188, 37.64468], [23.16863, 37.61416], [23.19011, 37.60732], [23.23023, 37.58259], [23.23764, 37.59002], [23.27467, 37.56122], [23.29224, 37.55588], [23.32301, 37.53742], [23.33668, 37.53547], [23.36036, 37.54768], [23.35914, 37.57429], [23.34059, 37.60029], [23.3122, 37.61055], [23.3122, 37.61737], [23.34783, 37.63441], [23.39869, 37.63787], [23.40902, 37.62592], [23.40429, 37.59927], [23.39078, 37.57136], [23.37428, 37.55589], [23.39503, 37.54141], [23.42204, 37.53546], [23.42205, 37.52802], [23.39527, 37.5218], [23.39527, 37.51496], [23.43629, 37.50812], [23.47917, 37.49066], [23.52563, 37.4597], [23.51889, 37.45303], [23.52563, 37.4392], [23.44654, 37.41463], [23.30592, 37.41193], [23.31217, 37.39827], [23.26271, 37.40103], [23.2644, 37.39082], [23.23024, 37.38459], [23.22999, 37.37494], [23.23707, 37.37031], [23.25755, 37.3709], [23.25131, 37.35733], [23.27797, 37.34984], [23.26207, 37.34395], [23.18605, 37.34064], [23.18539, 37.33218], [23.20361, 37.30269], [23.16863, 37.29952], [23.14146, 37.30952], [23.14145, 37.31635], [23.16188, 37.31635], [23.16188, 37.32315], [23.12339, 37.32478], [23.11413, 37.33616], [23.13461, 37.32933], [23.12241, 37.34569], [23.1006, 37.35733], [23.09278, 37.35079], [23.0731, 37.35522], [23.07261, 37.40109], [23.09498, 37.38955], [23.10523, 37.39692], [23.11412, 37.42559], [23.14145, 37.41193], [23.13201, 37.44863], [23.09718, 37.46223], [23.06202, 37.45499], [23.04594, 37.45971], [23.05942, 37.46654], [23.04591, 37.48701], [23.01124, 37.46906], [23.0049, 37.45973], [22.9909, 37.49575], [22.98072, 37.50878], [22.96388, 37.5218], [22.94289, 37.52181], [22.93605, 37.53547], [22.92156, 37.54035], [22.90187, 37.54165], [22.91432, 37.5388], [22.92237, 37.52804], [22.90235, 37.53486], [22.88502, 37.53315], [22.85402, 37.51497], [22.81936, 37.53547], [22.82618, 37.54906], [22.80202, 37.56086], [22.79592, 37.56916], [22.79884, 37.5764], [22.77833, 37.59687], [22.73845, 37.58088], [22.72641, 37.56635], [22.72316, 37.54165], [22.73665, 37.51838], [22.73048, 37.49445], [22.75033, 37.46654], [22.75034, 37.44261], [22.76481, 37.43178], [22.75799, 37.39826], [22.81933, 37.34369], [22.81251, 37.32933], [22.82618, 37.32911], [22.81935, 37.31635], [22.82998, 37.3081], [22.86085, 37.25568], [22.9067, 37.19368], [22.91162, 37.18342], [22.9004, 37.17292], [22.89503, 37.13386], [22.90317, 37.12128], [22.92205, 37.11799], [22.95638, 37.12395], [22.96386, 37.1103], [22.9568, 37.10676], [22.96386, 37.10342], [22.95639, 37.09593], [22.97347, 37.09096], [22.98169, 37.08271], [22.97916, 37.07783], [22.96388, 37.08295], [22.99983, 37.03327], [22.99806, 37.02147], [23.01171, 36.98677], [22.99073, 36.98676], [23.00489, 36.96686], [23.01172, 36.97308], [23.01635, 36.95527], [23.01173, 36.93891], [23.04899, 36.8769], [23.04591, 36.86909], [23.09326, 36.81826], [23.09181, 36.79833], [23.08058, 36.79499], [23.08058, 36.78876], [23.11409, 36.78131], [23.09441, 36.76081], [23.0944, 36.74372], [23.08863, 36.73291], [23.07586, 36.73385], [23.05201, 36.74714], [23.03094, 36.72557], [23.02564, 36.71564], [23.03906, 36.7062], [23.03224, 36.69257], [23.05939, 36.69256], [23.03443, 36.67487], [23.03566, 36.64908], [23.08058, 36.57929], [23.1346, 36.55536], [23.14536, 36.54194], [23.15501, 36.54108], [23.14145, 36.53425], [23.14819, 36.51716], [23.13461, 36.50755], [23.15187, 36.48729], [23.20361, 36.45612], [23.19605, 36.43254], [23.16188, 36.44619], [23.15186, 36.43562], [23.13933, 36.43408], [23.09475, 36.44319], [23.07838, 36.46528], [23.06627, 36.47346], [23.07211, 36.49311], [23.06512, 36.5091], [23.05104, 36.52245], [23.03565, 36.52802], [22.97242, 36.52021], [22.92921, 36.59634], [22.87471, 36.63052], [22.88893, 36.64248], [22.88429, 36.65424], [22.83717, 36.68651], [22.81935, 36.66525], [22.81496, 36.67056], [22.81715, 36.71796], [22.80079, 36.77578], [22.78688, 36.79344], [22.76515, 36.80419], [22.68556, 36.80948], [22.62257, 36.80345], [22.5774, 36.78303], [22.5791, 36.74039], [22.54615, 36.72142], [22.53346, 36.70722], [22.52508, 36.68513], [22.54029, 36.6852], [22.5498, 36.67828], [22.55249, 36.65096], [22.54568, 36.65096], [22.53386, 36.67056], [22.52508, 36.67145], [22.51677, 36.66616], [22.51002, 36.64802], [22.531, 36.6328], [22.52604, 36.61238], [22.51271, 36.60279], [22.50465, 36.62425], [22.49, 36.61701], [22.48406, 36.60663], [22.48658, 36.52509], [22.51147, 36.46662], [22.50734, 36.46109], [22.51147, 36.45234], [22.4983, 36.44526], [22.49391, 36.43476], [22.50464, 36.40454], [22.49545, 36.40534], [22.49097, 36.39096], [22.47976, 36.40205], [22.4699, 36.45234], [22.45533, 36.46223], [22.42043, 36.47355], [22.40838, 36.48713], [22.40162, 36.48713], [22.39136, 36.47851], [22.38136, 36.48046], [22.35452, 36.51191], [22.36745, 36.54791], [22.38356, 36.54418], [22.38819, 36.55606], [22.38404, 36.5725], [22.37373, 36.58271], [22.38795, 36.60252], [22.36746, 36.60254], [22.37136, 36.64272], [22.38795, 36.64411], [22.38795, 36.65095], [22.36843, 36.65649], [22.37063, 36.67357], [22.38795, 36.7062], [22.35842, 36.70228], [22.33938, 36.72647], [22.32374, 36.75788], [22.30544, 36.7751], [22.30698, 36.79458], [22.29168, 36.82014], [22.22153, 36.89753], [22.20021, 36.9064], [22.17506, 36.89119], [22.13788, 36.91715], [22.13349, 36.93211], [22.14064, 36.93716], [22.14772, 36.95604], [22.15317, 37.02119], [22.08562, 37.03339], [22.04811, 37.03514], [22.03004, 37.03095], [21.99219, 37.01212], [21.9546, 37.00365], [21.94313, 36.99331], [21.93735, 36.97997], [21.92172, 36.86323], [21.93489, 36.83422], [21.92856, 36.82225], [21.95623, 36.80345], [21.97021, 36.80173], [21.97021, 36.795], [21.94508, 36.78994], [21.93881, 36.78319], [21.94222, 36.77509], [21.93587, 36.76603], [21.88257, 36.72656], [21.87404, 36.72672], [21.82277, 36.80858], [21.78972, 36.80476], [21.76417, 36.795], [21.75229, 36.805], [21.72879, 36.81264], [21.7225, 36.82225], [21.70738, 36.81803], [21.6885, 36.84956], [21.69239, 36.85904], [21.6885, 36.89118], [21.70948, 36.92593], [21.70997, 36.94269], [21.70265, 36.95726], [21.68816, 36.96454], [21.66804, 36.95944], [21.67742, 36.96328], [21.68165, 36.97309], [21.66774, 36.97093], [21.6618, 36.95944], [21.6548, 36.9947], [21.5993, 37.04573], [21.57876, 37.07652], [21.56966, 37.11651], [21.56757, 37.15632], [21.57453, 37.19258], [21.59215, 37.22015], [21.65496, 37.26073], [21.6823, 37.28392], [21.69581, 37.31635], [21.69142, 37.35663], [21.67482, 37.39598], [21.60711, 37.4995], [21.54998, 37.56147], [21.44305, 37.61861], [21.40219, 37.65542], [21.34327, 37.66934], [21.32374, 37.66494], [21.31852, 37.6379], [21.31228, 37.6379], [21.30828, 37.66625], [21.29869, 37.6726], [21.31105, 37.6931], [21.31186, 37.7263], [21.29526, 37.77167], [21.28492, 37.7851], [21.22731, 37.81192], [21.12209, 37.8374], [21.11306, 37.84334], [21.10768, 37.85526], [21.11158, 37.87043], [21.10623, 37.87808], [21.13357, 37.94635], [21.14039, 37.94635], [21.1644, 37.92963], [21.20777, 37.94603], [21.25164, 37.97622], [21.27752, 38.00095], [21.29152, 37.99722], [21.32594, 38.02143], [21.32594, 38.02888], [21.31853, 38.0351], [21.28442, 38.01535], [21.36704, 38.12108], [21.37371, 38.14448], [21.37429, 38.22062], [21.40854, 38.18594], [21.40092, 38.21473], [21.42067, 38.20234], [21.47396, 38.19602], [21.52394, 38.166], [21.60304, 38.1518], [21.62233, 38.15477], [21.67482, 38.17967], [21.70134, 38.20527], [21.74137, 38.26943], [21.76418, 38.29579], [21.84946, 38.34128], [21.91554, 38.33051], [21.93702, 38.33063], [21.9559, 38.33672], [21.97804, 38.32355], [22.02035, 38.31321], [22.03785, 38.28213], [22.04884, 38.27481], [22.08937, 38.26166], [22.11361, 38.2678], [22.14331, 38.24908], [22.16139, 38.2132], [22.20606, 38.20017], [22.21852, 38.18818], [22.25792, 38.18587], [22.31284, 38.17227], [22.33123, 38.17889], [22.36345, 38.15827], [22.41481, 38.13789], [22.43279, 38.14325], [22.51148, 38.12929], [22.62062, 38.08348], [22.68042, 38.06659], [22.77811, 38.00112], [22.7964, 37.97679], [22.82129, 37.96917], [22.8672, 37.93952], [22.88266, 37.93757], [22.92238, 37.94635], [22.9463, 37.94623], [22.97535, 37.97899], [22.95094, 38.00243], [22.92384, 38.01179], [22.89918, 38.02778], [22.88088, 38.02889], [22.88746, 38.03364], [22.85405, 38.03511], [22.87521, 38.04911], [22.91163, 38.06013], [22.94289, 38.08347], [22.96973, 38.08196], [23.01905, 38.06525], [23.03907, 38.06988], [23.06861, 38.0589], [23.10092, 38.0624], [23.17286, 38.07949], [23.18972, 38.09438], [23.21665, 38.10334], [23.2103, 38.11538], [23.19418, 38.12694], [23.17556, 38.1313], [23.17556, 38.14496], [23.2234, 38.1518], [23.2234, 38.15925], [23.12845, 38.17227], [23.14894, 38.18594], [23.12273, 38.20808], [23.10963, 38.21011], [23.07748, 38.18579], [23.06638, 38.1832], [23.03225, 38.18595], [23.03225, 38.19277], [23.05201, 38.19278], [23.02508, 38.21662], [22.95192, 38.22529], [22.93377, 38.22207], [22.92237, 38.20702], [22.95053, 38.20978], [22.96305, 38.20404], [22.96947, 38.19279], [22.92254, 38.19746], [22.90871, 38.19279], [22.89503, 38.24116], [22.88819, 38.24116], [22.88088, 38.22697], [22.87468, 38.24116], [22.82, 38.23298], [22.80568, 38.22697], [22.76484, 38.248], [22.79884, 38.28213], [22.74237, 38.29707], [22.71941, 38.31029], [22.69647, 38.31689], [22.67532, 38.34357], [22.68442, 38.36107], [22.67018, 38.38154], [22.6465, 38.38996], [22.6268, 38.37153], [22.64485, 38.36961], [22.64616, 38.36181], [22.63673, 38.35628], [22.61231, 38.36384], [22.58717, 38.33674], [22.58717, 38.33051], [22.60644, 38.32306], [22.60644, 38.31689], [22.59815, 38.31074], [22.60026, 38.30264], [22.58835, 38.29297], [22.57643, 38.2902], [22.56252, 38.29353], [22.54568, 38.30264], [22.52623, 38.33173], [22.53883, 38.33674], [22.52516, 38.35883], [22.47731, 38.40567], [22.46843, 38.42113], [22.40162, 38.45344], [22.40836, 38.4156], [22.37371, 38.39204], [22.386, 38.38019], [22.39478, 38.38515], [22.3986, 38.37592], [22.39609, 38.3682], [22.38111, 38.35786], [22.38794, 38.35102], [22.38233, 38.34269], [22.36753, 38.34188], [22.32252, 38.35102], [22.28493, 38.34733], [22.26645, 38.35855], [22.22486, 38.36005], [22.20932, 38.35293], [22.19597, 38.33954], [22.18921, 38.32308], [22.16879, 38.35102], [22.14578, 38.354], [22.14772, 38.36408], [22.13258, 38.37275], [22.04908, 38.3985], [22.02955, 38.39924], [22.01124, 38.39205], [21.98764, 38.41059], [21.95786, 38.41169], [21.92897, 38.4029], [21.87924, 38.37801], [21.86385, 38.37778], [21.8405, 38.39887], [21.83123, 38.39667], [21.78224, 38.36367], [21.77459, 38.35261], [21.77164, 38.33365], [21.76254, 38.32837], [21.71632, 38.35786], [21.65797, 38.35786], [21.61354, 38.34497], [21.59962, 38.35102], [21.53541, 38.31395], [21.52393, 38.29581], [21.51805, 38.2958], [21.50847, 38.30223], [21.47609, 38.30607], [21.46925, 38.31293], [21.42843, 38.33051], [21.44532, 38.33404], [21.48976, 38.30948], [21.48268, 38.32461], [21.48976, 38.33674], [21.47608, 38.34379], [21.47609, 38.35102], [21.48976, 38.35786], [21.46999, 38.35786], [21.47608, 38.37153], [21.45856, 38.36637], [21.44264, 38.37153], [21.42215, 38.3641], [21.42848, 38.38373], [21.41627, 38.39411], [21.37746, 38.39888], [21.3699, 38.40819], [21.36012, 38.46772], [21.33904, 38.48754], [21.32252, 38.49628], [21.3086, 38.49437], [21.35328, 38.43293], [21.33904, 38.43293], [21.34645, 38.42609], [21.33659, 38.3957], [21.29119, 38.37767], [21.29866, 38.37153], [21.29119, 38.36409], [21.27768, 38.37092], [21.26954, 38.36786], [21.26637, 38.3614], [21.27221, 38.35444], [21.23926, 38.33113], [21.21263, 38.33052], [21.18963, 38.34138], [21.18133, 38.33051], [21.19993, 38.32307], [21.17506, 38.3133], [21.17448, 38.30265], [21.15562, 38.30391], [21.14039, 38.33674], [21.08525, 38.34358], [21.10572, 38.35297], [21.10939, 38.36042], [21.10621, 38.37153], [21.09256, 38.3641], [21.1062, 38.38513], [21.10328, 38.37816], [21.11354, 38.37393], [21.12501, 38.37995], [21.14039, 38.39887], [21.12241, 38.41035], [21.11476, 38.40961], [21.1062, 38.39888], [21.08678, 38.41048], [21.07896, 38.43293], [21.08522, 38.44035], [21.10678, 38.42544], [21.11622, 38.42805], [21.11988, 38.44038], [21.10621, 38.43293], [21.11085, 38.44611], [21.10142, 38.46475], [21.10621, 38.48139], [21.07897, 38.48754], [21.09938, 38.49437], [21.08523, 38.50186], [21.09474, 38.51789], [21.09596, 38.53193], [21.08668, 38.53644], [21.04692, 38.51126], [21.03582, 38.50692], [21.03054, 38.51142], [21.01687, 38.54589], [21.02467, 38.60847], [21.00369, 38.62646], [20.98813, 38.66401], [20.97901, 38.67255], [20.9269, 38.67666], [20.91441, 38.68623], [20.88315, 38.77936], [20.87338, 38.79531], [20.85987, 38.80353], [20.84523, 38.79963], [20.83058, 38.78779], [20.81137, 38.76254], [20.80405, 38.77338], [20.77329, 38.76095], [20.76368, 38.78172], [20.72934, 38.80353], [20.72934, 38.80976], [20.74937, 38.85724], [20.76735, 38.86431], [20.8003, 38.86457], [20.80519, 38.86774], [20.7942, 38.87979], [20.76451, 38.8918], [20.75605, 38.90689], [20.75745, 38.93987], [20.76978, 38.95895], [20.78159, 38.935], [20.81707, 38.92137], [20.83595, 38.9289], [20.85988, 38.96051], [20.8667, 38.96051], [20.87106, 38.94745], [20.86671, 38.94009], [20.87224, 38.93281], [20.86671, 38.92642], [20.90382, 38.92805], [20.91578, 38.9361], [20.92068, 38.95432], [20.92749, 38.95432], [20.93719, 38.94404], [20.97535, 38.94684], [21.00945, 38.93423], [21.02734, 38.93259], [21.02556, 38.89802], [21.0608, 38.88222], [21.08522, 38.86433], [21.08889, 38.87848], [21.09859, 38.88739], [21.09166, 38.90452], [21.10231, 38.91082], [21.12111, 38.91011], [21.13701, 38.9025], [21.16082, 38.878], [21.17262, 38.87352], [21.17742, 38.87604], [21.18133, 38.88544], [21.16969, 38.89582], [21.16684, 38.91087], [21.15455, 38.9134], [21.14019, 38.94108], [21.14723, 38.95433], [21.14195, 38.96239], [21.14504, 38.97138], [21.15262, 38.9767], [21.16082, 38.97419], [21.15992, 38.99775], [21.13559, 39.02338], [21.08522, 39.06293], [21.07439, 39.05004], [21.07892, 39.0363], [21.06528, 39.04051], [21.05519, 39.0375], [21.03736, 39.02196], [21.05832, 39.00899], [21.0032, 39.01513], [21.00318, 39.02196], [20.9909, 39.02425], [20.96567, 39.03937], [20.95355, 39.03427], [20.9442, 39.03857], [20.93484, 39.05671], [20.9485, 39.06293], [20.9485, 39.06977], [20.92018, 39.06453], [20.90138, 39.07722], [20.89389, 39.07722], [20.88818, 39.06721], [20.87037, 39.05931], [20.86671, 39.05305], [20.87094, 39.04312], [20.88646, 39.03645], [20.84495, 39.03694], [20.85987, 39.04247], [20.85776, 39.05891], [20.85499, 39.0655], [20.84622, 39.06295], [20.8462, 39.07722], [20.83237, 39.07689], [20.82573, 39.06982], [20.83806, 39.09174], [20.83416, 39.10847], [20.82244, 39.11449], [20.81137, 39.10457], [20.80519, 39.1114], [20.79541, 39.09863], [20.77719, 39.09089], [20.77719, 39.08344], [20.79182, 39.08079], [20.78401, 39.04927], [20.76157, 39.03242], [20.7575, 39.02196], [20.74318, 39.02949], [20.74537, 39.01472], [20.7575, 39.01512], [20.80388, 38.9853], [20.82349, 38.97784], [20.83178, 38.96369], [20.82878, 38.96053], [20.82035, 38.96217], [20.80209, 38.97065], [20.76637, 38.97761], [20.7575, 38.97419], [20.74692, 38.95795], [20.73512, 38.95011], [20.70225, 38.99815], [20.71583, 39.01512], [20.70574, 39.04857], [20.68653, 39.07246], [20.59589, 39.12386], [20.51783, 39.20075], [20.47887, 39.22517], [20.48243, 39.23428], [20.47514, 39.25534], [20.48243, 39.28266], [20.46022, 39.2773], [20.44825, 39.2895], [20.43344, 39.28287], [20.4192, 39.28337], [20.39356, 39.29694], [20.36557, 39.28768], [20.32489, 39.30379], [20.29283, 39.33344], [20.2907, 39.36465], [20.25896, 39.39728], [20.23603, 39.39937], [20.24285, 39.41242], [20.21562, 39.44033], [20.26734, 39.44693], [20.26393, 39.46076], [20.2156, 39.48872], [20.2156, 39.49493], [20.25506, 39.49238], [20.26393, 39.50861], [20.23601, 39.52082], [20.22202, 39.52131], [20.22241, 39.50862], [20.20216, 39.52041], [20.1907, 39.52168], [20.20192, 39.52973], [20.18312, 39.53327], [20.14959, 39.53364], [20.13359, 39.52975], [20.14552, 39.54707], [20.14667, 39.57068], [20.15406, 39.56391], [20.1609, 39.56436], [20.17457, 39.57685], [20.17458, 39.59796], [20.18824, 39.60419], [20.18181, 39.62446], [20.14821, 39.63753], [20.08888, 39.67308], [20.04422, 39.68101], [20.01002, 39.69355], [19.99684, 39.69257], [19.99585, 39.68672], [19.98903, 39.68672], [19.98359, 39.70136], [19.98694, 39.71771], [20.0027, 39.74824], [19.98066, 39.75731], [19.99586, 39.78294], [20.01417, 39.83295], [20.01629, 39.84504], [20.00978, 39.86567], [19.99928, 39.87141], [19.96169, 39.87858], [19.95883, 39.88935], [19.94117, 39.89899], [19.90644, 39.90645], [19.9066, 39.91283], [19.94117, 39.94001], [19.92369, 39.95304], [19.86345, 40.04536], [19.85524, 40.04987], [19.80712, 40.05299], [19.79658, 40.05732], [19.80454, 40.06346], [19.77735, 40.07779], [19.77052, 40.0635], [19.73268, 40.11026], [19.72902, 40.10823], [19.71909, 40.11603], [19.65348, 40.13231], [19.62282, 40.14629], [19.64069, 40.14852], [19.67726, 40.20533], [19.70295, 40.23522], [19.76406, 40.28749], [19.79957, 40.31008], [19.83832, 40.33011], [19.92105, 40.36038], [20.01108, 40.37787], [20.04344, 40.38036], [20.0903, 40.36175], [20.17241, 40.31664], [20.23468, 40.26583], [20.28472, 40.20442], [20.29901, 40.20177], [20.30536, 40.20759], [20.35445, 40.39306], [20.46358, 40.40442], [20.545, 40.4868], [20.54141, 40.60059], [20.4682, 40.66592], [20.4933, 40.76118], [20.43528, 40.8507], [20.28532, 40.86718], [20.22944, 41.02292], [20.16342, 41.08554], [20.08408, 41.29131], [20.13067, 41.36004], [20.05321, 41.49629], [20.11129, 41.53059], [20.07941, 41.65156], [20.13393, 41.84112], [20.10938, 41.9143], [19.98893, 42.1211], [19.76705, 42.18681], [19.72871, 42.24939], [19.80141, 42.46813], [19.75159, 42.4934], [19.73433, 42.52438], [19.7303, 42.54043], [19.73216, 42.55554], [19.74136, 42.57441], [19.74777, 42.5789], [19.74601, 42.5989], [19.73753, 42.6244], [19.72213, 42.64608], [19.69929, 42.65481], [19.67604, 42.64667], [19.64793, 42.62784], [19.62178, 42.605], [19.60504, 42.58484], [19.58809, 42.53286], [19.57568, 42.52234], [19.54933, 42.5086], [19.54375, 42.4934], [19.51781, 42.45803], [19.50148, 42.44413], [19.48174, 42.43449], [19.4684, 42.41811], [19.41208, 42.3684], [19.40267, 42.35202], [19.4004, 42.32589], [19.30459, 42.2151], [19.27493, 42.19128], [19.27203, 42.18068], [19.28206, 42.16456], [19.29777, 42.15167], [19.35503, 42.12004], [19.37249, 42.10425], [19.67188, 42.18264], [19.80128, 42.14306], [19.8493, 42.08995], [19.8882, 42.02535], [19.90125, 41.99057], [19.913, 41.9203], [19.90599, 41.84924], [19.88045, 41.78059], [19.83742, 41.71704], [19.77862, 41.66105], [19.70637, 41.61479], [19.62348, 41.58005], [19.53317, 41.55818], [19.4717, 41.55163], [19.44096, 41.58538], [19.52809, 41.57657], [19.5652, 41.58511], [19.58482, 41.61957], [19.59164, 41.61957], [19.59604, 41.60273], [19.61297, 41.60529], [19.60011, 41.63911], [19.59166, 41.63264], [19.58709, 41.64069], [19.55765, 41.66055], [19.57814, 41.68765], [19.57131, 41.7704], [19.58953, 41.76569], [19.59897, 41.77871], [19.59978, 41.79975], [19.59164, 41.81879], [19.46578, 41.85537], [19.43295, 41.8686], [19.36509, 41.85237], [19.31023, 41.89452], [19.22023, 41.91886], [19.17027, 41.93798], [19.1623, 41.94795], [19.16033, 41.96898], [19.13797, 41.9853], [19.14356, 41.99307], [19.13917, 42.04243], [19.08254, 42.08121], [19.07474, 42.09565], [19.08383, 42.11009], [19.06399, 42.12019], [19.04868, 42.1402], [19.0106, 42.13956], [18.99985, 42.16108], [18.98163, 42.16707], [18.96803, 42.18871], [18.91335, 42.22224], [18.90171, 42.2375], [18.8947, 42.27049], [18.886, 42.28437], [18.87159, 42.29047], [18.85401, 42.29047], [18.83888, 42.28571], [18.83139, 42.27755], [18.81764, 42.29116], [18.77858, 42.27148], [18.76246, 42.29116], [18.71454, 42.32527], [18.71412, 42.33893], [18.69363, 42.35322], [18.69581, 42.37377], [18.67848, 42.38597], [18.65854, 42.38662], [18.65316, 42.36629], [18.63844, 42.37031], [18.61671, 42.36808], [18.5949, 42.38373], [18.57067, 42.39298], [18.57814, 42.40038], [18.553, 42.41365], [18.54519, 42.42357], [18.55015, 42.43512], [18.56284, 42.43854], [18.6565, 42.41551], [18.68555, 42.40399], [18.70045, 42.39297], [18.70818, 42.40852], [18.70655, 42.42105], [18.68385, 42.45881], [18.68735, 42.4829], [18.65384, 42.45177], [18.60859, 42.44539], [18.50245, 42.45563], [18.50245, 42.44819], [18.52124, 42.43797], [18.51295, 42.409], [18.52973, 42.4004], [18.51027, 42.40527], [18.47446, 42.44135], [18.41334, 42.46175], [18.41188, 42.47602], [18.23895, 42.55908], [18.22057, 42.57917], [18.22348, 42.61469], [18.21754, 42.6201], [18.16603, 42.62695], [18.12485, 42.6446], [18.07603, 42.65132], [18.06399, 42.65763], [18.0574, 42.66791], [18.07732, 42.66791], [18.04804, 42.69045], [18.04322, 42.70205], [18.02807, 42.69141], [18.00327, 42.70068], [17.96119, 42.7294], [17.90163, 42.7519], [17.88073, 42.76875], [17.89283, 42.79084], [17.86509, 42.78996], [17.83497, 42.8072], [17.80665, 42.81192], [17.78565, 42.80516], [17.78011, 42.79695], [17.72096, 42.82624], [17.74871, 42.80341], [17.76179, 42.77891], [17.76165, 42.7742], [17.74872, 42.77205], [17.74887, 42.79084], [17.72877, 42.80077], [17.67856, 42.81623], [17.63348, 42.82296], [17.58009, 42.84125], [17.52496, 42.8487], [17.44045, 42.87336], [17.44272, 42.89863], [17.41725, 42.9112], [17.35093, 42.92179], [17.27133, 42.96336], [17.23749, 42.97139], [17.21388, 42.98261], [17.09539, 42.98444], [17.06251, 42.99006], [17.02779, 43.00344], [17.01793, 43.01382], [17.02817, 43.02416], [17.02817, 43.03099], [17.01882, 43.03409], [17.00167, 43.05149], [17.02312, 43.04864], [17.05568, 43.02896], [17.07325, 43.02416], [17.1587, 43.03098], [17.24024, 43.02277], [17.39071, 42.97761], [17.4541, 42.94228], [17.46022, 42.92178], [17.48145, 42.92177], [17.50766, 42.90908], [17.52263, 42.91022], [17.52614, 42.92177], [17.55898, 42.91281], [17.58375, 42.9007], [17.64161, 42.88447], [17.65268, 42.87336], [17.67368, 42.87507], [17.71599, 42.84418], [17.74147, 42.83926], [17.71095, 42.85664], [17.70192, 42.86848], [17.71363, 42.8808], [17.70737, 42.88703], [17.67872, 42.87938], [17.55652, 42.93476], [17.57399, 42.93427], [17.61793, 42.92178], [17.60304, 42.93256], [17.54965, 42.95531], [17.53452, 42.95064], [17.49883, 42.97194], [17.47475, 43.00098], [17.47089, 43.01341], [17.47918, 43.02241], [17.50196, 43.03099], [17.48797, 43.03498], [17.43374, 43.01744], [17.46022, 43.03099], [17.43231, 43.03621], [17.42613, 43.04464], [17.4336, 43.0515], [17.42612, 43.06517], [17.40455, 43.05151], [17.37087, 43.07389], [17.31625, 43.12726], [17.17238, 43.18184], [17.11395, 43.21321], [17.10027, 43.23168], [17.07351, 43.23897], [17.05635, 43.25699], [17.04949, 43.27802], [17.02818, 43.28425], [16.93393, 43.3736], [16.88063, 43.40595], [16.75245, 43.41951], [16.69386, 43.4383], [16.62583, 43.44905], [16.53485, 43.49714], [16.52467, 43.51081], [16.5044, 43.50399], [16.46656, 43.51081], [16.39146, 43.51082], [16.39146, 43.51764], [16.43426, 43.52188], [16.4734, 43.53815], [16.43385, 43.54975], [16.33676, 43.55117], [16.29959, 43.53822], [16.23959, 43.52657], [16.11769, 43.52448], [16.11769, 43.51765], [16.15073, 43.51138], [16.16487, 43.50409], [16.17235, 43.4897], [16.11085, 43.48969], [16.11311, 43.47892], [16.06617, 43.48969], [16.03957, 43.4908], [16.01401, 43.50397], [16.00782, 43.50397], [16.00782, 43.49715], [15.99578, 43.50336], [15.97348, 43.50313], [15.96632, 43.51081], [15.96437, 43.50391], [15.9595, 43.50398], [15.96129, 43.51503], [15.98365, 43.52106], [15.98699, 43.52729], [15.98227, 43.5373], [15.98731, 43.54491], [15.95949, 43.53817], [15.95623, 43.54792], [15.94809, 43.55288], [15.92534, 43.55858], [15.94191, 43.56], [15.94418, 43.56672], [15.9354, 43.57294], [15.91799, 43.57291], [15.91799, 43.57908], [15.93214, 43.58658], [15.918, 43.59333], [15.9253, 43.59956], [15.918, 43.60639], [15.9253, 43.61384], [15.91897, 43.62873], [15.92953, 43.63422], [15.96632, 43.63373], [15.96632, 43.64118], [15.90484, 43.64803], [15.91676, 43.65362], [15.94239, 43.64802], [15.95297, 43.65086], [15.95143, 43.65742], [15.93216, 43.66845], [15.94597, 43.67231], [15.9524, 43.67976], [15.95045, 43.68854], [15.93897, 43.69644], [15.93971, 43.67764], [15.93116, 43.6765], [15.89291, 43.70051], [15.87078, 43.70319], [15.844, 43.72993], [15.79217, 43.75446], [15.77101, 43.75996], [15.70632, 43.76342], [15.69265, 43.77461], [15.68214, 43.79719], [15.63299, 43.81045], [15.61745, 43.8255], [15.6631, 43.81297], [15.67888, 43.81183], [15.67888, 43.81928], [15.66578, 43.81928], [15.63885, 43.83613], [15.57407, 43.85953], [15.54519, 43.87764], [15.51222, 43.91108], [15.47326, 43.91926], [15.4551, 43.92805], [15.43873, 43.94965], [15.34461, 44.03567], [15.40485, 43.96949], [15.44604, 43.88754], [15.40708, 43.89616], [15.39772, 43.90811], [15.35866, 43.91939], [15.34996, 43.92915], [15.35678, 43.93537], [15.30959, 43.95845], [15.30252, 43.96961], [15.26126, 44.01105], [15.29607, 44.00571], [15.31758, 43.99397], [15.28093, 44.04111], [15.20946, 44.11808], [15.13581, 44.18504], [15.12054, 44.20883], [15.11666, 44.223], [15.11611, 44.24108], [15.12039, 44.2532], [15.12539, 44.25744], [15.11038, 44.26435], [15.14064, 44.28246], [15.15755, 44.28033], [15.17661, 44.24994], [15.19793, 44.25731], [15.20777, 44.27277], [15.18541, 44.28539], [15.19459, 44.2888], [15.20655, 44.28539], [15.19811, 44.30165], [15.24756, 44.27797], [15.27955, 44.25178], [15.29526, 44.25068], [15.28177, 44.28538], [15.29493, 44.29023], [15.30274, 44.29914], [15.27818, 44.30981], [15.26126, 44.33258], [15.28052, 44.32753], [15.3086, 44.30927], [15.42449, 44.26797], [15.50359, 44.25922], [15.52524, 44.26069], [15.52866, 44.2718], [15.51482, 44.27851], [15.44923, 44.2854], [15.40602, 44.32062], [15.30796, 44.3544], [15.15505, 44.46671], [15.08009, 44.53608], [15.05202, 44.54549], [15.01531, 44.56908], [15.00735, 44.56974], [14.92046, 44.66849], [14.92611, 44.65357], [14.92496, 44.64419], [14.92118, 44.64248], [14.90577, 44.6476], [14.88324, 44.67495], [14.86861, 44.71255], [14.8638, 44.74795], [14.81421, 44.84038], [14.79568, 44.86846], [14.78193, 44.90721], [14.76801, 44.9178], [14.76793, 44.92853], [14.77274, 44.93313], [14.752, 44.97263], [14.74724, 44.97004], [14.74724, 44.96381], [14.76074, 44.95514], [14.75684, 44.94873], [14.7237, 44.94337], [14.70672, 44.94666], [14.65789, 44.97004], [14.62893, 44.97818], [14.6238, 45.00122]], [[22.54125, 39.63852], [22.54722, 39.64357], [22.54634, 39.65119], [22.39976, 39.68542], [22.31701, 39.71913], [22.30382, 39.73775], [22.22879, 39.79758], [22.17409, 39.86025], [22.15965, 39.85401], [22.16101, 39.82683], [22.1847, 39.76134], [22.23503, 39.68218], [22.26277, 39.66429], [22.34224, 39.63127], [22.37104, 39.61483], [22.38124, 39.59788], [22.39141, 39.55408], [22.40171, 39.53739], [22.43078, 39.52102], [22.45445, 39.51228], [22.46411, 39.51361], [22.46855, 39.52364], [22.42891, 39.60427], [22.47598, 39.6221], [22.54125, 39.63852]], [[14.66322, 45.12088], [14.65895, 45.10834], [14.66529, 45.08735], [14.67807, 45.07746], [14.69482, 45.07369], [14.66322, 45.12088]]], [[[17.35596, 42.69261], [17.36352, 42.70259], [17.37964, 42.70872], [17.40142, 42.71181], [17.48622, 42.7107], [17.55003, 42.70418], [17.57375, 42.69139], [17.56574, 42.67569], [17.53439, 42.66027], [17.48856, 42.64868], [17.43774, 42.64493], [17.39171, 42.65334], [17.35999, 42.67796], [17.35596, 42.69261]]], [[[17.84508, 42.73209], [17.85076, 42.73399], [17.8367, 42.75307], [17.84823, 42.75392], [17.8986, 42.73298], [17.91585, 42.7132], [17.90544, 42.7006], [17.84508, 42.73209]]], [[[17.38592, 42.77094], [17.37379, 42.76001], [17.35378, 42.76668], [17.32376, 42.79083], [17.39232, 42.80169], [17.37159, 42.79084], [17.39332, 42.79116], [17.41245, 42.784], [17.41993, 42.79083], [17.43686, 42.78262], [17.48601, 42.78216], [17.52369, 42.76484], [17.57447, 42.7575], [17.59749, 42.74982], [17.59067, 42.74299], [17.6482, 42.73851], [17.65894, 42.74298], [17.67937, 42.72989], [17.73047, 42.71344], [17.74884, 42.69458], [17.38592, 42.77094]]], [[[16.50694, 42.77158], [16.51827, 42.77342], [16.53417, 42.76288], [16.52556, 42.75704], [16.51043, 42.75975], [16.49024, 42.74705], [16.48619, 42.75165], [16.50694, 42.77158]]], [[[16.82294, 42.75841], [16.80042, 42.74988], [16.77725, 42.75113], [16.7264, 42.76748], [16.69137, 42.7706], [16.66014, 42.76383], [16.60815, 42.74531], [16.58094, 42.74485], [16.5541, 42.75756], [16.53078, 42.77927], [16.51388, 42.80575], [16.50622, 42.83277], [16.51063, 42.85618], [16.53, 42.87195], [16.56735, 42.87625], [16.60307, 42.86934], [16.68077, 42.83812], [16.71457, 42.8289], [16.75246, 42.82689], [16.80338, 42.83558], [16.86502, 42.86001], [16.89275, 42.86552], [16.90672, 42.86502], [16.93487, 42.85732], [17.02148, 42.8112], [17.03613, 42.79944], [17.03026, 42.78713], [17.01175, 42.78006], [16.98453, 42.77699], [16.90465, 42.77893], [16.92107, 42.77715], [16.93392, 42.77093], [16.93636, 42.75552], [16.92464, 42.74141], [16.90544, 42.73177], [16.88495, 42.72941], [16.88217, 42.7364], [16.85817, 42.74299], [16.84766, 42.7336], [16.83432, 42.73095], [16.82082, 42.73608], [16.80984, 42.74982], [16.82228, 42.75511], [16.82294, 42.75841]]], [[[16.65269, 42.99236], [16.72047, 42.99005], [16.76857, 42.97224], [16.82407, 42.9621], [16.87867, 42.9621], [16.91554, 42.9745], [17.03207, 42.98261], [17.11109, 42.9643], [17.13183, 42.96955], [17.14807, 42.95321], [17.20019, 42.92178], [17.19337, 42.91431], [17.17433, 42.92202], [17.10743, 42.9143], [17.01531, 42.92862], [16.97291, 42.9267], [16.89869, 42.90584], [16.85141, 42.90071], [16.69142, 42.92821], [16.67286, 42.92674], [16.67261, 42.92179], [16.63846, 42.93476], [16.7068, 42.9621], [16.7068, 42.96955], [16.63171, 42.98261], [16.65269, 42.99236]]], [[[16.06317, 43.05151], [16.04902, 43.065], [16.09254, 43.08274], [16.13057, 43.08844], [16.1705, 43.08762], [16.19971, 43.0794], [16.19288, 43.07197], [16.21583, 43.07916], [16.2282, 43.07867], [16.24122, 43.07197], [16.24985, 43.0794], [16.25487, 43.06855], [16.23599, 43.05361], [16.26303, 43.05536], [16.28413, 43.05113], [16.30122, 43.04222], [16.31163, 43.02869], [16.31278, 43.0106], [16.30207, 42.98803], [16.28411, 42.97204], [16.26103, 42.96397], [16.23617, 42.96312], [16.21283, 42.96871], [16.19435, 42.9799], [16.18413, 42.99587], [16.18567, 43.01577], [16.19621, 43.03015], [16.1466, 43.01911], [16.07717, 43.02301], [16.08448, 43.02595], [16.08709, 43.04141], [16.07911, 43.05329], [16.06317, 43.05151]]], [[[16.56275, 43.22898], [16.58326, 43.21597], [16.61612, 43.22354], [16.65951, 43.21596], [16.69311, 43.18866], [16.6936, 43.18401], [16.68629, 43.18183], [16.72771, 43.16462], [16.84816, 43.16234], [16.86443, 43.16884], [16.87416, 43.16189], [16.93373, 43.15756], [16.93918, 43.15315], [16.95875, 43.1524], [17.01856, 43.14086], [17.10942, 43.14377], [17.15494, 43.14035], [17.19332, 43.12727], [16.94392, 43.12642], [16.94225, 43.12053], [16.93413, 43.11515], [16.91127, 43.11201], [16.86657, 43.11701], [16.83121, 43.11436], [16.78553, 43.09805], [16.72117, 43.06272], [16.69044, 43.04957], [16.65086, 43.04247], [16.61719, 43.04146], [16.54735, 43.05152], [16.44254, 43.08724], [16.41383, 43.10065], [16.38847, 43.11724], [16.37171, 43.13706], [16.36825, 43.1482], [16.36897, 43.16016], [16.37828, 43.17552], [16.39525, 43.18276], [16.41432, 43.18351], [16.37161, 43.19551], [16.38069, 43.20198], [16.41529, 43.19847], [16.43979, 43.20977], [16.44606, 43.20234], [16.4603, 43.21595], [16.4603, 43.20978], [16.49643, 43.21807], [16.55494, 43.18793], [16.58326, 43.18867], [16.52055, 43.22898], [16.56275, 43.22898]], [[16.72092, 43.12566], [16.67018, 43.12549], [16.56467, 43.14221], [16.58222, 43.13656], [16.66452, 43.12369], [16.72092, 43.12566]]], [[[16.32697, 43.34869], [16.28175, 43.36937], [16.23227, 43.38447], [16.20706, 43.38728], [16.20641, 43.39181], [16.21323, 43.39411], [16.20047, 43.40705], [16.20559, 43.4129], [16.27702, 43.41192], [16.29792, 43.40374], [16.30274, 43.38727], [16.32984, 43.3897], [16.38507, 43.35085], [16.43588, 43.3437], [16.43492, 43.34642], [16.45346, 43.35318], [16.4263, 43.3941], [16.44703, 43.39483], [16.49391, 43.38231], [16.688, 43.37696], [16.80981, 43.35317], [16.80982, 43.34638], [16.79615, 43.34638], [16.81625, 43.34024], [16.83033, 43.34637], [16.85816, 43.32518], [16.88509, 43.32196], [16.89233, 43.3122], [16.87232, 43.288], [16.86443, 43.29169], [16.8459, 43.27333], [16.81285, 43.26776], [16.62827, 43.26375], [16.57386, 43.26912], [16.55079, 43.25417], [16.52704, 43.24676], [16.48975, 43.24121], [16.44785, 43.24035], [16.40441, 43.24413], [16.36278, 43.25236], [16.32648, 43.26486], [16.29918, 43.28133], [16.28454, 43.30146], [16.28632, 43.32497], [16.30058, 43.34005], [16.32697, 43.34869]]], [[[16.1704, 43.43607], [16.1648, 43.43302], [16.14812, 43.43537], [16.14144, 43.4294], [16.11501, 43.42944], [16.12143, 43.44757], [16.13754, 43.44973], [16.1345, 43.45616], [16.14942, 43.459], [16.16536, 43.44973], [16.1704, 43.43607]]], [[[16.31031, 43.50775], [16.37523, 43.49017], [16.37077, 43.48433], [16.33363, 43.48141], [16.28199, 43.48794], [16.24643, 43.48144], [16.21168, 43.48993], [16.21178, 43.49554], [16.2435, 43.49494], [16.25221, 43.49994], [16.24807, 43.50828], [16.26442, 43.51287], [16.31031, 43.50775]]], [[[15.61964, 43.67544], [15.65015, 43.67303], [15.67888, 43.64802], [15.74029, 43.62754], [15.68133, 43.64033], [15.67205, 43.63745], [15.60379, 43.67471], [15.61134, 43.6821], [15.61964, 43.67544]]], [[[15.82604, 43.69225], [15.82408, 43.70001], [15.84166, 43.70729], [15.86187, 43.68939], [15.86841, 43.66259], [15.86338, 43.66268], [15.82604, 43.69225]]], [[[15.70379, 43.68907], [15.68313, 43.6997], [15.67329, 43.71386], [15.68921, 43.71572], [15.71355, 43.69196], [15.72631, 43.69], [15.7198, 43.67281], [15.69696, 43.68143], [15.69469, 43.68547], [15.70379, 43.68907]]], [[[15.66601, 43.76647], [15.65984, 43.76395], [15.63112, 43.77144], [15.6089, 43.79381], [15.59963, 43.79415], [15.58091, 43.80875], [15.56749, 43.83201], [15.58627, 43.82294], [15.59473, 43.83144], [15.60483, 43.8242], [15.61004, 43.80911], [15.62794, 43.7982], [15.64096, 43.79784], [15.65006, 43.78913], [15.64861, 43.7829], [15.66601, 43.76647]]], [[[15.24763, 43.84927], [15.22781, 43.87445], [15.24073, 43.88075], [15.26123, 43.86709], [15.26637, 43.857], [15.34217, 43.81201], [15.39556, 43.77247], [15.30894, 43.80562], [15.28842, 43.82551], [15.24763, 43.84927]]], [[[25.85493, 35.04196], [25.84713, 35.03025], [25.78385, 34.98601], [25.76851, 34.95518], [25.76544, 34.93707], [25.77642, 34.92229], [25.78814, 34.91663], [25.82212, 34.912], [25.81989, 34.89797], [25.82414, 34.8977], [25.82102, 34.87784], [25.81114, 34.85531], [25.77788, 34.80683], [25.71969, 34.74258], [25.69759, 34.72283], [25.67533, 34.71549], [25.64825, 34.7117], [25.61258, 34.71218], [25.55711, 34.72636], [25.42626, 34.76933], [25.3713, 34.77962], [25.34523, 34.77238], [25.27547, 34.73022], [25.23129, 34.72641], [25.16815, 34.73203], [25.04269, 34.75328], [24.9942, 34.75703], [24.96669, 34.7532], [24.90427, 34.72956], [24.86626, 34.72514], [24.75964, 34.75392], [24.72712, 34.75386], [24.66592, 34.74224], [24.63418, 34.7414], [24.54994, 34.76165], [24.52099, 34.76665], [24.49373, 34.76634], [24.46938, 34.75808], [24.44924, 34.73925], [24.43457, 34.70723], [24.28997, 34.6914], [24.12986, 34.71348], [24.08525, 34.7226], [24.09558, 34.7346], [24.08514, 34.73697], [24.09231, 34.74623], [24.12722, 34.77221], [24.14159, 34.78875], [24.14498, 34.79716], [24.1411, 34.82622], [24.10698, 34.86199], [24.05217, 34.89341], [23.98473, 34.9203], [23.844, 34.96033], [23.72869, 34.98672], [23.6532, 34.9972], [23.55753, 35.0031], [23.43504, 34.9852], [23.40025, 34.98567], [23.38661, 34.99516], [23.35767, 35.03776], [23.33229, 35.04652], [23.28491, 35.05391], [23.16368, 35.06072], [22.98959, 35.04189], [22.93965, 35.04141], [22.90948, 35.05501], [22.883, 35.08034], [22.87587, 35.09735], [22.87732, 35.13046], [22.88747, 35.17784], [22.9253, 35.29644], [22.94983, 35.418], [22.96618, 35.46453], [22.97724, 35.48217], [22.98258, 35.48468], [22.98815, 35.46646], [22.99345, 35.41474], [23.00239, 35.39023], [23.01947, 35.37913], [23.04467, 35.36972], [23.06947, 35.3661], [23.07905, 35.36774], [23.08532, 35.37238], [23.09296, 35.39144], [23.09307, 35.48833], [23.0971, 35.52673], [23.10501, 35.54613], [23.11987, 35.5578], [23.1345, 35.55727], [23.14498, 35.54519], [23.15257, 35.52479], [23.17063, 35.44569], [23.17919, 35.42412], [23.19104, 35.41034], [23.2074, 35.40249], [23.25307, 35.39202], [23.30645, 35.38804], [23.37583, 35.39302], [23.41779, 35.41171], [23.51295, 35.47281], [23.53513, 35.48318], [23.55528, 35.48822], [23.56336, 35.48644], [23.57579, 35.47062], [23.58299, 35.44607], [23.58236, 35.39906], [23.56632, 35.38047], [23.52544, 35.35114], [23.51022, 35.33563], [23.51538, 35.32948], [23.52782, 35.32358], [23.59972, 35.31014], [23.62622, 35.29988], [23.6416, 35.27431], [23.66731, 35.20436], [23.67673, 35.19259], [23.6887, 35.18642], [23.71895, 35.18283], [23.79494, 35.18687], [23.87895, 35.20012], [23.98675, 35.22248], [24.01569, 35.23387], [24.08236, 35.26972], [24.1118, 35.27845], [24.13963, 35.27343], [24.20424, 35.24589], [24.23228, 35.23837], [24.27608, 35.2411], [24.38226, 35.25673], [24.42528, 35.25482], [24.43328, 35.2498], [24.43973, 35.24063], [24.46064, 35.19011], [24.46732, 35.18093], [24.47563, 35.1759], [24.54964, 35.16489], [24.73358, 35.15621], [24.8091, 35.14661], [24.82645, 35.13472], [24.86141, 35.09361], [24.87923, 35.08576], [24.90117, 35.09113], [24.92514, 35.10148], [25.02776, 35.15989], [25.05175, 35.17057], [25.07375, 35.17637], [25.08973, 35.17704], [25.15354, 35.16724], [25.19332, 35.15192], [25.20756, 35.14198], [25.21586, 35.13069], [25.22024, 35.098], [25.2167, 35.077], [25.17573, 34.98307], [25.16769, 34.95107], [25.18333, 34.92826], [25.20573, 34.90907], [25.22919, 34.89731], [25.23931, 34.89612], [25.26344, 34.90064], [25.31917, 34.92062], [25.45356, 34.98329], [25.57056, 34.98256], [25.62894, 34.98817], [25.65656, 34.99546], [25.6825, 35.00686], [25.7618, 35.06355], [25.78303, 35.07437], [25.80551, 35.08038], [25.82961, 35.07986], [25.85572, 35.07109], [25.85306, 35.05836], [25.85801, 35.05673], [25.85493, 35.04196]]], [[[26.66458, 36.45666], [26.64861, 36.45546], [26.58951, 36.44112], [26.57759, 36.44459], [26.56753, 36.45473], [26.56171, 36.4732], [26.56409, 36.49561], [26.57318, 36.51935], [26.58738, 36.54191], [26.60508, 36.56081], [26.62463, 36.57376], [26.64434, 36.57854], [26.66261, 36.57305], [26.66891, 36.56746], [26.67549, 36.5536], [26.68183, 36.52162], [26.70047, 36.49843], [26.7192, 36.48884], [26.78138, 36.47318], [26.79854, 36.46469], [26.81115, 36.45084], [26.8176, 36.4293], [26.81591, 36.40383], [26.80487, 36.3929], [26.78687, 36.39336], [26.76449, 36.40203], [26.6804, 36.45327], [26.66458, 36.45666]]], [[[24.8347, 36.43976], [24.80972, 36.43176], [24.78525, 36.43005], [24.76333, 36.43553], [24.79091, 36.55549], [24.80249, 36.57841], [24.8168, 36.59134], [24.83271, 36.59579], [24.84908, 36.59323], [24.8648, 36.58509], [24.87877, 36.57283], [24.88991, 36.5579], [24.89708, 36.54178], [24.89957, 36.51625], [24.8926, 36.49231], [24.87815, 36.47096], [24.85818, 36.45313], [24.8347, 36.43976]]], [[[25.87514, 36.86412], [25.89637, 36.85137], [25.90366, 36.84179], [25.90758, 36.8297], [25.90724, 36.81478], [25.89972, 36.79477], [25.88593, 36.78043], [25.8676, 36.77034], [25.80292, 36.75093], [25.78402, 36.74333], [25.76942, 36.73284], [25.75098, 36.70018], [25.72938, 36.64243], [25.71906, 36.62796], [25.70515, 36.61887], [25.68031, 36.61843], [25.65228, 36.64609], [25.60951, 36.66064], [25.60752, 36.67523], [25.62061, 36.70958], [25.66795, 36.76632], [25.69677, 36.76579], [25.71892, 36.77794], [25.77451, 36.85076], [25.79127, 36.86586], [25.81132, 36.87235], [25.851, 36.87036], [25.87514, 36.86412]]], [[[23.79781, 36.78374], [23.86492, 36.75549], [23.88102, 36.75282], [23.9019, 36.75486], [23.93568, 36.76821], [24.00666, 36.82789], [24.02399, 36.839], [24.04314, 36.84802], [24.08439, 36.85968], [24.10523, 36.86228], [24.14422, 36.86091], [24.17701, 36.84959], [24.1868, 36.84031], [24.19086, 36.82958], [24.18958, 36.81794], [24.17248, 36.79394], [24.1574, 36.78266], [24.12014, 36.76492], [24.00904, 36.72695], [23.90579, 36.67312], [23.86284, 36.65942], [23.84136, 36.65854], [23.81991, 36.66305], [23.78844, 36.67598], [23.75657, 36.69622], [23.74491, 36.70923], [23.73848, 36.72426], [23.73904, 36.74134], [23.74841, 36.76058], [23.76449, 36.777], [23.78101, 36.78397], [23.79781, 36.78374]]], [[[26.60195, 36.97782], [26.61768, 36.9649], [26.6284, 36.94754], [26.63357, 36.92544], [26.63278, 36.8982], [26.60514, 36.89074], [26.55907, 36.86439], [26.53431, 36.85473], [26.51192, 36.85323], [26.4422, 36.86274], [26.42574, 36.85972], [26.40727, 36.85151], [26.33059, 36.80435], [26.31467, 36.79877], [26.30151, 36.79974], [26.29173, 36.80804], [26.28649, 36.82144], [26.28784, 36.8561], [26.30182, 36.88883], [26.31223, 36.89984], [26.32416, 36.90481], [26.38185, 36.9017], [26.39886, 36.90575], [26.41912, 36.92017], [26.45518, 36.96526], [26.47597, 36.98084], [26.49641, 36.98792], [26.53142, 36.99187], [26.55811, 36.9911], [26.58186, 36.98649], [26.60195, 36.97782]]], [[[25.54376, 37.08944], [25.56215, 37.08154], [25.57753, 37.06353], [25.57789, 37.04836], [25.56682, 37.03559], [25.54793, 37.02473], [25.48035, 36.99852], [25.46631, 36.99021], [25.4483, 36.96865], [25.41943, 36.91874], [25.40049, 36.89598], [25.38301, 36.88215], [25.33148, 36.8495], [25.27072, 36.8177], [25.2163, 36.79593], [25.19642, 36.79165], [25.1675, 36.79271], [25.15862, 36.80217], [25.16524, 36.81779], [25.18273, 36.8373], [25.26912, 36.90951], [25.34541, 37.00345], [25.37754, 37.03043], [25.43133, 37.0615], [25.49166, 37.0847], [25.51965, 37.09004], [25.54376, 37.08944]]], [[[24.26802, 37.15398], [24.30503, 37.15513], [24.33461, 37.14577], [24.35057, 37.12361], [24.34675, 37.08631], [24.3409, 37.07137], [24.32813, 37.05226], [24.31282, 37.04586], [24.2822, 37.05567], [24.24863, 37.07941], [24.23305, 37.08572], [24.21679, 37.08731], [24.18635, 37.07979], [24.17405, 37.08307], [24.1705, 37.08919], [24.17483, 37.10986], [24.19667, 37.12909], [24.22981, 37.14456], [24.26802, 37.15398]]], [[[26.42917, 37.17348], [26.42128, 37.18303], [26.35233, 37.22324], [26.34546, 37.23404], [26.35057, 37.24564], [26.38691, 37.26339], [26.41626, 37.26729], [26.44387, 37.26323], [26.46928, 37.25235], [26.50208, 37.22606], [26.52019, 37.20373], [26.54099, 37.16614], [26.55685, 37.1167], [26.56134, 37.08597], [26.55765, 37.0598], [26.55119, 37.05097], [26.54204, 37.04541], [26.52615, 37.04705], [26.49551, 37.07115], [26.47682, 37.07611], [26.45759, 37.07124], [26.43002, 37.05883], [26.41342, 37.0566], [26.39545, 37.06327], [26.3893, 37.07414], [26.3919, 37.08831], [26.42893, 37.15776], [26.42917, 37.17348]]], [[[24.70531, 37.23372], [24.75248, 37.21409], [24.79494, 37.18581], [24.80611, 37.17046], [24.80619, 37.15539], [24.78969, 37.13603], [24.76512, 37.12755], [24.73659, 37.12879], [24.70821, 37.13856], [24.68416, 37.15562], [24.66869, 37.17874], [24.66609, 37.20665], [24.68071, 37.23807], [24.70531, 37.23372]]], [[[24.95015, 37.23369], [24.94883, 37.23985], [24.95338, 37.25127], [24.97146, 37.27744], [25.01685, 37.32912], [25.05042, 37.36044], [25.06254, 37.36748], [25.06906, 37.36536], [25.07128, 37.32195], [25.07728, 37.31254], [25.09268, 37.31184], [25.12457, 37.33308], [25.14219, 37.34006], [25.14266, 37.32552], [25.13507, 37.29667], [25.10612, 37.23855], [25.09691, 37.2116], [25.09048, 37.1406], [25.07765, 37.07573], [25.06365, 37.05324], [25.05289, 37.04623], [25.03899, 37.04332], [25.01588, 37.05079], [24.97323, 37.08145], [24.95496, 37.10391], [24.95289, 37.11297], [24.95821, 37.12858], [25.00482, 37.18879], [25.01043, 37.20229], [25.00866, 37.21477], [24.99701, 37.22606], [24.98679, 37.22984], [24.95015, 37.23369]]], [[[24.26632, 37.4113], [24.27524, 37.40339], [24.27979, 37.39102], [24.27972, 37.37335], [24.26698, 37.32278], [24.16621, 37.24354], [24.14906, 37.23447], [24.13906, 37.23594], [24.1339, 37.24094], [24.13255, 37.24861], [24.14738, 37.29783], [24.15137, 37.32303], [24.12561, 37.34186], [24.11318, 37.35783], [24.1083, 37.37167], [24.11014, 37.38343], [24.11792, 37.39321], [24.13079, 37.40112], [24.16844, 37.41158], [24.23628, 37.41693], [24.26632, 37.4113]]], [[[23.58714, 37.37091], [23.57113, 37.35835], [23.5477, 37.34985], [23.52329, 37.34664], [23.50514, 37.34984], [23.50878, 37.3299], [23.49683, 37.32002], [23.37429, 37.30269], [23.37451, 37.30964], [23.46364, 37.35732], [23.48737, 37.36344], [23.53256, 37.36392], [23.55299, 37.37091], [23.58714, 37.37091]]], [[[23.9196, 37.48826], [23.93392, 37.4785], [23.94254, 37.46317], [23.92613, 37.46703], [23.91546, 37.48033], [23.89684, 37.49019], [23.89813, 37.49448], [23.9196, 37.48826]]], [[[24.49401, 37.39961], [24.49121, 37.41428], [24.49326, 37.42844], [24.49898, 37.44221], [24.53459, 37.49702], [24.5425, 37.51984], [24.54194, 37.54137], [24.5251, 37.59448], [24.52951, 37.61712], [24.53847, 37.62865], [24.55091, 37.63487], [24.582, 37.63608], [24.66093, 37.6234], [24.67185, 37.60998], [24.6779, 37.59015], [24.67877, 37.53725], [24.67363, 37.51533], [24.65742, 37.49022], [24.64764, 37.48332], [24.59669, 37.46348], [24.58087, 37.45399], [24.54062, 37.41929], [24.51903, 37.40515], [24.49401, 37.39961]]], [[[23.51157, 37.52904], [23.52563, 37.52801], [23.52563, 37.5218], [23.50635, 37.51285], [23.48121, 37.5096], [23.4559, 37.51252], [23.43631, 37.52179], [23.43629, 37.52802], [23.46461, 37.53376], [23.47543, 37.54084], [23.47732, 37.55588], [23.48178, 37.55645], [23.49204, 37.53913], [23.51157, 37.52904]]], [[[23.93866, 37.65708], [23.95971, 37.65139], [23.95971, 37.64282], [23.9411, 37.64217], [23.93557, 37.6459], [23.93866, 37.65708]]], [[[25.00105, 37.68478], [25.02225, 37.68101], [25.08485, 37.69402], [25.10108, 37.68634], [25.10566, 37.67618], [25.10408, 37.6649], [25.08824, 37.64072], [25.046, 37.5985], [24.98826, 37.60506], [24.88027, 37.64113], [24.84287, 37.65804], [24.81334, 37.67575], [24.79599, 37.69368], [24.79364, 37.70246], [24.79644, 37.71096], [24.80508, 37.71906], [24.82954, 37.72887], [24.85739, 37.73001], [24.88725, 37.72477], [25.00105, 37.68478]]], [[[25.7304, 37.72654], [25.78197, 37.74747], [25.84713, 37.76615], [25.91285, 37.77741], [25.96664, 37.77711], [25.97387, 37.77306], [25.97551, 37.76521], [25.97257, 37.75466], [25.95715, 37.72975], [25.92668, 37.69997], [25.89497, 37.68759], [25.80937, 37.66833], [25.7753, 37.65746], [25.75839, 37.64518], [25.72313, 37.61016], [25.70538, 37.59911], [25.67969, 37.59934], [25.63518, 37.61132], [25.69082, 37.68995], [25.71689, 37.71749], [25.7304, 37.72654]]], [[[23.56314, 37.76825], [23.54493, 37.74506], [23.54614, 37.73347], [23.53207, 37.72533], [23.52563, 37.69246], [23.48414, 37.67887], [23.45738, 37.69246], [23.45738, 37.69928], [23.469, 37.70502], [23.46827, 37.7145], [23.45932, 37.72333], [23.43443, 37.7336], [23.42704, 37.74802], [23.42564, 37.76821], [23.54615, 37.77439], [23.56314, 37.76825]]], [[[26.08664, 37.77127], [26.12016, 37.77508], [26.21261, 37.81266], [26.24795, 37.81767], [26.27953, 37.81324], [26.30894, 37.80192], [26.37618, 37.76125], [26.40097, 37.75008], [26.43409, 37.74496], [26.52239, 37.74234], [26.54886, 37.7344], [26.56066, 37.72223], [26.55736, 37.71401], [26.53459, 37.70506], [26.46636, 37.69931], [26.44071, 37.69374], [26.37752, 37.66458], [26.34904, 37.66079], [26.33389, 37.66319], [26.31125, 37.67333], [26.30544, 37.68228], [26.30235, 37.70149], [26.28447, 37.71615], [26.26617, 37.72124], [26.22244, 37.72095], [26.1368, 37.70509], [26.11618, 37.70422], [26.10013, 37.70715], [26.08842, 37.71335], [26.0808, 37.72221], [26.07692, 37.74536], [26.08664, 37.77127]]], [[[23.76351, 37.77597], [23.76335, 37.76399], [23.75385, 37.76517], [23.75549, 37.77516], [23.76351, 37.77597]]], [[[23.51823, 37.8986], [23.50131, 37.90607], [23.48145, 37.88972], [23.46705, 37.88423], [23.4214, 37.89298], [23.40212, 37.906], [23.40882, 37.92176], [23.42287, 37.933], [23.43949, 37.93959], [23.46852, 37.93203], [23.49204, 37.95628], [23.49773, 37.96686], [23.48561, 37.96625], [23.46046, 37.95255], [23.42208, 37.96004], [23.45737, 37.97362], [23.42945, 37.98794], [23.45151, 37.98826], [23.47047, 37.98046], [23.47486, 37.98941], [23.47048, 37.99408], [23.47821, 37.99884], [23.49529, 38.00184], [23.51824, 37.99908], [23.53686, 37.98802], [23.53273, 37.97508], [23.54712, 37.95888], [23.54615, 37.95254], [23.57347, 37.95254], [23.53932, 37.93952], [23.54345, 37.92886], [23.52174, 37.91397], [23.51823, 37.8986]]], [[[24.25416, 37.98164], [24.2396, 37.97774], [24.2287, 37.98282], [24.24305, 38.01309], [24.25437, 38.01993], [24.26319, 38.01877], [24.27544, 38.00934], [24.28296, 37.9984], [24.27783, 37.9851], [24.26498, 37.97847], [24.25416, 37.98164]]], [[[24.14875, 38.21322], [24.12625, 38.21748], [24.13113, 38.23582], [24.1631, 38.26781], [24.15349, 38.28132], [24.14552, 38.28091], [24.12843, 38.26781], [24.12574, 38.25609], [24.1094, 38.2563], [24.11476, 38.2753], [24.10094, 38.2753], [24.12159, 38.30948], [24.07944, 38.32538], [24.02546, 38.33052], [24.05974, 38.34125], [24.0669, 38.35102], [24.05904, 38.36029], [24.05942, 38.37767], [24.04225, 38.40152], [24.03891, 38.39542], [23.9808, 38.39887], [23.91236, 38.39204], [23.84376, 38.40567], [23.79371, 38.39851], [23.70997, 38.4125], [23.66334, 38.40421], [23.64918, 38.40567], [23.63852, 38.41551], [23.61443, 38.46088], [23.60743, 38.4538], [23.59401, 38.45344], [23.63575, 38.50092], [23.62812, 38.52236], [23.63551, 38.52237], [23.63551, 38.52855], [23.59995, 38.57136], [23.53976, 38.58235], [23.50534, 38.59727], [23.49773, 38.63101], [23.45315, 38.65803], [23.44597, 38.67674], [23.38161, 38.70727], [23.35336, 38.73139], [23.33767, 38.73896], [23.32301, 38.76252], [23.20232, 38.8299], [23.14356, 38.85065], [23.06911, 38.84659], [23.03639, 38.87446], [22.96941, 38.88911], [22.95639, 38.88544], [22.95639, 38.878], [22.9839, 38.87352], [22.99194, 38.86469], [22.99072, 38.85066], [22.98153, 38.84498], [22.85581, 38.83295], [22.83303, 38.82276], [22.83743, 38.85447], [22.87485, 38.8749], [22.90748, 38.88231], [22.95281, 38.90159], [22.98292, 38.90766], [23.03566, 38.92642], [23.04592, 38.94684], [23.08676, 38.95433], [23.09734, 38.97207], [23.09443, 38.98785], [23.10906, 38.99177], [23.12746, 39.0058], [23.13778, 39.0089], [23.19972, 39.00898], [23.27296, 39.03876], [23.29908, 39.04246], [23.32985, 39.02196], [23.37158, 39.01031], [23.38159, 39.00153], [23.37436, 38.98249], [23.38461, 38.96752], [23.40455, 38.95783], [23.42562, 38.95432], [23.45069, 38.87458], [23.48048, 38.83808], [23.52466, 38.82318], [23.56788, 38.79385], [23.59399, 38.78924], [23.59401, 38.77021], [23.60759, 38.77557], [23.61996, 38.76553], [23.66228, 38.75507], [23.6727, 38.76043], [23.68336, 38.75507], [23.70265, 38.76507], [23.72266, 38.76194], [23.73844, 38.74941], [23.75359, 38.71918], [23.813, 38.69367], [23.8576, 38.68252], [23.90634, 38.67932], [23.94776, 38.66942], [23.96656, 38.67011], [23.98423, 38.68621], [24.00571, 38.67805], [24.07309, 38.67938], [24.15537, 38.65277], [24.13494, 38.64387], [24.12623, 38.6352], [24.1211, 38.6081], [24.12648, 38.59858], [24.21607, 38.53953], [24.23144, 38.52237], [24.20655, 38.50682], [24.18816, 38.47411], [24.18434, 38.43964], [24.20393, 38.41868], [24.20395, 38.41272], [24.18507, 38.40762], [24.18816, 38.39883], [24.21077, 38.37767], [24.21485, 38.33641], [24.25244, 38.29238], [24.25261, 38.26557], [24.25781, 38.25898], [24.24513, 38.24116], [24.25245, 38.22797], [24.29225, 38.20018], [24.32699, 38.18593], [24.33758, 38.16283], [24.34441, 38.15925], [24.39258, 38.164], [24.42066, 38.14737], [24.47779, 38.13874], [24.49692, 38.1463], [24.58764, 38.15923], [24.57895, 38.10932], [24.57993, 38.08422], [24.59448, 38.0624], [24.56733, 37.98976], [24.58099, 37.99781], [24.61736, 38.00875], [24.65061, 38.00836], [24.67961, 37.99697], [24.70391, 37.9735], [24.75701, 37.99656], [24.77906, 38.00022], [24.7937, 37.99408], [24.74681, 37.90983], [24.73062, 37.88946], [24.74396, 37.85126], [24.76242, 37.83549], [24.82112, 37.80939], [24.82582, 37.80188], [24.82601, 37.78528], [24.81771, 37.77192], [24.80309, 37.76169], [24.76333, 37.75012], [24.72357, 37.74975], [24.70898, 37.75352], [24.65652, 37.78043], [24.63412, 37.80008], [24.60762, 37.84175], [24.59427, 37.87864], [24.58321, 37.89096], [24.57189, 37.89319], [24.49633, 37.88871], [24.4869, 37.89241], [24.48187, 37.89843], [24.48111, 37.90651], [24.49173, 37.92771], [24.54159, 37.97432], [24.50957, 37.96263], [24.47718, 37.96241], [24.47096, 37.98046], [24.44777, 38.01057], [24.4297, 38.02119], [24.40309, 38.01191], [24.3864, 37.99653], [24.4021, 37.98794], [24.4021, 37.98046], [24.38689, 37.97038], [24.37176, 37.97192], [24.33864, 37.99674], [24.31383, 38.02925], [24.31399, 38.0351], [24.327, 38.04255], [24.31479, 38.06489], [24.30568, 38.07176], [24.29226, 38.0699], [24.28631, 38.08625], [24.2693, 38.0954], [24.24871, 38.09687], [24.23146, 38.09033], [24.21507, 38.09559], [24.20396, 38.09034], [24.20477, 38.09682], [24.21078, 38.09781], [24.21078, 38.12446], [24.20281, 38.13007], [24.18605, 38.1274], [24.18297, 38.135], [24.21078, 38.166], [24.20875, 38.17862], [24.19403, 38.19213], [24.18531, 38.21796], [24.17429, 38.22546], [24.15699, 38.22956], [24.14259, 38.22696], [24.14875, 38.21322]]], [[[25.8695, 38.48628], [25.87723, 38.4191], [25.87543, 38.38269], [25.85833, 38.3295], [25.843, 38.3016], [25.81611, 38.26822], [25.79094, 38.24653], [25.76348, 38.23401], [25.74991, 38.23355], [25.73868, 38.23731], [25.72186, 38.24889], [25.7147, 38.26027], [25.71535, 38.27138], [25.72167, 38.2822], [25.75905, 38.32274], [25.76578, 38.34594], [25.76667, 38.39202], [25.76023, 38.42071], [25.74533, 38.44315], [25.73128, 38.45468], [25.65385, 38.50149], [25.62305, 38.52354], [25.61281, 38.54605], [25.60738, 38.58885], [25.78025, 38.57786], [25.8106, 38.57172], [25.8347, 38.56195], [25.85326, 38.5444], [25.8695, 38.48628]]], [[[24.23499, 38.84494], [24.28474, 38.84788], [24.32664, 38.83984], [24.34395, 38.8281], [24.35181, 38.81734], [24.36547, 38.78623], [24.38163, 38.774], [24.41078, 38.76464], [24.48049, 38.76314], [24.49332, 38.75774], [24.51216, 38.73843], [24.51544, 38.71912], [24.50759, 38.70095], [24.49185, 38.68571], [24.46073, 38.67204], [24.41203, 38.66972], [24.36046, 38.67966], [24.28357, 38.70634], [24.23515, 38.71955], [24.22236, 38.72637], [24.21814, 38.73199], [24.21663, 38.74301], [24.22007, 38.75931], [24.21715, 38.77026], [24.18125, 38.8043], [24.1757, 38.81241], [24.17498, 38.82028], [24.18082, 38.82791], [24.19491, 38.83529], [24.23499, 38.84494]]], [[[24.34264, 38.83406], [24.3551, 38.85041], [24.37251, 38.83846], [24.37174, 38.8337], [24.35775, 38.82752], [24.34264, 38.83406]]], [[[23.65806, 39.09773], [23.65847, 39.10431], [23.66897, 39.11093], [23.69114, 39.10548], [23.77055, 39.0994], [23.74122, 39.08028], [23.71681, 39.07723], [23.69256, 39.08894], [23.66603, 39.09277], [23.65806, 39.09773]]], [[[25.56726, 39.12338], [25.54921, 39.03965], [25.53938, 39.02752], [25.52383, 39.02481], [25.50068, 39.03442], [25.45666, 39.06486], [25.42101, 39.09881], [25.40738, 39.11697], [25.39061, 39.15542], [25.38829, 39.17563], [25.39099, 39.20582], [25.39777, 39.22264], [25.41066, 39.23535], [25.42, 39.23975], [25.48864, 39.24661], [25.50702, 39.25635], [25.51509, 39.27259], [25.52102, 39.32072], [25.52633, 39.32832], [25.53892, 39.33622], [25.55589, 39.34063], [25.59896, 39.34142], [25.69053, 39.33012], [25.79321, 39.32493], [25.85203, 39.3162], [25.87763, 39.30826], [25.89834, 39.29721], [25.91257, 39.28481], [25.92076, 39.27297], [25.92449, 39.26153], [25.92542, 39.21635], [25.94487, 39.17457], [25.95497, 39.16631], [25.98325, 39.15666], [26.02155, 39.12953], [26.04215, 39.10375], [26.05438, 39.06759], [26.07333, 39.03483], [26.09697, 39.01548], [26.14048, 38.99573], [26.16495, 38.97833], [26.17478, 38.96166], [26.17738, 38.94238], [26.17235, 38.92489], [26.16131, 38.90953], [26.14582, 38.89665], [26.10742, 38.87948], [26.0682, 38.8757], [26.04029, 38.88209], [26.01378, 38.89437], [25.93571, 38.94616], [25.90886, 38.96154], [25.88145, 38.97245], [25.85371, 38.97673], [25.83578, 38.97572], [25.77079, 38.96051], [25.73708, 38.95737], [25.71833, 38.95969], [25.68535, 38.96997], [25.66886, 38.98307], [25.66545, 38.99826], [25.67177, 39.01461], [25.68442, 39.03113], [25.72355, 39.07219], [25.73251, 39.10065], [25.72679, 39.1238], [25.70923, 39.14146], [25.68336, 39.15332], [25.65315, 39.15906], [25.6226, 39.15846], [25.5955, 39.15142], [25.57535, 39.13802], [25.56726, 39.12338]]], [[[23.3987, 39.16364], [23.42945, 39.17622], [23.44468, 39.19847], [23.47047, 39.2138], [23.48988, 39.20397], [23.49354, 39.19335], [23.51285, 39.17853], [23.50513, 39.15914], [23.48902, 39.16877], [23.47511, 39.15778], [23.46045, 39.13183], [23.4253, 39.14867], [23.39529, 39.14616], [23.3987, 39.16364]]], [[[23.75013, 39.17256], [23.74233, 39.18001], [23.74448, 39.20128], [23.7512, 39.21705], [23.76118, 39.22911], [23.78898, 39.24523], [23.84289, 39.26129], [23.87395, 39.27444], [23.91697, 39.32093], [23.93873, 39.33794], [23.95037, 39.3403], [23.96244, 39.33767], [23.97046, 39.33119], [23.97702, 39.31082], [23.97527, 39.28741], [23.97037, 39.26911], [23.96227, 39.25416], [23.95185, 39.24555], [23.9394, 39.24168], [23.87585, 39.24097], [23.85808, 39.23648], [23.78505, 39.18611], [23.76527, 39.17566], [23.75013, 39.17256]]], [[[24.86984, 39.62171], [24.85822, 39.6267], [24.82644, 39.65159], [24.81481, 39.65336], [24.80164, 39.64694], [24.78662, 39.62933], [24.76855, 39.56358], [24.76048, 39.55447], [24.74744, 39.54972], [24.72784, 39.55066], [24.71529, 39.55642], [24.70452, 39.58245], [24.69403, 39.59684], [24.65184, 39.61374], [24.63689, 39.62571], [24.63233, 39.67434], [24.59171, 39.73352], [24.58965, 39.74621], [24.59504, 39.75788], [24.61023, 39.76796], [24.62771, 39.7716], [24.67925, 39.76365], [24.6974, 39.76438], [24.76654, 39.78426], [24.82287, 39.77586], [24.84197, 39.77674], [24.86491, 39.78481], [24.93704, 39.82651], [24.91855, 39.8037], [24.92067, 39.74946], [24.91024, 39.73202], [24.90441, 39.71434], [24.9113, 39.66829], [24.90728, 39.64367], [24.89841, 39.63269], [24.88284, 39.62336], [24.86984, 39.62171]]], [[[25.12234, 40.20616], [25.10268, 40.2133], [25.07682, 40.23063], [25.01705, 40.28035], [25.08594, 40.32754], [25.1146, 40.34227], [25.12718, 40.34508], [25.16542, 40.34328], [25.20971, 40.33395], [25.24889, 40.3188], [25.2631, 40.30949], [25.27193, 40.29924], [25.27262, 40.29044], [25.26787, 40.27983], [25.23338, 40.24447], [25.19481, 40.2182], [25.15457, 40.20696], [25.12234, 40.20616]]], [[[23.91829, 40.33425], [23.92001, 40.3229], [23.94181, 40.31407], [23.9414, 40.31009], [23.88739, 40.32666], [23.88374, 40.33108], [23.88975, 40.33717], [23.90618, 40.34234], [23.91829, 40.33425]]], [[[25.57611, 40.51466], [25.6565, 40.49615], [25.67218, 40.48728], [25.68864, 40.475], [25.6975, 40.461], [25.69068, 40.4477], [25.69531, 40.43269], [25.68262, 40.42309], [25.58943, 40.39822], [25.56715, 40.3999], [25.53257, 40.41503], [25.46633, 40.45576], [25.44355, 40.48187], [25.46455, 40.48287], [25.54637, 40.51525], [25.57611, 40.51466]]], [[[24.78239, 40.62018], [24.78011, 40.61222], [24.75571, 40.61994], [24.74419, 40.60838], [24.68181, 40.59496], [24.64227, 40.57064], [24.615, 40.59858], [24.60077, 40.59859], [24.60076, 40.61221], [24.58676, 40.62202], [24.55258, 40.63036], [24.53078, 40.63094], [24.51679, 40.63911], [24.51203, 40.66705], [24.51834, 40.69269], [24.53339, 40.7182], [24.56667, 40.75556], [24.64226, 40.80393], [24.67457, 40.79169], [24.73169, 40.78351], [24.74383, 40.75935], [24.77517, 40.74889], [24.78637, 40.73506], [24.76547, 40.73432], [24.75929, 40.72337], [24.76661, 40.71149], [24.78638, 40.70782], [24.78638, 40.68794], [24.7693, 40.68342], [24.7658, 40.66966], [24.78239, 40.62018]]], [[[26.13027, 41.58268], [26.12107, 41.60821], [26.10671, 41.62428], [26.06692, 41.6355], [26.05503, 41.64875], [26.04748, 41.67462], [26.04811, 41.68908], [26.05369, 41.70151], [26.06051, 41.7073], [26.08149, 41.71151], [26.10836, 41.72789], [26.13513, 41.7334], [26.1899, 41.73469], [26.21182, 41.75048], [26.22618, 41.74968], [26.27393, 41.7149], [26.30012, 41.71069], [26.32912, 41.61437], [26.34718, 41.60467], [26.36704, 41.56682], [26.3655, 41.51871], [26.16438, 41.517], [26.16293, 41.50646], [26.16314, 41.52915], [26.15807, 41.54232], [26.15249, 41.54703], [26.1312, 41.55266], [26.13027, 41.58268]]], [[[33.80683, 35.67316], [33.74318, 35.6072], [33.7208, 35.58838], [33.69943, 35.57951], [33.62107, 35.55742], [33.59324, 35.53845], [33.56828, 35.51504], [33.55521, 35.49374], [33.54805, 35.46134], [33.54956, 35.44064], [33.5587, 35.42679], [33.58055, 35.41758], [33.72942, 35.38979], [33.7599, 35.37963], [33.77891, 35.36592], [33.7805, 35.35678], [33.78208, 35.34764], [33.76863, 35.32938], [33.7413, 35.31121], [33.65956, 35.27701], [33.49121, 35.22701], [33.44508, 35.21958], [33.33475, 35.21134], [33.29184, 35.19846], [33.27989, 35.18841], [33.2721, 35.1753], [33.25444, 35.09544], [33.24654, 35.08323], [33.23259, 35.0708], [33.19221, 35.04319], [33.03156, 34.95358], [32.88417, 34.8793], [32.84328, 34.86284], [32.69235, 34.8201], [32.64966, 34.79936], [32.60625, 34.77206], [32.58951, 34.75428], [32.58764, 34.7448], [32.61214, 34.6834], [32.61325, 34.67241], [32.60956, 34.66319], [32.58949, 34.65164], [32.54066, 34.64197], [32.49919, 34.64469], [32.48216, 34.65367], [32.46558, 34.66727], [32.39991, 34.73366], [32.38248, 34.7448], [32.36409, 34.7504], [32.3499, 34.7488], [32.33562, 34.74165], [32.26517, 34.67965], [32.24013, 34.67197], [32.2118, 34.67479], [32.14094, 34.69271], [32.01961, 34.7166], [31.95623, 34.73347], [31.92985, 34.74353], [31.90922, 34.75474], [31.8826, 34.78449], [31.86058, 34.82627], [31.82667, 34.90631], [31.77255, 34.98519], [31.75069, 35.02869], [31.74769, 35.04781], [31.75244, 35.06371], [31.76453, 35.07225], [31.78359, 35.07498], [31.80757, 35.07364], [31.88884, 35.06265], [31.91222, 35.0623], [31.93026, 35.06635], [31.94665, 35.07753], [31.96214, 35.09434], [32.02388, 35.17777], [32.04108, 35.19264], [32.05956, 35.20111], [32.08543, 35.20306], [32.1158, 35.19939], [32.22054, 35.17402], [32.28759, 35.16313], [32.31566, 35.16436], [32.34645, 35.17667], [32.39344, 35.21331], [32.42174, 35.25055], [32.42385, 35.26685], [32.42034, 35.28623], [32.39927, 35.35205], [32.39615, 35.37263], [32.39854, 35.39037], [32.40858, 35.40396], [32.42244, 35.40924], [32.46115, 35.40338], [32.5514, 35.37203], [32.56968, 35.3689], [32.609, 35.3689], [32.88641, 35.39512], [33.03579, 35.41797], [33.12139, 35.43636], [33.19425, 35.46366], [33.36426, 35.54402], [33.47223, 35.57178], [33.52518, 35.59372], [33.82029, 35.7374], [33.84636, 35.75239], [33.88882, 35.78795], [33.92105, 35.80596], [34.05221, 35.85544], [34.26385, 35.96519], [34.38641, 36.02471], [34.42434, 36.02703], [34.26822, 35.95196], [34.14939, 35.86701], [33.86496, 35.70883], [33.80683, 35.67316]]], [[[26.70283, 35.6692], [26.72295, 35.74326], [26.73675, 35.77132], [26.74392, 35.77459], [26.75373, 35.76903], [26.77729, 35.74019], [26.79926, 35.70226], [26.81133, 35.67248], [26.81482, 35.64227], [26.80264, 35.5284], [26.80654, 35.50171], [26.81865, 35.47584], [26.8417, 35.45089], [26.91188, 35.40855], [26.93413, 35.38754], [26.93975, 35.37526], [26.94071, 35.36396], [26.93296, 35.34314], [26.90422, 35.29916], [26.89147, 35.2419], [26.88134, 35.21675], [26.82467, 35.22682], [26.78222, 35.2415], [26.7474, 35.2609], [26.73583, 35.27189], [26.7273, 35.2866], [26.72462, 35.31689], [26.73495, 35.36373], [26.73475, 35.39542], [26.72463, 35.41358], [26.68615, 35.46518], [26.6852, 35.506], [26.69088, 35.58468], [26.70283, 35.6692]]], [[[28.07504, 36.39251], [28.09159, 36.37865], [28.09939, 36.36261], [28.09608, 36.34479], [28.08902, 36.33673], [28.03519, 36.31085], [28.00991, 36.29491], [27.99883, 36.27668], [27.99766, 36.25765], [27.9892, 36.24709], [27.97129, 36.23456], [27.90588, 36.20464], [27.87181, 36.18454], [27.84238, 36.16241], [27.81886, 36.13747], [27.80253, 36.10883], [27.80213, 36.09555], [27.84564, 36.00447], [27.84622, 35.98892], [27.83847, 35.97687], [27.82544, 35.97333], [27.80603, 35.97562], [27.70494, 36.00578], [27.68395, 36.00914], [27.66871, 36.00698], [27.6491, 35.99268], [27.63335, 35.97259], [27.58429, 35.86981], [27.56965, 35.84786], [27.55186, 35.83131], [27.52452, 35.81822], [27.49539, 35.81191], [27.46578, 35.8119], [27.43701, 35.8176], [27.41031, 35.82847], [27.38696, 35.84389], [27.36821, 35.86322], [27.35529, 35.8858], [27.35263, 35.90215], [27.3563, 35.91803], [27.39313, 35.97761], [27.39746, 35.99189], [27.39565, 36.00609], [27.38198, 36.02818], [27.37457, 36.03241], [27.34631, 36.03593], [27.27226, 36.06407], [27.26881, 36.06795], [27.2737, 36.08455], [27.29417, 36.11421], [27.31158, 36.12916], [27.35771, 36.15922], [27.58981, 36.28142], [27.66643, 36.31149], [27.70842, 36.32298], [27.76907, 36.33451], [27.80712, 36.34957], [27.83949, 36.35269], [27.89893, 36.39702], [27.93916, 36.41879], [27.99577, 36.41812], [28.05208, 36.40389], [28.07504, 36.39251]]], [[[47.86694, 43.99144], [47.86661, 43.98365], [47.76294, 43.92842], [47.74627, 43.92696], [47.68411, 43.93953], [47.68019, 43.9514], [47.65577, 43.94319], [47.64284, 43.94441], [47.6282, 43.96259], [47.63763, 43.98148], [47.66571, 43.99627], [47.78061, 43.99453], [47.83855, 44.00062], [47.86694, 43.99144]]], [[[47.51279, 44.42741], [47.46666, 44.45072], [47.46239, 44.45837], [47.47325, 44.48297], [47.49448, 44.49147], [47.51961, 44.48622], [47.53261, 44.45918], [47.53792, 44.43541], [47.53385, 44.42456], [47.51279, 44.42741]]], [[[48.02214, 45.17708], [47.9979, 45.17737], [47.9866, 45.18794], [47.98505, 45.22471], [47.99895, 45.22987], [48.03196, 45.21661], [48.04557, 45.19156], [48.02214, 45.17708]]], [[[47.95973, 45.62409], [47.99707, 45.52049], [47.99683, 45.44791], [47.98103, 45.45525], [47.95982, 45.47578], [47.92792, 45.53426], [47.9177, 45.57029], [47.91458, 45.62303], [47.9175, 45.63275], [47.93751, 45.63622], [47.95703, 45.65044], [47.96207, 45.6398], [47.95973, 45.62409]]], [[[48.54902, 45.76349], [48.55202, 45.77015], [48.57127, 45.76391], [48.59342, 45.73468], [48.59799, 45.71072], [48.58927, 45.66365], [48.57212, 45.65894], [48.56106, 45.68], [48.56332, 45.71695], [48.54902, 45.76349]]], [[[29.95827, 45.71635], [30.0757, 45.79242], [30.12592, 45.81143], [29.97145, 45.70905], [29.95827, 45.71635]]], [[[38.04615, 45.9536], [38.07797, 45.95208], [38.08082, 45.92963], [38.07301, 45.90876], [38.03314, 45.87345], [38.03146, 45.91455], [37.97342, 45.9663], [37.93618, 46.01499], [37.97186, 46.04002], [38.03785, 46.05654], [38.09107, 46.05999], [38.09748, 46.05781], [38.04705, 46.03856], [38.03248, 46.02521], [38.05486, 46.03266], [38.06623, 46.03254], [38.07397, 46.02521], [38.07226, 46.01374], [38.05144, 45.99262], [38.04184, 45.96109], [38.04615, 45.9536]]], [[[32.78321, 46.04633], [32.85206, 46.05629], [32.88168, 46.0554], [32.91359, 46.0388], [32.95485, 46.05173], [32.97868, 46.05328], [32.99936, 46.0353], [33.04509, 46.0379], [33.05745, 46.02521], [33.03974, 46.01219], [32.61942, 46.06001], [32.62993, 46.06613], [32.63933, 46.06], [32.78321, 46.04633]]], [[[31.61818, 46.25922], [32.07051, 46.18249], [32.16622, 46.14938], [32.10182, 46.16669], [31.73716, 46.22078], [31.58034, 46.26277], [31.54901, 46.28242], [31.522, 46.31322], [31.50514, 46.35469], [31.50442, 46.37334], [31.52197, 46.36847], [31.55437, 46.29633], [31.57797, 46.27558], [31.61818, 46.25922]]], [[[26.86581, 54.74358], [26.88448, 54.74677], [26.88669, 54.7542], [26.77061, 54.84263], [26.68396, 54.89108], [26.59364, 55.12007], [26.60094, 55.12082], [26.61634, 55.1354], [26.6275, 55.16444], [26.63391, 55.19219], [26.64114, 55.20283], [26.68569, 55.23162], [26.70109, 55.23684], [26.76558, 55.24671], [26.78966, 55.2572], [26.80072, 55.27332], [27.19631, 55.21704], [27.37919, 55.27727], [27.47795, 55.3194], [27.52974, 55.35179], [27.57043, 55.39302], [27.59397, 55.43745], [27.61542, 55.55793], [27.56877, 55.79253], [27.59271, 55.79424], [27.61013, 55.83096], [27.61716, 55.87855], [27.64501, 55.92284], [27.74443, 55.95974], [27.77699, 55.9924], [27.78123, 56.01638], [27.81255, 56.03451], [27.88065, 56.06387], [27.91145, 56.10025], [27.92706, 56.10937], [27.75553, 56.3118], [27.76675, 56.32808], [28.16715, 56.36987], [28.16426, 56.39281], [28.16787, 56.42712], [28.16426, 56.43795], [28.10452, 56.48306], [28.09646, 56.49195], [28.09325, 56.50159], [28.09925, 56.5134], [28.12524, 56.52714], [28.13222, 56.53598], [28.12612, 56.54776], [28.10865, 56.55518], [28.02866, 56.57675], [28.01098, 56.58756], [27.99744, 56.60383], [27.99217, 56.62499], [27.99134, 56.66998], [27.98101, 56.68701], [27.88262, 56.72548], [27.86546, 56.74269], [27.87611, 56.75943], [27.9189, 56.80589], [27.91352, 56.82015], [27.83084, 56.86428], [27.7864, 56.87126], [27.74407, 56.8648], [27.66119, 56.83927], [27.62837, 56.84415], [27.64873, 56.87927], [27.71513, 56.9574], [27.72335, 56.9988], [27.75074, 57.04236], [27.74547, 57.06799], [27.69607, 57.08546], [27.68222, 57.1037], [27.70098, 57.11879], [27.79404, 57.14339], [27.82433, 57.15907], [27.83394, 57.18049], [27.84117, 57.21121], [27.84613, 57.26731], [27.8403, 57.29064], [27.82774, 57.30495], [27.80913, 57.31394], [27.70795, 57.34813], [27.64082, 57.389], [27.53628, 57.41569], [27.51132, 57.4304], [27.51484, 57.44789], [27.52564, 57.46838], [27.5228, 57.49202], [27.52817, 57.52848], [27.44932, 57.52811], [27.57176, 57.59876], [27.73003, 57.62217], [27.79093, 57.70348], [28.15064, 57.71748], [28.16408, 57.72203], [28.00665, 58.0147], [28.07846, 58.20262], [28.50119, 58.53962], [28.84261, 58.62636], [29.22545, 58.84773], [29.6202, 58.90777], [29.62325, 58.91624], [29.56581, 59.00536], [29.65338, 59.04367], [29.71469, 59.08456], [29.72569, 59.11612], [29.7254, 59.19245], [29.73314, 59.20952], [29.76255, 59.23021], [29.84704, 59.24464], [29.91022, 59.24834], [29.95616, 59.24582], [29.9737, 59.23294], [29.97458, 59.19017], [29.98533, 59.17647], [30.01984, 59.16861], [30.09173, 59.1644], [30.13686, 59.16701], [30.17062, 59.17751], [30.244, 59.25159], [30.29419, 59.27555], [30.34059, 59.2891], [30.39088, 59.28529], [30.42995, 59.27728], [30.59852, 59.2344], [30.63909, 59.22795], [30.71018, 59.22732], [30.82632, 59.24813], [30.95748, 59.28712], [30.96778, 59.29897], [30.95955, 59.33743], [30.99135, 59.35045], [31.1347, 59.38202], [31.23623, 59.39191], [31.45732, 59.37498], [31.69918, 59.34371], [31.85703, 59.31946], [32.08521, 59.26443], [32.13616, 59.25862], [32.191, 59.25725], [32.22065, 59.26203], [32.30337, 59.29961], [32.37331, 59.3478], [32.38125, 59.36872], [32.36523, 59.3771], [32.18611, 59.37107], [32.13637, 59.37577], [32.12144, 59.38838], [32.11512, 59.40539], [32.11873, 59.46846], [32.11134, 59.50436], [32.09381, 59.51797], [32.03413, 59.53264], [31.89474, 59.54586], [31.7619, 59.55079], [31.60805, 59.52651], [31.42395, 59.52591], [31.24116, 59.534], [31.15538, 59.54703], [31.11735, 59.57164], [31.08105, 59.64684], [31.05507, 59.67434], [31.01363, 59.68708], [30.89092, 59.70842], [30.84583, 59.72252], [30.8287, 59.71935], [30.77279, 59.67256], [30.68434, 59.62141], [30.60202, 59.58688], [30.48965, 59.55062], [30.3669, 59.52577], [30.23634, 59.51282], [30.10891, 59.51229], [30.04239, 59.52522], [29.94377, 59.54864], [29.69413, 59.62214], [29.59036, 59.66995], [29.54534, 59.69781], [29.47348, 59.75877], [29.4266, 59.82556], [29.40666, 59.89562], [29.4198, 59.97862], [29.8042, 59.94008], [29.8628, 59.91796], [30.115, 59.87055], [30.16196, 59.86848], [30.19256, 59.8806], [30.21632, 59.90721], [30.22429, 59.93325], [30.20682, 59.94355], [30.21845, 59.95815], [30.2461, 59.97492], [30.23463, 59.99136], [30.20997, 60.00112], [30.00083, 60.01196], [29.94827, 60.0297], [29.93238, 60.06647], [29.92323, 60.06702], [29.89768, 60.08783], [29.89091, 60.10122], [29.89967, 60.13361], [29.88461, 60.1496], [29.84897, 60.16694], [29.70476, 60.19967], [30.1358, 60.34759], [30.26476, 60.37538], [30.41419, 60.39054], [30.51224, 60.32479], [30.60162, 60.29996], [30.73218, 60.24802], [30.82052, 60.19651], [30.85975, 60.16549], [30.87713, 60.16218], [31.08439, 60.22751], [31.2482, 60.22568], [31.41794, 60.32854], [32.10132, 60.50529], [32.53107, 60.68945], [32.78082, 60.75121], [33.06691, 60.89222], [33.60883, 61.09694], [34.12844, 61.28901], [34.64719, 61.49173], [35.17243, 61.6926], [35.54972, 61.94062], [35.83491, 62.08828], [35.77764, 62.19295], [35.62588, 62.29729], [35.61616, 62.40233], [35.33375, 62.56124], [34.99714, 62.65432], [34.71824, 62.87101], [34.59622, 62.98058], [34.96599, 63.04572], [35.19409, 63.18499], [35.44938, 63.28619], [35.54474, 63.51673], [35.53792, 63.52342], [35.14432, 63.67754], [35.21482, 63.87791], [35.39509, 63.92597], [35.40158, 63.93244], [35.39459, 63.94911], [35.37247, 63.95192], [35.27927, 63.93411], [35.22627, 63.93843], [35.01334, 63.97051], [34.87421, 64.00581], [34.75292, 64.05229], [34.67761, 64.0928], [34.51218, 64.14133], [34.45276, 64.16342], [34.34053, 64.21612], [34.24861, 64.27052], [34.17111, 64.29989], [34.20234, 64.37575], [34.30685, 64.52753], [34.3724, 64.59576], [34.37935, 64.65514], [34.41596, 64.72239], [34.48232, 64.78525], [34.6458, 64.88591], [34.71254, 64.97963], [34.74439, 64.97719], [34.77833, 64.96678], [34.84132, 64.91861], [34.87279, 64.91754], [34.88006, 64.88422], [34.90886, 64.86567], [34.94204, 64.85756], [34.91279, 64.82639], [34.87238, 64.80232], [34.75701, 64.77436], [34.81202, 64.75385], [34.81398, 64.75876], [34.8823, 64.75653], [34.949, 64.77057], [34.97529, 64.77049], [35.009, 64.74319], [34.97034, 64.72761], [34.85485, 64.7144], [34.83229, 64.69794], [34.91283, 64.66242], [34.9361, 64.63664], [34.97338, 64.62498], [34.97756, 64.61192], [34.92947, 64.59151], [34.88675, 64.5815], [34.84654, 64.55993], [34.80541, 64.55586], [34.75799, 64.56025], [34.74334, 64.55585], [34.7732, 64.5563], [34.78443, 64.54841], [34.84946, 64.52798], [34.91163, 64.52813], [34.92734, 64.52465], [34.97097, 64.50445], [35.00894, 64.4939], [34.99736, 64.47191], [34.95558, 64.45222], [35.01399, 64.42332], [35.12108, 64.40159], [35.16147, 64.38028], [35.28004, 64.3766], [35.30729, 64.37221], [35.32152, 64.36188], [35.30568, 64.34296], [35.33055, 64.32868], [35.32854, 64.31413], [35.34875, 64.29607], [35.4105, 64.28676], [35.46618, 64.30589], [35.53595, 64.32143], [35.58907, 64.32231], [35.61816, 64.34043], [35.56571, 64.40631], [35.58253, 64.41127], [35.63865, 64.38366], [35.72543, 64.35944], [35.81079, 64.34202], [35.8601, 64.32233], [35.89484, 64.29584], [35.88787, 64.26789], [35.90073, 64.2565], [35.94937, 64.23993], [35.97674, 64.19896], [36.00603, 64.19326], [36.05979, 64.21812], [36.12156, 64.19455], [36.18677, 64.15399], [36.22719, 64.1362], [36.23522, 64.12482], [36.20997, 64.10342], [36.22214, 64.0753], [36.25905, 64.06442], [36.28441, 64.04621], [36.26466, 64.02424], [36.29217, 64.00971], [36.42009, 63.99566], [36.47983, 63.97248], [36.55827, 63.97304], [36.57797, 63.96904], [36.63769, 63.95257], [36.68426, 63.92829], [36.70346, 63.92463], [36.76832, 63.94012], [36.79174, 63.93834], [36.83774, 63.91429], [36.85743, 63.91096], [36.93629, 63.93206], [37.0114, 63.89737], [37.16998, 63.89499], [37.19417, 63.8908], [37.21337, 63.88027], [37.2461, 63.84736], [37.29103, 63.81818], [37.43781, 63.79228], [37.53436, 63.80086], [37.60842, 63.81559], [37.61899, 63.84094], [37.61055, 63.85716], [37.61437, 63.88116], [37.65702, 63.89849], [37.7194, 63.90551], [37.82856, 63.90199], [37.94366, 63.9402], [37.98463, 63.94575], [38.07374, 64.0174], [38.08806, 64.0349], [38.08578, 64.05903], [38.04566, 64.14834], [38.00506, 64.17853], [37.91426, 64.22041], [37.90205, 64.23993], [37.92305, 64.25775], [38.00538, 64.27538], [38.02622, 64.29523], [38.02019, 64.30854], [38.00294, 64.31696], [37.95022, 64.3254], [37.9089, 64.34297], [37.91725, 64.35261], [37.95672, 64.36408], [37.8322, 64.35851], [37.79687, 64.37718], [37.80649, 64.42487], [37.74903, 64.44171], [37.68706, 64.43087], [37.65535, 64.41181], [37.6516, 64.38716], [37.62988, 64.37703], [37.5149, 64.38654], [37.47316, 64.38182], [37.38494, 64.36005], [37.33943, 64.34045], [37.12152, 64.39475], [36.83501, 64.59276], [36.74412, 64.68105], [36.69526, 64.70788], [36.6441, 64.71894], [36.55978, 64.71743], [36.54034, 64.75253], [36.51649, 64.76903], [36.52809, 64.79173], [36.50427, 64.83583], [36.55537, 64.82413], [36.57252, 64.82958], [36.49455, 64.85123], [36.47297, 64.86561], [36.43998, 64.91706], [36.46654, 64.93409], [36.53717, 64.92812], [36.5686, 64.90245], [36.63102, 64.90416], [36.65536, 64.92794], [36.69526, 64.93932], [36.80744, 64.95905], [36.81415, 64.97572], [36.80277, 64.99357], [36.86736, 65.076], [36.86378, 65.1131], [36.81795, 65.13134], [36.82003, 65.14713], [36.90013, 65.1509], [37.00821, 65.17293], [37.12897, 65.15729], [37.32448, 65.1137], [37.39854, 65.10197], [37.5651, 65.04801], [37.67264, 65.03565], [37.70607, 65.01718], [37.71536, 64.99808], [37.70431, 64.97722], [37.71832, 64.9588], [37.7946, 64.92062], [38.04643, 64.85367], [38.1443, 64.84403], [38.3579, 64.8524], [38.38499, 64.84462], [38.36818, 64.80915], [38.40297, 64.77437], [38.3651, 64.78084], [38.32879, 64.7967], [38.29412, 64.80394], [38.26147, 64.78491], [38.24464, 64.78121], [38.16277, 64.78864], [38.06658, 64.78119], [38.03631, 64.76191], [38.04542, 64.74372], [38.12571, 64.69595], [38.10767, 64.67861], [38.03989, 64.65827], [38.04811, 64.64594], [38.06251, 64.64374], [38.16277, 64.67194], [38.16687, 64.70421], [38.18638, 64.7232], [38.24122, 64.7259], [38.27467, 64.73233], [38.33905, 64.75836], [38.37566, 64.7613], [38.44044, 64.74291], [38.4725, 64.74348], [38.49171, 64.76752], [38.42555, 64.79344], [38.41606, 64.80228], [38.41873, 64.81854], [38.44752, 64.81789], [38.51169, 64.78775], [38.73778, 64.74792], [38.87279, 64.74118], [38.92166, 64.73283], [39.14216, 64.66222], [39.24866, 64.64535], [39.30306, 64.64621], [39.33036, 64.63982], [39.34175, 64.62254], [39.44424, 64.58163], [39.56652, 64.54527], [39.7361, 64.55549], [39.75978, 64.56208], [39.74687, 64.57615], [39.76628, 64.58124], [39.8213, 64.58633], [39.8423, 64.59414], [39.9004, 64.60346], [39.9236, 64.60301], [39.90284, 64.62442], [39.86329, 64.61864], [39.78641, 64.59687], [39.81009, 64.65953], [39.82134, 64.67195], [39.85035, 64.67597], [39.88933, 64.66991], [40.06274, 64.62188], [40.11061, 64.60114], [40.18165, 64.55866], [40.2142, 64.55557], [40.35906, 64.56208], [40.40113, 64.55052], [40.47999, 64.53962], [40.5171, 64.54145], [40.53321, 64.55899], [40.52849, 64.57795], [40.47245, 64.63642], [40.44142, 64.69941], [40.41489, 64.7215], [40.4109, 64.7368], [40.41483, 64.75511], [40.45144, 64.76812], [40.47624, 64.76926], [40.50066, 64.76459], [40.52019, 64.75385], [40.51734, 64.77411], [40.43688, 64.80915], [40.3659, 64.93879], [40.2974, 64.98355], [40.27312, 65.02143], [40.24138, 65.03677], [40.13593, 65.06233], [40.11431, 65.07453], [39.87224, 65.27692], [39.78065, 65.3227], [39.72064, 65.38051], [39.71093, 65.46946], [39.7491, 65.55185], [39.82693, 65.60699], [39.97976, 65.65614], [40.06658, 65.66812], [40.2798, 65.72997], [40.47169, 65.81281], [40.63588, 65.9323], [40.70979, 65.97213], [40.79592, 65.99167], [40.9314, 66.00151], [40.98623, 65.98029], [41.08788, 65.92794], [41.12995, 65.89851], [41.19174, 65.83662], [41.21211, 65.80355], [41.23304, 65.70332], [41.21134, 65.62615], [41.09298, 65.56261], [40.90089, 65.48048], [40.75022, 65.4287], [40.74265, 65.42118], [40.7744, 65.38421], [41.05845, 65.29074], [41.15011, 65.25042], [41.19597, 65.20722], [41.23052, 65.14865], [41.17558, 65.09465], [41.17331, 65.08174], [41.20501, 65.07177], [41.32812, 65.06061], [41.33722, 65.05519], [41.33258, 65.03515], [41.3072, 65.01049], [41.23516, 64.97016], [41.19613, 64.96573], [41.0933, 64.96665], [41.07437, 64.95763], [41.08546, 64.94971], [41.18931, 64.93218], [41.29499, 64.90574], [41.32585, 64.8659], [41.34362, 64.829], [41.35441, 64.77205], [41.35425, 64.73673], [41.3314, 64.6689], [41.35886, 64.59403], [41.3585, 64.52466], [41.32733, 64.45655], [41.28398, 64.40624], [41.20882, 64.34449], [41.16065, 64.31592], [41.04866, 64.26647], [40.98383, 64.24515], [40.84429, 64.21185], [40.73267, 64.19204], [40.74717, 64.15643], [40.68132, 64.10403], [40.66953, 64.08735], [40.68382, 64.0598], [40.74324, 63.99239], [40.75185, 63.96308], [40.72747, 63.94366], [40.63153, 63.89936], [40.61262, 63.88154], [40.63267, 63.87218], [40.73761, 63.86623], [40.75716, 63.85799], [40.72969, 63.84491], [40.61995, 63.8239], [40.58635, 63.81121], [40.58349, 63.79168], [40.61934, 63.74298], [40.6192, 63.72263], [40.57714, 63.69909], [40.44791, 63.64831], [40.42529, 63.63585], [40.41975, 63.62538], [40.43718, 63.61886], [40.53661, 63.62322], [40.57131, 63.6199], [40.57955, 63.6019], [40.56528, 63.55221], [40.5687, 63.53567], [40.58422, 63.53072], [40.65518, 63.53286], [40.67478, 63.5295], [40.67898, 63.51086], [40.66414, 63.46059], [40.67021, 63.44605], [40.70663, 63.43843], [40.81076, 63.4415], [40.84689, 63.43749], [40.85775, 63.42192], [40.85548, 63.37687], [40.86755, 63.36985], [40.90704, 63.37379], [40.94616, 63.38506], [41.14873, 63.45794], [41.18306, 63.46262], [41.2101, 63.4611], [41.28995, 63.4351], [41.35229, 63.39832], [41.37693, 63.37645], [41.40947, 63.29283], [41.42782, 63.26961], [41.44819, 63.26615], [41.52897, 63.281], [41.5829, 63.25203], [41.64062, 63.20237], [41.6485, 63.18875], [41.60979, 63.15816], [41.58275, 63.09023], [41.58609, 63.06665], [41.5996, 63.05635], [41.6273, 63.04841], [41.71207, 63.03703], [41.86427, 63.02479], [41.94207, 63.01367], [41.95569, 63.00382], [41.97203, 62.96642], [42.02, 62.95408], [42.20869, 62.93756], [42.37742, 62.92845], [42.47873, 62.91483], [42.50451, 62.89718], [42.54663, 62.83654], [42.56583, 62.82861], [42.62875, 62.82283], [42.7557, 62.82541], [42.8691, 62.8376], [42.90006, 62.84973], [42.95284, 62.88847], [42.98152, 62.90125], [43.04789, 62.90957], [43.21255, 62.91841], [43.27807, 62.92686], [43.40983, 62.96823], [43.47343, 62.99578], [43.51466, 63.02228], [43.52549, 63.06405], [43.49453, 63.14737], [43.43626, 63.20493], [43.43047, 63.22535], [43.45292, 63.24459], [43.56877, 63.30599], [43.58829, 63.34585], [43.5718, 63.3612], [43.47162, 63.38297], [43.44889, 63.3938], [43.45485, 63.41226], [43.5013, 63.46115], [43.50202, 63.47498], [43.48806, 63.48073], [43.4116, 63.47695], [43.35327, 63.46482], [43.31862, 63.44782], [43.25076, 63.40069], [43.20708, 63.38336], [43.13524, 63.40252], [43.00087, 63.37661], [42.9635, 63.3749], [42.86226, 63.40092], [42.76457, 63.44094], [42.72303, 63.46693], [42.696, 63.49473], [42.52928, 63.74632], [42.41194, 63.78585], [42.35984, 63.8543], [42.33249, 63.90861], [42.33542, 63.95815], [42.35527, 63.9778], [42.38864, 63.98947], [42.4375, 63.9957], [42.69027, 64.00048], [42.74249, 64.00518], [42.78069, 64.01435], [42.80908, 64.03119], [42.82699, 64.05341], [42.86134, 64.16047], [42.89715, 64.20131], [42.94251, 64.21275], [43.04384, 64.2161], [43.10759, 64.21294], [43.26912, 64.18473], [43.68489, 64.08567], [43.72732, 64.06855], [43.73357, 64.06078], [43.72052, 64.00102], [43.7275, 63.98216], [43.84308, 63.9209], [43.95615, 63.87929], [44.02129, 63.8668], [44.2449, 63.86615], [44.28431, 63.86439], [44.32183, 63.85702], [44.31211, 63.82736], [44.28306, 63.81059], [44.19297, 63.80043], [43.97293, 63.7884], [43.9272, 63.78159], [43.89229, 63.77103], [43.87253, 63.74745], [43.88046, 63.7153], [43.90998, 63.68454], [43.94829, 63.6687], [43.97289, 63.6679], [43.99878, 63.67297], [44.16398, 63.72891], [44.20767, 63.72905], [44.30952, 63.71977], [44.35172, 63.7235], [44.36514, 63.73752], [44.36026, 63.78094], [44.37603, 63.79037], [44.50116, 63.78398], [44.71879, 63.75737], [44.89149, 63.72236], [44.99339, 63.68068], [45.20699, 63.5644], [45.30995, 63.52301], [45.35956, 63.51748], [45.42806, 63.51814], [45.55461, 63.53227], [45.59457, 63.54917], [45.66961, 63.59981], [45.70902, 63.612], [45.73463, 63.61165], [45.81426, 63.59218], [45.90076, 63.55567], [45.96869, 63.49957], [45.99602, 63.48573], [46.03128, 63.48117], [46.16532, 63.48011], [46.26413, 63.45795], [46.29946, 63.45621], [46.31924, 63.47172], [46.32315, 63.48957], [46.30375, 63.59355], [46.39913, 63.69488], [46.41769, 63.72496], [46.41969, 63.8056], [46.40123, 63.89612], [46.37215, 63.94937], [46.25725, 63.97786], [46.22972, 63.9982], [46.1253, 64.14078], [46.03532, 64.23938], [46.00379, 64.2973], [46.02216, 64.35819], [46.08653, 64.44833], [46.13892, 64.48924], [46.23361, 64.53633], [47.18634, 64.32533], [48.12487, 64.10861], [49.46425, 63.78977], [50.87511, 63.44248], [51.95686, 63.16771], [53.25378, 62.82787], [54.43157, 62.50968], [55.92105, 62.0942], [57.00089, 61.78352], [58.1887, 61.43286], [59.33055, 61.08682], [60.74059, 60.64729], [61.87545, 60.28351], [63.17454, 59.85477], [64.39564, 59.44083], [65.2776, 59.134], [65.86613, 58.92502], [65.14322, 58.59596], [64.40909, 58.25074], [63.31773, 57.72053], [62.65863, 57.39233], [61.77503, 56.93952], [61.14414, 56.60829], [60.19717, 56.0985], [59.40336, 55.65708], [58.86959, 55.35131], [58.32253, 55.03022], [57.63266, 54.61674], [57.03918, 54.25232], [56.51834, 53.92438], [55.98553, 53.5808], [55.4416, 53.22137], [54.907, 52.85933], [54.5169, 52.58952], [54.11258, 52.30476], [53.73248, 52.03219], [53.31985, 51.73086], [53.34634, 51.50303], [53.30737, 51.49384], [53.23223, 51.50068], [53.21415, 51.49477], [53.20495, 51.49722], [53.19048, 51.51249], [53.16578, 51.51456], [53.15327, 51.51267], [53.14862, 51.50476], [53.1572, 51.48701], [53.0371, 51.48973], [52.99886, 51.48019], [52.95979, 51.45585], [52.94429, 51.45288], [52.90336, 51.465], [52.8828, 51.46714], [52.89654, 51.48528], [52.87629, 51.49009], [52.82068, 51.48701], [52.77976, 51.50812], [52.76466, 51.50526], [52.75257, 51.49048], [52.74554, 51.48701], [52.70948, 51.48208], [52.67981, 51.459], [52.66855, 51.45513], [52.64587, 51.21859], [52.04138, 50.74388], [51.43224, 50.25174], [50.98093, 49.86862], [50.53698, 49.48361], [49.91077, 48.91255], [49.60584, 48.62162], [49.1714, 48.19626], [48.67611, 47.68237], [48.69188, 47.61815], [48.5103, 47.41744], [48.52508, 47.41023], [48.53583, 47.39349], [48.54616, 47.36944], [48.69726, 47.10098], [49.00629, 46.76911], [48.9481, 46.71994], [48.91689, 46.70258], [48.76403, 46.68284], [48.73954, 46.69056], [48.71266, 46.72878], [48.69726, 46.74508], [48.67659, 46.75803], [48.6182, 46.77043], [48.5567, 46.76175], [48.50575, 46.7326], [48.47909, 46.68346], [48.45511, 46.6608], [48.49345, 46.65348], [48.53004, 46.63819], [48.53924, 46.62796], [48.54689, 46.59928], [48.56301, 46.59132], [48.53939, 46.56796], [48.57324, 46.55827], [48.66522, 46.55718], [48.70502, 46.55044], [48.73292, 46.53403], [48.75855, 46.51313], [48.81964, 46.47926], [48.89705, 46.48218], [48.91798, 46.47432], [48.95988, 46.44525], [49.02524, 46.40926], [48.8423, 46.2234], [48.86484, 46.19204], [48.88154, 46.15581], [48.88696, 46.10783], [48.85328, 46.14102], [48.8392, 46.14936], [48.8318, 46.14191], [48.85084, 46.12531], [48.86801, 46.0998], [48.87418, 46.0782], [48.85963, 46.07365], [48.84295, 46.08731], [48.81853, 46.1247], [48.79135, 46.12824], [48.81984, 46.10346], [48.82765, 46.08771], [48.82552, 46.0668], [48.81787, 46.05623], [48.80845, 46.05664], [48.80113, 46.0645], [48.78175, 46.09667], [48.74724, 46.1188], [48.71412, 46.12958], [48.70199, 46.11523], [48.68556, 46.12238], [48.67856, 46.12031], [48.66782, 46.10782], [48.66419, 46.08978], [48.62696, 46.08731], [48.68848, 46.06679], [48.729, 46.01997], [48.70996, 45.99699], [48.67172, 45.98412], [48.64731, 45.97061], [48.65138, 45.96052], [48.6548, 45.95694], [48.67799, 45.96906], [48.69907, 45.97259], [48.74024, 45.9706], [48.75219, 45.96556], [48.75483, 45.95392], [48.74106, 45.923], [48.74244, 45.91413], [48.75716, 45.90228], [48.7566, 45.88793], [48.79132, 45.84092], [48.76547, 45.8522], [48.74366, 45.8409], [48.72145, 45.83832], [48.71469, 45.83169], [48.7163, 45.81357], [48.69518, 45.82804], [48.68671, 45.84858], [48.69143, 45.8688], [48.71013, 45.88182], [48.69264, 45.88076], [48.67976, 45.88522], [48.64942, 45.9051], [48.63039, 45.90974], [48.62013, 45.92963], [48.59376, 45.9582], [48.57342, 45.97114], [48.55494, 45.96747], [48.52223, 45.9536], [48.50953, 45.94063], [48.46559, 45.94017], [48.43474, 45.91551], [48.39355, 45.86816], [48.3794, 45.87641], [48.36492, 45.87621], [48.35694, 45.86937], [48.3628, 45.85761], [48.40723, 45.85186], [48.4139, 45.84414], [48.39942, 45.83541], [48.30486, 45.84089], [48.28875, 45.83735], [48.27717, 45.78621], [48.24991, 45.77205], [48.22088, 45.7652], [48.22283, 45.75153], [48.24202, 45.72476], [48.24283, 45.70993], [48.17986, 45.73969], [48.1478, 45.74335], [48.13355, 45.72421], [48.09164, 45.74901], [48.07887, 45.75153], [48.06381, 45.746], [48.04468, 45.72798], [48.01922, 45.71845], [48.00749, 45.70053], [47.969, 45.73164], [47.93043, 45.72175], [47.89698, 45.69381], [47.87582, 45.7226], [47.85914, 45.72419], [47.84889, 45.71723], [47.84546, 45.67984], [47.83473, 45.65986], [47.8353, 45.6496], [47.85229, 45.64227], [47.83854, 45.62202], [47.81821, 45.60811], [47.77713, 45.65234], [47.7649, 45.6822], [47.75172, 45.69086], [47.72137, 45.69686], [47.70493, 45.70991], [47.69255, 45.70361], [47.66522, 45.70751], [47.65285, 45.72016], [47.64373, 45.74091], [47.61948, 45.75894], [47.58041, 45.7709], [47.56007, 45.77155], [47.55128, 45.76203], [47.55535, 45.7436], [47.59228, 45.74461], [47.60475, 45.71882], [47.62614, 45.70905], [47.62581, 45.67183], [47.60808, 45.66747], [47.61263, 45.65526], [47.60874, 45.63882], [47.62371, 45.63068], [47.66112, 45.62177], [47.64552, 45.59219], [47.6443, 45.57909], [47.65364, 45.55908], [47.62811, 45.559], [47.6152, 45.57004], [47.58595, 45.6258], [47.5407, 45.66584], [47.52906, 45.67048], [47.48243, 45.66893], [47.45623, 45.68773], [47.43263, 45.69448], [47.43604, 45.70302], [47.45509, 45.71735], [47.50343, 45.71735], [47.4808, 45.73054], [47.42531, 45.73482], [47.4087, 45.75141], [47.38478, 45.75019], [47.3794, 45.74091], [47.38315, 45.73395], [47.41064, 45.7136], [47.41407, 45.69066], [47.42774, 45.67642], [47.44825, 45.67642], [47.46876, 45.65526], [47.53484, 45.64387], [47.55124, 45.62803], [47.54819, 45.6208], [47.5721, 45.5667], [47.56771, 45.55362], [47.5423, 45.53707], [47.52377, 45.54938], [47.5088, 45.57111], [47.50961, 45.5939], [47.49431, 45.58515], [47.49318, 45.57197], [47.50017, 45.55769], [47.53823, 45.5065], [47.50148, 45.48046], [47.49674, 45.43001], [47.47738, 45.42244], [47.41912, 45.42666], [47.39356, 45.42255], [47.38136, 45.41104], [47.39536, 45.40493], [47.45886, 45.39882], [47.46012, 45.39082], [47.44824, 45.37475], [47.42774, 45.36734], [47.38404, 45.29946], [47.37939, 45.20283], [47.37024, 45.18582], [47.35646, 45.18526], [47.31446, 45.1966], [47.29713, 45.18744], [47.26132, 45.08522], [47.22788, 45.03339], [47.20117, 44.97005], [47.18068, 44.97671], [47.16578, 44.96699], [47.146, 44.92913], [47.12672, 44.95026], [47.1115, 44.95848], [47.09881, 44.95637], [47.11165, 44.86958], [47.08448, 44.81753], [47.07828, 44.78511], [47.07147, 44.78511], [47.02361, 44.84296], [47.00318, 44.92158], [46.98894, 44.91543], [46.9839, 44.89338], [47.01001, 44.83009], [46.96159, 44.76522], [46.94337, 44.77497], [46.92384, 44.77204], [46.86793, 44.74047], [46.8313, 44.69637], [46.79168, 44.70604], [46.74626, 44.65405], [46.72202, 44.65534], [46.70777, 44.56973], [46.72314, 44.54947], [46.71826, 44.54549], [46.69467, 44.54304], [46.68458, 44.53791], [46.68043, 44.52847], [46.70094, 44.44619], [46.71127, 44.43183], [46.75896, 44.40058], [46.7732, 44.39468], [46.8519, 44.3976], [47.02564, 44.3596], [47.04419, 44.34625], [47.05531, 44.3279], [47.0783, 44.26435], [47.12224, 44.22272], [47.16676, 44.20332], [47.18002, 44.20287], [47.22169, 44.23077], [47.24593, 44.21198], [47.28989, 44.093], [47.31609, 44.05805], [47.3579, 44.02057], [47.38689, 43.95649], [47.42334, 43.90794], [47.43263, 43.87617], [47.45524, 43.87091], [47.46191, 43.8603], [47.44142, 43.81928], [47.46827, 43.82611], [47.48275, 43.82489], [47.50276, 43.78099], [47.50341, 43.77091], [47.49565, 43.76499], [47.45851, 43.75446], [47.44459, 43.73847], [47.43393, 43.71625], [47.45507, 43.68895], [47.45093, 43.68188], [47.42775, 43.66844], [47.39356, 43.60641], [47.37322, 43.62067], [47.36573, 43.62067], [47.37989, 43.55972], [47.40494, 43.54376], [47.40431, 43.51138], [47.42433, 43.50397], [47.4485, 43.51813], [47.46534, 43.55215], [47.47781, 43.64374], [47.50734, 43.68574], [47.50276, 43.71523], [47.53386, 43.77595], [47.54459, 43.86539], [47.55471, 43.87762], [47.59572, 43.90118], [47.65284, 43.89666], [47.67798, 43.88861], [47.70149, 43.8745], [47.64381, 43.8299], [47.60157, 43.76569], [47.54379, 43.62751], [47.51969, 43.52001], [47.4909, 43.46284], [47.48219, 43.42178], [47.48325, 43.37971], [47.49563, 43.34911], [47.40319, 43.30428], [47.3136, 43.27884], [47.219, 43.26665], [47.12298, 43.26816], [47.07498, 43.27416], [46.9977, 43.2921], [46.99611, 43.31164], [46.94186, 43.39045], [46.93358, 43.39517], [46.92245, 43.3929], [46.82593, 43.3108], [46.23946, 42.83516], [45.9857, 42.62396], [45.73962, 42.47147], [45.73641, 42.44754], [45.62138, 42.22448], [45.6314, 42.20117], [45.37717, 42.06865], [45.1445, 41.83935], [44.84719, 41.52956], [44.82227, 41.49982], [44.82071, 41.27335], [44.80128, 41.25852], [44.80954, 41.24441], [44.84706, 41.23077], [44.85771, 41.21935], [44.84778, 41.20891], [44.82153, 41.20622], [44.67493, 41.20849], [44.63312, 41.22105], [44.61286, 41.22312], [44.59137, 41.21578], [44.56625, 41.18694], [44.55152, 41.17702], [44.53101, 41.18147], [44.51664, 41.20684], [44.50589, 41.20658], [44.47923, 41.18581], [44.45494, 41.18048], [44.43246, 41.18167], [44.4106, 41.18772], [44.35727, 41.21216], [44.34492, 41.21325], [44.33309, 41.21035], [44.30849, 41.19382], [44.28498, 41.19087], [44.26648, 41.1962], [44.21811, 41.22157], [44.19098, 41.23004], [44.18033, 41.22994], [44.16845, 41.22358], [44.16007, 41.1979], [44.14436, 41.18607], [44.12473, 41.17806], [44.10364, 41.17516], [44.06127, 41.18415], [44.04132, 41.18255], [44.00112, 41.16886], [43.95585, 41.16049], [43.89775, 41.15956], [43.89866, 41.39086], [43.92485, 41.45537], [43.93888, 41.51037], [43.93933, 41.56205], [43.92824, 41.60581], [43.90916, 41.65026], [43.85151, 41.73647], [43.77606, 41.81167], [43.73316, 41.84379], [43.6906, 41.86929], [43.64953, 41.8867], [43.44071, 41.95096], [43.39468, 41.97349], [43.35811, 42.00163], [43.33377, 42.0371], [43.3287, 42.05756], [43.34069, 42.14636], [43.33488, 42.18747], [43.3205, 42.20736], [43.29069, 42.22935], [43.25684, 42.24174], [43.21928, 42.24533], [43.18265, 42.242], [43.04084, 42.2147], [43.00597, 42.21661], [42.89421, 42.23727], [42.85946, 42.23915], [42.82709, 42.23344], [42.80106, 42.21857], [42.77929, 42.1891], [42.73688, 42.02677], [42.71963, 41.99905], [42.6939, 41.9764], [42.65683, 41.96002], [42.61962, 41.95398], [42.57912, 41.95498], [42.49385, 41.97103], [42.3684, 42.00444], [42.24868, 42.02321], [42.17159, 41.94932], [42.09932, 41.90483], [42.05849, 41.88642], [41.97235, 41.85948], [41.92625, 41.8507], [41.83355, 41.84359], [41.77395, 41.84651], [41.77394, 41.90693], [41.75571, 42.00642], [41.68491, 42.09894], [41.66408, 42.11396], [41.64918, 42.21223], [41.5962, 42.34943], [41.55487, 42.38984], [41.50017, 42.64057], [41.48276, 42.68024], [41.45737, 42.71369], [41.43941, 42.72795], [41.52162, 42.76258], [41.61126, 42.78755], [41.70472, 42.7989], [41.80987, 42.79531], [41.82104, 42.80106], [41.83715, 42.89707], [41.82677, 42.94778], [41.8147, 42.97135], [41.82032, 43.20124], [41.7889, 43.20357], [41.72379, 43.21723], [41.68741, 43.2202], [41.61413, 43.21302], [41.57754, 43.2153], [41.55057, 43.22628], [41.50613, 43.25979], [41.47977, 43.27124], [41.42758, 43.2832], [41.41311, 43.29129], [41.38066, 43.33477], [41.35027, 43.34335], [41.27875, 43.3332], [41.24392, 43.3442], [41.21312, 43.36278], [41.18077, 43.37469], [41.14667, 43.37986], [41.04249, 43.36983], [41.01179, 43.37542], [40.87495, 43.45564], [40.84271, 43.46939], [40.74018, 43.49528], [40.68106, 43.52807], [40.65192, 43.53897], [40.61554, 43.53585], [40.55084, 43.51125], [40.51962, 43.50517], [40.47983, 43.50874], [40.23313, 43.57576], [40.1643, 43.57584], [40.11063, 43.56536], [40.03063, 43.79162], [40.0054, 43.82351], [39.95178, 43.86144], [39.86142, 43.90654], [39.68332, 43.97673], [39.66929, 43.97411], [39.62275, 43.92075], [39.55685, 43.86938], [39.47812, 43.82795], [39.42423, 43.80843], [39.39137, 43.84536], [39.32936, 43.89623], [39.11669, 44.02332], [39.08816, 44.04524], [39.06121, 44.07612], [39.04477, 44.08812], [39.02273, 44.09302], [39.01158, 44.10029], [38.97828, 44.14826], [38.93735, 44.16352], [38.87349, 44.17354], [38.85544, 44.18471], [38.75831, 44.27363], [38.69689, 44.29231], [38.59506, 44.33194], [38.30983, 44.36617], [38.28842, 44.38516], [38.21706, 44.38731], [38.17775, 44.406], [38.10808, 44.49706], [38.06302, 44.52406], [38.05616, 44.55899], [38.04493, 44.56118], [38.01189, 44.55233], [37.98456, 44.56428], [37.92808, 44.60595], [37.92263, 44.61376], [37.93621, 44.63426], [37.87485, 44.6894], [37.77849, 44.7298], [37.79054, 44.70588], [37.82242, 44.66816], [37.82015, 44.6479], [37.80005, 44.63525], [37.7693, 44.6324], [37.73624, 44.63575], [37.63185, 44.66901], [37.60108, 44.6684], [37.57716, 44.65535], [37.50896, 44.67528], [37.49844, 44.66852], [37.47829, 44.6772], [37.43653, 44.71678], [37.38601, 44.73677], [37.37112, 44.74788], [37.31788, 44.84618], [37.29251, 44.86763], [37.29251, 44.87506], [37.31129, 44.89086], [37.306, 44.90965], [37.28712, 44.92817], [37.1919, 44.99103], [37.13466, 45.00419], [37.10572, 45.02021], [37.06838, 45.03035], [37.03468, 45.04776], [36.94997, 45.06563], [36.8401, 45.10936], [36.79908, 45.11469], [36.74123, 45.10318], [36.70168, 45.10384], [36.64138, 45.12837], [36.59296, 45.16495], [36.57811, 45.1873], [36.57734, 45.19416], [36.5862, 45.20282], [36.70672, 45.20283], [36.72967, 45.20629], [36.78542, 45.23069], [36.84083, 45.23286], [36.85451, 45.24224], [36.87517, 45.2458], [36.93523, 45.26801], [36.96168, 45.28295], [36.97039, 45.30305], [36.96616, 45.31159], [36.94728, 45.32022], [36.94281, 45.31634], [36.78883, 45.29219], [36.76662, 45.31952], [36.75808, 45.35423], [36.77572, 45.3648], [36.8025, 45.31269], [36.81218, 45.31639], [36.8122, 45.34739], [36.8475, 45.36107], [36.8475, 45.36734], [36.80622, 45.37067], [36.78159, 45.38764], [36.74757, 45.38154], [36.72779, 45.37177], [36.68799, 45.3315], [36.66815, 45.32637], [36.66663, 45.3406], [36.7051, 45.39101], [36.83326, 45.44301], [36.84767, 45.43407], [36.89527, 45.42999], [37.06666, 45.35383], [37.13151, 45.34055], [37.1394, 45.33551], [37.11378, 45.31269], [37.10693, 45.27168], [37.07146, 45.26582], [37.06593, 45.26146], [37.07106, 45.24331], [37.07838, 45.23896], [37.11248, 45.23932], [37.16912, 45.25116], [37.2365, 45.25532], [37.25441, 45.27691], [37.31918, 45.27167], [37.30275, 45.28632], [37.27426, 45.29414], [37.17368, 45.30013], [37.16229, 45.30647], [37.15302, 45.32046], [37.15895, 45.32607], [37.34766, 45.32769], [37.37044, 45.3222], [37.38136, 45.30646], [37.39382, 45.31732], [37.43141, 45.32233], [37.51928, 45.36927], [37.50473, 45.33381], [37.54266, 45.34739], [37.58399, 45.34055], [37.60083, 45.33136], [37.60792, 45.31269], [37.58912, 45.30313], [37.56674, 45.29963], [37.59107, 45.28937], [37.60955, 45.29682], [37.6351, 45.33378], [37.65162, 45.31269], [37.71022, 45.30028], [37.72926, 45.30166], [37.73829, 45.3107], [37.6999, 45.33918], [37.7064, 45.35126], [37.72047, 45.357], [37.73756, 45.37474], [37.74773, 45.39399], [37.75807, 45.39521], [37.75807, 45.40204], [37.71707, 45.389], [37.72348, 45.41462], [37.70771, 45.43692], [37.70291, 45.45725], [37.74439, 45.44302], [37.74439, 45.45043], [37.68606, 45.48404], [37.70265, 45.54316], [37.69972, 45.56281], [37.64943, 45.58495], [37.64275, 45.6035], [37.6351, 45.6081], [37.62306, 45.60139], [37.6233, 45.58588], [37.6364, 45.57099], [37.66245, 45.56656], [37.66243, 45.55908], [37.6351, 45.55288], [37.65502, 45.50821], [37.65308, 45.50439], [37.64194, 45.50446], [37.64078, 45.45596], [37.61914, 45.41841], [37.60798, 45.41597], [37.58628, 45.43268], [37.59425, 45.47712], [37.5874, 45.60037], [37.60142, 45.6529], [37.60793, 45.66274], [37.62647, 45.66827], [37.63476, 45.66071], [37.6311, 45.649], [37.61459, 45.64228], [37.64193, 45.63544], [37.67091, 45.60969], [37.67888, 45.61078], [37.68232, 45.62799], [37.70289, 45.62177], [37.70069, 45.63467], [37.67605, 45.64912], [37.66685, 45.66901], [37.72811, 45.70381], [37.8444, 45.65514], [37.93102, 45.59857], [38.05069, 45.55795], [38.06026, 45.55878], [38.19733, 45.62022], [38.19843, 45.63141], [38.13689, 45.67859], [38.08452, 45.73804], [38.04482, 45.81873], [38.06031, 45.82661], [38.0469, 45.84089], [38.04983, 45.85488], [38.07399, 45.88182], [38.0975, 45.95074], [38.1211, 45.97134], [38.1312, 45.99006], [38.13894, 46.03009], [38.16277, 46.06], [38.16214, 46.10195], [38.1675, 46.1205], [38.24849, 46.1415], [38.2717, 46.13576], [38.31959, 46.09345], [38.35449, 46.08245], [38.40919, 46.04633], [38.44581, 46.03425], [38.48178, 46.03266], [38.52589, 46.03879], [38.54998, 46.0312], [38.55991, 46.03266], [38.5735, 46.0642], [38.57602, 46.08735], [38.57081, 46.10468], [38.55681, 46.11518], [38.30007, 46.21866], [38.28534, 46.23213], [38.27125, 46.27416], [38.21707, 46.30591], [38.1229, 46.37751], [38.08766, 46.39643], [38.06788, 46.40144], [37.98064, 46.40034], [37.97495, 46.39427], [37.97779, 46.38215], [38.0187, 46.36848], [37.99537, 46.35445], [37.97097, 46.36181], [37.90505, 46.41104], [37.86297, 46.45478], [37.82733, 46.47651], [37.75514, 46.64594], [37.73074, 46.66267], [37.73074, 46.67011], [37.73536, 46.66962], [37.73783, 46.67622], [37.85222, 46.6225], [37.8816, 46.62913], [37.92465, 46.61555], [37.98227, 46.6175], [38.03679, 46.62946], [38.07032, 46.64594], [38.1037, 46.67597], [38.12331, 46.68646], [38.21388, 46.69619], [38.27174, 46.73235], [38.31365, 46.67634], [38.46225, 46.64696], [38.57545, 46.6538], [38.59164, 46.65925], [38.59816, 46.67792], [38.58578, 46.69587], [38.56674, 46.70995], [38.51344, 46.73249], [38.47055, 46.74348], [38.42799, 46.74486], [38.38933, 46.73159], [38.37819, 46.70818], [38.36819, 46.75544], [38.403, 46.77998], [38.40297, 46.82074], [38.41474, 46.83331], [38.45747, 46.85738], [38.47462, 46.86187], [38.55307, 46.84829], [38.60906, 46.85968], [38.69093, 46.86384], [38.76629, 46.88678], [38.80372, 46.89354], [38.86574, 46.94293], [38.93735, 46.94746], [38.99138, 46.97797], [39.03632, 47.01365], [39.06023, 47.02172], [39.07521, 47.03265], [39.09741, 47.02903], [39.10499, 47.01679], [39.11492, 47.01276], [39.12672, 47.01382], [39.15309, 47.02634], [39.26189, 47.00861], [39.28004, 47.01276], [39.2894, 47.02729], [39.30356, 47.0847], [39.32505, 47.09877], [39.36785, 47.10615], [39.38868, 47.11518], [39.35467, 47.13105], [39.32936, 47.12836], [39.28007, 47.08786], [39.26492, 47.09663], [39.26199, 47.10761], [39.2732, 47.13565], [39.25458, 47.14013], [39.24921, 47.14814], [39.25259, 47.18013], [39.25605, 47.18976], [39.27296, 47.1918], [39.28004, 47.19709], [39.28159, 47.20527], [39.28004, 47.23526], [39.26401, 47.26081], [39.18605, 47.26875], [39.15651, 47.27969], [39.13884, 47.27343], [39.08814, 47.28644], [39.01343, 47.25447], [38.97682, 47.2569], [38.94459, 47.25275], [38.93051, 47.22162], [38.93774, 47.18977], [38.93164, 47.18501], [38.88657, 47.18146], [38.84742, 47.16357], [38.77223, 47.16356], [38.64496, 47.13773], [38.55307, 47.13565], [38.56803, 47.12201], [38.56803, 47.11519], [38.51743, 47.11905], [38.49294, 47.12809], [38.47822, 47.1423], [38.49439, 47.14899], [38.50961, 47.17162], [38.53102, 47.18232], [38.55991, 47.21821], [38.59262, 47.22968], [38.77564, 47.24551], [38.80779, 47.26264], [38.82114, 47.27631], [38.82065, 47.28644], [38.8104, 47.28783], [38.78289, 47.2591], [38.59457, 47.24128], [38.5534, 47.2298], [38.51905, 47.21076], [38.5005, 47.18159], [38.46266, 47.16181], [38.44897, 47.14029], [38.42821, 47.13363], [38.26539, 47.1188], [38.22413, 47.10834], [38.1963, 47.0895], [38.14225, 47.03767], [38.10811, 47.02637], [38.13038, 47.05842], [38.13006, 47.07465], [38.10435, 47.08162], [38.07154, 47.0998], [38.02621, 47.08162], [37.96209, 47.09593], [37.95045, 47.09127], [37.8611, 47.10151], [37.75326, 47.07527], [37.71066, 47.07417], [37.58074, 47.0904], [37.5464, 47.08161], [37.48292, 47.03596], [37.37794, 46.93391], [37.3352, 46.88248], [37.31302, 46.87557], [37.31739, 46.90082], [37.29542, 46.92023], [37.26075, 46.93269], [37.22706, 46.937], [37.20818, 46.93358], [37.16228, 46.90909], [37.02882, 46.87556], [36.9846, 46.85238], [36.93881, 46.8395], [36.88623, 46.80403], [36.85369, 46.80048], [36.86246, 46.77692], [36.8296, 46.73188], [36.81214, 46.68039], [36.7937, 46.65364], [36.76929, 46.63741], [36.74384, 46.64217], [36.74384, 46.64959], [36.77166, 46.64346], [36.79029, 46.67129], [36.8025, 46.72476], [36.75807, 46.75886], [36.69606, 46.77998], [36.67921, 46.77303], [36.63396, 46.77997], [36.61704, 46.77668], [36.59001, 46.75887], [36.5241, 46.75886], [36.48267, 46.74169], [36.43246, 46.73485], [36.40016, 46.72394], [36.3711, 46.70844], [36.30348, 46.65925], [36.28435, 46.63642], [36.27832, 46.60742], [36.27086, 46.60742], [36.26759, 46.62556], [36.2479, 46.61904], [36.24578, 46.61085], [36.24075, 46.61994], [36.24431, 46.63532], [36.23065, 46.64216], [36.21665, 46.65868], [36.18946, 46.66901], [36.13445, 46.66268], [36.06202, 46.67011], [35.92589, 46.65233], [35.90162, 46.65274], [35.77117, 46.60126], [35.74195, 46.58442], [35.66156, 46.51948], [35.62866, 46.49849], [35.49147, 46.44798], [35.44527, 46.40585], [35.38014, 46.36848], [35.28465, 46.25938], [35.26352, 46.24226], [35.20969, 46.17014], [35.18445, 46.14527], [35.16179, 46.12825], [35.1211, 46.11848], [35.09652, 46.1042], [35.06227, 46.09862], [34.99972, 46.0737], [34.98212, 46.07783], [34.98538, 46.08747], [35.01711, 46.11277], [35.05193, 46.12824], [35.04446, 46.14191], [35.14894, 46.16413], [35.20045, 46.18301], [35.29136, 46.29336], [35.32781, 46.31924], [35.34213, 46.33576], [35.34604, 46.36103], [35.31153, 46.33764], [35.29176, 46.33642], [35.2676, 46.35107], [35.25861, 46.3736], [35.26451, 46.3998], [35.28452, 46.4374], [35.25051, 46.44356], [35.21457, 46.46267], [35.19142, 46.49429], [35.18832, 46.51244], [35.16668, 46.49315], [35.174, 46.47333], [35.20198, 46.44049], [35.2137, 46.41181], [35.20947, 46.39643], [35.20149, 46.38533], [35.16782, 46.36103], [35.10812, 46.29752], [35.07503, 46.27107], [35.03076, 46.25179], [34.92653, 46.23506], [34.91388, 46.2383], [34.9048, 46.25568], [34.89357, 46.25178], [34.88216, 46.22175], [34.83888, 46.20767], [34.81764, 46.18622], [34.81129, 46.16625], [34.81912, 46.1417], [34.82423, 46.07795], [34.83862, 46.04734], [34.87436, 45.92609], [34.9052, 45.88831], [34.95818, 45.78954], [35.04444, 45.67007], [35.3322, 45.37124], [35.48072, 45.2978], [35.51783, 45.29548], [35.695, 45.33039], [35.71599, 45.34056], [35.74334, 45.36107], [35.75295, 45.38641], [35.76743, 45.38898], [35.78842, 45.40746], [35.80398, 45.44916], [35.81716, 45.46405], [35.83327, 45.47088], [35.85766, 45.46942], [35.86002, 45.45954], [35.84693, 45.42626], [35.85401, 45.41401], [35.94662, 45.37214], [35.98601, 45.36274], [36.02231, 45.36811], [36.05177, 45.39521], [36.06887, 45.42999], [36.11794, 45.45709], [36.13746, 45.46205], [36.25245, 45.46149], [36.28403, 45.47662], [36.29997, 45.47333], [36.30737, 45.46092], [36.29884, 45.44302], [36.3117, 45.44351], [36.34051, 45.45725], [36.41179, 45.43623], [36.47055, 45.44577], [36.49025, 45.44306], [36.53297, 45.40892], [36.5486, 45.4123], [36.56667, 45.42519], [36.58354, 45.42729], [36.61353, 45.40888], [36.63822, 45.35107], [36.63086, 45.34057], [36.58655, 45.33382], [36.54518, 45.3474], [36.52182, 45.34992], [36.50245, 45.34687], [36.48927, 45.33633], [36.48439, 45.31639], [36.49723, 45.30073], [36.49056, 45.29219], [36.45037, 45.28535], [36.43727, 45.27204], [36.41798, 45.22993], [36.40886, 45.14948], [36.41481, 45.12836], [36.45532, 45.09162], [36.45336, 45.07649], [36.44011, 45.06746], [36.36785, 45.04879], [36.26775, 45.04369], [36.25782, 45.03897], [36.24431, 45.01098], [36.22462, 45.00752], [36.136, 45.02144], [36.07911, 45.04637], [36.07911, 45.03898], [36.04786, 45.04877], [36.0254, 45.0329], [35.99341, 44.998], [35.91684, 45.00141], [35.84799, 44.99243], [35.82782, 44.99922], [35.813, 45.03164], [35.78321, 45.05752], [35.70639, 45.09467], [35.63404, 45.11469], [35.59059, 45.11986], [35.54737, 45.1197], [35.5062, 45.11351], [35.46957, 45.10102], [35.40805, 45.06249], [35.39731, 45.03506], [35.40065, 45.02464], [35.43538, 45.01097], [35.43538, 45.00483], [35.42213, 45.00045], [35.38942, 45.00194], [35.37403, 44.99799], [35.36215, 44.98656], [35.36718, 44.94337], [35.31935, 44.97004], [35.29819, 44.95638], [35.2732, 44.96699], [35.25603, 44.95869], [35.23315, 44.92569], [35.21509, 44.91438], [35.15431, 44.90111], [35.12973, 44.8686], [35.10839, 44.82494], [35.08081, 44.79378], [35.03762, 44.79878], [35.00571, 44.83519], [34.95249, 44.84154], [34.93019, 44.83613], [34.90788, 44.82051], [34.89023, 44.81814], [34.85719, 44.82372], [34.82651, 44.81185], [34.75701, 44.8205], [34.72096, 44.81098], [34.65064, 44.7773], [34.61335, 44.7653], [34.53321, 44.75292], [34.50001, 44.74262], [34.47527, 44.72363], [34.47332, 44.73029], [34.46901, 44.7298], [34.41432, 44.67377], [34.38022, 44.63133], [34.3313, 44.54549], [34.27101, 44.54548], [34.24292, 44.50748], [34.22982, 44.49991], [34.18247, 44.49283], [34.13625, 44.44184], [34.10254, 44.42513], [34.06577, 44.41962], [33.95785, 44.38301], [33.91489, 44.38379], [33.85206, 44.40152], [33.80733, 44.39469], [33.72069, 44.39973], [33.64537, 44.42513], [33.63191, 44.43416], [33.62013, 44.46223], [33.57838, 44.49706], [33.51759, 44.49056], [33.48715, 44.51032], [33.37966, 44.56453], [33.37244, 44.5763], [33.37113, 44.58842], [33.37501, 44.5854], [33.40545, 44.59024], [33.43589, 44.60528], [33.47739, 44.60664], [33.50001, 44.61391], [33.55112, 44.61465], [33.57154, 44.62055], [33.52516, 44.62885], [33.5163, 44.63427], [33.51483, 44.64911], [33.5442, 44.68268], [33.54835, 44.69868], [33.52516, 44.77241], [33.5163, 44.7851], [33.52768, 44.7932], [33.54596, 44.83668], [33.55939, 44.84958], [33.59832, 44.85932], [33.60922, 44.87173], [33.61988, 44.90864], [33.61964, 44.93146], [33.60564, 44.98745], [33.58513, 45.01867], [33.56251, 45.09394], [33.53745, 45.11738], [33.46909, 45.14884], [33.41342, 45.18452], [33.3965, 45.18977], [33.35515, 45.18574], [33.25962, 45.15609], [33.24008, 45.17963], [33.17338, 45.19675], [33.1233, 45.23786], [33.09849, 45.24812], [33.07862, 45.27167], [33.04323, 45.28535], [32.9406, 45.34251], [32.89926, 45.35423], [32.75017, 45.36335], [32.72853, 45.36107], [32.66276, 45.32014], [32.59149, 45.32015], [32.53541, 45.33804], [32.51288, 45.34057], [32.48163, 45.40888], [32.49514, 45.43553], [32.52497, 45.45802], [32.64357, 45.52167], [32.70485, 45.53107], [32.73471, 45.5454], [32.75783, 45.56463], [32.77332, 45.56651], [32.81398, 45.55907], [32.82789, 45.5624], [32.82701, 45.59552], [32.86845, 45.6302], [32.93678, 45.6625], [33.17612, 45.74311], [33.181, 45.75519], [33.15921, 45.7685], [33.16067, 45.77879], [33.1692, 45.7844], [33.19483, 45.76512], [33.23015, 45.75092], [33.26539, 45.75381], [33.33815, 45.78563], [33.37428, 45.79654], [33.41001, 45.8266], [33.4819, 45.85439], [33.50766, 45.84296], [33.53012, 45.84186], [33.55421, 45.84707], [33.57839, 45.86814], [33.61988, 45.88181], [33.6419, 45.87587], [33.65895, 45.85932], [33.69166, 45.86075], [33.69355, 45.91448], [33.70867, 45.90974], [33.77703, 45.92963], [33.73959, 45.94782], [33.68246, 45.95844], [33.65724, 45.95694], [33.63201, 45.94442], [33.6199, 45.95075], [33.64682, 45.97972], [33.63202, 45.98827], [33.63113, 45.99653], [33.64356, 46.01496], [33.62796, 46.06781], [33.64845, 46.09003], [33.64357, 46.10468], [33.61346, 46.14521], [33.59653, 46.15575], [33.57154, 46.14936], [33.53248, 46.12153], [33.53126, 46.10688], [33.55786, 46.09471], [33.55786, 46.08732], [33.50563, 46.08027], [33.49578, 46.06786], [33.51626, 46.04634], [33.48553, 46.05317], [33.42384, 46.0533], [33.38429, 46.08759], [33.35776, 46.10383], [33.33107, 46.10749], [33.3108, 46.08732], [33.30584, 46.09235], [33.29032, 46.09472], [33.31772, 46.1197], [33.31568, 46.13101], [33.29347, 46.13569], [33.21463, 46.12825], [33.22535, 46.15412], [33.23512, 46.22382], [33.21192, 46.20628], [33.17505, 46.15315], [33.12289, 46.1359], [33.10329, 46.13838], [33.02345, 46.16987], [33.03247, 46.14102], [33.01823, 46.12768], [32.89955, 46.11522], [32.88266, 46.12067], [32.84482, 46.12138], [32.78981, 46.13434], [32.76629, 46.13569], [32.71404, 46.12007], [32.58823, 46.1044], [32.54371, 46.08048], [32.50343, 46.07613], [32.30285, 46.11662], [32.28053, 46.12759], [32.26248, 46.12825], [32.24197, 46.17666], [32.26092, 46.18862], [32.2693, 46.20458], [32.23927, 46.19526], [32.21315, 46.19307], [32.12868, 46.20971], [32.11542, 46.21455], [32.07789, 46.2495], [32.05014, 46.26606], [32.01781, 46.25761], [31.96844, 46.27571], [31.88575, 46.32001], [31.88989, 46.28384], [31.88233, 46.27913], [31.81919, 46.2806], [31.78591, 46.2924], [31.77249, 46.30269], [31.76736, 46.31818], [31.77997, 46.33177], [31.79982, 46.34222], [31.83741, 46.34954], [31.89259, 46.34113], [31.96827, 46.35106], [32.02964, 46.38897], [32.06186, 46.39378], [32.05356, 46.40599], [32.00782, 46.44896], [31.99171, 46.45356], [31.9546, 46.451], [31.91066, 46.45589], [31.74855, 46.49994], [31.72641, 46.50088], [31.7107, 46.49543], [31.69028, 46.47858], [31.68652, 46.42993], [31.66359, 46.47211], [31.64121, 46.48225], [31.52468, 46.56402], [31.50835, 46.58756], [31.58155, 46.54523], [31.75636, 46.55426], [31.79021, 46.54726], [31.86183, 46.51927], [31.94711, 46.51926], [32.03346, 46.50629], [32.11197, 46.51239], [32.22152, 46.49542], [32.27613, 46.47089], [32.31756, 46.46434], [32.36101, 46.46686], [32.39967, 46.47834], [32.42701, 46.49885], [32.40839, 46.51728], [32.43574, 46.54315], [32.52475, 46.59271], [32.57097, 46.59642], [32.58839, 46.60431], [32.6338, 46.63312], [32.64552, 46.6496], [32.56739, 46.61849], [32.54371, 46.62173], [32.40902, 46.56893], [32.33579, 46.56217], [32.26931, 46.5876], [32.24822, 46.60741], [32.21126, 46.5877], [32.16993, 46.58076], [32.14633, 46.56026], [32.13211, 46.5703], [32.11793, 46.60688], [32.10108, 46.6149], [32.02281, 46.62914], [31.97997, 46.67685], [31.97071, 46.71288], [31.94026, 46.75909], [31.93622, 46.80036], [31.95477, 46.83144], [31.9817, 46.86034], [32.00245, 46.89545], [32.0075, 46.91523], [32.00668, 46.93049], [31.99594, 46.94038], [31.94606, 46.94669], [31.9359, 46.95482], [31.93922, 46.96796], [31.9769, 47.00935], [31.97096, 47.01634], [31.9437, 47.01895], [31.88114, 47.01504], [31.86526, 47.02636], [31.89324, 47.06843], [31.89682, 47.09272], [31.88233, 47.1186], [31.84556, 47.13403], [31.83058, 47.18675], [31.81674, 47.19709], [31.75766, 47.21621], [31.74855, 47.22846], [31.75213, 47.25584], [31.74171, 47.2591], [31.72381, 47.23749], [31.72055, 47.23188], [31.72682, 47.22053], [31.76173, 47.20051], [31.80616, 47.19269], [31.81625, 47.18085], [31.8156, 47.12263], [31.82, 47.11709], [31.84473, 47.11297], [31.87428, 47.09382], [31.86645, 47.07706], [31.84474, 47.0537], [31.83741, 47.00845], [31.86899, 46.99885], [31.91407, 47.00308], [31.9471, 46.99908], [31.91774, 46.97626], [31.90431, 46.96052], [31.89943, 46.94383], [31.90772, 46.92646], [31.92563, 46.92292], [31.96827, 46.937], [31.97277, 46.91515], [31.96337, 46.88569], [31.94507, 46.85953], [31.92318, 46.84831], [31.89861, 46.84292], [31.87745, 46.82827], [31.86476, 46.80659], [31.86525, 46.77998], [31.90673, 46.73823], [31.89942, 46.694], [31.90852, 46.66275], [31.89229, 46.64377], [31.8584, 46.62914], [31.81471, 46.62304], [31.7715, 46.62752], [31.67408, 46.65322], [31.61443, 46.6496], [31.59718, 46.64322], [31.57886, 46.61735], [31.55682, 46.61491], [31.53452, 46.62718], [31.48505, 46.63228], [31.48098, 46.64643], [31.4908, 46.66324], [31.54615, 46.72761], [31.56023, 46.74909], [31.55984, 46.75885], [31.61817, 46.81346], [31.60613, 46.8264], [31.58399, 46.79365], [31.54933, 46.77998], [31.52276, 46.75015], [31.50831, 46.7452], [31.48162, 46.75886], [31.45607, 46.79605], [31.44068, 46.80048], [31.45582, 46.75458], [31.50211, 46.72772], [31.50574, 46.72019], [31.47819, 46.68379], [31.46266, 46.67524], [31.42829, 46.63746], [31.41618, 46.62914], [31.39666, 46.62604], [31.33766, 46.60128], [31.28297, 46.6149], [31.27556, 46.60742], [31.25668, 46.6164], [31.18686, 46.62914], [31.15952, 46.62897], [31.10816, 46.61775], [30.99138, 46.60126], [30.95923, 46.58341], [30.93914, 46.58771], [30.92604, 46.5843], [30.8666, 46.55574], [30.8545, 46.55342], [30.80258, 46.56025], [30.75489, 46.51586], [30.78207, 46.45722], [30.79817, 46.44644], [30.78354, 46.43085], [30.77246, 46.39643], [30.71452, 46.34798], [30.66065, 46.3509], [30.65187, 46.34455], [30.68652, 46.32001], [30.68238, 46.29955], [30.65349, 46.25959], [30.58351, 46.19033], [30.56161, 46.16144], [30.52328, 46.13377], [30.49414, 46.08048], [30.37127, 45.99795], [30.26108, 45.89527], [30.2046, 45.85568], [30.13846, 45.81979], [30.13526, 45.88915], [30.12745, 45.89134], [30.11061, 45.87507], [30.09457, 45.81485], [30.08671, 45.81355], [30.07244, 45.82099], [30.06121, 45.81348], [30.01466, 45.83967], [29.99073, 45.84707], [29.96852, 45.83894], [29.95288, 45.77199], [29.93238, 45.79243], [29.93914, 45.81045], [29.93507, 45.81615], [29.92628, 45.81379], [29.91774, 45.7829], [29.92237, 45.76944], [29.93929, 45.75153], [29.93382, 45.73092], [29.89651, 45.75756], [29.89617, 45.76362], [29.88746, 45.76504], [29.84474, 45.8057], [29.8, 45.86979], [29.77447, 45.93848], [29.76888, 46.00901], [29.77125, 46.02675], [29.77363, 46.04448], [29.7984, 46.11407], [29.82813, 46.3394], [29.84777, 46.34146], [29.88467, 46.3642], [29.91867, 46.37366], [30.03727, 46.36893], [30.08114, 46.3742], [30.10718, 46.3919], [30.13158, 46.42283], [30.11824, 46.42869], [30.10202, 46.43073], [30.08693, 46.42887], [30.07701, 46.42283], [30.06001, 46.4368], [30.01406, 46.46202], [30.02171, 46.47065], [30.00285, 46.49422], [29.98926, 46.49869], [29.97055, 46.49174], [29.96022, 46.50595], [29.91609, 46.51881], [29.90193, 46.53083], [29.89883, 46.55313], [29.9381, 46.55734], [29.94968, 46.57886], [29.9474, 46.58835], [30.27415, 46.64932], [30.27176, 46.65657], [30.16507, 46.75206], [30.28465, 47.11205], [30.1958, 47.2474], [30.17955, 47.25022], [30.04379, 47.19497], [29.88108, 47.38607], [29.57006, 47.30678], [29.55657, 47.32404], [29.53988, 47.33422], [29.52097, 47.33892], [29.48087, 47.33827], [29.47064, 47.32275], [29.45916, 47.2935], [29.4417, 47.28213], [29.42557, 47.27867], [29.40955, 47.27975], [29.38082, 47.29298], [29.36759, 47.30822], [29.36408, 47.33688], [29.35891, 47.35272], [29.34584, 47.36584], [29.30083, 47.37819], [29.2814, 47.41147], [29.2507, 47.42538], [29.23261, 47.44633], [29.21835, 47.4516], [29.20187, 47.44659], [29.19241, 47.43581], [29.18207, 47.42987], [29.16388, 47.43938], [29.1304, 47.4932], [29.11743, 47.53333], [29.1305, 47.55963], [29.15618, 47.58278], [29.18207, 47.61322], [29.19241, 47.65092], [29.19148, 47.68626], [29.19696, 47.7175], [29.23861, 47.756], [29.23473, 47.7668], [29.22197, 47.77481], [29.18745, 47.78321], [29.17784, 47.78972], [29.17773, 47.8007], [29.18672, 47.81822], [29.23277, 47.85708], [29.23602, 47.87072], [29.226, 47.87558], [29.18662, 47.88364], [29.17256, 47.89101], [29.16461, 47.9056], [29.15582, 47.93987], [29.14797, 47.95537], [29.13629, 47.96818], [29.12399, 47.97599], [29.11004, 47.97966], [29.09272, 47.98017], [29.06105, 47.96976], [29.01723, 47.93108], [28.98085, 47.92638], [28.95036, 47.9348], [28.9148, 47.95315], [28.88256, 47.97676], [28.85569, 48.00792], [28.83253, 48.02482], [28.82757, 48.05702], [28.81155, 48.08291], [28.80592, 48.10381], [28.79926, 48.11179], [28.77125, 48.12445], [28.73507, 48.12869], [28.66562, 48.12934], [28.57363, 48.15497], [28.5416, 48.15595], [28.51932, 48.14913], [28.50108, 48.11283], [28.49002, 48.06549], [28.47958, 48.06492], [28.31151, 47.86428], [28.22091, 47.83942], [28.10205, 47.82857], [27.94916, 47.82341], [27.85516, 47.82908], [27.76926, 47.84463], [27.68994, 47.86984], [27.6171, 47.90435], [27.5507, 47.94769], [27.48924, 48.00044], [27.43376, 48.06123], [27.32061, 48.22916], [27.26366, 48.32809], [27.1883, 48.47999], [27.07165, 48.77337], [26.80919, 49.50701], [26.6375, 49.92213], [26.60177, 50.05075], [26.59293, 50.16371], [26.6138, 50.26246], [26.66723, 50.34961], [26.75496, 50.42622], [26.87992, 50.49506], [27.04461, 50.55808], [27.68324, 50.74598], [27.81681, 50.78907], [27.90508, 50.82236], [27.92421, 50.83709], [27.92495, 50.84605], [27.88478, 50.87854], [27.84822, 50.91765], [27.81901, 50.96007], [27.78527, 51.04665], [27.78177, 51.13171], [27.79116, 51.17174], [27.81608, 51.22682], [27.82689, 51.24296], [27.73012, 51.46515], [27.79255, 51.5173], [27.79714, 51.5306], [27.79322, 51.56502], [27.79952, 51.5852], [27.81254, 51.60202], [27.83125, 51.61292], [27.8542, 51.61533], [27.87559, 51.60804], [27.93605, 51.56701], [27.95476, 51.56078], [27.97316, 51.55781], [28.07082, 51.55763], [28.09015, 51.56205], [28.11423, 51.57561], [28.16622, 51.6331], [28.18761, 51.64519], [28.00404, 51.83794], [27.9834, 51.92426], [27.86214, 52.11906], [27.8145, 52.20793], [27.78002, 52.29472], [27.76422, 52.37913], [27.77282, 52.45891], [27.79281, 52.52077], [27.79634, 52.55339], [27.77924, 52.60224], [27.73779, 52.64632], [27.66388, 52.70064], [27.33694, 52.9018], [27.22014, 52.97714], [27.11412, 53.05456], [27.0296, 53.13148], [26.97545, 53.20706], [26.9617, 53.27955], [26.97138, 53.31695], [26.77127, 53.44216], [26.64207, 53.52874], [26.5205, 53.61933], [26.41179, 53.7119], [26.32115, 53.80462], [26.25356, 53.89604], [26.21486, 53.98431], [26.21039, 54.06743], [26.24561, 54.14475], [26.28913, 54.18945], [26.51935, 54.35083], [26.56384, 54.39408], [26.59085, 54.4405], [26.59501, 54.4904], [26.57395, 54.54193], [26.45596, 54.69598], [26.43261, 54.78258], [26.45554, 54.84719], [26.6634, 54.80058], [26.86581, 54.74358]], [[30.9645, 59.96735], [30.95266, 59.91931], [30.9077, 59.81074], [30.94257, 59.78621], [30.96911, 59.77653], [31.00848, 59.7751], [31.03082, 59.78284], [31.04166, 59.79738], [31.01611, 59.8705], [31.01741, 59.90228], [31.05373, 59.92828], [31.21496, 60.01468], [31.22119, 60.03317], [31.21362, 60.04097], [31.20049, 60.04277], [31.18084, 60.03869], [31.06379, 59.98862], [31.01927, 59.97463], [30.9645, 59.96735]]], [[[29.80053, 59.98554], [29.78687, 59.9751], [29.72885, 60.00153], [29.65744, 60.02546], [29.66871, 60.02789], [29.71307, 60.02194], [29.79156, 59.99472], [29.80053, 59.98554]]], [[[36.78546, 64.0456], [36.77709, 64.02237], [36.75956, 64.0188], [36.75906, 64.0528], [36.7666, 64.05831], [36.78546, 64.0456]]], [[[41.76254, 64.06115], [41.73718, 64.05349], [41.71324, 64.05198], [41.65196, 64.06994], [41.6022, 64.10486], [41.54283, 64.18], [41.54708, 64.19586], [41.56595, 64.21548], [41.6206, 64.24748], [41.7026, 64.26636], [41.86029, 64.29132], [41.88429, 64.20168], [41.87974, 64.15103], [41.81286, 64.08878], [41.76254, 64.06115]]], [[[36.67823, 64.21719], [36.69246, 64.22161], [36.69668, 64.213], [36.667, 64.20909], [36.63273, 64.19132], [36.61852, 64.19104], [36.61524, 64.21345], [36.57465, 64.22013], [36.56392, 64.22667], [36.58303, 64.24046], [36.6324, 64.24179], [36.65935, 64.21931], [36.67823, 64.21719]]], [[[35.97512, 64.3326], [35.95316, 64.33984], [35.89861, 64.37446], [35.8568, 64.38736], [35.85632, 64.40338], [35.88275, 64.41253], [35.91846, 64.41371], [36.03124, 64.37311], [36.0449, 64.36034], [36.03319, 64.34252], [36.00519, 64.33331], [35.97512, 64.3326]]], [[[35.69075, 64.60482], [35.66058, 64.6139], [35.64587, 64.6256], [35.65256, 64.63221], [35.66153, 64.62929], [35.69075, 64.60482]]], [[[40.44742, 64.60016], [40.45775, 64.56827], [40.43545, 64.56416], [40.33595, 64.57416], [40.19483, 64.57416], [40.14698, 64.59174], [40.11101, 64.63036], [40.0547, 64.65253], [40.02182, 64.65868], [39.93832, 64.66279], [39.87135, 64.68403], [39.82426, 64.67976], [39.85496, 64.69902], [39.90554, 64.71038], [39.98422, 64.71922], [40.00049, 64.718], [40.04322, 64.70087], [40.08074, 64.69994], [40.15065, 64.70941], [40.18849, 64.70824], [40.22836, 64.6999], [40.25359, 64.68887], [40.26808, 64.65624], [40.30226, 64.63548], [40.35133, 64.62019], [40.39731, 64.61864], [40.43139, 64.61269], [40.44742, 64.60016]]], [[[35.51281, 64.67956], [35.50825, 64.68557], [35.51695, 64.69077], [35.55111, 64.69118], [35.56431, 64.6858], [35.58853, 64.66877], [35.57512, 64.66673], [35.57431, 64.65613], [35.55787, 64.66698], [35.51281, 64.67956]]], [[[40.11117, 64.78121], [40.22242, 64.78391], [40.33349, 64.7724], [40.36376, 64.758], [40.40056, 64.71125], [40.40672, 64.64248], [40.39598, 64.62913], [40.36939, 64.62812], [40.32569, 64.63764], [40.25221, 64.69892], [40.20183, 64.71996], [40.07553, 64.75702], [40.03514, 64.76074], [40.05016, 64.76926], [40.11117, 64.78121]]], [[[40.00193, 64.73737], [39.98048, 64.72944], [39.94372, 64.72797], [39.94974, 64.74192], [39.9861, 64.74346], [40.00193, 64.73737]]], [[[35.14267, 64.92434], [35.11582, 64.92212], [35.10485, 64.92557], [35.10028, 64.93215], [35.12187, 64.94722], [35.15252, 64.93114], [35.14868, 64.92025], [35.14267, 64.92434]]], [[[35.16308, 64.95261], [35.17365, 64.94173], [35.15235, 64.9405], [35.14519, 64.95047], [35.16308, 64.95261]]], [[[35.64747, 64.96829], [35.66114, 64.9604], [35.64341, 64.9541], [35.63456, 64.9606], [35.64747, 64.96829]]], [[[35.00862, 64.96811], [35.01268, 64.96125], [35.00212, 64.95593], [34.99255, 64.95646], [34.99903, 64.9676], [35.00862, 64.96811]]], [[[35.66521, 64.96174], [35.6597, 64.97341], [35.68222, 64.97666], [35.69239, 64.97197], [35.66521, 64.96174]]], [[[34.81845, 64.98896], [34.83357, 64.99224], [34.83519, 64.9803], [34.80237, 64.97526], [34.81617, 64.99269], [34.81845, 64.98896]]], [[[35.90603, 65.02181], [35.89186, 65.04072], [35.92326, 65.05307], [36.00659, 65.05364], [36.02391, 65.04572], [36.01725, 65.02905], [35.90603, 65.02181]]], [[[34.81606, 65.0434], [34.79857, 65.02144], [34.73541, 65.00298], [34.73327, 65.04429], [34.75052, 65.10901], [34.76586, 65.10781], [34.77366, 65.10024], [34.74675, 65.06574], [34.7544, 65.05488], [34.81606, 65.0434]]], [[[35.86449, 65.01252], [35.82409, 64.98397], [35.76417, 64.96372], [35.74467, 64.96156], [35.73018, 64.97285], [35.72332, 65.02635], [35.68911, 65.03391], [35.60332, 65.03802], [35.56328, 65.05214], [35.52746, 65.074], [35.50517, 65.09579], [35.50614, 65.12129], [35.52393, 65.14426], [35.60174, 65.15435], [35.65, 65.15399], [35.66337, 65.16792], [35.7336, 65.17279], [35.78644, 65.1651], [35.81528, 65.1542], [35.86684, 65.076], [35.8557, 65.06412], [35.84311, 65.0683], [35.79664, 65.11441], [35.78126, 65.07274], [35.80568, 65.05899], [35.8592, 65.0449], [35.86449, 65.01252]]], [[[35.99039, 65.19122], [35.99008, 65.18354], [36.00912, 65.18377], [36.05885, 65.15868], [36.19174, 65.15526], [36.24976, 65.15932], [36.26096, 65.15453], [36.20191, 65.13887], [36.13689, 65.13764], [36.09799, 65.13057], [36.07569, 65.13117], [36.06609, 65.12516], [35.95201, 65.1464], [35.94226, 65.15461], [35.95021, 65.18112], [35.99039, 65.19122]]], [[[37.64739, 66.55433], [37.89648, 66.49841], [38.02724, 66.4597], [38.1948, 66.43566], [38.47019, 66.42081], [38.58759, 66.43482], [39.7861, 66.22701], [39.70443, 66.20695], [39.46518, 66.17959], [39.38443, 66.14534], [39.34359, 66.13472], [39.06397, 66.10392], [38.97218, 66.11131], [38.93404, 66.10205], [38.55437, 66.05501], [37.9271, 66.08878], [37.82146, 66.11221], [37.65504, 66.12321], [37.54641, 66.14485], [37.43849, 66.19286], [37.36013, 66.20458], [37.27312, 66.23046], [36.88738, 66.28522], [36.8314, 66.28337], [36.74928, 66.29564], [36.63258, 66.2878], [36.52345, 66.3002], [36.40627, 66.29476], [36.27467, 66.32087], [35.77028, 66.36116], [35.67107, 66.3874], [35.55726, 66.38712], [35.38064, 66.41788], [35.31422, 66.45694], [35.22536, 66.46907], [35.1815, 66.48128], [34.88771, 66.59976], [34.80356, 66.61351], [34.7225, 66.59455], [34.64615, 66.56428], [34.59663, 66.55118], [34.62194, 66.61661], [34.68505, 66.68483], [34.78065, 66.74565], [34.93452, 66.80956], [35.07405, 66.84828], [35.15182, 66.86373], [35.31407, 66.88497], [35.40353, 66.89104], [35.52478, 66.85044], [35.70546, 66.7774], [35.87056, 66.73554], [36.00233, 66.7189], [36.10378, 66.69918], [36.44435, 66.67192], [36.57261, 66.65742], [36.8739, 66.64991], [37.17552, 66.62333], [37.64739, 66.55433]]]]}}]}