{"type": "FeatureCollection", "features": [{"type": "Feature", "properties": {"name": "영국령과 그 영향권", "name_en": "British territories and sphere", "period": "1914년경", "kind": "식민지", "legend": "영국령과 그 영향권", "map_title": "제국주의 열강의 아시아·태평양 분할(1914년경)", "source": "미래엔 세계사 교과서 3권 157쪽", "volume": 3, "page": 157, "coast_snap": "Natural Earth 10m 해안선에 맞춤", "border_snap": "현대 국경(Natural Earth 10m)에 맞춘 구간 약 7370 km", "group": "영국령과 그 영향권", "map_folder": "3권_p157_제국주의 열강의 아시아·태평양 분할"}, "geometry": {"type": "MultiPolygon", "coordinates": [[[[81.73796, 7.72748], [81.77076, 7.65469], [81.80632, 7.59857], [81.82324, 7.51105], [81.82259, 7.49136], [81.80781, 7.47921], [81.78737, 7.49682], [81.79029, 7.57172], [81.78736, 7.59345], [81.77638, 7.60273], [81.73879, 7.66047], [81.72512, 7.69892], [81.72859, 7.73154], [81.72512, 7.73991], [81.73796, 7.72748]]], [[[79.76384, 7.99014], [79.81023, 7.98652], [79.83383, 8.00308], [79.81886, 8.04019], [79.79641, 8.062], [79.79348, 8.07282], [79.82716, 8.13654], [79.82586, 8.1481], [79.8135, 8.17129], [79.81349, 8.21288], [79.80474, 8.22922], [79.80675, 8.24037], [79.82447, 8.26667], [79.82716, 8.27774], [79.83863, 8.34052], [79.84817, 8.43817], [79.8659, 8.46141], [79.86802, 8.51765], [79.87373, 8.53784], [79.91652, 8.576], [79.94166, 8.64248], [79.95053, 8.73981], [79.92645, 8.80191], [79.93019, 8.88443], [79.92481, 8.91975], [79.91554, 8.93854], [79.94711, 8.94868], [80.00514, 9.00055], [80.03541, 9.01533], [80.04802, 9.02627], [80.06666, 9.07563], [80.07357, 9.11061], [80.10564, 9.19286], [80.11598, 9.23383], [80.11818, 9.30044], [80.11622, 9.30622], [80.0771, 9.32257], [80.06618, 9.33259], [80.05823, 9.35507], [80.053, 9.39154], [80.06496, 9.40403], [80.08709, 9.41498], [80.14088, 9.43032], [80.16302, 9.45934], [80.17672, 9.4684], [80.19703, 9.47346], [80.17604, 9.50617], [80.16131, 9.52057], [80.06789, 9.57804], [80.05301, 9.59637], [80.08521, 9.59536], [80.11602, 9.58307], [80.17596, 9.54857], [80.23362, 9.53412], [80.27222, 9.50413], [80.27807, 9.49332], [80.26588, 9.48713], [80.27213, 9.47346], [80.26588, 9.4667], [80.28688, 9.4527], [80.33627, 9.46467], [80.42665, 9.50019], [80.45094, 9.49786], [80.50407, 9.48335], [80.56715, 9.45523], [80.61476, 9.44619], [80.54672, 9.49242], [80.49656, 9.51038], [80.47145, 9.52806], [80.44402, 9.52806], [80.42897, 9.51778], [80.4157, 9.52749], [80.36867, 9.53023], [80.29754, 9.59125], [80.26694, 9.61083], [80.18605, 9.6485], [80.1736, 9.64867], [80.17596, 9.62434], [80.19995, 9.59919], [80.19339, 9.58634], [80.18605, 9.58414], [80.17893, 9.58793], [80.15285, 9.60347], [80.11549, 9.63573], [80.094, 9.64484], [80.13558, 9.60384], [80.08765, 9.61826], [80.03932, 9.64485], [80.00099, 9.67471], [79.95924, 9.69282], [79.95801, 9.68575], [79.94704, 9.69319], [79.93702, 9.72736], [79.90969, 9.76829], [79.93133, 9.77904], [79.97072, 9.81512], [79.98846, 9.82293], [80.06666, 9.81611], [80.12232, 9.81891], [80.12818, 9.80557], [80.13014, 9.77733], [80.17091, 9.76728], [80.18043, 9.7558], [80.21119, 9.76089], [80.22234, 9.75446], [80.33855, 9.62922], [80.36964, 9.60985], [80.44402, 9.57591], [80.44402, 9.58332], [80.40772, 9.60151], [80.31984, 9.67276], [80.24781, 9.75507], [80.21119, 9.77452], [80.15382, 9.78799], [80.13868, 9.79873], [80.13673, 9.8139], [80.15773, 9.82293], [80.22655, 9.82956], [80.24675, 9.82586], [80.26058, 9.81622], [80.26979, 9.78351], [80.27898, 9.76984], [80.40992, 9.6175], [80.46842, 9.58125], [80.74439, 9.35968], [80.76368, 9.33242], [80.79882, 9.29487], [80.78663, 9.28853], [80.76246, 9.30842], [80.7365, 9.30899], [80.74171, 9.29849], [80.79363, 9.25056], [80.81389, 9.23953], [80.80104, 9.26319], [80.8035, 9.27143], [80.81739, 9.27484], [80.8239, 9.27049], [80.83448, 9.23949], [80.88215, 9.14523], [80.85336, 9.15575], [80.8401, 9.15599], [80.83448, 9.14175], [80.85857, 9.13548], [80.87305, 9.12644], [80.87534, 9.10358], [80.88217, 9.10358], [80.89649, 9.11659], [80.91635, 9.06216], [80.93531, 9.03343], [80.95833, 9.01789], [80.95362, 9.00386], [80.94435, 9.00057], [80.93068, 9.02098], [80.87534, 9.04149], [80.92285, 8.99225], [80.92319, 8.97321], [80.93505, 8.96491], [80.91489, 8.94392], [80.93068, 8.93163], [80.9476, 8.93293], [80.96144, 8.94575], [80.97852, 8.97996], [81.01465, 8.93671], [81.04672, 8.88215], [81.05982, 8.86864], [81.07813, 8.86334], [81.09277, 8.85162], [81.11427, 8.79999], [81.1255, 8.78828], [81.15015, 8.77716], [81.16244, 8.75116], [81.17652, 8.69888], [81.18229, 8.71221], [81.19751, 8.70571], [81.19459, 8.69611], [81.23169, 8.65107], [81.23161, 8.63305], [81.20436, 8.61009], [81.22493, 8.61687], [81.24658, 8.57013], [81.24975, 8.54581], [81.22487, 8.54183], [81.22999, 8.55793], [81.22332, 8.57083], [81.21225, 8.5727], [81.20436, 8.55549], [81.21802, 8.52253], [81.21062, 8.50712], [81.17652, 8.53058], [81.15903, 8.53457], [81.14235, 8.52757], [81.12941, 8.51032], [81.13396, 8.50129], [81.14942, 8.50365], [81.17026, 8.5207], [81.21315, 8.4724], [81.23512, 8.46613], [81.2811, 8.46703], [81.29664, 8.47679], [81.2864, 8.50022], [81.32309, 8.51532], [81.33415, 8.51454], [81.35756, 8.49563], [81.36572, 8.48216], [81.37281, 8.44213], [81.38843, 8.39061], [81.38941, 8.36393], [81.37673, 8.37255], [81.36346, 8.39908], [81.35182, 8.40469], [81.35662, 8.36249], [81.36207, 8.35004], [81.39925, 8.33925], [81.44849, 8.128], [81.43035, 8.10301], [81.40358, 8.1918], [81.39625, 8.1918], [81.39625, 8.13654], [81.40806, 8.13006], [81.41798, 8.10594], [81.43556, 8.09317], [81.4524, 8.09455], [81.45826, 8.11602], [81.46436, 8.11602], [81.47241, 8.10146], [81.48064, 8.06538], [81.50718, 8.02783], [81.51971, 7.99934], [81.53394, 8.0136], [81.53833, 8.0043], [81.53395, 7.99934], [81.54021, 7.98631], [81.56072, 7.99924], [81.56592, 7.9868], [81.56072, 7.9584], [81.56772, 7.94497], [81.58814, 7.92942], [81.59545, 7.91743], [81.58172, 7.9112], [81.57586, 7.88939], [81.58758, 7.85529], [81.60825, 7.83169], [81.6364, 7.83551], [81.65366, 7.79776], [81.69678, 7.75299], [81.7107, 7.73115], [81.71314, 7.71183], [81.69093, 7.70516], [81.64324, 7.75414], [81.62648, 7.7602], [81.61297, 7.75902], [81.60255, 7.74844], [81.59547, 7.72626], [81.61899, 7.71922], [81.62892, 7.72289], [81.63641, 7.73309], [81.65903, 7.72333], [81.66529, 7.71585], [81.66375, 7.70515], [81.70056, 7.66876], [81.71151, 7.6505], [81.70509, 7.63886], [81.7116, 7.62255], [81.71778, 7.63007], [81.71404, 7.64366], [81.72602, 7.63946], [81.75457, 7.61457], [81.77296, 7.56798], [81.76612, 7.54068], [81.77296, 7.52391], [81.75758, 7.50544], [81.77979, 7.47235], [81.76905, 7.46463], [81.77101, 7.45698], [81.77906, 7.45531], [81.78712, 7.46556], [81.7933, 7.46555], [81.80079, 7.41035], [81.80779, 7.41035], [81.81105, 7.43854], [81.82146, 7.45873], [81.82049, 7.47651], [81.83506, 7.46534], [81.84034, 7.43647], [81.85572, 7.41217], [81.8807, 7.32709], [81.87599, 7.09195], [81.89029, 7.02017], [81.88466, 6.98048], [81.83855, 6.82144], [81.83154, 6.76537], [81.81715, 6.73749], [81.80827, 6.70796], [81.7798, 6.66364], [81.78662, 6.63927], [81.77573, 6.61063], [81.68148, 6.46215], [81.64992, 6.43074], [81.59205, 6.38989], [81.5477, 6.37067], [81.36222, 6.22553], [81.32512, 6.20547], [81.20437, 6.16276], [81.20265, 6.17805], [81.19549, 6.18366], [81.18767, 6.18159], [81.18188, 6.15673], [81.17644, 6.15039], [81.11277, 6.1204], [81.00847, 6.09805], [80.95802, 6.0808], [80.90268, 6.07079], [80.87745, 6.0611], [80.86231, 6.03987], [80.83522, 6.04515], [80.80909, 6.0351], [80.73211, 5.97842], [80.71436, 5.95792], [80.65626, 5.95791], [80.62916, 5.94505], [80.6046, 5.92685], [80.59083, 5.92374], [80.53956, 5.94428], [80.4817, 5.93746], [80.46519, 5.94067], [80.44402, 5.97093], [80.42709, 5.96109], [80.41196, 5.95996], [80.37859, 5.96476], [80.35841, 5.97842], [80.341, 5.97094], [80.32732, 5.98526], [80.24757, 6.00919], [80.21119, 6.03364], [80.20387, 6.0262], [80.18547, 6.04097], [80.09402, 6.13606], [80.09311, 6.14875], [80.07803, 6.16955], [80.03211, 6.2661], [80.03053, 6.29239], [80.02053, 6.31465], [80.01205, 6.36131], [79.99367, 6.39411], [79.97787, 6.4582], [79.96421, 6.47187], [79.96535, 6.47772], [79.97787, 6.47871], [79.96957, 6.53535], [79.86301, 6.80741], [79.84816, 6.8904], [79.84817, 6.96214], [79.85922, 6.98867], [79.86158, 7.01187], [79.81374, 7.18073], [79.82032, 7.20547], [79.82, 7.19025], [79.83382, 7.16449], [79.84816, 7.12295], [79.85434, 7.12295], [79.8558, 7.13251], [79.86183, 7.13666], [79.86158, 7.16743], [79.85434, 7.19184], [79.83626, 7.19802], [79.82634, 7.2104], [79.83383, 7.23282], [79.78468, 7.58979], [79.77859, 7.60273], [79.78583, 7.60756], [79.79298, 7.60273], [79.80201, 7.65933], [79.78879, 7.68843], [79.78598, 7.74335], [79.76026, 7.86839], [79.74839, 7.89301], [79.73829, 7.94473], [79.72194, 7.98554], [79.69684, 8.09805], [79.6968, 8.13031], [79.70362, 8.12348], [79.70709, 8.14334], [79.6968, 8.21906], [79.71323, 8.2298], [79.72877, 8.2497], [79.74905, 8.30385], [79.77854, 8.34997], [79.74448, 8.28116], [79.75709, 8.26374], [79.77856, 8.25999], [79.75879, 8.21289], [79.7461, 8.20612], [79.74447, 8.1645], [79.72755, 8.11091], [79.7295, 8.08112], [79.75195, 8.05463], [79.73194, 8.01313], [79.76384, 7.99014]]], [[[79.71434, 9.10357], [79.75898, 9.10354], [79.84147, 9.07728], [79.8821, 9.05392], [79.9164, 9.02104], [79.85434, 9.04149], [79.90057, 8.98926], [79.90966, 8.97322], [79.88556, 8.97637], [79.79981, 9.04898], [79.75896, 9.06704], [79.70298, 9.07999], [79.69802, 9.08959], [79.70119, 9.09918], [79.71434, 9.10357]]], [[[79.63123, 9.0671], [79.64365, 9.07484], [79.66132, 9.07393], [79.6647, 9.07023], [79.63123, 9.0671]]], [[[79.06691, 9.19851], [79.06137, 9.19608], [79.05862, 9.20063], [79.06381, 9.20485], [79.08812, 9.19432], [79.08302, 9.19104], [79.06691, 9.19851]]], [[[79.99267, 9.29507], [79.99129, 9.28828], [79.98008, 9.27767], [79.97162, 9.29287], [79.98349, 9.30474], [79.99267, 9.29507]]], [[[79.65591, 9.50372], [79.65871, 9.55535], [79.66529, 9.55401], [79.67872, 9.53453], [79.71412, 9.52805], [79.73079, 9.50019], [79.71469, 9.48506], [79.68947, 9.4836], [79.66603, 9.49129], [79.65591, 9.50372]]], [[[79.85954, 9.60549], [79.86344, 9.59178], [79.85767, 9.56599], [79.81585, 9.5712], [79.80943, 9.58015], [79.81073, 9.61754], [79.81447, 9.62277], [79.834, 9.59317], [79.84636, 9.59732], [79.84109, 9.61301], [79.84953, 9.61293], [79.85954, 9.60549]]], [[[79.84068, 9.69941], [79.85174, 9.71654], [79.86053, 9.75624], [79.88233, 9.76088], [79.89404, 9.75738], [79.88844, 9.72362], [79.8947, 9.68818], [79.90284, 9.67894], [79.92644, 9.67893], [79.9336, 9.65473], [79.97339, 9.63377], [79.97786, 9.62434], [79.97095, 9.61727], [79.95778, 9.61719], [79.92652, 9.62946], [79.90854, 9.61898], [79.89585, 9.61751], [79.88055, 9.62849], [79.84068, 9.69941]]], [[[98.38967, 9.74241], [98.41162, 9.77452], [98.41781, 9.74706], [98.41667, 9.73347], [98.39812, 9.70626], [98.38495, 9.72793], [98.38967, 9.74241]]], [[[98.44549, 9.84329], [98.44013, 9.85464], [98.452, 9.87009], [98.46225, 9.8594], [98.47444, 9.85829], [98.46607, 9.83893], [98.4694, 9.8192], [98.46582, 9.8127], [98.46119, 9.81517], [98.45687, 9.78712], [98.45004, 9.79715], [98.44248, 9.7959], [98.43695, 9.8022], [98.43689, 9.82729], [98.44394, 9.83047], [98.44549, 9.84329]]], [[[98.27516, 10.05565], [98.28248, 10.05938], [98.29565, 10.05564], [98.29565, 10.04891], [98.28004, 10.05101], [98.27394, 10.04804], [98.27516, 10.03583], [98.29411, 10.01911], [98.28825, 10.00797], [98.26922, 10.00259], [98.2439, 9.96012], [98.21414, 9.94503], [98.2132, 9.98364], [98.21911, 10.04064], [98.23464, 10.05418], [98.25421, 10.06261], [98.27516, 10.05565]]], [[[98.29565, 10.78192], [98.28297, 10.75654], [98.28533, 10.74506], [98.29564, 10.73469], [98.29054, 10.73526], [98.27661, 10.70515], [98.26342, 10.69565], [98.28031, 10.78396], [98.29565, 10.78192]]], [[[98.55322, 10.83283], [98.54151, 10.79622], [98.52711, 10.78694], [98.50953, 10.78662], [98.4984, 10.79361], [98.50417, 10.80609], [98.52638, 10.81086], [98.52849, 10.82005], [98.52556, 10.82685], [98.51832, 10.82949], [98.50051, 10.82348], [98.49091, 10.8808], [98.49367, 10.89108], [98.5188, 10.87908], [98.54224, 10.86005], [98.55322, 10.83283]]], [[[98.43296, 10.96504], [98.42954, 10.97773], [98.43283, 10.99339], [98.44256, 11.00299], [98.45142, 11.00193], [98.45288, 10.98628], [98.44042, 10.96572], [98.43296, 10.96504]]], [[[98.52467, 11.08664], [98.5319, 11.0838], [98.54461, 11.03102], [98.54151, 10.95381], [98.53383, 10.95103], [98.52849, 10.97431], [98.51206, 10.96524], [98.50798, 10.94637], [98.48586, 10.95589], [98.47707, 10.9737], [98.47838, 10.99335], [98.48684, 11.00844], [98.51417, 11.03579], [98.51418, 11.06989], [98.52467, 11.08664]]], [[[98.55534, 11.28392], [98.549, 11.26217], [98.52663, 11.31444], [98.52882, 11.32496], [98.55037, 11.30329], [98.55534, 11.28392]]], [[[98.4419, 11.56413], [98.43239, 11.56673], [98.42922, 11.58316], [98.43165, 11.60493], [98.42384, 11.59907], [98.41559, 11.60464], [98.41164, 11.61176], [98.41863, 11.63227], [98.41041, 11.64606], [98.3913, 11.663], [98.37949, 11.6909], [98.3821, 11.70416], [98.40553, 11.70795], [98.38126, 11.73153], [98.37763, 11.73802], [98.3799, 11.75092], [98.4131, 11.77338], [98.38209, 11.7762], [98.37079, 11.78924], [98.39373, 11.794], [98.43824, 11.78706], [98.45281, 11.78925], [98.44534, 11.80361], [98.48683, 11.79609], [98.52215, 11.80475], [98.53509, 11.80364], [98.54907, 11.79137], [98.55637, 11.75905], [98.55552, 11.7283], [98.54607, 11.6992], [98.54899, 11.62173], [98.54574, 11.60904], [98.53159, 11.59333], [98.52849, 11.58047], [98.53532, 11.52926], [98.5005, 11.56338], [98.46519, 11.57491], [98.459, 11.58381], [98.4419, 11.56413]]], [[[98.51987, 12.00703], [98.54151, 11.99531], [98.55958, 12.00079], [98.57471, 11.99298], [98.60353, 11.96743], [98.64234, 11.95749], [98.65918, 11.94867], [98.65822, 11.93392], [98.65821, 11.94013], [98.63136, 11.93213], [98.57099, 11.93098], [98.55201, 11.92333], [98.51564, 11.89581], [98.49578, 11.88851], [98.47805, 11.89095], [98.45971, 11.93391], [98.45906, 11.94777], [98.47316, 11.97797], [98.47096, 11.9881], [98.44029, 12.01537], [98.43914, 12.05679], [98.43092, 12.10042], [98.43914, 12.11199], [98.44557, 12.10139], [98.47331, 12.07709], [98.49366, 12.0493], [98.50953, 12.01679], [98.51987, 12.00703]]], [[[98.38088, 12.16047], [98.39552, 12.1782], [98.40536, 12.17007], [98.40576, 12.15721], [98.39836, 12.13737], [98.38088, 12.14428], [98.38088, 12.16047]]], [[[98.46307, 12.38881], [98.47901, 12.39019], [98.49235, 12.37238], [98.49024, 12.35416], [98.46583, 12.33536], [98.45305, 12.33178], [98.44305, 12.33467], [98.43752, 12.34073], [98.43844, 12.35124], [98.46307, 12.38881]]], [[[98.48855, 12.49331], [98.49999, 12.51292], [98.51416, 12.49559], [98.51684, 12.47921], [98.51416, 12.42365], [98.50855, 12.41031], [98.49562, 12.40584], [98.48211, 12.4106], [98.47431, 12.425], [98.48855, 12.49331]]], [[[98.33611, 12.45091], [98.31564, 12.49538], [98.33383, 12.51236], [98.31415, 12.55329], [98.30281, 12.59833], [98.30203, 12.64631], [98.31561, 12.68743], [98.33124, 12.67286], [98.38746, 12.65765], [98.40552, 12.63898], [98.39812, 12.58747], [98.40122, 12.57168], [98.42547, 12.52973], [98.43817, 12.58738], [98.45094, 12.60397], [98.46631, 12.58372], [98.47071, 12.55598], [98.46537, 12.48085], [98.45581, 12.45775], [98.39128, 12.36152], [98.34994, 12.32593], [98.30203, 12.33796], [98.3156, 12.3653], [98.33611, 12.45091]]], [[[98.23022, 12.51721], [98.23362, 12.55343], [98.25082, 12.56021], [98.25685, 12.57419], [98.28987, 12.52631], [98.28288, 12.50386], [98.26051, 12.49528], [98.23684, 12.5061], [98.23022, 12.51721]]], [[[93.64537, 12.0784], [93.55117, 11.79018], [93.44002, 11.59415], [93.31801, 11.52253], [93.2792, 11.786], [93.26011, 12.08394], [93.26061, 12.40275], [93.28117, 12.72858], [93.3229, 13.0474], [93.38746, 13.34509], [93.47703, 13.60746], [93.59419, 13.82045], [93.66491, 13.79971], [93.7201, 13.77257], [93.75035, 13.75318], [93.77637, 13.49797], [93.7816, 13.1696], [93.76253, 12.80127], [93.71697, 12.42641], [93.64537, 12.0784]]], [[[98.36214, 12.70471], [98.34627, 12.71339], [98.33189, 12.76817], [98.3392, 12.76857], [98.35222, 12.74111], [98.36214, 12.70471]]], [[[98.28826, 12.9748], [98.26775, 13.05732], [98.24046, 13.13963], [98.24204, 13.20392], [98.24733, 13.21502], [98.26126, 13.21435], [98.26886, 13.19865], [98.28891, 13.0987], [98.29566, 13.08466], [98.30348, 13.08299], [98.31853, 13.09137], [98.32984, 13.08465], [98.33643, 13.07388], [98.33423, 13.06713], [98.30633, 13.04011], [98.30201, 13.02945], [98.30201, 12.98847], [98.31331, 12.94595], [98.31429, 12.92575], [98.30202, 12.91334], [98.30128, 12.93354], [98.28786, 12.95735], [98.28826, 12.9748]]], [[[98.52865, 13.20571], [98.51758, 13.17374], [98.49937, 13.16788], [98.49213, 13.17833], [98.48448, 13.21511], [98.49066, 13.22629], [98.50343, 13.23367], [98.51588, 13.2307], [98.52459, 13.22195], [98.52865, 13.20571]]], [[[97.91432, 13.82822], [97.91872, 13.85325], [97.93189, 13.85927], [97.93759, 13.85248], [97.92848, 13.82111], [97.92505, 13.78361], [97.91774, 13.78361], [97.91432, 13.82822]]], [[[97.82178, 14.18975], [97.81112, 14.1549], [97.78907, 14.13497], [97.77964, 14.14741], [97.77916, 14.15512], [97.78541, 14.15815], [97.7925, 14.18198], [97.82178, 14.18975]]], [[[97.78597, 14.41458], [97.77857, 14.3903], [97.76728, 14.40136], [97.7737, 14.4155], [97.78597, 14.41458]]], [[[97.6509, 15.5922], [97.66025, 15.58018], [97.67165, 15.54978], [97.67232, 15.53309], [97.6644, 15.50413], [97.65746, 15.52413], [97.6509, 15.5922]]], [[[95.0263, 15.71435], [95.02216, 15.72772], [95.0525, 15.75066], [95.06583, 15.73635], [95.059, 15.71952], [95.04208, 15.71268], [95.0263, 15.71435]]], [[[80.87916, 15.84007], [80.88836, 15.84673], [80.94955, 15.80953], [80.90696, 15.76812], [80.8685, 15.81197], [80.87916, 15.84007]]], [[[94.7448, 15.83271], [94.75929, 15.85224], [94.78014, 15.89409], [94.80682, 15.93109], [94.82326, 15.94577], [94.84156, 15.87743], [94.8035, 15.79653], [94.77784, 15.79158], [94.74808, 15.79942], [94.72487, 15.81196], [94.72487, 15.81879], [94.7448, 15.83271]]], [[[94.45297, 16.03388], [94.48536, 16.05899], [94.51882, 16.12042], [94.54933, 16.14899], [94.61159, 16.22174], [94.64283, 16.2455], [94.66212, 16.22187], [94.66747, 16.17214], [94.65451, 16.12175], [94.62964, 16.07519], [94.57941, 16.0131], [94.55377, 15.99764], [94.49903, 15.98017], [94.47804, 15.96613], [94.47835, 15.94233], [94.43678, 15.9007], [94.44092, 15.8854], [94.43311, 15.86962], [94.41016, 15.83927], [94.40269, 15.83927], [94.40269, 15.84674], [94.41725, 15.87177], [94.40919, 15.90746], [94.38235, 15.96963], [94.38967, 16.00092], [94.41725, 16.01845], [94.45297, 16.03388]]], [[[97.45966, 16.47736], [97.46999, 16.49046], [97.48602, 16.50095], [97.52052, 16.51088], [97.56186, 16.49238], [97.60628, 16.48354], [97.61061, 16.44623], [97.58937, 16.41527], [97.58936, 16.34016], [97.57179, 16.31208], [97.56886, 16.29857], [97.56635, 16.25372], [97.57135, 16.2227], [97.54746, 16.19994], [97.51687, 16.20983], [97.51051, 16.25422], [97.49928, 16.26952], [97.45928, 16.30137], [97.46926, 16.3327], [97.48276, 16.34203], [97.48487, 16.36392], [97.47267, 16.40843], [97.45472, 16.43711], [97.45217, 16.44941], [97.46616, 16.46703], [97.45966, 16.47736]]], [[[93.62175, 18.91033], [93.66334, 18.8732], [93.70753, 18.86823], [93.74244, 18.87229], [93.74951, 18.86518], [93.75163, 18.84089], [93.74537, 18.79999], [93.75902, 18.75533], [93.75603, 18.73151], [93.74691, 18.709], [93.72762, 18.68693], [93.62946, 18.83539], [93.59065, 18.88697], [93.59986, 18.89045], [93.6113, 18.90536], [93.62175, 18.91033]]], [[[93.64179, 19.492], [93.65659, 19.49738], [93.64919, 19.51313], [93.68817, 19.55946], [93.73121, 19.55409], [93.75538, 19.52302], [93.82, 19.4715], [93.8366, 19.47939], [93.85784, 19.48245], [93.88021, 19.47918], [93.95622, 19.43251], [93.97071, 19.41694], [93.97234, 19.38182], [93.96583, 19.36302], [93.9402, 19.34862], [93.91716, 19.31831], [93.88964, 19.29968], [93.88379, 19.30143], [93.87517, 19.31391], [93.8628, 19.30777], [93.86491, 19.28287], [93.84586, 19.27805], [93.80254, 19.27674], [93.77378, 19.29878], [93.74986, 19.33333], [93.74318, 19.35545], [93.72536, 19.38687], [93.72674, 19.39666], [93.73666, 19.39696], [93.73805, 19.40327], [93.73048, 19.41926], [93.66912, 19.44649], [93.65895, 19.45751], [93.64179, 19.492]]], [[[85.24757, 19.61494], [85.23732, 19.62056], [85.23326, 19.63255], [85.24758, 19.65647], [85.30909, 19.64224], [85.3506, 19.67763], [85.38307, 19.67609], [85.39145, 19.6906], [85.40316, 19.67129], [85.40527, 19.64595], [85.38461, 19.63597], [85.37794, 19.61494], [85.35231, 19.59943], [85.33678, 19.5961], [85.32643, 19.6188], [85.31837, 19.61953], [85.31105, 19.6105], [85.30908, 19.59505], [85.28842, 19.60126], [85.3025, 19.58666], [85.30584, 19.58015], [85.30291, 19.57392], [85.33058, 19.5764], [85.57644, 19.69059], [85.41689, 19.61024], [85.33668, 19.57518], [85.28541, 19.53629], [85.24057, 19.51805], [85.2135, 19.49869], [85.14483, 19.492], [85.15158, 19.49893], [85.18556, 19.50568], [85.20289, 19.51716], [85.19631, 19.53848], [85.19924, 19.55409], [85.21453, 19.54727], [85.23325, 19.5541], [85.19305, 19.57393], [85.19305, 19.58079], [85.2129, 19.58112], [85.2326, 19.60154], [85.24757, 19.60871], [85.24757, 19.61494]]], [[[93.50115, 19.82538], [93.5183, 19.76215], [93.51197, 19.74585], [93.45681, 19.78877], [93.4407, 19.81095], [93.40681, 19.92029], [93.40286, 19.95306], [93.42205, 19.95136], [93.44264, 19.93814], [93.47055, 19.90522], [93.49878, 19.88702], [93.50521, 19.87222], [93.50115, 19.82538]]], [[[93.0249, 19.82784], [93.0185, 19.82804], [93.00856, 19.88988], [93.00123, 19.90664], [92.92591, 20.03356], [92.91977, 20.05573], [92.90945, 20.06509], [92.90877, 20.07506], [92.91684, 20.08892], [92.94645, 20.07049], [92.96249, 20.04627], [92.96754, 20.0222], [93.01465, 19.90558], [93.0249, 19.82784]]], [[[88.84132, 21.614], [88.90202, 21.58026], [88.9113, 21.56688], [88.9139, 21.54841], [88.90796, 21.53072], [88.87973, 21.52997], [88.86248, 21.5236], [88.83872, 21.53194], [88.83083, 21.57738], [88.84132, 21.614]]], [[[91.89796, 21.74331], [91.90284, 21.73029], [91.88771, 21.68496], [91.90333, 21.70287], [91.90952, 21.72679], [91.90838, 21.75218], [91.90123, 21.77432], [91.93555, 21.78115], [91.93873, 21.71483], [91.97486, 21.64875], [91.98388, 21.6092], [91.97022, 21.52359], [91.96088, 21.50616], [91.91407, 21.50947], [91.89454, 21.50678], [91.89966, 21.48603], [91.8877, 21.48014], [91.87738, 21.481], [91.86257, 21.49494], [91.85525, 21.51948], [91.85549, 21.52668], [91.8711, 21.54768], [91.87403, 21.58186], [91.86891, 21.62222], [91.84792, 21.68879], [91.85353, 21.72582], [91.87233, 21.75482], [91.88331, 21.75388], [91.89796, 21.74331]]], [[[88.1444, 21.65757], [88.14599, 21.64375], [88.13941, 21.63032], [88.12981, 21.62596], [88.09156, 21.63654], [88.06349, 21.63668], [88.05178, 21.6416], [88.04315, 21.65762], [88.04403, 21.68112], [88.08996, 21.8085], [88.11931, 21.85952], [88.14674, 21.86985], [88.16699, 21.76545], [88.16323, 21.70534], [88.13258, 21.68496], [88.1444, 21.65757]]], [[[89.10231, 21.73677], [89.05154, 21.7932], [89.06422, 21.82209], [89.06381, 21.84146], [89.0447, 21.90778], [89.04567, 21.91706], [89.05738, 21.91766], [89.06764, 21.90436], [89.08131, 21.82294], [89.09278, 21.7934], [89.139, 21.76683], [89.14469, 21.73933], [89.13249, 21.72164], [89.10231, 21.73677]]], [[[91.87272, 21.9256], [91.88607, 21.88027], [91.88449, 21.8505], [91.87037, 21.82461], [91.8628, 21.78999], [91.84108, 21.73542], [91.83253, 21.72584], [91.824, 21.74262], [91.83985, 21.82551], [91.83254, 21.87669], [91.83615, 21.8939], [91.8672, 21.93194], [91.87272, 21.9256]]], [[[88.65016, 21.92744], [88.66325, 21.92128], [88.67054, 21.90721], [88.64918, 21.84235], [88.64632, 21.78793], [88.59182, 21.8044], [88.58432, 21.83576], [88.59852, 21.86959], [88.61666, 21.89817], [88.63625, 21.92137], [88.65016, 21.92744]]], [[[88.0809, 21.84936], [88.07226, 21.85697], [88.07387, 21.89192], [88.08486, 21.9218], [88.10573, 21.94757], [88.1189, 21.945], [88.13257, 21.92048], [88.125, 21.88866], [88.10499, 21.86115], [88.0809, 21.84936]]], [[[90.35279, 21.99299], [90.34596, 21.97233], [90.33962, 21.97233], [90.35858, 22.02252], [90.37374, 22.04536], [90.38745, 22.04803], [90.3811, 22.0231], [90.35279, 21.99299]]], [[[91.09204, 22.3913], [91.12689, 22.37485], [91.14884, 22.35705], [91.15645, 22.33208], [91.17139, 22.31964], [91.18139, 22.28359], [91.18608, 22.23238], [91.07439, 22.38287], [91.07481, 22.38858], [91.09204, 22.3913]]], [[[91.20101, 22.4722], [91.15953, 22.45068], [91.13417, 22.44949], [91.11372, 22.46142], [91.12357, 22.48914], [91.19998, 22.51468], [91.21082, 22.49552], [91.20101, 22.4722]]], [[[91.44653, 22.45325], [91.42967, 22.49301], [91.4238, 22.5253], [91.44698, 22.57641], [91.46755, 22.5863], [91.55635, 22.47821], [91.56362, 22.43562], [91.55517, 22.40204], [91.5073, 22.39691], [91.47606, 22.41332], [91.44653, 22.45325]]], [[[79.56772, 10.33589], [79.52858, 10.33832], [79.53223, 10.3232], [79.45973, 10.30831], [79.43727, 10.30957], [79.39812, 10.32465], [79.30494, 10.26813], [79.28614, 10.25283], [79.27223, 10.23444], [79.26921, 10.19783], [79.2483, 10.18919], [79.24, 10.17976], [79.23634, 10.16657], [79.24431, 10.08495], [79.25416, 10.05427], [79.27905, 10.03583], [79.24073, 10.01057], [79.20037, 9.97028], [79.14186, 9.89118], [79.12134, 9.85025], [79.10084, 9.82608], [79.09408, 9.80232], [79.0778, 9.78218], [79.03883, 9.74722], [78.9808, 9.66718], [78.97729, 9.63793], [78.9568, 9.6175], [78.93832, 9.58369], [78.9253, 9.51362], [78.91326, 9.47427], [78.91529, 9.45303], [78.93344, 9.41645], [78.95973, 9.38496], [79.03989, 9.31468], [79.07472, 9.29987], [79.11557, 9.29125], [79.25172, 9.28852], [79.27377, 9.2967], [79.32008, 9.3233], [79.34087, 9.31594], [79.3457, 9.30654], [79.33367, 9.27827], [79.3357, 9.26765], [79.35353, 9.24091], [79.43823, 9.17633], [79.45361, 9.15901], [79.44028, 9.15136], [79.42401, 9.15909], [79.36101, 9.21345], [79.29273, 9.25031], [79.23244, 9.25789], [79.21697, 9.2674], [79.20102, 9.26652], [79.16538, 9.27424], [79.1294, 9.25634], [79.09864, 9.25723], [79.08717, 9.25382], [79.02573, 9.27375], [78.98894, 9.27827], [78.9568, 9.27485], [78.92875, 9.25377], [78.89552, 9.25381], [78.84376, 9.24396], [78.81519, 9.22843], [78.77711, 9.21939], [78.72779, 9.18746], [78.67628, 9.18415], [78.66131, 9.17719], [78.64893, 9.15144], [78.63477, 9.14461], [78.48585, 9.12482], [78.44988, 9.1166], [78.41212, 9.09984], [78.37745, 9.07746], [78.23976, 8.96556], [78.21762, 8.93895], [78.18279, 8.8771], [78.17791, 8.86107], [78.17444, 8.79414], [78.16236, 8.75348], [78.17579, 8.7639], [78.20045, 8.76968], [78.21021, 8.78825], [78.21517, 8.76545], [78.20459, 8.75333], [78.1692, 8.73363], [78.15495, 8.69889], [78.14047, 8.68061], [78.13673, 8.66987], [78.14257, 8.65791], [78.11459, 8.6579], [78.1355, 8.6258], [78.14233, 8.59308], [78.12825, 8.48803], [78.11459, 8.46614], [78.07985, 8.43195], [78.06275, 8.3732], [78.05591, 8.36372], [78.03883, 8.36091], [77.99977, 8.34492], [77.80616, 8.22866], [77.76813, 8.18145], [77.75224, 8.17378], [77.64381, 8.15571], [77.59522, 8.13898], [77.56105, 8.11457], [77.56527, 8.08252], [77.51092, 8.07601], [77.44995, 8.08743], [77.30882, 8.13083], [77.28679, 8.15351], [77.22553, 8.18422], [77.12875, 8.2718], [76.99571, 8.36828], [76.96242, 8.40491], [76.88014, 8.5207], [76.82652, 8.56982], [76.81373, 8.60126], [76.74172, 8.68452], [76.73129, 8.70795], [76.69566, 8.73982], [76.66033, 8.79975], [76.64454, 8.819], [76.55861, 8.8907], [76.54397, 8.9125], [76.54811, 8.92421], [76.55909, 8.92523], [76.57325, 8.90445], [76.59116, 8.90815], [76.62062, 8.92544], [76.58155, 8.91991], [76.57228, 8.93163], [76.574, 8.94257], [76.59313, 8.96806], [76.60331, 8.97321], [76.65756, 8.96638], [76.66082, 8.96987], [76.6343, 8.98689], [76.66847, 8.99982], [76.66847, 9.00739], [76.65789, 9.01069], [76.64405, 9.00788], [76.63209, 9.00235], [76.6206, 8.98713], [76.58277, 9.00056], [76.55861, 8.95211], [76.55112, 8.96638], [76.56153, 8.97899], [76.56544, 8.99433], [76.53883, 8.9726], [76.53443, 8.95783], [76.53808, 8.93914], [76.5281, 8.94697], [76.52144, 8.96156], [76.51384, 9.00214], [76.50018, 9.02229], [76.48927, 9.05557], [76.46047, 9.11494], [76.46241, 9.13833], [76.46909, 9.1166], [76.47657, 9.1166], [76.48276, 9.17182], [76.47332, 9.16425], [76.46909, 9.15135], [76.46241, 9.15135], [76.44337, 9.21214], [76.42823, 9.24535], [76.41456, 9.24698], [76.44679, 9.15961], [76.44874, 9.14518], [76.44256, 9.14518], [76.36289, 9.32544], [76.31175, 9.49315], [76.29106, 9.63299], [76.29713, 9.65843], [76.27735, 9.80927], [76.24677, 9.89375], [76.23635, 9.9527], [76.25148, 9.96311], [76.26966, 9.95082], [76.28467, 9.92853], [76.29101, 9.9086], [76.28565, 9.90436], [76.26222, 9.91157], [76.25685, 9.9086], [76.26059, 9.88471], [76.26686, 9.87604], [76.27735, 9.87075], [76.28426, 9.89097], [76.28907, 9.87714], [76.28826, 9.86123], [76.28077, 9.84284], [76.29998, 9.8478], [76.3047, 9.85627], [76.29713, 9.87075], [76.30866, 9.87941], [76.33888, 9.69941], [76.3462, 9.69941], [76.34734, 9.72687], [76.33758, 9.78925], [76.3462, 9.81611], [76.32398, 9.84618], [76.32008, 9.86164], [76.33269, 9.87074], [76.35921, 9.8161], [76.35922, 9.7683], [76.36801, 9.71556], [76.37713, 9.6955], [76.39404, 9.67894], [76.39241, 9.66283], [76.3729, 9.62434], [76.35328, 9.53535], [76.35743, 9.5207], [76.42579, 9.50528], [76.43507, 9.50763], [76.459, 9.4973], [76.47706, 9.50373], [76.50327, 9.53498], [76.4485, 9.56342], [76.42823, 9.55542], [76.40701, 9.56908], [76.41969, 9.59418], [76.41456, 9.68269], [76.41, 9.70026], [76.4026, 9.7106], [76.39406, 9.70626], [76.39405, 9.74722], [76.38039, 9.7851], [76.38405, 9.80264], [76.3965, 9.82266], [76.39405, 9.84284], [76.36379, 9.89924], [76.35922, 9.91543], [76.31153, 9.96695], [76.29428, 9.95134], [76.27829, 9.97773], [76.26931, 10.01626], [76.27394, 10.03583], [76.25507, 10.04768], [76.24513, 10.1022], [76.22769, 10.10959], [76.21534, 10.13825], [76.20753, 10.11713], [76.22901, 10.0659], [76.23097, 10.02582], [76.24266, 9.98749], [76.22821, 9.99995], [76.21475, 10.02423], [76.18247, 10.10545], [76.18458, 10.14492], [76.17775, 10.15534], [76.17751, 10.17063], [76.22413, 10.19693], [76.23634, 10.21027], [76.24171, 10.22394], [76.24024, 10.23896], [76.22282, 10.23446], [76.20631, 10.26288], [76.19484, 10.26862], [76.20786, 10.23456], [76.20947, 10.21601], [76.20167, 10.19969], [76.18409, 10.18936], [76.17059, 10.19376], [76.15307, 10.22044], [76.13813, 10.26136], [76.12062, 10.34357], [76.10613, 10.38467], [76.07009, 10.43281], [76.05242, 10.51398], [76.04461, 10.52928], [76.00808, 10.56709], [75.99968, 10.60554], [75.92206, 10.76557], [75.92398, 10.78053], [75.94158, 10.79621], [75.91115, 10.80924], [75.89463, 10.84953], [75.88014, 10.93268], [75.83277, 11.09785], [75.73081, 11.33174], [75.72927, 11.34365], [75.73951, 11.35073], [75.74244, 11.35871], [75.73552, 11.37153], [75.72204, 11.36768], [75.7112, 11.38179], [75.67709, 11.4501], [75.66481, 11.46263], [75.61677, 11.47354], [75.60901, 11.48476], [75.60084, 11.52338], [75.58189, 11.54979], [75.5853, 11.56338], [75.53077, 11.69367], [75.50611, 11.72724], [75.37973, 11.86498], [75.35581, 11.85766], [75.34938, 11.87198], [75.32456, 11.89912], [75.30764, 11.93219], [75.32651, 11.93586], [75.40024, 11.92023], [75.40024, 11.92646], [75.38657, 11.93513], [75.38283, 11.9455], [75.3934, 11.97484], [75.38022, 11.9687], [75.36133, 11.95125], [75.34913, 11.94758], [75.31628, 11.95556], [75.30241, 11.96593], [75.27892, 12.00305], [75.2811, 12.01065], [75.31471, 12.00837], [75.32976, 12.01264], [75.32496, 12.02265], [75.30421, 12.04316], [75.26433, 12.01333], [75.26051, 11.99779], [75.27667, 11.96749], [75.24562, 12.00292], [75.22218, 12.02204], [75.21062, 12.01699], [75.20849, 12.0084], [75.1937, 12.02229], [75.18051, 12.0773], [75.14393, 12.16104], [75.13093, 12.20761], [75.13966, 12.2486], [75.12672, 12.24584], [75.10549, 12.22128], [75.10475, 12.24608], [75.09864, 12.26903], [75.08286, 12.30589], [75.01851, 12.41455], [75.00994, 12.44379], [74.99204, 12.46174], [74.98536, 12.49136], [74.95515, 12.5375], [74.87965, 12.72549], [74.85573, 12.75943], [74.85231, 12.79731], [74.82766, 12.82466], [74.82498, 12.83818], [74.85914, 12.82461], [74.88112, 12.84804], [74.91749, 12.85814], [74.93287, 12.86644], [74.94093, 12.87861], [74.89479, 12.87116], [74.8506, 12.85717], [74.81756, 12.86177], [74.77029, 13.05244], [74.78338, 13.08466], [74.76922, 13.09956], [74.76301, 13.11861], [74.75978, 13.15522], [74.74875, 13.17102], [74.73341, 13.26276], [74.7151, 13.33104], [74.68948, 13.38158], [74.69459, 13.39313], [74.68752, 13.41035], [74.68093, 13.46821], [74.6937, 13.41527], [74.70826, 13.41303], [74.70192, 13.42036], [74.70143, 13.46137], [74.6771, 13.52676], [74.67351, 13.61909], [74.66669, 13.63274], [74.67709, 13.63032], [74.68093, 13.64695], [74.69679, 13.64045], [74.70997, 13.64057], [74.73561, 13.6538], [74.72055, 13.65229], [74.71293, 13.65618], [74.68833, 13.68595], [74.68898, 13.69086], [74.70143, 13.69477], [74.68776, 13.71182], [74.67604, 13.70108], [74.66049, 13.66009], [74.64691, 13.69233], [74.62315, 13.77385], [74.61459, 13.83552], [74.584, 13.90388], [74.50489, 14.01003], [74.49546, 14.0304], [74.49537, 14.07152], [74.47487, 14.1057], [74.47316, 14.16169], [74.46746, 14.18138], [74.43874, 14.22013], [74.42906, 14.24043], [74.43337, 14.26337], [74.44703, 14.25397], [74.47104, 14.24868], [74.50896, 14.25031], [74.50001, 14.25796], [74.42795, 14.28374], [74.41538, 14.3011], [74.41261, 14.34479], [74.39699, 14.37275], [74.39422, 14.41079], [74.38161, 14.43123], [74.37428, 14.46727], [74.35386, 14.50508], [74.3519, 14.53022], [74.36702, 14.51235], [74.38884, 14.46271], [74.40724, 14.46198], [74.39764, 14.4754], [74.40114, 14.47971], [74.42774, 14.47626], [74.38543, 14.52412], [74.37242, 14.53021], [74.37924, 14.54458], [74.36834, 14.54971], [74.35873, 14.54459], [74.35548, 14.55707], [74.35874, 14.57123], [74.34295, 14.56367], [74.33905, 14.52401], [74.32488, 14.51725], [74.30983, 14.51945], [74.30056, 14.52741], [74.30356, 14.53767], [74.29592, 14.56501], [74.29519, 14.5873], [74.30738, 14.60187], [74.33904, 14.60594], [74.33904, 14.61278], [74.3239, 14.6186], [74.28712, 14.60596], [74.27574, 14.61037], [74.26809, 14.61994], [74.26687, 14.63129], [74.27621, 14.64008], [74.26923, 14.65893], [74.26319, 14.70161], [74.25294, 14.71894], [74.23406, 14.73408], [74.22047, 14.7381], [74.20875, 14.73184], [74.19435, 14.71582], [74.17384, 14.74994], [74.15334, 14.74996], [74.14584, 14.76362], [74.11134, 14.78035], [74.09646, 14.79337], [74.09133, 14.81141], [74.10914, 14.80264], [74.11402, 14.80842], [74.11869, 14.83187], [74.14047, 14.83877], [74.15154, 14.8351], [74.15952, 14.82567], [74.17897, 14.85626], [74.20776, 14.86659], [74.23308, 14.86457], [74.2352, 14.87653], [74.2112, 14.88736], [74.20802, 14.90082], [74.19751, 14.89087], [74.16619, 14.87653], [74.14088, 14.85269], [74.12501, 14.84585], [74.11183, 14.84619], [74.10305, 14.85693], [74.09116, 14.8876], [74.03599, 14.9213], [74.0303, 14.93521], [74.03598, 14.97964], [74.03126, 14.99531], [73.99579, 15.0107], [73.97299, 15.05687], [73.96437, 15.06464], [73.91311, 15.07893], [73.92898, 15.12058], [73.93703, 15.13043], [73.95826, 15.14313], [73.96217, 15.15204], [73.95411, 15.16828], [73.94728, 15.16085], [73.89129, 15.34321], [73.88258, 15.35529], [73.82741, 15.36519], [73.8104, 15.3776], [73.78291, 15.40789], [73.83937, 15.40404], [73.86012, 15.40785], [73.88494, 15.39802], [73.89959, 15.40789], [73.93336, 15.39541], [73.94532, 15.38569], [73.95411, 15.36628], [73.96778, 15.37376], [73.93702, 15.41132], [73.92758, 15.41739], [73.88592, 15.43521], [73.85858, 15.43522], [73.84156, 15.44888], [73.80616, 15.45222], [73.79641, 15.44889], [73.79519, 15.46076], [73.80048, 15.475], [73.81756, 15.49665], [73.87224, 15.51093], [73.85955, 15.52117], [73.86598, 15.53758], [73.78639, 15.49219], [73.7665, 15.49721], [73.75124, 15.51313], [73.75611, 15.53758], [73.7368, 15.57198], [73.73708, 15.59853], [73.76043, 15.63202], [73.83815, 15.65428], [73.83815, 15.66112], [73.78387, 15.65912], [73.72828, 15.61959], [73.71828, 15.62715], [73.69803, 15.66261], [73.6859, 15.70429], [73.68679, 15.71313], [73.70086, 15.72321], [73.65623, 15.73024], [73.64626, 15.73689], [73.64625, 15.79214], [73.63885, 15.81721], [73.60467, 15.88085], [73.58758, 15.9029], [73.51023, 15.96747], [73.49099, 15.99348], [73.48733, 16.01423], [73.51596, 16.0174], [73.51596, 16.02485], [73.4839, 16.02823], [73.47251, 16.03637], [73.46485, 16.05166], [73.45038, 16.05891], [73.4471, 16.06871], [73.4607, 16.08633], [73.46339, 16.15957], [73.48797, 16.18936], [73.46502, 16.18228], [73.45281, 16.16657], [73.44703, 16.11364], [73.44024, 16.16171], [73.4402, 16.20234], [73.43523, 16.21784], [73.41993, 16.21664], [73.41347, 16.22419], [73.37868, 16.33271], [73.37867, 16.35692], [73.35826, 16.36751], [73.36444, 16.3893], [73.38494, 16.4016], [73.35207, 16.41812], [73.34133, 16.43208], [73.334, 16.46817], [73.31918, 16.50975], [73.30585, 16.52266], [73.30305, 16.53282], [73.30731, 16.56316], [73.344, 16.52359], [73.37867, 16.5183], [73.36231, 16.52546], [73.35085, 16.53814], [73.37127, 16.55927], [73.35402, 16.55964], [73.33623, 16.56578], [73.32278, 16.57617], [73.31464, 16.59943], [73.35825, 16.62067], [73.35841, 16.60395], [73.36305, 16.59683], [73.36866, 16.59903], [73.37127, 16.61017], [73.36647, 16.62808], [73.35426, 16.63467], [73.33888, 16.63166], [73.32351, 16.62068], [73.31213, 16.64493], [73.31244, 16.65814], [73.3235, 16.6791], [73.32162, 16.69245], [73.30031, 16.71321], [73.28957, 16.74022], [73.30445, 16.79352], [73.30372, 16.81314], [73.29689, 16.80566], [73.28664, 16.82087], [73.27468, 16.84883], [73.26939, 16.87563], [73.27955, 16.88764], [73.26939, 16.92919], [73.27053, 16.94501], [73.2894, 16.98383], [73.26239, 16.99698], [73.2547, 17.00657], [73.26271, 17.01854], [73.25124, 17.03218], [73.25149, 17.04242], [73.25896, 17.04408], [73.26938, 17.03164], [73.27735, 17.05467], [73.27573, 17.0786], [73.25515, 17.121], [73.26197, 17.13496], [73.26059, 17.15054], [73.23619, 17.19921], [73.23601, 17.22061], [73.21804, 17.25324], [73.21485, 17.26874], [73.18704, 17.30596], [73.23121, 17.27928], [73.24903, 17.28486], [73.23472, 17.30232], [73.19597, 17.36937], [73.17059, 17.38972], [73.16531, 17.41303], [73.1854, 17.44188], [73.17336, 17.45743], [73.18068, 17.47769], [73.16554, 17.5034], [73.1317, 17.53938], [73.126, 17.55655], [73.12795, 17.56468], [73.16342, 17.56948], [73.20069, 17.58649], [73.13918, 17.60078], [73.12819, 17.61156], [73.12143, 17.62623], [73.1203, 17.64203], [73.12615, 17.65542], [73.10549, 17.68891], [73.12322, 17.72333], [73.1233, 17.73578], [73.10989, 17.75829], [73.10133, 17.79633], [73.07945, 17.82462], [73.0652, 17.87836], [73.01858, 17.95173], [73.01711, 17.97211], [73.03541, 17.99185], [73.0187, 17.99264], [73.00865, 18.00024], [73.00523, 18.01236], [73.00896, 18.02609], [73.04225, 18.04898], [73.04347, 18.06696], [73.02272, 18.05768], [73.00881, 18.03902], [72.98733, 18.06656], [72.98098, 18.08055], [72.98813, 18.09601], [72.9761, 18.11864], [72.9673, 18.19599], [72.95485, 18.21751], [72.92695, 18.22395], [72.93995, 18.25129], [72.93329, 18.26659], [72.93996, 18.28602], [72.95313, 18.28131], [72.97267, 18.2447], [73.01246, 18.24314], [73.05095, 18.22747], [73.06349, 18.21035], [73.04762, 18.20116], [73.04762, 18.18879], [73.05746, 18.18561], [73.07154, 18.20409], [73.07398, 18.22419], [73.06529, 18.25755], [73.07154, 18.27302], [73.05698, 18.28095], [73.01225, 18.27925], [72.99489, 18.2836], [72.97739, 18.29508], [72.96804, 18.31061], [72.97478, 18.32758], [72.95876, 18.32812], [72.9336, 18.35493], [72.91733, 18.3564], [72.91262, 18.36116], [72.91017, 18.39924], [72.89142, 18.4296], [72.89143, 18.48059], [72.89577, 18.50299], [72.90724, 18.52358], [72.92466, 18.53562], [72.94694, 18.53226], [72.96111, 18.51773], [72.99024, 18.46996], [73.0088, 18.45051], [73.01499, 18.46996], [72.98878, 18.48994], [72.97788, 18.52411], [72.9603, 18.55467], [72.95021, 18.56037], [72.92115, 18.55489], [72.91018, 18.55899], [72.88217, 18.63548], [72.86452, 18.64892], [72.85533, 18.68114], [72.85176, 18.71945], [72.8524, 18.76992], [72.86546, 18.79921], [72.87916, 18.80735], [72.90203, 18.79951], [72.91261, 18.79999], [72.92693, 18.82663], [72.97477, 18.77948], [72.96632, 18.76142], [72.96957, 18.74698], [72.98064, 18.73676], [72.99513, 18.73102], [72.98806, 18.75385], [72.99171, 18.77936], [73.00246, 18.80145], [73.01629, 18.81362], [72.98797, 18.82495], [72.9813, 18.83271], [72.97479, 18.84833], [72.9817, 18.87149], [72.97218, 18.87425], [72.94614, 18.85831], [72.91628, 18.87052], [72.89683, 18.89448], [72.91261, 18.92347], [72.92807, 18.91136], [72.93458, 18.9208], [72.93679, 18.94741], [72.94923, 18.95148], [72.97722, 18.94843], [72.98829, 18.96442], [72.95364, 18.96442], [72.95364, 18.97125], [73.04664, 18.99518], [73.05681, 19.01533], [73.03981, 19.01752], [72.9883, 18.99861], [72.98358, 19.01044], [72.9878, 19.03693], [72.98098, 19.04637], [72.99187, 19.06721], [72.97381, 19.07857], [72.96731, 19.09101], [72.97478, 19.16307], [72.9673, 19.16307], [72.95003, 19.12792], [72.93556, 19.11506], [72.93392, 19.08031], [72.92693, 19.06684], [72.94336, 19.05512], [72.93425, 19.03409], [72.89146, 18.99179], [72.88526, 19.02586], [72.86931, 19.01142], [72.83627, 18.95913], [72.82129, 18.90331], [72.81251, 18.89746], [72.80276, 18.90982], [72.80738, 18.94282], [72.80274, 18.95759], [72.79591, 18.95759], [72.77541, 18.93653], [72.77037, 18.94819], [72.80242, 18.99966], [72.80276, 19.04017], [72.81707, 19.0327], [72.82423, 19.05353], [72.8213, 19.06318], [72.8096, 19.06685], [72.82309, 19.10847], [72.80959, 19.14633], [72.82309, 19.16926], [72.81804, 19.17536], [72.81121, 19.17552], [72.79216, 19.15047], [72.78493, 19.15039], [72.7816, 19.15965], [72.8025, 19.21162], [72.83009, 19.25243], [72.81512, 19.25365], [72.7894, 19.21735], [72.77541, 19.20468], [72.77226, 19.26545], [72.77565, 19.29902], [72.78542, 19.3139], [72.83937, 19.31907], [72.86704, 19.3168], [72.88551, 19.29605], [72.93035, 19.28657], [72.95973, 19.29483], [72.97267, 19.29369], [72.98829, 19.27912], [73.01051, 19.22431], [73.02662, 19.20551], [73.04965, 19.21772], [73.03004, 19.22773], [73.02914, 19.25934], [72.9878, 19.30069], [72.97096, 19.30703], [72.91676, 19.30337], [72.89894, 19.30703], [72.85532, 19.3395], [72.83692, 19.34805], [72.81853, 19.33027], [72.80212, 19.33193], [72.78762, 19.34521], [72.76357, 19.38], [72.7482, 19.44456], [72.74685, 19.46796], [72.75442, 19.48175], [72.87916, 19.53238], [72.8567, 19.54133], [72.81593, 19.52852], [72.79591, 19.52681], [72.78127, 19.53657], [72.77068, 19.56615], [72.74195, 19.5808], [72.73455, 19.5808], [72.74072, 19.56074], [72.73455, 19.54662], [72.75477, 19.52721], [72.75561, 19.51936], [72.74919, 19.51261], [72.74155, 19.51603], [72.72252, 19.53629], [72.7108, 19.58759], [72.71803, 19.60668], [72.70965, 19.64997], [72.68671, 19.72478], [72.69995, 19.71417], [72.70777, 19.69745], [72.72641, 19.7058], [72.71405, 19.74583], [72.7173, 19.75152], [72.73129, 19.75458], [72.73276, 19.77973], [72.72828, 19.79365], [72.69011, 19.74898], [72.67792, 19.74658], [72.67986, 19.80048], [72.65006, 19.84219], [72.64919, 19.85199], [72.66424, 19.88158], [72.66522, 19.95294], [72.68434, 19.96402], [72.70338, 19.99763], [72.70777, 20.01276], [72.71026, 20.08275], [72.72828, 20.12946], [72.73765, 20.18427], [72.75229, 20.20376], [72.75563, 20.21516], [72.7444, 20.2194], [72.74197, 20.22505], [72.74823, 20.28034], [72.77752, 20.33006], [72.7816, 20.35227], [72.79819, 20.35932], [72.81707, 20.37592], [72.82945, 20.43793], [72.87916, 20.51244], [72.88648, 20.53156], [72.89145, 20.57514], [72.88528, 20.61921], [72.88845, 20.62848], [72.9026, 20.64191], [72.90943, 20.69868], [72.90797, 20.71833], [72.89895, 20.73216], [72.94028, 20.75943], [72.94679, 20.75947], [72.945, 20.77001], [72.91945, 20.78743], [72.92498, 20.81061], [72.91944, 20.82152], [72.90024, 20.79915], [72.88576, 20.80712], [72.88015, 20.8299], [72.88844, 20.85196], [72.9004, 20.86811], [72.89381, 20.87006], [72.8812, 20.86567], [72.83695, 20.83587], [72.84588, 20.85179], [72.85427, 20.88715], [72.86492, 20.89728], [72.8367, 20.92992], [72.85646, 20.94797], [72.88648, 20.9621], [72.88844, 20.98261], [72.8327, 20.97237], [72.81609, 20.99901], [72.78742, 21.00701], [72.77199, 21.02388], [72.76687, 21.03855], [72.78395, 21.04042], [72.82309, 21.03384], [72.84498, 21.03832], [72.84986, 21.048], [72.80958, 21.13003], [72.75563, 21.10958], [72.74195, 21.12324], [72.73561, 21.11074], [72.73454, 21.09248], [72.70038, 21.07479], [72.70583, 21.10635], [72.72869, 21.1481], [72.71404, 21.16413], [72.70655, 21.15771], [72.6867, 21.15815], [72.67644, 21.15363], [72.6727, 21.14574], [72.67123, 21.09981], [72.6587, 21.0976], [72.63787, 21.08541], [72.62966, 21.08797], [72.61501, 21.10587], [72.6155, 21.11981], [72.63039, 21.13596], [72.71177, 21.19402], [72.72104, 21.1988], [72.73455, 21.19892], [72.72364, 21.20913], [72.68768, 21.22046], [72.67319, 21.23908], [72.64699, 21.25361], [72.64576, 21.27338], [72.61827, 21.25308], [72.60214, 21.27744], [72.59791, 21.30756], [72.58678, 21.34121], [72.59054, 21.34855], [72.63852, 21.35716], [72.64576, 21.36278], [72.63868, 21.37124], [72.59409, 21.36278], [72.57912, 21.36694], [72.56765, 21.37642], [72.56464, 21.3858], [72.6351, 21.40746], [72.72828, 21.46581], [72.74708, 21.45287], [72.75262, 21.46357], [72.74855, 21.47964], [72.73829, 21.48286], [72.66505, 21.45722], [72.61247, 21.42187], [72.58369, 21.41744], [72.61965, 21.48736], [72.65105, 21.50703], [72.69033, 21.5408], [72.70395, 21.5484], [72.72682, 21.55317], [72.7732, 21.58051], [72.78907, 21.59553], [72.8104, 21.63507], [72.8229, 21.64381], [72.87159, 21.63654], [72.88966, 21.64053], [72.93556, 21.65835], [72.96534, 21.67878], [73.02247, 21.69855], [73.08497, 21.72968], [73.11695, 21.73725], [73.13201, 21.7578], [73.12615, 21.76683], [73.11883, 21.76472], [73.084, 21.74641], [73.04664, 21.73334], [73.02247, 21.71601], [72.99147, 21.70844], [72.95021, 21.68915], [72.92716, 21.685], [72.85817, 21.69497], [72.81918, 21.67505], [72.79811, 21.67354], [72.73325, 21.68749], [72.67644, 21.67814], [72.61606, 21.68545], [72.55008, 21.66678], [72.53469, 21.67293], [72.52851, 21.69514], [72.55633, 21.77432], [72.56691, 21.84934], [72.58546, 21.85887], [72.61859, 21.92525], [72.63405, 21.93748], [72.65189, 21.94102], [72.69012, 21.93879], [72.70232, 21.94758], [72.71404, 21.98298], [72.73455, 21.98656], [72.73455, 21.99404], [72.70777, 21.99404], [72.70094, 21.98892], [72.69354, 21.97233], [72.62306, 21.96662], [72.6027, 21.9436], [72.58205, 21.92835], [72.54274, 21.91085], [72.53324, 21.92052], [72.50175, 21.97624], [72.52223, 22.05427], [72.51955, 22.08844], [72.53004, 22.10749], [72.536, 22.14078], [72.54229, 22.15689], [72.57562, 22.19464], [72.59051, 22.20502], [72.61389, 22.21168], [72.63445, 22.21039], [72.6819, 22.18159], [72.70802, 22.1857], [72.72925, 22.17743], [72.74822, 22.16405], [72.79022, 22.21723], [72.81227, 22.23411], [72.84742, 22.24041], [72.89723, 22.21304], [72.91603, 22.22309], [72.92213, 22.23652], [72.9227, 22.25458], [72.91749, 22.27143], [72.90577, 22.2814], [72.89947, 22.26909], [72.88608, 22.26241], [72.86974, 22.2624], [72.83863, 22.27656], [72.81821, 22.27342], [72.7566, 22.24373], [72.72658, 22.24894], [72.65943, 22.27391], [72.62501, 22.2714], [72.60662, 22.28384], [72.57374, 22.28823], [72.55307, 22.28246], [72.50171, 22.24043], [72.46616, 22.23258], [72.45705, 22.23673], [72.45486, 22.2453], [72.46697, 22.25585], [72.46388, 22.26398], [72.44874, 22.26683], [72.41375, 22.24633], [72.39186, 22.25349], [72.38108, 22.28975], [72.38039, 22.3124], [72.40496, 22.33295], [72.40805, 22.35346], [72.39723, 22.36677], [72.37135, 22.3559], [72.36101, 22.34345], [72.3405, 22.30321], [72.32829, 22.26074], [72.30909, 22.25724], [72.27516, 22.26033], [72.2632, 22.27637], [72.26466, 22.29523], [72.24041, 22.30191], [72.20851, 22.30044], [72.20094, 22.29145], [72.20631, 22.27391], [72.16179, 22.28095], [72.14877, 22.2779], [72.16603, 22.26032], [72.19068, 22.25129], [72.20924, 22.25943], [72.24041, 22.28824], [72.2461, 22.27558], [72.23414, 22.24356], [72.23911, 22.23892], [72.26832, 22.22675], [72.30648, 22.22955], [72.31722, 22.18488], [72.30762, 22.07901], [72.29566, 22.05118], [72.29176, 22.05341], [72.27515, 22.02754], [72.25765, 22.01216], [72.23732, 22.00703], [72.22096, 22.01097], [72.21648, 22.0078], [72.21436, 21.99405], [72.20631, 21.99405], [72.19988, 22.00698], [72.18636, 21.98656], [72.1731, 21.97566], [72.16343, 21.97322], [72.1517, 21.99388], [72.13429, 22.00458], [72.11378, 22.01056], [72.09702, 22.00702], [72.12809, 21.98354], [72.12484, 21.97233], [72.11492, 21.9694], [72.07651, 21.97972], [72.10449, 21.95922], [72.10205, 21.94506], [72.0962, 21.94303], [72.07325, 21.9545], [72.05519, 21.95352], [72.03842, 21.94758], [72.02866, 21.93879], [72.1045, 21.91767], [72.15647, 21.92584], [72.14536, 21.91767], [72.14536, 21.91083], [72.15918, 21.9046], [72.15235, 21.89785], [72.16976, 21.89044], [72.16, 21.86591], [72.16943, 21.84138], [72.16188, 21.83919], [72.13088, 21.84627], [72.09848, 21.88052], [72.07765, 21.89444], [72.05795, 21.89875], [72.04933, 21.88044], [72.08643, 21.86562], [72.10449, 21.83577], [72.08676, 21.83028], [72.0631, 21.83433], [72.00416, 21.85773], [71.99732, 21.85493], [71.99464, 21.8395], [71.9961, 21.79951], [72.00148, 21.78791], [72.02181, 21.80095], [72.02182, 21.77432], [72.0739, 21.78871], [72.1032, 21.77521], [72.11744, 21.7766], [72.16624, 21.79381], [72.17106, 21.79095], [72.17701, 21.76667], [72.1958, 21.75779], [72.20239, 21.74811], [72.21437, 21.71284], [72.22381, 21.70059], [72.24041, 21.69172], [72.27173, 21.69089], [72.27833, 21.67194], [72.29565, 21.65387], [72.29883, 21.62629], [72.29565, 21.61604], [72.27516, 21.59553], [72.24219, 21.48078], [72.22004, 21.44495], [72.16684, 21.39208], [72.15144, 21.35998], [72.1045, 21.31501], [72.11149, 21.29609], [72.10775, 21.28999], [72.09702, 21.28766], [72.10254, 21.2744], [72.09083, 21.25292], [72.10449, 21.22215], [72.10474, 21.20507], [72.09083, 21.19148], [72.06666, 21.18134], [72.05502, 21.16837], [71.99073, 21.13639], [71.92628, 21.13003], [71.75621, 21.03066], [71.71254, 21.05998], [71.6603, 21.11013], [71.61922, 21.16918], [71.60143, 21.2063], [71.59196, 21.21071], [71.51385, 21.17085], [71.293, 21.02991], [71.22314, 20.99877], [71.14756, 20.98285], [71.06205, 20.98644], [70.9612, 21.01391], [70.85551, 21.06041], [70.75298, 21.11761], [70.6541, 21.18385], [70.55826, 21.25826], [70.46651, 21.3388], [70.37878, 21.42417], [70.21632, 21.60342], [70.17413, 21.66352], [70.13683, 21.73192], [70.03375, 21.94886], [69.99475, 22.01372], [69.95102, 22.06764], [69.9368, 22.0792], [69.92967, 22.08072], [69.83753, 22.06178], [69.75109, 22.01805], [69.75248, 22.00582], [69.82291, 21.92771], [69.83945, 21.91735], [69.80027, 21.8976], [69.72862, 21.87437], [69.6535, 21.8645], [69.57776, 21.86837], [69.5043, 21.88583], [69.43581, 21.91626], [69.3578, 21.96177], [69.27962, 22.02381], [69.23233, 22.07004], [69.1537, 22.1827], [69.13627, 22.21974], [69.10662, 22.32135], [69.09572, 22.39848], [69.12273, 22.41107], [69.14698, 22.40485], [69.17856, 22.42763], [69.18824, 22.42641], [69.20215, 22.41486], [69.20573, 22.39867], [69.18214, 22.36644], [69.1853, 22.34968], [69.16969, 22.32795], [69.17384, 22.30829], [69.19044, 22.2923], [69.21208, 22.28139], [69.21209, 22.27391], [69.28647, 22.28461], [69.3357, 22.30614], [69.34645, 22.32489], [69.35988, 22.32916], [69.4354, 22.33039], [69.47967, 22.34223], [69.5027, 22.37225], [69.51987, 22.37763], [69.52564, 22.39208], [69.51373, 22.43135], [69.51597, 22.44814], [69.53077, 22.44611], [69.54785, 22.45208], [69.56168, 22.39182], [69.5547, 22.37763], [69.61606, 22.3559], [69.61989, 22.37104], [69.62973, 22.38376], [69.64039, 22.37596], [69.66945, 22.40924], [69.69939, 22.40428], [69.73341, 22.48003], [69.79493, 22.41861], [69.80698, 22.42097], [69.82229, 22.45209], [69.83327, 22.46381], [69.86378, 22.46577], [69.88478, 22.47358], [69.97299, 22.54144], [69.99627, 22.54145], [70.02085, 22.55511], [70.05882, 22.55839], [70.1447, 22.5478], [70.17848, 22.56196], [70.2073, 22.61497], [70.23487, 22.64887], [70.2674, 22.70615], [70.3191, 22.77827], [70.32325, 22.78767], [70.32253, 22.82266], [70.34295, 22.84317], [70.37527, 22.90265], [70.40463, 22.9195], [70.43687, 22.95489], [70.45338, 22.96661], [70.48634, 22.96369], [70.50473, 22.97956], [70.52719, 23.02359], [70.52849, 23.04707], [70.5149, 23.08954], [70.48422, 23.12214], [70.46713, 23.12971], [70.45093, 23.10567], [70.41066, 23.086], [70.39877, 23.06904], [70.40105, 23.0454], [70.41097, 23.02318], [70.40187, 22.99925], [70.40161, 22.95384], [70.39242, 22.94087], [70.36354, 22.93871], [70.34669, 22.93131], [70.32569, 22.94501], [70.30348, 22.93815], [70.29176, 22.95303], [70.2693, 22.95857], [70.24969, 22.98745], [70.23308, 23.00015], [70.23193, 22.97492], [70.22201, 22.95918], [70.20411, 22.95223], [70.17848, 22.95303], [70.1631, 22.94897], [70.14747, 22.96605], [70.12906, 22.96933], [70.12501, 22.97598], [70.13063, 22.99396], [70.10955, 22.95917], [70.13232, 22.94106], [70.13541, 22.93001], [70.06178, 22.9182], [69.99691, 22.8938], [69.94068, 22.88614], [69.88429, 22.86784], [69.83318, 22.85847], [69.78012, 22.82746], [69.7601, 22.80834], [69.72884, 22.75484], [69.71583, 22.74691], [69.65382, 22.76048], [69.58571, 22.76119], [69.55698, 22.77851], [69.4998, 22.78175], [69.47218, 22.79466], [69.42466, 22.80428], [69.40594, 22.81367], [69.37257, 22.819], [69.32981, 22.83383], [69.41083, 22.87444], [69.39549, 22.95234], [69.396, 23.02307], [69.41145, 23.09193], [69.42462, 23.12498], [69.45884, 23.18592], [69.39551, 23.27226], [69.28568, 23.44617], [69.22981, 23.52634], [69.16781, 23.5955], [69.11735, 23.63224], [69.10643, 23.63207], [69.00866, 23.55743], [68.94357, 23.51942], [68.94243, 23.51048], [68.97347, 23.45091], [68.99123, 23.39073], [68.93586, 23.36693], [68.89923, 23.3564], [68.86119, 23.34912], [68.78512, 23.34502], [68.68891, 23.35771], [68.57196, 23.39002], [68.52418, 23.40925], [68.54103, 23.41169], [68.53012, 23.42569], [68.51321, 23.41854], [68.50148, 23.42329], [68.49916, 23.42081], [68.46351, 23.44003], [68.4655, 23.44579], [68.45971, 23.44236], [68.43093, 23.46094], [68.44744, 23.48745], [68.46543, 23.50512], [68.48585, 23.51411], [68.48129, 23.52513], [68.46803, 23.51984], [68.45867, 23.52147], [68.43735, 23.54881], [68.44744, 23.51634], [68.44695, 23.503], [68.43116, 23.49361], [68.41164, 23.49471], [68.40611, 23.50874], [68.41082, 23.54881], [68.40497, 23.5976], [68.40888, 23.62132], [68.4275, 23.6314], [68.47153, 23.61864], [68.49147, 23.61884], [68.49269, 23.6376], [68.48618, 23.64142], [68.46877, 23.64082], [68.46552, 23.65526], [68.46942, 23.65924], [68.50473, 23.67421], [68.53354, 23.67918], [68.58365, 23.7354], [68.60174, 23.74867], [68.63787, 23.76154], [68.65457, 23.79905], [68.67075, 23.81573], [68.7256, 23.81892], [68.74513, 23.83307], [68.76881, 23.84113], [68.82162, 23.8784], [68.80568, 23.88443], [68.78004, 23.8741], [68.76694, 23.8784], [68.74024, 23.85347], [68.71778, 23.84102], [68.63347, 23.83308], [68.62306, 23.82441], [68.59868, 23.78177], [68.5547, 23.76854], [68.51001, 23.7441], [68.47283, 23.73749], [68.42774, 23.7143], [68.34197, 23.62397], [68.35156, 23.61782], [68.35303, 23.61066], [68.32732, 23.58691], [68.29161, 23.59032], [68.27035, 23.61764], [68.2455, 23.65917], [68.27589, 23.66584], [68.28045, 23.68598], [68.25896, 23.67471], [68.23698, 23.67598], [68.19999, 23.75749], [68.18396, 23.81925], [68.17314, 23.90248], [68.20729, 23.87702], [68.23995, 23.89312], [68.25679, 23.89193], [68.26036, 23.89555], [68.25194, 23.90482], [68.25493, 23.92911], [68.26393, 23.93593], [68.274, 23.93769], [68.2862, 23.91637], [68.30041, 23.91051], [68.31405, 23.91591], [68.33503, 23.941], [68.32986, 23.95815], [68.33043, 23.96657], [68.34263, 23.96856], [68.34888, 23.96461], [68.3524, 23.95655], [68.35364, 23.93929], [68.38547, 23.96042], [68.43156, 23.96714], [68.72447, 23.96518], [68.72591, 24.28922], [68.74731, 24.33118], [68.37932, 24.57399], [68.29167, 24.61261], [68.21716, 24.69401], [68.10431, 24.88843], [68.03818, 24.96455], [67.94612, 25.00112], [67.82247, 24.9809], [67.6215, 24.89869], [67.61848, 24.88977], [67.63333, 24.85325], [67.64901, 24.7829], [67.64889, 24.7116], [67.63936, 24.66285], [67.64753, 24.59267], [67.67723, 24.55848], [67.61995, 24.51322], [67.55325, 24.47844], [67.38943, 24.41612], [67.27237, 24.37848], [67.28663, 24.43952], [67.25881, 24.41911], [67.25685, 24.44497], [67.24684, 24.46796], [67.21096, 24.50845], [67.2308, 24.52509], [67.22674, 24.53237], [67.20412, 24.53511], [67.19471, 24.54711], [67.18362, 24.5903], [67.21811, 24.58242], [67.25262, 24.59032], [67.209, 24.61376], [67.19044, 24.61766], [67.15971, 24.61234], [67.15212, 24.61572], [67.1496, 24.63508], [67.15701, 24.6629], [67.17556, 24.6887], [67.20011, 24.71074], [67.25294, 24.74038], [67.25554, 24.74799], [67.24513, 24.76166], [67.23268, 24.77074], [67.17628, 24.75776], [67.16734, 24.76017], [67.15602, 24.79157], [67.13966, 24.80329], [67.09995, 24.79708], [67.08123, 24.80329], [67.07374, 24.7958], [67.08251, 24.77417], [67.06374, 24.7817], [67.02296, 24.81004], [66.98732, 24.82222], [66.9651, 24.84357], [66.95769, 24.84357], [66.95786, 24.82543], [66.96508, 24.81006], [66.94118, 24.81258], [66.88209, 24.85102], [66.85377, 24.85224], [66.8025, 24.83956], [66.77963, 24.85102], [66.71632, 24.84154], [66.6797, 24.83056], [66.65416, 24.83919], [66.65691, 24.85888], [66.67702, 24.87953], [66.70444, 24.89203], [66.70444, 24.89887], [66.68134, 24.91055], [66.68134, 24.94888], [66.69703, 25.02546], [66.69961, 25.08548], [66.71345, 25.12057], [66.73227, 25.14326], [66.73797, 25.15949], [66.73715, 25.1811], [66.72146, 25.2126], [66.71754, 25.23119], [66.71022, 25.23924], [66.67408, 25.26903], [66.64805, 25.2834], [66.59522, 25.33023], [66.56073, 25.34968], [66.54787, 25.36563], [66.55373, 25.38543], [66.57928, 25.37938], [66.59116, 25.3996], [66.58709, 25.42622], [66.56423, 25.43945], [66.55056, 25.4571], [66.53102, 25.51813], [66.51271, 25.50838], [66.50587, 25.52204], [66.49285, 25.51806], [66.47788, 25.5493], [66.44411, 25.58251], [66.43702, 25.59772], [66.41212, 25.59057], [66.38771, 25.59245], [66.37258, 25.60391], [66.3755, 25.62568], [66.35869, 25.61451], [66.33855, 25.60811], [66.30323, 25.60458], [66.25815, 25.61201], [66.23975, 25.59993], [66.20395, 25.59321], [66.18344, 25.58161], [66.16717, 25.56607], [66.13737, 25.51383], [66.10963, 25.49543], [66.09441, 25.47484], [66.1211, 25.47517], [66.21306, 25.49136], [66.24156, 25.51845], [66.2588, 25.52485], [66.25816, 25.54311], [66.30912, 25.55399], [66.33643, 25.55336], [66.34831, 25.5462], [66.35271, 25.53555], [66.38851, 25.52203], [66.42319, 25.48102], [66.43727, 25.49127], [66.45623, 25.49603], [66.47584, 25.4933], [66.49218, 25.48102], [66.45753, 25.45376], [66.49789, 25.43048], [66.51155, 25.41421], [66.49838, 25.39852], [66.48367, 25.40067], [66.43702, 25.43325], [66.35955, 25.46524], [66.31186, 25.47492], [66.27866, 25.46736], [66.2518, 25.47289], [66.15919, 25.44694], [66.06902, 25.44623], [66.00433, 25.42959], [65.92471, 25.41864], [65.85841, 25.41755], [65.76539, 25.37801], [65.72438, 25.37116], [65.67164, 25.34741], [65.65211, 25.34448], [65.46778, 25.38544], [65.40073, 25.36669], [65.38235, 25.37117], [65.39536, 25.39228], [65.33619, 25.38532], [65.29233, 25.36499], [65.25978, 25.38044], [65.23227, 25.37067], [65.21111, 25.34785], [65.18786, 25.31089], [65.17998, 25.30357], [65.15528, 25.2961], [65.08961, 25.30558], [65.05885, 25.31452], [64.98064, 25.31661], [64.92066, 25.32705], [64.88966, 25.32835], [64.86109, 25.31661], [64.83912, 25.32534], [64.8073, 25.32852], [64.7444, 25.32404], [64.71852, 25.3144], [64.69597, 25.29759], [64.67856, 25.2768], [64.66863, 25.25511], [64.66277, 25.22907], [64.66863, 25.20673], [64.70915, 25.19065], [64.7102, 25.1794], [64.65504, 25.16573], [64.60037, 25.17317], [64.62696, 25.21162], [64.6277, 25.22846], [64.61061, 25.2517], [64.59303, 25.2613], [64.53712, 25.27586], [64.5184, 25.27558], [64.5066, 25.26691], [64.49203, 25.24568], [64.4393, 25.23461], [64.4175, 25.24092], [64.38282, 25.27147], [64.36069, 25.28303], [64.26581, 25.29866], [64.25215, 25.31199], [64.28491, 25.40538], [64.31432, 25.46762], [64.35661, 25.52397], [64.38242, 25.54947], [64.44063, 25.5925], [64.50475, 25.63127], [64.53783, 25.63207], [64.6295, 25.66544], [64.66995, 25.67423], [64.81204, 25.68482], [64.93781, 25.68309], [65.01959, 25.67315], [65.11197, 25.7119], [65.19031, 25.73153], [65.21477, 25.71171], [65.25917, 25.66422], [65.26899, 25.66232], [65.73365, 25.94801], [65.73794, 25.95469], [65.51031, 26.3096], [65.43362, 27.24752], [64.67105, 27.46413], [64.34805, 28.01883], [64.0207, 28.57226], [64.41143, 29.0837], [64.11338, 29.3963], [64.14976, 29.45846], [64.1726, 29.4843], [64.20774, 29.49998], [64.4777, 29.57037], [64.33555, 29.95493], [64.00189, 30.0196], [63.95285, 30.37111], [63.98452, 31.66084], [64.00924, 32.89744], [64.29601, 33.39095], [64.3642, 33.97072], [64.41736, 33.95809], [65.34605, 33.64908], [65.95453, 33.95079], [65.95967, 33.95814], [65.96842, 34.33742], [67.07953, 34.84738], [67.446, 35.56745], [68.16929, 35.97492], [69.01438, 35.88743], [69.79292, 35.80233], [69.99046, 35.55529], [69.99972, 35.55115], [70.71273, 35.8656], [71.17093, 36.027], [71.16592, 36.04571], [71.17538, 36.06116], [71.20762, 36.08762], [71.2177, 36.11806], [71.22307, 36.12539], [71.30209, 36.16332], [71.30901, 36.17273], [71.31397, 36.19402], [71.31914, 36.20058], [71.38244, 36.21857], [71.40275, 36.23138], [71.47908, 36.30052], [71.49582, 36.30962], [71.53892, 36.31928], [71.55835, 36.32786], [71.54223, 36.35639], [71.54719, 36.37163], [71.5723, 36.39168], [71.58036, 36.40233], [71.60072, 36.4493], [71.61044, 36.45793], [71.62915, 36.45953], [71.6493, 36.45276], [71.70687, 36.42145], [71.73632, 36.39592], [71.751, 36.39111], [71.76692, 36.39184], [71.78263, 36.39654], [71.79441, 36.4076], [71.79151, 36.42129], [71.77456, 36.44842], [71.77322, 36.48005], [71.79379, 36.49074], [71.85859, 36.49416], [71.87471, 36.49906], [71.91347, 36.52759], [71.81047, 36.6904], [71.83658, 36.69916], [72.12669, 36.87274], [72.15284, 36.89571], [72.18684, 36.91139], [72.22032, 36.94555], [72.25981, 36.96731], [72.36099, 37.00027], [72.40595, 37.00766], [72.47499, 36.99748], [72.50868, 37.01108], [72.65771, 37.02883], [72.6666, 37.03833], [72.82767, 36.82878], [72.85552, 36.82992], [72.88821, 36.41563], [72.98197, 35.67401], [72.98854, 35.66661], [72.99869, 35.66716], [74.21941, 36.27423], [74.80045, 36.11939], [75.43188, 36.32849], [75.46447, 36.30808], [75.90144, 36.11361], [75.89431, 36.09738], [75.9, 36.06348], [75.92232, 36.03165], [75.95302, 36.00726], [75.98433, 35.99563], [76.06143, 35.9916], [76.08996, 35.97812], [76.11466, 35.94179], [76.12376, 35.90349], [76.12779, 35.8621], [76.13812, 35.82665], [76.16603, 35.80624], [76.1898, 35.805], [76.26039, 35.81782], [76.29656, 35.80949], [76.31196, 35.80965], [76.34886, 35.83099], [76.3841, 35.8282], [76.40312, 35.83099], [76.42245, 35.8543], [76.43206, 35.8605], [76.4765, 35.86525], [76.50017, 35.87151], [76.53717, 35.90251], [76.55546, 35.89786], [76.56528, 35.86546], [76.55112, 35.78402], [76.57076, 35.75126], [76.60424, 35.7357], [76.42375, 35.38889], [76.49235, 35.23691], [76.77703, 34.92768], [76.81705, 34.94076], [76.8526, 34.94335], [76.87958, 34.93709], [76.90593, 34.92314], [76.92112, 34.92071], [76.95296, 34.94655], [77.01311, 34.98639], [77.02861, 35.00339], [77.44402, 34.76032], [77.76003, 34.65539], [78.24274, 34.75229], [78.27319, 34.65887], [78.29603, 34.62466], [78.3353, 34.59438], [78.37943, 34.57867], [78.60732, 34.54647], [78.66458, 34.52642], [78.75068, 34.47128], [78.80173, 34.41501], [78.83925, 34.39689], [78.88586, 34.38576], [78.92214, 34.3723], [78.95118, 34.34917], [78.97619, 34.30917], [78.98539, 34.28636], [78.98849, 34.26313], [78.98549, 34.2399], [78.97619, 34.21716], [78.90323, 34.15812], [78.80607, 34.12298], [78.73011, 34.07926], [78.72112, 33.99439], [78.77031, 33.87235], [78.78726, 33.80843], [78.79408, 33.74391], [78.78137, 33.55278], [78.8009, 33.49424], [78.82426, 33.46106], [78.91769, 33.38626], [78.96499, 33.34425], [79.02304, 33.31798], [79.05328, 33.30787], [79.07505, 33.29574], [79.09803, 33.28766], [79.15021, 33.29255], [79.26006, 33.29178], [79.34031, 33.27513], [79.42008, 33.27517], [79.4561, 33.2504], [79.42348, 33.15783], [79.37317, 33.11214], [79.38106, 33.06177], [79.39927, 33.02688], [79.33979, 33.01326], [79.33359, 32.99429], [79.37846, 32.97888], [79.41409, 32.97205], [79.47109, 32.90896], [79.56409, 32.79393], [79.61391, 32.76503], [79.62067, 32.72872], [79.57617, 32.67065], [79.5312, 32.64832], [79.51574, 32.60812], [79.4435, 32.53477], [79.40682, 32.52968], [79.37948, 32.57645], [79.32047, 32.59227], [79.28741, 32.53258], [79.23561, 32.5043], [79.21525, 32.50791], [79.19117, 32.50427], [79.13288, 32.48546], [79.11293, 32.47239], [79.1029, 32.44986], [79.09174, 32.39056], [79.07531, 32.37079], [79.02818, 32.37709], [78.97619, 32.36162], [78.94343, 32.34637], [78.91129, 32.35474], [78.88152, 32.37627], [78.85568, 32.40045], [78.77145, 32.46166], [78.75471, 32.49381], [78.73693, 32.54579], [78.73497, 32.56065], [78.74913, 32.59587], [78.75099, 32.61279], [78.73683, 32.62984], [78.71326, 32.63752], [78.69445, 32.62966], [78.66489, 32.59902], [78.64774, 32.58597], [78.63017, 32.57801], [78.58986, 32.56993], [78.44754, 32.56626], [78.40817, 32.55838], [78.38481, 32.54755], [78.38098, 32.52804], [78.4092, 32.47662], [78.44878, 32.42678], [78.45219, 32.41678], [78.43638, 32.39616], [78.43452, 32.38376], [78.46273, 32.2818], [78.46139, 32.26015], [78.45633, 32.24212], [78.45798, 32.22966], [78.47648, 32.22442], [78.51307, 32.20757], [78.53498, 32.18134], [78.55182, 32.15039], [78.64929, 32.03644], [78.67833, 32.01676], [78.72215, 31.99459], [78.73383, 31.98466], [78.74458, 31.9642], [78.74199, 31.94534], [78.72019, 31.90291], [78.70034, 31.82168], [78.67409, 31.78695], [78.67089, 31.77052], [78.69559, 31.74669], [78.69321, 31.71853], [78.71047, 31.69817], [78.72401, 31.67331], [78.73982, 31.66603], [78.75812, 31.66659], [78.79532, 31.63378], [78.81889, 31.60737], [78.81403, 31.59502], [78.79698, 31.57885], [78.69952, 31.51002], [78.69538, 31.4881], [78.733, 31.46774], [78.76256, 31.44511], [78.76008, 31.41204], [78.74551, 31.37354], [78.73848, 31.33499], [78.7451, 31.30812], [78.78447, 31.28827], [78.82199, 31.2937], [78.86199, 31.29148], [78.92101, 31.26969], [78.94028, 31.30158], [78.95955, 31.32512], [78.9888, 31.34326], [79.01553, 31.3834], [79.04994, 31.42295], [79.07021, 31.46138], [79.07799, 31.46166], [79.1314, 31.43843], [79.17922, 31.3938], [79.19244, 31.36979], [79.20763, 31.35137], [79.23832, 31.32966], [79.23924, 31.31172], [79.25411, 31.29901], [79.26202, 31.27851], [79.24843, 31.2567], [79.25286, 31.24544], [79.27832, 31.24004], [79.28832, 31.22547], [79.30321, 31.1831], [79.30216, 31.16345], [79.31942, 31.14228], [79.36705, 31.11156], [79.37234, 31.09407], [79.38836, 31.06947], [79.39498, 31.03671], [79.40159, 31.02364], [79.41441, 31.02038], [79.44634, 31.02379], [79.46164, 31.0211], [79.47642, 31.01402], [79.49761, 30.98121], [79.5127, 30.96617], [79.52965, 30.95356], [79.57781, 30.93837], [79.58949, 30.94023], [79.63031, 30.9625], [79.6885, 30.96741], [79.73904, 30.97925], [79.8335, 30.96152], [79.85035, 30.95449], [79.86286, 30.94152], [79.88043, 30.91284], [79.90316, 30.89021], [79.93489, 30.87254], [80.00559, 30.84727], [80.02863, 30.83078], [80.06253, 30.78479], [80.0922, 30.7745], [80.10925, 30.77812], [80.14067, 30.79321], [80.1571, 30.79316], [80.1693, 30.78525], [80.19607, 30.7481], [80.22459, 30.73409], [80.23141, 30.72495], [80.20702, 30.68614], [80.19989, 30.68071], [80.17292, 30.67916], [80.16661, 30.67441], [80.16692, 30.6619], [80.19989, 30.62588], [80.2033, 30.60635], [80.17984, 30.55948], [80.21622, 30.56682], [80.25281, 30.56501], [80.32588, 30.54651], [80.43231, 30.49531], [80.57134, 29.94686], [80.58622, 29.95414], [80.62229, 29.95817], [80.64141, 29.96344], [80.68017, 29.99207], [80.71583, 30.01331], [80.72575, 30.02277], [80.75572, 30.06457], [80.76967, 30.07729], [80.82982, 30.11713], [80.84967, 30.14338], [80.83644, 30.17005], [80.86791, 30.20017], [80.88388, 30.2104], [80.90331, 30.18043], [80.92083, 30.17666], [80.94644, 30.18423], [81.02583, 30.16137], [81.04366, 30.12023], [81.0742, 30.07191], [81.08485, 30.02618], [81.09777, 30.01693], [81.12459, 30.02277], [81.1481, 30.02323], [81.19451, 30.00448], [81.21683, 30.00819], [81.22727, 30.02246], [81.22572, 30.05047], [81.2668, 30.06995], [81.64992, 29.81452], [82.29639, 29.43479], [82.92155, 29.06247], [83.06315, 29.0472], [83.43721, 29.30524], [83.44822, 29.29677], [83.47581, 29.28692], [83.49338, 29.27615], [83.503, 29.26103], [83.51705, 29.19171], [83.52372, 29.18359], [83.56139, 29.17623], [83.58382, 29.16215], [83.62444, 29.15546], [83.59283, 28.74869], [83.71155, 28.6089], [84.07672, 28.49612], [84.45084, 28.73388], [84.47575, 28.72729], [84.49859, 28.72786], [84.55182, 28.70639], [84.60722, 28.6982], [84.61621, 28.69365], [84.63264, 28.66879], [84.67114, 28.65895], [84.68298, 28.65076], [84.67776, 28.6044], [84.69083, 28.59614], [84.73662, 28.59417], [84.75563, 28.58541], [84.78178, 28.5589], [84.79914, 28.54663], [84.81196, 28.54198], [84.87929, 28.54363], [84.91872, 28.53568], [84.92849, 28.53847], [84.93645, 28.54477], [84.95495, 28.5743], [85.00249, 28.59443], [85.02528, 28.62841], [85.0321, 28.63407], [85.05494, 28.63869], [85.07504, 28.63166], [85.11189, 28.60882], [85.16098, 28.595], [85.16801, 28.58319], [85.15375, 28.5249], [85.14036, 28.51092], [85.12316, 28.50459], [85.11721, 28.49733], [85.11556, 28.47273], [85.10946, 28.4593], [85.08367, 28.44553], [85.07758, 28.43568], [85.08569, 28.38101], [85.08021, 28.31879], [85.0874, 28.30411], [85.10941, 28.29225], [85.13416, 28.29197], [85.15457, 28.30086], [85.17359, 28.30432], [85.20573, 28.27827], [85.24341, 28.26791], [85.25958, 28.26693], [85.27312, 28.26983], [85.3126, 28.28277], [85.32573, 28.2774], [85.34536, 28.26125], [85.36257, 28.25967], [85.37782, 28.26598], [85.40138, 28.28879], [85.41523, 28.29644], [85.43156, 28.29706], [85.47569, 28.2791], [85.52065, 28.28293], [85.5653, 28.27538], [85.5855, 28.26319], [85.59894, 28.25083], [85.61181, 28.25114], [85.63909, 28.28789], [85.64695, 28.2937], [85.66814, 28.30055], [85.67506, 28.30639], [85.67914, 28.3329], [85.69294, 28.33522], [85.698, 28.31344], [85.69976, 28.2691], [85.71557, 28.24337], [85.73449, 28.22153], [85.7566, 28.20324], [85.78275, 28.1881], [85.84828, 28.15893], [85.86337, 28.14335], [85.87174, 28.11092], [85.8891, 28.09028], [85.89045, 28.05919], [85.8983, 28.03602], [85.90895, 28.02242], [85.94398, 27.99473], [85.95659, 27.97623], [85.95122, 27.91623], [85.96269, 27.89137], [85.98026, 27.88517], [86.02646, 27.88993], [86.0617, 27.88905], [86.07566, 27.89478], [86.11286, 27.9268], [86.11224, 27.93726], [86.0956, 27.95785], [86.09813, 27.98563], [86.07917, 28.00113], [86.07762, 28.00695], [86.0847, 28.04387], [86.07018, 28.06671], [86.06873, 28.07676], [86.15596, 28.15652], [86.17601, 28.15301], [86.18604, 28.13353], [86.18717, 28.1087], [86.17224, 28.07183], [86.17446, 28.06245], [86.18914, 28.04361], [86.19601, 28.01457], [86.20304, 28.00258], [86.21838, 27.99473], [86.23854, 27.98956], [86.27807, 27.98369], [86.29466, 27.97238], [86.31822, 27.94579], [86.32773, 27.93969], [86.33755, 27.93804], [86.36298, 27.9461], [86.40571, 27.917], [86.4253, 27.90992], [86.43884, 27.91086], [86.49692, 27.93788], [86.51046, 27.95243], [86.51676, 27.97137], [86.5162, 28.01224], [86.53837, 28.04718], [86.54415, 28.09302], [86.55356, 28.10415], [86.56953, 28.10661], [86.59686, 28.0865], [86.61232, 28.08028], [86.62715, 28.08348], [86.64947, 28.10118], [86.66198, 28.10684], [86.68006, 28.10573], [86.69965, 28.09875], [86.73174, 28.07692], [86.73598, 28.06485], [86.7322, 28.03496], [86.7398, 28.0215], [86.76998, 28.01209], [86.84047, 28.01478], [86.86817, 27.99488], [86.8769, 27.97064], [86.89307, 27.95419], [86.91472, 27.94512], [86.94036, 27.9431], [86.98873, 27.95248], [87.00568, 27.9515], [87.03053, 27.93809], [87.062, 27.90843], [87.11652, 27.84458], [87.1558, 27.8258], [87.182, 27.8245], [87.2329, 27.82972], [87.29052, 27.81608], [87.31393, 27.82859], [87.33584, 27.84636], [87.36384, 27.85525], [87.38534, 27.84941], [87.38069, 27.83582], [87.36912, 27.81908], [87.36912, 27.80394], [87.38679, 27.8044], [87.47557, 27.8267], [87.53159, 27.8368], [87.55133, 27.83189], [87.56507, 27.81086], [87.57334, 27.80502], [87.58998, 27.80461], [87.63608, 27.82365], [87.65995, 27.81988], [87.70047, 27.80564], [87.72682, 27.80776], [87.75638, 27.82037], [88.06748, 27.57373], [88.11088, 27.6395], [88.13486, 27.72317], [88.15966, 27.77412], [88.37877, 27.98263], [88.45577, 28.03152], [88.4754, 28.03625], [88.50207, 28.02888], [88.51716, 28.03958], [88.5308, 28.05901], [88.55282, 28.07806], [88.594, 28.10661], [88.61049, 28.10583], [88.63168, 28.08335], [88.65204, 28.0694], [88.71012, 28.06198], [88.73565, 28.05526], [88.78014, 28.02834], [88.80293, 28.011], [88.8175, 27.99488], [89.40953, 27.97551], [89.44454, 28.03118], [89.45881, 28.0478], [89.47534, 28.06134], [89.49534, 28.068], [89.51503, 28.0819], [89.56149, 28.13464], [89.57942, 28.14464], [89.59782, 28.14981], [89.71781, 28.16908], [89.75584, 28.18438], [89.78086, 28.22877], [89.82974, 28.25915], [89.86292, 28.29579], [89.87362, 28.3006], [89.88131, 28.29752], [89.91613, 28.3156], [89.95252, 28.30825], [89.97159, 28.31804], [89.99046, 28.32062], [90.07086, 28.34523], [90.12354, 28.33535], [90.15316, 28.32218], [90.17621, 28.32548], [90.19925, 28.34852], [90.22559, 28.3584], [90.2618, 28.33535], [90.2618, 28.29914], [90.29147, 28.26135], [90.3295, 28.2558], [90.35398, 28.29914], [90.3869, 28.29914], [90.41653, 28.28268], [90.45604, 28.28268], [90.50542, 28.24976], [90.54822, 28.24647], [90.58773, 28.2333], [90.5976, 28.20038], [90.56797, 28.1905], [90.54822, 28.15758], [90.5153, 28.15429], [90.48567, 28.12466], [90.47523, 28.07234], [90.47297, 27.66484], [90.52987, 27.59353], [90.53911, 27.5898], [90.73513, 27.62428], [90.97515, 27.98209], [91.00884, 27.96677], [91.05194, 27.96279], [91.09256, 27.97168], [91.57987, 27.65798], [91.62669, 27.71642], [91.63496, 27.74657], [91.63577, 27.78252], [91.62856, 27.78919], [91.69119, 27.83967], [91.72987, 27.80414], [91.82659, 27.80763], [91.85637, 27.76454], [91.86491, 27.72999], [91.90874, 27.7319], [91.95225, 27.72482], [91.9889, 27.7694], [92.06488, 27.76172], [92.10616, 27.78608], [92.12629, 27.81272], [92.23957, 27.86528], [92.24918, 27.86264], [92.27522, 27.81169], [92.28876, 27.79308], [92.30385, 27.78616], [92.31729, 27.80368], [92.32918, 27.83293], [92.33465, 27.83127], [92.33982, 27.81556], [92.35005, 27.80254], [92.36793, 27.80383], [92.38106, 27.84246], [92.39284, 27.85603], [92.40442, 27.85383], [92.41734, 27.82895], [92.42757, 27.82117], [92.43904, 27.82329], [92.47511, 27.8466], [92.51815, 27.83947], [92.57498, 27.84781], [92.59291, 27.86819], [92.63647, 27.89537], [92.68367, 27.91045], [92.73639, 27.98591], [92.70135, 28.02524], [92.70135, 28.03782], [92.68926, 28.04832], [92.65422, 28.05209], [92.63892, 28.05749], [92.63727, 28.07198], [92.65484, 28.10583], [92.67861, 28.13306], [92.70786, 28.15541], [92.77917, 28.1959], [92.79023, 28.1789], [92.81989, 28.17926], [92.83478, 28.18353], [92.85028, 28.19195], [92.86537, 28.2052], [92.90382, 28.2497], [92.92201, 28.25864], [92.96035, 28.27021], [92.97492, 28.28231], [93.12983, 28.32596], [93.20782, 28.34054], [93.21807, 28.39465], [93.18629, 28.43199], [93.21884, 28.45744], [93.28697, 28.52052], [93.30284, 28.55692], [93.31717, 28.60346], [93.44621, 28.67189], [93.55174, 28.67895], [93.62553, 28.67236], [93.66491, 28.69024], [93.70552, 28.69189], [93.72248, 28.69665], [93.78174, 28.6805], [93.86308, 28.70487], [93.92779, 28.68275], [93.96109, 28.72994], [93.98159, 28.76813], [93.99314, 28.80189], [93.99202, 28.84465], [94.01145, 28.85302], [94.02685, 28.86418], [94.07947, 28.88307], [94.1354, 28.89779], [94.17366, 28.93016], [94.25018, 28.93311], [94.29139, 28.97726], [94.34731, 29.02435], [94.27079, 29.09793], [94.28751, 29.14794], [94.32378, 29.14603], [94.33577, 29.14962], [94.34631, 29.15907], [94.36254, 29.18533], [94.37288, 29.19631], [94.39644, 29.20708], [94.42238, 29.21049], [94.47499, 29.2108], [94.51478, 29.22106], [94.52863, 29.23124], [94.58268, 29.30291], [94.59994, 29.31664], [94.63043, 29.31945], [94.66846, 29.30661], [94.70422, 29.2847], [94.75642, 29.23052], [94.76768, 29.21385], [94.76148, 29.17471], [94.77657, 29.1667], [94.85409, 29.17], [94.89129, 29.16049], [94.98907, 29.15398], [95.04767, 29.14081], [95.09903, 29.11378], [95.11691, 29.1081], [95.1997, 29.09425], [95.20786, 29.08959], [95.21282, 29.08187], [95.21634, 29.065], [95.22492, 29.05936], [95.24448, 29.05705], [95.18585, 28.64264], [95.33154, 28.20532], [96.17543, 27.98413], [96.31074, 27.76674], [96.31774, 27.76228], [96.32751, 27.76549], [96.55683, 28.01601], [96.61272, 27.96474], [96.89975, 27.64948], [96.88352, 27.63632], [96.87019, 27.61909], [96.86213, 27.5993], [96.86202, 27.57837], [96.87732, 27.55307], [96.88848, 27.50718], [96.89024, 27.49248], [96.87701, 27.46308], [96.88135, 27.44411], [96.90512, 27.40841], [97.0679, 27.2171], [97.0955, 27.19126], [97.10129, 27.1833], [97.10439, 27.15602], [97.1293, 27.13788], [97.13477, 27.12734], [97.59494, 27.13844], [97.72591, 27.13255], [97.79469, 25.87693], [98.14009, 25.61146], [98.13936, 25.55022], [98.1342, 25.53462], [98.09978, 25.50005], [98.10474, 25.46697], [98.11198, 25.44847], [98.11208, 25.39623], [98.10836, 25.38889], [98.08996, 25.38594], [98.0757, 25.37607], [98.06257, 25.35432], [98.0449, 25.31194], [98.03353, 25.3013], [97.97627, 25.27226], [97.9308, 25.21851], [97.90992, 25.20756], [97.88894, 25.20565], [97.87881, 25.21355], [97.86031, 25.24409], [97.82362, 25.26161], [97.80099, 25.23763], [97.77701, 25.15862], [97.75406, 25.11356], [97.73753, 25.09051], [97.72161, 25.07927], [97.70363, 25.07392], [97.6996, 25.06501], [97.25421, 25.14455], [96.66432, 24.47742], [96.97012, 23.75844], [96.978, 23.75429], [97.11513, 23.74904], [97.51646, 23.94283], [97.53299, 23.92371], [97.57268, 23.90756], [97.60989, 23.88314], [97.6197, 23.86599], [97.62467, 23.84671], [97.63707, 23.86356], [97.69681, 23.88712], [97.74817, 23.93407], [97.76781, 23.94647], [97.81783, 23.95815], [98.05666, 23.60283], [98.06709, 22.92524], [98.66821, 22.70969], [98.57195, 21.80744], [98.57553, 21.79961], [99.33392, 21.66766], [99.52345, 21.27989], [99.52938, 21.27503], [99.74025, 21.27081], [100.09769, 21.50781], [100.10777, 21.49554], [100.12834, 21.48236], [100.1625, 21.43637], [100.18714, 21.42789], [100.24409, 21.46453], [100.28952, 21.48313], [100.32652, 21.52427], [100.34197, 21.53037], [100.36326, 21.53176], [100.38367, 21.52783], [100.4293, 21.49538], [100.43426, 21.47838], [100.44346, 21.4635], [100.45669, 21.45502], [100.70139, 21.20534], [100.68939, 21.15933], [100.63756, 21.06967], [100.62552, 21.05412], [100.60676, 21.04394], [100.56185, 21.0351], [100.54345, 21.0274], [100.55725, 20.992], [100.52924, 20.96844], [100.5157, 20.88648], [100.5342, 20.87392], [100.62309, 20.88854], [100.65213, 20.88276], [100.65213, 20.87661], [100.6266, 20.85351], [100.5989, 20.83346], [100.56903, 20.8178], [100.53668, 20.80767], [100.51338, 20.807], [100.47085, 20.81827], [100.38367, 20.8317], [100.36481, 20.82819], [100.35112, 20.81532], [100.32967, 20.78602], [100.29019, 20.77501], [100.27453, 20.76199], [100.24874, 20.73197], [100.22161, 20.70959], [100.21133, 20.69739], [100.20234, 20.66794], [100.18017, 20.63817], [100.17293, 20.6221], [99.93714, 20.44501], [99.87791, 20.43514], [99.85569, 20.42806], [99.83771, 20.41684], [99.82634, 20.40139], [99.80402, 20.34899], [99.78717, 20.33408], [99.7696, 20.32842], [99.72908, 20.32853], [99.70842, 20.32501], [99.67126, 20.31013], [99.65193, 20.30682], [99.64222, 20.30884], [99.61803, 20.32238], [99.57969, 20.32124], [99.5029, 20.34522], [99.45412, 20.3771], [99.43996, 20.38217], [99.42063, 20.37555], [99.42962, 20.35868], [99.46641, 20.32217], [99.47499, 20.30372], [99.48626, 20.24548], [99.51892, 20.21218], [99.52584, 20.19618], [99.52057, 20.17097], [99.51034, 20.15381], [99.4875, 20.14125], [99.4414, 20.10162], [99.3212, 20.06627], [99.29568, 20.0625], [99.27532, 20.07219], [99.23645, 20.10273], [99.17775, 20.1218], [99.15842, 20.12355], [99.1175, 20.11779], [99.07347, 20.10123], [99.03647, 20.07516], [99.01683, 20.041], [99.00587, 19.97235], [99.01352, 19.93496], [99.00143, 19.91788], [98.99936, 19.90773], [99.00877, 19.84592], [99.00091, 19.82101], [98.98768, 19.79936], [98.97383, 19.78807], [98.93508, 19.77347], [98.89932, 19.74861], [98.88371, 19.74546], [98.86449, 19.77321], [98.85188, 19.78404], [98.83793, 19.79344], [98.80785, 19.80654], [98.74925, 19.7635], [98.73013, 19.7573], [98.64135, 19.74495], [98.62378, 19.7375], [98.59835, 19.70908], [98.5907, 19.7041], [98.54833, 19.69265], [98.538, 19.68389], [98.53655, 19.67709], [98.53262, 19.67585], [98.51546, 19.68337], [98.4888, 19.7067], [98.47454, 19.70531], [98.4396, 19.68774], [98.39444, 19.68635], [98.34762, 19.69063], [98.30731, 19.68999], [98.26277, 19.66986], [98.23755, 19.66469], [98.21915, 19.67699], [98.21667, 19.68746], [98.21791, 19.70797], [98.21326, 19.71776], [98.17202, 19.73156], [98.13223, 19.76606], [98.11136, 19.77714], [98.08593, 19.77316], [98.07291, 19.77729], [98.04562, 19.80763], [98.02454, 19.80298], [98.01792, 19.78939], [98.00459, 19.72391], [98.00562, 19.70565], [98.01389, 19.66945], [98.01358, 19.65175], [98.00831, 19.63911], [97.97948, 19.63333], [97.94806, 19.60242], [97.88584, 19.57281], [97.84863, 19.56764], [97.83985, 19.55532], [97.84098, 19.51716], [97.84874, 19.49398], [97.84212, 19.47938], [97.83354, 19.46871], [97.80037, 19.44078], [97.76709, 19.39753], [97.33846, 19.45269], [97.18802, 19.43273], [97.01727, 19.06486], [96.86329, 18.69775], [96.73117, 18.33699], [97.12268, 17.72937], [97.36069, 17.42641], [97.61059, 17.13939], [98.04053, 16.65759], [98.45666, 16.72322], [98.48632, 16.701], [98.49841, 16.6624], [98.51226, 16.64328], [98.54709, 16.62012], [98.56156, 16.60173], [98.56776, 16.5825], [98.56425, 16.55196], [98.63163, 16.46313], [98.6398, 16.44499], [98.63825, 16.43445], [98.62822, 16.41357], [98.62946, 16.40267], [98.64238, 16.37363], [98.65695, 16.30164], [98.66326, 16.28666], [98.68238, 16.27348], [98.6984, 16.28495], [98.72827, 16.32825], [98.78863, 16.37456], [98.80206, 16.39828], [98.81043, 16.43962], [98.8187, 16.45564], [98.83958, 16.47243], [98.8434, 16.43838], [98.86211, 16.42065], [98.88526, 16.40618], [98.90252, 16.38164], [98.90335, 16.36345], [98.88371, 16.25875], [98.84309, 16.20873], [98.83669, 16.18904], [98.83544, 16.14454], [98.83079, 16.1356], [98.80723, 16.11054], [98.79844, 16.10444], [98.78305, 16.10243], [98.77033, 16.11385], [98.75845, 16.11917], [98.69716, 16.12687], [98.67959, 16.12615], [98.65871, 16.11628], [98.64414, 16.07964], [98.63019, 16.06], [98.61913, 16.05101], [98.61158, 16.04693], [98.59008, 16.04579], [98.55588, 16.05551], [98.54699, 16.0475], [98.55009, 16.03422], [98.57696, 15.99691], [98.58378, 15.97696], [98.56859, 15.92017], [98.56931, 15.89614], [98.57665, 15.85418], [98.57438, 15.83599], [98.54306, 15.73537], [98.54027, 15.71196], [98.11632, 15.73238], [98.08164, 15.65125], [98.28302, 15.28997], [98.24768, 15.24093], [98.2329, 15.2268], [98.21543, 15.21886], [98.17719, 15.2206], [98.17791, 15.20879], [98.19073, 15.17918], [98.18577, 15.16078], [98.165, 15.1258], [98.16045, 15.10637], [98.1681, 15.0827], [98.199, 15.05138], [98.20437, 15.02957], [98.19135, 15.00115], [98.19114, 14.98813], [98.21491, 14.94317], [98.22163, 14.92126], [98.22215, 14.86426], [98.2391, 14.84401], [98.23538, 14.82455], [98.24334, 14.80512], [98.29749, 14.72125], [98.41821, 14.60756], [98.43134, 14.58784], [98.44549, 14.54203], [98.45283, 14.52805], [98.47815, 14.5165], [98.54771, 14.37768], [98.60145, 14.31365], [98.61448, 14.30515], [98.64424, 14.29567], [98.67039, 14.26792], [98.70698, 14.26998], [98.73106, 14.2235], [98.75369, 14.20012], [98.87234, 14.11247], [98.91771, 14.09638], [98.93528, 14.08539], [98.94531, 14.06914], [98.95296, 14.02803], [98.98479, 13.99059], [99.00711, 13.94964], [99.01621, 13.93794], [99.04763, 13.91499], [99.06106, 13.88802], [99.08029, 13.88156], [99.09, 13.87011], [99.09217, 13.86357], [99.0898, 13.82665], [99.10116, 13.77882], [99.10881, 13.7627], [99.14127, 13.73211], [99.15253, 13.71487], [99.14953, 13.66599], [99.15202, 13.58196], [99.18788, 13.42714], [99.18881, 13.40792], [99.18364, 13.35797], [99.18695, 13.32914], [99.17279, 13.30092], [99.17341, 13.28743], [99.19015, 13.2295], [99.18726, 13.21224], [99.17279, 13.19951], [99.1332, 13.19516], [99.11408, 13.18809], [99.1021, 13.17134], [99.1053, 13.12961], [99.10251, 13.1044], [99.08835, 13.05835], [99.09321, 13.03833], [99.15108, 12.99479], [99.16483, 12.97551], [99.16731, 12.95601], [99.15418, 12.9266], [99.15315, 12.91355], [99.16845, 12.8741], [99.17527, 12.83343], [99.21072, 12.79227], [99.21444, 12.77168], [99.21413, 12.73465], [99.22446, 12.71747], [99.23346, 12.71313], [99.2563, 12.70946], [99.26674, 12.70284], [99.27687, 12.66558], [99.30973, 12.65349], [99.3334, 12.62543], [99.39376, 12.58978], [99.40326, 12.57593], [99.4073, 12.55148], [99.4042, 12.50813], [99.38704, 12.46591], [99.39128, 12.44534], [99.41401, 12.40524], [99.42063, 12.38338], [99.42673, 12.30866], [99.4322, 12.29641], [99.45442, 12.26726], [99.45711, 12.25641], [99.45556, 12.22758], [99.47375, 12.18727], [99.472, 12.17363], [99.45412, 12.15688], [99.44884, 12.14722], [99.45225, 12.12939], [99.46631, 12.12603], [99.52264, 12.14422], [99.53287, 12.14453], [99.54166, 12.14066], [99.54579, 12.13187], [99.52171, 12.05368], [99.5184, 12.02593], [99.53432, 12.01157], [99.55333, 12.00552], [99.56698, 11.99333], [99.574, 11.97632], [99.57287, 11.95591], [99.55736, 11.91561], [99.55406, 11.89504], [99.5614, 11.87292], [99.59178, 11.84228], [99.611, 11.83018], [99.62796, 11.82538], [99.63002, 11.81577], [99.61535, 11.74941], [99.60687, 11.72569], [99.54258, 11.64048], [99.5307, 11.63092], [99.4661, 11.62394], [99.44977, 11.61376], [99.44058, 11.59728], [99.44109, 11.53341], [99.43737, 11.51669], [99.42817, 11.4969], [99.41587, 11.48023], [99.38704, 11.45155], [99.37763, 11.4355], [99.3705, 11.39334], [99.3643, 11.37672], [99.32637, 11.33623], [99.31573, 11.32081], [99.30053, 11.28063], [99.28844, 11.25831], [99.25619, 11.21999], [99.24328, 11.19766], [99.21299, 11.10826], [99.20617, 11.10002], [99.17506, 11.08744], [99.15171, 11.04767], [99.1331, 11.03338], [99.09321, 11.01297], [99.07688, 10.99651], [99.06365, 10.95742], [99.05507, 10.94525], [99.04525, 10.94551], [99.00556, 10.95882], [98.99233, 10.94796], [98.98262, 10.92895], [98.97962, 10.90766], [98.98975, 10.87515], [98.98985, 10.86045], [98.98613, 10.84032], [98.97445, 10.8242], [98.93404, 10.80771], [98.9233, 10.8081], [98.90542, 10.81441], [98.89208, 10.80852], [98.88361, 10.79919], [98.87534, 10.77862], [98.86821, 10.76989], [98.83007, 10.76356], [98.81095, 10.74663], [98.76672, 10.68875], [98.75679, 10.66607], [98.7479, 10.62313], [98.75152, 10.61036], [98.77075, 10.59398], [98.77726, 10.58323], [98.79131, 10.52042], [98.79038, 10.50026], [98.77653, 10.4621], [98.76641, 10.4112], [98.74741, 10.35053], [98.73504, 10.34309], [98.71892, 10.31257], [98.70281, 10.26276], [98.69596, 10.22353], [98.64422, 10.15502], [98.58985, 10.04206], [98.56055, 10.00215], [98.54314, 9.98747], [98.52102, 10.029], [98.51393, 10.14692], [98.49367, 10.17919], [98.48962, 10.19769], [98.51222, 10.26142], [98.51711, 10.30744], [98.52849, 10.34325], [98.52849, 10.3642], [98.51222, 10.4228], [98.49416, 10.45246], [98.49343, 10.47272], [98.5005, 10.51504], [98.49545, 10.55687], [98.4634, 10.63003], [98.45933, 10.7154], [98.46376, 10.72952], [98.47657, 10.73467], [98.4983, 10.73158], [98.51099, 10.72288], [98.52849, 10.6931], [98.53875, 10.70441], [98.53834, 10.71869], [98.52102, 10.74095], [98.53257, 10.74676], [98.54371, 10.74505], [98.56324, 10.72728], [98.57749, 10.7706], [98.59986, 10.80549], [98.60271, 10.81949], [98.5967, 10.83713], [98.61598, 10.83845], [98.63087, 10.85082], [98.58644, 10.86104], [98.57888, 10.87519], [98.58156, 10.88202], [98.61378, 10.89029], [98.63405, 10.91371], [98.64796, 10.91908], [98.67311, 10.90546], [98.68954, 10.91346], [98.70363, 10.91615], [98.70655, 10.91283], [98.71241, 10.92438], [98.71762, 10.96068], [98.71275, 10.97431], [98.72023, 10.98054], [98.69289, 11.00845], [98.69533, 11.02008], [98.71648, 11.03237], [98.72242, 11.04487], [98.70655, 11.09785], [98.68881, 11.09249], [98.67647, 11.10045], [98.65823, 11.13198], [98.70265, 11.14362], [98.72413, 11.15619], [98.73316, 11.17601], [98.73318, 11.2071], [98.751, 11.25706], [98.75929, 11.26895], [98.74636, 11.28605], [98.72201, 11.34983], [98.72138, 11.36725], [98.72706, 11.3852], [98.70265, 11.37907], [98.69802, 11.38801], [98.71535, 11.44317], [98.73569, 11.45013], [98.77491, 11.45352], [98.76565, 11.46744], [98.76344, 11.50625], [98.7544, 11.52241], [98.74529, 11.52485], [98.72885, 11.51766], [98.72023, 11.52241], [98.718, 11.53168], [98.72576, 11.54841], [98.72024, 11.55711], [98.73357, 11.57343], [98.73634, 11.58877], [98.73567, 11.64227], [98.74156, 11.66502], [98.75221, 11.6817], [98.76808, 11.68008], [98.78028, 11.6865], [98.80592, 11.67325], [98.81715, 11.67739], [98.81814, 11.69867], [98.82261, 11.70794], [98.85434, 11.70709], [98.89161, 11.69367], [98.87672, 11.72264], [98.80495, 11.73653], [98.78298, 11.75512], [98.79029, 11.77969], [98.81202, 11.80264], [98.82569, 11.82587], [98.80893, 11.8513], [98.81609, 11.83381], [98.79127, 11.80248], [98.76809, 11.76197], [98.74415, 11.76252], [98.72364, 11.74145], [98.71217, 11.73652], [98.70313, 11.69746], [98.68434, 11.68282], [98.67397, 11.68536], [98.6474, 11.70068], [98.61037, 11.73127], [98.60329, 11.75361], [98.6059, 11.76898], [98.61787, 11.78927], [98.63209, 11.79287], [98.63087, 11.80362], [98.60355, 11.80363], [98.62404, 11.83026], [98.65138, 11.83027], [98.66799, 11.86359], [98.68092, 11.87735], [98.70655, 11.87865], [98.6941, 11.89289], [98.67311, 11.89208], [98.63087, 11.87866], [98.54902, 11.87866], [98.55812, 11.89911], [98.57793, 11.90661], [98.62745, 11.90595], [98.66407, 11.92036], [98.67921, 11.93281], [98.69094, 11.95432], [98.72022, 11.9643], [98.72145, 11.99779], [98.70315, 12.04808], [98.71274, 12.06363], [98.66505, 12.06026], [98.63381, 12.09032], [98.64096, 12.11367], [98.62966, 12.13199], [98.63088, 12.14618], [98.67311, 12.15917], [98.67311, 12.16665], [98.65823, 12.16665], [98.66766, 12.17767], [98.70973, 12.20425], [98.71372, 12.21577], [98.7033, 12.23778], [98.6963, 12.24177], [98.66293, 12.2368], [98.59669, 12.19401], [98.56325, 12.20768], [98.54714, 12.22346], [98.53908, 12.24177], [98.54033, 12.26116], [98.55202, 12.2796], [98.56819, 12.29079], [98.67677, 12.31525], [98.69776, 12.32795], [98.70655, 12.34789], [98.69996, 12.36396], [98.65138, 12.38574], [98.6268, 12.40957], [98.60744, 12.41829], [98.60517, 12.42894], [98.61623, 12.48574], [98.62868, 12.49217], [98.70143, 12.49872], [98.70973, 12.5124], [98.67311, 12.52973], [98.63999, 12.5319], [98.63088, 12.53727], [98.62307, 12.55817], [98.65139, 12.62225], [98.65464, 12.62571], [98.67311, 12.62539], [98.66506, 12.64643], [98.66767, 12.67479], [98.69117, 12.71043], [98.69288, 12.72529], [98.6893, 12.7281], [98.66163, 12.72159], [98.64845, 12.72334], [98.64179, 12.7281], [98.64457, 12.74202], [98.67302, 12.74681], [98.67872, 12.75629], [98.67018, 12.76093], [98.6277, 12.75626], [98.61786, 12.76627], [98.61745, 12.77739], [98.64177, 12.78242], [98.65138, 12.79731], [98.63429, 12.87861], [98.58987, 12.91958], [98.60024, 12.94181], [98.61402, 12.95429], [98.5838, 13.02691], [98.58045, 13.06562], [98.58205, 13.07705], [98.58985, 13.08466], [98.58335, 13.11396], [98.57846, 13.18675], [98.56593, 13.20136], [98.50051, 13.24918], [98.48992, 13.29784], [98.47989, 13.28408], [98.47284, 13.30293], [98.47316, 13.3249], [98.46046, 13.35598], [98.46015, 13.36934], [98.47316, 13.37946], [98.47316, 13.41303], [98.459, 13.39997], [98.45282, 13.3795], [98.45379, 13.39639], [98.44532, 13.4243], [98.41864, 13.45458], [98.41945, 13.46222], [98.43165, 13.47875], [98.42644, 13.49006], [98.40334, 13.52245], [98.39405, 13.54279], [98.38396, 13.55191], [98.3572, 13.56388], [98.3611, 13.57616], [98.35662, 13.58487], [98.33612, 13.59858], [98.33644, 13.61982], [98.29885, 13.67105], [98.28828, 13.69475], [98.29566, 13.68797], [98.30201, 13.701], [98.2767, 13.70718], [98.25734, 13.70638], [98.24481, 13.71406], [98.2405, 13.74604], [98.25416, 13.7978], [98.24782, 13.83739], [98.25416, 13.85179], [98.23366, 13.91731], [98.23365, 13.96166], [98.22723, 13.98896], [98.23365, 14.00263], [98.20851, 14.02987], [98.19215, 14.06468], [98.1858, 14.06468], [98.17897, 14.01972], [98.19946, 13.99274], [98.19826, 13.96514], [98.18238, 13.93781], [98.18019, 13.92504], [98.19947, 13.86921], [98.188, 13.81513], [98.17945, 13.73241], [98.19605, 13.66836], [98.19328, 13.65133], [98.17156, 13.60602], [98.16847, 13.5843], [98.17156, 13.56387], [98.18685, 13.54385], [98.17896, 13.53711], [98.17108, 13.53784], [98.15105, 13.5576], [98.1443, 13.53714], [98.14137, 13.57323], [98.12974, 13.58235], [98.15105, 13.60602], [98.13748, 13.62653], [98.15187, 13.63036], [98.15846, 13.64232], [98.15805, 13.65819], [98.15107, 13.67372], [98.16765, 13.67316], [98.16879, 13.68081], [98.16041, 13.69025], [98.14763, 13.69477], [98.12379, 13.69352], [98.1033, 13.701], [98.11695, 13.72895], [98.09206, 13.7397], [98.08279, 13.76997], [98.08889, 13.7951], [98.11012, 13.79035], [98.10329, 13.87617], [98.11085, 13.90217], [98.08563, 13.91778], [98.08239, 13.92425], [98.06171, 14.01008], [98.06627, 14.0327], [98.09645, 14.07836], [98.09744, 14.09219], [98.10768, 14.11001], [98.10857, 14.13264], [98.09646, 14.16779], [98.11012, 14.16779], [98.10108, 14.19184], [98.09522, 14.19379], [98.08961, 14.1814], [98.04191, 14.24267], [98.01482, 14.29951], [97.99351, 14.33052], [97.98596, 14.35289], [97.97976, 14.39741], [97.9826, 14.41925], [98.00026, 14.46874], [97.97644, 14.44377], [97.96608, 14.44832], [97.95183, 14.50292], [97.92141, 14.55769], [97.91364, 14.58653], [97.92506, 14.61278], [97.90008, 14.63032], [97.88562, 14.65575], [97.88552, 14.68406], [97.90407, 14.70896], [97.94312, 14.72019], [97.96851, 14.69651], [97.99244, 14.66372], [98.0276, 14.64753], [97.99244, 14.6931], [97.9822, 14.71527], [98.00026, 14.72207], [97.97105, 14.73591], [97.96462, 14.74706], [97.97291, 14.76362], [97.95883, 14.77851], [97.94988, 14.7989], [97.93816, 14.78474], [97.94556, 14.76362], [97.93116, 14.7522], [97.91717, 14.75862], [97.90675, 14.77595], [97.90406, 14.79776], [97.89723, 14.79776], [97.89454, 14.77969], [97.90218, 14.7377], [97.8755, 14.71675], [97.86305, 14.71582], [97.85036, 14.72362], [97.8425, 14.7365], [97.81512, 14.85082], [97.79478, 14.88032], [97.8025, 14.90095], [97.80446, 14.93598], [97.81593, 14.95881], [97.81284, 14.98334], [97.80437, 14.99868], [97.77428, 15.01749], [97.78745, 15.0307], [97.80836, 15.03115], [97.79478, 15.0585], [97.80681, 15.07526], [97.81023, 15.09512], [97.80718, 15.17514], [97.8109, 15.19114], [97.82276, 15.2093], [97.78029, 15.2115], [97.76939, 15.22334], [97.74318, 15.26684], [97.74204, 15.31794], [97.73829, 15.32901], [97.72642, 15.33959], [97.73407, 15.35529], [97.7505, 15.36009], [97.76076, 15.39421], [97.76694, 15.38935], [97.79477, 15.4079], [97.78681, 15.4196], [97.76141, 15.49055], [97.7619, 15.50389], [97.77426, 15.5314], [97.74294, 15.60448], [97.74732, 15.61774], [97.74026, 15.64126], [97.74448, 15.6507], [97.74366, 15.66486], [97.72561, 15.70132], [97.7339, 15.7263], [97.71291, 15.75731], [97.72641, 15.77782], [97.72706, 15.84321], [97.72136, 15.85619], [97.70608, 15.86035], [97.71225, 15.88768], [97.69142, 15.9123], [97.63723, 15.94917], [97.60971, 15.98387], [97.57584, 16.01722], [97.56887, 16.06241], [97.5718, 16.08002], [97.60084, 16.09248], [97.61964, 16.12543], [97.63896, 16.23809], [97.65089, 16.27131], [97.62653, 16.35144], [97.62307, 16.3943], [97.62665, 16.43757], [97.63723, 16.47736], [97.65188, 16.50722], [97.67384, 16.53343], [97.70311, 16.55205], [97.74024, 16.55927], [97.7295, 16.5725], [97.7129, 16.57978], [97.65284, 16.53987], [97.63038, 16.53198], [97.61273, 16.53061], [97.54835, 16.53815], [97.49985, 16.53197], [97.47633, 16.51831], [97.45216, 16.52456], [97.42311, 16.52342], [97.4026, 16.51691], [97.3703, 16.48357], [97.32983, 16.67985], [97.31098, 16.65242], [97.28584, 16.65893], [97.25546, 16.69788], [97.24028, 16.7319], [97.23018, 16.76914], [97.23022, 16.79664], [97.2448, 16.81745], [97.23308, 16.83983], [97.24049, 16.87458], [97.23308, 16.87458], [97.21949, 16.82617], [97.209, 16.8332], [97.2046, 16.8596], [97.20583, 16.87458], [97.21949, 16.90127], [97.21144, 16.90786], [97.19159, 16.90129], [97.18329, 16.92154], [97.19898, 16.99746], [97.19825, 17.0135], [97.16472, 17.05904], [97.15725, 17.08686], [97.17449, 17.11248], [97.23365, 17.09516], [97.261, 17.10733], [97.20265, 17.13158], [97.1819, 17.13402], [97.15805, 17.1293], [97.14796, 17.11689], [97.13062, 17.07943], [97.11444, 17.10033], [97.10028, 17.13378], [97.09597, 17.16575], [97.10963, 17.18244], [97.10963, 17.18928], [97.08872, 17.19352], [97.07862, 17.23135], [97.06861, 17.25137], [97.02362, 17.26749], [97.00718, 17.27807], [97.01336, 17.29914], [96.89552, 17.38467], [96.88986, 17.39497], [96.88836, 17.44428], [96.88307, 17.45742], [96.87159, 17.44172], [96.86345, 17.40339], [96.85572, 17.38851], [96.84205, 17.409], [96.82154, 17.39472], [96.85125, 17.35957], [96.91064, 17.31708], [96.91089, 17.28486], [96.89047, 17.26094], [96.86549, 17.2403], [96.84938, 17.21296], [96.85572, 17.16877], [96.89513, 17.10179], [96.91016, 17.06684], [96.91089, 17.02481], [96.88689, 16.9794], [96.87907, 16.93473], [96.86834, 16.92842], [96.83522, 16.93602], [96.84254, 16.91767], [96.8557, 16.90128], [96.80787, 16.90868], [96.80787, 16.90127], [96.83417, 16.88535], [96.844, 16.87392], [96.84888, 16.8603], [96.84668, 16.84492], [96.83188, 16.82193], [96.81128, 16.76473], [96.7964, 16.76236], [96.7894, 16.75609], [96.79086, 16.74746], [96.80102, 16.73737], [96.78303, 16.71218], [96.71632, 16.65835], [96.69842, 16.62995], [96.67946, 16.57487], [96.64003, 16.54537], [96.61573, 16.51792], [96.5588, 16.49686], [96.49786, 16.48424], [96.43626, 16.47778], [96.40016, 16.50406], [96.37713, 16.50814], [96.35697, 16.5186], [96.2896, 16.56703], [96.27313, 16.5821], [96.26606, 16.59663], [96.26157, 16.64069], [96.22927, 16.71874], [96.22577, 16.7613], [96.23455, 16.77692], [96.28712, 16.81314], [96.25758, 16.8159], [96.20655, 16.7775], [96.17115, 16.77155], [96.19417, 16.74297], [96.2046, 16.69648], [96.2409, 16.65013], [96.2461, 16.63129], [96.23365, 16.59789], [96.23463, 16.57636], [96.31007, 16.46459], [96.32731, 16.45343], [96.33642, 16.43944], [96.32129, 16.41528], [96.3047, 16.4064], [96.28533, 16.366], [96.22155, 16.34473], [96.1192, 16.32179], [96.09767, 16.32857], [96.08855, 16.3498], [96.0774, 16.36083], [96.0066, 16.38736], [96.06657, 16.33563], [96.06741, 16.31009], [96.01899, 16.25694], [95.97979, 16.22306], [95.96192, 16.21671], [95.9424, 16.21907], [95.95143, 16.25764], [95.90788, 16.21175], [95.88308, 16.20919], [95.8899, 16.24396], [95.81813, 16.17601], [95.79769, 16.14493], [95.77662, 16.1407], [95.75555, 16.14526], [95.74586, 16.15835], [95.74122, 16.19481], [95.73463, 16.21284], [95.72486, 16.22285], [95.73226, 16.12727], [95.72526, 16.10643], [95.69703, 16.06599], [95.69068, 16.04849], [95.6874, 15.98841], [95.66486, 15.94944], [95.52344, 15.80366], [95.41578, 15.72298], [95.39649, 15.71639], [95.3742, 15.71504], [95.31074, 15.72319], [95.29445, 15.72786], [95.28795, 15.74014], [95.28257, 15.83832], [95.30226, 15.85248], [95.31267, 15.86652], [95.31772, 15.88418], [95.31398, 15.9007], [95.33855, 15.92202], [95.35475, 15.95136], [95.36427, 15.98457], [95.3685, 16.0388], [95.34864, 16.08633], [95.34547, 16.10497], [95.36158, 16.14838], [95.35548, 16.14838], [95.33823, 16.12987], [95.33025, 16.11994], [95.32749, 16.10741], [95.34555, 16.06086], [95.34863, 16.04165], [95.3418, 15.98388], [95.31186, 15.94709], [95.297, 15.90282], [95.27474, 15.87646], [95.25164, 15.86825], [95.23879, 15.89395], [95.27589, 15.97065], [95.27296, 16.00373], [95.22397, 15.91861], [95.21762, 15.88426], [95.22436, 15.81013], [95.21273, 15.78658], [95.17337, 15.7779], [95.14455, 15.78914], [95.12576, 15.81762], [95.11624, 15.85529], [95.11526, 15.89395], [95.13754, 16.00666], [95.12892, 16.03852], [95.10776, 15.98391], [95.09768, 16.02513], [95.11021, 16.06744], [95.13796, 16.10032], [95.1736, 16.11358], [95.2072, 16.11156], [95.22592, 16.11994], [95.2225, 16.12417], [95.19374, 16.12937], [95.1836, 16.14094], [95.14869, 16.13204], [95.14243, 16.13484], [95.13575, 16.14838], [95.12892, 16.14838], [95.12158, 16.13167], [95.09412, 16.09382], [95.07057, 16.07486], [95.06788, 16.04833], [95.07289, 15.97041], [95.05502, 15.84614], [95.04687, 15.8221], [95.03408, 15.8059], [94.99757, 15.79532], [94.98617, 15.77335], [94.97534, 15.76413], [94.93776, 15.76415], [94.90358, 15.77782], [94.85866, 15.78263], [94.84687, 15.7906], [94.85866, 15.80881], [94.89039, 15.82705], [94.89633, 15.8474], [94.88258, 15.86717], [94.86394, 15.84415], [94.85321, 15.84029], [94.8484, 15.86376], [94.8484, 15.90815], [94.83595, 15.93667], [94.83473, 15.94916], [94.83975, 15.96227], [94.86281, 15.99176], [94.90724, 16.00605], [94.92067, 16.01862], [94.92408, 16.03852], [94.88934, 16.01741], [94.88022, 16.07998], [94.86354, 16.11237], [94.86313, 16.12775], [94.88706, 16.1708], [94.8999, 16.18361], [94.91733, 16.19237], [94.95924, 16.20087], [94.97511, 16.21434], [94.98683, 16.23224], [94.99244, 16.2508], [94.96697, 16.2204], [94.92465, 16.20881], [94.90252, 16.20962], [94.89308, 16.20576], [94.86573, 16.16889], [94.85467, 16.16022], [94.84946, 16.1398], [94.8484, 16.0965], [94.8694, 16.04096], [94.8462, 15.99999], [94.78688, 15.96214], [94.74537, 15.88085], [94.7212, 15.85668], [94.70387, 15.84847], [94.68385, 15.84676], [94.65871, 15.85449], [94.64894, 15.8686], [94.63551, 15.90815], [94.63282, 15.88973], [94.62241, 15.89156], [94.60134, 15.92122], [94.70314, 15.98237], [94.73227, 16.0174], [94.74171, 16.06729], [94.76588, 16.09317], [94.77198, 16.11099], [94.77272, 16.13101], [94.79265, 16.1479], [94.79371, 16.16201], [94.77516, 16.15156], [94.76596, 16.13947], [94.70532, 16.02066], [94.6714, 15.99657], [94.61476, 15.94367], [94.58985, 15.9316], [94.56659, 15.9355], [94.56236, 15.96186], [94.58872, 15.99624], [94.64235, 16.04466], [94.66334, 16.07998], [94.67888, 16.12128], [94.6867, 16.16535], [94.68385, 16.20917], [94.66523, 16.25763], [94.68531, 16.29198], [94.70493, 16.35321], [94.71071, 16.36033], [94.73227, 16.36066], [94.73227, 16.3675], [94.7217, 16.37849], [94.70583, 16.47331], [94.71072, 16.49724], [94.73162, 16.5102], [94.73227, 16.52456], [94.69703, 16.50841], [94.68393, 16.51082], [94.67701, 16.53197], [94.67018, 16.50967], [94.68384, 16.42206], [94.68384, 16.36408], [94.67847, 16.34854], [94.65512, 16.3227], [94.64372, 16.28352], [94.62793, 16.26021], [94.60669, 16.24312], [94.584, 16.23653], [94.58205, 16.24347], [94.615, 16.28555], [94.63551, 16.32648], [94.62973, 16.34418], [94.61818, 16.34203], [94.6067, 16.326], [94.59889, 16.29365], [94.58367, 16.27485], [94.57398, 16.27132], [94.56203, 16.27376], [94.53989, 16.29169], [94.52117, 16.29548], [94.51564, 16.28726], [94.51734, 16.22394], [94.50708, 16.18978], [94.45557, 16.10562], [94.42822, 16.07434], [94.39649, 16.059], [94.36061, 16.04926], [94.35133, 16.03437], [94.34798, 16.00715], [94.34001, 15.99625], [94.32146, 15.98995], [94.30104, 15.98973], [94.28663, 15.9975], [94.26563, 15.97509], [94.25167, 15.96854], [94.23952, 15.97631], [94.21463, 16.0148], [94.20925, 16.04469], [94.21431, 16.14178], [94.21516, 16.15796], [94.2378, 16.27314], [94.23538, 16.34837], [94.23814, 16.36066], [94.25864, 16.38736], [94.27312, 16.4665], [94.26833, 16.52749], [94.27313, 16.53814], [94.3086, 16.52778], [94.33107, 16.52863], [94.34132, 16.54841], [94.34897, 16.57811], [94.3462, 16.59243], [94.32766, 16.60025], [94.32766, 16.60642], [94.35206, 16.6186], [94.36199, 16.63548], [94.36444, 16.70112], [94.37966, 16.75535], [94.39845, 16.77578], [94.40268, 16.78827], [94.40064, 16.83063], [94.37893, 16.88695], [94.38234, 16.90127], [94.39064, 16.90663], [94.42319, 16.90127], [94.43531, 16.91014], [94.46469, 16.94965], [94.44437, 16.94966], [94.45387, 16.96524], [94.45777, 16.9829], [94.45783, 17.05937], [94.47836, 17.09308], [94.48878, 17.12421], [94.48569, 17.14102], [94.45778, 17.15376], [94.45266, 17.16621], [94.45437, 17.18007], [94.46469, 17.18926], [94.51092, 17.16901], [94.53785, 17.18741], [94.53989, 17.19672], [94.535, 17.20515], [94.51198, 17.2172], [94.50865, 17.23036], [94.51199, 17.27521], [94.5189, 17.28814], [94.54542, 17.29609], [94.54616, 17.31963], [94.57251, 17.31109], [94.59449, 17.2923], [94.57682, 17.35853], [94.5666, 17.47643], [94.57032, 17.50519], [94.55389, 17.54361], [94.56032, 17.58209], [94.57691, 17.57623], [94.615, 17.54556], [94.59068, 17.59325], [94.59522, 17.61546], [94.56293, 17.66192], [94.55691, 17.68244], [94.55348, 17.72736], [94.54396, 17.74803], [94.50173, 17.78661], [94.49221, 17.8168], [94.48951, 17.87621], [94.48341, 17.90229], [94.44745, 17.97334], [94.44436, 17.9881], [94.45086, 18.00242], [94.48178, 18.0152], [94.4922, 18.02595], [94.49488, 18.04881], [94.49057, 18.0725], [94.48097, 18.09422], [94.46194, 18.12178], [94.45786, 18.15571], [94.43679, 18.18236], [94.42286, 18.2425], [94.40651, 18.25129], [94.34157, 18.24752], [94.32766, 18.25874], [94.32618, 18.28141], [94.33107, 18.30312], [94.3392, 18.30596], [94.35027, 18.29291], [94.36589, 18.29856], [94.37859, 18.2871], [94.38917, 18.28604], [94.417, 18.31395], [94.38966, 18.3627], [94.35061, 18.37524], [94.33106, 18.42597], [94.27985, 18.47998], [94.25887, 18.50921], [94.24498, 18.53924], [94.25896, 18.53571], [94.26222, 18.54511], [94.24879, 18.63886], [94.14895, 18.73103], [94.14895, 18.7385], [94.15642, 18.7385], [94.17457, 18.72504], [94.2116, 18.72553], [94.27931, 18.73851], [94.25245, 18.75214], [94.22804, 18.73554], [94.21242, 18.74186], [94.1531, 18.82104], [94.14731, 18.83983], [94.14894, 18.86823], [94.13819, 18.86009], [94.13356, 18.8465], [94.13509, 18.82047], [94.11964, 18.81665], [94.0984, 18.82173], [94.07867, 18.83296], [94.06691, 18.84833], [94.05323, 18.8409], [94.03811, 18.85912], [94.03209, 18.88858], [94.0366, 18.91783], [94.05323, 18.93651], [94.04038, 18.97118], [94.0412, 18.99762], [94.06609, 19.04287], [94.06008, 19.0637], [94.09425, 19.08735], [94.04656, 19.08113], [94.03054, 19.08797], [94.02908, 19.0954], [94.03907, 19.12206], [94.03274, 19.16926], [94.05323, 19.22138], [94.04591, 19.30467], [94.04998, 19.32071], [94.05991, 19.3299], [94.06967, 19.3509], [94.0739, 19.37385], [94.06691, 19.38898], [94.03061, 19.3159], [94.02524, 19.28657], [94.03321, 19.23509], [94.03338, 19.20454], [93.99439, 19.15909], [93.97348, 19.14632], [93.94711, 19.15965], [93.93727, 19.20466], [93.92547, 19.21027], [93.91603, 19.20393], [93.91041, 19.19099], [93.90992, 19.1767], [93.91489, 19.16958], [93.9554, 19.1269], [93.95021, 19.09821], [93.95248, 19.03205], [93.95777, 19.01219], [93.9812, 18.98065], [93.98437, 18.96784], [93.97388, 18.9228], [93.9502, 18.8955], [93.93727, 18.88935], [93.94408, 18.86823], [93.93043, 18.85864], [93.9074, 18.88178], [93.86574, 18.8955], [93.81373, 18.944], [93.75026, 18.97041], [93.73484, 18.98104], [93.71485, 19.0102], [93.70387, 19.01846], [93.67889, 19.01961], [93.6697, 19.03271], [93.66777, 19.04371], [93.67091, 19.06688], [93.64234, 19.13422], [93.59401, 19.17671], [93.56715, 19.23111], [93.55625, 19.23839], [93.49782, 19.31391], [93.4833, 19.3504], [93.48415, 19.39272], [93.49091, 19.40761], [93.50783, 19.42258], [93.53012, 19.43206], [93.55298, 19.43056], [93.56804, 19.40672], [93.61147, 19.40307], [93.6311, 19.3723], [93.63696, 19.34907], [93.62135, 19.33438], [93.66529, 19.30561], [93.68751, 19.2967], [93.71753, 19.29339], [93.72291, 19.26846], [93.75465, 19.24714], [93.79689, 19.23518], [93.83424, 19.23819], [93.86549, 19.2541], [93.92994, 19.29975], [93.95021, 19.3207], [93.95021, 19.34178], [93.96388, 19.34805], [93.98097, 19.37226], [93.98732, 19.3867], [93.9844, 19.43744], [93.99106, 19.45718], [93.98439, 19.46406], [93.94711, 19.45792], [93.92384, 19.46239], [93.91457, 19.47279], [93.91912, 19.48408], [93.93727, 19.49201], [93.92677, 19.49702], [93.8821, 19.50191], [93.85524, 19.5268], [93.79463, 19.57107], [93.77719, 19.60309], [93.7396, 19.61751], [93.73123, 19.63255], [93.73846, 19.65135], [93.75611, 19.66108], [93.77865, 19.66249], [93.80006, 19.65648], [93.79446, 19.67357], [93.8274, 19.71857], [93.80681, 19.74584], [93.79915, 19.71773], [93.78386, 19.69111], [93.76108, 19.67487], [93.73122, 19.67765], [93.72113, 19.68516], [93.7095, 19.71353], [93.71127, 19.73164], [93.71876, 19.7436], [93.74187, 19.75405], [93.75164, 19.76569], [93.72193, 19.76899], [93.69353, 19.72481], [93.64845, 19.72518], [93.63624, 19.73501], [93.63551, 19.75951], [93.6157, 19.72403], [93.60142, 19.71859], [93.60142, 19.78343], [93.60662, 19.79635], [93.66083, 19.87095], [93.67995, 19.88336], [93.73805, 19.88247], [93.72561, 19.90558], [93.73049, 19.91428], [93.74537, 19.91657], [93.74, 19.92512], [93.72625, 19.93659], [93.71754, 19.93769], [93.71168, 19.93382], [93.71159, 19.91967], [93.70753, 19.91658], [93.6565, 19.91621], [93.63793, 19.91028], [93.61134, 19.91035], [93.60065, 19.88841], [93.594, 19.88248], [93.5805, 19.88141], [93.56656, 19.88605], [93.54674, 19.9029], [93.56593, 19.91657], [93.52907, 19.93009], [93.51834, 19.9396], [93.53191, 19.95136], [93.51711, 19.95857], [93.51198, 19.97046], [93.51686, 19.98119], [93.53191, 19.98485], [93.52565, 19.99917], [93.50343, 19.98627], [93.49219, 19.96501], [93.47047, 19.98485], [93.45703, 19.95426], [93.44654, 19.95136], [93.42319, 19.96532], [93.41351, 19.97775], [93.38396, 20.0644], [93.38234, 20.08853], [93.37485, 20.08853], [93.37207, 20.03084], [93.36183, 20.02645], [93.34067, 20.1022], [93.33383, 20.1022], [93.3265, 20.08129], [93.31275, 20.06538], [93.27247, 20.04752], [93.24464, 20.04989], [93.19028, 20.06444], [93.17628, 20.05371], [93.14747, 20.07001], [93.12843, 20.09467], [93.12989, 20.0751], [93.15576, 20.02643], [93.17628, 19.95751], [93.23584, 19.84723], [93.23828, 19.82101], [93.21763, 19.83711], [93.20158, 19.86254], [93.1764, 19.91631], [93.14812, 19.99433], [93.13152, 20.00658], [93.10914, 19.9938], [93.10206, 19.9641], [93.10613, 19.93065], [93.12435, 19.89386], [93.13453, 19.84829], [93.1559, 19.82766], [93.16878, 19.80734], [93.14918, 19.82893], [93.13454, 19.83406], [93.11264, 19.87433], [93.05943, 19.95112], [93.04868, 19.99482], [93.03842, 20.01293], [92.98073, 20.07795], [92.97024, 20.12945], [92.98829, 20.12499], [93.04249, 20.12946], [93.05445, 20.13475], [93.08009, 20.17046], [93.08692, 20.14997], [93.09425, 20.14997], [93.12094, 20.21198], [93.12094, 20.21821], [93.0892, 20.21035], [93.04736, 20.16797], [93.01856, 20.14998], [92.9905, 20.15494], [92.98749, 20.18667], [93.00117, 20.2391], [93.01881, 20.2565], [93.04128, 20.33201], [93.05616, 20.34919], [93.08082, 20.35855], [93.09132, 20.38101], [93.10043, 20.4311], [93.08188, 20.41698], [93.07252, 20.37661], [93.05958, 20.36225], [93.04323, 20.36495], [93.03419, 20.38422], [93.03102, 20.40965], [93.03224, 20.4311], [93.07057, 20.49616], [93.08562, 20.53295], [93.07325, 20.55463], [93.06031, 20.51337], [93.02263, 20.45254], [93.02003, 20.42402], [93.02491, 20.36848], [93.01628, 20.32486], [92.9948, 20.28661], [92.93605, 20.21198], [92.89844, 20.13569], [92.88054, 20.12321], [92.86037, 20.12495], [92.84669, 20.14313], [92.77216, 20.20149], [92.77818, 20.23163], [92.79972, 20.25933], [92.86403, 20.30076], [92.94288, 20.32123], [92.9253, 20.32783], [92.89333, 20.32954], [92.88071, 20.34919], [92.84694, 20.37735], [92.84051, 20.39013], [92.82692, 20.49506], [92.81528, 20.50471], [92.79265, 20.50625], [92.79655, 20.48383], [92.78532, 20.46297], [92.7693, 20.45508], [92.75857, 20.47211], [92.77898, 20.47826], [92.751, 20.49853], [92.73658, 20.56314], [92.72071, 20.59223], [92.66285, 20.67919], [92.63502, 20.69798], [92.65943, 20.65282], [92.70826, 20.57868], [92.71697, 20.49999], [92.73749, 20.44456], [92.73121, 20.38272], [92.73925, 20.27969], [92.73121, 20.25921], [92.69712, 20.30826], [92.65317, 20.41828], [92.63258, 20.4466], [92.53989, 20.52754], [92.52916, 20.54341], [92.52003, 20.58967], [92.50701, 20.60928], [92.47056, 20.64339], [92.45362, 20.66852], [92.42897, 20.67391], [92.38112, 20.70015], [92.30543, 20.91771], [92.28103, 20.95942], [92.27052, 21.04902], [92.26515, 21.0611], [92.25709, 20.98111], [92.26148, 20.94025], [92.27198, 20.90351], [92.30534, 20.85216], [92.30763, 20.8332], [92.33333, 20.76748], [92.33398, 20.74641], [92.32553, 20.73873], [92.30105, 20.76228], [92.27809, 20.81411], [92.20974, 20.93082], [92.19288, 20.99567], [92.18629, 21.00584], [92.13413, 21.04752], [92.09685, 21.10586], [92.05251, 21.15478], [92.04552, 21.17074], [92.04397, 21.19204], [92.05226, 21.25666], [92.04526, 21.29955], [91.98976, 21.39423], [91.96942, 21.40962], [91.95987, 21.42376], [91.94973, 21.45839], [91.96339, 21.45213], [91.98293, 21.48883], [91.99903, 21.4995], [92.01791, 21.49311], [92.00538, 21.5043], [91.99539, 21.52261], [91.99, 21.562], [92.02215, 21.59935], [92.01793, 21.61603], [92.03582, 21.64045], [92.03176, 21.65013], [92.03777, 21.65957], [92.0359, 21.66816], [92.0228, 21.67682], [92.02931, 21.7049], [92.0254, 21.71284], [92.01791, 21.69855], [92.0254, 21.69855], [92.01246, 21.66443], [92.00088, 21.64998], [91.9839, 21.65013], [91.97608, 21.66206], [91.9839, 21.70539], [91.97706, 21.70539], [91.97193, 21.68822], [91.96266, 21.68952], [91.95362, 21.7014], [91.94972, 21.71597], [91.95297, 21.73833], [91.97478, 21.74649], [91.99, 21.76], [91.9839, 21.76683], [91.9673, 21.75544], [91.96031, 21.76382], [91.96658, 21.77888], [91.99, 21.78791], [91.99, 21.79483], [91.9437, 21.79141], [91.9087, 21.78116], [91.89927, 21.7895], [91.9009, 21.8133], [91.9114, 21.8347], [91.92937, 21.84317], [91.92165, 21.85342], [91.92555, 21.86286], [91.94972, 21.8767], [91.94972, 21.88418], [91.92994, 21.87865], [91.91571, 21.86246], [91.90566, 21.89534], [91.8982, 21.94489], [91.88088, 21.96919], [91.88087, 22.00702], [91.85523, 22.10927], [91.85353, 22.14362], [91.8672, 22.1374], [91.86207, 22.15062], [91.85328, 22.14875], [91.84604, 22.13597], [91.84604, 22.11689], [91.83986, 22.1169], [91.81942, 22.15579], [91.81301, 22.18033], [91.81204, 22.20502], [91.81692, 22.22028], [91.83985, 22.24665], [91.83839, 22.26309], [91.81202, 22.2814], [91.80885, 22.30634], [91.82651, 22.31826], [91.87403, 22.336], [91.88494, 22.35383], [91.90805, 22.42475], [91.88771, 22.42475], [91.87574, 22.37108], [91.87745, 22.36335], [91.844, 22.33495], [91.82634, 22.32917], [91.7986, 22.31192], [91.79135, 22.30191], [91.79396, 22.28604], [91.82634, 22.26777], [91.82594, 22.24848], [91.80895, 22.23629], [91.78713, 22.23795], [91.77167, 22.26033], [91.7544, 22.37466], [91.74366, 22.41108], [91.67604, 22.53461], [91.54811, 22.70034], [91.51637, 22.71223], [91.49856, 22.72747], [91.47682, 22.76118], [91.46901, 22.75708], [91.46232, 22.76213], [91.45634, 22.78461], [91.45831, 22.79686], [91.46778, 22.80931], [91.49, 22.88056], [91.49049, 22.90453], [91.48308, 22.90453], [91.46241, 22.83344], [91.45247, 22.82266], [91.43043, 22.81631], [91.41676, 22.79999], [91.41163, 22.77782], [91.41471, 22.75375], [91.38502, 22.7707], [91.34645, 22.77485], [91.34645, 22.7674], [91.36744, 22.76166], [91.37012, 22.75219], [91.36011, 22.7434], [91.29078, 22.73843], [91.33276, 22.7202], [91.32992, 22.70572], [91.31739, 22.69722], [91.28444, 22.6923], [91.24481, 22.6984], [91.24342, 22.7202], [91.21608, 22.72606], [91.1819, 22.72647], [91.1819, 22.7202], [91.19458, 22.70966], [91.19921, 22.6988], [91.19215, 22.69164], [91.16896, 22.69229], [91.16896, 22.68488], [91.25342, 22.6607], [91.26448, 22.64081], [91.24156, 22.5754], [91.20274, 22.54323], [91.12734, 22.52704], [91.08921, 22.54444], [91.06959, 22.57156], [91.0586, 22.61432], [91.03793, 22.64387], [91.0267, 22.67426], [91.01832, 22.68309], [91.00375, 22.67866], [91.01873, 22.66446], [91.03224, 22.63687], [91.0402, 22.60773], [91.03792, 22.58862], [91.01759, 22.5793], [90.98512, 22.57438], [90.95493, 22.57584], [90.94175, 22.58589], [90.93556, 22.59968], [90.90809, 22.61805], [90.88414, 22.65449], [90.87648, 22.68281], [90.86549, 22.68716], [90.83595, 22.68489], [90.81951, 22.72647], [90.79494, 22.74137], [90.77102, 22.78482], [90.75001, 22.85676], [90.72561, 22.90571], [90.71746, 22.94062], [90.64016, 23.03804], [90.62941, 23.0644], [90.62722, 23.08666], [90.63868, 23.14789], [90.64016, 23.18887], [90.64585, 23.21092], [90.66521, 23.24876], [90.66116, 23.26764], [90.66733, 23.26765], [90.6509, 23.30024], [90.65017, 23.31356], [90.66114, 23.32225], [90.65317, 23.32465], [90.65366, 23.32974], [90.62843, 23.32153], [90.61128, 23.34267], [90.59918, 23.39086], [90.60028, 23.44993], [90.60874, 23.47272], [90.63331, 23.48676], [90.69158, 23.48648], [90.71502, 23.49836], [90.71583, 23.53514], [90.70558, 23.55451], [90.67823, 23.55508], [90.67547, 23.55093], [90.70216, 23.52839], [90.69532, 23.5079], [90.67774, 23.51728], [90.66676, 23.51822], [90.60776, 23.49113], [90.58814, 23.53417], [90.59207, 23.56248], [90.60817, 23.58575], [90.63331, 23.59662], [90.62713, 23.60346], [90.61964, 23.59662], [90.61199, 23.60611], [90.59547, 23.6044], [90.55877, 23.5904], [90.56445, 23.5764], [90.55941, 23.56795], [90.54721, 23.56379], [90.51466, 23.56379], [90.47633, 23.58295], [90.48439, 23.56745], [90.49838, 23.55728], [90.5315, 23.54881], [90.56869, 23.5475], [90.57683, 23.5395], [90.57894, 23.44986], [90.57593, 23.43896], [90.55991, 23.4184], [90.55192, 23.38497], [90.51832, 23.39826], [90.32244, 23.4333], [90.28443, 23.44619], [90.25034, 23.46695], [90.24936, 23.45539], [90.2588, 23.44457], [90.38852, 23.37238], [90.40414, 23.36041], [90.42848, 23.32612], [90.46022, 23.31973], [90.50359, 23.30174], [90.5691, 23.29499], [90.60661, 23.24722], [90.6145, 23.19548], [90.59352, 23.21988], [90.60286, 23.14154], [90.59916, 23.11771], [90.56578, 23.07604], [90.55373, 23.07857], [90.55128, 23.0869], [90.55592, 23.09683], [90.5656, 23.10383], [90.5656, 23.11066], [90.55877, 23.11066], [90.53674, 23.08692], [90.52279, 23.08016], [90.50359, 23.07587], [90.46608, 23.07685], [90.45362, 23.07233], [90.4489, 23.05573], [90.45436, 23.02753], [90.46827, 22.99608], [90.507, 22.94208], [90.51043, 22.9182], [90.521, 22.91567], [90.5361, 22.90319], [90.54004, 22.89655], [90.53492, 22.88715], [90.52003, 22.88019], [90.47633, 22.8841], [90.4572, 22.86176], [90.43604, 22.80061], [90.40797, 22.79466], [90.42399, 22.78168], [90.41992, 22.76826], [90.40641, 22.7631], [90.3943, 22.77485], [90.37257, 22.76142], [90.38722, 22.75129], [90.43523, 22.7333], [90.4446, 22.75164], [90.46168, 22.74885], [90.47885, 22.73514], [90.48992, 22.7202], [90.49676, 22.67866], [90.50895, 22.64643], [90.50946, 22.64166], [90.48708, 22.64126], [90.48039, 22.63643], [90.49379, 22.58907], [90.45924, 22.57929], [90.44215, 22.50873], [90.44207, 22.49364], [90.445, 22.50414], [90.46266, 22.52098], [90.46266, 22.56196], [90.4725, 22.57559], [90.49511, 22.58483], [90.51623, 22.50095], [90.52514, 22.43072], [90.5192, 22.36078], [90.50999, 22.3237], [90.50717, 22.23798], [90.49944, 22.20292], [90.48048, 22.14956], [90.4418, 22.07734], [90.42547, 22.07885], [90.39382, 22.09472], [90.38746, 22.10261], [90.39324, 22.12739], [90.41749, 22.17504], [90.42164, 22.19888], [90.40797, 22.24042], [90.41407, 22.2718], [90.4109, 22.28425], [90.3943, 22.28824], [90.39869, 22.26748], [90.38868, 22.22321], [90.39088, 22.20881], [90.41049, 22.1957], [90.41285, 22.17805], [90.39715, 22.16063], [90.39259, 22.14301], [90.38006, 22.14362], [90.36974, 22.08953], [90.3322, 22.03807], [90.32788, 22.0205], [90.3086, 21.98404], [90.29952, 21.92589], [90.19561, 21.84878], [90.13847, 21.8143], [90.09296, 21.83028], [90.08856, 21.84675], [90.09539, 21.85944], [90.11248, 21.85627], [90.10499, 21.87027], [90.12623, 21.90119], [90.12135, 21.92158], [90.12623, 21.93195], [90.11622, 21.91934], [90.09848, 21.87861], [90.07936, 21.86693], [90.0669, 21.85343], [90.05787, 21.84936], [90.04956, 21.85097], [90.03631, 21.86115], [90.02444, 21.86246], [90.03126, 21.88923], [90.03396, 21.94355], [90.04494, 21.96613], [90.07716, 21.98798], [90.08578, 22.00023], [90.09596, 22.04011], [90.10564, 22.05427], [90.14674, 22.08902], [90.16407, 22.11323], [90.17286, 22.11701], [90.19508, 22.10952], [90.21616, 22.12324], [90.2317, 22.14566], [90.23911, 22.17227], [90.2361, 22.19888], [90.20582, 22.13296], [90.19166, 22.12311], [90.16481, 22.11982], [90.14828, 22.11079], [90.08888, 22.05117], [90.07374, 22.01923], [90.05242, 21.989], [90.02843, 21.98806], [89.99635, 22.00023], [90.00319, 22.02936], [90.01062, 22.041], [90.03541, 22.0598], [90.0381, 22.07534], [90.03468, 22.10517], [90.04274, 22.13125], [90.0726, 22.15204], [90.07838, 22.16405], [90.05258, 22.15546], [90.04005, 22.13809], [90.02442, 22.08902], [89.98276, 22.04462], [89.9828, 21.98677], [89.96778, 21.97457], [89.94973, 21.98091], [89.93443, 21.99771], [89.91743, 22.05013], [89.91236, 22.13557], [89.90089, 22.20197], [89.88032, 22.24063], [89.87687, 22.27498], [89.90017, 22.33392], [89.98276, 22.44526], [89.9979, 22.48086], [90.0101, 22.49022], [89.98276, 22.47321], [89.94744, 22.43968], [89.9336, 22.42353], [89.92043, 22.39185], [89.90309, 22.39644], [89.8729, 22.41861], [89.88412, 22.36351], [89.88042, 22.34247], [89.83872, 22.26777], [89.85083, 22.24652], [89.86138, 22.21076], [89.87291, 22.14335], [89.87139, 22.09208], [89.86296, 22.07906], [89.8462, 22.07064], [89.79721, 22.076], [89.79721, 22.06851], [89.83594, 22.04946], [89.8479, 22.03388], [89.85237, 22.01044], [89.8462, 21.97232], [89.88713, 21.90029], [89.88037, 21.88419], [89.85092, 21.87751], [89.82521, 21.85627], [89.81421, 21.84081], [89.78639, 21.82893], [89.77573, 21.82759], [89.76588, 21.84675], [89.72584, 21.82894], [89.70884, 21.83013], [89.67358, 21.83999], [89.66132, 21.84936], [89.65261, 21.87885], [89.66334, 21.89631], [89.66131, 21.90583], [89.64698, 21.92512], [89.61899, 21.86986], [89.64975, 21.82636], [89.67205, 21.80427], [89.69206, 21.79482], [89.70068, 21.78486], [89.68994, 21.76521], [89.66822, 21.75089], [89.63152, 21.76406], [89.59547, 21.76], [89.59278, 21.75438], [89.60595, 21.71907], [89.58692, 21.70085], [89.56569, 21.71337], [89.53713, 21.75381], [89.53891, 21.77147], [89.52736, 21.81281], [89.5303, 21.83576], [89.56446, 21.88418], [89.56764, 21.9007], [89.5635, 21.97313], [89.5713, 22.03124], [89.57667, 22.0517], [89.6006, 22.09125], [89.60597, 22.11323], [89.59376, 22.15542], [89.56788, 22.18891], [89.56723, 22.20283], [89.59791, 22.2403], [89.60597, 22.2569], [89.61061, 22.2989], [89.62648, 22.336], [89.61549, 22.32827], [89.59246, 22.28824], [89.58082, 22.27725], [89.57716, 22.2685], [89.58619, 22.24543], [89.56105, 22.22309], [89.54916, 22.20527], [89.5503, 22.19212], [89.57642, 22.14521], [89.57934, 22.11323], [89.56674, 22.0821], [89.55144, 21.99404], [89.53289, 21.9847], [89.52476, 22.00015], [89.52345, 22.04462], [89.53647, 22.07583], [89.53712, 22.08902], [89.49205, 22.18838], [89.49301, 22.2735], [89.48316, 22.29507], [89.47576, 22.29507], [89.46746, 22.22899], [89.47576, 22.10261], [89.48316, 22.10261], [89.48406, 22.11669], [89.49415, 22.13685], [89.51832, 22.081], [89.50913, 22.0412], [89.49187, 22.03457], [89.49041, 22.02399], [89.52178, 21.96209], [89.51253, 21.90913], [89.47576, 21.8767], [89.46461, 21.8592], [89.46948, 21.80439], [89.46573, 21.78112], [89.44286, 21.74681], [89.40642, 21.71736], [89.39504, 21.71653], [89.36965, 21.74332], [89.36428, 21.75821], [89.36591, 21.82892], [89.38429, 21.87783], [89.38697, 21.90119], [89.38266, 21.92133], [89.36402, 21.95506], [89.35963, 21.97232], [89.35222, 21.97232], [89.34596, 21.95702], [89.35962, 21.91767], [89.35606, 21.89275], [89.32887, 21.86465], [89.30127, 21.8094], [89.29623, 21.80908], [89.2907, 21.82209], [89.28395, 21.82209], [89.28443, 21.79682], [89.29468, 21.7578], [89.29069, 21.73335], [89.27369, 21.6988], [89.27662, 21.68757], [89.29752, 21.67812], [89.26894, 21.65414], [89.24871, 21.64591], [89.22926, 21.64396], [89.21047, 21.65413], [89.20448, 21.67289], [89.20827, 21.69061], [89.2186, 21.69855], [89.22071, 21.70942], [89.18972, 21.79125], [89.18767, 21.81151], [89.18336, 21.81562], [89.17408, 21.81005], [89.15455, 21.78686], [89.11941, 21.80098], [89.1046, 21.81608], [89.07781, 21.91425], [89.09108, 21.97679], [89.09148, 22.00023], [89.08424, 22.02119], [89.06202, 22.04951], [89.05738, 22.06509], [89.06349, 22.11103], [89.06031, 22.1306], [89.04371, 22.1374], [89.0486, 22.12295], [89.03688, 22.0856], [89.05738, 22.03124], [89.06559, 21.96711], [89.06087, 21.93847], [89.03689, 21.92512], [89.02312, 21.9311], [89.01303, 21.92943], [89.00807, 21.92056], [89.00952, 21.90462], [88.96046, 21.93431], [88.94468, 21.9388], [88.93785, 21.94872], [88.92872, 21.98656], [88.91391, 21.98656], [88.90504, 21.96943], [88.91082, 21.94648], [88.92408, 21.92634], [88.968, 21.90489], [88.99569, 21.88431], [89.01587, 21.85334], [89.03094, 21.77045], [89.04371, 21.73334], [89.06787, 21.70913], [89.0852, 21.67471], [89.08822, 21.63374], [89.08268, 21.61734], [89.06422, 21.60921], [89.05324, 21.60982], [89.03883, 21.61945], [89.03395, 21.63325], [89.01978, 21.60612], [89.00026, 21.60343], [88.93385, 21.64395], [88.89182, 21.65338], [88.88161, 21.67203], [88.87208, 21.74901], [88.86606, 21.76683], [88.85865, 21.76683], [88.83823, 21.70197], [88.85986, 21.65257], [88.85864, 21.63655], [88.84425, 21.62222], [88.82399, 21.61727], [88.80584, 21.62288], [88.79788, 21.6402], [88.81837, 21.65762], [88.81088, 21.69172], [88.80047, 21.66185], [88.78403, 21.65595], [88.77711, 21.64354], [88.78175, 21.61424], [88.79663, 21.58442], [88.79053, 21.56827], [88.76246, 21.55586], [88.72788, 21.55989], [88.70754, 21.57832], [88.72218, 21.6092], [88.68801, 21.67813], [88.68492, 21.69721], [88.70362, 21.81061], [88.69452, 21.83983], [88.71469, 21.89785], [88.71698, 21.95197], [88.72219, 21.96613], [88.75831, 21.99946], [88.76303, 22.01728], [88.75465, 22.03758], [88.71705, 22.05805], [88.70851, 22.07221], [88.71485, 22.08698], [88.73015, 22.10358], [88.76303, 22.13056], [88.74391, 22.12934], [88.72657, 22.12116], [88.71217, 22.10904], [88.69484, 22.08153], [88.69288, 22.06586], [88.69947, 22.05321], [88.71852, 22.04804], [88.73072, 22.03718], [88.7233, 22.01309], [88.68994, 21.946], [88.67872, 21.93669], [88.667, 21.94501], [88.64259, 21.9409], [88.63088, 21.94547], [88.626, 21.95551], [88.62746, 21.9704], [88.65349, 22.01801], [88.6395, 22.10954], [88.65699, 22.15107], [88.674, 22.16205], [88.68312, 22.18496], [88.67994, 22.20441], [88.66017, 22.20502], [88.65592, 22.18305], [88.63494, 22.14496], [88.63087, 22.1258], [88.61915, 22.10952], [88.62597, 22.04804], [88.62036, 22.02998], [88.60255, 22.00642], [88.59864, 21.9903], [88.59839, 21.92935], [88.56707, 21.85082], [88.56463, 21.76683], [88.60418, 21.77874], [88.62402, 21.77802], [88.63281, 21.75007], [88.62337, 21.71028], [88.61279, 21.69767], [88.59181, 21.70539], [88.59958, 21.63707], [88.59506, 21.61214], [88.57814, 21.62344], [88.57813, 21.57168], [88.57227, 21.55794], [88.55893, 21.55558], [88.54498, 21.5619], [88.53647, 21.5751], [88.52963, 21.55337], [88.54224, 21.53566], [88.48982, 21.5498], [88.48798, 21.55654], [88.49563, 21.58185], [88.51401, 21.60082], [88.51882, 21.63914], [88.52963, 21.65762], [88.50954, 21.71231], [88.5049, 21.74152], [88.51272, 21.76341], [88.53289, 21.79531], [88.53102, 21.82412], [88.49563, 21.8767], [88.51466, 21.9162], [88.51498, 21.9372], [88.49562, 21.95181], [88.49985, 21.93366], [88.48121, 21.9099], [88.47446, 21.89033], [88.47706, 21.87181], [88.49208, 21.83692], [88.49354, 21.80539], [88.47446, 21.80097], [88.45338, 21.74177], [88.45476, 21.70539], [88.47217, 21.66327], [88.46826, 21.64395], [88.4563, 21.62402], [88.40968, 21.59928], [88.39309, 21.60026], [88.38356, 21.63142], [88.38283, 21.67108], [88.39259, 21.69855], [88.35565, 21.68499], [88.3462, 21.68862], [88.33123, 21.71906], [88.32472, 21.70136], [88.3274, 21.69111], [88.34571, 21.6706], [88.34876, 21.65011], [88.33545, 21.6158], [88.32179, 21.60567], [88.30975, 21.61018], [88.30445, 21.63345], [88.30201, 21.74518], [88.29819, 21.76411], [88.28981, 21.78022], [88.27312, 21.79792], [88.26157, 21.79865], [88.26417, 21.7753], [88.29542, 21.67658], [88.29705, 21.65388], [88.28419, 21.62124], [88.28338, 21.6092], [88.28999, 21.59828], [88.23405, 21.60468], [88.22438, 21.61302], [88.20758, 21.6044], [88.18937, 21.64208], [88.18093, 21.68496], [88.20346, 21.72435], [88.21046, 21.74726], [88.20144, 21.77432], [88.20973, 21.78856], [88.20379, 21.80541], [88.15408, 21.88809], [88.15943, 21.90616], [88.14675, 21.95922], [88.15636, 21.99103], [88.22242, 22.07795], [88.21275, 22.10005], [88.19801, 22.16779], [88.16529, 22.185], [88.08132, 22.21736], [88.07732, 22.24042], [88.04347, 22.22477], [88.02703, 22.22786], [88.00905, 22.24043], [87.97268, 22.28319], [87.95069, 22.35619], [87.94044, 22.41303], [87.92799, 22.42422], [87.90659, 22.42475], [87.90659, 22.41861], [87.92292, 22.39758], [87.9358, 22.35517], [87.94752, 22.27766], [87.96534, 22.24482], [87.99195, 22.21589], [88.00847, 22.2049], [88.09547, 22.19123], [88.13258, 22.17914], [88.16097, 22.15656], [88.1735, 22.11689], [88.16416, 22.08959], [88.14063, 22.06013], [88.11117, 22.03487], [88.08472, 22.02071], [88.0486, 22.02074], [88.04314, 22.01728], [88.05078, 21.98501], [88.0324, 21.95718], [87.98352, 21.85402], [87.97046, 21.8365], [87.89918, 21.79483], [87.89273, 21.77415], [87.86719, 21.75081], [87.83426, 21.72948], [87.75571, 21.69172], [87.70378, 21.65551], [87.68202, 21.65023], [87.63454, 21.68034], [87.60435, 21.70568], [87.57586, 21.7353], [87.53417, 21.794], [87.51786, 21.82646], [87.49623, 21.8938], [87.49071, 21.92928], [87.49052, 21.99128], [87.5704, 22.00828], [87.59944, 22.02278], [87.63104, 22.0573], [87.59631, 22.12041], [87.57972, 22.16234], [87.57022, 22.16691], [87.56319, 22.16294], [87.51905, 22.08585], [87.47132, 22.01441], [87.41453, 21.95479], [87.34424, 21.91369], [87.03317, 21.80896], [86.90775, 21.76091], [86.78948, 21.70659], [86.68919, 21.64643], [86.65848, 21.61789], [86.65845, 21.6093], [86.66519, 21.6047], [86.72362, 21.60701], [86.76186, 21.604], [86.83511, 21.58785], [86.87076, 21.57457], [86.9358, 21.53922], [86.96542, 21.51712], [86.99289, 21.49208], [87.03281, 21.44381], [86.91765, 21.32738], [86.86695, 21.25605], [86.83725, 21.17471], [86.844, 21.08222], [86.95204, 20.84936], [86.96566, 20.80598], [86.95386, 20.7806], [86.93629, 20.7875], [86.91652, 20.78807], [86.87875, 20.78058], [86.88933, 20.76447], [86.91066, 20.75642], [86.97999, 20.75555], [86.98657, 20.75185], [86.99999, 20.72821], [86.9987, 20.71113], [86.98862, 20.70426], [86.96119, 20.71284], [86.94825, 20.70905], [86.9402, 20.69798], [86.96117, 20.69506], [86.97429, 20.68439], [86.98649, 20.68438], [86.99488, 20.67072], [87.02314, 20.68299], [86.98858, 20.65413], [86.95087, 20.63021], [86.92319, 20.62173], [86.89001, 20.60211], [86.81793, 20.58361], [86.74246, 20.57861], [86.66831, 20.58742], [86.61993, 20.60113], [86.61113, 20.59819], [86.52418, 20.48818], [86.5597, 20.43329], [86.58805, 20.36774], [86.60228, 20.29824], [86.60144, 20.22499], [86.51148, 20.19746], [86.49513, 20.18407], [86.47884, 20.12934], [86.46852, 20.10928], [86.46712, 20.09468], [86.41504, 20.03633], [86.39145, 20.02021], [86.40414, 20.00263], [86.42624, 19.99916], [86.39723, 19.98287], [86.34841, 20.00887], [86.2754, 20.06737], [86.20916, 20.06664], [86.17304, 20.10221], [86.1631, 20.13483], [86.1587, 20.14313], [86.15252, 20.14313], [86.14503, 20.12202], [86.15431, 20.08999], [86.16774, 20.07294], [86.23024, 20.0353], [86.26857, 20.02643], [86.28907, 20.02643], [86.29591, 20.00658], [86.31495, 19.98688], [86.34156, 19.97988], [86.37238, 19.96499], [86.26856, 19.91035], [86.08696, 19.84413], [86.07838, 19.84358], [86.05665, 19.85688], [86.03186, 19.84147], [86.00311, 19.83911], [85.96583, 19.84264], [85.92864, 19.84971], [85.84459, 19.87764], [85.80366, 19.81878], [85.75181, 19.76547], [85.68458, 19.74775], [85.62429, 19.71859], [85.63795, 19.73163], [85.61427, 19.72793], [85.54916, 19.69062], [85.48073, 19.66642], [85.4568, 19.66333], [85.44989, 19.6667], [85.44679, 19.69062], [85.43044, 19.69173], [85.42702, 19.70408], [85.43686, 19.70466], [85.45086, 19.71629], [85.52198, 19.73907], [85.52555, 19.73401], [85.51499, 19.71113], [85.57651, 19.74584], [85.56326, 19.75691], [85.57032, 19.77318], [85.56716, 19.79188], [85.57032, 19.87564], [85.47682, 19.90103], [85.46355, 19.9029], [85.44012, 19.89623], [85.41627, 19.87979], [85.37432, 19.83763], [85.31978, 19.7938], [85.29029, 19.78994], [85.26808, 19.78002], [85.22096, 19.73603], [85.20338, 19.70726], [85.20654, 19.68379], [85.18995, 19.67097], [85.17513, 19.63691], [85.15016, 19.61347], [85.14015, 19.59658], [85.13933, 19.57978], [85.15137, 19.56777], [85.15137, 19.5603], [85.1229, 19.54902], [85.10288, 19.52961], [85.10874, 19.50678], [85.11549, 19.50747], [85.12403, 19.51934], [85.12922, 19.49183], [85.05197, 19.50133], [84.98091, 19.52453], [84.91638, 19.56021], [84.88717, 19.58237], [84.84124, 19.62837], [84.82987, 19.62873], [84.70213, 19.50915], [84.59965, 19.39368], [84.51257, 19.27901], [84.27705, 18.92786], [84.18584, 18.80542], [84.07746, 18.67868], [84.00215, 18.61379], [83.90343, 18.54966], [83.43654, 18.29691], [83.33932, 18.23144], [83.26534, 18.16394], [83.14675, 18.02844], [83.01129, 17.89164], [82.93656, 17.82993], [82.85691, 17.77658], [82.77154, 17.73425], [82.68124, 17.70637], [82.56151, 17.67942], [82.45285, 17.64379], [82.39734, 17.61827], [82.27658, 17.54352], [82.20859, 17.49145], [82.16928, 17.45024], [82.16021, 17.43418], [82.16962, 17.42526], [82.22507, 17.47598], [82.27894, 17.5144], [82.43723, 17.60722], [82.45775, 17.60574], [82.52468, 17.59189], [82.58204, 17.57273], [82.64833, 17.53755], [82.70527, 17.49098], [82.72998, 17.46366], [82.75196, 17.43373], [82.78302, 17.37472], [82.75814, 17.35921], [82.71852, 17.34862], [82.47486, 17.20596], [82.45192, 17.18244], [82.42286, 17.13997], [82.38771, 17.12694], [82.29933, 17.03034], [82.29167, 16.99844], [82.2527, 16.92919], [82.25074, 16.90786], [82.25514, 16.88532], [82.26791, 16.8675], [82.29834, 16.85846], [82.31422, 16.84662], [82.33465, 16.85406], [82.35206, 16.8454], [82.36248, 16.85908], [82.35743, 16.92487], [82.34891, 16.95643], [82.36116, 16.93602], [82.36651, 16.90882], [82.36744, 16.86042], [82.36556, 16.81159], [82.35206, 16.7613], [82.34595, 16.70612], [82.33814, 16.67841], [82.31422, 16.62816], [82.31283, 16.60815], [82.30395, 16.60644], [82.29933, 16.61009], [82.29379, 16.62564], [82.28688, 16.62816], [82.28094, 16.62084], [82.29751, 16.58957], [82.23626, 16.56198], [82.16511, 16.54483], [82.09187, 16.5414], [82.01934, 16.55181], [81.95029, 16.57566], [81.88736, 16.61204], [81.83296, 16.65957], [81.7809, 16.73097], [81.77477, 16.73423], [81.55589, 16.65573], [81.55187, 16.64553], [81.57721, 16.59114], [81.58775, 16.5567], [81.59791, 16.48698], [81.59376, 16.4158], [81.57435, 16.34481], [81.56814, 16.34639], [81.5739, 16.35834], [81.56918, 16.36758], [81.55698, 16.37303], [81.54021, 16.37368], [81.54907, 16.35237], [81.53598, 16.35005], [81.49586, 16.36066], [81.47535, 16.35863], [81.41669, 16.34017], [81.42823, 16.36567], [81.41139, 16.38251], [81.39894, 16.38264], [81.37574, 16.36751], [81.35963, 16.37434], [81.31739, 16.3675], [81.25961, 16.33271], [81.24855, 16.32014], [81.25955, 16.28844], [81.25415, 16.27131], [81.23032, 16.2436], [81.21851, 16.19945], [81.19028, 16.13886], [81.18002, 16.08674], [81.16196, 16.05707], [81.15602, 16.03852], [81.15559, 16.00016], [81.038, 16.00155], [81.02702, 15.95355], [81.00215, 15.88737], [80.95871, 15.82023], [80.94068, 15.83299], [80.92164, 15.83861], [80.91, 15.85269], [80.90268, 15.89082], [80.91017, 15.96589], [80.90602, 15.99982], [80.8965, 16.03107], [80.89226, 16.02094], [80.8965, 16.01057], [80.889, 16.00374], [80.87534, 16.0174], [80.89129, 15.97826], [80.89576, 15.93602], [80.89015, 15.89525], [80.85572, 15.8227], [80.83012, 15.74737], [80.82007, 15.72688], [80.80715, 15.7164], [80.80836, 15.80394], [80.80274, 15.84243], [80.77613, 15.88426], [80.7601, 15.89297], [80.69044, 15.90071], [80.67018, 15.9077], [80.6631, 15.9007], [80.66283, 15.88936], [80.61842, 15.88768], [80.57114, 15.86873], [80.56072, 15.88084], [80.55388, 15.88085], [80.52615, 15.8571], [80.49187, 15.83927], [80.46909, 15.83466], [80.43628, 15.80831], [80.39332, 15.79702], [80.35963, 15.77582], [80.31629, 15.73514], [80.28192, 15.77596], [80.26267, 15.8061], [80.23359, 15.87157], [80.2103, 15.97733], [80.20796, 16.01317], [80.21198, 16.06957], [80.20567, 16.07755], [80.19774, 16.07665], [80.12604, 16.03311], [80.04299, 15.948], [79.9832, 15.84498], [79.94388, 15.72593], [79.92123, 15.59033], [79.91725, 15.52059], [79.92416, 15.5131], [79.99831, 15.5058], [80.068, 15.48513], [80.13216, 15.45162], [80.16319, 15.42884], [80.1268, 15.38813], [80.09059, 15.30488], [80.0824, 15.20441], [80.05299, 15.0926], [80.05454, 15.01415], [80.06153, 14.97468], [80.07341, 14.94204], [80.07301, 14.92056], [80.10509, 14.76417], [80.11069, 14.70478], [80.15983, 14.66266], [80.16635, 14.62816], [80.17846, 14.60578], [80.17594, 14.59297], [80.16968, 14.58585], [80.14186, 14.57123], [80.14918, 14.56501], [80.19019, 14.57122], [80.19694, 14.56501], [80.1902, 14.54759], [80.17596, 14.46874], [80.17871, 14.38965], [80.17497, 14.34455], [80.15943, 14.32477], [80.12818, 14.25655], [80.08717, 14.25031], [80.07007, 14.2292], [80.05502, 14.22158], [80.04664, 14.20661], [80.05063, 14.19611], [80.0735, 14.20185], [80.10663, 14.23403], [80.1211, 14.24201], [80.13558, 14.22919], [80.12338, 14.19351], [80.12582, 14.1485], [80.14967, 14.02774], [80.16391, 13.98798], [80.23715, 13.83966], [80.24927, 13.80028], [80.24544, 13.7556], [80.22739, 13.72053], [80.22096, 13.69697], [80.23804, 13.66022], [80.25904, 13.59174], [80.30957, 13.47931], [80.31372, 13.4409], [80.30681, 13.44111], [80.24545, 13.59174], [80.19728, 13.64363], [80.1836, 13.67919], [80.14186, 13.72895], [80.14176, 13.64912], [80.13558, 13.6191], [80.1212, 13.62747], [80.11785, 13.67451], [80.094, 13.69477], [80.09131, 13.65913], [80.07553, 13.64838], [80.05299, 13.61909], [80.05649, 13.59516], [80.10132, 13.53709], [80.1194, 13.50068], [80.17596, 13.48933], [80.22, 13.48771], [80.24342, 13.47215], [80.26587, 13.46824], [80.26238, 13.45124], [80.2932, 13.42908], [80.3069, 13.41303], [80.31375, 13.42724], [80.32699, 13.43035], [80.34394, 13.37568], [80.34781, 13.34882], [80.33415, 13.24292], [80.31984, 13.24917], [80.31373, 13.21503], [80.33415, 13.22116], [80.33276, 13.19815], [80.3069, 13.14606], [80.31372, 13.10578], [80.28582, 13.06757], [80.26905, 12.95726], [80.26321, 12.8356], [80.25171, 12.76252], [80.23365, 12.71101], [80.22868, 12.675], [80.19646, 12.61371], [80.17958, 12.53234], [80.15601, 12.47452], [80.12127, 12.41682], [80.11702, 12.40095], [80.09584, 12.3621], [80.08716, 12.35103], [80.05982, 12.33422], [80.02572, 12.27652], [80.00531, 12.25622], [79.95216, 12.22993], [79.94386, 12.21784], [79.95314, 12.21357], [80.00512, 12.24176], [79.94771, 12.1538], [79.9275, 12.12987], [79.89697, 12.06876], [79.86183, 12.02204], [79.86181, 11.97798], [79.85035, 11.95913], [79.84497, 11.93326], [79.82032, 11.87865], [79.80322, 11.79609], [79.79273, 11.78807], [79.7859, 11.76919], [79.75196, 11.57697], [79.75734, 11.53608], [79.78076, 11.46507], [79.78598, 11.42617], [79.79298, 11.42617], [79.79737, 11.43488], [79.79916, 11.44221], [79.79299, 11.45351], [79.80933, 11.45135], [79.81665, 11.44306], [79.82194, 11.39106], [79.81941, 11.38172], [79.7693, 11.38093], [79.74985, 11.37368], [79.68434, 11.3122], [79.67628, 11.29645], [79.6963, 11.30341], [79.75196, 11.34052], [79.75951, 11.3584], [79.77638, 11.36298], [79.79662, 11.35909], [79.83301, 11.34198], [79.83497, 11.26386], [79.85531, 11.15962], [79.85221, 11.00699], [79.84067, 10.95014], [79.84986, 10.75529], [79.85027, 10.59211], [79.85964, 10.55123], [79.86377, 10.37897], [79.85669, 10.29328], [79.85132, 10.28222], [79.7951, 10.26924], [79.77858, 10.27538], [79.78004, 10.29662], [79.75709, 10.30907], [79.63315, 10.3286], [79.62127, 10.32416], [79.61411, 10.30956], [79.66179, 10.30707], [79.70362, 10.28905], [79.7308, 10.28903], [79.75896, 10.2822], [79.77369, 10.27367], [79.77246, 10.26171], [79.75956, 10.25829], [79.55666, 10.29866], [79.55178, 10.31329], [79.5739, 10.31696], [79.60402, 10.32909], [79.60711, 10.33601], [79.58692, 10.3437], [79.56772, 10.33589]], [[89.8733, 23.306], [89.87849, 23.22272], [89.91719, 22.97371], [89.9376, 22.8947], [89.95438, 22.85274], [89.96175, 22.84776], [89.9889, 22.84956], [89.99632, 22.85476], [90.02663, 22.92724], [90.06555, 22.98416], [90.05888, 23.0697], [90.06616, 23.12732], [89.97651, 23.19519], [89.92295, 23.25675], [89.88722, 23.31379], [89.87799, 23.31333], [89.8733, 23.306]]], [[[90.55634, 22.67471], [90.58547, 22.76804], [90.61314, 22.78157], [90.65056, 22.78741], [90.67155, 22.72241], [90.69872, 22.66685], [90.59475, 22.64506], [90.55415, 22.64242], [90.55634, 22.67471]]], [[[90.48683, 22.87043], [90.52117, 22.86465], [90.53761, 22.86677], [90.54444, 22.88068], [90.59229, 22.88189], [90.60661, 22.87726], [90.62676, 22.85722], [90.64524, 22.84928], [90.67821, 22.80834], [90.66236, 22.8055], [90.59096, 22.81392], [90.53156, 22.76924], [90.52968, 22.74436], [90.5346, 22.72878], [90.52099, 22.71178], [90.49822, 22.73383], [90.49285, 22.75324], [90.45576, 22.7674], [90.46567, 22.78807], [90.46266, 22.81595], [90.46608, 22.85175], [90.4734, 22.86514], [90.48683, 22.87043]]], [[[90.58619, 23.03489], [90.60726, 23.01813], [90.64536, 22.97484], [90.66732, 22.95917], [90.66732, 22.95304], [90.63331, 22.95303], [90.65463, 22.93732], [90.66731, 22.91821], [90.62713, 22.92504], [90.60768, 22.95258], [90.58872, 22.96206], [90.57231, 22.953], [90.52411, 22.95304], [90.50808, 22.97578], [90.52801, 23.00763], [90.56111, 23.03248], [90.58619, 23.03489]]], [[[90.45574, 23.06281], [90.4944, 23.06293], [90.51043, 23.06904], [90.51709, 23.05931], [90.51546, 23.05179], [90.47778, 23.01241], [90.46949, 23.00764], [90.45574, 23.06281]]], [[[90.57746, 23.32377], [90.58618, 23.30175], [90.54957, 23.32624], [90.52955, 23.33356], [90.52409, 23.32226], [90.50611, 23.3142], [90.48707, 23.31904], [90.46876, 23.33161], [90.42668, 23.37618], [90.42971, 23.38515], [90.45547, 23.38496], [90.49218, 23.37289], [90.53939, 23.35], [90.57746, 23.32377]]], [[[122.23709, -34.13247], [122.23246, -34.12327], [122.24282, -34.11281], [122.25838, -34.1231], [122.24993, -34.1361], [122.25133, -34.15182], [122.24694, -34.16244], [122.23792, -34.16386], [122.23307, -34.16044], [122.23709, -34.13247]]], [[[115.66001, -32.23251], [115.64724, -32.1627], [115.66, -32.14986], [115.67846, -32.21649], [115.6805, -32.23934], [115.66001, -32.23251]]], [[[115.49212, -31.99566], [115.52461, -31.99382], [115.55217, -32.0062], [115.51476, -32.02535], [115.49073, -32.0191], [115.44017, -32.02183], [115.4583, -32.00973], [115.48237, -32.01089], [115.49212, -31.99566]]], [[[113.21899, -26.12883], [113.20704, -26.13973], [113.17727, -26.12558], [113.17069, -26.09262], [113.1557, -26.05406], [113.0827, -25.9655], [113.04616, -25.94003], [113.01243, -25.84513], [112.96454, -25.79404], [112.95388, -25.77305], [112.9629, -25.7636], [112.96355, -25.75449], [112.95479, -25.69752], [112.91962, -25.62833], [112.95993, -25.56054], [113.00633, -25.50703], [113.00606, -25.55292], [113.02001, -25.58914], [113.04337, -25.62965], [113.05128, -25.71697], [113.07107, -25.74685], [113.08976, -25.79582], [113.13753, -25.88592], [113.11524, -25.93776], [113.11557, -25.96331], [113.14503, -25.96901], [113.13137, -25.94794], [113.1447, -25.94623], [113.20899, -26.03656], [113.21217, -26.05918], [113.22461, -26.08538], [113.2251, -26.10813], [113.21899, -26.12883]]], [[[116.56086, -20.59887], [116.55613, -20.6179], [116.49661, -20.61761], [116.47501, -20.61319], [116.46728, -20.60502], [116.48093, -20.58823], [116.51657, -20.58485], [116.52161, -20.59828], [116.53423, -20.59572], [116.53526, -20.58149], [116.54912, -20.5684], [116.55798, -20.57662], [116.56086, -20.59887]]], [[[123.50457, -16.64243], [123.45706, -16.62298], [123.48511, -16.61827], [123.50123, -16.62908], [123.51069, -16.61497], [123.51775, -16.61046], [123.52425, -16.61306], [123.52516, -16.61845], [123.51458, -16.63755], [123.50457, -16.64243]]], [[[123.3493, -16.53388], [123.3544, -16.53331], [123.36459, -16.55682], [123.38647, -16.58034], [123.3833, -16.59904], [123.37575, -16.59774], [123.35874, -16.58139], [123.34842, -16.55955], [123.34613, -16.54176], [123.3493, -16.53388]]], [[[123.35175, -16.41712], [123.35742, -16.43352], [123.34384, -16.44645], [123.34198, -16.42051], [123.35175, -16.41712]]], [[[123.10817, -16.43596], [123.08775, -16.4249], [123.10019, -16.41539], [123.11305, -16.42807], [123.12582, -16.43069], [123.1276, -16.43596], [123.10817, -16.43596]]], [[[123.16856, -16.38682], [123.18319, -16.38495], [123.20721, -16.39106], [123.18962, -16.43026], [123.17547, -16.4327], [123.16546, -16.42588], [123.15319, -16.42847], [123.17538, -16.40325], [123.16856, -16.38682]]], [[[123.19923, -16.42407], [123.20639, -16.40285], [123.21646, -16.39237], [123.22111, -16.4026], [123.21111, -16.4218], [123.19923, -16.42407]]], [[[123.35936, -16.36295], [123.33384, -16.3571], [123.32977, -16.34287], [123.33903, -16.33346], [123.34603, -16.33783], [123.35936, -16.36295]]], [[[123.47332, -16.24293], [123.44802, -16.22584], [123.44566, -16.22048], [123.45184, -16.21169], [123.45753, -16.20958], [123.4738, -16.21422], [123.48291, -16.22178], [123.49073, -16.24057], [123.52735, -16.25295], [123.50327, -16.25205], [123.4944, -16.25579], [123.50432, -16.27287], [123.49701, -16.28416], [123.48204, -16.2798], [123.48341, -16.26995], [123.47332, -16.24293]]], [[[103.87576, 1.01821], [103.88006, 1.03146], [103.89266, 1.01457], [103.87576, 1.01821]]], [[[104.16539, 1.06097], [104.18611, 1.06776], [104.18525, 1.05893], [104.16279, 1.04687], [104.16539, 1.06097]]], [[[103.38982, 1.13028], [103.38722, 1.0998], [103.39308, 1.07608], [103.40398, 1.05484], [103.42291, 1.04962], [103.4314, 1.04271], [103.4319, 1.02839], [103.44479, 1.00636], [103.44222, 0.99527], [103.39727, 1.005], [103.33514, 1.02874], [103.3148, 1.06159], [103.32205, 1.08918], [103.34214, 1.11968], [103.36666, 1.13121], [103.38982, 1.13028]]], [[[103.81251, 1.08537], [103.80275, 1.08862], [103.79608, 1.09683], [103.80128, 1.10995], [103.81868, 1.09341], [103.81251, 1.08537]]], [[[104.09156, 1.15843], [104.07864, 1.1817], [104.10297, 1.18949], [104.11592, 1.18715], [104.13819, 1.17202], [104.14632, 1.16046], [104.15234, 1.14004], [104.1517, 1.11945], [104.13111, 1.04879], [104.1232, 1.04964], [104.10597, 1.06501], [104.10418, 1.05166], [104.11279, 1.03775], [104.1045, 1.03327], [104.09895, 1.02235], [104.05153, 1.0122], [103.95583, 1.00984], [103.91837, 1.05117], [103.90676, 1.07169], [103.90261, 1.09052], [103.91407, 1.09979], [103.93816, 1.07958], [103.94898, 1.0786], [103.95623, 1.08487], [103.94452, 1.13523], [103.96705, 1.14166], [103.9961, 1.13329], [104.01108, 1.14472], [104.01923, 1.17885], [104.03094, 1.18788], [104.04134, 1.18137], [104.08546, 1.13329], [104.09164, 1.14549], [104.09156, 1.15843]]], [[[103.30096, 1.14829], [103.30859, 1.14305], [103.30355, 1.12032], [103.29332, 1.12186], [103.29738, 1.14354], [103.30096, 1.14829]]], [[[103.89206, 1.14412], [103.87844, 1.1453], [103.88957, 1.15787], [103.88962, 1.15768], [103.89206, 1.14412]]], [[[103.39194, 1.13581], [103.37771, 1.15607], [103.39161, 1.16725], [103.40609, 1.15001], [103.40796, 1.13671], [103.39194, 1.13581]]], [[[103.42587, 1.34307], [103.43646, 1.3259], [103.43319, 1.31689], [103.42254, 1.30961], [103.41848, 1.31387], [103.41587, 1.336], [103.42587, 1.34307]]], [[[103.67457, 1.38032], [103.68386, 1.40989], [103.69508, 1.42133], [103.71773, 1.43094], [103.73976, 1.42813], [103.76222, 1.43098], [103.80494, 1.44862], [103.83136, 1.4471], [103.85748, 1.43856], [103.93246, 1.40111], [103.99933, 1.38039], [104.00342, 1.37417], [103.97501, 1.33464], [103.95435, 1.31811], [103.88771, 1.30126], [103.83869, 1.26623], [103.78957, 1.2679], [103.77589, 1.28758], [103.73015, 1.30292], [103.66529, 1.30411], [103.64764, 1.30843], [103.6404, 1.32225], [103.64471, 1.33804], [103.67457, 1.38032]]], [[[101.77553, 1.9482], [101.76774, 1.92561], [101.65056, 1.98474], [101.52517, 2.05851], [101.5484, 2.05791], [101.56642, 2.06794], [101.61528, 2.11716], [101.64926, 2.12847], [101.68144, 2.10908], [101.7581, 2.01106], [101.77026, 1.98505], [101.77553, 1.9482]]], [[[111.39096, 2.38215], [111.38185, 2.37788], [111.36989, 2.35982], [111.35915, 2.37312], [111.34262, 2.41389], [111.31268, 2.43135], [111.30816, 2.45192], [111.31764, 2.53677], [111.29901, 2.70288], [111.30097, 2.75263], [111.31545, 2.78448], [111.34994, 2.7713], [111.37028, 2.73973], [111.38103, 2.6979], [111.38185, 2.52334], [111.39039, 2.44916], [111.41333, 2.37822], [111.41049, 2.37222], [111.39096, 2.38215]]], [[[101.25823, 2.96711], [101.2557, 2.91231], [101.24399, 2.90731], [101.23277, 2.91357], [101.23139, 2.93806], [101.23852, 2.95636], [101.2514, 2.97002], [101.25823, 2.96711]]], [[[101.26808, 2.96517], [101.26817, 2.98235], [101.29234, 3.04291], [101.30593, 3.06394], [101.3235, 3.0711], [101.33618, 3.065], [101.33529, 3.00902], [101.32146, 2.99617], [101.30226, 2.98867], [101.26808, 2.96517]]], [[[101.2444, 3.04901], [101.26267, 3.05626], [101.27116, 3.04645], [101.26734, 3.03531], [101.24383, 3.0262], [101.237, 3.03506], [101.2444, 3.04901]]], [[[117.82699, 3.58807], [117.85858, 3.56385], [117.77865, 3.56176], [117.78513, 3.58208], [117.80372, 3.59104], [117.82699, 3.58807]]], [[[117.78421, 3.81955], [117.72952, 3.86806], [117.76677, 3.874], [117.78761, 3.86668], [117.82934, 3.84105], [117.84424, 3.82753], [117.85286, 3.8124], [117.8462, 3.79915], [117.83134, 3.79815], [117.78421, 3.81955]]], [[[117.47901, 4.03937], [117.51043, 4.05393], [117.52027, 4.04929], [117.61378, 3.9571], [117.62794, 3.94709], [117.67847, 3.93243], [117.68929, 3.92145], [117.68848, 3.90901], [117.6727, 3.89777], [117.65089, 3.89522], [117.62811, 3.90039], [117.59067, 3.92609], [117.57008, 3.93317], [117.52345, 3.93635], [117.52345, 3.92951], [117.55209, 3.92715], [117.57944, 3.91454], [117.6233, 3.87861], [117.63673, 3.87287], [117.68165, 3.88226], [117.71909, 3.86058], [117.77718, 3.79913], [117.78288, 3.77904], [117.7767, 3.77412], [117.70216, 3.77871], [117.71485, 3.76358], [117.73422, 3.75214], [117.77719, 3.73774], [117.81788, 3.73004], [117.82926, 3.72158], [117.82601, 3.70343], [117.78793, 3.67866], [117.76107, 3.64375], [117.74854, 3.63696], [117.65065, 3.62788], [117.62868, 3.63208], [117.54665, 3.66402], [117.50857, 3.73591], [117.50359, 3.76874], [117.48894, 3.78217], [117.46876, 3.7923], [117.48242, 3.76496], [117.49195, 3.7071], [117.50641, 3.68397], [117.33888, 3.78807], [117.41429, 4.0953], [117.45051, 4.08816], [117.46648, 4.07989], [117.47558, 4.06733], [117.46827, 4.05292], [117.46827, 4.04352], [117.47901, 4.03937]]], [[[109.64527, 2.08322], [109.66357, 1.98328], [109.65463, 1.937], [109.66358, 1.91474], [109.69304, 1.87311], [109.73178, 1.83959], [109.79346, 1.81345], [109.88654, 1.76034], [109.92775, 1.69229], [109.99122, 1.69017], [110.01841, 1.70017], [110.04033, 1.70278], [110.1674, 1.70185], [110.21168, 1.68203], [110.23188, 1.6978], [110.25416, 1.70619], [110.28395, 1.67609], [110.29078, 1.67398], [110.29568, 1.69155], [110.30787, 1.7093], [110.30104, 1.72972], [110.30104, 1.77074], [110.31333, 1.79262], [110.32936, 1.80255], [110.34302, 1.7975], [110.35076, 1.7685], [110.36304, 1.75023], [110.36215, 1.72944], [110.36647, 1.71589], [110.39015, 1.69904], [110.42115, 1.69571], [110.43133, 1.6999], [110.44362, 1.71869], [110.49188, 1.73895], [110.50811, 1.74073], [110.52075, 1.72297], [110.49968, 1.69359], [110.48921, 1.65051], [110.46559, 1.62055], [110.49244, 1.63166], [110.50636, 1.63299], [110.52076, 1.62734], [110.53015, 1.61631], [110.53631, 1.59687], [110.54754, 1.5926], [110.58904, 1.60626], [110.64356, 1.57901], [110.70118, 1.5617], [110.72673, 1.54742], [110.73926, 1.52367], [110.7334, 1.49869], [110.71558, 1.48063], [110.67791, 1.45604], [110.67791, 1.44864], [110.72511, 1.45311], [110.7435, 1.46239], [110.76344, 1.47968], [110.77345, 1.4986], [110.76662, 1.55166], [110.79353, 1.57238], [110.83961, 1.56598], [110.92481, 1.53119], [110.96794, 1.50323], [111.04396, 1.42695], [111.08237, 1.40143], [111.14194, 1.37153], [111.15455, 1.36734], [111.17856, 1.37079], [111.23268, 1.39459], [111.26514, 1.38177], [111.30128, 1.352], [111.34059, 1.33332], [111.38356, 1.35366], [111.36695, 1.3544], [111.32554, 1.36734], [111.31178, 1.40135], [111.3047, 1.40762], [111.24635, 1.42133], [111.19856, 1.40147], [111.17677, 1.40059], [111.15779, 1.40628], [111.10922, 1.44501], [111.06496, 1.46272], [111.04836, 1.47656], [111.03028, 1.52432], [111.01109, 1.54296], [111.00564, 1.58446], [111.02859, 1.664], [111.03786, 1.67694], [111.09531, 1.68794], [111.11752, 1.68886], [111.13702, 1.68204], [111.16334, 1.64086], [111.17945, 1.62702], [111.2151, 1.63984], [111.24578, 1.62132], [111.26743, 1.62735], [111.2378, 1.63776], [111.21998, 1.65144], [111.17288, 1.65936], [111.17189, 1.67145], [111.15821, 1.69229], [111.12616, 1.70662], [111.10305, 1.74608], [111.09605, 1.77448], [111.10085, 1.78025], [111.12322, 1.78579], [111.13022, 1.7919], [111.10996, 1.81522], [111.11314, 1.83551], [111.1753, 1.95319], [111.20395, 2.04564], [111.20591, 2.06899], [111.21128, 2.07391], [111.24334, 2.06558], [111.26783, 2.06753], [111.24188, 2.08943], [111.24009, 2.11334], [111.25375, 2.12597], [111.32797, 2.11042], [111.33644, 2.11213], [111.35646, 2.12808], [111.37794, 2.16181], [111.36866, 2.16999], [111.35678, 2.16621], [111.34685, 2.15575], [111.33863, 2.13081], [111.32914, 2.12874], [111.29127, 2.15038], [111.27052, 2.1538], [111.19911, 2.14329], [111.18475, 2.1451], [111.17947, 2.15591], [111.17873, 2.17863], [111.18483, 2.19476], [111.20005, 2.21088], [111.21998, 2.22039], [111.24008, 2.21638], [111.2295, 2.23526], [111.19289, 2.2456], [111.18484, 2.25365], [111.20852, 2.38886], [111.22097, 2.41608], [111.24635, 2.43609], [111.25473, 2.41926], [111.30152, 2.40069], [111.33806, 2.36009], [111.36549, 2.34077], [111.40528, 2.36432], [111.44825, 2.37237], [111.49342, 2.34614], [111.48512, 2.36416], [111.4243, 2.42703], [111.40457, 2.48394], [111.48732, 2.47394], [111.50709, 2.49071], [111.51401, 2.48697], [111.52125, 2.49071], [111.46169, 2.50801], [111.42278, 2.53983], [111.41726, 2.55512], [111.41766, 2.57953], [111.43531, 2.64094], [111.44029, 2.68012], [111.44721, 2.69483], [111.52999, 2.76081], [111.63873, 2.82807], [111.66961, 2.84308], [111.86061, 2.88059], [112.01352, 2.88593], [112.57461, 3.03389], [112.72731, 3.06611], [112.78883, 3.09027], [112.80055, 3.09003], [112.97438, 3.14423], [113.00782, 3.16169], [113.06121, 3.21866], [113.08229, 3.25678], [113.06949, 3.27916], [113.16212, 3.35346], [113.19956, 3.41551], [113.2776, 3.4842], [113.29591, 3.51179], [113.30813, 3.5593], [113.33155, 3.57754], [113.39145, 3.64834], [113.41489, 3.68871], [113.43442, 3.75329], [113.45314, 3.76874], [113.49448, 3.7923], [113.68168, 3.95374], [113.74209, 3.91898], [113.76986, 3.89702], [113.81233, 3.85275], [113.81974, 3.85099], [113.97788, 3.98104], [114.28267, 4.26491], [114.27802, 4.27405], [114.27626, 4.28902], [114.29342, 4.30705], [114.29672, 4.31666], [114.2899, 4.36131], [114.27626, 4.38185], [114.27626, 4.40973], [114.26851, 4.43774], [114.25208, 4.46035], [114.24556, 4.48143], [114.21673, 4.48766], [114.20908, 4.50815], [114.1727, 4.52523], [114.14004, 4.55065], [114.11896, 4.56164], [114.0877, 4.56643], [114.09154, 4.59804], [114.25172, 4.59268], [114.32667, 4.60688], [114.39577, 4.64573], [114.52931, 4.69379], [114.5503, 4.71442], [114.56569, 4.74335], [114.60163, 4.77978], [114.72291, 4.87619], [114.9284, 5.00055], [115.05779, 5.0541], [115.08306, 5.05712], [115.10173, 5.04986], [115.10319, 5.03686], [115.05738, 5.01264], [115.02279, 4.93375], [114.99171, 4.90498], [114.9817, 4.88907], [115.00196, 4.90005], [115.01579, 4.9164], [115.02262, 4.8959], [115.02955, 4.82087], [115.04811, 4.80182], [115.06642, 4.81354], [115.0862, 4.83563], [115.10858, 4.84747], [115.13022, 4.85204], [115.13087, 4.86372], [115.11648, 4.89606], [115.11867, 4.90375], [115.13436, 4.90882], [115.17823, 4.91006], [115.18946, 4.91747], [115.19891, 4.95075], [115.21063, 4.95969], [115.22437, 4.95831], [115.23862, 4.93732], [115.2659, 4.93687], [115.28532, 4.93121], [115.29322, 4.92572], [115.30397, 4.90616], [115.32162, 4.90013], [115.35841, 4.90278], [115.37029, 4.91088], [115.44777, 4.9853], [115.47976, 5.02602], [115.53175, 5.04462], [115.55698, 5.06721], [115.56984, 5.12373], [115.5735, 5.16966], [115.58425, 5.19012], [115.60524, 5.2121], [115.59864, 5.22549], [115.5608, 5.20784], [115.52358, 5.20889], [115.48976, 5.22298], [115.40081, 5.29985], [115.39975, 5.3242], [115.38917, 5.32665], [115.36525, 5.30746], [115.35964, 5.31965], [115.36265, 5.33389], [115.37527, 5.38198], [115.3926, 5.41327], [115.45639, 5.45433], [115.47951, 5.48968], [115.55014, 5.54019], [115.58522, 5.61615], [115.60483, 5.63579], [115.61881, 5.61286], [115.58432, 5.54849], [115.60483, 5.51972], [115.61915, 5.56804], [115.65333, 5.53864], [115.67408, 5.52936], [115.76238, 5.52314], [115.79127, 5.52489], [115.81772, 5.53335], [115.84864, 5.56], [115.87436, 5.59935], [115.89422, 5.64326], [115.91987, 5.74656], [115.93055, 5.76281], [115.94549, 5.77494], [116.03517, 5.82494], [116.05079, 5.84227], [116.06642, 5.93065], [116.1277, 6.02977], [116.14186, 6.07306], [116.12623, 6.10253], [116.10377, 6.09473], [116.09597, 6.10773], [116.10598, 6.12644], [116.1364, 6.13605], [116.15406, 6.14728], [116.20135, 6.21796], [116.22267, 6.2372], [116.25221, 6.24591], [116.29152, 6.23261], [116.29689, 6.2425], [116.29274, 6.27578], [116.28053, 6.27855], [116.2614, 6.26937], [116.23611, 6.26635], [116.23611, 6.2726], [116.26336, 6.28685], [116.28322, 6.30735], [116.31056, 6.30736], [116.32, 6.31338], [116.3307, 6.35452], [116.34768, 6.37957], [116.46929, 6.47562], [116.50318, 6.49518], [116.5132, 6.55369], [116.52069, 6.56874], [116.55152, 6.58836], [116.63901, 6.69929], [116.64503, 6.71695], [116.647, 6.78652], [116.66749, 6.82127], [116.6658, 6.8596], [116.66921, 6.8764], [116.69752, 6.88972], [116.70582, 6.90534], [116.71893, 6.9754], [116.73024, 6.98241], [116.74644, 7.01044], [116.76588, 7.02508], [116.77735, 7.02675], [116.79086, 7.00007], [116.83203, 6.97333], [116.83813, 6.96214], [116.8518, 6.89022], [116.82252, 6.90412], [116.81764, 6.90009], [116.8108, 6.86286], [116.82228, 6.85285], [116.85238, 6.83852], [116.85864, 6.81786], [116.85466, 6.77851], [116.84402, 6.75249], [116.8108, 6.70458], [116.79274, 6.66974], [116.77849, 6.62653], [116.78395, 6.59162], [116.82447, 6.58173], [116.84547, 6.59203], [116.87307, 6.62835], [116.89674, 6.64208], [116.94094, 6.68453], [116.97381, 6.70807], [116.98024, 6.72036], [116.98415, 6.75495], [117.00262, 6.76667], [117.0163, 6.79392], [117.0525, 6.83076], [117.05787, 6.84553], [117.05177, 6.8662], [117.02932, 6.90998], [117.03054, 6.93113], [117.03859, 6.9426], [117.06813, 6.93797], [117.08326, 6.94847], [117.08595, 6.95576], [117.07448, 6.96378], [117.07253, 6.97431], [117.07839, 6.99261], [117.08888, 6.99469], [117.11988, 6.98578], [117.14381, 7.00372], [117.15023, 7.00311], [117.19165, 6.98577], [117.24675, 6.9505], [117.25651, 6.93797], [117.25098, 6.87279], [117.24659, 6.86287], [117.23276, 6.85545], [117.22836, 6.83808], [117.23032, 6.81753], [117.23601, 6.80077], [117.27198, 6.75373], [117.27759, 6.73566], [117.28028, 6.67357], [117.29591, 6.6363], [117.30893, 6.62881], [117.34929, 6.6301], [117.36475, 6.62514], [117.42482, 6.56558], [117.44223, 6.55305], [117.45851, 6.54755], [117.47486, 6.55146], [117.52526, 6.62083], [117.53369, 6.62103], [117.53761, 6.57831], [117.56493, 6.5544], [117.56105, 6.55573], [117.55844, 6.55122], [117.55812, 6.54011], [117.57862, 6.53326], [117.60328, 6.51472], [117.61622, 6.51284], [117.64107, 6.52162], [117.65064, 6.51654], [117.67447, 6.48917], [117.69532, 6.45136], [117.70216, 6.45136], [117.71071, 6.46376], [117.7165, 6.46282], [117.72693, 6.45135], [117.7295, 6.42341], [117.74382, 6.38988], [117.72853, 6.36237], [117.73877, 6.33568], [117.72949, 6.26948], [117.72299, 6.25463], [117.70802, 6.25289], [117.67482, 6.25898], [117.65626, 6.25275], [117.60922, 6.21483], [117.60035, 6.19782], [117.60564, 6.18183], [117.62712, 6.15647], [117.64332, 6.1175], [117.65788, 6.11127], [117.66113, 6.10561], [117.66553, 6.08012], [117.66123, 6.068], [117.65284, 6.05932], [117.63608, 6.05195], [117.63331, 6.03986], [117.6399, 6.02342], [117.6683, 6.01341], [117.67482, 5.98896], [117.66895, 5.97265], [117.65463, 5.95869], [117.61963, 5.93746], [117.49285, 5.89468], [117.46876, 5.86856], [117.56935, 5.9029], [117.64015, 5.90327], [117.70704, 5.91159], [117.7566, 5.90616], [117.77426, 5.90803], [117.78028, 5.91942], [117.77185, 5.94439], [117.78224, 5.95062], [117.81886, 5.94428], [117.88404, 5.95466], [117.91371, 5.98629], [117.94109, 6.00568], [117.97365, 6.04775], [118.00262, 6.06459], [118.01666, 6.06103], [118.05095, 6.02619], [118.05372, 5.99632], [118.07096, 5.98736], [118.07716, 5.93159], [118.12451, 5.87034], [118.12516, 5.86392], [118.09595, 5.82417], [118.0591, 5.80906], [118.03541, 5.80778], [118.01686, 5.81452], [118.00001, 5.809], [117.938, 5.81452], [117.92115, 5.80903], [117.91041, 5.79686], [117.90846, 5.78465], [117.92205, 5.77172], [117.952, 5.69408], [117.9603, 5.68716], [117.99806, 5.69595], [118.0547, 5.71832], [118.07887, 5.70466], [118.10662, 5.71258], [118.11646, 5.70807], [118.13404, 5.68964], [118.14373, 5.69408], [118.15154, 5.70515], [118.14716, 5.72456], [118.16725, 5.76439], [118.15936, 5.78278], [118.16083, 5.7934], [118.17629, 5.80515], [118.22096, 5.80956], [118.26222, 5.82785], [118.2837, 5.82322], [118.34067, 5.79426], [118.35671, 5.81077], [118.36524, 5.81378], [118.41084, 5.79602], [118.51288, 5.73685], [118.54811, 5.70807], [118.594, 5.68207], [118.59961, 5.66926], [118.59595, 5.65937], [118.57846, 5.64631], [118.56202, 5.56802], [118.55885, 5.54686], [118.56544, 5.52595], [118.57228, 5.52595], [118.58234, 5.55159], [118.6006, 5.58128], [118.59898, 5.60798], [118.60305, 5.61871], [118.62908, 5.63661], [118.65105, 5.63641], [118.67025, 5.62303], [118.73658, 5.54784], [118.78028, 5.53534], [118.80005, 5.52211], [118.81299, 5.50234], [118.81935, 5.4781], [118.83106, 5.48859], [118.83238, 5.50542], [118.87957, 5.46979], [118.91879, 5.45498], [118.93576, 5.43376], [118.93945, 5.41283], [118.92172, 5.40302], [118.93263, 5.39411], [118.96453, 5.38841], [118.97641, 5.39558], [118.97926, 5.40912], [118.97089, 5.42829], [118.9839, 5.4365], [119.00831, 5.43585], [119.05568, 5.41096], [119.0857, 5.40986], [119.16383, 5.44697], [119.1893, 5.45074], [119.20484, 5.44334], [119.21937, 5.42813], [119.27425, 5.36115], [119.27807, 5.34463], [119.27591, 5.32314], [119.26442, 5.27269], [119.26929, 5.22622], [119.26709, 5.20108], [119.19556, 5.12866], [119.15593, 5.10619], [118.9733, 5.04], [118.78663, 4.98603], [118.72704, 4.95385], [118.68174, 4.94435], [118.63445, 4.96133], [118.57228, 4.97162], [118.56023, 4.96743], [118.50923, 4.93117], [118.49936, 4.93147], [118.4862, 4.9408], [118.46266, 4.97875], [118.4284, 5.01878], [118.37623, 5.04108], [118.36687, 5.03589], [118.35719, 5.0388], [118.30486, 4.99894], [118.29672, 5.00458], [118.29168, 5.00092], [118.29126, 4.97786], [118.2527, 4.98713], [118.21697, 4.96581], [118.16097, 4.90295], [118.13648, 4.88231], [118.13494, 4.8596], [118.17798, 4.83075], [118.195, 4.79291], [118.21901, 4.75629], [118.2776, 4.69514], [118.33351, 4.65156], [118.38054, 4.64265], [118.39772, 4.61131], [118.41114, 4.60151], [118.4284, 4.59431], [118.43085, 4.61127], [118.44459, 4.61492], [118.47673, 4.60114], [118.48747, 4.58759], [118.4895, 4.5751], [118.46941, 4.53718], [118.49659, 4.50829], [118.50489, 4.50239], [118.55193, 4.53277], [118.59961, 4.51919], [118.594, 4.50552], [118.60564, 4.48688], [118.64526, 4.44403], [118.64575, 4.43676], [118.62623, 4.41935], [118.59213, 4.42914], [118.59741, 4.4123], [118.59278, 4.39737], [118.55689, 4.36352], [118.48658, 4.35952], [118.43554, 4.34728], [118.39216, 4.34639], [118.36891, 4.35058], [118.35328, 4.36152], [118.33253, 4.33903], [118.24203, 4.31368], [118.16082, 4.30622], [118.13706, 4.29865], [118.00457, 4.23164], [117.98268, 4.23116], [117.89227, 4.257], [117.85369, 4.29263], [117.82253, 4.30623], [117.80828, 4.33356], [117.72971, 4.35461], [117.70771, 4.36981], [117.68702, 4.40705], [117.67115, 4.42601], [117.65602, 4.42422], [117.63413, 4.4101], [117.60581, 4.38202], [117.60963, 4.37336], [117.62885, 4.36154], [117.6333, 4.35098], [117.63331, 4.30964], [117.63697, 4.29902], [117.6521, 4.28485], [117.65363, 4.27239], [117.64047, 4.25137], [117.61305, 4.2309], [117.59897, 4.20694], [117.6271, 4.17651], [117.60841, 4.17622], [117.56707, 4.15961], [117.51856, 4.12227], [117.42816, 4.15177], [117.43648, 4.18561], [117.41292, 4.20008], [117.35659, 4.25951], [117.27556, 4.30098], [117.23866, 4.32687], [117.21716, 4.35343], [117.2027, 4.35607], [117.1904, 4.35302], [117.16466, 4.33315], [116.98059, 4.32956], [116.92426, 4.34496], [116.88302, 4.3449], [116.80448, 4.33007], [116.76613, 4.33857], [116.72944, 4.36446], [116.71167, 4.36679], [116.68004, 4.33992], [116.66113, 4.33439], [116.6418, 4.33387], [116.61555, 4.34408], [116.59023, 4.33113], [116.57689, 4.33201], [116.53328, 4.39537], [116.52222, 4.39679], [116.5154, 4.38415], [116.49432, 4.36322], [116.48646, 4.34883], [116.48698, 4.33857], [116.49411, 4.32485], [116.48594, 4.31692], [116.46837, 4.31232], [116.44636, 4.31726], [116.42176, 4.29183], [116.41132, 4.28865], [116.39107, 4.29467], [116.36543, 4.33769], [116.3582, 4.35545], [116.33753, 4.35723], [116.31066, 4.38338], [116.28513, 4.37839], [116.25722, 4.36415], [116.2288, 4.35612], [116.1701, 4.36992], [116.13651, 4.37304], [116.12576, 4.37891], [116.10995, 4.34511], [116.08121, 4.32547], [116.03316, 4.27772], [116.02065, 4.27085], [116.00401, 4.27669], [115.99357, 4.28891], [115.98344, 4.32139], [115.97724, 4.32863], [115.94096, 4.34436], [115.8988, 4.34713], [115.87885, 4.35214], [115.86944, 4.36668], [115.8649, 4.38258], [115.85611, 4.39077], [115.84412, 4.38922], [115.831, 4.37612], [115.82118, 4.34433], [115.8219, 4.31124], [115.81746, 4.28132], [115.77942, 4.24894], [115.77074, 4.22561], [115.75689, 4.22217], [115.7326, 4.23938], [115.67597, 4.18416], [115.65592, 4.17864], [115.64692, 4.1691], [115.63328, 4.12856], [115.62212, 4.04022], [115.60951, 3.99691], [115.59029, 3.958], [115.58099, 3.94692], [115.54585, 3.92772], [115.53882, 3.92062], [115.5383, 3.89782], [115.55411, 3.88356], [115.57458, 3.87209], [115.58863, 3.85759], [115.58936, 3.82452], [115.5505, 3.70822], [115.54461, 3.66898], [115.5444, 3.62916], [115.54853, 3.60529], [115.57334, 3.545], [115.57272, 3.50415], [115.57613, 3.49167], [115.59266, 3.46196], [115.60062, 3.44121], [115.60124, 3.43023], [115.59546, 3.42085], [115.58502, 3.41682], [115.55722, 3.42545], [115.53582, 3.40362], [115.51763, 3.35716], [115.4828, 3.20647], [115.48352, 3.18901], [115.49934, 3.16978], [115.51443, 3.16477], [115.51701, 3.15728], [115.48218, 3.11097], [115.47598, 3.09304], [115.47216, 3.05051], [115.46409, 3.03082], [115.44797, 3.02405], [115.40684, 3.01951], [115.34152, 2.99114], [115.31, 2.98592], [115.28137, 2.99956], [115.25584, 3.03749], [115.24209, 3.04162], [115.22504, 3.01589], [115.20798, 2.9807], [115.19641, 2.96762], [115.13905, 2.92845], [115.12282, 2.91295], [115.10959, 2.89202], [115.09905, 2.85967], [115.0912, 2.84815], [115.06908, 2.83265], [115.06691, 2.8282], [115.07187, 2.81476], [115.09812, 2.78107], [115.10463, 2.76149], [115.09357, 2.73704], [115.08272, 2.72955], [115.06319, 2.72366], [115.05699, 2.71126], [115.05792, 2.70149], [115.07187, 2.67183], [115.05864, 2.62883], [115.05647, 2.60863], [115.07146, 2.59462], [115.08252, 2.59437], [115.11497, 2.6079], [115.12685, 2.60677], [115.15197, 2.59705], [115.17698, 2.57416], [115.19238, 2.55106], [115.20375, 2.52755], [115.20612, 2.50987], [115.19269, 2.49055], [115.17181, 2.48331], [115.12654, 2.47923], [115.10505, 2.46569], [115.06743, 2.42311], [115.03477, 2.40642], [114.99208, 2.36988], [114.97296, 2.35748], [114.93451, 2.36068], [114.92222, 2.35391], [114.91529, 2.33206], [114.91963, 2.29567], [114.91333, 2.28405], [114.88646, 2.27516], [114.80904, 2.26467], [114.77876, 2.2472], [114.76346, 2.20808], [114.7521, 2.15351], [114.75303, 2.13481], [114.76801, 2.11021], [114.77029, 2.05822], [114.78062, 2.03605], [114.7922, 2.03481], [114.80822, 2.04197], [114.83137, 2.04476], [114.84108, 2.03822], [114.84532, 2.02497], [114.84511, 2.00975], [114.8294, 1.95978], [114.83364, 1.92136], [114.83199, 1.90252], [114.81907, 1.8903], [114.76305, 1.8687], [114.709, 1.86198], [114.69918, 1.85805], [114.67954, 1.84074], [114.67138, 1.82097], [114.67892, 1.79436], [114.68006, 1.76328], [114.669, 1.69401], [114.65029, 1.64145], [114.62446, 1.59879], [114.60968, 1.58164], [114.57454, 1.55342], [114.56317, 1.53639], [114.56803, 1.4694], [114.56162, 1.45002], [114.5456, 1.43495], [114.52224, 1.42942], [114.50064, 1.43604], [114.42137, 1.49218], [114.39822, 1.50355], [114.37486, 1.50694], [114.35574, 1.50195], [114.20484, 1.43836], [114.18324, 1.42345], [114.17342, 1.42051], [114.1604, 1.4248], [114.13094, 1.45418], [114.09426, 1.46567], [114.05395, 1.46505], [113.90967, 1.44247], [113.89117, 1.43495], [113.86822, 1.4155], [113.80817, 1.33971], [113.64953, 1.23326], [113.62483, 1.22757], [113.59651, 1.24163], [113.54618, 1.30158], [113.52447, 1.31356], [113.50339, 1.3145], [113.44292, 1.29238], [113.39755, 1.29393], [113.32366, 1.35139], [113.27601, 1.36888], [113.21772, 1.3809], [113.17276, 1.38374], [113.1586, 1.38816], [113.12574, 1.41364], [113.08904, 1.43134], [113.0506, 1.4348], [113.01143, 1.42798], [112.97319, 1.41508], [112.9582, 1.41565], [112.95531, 1.42356], [112.9612, 1.43438], [112.99169, 1.45697], [113.00729, 1.47327], [113.01846, 1.49239], [113.02435, 1.51438], [113.02342, 1.53701], [113.01411, 1.55078], [112.97319, 1.56985], [112.95603, 1.57233], [112.90766, 1.57052], [112.85495, 1.58272], [112.83645, 1.57605], [112.81351, 1.54934], [112.80152, 1.54378], [112.76886, 1.55223], [112.47048, 1.56766], [112.44588, 1.56208], [112.39854, 1.52335], [112.38098, 1.51771], [112.31907, 1.51174], [112.29519, 1.50381], [112.18006, 1.44903], [112.16156, 1.43454], [112.15412, 1.40953], [112.15908, 1.40079], [112.18181, 1.40002], [112.18802, 1.39142], [112.1874, 1.37966], [112.15267, 1.30628], [112.10006, 1.15492], [112.09293, 1.14314], [112.07949, 1.13724], [112.05407, 1.13363], [111.97335, 1.13404], [111.9101, 1.11404], [111.82308, 1.00847], [111.76282, 0.99302], [111.65523, 1.03079], [111.62268, 1.03027], [111.53886, 0.99772], [111.51539, 0.96449], [111.5032, 0.95844], [111.49204, 0.98087], [111.48242, 1.01286], [111.47209, 1.02221], [111.45452, 1.02263], [111.3955, 1.0063], [111.37411, 1.00754], [111.35179, 1.01389], [111.21753, 1.07327], [111.19758, 1.07523], [110.97341, 1.01772], [110.91057, 1.0157], [110.88039, 1.01053], [110.8527, 0.9972], [110.79699, 0.94966], [110.78707, 0.93416], [110.78397, 0.90816], [110.77673, 0.90325], [110.75834, 0.91452], [110.7448, 0.90506], [110.72485, 0.89726], [110.70418, 0.90139], [110.67441, 0.877], [110.66129, 0.87214], [110.64775, 0.8739], [110.6248, 0.89312], [110.61343, 0.89395], [110.59607, 0.87111], [110.5539, 0.85137], [110.50636, 0.85731], [110.46026, 0.87974], [110.42264, 0.90945], [110.38068, 0.96661], [110.36415, 0.98139], [110.30079, 0.99772], [110.27278, 0.99105], [110.26348, 0.99431], [110.25656, 1.03906], [110.20674, 1.11172], [110.18514, 1.15419], [110.17036, 1.17445], [110.15217, 1.18386], [110.09347, 1.19161], [110.07455, 1.19864], [110.05181, 1.21548], [110.03073, 1.25357], [110.01213, 1.27052], [109.97626, 1.28773], [109.96376, 1.29858], [109.95177, 1.31966], [109.93254, 1.37852], [109.92025, 1.39477], [109.90206, 1.40379], [109.84284, 1.40328], [109.82547, 1.41756], [109.8078, 1.45996], [109.80056, 1.46676], [109.78155, 1.4563], [109.77555, 1.45795], [109.77318, 1.48585], [109.76635, 1.49647], [109.67726, 1.57285], [109.65804, 1.59719], [109.64698, 1.61763], [109.64171, 1.63716], [109.64057, 1.68302], [109.64719, 1.76188], [109.64181, 1.781], [109.62404, 1.78777], [109.58011, 1.78798], [109.56699, 1.79255], [109.55562, 1.80216], [109.5398, 1.82656], [109.31211, 1.73415], [109.30052, 1.74717], [109.34783, 1.80956], [109.34669, 1.81879], [109.33692, 1.81879], [109.28681, 1.77825], [109.28924, 1.79596], [109.32838, 1.83283], [109.33513, 1.85017], [109.33466, 1.90111], [109.341, 1.93553], [109.3589, 1.9483], [109.42408, 1.95572], [109.57887, 1.99763], [109.60467, 2.02094], [109.63503, 2.07403], [109.64527, 2.08322]]], [[[117.74116, 4.02584], [117.70557, 3.9875], [117.6651, 3.9832], [117.6203, 4.01533], [117.5945, 4.06387], [117.61281, 4.10822], [117.6462, 4.14068], [117.66114, 4.14922], [117.67359, 4.1406], [117.69874, 4.11131], [117.75, 4.0803], [117.75317, 4.05183], [117.74116, 4.02584]]], [[[117.73943, 4.13231], [117.64406, 4.21524], [117.64016, 4.22744], [117.64763, 4.24063], [117.68605, 4.26284], [117.70167, 4.26752], [117.72022, 4.26642], [117.78541, 4.24664], [117.80828, 4.21406], [117.82634, 4.19941], [117.84986, 4.19635], [117.89624, 4.18133], [117.91211, 4.14492], [117.91822, 4.10004], [117.93481, 4.05989], [117.90137, 4.0367], [117.87237, 4.03161], [117.83856, 4.0402], [117.8191, 4.06867], [117.76271, 4.10074], [117.73943, 4.13231]]], [[[101.54751, 6.45281], [101.58826, 6.52594], [101.61094, 6.55402], [101.63664, 6.58], [101.69246, 6.62175], [101.77166, 6.50072], [101.80836, 6.46454], [101.90869, 6.40191], [102.02003, 6.29564], [102.09864, 6.23908], [102.16358, 6.1975], [102.18702, 6.20344], [102.19166, 6.21507], [102.18312, 6.22305], [102.16687, 6.21798], [102.17808, 6.23362], [102.19955, 6.2328], [102.31549, 6.19045], [102.33814, 6.17698], [102.37988, 6.13295], [102.49985, 5.89741], [102.52076, 5.87173], [102.6263, 5.79718], [102.646, 5.77293], [102.6692, 5.725], [102.69661, 5.71276], [102.87566, 5.57144], [102.91814, 5.55044], [102.95948, 5.54205], [102.97582, 5.53112], [103.02778, 5.4853], [103.12029, 5.38133], [103.22242, 5.22113], [103.25734, 5.13618], [103.35666, 4.97033], [103.41518, 4.86355], [103.42506, 4.83714], [103.448, 4.80654], [103.44117, 4.76557], [103.44264, 4.74282], [103.45252, 4.70081], [103.4694, 4.55003], [103.4681, 4.52709], [103.45143, 4.48847], [103.4637, 4.44375], [103.46168, 4.42914], [103.49414, 4.33661], [103.49642, 4.30622], [103.48031, 4.26025], [103.44801, 4.21748], [103.45483, 4.18277], [103.44857, 4.17244], [103.42465, 4.15917], [103.39519, 4.11628], [103.39405, 4.09862], [103.40089, 4.06733], [103.43799, 3.97504], [103.43437, 3.95024], [103.41163, 3.96394], [103.3947, 3.935], [103.38404, 3.89033], [103.37842, 3.80245], [103.36101, 3.80199], [103.35108, 3.78921], [103.33872, 3.75821], [103.34498, 3.72158], [103.38722, 3.62474], [103.40455, 3.60004], [103.43872, 3.56781], [103.46216, 3.53412], [103.44801, 3.50495], [103.48217, 3.51177], [103.43336, 3.40839], [103.42807, 3.36717], [103.42999, 3.35267], [103.42004, 3.34568], [103.35693, 3.31399], [103.28888, 3.29527], [103.21895, 3.29024], [103.13633, 3.30234], [103.12845, 3.29867], [103.1117, 3.22974], [103.0984, 3.1195], [103.10383, 3.01345], [103.13245, 2.91918], [103.1888, 2.83582], [103.35263, 2.7068], [103.40755, 2.64137], [103.44866, 2.5687], [103.48065, 2.49138], [103.53878, 2.32904], [103.57564, 2.24752], [103.62559, 2.16707], [103.69667, 2.07126], [103.70643, 2.06972], [103.74402, 2.0922], [103.80919, 2.11798], [103.87854, 2.13058], [103.94944, 2.12928], [103.98423, 2.12341], [104.034, 2.10814], [104.04884, 2.07176], [104.06722, 2.04681], [104.08546, 2.01097], [104.11288, 1.97595], [104.12088, 1.95384], [104.11964, 1.89118], [104.12428, 1.87055], [104.13543, 1.84894], [104.14918, 1.83747], [104.16115, 1.84706], [104.16749, 1.84706], [104.1952, 1.79895], [104.20428, 1.75288], [104.2229, 1.72687], [104.22803, 1.7121], [104.2295, 1.67829], [104.25521, 1.63776], [104.24985, 1.62735], [104.25651, 1.61383], [104.26368, 1.57217], [104.28402, 1.51748], [104.2937, 1.47158], [104.29468, 1.44652], [104.27955, 1.42646], [104.28239, 1.38264], [104.27735, 1.36735], [104.23959, 1.36734], [104.21904, 1.34619], [104.15447, 1.35229], [104.10638, 1.37505], [104.10597, 1.40449], [104.1006, 1.41885], [104.06496, 1.44864], [104.05943, 1.48533], [104.08628, 1.50286], [104.12322, 1.51752], [104.14763, 1.5454], [104.12892, 1.54971], [104.11118, 1.54507], [104.0534, 1.50631], [104.01222, 1.59687], [103.98854, 1.63239], [103.96599, 1.64785], [103.96022, 1.63581], [103.97039, 1.60863], [104.0083, 1.54873], [104.00343, 1.5069], [104.01242, 1.46451], [104.0096, 1.44849], [103.97445, 1.41984], [103.92653, 1.43172], [103.83969, 1.47655], [103.8143, 1.47451], [103.7741, 1.45368], [103.7531, 1.44865], [103.6976, 1.45063], [103.68141, 1.4418], [103.63005, 1.37744], [103.60011, 1.35347], [103.56471, 1.35986], [103.54786, 1.38207], [103.5442, 1.37718], [103.55101, 1.3431], [103.5485, 1.3317], [103.53053, 1.30524], [103.51637, 1.27048], [103.50408, 1.28994], [103.46902, 1.31998], [103.45486, 1.33943], [103.41391, 1.46784], [103.39536, 1.50642], [103.36736, 1.5384], [103.32504, 1.56533], [103.20607, 1.61043], [103.03712, 1.71552], [102.99635, 1.73493], [102.93459, 1.74755], [102.88746, 1.80712], [102.83562, 1.84565], [102.80445, 1.86009], [102.73858, 1.84663], [102.72186, 1.84708], [102.6994, 1.85945], [102.66717, 1.92158], [102.65065, 1.9409], [102.56874, 2.00655], [102.55048, 2.03143], [102.55909, 2.03319], [102.5573, 2.04511], [102.52687, 2.07087], [102.48902, 2.09292], [102.18826, 2.21627], [102.15445, 2.23558], [102.12684, 2.25745], [102.05128, 2.34089], [102.01873, 2.35042], [101.99904, 2.36165], [101.98708, 2.37715], [101.98878, 2.39452], [101.95623, 2.40478], [101.92677, 2.42243], [101.90919, 2.4108], [101.87745, 2.40884], [101.86525, 2.39454], [101.85818, 2.41942], [101.85108, 2.47895], [101.8272, 2.49429], [101.80324, 2.51802], [101.78305, 2.57587], [101.77442, 2.58657], [101.761, 2.59211], [101.71339, 2.59659], [101.67351, 2.62727], [101.61834, 2.63692], [101.54233, 2.66129], [101.50265, 2.68955], [101.47952, 2.71721], [101.43019, 2.79247], [101.39918, 2.81908], [101.35515, 2.82925], [101.31056, 2.83357], [101.2864, 2.84968], [101.30348, 2.89484], [101.28103, 2.89786], [101.28306, 2.91119], [101.33278, 2.97235], [101.37281, 3.00235], [101.37281, 3.02831], [101.365, 3.07636], [101.35857, 3.08926], [101.32986, 3.11177], [101.32343, 3.12446], [101.29762, 3.2746], [101.24888, 3.31998], [101.23569, 3.34414], [101.21559, 3.3492], [101.19761, 3.35933], [101.18718, 3.38019], [101.13966, 3.44286], [101.10829, 3.47411], [101.094, 3.50581], [101.07424, 3.53441], [101.05714, 3.60053], [101.04054, 3.62198], [100.96795, 3.67206], [100.93361, 3.68929], [100.88648, 3.75633], [100.86964, 3.76801], [100.82293, 3.77608], [100.81228, 3.78657], [100.81325, 3.80378], [100.82375, 3.82709], [100.84539, 3.85126], [100.834, 3.8544], [100.81178, 3.85122], [100.78484, 3.83935], [100.73443, 3.85957], [100.72072, 3.86808], [100.70961, 3.88288], [100.7007, 3.91722], [100.70119, 3.96723], [100.70632, 3.98358], [100.71876, 3.99086], [100.78175, 3.98802], [100.80152, 3.99112], [100.81739, 4.01081], [100.83465, 4.01854], [100.85499, 4.02216], [100.87143, 4.01887], [100.8615, 4.04035], [100.83814, 4.03799], [100.80325, 4.01888], [100.77761, 4.0214], [100.77297, 4.03701], [100.77605, 4.08649], [100.76588, 4.09984], [100.71404, 4.13484], [100.67774, 4.16519], [100.65553, 4.1695], [100.63258, 4.15548], [100.61305, 4.2084], [100.60891, 4.23843], [100.61524, 4.25165], [100.60028, 4.25655], [100.59099, 4.30003], [100.56545, 4.31916], [100.58848, 4.41203], [100.60768, 4.42622], [100.63253, 4.53271], [100.64552, 4.56004], [100.63002, 4.55399], [100.61232, 4.55875], [100.59735, 4.57193], [100.59101, 4.59081], [100.59442, 4.6109], [100.60378, 4.62945], [100.61695, 4.63824], [100.63258, 4.62905], [100.64732, 4.65473], [100.66619, 4.66991], [100.64234, 4.6743], [100.62037, 4.66622], [100.60419, 4.66585], [100.59784, 4.69355], [100.5945, 4.74307], [100.60386, 4.75604], [100.63258, 4.75812], [100.63258, 4.76557], [100.61208, 4.77237], [100.6198, 4.78644], [100.61736, 4.79291], [100.59783, 4.79971], [100.57619, 4.79927], [100.56952, 4.82713], [100.5774, 4.84398], [100.5774, 4.85431], [100.55308, 4.86205], [100.55006, 4.87543], [100.52914, 4.86788], [100.50538, 4.868], [100.49441, 4.87227], [100.49947, 4.88119], [100.51531, 4.88906], [100.511, 4.90693], [100.4817, 4.92471], [100.47071, 4.92231], [100.45387, 4.90894], [100.44174, 4.92266], [100.42652, 4.96418], [100.40188, 4.99234], [100.36452, 5.0843], [100.36591, 5.09251], [100.37867, 5.09455], [100.40903, 5.12665], [100.41628, 5.15961], [100.43092, 5.19062], [100.43328, 5.21117], [100.41897, 5.24848], [100.43328, 5.29002], [100.43002, 5.30288], [100.38023, 5.39069], [100.38494, 5.49925], [100.37843, 5.52277], [100.35573, 5.56269], [100.35082, 5.58454], [100.34402, 5.66924], [100.37631, 5.66332], [100.38494, 5.66926], [100.3864, 5.6791], [100.36452, 5.69408], [100.37574, 5.81094], [100.34913, 6.01268], [100.31412, 6.07037], [100.29615, 6.11555], [100.26013, 6.18069], [100.2479, 6.22077], [100.19983, 6.25915], [100.17458, 6.29097], [100.15292, 6.33378], [100.13747, 6.38052], [100.12729, 6.44229], [100.11996, 6.46312], [100.10816, 6.47956], [100.09011, 6.48486], [100.10231, 6.51708], [100.10353, 6.53319], [100.09352, 6.54011], [100.08058, 6.53681], [100.06315, 6.50672], [100.02996, 6.53466], [100.00148, 6.56726], [99.99122, 6.59785], [99.98414, 6.6022], [99.96413, 6.59375], [99.96096, 6.59846], [99.96309, 6.60551], [99.97397, 6.62271], [99.96095, 6.66055], [99.93736, 6.66475], [99.92848, 6.69261], [99.89146, 6.72505], [99.86752, 6.7626], [99.85174, 6.77643], [99.82489, 6.76961], [99.80958, 6.8083], [99.79721, 6.82168], [99.71071, 6.85416], [99.68581, 6.87735], [99.68606, 6.91747], [99.69045, 6.93548], [99.71022, 6.93797], [99.71388, 6.94221], [99.7072, 6.961], [99.68093, 6.97362], [99.68143, 6.98133], [99.71067, 7.00029], [99.77517, 7.02976], [99.94097, 7.06949], [99.98815, 7.0723], [100.1733, 6.70342], [100.18756, 6.70796], [100.21236, 6.68918], [100.2275, 6.68887], [100.24265, 6.70026], [100.26332, 6.70001], [100.27396, 6.69626], [100.28078, 6.68892], [100.31789, 6.57671], [100.3292, 6.55777], [100.34879, 6.54061], [100.38739, 6.52208], [100.40966, 6.51526], [100.42651, 6.51389], [100.45235, 6.51686], [100.46723, 6.51322], [100.49917, 6.4903], [100.51741, 6.48191], [100.57844, 6.46426], [100.61265, 6.44917], [100.63068, 6.44478], [100.64841, 6.44715], [100.71285, 6.49304], [100.72995, 6.4932], [100.73388, 6.45638], [100.7423, 6.45012], [100.77326, 6.44731], [100.79631, 6.43395], [100.80561, 6.4148], [100.81072, 6.35576], [100.82902, 6.31626], [100.82152, 6.28876], [100.82214, 6.25988], [100.833, 6.23668], [100.83734, 6.23719], [100.84282, 6.24393], [100.85512, 6.24791], [100.9101, 6.2358], [100.92891, 6.24063], [100.95516, 6.26864], [100.97428, 6.27262], [101.00648, 6.24636], [101.02306, 6.24099], [101.06895, 6.25086], [101.08166, 6.24647], [101.08828, 6.23352], [101.09102, 6.21316], [101.08916, 6.18885], [101.08001, 6.18035], [101.06688, 6.17433], [101.05345, 6.15761], [101.05252, 6.13456], [101.08714, 6.1056], [101.09427, 6.08575], [101.089, 6.04661], [101.08745, 5.98969], [101.07877, 5.93817], [101.07112, 5.91985], [101.03185, 5.90892], [101.01531, 5.89835], [100.96772, 5.80412], [100.96529, 5.79241], [100.9672, 5.78102], [100.99862, 5.72955], [101.00839, 5.72567], [101.03733, 5.72459], [101.0598, 5.70958], [101.07877, 5.68777], [101.10543, 5.63764], [101.12218, 5.62989], [101.14998, 5.63865], [101.19685, 5.66681], [101.2123, 5.68151], [101.22502, 5.69921], [101.23359, 5.71942], [101.24899, 5.78699], [101.27969, 5.80303], [101.31896, 5.81009], [101.35756, 5.8284], [101.39265, 5.85109], [101.53466, 5.90602], [101.55791, 5.91135], [101.51304, 6.32138], [101.53846, 6.43018], [101.54751, 6.45281]]], [[[100.54331, 4.22655], [100.54583, 4.2416], [100.53632, 4.26935], [100.54802, 4.26898], [100.5569, 4.25528], [100.56934, 4.25175], [100.58065, 4.19807], [100.57643, 4.19482], [100.5661, 4.20003], [100.54331, 4.22655]]], [[[118.75611, 4.45723], [118.73308, 4.45088], [118.69581, 4.45087], [118.68165, 4.43709], [118.67482, 4.4366], [118.66921, 4.43985], [118.66798, 4.46393], [118.6511, 4.47924], [118.64407, 4.4953], [118.65802, 4.4982], [118.72608, 4.49191], [118.74878, 4.48549], [118.76001, 4.47138], [118.75611, 4.45723]]], [[[118.76303, 4.63209], [118.7723, 4.62652], [118.77864, 4.61344], [118.76747, 4.61515], [118.74846, 4.62653], [118.72317, 4.60279], [118.72496, 4.62055], [118.74741, 4.63458], [118.76303, 4.63209]]], [[[118.49562, 4.62393], [118.46289, 4.6307], [118.4489, 4.64265], [118.41447, 4.64895], [118.34666, 4.66984], [118.34667, 4.67622], [118.4253, 4.67622], [118.43629, 4.67927], [118.45652, 4.69721], [118.47608, 4.69378], [118.49318, 4.66185], [118.51027, 4.64887], [118.52378, 4.66571], [118.54949, 4.66518], [118.59943, 4.64275], [118.59961, 4.63521], [118.58481, 4.63402], [118.57537, 4.62739], [118.57106, 4.61603], [118.57226, 4.60117], [118.54811, 4.62157], [118.53516, 4.60132], [118.49562, 4.62393]]], [[[119.42184, 4.77461], [119.40435, 4.67473], [119.39878, 4.67224], [119.39203, 4.68317], [119.39439, 4.70156], [119.4074, 4.73574], [119.40585, 4.74303], [119.39268, 4.74446], [119.39374, 4.75075], [119.42001, 4.78708], [119.42184, 4.77461]]], [[[119.5044, 4.78262], [119.49647, 4.7333], [119.46704, 4.66645], [119.45656, 4.65573], [119.45655, 4.71752], [119.46274, 4.77578], [119.45688, 4.84272], [119.4485, 4.87442], [119.43541, 4.90277], [119.44723, 4.90544], [119.45866, 4.90168], [119.47602, 4.88356], [119.48658, 4.83222], [119.5044, 4.78262]]], [[[118.32082, 4.98387], [118.33204, 4.99224], [118.34164, 4.99078], [118.34295, 4.9798], [118.3537, 4.9852], [118.38037, 4.97911], [118.37348, 4.97278], [118.31365, 4.94881], [118.30617, 4.9508], [118.30146, 4.95759], [118.31463, 4.97613], [118.31487, 4.96495], [118.32789, 4.96955], [118.32082, 4.98387]]], [[[115.23195, 5.27315], [115.21225, 5.28498], [115.20411, 5.2836], [115.1592, 5.2522], [115.16099, 5.26724], [115.18905, 5.34455], [115.22609, 5.38104], [115.2417, 5.38738], [115.25972, 5.31564], [115.25928, 5.29121], [115.24171, 5.2727], [115.23195, 5.27315]]], [[[100.31665, 5.32665], [100.29225, 5.28046], [100.28874, 5.26269], [100.23471, 5.27269], [100.195, 5.27228], [100.18993, 5.26659], [100.18454, 5.26846], [100.17898, 5.27798], [100.19272, 5.28596], [100.19578, 5.29851], [100.1912, 5.35222], [100.19313, 5.39932], [100.17946, 5.42691], [100.18588, 5.45112], [100.17947, 5.45819], [100.19206, 5.46294], [100.20118, 5.44847], [100.21062, 5.444], [100.2186, 5.44672], [100.23472, 5.46449], [100.25356, 5.46902], [100.2741, 5.46848], [100.2933, 5.46258], [100.30981, 5.45074], [100.31853, 5.43529], [100.34342, 5.41763], [100.32521, 5.38329], [100.31665, 5.32665]]], [[[119.12083, 5.46062], [119.13819, 5.46217], [119.15536, 5.45445], [119.11508, 5.43745], [119.10331, 5.44945], [119.12083, 5.46062]]], [[[117.98219, 5.79095], [117.98902, 5.78677], [117.98276, 5.77798], [117.99439, 5.78802], [117.9979, 5.77387], [117.99806, 5.78193], [118.02067, 5.77492], [118.0175, 5.76171], [118.00367, 5.7452], [117.97031, 5.74707], [117.95322, 5.78006], [117.91757, 5.78571], [117.91586, 5.79068], [117.97453, 5.79327], [117.96567, 5.78404], [117.98219, 5.79095]]], [[[103.00148, 5.7598], [102.994, 5.78522], [102.99644, 5.81268], [103.00681, 5.81844], [103.0175, 5.80984], [103.0254, 5.79068], [103.03885, 5.79149], [103.04118, 5.7873], [103.03369, 5.76594], [103.01441, 5.75594], [103.00148, 5.7598]]], [[[118.23079, 5.83193], [118.19549, 5.82026], [118.18189, 5.82026], [118.16555, 5.82755], [118.16384, 5.83442], [118.16994, 5.84369], [118.19313, 5.85467], [118.21968, 5.85548], [118.23308, 5.85113], [118.23608, 5.8415], [118.23079, 5.83193]]], [[[102.74522, 5.9151], [102.75449, 5.91649], [102.75783, 5.9238], [102.76791, 5.92206], [102.77482, 5.89883], [102.77116, 5.88912], [102.75294, 5.89912], [102.74545, 5.88538], [102.73896, 5.89912], [102.74522, 5.9151]]], [[[117.71965, 5.98858], [117.69784, 5.95947], [117.6867, 5.95576], [117.6792, 5.94083], [117.66685, 5.944], [117.66871, 5.9525], [117.68792, 5.9632], [117.68979, 5.99282], [117.68287, 6.003], [117.68426, 6.00714], [117.7024, 6.01425], [117.70623, 6.00336], [117.71745, 5.99555], [117.71965, 5.98858]]], [[[118.0219, 6.12612], [118.02604, 6.11864], [118.01254, 6.11149], [118.00556, 6.11522], [118.0219, 6.12612]]], [[[99.82486, 6.25772], [99.82381, 6.22287], [99.83022, 6.20575], [99.82649, 6.19093], [99.81695, 6.17654], [99.8056, 6.17181], [99.78953, 6.18588], [99.78406, 6.20112], [99.77472, 6.20403], [99.76725, 6.2238], [99.78629, 6.24182], [99.80045, 6.2728], [99.82392, 6.28214], [99.83698, 6.29421], [99.83977, 6.2773], [99.82486, 6.25772]]], [[[99.90062, 6.3643], [99.91626, 6.33153], [99.89169, 6.32194], [99.87051, 6.30492], [99.86569, 6.29054], [99.84942, 6.30071], [99.84459, 6.32469], [99.82533, 6.3241], [99.80731, 6.31753], [99.77803, 6.28298], [99.76166, 6.28284], [99.74894, 6.27019], [99.72874, 6.26149], [99.71547, 6.31006], [99.72213, 6.32748], [99.71904, 6.35323], [99.67684, 6.36397], [99.65871, 6.36263], [99.65009, 6.3767], [99.64524, 6.43583], [99.67278, 6.42834], [99.68875, 6.4353], [99.72116, 6.43416], [99.73648, 6.42398], [99.77093, 6.41984], [99.786, 6.42285], [99.80225, 6.43605], [99.8143, 6.45403], [99.8392, 6.45482], [99.83279, 6.47084], [99.84223, 6.46955], [99.85108, 6.46564], [99.86647, 6.42967], [99.89892, 6.41034], [99.89759, 6.40205], [99.91333, 6.3902], [99.90062, 6.3643]]], [[[99.62599, 6.6328], [99.62388, 6.65741], [99.64243, 6.67133], [99.6506, 6.71754], [99.65699, 6.7238], [99.6805, 6.67292], [99.68029, 6.62404], [99.70443, 6.55829], [99.69971, 6.53328], [99.67579, 6.52456], [99.67041, 6.50146], [99.6587, 6.49235], [99.64683, 6.50968], [99.63415, 6.55206], [99.60028, 6.58345], [99.60305, 6.59699], [99.61394, 6.60883], [99.62599, 6.6328]]], [[[117.34597, 6.6723], [117.35471, 6.6794], [117.43214, 6.68936], [117.44386, 6.69855], [117.44825, 6.71516], [117.4393, 6.72394], [117.40358, 6.72583], [117.39992, 6.73932], [117.41164, 6.75136], [117.45248, 6.75674], [117.46876, 6.76666], [117.4939, 6.73541], [117.51074, 6.70429], [117.50659, 6.67349], [117.46876, 6.64314], [117.44304, 6.63574], [117.41217, 6.63494], [117.35622, 6.64791], [117.34345, 6.66352], [117.34597, 6.6723]]], [[[99.85718, 6.73626], [99.86751, 6.71004], [99.85206, 6.70695], [99.84215, 6.71178], [99.84542, 6.72854], [99.85718, 6.73626]]], [[[117.06415, 7.27074], [117.06764, 7.27982], [117.09196, 7.29197], [117.20293, 7.30168], [117.28122, 7.29314], [117.27336, 7.23168], [117.26237, 7.20198], [117.24708, 7.18319], [117.22975, 7.19184], [117.14039, 7.16763], [117.09889, 7.14346], [117.08236, 7.11067], [117.07155, 7.1025], [117.06412, 7.12687], [117.05642, 7.20287], [117.0652, 7.22639], [117.06415, 7.27074]]], [[[116.90035, 7.28751], [116.96168, 7.30793], [116.96973, 7.3173], [117.01565, 7.28795], [117.01002, 7.27999], [116.99155, 7.29719], [116.97674, 7.29023], [116.97145, 7.27139], [116.98217, 7.25333], [116.88648, 7.2294], [116.89112, 7.21992], [116.90511, 7.20893], [116.90015, 7.19807], [116.8768, 7.19254], [116.85183, 7.19807], [116.90035, 7.28751]]], [[[98.97392, 9.94233], [98.95338, 9.87424], [98.93774, 9.84163], [98.89755, 9.78307], [98.82952, 9.7057], [98.80248, 9.68222], [98.74259, 9.64443], [98.67652, 9.61933], [98.60605, 9.60762], [98.53434, 9.60994], [98.47456, 9.62328], [98.49025, 9.63494], [98.5005, 9.63451], [98.51417, 9.65473], [98.49368, 9.68573], [98.51002, 9.68659], [98.51319, 9.69489], [98.5066, 9.70563], [98.49368, 9.71369], [98.5005, 9.7199], [98.53142, 9.70392], [98.54396, 9.70649], [98.54901, 9.72361], [98.56129, 9.73306], [98.56577, 9.74262], [98.55926, 9.74722], [98.5385, 9.74752], [98.52101, 9.75463], [98.51416, 9.74039], [98.508, 9.74039], [98.508, 9.77456], [98.51637, 9.78293], [98.54152, 9.78824], [98.55543, 9.79804], [98.56617, 9.81], [98.58302, 9.84284], [98.549, 9.80927], [98.54006, 9.81099], [98.53028, 9.82559], [98.51272, 9.83686], [98.52077, 9.85443], [98.549, 9.88372], [98.55991, 9.87303], [98.57618, 9.87759], [98.5705, 9.88422], [98.58546, 9.89497], [98.58985, 9.90546], [98.57164, 9.91548], [98.59198, 9.94269], [98.59987, 9.94814], [98.62208, 9.94782], [98.63087, 9.9527], [98.63315, 9.96296], [98.62355, 9.96719], [98.61256, 9.96597], [98.61036, 9.96011], [98.59963, 9.97387], [98.60348, 9.99342], [98.64785, 10.06913], [98.66228, 10.08527], [98.68952, 10.16175], [98.7129, 10.20551], [98.72047, 10.22793], [98.7308, 10.29173], [98.74627, 10.32901], [98.74741, 10.35053], [98.98716, 10.01095], [98.97392, 9.94233]]], [[[136.4922, -35.17887], [136.48487, -35.17205], [136.44753, -35.16936], [136.43997, -35.16171], [136.44729, -35.14813], [136.4629, -35.13976], [136.47608, -35.14462], [136.49853, -35.17205], [136.4922, -35.17887]]], [[[136.16213, -35.06552], [136.15285, -35.04851], [136.14283, -35.00066], [136.09931, -34.96819], [136.08613, -34.94818], [136.11166, -34.93924], [136.12695, -34.94843], [136.1736, -35.01133], [136.19971, -35.03281], [136.20654, -35.06121], [136.20134, -35.07536], [136.1906, -35.06959], [136.16213, -35.06552]]], [[[133.62257, -32.28509], [133.61011, -32.30754], [133.56568, -32.32121], [133.54153, -32.31259], [133.54381, -32.29461], [133.57919, -32.25983], [133.62365, -32.24385], [133.67554, -32.23936], [133.67554, -32.24537], [133.62037, -32.2597], [133.63394, -32.2802], [133.62257, -32.28509]]], [[[138.47193, -35.21461], [138.45923, -35.1854], [138.46658, -35.11053], [138.47659, -35.0919], [138.50734, -35.05657], [138.51393, -35.03826], [138.48652, -34.87365], [138.49392, -34.7916], [138.501, -34.77094], [138.51693, -34.76915], [138.535, -34.78086], [138.54803, -34.80145], [138.55063, -34.78192], [138.54705, -34.75945], [138.53631, -34.7409], [138.49636, -34.72372], [138.48097, -34.69842], [138.44558, -34.68596], [138.4336, -34.63649], [138.36865, -34.5903], [138.35671, -34.5761], [138.3296, -34.5206], [138.29405, -34.50436], [138.27908, -34.48357], [138.26004, -34.43864], [138.22657, -34.32049], [138.20533, -34.28818], [138.15562, -34.26043], [138.15383, -34.25026], [138.16407, -34.23016], [138.15886, -34.21185], [138.10027, -34.14414], [138.07814, -34.12835], [138.06813, -34.1408], [138.0638, -34.16285], [138.05356, -34.18064], [138.01629, -34.22731], [138.00929, -34.24432], [138.0101, -34.26328], [138.03613, -34.29893], [138.03776, -34.30804], [137.99927, -34.35653], [137.93092, -34.41481], [137.89226, -34.52606], [137.88895, -34.58076], [137.88315, -34.58978], [137.9104, -34.62396], [137.88648, -34.6666], [137.87908, -34.69061], [137.87012, -34.7741], [137.83789, -34.83074], [137.81479, -34.86012], [137.80062, -34.91788], [137.77442, -34.97625], [137.76612, -35.00807], [137.77392, -35.03484], [137.75221, -35.04795], [137.74692, -35.05885], [137.75277, -35.09319], [137.74951, -35.13103], [137.71876, -35.14471], [137.68458, -35.17888], [137.6714, -35.18083], [137.61989, -35.16659], [137.56105, -35.13104], [137.52019, -35.13103], [137.48194, -35.11736], [137.42555, -35.11826], [137.40349, -35.1242], [137.38356, -35.13616], [137.35075, -35.1661], [137.33228, -35.17198], [137.261, -35.16578], [137.23894, -35.17205], [137.20883, -35.19769], [137.19173, -35.22437], [137.16919, -35.24227], [137.12282, -35.24088], [137.06202, -35.22666], [137.03972, -35.22723], [136.98097, -35.2553], [136.95337, -35.28394], [136.91358, -35.29655], [136.87388, -35.29468], [136.85304, -35.26605], [136.83938, -35.25611], [136.8371, -35.24131], [136.85549, -35.20469], [136.88982, -35.18865], [136.90309, -35.17889], [136.8957, -35.17205], [136.92986, -35.15154], [136.96095, -35.09645], [136.95777, -35.06276], [136.94192, -35.03867], [136.94127, -35.02988], [136.95152, -35.01492], [136.97576, -34.99676], [136.98072, -34.98496], [136.97146, -34.96592], [137.01417, -34.9179], [137.0198, -34.90147], [137.03061, -34.89985], [137.09498, -34.92498], [137.1395, -34.92604], [137.22365, -34.90701], [137.26685, -34.90505], [137.28744, -34.91124], [137.30787, -34.92832], [137.35718, -34.93761], [137.39129, -34.95403], [137.41774, -34.94549], [137.44614, -34.91741], [137.45297, -34.8834], [137.45803, -34.80145], [137.47853, -34.76116], [137.47854, -34.71266], [137.51271, -34.61777], [137.49904, -34.58977], [137.49399, -34.55413], [137.48025, -34.52654], [137.48243, -34.48398], [137.47853, -34.46624], [137.45948, -34.44752], [137.44484, -34.45184], [137.43116, -34.46501], [137.41433, -34.47241], [137.43593, -34.419], [137.44501, -34.40424], [137.46485, -34.40423], [137.4839, -34.3554], [137.4922, -34.28248], [137.48911, -34.23773], [137.47413, -34.19297], [137.45249, -34.15549], [137.46145, -34.14081], [137.47055, -34.13788], [137.50652, -34.15032], [137.51954, -34.13787], [137.5486, -34.08717], [137.55421, -34.07203], [137.55161, -34.04957], [137.53193, -34.01539], [137.553, -33.9843], [137.59051, -33.95176], [137.61508, -33.9415], [137.62794, -33.9201], [137.62526, -33.8991], [137.60208, -33.87664], [137.61752, -33.86924], [137.65376, -33.83206], [137.71534, -33.78729], [137.77663, -33.69355], [137.80055, -33.6985], [137.86297, -33.62615], [137.87885, -33.59788], [137.90367, -33.58771], [137.91005, -33.59624], [137.89808, -33.61366], [137.90606, -33.62757], [137.93092, -33.61647], [137.93749, -33.52784], [137.90367, -33.456], [137.86235, -33.39601], [137.86963, -33.35844], [137.86171, -33.34316], [137.8182, -33.29363], [137.81046, -33.25999], [137.82179, -33.24668], [137.84085, -33.206], [137.855, -33.19061], [137.8943, -33.1793], [137.95216, -33.14366], [137.97267, -33.14983], [137.99244, -33.13552], [138.02516, -33.14853], [138.03712, -33.13958], [138.04396, -33.1251], [138.04021, -33.08164], [138.02898, -33.05071], [138.0101, -33.0241], [138.00082, -33.0202], [137.97811, -33.02107], [137.95771, -33.00441], [137.90237, -32.78753], [137.90237, -32.77403], [137.93849, -32.75262], [137.89662, -32.72143], [137.88746, -32.70989], [137.84914, -32.69792], [137.84499, -32.67637], [137.84913, -32.65016], [137.82164, -32.62263], [137.80398, -32.59466], [137.80593, -32.58067], [137.82179, -32.56829], [137.81276, -32.56023], [137.78697, -32.55388], [137.77394, -32.51979], [137.76442, -32.52418], [137.75278, -32.5744], [137.76042, -32.59352], [137.76221, -32.61784], [137.75392, -32.69346], [137.78003, -32.70242], [137.79666, -32.7268], [137.80662, -32.77967], [137.80925, -32.8467], [137.80818, -32.85822], [137.78025, -32.91064], [137.77174, -32.91284], [137.76002, -32.90594], [137.75278, -32.91766], [137.75416, -32.93808], [137.77832, -32.98284], [137.76978, -32.99081], [137.73309, -32.99179], [137.70493, -32.97974], [137.674, -32.95526], [137.65626, -32.95135], [137.63209, -32.96152], [137.59506, -32.99277], [137.59617, -33.01984], [137.59014, -33.03504], [137.5127, -33.10881], [137.45216, -33.14007], [137.43441, -33.22164], [137.38803, -33.29388], [137.37671, -33.38991], [137.36963, -33.41326], [137.30568, -33.4992], [137.25176, -33.61223], [137.22485, -33.65324], [137.20142, -33.67115], [137.18434, -33.6775], [137.15503, -33.70573], [137.02019, -33.73015], [136.99392, -33.71941], [136.98512, -33.6985], [136.96534, -33.6845], [136.94557, -33.68231], [136.93043, -33.69256], [136.92016, -33.72453], [136.88315, -33.74432], [136.88315, -33.75481], [136.88942, -33.77044], [136.94655, -33.75125], [136.96458, -33.75311], [136.87891, -33.80249], [136.80746, -33.80836], [136.76124, -33.83854], [136.72478, -33.84686], [136.71089, -33.86624], [136.60743, -33.90293], [136.58522, -33.92181], [136.58154, -33.9489], [136.54005, -33.97283], [136.49349, -34.00969], [136.45118, -34.01784], [136.43165, -34.02703], [136.3694, -34.07342], [136.35808, -34.09336], [136.35423, -34.12446], [136.32781, -34.15781], [136.31811, -34.18547], [136.29347, -34.20892], [136.23218, -34.30868], [136.19922, -34.33097], [136.13803, -34.35475], [136.11476, -34.38372], [136.12662, -34.39837], [136.11085, -34.41758], [136.12484, -34.4529], [136.12234, -34.48312], [136.11572, -34.51677], [136.1014, -34.53483], [136.08718, -34.53239], [136.08074, -34.50416], [136.06935, -34.48187], [136.04282, -34.4865], [135.99138, -34.51343], [135.95143, -34.52068], [135.93678, -34.5346], [135.92432, -34.57887], [135.91627, -34.58978], [135.9397, -34.62005], [135.9436, -34.63746], [135.93051, -34.6525], [135.91098, -34.6334], [135.8908, -34.63112], [135.87477, -34.64373], [135.86842, -34.66863], [135.86101, -34.70965], [135.88891, -34.74684], [135.88298, -34.76848], [135.8379, -34.7667], [135.82251, -34.78769], [135.79949, -34.80527], [135.80519, -34.81699], [135.81837, -34.82171], [135.86736, -34.81943], [135.90496, -34.80389], [135.94703, -34.76736], [135.95923, -34.77191], [135.9734, -34.78607], [135.98512, -34.78094], [135.99049, -34.77125], [135.9914, -34.74001], [136.00004, -34.73517], [136.00904, -34.73676], [136.01635, -34.74408], [136.01808, -34.80117], [136.01229, -34.81824], [135.97202, -34.8624], [135.96949, -34.87664], [135.99878, -34.94549], [135.99838, -34.96217], [136.01245, -34.97967], [136.0031, -34.99081], [135.97731, -34.997], [135.96461, -35.00749], [135.94517, -34.99773], [135.9275, -34.95517], [135.91285, -34.94549], [135.86403, -34.92945], [135.85475, -34.90504], [135.82228, -34.87428], [135.78273, -34.8576], [135.74147, -34.86102], [135.70395, -34.8908], [135.69775, -34.91131], [135.68409, -34.91814], [135.69018, -34.94849], [135.68067, -34.95288], [135.63258, -34.95288], [135.62356, -34.94793], [135.62208, -34.91131], [135.60402, -34.88014], [135.51222, -34.79518], [135.45753, -34.73154], [135.42953, -34.71266], [135.35987, -34.68524], [135.33221, -34.68986], [135.31969, -34.68596], [135.3423, -34.6513], [135.3401, -34.63812], [135.28785, -34.59246], [135.25148, -34.56992], [135.23048, -34.56504], [135.17335, -34.5761], [135.12135, -34.60441], [135.1081, -34.59596], [135.10989, -34.57831], [135.1491, -34.52467], [135.15318, -34.50221], [135.18995, -34.46624], [135.20046, -34.43565], [135.20981, -34.43158], [135.2185, -34.43614], [135.20981, -34.46942], [135.21372, -34.49236], [135.22478, -34.50433], [135.2422, -34.50986], [135.32713, -34.52777], [135.30934, -34.53867], [135.30274, -34.55071], [135.30633, -34.56341], [135.31967, -34.5761], [135.34931, -34.58589], [135.35546, -34.59238], [135.34083, -34.60345], [135.37086, -34.62819], [135.40577, -34.64446], [135.43605, -34.63292], [135.4979, -34.62396], [135.50359, -34.61191], [135.43704, -34.59978], [135.44321, -34.55877], [135.43849, -34.54567], [135.41871, -34.55779], [135.40495, -34.58032], [135.38907, -34.56903], [135.37696, -34.51284], [135.39161, -34.50416], [135.39552, -34.47243], [135.38844, -34.45143], [135.36607, -34.42197], [135.36135, -34.40789], [135.34645, -34.27557], [135.32862, -34.22129], [135.30128, -34.17978], [135.26515, -34.17831], [135.24538, -34.15935], [135.23099, -34.13682], [135.26547, -34.12705], [135.27312, -34.1159], [135.26516, -34.1032], [135.27117, -34.09157], [135.25953, -33.99798], [135.21796, -33.95232], [135.18979, -33.893], [135.17701, -33.88348], [135.15431, -33.87932], [135.13853, -33.86906], [135.0643, -33.79437], [135.00506, -33.74627], [134.91263, -33.68693], [134.88209, -33.65065], [134.84085, -33.63128], [134.85426, -33.62274], [134.84736, -33.60272], [134.86793, -33.54461], [134.86101, -33.47942], [134.82424, -33.393], [134.81398, -33.3528], [134.73072, -33.27337], [134.68605, -33.25009], [134.67672, -33.23353], [134.73072, -33.22552], [134.71925, -33.19264], [134.70623, -33.17295], [134.69321, -33.16416], [134.67018, -33.16179], [134.60776, -33.14365], [134.58155, -33.14593], [134.57065, -33.16041], [134.57439, -33.17685], [134.59083, -33.18467], [134.63037, -33.18549], [134.63844, -33.20582], [134.66234, -33.22551], [134.64405, -33.23113], [134.62827, -33.24666], [134.60483, -33.21266], [134.58937, -33.20208], [134.54176, -33.19296], [134.47755, -33.15732], [134.44606, -33.15398], [134.4021, -33.17245], [134.37795, -33.17782], [134.36964, -33.16082], [134.35914, -33.15399], [134.35402, -33.16074], [134.35221, -33.18816], [134.34619, -33.198], [134.33351, -33.205], [134.27883, -33.16269], [134.27151, -33.14666], [134.26515, -33.10711], [134.23374, -33.0473], [134.22145, -33.0416], [134.19972, -33.03997], [134.17067, -33.04314], [134.16034, -33.04013], [134.14863, -33.02752], [134.16481, -33.01833], [134.1985, -33.01149], [134.20997, -33.00018], [134.21192, -32.98154], [134.20436, -32.96217], [134.19068, -32.94647], [134.17514, -32.93816], [134.16407, -32.93865], [134.14861, -32.95183], [134.12062, -32.93816], [134.08253, -32.93596], [134.06871, -32.92929], [134.05984, -32.91082], [134.0871, -32.88292], [134.12403, -32.85931], [134.13282, -32.83563], [134.12452, -32.8069], [134.10825, -32.77939], [134.0696, -32.73308], [134.0666, -32.72584], [134.07407, -32.71397], [134.21679, -32.72585], [134.20037, -32.74928], [134.19532, -32.7693], [134.19695, -32.79559], [134.19972, -32.80096], [134.21404, -32.80625], [134.22071, -32.80397], [134.23239, -32.76833], [134.24481, -32.75263], [134.2715, -32.73211], [134.29762, -32.67848], [134.29664, -32.66033], [134.27328, -32.58807], [134.25408, -32.5543], [134.22983, -32.5237], [134.14828, -32.45696], [134.11801, -32.45208], [134.08286, -32.47046], [134.05299, -32.45908], [134.03199, -32.4664], [134.00635, -32.49879], [133.99447, -32.50611], [133.95232, -32.49822], [133.9367, -32.50091], [133.91578, -32.51979], [133.90121, -32.54306], [133.8756, -32.54841], [133.86425, -32.54667], [133.85671, -32.5411], [133.8537, -32.52972], [133.86508, -32.50579], [133.85915, -32.45908], [133.8693, -32.43231], [133.88308, -32.41026], [133.89625, -32.3992], [133.9109, -32.42246], [133.92986, -32.42002], [133.94663, -32.40838], [133.94996, -32.38942], [133.90871, -32.34295], [133.89503, -32.31365], [133.84743, -32.27336], [133.82643, -32.24538], [133.81227, -32.24717], [133.78883, -32.26652], [133.77671, -32.26425], [133.7654, -32.24798], [133.76075, -32.21648], [133.71258, -32.20183], [133.69362, -32.19109], [133.69264, -32.16351], [133.6649, -32.15325], [133.66213, -32.14373], [133.68238, -32.12265], [133.67124, -32.11004], [133.64918, -32.10166], [133.60328, -32.09531], [133.58619, -32.10312], [133.57978, -32.14448], [133.57251, -32.1635], [133.56137, -32.17212], [133.55177, -32.17218], [133.49636, -32.1447], [133.49058, -32.13933], [133.48666, -32.11484], [133.47682, -32.11191], [133.45036, -32.12948], [133.41871, -32.13348], [133.41481, -32.14642], [133.41822, -32.15691], [133.45036, -32.16352], [133.47266, -32.17304], [133.49072, -32.18695], [133.49406, -32.19971], [133.47348, -32.20516], [133.4485, -32.19207], [133.43588, -32.19085], [133.42139, -32.20818], [133.41179, -32.21135], [133.35645, -32.20592], [133.30551, -32.19085], [133.27084, -32.21883], [133.24488, -32.2011], [133.19264, -32.18467], [133.16158, -32.19597], [133.1478, -32.1967], [133.13429, -32.17718], [133.05568, -32.10817], [133.03395, -32.0971], [133.01075, -32.09531], [132.9878, -32.11141], [132.97658, -32.10897], [132.96607, -32.07317], [132.93426, -32.06169], [132.86883, -32.01531], [132.84409, -31.99066], [132.79802, -31.95631], [132.77622, -31.95086], [132.65916, -31.94933], [132.58725, -31.93475], [132.56365, -31.93418], [132.51612, -31.94134], [132.47584, -31.95501], [132.46274, -31.96494], [132.45289, -31.98398], [132.45769, -31.99733], [132.48315, -32.02646], [132.47209, -32.03037], [132.4201, -32.01385], [132.3978, -32.01279], [132.37485, -32.01507], [132.32593, -32.03316], [132.27809, -32.03801], [132.23374, -32.03296], [132.1946, -32.01783], [132.16178, -31.99175], [132.10743, -31.93239], [132.07789, -31.90781], [131.92335, -31.82412], [131.78297, -31.7278], [131.5359, -31.60556], [131.34555, -31.53094], [131.1775, -31.47763], [131.13543, -31.47479], [131.0923, -31.49196], [130.99349, -31.55428], [130.83396, -31.60168], [130.79031, -31.60805], [130.69647, -31.60552], [130.5477, -31.58563], [130.31211, -31.58555], [130.26743, -31.57448], [130.15691, -31.57391], [130.07879, -31.59432], [129.94361, -31.58929], [129.75287, -31.6155], [129.53688, -31.62225], [129.45156, -31.64328], [129.36549, -31.64332], [129.308, -31.65475], [129.20045, -31.65643], [129.13835, -31.6775], [129.09311, -31.67742], [128.99, -31.69052], [128.93165, -31.7081], [128.77068, -31.77825], [128.75537, -31.79362], [128.72389, -31.80364], [128.65506, -31.84589], [128.21877, -32.01772], [128.01734, -32.08423], [127.76629, -32.12314], [127.58624, -32.18229], [127.56609, -32.18467], [127.55543, -32.1889], [127.53199, -32.21135], [127.28854, -32.27339], [127.11012, -32.29339], [127.0901, -32.3007], [127.08326, -32.29388], [127.05299, -32.30379], [126.9358, -32.30071], [126.82065, -32.3108], [126.78891, -32.30071], [126.76026, -32.31096], [126.67775, -32.31657], [126.37233, -32.2828], [126.27761, -32.25627], [126.24879, -32.24163], [126.20363, -32.23853], [126.18572, -32.23252], [126.13787, -32.24538], [126.10376, -32.27336], [126.07879, -32.28052], [126.00758, -32.27337], [125.87, -32.33298], [125.53727, -32.54837], [125.33783, -32.60152], [125.09644, -32.71217], [125.00026, -32.73724], [124.9019, -32.83365], [124.83398, -32.86769], [124.70883, -32.90389], [124.35694, -32.95281], [124.31495, -32.96608], [124.25472, -33.01347], [124.20118, -33.03802], [124.16481, -33.06797], [124.11655, -33.12151], [124.09474, -33.15569], [124.08155, -33.19085], [124.06966, -33.25359], [124.04566, -33.2846], [124.00831, -33.35418], [124.00703, -33.37726], [123.97071, -33.47975], [123.9611, -33.54713], [123.95247, -33.56731], [123.89161, -33.58815], [123.86305, -33.61647], [123.86286, -33.62974], [123.8152, -33.65838], [123.75685, -33.71413], [123.73487, -33.75799], [123.73877, -33.79404], [123.72901, -33.80494], [123.64959, -33.84246], [123.62281, -33.87663], [123.58107, -33.87624], [123.56666, -33.88437], [123.52662, -33.93864], [123.51124, -33.93962], [123.49334, -33.93124], [123.45973, -33.90016], [123.38331, -33.89088], [123.3436, -33.9035], [123.31414, -33.9306], [123.2666, -33.9865], [123.23194, -34.00073], [123.21127, -33.99334], [123.19383, -34.00538], [123.15464, -34.00944], [123.147, -34.00212], [123.13282, -33.93906], [123.11362, -33.90447], [123.08497, -33.87835], [123.04689, -33.86297], [123.02312, -33.86061], [122.95411, -33.87282], [122.87712, -33.89714], [122.84083, -33.90373], [122.81764, -33.90445], [122.77662, -33.87664], [122.7356, -33.89087], [122.64828, -33.88942], [122.60743, -33.89479], [122.57456, -33.91082], [122.58422, -33.92393], [122.58301, -33.93694], [122.56031, -33.95915], [122.54086, -33.94118], [122.52182, -33.93109], [122.50196, -33.94548], [122.39015, -33.91579], [122.34986, -33.9153], [122.31227, -33.9249], [122.27963, -33.94549], [122.26775, -33.95924], [122.26401, -33.97096], [122.26611, -34.00384], [122.25782, -34.02205], [122.24025, -34.0162], [122.21762, -33.99334], [122.20729, -33.99749], [122.18726, -34.02067], [122.09506, -34.01914], [122.07359, -34.01441], [122.07359, -34.00702], [122.10279, -33.98016], [122.10581, -33.96404], [122.08238, -33.92718], [122.07423, -33.89153], [122.06739, -33.87664], [122.03957, -33.85613], [122.01564, -33.82537], [122.00571, -33.82073], [121.98145, -33.82878], [121.93702, -33.82879], [121.91375, -33.83856], [121.87899, -33.87], [121.813, -33.89511], [121.79371, -33.89714], [121.77573, -33.89055], [121.74383, -33.86793], [121.69728, -33.85719], [121.67514, -33.85898], [121.64967, -33.87663], [121.62844, -33.87639], [121.60222, -33.84954], [121.53289, -33.81951], [121.49803, -33.82202], [121.33375, -33.8152], [121.27849, -33.83277], [121.22853, -33.83766], [121.16609, -33.86795], [121.13258, -33.85174], [121.09767, -33.84246], [121.03922, -33.85873], [120.9817, -33.86452], [120.97055, -33.87036], [120.94972, -33.86175], [120.92018, -33.85711], [120.86769, -33.85613], [120.79037, -33.88599], [120.76531, -33.88348], [120.74684, -33.89088], [120.56218, -33.893], [120.54518, -33.90594], [120.54272, -33.92815], [120.52735, -33.93677], [120.42295, -33.96982], [120.3943, -33.9738], [120.3816, -33.96258], [120.27858, -33.93865], [120.17897, -33.93125], [120.15846, -33.93499], [120.12257, -33.95036], [120.10044, -33.95231], [120.03907, -33.92506], [120.00221, -33.92604], [119.97023, -33.93865], [119.92847, -33.96281], [119.8589, -33.96795], [119.80616, -33.98496], [119.73047, -34.0485], [119.70264, -34.0634], [119.64064, -34.08522], [119.61313, -34.1032], [119.62337, -34.1111], [119.61817, -34.12004], [119.60621, -34.12753], [119.58204, -34.13372], [119.57203, -34.14202], [119.53867, -34.20928], [119.49708, -34.23903], [119.47495, -34.2859], [119.46949, -34.31341], [119.4699, -34.33603], [119.4839, -34.35858], [119.535, -34.37153], [119.55923, -34.38372], [119.47951, -34.40454], [119.44239, -34.37444], [119.40846, -34.37005], [119.38502, -34.38486], [119.37648, -34.41172], [119.38209, -34.44012], [119.40152, -34.45875], [119.36744, -34.47991], [119.36402, -34.49504], [119.34938, -34.48967], [119.33367, -34.45192], [119.31918, -34.44492], [119.30144, -34.4459], [119.28484, -34.45257], [119.26954, -34.46648], [119.26058, -34.52214], [119.22999, -34.53215], [119.22072, -34.53182], [119.21485, -34.51165], [119.20094, -34.49798], [119.1784, -34.49196], [119.14772, -34.49357], [119.11695, -34.47243], [118.93198, -34.4459], [118.89796, -34.45874], [118.83985, -34.45257], [118.88769, -34.50042], [118.87549, -34.50643], [118.78989, -34.51881], [118.72731, -34.55804], [118.72381, -34.57887], [118.73243, -34.59832], [118.75731, -34.60345], [118.72493, -34.63583], [118.7059, -34.64771], [118.66627, -34.65683], [118.61329, -34.68595], [118.52345, -34.70338], [118.47983, -34.71706], [118.44264, -34.74], [118.38738, -34.82594], [118.38933, -34.84629], [118.40112, -34.87721], [118.39844, -34.90097], [118.3851, -34.90837], [118.34262, -34.90504], [118.26442, -34.91131], [118.24448, -34.91676], [118.2024, -34.93921], [118.16082, -34.94549], [118.15887, -34.95664], [118.1814, -34.96592], [118.19269, -34.98329], [118.201, -35.00238], [118.19938, -35.01677], [118.18116, -35.02108], [118.11988, -34.98707], [118.11305, -34.99381], [118.10621, -34.98707], [118.0267, -35.01392], [117.97902, -35.0075], [117.94484, -35.01489], [117.92058, -35.0075], [117.90755, -35.02116], [117.84929, -35.02557], [117.83546, -35.03143], [117.83204, -35.04583], [117.86004, -35.07138], [117.89772, -35.08148], [117.90138, -35.07269], [117.89325, -35.04657], [117.90138, -35.04169], [117.91764, -35.04706], [117.93483, -35.08131], [117.952, -35.08953], [117.98862, -35.08474], [118.00146, -35.08816], [117.99634, -35.10368], [117.98276, -35.09954], [117.94857, -35.11735], [117.93287, -35.12036], [117.89047, -35.11736], [117.86037, -35.10881], [117.80982, -35.07138], [117.74724, -35.05136], [117.68434, -35.04632], [117.66733, -35.04909], [117.64129, -35.06129], [117.6268, -35.08025], [117.61963, -35.13786], [117.58905, -35.12557], [117.53858, -35.09222], [117.45998, -35.0761], [117.3899, -35.03826], [117.34059, -35.01784], [117.3322, -35.01816], [117.32398, -35.03296], [117.30495, -35.0302], [117.26694, -35.01491], [117.23959, -35.01482], [117.2234, -35.02075], [117.19166, -35.0075], [117.17164, -35.01328], [117.15895, -35.02744], [117.14039, -35.06274], [117.10678, -35.03834], [117.04038, -35.02117], [117.00245, -35.02897], [116.9817, -35.01849], [116.94996, -35.01344], [116.93776, -35.01816], [116.89958, -35.05038], [116.8777, -35.05485], [116.84499, -35.04907], [116.79086, -35.02117], [116.73634, -35.0075], [116.72804, -35.01767], [116.72884, -35.028], [116.65838, -35.02801], [116.63786, -35.05021], [116.61769, -35.04306], [116.58481, -35.02117], [116.53159, -35.01474], [116.50318, -34.99993], [116.4651, -35.00065], [116.43474, -34.9734], [116.39504, -34.94947], [116.37527, -34.93271], [116.38299, -34.92498], [116.48829, -34.94573], [116.49773, -34.94622], [116.50367, -34.93922], [116.5005, -34.92889], [116.48943, -34.92002], [116.44224, -34.90552], [116.41383, -34.87615], [116.38754, -34.85752], [116.37257, -34.86354], [116.39892, -34.9039], [116.37615, -34.91741], [116.33082, -34.91268], [116.24838, -34.87754], [116.0962, -34.83864], [116.01979, -34.82936], [115.97853, -34.83562], [115.97392, -34.83002], [115.98162, -34.80145], [115.97242, -34.78297], [115.94656, -34.7575], [115.9336, -34.72259], [115.91578, -34.70192], [115.74545, -34.54022], [115.61232, -34.4459], [115.57065, -34.42474], [115.52639, -34.4148], [115.50815, -34.38698], [115.48904, -34.38199], [115.33473, -34.31422], [115.29078, -34.30185], [115.26287, -34.29852], [115.18377, -34.30185], [115.16489, -34.31024], [115.13753, -34.34986], [115.11883, -34.36336], [115.10841, -34.34433], [115.01784, -34.26213], [115.01052, -34.24525], [115.00994, -34.16318], [114.97105, -34.08269], [114.97267, -33.92278], [114.96121, -33.85955], [114.98854, -33.78102], [114.97146, -33.75627], [114.95908, -33.72014], [114.95681, -33.68231], [114.97105, -33.65391], [114.9979, -33.63104], [115.00392, -33.61696], [114.98855, -33.5211], [115.00269, -33.5211], [115.04566, -33.53721], [115.09067, -33.59295], [115.11883, -33.61647], [115.19467, -33.64463], [115.23707, -33.65114], [115.28272, -33.65065], [115.3672, -33.63128], [115.40602, -33.61468], [115.43409, -33.59547], [115.5171, -33.51238], [115.57553, -33.42669], [115.60483, -33.36956], [115.626, -33.30804], [115.63698, -33.29926], [115.67709, -33.30804], [115.70167, -33.29713], [115.71013, -33.27068], [115.70484, -33.19248], [115.69793, -33.19313], [115.69109, -33.20485], [115.67373, -33.28748], [115.66685, -33.28768], [115.67457, -33.025], [115.66, -32.93816], [115.62465, -32.81154], [115.60094, -32.66172], [115.61233, -32.62282], [115.62966, -32.59238], [115.6758, -32.53493], [115.70093, -32.51297], [115.69336, -32.55266], [115.6399, -32.60857], [115.63966, -32.65691], [115.66798, -32.73065], [115.69109, -32.7706], [115.71412, -32.78045], [115.72299, -32.76377], [115.71713, -32.74163], [115.69793, -32.70322], [115.68378, -32.69019], [115.67368, -32.64275], [115.65887, -32.62852], [115.66684, -32.62283], [115.67676, -32.62283], [115.70444, -32.63649], [115.74871, -32.6373], [115.76287, -32.6277], [115.7693, -32.60231], [115.76295, -32.57903], [115.72927, -32.56609], [115.71453, -32.53704], [115.71412, -32.52662], [115.73512, -32.49245], [115.74545, -32.45566], [115.74562, -32.41872], [115.73365, -32.38795], [115.70787, -32.36956], [115.73194, -32.34588], [115.73585, -32.33319], [115.72779, -32.31504], [115.71437, -32.30299], [115.68679, -32.29021], [115.6737, -32.27338], [115.71974, -32.27321], [115.73585, -32.26442], [115.75685, -32.18564], [115.75563, -32.16351], [115.73513, -32.12949], [115.74269, -32.10231], [115.72932, -32.07444], [115.72782, -32.05492], [115.74366, -31.92783], [115.72153, -31.77264], [115.70094, -31.69118], [115.68035, -31.64861], [115.60484, -31.54656], [115.55063, -31.43475], [115.45461, -31.30348], [115.38307, -31.13388], [115.313, -30.99082], [115.23854, -30.87868], [115.18093, -30.82724], [115.16196, -30.74212], [115.10795, -30.64564], [115.15548, -30.60586], [115.1888, -30.58466], [115.26091, -30.55147], [115.34222, -30.53004], [115.34801, -30.5205], [115.3015, -30.31674], [115.22613, -30.07928], [115.21721, -30.07613], [115.15201, -30.08898], [115.0713, -30.09199], [114.99105, -30.08137], [114.94753, -30.06682], [114.94265, -30.03102], [114.96746, -29.90244], [114.96559, -29.88063], [114.94759, -29.8303], [114.9407, -29.7438], [114.9461, -29.65789], [114.9817, -29.50172], [114.97877, -29.47991], [114.95391, -29.42963], [114.94002, -29.38767], [114.9297, -29.32781], [114.91237, -29.29208], [114.89625, -29.23366], [114.84246, -29.10858], [114.83204, -29.09206], [114.65261, -28.91236], [114.6039, -28.83878], [114.59278, -28.79778], [114.5775, -28.78509], [114.59555, -28.7483], [114.59783, -28.70184], [114.58985, -28.65586], [114.5311, -28.52239], [114.50864, -28.4909], [114.42287, -28.40097], [114.36932, -28.32285], [114.35694, -28.29258], [114.31007, -28.23016], [114.26051, -28.20525], [114.24515, -28.19269], [114.172, -28.11318], [114.18893, -28.08924], [114.1878, -28.08025], [114.14835, -28.06722], [114.14389, -28.01865], [114.10592, -27.90382], [114.09792, -27.86273], [114.09718, -27.81969], [114.12771, -27.73016], [114.14234, -27.70916], [114.14389, -27.68776], [114.07447, -27.4472], [114.01254, -27.31536], [113.76442, -26.91814], [113.65464, -26.77574], [113.59058, -26.67565], [113.3125, -26.41579], [113.2978, -26.39729], [113.29787, -26.37466], [113.292, -26.35335], [113.29949, -26.33872], [113.28467, -26.31872], [113.24467, -26.2401], [113.21302, -26.21489], [113.15699, -26.15192], [113.1615, -26.13997], [113.21022, -26.17449], [113.25824, -26.18557], [113.26413, -26.21087], [113.27597, -26.23486], [113.29261, -26.13108], [113.28537, -26.05625], [113.29132, -26.02457], [113.30622, -25.99669], [113.32091, -26.12192], [113.32962, -26.2348], [113.328, -26.2749], [113.33534, -26.31084], [113.36201, -26.35745], [113.3679, -26.37874], [113.38427, -26.38276], [113.37543, -26.35081], [113.35622, -26.30827], [113.35332, -26.27515], [113.36384, -26.2284], [113.37725, -26.2098], [113.3804, -26.09938], [113.35671, -26.04208], [113.36268, -26.01284], [113.38786, -26.06081], [113.39664, -26.17658], [113.41302, -26.15534], [113.45162, -26.15939], [113.45009, -26.20061], [113.45897, -26.2219], [113.46191, -26.24983], [113.47376, -26.26314], [113.49596, -26.32698], [113.50332, -26.37619], [113.48988, -26.40013], [113.49279, -26.43472], [113.47932, -26.47329], [113.48676, -26.47994], [113.50762, -26.4693], [113.50772, -26.41077], [113.52565, -26.35492], [113.50936, -26.31236], [113.51388, -26.27382], [113.53021, -26.26719], [113.54365, -26.28737], [113.56131, -26.35226], [113.55238, -26.38417], [113.56714, -26.44535], [113.55674, -26.4706], [113.5671, -26.49056], [113.56551, -26.56508], [113.58183, -26.56511], [113.59376, -26.55312], [113.59829, -26.51851], [113.62361, -26.48789], [113.61773, -26.44666], [113.62514, -26.44001], [113.64443, -26.48144], [113.64287, -26.54907], [113.63393, -26.57304], [113.63837, -26.58768], [113.62875, -26.59808], [113.64432, -26.60233], [113.66217, -26.60099], [113.67108, -26.63558], [113.66959, -26.65289], [113.68629, -26.65423], [113.68747, -26.63156], [113.69493, -26.61425], [113.76038, -26.59551], [113.77227, -26.58752], [113.78045, -26.60125], [113.81243, -26.59942], [113.81389, -26.56349], [113.8525, -26.54477], [113.88657, -26.49284], [113.88948, -26.46492], [113.88346, -26.4224], [113.87304, -26.39849], [113.88337, -26.37854], [113.88477, -26.34267], [113.86841, -26.3188], [113.78175, -26.24139], [113.74924, -26.23851], [113.68415, -26.2216], [113.67997, -26.18383], [113.64888, -26.13939], [113.61108, -26.09648], [113.57725, -26.08933], [113.56737, -26.0366], [113.57635, -26.0089], [113.56244, -25.99996], [113.55358, -25.97247], [113.55755, -25.94099], [113.51878, -25.91953], [113.52377, -25.89185], [113.51187, -25.85342], [113.47412, -25.81763], [113.46817, -25.80511], [113.46916, -25.79171], [113.4208, -25.72821], [113.41358, -25.70225], [113.42266, -25.65467], [113.46447, -25.57302], [113.48987, -25.54527], [113.50256, -25.51422], [113.51524, -25.50935], [113.52438, -25.57806], [113.5208, -25.60096], [113.53289, -25.61826], [113.55591, -25.61957], [113.56251, -25.63152], [113.58433, -25.63212], [113.60798, -25.70402], [113.63103, -25.73626], [113.66063, -25.74977], [113.67518, -25.78079], [113.70094, -25.79176], [113.72782, -25.79545], [113.71698, -25.84607], [113.72234, -25.86663], [113.72731, -25.87282], [113.75694, -25.88522], [113.76053, -25.90498], [113.75336, -25.92111], [113.73522, -25.93582], [113.73888, -25.98477], [113.71891, -26.03212], [113.72254, -26.04844], [113.71528, -26.07783], [113.71345, -26.12191], [113.70436, -26.14805], [113.728, -26.18069], [113.728, -26.19704], [113.7626, -26.19698], [113.76625, -26.21003], [113.79539, -26.20671], [113.84807, -26.12171], [113.868, -26.07924], [113.87884, -26.04332], [113.85283, -25.9711], [113.85451, -25.94428], [113.8855, -25.95176], [113.90957, -25.97638], [113.90243, -26.03185], [113.91162, -26.08894], [113.90602, -26.11932], [113.9281, -26.13787], [113.94807, -26.13947], [113.93547, -26.19172], [113.94283, -26.22764], [113.95563, -26.26028], [113.96998, -26.33172], [114.02153, -26.39089], [114.06908, -26.43656], [114.08554, -26.44795], [114.10378, -26.44788], [114.14375, -26.41339], [114.15643, -26.39374], [114.20736, -26.37554], [114.21632, -26.34445], [114.23437, -26.31658], [114.20488, -26.24644], [114.19191, -26.19586], [114.21723, -26.10584], [114.22682, -26.0888], [114.22755, -26.06463], [114.19175, -26.004], [114.18655, -25.97894], [114.19077, -25.97089], [114.21957, -25.99676], [114.26856, -25.98952], [114.26026, -25.97112], [114.23749, -25.94964], [114.23423, -25.92742], [114.26319, -25.86224], [114.25856, -25.84189], [114.24269, -25.82887], [114.19313, -25.80218], [114.15529, -25.78972], [114.14487, -25.75701], [114.13202, -25.74993], [114.13648, -25.73333], [114.12916, -25.71526], [114.11549, -25.70078], [114.1006, -25.69475], [114.09303, -25.67165], [114.04934, -25.6469], [114.01564, -25.56959], [113.95186, -25.48943], [113.92852, -25.45], [113.86218, -25.3029], [113.85328, -25.26393], [113.81667, -25.20875], [113.80242, -25.17181], [113.74732, -25.13665], [113.71307, -25.12493], [113.69204, -25.10507], [113.67792, -25.08163], [113.66944, -25.04754], [113.65529, -25.02613], [113.64572, -24.99283], [113.64732, -24.97731], [113.66521, -24.95485], [113.66676, -24.93377], [113.65821, -24.91204], [113.63966, -24.89617], [113.61062, -24.89275], [113.60517, -24.8305], [113.62094, -24.79583], [113.61866, -24.77044], [113.60434, -24.72829], [113.54249, -24.64349], [113.43947, -24.53281], [113.41677, -24.49765], [113.39908, -24.45212], [113.45767, -24.39017], [113.5197, -24.34813], [113.58924, -24.31801], [113.6635, -24.30074], [113.72312, -24.29671], [113.7309, -24.28874], [113.75705, -24.01865], [113.75055, -24.01402], [113.68896, -24.0027], [113.61746, -23.97651], [113.55297, -23.9382], [113.48776, -23.87707], [113.50213, -23.8528], [113.52639, -23.76475], [113.53835, -23.74848], [113.55934, -23.74196], [113.60435, -23.6247], [113.6277, -23.61191], [113.63625, -23.59686], [113.68214, -23.57968], [113.69997, -23.54958], [113.73756, -23.52703], [113.74985, -23.51165], [113.75464, -23.48486], [113.76881, -23.4577], [113.77102, -23.38958], [113.78248, -23.32708], [113.76881, -23.24114], [113.74832, -23.16229], [113.75832, -23.11884], [113.78932, -23.0971], [113.80502, -23.07513], [113.81153, -23.05136], [113.80738, -22.9306], [113.80177, -22.89983], [113.77541, -22.85247], [113.75978, -22.78875], [113.71363, -22.74147], [113.69068, -22.73065], [113.65896, -22.72779], [113.67164, -22.6902], [113.67213, -22.66871], [113.65957, -22.64099], [113.65895, -22.60711], [113.64667, -22.57773], [113.65212, -22.56268], [113.66104, -22.5533], [113.69313, -22.53541], [113.71681, -22.49213], [113.73146, -22.47959], [113.74775, -22.40155], [113.75881, -22.38243], [113.80397, -22.33082], [113.88551, -22.11093], [113.89797, -22.04925], [113.92311, -22.01312], [113.94718, -21.95236], [114.01134, -21.86016], [114.03583, -21.83783], [114.06737, -21.81894], [114.12778, -21.80429], [114.15919, -21.79194], [114.1722, -21.803], [114.17602, -21.8222], [114.15252, -21.84637], [114.1277, -21.92278], [114.09648, -22.10617], [114.08302, -22.14072], [114.07748, -22.17547], [114.12084, -22.26022], [114.12431, -22.2751], [114.11134, -22.31211], [114.10971, -22.33099], [114.12436, -22.33668], [114.14748, -22.29454], [114.16602, -22.30267], [114.17139, -22.31748], [114.17041, -22.33847], [114.16382, -22.35555], [114.15187, -22.358], [114.11769, -22.39886], [114.12573, -22.43816], [114.11085, -22.47772], [114.12241, -22.50416], [114.14812, -22.52142], [114.1797, -22.52174], [114.1963, -22.50775], [114.22194, -22.46796], [114.25172, -22.45965], [114.28663, -22.4433], [114.29981, -22.44981], [114.31984, -22.48756], [114.33741, -22.49383], [114.35694, -22.48602], [114.36704, -22.47828], [114.37374, -22.43439], [114.38356, -22.41424], [114.39188, -22.35826], [114.4098, -22.32236], [114.52657, -22.44992], [114.5472, -22.47992], [114.573, -22.53093], [114.58651, -22.53268], [114.87113, -22.28891], [115.25553, -21.94233], [115.59596, -21.62138], [115.59645, -21.61091], [115.5549, -21.56664], [115.53383, -21.53692], [115.49834, -21.46177], [115.53647, -21.42441], [115.60252, -21.34376], [115.62585, -21.32208], [115.66229, -21.29804], [115.80616, -21.23545], [115.8187, -21.22576], [115.83043, -21.19086], [115.85906, -21.15496], [115.87762, -21.11517], [115.90531, -21.08481], [115.93671, -21.05903], [116.05641, -21.01084], [116.08522, -20.99359], [116.12127, -20.98642], [116.15154, -20.96999], [116.17408, -20.94305], [116.18767, -20.90423], [116.18931, -20.85882], [116.19631, -20.84687], [116.2186, -20.84288], [116.26588, -20.86256], [116.2894, -20.86321], [116.3086, -20.85556], [116.33433, -20.83319], [116.34774, -20.82863], [116.43474, -20.82236], [116.45151, -20.81471], [116.5062, -20.78086], [116.51352, -20.77321], [116.52053, -20.75116], [116.53004, -20.74685], [116.55079, -20.74725], [116.58709, -20.73528], [116.69939, -20.65936], [116.74318, -20.61688], [116.78037, -20.55955], [116.81376, -20.57754], [116.81079, -20.61004], [116.78875, -20.63372], [116.78419, -20.64479], [116.78728, -20.66424], [116.83595, -20.70428], [116.85548, -20.71209], [116.87965, -20.71307], [116.9348, -20.69272], [116.95307, -20.72399], [116.97888, -20.78948], [116.98666, -20.82428], [116.99105, -20.88094], [116.99768, -20.88773], [117.28755, -20.91617], [117.42273, -20.92522], [117.55837, -20.92745], [117.69629, -20.91988], [117.94734, -20.88002], [118.19715, -20.81439], [118.4436, -20.73126], [118.93534, -20.54114], [119.18184, -20.44949], [119.43012, -20.37011], [119.68134, -20.31049], [119.93002, -20.25807], [120.16166, -20.19622], [120.38011, -20.12246], [120.58811, -20.03433], [120.78607, -19.93068], [120.88658, -19.86689], [120.88996, -19.85594], [120.85297, -19.79905], [120.83791, -19.76624], [120.81787, -19.6918], [120.95436, -19.63372], [121.12827, -19.52068], [121.16603, -19.48456], [121.19353, -19.47243], [121.31153, -19.3541], [121.41619, -19.22161], [121.51938, -19.06959], [121.53849, -19.01724], [121.62505, -19.04109], [121.70436, -19.08503], [121.71473, -19.08377], [121.87791, -18.8896], [121.95633, -18.80519], [122.19021, -18.5839], [122.18809, -18.57396], [122.13971, -18.5396], [122.08912, -18.4878], [122.05027, -18.42806], [122.02924, -18.37694], [122.0442, -18.36053], [122.05308, -18.33148], [122.06227, -18.32001], [122.12208, -18.29363], [122.1421, -18.27947], [122.15805, -18.26344], [122.18344, -18.22538], [122.19711, -18.23895], [122.2204, -18.19721], [122.25066, -18.18678], [122.32398, -18.15057], [122.34702, -18.12119], [122.36305, -18.08799], [122.36915, -18.0639], [122.36769, -18.02614], [122.36069, -18.00018], [122.34409, -17.98301], [122.28346, -17.96429], [122.24855, -17.96087], [122.21705, -17.96966], [122.19711, -17.99878], [122.19117, -17.99879], [122.18238, -17.9865], [122.16979, -17.97828], [122.19614, -17.94541], [122.20786, -17.91131], [122.20729, -17.87322], [122.19338, -17.80584], [122.19712, -17.74245], [122.20541, -17.71087], [122.17727, -17.66301], [122.16977, -17.62884], [122.15639, -17.59811], [122.20227, -17.56358], [122.23395, -17.54576], [122.30204, -17.51947], [122.37473, -17.50636], [122.46672, -17.50791], [122.51078, -17.40849], [122.50727, -17.40076], [122.45743, -17.37159], [122.42832, -17.34906], [122.37856, -17.29737], [122.35748, -17.26776], [122.33975, -17.2367], [122.31429, -17.17085], [122.30658, -17.13584], [122.30211, -17.06712], [122.41261, -16.97289], [122.451, -16.95047], [122.44451, -16.96893], [122.45086, -16.98162], [122.46412, -16.98382], [122.47828, -16.97096], [122.48162, -16.94996], [122.47313, -16.92012], [122.48829, -16.91572], [122.50611, -16.91962], [122.52955, -16.95387], [122.54298, -16.96087], [122.59498, -16.97096], [122.58204, -16.95623], [122.56031, -16.90944], [122.53046, -16.87395], [122.52614, -16.86175], [122.52753, -16.85028], [122.5403, -16.83442], [122.54615, -16.83904], [122.55104, -16.8375], [122.55358, -16.81372], [122.57045, -16.78866], [122.58237, -16.77956], [122.60124, -16.77224], [122.61443, -16.79607], [122.64283, -16.80023], [122.66478, -16.78846], [122.70428, -16.78672], [122.74049, -16.76134], [122.7588, -16.75873], [122.82097, -16.77972], [122.7632, -16.73007], [122.74612, -16.70289], [122.74514, -16.66986], [122.75709, -16.64658], [122.76247, -16.59418], [122.78417, -16.56576], [122.79713, -16.56017], [122.83741, -16.56162], [122.84889, -16.55315], [122.87046, -16.51679], [122.8864, -16.5123], [122.9162, -16.41596], [122.93824, -16.41611], [123.0066, -16.37446], [123.02026, -16.38259], [123.01811, -16.39589], [122.99838, -16.42295], [123.04151, -16.44111], [123.05835, -16.45355], [123.05371, -16.47063], [123.04078, -16.47811], [123.00262, -16.47064], [122.99, -16.4734], [122.98487, -16.48105], [122.97788, -16.50547], [122.9904, -16.52923], [122.95981, -16.58034], [122.97168, -16.59418], [122.98072, -16.62542], [122.98878, -16.629], [123.021, -16.61436], [123.02637, -16.62559], [123.03077, -16.6762], [123.04282, -16.69248], [123.06739, -16.68354], [123.08188, -16.70322], [123.10206, -16.71209], [123.11256, -16.70973], [123.12575, -16.68695], [123.13216, -16.6863], [123.13107, -16.71081], [123.12574, -16.72112], [123.10084, -16.73235], [123.09457, -16.7457], [123.09449, -16.7693], [123.10646, -16.78639], [123.15096, -16.80792], [123.15771, -16.84361], [123.14356, -16.89235], [123.14332, -16.91375], [123.16017, -16.92311], [123.18376, -16.92898], [123.19825, -16.94313], [123.21811, -16.97772], [123.26042, -17.01475], [123.2666, -17.02939], [123.27174, -17.08563], [123.28028, -17.10125], [123.33374, -17.16237], [123.35076, -17.20469], [123.36816, -17.22845], [123.37939, -17.25482], [123.36964, -17.27947], [123.38795, -17.31561], [123.39967, -17.32928], [123.43441, -17.34442], [123.45777, -17.38437], [123.50146, -17.42979], [123.51173, -17.47186], [123.55404, -17.51918], [123.56035, -17.53643], [123.56764, -17.5914], [123.57081, -17.59515], [123.57789, -17.59051], [123.58814, -17.57057], [123.58766, -17.51507], [123.56081, -17.44736], [123.56761, -17.36221], [123.59498, -17.31357], [123.59442, -17.27874], [123.60768, -17.25067], [123.61281, -17.21576], [123.62965, -17.20258], [123.64332, -17.20371], [123.6443, -17.18475], [123.63966, -17.17278], [123.6227, -17.15577], [123.57961, -17.094], [123.57451, -17.0427], [123.57766, -17.02549], [123.59499, -16.98514], [123.60613, -16.99635], [123.63592, -16.9914], [123.65601, -16.99579], [123.66732, -17.00867], [123.68019, -17.06032], [123.69801, -17.04666], [123.73324, -17.06599], [123.75147, -17.08262], [123.77125, -17.12607], [123.78891, -17.14072], [123.82154, -17.15595], [123.86085, -17.21038], [123.87973, -17.21795], [123.91334, -17.21559], [123.91774, -17.20745], [123.91407, -17.19899], [123.88299, -17.19068], [123.85365, -17.16305], [123.8371, -17.13242], [123.81471, -17.05348], [123.79885, -17.01978], [123.79462, -17.0001], [123.80446, -16.9914], [123.81741, -16.99611], [123.86305, -17.02557], [123.86964, -17.00465], [123.84302, -16.97906], [123.83523, -16.96071], [123.84156, -16.94674], [123.87013, -16.9236], [123.88381, -16.89691], [123.93751, -16.86785], [123.9485, -16.85052], [123.9533, -16.82855], [123.94858, -16.80926], [123.93141, -16.80023], [123.92358, -16.83879], [123.90259, -16.85897], [123.83547, -16.88144], [123.79249, -16.89071], [123.76797, -16.87831], [123.73257, -16.81361], [123.71681, -16.75742], [123.70826, -16.74188], [123.69313, -16.72991], [123.6435, -16.70415], [123.61158, -16.67376], [123.59555, -16.6653], [123.50995, -16.6539], [123.51295, -16.64202], [123.52931, -16.63242], [123.5525, -16.62624], [123.56617, -16.61598], [123.55398, -16.59418], [123.59506, -16.57488], [123.60914, -16.5639], [123.60922, -16.54632], [123.59645, -16.5359], [123.55519, -16.53972], [123.53346, -16.53216], [123.54574, -16.56268], [123.54346, -16.56698], [123.5123, -16.56658], [123.49855, -16.56194], [123.48805, -16.54388], [123.45852, -16.52597], [123.42759, -16.49976], [123.42418, -16.49116], [123.48268, -16.50547], [123.49252, -16.50026], [123.46586, -16.46382], [123.48951, -16.46894], [123.52426, -16.49847], [123.54347, -16.50547], [123.61842, -16.52996], [123.64332, -16.52597], [123.6351, -16.5154], [123.58816, -16.50547], [123.60744, -16.49408], [123.65406, -16.48447], [123.53875, -16.42645], [123.50612, -16.4161], [123.50612, -16.40799], [123.53785, -16.41465], [123.54933, -16.41188], [123.55397, -16.39562], [123.64845, -16.42783], [123.71168, -16.42978], [123.67555, -16.3991], [123.65187, -16.3925], [123.63251, -16.37135], [123.63161, -16.36468], [123.65162, -16.3603], [123.68133, -16.37624], [123.71168, -16.38128], [123.71656, -16.35866], [123.71168, -16.33359], [123.65797, -16.32772], [123.64959, -16.32333], [123.63697, -16.30535], [123.61915, -16.29314], [123.60336, -16.29974], [123.60287, -16.30413], [123.61588, -16.30853], [123.6102, -16.31813], [123.60182, -16.31992], [123.59409, -16.31682], [123.58131, -16.29998], [123.54756, -16.27768], [123.53972, -16.26523], [123.56715, -16.26092], [123.57643, -16.24245], [123.57065, -16.22186], [123.55398, -16.21062], [123.56374, -16.18532], [123.58131, -16.16962], [123.59669, -16.17881], [123.60336, -16.17555], [123.595, -16.15595], [123.69093, -16.14871], [123.71909, -16.15594], [123.72413, -16.13633], [123.73259, -16.14105], [123.74952, -16.16277], [123.77369, -16.16277], [123.78582, -16.18043], [123.80671, -16.19095], [123.80932, -16.19891], [123.80445, -16.20744], [123.79629, -16.20872], [123.77426, -16.20192], [123.76686, -16.20436], [123.7693, -16.21657], [123.78785, -16.22536], [123.82836, -16.23114], [123.81348, -16.24602], [123.73268, -16.25897], [123.80348, -16.3082], [123.82838, -16.31992], [123.86263, -16.32733], [123.86933, -16.34064], [123.87061, -16.35662], [123.86605, -16.36809], [123.85809, -16.37077], [123.84881, -16.36077], [123.83522, -16.36826], [123.85328, -16.41595], [123.86305, -16.42978], [123.86932, -16.41612], [123.87649, -16.41611], [123.88966, -16.42978], [123.8947, -16.40976], [123.89138, -16.36981], [123.89723, -16.35394], [123.89187, -16.33881], [123.90675, -16.33865], [123.94486, -16.35383], [123.98463, -16.3847], [123.99285, -16.37786], [123.95779, -16.32089], [123.95144, -16.29364], [123.98601, -16.28631], [123.98601, -16.2789], [123.94266, -16.25305], [123.91092, -16.21748], [123.93287, -16.22178], [123.97218, -16.24041], [124.0291, -16.24922], [124.03785, -16.26344], [124.06853, -16.25898], [124.12623, -16.27224], [124.16716, -16.29698], [124.19939, -16.3751], [124.20997, -16.38958], [124.22267, -16.3956], [124.30063, -16.40245], [124.3322, -16.41009], [124.34213, -16.40797], [124.36647, -16.36452], [124.38608, -16.35118], [124.40015, -16.35313], [124.42482, -16.37444], [124.44923, -16.38698], [124.47364, -16.39332], [124.59246, -16.4013], [124.6233, -16.4], [124.65015, -16.38813], [124.65748, -16.3956], [124.68133, -16.38698], [124.72556, -16.38252], [124.76873, -16.38535], [124.78785, -16.39903], [124.80372, -16.41823], [124.83969, -16.42571], [124.87892, -16.42067], [124.90398, -16.40244], [124.88404, -16.39918], [124.84083, -16.40519], [124.80942, -16.38763], [124.75318, -16.37444], [124.69728, -16.34442], [124.5962, -16.32659], [124.57325, -16.32586], [124.49928, -16.33571], [124.47633, -16.34782], [124.4568, -16.33327], [124.44459, -16.34042], [124.42872, -16.3405], [124.41326, -16.33814], [124.40155, -16.32927], [124.39479, -16.29925], [124.38332, -16.28265], [124.39682, -16.23854], [124.37844, -16.21494], [124.39186, -16.18817], [124.39455, -16.16661], [124.41822, -16.16058], [124.42555, -16.15358], [124.4297, -16.14186], [124.43435, -16.0578], [124.44313, -16.05186], [124.45403, -16.05265], [124.46582, -16.06049], [124.47241, -16.0735], [124.47267, -16.115], [124.49984, -16.14227], [124.52036, -16.17645], [124.54692, -16.12795], [124.56967, -16.10997], [124.5962, -16.115], [124.59003, -16.09417], [124.58937, -16.02508], [124.58376, -15.98887], [124.59116, -15.97732], [124.61598, -15.97723], [124.60766, -15.95737], [124.60972, -15.8987], [124.61989, -15.88194], [124.64259, -15.86566], [124.66586, -15.86152], [124.67799, -15.88104], [124.68425, -15.88104], [124.70864, -15.82093], [124.73268, -15.80657], [124.67888, -15.79168], [124.63168, -15.7942], [124.60971, -15.80657], [124.58667, -15.84783], [124.55844, -15.87493], [124.51514, -15.97014], [124.48635, -15.99828], [124.48366, -15.98553], [124.49318, -15.95045], [124.48943, -15.94069], [124.4756, -15.92734], [124.46949, -15.89593], [124.45045, -15.84319], [124.43849, -15.82635], [124.43873, -15.8497], [124.43409, -15.85563], [124.42482, -15.85426], [124.40432, -15.87475], [124.39918, -15.80478], [124.3845, -15.77117], [124.38153, -15.74847], [124.38515, -15.7368], [124.48121, -15.57422], [124.5469, -15.48774], [124.57814, -15.50693], [124.61769, -15.50953], [124.62965, -15.50498], [124.62966, -15.43255], [124.63461, -15.41904], [124.64015, -15.41595], [124.64673, -15.41889], [124.64941, -15.42685], [124.64332, -15.45713], [124.65406, -15.47235], [124.66863, -15.47845], [124.68263, -15.47389], [124.69174, -15.45713], [124.67287, -15.44264], [124.67262, -15.41845], [124.68336, -15.39253], [124.69802, -15.37396], [124.73268, -15.35752], [124.72804, -15.34759], [124.70852, -15.34563], [124.70533, -15.33294], [124.681, -15.34978], [124.66969, -15.3523], [124.66773, -15.34815], [124.73869, -15.28035], [124.7566, -15.28526], [124.76147, -15.29217], [124.73951, -15.33294], [124.74586, -15.33538], [124.79786, -15.29193], [124.8156, -15.30983], [124.83545, -15.31805], [124.8348, -15.32976], [124.82203, -15.3541], [124.88347, -15.34728], [124.90553, -15.35166], [124.92041, -15.36102], [124.95753, -15.40683], [124.97624, -15.41026], [124.99333, -15.4223], [124.99316, -15.43808], [124.97625, -15.46917], [124.97975, -15.47763], [124.99171, -15.47812], [125.0178, -15.46338], [125.02759, -15.46674], [125.02442, -15.48406], [125.0276, -15.49114], [125.04982, -15.49822], [125.05357, -15.46559], [125.06193, -15.44969], [125.08659, -15.45478], [125.15797, -15.50514], [125.18523, -15.51784], [125.17237, -15.50237], [125.07253, -15.41887], [125.08962, -15.34727], [125.11305, -15.32928], [125.1443, -15.31927], [125.1443, -15.31308], [125.12762, -15.31373], [125.11444, -15.30868], [125.09645, -15.28525], [125.0905, -15.3051], [125.07315, -15.30447], [125.0381, -15.28143], [125.02662, -15.28395], [124.98438, -15.31218], [124.95151, -15.32301], [124.92888, -15.33814], [124.91772, -15.33977], [124.90649, -15.33298], [124.89715, -15.29941], [124.88527, -15.2968], [124.88747, -15.27549], [124.92465, -15.24717], [124.91775, -15.2374], [124.92465, -15.22926], [124.97056, -15.20779], [124.97681, -15.20779], [124.98992, -15.21999], [125.00652, -15.22129], [125.02573, -15.20371], [125.05543, -15.16229], [125.01384, -15.14861], [125.00358, -15.18205], [124.98635, -15.17847], [124.97975, -15.16229], [124.96265, -15.19019], [124.9319, -15.20322], [124.86989, -15.2504], [124.87013, -15.23382], [124.87672, -15.22373], [124.86988, -15.21624], [124.86305, -15.22991], [124.85622, -15.2299], [124.85622, -15.19508], [124.85989, -15.18622], [124.86609, -15.17753], [124.95295, -15.11616], [124.97291, -15.13494], [124.99709, -15.09792], [125.01303, -15.08466], [125.02125, -15.10027], [125.03151, -15.06162], [125.02784, -15.04095], [125.01044, -15.03191], [125.01197, -15.00514], [125.00807, -14.98455], [125.00019, -14.9704], [125.02336, -14.97662], [125.04176, -14.99098], [125.0598, -14.97228], [125.07227, -14.96853], [125.08203, -14.97666], [125.08317, -14.99325], [125.06324, -15.0136], [125.0617, -15.03192], [125.06909, -15.02509], [125.07594, -15.05983], [125.08741, -15.0512], [125.09841, -15.02908], [125.11003, -15.02509], [125.1237, -15.03876], [125.12614, -15.04949], [125.11687, -15.06951], [125.13404, -15.11444], [125.16529, -15.16229], [125.17156, -15.15602], [125.16627, -15.14186], [125.17612, -15.11631], [125.15887, -15.06276], [125.14797, -15.04485], [125.14577, -15.02801], [125.16528, -15.01143], [125.16505, -15.032], [125.17262, -15.04453], [125.21558, -15.05756], [125.22975, -15.07269], [125.24659, -15.06611], [125.24985, -15.07822], [125.28076, -15.1076], [125.27394, -15.12811], [125.28826, -15.14056], [125.3108, -15.15065], [125.32879, -15.15276], [125.32912, -15.14122], [125.35689, -15.13653], [125.41993, -15.14935], [125.43214, -15.13795], [125.43068, -15.12054], [125.42514, -15.11614], [125.39405, -15.12069], [125.3821, -15.11687], [125.3738, -15.10759], [125.36949, -15.08653], [125.38746, -15.0818], [125.39064, -15.07659], [125.38738, -15.06813], [125.37282, -15.06503], [125.36648, -15.05145], [125.38893, -15.0429], [125.40578, -15.02842], [125.43084, -15.01971], [125.42954, -15.00905], [125.41749, -15.00221], [125.38404, -15.01392], [125.36696, -15.00839], [125.3545, -14.99391], [125.32994, -14.99626], [125.32692, -14.98642], [125.32162, -14.98406], [125.3086, -14.99097], [125.28094, -14.99341], [125.27395, -14.98406], [125.2737, -14.97617], [125.28761, -14.95623], [125.27573, -14.95696], [125.25343, -14.97038], [125.24286, -14.96607], [125.23813, -14.95281], [125.22926, -14.94997], [125.21412, -14.95809], [125.18678, -14.94548], [125.18297, -14.93915], [125.20428, -14.93206], [125.21584, -14.90839], [125.25342, -14.90155], [125.26319, -14.91912], [125.28972, -14.9201], [125.29477, -14.91473], [125.28762, -14.89471], [125.30885, -14.88502], [125.29762, -14.86834], [125.26759, -14.85622], [125.23293, -14.86052], [125.22771, -14.85019], [125.20216, -14.84481], [125.19143, -14.83269], [125.18873, -14.77939], [125.18141, -14.77191], [125.1609, -14.7784], [125.15496, -14.76287], [125.13747, -14.7575], [125.13601, -14.73594], [125.1443, -14.72846], [125.1775, -14.72747], [125.17458, -14.70599], [125.18166, -14.69884], [125.21144, -14.70086], [125.20136, -14.68499], [125.20494, -14.66815], [125.21778, -14.66384], [125.26026, -14.67156], [125.2632, -14.65375], [125.28435, -14.64902], [125.30128, -14.6347], [125.28159, -14.62982], [125.23903, -14.63151], [125.23293, -14.61419], [125.24367, -14.59418], [125.26589, -14.57563], [125.29054, -14.56619], [125.31479, -14.57317], [125.33351, -14.54315], [125.33702, -14.51401], [125.34109, -14.50311], [125.34767, -14.49872], [125.35644, -14.50433], [125.35524, -14.57049], [125.34278, -14.60735], [125.35564, -14.5875], [125.38819, -14.55999], [125.39064, -14.53918], [125.4043, -14.55316], [125.43946, -14.63885], [125.44516, -14.62037], [125.43963, -14.59881], [125.44265, -14.5893], [125.45948, -14.59303], [125.45998, -14.57049], [125.47316, -14.55283], [125.46291, -14.54176], [125.46633, -14.52484], [125.49366, -14.54534], [125.48658, -14.50302], [125.49366, -14.49065], [125.50929, -14.48578], [125.53248, -14.49773], [125.55501, -14.4975], [125.55542, -14.51385], [125.52784, -14.54534], [125.53956, -14.55332], [125.55779, -14.55397], [125.5892, -14.54534], [125.58384, -14.52655], [125.58921, -14.51117], [125.60035, -14.50888], [125.60353, -14.50433], [125.59672, -14.48704], [125.60574, -14.4332], [125.6172, -14.4013], [125.5884, -14.35101], [125.59303, -14.33652], [125.58608, -14.3029], [125.69992, -14.28573], [125.70655, -14.29144], [125.70839, -14.28481], [125.72465, -14.28301], [125.71274, -14.30511], [125.71939, -14.31413], [125.71843, -14.32431], [125.71094, -14.33366], [125.69884, -14.33989], [125.68874, -14.33765], [125.67262, -14.32545], [125.65805, -14.3331], [125.66357, -14.34108], [125.65805, -14.36028], [125.67262, -14.45827], [125.68197, -14.47357], [125.68434, -14.50677], [125.63697, -14.59808], [125.63771, -14.6347], [125.65235, -14.62225], [125.69606, -14.50433], [125.70574, -14.49432], [125.71275, -14.42588], [125.71958, -14.40098], [125.73292, -14.39854], [125.74105, -14.41042], [125.73317, -14.4293], [125.74341, -14.435], [125.74414, -14.44476], [125.73317, -14.47015], [125.78224, -14.45745], [125.79103, -14.4372], [125.79811, -14.43484], [125.80518, -14.43793], [125.80835, -14.44598], [125.80519, -14.45957], [125.81577, -14.46331], [125.82211, -14.4612], [125.83351, -14.44819], [125.84253, -14.44916], [125.84979, -14.45744], [125.84896, -14.46672], [125.84213, -14.47404], [125.81723, -14.48431], [125.83301, -14.51946], [125.82203, -14.53167], [125.82203, -14.53916], [125.83724, -14.54511], [125.82887, -14.57317], [125.83985, -14.59482], [125.84799, -14.60101], [125.8567, -14.60053], [125.90943, -14.63942], [125.91814, -14.63779], [125.92506, -14.59686], [125.90383, -14.56951], [125.91188, -14.55902], [125.92507, -14.51866], [125.96599, -14.52167], [125.98341, -14.54534], [125.99781, -14.54111], [125.99709, -14.51963], [126.00075, -14.51117], [126.01124, -14.50971], [126.0267, -14.51995], [126.03492, -14.51865], [126.04127, -14.50872], [126.03175, -14.46258], [126.0176, -14.44768], [126.01287, -14.42441], [125.98211, -14.4008], [125.9783, -14.39381], [125.98024, -14.38081], [125.98569, -14.38291], [125.99968, -14.3777], [126.01173, -14.37078], [126.01101, -14.36713], [126.03493, -14.35565], [126.06088, -14.35003], [126.06446, -14.34157], [126.06228, -14.31943], [126.07586, -14.2951], [126.06425, -14.27021], [126.06301, -14.23561], [126.07179, -14.22667], [126.10817, -14.2208], [126.14479, -14.19524], [126.14633, -14.17694], [126.1404, -14.143], [126.15162, -14.13372], [126.13445, -14.0949], [126.10711, -14.07952], [126.00661, -14.07821], [125.99245, -14.07146], [125.97284, -14.02142], [125.98024, -13.99043], [125.99235, -13.9997], [126.01002, -14.02606], [126.02052, -14.03192], [126.03387, -14.0285], [126.03493, -13.99042], [126.04737, -13.98408], [126.07407, -14.02606], [126.09636, -14.02508], [126.09156, -14.01686], [126.08595, -13.96941], [126.03591, -13.9423], [126.01754, -13.92195], [126.06007, -13.93182], [126.06642, -13.92767], [126.07448, -13.89911], [126.08644, -13.88943], [126.09839, -13.8874], [126.10376, -13.89764], [126.09156, -13.92539], [126.12924, -13.93206], [126.15161, -13.92215], [126.14441, -13.94115], [126.13038, -13.95623], [126.15161, -13.96308], [126.15161, -13.9699], [126.13697, -13.97584], [126.12477, -13.98707], [126.11061, -14.01776], [126.14324, -14.00254], [126.18194, -13.97065], [126.22045, -13.95625], [126.20964, -13.97681], [126.1784, -13.99538], [126.16586, -14.01092], [126.19239, -14.01443], [126.21069, -14.02663], [126.21419, -14.03964], [126.16912, -14.04901], [126.16489, -14.05779], [126.1687, -14.07057], [126.16586, -14.08538], [126.19825, -14.07782], [126.21224, -14.08148], [126.21362, -14.0997], [126.18035, -14.13323], [126.19995, -14.12689], [126.19109, -14.1596], [126.21453, -14.17547], [126.24146, -14.18516], [126.24398, -14.1989], [126.22804, -14.20485], [126.22657, -14.21299], [126.24773, -14.22324], [126.2715, -14.20828], [126.28207, -14.2086], [126.28883, -14.23008], [126.29558, -14.23008], [126.30202, -14.20127], [126.31081, -14.19232], [126.34506, -14.18467], [126.34547, -14.17425], [126.31935, -14.14512], [126.29373, -14.13649], [126.30925, -14.11338], [126.31594, -14.08685], [126.34327, -14.07293], [126.32913, -14.05926], [126.3436, -14.04551], [126.37721, -14.04266], [126.39032, -14.00507], [126.42164, -13.98235], [126.43214, -13.96992], [126.44996, -13.9918], [126.46998, -13.99196], [126.48813, -13.97943], [126.51695, -13.93744], [126.52752, -13.92898], [126.56915, -13.94199], [126.54005, -13.95371], [126.52687, -13.96347], [126.51904, -13.98365], [126.50099, -13.99725], [126.49365, -14.03191], [126.46502, -14.05983], [126.4533, -14.07757], [126.46274, -14.08538], [126.51596, -14.06912], [126.52766, -14.07294], [126.49366, -14.11338], [126.5215, -14.14739], [126.53614, -14.14617], [126.55885, -14.13495], [126.56917, -14.14057], [126.57202, -14.15163], [126.56918, -14.19524], [126.57594, -14.20989], [126.59156, -14.21746], [126.60353, -14.23008], [126.60331, -14.20094], [126.61086, -14.1754], [126.64674, -14.15814], [126.65187, -14.14398], [126.64732, -14.11419], [126.65699, -14.09531], [126.64724, -14.07781], [126.65187, -14.06611], [126.67904, -14.08539], [126.69272, -14.12078], [126.70484, -14.1181], [126.7204, -14.08612], [126.73374, -14.07293], [126.72683, -14.05836], [126.7444, -14.02988], [126.74741, -14.01092], [126.74122, -14.01092], [126.72023, -14.0319], [126.70119, -14.00709], [126.70005, -13.99383], [126.70721, -13.98359], [126.74741, -13.99041], [126.76173, -13.96992], [126.77426, -13.97471], [126.78891, -13.96992], [126.81658, -13.98235], [126.82976, -13.9826], [126.84303, -13.9699], [126.81343, -13.95707], [126.81008, -13.9494], [126.81822, -13.94264], [126.85727, -13.9494], [126.84474, -13.93271], [126.80775, -13.92334], [126.8005, -13.91267], [126.79575, -13.88397], [126.76784, -13.84636], [126.75554, -13.80495], [126.74742, -13.79177], [126.78541, -13.78737], [126.80291, -13.78004], [126.81007, -13.76768], [126.81446, -13.76833], [126.82276, -13.77647], [126.82788, -13.79111], [126.82325, -13.81227], [126.84303, -13.81854], [126.84589, -13.80756], [126.85329, -13.80097], [126.87721, -13.79803], [126.87721, -13.79176], [126.85964, -13.78289], [126.84646, -13.76897], [126.8454, -13.75433], [126.86354, -13.74335], [126.88184, -13.74579], [126.91375, -13.76393], [126.93238, -13.75758], [126.90505, -13.74334], [126.92751, -13.73099], [126.95289, -13.72358], [126.99318, -13.76629], [127.02002, -13.77777], [127.02117, -13.82594], [127.05062, -13.81342], [127.05591, -13.82011], [127.04908, -13.83953], [127.07015, -13.82807], [127.0721, -13.84254], [127.05535, -13.88738], [127.08513, -13.8839], [127.09351, -13.90008], [127.09571, -13.92636], [127.10743, -13.95281], [127.12973, -13.96771], [127.17262, -13.91522], [127.16361, -13.91083], [127.15936, -13.90276], [127.16522, -13.88056], [127.1814, -13.89032], [127.18716, -13.90159], [127.1893, -13.94695], [127.19695, -13.94931], [127.21363, -13.9358], [127.22634, -13.90448], [127.23683, -13.89203], [127.25131, -13.89765], [127.28793, -13.93825], [127.30299, -13.9494], [127.33269, -13.9612], [127.32245, -13.91741], [127.33026, -13.90107], [127.34424, -13.90448], [127.36769, -13.9358], [127.38152, -13.93777], [127.38949, -13.94355], [127.39861, -13.96307], [127.4048, -13.96307], [127.41847, -13.94201], [127.43056, -13.95406], [127.44854, -13.98712], [127.45217, -14.01356], [127.4463, -14.04876], [127.45021, -14.05731], [127.48048, -14.0792], [127.48927, -14.05838], [127.50424, -14.06561], [127.53199, -14.09287], [127.54712, -14.09793], [127.57496, -14.12331], [127.59034, -14.13372], [127.61085, -14.13373], [127.66602, -14.17841], [127.67075, -14.1972], [127.68263, -14.21697], [127.69825, -14.23545], [127.75586, -14.28485], [127.78956, -14.36712], [127.82357, -14.3808], [127.82692, -14.43662], [127.84108, -14.44354], [127.85109, -14.41726], [127.85987, -14.41547], [127.87142, -14.42247], [127.87939, -14.43955], [127.85524, -14.4651], [127.85792, -14.48382], [127.87425, -14.46993], [127.88721, -14.47406], [127.90561, -14.49749], [127.94019, -14.51899], [127.95475, -14.53289], [127.93946, -14.54388], [127.94728, -14.57318], [127.95753, -14.57887], [127.96697, -14.57855], [128.00538, -14.56073], [128.05404, -14.60052], [128.06642, -14.63348], [128.08033, -14.6408], [128.10671, -14.64368], [128.11762, -14.64987], [128.1753, -14.69842], [128.19679, -14.70232], [128.21949, -14.70046], [128.2312, -14.71797], [128.22779, -14.74389], [128.21363, -14.73496], [128.19776, -14.73162], [128.18482, -14.73699], [128.17945, -14.75408], [128.1936, -14.80592], [128.1906, -14.82984], [128.14894, -14.83424], [128.11793, -14.85377], [128.13745, -14.86257], [128.13281, -14.89519], [128.10824, -14.97283], [128.09059, -15.01141], [128.09033, -15.0608], [128.07309, -15.08912], [128.06853, -15.10662], [128.06959, -15.14121], [128.08464, -15.17457], [128.07568, -15.27776], [128.07056, -15.28768], [128.06046, -15.29207], [128.04274, -15.29192], [128.07129, -15.36794], [128.07226, -15.40447], [128.05591, -15.44345], [128.0149, -15.48748], [128.02426, -15.49652], [128.04558, -15.48756], [128.08375, -15.45713], [128.10133, -15.42457], [128.1128, -15.38177], [128.11842, -15.33514], [128.11793, -15.29193], [128.10061, -15.22992], [128.11061, -15.22487], [128.1111, -15.19021], [128.12517, -15.18207], [128.14332, -15.19785], [128.17448, -15.21332], [128.22459, -15.26037], [128.25561, -15.31024], [128.28305, -15.40179], [128.28932, -15.40179], [128.29664, -15.31618], [128.29176, -15.2907], [128.27866, -15.27166], [128.24127, -15.23716], [128.22024, -15.20566], [128.21633, -15.18524], [128.22584, -15.16025], [128.21827, -15.1181], [128.19988, -15.10027], [128.19582, -15.05682], [128.21584, -15.02191], [128.26874, -14.9704], [128.28305, -14.96364], [128.28306, -14.94256], [128.31349, -14.90498], [128.323, -14.91075], [128.33017, -14.93602], [128.34278, -15.02109], [128.35011, -15.03729], [128.36492, -15.04616], [128.35842, -14.99912], [128.36493, -14.98407], [128.41798, -15.03973], [128.4441, -15.04616], [128.45021, -15.04266], [128.45973, -15.0237], [128.45981, -15.00164], [128.42286, -14.94012], [128.40603, -14.88445], [128.40749, -14.86883], [128.41871, -14.8659], [128.43898, -14.84987], [128.42742, -14.83506], [128.40261, -14.82301], [128.38845, -14.8034], [128.39577, -14.79601], [128.44068, -14.79225], [128.47983, -14.77947], [128.5324, -14.75287], [128.5542, -14.75874], [128.59083, -14.77801], [128.67522, -14.78774], [128.71339, -14.79755], [128.74855, -14.82643], [128.7671, -14.82172], [128.83416, -14.8401], [128.91999, -14.84017], [128.97348, -14.8637], [129.05103, -14.88015], [129.10208, -14.90521], [129.11157, -14.91579], [129.12029, -14.94638], [129.15524, -14.95391], [129.17318, -14.96478], [129.18396, -14.98209], [129.18734, -15.00457], [129.17555, -15.05853], [129.198, -15.09841], [129.19922, -15.11736], [129.1526, -15.22373], [129.17205, -15.22186], [129.19997, -15.16742], [129.22144, -15.1697], [129.20818, -15.20428], [129.20826, -15.22235], [129.21412, -15.2374], [129.24367, -15.11338], [129.26303, -15.1076], [129.25563, -15.03118], [129.2433, -15.008], [129.22304, -14.86803], [129.22146, -14.84352], [129.22877, -14.83661], [129.24439, -14.84418], [129.25895, -14.86257], [129.26303, -14.88787], [129.2693, -14.88787], [129.28924, -14.86192], [129.32439, -14.86208], [129.35791, -14.87958], [129.3729, -14.90496], [129.47657, -14.93378], [129.4982, -14.95759], [129.51295, -15.00799], [129.55376, -15.03053], [129.56413, -15.03876], [129.57243, -15.05365], [129.59814, -15.11712], [129.58522, -15.16969], [129.62941, -15.13935], [129.64574, -15.13499], [129.66195, -15.13837], [129.66667, -15.14794], [129.66652, -15.17596], [129.67172, -15.19427], [129.67726, -15.19915], [129.72706, -15.19362], [129.73097, -15.18629], [129.72853, -15.16969], [129.65921, -15.09014], [129.65193, -15.07666], [129.6299, -15.01946], [129.61931, -14.9577], [129.61184, -14.94256], [129.6399, -14.89471], [129.64919, -14.83271], [129.70411, -14.85377], [129.73471, -14.85378], [129.78566, -14.86151], [129.82472, -14.85377], [129.848, -14.84191], [129.86647, -14.83904], [129.8762, -14.82286], [129.91969, -14.79022], [129.9354, -14.78339], [129.98243, -14.80592], [129.98017, -14.78037], [129.99334, -14.72503], [129.98243, -14.70973], [129.97486, -14.74017], [129.95525, -14.75562], [129.89308, -14.7719], [129.79859, -14.81682], [129.76273, -14.81958], [129.79567, -14.77606], [129.79689, -14.76442], [129.78859, -14.76426], [129.75538, -14.78484], [129.73699, -14.79029], [129.72413, -14.7907], [129.7116, -14.78484], [129.66994, -14.7531], [129.66506, -14.73992], [129.67335, -14.72283], [129.62736, -14.69259], [129.60679, -14.67156], [129.58808, -14.61346], [129.59474, -14.60736], [129.64552, -14.60053], [129.69272, -14.60215], [129.71762, -14.59588], [129.72872, -14.57618], [129.7894, -14.53167], [129.76808, -14.53265], [129.74318, -14.53997], [129.68653, -14.57398], [129.66733, -14.57536], [129.62623, -14.56634], [129.58522, -14.56633], [129.57667, -14.5608], [129.58082, -14.52017], [129.5994, -14.45179], [129.63125, -14.38832], [129.65205, -14.35884], [129.70105, -14.30755], [129.72969, -14.28528], [129.79179, -14.25016], [129.82538, -14.23714], [129.89567, -14.22105], [129.93382, -14.21789], [129.94001, -14.21297], [129.94374, -14.14192], [129.9834, -13.99565], [130.02583, -13.92057], [130.07592, -13.84757], [130.14583, -13.75691], [130.14328, -13.74963], [130.09239, -13.69797], [130.05349, -13.63874], [130.02688, -13.57283], [130.01521, -13.51321], [130.04322, -13.50449], [130.06235, -13.49342], [130.11281, -13.44916], [130.13396, -13.46103], [130.16375, -13.43288], [130.21481, -13.36023], [130.23732, -13.33564], [130.25416, -13.32383], [130.2732, -13.31879], [130.31666, -13.34336], [130.33229, -13.34637], [130.32447, -13.31878], [130.31398, -13.30853], [130.29477, -13.2973], [130.24253, -13.27841], [130.21461, -13.23626], [130.16049, -13.17148], [130.13278, -13.16722], [130.15551, -13.12594], [130.19901, -13.07028], [130.25299, -13.02377], [130.28357, -13.00443], [130.34853, -12.97561], [130.3835, -12.96586], [130.45419, -12.95689], [130.51668, -12.96056], [130.52442, -12.95657], [130.52522, -12.94798], [130.49451, -12.88571], [130.47612, -12.81717], [130.47161, -12.74644], [130.48114, -12.67625], [130.49034, -12.64465], [130.51612, -12.65407], [130.49789, -12.62526], [130.50988, -12.59866], [130.51695, -12.60387], [130.55844, -12.68133], [130.58643, -12.69411], [130.58644, -12.70924], [130.59799, -12.70372], [130.62599, -12.71494], [130.64112, -12.70185], [130.66432, -12.70924], [130.68572, -12.70615], [130.69288, -12.70062], [130.69557, -12.69134], [130.61305, -12.66766], [130.61019, -12.67277], [130.59881, -12.67448], [130.57472, -12.63974], [130.55911, -12.62478], [130.57176, -12.61931], [130.59645, -12.62273], [130.61606, -12.61004], [130.61305, -12.58856], [130.60768, -12.58465], [130.58375, -12.58562], [130.57839, -12.58171], [130.57952, -12.56825], [130.60418, -12.50457], [130.6045, -12.48756], [130.59961, -12.47888], [130.67548, -12.39384], [130.69557, -12.41383], [130.71258, -12.41091], [130.73927, -12.41563], [130.78385, -12.43499], [130.77369, -12.45428], [130.77328, -12.46917], [130.78385, -12.50319], [130.78443, -12.56487], [130.79005, -12.58514], [130.8003, -12.54618], [130.81105, -12.53738], [130.84302, -12.55935], [130.87745, -12.61712], [130.89991, -12.63982], [130.89374, -12.61307], [130.90919, -12.59784], [130.93051, -12.6033], [130.9686, -12.62672], [130.95777, -12.59881], [130.90651, -12.56487], [130.88625, -12.5442], [130.8738, -12.51361], [130.8811, -12.50905], [130.91973, -12.51405], [130.9686, -12.53737], [130.96241, -12.51995], [130.93092, -12.4861], [130.90365, -12.48237], [130.88282, -12.45135], [130.86695, -12.44459], [130.8436, -12.45964], [130.82473, -12.44792], [130.82196, -12.43914], [130.83041, -12.41871], [130.82473, -12.40082], [130.85874, -12.39332], [130.84768, -12.37949], [130.85549, -12.36827], [130.88624, -12.35247], [130.89764, -12.33425], [130.90724, -12.33198], [130.91651, -12.33279], [130.93393, -12.34612], [131.02515, -12.36054], [131.05128, -12.37347], [131.05177, -12.35377], [131.03013, -12.31829], [131.02639, -12.30413], [131.03012, -12.25311], [131.02475, -12.23414], [131.00148, -12.20623], [130.99611, -12.19134], [131.00031, -12.17113], [131.01093, -12.15603], [131.02614, -12.14716], [131.04379, -12.14627], [131.07789, -12.16741], [131.08522, -12.16416], [131.09621, -12.14936], [131.10597, -12.14627], [131.13787, -12.18255], [131.16277, -12.17393], [131.18816, -12.20078], [131.21647, -12.21495], [131.22193, -12.2282], [131.23227, -12.23854], [131.25734, -12.23626], [131.23903, -12.21217], [131.23619, -12.20159], [131.25734, -12.17083], [131.26005, -12.13526], [131.27101, -12.09857], [131.27297, -12.06707], [131.2872, -12.04746], [131.29623, -12.04389], [131.30257, -12.04812], [131.30714, -12.07155], [131.31622, -12.08441], [131.31821, -12.14023], [131.32789, -12.18532], [131.34685, -12.21966], [131.37379, -12.24676], [131.40691, -12.27044], [131.44776, -12.28981], [131.49293, -12.29778], [131.57887, -12.28412], [131.6128, -12.29665], [131.78435, -12.27044], [131.83969, -12.24676], [131.87419, -12.22072], [131.89698, -12.21593], [131.90462, -12.21983], [131.91407, -12.2501], [131.93385, -12.26393], [131.97706, -12.27794], [132.00196, -12.29266], [132.02515, -12.29658], [132.04567, -12.30739], [132.05787, -12.30674], [132.11557, -12.27557], [132.15089, -12.24627], [132.1667, -12.22492], [132.21632, -12.20843], [132.23605, -12.16078], [132.25131, -12.15636], [132.26221, -12.16498], [132.26873, -12.18065], [132.27833, -12.2282], [132.29672, -12.22666], [132.34604, -12.20161], [132.36154, -12.20233], [132.38001, -12.21621], [132.41187, -12.27313], [132.42163, -12.30364], [132.417, -12.31715], [132.40406, -12.32415], [132.38754, -12.34612], [132.38754, -12.3803], [132.43198, -12.33115], [132.44939, -12.30039], [132.42287, -12.23162], [132.42417, -12.18971], [132.43963, -12.15489], [132.46616, -12.14024], [132.48894, -12.13568], [132.54446, -12.09872], [132.56398, -12.09158], [132.57732, -12.09402], [132.6067, -12.11224], [132.64096, -12.1264], [132.67905, -12.13681], [132.7186, -12.14023], [132.75758, -12.1334], [132.70629, -12.12203], [132.68873, -12.10605], [132.64894, -12.08309], [132.63454, -12.06715], [132.62722, -12.04388], [132.62697, -12.00433], [132.65219, -11.84857], [132.64088, -11.81862], [132.59304, -11.78444], [132.60061, -11.76687], [132.65447, -11.70875], [132.66677, -11.67426], [132.67629, -11.66425], [132.69557, -11.66033], [132.69557, -11.6535], [132.64967, -11.63551], [132.61259, -11.62998], [132.57911, -11.61118], [132.5521, -11.58342], [132.55893, -11.55389], [132.55128, -11.54453], [132.52517, -11.52857], [132.53102, -11.50954], [132.51157, -11.5066], [132.49537, -11.47617], [132.41554, -11.44061], [132.36988, -11.43499], [132.34693, -11.43825], [132.31129, -11.46151], [132.24366, -11.45485], [132.22633, -11.46217], [132.19581, -11.48902], [132.17823, -11.48219], [132.12452, -11.51897], [132.10646, -11.52312], [132.08457, -11.51787], [132.04282, -11.48414], [132.03262, -11.46055], [132.03078, -11.45086], [132.05551, -11.4428], [132.05795, -11.43434], [132.0407, -11.41863], [131.9905, -11.42505], [131.98219, -11.39967], [131.96607, -11.40601], [131.95526, -11.40389], [131.94778, -11.39446], [131.9481, -11.37917], [131.96949, -11.37379], [131.9795, -11.36647], [131.97609, -11.35125], [131.96559, -11.34498], [131.93962, -11.35262], [131.92775, -11.35124], [131.92263, -11.34108], [131.92555, -11.3209], [131.88471, -11.31065], [131.88745, -11.22963], [131.8945, -11.18901], [131.94028, -11.2514], [131.96241, -11.24261], [131.98325, -11.22625], [131.9826, -11.2094], [131.96861, -11.16759], [131.98666, -11.17653], [131.98976, -11.16863], [131.9822, -11.14707], [131.98184, -11.13001], [132.01433, -11.13959], [132.04461, -11.17995], [132.0778, -11.19248], [132.0739, -11.21803], [132.08595, -11.22894], [132.11451, -11.20877], [132.12012, -11.2221], [132.10646, -11.25286], [132.11328, -11.28704], [132.10727, -11.33196], [132.12778, -11.34368], [132.13478, -11.33131], [132.13137, -11.31374], [132.14063, -11.30342], [132.153, -11.32635], [132.15252, -11.3847], [132.17465, -11.40643], [132.20387, -11.41033], [132.20314, -11.3917], [132.18834, -11.35126], [132.20362, -11.34955], [132.2269, -11.36386], [132.23618, -11.35125], [132.23561, -11.33945], [132.20948, -11.31081], [132.19289, -11.30974], [132.18834, -11.3034], [132.19581, -11.28362], [132.1963, -11.26824], [132.19484, -11.25604], [132.1815, -11.22894], [132.19077, -11.21689], [132.18344, -11.19606], [132.16928, -11.17637], [132.14748, -11.15732], [132.14814, -11.13731], [132.16131, -11.12373], [132.18832, -11.13275], [132.21648, -11.18076], [132.23316, -11.18744], [132.24097, -11.19647], [132.26417, -11.25628], [132.28517, -11.26849], [132.28785, -11.25547], [132.27764, -11.21837], [132.27232, -11.1775], [132.27744, -11.16243], [132.29819, -11.15327], [132.31031, -11.15456], [132.31959, -11.1618], [132.33237, -11.15325], [132.34303, -11.12203], [132.34995, -11.14625], [132.38351, -11.21464], [132.38071, -11.22894], [132.38688, -11.24578], [132.37794, -11.28314], [132.39096, -11.29046], [132.40398, -11.28314], [132.42116, -11.22894], [132.44508, -11.21251], [132.47479, -11.23403], [132.50195, -11.2737], [132.51726, -11.31061], [132.51238, -11.33034], [132.51734, -11.33815], [132.52312, -11.33904], [132.53802, -11.33087], [132.56067, -11.35603], [132.56918, -11.37542], [132.61353, -11.40643], [132.63314, -11.43727], [132.65008, -11.47666], [132.67416, -11.5084], [132.71599, -11.51629], [132.73699, -11.50823], [132.75953, -11.49236], [132.77752, -11.47226], [132.78811, -11.44362], [132.81276, -11.43434], [132.834, -11.4179], [132.83327, -11.39968], [132.85596, -11.40033], [132.89487, -11.41888], [132.90162, -11.39593], [132.89894, -11.37184], [132.89194, -11.35849], [132.86746, -11.33815], [132.8729, -11.3279], [132.87916, -11.32636], [132.91098, -11.33181], [132.92205, -11.34499], [132.94092, -11.35394], [132.95981, -11.39219], [132.98552, -11.40424], [133.01107, -11.4328], [133.04493, -11.49521], [133.05176, -11.49522], [133.07601, -11.50995], [133.0791, -11.51971], [133.07423, -11.56097], [133.09958, -11.59733], [133.14112, -11.67457], [133.16676, -11.70436], [133.18507, -11.71705], [133.26124, -11.72959], [133.28289, -11.72088], [133.29201, -11.68826], [133.30812, -11.69199], [133.34669, -11.68826], [133.36442, -11.69736], [133.35889, -11.70435], [133.32944, -11.71868], [133.31837, -11.73463], [133.31577, -11.74912], [133.32374, -11.75945], [133.34376, -11.76336], [133.37241, -11.761], [133.3882, -11.73603], [133.40724, -11.72382], [133.41618, -11.7278], [133.4222, -11.74285], [133.40414, -11.76002], [133.40528, -11.76678], [133.41196, -11.7702], [133.4393, -11.77021], [133.47853, -11.79079], [133.48458, -11.78058], [133.5232, -11.76279], [133.53207, -11.74914], [133.54322, -11.76757], [133.54195, -11.80011], [133.52467, -11.85833], [133.53207, -11.86582], [133.55837, -11.81122], [133.58985, -11.79812], [133.60026, -11.80097], [133.6067, -11.81862], [133.62208, -11.83327], [133.63787, -11.824], [133.65528, -11.82138], [133.6701, -11.80885], [133.68239, -11.77021], [133.71656, -11.77752], [133.75123, -11.7702], [133.80251, -11.71495], [133.83735, -11.71715], [133.8506, -11.72918], [133.88526, -11.73944], [133.90162, -11.73887], [133.91578, -11.72236], [133.93896, -11.75791], [133.90895, -11.77386], [133.89527, -11.7981], [133.87013, -11.79225], [133.84636, -11.80682], [133.83416, -11.83148], [133.84376, -11.85524], [133.89129, -11.88763], [133.94313, -11.91367], [133.98488, -11.88935], [134.0075, -11.88128], [134.02565, -11.84589], [134.04038, -11.84158], [134.056, -11.84483], [134.06836, -11.85443], [134.07553, -11.87379], [134.0848, -11.88202], [134.08318, -11.91806], [134.08709, -11.92791], [134.13795, -11.87951], [134.16163, -11.93092], [134.1683, -11.93816], [134.19507, -11.94769], [134.19629, -11.962], [134.17465, -11.96429], [134.16896, -11.96819], [134.16782, -11.97666], [134.18261, -11.9962], [134.18966, -12.01801], [134.18851, -12.0479], [134.18263, -12.06813], [134.1858, -12.07643], [134.19996, -12.07562], [134.21079, -12.05219], [134.25782, -12.0167], [134.26629, -11.97577], [134.285, -11.96821], [134.34669, -12.02028], [134.38217, -12.04266], [134.42897, -12.05755], [134.52223, -12.06439], [134.56202, -12.05244], [134.58269, -12.05097], [134.59425, -12.06439], [134.60467, -12.0495], [134.63266, -12.03094], [134.70477, -11.96064], [134.72291, -11.95225], [134.76856, -11.9477], [134.77368, -11.95274], [134.77459, -11.99505], [134.79224, -12.0167], [134.80095, -12.03867], [134.80641, -12.04388], [134.83629, -12.03806], [134.84669, -12.091], [134.8611, -12.12656], [134.88063, -12.13388], [134.93974, -12.13678], [134.96705, -12.1461], [135.00506, -12.20843], [135.04053, -12.22683], [135.07016, -12.25994], [135.08033, -12.2636], [135.13332, -12.24383], [135.14722, -12.24378], [135.17199, -12.26989], [135.20272, -12.29407], [135.21759, -12.30082], [135.2378, -12.2916], [135.22999, -12.27459], [135.1889, -12.25144], [135.1701, -12.22823], [135.20777, -12.2291], [135.25831, -12.2221], [135.2831, -12.25029], [135.30193, -12.25896], [135.33814, -12.2457], [135.34929, -12.23602], [135.34938, -12.22633], [135.32867, -12.23472], [135.3049, -12.23185], [135.26429, -12.2087], [135.2415, -12.20678], [135.2227, -12.19133], [135.23756, -12.1797], [135.2653, -12.17868], [135.31349, -12.15374], [135.3239, -12.13983], [135.30889, -12.13603], [135.30296, -12.12831], [135.32473, -12.11088], [135.35144, -12.10503], [135.36627, -12.08762], [135.38901, -12.09145], [135.41505, -12.08425], [135.41767, -12.08755], [135.40879, -12.10593], [135.42859, -12.11554], [135.46022, -12.11357], [135.50514, -12.09808], [135.51552, -12.07872], [135.51551, -12.0652], [135.53623, -12.06228], [135.53528, -12.08062], [135.57154, -12.09726], [135.5879, -12.09856], [135.62654, -12.065], [135.712, -12.01848], [135.70209, -12.00787], [135.63575, -12.02353], [135.59294, -12.05559], [135.58107, -12.05754], [135.56586, -12.02528], [135.57073, -11.99458], [135.59274, -11.96489], [135.6006, -11.95673], [135.62208, -11.95453], [135.63502, -11.96624], [135.65504, -11.9664], [135.66958, -11.94788], [135.68412, -11.93907], [135.70094, -11.93256], [135.71973, -11.93183], [135.73927, -11.9415], [135.77516, -11.91937], [135.80983, -11.88991], [135.83676, -11.87396], [135.84507, -11.85508], [135.87526, -11.84588], [135.88697, -11.82464], [135.86843, -11.76678], [135.87819, -11.75629], [135.9004, -11.75922], [135.93677, -11.77704], [135.92224, -11.8157], [135.90341, -11.84989], [135.84107, -11.91367], [135.8112, -11.95191], [135.79362, -11.96395], [135.75847, -11.9699], [135.74691, -11.98284], [135.71691, -12.00302], [135.72384, -12.01074], [135.78647, -11.98936], [135.85109, -11.98252], [135.89723, -11.96259], [135.91626, -11.96202], [135.91626, -11.96819], [135.90259, -11.97673], [135.85475, -11.98935], [135.82838, -12.00555], [135.79282, -12.0368], [135.76522, -12.07202], [135.65007, -12.16458], [135.65214, -12.20329], [135.66903, -12.23714], [135.68885, -12.25068], [135.71351, -12.2766], [135.73194, -12.31146], [135.75197, -12.27059], [135.76531, -12.25711], [135.78647, -12.2636], [135.79446, -12.23529], [135.8069, -12.21698], [135.84742, -12.18792], [135.88014, -12.15163], [135.88893, -12.14627], [135.89576, -12.15049], [135.91261, -12.18231], [135.93459, -12.14675], [135.95655, -12.14739], [135.96778, -12.14324], [136.02858, -12.08221], [136.05346, -12.06441], [136.04932, -12.08294], [136.03589, -12.10328], [136.00465, -12.12998], [135.98503, -12.16626], [135.94361, -12.19248], [135.93678, -12.20159], [135.9354, -12.21364], [135.95044, -12.23285], [135.95737, -12.2575], [135.97446, -12.26458], [135.99488, -12.26002], [136.0442, -12.23115], [136.06022, -12.2322], [136.06714, -12.25311], [136.06283, -12.26457], [136.03981, -12.27386], [136.02612, -12.31145], [135.98512, -12.36297], [135.98805, -12.38519], [135.99334, -12.39324], [136.01384, -12.38341], [136.01627, -12.39219], [136.01246, -12.41383], [136.01661, -12.43572], [136.0232, -12.45566], [136.03395, -12.46592], [136.05006, -12.45819], [136.05812, -12.43061], [136.0706, -12.42755], [136.07642, -12.42939], [136.08448, -12.44451], [136.09083, -12.44785], [136.1491, -12.435], [136.1736, -12.4616], [136.2173, -12.45526], [136.2527, -12.4411], [136.28452, -12.41579], [136.30453, -12.38356], [136.33401, -12.30462], [136.36394, -12.25644], [136.36818, -12.23944], [136.36305, -12.22291], [136.34978, -12.21087], [136.3322, -12.20355], [136.31349, -12.20159], [136.23495, -12.21115], [136.22511, -12.19183], [136.21469, -12.18792], [136.18824, -12.19206], [136.18003, -12.18775], [136.17702, -12.17083], [136.1826, -12.16246], [136.22462, -12.15374], [136.23098, -12.1321], [136.28369, -12.06555], [136.30047, -12.05072], [136.33627, -12.05006], [136.41847, -11.97338], [136.44044, -11.96201], [136.45072, -11.94234], [136.48086, -11.95069], [136.51231, -11.94079], [136.52582, -11.92183], [136.55298, -11.91613], [136.56583, -11.90908], [136.56433, -11.89158], [136.57221, -11.89645], [136.58155, -11.90693], [136.57802, -11.91674], [136.52833, -11.94903], [136.49879, -11.95834], [136.48017, -11.95839], [136.46945, -11.96681], [136.47025, -11.98643], [136.47749, -12.00252], [136.48968, -12.00669], [136.50466, -11.99334], [136.51966, -11.9877], [136.53328, -11.99325], [136.56013, -12.07925], [136.58661, -12.08336], [136.58174, -12.11206], [136.58189, -12.14843], [136.59058, -12.17428], [136.61206, -12.19257], [136.62192, -12.20843], [136.6499, -12.23627], [136.66359, -12.2636], [136.6906, -12.28281], [136.71909, -12.28135], [136.74537, -12.2658], [136.76588, -12.24261], [136.75278, -12.22576], [136.72818, -12.21987], [136.71166, -12.20665], [136.70085, -12.19062], [136.67946, -12.20468], [136.6858, -12.1844], [136.7137, -12.18567], [136.72939, -12.17302], [136.76092, -12.16449], [136.78014, -12.1722], [136.82478, -12.21386], [136.84911, -12.21445], [136.87637, -12.22342], [136.9269, -12.28897], [136.93411, -12.32235], [136.92782, -12.34898], [136.94934, -12.35587], [136.96998, -12.34589], [136.98364, -12.34548], [136.96363, -12.37248], [136.92796, -12.37697], [136.90868, -12.38897], [136.86164, -12.43468], [136.79399, -12.51612], [136.78331, -12.53435], [136.77118, -12.54139], [136.76825, -12.52463], [136.80063, -12.48268], [136.80551, -12.45648], [136.80063, -12.44793], [136.78981, -12.44549], [136.7697, -12.46159], [136.74024, -12.47576], [136.73805, -12.50799], [136.74468, -12.54783], [136.76127, -12.57433], [136.74171, -12.5735], [136.73178, -12.5783], [136.70118, -12.61614], [136.67922, -12.67129], [136.69725, -12.69853], [136.69013, -12.71326], [136.6701, -12.70517], [136.6277, -12.70241], [136.60841, -12.71494], [136.6019, -12.73366], [136.60906, -12.75091], [136.62175, -12.76401], [136.62321, -12.80706], [136.62191, -12.81853], [136.61068, -12.83033], [136.59743, -12.83122], [136.58628, -12.823], [136.56723, -12.75335], [136.55926, -12.74521], [136.54347, -12.74342], [136.5273, -12.75473], [136.52572, -12.76917], [136.53231, -12.77958], [136.53242, -12.80442], [136.51191, -12.80529], [136.49635, -12.78037], [136.47926, -12.7667], [136.47169, -12.77386], [136.48487, -12.84246], [136.48976, -12.85076], [136.52638, -12.88055], [136.54566, -12.87186], [136.54542, -12.91286], [136.56788, -12.91189], [136.63676, -12.95481], [136.64063, -12.97595], [136.65748, -12.99574], [136.65203, -13.01343], [136.63252, -13.00075], [136.61687, -12.97991], [136.60206, -12.98235], [136.5815, -13.01404], [136.56529, -13.01172], [136.56434, -12.97973], [136.55524, -12.96376], [136.54005, -12.96185], [136.53256, -12.97624], [136.51808, -12.96836], [136.49676, -12.97519], [136.4922, -12.99293], [136.4983, -13.00799], [136.50929, -13.01653], [136.52214, -13.01866], [136.52247, -13.03053], [136.53422, -13.05025], [136.56721, -13.05821], [136.53935, -13.10224], [136.53133, -13.15507], [136.51321, -13.14314], [136.49269, -13.14882], [136.48124, -13.16646], [136.47803, -13.22763], [136.47233, -13.24236], [136.45738, -13.25057], [136.45053, -13.2164], [136.44386, -13.2164], [136.43474, -13.22771], [136.39925, -13.242], [136.36752, -13.29761], [136.34262, -13.32153], [136.3311, -13.31997], [136.33272, -13.31035], [136.32201, -13.30798], [136.32117, -13.29597], [136.34474, -13.28134], [136.33509, -13.25906], [136.33753, -13.24865], [136.35152, -13.2486], [136.36553, -13.25494], [136.38197, -13.24528], [136.38819, -13.22576], [136.36705, -13.19487], [136.37107, -13.16524], [136.36446, -13.15063], [136.37159, -13.06536], [136.36549, -13.05511], [136.33286, -13.04688], [136.31023, -13.0761], [136.30419, -13.09099], [136.30589, -13.1062], [136.32096, -13.12127], [136.31173, -13.13821], [136.30835, -13.16277], [136.29005, -13.16569], [136.27346, -13.16041], [136.261, -13.12933], [136.24928, -13.12965], [136.23756, -13.13877], [136.23219, -13.15057], [136.24536, -13.19703], [136.23219, -13.2089], [136.22486, -13.20355], [136.21778, -13.20469], [136.20703, -13.2321], [136.17742, -13.23561], [136.15862, -13.26286], [136.13874, -13.20681], [136.15699, -13.17246], [136.15651, -13.14691], [136.14763, -13.12225], [136.13657, -13.12518], [136.10399, -13.1588], [136.08586, -13.19975], [136.08586, -13.23022], [136.07678, -13.23104], [136.06398, -13.22275], [136.05348, -13.23008], [136.05908, -13.29266], [136.05347, -13.31193], [136.04658, -13.31173], [136.03045, -13.23659], [136.00828, -13.21551], [135.99142, -13.21939], [135.97754, -13.23196], [135.9677, -13.27544], [135.95682, -13.288], [135.95192, -13.26344], [135.94284, -13.25615], [135.924, -13.2668], [135.91111, -13.2842], [135.90716, -13.30255], [135.88336, -13.32576], [135.88343, -13.36731], [135.92089, -13.3775], [135.92626, -13.39849], [135.91636, -13.40373], [135.92265, -13.41512], [135.9646, -13.41514], [135.96942, -13.42565], [135.9646, -13.44914], [135.94581, -13.44647], [135.91988, -13.46409], [135.89943, -13.4378], [135.88053, -13.43009], [135.86066, -13.43784], [135.85475, -13.45599], [135.86938, -13.54004], [135.86841, -13.55152], [135.85084, -13.56748], [135.84484, -13.60019], [135.87074, -13.65331], [135.88469, -13.66681], [135.91626, -13.654], [135.92309, -13.67506], [135.89373, -13.68792], [135.88673, -13.71364], [135.90138, -13.73887], [135.93678, -13.75018], [135.9699, -13.74228], [135.99659, -13.72259], [136.03297, -13.67506], [136.03755, -13.65426], [136.04665, -13.64773], [136.06329, -13.64752], [136.07447, -13.65399], [136.07788, -13.66269], [136.05348, -13.68816], [136.03295, -13.75017], [136.00489, -13.79803], [136.0127, -13.8082], [136.01269, -13.82195], [136.00488, -13.84636], [135.99301, -13.86061], [135.99137, -13.90105], [135.9646, -13.9358], [135.92311, -13.95965], [135.90333, -14.13584], [135.90942, -14.19523], [135.8899, -14.18955], [135.86964, -14.19207], [135.85377, -14.20086], [135.84196, -14.21916], [135.8086, -14.22666], [135.75913, -14.2654], [135.73414, -14.29811], [135.6753, -14.40618], [135.66773, -14.42726], [135.65024, -14.43647], [135.62468, -14.43157], [135.60939, -14.45257], [135.53226, -14.58108], [135.51787, -14.61649], [135.52262, -14.65154], [135.45379, -14.68564], [135.43409, -14.72063], [135.41603, -14.72282], [135.37827, -14.71234], [135.36818, -14.72283], [135.38404, -14.72568], [135.39128, -14.73993], [135.40398, -14.8139], [135.44776, -14.91627], [135.46957, -14.94801], [135.55112, -15.01914], [135.58106, -15.0359], [135.61524, -15.04616], [135.64568, -15.03998], [135.65267, -15.04242], [135.66977, -15.0661], [135.70898, -15.0976], [135.71762, -15.11444], [135.73634, -15.10956], [135.75904, -15.11542], [135.77828, -15.1266], [135.79615, -15.14666], [135.86101, -15.17597], [135.95167, -15.26442], [136.0031, -15.28136], [136.0432, -15.30156], [136.10125, -15.34726], [136.1364, -15.35785], [136.16578, -15.38014], [136.22486, -15.40883], [136.24007, -15.42409], [136.25725, -15.47066], [136.2732, -15.5595], [136.3484, -15.61387], [136.41651, -15.62153], [136.46803, -15.67425], [136.52857, -15.71901], [136.55372, -15.72405], [136.58318, -15.70909], [136.59473, -15.71088], [136.61207, -15.75465], [136.67025, -15.79892], [136.70444, -15.84734], [136.7229, -15.86224], [136.7046, -15.91522], [136.71559, -15.93597], [136.73414, -15.93857], [136.75196, -15.92848], [136.76792, -15.90082], [136.78669, -15.90049], [136.82814, -15.90895], [136.86964, -15.90896], [136.90651, -15.93621], [136.92555, -15.93467], [136.92222, -15.91611], [136.92987, -15.89528], [136.94285, -15.88541], [136.99187, -15.8642], [137.00807, -15.89186], [137.04591, -15.9223], [137.09034, -15.94671], [137.13477, -15.9599], [137.16041, -15.97723], [137.198, -15.98465], [137.25003, -16.02045], [137.29176, -16.07187], [137.36118, -16.12217], [137.37989, -16.12868], [137.41309, -16.1308], [137.42172, -16.14918], [137.45118, -16.14911], [137.48536, -16.17645], [137.49741, -16.17742], [137.53004, -16.16962], [137.55072, -16.17206], [137.6609, -16.21137], [137.68979, -16.23122], [137.7461, -16.25214], [137.78011, -16.303], [137.78468, -16.31846], [137.86687, -16.43711], [137.94996, -16.51051], [138.00081, -16.5421], [138.06153, -16.61273], [138.10205, -16.63398], [138.18426, -16.6972], [138.23715, -16.71844], [138.27108, -16.72465], [138.29412, -16.7457], [138.31186, -16.74961], [138.37322, -16.74571], [138.44654, -16.77956], [138.49269, -16.79437], [138.54469, -16.779], [138.65723, -16.77973], [138.68442, -16.80885], [138.71021, -16.81733], [138.75343, -16.84124], [138.80445, -16.85102], [138.84034, -16.87086], [138.86964, -16.87802], [138.97136, -16.88471], [139.0083, -16.89545], [139.03727, -16.91563], [139.06218, -16.97763], [139.09344, -17.00221], [139.15804, -17.03298], [139.14064, -17.06618], [139.14161, -17.11688], [139.16432, -17.20371], [139.20948, -17.28606], [139.23992, -17.32342], [139.27418, -17.34832], [139.3143, -17.35915], [139.40162, -17.3664], [139.43865, -17.37568], [139.47283, -17.40301], [139.50899, -17.42016], [139.57585, -17.47129], [139.64096, -17.5324], [139.69674, -17.5432], [139.78126, -17.56683], [139.80469, -17.56855], [139.83172, -17.58953], [139.9253, -17.62136], [139.95444, -17.66863], [139.99952, -17.70615], [140.11744, -17.71559], [140.24049, -17.70208], [140.40431, -17.6679], [140.42408, -17.66058], [140.44142, -17.64179], [140.5075, -17.63633], [140.5232, -17.6303], [140.56618, -17.59784], [140.59791, -17.59026], [140.6447, -17.56064], [140.68898, -17.52289], [140.73414, -17.51621], [140.74334, -17.50799], [140.75515, -17.47813], [140.76833, -17.46804], [140.78965, -17.45916], [140.83326, -17.45078], [140.84522, -17.44118], [140.88307, -17.34645], [140.8945, -17.26242], [140.90464, -17.22479], [140.93263, -17.19069], [140.93826, -17.16074], [140.94898, -17.13885], [140.95997, -17.07399], [140.94704, -17.01833], [140.95635, -17.00189], [141.05055, -16.88763], [141.08352, -16.80023], [141.11769, -16.79339], [141.19947, -16.70306], [141.22413, -16.63926], [141.23423, -16.57302], [141.24481, -16.5561], [141.26157, -16.56015], [141.29265, -16.49554], [141.30397, -16.44199], [141.29128, -16.43157], [141.28957, -16.40244], [141.31861, -16.36028], [141.32734, -16.32367], [141.34978, -16.26523], [141.35271, -16.21551], [141.42482, -16.08172], [141.43116, -16.06178], [141.41294, -16.04176], [141.37771, -15.92938], [141.38381, -15.91767], [141.4017, -15.90358], [141.40553, -15.89186], [141.40655, -15.85103], [141.43977, -15.64863], [141.4872, -15.47865], [141.57057, -15.28729], [141.58091, -15.21869], [141.58921, -15.20583], [141.60426, -15.20322], [141.598, -15.18231], [141.63901, -15.14121], [141.63259, -15.10654], [141.636, -15.09369], [141.65895, -15.09393], [141.65334, -15.07537], [141.6657, -15.01141], [141.65406, -14.97112], [141.63153, -14.94256], [141.63722, -14.92718], [141.61183, -14.8956], [141.60427, -14.8777], [141.54595, -14.62024], [141.53981, -14.53981], [141.52411, -14.49466], [141.5755, -14.46617], [141.60962, -14.45283], [141.67965, -14.4365], [141.73679, -14.4334], [141.74438, -14.42468], [141.75922, -13.80836], [141.7529, -13.80223], [141.68806, -13.79437], [141.61968, -13.77269], [141.55706, -13.73828], [141.49734, -13.68647], [141.52704, -13.57139], [141.55047, -13.52402], [141.55593, -13.50046], [141.59962, -13.43857], [141.63153, -13.34614], [141.65414, -13.35312], [141.67311, -13.34612], [141.66103, -13.32818], [141.69361, -13.25058], [141.68507, -13.21526], [141.67547, -13.20428], [141.66231, -13.1996], [141.636, -13.16009], [141.62481, -13.13418], [141.61573, -13.049], [141.60426, -13.00661], [141.58693, -12.99488], [141.5838, -12.98554], [141.6277, -12.9109], [141.63153, -12.89367], [141.64454, -12.90797], [141.66139, -12.89902], [141.6797, -12.88226], [141.71607, -12.86395], [141.75473, -12.81846], [141.78924, -12.72291], [141.79548, -12.69337], [141.80975, -12.66767], [141.82008, -12.66644], [141.82203, -12.67799], [141.81715, -12.70184], [141.82325, -12.70184], [141.83595, -12.67947], [141.85336, -12.68476], [141.88208, -12.71804], [141.89282, -12.77752], [141.89405, -12.84336], [141.9113, -12.85997], [141.93873, -12.90846], [141.938, -12.84743], [141.92141, -12.81243], [141.91391, -12.7706], [141.90529, -12.7571], [141.98902, -12.73024], [142.00831, -12.71494], [141.95293, -12.71504], [141.92531, -12.71004], [141.90529, -12.70183], [141.88152, -12.6723], [141.82327, -12.65407], [141.83693, -12.64008], [141.89764, -12.60346], [141.938, -12.58465], [141.97413, -12.58514], [141.93092, -12.56561], [141.91774, -12.56569], [141.89911, -12.58513], [141.88551, -12.57887], [141.83758, -12.58513], [141.79738, -12.57987], [141.77175, -12.56015], [141.74822, -12.5237], [141.73634, -12.51605], [141.69364, -12.50318], [141.75115, -12.46111], [141.7448, -12.45477], [141.69976, -12.45765], [141.68377, -12.45427], [141.6657, -12.4411], [141.65895, -12.44793], [141.65895, -12.52711], [141.68686, -12.52908], [141.69662, -12.53396], [141.69995, -12.54436], [141.6657, -12.5442], [141.62183, -12.5621], [141.60016, -12.56195], [141.5906, -12.54078], [141.69361, -12.31146], [141.70827, -12.24831], [141.71714, -12.23285], [141.73243, -12.22919], [141.77076, -12.24326], [141.80974, -12.23626], [141.79234, -12.2238], [141.78924, -12.20159], [141.78297, -12.20159], [141.76629, -12.22095], [141.75856, -12.21892], [141.75346, -12.20789], [141.76607, -12.15364], [141.78492, -12.11565], [141.80105, -12.05511], [141.83124, -12.00597], [141.87136, -11.96625], [141.91332, -11.95454], [141.8982, -11.99098], [141.89894, -12.00742], [141.9164, -12.06635], [141.91961, -12.10605], [141.95217, -12.04608], [141.96388, -12.03779], [141.97575, -12.04145], [142.02198, -12.07187], [142.03297, -12.04119], [142.03004, -12.02858], [142.01174, -12.02352], [141.99155, -11.98594], [141.97926, -11.97877], [141.95298, -11.97567], [141.9442, -11.9441], [141.94759, -11.89635], [141.9673, -11.81122], [142.01002, -11.75799], [142.01173, -11.74603], [142.00661, -11.72926], [142.01057, -11.705], [142.13185, -11.33815], [142.13349, -11.23675], [142.15235, -11.18743], [142.15935, -11.15114], [142.15805, -11.06666], [142.14537, -10.98309], [142.15106, -10.95062], [142.17458, -10.93012], [142.2212, -10.91986], [142.22804, -10.92734], [142.23903, -10.91775], [142.25766, -10.91124], [142.32342, -10.90162], [142.34034, -10.89023], [142.40113, -10.82041], [142.42492, -10.74523], [142.43427, -10.72795], [142.44858, -10.71454], [142.46299, -10.71125], [142.50514, -10.71502], [142.54615, -10.68769], [142.55005, -10.6902], [142.54957, -10.70818], [142.60084, -10.73497], [142.61499, -10.74538], [142.61588, -10.75237], [142.60108, -10.77955], [142.57008, -10.79697], [142.54956, -10.83798], [142.51539, -10.85166], [142.51026, -10.87656], [142.51481, -10.92351], [142.50172, -10.94785], [142.52272, -10.94158], [142.54005, -10.92547], [142.55201, -10.90423], [142.55642, -10.88226], [142.56716, -10.87022], [142.59103, -10.86495], [142.61451, -10.86827], [142.62525, -10.88226], [142.63445, -10.93084], [142.64918, -10.92947], [142.65954, -10.93373], [142.66821, -10.95127], [142.65952, -10.98349], [142.66627, -11.00311], [142.6784, -10.9822], [142.70094, -10.97016], [142.72511, -10.96772], [142.74195, -10.97504], [142.75229, -11.01531], [142.77799, -11.05348], [142.78974, -11.08472], [142.79664, -11.14324], [142.81006, -11.17116], [142.79664, -11.19476], [142.79371, -11.21754], [142.7942, -11.24831], [142.80128, -11.27777], [142.81764, -11.29656], [142.8296, -11.29462], [142.84058, -11.30804], [142.85499, -11.35117], [142.87218, -11.3823], [142.83009, -11.45224], [142.82106, -11.47763], [142.8396, -11.49864], [142.83758, -11.56471], [142.85791, -11.60508], [142.86547, -11.73569], [142.85792, -11.82171], [142.86232, -11.83685], [142.8729, -11.85068], [142.9275, -11.89373], [142.94019, -11.89276], [142.97429, -11.92523], [142.9922, -11.93402], [143.02068, -11.93157], [143.07716, -11.90684], [143.10418, -11.90213], [143.12338, -11.91058], [143.1753, -11.96234], [143.20053, -11.96201], [143.22826, -11.95488], [143.23951, -11.95632], [143.24902, -11.9682], [143.2391, -11.97811], [143.22745, -11.98203], [143.20395, -11.98252], [143.10592, -12.13526], [143.08627, -12.14902], [143.08383, -12.16741], [143.0903, -12.21066], [143.08491, -12.228], [143.07716, -12.23626], [143.09066, -12.2501], [143.07846, -12.28704], [143.07716, -12.32879], [143.08497, -12.33685], [143.10336, -12.34238], [143.13917, -12.34612], [143.17626, -12.33937], [143.25293, -12.38894], [143.27181, -12.41816], [143.2759, -12.43329], [143.27833, -12.49505], [143.29493, -12.53484], [143.3104, -12.55096], [143.3235, -12.55779], [143.39112, -12.5766], [143.43392, -12.61306], [143.43392, -12.61931], [143.41114, -12.64772], [143.40219, -12.66619], [143.41186, -12.68255], [143.3794, -12.73284], [143.36508, -12.80486], [143.36427, -12.86175], [143.3589, -12.88055], [143.3794, -12.85273], [143.4004, -12.86582], [143.41326, -12.8681], [143.43833, -12.85134], [143.47193, -12.85955], [143.49724, -12.85654], [143.54377, -12.8328], [143.49545, -12.92156], [143.51149, -12.9546], [143.51242, -12.99732], [143.50294, -13.07513], [143.52759, -13.19842], [143.52662, -13.32977], [143.53354, -13.34954], [143.57056, -13.37714], [143.57301, -13.38828], [143.59106, -13.41514], [143.59456, -13.4358], [143.58172, -13.49871], [143.58326, -13.51678], [143.5979, -13.52419], [143.56446, -13.59938], [143.54761, -13.69199], [143.53012, -13.75018], [143.56227, -13.83213], [143.59831, -13.88503], [143.59791, -13.91522], [143.61134, -13.94687], [143.68726, -14.01434], [143.69562, -14.07505], [143.6941, -14.09287], [143.70443, -14.11436], [143.70777, -14.20957], [143.74871, -14.33994], [143.78272, -14.40228], [143.80494, -14.43157], [143.8462, -14.46722], [143.87428, -14.48024], [143.92603, -14.48651], [143.93506, -14.49327], [143.94117, -14.51116], [143.952, -14.49896], [143.98894, -14.49066], [144.03024, -14.46722], [144.06723, -14.45257], [144.11346, -14.40521], [144.14633, -14.38812], [144.16163, -14.37314], [144.18002, -14.33994], [144.1854, -14.26263], [144.20118, -14.25044], [144.21485, -14.27093], [144.22853, -14.25727], [144.23536, -14.25727], [144.25587, -14.29892], [144.26808, -14.30364], [144.29216, -14.30349], [144.30356, -14.3126], [144.44028, -14.25026], [144.44825, -14.24358], [144.46706, -14.19655], [144.47527, -14.18613], [144.47561, -14.16481], [144.47886, -14.15994], [144.48633, -14.16189], [144.5149, -14.17279], [144.52735, -14.19101], [144.54386, -14.20449], [144.58472, -14.26483], [144.57651, -14.28118], [144.57276, -14.30291], [144.57179, -14.34319], [144.58041, -14.36419], [144.60011, -14.36541], [144.62094, -14.35467], [144.63314, -14.33996], [144.63745, -14.35622], [144.63347, -14.37664], [144.61248, -14.41302], [144.61598, -14.46771], [144.61948, -14.48382], [144.65357, -14.51117], [144.67758, -14.55584], [144.69752, -14.56194], [144.73976, -14.55219], [144.7566, -14.55284], [144.79672, -14.60036], [144.82154, -14.60735], [144.886, -14.60964], [144.90072, -14.6142], [144.90845, -14.62217], [144.91432, -14.64764], [144.93799, -14.67157], [144.9441, -14.73333], [145.01384, -14.78412], [145.03053, -14.80592], [145.05502, -14.79267], [145.07732, -14.80145], [145.09913, -14.8178], [145.1548, -14.8375], [145.16822, -14.8401], [145.22282, -14.83271], [145.21168, -14.85955], [145.21998, -14.88096], [145.27711, -14.94704], [145.29347, -14.94988], [145.31349, -14.94403], [145.3457, -14.94257], [145.33228, -14.97047], [145.24732, -15.09499], [145.23585, -15.16595], [145.25994, -15.23968], [145.26881, -15.24944], [145.2942, -15.25791], [145.31007, -15.25449], [145.31772, -15.24521], [145.32456, -15.21626], [145.34196, -15.22967], [145.34944, -15.25042], [145.34375, -15.26946], [145.30258, -15.2846], [145.2859, -15.30047], [145.28102, -15.31902], [145.29785, -15.33294], [145.28826, -15.34319], [145.28369, -15.37395], [145.25636, -15.38885], [145.24391, -15.4284], [145.24586, -15.44264], [145.25633, -15.43599], [145.26441, -15.43598], [145.27783, -15.47536], [145.27978, -15.49586], [145.26393, -15.50905], [145.2684, -15.52793], [145.31405, -15.56819], [145.32275, -15.59979], [145.32112, -15.60914], [145.30738, -15.6286], [145.36279, -15.73456], [145.36637, -15.74928], [145.36415, -15.76437], [145.3143, -15.80141], [145.282, -15.81904], [145.2142, -15.8443], [145.14893, -15.85777], [145.14649, -15.86526], [145.16158, -15.96451], [145.17047, -15.97122], [145.26026, -15.9558], [145.33307, -15.95891], [145.40373, -15.97566], [145.42389, -15.98363], [145.43034, -15.99191], [145.45052, -16.02712], [145.46241, -16.06073], [145.4624, -16.09873], [145.44028, -16.16546], [145.43442, -16.20062], [145.45909, -16.21423], [145.46853, -16.24454], [145.46859, -16.26067], [145.46241, -16.2732], [145.431, -16.30299], [145.41456, -16.3344], [145.41431, -16.40887], [145.4004, -16.44329], [145.40398, -16.45501], [145.41676, -16.47332], [145.42758, -16.47812], [145.44809, -16.4704], [145.46338, -16.48122], [145.48146, -16.53191], [145.51709, -16.567], [145.53061, -16.60101], [145.54912, -16.62107], [145.56609, -16.65651], [145.62623, -16.71209], [145.67123, -16.7348], [145.68531, -16.77606], [145.72249, -16.80023], [145.74342, -16.84832], [145.75874, -16.85919], [145.77767, -16.88535], [145.77368, -16.89836], [145.74366, -16.90944], [145.74049, -16.92205], [145.77084, -16.95729], [145.77426, -16.98838], [145.78346, -16.99163], [145.79298, -16.98944], [145.79835, -16.98317], [145.78859, -16.96209], [145.78762, -16.92979], [145.83912, -16.88154], [145.86769, -16.90456], [145.88038, -16.90586], [145.91733, -16.8712], [145.93824, -16.86786], [145.95508, -16.87315], [145.95728, -16.8847], [145.95248, -16.89666], [145.93482, -16.9157], [145.93393, -16.92099], [145.94165, -16.92491], [145.94157, -16.93013], [145.92446, -16.95987], [145.90984, -16.97161], [145.89161, -17.00701], [145.88234, -17.03973], [145.88185, -17.05967], [145.88803, -17.0748], [145.90406, -17.08083], [145.91179, -17.08897], [145.95238, -17.1621], [145.96844, -17.24236], [146.00366, -17.29372], [146.02996, -17.35654], [146.04127, -17.37225], [146.07105, -17.39203], [146.07519, -17.40252], [146.07244, -17.4459], [146.07536, -17.5053], [146.06837, -17.51588], [146.08009, -17.53932], [146.1067, -17.57431], [146.13517, -17.60049], [146.14429, -17.61395], [146.1477, -17.63258], [146.14241, -17.64739], [146.11647, -17.66872], [146.1067, -17.68418], [146.10271, -17.70599], [146.10669, -17.76946], [146.08399, -17.7955], [146.09619, -17.80536], [146.09303, -17.83489], [146.11352, -17.86435], [146.10475, -17.87656], [146.09645, -17.91692], [146.09783, -17.93153], [146.06972, -17.99893], [146.02149, -18.08587], [146.00587, -18.14202], [146.0062, -18.18597], [146.01733, -18.21169], [146.0101, -18.23651], [146.02377, -18.26312], [146.10092, -18.34954], [146.11964, -18.36191], [146.17507, -18.36933], [146.18344, -18.38014], [146.18922, -18.424], [146.2137, -18.49212], [146.20916, -18.51336], [146.22926, -18.50711], [146.25098, -18.51118], [146.27467, -18.52361], [146.28907, -18.51582], [146.33935, -18.52704], [146.33111, -18.61227], [146.32037, -18.6474], [146.292, -18.71063], [146.27811, -18.82853], [146.27076, -18.85166], [146.27662, -18.87428], [146.30177, -18.91237], [146.31568, -18.92279], [146.33326, -18.95908], [146.41089, -19.01019], [146.44654, -19.05975], [146.46225, -19.07496], [146.51856, -19.09548], [146.53451, -19.10562], [146.5617, -19.13925], [146.58659, -19.14277], [146.6548, -19.18255], [146.69304, -19.19297], [146.74635, -19.1728], [146.76074, -19.18256], [146.77833, -19.21217], [146.80445, -19.2374], [146.85034, -19.26476], [146.87501, -19.28834], [146.90512, -19.30462], [146.94215, -19.29413], [146.9572, -19.29681], [146.9782, -19.28387], [147.01043, -19.25262], [147.0193, -19.23675], [147.02312, -19.21795], [147.01785, -19.17743], [147.02409, -19.17743], [147.02882, -19.19232], [147.04785, -19.21104], [147.05397, -19.23398], [147.0651, -19.24635], [147.05201, -19.29046], [147.0586, -19.3161], [147.13396, -19.41082], [147.14666, -19.39862], [147.16725, -19.40001], [147.2544, -19.42449], [147.28598, -19.41083], [147.4214, -19.41277], [147.44988, -19.39658], [147.45045, -19.37868], [147.42921, -19.34254], [147.40627, -19.3278], [147.39879, -19.31276], [147.40255, -19.30399], [147.42261, -19.31464], [147.44483, -19.34157], [147.49147, -19.45184], [147.5503, -19.52074], [147.55908, -19.53753], [147.56853, -19.58847], [147.59326, -19.63617], [147.5892, -19.66253], [147.59913, -19.68691], [147.59912, -19.70288], [147.56528, -19.70517], [147.59205, -19.72211], [147.61378, -19.75351], [147.68426, -19.82806], [147.785, -19.83538], [147.75425, -19.76718], [147.75084, -19.69152], [147.8239, -19.7143], [147.84595, -19.7348], [147.85922, -19.82488], [147.87428, -19.85442], [147.92905, -19.89756], [147.94947, -19.90781], [147.96909, -19.91155], [148.0149, -19.91123], [148.02216, -19.88812], [148.02838, -19.88401], [148.04916, -19.89007], [148.07244, -19.87706], [148.08393, -19.88472], [148.13038, -19.93621], [148.19654, -19.94525], [148.25392, -19.96347], [148.27856, -19.96576], [148.27198, -19.98594], [148.27931, -20.00254], [148.30639, -20.03394], [148.2649, -20.04762], [148.27523, -20.05585], [148.27881, -20.06536], [148.2752, -20.075], [148.2649, -20.0831], [148.30152, -20.09939], [148.33033, -20.13763], [148.37477, -20.16497], [148.4021, -20.17393], [148.40869, -20.18223], [148.40203, -20.1985], [148.41627, -20.20224], [148.4358, -20.19996], [148.45379, -20.19394], [148.46404, -20.18548], [148.46559, -20.17409], [148.42255, -20.16497], [148.43345, -20.15326], [148.45899, -20.14951], [148.47022, -20.14381], [148.47641, -20.13201], [148.4734, -20.12103], [148.44387, -20.10417], [148.4376, -20.09095], [148.43703, -20.07497], [148.44419, -20.06195], [148.45916, -20.05682], [148.48113, -20.07708], [148.49513, -20.0831], [148.52166, -20.08319], [148.56007, -20.05268], [148.56665, -20.05999], [148.56821, -20.11541], [148.57521, -20.14723], [148.58985, -20.17254], [148.61425, -20.17865], [148.6045, -20.20501], [148.61085, -20.21364], [148.62794, -20.2116], [148.63868, -20.20306], [148.64845, -20.16499], [148.66097, -20.18076], [148.65528, -20.1985], [148.68311, -20.1855], [148.67936, -20.20867], [148.66277, -20.2265], [148.68929, -20.23944], [148.68287, -20.25368], [148.68312, -20.27418], [148.74053, -20.25122], [148.75831, -20.25311], [148.7567, -20.22969], [148.78199, -20.24083], [148.80387, -20.2667], [148.79233, -20.28729], [148.81071, -20.30723], [148.81674, -20.32147], [148.84019, -20.32889], [148.84938, -20.34873], [148.84018, -20.39088], [148.85084, -20.42108], [148.8711, -20.43987], [148.92332, -20.47283], [148.89812, -20.47731], [148.90528, -20.4944], [148.937, -20.5349], [148.91969, -20.52955], [148.9022, -20.53491], [148.89601, -20.52435], [148.886, -20.51995], [148.87574, -20.52142], [148.86818, -20.52807], [148.85133, -20.50319], [148.82717, -20.49333], [148.83448, -20.46933], [148.83277, -20.45631], [148.82716, -20.44557], [148.80828, -20.43336], [148.79298, -20.43385], [148.79232, -20.44557], [148.78157, -20.46453], [148.77466, -20.47095], [148.75831, -20.47282], [148.74318, -20.46949], [148.72413, -20.44557], [148.70102, -20.43922], [148.70387, -20.45534], [148.72412, -20.50075], [148.71606, -20.52206], [148.69857, -20.54322], [148.67693, -20.55689], [148.65528, -20.55543], [148.66017, -20.5722], [148.68929, -20.61005], [148.69614, -20.63055], [148.72071, -20.63397], [148.72827, -20.64642], [148.72575, -20.65667], [148.70981, -20.67889], [148.72575, -20.68549], [148.73976, -20.71893], [148.76725, -20.73155], [148.79029, -20.76898], [148.81967, -20.7602], [148.83204, -20.76394], [148.84336, -20.77725], [148.85384, -20.83221], [148.84246, -20.84922], [148.83668, -20.87835], [148.82716, -20.89056], [148.84539, -20.88746], [148.8589, -20.87379], [148.87501, -20.84289], [148.91082, -20.8733], [148.92644, -20.87689], [148.97144, -20.87055], [148.97804, -20.8803], [149.01319, -20.90846], [149.02573, -20.89806], [149.05632, -20.89854], [149.0695, -20.90603], [149.07356, -20.92472], [149.03688, -20.91546], [149.02638, -20.9192], [149.03629, -20.93524], [149.03979, -20.95135], [149.02662, -20.97625], [149.04624, -20.97991], [149.07936, -20.97], [149.09497, -20.96983], [149.1102, -20.99277], [149.15064, -20.9962], [149.16292, -21.00791], [149.16652, -21.02435], [149.17506, -21.03704], [149.19995, -21.04828], [149.2312, -21.08978], [149.2312, -21.12607], [149.19614, -21.18092], [149.19654, -21.22015], [149.22584, -21.27321], [149.23439, -21.28167], [149.2422, -21.27744], [149.24978, -21.25856], [149.26319, -21.25433], [149.27229, -21.26821], [149.27182, -21.27996], [149.29273, -21.28168], [149.30053, -21.30535], [149.29298, -21.31927], [149.32055, -21.37721], [149.3064, -21.39119], [149.28647, -21.39772], [149.2964, -21.40928], [149.32642, -21.41433], [149.34106, -21.42441], [149.29249, -21.46111], [149.28647, -21.48333], [149.29217, -21.51068], [149.30641, -21.50921], [149.34734, -21.47968], [149.35564, -21.49472], [149.39518, -21.50385], [149.39283, -21.53428], [149.39747, -21.549], [149.41284, -21.55536], [149.41774, -21.57537], [149.42937, -21.58375], [149.45094, -21.57586], [149.46902, -21.53754], [149.47828, -21.52802], [149.48725, -21.53609], [149.49878, -21.56959], [149.44728, -21.62029], [149.4419, -21.63738], [149.44703, -21.66058], [149.47827, -21.71844], [149.47827, -21.72674], [149.47168, -21.73796], [149.45297, -21.74228], [149.44012, -21.75156], [149.43246, -21.76922], [149.4354, -21.78973], [149.4572, -21.82968], [149.47559, -21.85125], [149.47827, -21.86463], [149.47088, -21.90846], [149.47438, -21.92938], [149.48317, -21.95135], [149.52148, -22.01263], [149.52866, -22.07594], [149.53582, -22.0958], [149.57446, -22.15862], [149.55934, -22.17067], [149.5534, -22.18662], [149.57446, -22.19281], [149.58416, -22.21738], [149.60856, -22.24432], [149.58758, -22.28216], [149.64478, -22.30609], [149.65321, -22.31337], [149.66879, -22.34336], [149.67921, -22.35215], [149.6975, -22.34454], [149.70509, -22.38388], [149.69927, -22.44675], [149.67384, -22.47422], [149.66326, -22.49383], [149.69402, -22.4887], [149.73129, -22.46933], [149.76539, -22.44524], [149.78614, -22.42555], [149.80153, -22.38877], [149.81276, -22.37812], [149.83081, -22.38861], [149.858, -22.42087], [149.87085, -22.44037], [149.88087, -22.46738], [149.96403, -22.53363], [149.97168, -22.54567], [149.98024, -22.57659], [150.00066, -22.60866], [150.02524, -22.63397], [150.04672, -22.64528], [150.02247, -22.5534], [149.95558, -22.40114], [149.93719, -22.38006], [149.92855, -22.35626], [149.92995, -22.33808], [149.95069, -22.34433], [149.92352, -22.29827], [149.94313, -22.26474], [149.96111, -22.22096], [149.96828, -22.18817], [149.9782, -22.17376], [149.99049, -22.16286], [150.05355, -22.14155], [150.05795, -22.14935], [150.08154, -22.16237], [150.10222, -22.21746], [150.11964, -22.24489], [150.1294, -22.25482], [150.15381, -22.2663], [150.15992, -22.30413], [150.18766, -22.32684], [150.19336, -22.3388], [150.17726, -22.35052], [150.19402, -22.37868], [150.21559, -22.39479], [150.29981, -22.41824], [150.3558, -22.45403], [150.40291, -22.4738], [150.4441, -22.51434], [150.46078, -22.52239], [150.51317, -22.53555], [150.60914, -22.61053], [150.61541, -22.60369], [150.59913, -22.58758], [150.58338, -22.55922], [150.57494, -22.53059], [150.58123, -22.50807], [150.54527, -22.48137], [150.53453, -22.42702], [150.54373, -22.36696], [150.56764, -22.32319], [150.60174, -22.34433], [150.61862, -22.3345], [150.63623, -22.34255], [150.64371, -22.35662], [150.62908, -22.36468], [150.63501, -22.38128], [150.62281, -22.39202], [150.64486, -22.40179], [150.66383, -22.41937], [150.67067, -22.41253], [150.66293, -22.40008], [150.66071, -22.384], [150.6649, -22.36883], [150.67749, -22.35802], [150.6858, -22.40374], [150.70476, -22.43987], [150.74952, -22.45355], [150.75619, -22.45876], [150.75976, -22.47047], [150.7583, -22.48235], [150.74952, -22.48756], [150.72339, -22.51994], [150.70582, -22.52873], [150.69793, -22.50465], [150.69012, -22.4992], [150.67628, -22.50652], [150.67164, -22.5206], [150.69108, -22.53541], [150.6775, -22.56268], [150.70387, -22.55634], [150.71606, -22.56268], [150.72267, -22.62379], [150.73194, -22.62811], [150.74334, -22.62265], [150.75318, -22.61053], [150.76369, -22.53477], [150.77344, -22.53022], [150.78296, -22.54274], [150.78735, -22.56959], [150.7798, -22.62656], [150.78452, -22.65301], [150.80713, -22.65213], [150.82644, -22.69813], [150.8276, -22.71375], [150.80991, -22.77174], [150.79567, -22.84832], [150.78736, -22.92644], [150.76564, -22.92555], [150.7365, -22.93288], [150.74236, -22.94313], [150.77368, -22.9669], [150.76596, -22.99554], [150.77859, -23.01903], [150.77979, -23.03916], [150.761, -23.12078], [150.76442, -23.15887], [150.80094, -23.17962], [150.79396, -23.19785], [150.79469, -23.21315], [150.80177, -23.22715], [150.81398, -23.24114], [150.82147, -23.22749], [150.83903, -23.24896], [150.83239, -23.27614], [150.81177, -23.29924], [150.78736, -23.30934], [150.81422, -23.41131], [150.84192, -23.43545], [150.88232, -23.48886], [150.87224, -23.50017], [150.85385, -23.504], [150.81398, -23.50254], [150.81398, -23.50921], [150.8568, -23.52012], [150.87036, -23.53298], [150.88575, -23.57155], [150.90821, -23.56536], [150.93686, -23.54275], [150.95728, -23.5447], [150.98601, -23.56406], [151.01147, -23.56666], [151.02743, -23.58], [151.04153, -23.6128], [151.06984, -23.62396], [151.12599, -23.67539], [151.1504, -23.72772], [151.15659, -23.7619], [151.18718, -23.80413], [151.25278, -23.82391], [151.27784, -23.82392], [151.29444, -23.85809], [151.31594, -23.85733], [151.32487, -23.86151], [151.34555, -23.89593], [151.40343, -23.94976], [151.424, -23.97459], [151.44093, -24.00555], [151.44825, -24.00905], [151.4651, -23.98847], [151.48097, -23.98896], [151.49754, -23.99469], [151.53743, -24.02187], [151.5476, -24.03631], [151.54655, -24.04241], [151.53403, -24.05364], [151.53533, -24.07285], [151.54029, -24.08408], [151.55055, -24.0914], [151.56813, -24.09832], [151.58181, -24.04374], [151.59547, -24.05674], [151.62224, -24.05089], [151.66668, -24.08538], [151.69166, -24.09832], [151.67612, -24.04665], [151.66375, -24.03004], [151.62144, -24.00603], [151.61591, -23.99586], [151.6238, -23.98407], [151.64112, -23.97837], [151.67798, -23.98163], [151.71306, -24.01214], [151.73258, -24.01638], [151.73258, -24.02255], [151.70997, -24.04274], [151.72104, -24.05869], [151.73959, -24.06341], [151.73944, -24.05048], [151.78044, -24.02258], [151.78614, -24.08864], [151.79705, -24.12119], [151.81137, -24.14235], [151.83619, -24.16351], [151.85182, -24.17156], [151.86988, -24.17344], [151.87672, -24.17344], [151.88967, -24.14862], [151.89771, -24.14545], [151.90398, -24.18711], [151.93734, -24.21787], [152.00367, -24.41041], [152.0586, -24.51393], [152.08464, -24.53168], [152.12306, -24.59173], [152.1504, -24.61907], [152.30616, -24.72422], [152.34595, -24.73017], [152.40479, -24.74872], [152.43946, -24.77118], [152.46972, -24.8056], [152.4915, -24.84779], [152.49976, -24.89276], [152.49977, -24.97869], [152.50603, -24.99944], [152.59213, -25.12086], [152.63239, -25.14297], [152.63696, -25.16033], [152.62571, -25.17291], [152.60279, -25.17457], [152.57862, -25.16717], [152.57154, -25.16937], [152.56772, -25.17864], [152.61905, -25.19114], [152.63746, -25.2016], [152.67709, -25.24188], [152.69703, -25.25189], [152.77201, -25.26451], [152.81512, -25.28387], [152.81773, -25.2475], [152.82879, -25.24229], [152.8357, -25.24725], [152.84254, -25.27093], [152.85328, -25.27646], [152.91382, -25.2877], [152.9318, -25.41668], [152.88706, -25.44459], [152.87037, -25.47568], [152.89039, -25.46852], [152.94419, -25.43728], [152.9624, -25.43744], [152.96907, -25.45281], [152.93865, -25.47568], [152.94581, -25.4865], [152.96614, -25.49725], [152.95573, -25.51311], [152.91879, -25.54371], [152.90504, -25.56072], [152.89772, -25.58489], [152.9095, -25.6443], [152.90796, -25.6696], [152.88404, -25.67425], [152.89381, -25.68816], [152.93863, -25.71591], [152.91814, -25.7221], [152.92701, -25.74017], [152.94288, -25.75319], [152.9834, -25.76361], [153.02124, -25.82513], [153.02787, -25.84499], [153.03483, -25.90336], [153.02125, -25.92742], [153.02125, -25.96901], [153.02801, -25.96901], [153.06153, -25.90358], [153.06418, -25.85302], [153.07521, -25.83807], [153.06157, -25.81759], [153.07715, -25.8253], [153.08399, -25.83604], [153.08937, -25.86541], [153.11004, -25.91717], [153.12159, -25.93377], [153.14894, -25.94354], [153.18068, -25.94476], [153.20556, -25.93501], [153.14178, -26.06146], [153.07748, -26.28086], [153.07407, -26.31658], [153.07976, -26.35198], [153.08937, -26.36631], [153.10353, -26.37347], [153.12915, -26.37811], [153.13721, -26.393], [153.12241, -26.42327], [153.11345, -26.45745], [153.11004, -26.6469], [153.11988, -26.6749], [153.15088, -26.68475], [153.14405, -26.75058], [153.15008, -26.78183], [153.16113, -26.79827], [153.15211, -26.80592], [153.14649, -26.82391], [153.14617, -26.89178], [153.15252, -26.92498], [153.20622, -27.04608], [153.2102, -27.07724], [153.19174, -27.09929], [153.15455, -27.08424], [153.11655, -27.08994], [153.0822, -27.11045], [153.04786, -27.15228], [153.03842, -27.17344], [153.03826, -27.19345], [153.05836, -27.20232], [153.07993, -27.20338], [153.09107, -27.20257], [153.1128, -27.19103], [153.11743, -27.19696], [153.11361, -27.24236], [153.10384, -27.25415], [153.07203, -27.27467], [153.06137, -27.29453], [153.06495, -27.31048], [153.08937, -27.33213], [153.15113, -27.35223], [153.16797, -27.36371], [153.17749, -27.3825], [153.18409, -27.4284], [153.19174, -27.4494], [153.20777, -27.46502], [153.25049, -27.47276], [153.26845, -27.49655], [153.28125, -27.52386], [153.28549, -27.54656], [153.30762, -27.57806], [153.3108, -27.64031], [153.31544, -27.65488], [153.34546, -27.6867], [153.36199, -27.73211], [153.39971, -27.76602], [153.40971, -27.78171], [153.40187, -27.80918], [153.41147, -27.81561], [153.42709, -27.81072], [153.43898, -27.79145], [153.4458, -27.79145], [153.44555, -27.81048], [153.43019, -27.87851], [153.43213, -27.93527], [153.4183, -27.90879], [153.40903, -27.9179], [153.39991, -27.9542], [153.40406, -27.97015], [153.41334, -27.97617], [153.43897, -27.949], [153.44509, -27.98117], [153.44947, -28.07317], [153.53199, -28.17791], [153.5625, -28.17499], [153.57056, -28.19378], [153.58123, -28.24676], [153.59106, -28.26849], [153.59083, -28.31836], [153.56349, -28.46087], [153.56251, -28.50457], [153.57602, -28.58961], [153.58424, -28.60809], [153.62093, -28.64447], [153.63061, -28.66156], [153.61695, -28.69573], [153.61963, -28.72958], [153.60133, -28.76141], [153.60011, -28.78338], [153.61011, -28.8261], [153.60595, -28.86744], [153.58227, -28.89608], [153.52133, -28.94345], [153.4756, -29.00018], [153.45379, -29.03558], [153.43621, -29.08514], [153.4458, -29.15162], [153.4183, -29.16497], [153.3506, -29.28102], [153.34034, -29.32269], [153.34946, -29.3611], [153.3667, -29.38275], [153.36995, -29.39666], [153.35646, -29.42401], [153.36377, -29.47039], [153.35206, -29.49], [153.34399, -29.53541], [153.32447, -29.57586], [153.32228, -29.59759], [153.3291, -29.6181], [153.31544, -29.64227], [153.32162, -29.69752], [153.2964, -29.73504], [153.28842, -29.77125], [153.29492, -29.82659], [153.27377, -29.85735], [153.27145, -29.90187], [153.26009, -29.94329], [153.22446, -29.98691], [153.21665, -30.0071], [153.2024, -30.02467], [153.19923, -30.03582], [153.20556, -30.07366], [153.2038, -30.12891], [153.1897, -30.17473], [153.13722, -30.25799], [153.14642, -30.28627], [153.13208, -30.32382], [153.08937, -30.38893], [153.07544, -30.43841], [153.05055, -30.47332], [153.02307, -30.57551], [153.01807, -30.63307], [153.00799, -30.65162], [153.01094, -30.65557], [152.9878, -30.73463], [152.99985, -30.75113], [153.005, -30.83581], [153.02752, -30.87558], [153.05453, -30.893], [153.06463, -30.89349], [153.07212, -30.88195], [153.08626, -30.89471], [153.08935, -30.90569], [153.08198, -30.94372], [153.06333, -30.95959], [153.0466, -30.99275], [153.03988, -31.02996], [153.04592, -31.04657], [153.05788, -31.05164], [153.05949, -31.0772], [153.00888, -31.12225], [152.98062, -31.16592], [152.9792, -31.19924], [152.95989, -31.24032], [152.9704, -31.25568], [152.97672, -31.32], [152.93259, -31.36601], [152.91783, -31.39525], [152.91644, -31.42066], [152.93434, -31.4384], [152.94034, -31.46226], [152.93456, -31.48261], [152.87659, -31.53245], [152.84538, -31.56932], [152.8499, -31.59978], [152.83656, -31.6252], [152.84852, -31.64422], [152.83215, -31.65568], [152.78895, -31.70401], [152.80389, -31.71923], [152.80092, -31.7332], [152.77555, -31.75485], [152.74418, -31.79302], [152.73673, -31.82735], [152.7472, -31.84258], [152.71578, -31.85917], [152.69287, -31.88534], [152.60925, -31.94585], [152.54637, -32.04368], [152.55533, -32.07163], [152.52833, -32.0971], [152.51008, -32.16188], [152.51695, -32.17739], [152.53567, -32.18321], [152.54538, -32.19689], [152.56478, -32.20603], [152.56949, -32.21933], [152.54656, -32.24627], [152.52596, -32.28166], [152.52704, -32.31266], [152.55444, -32.32123], [152.54078, -32.34173], [152.5205, -32.41018], [152.52156, -32.42749], [152.53986, -32.44209], [152.40239, -32.48943], [152.35356, -32.51492], [152.29476, -32.55959], [152.28592, -32.58879], [152.23586, -32.607], [152.19199, -32.65267], [152.1875, -32.66914], [152.21922, -32.69719], [152.20558, -32.69792], [152.19068, -32.68426], [152.17075, -32.68425], [152.13673, -32.66375], [152.10938, -32.68425], [152.06088, -32.69793], [152.0923, -32.71844], [152.16733, -32.71845], [152.19042, -32.72541], [152.19775, -32.72991], [152.19093, -32.73659], [152.18506, -32.76677], [152.15016, -32.76605], [152.14015, -32.7702], [152.12275, -32.79001], [152.10939, -32.79411], [152.05943, -32.78525], [151.98493, -32.79875], [151.87566, -32.84209], [151.83403, -32.86497], [151.79924, -32.89368], [151.80355, -32.91936], [151.7725, -32.9456], [151.74886, -32.95702], [151.73764, -32.972], [151.73437, -33.01482], [151.7038, -33.02852], [151.67058, -33.06113], [151.66568, -33.08734], [151.65292, -33.11043], [151.64673, -33.1447], [151.63494, -33.15862], [151.62598, -33.19158], [151.61225, -33.20754], [151.58999, -33.21894], [151.56895, -33.24422], [151.56318, -33.26501], [151.57601, -33.28248], [151.56895, -33.29222], [151.51535, -33.32706], [151.51548, -33.31667], [151.53226, -33.30293], [151.54087, -33.27754], [151.51611, -33.26111], [151.49102, -33.27361], [151.4538, -33.3042], [151.45273, -33.31152], [151.46972, -33.32821], [151.4427, -33.33422], [151.45123, -33.35546], [151.47455, -33.363], [151.4953, -33.3396], [151.50498, -33.34375], [151.50385, -33.35979], [151.49, -33.37453], [151.48584, -33.39402], [151.4453, -33.43597], [151.45199, -33.44499], [151.4509, -33.45311], [151.43906, -33.46358], [151.44751, -33.48645], [151.42788, -33.49441], [151.43245, -33.50953], [151.42415, -33.52776], [151.40726, -33.53454], [151.38005, -33.53679], [151.36268, -33.5321], [151.34311, -33.54826], [151.32057, -33.55135], [151.30877, -33.54762], [151.28289, -33.56211], [151.26646, -33.5612], [151.25555, -33.5468], [151.24594, -33.52109], [151.23072, -33.53493], [151.22682, -33.55486], [151.23406, -33.57334], [151.25277, -33.58246], [151.24195, -33.59588], [151.2256, -33.60223], [151.2256, -33.60906], [151.24952, -33.60638], [151.28164, -33.5729], [151.29931, -33.57063], [151.30998, -33.57888], [151.2915, -33.63653], [151.29526, -33.64878], [151.30909, -33.63753], [151.32547, -33.59207], [151.34074, -33.61747], [151.30918, -33.69297], [151.30445, -33.72617], [151.31763, -33.74697], [151.30469, -33.82536], [151.29176, -33.82984], [151.26637, -33.82838], [151.25278, -33.84246], [151.24692, -33.85638], [151.24732, -33.86728], [151.25473, -33.8742], [151.26987, -33.87664], [151.28012, -33.8707], [151.28785, -33.8564], [151.29443, -33.87038], [151.29248, -33.89178], [151.27369, -33.93743], [151.28133, -33.95253], [151.26727, -33.98194], [151.24936, -34.00382], [151.20192, -33.95916], [151.1823, -33.96347], [151.17602, -33.98748], [151.16406, -34.00074], [151.14536, -34.00367], [151.10629, -34.00091], [151.09522, -34.01442], [151.12549, -34.02045], [151.14356, -34.03281], [151.14918, -34.032], [151.16034, -34.01751], [151.23226, -34.02411], [151.2312, -34.04046], [151.22583, -34.04704], [151.17555, -34.04664], [151.16407, -34.05478], [151.14918, -34.0783], [151.13608, -34.0827], [151.177, -34.08954], [151.17708, -34.10035], [151.16894, -34.11011], [151.09611, -34.16293], [151.06836, -34.17511], [151.02796, -34.2008], [150.96895, -34.26267], [150.92492, -34.33042], [150.92826, -34.36348], [150.90805, -34.40764], [150.90305, -34.45086], [150.91885, -34.4864], [150.89778, -34.50208], [150.8872, -34.5302], [150.8733, -34.54549], [150.85501, -34.54143], [150.86703, -34.52256], [150.86085, -34.51328], [150.84132, -34.51068], [150.80095, -34.54827], [150.81218, -34.56121], [150.84205, -34.56171], [150.89723, -34.60117], [150.91693, -34.60345], [150.88364, -34.60703], [150.87045, -34.62672], [150.84795, -34.75149], [150.83374, -34.7824], [150.77931, -34.8069], [150.75342, -34.85808], [150.72706, -34.87412], [150.75408, -34.89332], [150.77848, -34.90163], [150.77685, -34.91008], [150.76401, -34.91741], [150.74578, -34.91815], [150.75416, -34.92815], [150.77613, -34.93581], [150.78735, -34.94549], [150.7798, -34.9529], [150.78735, -34.95973], [150.77622, -34.98699], [150.79615, -35.004], [150.85156, -35.01492], [150.85498, -35.02166], [150.8436, -35.05413], [150.84473, -35.07724], [150.80714, -35.11051], [150.7781, -35.07854], [150.79282, -35.05047], [150.78127, -35.02858], [150.78736, -35.01491], [150.76759, -35.00726], [150.69557, -35.02614], [150.68702, -35.03899], [150.6775, -35.07578], [150.69694, -35.07978], [150.70476, -35.1242], [150.72104, -35.13519], [150.75262, -35.1247], [150.76685, -35.12421], [150.76953, -35.14886], [150.75944, -35.17888], [150.75147, -35.18319], [150.7352, -35.18084], [150.70477, -35.19938], [150.68442, -35.17604], [150.63722, -35.17929], [150.58595, -35.19622], [150.55397, -35.21356], [150.53958, -35.24794], [150.48911, -35.30576], [150.48504, -35.35019], [150.49191, -35.37334], [150.48503, -35.38437], [150.45094, -35.40846], [150.44547, -35.42546], [150.40992, -35.46689], [150.40649, -35.54876], [150.38966, -35.55788], [150.37232, -35.57887], [150.33253, -35.63942], [150.30689, -35.70029], [150.2918, -35.72265], [150.27369, -35.73063], [150.25343, -35.72624], [150.23178, -35.71331], [150.19093, -35.72682], [150.2181, -35.75116], [150.22584, -35.7789], [150.23859, -35.79973], [150.23861, -35.8331], [150.23242, -35.84384], [150.19093, -35.85719], [150.14975, -35.89821], [150.16341, -35.95664], [150.14868, -36.06258], [150.12966, -36.05949], [150.10678, -36.0486], [150.08774, -36.06268], [150.09018, -36.07529], [150.08155, -36.08375], [150.09702, -36.08131], [150.10229, -36.07646], [150.13574, -36.09776], [150.14331, -36.11443], [150.12306, -36.1526], [150.1211, -36.17376], [150.14481, -36.2531], [150.14648, -36.27353], [150.13282, -36.2824], [150.14233, -36.32], [150.13818, -36.33], [150.0923, -36.36785], [150.07049, -36.40634], [150.06739, -36.42929], [150.07422, -36.46331], [150.05356, -36.50091], [150.06575, -36.56658], [149.99537, -36.68646], [149.97949, -36.76995], [149.96498, -36.79467], [149.93002, -36.8305], [149.93989, -36.85316], [149.93481, -36.8707], [149.90968, -36.90553], [149.90382, -36.9284], [149.91139, -36.93857], [149.94368, -36.95339], [149.92311, -36.98349], [149.92018, -37.00262], [149.94004, -37.03413], [149.94157, -37.06218], [149.93231, -37.07096], [149.92254, -37.06178], [149.87615, -37.09588], [149.88209, -37.1076], [149.89666, -37.11932], [149.9131, -37.12469], [149.94605, -37.11925], [149.99775, -37.15067], [150.01131, -37.1732], [150.01954, -37.22088], [150.05354, -37.26873], [150.05355, -37.27612], [150.00734, -37.25937], [149.98536, -37.25905], [149.96437, -37.26873], [149.95102, -37.28428], [149.95134, -37.29974], [149.97168, -37.33758], [149.95729, -37.37786], [149.9568, -37.41546], [149.98535, -37.49586], [149.95313, -37.53085], [149.89606, -37.54862], [149.77871, -37.55607], [149.79135, -37.54795], [149.78615, -37.53556], [149.79786, -37.51971], [149.79396, -37.51084], [149.78272, -37.51279], [149.77247, -37.52938], [149.71844, -37.5158], [149.76145, -37.5663], [149.76627, -37.58408], [149.75756, -37.59709], [149.72543, -37.62029], [149.71167, -37.64853], [149.67865, -37.69079], [149.66667, -37.70012], [149.61524, -37.71038], [149.59497, -37.73479], [149.53207, -37.74627], [149.51246, -37.7553], [149.49097, -37.78335], [149.34107, -37.78672], [149.299, -37.79852], [149.27223, -37.82348], [149.26109, -37.81031], [149.25856, -37.7929], [149.25318, -37.78948], [149.17311, -37.7902], [149.15236, -37.78638], [149.13559, -37.77581], [149.09278, -37.78964], [148.94386, -37.78948], [148.90219, -37.79631], [148.78631, -37.79811], [148.72413, -37.82349], [148.60402, -37.81113], [148.30641, -37.82342], [148.13063, -37.85711], [147.91652, -37.91855], [147.75758, -37.98512], [147.58937, -38.08066], [147.39552, -38.22015], [147.18075, -38.39782], [147.08277, -38.47283], [146.98364, -38.57219], [146.88445, -38.6386], [146.84766, -38.68498], [146.83645, -38.68238], [146.83206, -38.67279], [146.84653, -38.6596], [146.83025, -38.65472], [146.68881, -38.6801], [146.61769, -38.67913], [146.57471, -38.70321], [146.50392, -38.70062], [146.45867, -38.71014], [146.43279, -38.71966], [146.41179, -38.73983], [146.39113, -38.726], [146.36744, -38.70062], [146.35043, -38.695], [146.25571, -38.70175], [146.22413, -38.71445], [146.18238, -38.75596], [146.21598, -38.78379], [146.23707, -38.81797], [146.26391, -38.82041], [146.26661, -38.86338], [146.27027, -38.87322], [146.28491, -38.87933], [146.27768, -38.89935], [146.28639, -38.90984], [146.30291, -38.91188], [146.31902, -38.90667], [146.355, -38.86859], [146.37371, -38.85834], [146.4109, -38.85516], [146.42141, -38.81797], [146.43264, -38.80145], [146.44777, -38.79031], [146.46354, -38.79128], [146.47672, -38.81048], [146.47047, -38.82383], [146.46925, -38.86924], [146.48291, -38.9], [146.48291, -38.92408], [146.45411, -38.94931], [146.43507, -39.01995], [146.44467, -39.03037], [146.46617, -39.02379], [146.48339, -39.06463], [146.47787, -39.0717], [146.44858, -39.07806], [146.43434, -39.08913], [146.43896, -39.10809], [146.43506, -39.12639], [146.41065, -39.14315], [146.39397, -39.14486], [146.3358, -39.11858], [146.32587, -39.10589], [146.32262, -39.08897], [146.34148, -39.07781], [146.34693, -39.06439], [146.34034, -39.05527], [146.29852, -39.03768], [146.26399, -38.99621], [146.25099, -38.93963], [146.18165, -38.86834], [146.09181, -38.81976], [146.01734, -38.83164], [146.00815, -38.84694], [146.00366, -38.89641], [145.93897, -38.90878], [145.92116, -38.90666], [145.89649, -38.8292], [145.85524, -38.75954], [145.82154, -38.71795], [145.76784, -38.67473], [145.7572, -38.65962], [145.785, -38.66865], [145.82553, -38.69622], [145.85353, -38.70062], [145.83302, -38.66912], [145.80934, -38.65016], [145.77735, -38.64088], [145.73308, -38.6386], [145.69923, -38.64625], [145.63949, -38.67741], [145.59962, -38.6801], [145.57082, -38.66171], [145.52947, -38.59344], [145.51368, -38.57838], [145.44809, -38.55047], [145.37306, -38.5368], [145.37307, -38.53054], [145.42026, -38.51531], [145.43385, -38.50213], [145.42076, -38.48895], [145.43116, -38.47576], [145.43458, -38.45973], [145.43116, -38.4428], [145.42076, -38.42694], [145.45184, -38.41327], [145.48227, -38.42693], [145.50611, -38.42409], [145.5316, -38.39903], [145.5569, -38.38519], [145.55437, -38.36859], [145.54005, -38.35198], [145.51549, -38.33904], [145.52394, -38.3108], [145.47657, -38.24489], [145.46437, -38.23455], [145.42986, -38.22682], [145.38331, -38.23454], [145.34571, -38.23455], [145.32765, -38.24723], [145.29656, -38.2317], [145.27174, -38.23317], [145.25587, -38.24147], [145.2644, -38.25555], [145.23911, -38.28191], [145.23169, -38.30624], [145.21062, -38.31439], [145.2024, -38.32448], [145.20281, -38.33571], [145.21858, -38.35036], [145.22282, -38.36199], [145.229, -38.41325], [145.13657, -38.40081], [145.11297, -38.40643], [145.09229, -38.43628], [145.06072, -38.445], [145.05047, -38.45599], [145.03728, -38.48211], [145.04467, -38.48894], [145.02437, -38.49393], [144.95533, -38.49879], [144.94459, -38.51034], [144.92108, -38.50302], [144.88641, -38.4821], [144.72902, -38.35133], [144.71119, -38.34206], [144.67678, -38.33318], [144.67304, -38.32334], [144.67661, -38.3166], [144.69337, -38.32635], [144.72877, -38.33132], [144.74805, -38.34223], [144.78346, -38.37273], [144.80397, -38.37908], [144.89324, -38.37282], [144.9529, -38.34793], [144.98292, -38.3414], [144.99806, -38.32391], [144.99148, -38.30495], [145.02369, -38.28289], [145.03744, -38.2486], [145.11931, -38.15936], [145.12916, -38.12615], [145.1255, -38.08815], [145.1102, -38.05169], [145.08497, -38.02353], [145.04469, -38.0092], [145.02725, -37.99641], [145.00247, -37.96005], [144.98268, -37.89935], [144.96314, -37.88193], [144.93482, -37.86793], [144.91147, -37.86981], [144.90698, -37.89934], [144.84205, -37.89316], [144.82545, -37.89853], [144.80444, -37.94084], [144.77863, -37.95416], [144.73365, -37.96795], [144.67204, -38.01717], [144.55844, -38.04762], [144.53126, -38.07155], [144.52328, -38.08424], [144.52807, -38.10491], [144.5171, -38.11158], [144.49807, -38.10864], [144.48243, -38.09734], [144.45411, -38.10637], [144.39503, -38.10662], [144.37306, -38.11842], [144.36256, -38.14658], [144.38185, -38.15781], [144.43385, -38.15937], [144.52361, -38.17799], [144.55812, -38.17303], [144.58204, -38.16326], [144.65358, -38.1247], [144.70476, -38.1461], [144.72509, -38.16481], [144.71516, -38.21441], [144.68784, -38.22145], [144.67042, -38.23805], [144.65357, -38.26181], [144.65283, -38.28581], [144.61158, -38.29256], [144.53012, -38.2903], [144.50212, -38.30266], [144.48927, -38.30339], [144.44484, -38.2903], [144.40187, -38.3012], [144.30974, -38.3567], [144.25935, -38.39587], [144.24903, -38.40161], [144.21485, -38.40643], [144.1875, -38.43433], [144.1364, -38.44736], [144.11622, -38.46851], [144.07146, -38.47527], [144.0525, -38.48577], [143.9992, -38.53362], [144.00016, -38.55641], [143.99235, -38.5678], [143.9795, -38.5756], [143.94117, -38.58514], [143.90551, -38.6438], [143.87989, -38.65692], [143.84511, -38.69102], [143.7046, -38.72812], [143.66675, -38.79012], [143.64625, -38.79013], [143.61085, -38.80657], [143.57301, -38.84311], [143.5564, -38.85393], [143.53696, -38.85832], [143.51735, -38.85018], [143.46716, -38.81476], [143.45118, -38.79681], [143.35743, -38.75823], [143.33448, -38.75596], [143.24155, -38.76278], [143.2234, -38.75627], [143.18609, -38.7267], [143.17888, -38.71111], [143.11866, -38.66644], [143.06007, -38.63592], [142.94744, -38.61874], [142.90024, -38.60117], [142.87135, -38.5966], [142.84799, -38.58514], [142.81024, -38.57837], [142.76197, -38.53704], [142.73514, -38.52567], [142.65382, -38.47275], [142.58986, -38.44312], [142.55307, -38.41953], [142.52833, -38.40789], [142.5154, -38.40642], [142.50245, -38.37444], [142.4878, -38.37282], [142.47853, -38.37656], [142.46753, -38.40641], [142.44417, -38.39697], [142.41066, -38.37176], [142.39772, -38.36712], [142.31284, -38.36696], [142.28191, -38.37379], [142.26953, -38.39275], [142.22462, -38.40568], [142.17573, -38.39873], [142.09084, -38.3654], [141.9852, -38.299], [141.94679, -38.28289], [141.8991, -38.28288], [141.86451, -38.27109], [141.76197, -38.26181], [141.72145, -38.26751], [141.67254, -38.28427], [141.63209, -38.30877], [141.61785, -38.33815], [141.62379, -38.35361], [141.65198, -38.38626], [141.65397, -38.39983], [141.64796, -38.40275], [141.62149, -38.39905], [141.60141, -38.39227], [141.57325, -38.41326], [141.55787, -38.4397], [141.54264, -38.43415], [141.50799, -38.38649], [141.48308, -38.37624], [141.43442, -38.37509], [141.42236, -38.40276], [141.41033, -38.4065], [141.3794, -38.39281], [141.37087, -38.38649], [141.39137, -38.35866], [141.39991, -38.33636], [141.39112, -38.30608], [141.21388, -38.17303], [141.13429, -38.12762], [140.95143, -38.05429], [140.71355, -38.07056], [140.66921, -38.06177], [140.62501, -38.03688], [140.60239, -38.03776], [140.47326, -37.94859], [140.47322, -37.8856], [140.48282, -37.83939], [140.48012, -37.83214], [140.46932, -37.82922], [140.40535, -37.84659], [140.35505, -37.85408], [140.33717, -37.81609], [140.28778, -37.74879], [140.24057, -37.66595], [140.21314, -37.64251], [140.13723, -37.5953], [140.11021, -37.5704], [140.11021, -37.56358], [140.13429, -37.55674], [140.13168, -37.53737], [140.11427, -37.51751], [140.0827, -37.50505], [140.06324, -37.49098], [140.03647, -37.48252], [140.02524, -37.48463], [140.02148, -37.50154], [139.98806, -37.48707], [139.79511, -37.26893], [139.78936, -37.258], [139.79709, -37.23694], [139.77174, -37.22415], [139.74156, -37.18084], [139.74742, -37.17084], [139.78126, -37.1526], [139.78834, -37.12624], [139.73988, -37.05663], [139.73569, -37.01873], [139.72918, -37.00384], [139.71225, -36.98805], [139.67564, -36.96819], [139.67206, -36.95339], [139.78484, -36.90203], [139.81544, -36.879], [139.84213, -36.84588], [139.85719, -36.80877], [139.86354, -36.76727], [139.85711, -36.63494], [139.72902, -36.37233], [139.68371, -36.29141], [139.73327, -36.25665], [139.76947, -36.23737], [139.84797, -36.20791], [139.89341, -36.19702], [139.89867, -36.18596], [139.84122, -36.08878], [139.76475, -35.9874], [139.75364, -35.98603], [139.68875, -36.01627], [139.60089, -36.04012], [139.59376, -36.02256], [139.47543, -35.89642], [139.45777, -35.88299], [139.41815, -35.87167], [139.37599, -35.83001], [139.18678, -35.69069], [139.16774, -35.68596], [139.09457, -35.63209], [139.04135, -35.6041], [139.03616, -35.58685], [139.04136, -35.574], [139.05519, -35.56944], [139.07553, -35.57675], [139.07685, -35.55145], [139.08583, -35.53555], [139.11346, -35.51117], [139.13543, -35.49832], [139.15528, -35.50336], [139.18482, -35.52825], [139.23413, -35.54755], [139.23996, -35.56575], [139.22486, -35.61541], [139.2326, -35.63128], [139.25651, -35.63641], [139.25366, -35.65178], [139.22486, -35.67588], [139.2295, -35.68939], [139.29762, -35.70062], [139.3152, -35.70029], [139.33806, -35.68743], [139.33767, -35.64764], [139.36036, -35.60784], [139.35572, -35.59336], [139.28443, -35.53851], [139.27076, -35.53135], [139.23594, -35.52447], [139.22268, -35.51799], [139.21894, -35.50726], [139.23048, -35.50059], [139.26051, -35.49424], [139.27394, -35.48212], [139.28411, -35.48061], [139.35043, -35.49293], [139.36101, -35.48952], [139.37306, -35.47674], [139.3755, -35.46396], [139.34988, -35.42897], [139.36427, -35.38893], [139.36297, -35.37689], [139.35133, -35.37021], [139.3152, -35.39786], [139.30144, -35.35662], [139.26759, -35.33131], [139.22316, -35.31878], [139.17799, -35.31536], [139.18523, -35.32439], [139.19848, -35.32903], [139.18441, -35.34385], [139.1023, -35.38914], [139.04693, -35.39074], [139.02768, -35.38437], [138.9817, -35.40008], [138.96119, -35.41383], [138.95265, -35.43581], [138.95688, -35.4638], [138.96909, -35.47536], [139.014, -35.48676], [139.03141, -35.49701], [139.03792, -35.5084], [139.03093, -35.5175], [139.0069, -35.52137], [138.97446, -35.50994], [138.91782, -35.50107], [138.89861, -35.47918], [138.88111, -35.47112], [138.80372, -35.47576], [138.79379, -35.48398], [138.8086, -35.50107], [138.82634, -35.50701], [138.91, -35.50994], [138.94663, -35.53639], [138.97934, -35.52825], [138.99975, -35.53875], [138.99341, -35.54753], [138.94898, -35.55625], [138.90756, -35.54876], [138.882, -35.56063], [138.86948, -35.56177], [138.81446, -35.539], [138.79127, -35.53509], [138.74586, -35.53875], [138.63901, -35.56707], [138.6228, -35.59563], [138.6058, -35.61003], [138.5691, -35.63127], [138.53126, -35.64592], [138.43675, -35.6578], [138.28053, -35.65178], [138.28053, -35.6443], [138.2438, -35.66263], [138.20167, -35.67163], [138.17677, -35.66821], [138.15838, -35.65984], [138.10745, -35.62069], [138.105, -35.61045], [138.12264, -35.55558], [138.13879, -35.54066], [138.15963, -35.52883], [138.26099, -35.48828], [138.28728, -35.4699], [138.35647, -35.38454], [138.40895, -35.36386], [138.43816, -35.34271], [138.44451, -35.32203], [138.44111, -35.28167], [138.44558, -35.26084], [138.4673, -35.23968], [138.47218, -35.22723], [138.47193, -35.21461]], [[137.68128, -28.44538], [137.69135, -28.38669], [137.70705, -28.33142], [137.74378, -28.22824], [137.76256, -28.43181], [137.77123, -28.43915], [137.78132, -28.43491], [137.83434, -28.25626], [137.83771, -28.21539], [137.83159, -28.18081], [137.81685, -28.1506], [137.74348, -28.06944], [137.73196, -28.07284], [137.7309, -28.08694], [137.64168, -28.06091], [137.53672, -28.04665], [137.42121, -28.04121], [137.30157, -28.04194], [136.98192, -28.05405], [136.91825, -28.05258], [136.90941, -28.05849], [136.90059, -28.18104], [136.91416, -28.31457], [136.94363, -28.45071], [137.06433, -28.8677], [137.09404, -29.00535], [137.11032, -29.1335], [137.12092, -29.13478], [137.16438, -29.11325], [137.21268, -29.07705], [137.25488, -29.03464], [137.44146, -28.78094], [137.48093, -28.94919], [137.49894, -29.07175], [137.50087, -29.13211], [137.49608, -29.18998], [137.48299, -29.24432], [137.45631, -29.29], [137.41788, -29.321], [137.28337, -29.3874], [137.24866, -29.42124], [137.22847, -29.46907], [137.22941, -29.54125], [137.37019, -29.57804], [137.49784, -29.55926], [137.61004, -29.49399], [137.69876, -29.39697], [137.76641, -29.27508], [137.80895, -29.14255], [137.82507, -29.00897], [137.81264, -28.88429], [137.79389, -28.82252], [137.77098, -28.76962], [137.70142, -28.62904], [137.68607, -28.57702], [137.67861, -28.5174], [137.68128, -28.44538]]], [[[124.25439, -16.38235], [124.25009, -16.39422], [124.23308, -16.3904], [124.21778, -16.37859], [124.21404, -16.35779], [124.21638, -16.34743], [124.22331, -16.34882], [124.22275, -16.3602], [124.23511, -16.37103], [124.23805, -16.38201], [124.24675, -16.37739], [124.25439, -16.38235]]], [[[123.60564, -16.32692], [123.62667, -16.34458], [123.62664, -16.35491], [123.62322, -16.35498], [123.60533, -16.33985], [123.60028, -16.32724], [123.60564, -16.32692]]], [[[123.52125, -16.26271], [123.53102, -16.26198], [123.53947, -16.25589], [123.53419, -16.27101], [123.52281, -16.2776], [123.52296, -16.27272], [123.50636, -16.25774], [123.52125, -16.26271]]], [[[123.87648, -16.24301], [123.87794, -16.23514], [123.88144, -16.2357], [123.9375, -16.27533], [123.9349, -16.28044], [123.91001, -16.27857], [123.8947, -16.25775], [123.86079, -16.23838], [123.87648, -16.24301]]], [[[124.09524, -16.25116], [124.09995, -16.23887], [124.10995, -16.23903], [124.11135, -16.23043], [124.1163, -16.23927], [124.11883, -16.23553], [124.14239, -16.24863], [124.1128, -16.25156], [124.1019, -16.25774], [124.09524, -16.25116]]], [[[123.52313, -16.15863], [123.50945, -16.16496], [123.50352, -16.16009], [123.51092, -16.14293], [123.5223, -16.14366], [123.52313, -16.15863]]], [[[124.07497, -16.13667], [124.08866, -16.14964], [124.09342, -16.16294], [124.09083, -16.16732], [124.06024, -16.15447], [124.05756, -16.15081], [124.06186, -16.14715], [124.06251, -16.13185], [124.07244, -16.1404], [124.07497, -16.13667]]], [[[123.71485, -16.10728], [123.73089, -16.11541], [123.77149, -16.12412], [123.78029, -16.11485], [123.78764, -16.11666], [123.78419, -16.13177], [123.79297, -16.14438], [123.78566, -16.15081], [123.78662, -16.15585], [123.76498, -16.14878], [123.76914, -16.15846], [123.75945, -16.15594], [123.73032, -16.13136], [123.70004, -16.11745], [123.68872, -16.11649], [123.68232, -16.11118], [123.71485, -16.10728]]], [[[124.08879, -16.11548], [124.08676, -16.10923], [124.07618, -16.11947], [124.07097, -16.11728], [124.06332, -16.12298], [124.05894, -16.12127], [124.06528, -16.10996], [124.0543, -16.1102], [124.06732, -16.08507], [124.08082, -16.08897], [124.09521, -16.10484], [124.09448, -16.11573], [124.08879, -16.11548]]], [[[123.58247, -16.08416], [123.59893, -16.08421], [123.63623, -16.09695], [123.63834, -16.10027], [123.62664, -16.10645], [123.6054, -16.09912], [123.58247, -16.08416]]], [[[123.55493, -16.09279], [123.54567, -16.0996], [123.54103, -16.08603], [123.5333, -16.09334], [123.52468, -16.08505], [123.52069, -16.06748], [123.52776, -16.05788], [123.53549, -16.05698], [123.55749, -16.07225], [123.55786, -16.07626], [123.5525, -16.07537], [123.54965, -16.0866], [123.55493, -16.09279]]], [[[123.54883, -16.04226], [123.54876, -16.04692], [123.53891, -16.04982], [123.53882, -16.05478], [123.52554, -16.044], [123.5392, -16.03614], [123.54152, -16.04144], [123.54883, -16.04226]]], [[[124.46501, -15.94264], [124.45753, -15.94752], [124.44557, -15.98995], [124.44843, -15.9114], [124.4546, -15.90895], [124.45696, -15.90172], [124.46274, -15.9105], [124.45908, -15.92116], [124.46192, -15.91847], [124.46501, -15.94264]]], [[[124.58806, -15.90538], [124.59254, -15.9109], [124.59287, -15.92409], [124.57984, -15.95386], [124.56804, -15.95265], [124.54867, -15.9668], [124.53029, -15.96818], [124.54168, -15.93768], [124.56088, -15.92954], [124.57277, -15.90945], [124.58806, -15.90538]]], [[[124.63203, -15.38882], [124.65013, -15.39512], [124.61617, -15.41151], [124.62371, -15.39951], [124.63203, -15.38882]]], [[[124.78931, -15.26537], [124.80714, -15.23147], [124.84025, -15.24359], [124.85246, -15.25872], [124.84343, -15.27475], [124.83399, -15.27736], [124.82333, -15.28874], [124.80462, -15.28411], [124.79014, -15.27385], [124.78931, -15.26537]]], [[[128.13136, -15.03755], [128.15202, -15.05243], [128.16261, -15.09726], [128.18678, -15.1076], [128.19856, -15.15229], [128.19678, -15.17555], [128.18678, -15.19018], [128.17408, -15.17409], [128.13411, -15.14671], [128.126, -15.13469], [128.1238, -15.0486], [128.13136, -15.03755]]], [[[128.42953, -14.96592], [128.43784, -14.98895], [128.44068, -15.03875], [128.41277, -15.01824], [128.35826, -14.95631], [128.35134, -14.93271], [128.34841, -14.88299], [128.35378, -14.86925], [128.37175, -14.87429], [128.38493, -14.8917], [128.41619, -14.95623], [128.42953, -14.96592]]], [[[129.50815, -14.78575], [129.53345, -14.79853], [129.57791, -14.86077], [129.58707, -14.88348], [129.59095, -14.90905], [129.59147, -14.96356], [129.58481, -14.94248], [129.55797, -14.90808], [129.50198, -14.79852], [129.50815, -14.78575]]], [[[135.71052, -14.85874], [135.70808, -14.85305], [135.7152, -14.85087], [135.72783, -14.83454], [135.74922, -14.83848], [135.76063, -14.84989], [135.76674, -14.86821], [135.76267, -14.90089], [135.72701, -14.8956], [135.7052, -14.9131], [135.69256, -14.90878], [135.68726, -14.90289], [135.71303, -14.88153], [135.7207, -14.86702], [135.71948, -14.86013], [135.71052, -14.85874]]], [[[129.58533, -14.82667], [129.58302, -14.80382], [129.60668, -14.81724], [129.62598, -14.83506], [129.6325, -14.84694], [129.63364, -14.8707], [129.62664, -14.87524], [129.61183, -14.86736], [129.58533, -14.82667]]], [[[129.67183, -14.78778], [129.70631, -14.79217], [129.72844, -14.80275], [129.7316, -14.80828], [129.71795, -14.81584], [129.6993, -14.81143], [129.67183, -14.78778]]], [[[128.33382, -14.7575], [128.31259, -14.764], [128.29657, -14.73846], [128.30169, -14.73538], [128.32317, -14.74408], [128.33382, -14.7575]]], [[[125.1499, -14.63844], [125.13747, -14.64762], [125.11859, -14.61716], [125.17813, -14.54332], [125.20491, -14.59302], [125.19288, -14.59588], [125.1696, -14.61109], [125.16139, -14.60784], [125.15358, -14.61094], [125.14698, -14.61712], [125.1499, -14.63844]]], [[[125.47335, -14.51149], [125.45052, -14.49576], [125.44428, -14.48164], [125.47267, -14.49228], [125.4821, -14.48473], [125.48593, -14.49204], [125.47335, -14.51149]]], [[[125.53792, -14.43825], [125.53338, -14.4485], [125.54256, -14.4516], [125.54573, -14.46022], [125.54021, -14.47129], [125.54192, -14.47625], [125.55322, -14.48025], [125.55159, -14.48691], [125.53159, -14.48854], [125.52508, -14.48349], [125.52044, -14.46404], [125.5119, -14.45541], [125.51223, -14.44732], [125.53231, -14.42402], [125.53792, -14.43825]]], [[[125.95795, -14.32449], [125.96753, -14.32587], [125.97233, -14.34409], [125.96136, -14.35491], [125.9572, -14.372], [125.94841, -14.38395], [125.92557, -14.3742], [125.93588, -14.36956], [125.95795, -14.32449]]], [[[126.00766, -14.30226], [126.02332, -14.30435], [126.04028, -14.31854], [126.0437, -14.32716], [126.03752, -14.33252], [126.02003, -14.33481], [126.01807, -14.34711], [126.01199, -14.34945], [125.99896, -14.3401], [125.9894, -14.30834], [125.994, -14.28925], [126.00123, -14.28486], [126.00505, -14.28664], [126.00766, -14.30226]]], [[[126.30926, -13.89985], [126.31538, -13.9014], [126.31592, -13.91741], [126.30625, -13.92692], [126.30219, -13.91985], [126.30316, -13.90838], [126.30926, -13.89985]]], [[[126.61084, -13.89423], [126.61084, -13.90105], [126.59864, -13.9052], [126.55568, -13.89422], [126.51515, -13.90487], [126.501, -13.87372], [126.52341, -13.87089], [126.58547, -13.88414], [126.61084, -13.89423]]], [[[136.20484, -13.84637], [136.21111, -13.82594], [136.18629, -13.77313], [136.17701, -13.76385], [136.15349, -13.77069], [136.15113, -13.79404], [136.15649, -13.83952], [136.12306, -13.82487], [136.11672, -13.81666], [136.11477, -13.72358], [136.15162, -13.7409], [136.16489, -13.74236], [136.1824, -13.68646], [136.19533, -13.66962], [136.21111, -13.6614], [136.24708, -13.67206], [136.25799, -13.69004], [136.28687, -13.70583], [136.28842, -13.72876], [136.26892, -13.74042], [136.24952, -13.74228], [136.24513, -13.75758], [136.26042, -13.75808], [136.28002, -13.79175], [136.2614, -13.79355], [136.24512, -13.83953], [136.23609, -13.84725], [136.20875, -13.85584], [136.19746, -13.8532], [136.20484, -13.84637]]], [[[136.10707, -13.47455], [136.08945, -13.47164], [136.07999, -13.47706], [136.07226, -13.47539], [136.07956, -13.45868], [136.07785, -13.45074], [136.08256, -13.44407], [136.08686, -13.45283], [136.10577, -13.45911], [136.10965, -13.46621], [136.10707, -13.47455]]], [[[136.13308, -13.5307], [136.14657, -13.51321], [136.13234, -13.49529], [136.12411, -13.47208], [136.13592, -13.43483], [136.13543, -13.40797], [136.12235, -13.39338], [136.11899, -13.3742], [136.09502, -13.36046], [136.11784, -13.36225], [136.13402, -13.3864], [136.1484, -13.38991], [136.18434, -13.44573], [136.20312, -13.4612], [136.19743, -13.47648], [136.17018, -13.45599], [136.17017, -13.47648], [136.15455, -13.47291], [136.16333, -13.51279], [136.14926, -13.53507], [136.14295, -13.56043], [136.13038, -13.54732], [136.13308, -13.5307]]], [[[136.10549, -12.1928], [136.1099, -12.17804], [136.11524, -12.17816], [136.11915, -12.1702], [136.12794, -12.17653], [136.13527, -12.17247], [136.1486, -12.17288], [136.15608, -12.19125], [136.10996, -12.20085], [136.10549, -12.1928]]], [[[131.00849, -12.12135], [131.02158, -12.10606], [131.04073, -12.10686], [131.04337, -12.12021], [131.03532, -12.13111], [131.00849, -12.12135]]], [[[132.41187, -12.08368], [132.41577, -12.11028], [132.40577, -12.13298], [132.38755, -12.13339], [132.33987, -12.09856], [132.34458, -12.08588], [132.35797, -12.07776], [132.38754, -12.07188], [132.41187, -12.08368]]], [[[134.87811, -12.10027], [134.85427, -12.03779], [134.88698, -12.05773], [134.90745, -12.05989], [134.92635, -12.06834], [134.93278, -12.08755], [134.92481, -12.1067], [134.90797, -12.11785], [134.88836, -12.11223], [134.87811, -12.10027]]], [[[131.1237, -12.05919], [131.12183, -12.07121], [131.09807, -12.07935], [131.0587, -12.07154], [131.10035, -12.05554], [131.1237, -12.05919]]], [[[134.94873, -12.05466], [134.90938, -12.03584], [134.90848, -12.02263], [134.95624, -12.01648], [134.96526, -12.02646], [134.98447, -12.03617], [134.98597, -12.04144], [134.94873, -12.05466]]], [[[136.1513, -12.07453], [136.13552, -12.06731], [136.12917, -12.05755], [136.13483, -12.03906], [136.12918, -12.01672], [136.16188, -12.03476], [136.20005, -11.99995], [136.21109, -12.00238], [136.20387, -12.02581], [136.20802, -12.03037], [136.21746, -12.02923], [136.25978, -12.01605], [136.27948, -11.9831], [136.29021, -11.97569], [136.31624, -11.9874], [136.30273, -12.01327], [136.26949, -12.03885], [136.21827, -12.05413], [136.19874, -12.07138], [136.18433, -12.07805], [136.1513, -12.07453]]], [[[135.11061, -11.92491], [135.12194, -11.9297], [135.10748, -11.94209], [135.0577, -11.95317], [135.04609, -11.9415], [135.0539, -11.91945], [135.11061, -11.92491]]], [[[135.98673, -11.85589], [135.94602, -11.9062], [135.94752, -11.8943], [135.94119, -11.88454], [135.98324, -11.85021], [135.98673, -11.85589]]], [[[136.09148, -11.7549], [136.07749, -11.77546], [136.07782, -11.75579], [136.08421, -11.74867], [136.10196, -11.74856], [136.09148, -11.7549]]], [[[135.15821, -11.71314], [135.15187, -11.71103], [135.14642, -11.70012], [135.14642, -11.69045], [135.15446, -11.68671], [135.15854, -11.69638], [135.1643, -11.69591], [135.15821, -11.71314]]], [[[135.98618, -11.71636], [135.95592, -11.70716], [135.95154, -11.68349], [135.98087, -11.66138], [136.02405, -11.64089], [136.05499, -11.64998], [136.00604, -11.70867], [135.98618, -11.71636]]], [[[132.50881, -11.6496], [132.53102, -11.633], [132.54518, -11.63162], [132.59197, -11.64861], [132.64112, -11.64471], [132.64554, -11.65036], [132.64581, -11.67897], [132.6272, -11.70874], [132.58407, -11.7201], [132.55885, -11.71916], [132.52835, -11.69185], [132.51211, -11.67077], [132.50881, -11.6496]]], [[[133.47415, -11.61115], [133.39617, -11.62322], [133.40869, -11.65349], [133.39877, -11.66236], [133.38575, -11.66618], [133.36022, -11.66033], [133.36703, -11.6535], [133.35842, -11.62884], [133.35956, -11.61737], [133.40871, -11.59207], [133.45406, -11.5837], [133.47543, -11.58718], [133.48437, -11.60198], [133.47415, -11.61115]]], [[[132.10875, -11.62159], [132.11459, -11.59995], [132.11322, -11.57538], [132.122, -11.5692], [132.13119, -11.57741], [132.13965, -11.59995], [132.14209, -11.61801], [132.13396, -11.62687], [132.12029, -11.62818], [132.10875, -11.62159]]], [[[132.31031, -11.60164], [132.29299, -11.58522], [132.29779, -11.57107], [132.30779, -11.56863], [132.32153, -11.58579], [132.31031, -11.60164]]], [[[136.28744, -11.62297], [136.30228, -11.59127], [136.31951, -11.60296], [136.36818, -11.54421], [136.37566, -11.55047], [136.37984, -11.53592], [136.45314, -11.48935], [136.47804, -11.46113], [136.4834, -11.48447], [136.47485, -11.50595], [136.45736, -11.52385], [136.39234, -11.55731], [136.37565, -11.59205], [136.32521, -11.61468], [136.31597, -11.62419], [136.30536, -11.62467], [136.29762, -11.61639], [136.28744, -11.62297]]], [[[133.49334, -11.50895], [133.44288, -11.50319], [133.41529, -11.51995], [133.39504, -11.54417], [133.40301, -11.51238], [133.39505, -11.48904], [133.424, -11.48504], [133.47689, -11.45486], [133.48894, -11.48406], [133.51098, -11.50318], [133.49334, -11.50895]]], [[[132.8991, -11.16473], [132.87648, -11.17497], [132.86508, -11.15814], [132.85404, -11.15252], [132.90658, -11.14488], [132.91252, -11.15521], [132.91325, -11.17268], [132.8991, -11.16473]]], [[[132.63403, -11.17376], [132.61256, -11.18572], [132.61256, -11.19899], [132.62141, -11.21771], [132.6272, -11.24603], [132.62183, -11.27207], [132.60076, -11.31569], [132.59929, -11.34496], [132.56521, -11.3108], [132.56088, -11.27679], [132.54998, -11.24627], [132.53452, -11.21893], [132.48944, -11.16009], [132.49383, -11.15066], [132.51734, -11.13958], [132.51148, -11.08685], [132.50709, -11.07822], [132.49538, -11.0739], [132.4872, -11.06373], [132.46813, -11.02997], [132.48269, -11.03227], [132.51051, -11.04705], [132.51808, -11.0408], [132.55128, -11.0324], [132.55893, -11.01979], [132.56667, -10.98212], [132.57887, -10.97016], [132.59928, -10.96837], [132.57936, -11.01263], [132.58627, -11.03924], [132.59928, -11.0639], [132.59303, -11.0639], [132.60631, -11.08579], [132.61352, -11.10882], [132.6106, -11.12273], [132.59449, -11.12461], [132.5857, -11.13274], [132.58204, -11.15342], [132.61841, -11.16157], [132.63403, -11.17376]]], [[[133.00358, -11.08717], [132.99489, -11.09342], [132.97449, -11.05091], [133.00993, -11.067], [133.01165, -11.0722], [133.00358, -11.08717]]], [[[132.82587, -10.96958], [132.82228, -11.00243], [132.81448, -10.9722], [132.82163, -10.97454], [132.82587, -10.96958]]], [[[144.93051, -40.61535], [144.945, -40.63991], [144.97722, -40.65098], [144.99659, -40.66497], [145.03101, -40.67255], [145.04635, -40.68326], [145.06518, -40.70915], [145.03729, -40.70915], [145.01588, -40.69427], [144.98276, -40.69931], [144.92741, -40.72339], [144.90626, -40.72186], [144.89031, -40.72812], [144.87281, -40.71577], [144.86965, -40.66481], [144.93051, -40.61535]]], [[[144.79052, -40.50213], [144.78711, -40.50994], [144.76564, -40.52451], [144.76464, -40.58456], [144.74245, -40.59245], [144.72952, -40.56992], [144.72877, -40.5136], [144.70828, -40.48944], [144.71629, -40.47663], [144.74692, -40.47617], [144.76295, -40.4695], [144.77915, -40.40539], [144.79216, -40.42791], [144.79052, -40.50213]]], [[[144.96045, -40.39789], [144.9485, -40.43792], [144.9502, -40.45337], [144.91725, -40.45827], [144.90072, -40.46949], [144.87432, -40.4674], [144.83125, -40.428], [144.86647, -40.42116], [144.88445, -40.39764], [144.8734, -40.3917], [144.89671, -40.37964], [144.93067, -40.38275], [144.96045, -40.39789]]], [[[144.31246, -40.01592], [144.20238, -40.01037], [144.19778, -39.95329], [144.19706, -39.89162], [144.20578, -39.76065], [144.22556, -39.62964], [144.25474, -39.50588], [144.22384, -39.4991], [144.328, -39.47728], [144.25711, -39.51292], [144.34259, -39.55951], [144.40678, -39.63553], [144.44484, -39.72719], [144.45561, -39.82274], [144.43792, -39.91048], [144.39059, -39.97876], [144.31246, -40.01592]]], [[[145.34342, -38.51052], [145.361, -38.54852], [145.36133, -38.56178], [145.35272, -38.5708], [145.34571, -38.55722], [145.31959, -38.53932], [145.29282, -38.52565], [145.26368, -38.51922], [145.22902, -38.52313], [145.20574, -38.53679], [145.17506, -38.52313], [145.11299, -38.53052], [145.12063, -38.51964], [145.18768, -38.46698], [145.20241, -38.46112], [145.2863, -38.45144], [145.31835, -38.46852], [145.30421, -38.47527], [145.31836, -38.49521], [145.31739, -38.50791], [145.34342, -38.51052]]], [[[145.29128, -38.30267], [145.30689, -38.29536], [145.32456, -38.3108], [145.36411, -38.32342], [145.37989, -38.32448], [145.42506, -38.31505], [145.4419, -38.31651], [145.46313, -38.32855], [145.49438, -38.36517], [145.46883, -38.37277], [145.41407, -38.37908], [145.37663, -38.41545], [145.35303, -38.42833], [145.28371, -38.4026], [145.27005, -38.35866], [145.29786, -38.32448], [145.29128, -38.30267]]], [[[137.47235, -35.59662], [137.53305, -35.59661], [137.58676, -35.5836], [137.60206, -35.59043], [137.62289, -35.58214], [137.63427, -35.59051], [137.63362, -35.60377], [137.59799, -35.61728], [137.58334, -35.63128], [137.58155, -35.64544], [137.59864, -35.65179], [137.64713, -35.65408], [137.6477, -35.65944], [137.58082, -35.72682], [137.60182, -35.74391], [137.64601, -35.74237], [137.68605, -35.7575], [137.7116, -35.75628], [137.77849, -35.73953], [137.79175, -35.75726], [137.78696, -35.78525], [137.79444, -35.80478], [137.81276, -35.81146], [137.84161, -35.80642], [137.87135, -35.79306], [137.88445, -35.77923], [137.89683, -35.74432], [137.90855, -35.72911], [137.93556, -35.7265], [137.96596, -35.73033], [138.00661, -35.74035], [138.0647, -35.76101], [138.08033, -35.80926], [138.09401, -35.81463], [138.12963, -35.81635], [138.12355, -35.83099], [138.12817, -35.84881], [138.12581, -35.86394], [138.08676, -35.87737], [138.04769, -35.91862], [138.02671, -35.91911], [138.00376, -35.9135], [137.98318, -35.90446], [137.95053, -35.88079], [137.93247, -35.87526], [137.87428, -35.87687], [137.84498, -35.86663], [137.82179, -35.86403], [137.75668, -35.87152], [137.67335, -35.90202], [137.62875, -35.91033], [137.61329, -35.92425], [137.60694, -35.94394], [137.6089, -35.96649], [137.62256, -35.99082], [137.6023, -36.0258], [137.55421, -36.03533], [137.49317, -36.0704], [137.45924, -36.08268], [137.445, -36.06951], [137.41587, -36.05543], [137.3711, -36.01084], [137.33855, -36.00124], [137.2903, -35.99878], [137.22788, -35.97975], [137.21168, -35.98016], [137.188, -35.9931], [137.17123, -36.03362], [137.1399, -36.04224], [137.07447, -36.0285], [137.0442, -36.03459], [137.03029, -36.03337], [137.01979, -36.02174], [136.95191, -36.04607], [136.92042, -36.04948], [136.88942, -36.04224], [136.86215, -36.0285], [136.82472, -36.04224], [136.79135, -36.04193], [136.77181, -36.05607], [136.7461, -36.05584], [136.71559, -36.06275], [136.7073, -36.05689], [136.69874, -36.02654], [136.65675, -35.97389], [136.59133, -35.95663], [136.53258, -35.91188], [136.54006, -35.8703], [136.55763, -35.85426], [136.56213, -35.82929], [136.58237, -35.79697], [136.58156, -35.76849], [136.59784, -35.75751], [136.62111, -35.75125], [136.69125, -35.74603], [136.73862, -35.72683], [136.78028, -35.7208], [136.80519, -35.70795], [137.07447, -35.67164], [137.1439, -35.64432], [137.27996, -35.61696], [137.31821, -35.58734], [137.33513, -35.58295], [137.445, -35.61094], [137.47235, -35.59662]]], [[[139.34822, -35.84788], [139.44731, -35.92718], [139.56155, -36.04581], [139.5331, -36.04779], [139.51499, -36.03533], [139.47268, -35.98455], [139.45672, -35.95794], [139.1989, -35.74676], [139.1614, -35.72779], [139.12989, -35.69931], [139.0989, -35.68645], [139.06235, -35.65814], [139.03151, -35.64543], [138.99903, -35.61728], [138.96828, -35.60661], [138.91784, -35.57676], [138.95924, -35.56666], [139.00098, -35.58539], [139.34822, -35.84788]]], [[[137.34198, -34.52776], [137.33621, -34.51531], [137.36914, -34.47245], [137.37374, -34.49842], [137.36718, -34.5241], [137.35483, -34.538], [137.34198, -34.52776]]], [[[139.48024, -17.10125], [139.46266, -17.10076], [139.44557, -17.10752], [139.43393, -17.12152], [139.43237, -17.14283], [139.42529, -17.14284], [139.40399, -17.10068], [139.40969, -17.08856], [139.44923, -17.06341], [139.47284, -17.02557], [139.48951, -17.01043], [139.49464, -17.00107], [139.49392, -16.98514], [139.54896, -17.02271], [139.56217, -17.03924], [139.55405, -17.05446], [139.55982, -17.06618], [139.57585, -17.08083], [139.56934, -17.10035], [139.55453, -17.1071], [139.52068, -17.10809], [139.50538, -17.12183], [139.48537, -17.11728], [139.48024, -17.10125]]], [[[139.09547, -16.83001], [139.08923, -16.82757], [139.15503, -16.81293], [139.15804, -16.82756], [139.14844, -16.83464], [139.12192, -16.83636], [139.11393, -16.85735], [139.10768, -16.86247], [139.10109, -16.85946], [139.09547, -16.83001]]], [[[139.14141, -16.69006], [139.15504, -16.6723], [139.16444, -16.61607], [139.17263, -16.60036], [139.18955, -16.58375], [139.33661, -16.70411], [139.30209, -16.72453], [139.23756, -16.72485], [139.22634, -16.72112], [139.19012, -16.67165], [139.17799, -16.66237], [139.18426, -16.6832], [139.18587, -16.71134], [139.18197, -16.73267], [139.17115, -16.73138], [139.153, -16.75594], [139.14488, -16.75603], [139.13674, -16.70721], [139.14141, -16.69006]]], [[[136.62973, -15.74912], [136.61964, -15.7326], [136.61574, -15.71408], [136.62178, -15.69277], [136.67042, -15.6632], [136.67595, -15.67897], [136.70476, -15.69306], [136.71191, -15.70355], [136.69566, -15.73964], [136.66358, -15.77857], [136.62973, -15.74912]]], [[[137.07789, -15.75124], [137.07951, -15.75874], [137.10637, -15.77423], [137.10017, -15.80342], [137.07289, -15.84695], [137.04392, -15.8342], [137.03338, -15.79656], [137.00034, -15.78704], [136.98581, -15.75009], [136.98162, -15.71201], [136.95151, -15.71087], [136.94817, -15.72941], [136.93971, -15.72808], [136.93486, -15.7215], [136.94306, -15.66766], [136.96397, -15.64045], [136.98317, -15.66432], [136.98877, -15.66072], [136.98159, -15.63426], [136.99214, -15.63083], [136.99981, -15.61518], [136.99477, -15.59279], [137.01596, -15.59337], [137.02368, -15.60264], [137.02738, -15.62798], [137.04718, -15.63877], [137.0577, -15.62923], [137.06544, -15.62852], [137.06695, -15.64683], [137.08318, -15.6522], [137.08223, -15.74177], [137.07789, -15.75124]]], [[[136.7318, -15.64887], [136.78354, -15.6487], [136.80063, -15.64203], [136.83008, -15.66805], [136.83496, -15.68238], [136.8213, -15.68986], [136.81187, -15.6871], [136.80307, -15.67213], [136.79379, -15.66937], [136.78004, -15.67295], [136.77857, -15.67978], [136.79419, -15.71006], [136.79378, -15.71705], [136.78547, -15.72575], [136.74147, -15.74943], [136.73179, -15.74439], [136.74274, -15.67802], [136.7318, -15.64887]]], [[[136.65496, -15.59369], [136.67151, -15.5923], [136.67286, -15.59881], [136.68058, -15.60435], [136.67855, -15.61239], [136.6683, -15.60931], [136.66163, -15.61239], [136.65, -15.60702], [136.64895, -15.59955], [136.65496, -15.59369]]], [[[136.51954, -15.64201], [136.49856, -15.6277], [136.51026, -15.62119], [136.50717, -15.59629], [136.49856, -15.5875], [136.51564, -15.57431], [136.52638, -15.5595], [136.52492, -15.53428], [136.56512, -15.52606], [136.58522, -15.51638], [136.60279, -15.51638], [136.61572, -15.539], [136.60231, -15.56365], [136.60034, -15.61158], [136.5879, -15.63517], [136.57667, -15.63112], [136.55836, -15.63387], [136.54689, -15.6277], [136.53492, -15.63892], [136.51954, -15.64201]]], [[[136.79252, -15.57442], [136.7818, -15.5809], [136.77576, -15.57705], [136.78779, -15.56216], [136.83477, -15.55619], [136.83686, -15.57944], [136.80934, -15.58211], [136.79252, -15.57442]]], [[[136.88329, -15.49817], [136.87468, -15.52215], [136.8777, -15.54412], [136.89567, -15.58749], [136.87387, -15.59743], [136.87037, -15.60768], [136.87524, -15.62151], [136.84849, -15.63517], [136.84166, -15.62152], [136.84816, -15.61712], [136.83726, -15.5993], [136.84848, -15.5875], [136.85597, -15.57], [136.84164, -15.55332], [136.84752, -15.53566], [136.86767, -15.50969], [136.88329, -15.49817]]], [[[144.95575, -14.49888], [144.96957, -14.49661], [144.98241, -14.51432], [144.95421, -14.5057], [144.95575, -14.49888]]], [[[144.27231, -14.1993], [144.25359, -14.19589], [144.23667, -14.18824], [144.23244, -14.17823], [144.25416, -14.16147], [144.26567, -14.16661], [144.27482, -14.17987], [144.27738, -14.19259], [144.27231, -14.1993]]], [[[144.26065, -14.14732], [144.23585, -14.15683], [144.20477, -14.18294], [144.20632, -14.17377], [144.21934, -14.15667], [144.22477, -14.13286], [144.24073, -14.14292], [144.26065, -14.14732]]], [[[144.52393, -14.13249], [144.50833, -14.12257], [144.52393, -14.11323], [144.53186, -14.12242], [144.52393, -14.13249]]], [[[136.82422, -12.10382], [136.82146, -12.12083], [136.82934, -12.13225], [136.82097, -12.13794], [136.81301, -12.13615], [136.79708, -12.10835], [136.79911, -12.08456], [136.81707, -12.07627], [136.82422, -12.10382]]], [[[143.26263, -11.99008], [143.25888, -11.97699], [143.26856, -11.98025], [143.27282, -11.99256], [143.26263, -11.99008]]], [[[136.47804, -11.86582], [136.48324, -11.88942], [136.46909, -11.9065], [136.46421, -11.89373], [136.4778, -11.81423], [136.49853, -11.79813], [136.49691, -11.8165], [136.47804, -11.86582]]], [[[136.68049, -11.82434], [136.6722, -11.83594], [136.6413, -11.84334], [136.6574, -11.83481], [136.68049, -11.82434]]], [[[136.6237, -11.73659], [136.61572, -11.75652], [136.5866, -11.78436], [136.58155, -11.7981], [136.56129, -11.79363], [136.52801, -11.79851], [136.51956, -11.7907], [136.52899, -11.77655], [136.53734, -11.77317], [136.55714, -11.77703], [136.57016, -11.77321], [136.6185, -11.73546], [136.6237, -11.73659]]], [[[136.8226, -11.67888], [136.81537, -11.67652], [136.82334, -11.66011], [136.83098, -11.65774], [136.83594, -11.66774], [136.8226, -11.67888]]], [[[136.4957, -11.43287], [136.50005, -11.42237], [136.49613, -11.42022], [136.5686, -11.40128], [136.53528, -11.44316], [136.52462, -11.44695], [136.51615, -11.43428], [136.49409, -11.45533], [136.47804, -11.44793], [136.4957, -11.43287]]], [[[142.12193, -10.70956], [142.11232, -10.68434], [142.12342, -10.64384], [142.14576, -10.63909], [142.15969, -10.62568], [142.18019, -10.61541], [142.19321, -10.59149], [142.21224, -10.5976], [142.2295, -10.62009], [142.25538, -10.66668], [142.27881, -10.69053], [142.28304, -10.71453], [142.28003, -10.71892], [142.25294, -10.71722], [142.20606, -10.73309], [142.19679, -10.74472], [142.18702, -10.76961], [142.15338, -10.75572], [142.14553, -10.74919], [142.12193, -10.70956]]], [[[142.6652, -10.64364], [142.65155, -10.65673], [142.64129, -10.63291], [142.63503, -10.62892], [142.64382, -10.61928], [142.64869, -10.62444], [142.66959, -10.63063], [142.6652, -10.64364]]], [[[142.31885, -10.58864], [142.32519, -10.6124], [142.30307, -10.63249], [142.27443, -10.64079], [142.25368, -10.62541], [142.24734, -10.59979], [142.26222, -10.57782], [142.29428, -10.57319], [142.31885, -10.58864]]], [[[142.21243, -10.52831], [142.22153, -10.52306], [142.22876, -10.52818], [142.21851, -10.56682], [142.19532, -10.57513], [142.18297, -10.56414], [142.18359, -10.55517], [142.20216, -10.54372], [142.21243, -10.52831]]], [[[142.30927, -10.50914], [142.31446, -10.50792], [142.32259, -10.53525], [142.30649, -10.5446], [142.29087, -10.53622], [142.28697, -10.5259], [142.29778, -10.52532], [142.31023, -10.51287], [142.30927, -10.50914]]], [[[142.78255, -9.38632], [142.73178, -9.42489], [142.71364, -9.42864], [142.64181, -9.4284], [142.61216, -9.41627], [142.60137, -9.39969], [142.61254, -9.38315], [142.63746, -9.37397], [142.69361, -9.37957], [142.75457, -9.36982], [142.771, -9.37372], [142.78255, -9.38632]]], [[[142.28011, -9.26166], [142.28418, -9.27752], [142.27914, -9.28703], [142.22198, -9.29108], [142.18084, -9.28475], [142.1509, -9.27141], [142.16424, -9.25075], [142.20664, -9.24023], [142.28011, -9.26166]]], [[[143.20453, -9.11932], [143.25083, -9.09662], [143.2609, -9.0975], [143.27002, -9.10752], [143.27132, -9.12249], [143.26503, -9.13787], [143.25299, -9.14752], [143.24163, -9.14974], [143.22007, -9.14437], [143.20201, -9.13006], [143.20453, -9.11932]]], [[[143.23096, -9.08449], [143.20997, -9.10345], [143.19598, -9.10051], [143.18451, -9.08741], [143.18776, -9.07757], [143.19629, -9.07055], [143.2159, -9.07238], [143.23096, -9.08449]]], [[[143.38014, -9.00758], [143.39942, -8.98691], [143.43556, -8.97048], [143.44385, -8.97569], [143.44515, -8.99391], [143.43758, -9.01824], [143.42994, -9.02857], [143.41163, -9.02345], [143.4039, -9.03809], [143.38039, -9.02442], [143.38014, -9.00758]]], [[[143.44694, -8.71006], [143.45711, -8.74], [143.45028, -8.77312], [143.43923, -8.77401], [143.42662, -8.70403], [143.43417, -8.70291], [143.44694, -8.71006]]], [[[143.4056, -8.66441], [143.4248, -8.69248], [143.35436, -8.65162], [143.3576, -8.64911], [143.39543, -8.65668], [143.4056, -8.66441]]], [[[143.47402, -8.62479], [143.45118, -8.60752], [143.41229, -8.59563], [143.40073, -8.57342], [143.33814, -8.52174], [143.25523, -8.4948], [143.2212, -8.45322], [143.1789, -8.41913], [143.21908, -8.41514], [143.27101, -8.46893], [143.35911, -8.48848], [143.44337, -8.51849], [143.47486, -8.52533], [143.49203, -8.5525], [143.5879, -8.63144], [143.62915, -8.64472], [143.64423, -8.66115], [143.65267, -8.68337], [143.65252, -8.70626], [143.64234, -8.72616], [143.62892, -8.73039], [143.61704, -8.72185], [143.6058, -8.68922], [143.59059, -8.67938], [143.47402, -8.62479]]], [[[143.82292, -8.50953], [143.81348, -8.53085], [143.79607, -8.53825], [143.78257, -8.5276], [143.78028, -8.51328], [143.80991, -8.49652], [143.8221, -8.49969], [143.82292, -8.50953]]], [[[143.61573, -8.48235], [143.63714, -8.47195], [143.66228, -8.48368], [143.67489, -8.50571], [143.67285, -8.51872], [143.64942, -8.53573], [143.63201, -8.53963], [143.61265, -8.53134], [143.60044, -8.5193], [143.6015, -8.49945], [143.61573, -8.48235]]], [[[143.76539, -8.50912], [143.73521, -8.48593], [143.71698, -8.46485], [143.72633, -8.43671], [143.73609, -8.43614], [143.7583, -8.4429], [143.77897, -8.45811], [143.7867, -8.47552], [143.78492, -8.49505], [143.77768, -8.50343], [143.76539, -8.50912]]], [[[143.33034, -8.39413], [143.31668, -8.37225], [143.3379, -8.35761], [143.35112, -8.3572], [143.37322, -8.37127], [143.41684, -8.36453], [143.48409, -8.36354], [143.57374, -8.37371], [143.58481, -8.38128], [143.58863, -8.42083], [143.61141, -8.46197], [143.61061, -8.47503], [143.60109, -8.48358], [143.58201, -8.48671], [143.52991, -8.48548], [143.50978, -8.48112], [143.46193, -8.45818], [143.44516, -8.43906], [143.37941, -8.42595], [143.33034, -8.39413]]], [[[143.2464, -6.52464], [143.65243, -6.67301], [143.98099, -6.83034], [144.28462, -7.00252], [144.62762, -7.18868], [145.04597, -7.37513], [145.55037, -7.55329], [146.01419, -7.79415], [146.11065, -7.85923], [146.29449, -7.99528], [146.91344, -8.49947], [147.105, -8.64104], [147.3053, -8.76698], [147.5174, -8.87781], [147.74087, -8.97851], [147.97598, -9.07336], [148.22133, -9.164], [148.47469, -9.25092], [148.62886, -9.29791], [148.68229, -9.30972], [148.68885, -9.30298], [148.70119, -9.23304], [148.71258, -9.19895], [148.74454, -9.13609], [148.7654, -9.10676], [148.77247, -9.09884], [148.85043, -9.08221], [148.8825, -9.06162], [148.89536, -9.0395], [148.9214, -9.0442], [148.94207, -9.04266], [148.95753, -9.03608], [148.97804, -9.05145], [149.00522, -9.04974], [149.0691, -9.03509], [149.07936, -9.02947], [149.08327, -9.01638], [149.10157, -9.00872], [149.12763, -8.98167], [149.14185, -8.97456], [149.15357, -9.0036], [149.24366, -8.99718], [149.26539, -9.01556], [149.28435, -9.00849], [149.29037, -9.01231], [149.29274, -9.02304], [149.30934, -9.01704], [149.31815, -9.02275], [149.32682, -9.04608], [149.32438, -9.06019], [149.30641, -9.09002], [149.32679, -9.09759], [149.29274, -9.10369], [149.30665, -9.11745], [149.33724, -9.12494], [149.33423, -9.14527], [149.32349, -9.16057], [149.30714, -9.17261], [149.28883, -9.1779], [149.27223, -9.17262], [149.26466, -9.18222], [149.2479, -9.21217], [149.23111, -9.29971], [149.22363, -9.316], [149.19044, -9.34393], [149.18287, -9.3681], [149.18727, -9.39072], [149.20638, -9.42938], [149.2107, -9.45078], [149.22657, -9.48675], [149.26319, -9.50351], [149.33444, -9.51591], [149.361, -9.52949], [149.38209, -9.54998], [149.40259, -9.54999], [149.41627, -9.56365], [149.45092, -9.57733], [149.44142, -9.59051], [149.4572, -9.59417], [149.54126, -9.59324], [149.61988, -9.62086], [149.63551, -9.6194], [149.66285, -9.60362], [149.68735, -9.61077], [149.73097, -9.59785], [149.75375, -9.60078], [149.79298, -9.61452], [149.84002, -9.62022], [149.88852, -9.63877], [149.91131, -9.64007], [149.97486, -9.6313], [150.00075, -9.63402], [150.01221, -9.64219], [150.02638, -9.67295], [150.04883, -9.68451], [150.05469, -9.71794], [150.03248, -9.72064], [149.9781, -9.7484], [149.84986, -9.78101], [149.82643, -9.78313], [149.80665, -9.77532], [149.79362, -9.78728], [149.74659, -9.80096], [149.73097, -9.80934], [149.72096, -9.83066], [149.72535, -9.84783], [149.75196, -9.879], [149.8252, -9.93768], [149.85656, -9.97503], [149.8545, -10.01491], [149.87973, -10.01679], [149.89576, -10.02322], [149.93946, -10.06243], [149.97731, -10.07545], [150.07423, -10.07758], [150.13592, -10.10605], [150.14975, -10.10491], [150.18751, -10.09125], [150.19678, -10.09516], [150.21469, -10.12168], [150.25367, -10.13568], [150.2693, -10.15643], [150.28777, -10.17197], [150.30104, -10.1793], [150.34107, -10.18679], [150.38217, -10.20159], [150.40414, -10.20615], [150.42359, -10.20046], [150.45281, -10.20159], [150.45778, -10.19705], [150.52426, -10.21648], [150.55934, -10.20185], [150.60172, -10.20673], [150.58123, -10.23463], [150.58766, -10.24472], [150.61035, -10.25971], [150.61541, -10.27256], [150.62721, -10.27793], [150.71844, -10.25873], [150.78354, -10.25563], [150.79868, -10.25058], [150.82863, -10.22723], [150.84816, -10.22097], [150.87402, -10.22471], [150.87134, -10.23674], [150.85279, -10.24976], [150.81227, -10.2597], [150.68851, -10.32556], [150.65308, -10.33846], [150.6156, -10.34447], [150.59848, -10.34432], [150.58806, -10.33766], [150.56837, -10.33944], [150.5232, -10.32147], [150.46025, -10.31384], [150.44077, -10.30884], [150.42677, -10.30006], [150.39991, -10.30023], [150.36647, -10.32692], [150.34693, -10.36533], [150.3615, -10.39967], [150.36801, -10.39902], [150.36891, -10.39228], [150.38347, -10.40008], [150.42896, -10.40229], [150.46656, -10.41766], [150.49984, -10.42263], [150.52605, -10.44061], [150.6473, -10.47699], [150.67066, -10.49587], [150.6775, -10.53004], [150.69278, -10.55694], [150.68734, -10.56755], [150.67188, -10.57683], [150.55085, -10.62078], [150.53598, -10.61273], [150.48699, -10.62168], [150.47136, -10.6325], [150.44922, -10.65824], [150.4441, -10.65692], [150.43482, -10.6657], [150.42953, -10.67425], [150.42985, -10.68766], [150.4157, -10.6819], [150.3982, -10.68108], [150.36891, -10.68766], [150.35646, -10.66497], [150.3401, -10.65781], [150.31935, -10.66204], [150.27271, -10.68767], [150.25718, -10.68156], [150.25164, -10.67409], [150.2308, -10.68434], [150.21128, -10.70133], [150.18068, -10.67717], [150.178, -10.67067], [150.19093, -10.64983], [150.18019, -10.64324], [150.15626, -10.64715], [150.11574, -10.66667], [150.09457, -10.63991], [150.08481, -10.63567], [150.07691, -10.64136], [150.0674, -10.6399], [150.04672, -10.61883], [150.02223, -10.61857], [150.01224, -10.61212], [150.03061, -10.60003], [150.02849, -10.5888], [150.0088, -10.56373], [149.99219, -10.59147], [149.98374, -10.59172], [149.95876, -10.57781], [149.96437, -10.55682], [149.95069, -10.57098], [149.9437, -10.57097], [149.93776, -10.56178], [149.92514, -10.55389], [149.89601, -10.54363], [149.90284, -10.5568], [149.89576, -10.55918], [149.896, -10.56421], [149.87648, -10.55462], [149.85452, -10.55046], [149.86598, -10.53884], [149.89405, -10.52703], [149.89601, -10.50897], [149.87617, -10.51579], [149.89373, -10.49848], [149.90284, -10.49588], [149.90968, -10.50693], [149.94728, -10.50214], [149.99195, -10.51393], [150.04672, -10.49586], [150.05356, -10.46795], [150.08155, -10.46111], [150.06853, -10.45566], [150.02638, -10.45435], [149.99537, -10.43662], [149.95476, -10.42645], [149.94028, -10.44061], [149.93164, -10.4786], [149.92335, -10.48844], [149.91164, -10.47503], [149.90789, -10.44988], [149.89602, -10.4406], [149.88746, -10.41595], [149.87208, -10.39609], [149.84571, -10.37998], [149.79054, -10.36304], [149.74838, -10.33831], [149.71518, -10.33489], [149.64967, -10.33766], [149.59767, -10.34636], [149.5726, -10.3375], [149.54965, -10.35067], [149.53297, -10.3445], [149.52613, -10.35198], [149.53981, -10.35809], [149.5398, -10.36491], [149.5088, -10.36491], [149.50075, -10.36125], [149.49773, -10.34352], [149.49122, -10.33766], [149.48032, -10.33978], [149.46062, -10.3523], [149.44355, -10.34449], [149.45476, -10.3375], [149.45493, -10.33082], [149.42189, -10.32097], [149.41285, -10.29323], [149.36842, -10.27614], [149.35548, -10.28183], [149.32683, -10.3103], [149.29493, -10.29559], [149.24172, -10.28654], [149.15504, -10.24432], [149.10157, -10.23463], [149.07347, -10.23796], [149.06739, -10.23463], [149.00896, -10.25213], [148.97803, -10.27613], [148.95826, -10.27808], [148.85922, -10.23553], [148.79212, -10.24211], [148.74782, -10.23462], [148.73781, -10.23007], [148.74, -10.20819], [148.73098, -10.20045], [148.7378, -10.18678], [148.72415, -10.18677], [148.73756, -10.16912], [148.76173, -10.16627], [148.76743, -10.1583], [148.75831, -10.14349], [148.7448, -10.136], [148.73292, -10.15692], [148.71002, -10.15084], [148.69899, -10.13746], [148.6893, -10.10491], [148.68312, -10.10491], [148.67659, -10.14527], [148.66911, -10.16448], [148.65187, -10.17254], [148.63868, -10.18791], [148.6211, -10.1806], [148.5739, -10.18059], [148.53785, -10.1723], [148.5271, -10.18498], [148.51457, -10.19024], [148.42164, -10.19378], [148.40203, -10.20044], [148.33709, -10.17546], [148.31813, -10.14227], [148.299, -10.12713], [148.28012, -10.12396], [148.27231, -10.13892], [148.23129, -10.10564], [148.21022, -10.09808], [148.17604, -10.09807], [148.15504, -10.07073], [148.1429, -10.10588], [148.10395, -10.12808], [148.056, -10.13542], [148.01832, -10.12477], [148.00323, -10.14856], [147.97739, -10.16626], [147.959, -10.15495], [147.92905, -10.09808], [147.91334, -10.0888], [147.85402, -10.09807], [147.85403, -10.09124], [147.8729, -10.08514], [147.88152, -10.06911], [147.87965, -10.05218], [147.86752, -10.04339], [147.85255, -10.05006], [147.84473, -10.07853], [147.82667, -10.06325], [147.78541, -10.05446], [147.76173, -10.05975], [147.72364, -10.09807], [147.71682, -10.09807], [147.69939, -10.01491], [147.66659, -10.00379], [147.65651, -9.99163], [147.62127, -9.98885], [147.60856, -9.98002], [147.57278, -9.94524], [147.55974, -9.91448], [147.5176, -9.87899], [147.50544, -9.84929], [147.50392, -9.80633], [147.50017, -9.78582], [147.49098, -9.76767], [147.40113, -9.65195], [147.3741, -9.62496], [147.34498, -9.58026], [147.32634, -9.57049], [147.3196, -9.5773], [147.31886, -9.55486], [147.31007, -9.53883], [147.26197, -9.50872], [147.24968, -9.50807], [147.24627, -9.51653], [147.25756, -9.5363], [147.23459, -9.53776], [147.17292, -9.51343], [147.15106, -9.49846], [147.14521, -9.48691], [147.14015, -9.4533], [147.13396, -9.44012], [147.12224, -9.43125], [147.10987, -9.42816], [147.07936, -9.43328], [147.08448, -9.4415], [147.10034, -9.44672], [147.10661, -9.4538], [147.10905, -9.46494], [147.10417, -9.48072], [147.08839, -9.48137], [147.07001, -9.47339], [147.05276, -9.46021], [147.03981, -9.42897], [147.01373, -9.39017], [147.00418, -9.37183], [146.98276, -9.30104], [146.96607, -9.27907], [146.94646, -9.27313], [146.90553, -9.28199], [146.89488, -9.26825], [146.91586, -9.26035], [146.9192, -9.25213], [146.91489, -9.24147], [146.90554, -9.23511], [146.89634, -9.21087], [146.89488, -9.18125], [146.90854, -9.15895], [146.88821, -9.13161], [146.91489, -9.1242], [146.94215, -9.10752], [146.9485, -9.09735], [146.97682, -9.0761], [146.98365, -9.06341], [146.97535, -9.03346], [146.96949, -9.02923], [146.95655, -9.032], [146.95037, -9.04168], [146.9515, -9.06357], [146.90871, -9.10357], [146.87281, -9.10653], [146.77833, -9.05657], [146.73667, -9.05656], [146.71502, -9.04461], [146.627, -9.02311], [146.60182, -9.00603], [146.55845, -8.94052], [146.56276, -8.92718], [146.56007, -8.91123], [146.54836, -8.89202], [146.55445, -8.88258], [146.56187, -8.85118], [146.57911, -8.85801], [146.6045, -8.83416], [146.60914, -8.82], [146.60646, -8.80202], [146.59223, -8.81593], [146.57586, -8.82194], [146.56594, -8.81812], [146.57211, -8.80202], [146.56276, -8.79273], [146.55323, -8.7658], [146.52077, -8.76522], [146.51662, -8.75709], [146.51694, -8.72698], [146.51246, -8.71494], [146.45933, -8.6519], [146.43531, -8.61061], [146.38723, -8.58293], [146.3629, -8.56075], [146.2771, -8.43501], [146.26499, -8.40472], [146.26384, -8.36452], [146.25075, -8.34026], [146.25074, -8.30926], [146.23512, -8.27435], [146.22193, -8.26043], [146.18898, -8.24821], [146.15113, -8.21364], [146.12746, -8.21013], [146.11656, -8.20012], [146.09988, -8.16522], [146.1128, -8.15439], [146.10987, -8.13812], [146.08564, -8.11061], [146.10279, -8.10027], [146.10475, -8.09271], [146.09986, -8.08327], [146.07936, -8.08749], [145.99684, -8.04909], [145.93946, -8.03509], [145.90675, -8.03346], [145.88071, -8.04167], [145.86134, -8.02793], [145.79811, -8.007], [145.77313, -7.97779], [145.77086, -7.96999], [145.78712, -7.9651], [145.79127, -7.95973], [145.77769, -7.94248], [145.79127, -7.91188], [145.78452, -7.91188], [145.77247, -7.92742], [145.74098, -7.92409], [145.7225, -7.93255], [145.73697, -7.95273], [145.71908, -7.96037], [145.65777, -7.95967], [145.64536, -7.95598], [145.62672, -7.93816], [145.61329, -7.93255], [145.56788, -7.93889], [145.55177, -7.93255], [145.55176, -7.93921], [145.53321, -7.93279], [145.46559, -7.94547], [145.44191, -7.9441], [145.40798, -7.93173], [145.35011, -7.87672], [145.32163, -7.86199], [145.2837, -7.85735], [145.25457, -7.8654], [145.24321, -7.86407], [145.21339, -7.83992], [145.18409, -7.8056], [145.17482, -7.81601], [145.16821, -7.83619], [145.14967, -7.83756], [145.12428, -7.83073], [145.10207, -7.81747], [145.0892, -7.78802], [145.07472, -7.77614], [145.07113, -7.80641], [145.05814, -7.8165], [144.99627, -7.81649], [144.98537, -7.80966], [144.95533, -7.77549], [144.94263, -7.79224], [144.90382, -7.77549], [144.87957, -7.78166], [144.87241, -7.76995], [144.85077, -7.75792], [144.84209, -7.74428], [144.85841, -7.7243], [144.86622, -7.70574], [144.86744, -7.60849], [144.86427, -7.58603], [144.85231, -7.56943], [144.84449, -7.58856], [144.84033, -7.63681], [144.83123, -7.65814], [144.83716, -7.67424], [144.82496, -7.68254], [144.78737, -7.68612], [144.77101, -7.68107], [144.73561, -7.64381], [144.69948, -7.61679], [144.68995, -7.59441], [144.65357, -7.56129], [144.64772, -7.58001], [144.66113, -7.63421], [144.65162, -7.64909], [144.6294, -7.65633], [144.60381, -7.65686], [144.58473, -7.65194], [144.56436, -7.62504], [144.55133, -7.59313], [144.54982, -7.57285], [144.53664, -7.54908], [144.53761, -7.51409], [144.52231, -7.49619], [144.51661, -7.50848], [144.51709, -7.57928], [144.50961, -7.62396], [144.53759, -7.65195], [144.53296, -7.66171], [144.51393, -7.67196], [144.5044, -7.65569], [144.46877, -7.62395], [144.45916, -7.58766], [144.44142, -7.57626], [144.42156, -7.52654], [144.41342, -7.51409], [144.40724, -7.51409], [144.41342, -7.56943], [144.43132, -7.61224], [144.44142, -7.68613], [144.46501, -7.72137], [144.46876, -7.73724], [144.5, -7.77411], [144.50781, -7.79802], [144.48244, -7.80217], [144.44996, -7.75433], [144.41342, -7.72015], [144.40264, -7.74344], [144.38453, -7.75187], [144.36721, -7.74358], [144.35532, -7.68678], [144.34441, -7.65944], [144.31105, -7.61028], [144.31568, -7.63665], [144.33382, -7.68865], [144.32398, -7.70036], [144.30747, -7.69263], [144.28517, -7.64666], [144.26954, -7.63079], [144.25342, -7.65048], [144.22853, -7.65814], [144.22853, -7.66562], [144.25448, -7.66745], [144.26091, -7.68369], [144.25464, -7.70615], [144.2422, -7.72633], [144.2653, -7.74188], [144.2749, -7.7558], [144.2762, -7.76799], [144.26628, -7.77556], [144.21486, -7.79598], [144.18653, -7.77166], [144.17384, -7.768], [144.13917, -7.77678], [144.11199, -7.7584], [143.92454, -7.69434], [143.85158, -7.65188], [143.82779, -7.63192], [143.81765, -7.61402], [143.81267, -7.59417], [143.7658, -7.50604], [143.74627, -7.49676], [143.71119, -7.49374], [143.69606, -7.48804], [143.66188, -7.46152], [143.64625, -7.43841], [143.63884, -7.45208], [143.68116, -7.50156], [143.7225, -7.5193], [143.74561, -7.5237], [143.74244, -7.54209], [143.75953, -7.58318], [143.84082, -7.72015], [143.84737, -7.74034], [143.85621, -7.80828], [143.94055, -7.93007], [143.95679, -7.97226], [143.94097, -7.99385], [143.9227, -7.98853], [143.87908, -7.93922], [143.80397, -7.93255], [143.82447, -7.9529], [143.85857, -7.95974], [143.87614, -7.96967], [143.91382, -8.00758], [143.89828, -8.02792], [143.88119, -8.03785], [143.86049, -8.04127], [143.76735, -8.04021], [143.74851, -8.03479], [143.71461, -8.00758], [143.67986, -7.99675], [143.65089, -7.98138], [143.62762, -7.98203], [143.56316, -7.99797], [143.50659, -7.99393], [143.48894, -7.98903], [143.47788, -7.97633], [143.44842, -7.91888], [143.43409, -7.90895], [143.38934, -7.90585], [143.36402, -7.89642], [143.3589, -7.90203], [143.36695, -7.91766], [143.38559, -7.92571], [143.42628, -7.92979], [143.43718, -7.93841], [143.44842, -7.98154], [143.46656, -7.99578], [143.54802, -8.03168], [143.55982, -8.04485], [143.56984, -8.08457], [143.62749, -8.18607], [143.63496, -8.21115], [143.62915, -8.23039], [143.61248, -8.23918], [143.3379, -8.24774], [143.30014, -8.2688], [143.21502, -8.27508], [142.98068, -8.33557], [142.95807, -8.33716], [142.9394, -8.33316], [142.84148, -8.28834], [142.71479, -8.26804], [142.70037, -8.26141], [142.68336, -8.26927], [142.59254, -8.28688], [142.53589, -8.32349], [142.51401, -8.33195], [142.49415, -8.33324], [142.42894, -8.32421], [142.41384, -8.31047], [142.40463, -8.29266], [142.38136, -8.19345], [142.36004, -8.16709], [142.31674, -8.15895], [142.26031, -8.17061], [142.22478, -8.17327], [142.21705, -8.17547], [142.19288, -8.19793], [142.15968, -8.2068], [142.14617, -8.21738], [142.14047, -8.2265], [142.14438, -8.23447], [142.15968, -8.2409], [142.19565, -8.21071], [142.21852, -8.20379], [142.23121, -8.19395], [142.24732, -8.20013], [142.32941, -8.18388], [142.35401, -8.18875], [142.3645, -8.21022], [142.36703, -8.23235], [142.39731, -8.32806], [142.41969, -8.3554], [142.45216, -8.3733], [142.49431, -8.37754], [142.5298, -8.36541], [142.59637, -8.32074], [142.63209, -8.30927], [142.71168, -8.32269], [142.72828, -8.31667], [142.76929, -8.32978], [142.80356, -8.3598], [142.83529, -8.37039], [142.89967, -8.41286], [142.93832, -8.42783], [143.06349, -8.45323], [143.10205, -8.46723], [143.13137, -8.48587], [143.26156, -8.59239], [143.31788, -8.65879], [143.34791, -8.70762], [143.39526, -8.76874], [143.39991, -8.78241], [143.39991, -8.91188], [143.40552, -8.96217], [143.39649, -8.97772], [143.36105, -9.00756], [143.31479, -9.02352], [143.25807, -9.0237], [143.22853, -9.02923], [143.23535, -9.03606], [143.22527, -9.03931], [143.17335, -9.0429], [143.16293, -9.06023], [143.15626, -9.0634], [143.05274, -9.09336], [142.98823, -9.13573], [142.96705, -9.14373], [142.9406, -9.17937], [142.87355, -9.2094], [142.83814, -9.2365], [142.73097, -9.27777], [142.71453, -9.28786], [142.70776, -9.29948], [142.6526, -9.33024], [142.61271, -9.33462], [142.57714, -9.32371], [142.4651, -9.24049], [142.42897, -9.22503], [142.39926, -9.22779], [142.35768, -9.20941], [142.31911, -9.2037], [142.27573, -9.17938], [142.2107, -9.15895], [142.16928, -9.17936], [142.13559, -9.1784], [141.99399, -9.18865], [141.89291, -9.21892], [141.84762, -9.21725], [141.78297, -9.19988], [141.69852, -9.21505], [141.67311, -9.21356], [141.65041, -9.22682], [141.62127, -9.23405], [141.57936, -9.21299], [141.56324, -9.22038], [141.51003, -9.21501], [141.49488, -9.19451], [141.45338, -9.16578], [141.42172, -9.15032], [141.38453, -9.1417], [141.34588, -9.14153], [141.31007, -9.15211], [141.23194, -9.21265], [141.2002, -9.22779], [141.1526, -9.23218], [141.11501, -9.21843], [141.00782, -9.1242], [140.94309, -9.08629], [140.94127, -9.07286], [140.97707, -9.05947], [140.97716, -6.89663], [140.96218, -6.89798], [140.94331, -6.88805], [140.9397, -6.85633], [140.91603, -6.86273], [140.90833, -6.8493], [140.90673, -6.82821], [140.90161, -6.81219], [140.87417, -6.78946], [140.87086, -6.7784], [140.88451, -6.7539], [140.87872, -6.74222], [140.85784, -6.72362], [140.8504, -6.71297], [140.84921, -6.70285], [140.8658, -6.6492], [140.86492, -6.6306], [140.8504, -6.62357], [140.85929, -6.60838], [140.89055, -6.5998], [140.90497, -6.58947], [140.89298, -6.56539], [140.9151, -6.55846], [140.92099, -6.5164], [140.92822, -6.50968], [140.94347, -6.50751], [140.95019, -6.49872], [140.95313, -6.48053], [140.94858, -6.46555], [140.93282, -6.46596], [140.92998, -6.44498], [140.92316, -6.43981], [140.91252, -6.43857], [140.93102, -6.43144], [140.95282, -6.43175], [140.95019, -6.41894], [140.96316, -6.40426], [140.96708, -6.39392], [140.95282, -6.37377], [140.95866, -6.36809], [140.96373, -6.34804], [140.9769, -6.33512], [140.97691, -6.10879], [141.39088, -6.10826], [141.44301, -6.10585], [141.67088, -6.11779], [141.89894, -6.14828], [142.12516, -6.19328], [142.34815, -6.24874], [142.77359, -6.37398], [143.2464, -6.52464]]], [[[143.68164, -8.41269], [143.67896, -8.42148], [143.66773, -8.42798], [143.64829, -8.42586], [143.62594, -8.41249], [143.58985, -8.37176], [143.54088, -8.35003], [143.55085, -8.33618], [143.59962, -8.33262], [143.63815, -8.34074], [143.65691, -8.35476], [143.66862, -8.37266], [143.68164, -8.41269]]], [[[143.47706, -8.30943], [143.4873, -8.32187], [143.47039, -8.33431], [143.34034, -8.31992], [143.32309, -8.32463], [143.30781, -8.32235], [143.31406, -8.31432], [143.42, -8.30602], [143.47706, -8.30943]]], [[[143.67998, -8.12121], [143.6901, -8.13665], [143.68823, -8.15357], [143.66667, -8.1674], [143.63404, -8.16475], [143.61378, -8.13885], [143.59938, -8.11078], [143.61329, -8.0949], [143.64064, -8.09889], [143.67998, -8.12121]]], [[[143.60711, -8.08171], [143.58179, -8.0686], [143.56423, -8.02998], [143.57781, -8.01825], [143.61256, -8.02012], [143.6562, -8.03978], [143.68623, -8.06618], [143.69759, -8.09091], [143.69044, -8.10018], [143.64845, -8.08473], [143.60711, -8.08171]]], [[[141.06666, -4.76454], [141.05031, -4.97032], [141.05317, -3.70066], [141.05389, -4.04239], [141.0692, -4.61891], [141.06666, -4.76454]]], [[[143.61866, -3.54485], [143.68434, -3.57431], [143.70778, -3.55976], [143.72001, -3.5622], [143.72233, -3.56853], [143.71461, -3.58082], [143.73422, -3.60215], [143.80226, -3.6143], [143.81804, -3.62168], [143.85515, -3.68011], [143.86769, -3.68914], [143.9471, -3.72235], [143.99586, -3.79315], [144.02149, -3.80299], [144.16698, -3.80056], [144.1491, -3.81364], [144.12615, -3.81414], [144.1338, -3.82594], [144.17888, -3.85125], [144.20362, -3.83784], [144.21808, -3.84457], [144.2308, -3.86598], [144.23878, -3.86883], [144.24968, -3.86785], [144.27418, -3.83115], [144.27882, -3.81756], [144.27623, -3.80731], [144.30991, -3.79844], [144.3553, -3.79807], [144.40007, -3.80398], [144.43385, -3.81414], [144.49848, -3.81389], [144.51343, -3.81757], [144.5383, -3.84612], [144.54693, -3.8634], [144.55128, -3.88332], [144.55128, -3.96844], [144.55779, -3.97942], [144.58388, -3.99694], [144.52086, -4.00171], [144.36179, -3.98363], [144.28315, -3.986], [144.06979, -4.00274], [143.92261, -4.00544], [143.74641, -3.99053], [143.63897, -3.96904], [143.60392, -3.93918], [143.42561, -3.85019], [143.36836, -3.80607], [143.32628, -3.76133], [143.16537, -3.7333], [143.11162, -3.71711], [143.03747, -3.71753], [142.99645, -3.68359], [142.97207, -3.65729], [142.93232, -3.59924], [142.91659, -3.56697], [142.89533, -3.49983], [142.8896, -3.46436], [142.88864, -3.3939], [142.89341, -3.35829], [142.90625, -3.31609], [142.91993, -3.31806], [142.94898, -3.33506], [143.02931, -3.35556], [143.10239, -3.35167], [143.11866, -3.35556], [143.1255, -3.34809], [143.14226, -3.35491], [143.21119, -3.36176], [143.23951, -3.37908], [143.25221, -3.38226], [143.4777, -3.42056], [143.52296, -3.43598], [143.54053, -3.44784], [143.5979, -3.50507], [143.60792, -3.53297], [143.61866, -3.54485]]], [[[144.61865, -3.50873], [144.61979, -3.51628], [144.61362, -3.51962], [144.59588, -3.51734], [144.59301, -3.50601], [144.60027, -3.49978], [144.61865, -3.50873]]], [[[143.56853, -3.37883], [143.52313, -3.36101], [143.50718, -3.34758], [143.51466, -3.33148], [143.51589, -3.32041], [143.52296, -3.31423], [143.54281, -3.31684], [143.59391, -3.34874], [143.60026, -3.3676], [143.58521, -3.37866], [143.56853, -3.37883]]], [[[143.27379, -3.22073], [143.30569, -3.22225], [143.33162, -3.24236], [143.30087, -3.24423], [143.27468, -3.22665], [143.27379, -3.22073]]], [[[141.12143, -2.60752], [141.16228, -2.615], [141.19337, -2.61501], [141.22755, -2.63494], [141.27588, -2.64236], [141.29624, -2.67645], [141.30942, -2.67133], [141.33823, -2.70184], [141.40357, -2.72238], [141.40262, -2.76808], [141.39005, -2.83786], [141.36438, -2.90343], [141.32627, -2.9631], [141.27732, -3.01415], [141.23037, -3.04772], [141.17921, -3.02631], [141.08471, -2.96885], [141.06567, -2.96505], [141.05341, -2.96699], [141.04832, -2.97363], [141.04932, -3.04093], [141.04812, -2.9764], [141.04056, -2.96852], [140.8835, -2.96997], [140.78778, -2.99228], [140.74854, -2.94523], [140.72962, -2.91473], [140.70167, -2.85011], [140.69237, -2.8154], [140.68427, -2.7453], [140.68119, -2.56889], [140.68229, -2.53355], [140.69232, -2.4752], [140.74463, -2.49913], [140.74672, -2.51692], [140.73609, -2.56365], [140.69858, -2.60817], [140.72381, -2.63397], [140.73463, -2.63494], [140.74, -2.6277], [140.7427, -2.60557], [140.75172, -2.60078], [140.78549, -2.62127], [140.8296, -2.60818], [140.92213, -2.60817], [140.98731, -2.59979], [141.00782, -2.60817], [141.04298, -2.58979], [141.08109, -2.59431], [141.12143, -2.60752]]], [[[141.15602, -2.57957], [141.31376, -2.60216], [141.10488, -2.57263], [141.15602, -2.57957]]], [[[147.36051, -43.36826], [147.36547, -43.38787], [147.36037, -43.40891], [147.33497, -43.44769], [147.31603, -43.50045], [147.3041, -43.50873], [147.23757, -43.4843], [147.23782, -43.47341], [147.24383, -43.46998], [147.23618, -43.45078], [147.22999, -43.44427], [147.2165, -43.44263], [147.23756, -43.42962], [147.21559, -43.41522], [147.2046, -43.42571], [147.19605, -43.46998], [147.18489, -43.48983], [147.16773, -43.50163], [147.14919, -43.50114], [147.13397, -43.4843], [147.12534, -43.46478], [147.08621, -43.42962], [147.09068, -43.41092], [147.10921, -43.41498], [147.17221, -43.45892], [147.17921, -43.45403], [147.18238, -43.43646], [147.18043, -43.39723], [147.16816, -43.36826], [147.17337, -43.36025], [147.19011, -43.35273], [147.19976, -43.35691], [147.2256, -43.38551], [147.24155, -43.35622], [147.22854, -43.33221], [147.23475, -43.32319], [147.30424, -43.26198], [147.31254, -43.26807], [147.33758, -43.3445], [147.36051, -43.36826]]], [[[147.31813, -43.17717], [147.29568, -43.16562], [147.29177, -43.15301], [147.3047, -43.14569], [147.35418, -43.13942], [147.32636, -43.12053], [147.33047, -43.10083], [147.34458, -43.08222], [147.36003, -43.0749], [147.37281, -43.10125], [147.39665, -43.11713], [147.40204, -43.13094], [147.40463, -43.15537], [147.43745, -43.23872], [147.42603, -43.25025], [147.39186, -43.24407], [147.36085, -43.25789], [147.34736, -43.22796], [147.38787, -43.19622], [147.36891, -43.18288], [147.31813, -43.17717]]], [[[148.02906, -42.7365], [148.01831, -42.75122], [148.01158, -42.75122], [148.01176, -42.73056], [148.03297, -42.70387], [148.04518, -42.66872], [148.02273, -42.66626], [148.01288, -42.65162], [148.0137, -42.63177], [148.0246, -42.61346], [148.06756, -42.59303], [148.07985, -42.57929], [148.13444, -42.59011], [148.14926, -42.63274], [148.17601, -42.64821], [148.14958, -42.66642], [148.07301, -42.66676], [148.08668, -42.69655], [148.1101, -42.71648], [148.04347, -42.72918], [148.02906, -42.7365]]], [[[148.24635, -42.29511], [148.26264, -42.29627], [148.31689, -42.3144], [148.34057, -42.35409], [148.32977, -42.3571], [148.32036, -42.35419], [148.28004, -42.32936], [148.2492, -42.3239], [148.23074, -42.29942], [148.24635, -42.29511]]], [[[144.89479, -40.74481], [144.93116, -40.75018], [144.98471, -40.74482], [145.01401, -40.7667], [145.05835, -40.78428], [145.07537, -40.80706], [145.11883, -40.82138], [145.13722, -40.81813], [145.14625, -40.80771], [145.13358, -40.79169], [145.22674, -40.79778], [145.25026, -40.79168], [145.26148, -40.77549], [145.26393, -40.75286], [145.25945, -40.73065], [145.25028, -40.71601], [145.26921, -40.72], [145.29517, -40.73692], [145.30785, -40.75514], [145.27784, -40.7667], [145.27036, -40.77418], [145.27003, -40.7973], [145.34213, -40.84352], [145.40528, -40.85029], [145.44304, -40.86793], [145.47104, -40.86492], [145.52393, -40.84581], [145.5337, -40.88502], [145.57211, -40.90944], [145.62094, -40.92254], [145.7116, -40.93044], [145.72925, -40.93907], [145.74391, -40.97536], [145.79127, -41.01702], [145.80982, -41.02695], [145.85279, -41.03655], [145.91553, -41.04128], [145.92514, -41.05877], [145.95533, -41.0587], [145.97852, -41.06521], [146.01661, -41.08782], [146.04151, -41.09492], [146.07895, -41.11444], [146.11964, -41.12071], [146.21437, -41.15537], [146.35377, -41.1679], [146.42368, -41.16619], [146.49155, -41.15114], [146.5464, -41.13276], [146.55517, -41.13788], [146.56251, -41.16823], [146.57211, -41.17669], [146.58562, -41.18011], [146.60011, -41.17539], [146.58254, -41.16107], [146.59109, -41.14716], [146.6268, -41.12689], [146.6548, -41.09288], [146.66676, -41.08808], [146.70265, -41.08522], [146.73065, -41.06854], [146.74415, -41.06554], [146.77704, -41.07458], [146.7959, -41.09173], [146.80828, -41.11256], [146.81246, -41.13188], [146.79868, -41.14056], [146.80812, -41.15667], [146.8602, -41.16855], [146.88169, -41.15554], [146.90512, -41.15489], [146.93686, -41.16546], [146.94956, -41.16106], [146.90789, -41.13096], [146.85846, -41.12417], [146.83807, -41.11581], [146.82423, -41.09979], [146.81936, -41.07537], [146.83775, -41.03974], [146.88152, -41.02615], [146.93263, -41.01824], [146.9947, -40.98586], [147.02381, -40.97604], [147.03834, -40.98984], [147.17107, -41.00652], [147.21022, -40.98992], [147.28598, -40.94135], [147.29567, -40.95713], [147.34278, -40.94217], [147.35367, -40.95225], [147.35817, -40.97178], [147.39291, -40.97862], [147.40838, -41.00335], [147.44484, -41.0084], [147.48463, -40.98602], [147.52036, -40.95208], [147.58139, -40.87184], [147.58663, -40.85605], [147.59743, -40.84687], [147.65024, -40.82866], [147.66895, -40.82587], [147.71713, -40.86736], [147.75367, -40.85663], [147.81984, -40.89349], [147.84946, -40.88877], [147.88575, -40.87379], [147.91619, -40.85272], [147.9463, -40.7955], [147.95828, -40.75116], [147.98422, -40.73652], [147.99098, -40.74131], [148.0293, -40.74677], [148.04274, -40.76971], [148.06935, -40.76386], [148.08089, -40.76777], [148.11384, -40.79711], [148.13111, -40.8248], [148.14381, -40.83489], [148.16554, -40.83896], [148.19898, -40.83702], [148.20931, -40.84076], [148.28755, -40.92329], [148.31475, -40.96184], [148.33137, -41.00221], [148.32349, -41.01083], [148.29265, -41.02451], [148.27231, -41.04502], [148.29443, -41.0517], [148.30639, -41.06553], [148.28906, -41.11321], [148.27475, -41.12493], [148.26889, -41.15162], [148.27231, -41.20257], [148.28199, -41.22194], [148.31624, -41.25531], [148.32153, -41.26849], [148.31642, -41.28143], [148.27198, -41.30828], [148.25416, -41.32594], [148.25799, -41.34661], [148.33323, -41.29219], [148.35415, -41.29145], [148.33106, -41.32252], [148.27947, -41.45037], [148.28589, -41.50709], [148.28126, -41.53631], [148.30803, -41.57531], [148.31494, -41.60654], [148.31098, -41.62999], [148.28907, -41.67156], [148.28614, -41.68939], [148.30639, -41.75066], [148.27442, -41.77996], [148.261, -41.80039], [148.28907, -41.87233], [148.3269, -41.91579], [148.3003, -42.00156], [148.29933, -42.05055], [148.36377, -42.11029], [148.36393, -42.11565], [148.31935, -42.15683], [148.31593, -42.17018], [148.36068, -42.18451], [148.36425, -42.20436], [148.35416, -42.24081], [148.32178, -42.27799], [148.31106, -42.27304], [148.299, -42.2584], [148.26467, -42.25025], [148.258, -42.24423], [148.26052, -42.23562], [148.2859, -42.2199], [148.30641, -42.18581], [148.29322, -42.16969], [148.27233, -42.15545], [148.31398, -42.1347], [148.32008, -42.1194], [148.29274, -42.11955], [148.27505, -42.11332], [148.22657, -42.07529], [148.16246, -42.05917], [148.18972, -42.04128], [148.23194, -42.0237], [148.24171, -42.00742], [148.24244, -41.9909], [148.21119, -41.97698], [148.1963, -41.94183], [148.181, -41.94736], [148.18287, -41.95957], [148.19654, -41.97967], [148.19368, -42.0009], [148.16245, -41.99033], [148.14698, -41.99928], [148.15504, -42.04559], [148.13014, -42.05543], [148.13136, -42.06194], [148.15504, -42.07968], [148.21697, -42.09335], [148.1194, -42.0914], [148.09295, -42.10019], [148.08253, -42.11566], [148.07983, -42.1858], [148.07446, -42.19736], [148.03891, -42.22373], [148.0306, -42.25497], [148.0149, -42.2584], [148.01806, -42.26434], [148.01221, -42.27792], [147.96388, -42.33978], [147.97584, -42.33555], [148.00471, -42.31244], [148.02246, -42.31781], [148.03092, -42.33229], [148.03043, -42.34726], [148.00522, -42.36688], [148.00318, -42.39568], [148.01156, -42.44376], [148.00602, -42.51409], [147.99487, -42.52466], [147.98097, -42.52899], [147.96566, -42.54826], [147.9533, -42.55265], [147.94289, -42.54778], [147.92791, -42.525], [147.91529, -42.51727], [147.91064, -42.53785], [147.88868, -42.5451], [147.93694, -42.59115], [147.94337, -42.63454], [147.95703, -42.65163], [147.95732, -42.67925], [147.94956, -42.70281], [147.95312, -42.71998], [147.93994, -42.73552], [147.88933, -42.76068], [147.88111, -42.78192], [147.88087, -42.80495], [147.88867, -42.81951], [147.87989, -42.83097], [147.86752, -42.82635], [147.84457, -42.86614], [147.84718, -42.88095], [147.85841, -42.88844], [147.8991, -42.89324], [147.91529, -42.88844], [147.91529, -42.88096], [147.88162, -42.87167], [147.89309, -42.8502], [147.92074, -42.83832], [147.93652, -42.85768], [147.9393, -42.87233], [147.94646, -42.87428], [147.9673, -42.86738], [147.98049, -42.87106], [147.98699, -42.89324], [148.00471, -42.90887], [147.99106, -42.93621], [148.01155, -42.95046], [148.00976, -42.9699], [147.97397, -42.98773], [147.96388, -43.01051], [147.96517, -43.06031], [147.94956, -43.07285], [147.97737, -43.10687], [147.97632, -43.12525], [147.96388, -43.1417], [147.99924, -43.14778], [148.00342, -43.15814], [147.99853, -43.17587], [147.97999, -43.19158], [147.97739, -43.20306], [147.99577, -43.21999], [147.99853, -43.23039], [147.96405, -43.22242], [147.90457, -43.18026], [147.89488, -43.16904], [147.88282, -43.13152], [147.85678, -43.15618], [147.85377, -43.1723], [147.8675, -43.20305], [147.83758, -43.20192], [147.79249, -43.24406], [147.77198, -43.21689], [147.70022, -43.16277], [147.69558, -43.13422], [147.7339, -43.11826], [147.7479, -43.10573], [147.66435, -43.08169], [147.64781, -43.07284], [147.62722, -43.04274], [147.62063, -43.02313], [147.62429, -43.00824], [147.63356, -43.00116], [147.68263, -42.98455], [147.68605, -42.97674], [147.6782, -42.93944], [147.69256, -42.93622], [147.71547, -42.93752], [147.73034, -42.94668], [147.73078, -42.97682], [147.71681, -43.00514], [147.76303, -43.03753], [147.78582, -43.0486], [147.81642, -43.05291], [147.84034, -43.04608], [147.86069, -43.04607], [147.88706, -43.03444], [147.90919, -43.01873], [147.87925, -43.01799], [147.85907, -43.00749], [147.83353, -42.96357], [147.84352, -42.96404], [147.86069, -42.95672], [147.86069, -42.95045], [147.83384, -42.94451], [147.83157, -42.9319], [147.84034, -42.90203], [147.82692, -42.89398], [147.76515, -42.90202], [147.73048, -42.88844], [147.68947, -42.89527], [147.67654, -42.88982], [147.65528, -42.86736], [147.62128, -42.86109], [147.61451, -42.83522], [147.59571, -42.82147], [147.53354, -42.8366], [147.50392, -42.85426], [147.50294, -42.88209], [147.5193, -42.91855], [147.55908, -42.97723], [147.52948, -43.01473], [147.51162, -43.02488], [147.43621, -43.04606], [147.41323, -43.02516], [147.40212, -42.99823], [147.41668, -42.98457], [147.4533, -43.01873], [147.46901, -43.01133], [147.48374, -42.97845], [147.48032, -42.97096], [147.46648, -42.96332], [147.4661, -42.9459], [147.47731, -42.90887], [147.42222, -42.92692], [147.40968, -42.88812], [147.3537, -42.86109], [147.2942, -42.77858], [147.2837, -42.7785], [147.26002, -42.79013], [147.31959, -42.84686], [147.3366, -42.88242], [147.35913, -42.91082], [147.36018, -42.92522], [147.33082, -42.97861], [147.33317, -43.04265], [147.32374, -43.04631], [147.27174, -43.01133], [147.2544, -43.02728], [147.26295, -43.0442], [147.29223, -43.06602], [147.30126, -43.0831], [147.2937, -43.09246], [147.25758, -43.11435], [147.24773, -43.12916], [147.24488, -43.14463], [147.25663, -43.19748], [147.25756, -43.25432], [147.24903, -43.26832], [147.23023, -43.28044], [147.20867, -43.2867], [147.16384, -43.27011], [147.15448, -43.26458], [147.1587, -43.24098], [147.10304, -43.23869], [147.09215, -43.23186], [147.11801, -43.19695], [147.10662, -43.15472], [147.09783, -43.1749], [147.06055, -43.20158], [147.02411, -43.17929], [147.0241, -43.13795], [147.01783, -43.1124], [147.00318, -43.10996], [146.97291, -43.13112], [146.96266, -43.17441], [146.96648, -43.19899], [147.08109, -43.26703], [147.09594, -43.28282], [147.09977, -43.29941], [147.06511, -43.32658], [147.05297, -43.32609], [147.03834, -43.31292], [147.01938, -43.31219], [146.97592, -43.32586], [146.96266, -43.34027], [147.02165, -43.33723], [147.05495, -43.34877], [147.05533, -43.35621], [147.03151, -43.37444], [146.99731, -43.42278], [146.9809, -43.42965], [146.92164, -43.42962], [146.9419, -43.44378], [147.00114, -43.45567], [147.01781, -43.47811], [146.96241, -43.47243], [146.94337, -43.47666], [146.93605, -43.49521], [146.95532, -43.51784], [146.94954, -43.53199], [146.92604, -43.53833], [146.9017, -43.532], [146.89405, -43.55788], [146.94213, -43.58116], [146.94222, -43.59832], [146.927, -43.61174], [146.84653, -43.64128], [146.83157, -43.6399], [146.82618, -43.62152], [146.80323, -43.61045], [146.78151, -43.60849], [146.71071, -43.62899], [146.70046, -43.62362], [146.67514, -43.58734], [146.60012, -43.5525], [146.58204, -43.49472], [146.57211, -43.47812], [146.5547, -43.46942], [146.54819, -43.48187], [146.55842, -43.52514], [146.5381, -43.51849], [146.5132, -43.53399], [146.48911, -43.53719], [146.37795, -43.52848], [146.35866, -43.52027], [146.33937, -43.50482], [146.30576, -43.5303], [146.29168, -43.53199], [146.27899, -43.52564], [146.26384, -43.4918], [146.23813, -43.48455], [146.22185, -43.48545], [146.20916, -43.4918], [146.20068, -43.53199], [146.18923, -43.53947], [146.17164, -43.51214], [146.16139, -43.50482], [146.14991, -43.50563], [146.1067, -43.51849], [146.10669, -43.54631], [146.09938, -43.54777], [146.07936, -43.53948], [146.0242, -43.55249], [146.03077, -43.48268], [146.02394, -43.45184], [146.00026, -43.41937], [145.93484, -43.3781], [145.94322, -43.36485], [146.00367, -43.38193], [145.97578, -43.34776], [145.99425, -43.34502], [146.08562, -43.35394], [146.11304, -43.36436], [146.14226, -43.40065], [146.16139, -43.41595], [146.16586, -43.40423], [146.1614, -43.37446], [146.18238, -43.38193], [146.17547, -43.36844], [146.18019, -43.36485], [146.20671, -43.37445], [146.23024, -43.3956], [146.2378, -43.38437], [146.2339, -43.33367], [146.2295, -43.31976], [146.16822, -43.2776], [146.15797, -43.28167], [146.12988, -43.32561], [146.11101, -43.33602], [146.08564, -43.31975], [146.07936, -43.28574], [146.06764, -43.28192], [146.05348, -43.29274], [146.04362, -43.32593], [146.02541, -43.32488], [145.97536, -43.28395], [145.96725, -43.26799], [145.96339, -43.22698], [145.91717, -43.1959], [145.91326, -43.20094], [145.91569, -43.24675], [145.87867, -43.25433], [145.86931, -43.27304], [145.88136, -43.2763], [145.91773, -43.27208], [145.92854, -43.27744], [145.92578, -43.28915], [145.91406, -43.3007], [145.89722, -43.30608], [145.84426, -43.30054], [145.83181, -43.29257], [145.80569, -43.24407], [145.80274, -43.2081], [145.76373, -43.1822], [145.75719, -43.17587], [145.75229, -43.15203], [145.73452, -43.14312], [145.72802, -43.13032], [145.72999, -43.10003], [145.6989, -43.10848], [145.6741, -43.09929], [145.67467, -43.06944], [145.68824, -43.04974], [145.67268, -43.04486], [145.69816, -42.99362], [145.72048, -42.96231], [145.77739, -42.90491], [145.87329, -42.84245], [145.84617, -42.79399], [145.83421, -42.78951], [145.72839, -42.8028], [145.63322, -42.79989], [145.58551, -42.79315], [145.49566, -42.76991], [145.45273, -42.75321], [145.38585, -42.71754], [145.37063, -42.70427], [145.35271, -42.65081], [145.32456, -42.6482], [145.30592, -42.61159], [145.26541, -42.60372], [145.26419, -42.59531], [145.29786, -42.55885], [145.27175, -42.53899], [145.24736, -42.50449], [145.2344, -42.46453], [145.24342, -42.42913], [145.21268, -42.35155], [145.23308, -42.2413], [145.24106, -42.26458], [145.25416, -42.2719], [145.30396, -42.28331], [145.33082, -42.32301], [145.35857, -42.33018], [145.43481, -42.37933], [145.45053, -42.46648], [145.46314, -42.50254], [145.47202, -42.51279], [145.47926, -42.5097], [145.48227, -42.48748], [145.48228, -42.41548], [145.50945, -42.42848], [145.51979, -42.42694], [145.52719, -42.39396], [145.55812, -42.34157], [145.53354, -42.3493], [145.5324, -42.35589], [145.52052, -42.36011], [145.51271, -42.32578], [145.50343, -42.31927], [145.49269, -42.31894], [145.48877, -42.33554], [145.48227, -42.33976], [145.46296, -42.32707], [145.38966, -42.24993], [145.36624, -42.23739], [145.34137, -42.16404], [145.34571, -42.14723], [145.33326, -42.14178], [145.32374, -42.14276], [145.30421, -42.15545], [145.29785, -42.16838], [145.27687, -42.18206], [145.28336, -42.21591], [145.27003, -42.22372], [145.26223, -42.22079], [145.24172, -42.20531], [145.26347, -42.14798], [145.30572, -42.08479], [145.36403, -42.0286], [145.43541, -41.98225], [145.47529, -41.96318], [145.55831, -41.93491], [145.56279, -41.92376], [145.44009, -41.76052], [145.36358, -41.63976], [145.29897, -41.50348], [145.23907, -41.34866], [145.18238, -41.24801], [145.17061, -41.24457], [145.08659, -41.26669], [145.04062, -41.27348], [144.94654, -41.27664], [144.85463, -41.26595], [144.80989, -41.2555], [144.72509, -41.22467], [144.68746, -41.20535], [144.69125, -41.16806], [144.68474, -41.13885], [144.66726, -41.1207], [144.6753, -41.08074], [144.65651, -41.04876], [144.60583, -40.99652], [144.62958, -40.98685], [144.64064, -40.95908], [144.61738, -40.92962], [144.64064, -40.92148], [144.65643, -40.89984], [144.69695, -40.8869], [144.70379, -40.87135], [144.70875, -40.81048], [144.68924, -40.68141], [144.69859, -40.66026], [144.72136, -40.64034], [144.72495, -40.65716], [144.75659, -40.69549], [144.76629, -40.72649], [144.77247, -40.72763], [144.79396, -40.71601], [144.82845, -40.72138], [144.89479, -40.74481]]], [[[148.2268, -40.54826], [148.21363, -40.55153], [148.20532, -40.58277], [148.19418, -40.59627], [148.16873, -40.58562], [148.16188, -40.57057], [148.12087, -40.56169], [148.10501, -40.53005], [148.13112, -40.51378], [148.25113, -40.48945], [148.23072, -40.51735], [148.2268, -40.54826]]], [[[148.25943, -39.74708], [148.33589, -39.79769], [148.42133, -39.8776], [148.50575, -39.9774], [148.57913, -40.08769], [148.63146, -40.19905], [148.65273, -40.30213], [148.63294, -40.38762], [148.56209, -40.44626], [148.45307, -40.45878], [148.4362, -40.45098], [148.42254, -40.45525], [148.41098, -40.46844], [148.40885, -40.48942], [148.38933, -40.48187], [148.37094, -40.48431], [148.3406, -40.50365], [148.34059, -40.4695], [148.32732, -40.43597], [148.29567, -40.43467], [148.23073, -40.46208], [148.21697, -40.44549], [148.19654, -40.44166], [148.17603, -40.45524], [148.15162, -40.4485], [148.08204, -40.45427], [148.05886, -40.44849], [148.03272, -40.42799], [148.00246, -40.42652], [147.99856, -40.41774], [148.00394, -40.38979], [148.07717, -40.36953], [148.17275, -40.35194], [148.1941, -40.36566], [148.20684, -40.34814], [148.28176, -40.34624], [148.25157, -40.31729], [148.16346, -40.19453], [148.08668, -40.05792], [148.02343, -39.92317], [147.97589, -39.80609], [147.94628, -39.72252], [148.03021, -39.72827], [148.15699, -39.7455], [148.23786, -39.7677], [148.25943, -39.74708]]], [[[146.64259, -38.75255], [146.66088, -38.75596], [146.65738, -38.76457], [146.64428, -38.77024], [146.58277, -38.76946], [146.55844, -38.7968], [146.53891, -38.79704], [146.49444, -38.77785], [146.47976, -38.7662], [146.47138, -38.74726], [146.48976, -38.74571], [146.53468, -38.75596], [146.6023, -38.74685], [146.6268, -38.75595], [146.64259, -38.75255]]], [[[153.41147, -27.63714], [153.39797, -27.60638], [153.41147, -27.54803], [153.39797, -27.4931], [153.40253, -27.47821], [153.43214, -27.43572], [153.4341, -27.393], [153.4424, -27.38731], [153.4585, -27.39089], [153.48731, -27.41522], [153.54882, -27.41523], [153.50856, -27.50408], [153.45589, -27.72079], [153.40334, -27.72624], [153.39138, -27.70184], [153.40009, -27.65456], [153.41147, -27.63714]]], [[[153.41212, -27.32269], [153.39747, -27.26914], [153.37649, -27.24781], [153.36954, -27.22572], [153.3638, -27.16316], [153.36996, -27.10272], [153.36054, -27.06601], [153.36314, -27.05528], [153.38364, -27.04413], [153.4183, -27.03786], [153.45135, -27.01703], [153.46273, -27.02061], [153.46899, -27.03704], [153.46607, -27.06015], [153.42579, -27.18043], [153.41822, -27.22283], [153.4183, -27.27125], [153.43213, -27.32244], [153.4292, -27.35442], [153.42303, -27.35815], [153.41148, -27.33953], [153.41212, -27.32269]]], [[[153.24808, -24.96135], [153.33918, -25.09563], [153.26738, -25.25565], [153.16066, -25.46315], [153.08351, -25.66578], [153.0857, -25.69134], [153.10172, -25.72186], [153.09985, -25.75774], [153.08325, -25.78687], [153.05535, -25.79712], [153.01651, -25.75425], [152.99937, -25.72861], [152.99734, -25.71209], [153.00221, -25.69305], [152.98424, -25.64576], [152.9865, -25.61956], [152.95827, -25.61174], [152.94631, -25.58294], [152.94826, -25.55218], [152.96242, -25.5377], [152.98234, -25.52697], [152.99415, -25.4957], [153.00076, -25.43402], [153.00856, -25.42165], [153.03484, -25.39984], [153.06853, -25.32903], [153.05618, -25.27321], [153.06886, -25.24847], [153.06227, -25.23724], [153.05445, -25.23349], [153.01597, -25.22331], [153.01453, -25.2113], [153.02134, -25.19818], [153.03835, -25.18353], [153.14796, -25.11419], [153.17872, -25.0875], [153.22609, -25.02752], [153.24252, -24.99326], [153.24808, -24.96135]]], [[[152.99365, -25.30398], [153.00626, -25.32754], [152.99391, -25.33846], [152.96385, -25.29926], [152.95364, -25.2785], [152.96241, -25.26964], [152.99365, -25.30398]]], [[[151.36265, -23.87175], [151.35963, -23.84783], [151.35206, -23.83245], [151.32863, -23.80291], [151.32107, -23.76873], [151.33311, -23.75034], [151.33929, -23.75135], [151.34474, -23.7824], [151.38306, -23.84011], [151.38834, -23.86443], [151.38306, -23.87956], [151.36265, -23.87175]]], [[[151.22706, -23.56146], [151.22934, -23.60752], [151.2378, -23.63454], [151.25123, -23.657], [151.28776, -23.67914], [151.29614, -23.70729], [151.29761, -23.74822], [151.29103, -23.74993], [151.26645, -23.77613], [151.21388, -23.77808], [151.16896, -23.72991], [151.15919, -23.69362], [151.14731, -23.67523], [151.10524, -23.62802], [151.06789, -23.59807], [150.97963, -23.48739], [151.02238, -23.46933], [151.01817, -23.45325], [151.02752, -23.44453], [151.04363, -23.45355], [151.07152, -23.44732], [151.07796, -23.45079], [151.08155, -23.47454], [151.14185, -23.4879], [151.1504, -23.49871], [151.18018, -23.50727], [151.1914, -23.51385], [151.17701, -23.52907], [151.19508, -23.53387], [151.2391, -23.48889], [151.23877, -23.51629], [151.22706, -23.56146]]], [[[150.96966, -23.18686], [150.93915, -23.19653], [150.9337, -23.18304], [150.93833, -23.17084], [150.95428, -23.17262], [150.95974, -23.15928], [150.9738, -23.15269], [150.97788, -23.17091], [150.99145, -23.17905], [150.98406, -23.18937], [150.96966, -23.18686]]], [[[150.89008, -23.05764], [150.89421, -23.05659], [150.91007, -23.08269], [150.88601, -23.07943], [150.88485, -23.07127], [150.89008, -23.05764]]], [[[149.71811, -22.40447], [149.7103, -22.38519], [149.72802, -22.34047], [149.73617, -22.33905], [149.76627, -22.36468], [149.75587, -22.36875], [149.75195, -22.39885], [149.72478, -22.43986], [149.7103, -22.42555], [149.71811, -22.40447]]], [[[150.47935, -22.33197], [150.49187, -22.31634], [150.47136, -22.30267], [150.4578, -22.31014], [150.49366, -22.25506], [150.48845, -22.23748], [150.47585, -22.22194], [150.47837, -22.21625], [150.49187, -22.21397], [150.50456, -22.21674], [150.51125, -22.22405], [150.5263, -22.25292], [150.5298, -22.27174], [150.55249, -22.28233], [150.56079, -22.29583], [150.55583, -22.30632], [150.53346, -22.31976], [150.52616, -22.33523], [150.49537, -22.35083], [150.48228, -22.34498], [150.47935, -22.33197]]], [[[149.97234, -22.15903], [149.95191, -22.16805], [149.94076, -22.16642], [149.93629, -22.15757], [149.93694, -22.14804], [149.97861, -22.12006], [149.99895, -22.11639], [150.00815, -22.10232], [150.03775, -22.11142], [150.01743, -22.11256], [150.01701, -22.12623], [149.97234, -22.15903]]], [[[149.87763, -22.21998], [149.88234, -22.1928], [149.8699, -22.17555], [149.86803, -22.16215], [149.87411, -22.1184], [149.88283, -22.09694], [149.89601, -22.08294], [149.88967, -22.07317], [149.89358, -22.06114], [149.9165, -22.04194], [149.90968, -22.0866], [149.93002, -22.13456], [149.92162, -22.19043], [149.90869, -22.2164], [149.88852, -22.22681], [149.87763, -22.21998]]], [[[149.84776, -22.00222], [149.85841, -22.00286], [149.87697, -21.98969], [149.88623, -21.9944], [149.86345, -22.01457], [149.84711, -22.01197], [149.84776, -22.00222]]], [[[150.15919, -21.97666], [150.18156, -21.97236], [150.18465, -21.98072], [150.17807, -21.98911], [150.18131, -21.99561], [150.16603, -22.00407], [150.16293, -21.98602], [150.15139, -21.97828], [150.1505, -21.97163], [150.15919, -21.97666]]], [[[149.67416, -21.31585], [149.6684, -21.31381], [149.67709, -21.30139], [149.67905, -21.30942], [149.69003, -21.31214], [149.69458, -21.32456], [149.68394, -21.33244], [149.67416, -21.31585]]], [[[149.44393, -20.94198], [149.431, -20.94636], [149.43238, -20.93035], [149.42636, -20.91383], [149.4454, -20.90481], [149.45728, -20.91164], [149.4611, -20.9227], [149.44393, -20.94198]]], [[[149.40732, -20.92473], [149.39617, -20.91919], [149.38756, -20.90928], [149.40658, -20.90041], [149.41537, -20.90342], [149.41823, -20.92717], [149.4144, -20.92238], [149.40732, -20.92473]]], [[[149.27792, -20.81797], [149.26483, -20.82853], [149.26588, -20.81471], [149.25287, -20.80804], [149.27678, -20.80153], [149.28216, -20.80609], [149.28467, -20.82665], [149.27792, -20.81797]]], [[[149.2951, -20.80055], [149.28769, -20.80291], [149.27589, -20.79778], [149.27403, -20.78729], [149.2876, -20.77736], [149.30233, -20.79868], [149.29973, -20.80607], [149.2951, -20.80055]]], [[[149.47349, -20.75008], [149.46739, -20.73951], [149.4682, -20.73042], [149.47782, -20.73616], [149.48339, -20.74618], [149.47349, -20.75008]]], [[[149.13707, -20.69897], [149.13959, -20.68948], [149.14511, -20.69077], [149.15074, -20.66596], [149.15837, -20.66775], [149.16487, -20.67669], [149.16024, -20.68458], [149.1561, -20.68377], [149.15576, -20.68775], [149.13707, -20.69897]]], [[[149.11506, -20.47966], [149.09262, -20.4861], [149.07211, -20.5162], [149.05307, -20.52808], [149.03933, -20.50945], [149.03941, -20.50075], [149.04541, -20.49424], [149.06178, -20.4944], [149.07057, -20.48992], [149.0818, -20.47226], [149.09408, -20.41828], [149.0984, -20.45322], [149.11506, -20.47966]]], [[[148.8794, -20.39804], [148.86363, -20.38908], [148.85499, -20.35784], [148.85565, -20.32074], [148.86522, -20.31998], [148.86061, -20.34726], [148.88501, -20.38616], [148.8794, -20.39804]]], [[[148.83253, -20.28605], [148.82815, -20.27426], [148.83383, -20.25499], [148.84026, -20.26173], [148.85026, -20.25589], [148.84595, -20.27337], [148.83253, -20.28605]]], [[[148.97121, -20.32146], [148.9712, -20.28102], [148.94703, -20.29411], [148.93117, -20.29216], [148.92703, -20.28729], [148.96233, -20.25208], [148.96892, -20.23773], [148.95006, -20.23267], [148.9695, -20.16449], [148.98487, -20.15148], [149.00517, -20.20205], [149.00408, -20.22926], [149.01075, -20.23691], [149.02954, -20.23944], [149.04624, -20.27418], [149.06714, -20.28925], [149.0734, -20.29998], [149.06739, -20.31518], [149.0394, -20.28729], [149.01889, -20.32885], [149.00375, -20.31162], [148.99106, -20.31512], [148.98064, -20.32381], [148.97121, -20.32146]]], [[[148.88186, -20.13763], [148.88796, -20.12185], [148.91586, -20.08929], [148.90652, -20.07537], [148.92018, -20.06082], [148.93702, -20.06878], [148.95444, -20.05885], [148.96372, -20.04162], [148.98022, -20.0569], [148.97119, -20.07675], [148.94386, -20.11346], [148.95752, -20.14381], [148.92336, -20.17862], [148.92514, -20.15146], [148.91588, -20.15747], [148.91391, -20.15154], [148.90903, -20.15146], [148.90219, -20.16496], [148.88845, -20.15439], [148.88186, -20.13763]]], [[[148.45046, -19.96577], [148.47428, -19.98309], [148.48095, -20.00457], [148.47022, -20.04761], [148.45046, -20.04159], [148.45096, -20.0098], [148.4442, -19.98626], [148.45046, -19.96577]]], [[[146.86866, -19.10232], [146.87452, -19.11958], [146.8737, -19.143], [146.86703, -19.16381], [146.85646, -19.1513], [146.82008, -19.17505], [146.79869, -19.16382], [146.7803, -19.13201], [146.78501, -19.12283], [146.79835, -19.11746], [146.82244, -19.11647], [146.83286, -19.10232], [146.8602, -19.11598], [146.86866, -19.10232]]], [[[146.63413, -18.7365], [146.65113, -18.74578], [146.68343, -18.7436], [146.68424, -18.75204], [146.674, -18.76433], [146.65447, -18.77019], [146.61695, -18.7623], [146.58286, -18.76473], [146.57017, -18.76083], [146.57058, -18.74521], [146.58277, -18.71771], [146.57668, -18.68809], [146.58131, -18.68224], [146.61117, -18.70323], [146.63413, -18.7365]]], [[[146.3239, -18.38325], [146.31902, -18.38299], [146.35303, -18.41034], [146.35327, -18.42164], [146.33326, -18.43141], [146.31079, -18.47868], [146.29168, -18.49284], [146.2754, -18.48317], [146.23952, -18.47486], [146.22341, -18.4655], [146.19923, -18.37526], [146.16261, -18.32529], [146.1103, -18.29094], [146.09304, -18.26629], [146.09735, -18.24522], [146.12183, -18.24555], [146.21746, -18.27793], [146.2234, -18.26084], [146.21893, -18.22918], [146.2295, -18.19805], [146.23536, -18.22324], [146.24855, -18.2326], [146.29071, -18.23303], [146.29123, -18.26017], [146.27809, -18.28737], [146.27833, -18.30739], [146.28419, -18.32285], [146.30051, -18.34222], [146.30266, -18.37223], [146.3239, -18.38325]]], [[[146.16456, -18.15204], [146.18229, -18.16254], [146.18676, -18.17172], [146.16125, -18.18181], [146.15025, -18.1775], [146.16456, -18.15204]]], [[[146.13666, -17.94101], [146.14471, -17.92711], [146.16887, -17.94834], [146.17195, -17.97068], [146.16179, -17.95664], [146.14967, -17.95516], [146.13666, -17.94101]]], [[[145.9809, -16.93434], [145.99586, -16.92442], [146.00306, -16.9271], [146.00187, -16.93564], [145.98903, -16.94547], [145.9809, -16.93434]]], [[[150.9983, -10.63543], [150.93686, -10.6325], [150.93287, -10.64707], [150.93376, -10.67213], [150.92449, -10.68025], [150.91236, -10.63779], [150.92369, -10.60834], [150.94768, -10.59427], [150.96504, -10.59149], [151.02003, -10.5915], [151.04672, -10.60573], [151.05445, -10.60345], [151.0608, -10.59386], [151.06787, -10.59833], [151.07, -10.60622], [151.0747, -10.60573], [151.04705, -10.62737], [151.04493, -10.63681], [151.06786, -10.63991], [151.04672, -10.66033], [151.04639, -10.66968], [151.03199, -10.67106], [151.01516, -10.66252], [151.00709, -10.643], [150.9983, -10.63543]]], [[[151.27737, -10.62736], [151.2785, -10.61827], [151.30403, -10.62388], [151.29721, -10.63061], [151.28859, -10.62558], [151.27737, -10.62736]]], [[[151.22958, -10.60646], [151.21811, -10.60092], [151.25577, -10.61346], [151.24562, -10.6237], [151.2326, -10.61565], [151.22958, -10.60646]]], [[[150.68706, -10.59579], [150.70313, -10.57937], [150.7059, -10.58392], [150.71762, -10.58368], [150.72348, -10.59498], [150.71795, -10.6089], [150.74171, -10.59988], [150.74764, -10.60597], [150.74529, -10.61118], [150.73732, -10.61191], [150.73764, -10.61541], [150.75667, -10.62998], [150.75115, -10.63387], [150.72495, -10.63241], [150.70732, -10.62421], [150.7046, -10.61313], [150.6828, -10.61174], [150.68706, -10.59579]]], [[[150.89649, -10.63893], [150.88233, -10.65349], [150.83806, -10.63616], [150.813, -10.6334], [150.79347, -10.63989], [150.78289, -10.61981], [150.76687, -10.60572], [150.77369, -10.59833], [150.82203, -10.62273], [150.86573, -10.62347], [150.79348, -10.55836], [150.78811, -10.54941], [150.79032, -10.54019], [150.79957, -10.53461], [150.80902, -10.53645], [150.82146, -10.55047], [150.86256, -10.54559], [150.8755, -10.53632], [150.89917, -10.55088], [150.90185, -10.56259], [150.88917, -10.57781], [150.89648, -10.58465], [150.88917, -10.61883], [150.89649, -10.63893]]], [[[151.18598, -10.58994], [151.19223, -10.58247], [151.20604, -10.59241], [151.20915, -10.60075], [151.18598, -10.58994]]], [[[151.00921, -10.27874], [151.01954, -10.27508], [151.02443, -10.26557], [151.03776, -10.2746], [151.03304, -10.29045], [151.02345, -10.29266], [151.01572, -10.30364], [151.01571, -10.31472], [151.01352, -10.30462], [151.00889, -10.30201], [151.01002, -10.29502], [151.00498, -10.28859], [150.99994, -10.29232], [150.99628, -10.28802], [150.99936, -10.2846], [150.99539, -10.27647], [151.00831, -10.27053], [151.00921, -10.27874]]], [[[160.20432, -10.39613], [160.14475, -10.42868], [160.06648, -10.43531], [159.97679, -10.42321], [159.88279, -10.39938], [159.70863, -10.34275], [159.49739, -10.28187], [159.40127, -10.24466], [159.30791, -10.19655], [159.23064, -10.13907], [159.18217, -10.07486], [159.17476, -10.00725], [159.21975, -9.93933], [159.26375, -9.91828], [159.32189, -9.91713], [159.39094, -9.92992], [159.63408, -9.99546], [159.80655, -10.02307], [159.75327, -9.99252], [159.81459, -10.01188], [159.83622, -10.00987], [159.84381, -10.02], [159.98144, -10.05315], [160.05409, -10.07465], [160.12181, -10.1028], [160.17914, -10.14043], [160.22083, -10.18982], [160.24194, -10.25276], [160.23786, -10.33081], [160.20432, -10.39613]]], [[[151.19497, -10.1522], [151.22831, -10.19776], [151.17579, -10.15643], [151.15659, -10.14642], [151.05421, -10.11858], [150.97029, -10.11006], [150.95803, -10.1049], [150.95039, -10.06037], [150.95233, -10.03412], [150.96865, -10.02428], [150.98719, -10.00295], [151.10748, -10.07696], [151.16858, -10.12413], [151.19497, -10.1522]]], [[[150.88141, -9.94387], [150.94608, -9.97763], [150.92896, -9.99675], [150.90724, -9.99732], [150.89454, -9.97015], [150.88234, -9.96087], [150.88141, -9.94387]]], [[[150.52409, -9.62429], [150.43361, -9.63127], [150.42987, -9.62428], [150.46428, -9.59435], [150.49309, -9.57665], [150.52409, -9.62429]]], [[[150.34796, -9.44986], [150.33522, -9.47129], [150.36149, -9.47431], [150.35522, -9.50163], [150.33743, -9.51971], [150.31227, -9.51945], [150.25961, -9.49538], [150.25165, -9.50163], [150.25148, -9.47096], [150.24627, -9.45875], [150.17165, -9.43563], [150.15317, -9.40252], [150.10839, -9.36121], [150.10863, -9.34214], [150.14631, -9.35363], [150.28194, -9.41116], [150.34796, -9.44986]]], [[[159.18481, -9.34218], [159.13329, -9.30511], [159.09033, -9.26882], [159.06049, -9.23837], [158.96664, -9.11224], [158.8283, -8.9078], [158.72392, -8.76952], [158.66391, -8.7014], [158.46232, -8.48981], [158.38918, -8.40218], [158.32367, -8.31033], [158.27248, -8.21701], [158.24253, -8.1249], [158.24079, -8.03655], [158.39464, -8.10736], [158.54101, -8.21577], [158.67958, -8.35042], [158.81014, -8.4995], [159.04684, -8.79281], [159.10924, -8.86369], [159.25907, -8.9904], [159.29868, -9.03797], [159.34001, -9.09859], [159.37857, -9.16586], [159.41037, -9.23383], [159.43162, -9.297], [159.43846, -9.35021], [159.42677, -9.38854], [159.39342, -9.41087], [159.34876, -9.41357], [159.29653, -9.40048], [159.24057, -9.37538], [159.18481, -9.34218]]], [[[148.69778, -8.73789], [148.70693, -8.7499], [148.66241, -8.68549], [148.69778, -8.73789]]], [[[148.05889, -7.88946], [147.80312, -7.72332], [147.75768, -7.68729], [147.80316, -7.72328], [148.05878, -7.88932], [148.13911, -7.94789], [148.05889, -7.88946]]], [[[157.39488, -7.73663], [157.32556, -7.70502], [157.2567, -7.66904], [157.18604, -7.62618], [157.11126, -7.57404], [156.73153, -7.27436], [156.61886, -7.18108], [156.5144, -7.08574], [156.42743, -6.99096], [156.36703, -6.89926], [156.34179, -6.81327], [156.37346, -6.81555], [156.45066, -6.83321], [156.53802, -6.86538], [156.58233, -6.88575], [156.72766, -6.9634], [156.78429, -7.00395], [156.83694, -7.05209], [156.88686, -7.10564], [157.03152, -7.27759], [157.08153, -7.33176], [157.15245, -7.39285], [157.23109, -7.44822], [157.39414, -7.55426], [157.4701, -7.61095], [157.53684, -7.67399], [157.5903, -7.74629], [157.62649, -7.83067], [157.39488, -7.73663]]], [[[155.91835, -6.80874], [155.90065, -6.74829], [155.91729, -6.77956], [155.91835, -6.80874]]], [[[147.00148, -5.45493], [146.79514, -5.45333], [146.59116, -5.44665], [146.40193, -5.41945], [146.23868, -5.35791], [146.11115, -5.24938], [146.07057, -5.17953], [146.04914, -5.10363], [146.04771, -5.08887], [146.04916, -5.10368], [146.07073, -5.17951], [146.1115, -5.24919], [146.23887, -5.35774], [146.40204, -5.41928], [146.59126, -5.44647], [146.79528, -5.45316], [147.00167, -5.45476], [147.19569, -5.4714], [147.3683, -5.51284], [147.51606, -5.57871], [147.63048, -5.6553], [147.76653, -5.757], [148.06164, -5.98055], [148.19614, -6.08732], [148.3011, -6.19448], [148.35903, -6.31004], [148.35426, -6.43689], [148.24206, -6.45954], [148.05755, -6.50246], [148.24176, -6.45945], [148.35396, -6.43663], [148.35887, -6.30989], [148.30099, -6.1944], [148.19604, -6.08725], [148.06151, -5.98047], [147.76629, -5.75693], [147.63019, -5.65528], [147.51575, -5.57884], [147.368, -5.51296], [147.19545, -5.47154], [147.00148, -5.45493]]], [[[167.48697, -47.21892], [167.44947, -47.23942], [167.42678, -47.24455], [167.41873, -47.2326], [167.43092, -47.21841], [167.45428, -47.20746], [167.4773, -47.20567], [167.48697, -47.21892]]], [[[167.70151, -47.20696], [167.70167, -47.19817], [167.69223, -47.19028], [167.69768, -47.18401], [167.72086, -47.18532], [167.72517, -47.19397], [167.71786, -47.20371], [167.70151, -47.20696]]], [[[167.81422, -46.91123], [167.81137, -46.87477], [167.75833, -46.80739], [167.77426, -46.78387], [167.76028, -46.75604], [167.77362, -46.71169], [167.78746, -46.69721], [167.80945, -46.69214], [167.8401, -46.69135], [167.88234, -46.69988], [167.9092, -46.68484], [167.92058, -46.68305], [167.96721, -46.69968], [168.00428, -46.7249], [168.09327, -46.81146], [168.13842, -46.83881], [168.14422, -46.85247], [168.1792, -46.86444], [168.19123, -46.87705], [168.17164, -46.88991], [168.19207, -46.89761], [168.19205, -46.90357], [168.16703, -46.90982], [168.07653, -46.90357], [168.08334, -46.88991], [168.02703, -46.88844], [168.00815, -46.89512], [168.01822, -46.91448], [168.01536, -46.92558], [167.96664, -46.97259], [167.99187, -46.97047], [168.0267, -46.93955], [168.04868, -46.93159], [168.08644, -46.94891], [168.15111, -46.96576], [168.14381, -46.97796], [168.13111, -46.98561], [168.13111, -46.99245], [168.23023, -46.97162], [168.24431, -46.99082], [168.26098, -46.9992], [168.2474, -47.04058], [168.23605, -47.04558], [168.19947, -47.04079], [168.19947, -47.04762], [168.24462, -47.06863], [168.25927, -47.08473], [168.23366, -47.08855], [168.21314, -47.06813], [168.19109, -47.06715], [168.1858, -47.07431], [168.19205, -47.09889], [168.181, -47.10392], [168.1465, -47.09352], [168.15796, -47.10905], [168.08334, -47.10906], [168.02125, -47.11647], [167.99627, -47.12444], [167.90186, -47.1884], [167.88382, -47.18799], [167.8379, -47.16839], [167.78925, -47.17115], [167.7649, -47.13746], [167.74414, -47.15064], [167.71974, -47.15691], [167.7129, -47.18483], [167.69703, -47.17694], [167.64575, -47.20516], [167.61671, -47.21217], [167.63461, -47.22552], [167.72655, -47.20526], [167.70328, -47.23723], [167.6719, -47.26049], [167.67213, -47.2361], [167.65943, -47.23642], [167.62744, -47.2636], [167.60948, -47.27034], [167.54105, -47.27753], [167.52102, -47.27304], [167.51549, -47.25368], [167.52183, -47.22829], [167.5458, -47.18811], [167.63038, -47.15691], [167.61304, -47.1484], [167.62477, -47.11647], [167.6198, -47.07891], [167.62746, -47.06471], [167.64785, -47.04825], [167.6719, -47.03706], [167.68824, -47.0329], [167.72657, -47.04078], [167.74383, -47.02728], [167.73228, -46.97674], [167.73708, -46.95518], [167.74936, -46.94989], [167.77882, -46.94988], [167.792, -46.94183], [167.81422, -46.91123]]], [[[168.22952, -46.91334], [168.24057, -46.9014], [168.24788, -46.91496], [168.22952, -46.91334]]], [[[167.67873, -46.75857], [167.69337, -46.75727], [167.71972, -46.76719], [167.70923, -46.78411], [167.68263, -46.79509], [167.66934, -46.79139], [167.66287, -46.7785], [167.66724, -46.7651], [167.67873, -46.75857]]], [[[168.56342, -46.756], [168.58375, -46.7457], [168.59002, -46.73238], [168.60571, -46.75457], [168.5935, -46.77532], [168.56328, -46.80115], [168.56788, -46.7907], [168.54219, -46.75971], [168.56342, -46.756]]], [[[166.93798, -46.5707], [166.91597, -46.55227], [166.93685, -46.55162], [166.93798, -46.5707]]], [[[167.85116, -46.4611], [167.84295, -46.4546], [167.83256, -46.45386], [167.85238, -46.44746], [167.85457, -46.45785], [167.85116, -46.4611]]], [[[166.60859, -46.11102], [166.62176, -46.10141], [166.6373, -46.098], [166.65104, -46.10394], [166.65608, -46.11207], [166.62175, -46.13787], [166.60786, -46.13925], [166.60859, -46.11102]]], [[[166.50849, -46.04404], [166.51401, -46.03941], [166.53826, -46.04355], [166.52824, -46.06722], [166.50816, -46.05022], [166.50849, -46.04404]]], [[[166.5416, -46.0333], [166.52963, -46.02956], [166.53078, -46.01882], [166.54005, -46.02003], [166.5416, -46.0333]]], [[[166.58334, -45.98235], [166.58178, -45.99317], [166.56234, -46.00896], [166.53966, -46.00311], [166.5503, -45.9883], [166.58334, -45.98235]]], [[[166.62375, -45.78305], [166.61526, -45.77776], [166.64129, -45.77199], [166.65374, -45.76288], [166.67978, -45.76181], [166.71681, -45.74904], [166.77695, -45.74896], [166.66554, -45.78078], [166.62375, -45.78305]]], [[[166.52491, -45.7514], [166.53477, -45.74596], [166.56315, -45.75018], [166.56256, -45.75542], [166.50936, -45.77279], [166.48976, -45.77328], [166.48896, -45.75637], [166.52491, -45.7514]]], [[[166.87906, -45.73323], [166.8776, -45.74382], [166.83717, -45.75578], [166.81227, -45.75578], [166.79706, -45.75082], [166.80161, -45.74717], [166.79444, -45.74448], [166.79465, -45.73861], [166.8156, -45.72625], [166.87906, -45.73323]]], [[[166.74335, -45.64556], [166.7546, -45.69037], [166.75063, -45.71214], [166.73926, -45.72795], [166.72169, -45.73707], [166.69941, -45.73919], [166.68181, -45.71884], [166.6748, -45.7369], [166.66667, -45.74081], [166.65009, -45.73918], [166.63898, -45.7091], [166.63722, -45.67718], [166.62306, -45.6583], [166.60572, -45.65984], [166.54345, -45.71151], [166.50622, -45.72485], [166.52119, -45.69329], [166.54737, -45.66725], [166.56667, -45.63715], [166.60377, -45.63551], [166.68385, -45.61599], [166.70248, -45.61518], [166.73014, -45.62657], [166.74335, -45.64556]]], [[[166.89098, -45.23562], [166.90113, -45.23211], [166.90596, -45.21773], [166.96614, -45.14962], [166.99708, -45.23317], [167.03432, -45.30027], [167.00099, -45.30494], [166.98749, -45.30233], [166.95362, -45.28232], [166.91229, -45.26978], [166.89334, -45.24342], [166.89098, -45.23562]]], [[[168.59119, -46.61432], [168.41922, -46.60197], [168.43753, -46.57978], [168.46013, -46.57204], [168.49586, -46.57252], [168.50799, -46.57529], [168.51832, -46.58668], [168.54721, -46.59075], [168.56512, -46.58506], [168.54217, -46.5678], [168.51319, -46.55967], [168.42604, -46.56112], [168.38575, -46.54339], [168.36573, -46.54022], [168.35711, -46.55771], [168.36346, -46.57806], [168.39379, -46.60508], [168.4055, -46.62313], [168.37811, -46.6198], [168.34181, -46.58904], [168.3192, -46.58147], [168.30779, -46.55836], [168.28151, -46.55233], [168.27411, -46.54664], [168.26785, -46.52631], [168.30934, -46.52012], [168.31982, -46.52257], [168.32643, -46.5368], [168.3851, -46.49961], [168.39438, -46.47291], [168.38746, -46.44052], [168.36891, -46.41692], [168.34352, -46.41709], [168.35156, -46.44231], [168.34147, -46.46575], [168.32227, -46.48007], [168.30194, -46.47844], [168.26954, -46.42352], [168.20755, -46.34803], [168.19947, -46.34197], [168.17115, -46.33668], [168.05885, -46.35418], [168.05925, -46.3829], [168.00994, -46.36981], [167.9974, -46.3733], [167.94793, -46.37029], [167.93392, -46.3903], [167.92242, -46.39293], [167.87794, -46.38291], [167.85011, -46.39657], [167.83893, -46.39333], [167.80845, -46.37281], [167.78541, -46.34539], [167.74027, -46.32204], [167.7798, -46.30633], [167.78924, -46.29412], [167.71332, -46.21816], [167.7129, -46.19793], [167.69793, -46.18873], [167.63706, -46.18124], [167.59002, -46.1596], [167.45281, -46.15016], [167.44587, -46.17381], [167.43068, -46.19695], [167.41879, -46.23867], [167.40576, -46.25114], [167.39047, -46.25432], [167.3567, -46.25254], [167.29518, -46.2736], [167.21258, -46.26002], [167.17482, -46.27311], [167.16114, -46.26002], [167.0857, -46.23691], [167.03444, -46.23885], [166.96616, -46.22584], [166.82887, -46.22827], [166.76198, -46.21998], [166.70559, -46.19109], [166.67125, -46.15358], [166.67727, -46.14716], [166.71567, -46.13274], [166.75392, -46.10231], [166.7881, -46.06813], [166.83233, -46.00105], [166.85288, -45.99245], [166.88217, -45.98724], [166.95248, -45.95029], [166.95249, -45.94402], [166.93068, -45.94622], [166.86988, -45.97194], [166.80291, -45.99277], [166.7881, -46.00555], [166.78443, -46.01686], [166.7881, -46.0403], [166.75098, -46.0704], [166.73959, -46.06129], [166.74448, -46.04022], [166.73341, -46.03289], [166.72005, -46.06413], [166.68848, -46.07707], [166.61607, -46.08806], [166.61941, -46.05479], [166.62827, -46.04698], [166.64405, -46.05389], [166.64748, -46.02191], [166.65873, -46.00002], [166.67759, -45.9848], [166.70558, -45.97195], [166.76588, -45.96185], [166.79184, -45.95306], [166.8086, -45.93043], [166.73959, -45.95029], [166.69127, -45.94019], [166.6885, -45.93385], [166.75196, -45.87656], [166.75392, -45.86891], [166.74391, -45.86094], [166.7326, -45.8624], [166.71225, -45.87575], [166.69939, -45.89967], [166.67482, -45.91326], [166.64404, -45.95427], [166.62923, -45.96525], [166.53419, -45.98504], [166.48976, -46.01294], [166.46943, -45.98349], [166.47316, -45.9638], [166.46648, -45.93022], [166.46681, -45.84073], [166.47334, -45.81753], [166.48976, -45.80756], [166.5543, -45.80074], [166.62354, -45.80072], [166.61606, -45.80755], [166.62355, -45.81504], [166.64829, -45.80007], [166.67791, -45.79412], [166.74024, -45.79388], [166.84609, -45.77341], [166.88966, -45.77646], [166.93852, -45.74553], [166.98732, -45.73024], [167.00847, -45.71852], [167.02084, -45.69769], [166.96304, -45.71132], [166.89096, -45.70517], [166.79754, -45.72438], [166.77428, -45.71884], [166.80487, -45.6789], [166.82228, -45.67034], [166.8755, -45.65927], [166.89096, -45.64984], [166.79461, -45.65991], [166.77769, -45.65666], [166.77005, -45.63274], [166.77076, -45.61085], [166.782, -45.59418], [166.83204, -45.58343], [166.88217, -45.56463], [166.91131, -45.56117], [166.96437, -45.57431], [166.99195, -45.57545], [167.01344, -45.56113], [166.97975, -45.5617], [166.96461, -45.55771], [166.9525, -45.5468], [167.0171, -45.5324], [167.0464, -45.51686], [167.05494, -45.49163], [166.92188, -45.54126], [166.83961, -45.55291], [166.78452, -45.5748], [166.74024, -45.58097], [166.71462, -45.57561], [166.70242, -45.55738], [166.7025, -45.54242], [166.73959, -45.48545], [166.75743, -45.42547], [166.7676, -45.40961], [166.81227, -45.39285], [166.86109, -45.40733], [166.90935, -45.42978], [166.95248, -45.43694], [166.92563, -45.3886], [166.91, -45.37957], [166.89779, -45.40275], [166.82251, -45.36887], [166.80944, -45.35736], [166.8061, -45.34606], [166.82535, -45.31737], [166.8811, -45.2797], [166.89095, -45.28298], [166.89894, -45.29998], [166.91774, -45.31268], [166.95929, -45.32708], [166.94215, -45.33807], [166.93214, -45.35508], [167.01905, -45.34125], [167.04768, -45.36209], [167.05884, -45.38006], [167.05697, -45.3899], [167.04752, -45.40276], [167.01108, -45.42645], [167.02027, -45.43076], [167.05421, -45.4293], [167.06617, -45.42409], [167.07911, -45.41334], [167.09719, -45.3821], [167.14698, -45.41375], [167.17164, -45.47112], [167.17847, -45.46495], [167.20574, -45.47861], [167.20021, -45.44598], [167.14845, -45.39813], [167.04756, -45.32708], [167.06203, -45.31317], [167.07888, -45.30634], [167.18051, -45.28477], [167.19898, -45.28607], [167.22657, -45.31813], [167.24057, -45.32708], [167.25913, -45.33164], [167.2798, -45.33213], [167.29786, -45.32659], [167.30885, -45.31341], [167.29274, -45.30983], [167.25758, -45.31112], [167.24364, -45.30387], [167.23121, -45.28875], [167.2331, -45.26971], [167.24724, -45.25311], [167.20973, -45.2536], [167.14602, -45.27095], [167.06479, -45.27694], [167.04755, -45.2697], [167.03028, -45.21657], [167.01199, -45.20566], [167.00768, -45.19427], [167.00491, -45.14959], [167.01207, -45.13291], [167.03444, -45.12226], [167.06421, -45.12275], [167.08789, -45.13495], [167.12696, -45.17376], [167.15528, -45.18475], [167.17075, -45.18475], [167.17848, -45.1775], [167.17303, -45.17116], [167.13699, -45.14958], [167.1006, -45.11598], [167.0796, -45.1032], [167.05497, -45.10173], [167.09442, -45.05593], [167.1185, -45.03925], [167.14065, -45.04316], [167.1783, -45.08794], [167.18068, -45.12713], [167.19215, -45.13592], [167.19899, -45.09442], [167.21404, -45.08954], [167.27467, -45.09442], [167.25953, -45.0818], [167.20282, -45.06681], [167.18182, -45.05705], [167.1531, -45.02402], [167.15156, -45.00758], [167.16482, -44.99188], [167.18914, -44.98529], [167.26783, -45.00555], [167.3357, -45.03721], [167.34986, -45.02606], [167.33106, -45.02223], [167.21062, -44.97259], [167.19905, -44.96383], [167.20347, -44.94997], [167.22007, -44.93626], [167.2702, -44.90554], [167.28692, -44.8993], [167.32928, -44.89568], [167.30887, -44.87526], [167.38576, -44.84239], [167.4187, -44.84093], [167.4323, -44.87184], [167.44972, -44.88942], [167.45281, -44.8991], [167.43914, -44.93727], [167.46647, -44.97324], [167.45965, -44.99188], [167.51417, -44.99261], [167.49781, -44.94801], [167.47708, -44.93352], [167.4769, -44.89316], [167.44805, -44.8357], [167.44534, -44.82366], [167.45771, -44.78933], [167.48716, -44.76719], [167.52328, -44.76378], [167.55519, -44.78582], [167.56225, -44.79925], [167.54217, -44.82741], [167.53728, -44.84588], [167.54005, -44.86053], [167.55014, -44.87225], [167.56813, -44.88201], [167.5701, -44.85947], [167.59685, -44.81374], [167.59474, -44.79339], [167.56853, -44.77256], [167.54886, -44.73448], [167.58873, -44.71625], [167.63502, -44.75262], [167.67937, -44.76539], [167.66245, -44.75856], [167.59913, -44.70819], [167.59475, -44.69769], [167.60305, -44.68337], [167.61891, -44.67402], [167.67189, -44.66302], [167.6924, -44.63633], [167.71599, -44.62957], [167.75197, -44.60321], [167.78126, -44.59435], [167.81079, -44.59923], [167.90167, -44.65261], [167.93263, -44.69703], [167.93971, -44.68548], [167.93946, -44.65521], [167.93263, -44.64251], [167.90455, -44.62884], [167.85694, -44.59488], [167.85043, -44.53151], [167.83645, -44.5053], [167.94263, -44.41306], [168.00815, -44.37615], [168.03321, -44.35328], [168.02818, -44.32042], [168.11818, -44.32041], [168.12745, -44.31658], [168.1395, -44.29925], [168.1399, -44.28395], [168.12794, -44.27207], [168.1033, -44.26506], [168.1033, -44.25824], [168.16896, -44.23821], [168.20534, -44.2073], [168.26783, -44.17694], [168.30714, -44.14886], [168.3401, -44.11834], [168.34524, -44.08929], [168.35338, -44.07733], [168.37451, -44.06264], [168.39812, -44.0534], [168.37089, -44.03916], [168.41033, -44.02794], [168.47218, -44.025], [168.50929, -44.01865], [168.54298, -44.00612], [168.58677, -43.98236], [168.61248, -43.98447], [168.62127, -43.98154], [168.64585, -43.96454], [168.66284, -43.97138], [168.69923, -44.00506], [168.74676, -44.01035], [168.80372, -43.99725], [168.85816, -43.97275], [168.91848, -43.9289], [169.00145, -43.88252], [169.06544, -43.85752], [169.08127, -43.8468], [169.09103, -43.81993], [169.15414, -43.79209], [169.19216, -43.75873], [169.22999, -43.74586], [169.30251, -43.71015], [169.38014, -43.68727], [169.39634, -43.66481], [169.41937, -43.65068], [169.45626, -43.64595], [169.48251, -43.64722], [169.50913, -43.63056], [169.54916, -43.62217], [169.58327, -43.60297], [169.62371, -43.60947], [169.64576, -43.60768], [169.69753, -43.5779], [169.71778, -43.57366], [169.73365, -43.56569], [169.78248, -43.51531], [169.78926, -43.49163], [169.80926, -43.47439], [169.8353, -43.4708], [169.84628, -43.46148], [169.85427, -43.42621], [169.87481, -43.40766], [169.89713, -43.39435], [170.03012, -43.3458], [170.04298, -43.33001], [170.05146, -43.30349], [170.07328, -43.29801], [170.08827, -43.28802], [170.10521, -43.25793], [170.17852, -43.22548], [170.20558, -43.22584], [170.23878, -43.23789], [170.30356, -43.16221], [170.27166, -43.15765], [170.22437, -43.20427], [170.20062, -43.21652], [170.21975, -43.17328], [170.25369, -43.14374], [170.27958, -43.12955], [170.28933, -43.10688], [170.3631, -43.10314], [170.38522, -43.09529], [170.39308, -43.08904], [170.38504, -43.07969], [170.41677, -43.05495], [170.43214, -43.04617], [170.45387, -43.05291], [170.45722, -43.03607], [170.51414, -43.00673], [170.60377, -42.98309], [170.6426, -42.96015], [170.70074, -42.95466], [170.73291, -42.92961], [170.76979, -42.9157], [170.8231, -42.86224], [170.85841, -42.84336], [170.94387, -42.73382], [170.95681, -42.72407], [171.00465, -42.70574], [171.02735, -42.67386], [171.063, -42.65399], [171.105, -42.60036], [171.12281, -42.59238], [171.19424, -42.48382], [171.22541, -42.45069], [171.23489, -42.39569], [171.2837, -42.33978], [171.30486, -42.29461], [171.33157, -42.14723], [171.36382, -42.06372], [171.41782, -42.00628], [171.4446, -41.92067], [171.45867, -41.90097], [171.46828, -41.86834], [171.48878, -41.83034], [171.48227, -41.81902], [171.47487, -41.82642], [171.47056, -41.8191], [171.46812, -41.76629], [171.4839, -41.75751], [171.54371, -41.76434], [171.63942, -41.7575], [171.68898, -41.74163], [171.78338, -41.69606], [171.8174, -41.66816], [171.85524, -41.66546], [171.86216, -41.64203], [171.88982, -41.62371], [171.94094, -41.54461], [171.95411, -41.53493], [171.95575, -41.51426], [171.97332, -41.49814], [171.98269, -41.46576], [171.99398, -41.45132], [172.02088, -41.43401], [172.07081, -41.41424], [172.06624, -41.39485], [172.08188, -41.36631], [172.09244, -41.29945], [172.10206, -41.30194], [172.12762, -41.29176], [172.13966, -41.29144], [172.11441, -41.2507], [172.1055, -41.14056], [172.1185, -41.09629], [172.1068, -40.8869], [172.11542, -40.87917], [172.13689, -40.87591], [172.14381, -40.86989], [172.18068, -40.82586], [172.18789, -40.80559], [172.19461, -40.80039], [172.21469, -40.7973], [172.22536, -40.78005], [172.25408, -40.77711], [172.36354, -40.71592], [172.46333, -40.62197], [172.5071, -40.58946], [172.54426, -40.57824], [172.5267, -40.62233], [172.54086, -40.62664], [172.55885, -40.6059], [172.57521, -40.61224], [172.59262, -40.6041], [172.59889, -40.5993], [172.59443, -40.58474], [172.62526, -40.57431], [172.62615, -40.56512], [172.61134, -40.55153], [172.58424, -40.56731], [172.57, -40.5691], [172.5574, -40.56512], [172.59589, -40.52777], [172.64145, -40.50971], [172.83935, -40.50214], [172.90447, -40.50848], [172.96412, -40.52158], [172.99679, -40.52419], [172.97397, -40.53117], [172.75782, -40.51767], [172.7422, -40.52093], [172.72234, -40.55153], [172.70259, -40.60983], [172.68776, -40.61981], [172.69665, -40.64076], [172.69141, -40.64836], [172.66041, -40.64772], [172.67408, -40.67441], [172.70133, -40.68744], [172.70117, -40.70436], [172.68914, -40.73406], [172.69451, -40.75018], [172.72233, -40.73652], [172.7361, -40.76491], [172.77052, -40.79168], [172.85646, -40.84368], [172.86931, -40.84726], [172.90681, -40.82843], [172.92449, -40.82586], [172.92792, -40.80536], [172.94386, -40.79324], [172.95166, -40.79405], [172.96209, -40.80535], [172.98941, -40.78088], [173.00342, -40.78201], [173.01733, -40.7973], [173.02279, -40.81876], [173.01734, -40.83896], [173.02317, -40.84853], [173.02196, -40.85656], [173.00978, -40.8668], [173.0542, -40.87177], [173.06493, -40.88665], [173.05201, -40.93572], [173.05827, -40.96307], [173.04444, -40.98314], [172.99684, -41.01702], [173.01368, -41.02313], [173.03092, -41.01703], [173.04461, -41.08221], [173.06933, -41.1242], [173.06495, -41.14052], [173.05502, -41.12322], [173.03777, -41.11321], [173.03094, -41.1491], [173.05543, -41.1775], [173.05828, -41.1889], [173.06495, -41.1889], [173.07569, -41.17647], [173.0835, -41.18923], [173.10612, -41.26474], [173.08318, -41.27711], [173.07928, -41.2846], [173.08644, -41.29941], [173.10385, -41.30779], [173.17237, -41.31194], [173.21274, -41.30185], [173.24977, -41.27745], [173.28435, -41.26141], [173.34028, -41.20585], [173.4022, -41.15961], [173.42709, -41.15154], [173.43833, -41.13698], [173.44874, -41.13373], [173.45491, -41.13698], [173.44874, -41.16106], [173.50017, -41.14137], [173.5381, -41.09971], [173.56398, -41.10377], [173.57211, -41.09287], [173.56204, -41.08196], [173.57115, -41.06814], [173.5889, -41.05624], [173.60348, -41.05128], [173.62085, -41.05626], [173.63635, -41.06908], [173.64673, -41.08701], [173.64796, -41.10638], [173.6548, -41.10638], [173.66473, -41.09369], [173.67457, -41.10638], [173.68881, -41.09971], [173.67483, -41.07594], [173.68898, -41.06472], [173.73976, -41.04803], [173.74757, -41.0372], [173.74659, -41.02711], [173.73862, -41.01979], [173.72608, -41.01702], [173.68767, -41.03735], [173.68142, -41.03443], [173.68257, -41.01554], [173.7071, -40.99436], [173.74006, -40.97948], [173.80152, -40.96917], [173.82888, -40.93858], [173.85351, -40.9259], [173.84978, -40.97186], [173.87379, -40.97601], [173.90797, -40.94883], [173.91425, -40.92767], [173.98366, -40.90098], [174.00424, -40.90005], [174.02387, -40.90702], [174.03482, -40.93352], [174.01759, -40.93718], [173.96941, -40.92767], [173.97583, -40.94085], [173.96046, -40.95526], [173.95573, -40.96916], [173.93377, -40.96551], [173.91424, -40.97601], [173.92579, -40.98846], [173.93455, -40.98985], [173.91797, -41.00187], [173.88551, -41.01018], [173.85386, -41.01083], [173.83961, -40.99993], [173.82439, -40.9983], [173.79575, -41.0014], [173.78053, -41.01141], [173.80492, -41.03134], [173.78077, -41.04656], [173.78126, -41.05389], [173.79809, -41.0587], [173.78826, -41.08294], [173.77027, -41.0997], [173.77866, -41.10768], [173.79021, -41.11012], [173.80055, -41.10475], [173.80494, -41.08904], [173.82888, -41.0587], [173.92963, -41.04828], [173.95568, -41.05867], [173.93605, -41.0595], [173.92504, -41.08465], [173.88258, -41.07399], [173.88598, -41.10589], [173.88122, -41.11012], [173.86647, -41.10638], [173.85913, -41.12948], [173.82911, -41.14007], [173.81861, -41.15488], [173.8523, -41.16083], [173.86745, -41.17118], [173.87379, -41.18523], [173.85953, -41.22991], [173.84717, -41.24146], [173.81869, -41.25253], [173.76393, -41.26474], [173.77426, -41.28395], [173.79127, -41.29144], [173.89699, -41.24441], [173.93458, -41.23675], [173.93458, -41.22991], [173.89536, -41.22502], [173.88748, -41.21625], [173.95015, -41.21265], [173.98178, -41.22422], [174.00603, -41.22194], [174.04566, -41.20957], [174.02412, -41.19508], [174.08334, -41.19948], [174.11215, -41.19346], [174.13396, -41.17539], [174.02125, -41.1775], [174.00408, -41.18157], [173.99935, -41.19345], [173.99, -41.19508], [173.96942, -41.18889], [173.97633, -41.17539], [173.9227, -41.19263], [173.89634, -41.19165], [173.88747, -41.16106], [173.8926, -41.1452], [173.92848, -41.1207], [173.92792, -41.10199], [173.94898, -41.09564], [173.94891, -41.07905], [173.98363, -41.08523], [173.97316, -41.10117], [173.97055, -41.11663], [173.97633, -41.14739], [174.00246, -41.1041], [174.01521, -41.09311], [174.04566, -41.09287], [174.02428, -41.06341], [174.04135, -41.04306], [174.042, -41.02825], [174.0337, -41.01718], [174.01726, -41.01702], [174.00017, -41.0529], [173.98688, -41.04787], [173.95632, -41.02263], [173.94892, -41.01085], [173.98365, -41.01084], [173.97439, -40.98798], [173.98121, -40.98408], [173.99676, -40.98984], [173.99856, -40.96886], [174.01587, -40.97455], [174.05201, -41.00335], [174.09425, -41.01914], [174.11313, -41.01434], [174.12827, -40.99653], [174.14527, -41.00937], [174.16196, -41.00384], [174.17172, -40.98789], [174.168, -40.96919], [174.18311, -40.97309], [174.19889, -40.98456], [174.21128, -40.99942], [174.21647, -41.01393], [174.21533, -41.03289], [174.18773, -41.04224], [174.18561, -41.04744], [174.18914, -41.05869], [174.2072, -41.07057], [174.22657, -41.0652], [174.30431, -41.00076], [174.31885, -40.99653], [174.32641, -41.00937], [174.31881, -41.02638], [174.2664, -41.09261], [174.25733, -41.12687], [174.25408, -41.12444], [174.24, -41.13047], [174.21705, -41.14729], [174.2072, -41.14723], [174.19972, -41.09157], [174.18231, -41.12068], [174.16733, -41.1159], [174.17449, -41.13738], [174.20345, -41.16492], [174.21646, -41.18889], [174.17547, -41.20257], [174.15495, -41.22095], [174.08855, -41.22332], [174.06186, -41.22918], [174.04567, -41.24358], [174.02166, -41.23577], [174.01124, -41.24], [174.00407, -41.25041], [173.98862, -41.2457], [173.97022, -41.24944], [173.93832, -41.26776], [173.93523, -41.27955], [173.95875, -41.27907], [173.99733, -41.26777], [174.01922, -41.27337], [174.06557, -41.25044], [174.09864, -41.25302], [174.11818, -41.24311], [174.14819, -41.23675], [174.17237, -41.2553], [174.19947, -41.26474], [174.21176, -41.26238], [174.22625, -41.25263], [174.26342, -41.24771], [174.32567, -41.21625], [174.29785, -41.26452], [174.26051, -41.2951], [174.24528, -41.32243], [174.21404, -41.32879], [174.19027, -41.34335], [174.17549, -41.3466], [174.19947, -41.30877], [174.18946, -41.30625], [174.16863, -41.32202], [174.15505, -41.31942], [174.16188, -41.30495], [174.13307, -41.32008], [174.05063, -41.43694], [174.06468, -41.50045], [174.05812, -41.51727], [174.0771, -41.52063], [174.08879, -41.53285], [174.09326, -41.54583], [174.08985, -41.55202], [174.10434, -41.56121], [174.11541, -41.55853], [174.12029, -41.53834], [174.10606, -41.51365], [174.10322, -41.498], [174.11718, -41.5071], [174.17236, -41.57822], [174.18995, -41.64463], [174.21095, -41.6994], [174.22592, -41.7234], [174.24822, -41.73333], [174.27345, -41.73561], [174.29215, -41.73017], [174.28625, -41.75477], [174.19792, -41.87607], [174.00408, -42.03118], [173.96144, -42.0901], [173.9541, -42.15878], [173.89087, -42.24081], [173.80494, -42.29192], [173.77393, -42.32976], [173.74708, -42.33359], [173.73291, -42.3571], [173.70362, -42.3786], [173.70582, -42.40407], [173.72973, -42.42913], [173.72292, -42.43691], [173.71559, -42.44344], [173.68377, -42.41741], [173.65553, -42.41863], [173.6111, -42.44346], [173.5586, -42.49114], [173.52319, -42.57333], [173.49951, -42.61011], [173.45541, -42.62713], [173.45541, -42.63454], [173.47655, -42.64138], [173.39894, -42.7654], [173.38783, -42.80039], [173.35376, -42.83944], [173.32252, -42.85133], [173.32543, -42.90349], [173.31819, -42.91586], [173.29347, -42.93288], [173.28727, -42.95386], [173.23438, -42.98071], [173.19508, -42.98675], [173.15366, -43.00254], [173.14013, -43.0324], [173.08326, -43.06698], [172.94825, -43.09148], [172.91505, -43.1028], [172.88794, -43.12786], [172.81121, -43.16904], [172.77409, -43.23023], [172.74545, -43.2654], [172.75602, -43.29258], [172.7448, -43.34189], [172.74292, -43.39495], [172.72966, -43.41485], [172.75034, -43.49863], [172.77896, -43.5578], [172.7771, -43.57365], [172.76442, -43.56227], [172.75262, -43.56064], [172.74773, -43.56715], [172.75603, -43.58115], [172.77117, -43.58929], [172.83225, -43.60166], [172.80396, -43.61101], [172.73797, -43.61419], [172.70818, -43.62152], [172.68141, -43.63934], [172.69313, -43.64707], [172.74293, -43.65553], [172.76397, -43.63587], [172.80096, -43.629], [172.85249, -43.6314], [172.85711, -43.64658], [172.87574, -43.66888], [172.89382, -43.61453], [172.92024, -43.62665], [172.9261, -43.63503], [172.9284, -43.68572], [172.94215, -43.68288], [172.96649, -43.65277], [172.97951, -43.64814], [173.00928, -43.65391], [173.02069, -43.66239], [173.02467, -43.67604], [173.06494, -43.64814], [173.0691, -43.6657], [173.10611, -43.69598], [173.09929, -43.72381], [173.11283, -43.7451], [173.11357, -43.80091], [173.09294, -43.85416], [173.08058, -43.84059], [173.05591, -43.86418], [173.03777, -43.86102], [173.03092, -43.8889], [173.0228, -43.88055], [173.01401, -43.87884], [172.99684, -43.88891], [172.97583, -43.84083], [172.97731, -43.80902], [172.96046, -43.78297], [172.96168, -43.75612], [172.94858, -43.75115], [172.93312, -43.75555], [172.92652, -43.76556], [172.92937, -43.77711], [172.94215, -43.7859], [172.92791, -43.81292], [172.92677, -43.84026], [172.93735, -43.86712], [172.9689, -43.90325], [172.96558, -43.90544], [172.87672, -43.90202], [172.86306, -43.89625], [172.8401, -43.87624], [172.81699, -43.88131], [172.74514, -43.82488], [172.74418, -43.81143], [172.76344, -43.79274], [172.74586, -43.79372], [172.71851, -43.80339], [172.63689, -43.81194], [172.60906, -43.82268], [172.55112, -43.82684], [172.46314, -43.84986], [172.42262, -43.85457], [172.41409, -43.85076], [172.41799, -43.84011], [172.43992, -43.8284], [172.64772, -43.78265], [172.61248, -43.76181], [172.56837, -43.7631], [172.55112, -43.75798], [172.52394, -43.73138], [172.49708, -43.72186], [172.41733, -43.73748], [172.40064, -43.74798], [172.39112, -43.77288], [172.38657, -43.82684], [172.39112, -43.84743], [172.3763, -43.86443], [172.24984, -43.88126], [172.23198, -43.89624], [172.18588, -43.90781], [172.1652, -43.92107], [172.06121, -43.95664], [171.86833, -44.05852], [171.80667, -44.06115], [171.71973, -44.10458], [171.66725, -44.11492], [171.63314, -44.13982], [171.60499, -44.14593], [171.57837, -44.16008], [171.55064, -44.16727], [171.51587, -44.19898], [171.47779, -44.21299], [171.41667, -44.26034], [171.39234, -44.27059], [171.37241, -44.26507], [171.346, -44.27863], [171.28004, -44.37152], [171.27067, -44.45875], [171.22836, -44.49847], [171.22249, -44.52849], [171.17384, -44.54697], [171.19596, -44.56683], [171.19938, -44.58947], [171.14693, -44.58986], [171.04981, -44.57988], [171.00187, -44.56963], [170.91625, -44.54122], [170.90363, -44.54356], [170.825, -44.73603], [170.74559, -44.90236], [170.59708, -45.1416], [170.3792, -45.45754], [170.41428, -45.55365], [170.38869, -45.64464], [170.31637, -45.73262], [170.21211, -45.81827], [169.85351, -46.05825], [169.7686, -46.12903], [169.64404, -46.24441], [169.6452, -46.2529], [169.70112, -46.30567], [169.72519, -46.33679], [169.75978, -46.4036], [169.76976, -46.43823], [169.7748, -46.49032], [169.72145, -46.47845], [169.65935, -46.49212], [169.67506, -46.49676], [169.75553, -46.49961], [169.73551, -46.53411], [169.7041, -46.54899], [169.66814, -46.55885], [169.6351, -46.57837], [169.5669, -46.56504], [169.54607, -46.57155], [169.48048, -46.60198], [169.5017, -46.62314], [169.47493, -46.62901], [169.41033, -46.62038], [169.39177, -46.64363], [169.36451, -46.62998], [169.31251, -46.62672], [169.2666, -46.65471], [169.21974, -46.66073], [169.20632, -46.6591], [169.19322, -46.64983], [169.19451, -46.61834], [169.18019, -46.61566], [169.17107, -46.62273], [169.17189, -46.6451], [169.15943, -46.65203], [169.15495, -46.66179], [169.11878, -46.66416], [169.10089, -46.66], [169.07651, -46.63616], [169.06365, -46.63738], [169.06282, -46.67099], [169.03598, -46.68189], [168.93995, -46.65732], [168.88918, -46.65601], [168.87736, -46.64398], [168.8449, -46.56015], [168.69956, -46.58168], [168.66506, -46.58147], [168.67336, -46.57099], [168.7129, -46.56113], [168.68063, -46.55069], [168.61785, -46.54746], [168.64454, -46.5779], [168.63152, -46.58831], [168.64517, -46.60198], [168.59119, -46.61432]]], [[[174.40136, -41.14056], [174.38086, -41.19508], [174.36597, -41.20256], [174.31202, -41.20257], [174.26368, -41.22991], [174.19738, -41.22994], [174.21649, -41.21625], [174.25115, -41.21722], [174.26051, -41.21282], [174.31202, -41.16857], [174.32911, -41.18174], [174.35125, -41.17547], [174.36752, -41.15887], [174.36671, -41.14056], [174.35428, -41.14592], [174.34214, -41.1447], [174.32571, -41.1269], [174.3436, -41.12575], [174.38087, -41.10639], [174.3973, -41.10834], [174.40136, -41.14056]]], [[[174.93408, -40.85499], [174.89616, -40.88794], [174.87356, -40.89006], [174.87014, -40.88486], [174.87575, -40.87486], [174.90675, -40.85019], [174.92141, -40.82627], [174.94003, -40.82188], [174.94889, -40.8253], [174.95109, -40.8305], [174.93408, -40.85499]]], [[[173.85271, -40.77752], [173.86159, -40.7545], [173.87013, -40.75019], [173.88476, -40.75629], [173.8825, -40.789], [173.88746, -40.80535], [173.89503, -40.79583], [173.92652, -40.78802], [173.94215, -40.77752], [173.90799, -40.77752], [173.93979, -40.75457], [173.96485, -40.70878], [173.96908, -40.73773], [173.95574, -40.77752], [173.9637, -40.79436], [173.93458, -40.81902], [173.92163, -40.86679], [173.89161, -40.86932], [173.87378, -40.88664], [173.8423, -40.89642], [173.83205, -40.91478], [173.80543, -40.92629], [173.79082, -40.927], [173.77762, -40.92148], [173.78445, -40.90717], [173.8025, -40.8943], [173.80323, -40.88437], [173.79811, -40.87314], [173.78444, -40.88664], [173.77867, -40.87517], [173.77863, -40.85038], [173.78444, -40.83898], [173.82504, -40.87078], [173.84588, -40.87314], [173.84588, -40.8668], [173.8226, -40.84857], [173.81179, -40.81902], [173.83229, -40.75759], [173.83774, -40.759], [173.84197, -40.77532], [173.85271, -40.77752]]], [[[174.79527, -41.10639], [174.8169, -41.09922], [174.82993, -41.08759], [174.83981, -41.08718], [174.85328, -41.11321], [174.86598, -41.10418], [174.87127, -41.09531], [174.86687, -41.07171], [174.84199, -41.04372], [174.86134, -41.0333], [174.87893, -41.01508], [174.91505, -41.00124], [174.93523, -40.983], [174.94272, -40.97064], [174.94902, -40.93547], [174.97905, -40.87514], [175.03826, -40.82586], [175.09425, -40.75433], [175.14129, -40.67441], [175.18751, -40.56878], [175.19631, -40.47194], [175.22267, -40.46502], [175.2121, -40.41937], [175.23487, -40.33603], [175.23878, -40.29632], [175.23714, -40.28592], [175.2156, -40.25367], [175.20265, -40.18841], [175.17067, -40.108], [175.15496, -40.08538], [175.07888, -40.02459], [175.05877, -39.99668], [174.9673, -39.91644], [174.89747, -39.88258], [174.84197, -39.86248], [174.81609, -39.85882], [174.73504, -39.85946], [174.65455, -39.83636], [174.56764, -39.82675], [174.54353, -39.81449], [174.43702, -39.73667], [174.35987, -39.64715], [174.31902, -39.61387], [174.26905, -39.59189], [174.2151, -39.57855], [174.04461, -39.55754], [173.98659, -39.54224], [173.85146, -39.46408], [173.81472, -39.43336], [173.78445, -39.39324], [173.76533, -39.34694], [173.7593, -39.30136], [173.76449, -39.25519], [173.77761, -39.2077], [173.80715, -39.16303], [173.85272, -39.13446], [173.95574, -39.0984], [174.2116, -38.97333], [174.23357, -38.9682], [174.36671, -38.97568], [174.41505, -38.96307], [174.459, -38.93727], [174.57887, -38.83945], [174.594, -38.81862], [174.6115, -38.7584], [174.61355, -38.71453], [174.61949, -38.70404], [174.63478, -38.70062], [174.6282, -38.68287], [174.64088, -38.63543], [174.6436, -38.46264], [174.65189, -38.42547], [174.68702, -38.36224], [174.70737, -38.28851], [174.72348, -38.17303], [174.7051, -38.11972], [174.70982, -38.10476], [174.7256, -38.1115], [174.74431, -38.11289], [174.77881, -38.10477], [174.78533, -38.12558], [174.7986, -38.13893], [174.80486, -38.13893], [174.80487, -38.1247], [174.84669, -38.15374], [174.86687, -38.14568], [174.83906, -38.12469], [174.86541, -38.11689], [174.92449, -38.11842], [174.94264, -38.09735], [174.92384, -38.09726], [174.90847, -38.10474], [174.90115, -38.09734], [174.90398, -38.07757], [174.88396, -38.06268], [174.85597, -38.05576], [174.83578, -38.06015], [174.81787, -38.08846], [174.80177, -38.09107], [174.79202, -38.08473], [174.79083, -38.06999], [174.79875, -38.04305], [174.80764, -38.03282], [174.83904, -38.02353], [174.88689, -37.98626], [174.88803, -37.96689], [174.87615, -37.9498], [174.85328, -37.94785], [174.83676, -37.96502], [174.82812, -37.98853], [174.81568, -38.00114], [174.78811, -37.98528], [174.78445, -37.96665], [174.79185, -37.87201], [174.81887, -37.82489], [174.86623, -37.81114], [174.92286, -37.81072], [174.97682, -37.80381], [174.96681, -37.78899], [174.94893, -37.78329], [174.97348, -37.7636], [174.97706, -37.74993], [174.96998, -37.7348], [174.9284, -37.7553], [174.9148, -37.7758], [174.89796, -37.76971], [174.86745, -37.78084], [174.85036, -37.7649], [174.78639, -37.56854], [174.72854, -37.45777], [174.7181, -37.40093], [174.72691, -37.3891], [174.73805, -37.38368], [174.77882, -37.37176], [174.8117, -37.3108], [174.8379, -37.299], [174.83302, -37.29168], [174.8226, -37.28769], [174.77955, -37.30983], [174.74268, -37.35735], [174.72877, -37.36287], [174.7064, -37.34783], [174.69157, -37.32919], [174.65137, -37.25292], [174.64088, -37.22088], [174.61731, -37.18468], [174.60768, -37.15488], [174.56529, -37.09051], [174.55829, -37.06277], [174.57472, -37.06147], [174.60279, -37.06683], [174.64275, -37.05707], [174.65739, -37.06114], [174.66731, -37.06952], [174.65398, -37.09686], [174.70426, -37.17604], [174.70826, -37.20827], [174.72267, -37.23333], [174.74, -37.2444], [174.75074, -37.22088], [174.73586, -37.17946], [174.74732, -37.17254], [174.79005, -37.17588], [174.80486, -37.16627], [174.73478, -37.15939], [174.71667, -37.1526], [174.73162, -37.14674], [174.7859, -37.10867], [174.79273, -37.11104], [174.79184, -37.13275], [174.83327, -37.09271], [174.85597, -37.07831], [174.88054, -37.07636], [174.91863, -37.11175], [174.93181, -37.11785], [174.94581, -37.11305], [174.94842, -37.10174], [174.93524, -37.07635], [174.93702, -37.06552], [174.88601, -37.04907], [174.86687, -37.0359], [174.85133, -37.04045], [174.82594, -36.99375], [174.8003, -37.01831], [174.78583, -37.00847], [174.78388, -36.98626], [174.79527, -36.97382], [174.81902, -36.9638], [174.83277, -36.9428], [174.76832, -36.93353], [174.70069, -36.93629], [174.66733, -36.94411], [174.64088, -36.96022], [174.6212, -37.00778], [174.61149, -37.01831], [174.60329, -37.01872], [174.5796, -37.00115], [174.56559, -37.01873], [174.54411, -37.0341], [174.52052, -37.04069], [174.50035, -37.03215], [174.48887, -37.01436], [174.44849, -36.90069], [174.42644, -36.80633], [174.40756, -36.76149], [174.35572, -36.68532], [174.21796, -36.54509], [174.1885, -36.49912], [174.18232, -36.45322], [174.18923, -36.43272], [174.19696, -36.42703], [174.20971, -36.42589], [174.19874, -36.45306], [174.20281, -36.48105], [174.2287, -36.44379], [174.24317, -36.43956], [174.25716, -36.44696], [174.27215, -36.47975], [174.29215, -36.49489], [174.31479, -36.52801], [174.34587, -36.53949], [174.35563, -36.54876], [174.35465, -36.55998], [174.33937, -36.56976], [174.39058, -36.58364], [174.38134, -36.591], [174.35304, -36.5971], [174.36637, -36.61126], [174.35987, -36.63128], [174.38119, -36.63471], [174.40138, -36.6456], [174.40139, -36.61765], [174.43141, -36.66562], [174.44175, -36.64561], [174.4524, -36.64642], [174.46292, -36.60394], [174.49073, -36.57659], [174.46974, -36.58341], [174.46113, -36.5639], [174.47055, -36.51922], [174.4629, -36.50775], [174.45396, -36.52271], [174.44989, -36.51531], [174.44924, -36.4599], [174.46974, -36.43955], [174.44143, -36.40651], [174.44558, -36.39512], [174.46762, -36.379], [174.46599, -36.37322], [174.43458, -36.35735], [174.42791, -36.35784], [174.38998, -36.38892], [174.33096, -36.39246], [174.29958, -36.38664], [174.27761, -36.36972], [174.27102, -36.33768], [174.28468, -36.34393], [174.29234, -36.32001], [174.30323, -36.31765], [174.33253, -36.33026], [174.39519, -36.32269], [174.4275, -36.29993], [174.46974, -36.2824], [174.49693, -36.26191], [174.5215, -36.25449], [174.52491, -36.24147], [174.51124, -36.2278], [174.48763, -36.24292], [174.44972, -36.25156], [174.41505, -36.27555], [174.40724, -36.26393], [174.35304, -36.29606], [174.32758, -36.2921], [174.3052, -36.2824], [174.30015, -36.26459], [174.31007, -36.26051], [174.33936, -36.26817], [174.36354, -36.28192], [174.36892, -36.25653], [174.38419, -36.22458], [174.41375, -36.1889], [174.42141, -36.15831], [174.438, -36.16481], [174.45045, -36.16326], [174.45346, -36.15423], [174.44174, -36.13836], [174.39389, -36.1242], [174.39876, -36.15488], [174.3855, -36.18873], [174.36117, -36.21623], [174.33257, -36.22777], [174.35304, -36.20729], [174.32229, -36.20524], [174.31617, -36.18076], [174.30974, -36.17783], [174.29217, -36.17937], [174.27183, -36.17294], [174.27216, -36.14772], [174.28468, -36.11793], [174.26881, -36.11875], [174.23701, -36.14517], [174.24122, -36.11745], [174.22608, -36.11688], [174.1823, -36.1452], [174.19287, -36.15342], [174.19288, -36.17506], [174.23707, -36.18126], [174.24705, -36.18735], [174.25732, -36.19989], [174.25115, -36.22373], [174.26051, -36.2278], [174.26791, -36.22576], [174.28102, -36.21056], [174.29021, -36.21064], [174.31884, -36.24146], [174.27719, -36.2514], [174.2749, -36.261], [174.26059, -36.26823], [174.25042, -36.26805], [174.22967, -36.25075], [174.20241, -36.24276], [174.15854, -36.18524], [174.14137, -36.17254], [174.07498, -36.16792], [174.04444, -36.13991], [173.99806, -36.11639], [173.99122, -36.09808], [173.99041, -36.05926], [173.98406, -36.04412], [173.95533, -36.01971], [173.94386, -35.98984], [173.90056, -35.95965], [173.93727, -35.9319], [173.94679, -35.91644], [173.94215, -35.89137], [173.92579, -35.87591], [173.90797, -35.87029], [173.90594, -35.88348], [173.92848, -35.90504], [173.92237, -35.92685], [173.88429, -35.94354], [173.88014, -35.95965], [173.93832, -36.0285], [173.95916, -36.03875], [173.97999, -36.10711], [174.00734, -36.14861], [174.04085, -36.1653], [174.04957, -36.18467], [174.07617, -36.20356], [174.13111, -36.2719], [174.14373, -36.27793], [174.17334, -36.27664], [174.18228, -36.28923], [174.16188, -36.29681], [174.19173, -36.32578], [174.2028, -36.34759], [174.19466, -36.36858], [174.17481, -36.38209], [174.12826, -36.39852], [174.07985, -36.3995], [174.05594, -36.36451], [174.0241, -36.26816], [173.89422, -36.1242], [173.85825, -36.06561], [173.40717, -35.57102], [173.40091, -35.5525], [173.40822, -35.5364], [173.44117, -35.50026], [173.45804, -35.43773], [173.47072, -35.42491], [173.49024, -35.43271], [173.49709, -35.41841], [173.52719, -35.44842], [173.54152, -35.45257], [173.54494, -35.39791], [173.57211, -35.43271], [173.58279, -35.37714], [173.60011, -35.36323], [173.60954, -35.3629], [173.62143, -35.37021], [173.63412, -35.36321], [173.64455, -35.33563], [173.6609, -35.31292], [173.62428, -35.32194], [173.61331, -35.31917], [173.61215, -35.2999], [173.59636, -35.29485], [173.59261, -35.33649], [173.58155, -35.32155], [173.56528, -35.27451], [173.5477, -35.28948], [173.55193, -35.30788], [173.5721, -35.34271], [173.5664, -35.36052], [173.5503, -35.36931], [173.53078, -35.36906], [173.50514, -35.3554], [173.49513, -35.35443], [173.48959, -35.35809], [173.49902, -35.3777], [173.49268, -35.38249], [173.46363, -35.39225], [173.44532, -35.37371], [173.43776, -35.37347], [173.40699, -35.39121], [173.41577, -35.40537], [173.38722, -35.42523], [173.39404, -35.4389], [173.39062, -35.51311], [173.38721, -35.52141], [173.37837, -35.523], [173.37014, -35.51667], [173.2842, -35.41839], [173.27216, -35.39137], [173.27736, -35.37469], [173.31153, -35.34271], [173.28422, -35.34269], [173.31837, -35.30234], [173.28785, -35.30633], [173.2697, -35.32195], [173.24935, -35.37068], [173.20747, -35.3336], [173.20169, -35.32285], [173.25685, -35.28134], [173.24204, -35.27744], [173.21339, -35.29127], [173.19484, -35.29484], [173.17751, -35.29045], [173.10028, -35.21998], [173.09296, -35.2068], [173.09524, -35.18728], [173.10955, -35.18175], [173.14698, -35.19305], [173.17937, -35.15602], [173.19842, -35.10906], [173.202, -35.05779], [173.18865, -35.0075], [173.15675, -34.945], [173.06514, -34.85685], [173.03395, -34.79127], [173.003, -34.77301], [172.79933, -34.55096], [172.75896, -34.52215], [172.6741, -34.47991], [172.69028, -34.46518], [172.70134, -34.4459], [172.6981, -34.42181], [172.70282, -34.41181], [172.74171, -34.43125], [172.8003, -34.43337], [172.82545, -34.4459], [172.83823, -34.43484], [172.86948, -34.42897], [172.89967, -34.4123], [173.01336, -34.42059], [173.03094, -34.4179], [173.05226, -34.40017], [173.06373, -34.39765], [173.0791, -34.41155], [173.05047, -34.42685], [173.04274, -34.44687], [173.04459, -34.50042], [173.03808, -34.52206], [173.01353, -34.52776], [172.99741, -34.49847], [172.98318, -34.49358], [172.99, -34.47243], [172.97006, -34.46657], [172.96258, -34.46844], [172.95166, -34.51555], [172.94434, -34.52189], [172.92791, -34.51344], [172.9231, -34.53142], [172.90748, -34.54144], [172.94898, -34.56992], [172.95673, -34.5495], [172.97574, -34.54145], [172.96209, -34.56992], [172.97291, -34.57594], [172.98308, -34.57659], [172.99147, -34.57195], [172.99684, -34.56181], [173.00404, -34.58633], [173.00367, -34.64422], [173.0075, -34.65114], [173.01734, -34.64446], [173.02858, -34.62103], [173.0311, -34.59157], [173.02508, -34.56276], [173.0098, -34.54144], [173.03581, -34.55235], [173.07179, -34.69899], [173.10426, -34.72967], [173.14551, -34.7597], [173.1792, -34.79364], [173.18863, -34.83559], [173.13999, -34.78786], [173.11915, -34.7741], [173.12306, -34.80967], [173.16489, -34.84482], [173.29817, -34.90944], [173.29525, -34.92099], [173.27394, -34.94232], [173.2645, -34.96087], [173.26661, -35.00775], [173.32521, -35.01491], [173.34149, -34.98407], [173.3558, -34.97967], [173.3685, -34.96722], [173.36622, -34.93914], [173.3524, -34.8908], [173.35793, -34.86876], [173.40138, -34.85833], [173.42482, -34.84645], [173.43165, -34.8331], [173.42483, -34.80528], [173.43572, -34.79649], [173.4441, -34.79633], [173.45636, -34.82439], [173.44874, -34.84987], [173.49023, -34.83564], [173.48512, -34.84588], [173.48813, -34.8541], [173.50316, -34.8698], [173.46225, -34.88396], [173.42042, -34.88397], [173.4109, -34.88738], [173.40406, -34.90342], [173.41896, -34.94004], [173.45875, -34.98122], [173.47828, -34.99041], [173.50017, -34.99383], [173.54891, -34.98925], [173.56787, -34.99457], [173.58644, -35.01491], [173.60011, -34.99383], [173.56668, -34.96119], [173.56529, -34.94549], [173.57505, -34.92817], [173.58822, -34.92752], [173.61305, -34.9529], [173.62502, -34.94281], [173.63868, -34.94135], [173.65007, -34.94647], [173.66066, -34.96852], [173.67498, -34.97332], [173.70533, -34.9734], [173.71511, -34.96186], [173.73242, -34.96202], [173.73357, -34.97405], [173.7483, -34.99863], [173.78441, -35.0075], [173.7715, -35.01312], [173.75659, -35.04167], [173.72446, -35.06422], [173.72608, -35.07269], [173.76026, -35.09694], [173.7811, -35.09564], [173.78582, -35.09173], [173.78445, -35.07578], [173.80494, -35.04168], [173.80513, -35.01477], [173.84686, -34.99978], [173.89086, -35.00067], [173.88819, -35.00604], [173.91391, -35.03476], [173.95426, -35.06], [173.96997, -35.07586], [173.97633, -35.10036], [173.99, -35.11875], [174.02166, -35.12282], [174.07927, -35.11737], [174.10327, -35.12267], [174.12793, -35.1365], [174.14713, -35.15716], [174.15502, -35.1823], [174.11321, -35.19297], [174.10207, -35.18938], [174.09352, -35.15895], [174.08033, -35.16545], [174.07, -35.16529], [174.05812, -35.15154], [174.02361, -35.16912], [174.05199, -35.19939], [174.01808, -35.2029], [174.01498, -35.21697], [174.03053, -35.22723], [174.05201, -35.21983], [174.07252, -35.22812], [174.09351, -35.21984], [174.10571, -35.23553], [174.09352, -35.27451], [174.09986, -35.28704], [174.14273, -35.32764], [174.15113, -35.36972], [174.16799, -35.32905], [174.20973, -35.34271], [174.20283, -35.32286], [174.2173, -35.32203], [174.24, -35.33652], [174.2492, -35.33221], [174.25164, -35.32252], [174.24822, -35.31292], [174.24, -35.30869], [174.18943, -35.30061], [174.16457, -35.29012], [174.15508, -35.27455], [174.16188, -35.28134], [174.17608, -35.26978], [174.25066, -35.27451], [174.24319, -35.26085], [174.25359, -35.25987], [174.27711, -35.26442], [174.27719, -35.26767], [174.28834, -35.2623], [174.29514, -35.24413], [174.35303, -35.19941], [174.36084, -35.22405], [174.33872, -35.26474], [174.33253, -35.28802], [174.34018, -35.31178], [174.35711, -35.32195], [174.40137, -35.32286], [174.39178, -35.34319], [174.42236, -35.37371], [174.40733, -35.38425], [174.33253, -35.32903], [174.38575, -35.41855], [174.40821, -35.43271], [174.44923, -35.4389], [174.452, -35.4324], [174.46012, -35.43613], [174.50374, -35.50106], [174.46437, -35.50563], [174.46892, -35.51767], [174.52142, -35.55272], [174.5695, -35.59434], [174.57837, -35.61793], [174.56527, -35.65177], [174.55006, -35.64479], [174.50514, -35.63877], [174.48707, -35.63812], [174.47657, -35.64324], [174.531, -35.67165], [174.51124, -35.67913], [174.54736, -35.68793], [174.55159, -35.69647], [174.54809, -35.70679], [174.53905, -35.71407], [174.51743, -35.7208], [174.57617, -35.75026], [174.58642, -35.761], [174.58058, -35.7973], [174.60676, -35.84351], [174.57928, -35.84953], [174.55886, -35.83904], [174.51744, -35.81015], [174.52442, -35.79144], [174.49579, -35.78459], [174.49692, -35.76849], [174.44174, -35.7815], [174.41814, -35.76849], [174.41131, -35.77166], [174.40137, -35.78898], [174.38552, -35.78947], [174.38396, -35.74684], [174.35987, -35.71331], [174.35524, -35.73528], [174.36002, -35.78948], [174.35125, -35.81658], [174.35271, -35.84197], [174.35987, -35.84979], [174.37526, -35.85182], [174.39772, -35.81944], [174.41586, -35.81684], [174.48218, -35.82384], [174.50392, -35.83018], [174.52026, -35.84743], [174.51611, -35.86711], [174.47657, -35.90504], [174.493, -35.91937], [174.49692, -35.98756], [174.50912, -36.0001], [174.55397, -36.02711], [174.57276, -36.03533], [174.6102, -36.03722], [174.62109, -36.04226], [174.63086, -36.05511], [174.6211, -36.08375], [174.62615, -36.10735], [174.66895, -36.1452], [174.72495, -36.21551], [174.75701, -36.24489], [174.7986, -36.26816], [174.82446, -36.27704], [174.8191, -36.29608], [174.82519, -36.30185], [174.82251, -36.30632], [174.813, -36.30291], [174.80079, -36.3056], [174.7986, -36.31658], [174.80641, -36.33489], [174.8805, -36.35133], [174.85035, -36.35555], [174.75074, -36.35442], [174.76726, -36.4096], [174.78336, -36.43621], [174.7853, -36.45352], [174.77882, -36.4872], [174.75847, -36.43987], [174.74269, -36.42002], [174.71664, -36.41155], [174.73484, -36.4559], [174.73258, -36.47258], [174.70981, -36.47356], [174.70981, -36.48105], [174.72828, -36.48789], [174.74397, -36.50091], [174.73682, -36.51132], [174.70981, -36.5289], [174.70965, -36.54209], [174.72343, -36.57296], [174.72291, -36.59368], [174.7505, -36.61289], [174.76442, -36.61598], [174.79184, -36.61761], [174.83473, -36.60418], [174.84644, -36.60395], [174.85693, -36.61094], [174.80635, -36.63786], [174.78158, -36.64559], [174.72348, -36.63128], [174.74399, -36.64861], [174.75928, -36.67327], [174.81908, -36.82365], [174.79738, -36.81861], [174.77019, -36.80535], [174.74377, -36.8167], [174.73196, -36.80559], [174.73715, -36.78948], [174.71779, -36.78589], [174.70362, -36.75848], [174.68914, -36.75848], [174.65358, -36.77305], [174.6211, -36.79632], [174.6211, -36.80316], [174.66505, -36.79959], [174.6826, -36.80316], [174.64942, -36.82594], [174.65463, -36.83392], [174.67529, -36.8454], [174.68019, -36.9074], [174.69256, -36.91302], [174.70069, -36.90789], [174.70315, -36.87137], [174.70981, -36.879], [174.7274, -36.85801], [174.75075, -36.84484], [174.76645, -36.84272], [174.813, -36.85101], [174.87566, -36.85102], [174.89746, -36.86249], [174.89422, -36.89267], [174.86915, -36.92002], [174.8794, -36.95208], [174.88478, -36.95908], [174.89145, -36.95778], [174.90113, -36.94655], [174.92841, -36.83735], [174.93522, -36.83735], [174.96477, -36.90717], [174.96314, -36.93353], [175.0114, -36.92783], [175.02394, -36.92034], [175.00759, -36.89593], [175.00369, -36.87934], [175.02711, -36.87462], [175.05885, -36.87763], [175.07983, -36.88454], [175.09179, -36.9074], [175.08058, -36.95306], [175.09344, -36.97047], [175.1089, -36.97381], [175.17262, -36.94591], [175.18898, -36.95338], [175.22198, -36.9408], [175.24097, -36.94233], [175.26246, -36.9568], [175.28353, -36.96413], [175.32611, -37.00965], [175.33374, -37.03611], [175.32008, -37.12868], [175.32472, -37.15163], [175.33627, -37.17327], [175.3672, -37.20721], [175.40333, -37.22381], [175.44793, -37.22487], [175.4935, -37.21551], [175.53224, -37.20037], [175.54885, -37.18207], [175.56275, -37.17996], [175.57098, -37.18452], [175.57398, -37.19508], [175.57862, -37.23724], [175.59181, -37.2492], [175.60955, -37.25156], [175.62794, -37.24196], [175.61232, -37.23846], [175.5958, -37.21337], [175.58009, -37.14202], [175.55963, -37.09756], [175.56072, -37.04461], [175.52784, -36.9625], [175.51124, -36.93914], [175.4634, -36.90552], [175.4489, -36.87412], [175.43623, -36.86468], [175.45729, -36.85851], [175.50318, -36.86175], [175.51791, -36.84482], [175.4852, -36.84539], [175.45593, -36.83734], [175.49122, -36.82692], [175.49757, -36.81683], [175.47026, -36.80934], [175.52052, -36.79795], [175.53712, -36.78606], [175.53224, -36.76149], [175.51124, -36.77531], [175.50459, -36.76582], [175.4988, -36.74505], [175.50506, -36.73496], [175.48244, -36.70477], [175.50245, -36.6539], [175.49757, -36.63128], [175.46779, -36.62297], [175.44239, -36.59092], [175.38722, -36.57154], [175.37062, -36.55925], [175.35712, -36.52955], [175.35427, -36.49098], [175.36249, -36.47683], [175.40724, -36.4804], [175.44044, -36.47472], [175.46339, -36.50775], [175.49594, -36.53045], [175.50611, -36.53151], [175.53224, -36.50776], [175.55045, -36.52647], [175.56201, -36.55169], [175.5603, -36.5774], [175.53842, -36.5971], [175.55934, -36.61077], [175.59993, -36.61583], [175.60734, -36.64188], [175.60743, -36.6806], [175.58383, -36.66774], [175.57407, -36.66985], [175.57065, -36.6784], [175.57667, -36.68987], [175.58815, -36.69402], [175.61692, -36.69053], [175.62766, -36.69322], [175.63444, -36.70452], [175.6211, -36.73496], [175.6281, -36.76385], [175.6421, -36.7667], [175.68246, -36.74114], [175.66214, -36.73495], [175.66913, -36.72577], [175.68165, -36.72236], [175.69564, -36.72423], [175.719, -36.73593], [175.75816, -36.71381], [175.77638, -36.70844], [175.79095, -36.7077], [175.81666, -36.72405], [175.82781, -36.72568], [175.85172, -36.71837], [175.85375, -36.73496], [175.84831, -36.74813], [175.83806, -36.75163], [175.80974, -36.74863], [175.78564, -36.7828], [175.73439, -36.80633], [175.70362, -36.84482], [175.71557, -36.85272], [175.71355, -36.87518], [175.73683, -36.8904], [175.74488, -36.88991], [175.74392, -36.87901], [175.75978, -36.86859], [175.75198, -36.83717], [175.76499, -36.82368], [175.78696, -36.83294], [175.82781, -36.82579], [175.85075, -36.841], [175.8532, -36.87786], [175.87767, -36.91304], [175.88792, -36.9736], [175.88688, -37.02125], [175.86801, -37.0534], [175.87306, -37.06032], [175.8838, -37.05478], [175.90162, -37.03592], [175.91967, -37.05462], [175.91626, -37.07976], [175.8838, -37.13714], [175.91585, -37.14577], [175.92268, -37.20035], [175.90561, -37.18711], [175.89552, -37.16627], [175.88795, -37.16627], [175.90136, -37.23064], [175.88795, -37.24196], [175.92211, -37.25499], [175.93359, -37.2641], [175.94311, -37.28241], [175.96111, -37.37737], [175.98658, -37.43035], [176.00065, -37.43915], [176.00464, -37.44744], [176.00423, -37.46053], [175.99171, -37.4529], [175.98357, -37.45428], [175.97543, -37.4699], [175.98487, -37.4765], [176.04157, -37.48733], [176.07676, -37.50747], [176.10022, -37.53188], [176.12452, -37.57383], [176.1652, -37.60768], [176.1691, -37.62491], [176.12135, -37.59775], [176.07549, -37.5963], [176.05928, -37.58408], [176.10084, -37.57041], [176.01588, -37.51588], [175.98992, -37.51482], [175.94313, -37.5219], [175.96305, -37.54307], [175.95655, -37.55584], [175.9568, -37.57041], [175.96339, -37.57781], [175.9773, -37.57726], [175.99723, -37.58409], [175.99098, -37.60442], [176.00229, -37.63649], [176.02508, -37.63926], [176.04592, -37.62504], [176.06331, -37.63202], [176.08717, -37.67344], [176.10271, -37.66474], [176.13136, -37.68711], [176.14568, -37.68182], [176.15741, -37.66336], [176.17652, -37.66596], [176.18994, -37.67279], [176.19555, -37.68174], [176.19646, -37.71087], [176.20151, -37.7199], [176.21412, -37.7195], [176.24488, -37.71429], [176.23121, -37.66595], [176.20348, -37.62201], [176.2168, -37.61827], [176.23633, -37.63177], [176.27174, -37.68255], [176.29607, -37.69394], [176.42393, -37.73211], [176.44825, -37.75107], [176.46062, -37.7553], [176.49056, -37.75532], [176.5066, -37.76881], [176.51856, -37.76215], [176.71827, -37.8777], [176.7588, -37.89316], [176.82195, -37.90147], [176.88217, -37.91985], [176.9502, -37.92768], [177.00489, -37.95534], [177.09791, -37.96527], [177.13547, -37.98186], [177.06593, -37.98455], [177.11818, -38.01686], [177.14552, -38.02353], [177.15838, -38.01824], [177.16082, -38.00612], [177.1492, -37.98187], [177.16602, -37.97846], [177.19703, -37.99554], [177.26246, -37.99555], [177.28175, -38.01588], [177.30063, -38.00604], [177.30007, -37.99188], [177.30682, -37.98871], [177.34817, -37.98185], [177.43751, -37.97674], [177.55681, -37.91383], [177.59783, -37.88242], [177.60175, -37.84784], [177.62177, -37.81347], [177.66928, -37.78948], [177.68474, -37.7719], [177.69629, -37.73505], [177.73879, -37.67621], [177.87664, -37.64788], [177.91359, -37.60785], [177.92897, -37.60126], [177.9734, -37.59743], [177.99204, -37.59092], [178.00522, -37.57952], [178.00864, -37.56976], [177.99206, -37.54308], [178.0315, -37.54957], [178.27744, -37.55925], [178.30077, -37.56497], [178.31347, -37.57334], [178.29998, -37.58408], [178.29998, -37.59092], [178.34148, -37.61826], [178.37501, -37.62518], [178.41016, -37.62495], [178.42253, -37.62812], [178.44174, -37.64227], [178.4859, -37.645], [178.51255, -37.65216], [178.55034, -37.68043], [178.56616, -37.70086], [178.56429, -37.7177], [178.53712, -37.75167], [178.49928, -37.7833], [178.46517, -37.85442], [178.42921, -37.87444], [178.38672, -37.95916], [178.35157, -38.00172], [178.34832, -38.01263], [178.3558, -38.03606], [178.3811, -38.07871], [178.37573, -38.10474], [178.33937, -38.13014], [178.3296, -38.14593], [178.35465, -38.18809], [178.35123, -38.2081], [178.32407, -38.24505], [178.31853, -38.26572], [178.36206, -38.3165], [178.35888, -38.32773], [178.334, -38.35125], [178.32049, -38.39902], [178.34293, -38.40961], [178.34888, -38.42018], [178.34831, -38.43434], [178.34131, -38.44263], [178.30372, -38.45827], [178.29933, -38.46697], [178.30001, -38.53187], [178.18203, -38.63817], [178.07955, -38.7092], [178.06227, -38.71647], [178.0228, -38.68776], [177.99732, -38.68328], [177.97218, -38.68841], [177.94239, -38.70386], [177.93238, -38.70241], [177.93686, -38.7348], [177.96403, -38.76141], [177.93776, -38.82008], [177.93681, -38.87294], [177.90268, -39.01653], [177.91138, -39.03631], [177.89015, -39.06552], [177.88282, -39.08554], [177.95215, -39.0915], [177.98486, -39.10459], [177.99886, -39.12981], [177.94435, -39.17352], [177.92066, -39.22389], [177.91194, -39.25595], [177.86851, -39.2902], [177.84116, -39.22893], [177.83368, -39.19665], [177.83953, -39.15123], [177.86541, -39.10906], [177.86622, -39.09734], [177.85206, -39.08929], [177.83326, -39.09043], [177.82016, -39.10588], [177.76393, -39.08099], [177.44402, -39.07186], [177.41326, -39.05902], [177.38714, -39.0775], [177.06495, -39.1994], [177.05291, -39.21152], [177.04857, -39.2338], [177.02434, -39.27542], [177.00004, -39.30106], [176.93751, -39.34873], [176.92643, -39.37623], [176.90691, -39.40032], [176.90284, -39.43084], [176.90626, -39.44752], [176.9375, -39.47471], [176.94459, -39.49481], [176.95053, -39.58815], [176.9607, -39.62444], [176.96713, -39.62421], [177.03566, -39.66383], [177.08717, -39.66083], [177.11885, -39.66747], [177.11523, -39.68092], [177.09767, -39.70078], [177.08252, -39.73308], [177.05955, -39.74657], [177.03639, -39.7536], [177.02858, -39.76474], [177.00587, -39.83148], [177.00586, -39.85263], [176.98121, -39.86256], [176.96778, -39.88201], [176.93447, -39.97037], [176.89503, -40.03672], [176.89348, -40.08633], [176.83743, -40.17765], [176.79703, -40.22282], [176.75342, -40.25383], [176.74487, -40.25667], [176.71795, -40.24082], [176.68181, -40.27459], [176.66944, -40.31129], [176.68409, -40.29567], [176.7036, -40.29023], [176.63942, -40.39088], [176.62828, -40.46229], [176.61133, -40.48454], [176.58693, -40.48576], [176.56186, -40.48122], [176.54249, -40.48602], [176.48437, -40.55835], [176.42482, -40.60394], [176.40517, -40.64908], [176.38509, -40.67815], [176.35475, -40.68743], [176.30973, -40.77141], [176.28663, -40.80023], [176.25172, -40.8668], [176.23559, -40.91399], [176.22038, -40.93327], [176.17091, -40.94891], [176.14975, -40.96706], [176.12135, -41.01084], [176.08947, -41.10167], [176.06811, -41.13982], [175.9668, -41.247], [175.81422, -41.34189], [175.77712, -41.37164], [175.72722, -41.39885], [175.66871, -41.42164], [175.44841, -41.55184], [175.37989, -41.57244], [175.33033, -41.60979], [175.31413, -41.61483], [175.23748, -41.62028], [175.2217, -41.6137], [175.21241, -41.58245], [175.19656, -41.57252], [175.20192, -41.55755], [175.18216, -41.5241], [175.19744, -41.43564], [175.19272, -41.4249], [175.18181, -41.4179], [175.06227, -41.38307], [175.03517, -41.38079], [175.00953, -41.38568], [174.98658, -41.39788], [174.9279, -41.44361], [174.90114, -41.44214], [174.86558, -41.41952], [174.86355, -41.41123], [174.87664, -41.39219], [174.86689, -41.33294], [174.8965, -41.27256], [174.90113, -41.247], [174.88966, -41.22454], [174.86329, -41.21868], [174.83375, -41.22259], [174.79721, -41.23944], [174.77703, -41.26165], [174.77133, -41.27776], [174.81812, -41.28673], [174.83227, -41.29649], [174.82593, -41.31943], [174.81006, -41.33374], [174.79933, -41.33553], [174.7776, -41.32635], [174.74057, -41.3466], [174.69484, -41.33952], [174.64602, -41.3204], [174.6094, -41.29192], [174.59996, -41.25726], [174.61151, -41.23741], [174.62974, -41.22992], [174.67876, -41.22065], [174.69166, -41.21201], [174.75554, -41.15879], [174.78005, -41.11615], [174.79527, -41.10639]]], [[[175.01833, -36.7615], [175.07642, -36.7615], [175.10597, -36.78191], [175.1906, -36.73123], [175.21516, -36.75847], [175.18214, -36.77532], [175.18977, -36.81491], [175.18717, -36.82252], [175.12112, -36.83194], [175.05879, -36.81682], [175.06617, -36.80934], [175.04428, -36.79266], [175.03395, -36.79095], [175.01174, -36.80265], [175.00979, -36.7737], [175.01833, -36.7615]]], [[[175.772, -36.5766], [175.79932, -36.56994], [175.81666, -36.60394], [175.83626, -36.60858], [175.84765, -36.62509], [175.82198, -36.62883], [175.79755, -36.62175], [175.79916, -36.5971], [175.77688, -36.58749], [175.772, -36.5766]]], [[[174.90796, -36.43939], [174.906, -36.44914], [174.89088, -36.45321], [174.85524, -36.45239], [174.84549, -36.4485], [174.86012, -36.43955], [174.85077, -36.40374], [174.8533, -36.3917], [174.86655, -36.38471], [174.88233, -36.38975], [174.8955, -36.40155], [174.90796, -36.43939]]], [[[175.51889, -36.26214], [175.53873, -36.2698], [175.53842, -36.2824], [175.56591, -36.30975], [175.54623, -36.34335], [175.53687, -36.35075], [175.5228, -36.35213], [175.51516, -36.34465], [175.50554, -36.30926], [175.46682, -36.31999], [175.4559, -36.27557], [175.44801, -36.27069], [175.41556, -36.27555], [175.41871, -36.26068], [175.40805, -36.24765], [175.38494, -36.25399], [175.35647, -36.2439], [175.33376, -36.22372], [175.32694, -36.19992], [175.36036, -36.2278], [175.36964, -36.21966], [175.36737, -36.19362], [175.37908, -36.16546], [175.34523, -36.14852], [175.33377, -36.13162], [175.36354, -36.13193], [175.37664, -36.12802], [175.38771, -36.11793], [175.36728, -36.09789], [175.44465, -36.13004], [175.44597, -36.13714], [175.4603, -36.1491], [175.4865, -36.16229], [175.53059, -36.17637], [175.51124, -36.20355], [175.5018, -36.24131], [175.51889, -36.26214]]], [[[175.08084, -36.20566], [175.09564, -36.18651], [175.12086, -36.17524], [175.13452, -36.17597], [175.15494, -36.20086], [175.15494, -36.21355], [175.146, -36.22193], [175.13087, -36.22665], [175.10036, -36.22779], [175.08084, -36.20566]]], [[[169.26169, -19.55062], [169.21853, -19.49016], [169.21325, -19.46505], [169.21999, -19.41481], [169.23894, -19.39853], [169.23472, -19.36248], [169.24343, -19.34198], [169.26171, -19.32824], [169.28151, -19.32294], [169.32008, -19.32244], [169.3366, -19.31464], [169.35286, -19.32806], [169.35376, -19.34157], [169.344, -19.38014], [169.35768, -19.45526], [169.36647, -19.46966], [169.41334, -19.4846], [169.36883, -19.50989], [169.26169, -19.55062]]], [[[169.19321, -18.78704], [169.21745, -18.81537], [169.22047, -18.82497], [169.29859, -18.8642], [169.31983, -18.88202], [169.33236, -18.90488], [169.33657, -18.93463], [169.3278, -18.96038], [169.28696, -18.98235], [169.27507, -18.99927], [169.25489, -18.9848], [169.16652, -18.93922], [169.15447, -18.93621], [169.13438, -18.94087], [169.1028, -18.93222], [169.05926, -18.90195], [168.98732, -18.87655], [168.98554, -18.85963], [169.00196, -18.81504], [169.00221, -18.80169], [168.98228, -18.76263], [168.98876, -18.69081], [168.99489, -18.6697], [169.00816, -18.65], [169.03868, -18.62909], [169.07781, -18.61827], [169.1182, -18.61939], [169.15235, -18.63633], [169.16249, -18.65247], [169.16652, -18.70827], [169.17213, -18.72649], [169.18678, -18.73496], [169.22731, -18.73935], [169.24399, -18.73253], [169.24805, -18.73448], [169.24741, -18.74342], [169.25611, -18.74823], [169.26831, -18.76994], [169.19321, -18.78704]]], [[[177.62072, -18.50432], [177.6351, -18.48603], [177.64877, -18.49286], [177.65405, -18.50409], [177.65608, -18.52859], [177.62177, -18.52755], [177.62072, -18.50432]]], [[[178.15595, -18.37596], [178.15259, -18.39739], [178.14234, -18.41187], [178.12697, -18.41545], [178.10876, -18.4035], [178.12184, -18.39918], [178.11623, -18.38983], [178.12762, -18.35167], [178.13892, -18.34874], [178.15007, -18.35785], [178.15595, -18.37596]]], [[[177.38894, -17.64056], [177.42042, -17.62233], [177.43434, -17.59792], [177.4651, -17.58799], [177.469, -17.57635], [177.46747, -17.55536], [177.47803, -17.54647], [177.48959, -17.55885], [177.49952, -17.55576], [177.50392, -17.54453], [177.49929, -17.53265], [177.51516, -17.50507], [177.52442, -17.50076], [177.53338, -17.51214], [177.53956, -17.51214], [177.58131, -17.47813], [177.62208, -17.45468], [177.63112, -17.43923], [177.63893, -17.43712], [177.65626, -17.4428], [177.64682, -17.45175], [177.6631, -17.49847], [177.66928, -17.49236], [177.65919, -17.46803], [177.6631, -17.44394], [177.71013, -17.41791], [177.74879, -17.43027], [177.76548, -17.39667], [177.78729, -17.38455], [177.80763, -17.38096], [177.81415, -17.37128], [177.82993, -17.36404], [177.83329, -17.3667], [177.83366, -17.39023], [177.82016, -17.41717], [177.83627, -17.42132], [177.87599, -17.38935], [177.89731, -17.40293], [177.92661, -17.40594], [177.95623, -17.40252], [178.00717, -17.38348], [178.04225, -17.35688], [178.06593, -17.35589], [178.08139, -17.34833], [178.11378, -17.3532], [178.15105, -17.34686], [178.18084, -17.32928], [178.19012, -17.30056], [178.23893, -17.32], [178.2627, -17.33564], [178.28646, -17.38372], [178.28629, -17.39666], [178.2797, -17.40717], [178.24537, -17.44394], [178.25602, -17.44965], [178.25807, -17.45745], [178.24537, -17.47129], [178.25864, -17.46893], [178.28599, -17.43809], [178.30372, -17.43028], [178.34831, -17.44013], [178.36459, -17.4529], [178.37573, -17.47129], [178.37574, -17.49847], [178.40358, -17.52239], [178.44549, -17.5499], [178.47876, -17.55317], [178.49626, -17.56513], [178.53028, -17.60833], [178.57278, -17.61786], [178.59082, -17.63096], [178.6023, -17.65], [178.60327, -17.67457], [178.58058, -17.71006], [178.56772, -17.75498], [178.57114, -17.76263], [178.60229, -17.78656], [178.59889, -17.81943], [178.60841, -17.82806], [178.62062, -17.82351], [178.6272, -17.82684], [178.62629, -17.83409], [178.6159, -17.84108], [178.63485, -17.85327], [178.63599, -17.8637], [178.62956, -17.8759], [178.6159, -17.86907], [178.62272, -17.89022], [178.59108, -17.89756], [178.5949, -17.92604], [178.62615, -17.97145], [178.64576, -17.97325], [178.6543, -17.97845], [178.67701, -18.01141], [178.69386, -18.00994], [178.70534, -17.99197], [178.71142, -17.99197], [178.69842, -18.0193], [178.6945, -18.0569], [178.68457, -18.0704], [178.66358, -18.08814], [178.61297, -18.1124], [178.58864, -18.13598], [178.58863, -18.11549], [178.54764, -18.12907], [178.56056, -18.10866], [178.55502, -18.09922], [178.52711, -18.09002], [178.48561, -18.10866], [178.48779, -18.12908], [178.47022, -18.14185], [178.43777, -18.14657], [178.43816, -18.12298], [178.4131, -18.10345], [178.3899, -18.10182], [178.39616, -18.10865], [178.39113, -18.11826], [178.37843, -18.1272], [178.36892, -18.12907], [178.36606, -18.122], [178.35524, -18.11549], [178.32293, -18.12558], [178.30933, -18.14022], [178.27703, -18.14625], [178.26588, -18.15643], [178.2522, -18.18376], [178.2142, -18.2011], [178.1683, -18.24846], [178.14137, -18.2527], [178.13551, -18.25944], [178.11305, -18.23944], [178.03891, -18.26489], [177.99124, -18.25883], [177.97836, -18.2527], [177.95956, -18.26577], [177.94581, -18.26872], [177.92107, -18.26067], [177.89406, -18.27311], [177.88575, -18.25164], [177.85939, -18.26579], [177.83449, -18.24667], [177.82716, -18.23447], [177.64525, -18.19115], [177.59164, -18.16668], [177.56764, -18.17009], [177.52491, -18.15537], [177.4651, -18.15642], [177.45428, -18.15194], [177.43718, -18.136], [177.36671, -18.11906], [177.33595, -18.10556], [177.31365, -18.07391], [177.30682, -18.0813], [177.30006, -18.03973], [177.28762, -18.02215], [177.28582, -18.00897], [177.26296, -17.99382], [177.26645, -17.97942], [177.25165, -17.95224], [177.27215, -17.91693], [177.2715, -17.90423], [177.25905, -17.87933], [177.26565, -17.85956], [177.28208, -17.85175], [177.32732, -17.84856], [177.3615, -17.83489], [177.37143, -17.82342], [177.3729, -17.8152], [177.36891, -17.79728], [177.3703, -17.74969], [177.37428, -17.7475], [177.41603, -17.75986], [177.42351, -17.75921], [177.43434, -17.75018], [177.42058, -17.67832], [177.39569, -17.66301], [177.38894, -17.64056]]], [[[168.32527, -17.68676], [168.46661, -17.74846], [168.46408, -17.73537], [168.54245, -17.7854], [168.4656, -17.74939], [168.47049, -17.83754], [168.4269, -17.89199], [168.35158, -17.91555], [168.26127, -17.91006], [168.17266, -17.87714], [168.10211, -17.81839], [168.06575, -17.7357], [168.07954, -17.63139], [168.12762, -17.63465], [168.17672, -17.64243], [168.22634, -17.65412], [168.32527, -17.68676]]], [[[178.74781, -17.76995], [178.73469, -17.76756], [178.71321, -17.71102], [178.74192, -17.74958], [178.76271, -17.76198], [178.77954, -17.76605], [178.77272, -17.78035], [178.76588, -17.77288], [178.75891, -17.77747], [178.74781, -17.76995]]], [[[178.83012, -17.66558], [178.83553, -17.69316], [178.8293, -17.71861], [178.8229, -17.72912], [178.76808, -17.74717], [178.75812, -17.7297], [178.73943, -17.67313], [178.7511, -17.64337], [178.78262, -17.62291], [178.79789, -17.61862], [178.81675, -17.62896], [178.83012, -17.66558]]], [[[179.99999, -16.78539], [180.0, -16.96256], [179.99232, -16.97484], [179.95395, -16.99879], [179.92897, -17.00213], [179.9175, -16.99878], [179.91245, -16.983], [179.89423, -16.96746], [179.89016, -16.95387], [179.89529, -16.93915], [179.93116, -16.90944], [179.9673, -16.85833], [179.97756, -16.82822], [179.99999, -16.78539]]], [[[178.30641, -16.79388], [178.33398, -16.7934], [178.33009, -16.81406], [178.33366, -16.82886], [178.30738, -16.82757], [178.29022, -16.83439], [178.28298, -16.82236], [178.28005, -16.78673], [178.30641, -16.79388]]], [[[179.88334, -16.65553], [179.9109, -16.64625], [179.91034, -16.63196], [179.93458, -16.6251], [179.945, -16.61875], [179.95166, -16.60788], [179.95264, -16.62835], [179.9475, -16.64426], [179.93599, -16.65391], [179.88334, -16.65553]]], [[[178.60632, -16.59157], [178.59246, -16.59563], [178.56701, -16.59253], [178.56041, -16.58734], [178.58823, -16.57302], [178.60515, -16.58001], [178.62254, -16.57304], [178.60632, -16.59157]]], [[[178.69109, -16.66985], [178.70428, -16.66709], [178.71781, -16.64936], [178.77329, -16.60329], [178.78834, -16.59695], [178.7977, -16.60664], [178.80096, -16.63584], [178.81398, -16.62998], [178.81739, -16.62273], [178.81399, -16.59759], [178.8183, -16.58702], [178.84864, -16.54634], [178.85548, -16.56699], [178.86793, -16.55706], [178.86916, -16.53966], [178.87598, -16.53966], [178.88624, -16.55234], [178.90944, -16.52655], [178.93092, -16.51263], [178.91702, -16.47066], [178.93735, -16.47812], [178.94273, -16.46039], [178.95216, -16.45966], [178.9651, -16.47064], [179.00783, -16.45958], [179.05421, -16.45403], [179.13653, -16.42983], [179.17758, -16.42978], [179.19126, -16.40798], [179.22234, -16.39903], [179.24041, -16.39814], [179.29835, -16.40911], [179.31422, -16.39562], [179.32928, -16.40797], [179.35874, -16.38813], [179.36572, -16.3913], [179.37208, -16.40488], [179.40358, -16.40797], [179.39576, -16.37884], [179.37617, -16.36077], [179.38648, -16.35133], [179.39767, -16.34785], [179.41782, -16.35394], [179.43142, -16.31903], [179.44321, -16.31025], [179.45818, -16.31992], [179.4714, -16.2739], [179.4861, -16.26524], [179.52166, -16.268], [179.53566, -16.26246], [179.5203, -16.24482], [179.53345, -16.2449], [179.54248, -16.25075], [179.55437, -16.27264], [179.56804, -16.22432], [179.57293, -16.23642], [179.60279, -16.25213], [179.61151, -16.24335], [179.6189, -16.24262], [179.63014, -16.25897], [179.63014, -16.24342], [179.63405, -16.2379], [179.65333, -16.23528], [179.65643, -16.21747], [179.67449, -16.2243], [179.70183, -16.22308], [179.7103, -16.20779], [179.76441, -16.18143], [179.77067, -16.19655], [179.77272, -16.21941], [179.78094, -16.23113], [179.79298, -16.2265], [179.81447, -16.20771], [179.82879, -16.20437], [179.8396, -16.2077], [179.84131, -16.21347], [179.82879, -16.2243], [179.85597, -16.23113], [179.91066, -16.17987], [179.98317, -16.14911], [179.99999, -16.14912], [179.99983, -16.16911], [179.93799, -16.22429], [179.90382, -16.23113], [179.85825, -16.28265], [179.85913, -16.28631], [179.85125, -16.29095], [179.79822, -16.3694], [179.78094, -16.38128], [179.7809, -16.40321], [179.76343, -16.43279], [179.73859, -16.4591], [179.69386, -16.47731], [179.59181, -16.54534], [179.58229, -16.56699], [179.5791, -16.61142], [179.57145, -16.62558], [179.52361, -16.65895], [179.50659, -16.68352], [179.47869, -16.6972], [179.48877, -16.70762], [179.49219, -16.72503], [179.48876, -16.74386], [179.47869, -16.75872], [179.4861, -16.76605], [179.50193, -16.75468], [179.52027, -16.74962], [179.53711, -16.75263], [179.54811, -16.76605], [179.58522, -16.72944], [179.62208, -16.71787], [179.63258, -16.71022], [179.64089, -16.68728], [179.67107, -16.67685], [179.67792, -16.65554], [179.69842, -16.64951], [179.72267, -16.60443], [179.74977, -16.59246], [179.75669, -16.57676], [179.81414, -16.54632], [179.83326, -16.53037], [179.84181, -16.51507], [179.90382, -16.48431], [179.91717, -16.4669], [179.93946, -16.46332], [179.95337, -16.4998], [179.93621, -16.52467], [179.89015, -16.61468], [179.89014, -16.63583], [179.86964, -16.63584], [179.84864, -16.66237], [179.87501, -16.66432], [179.89193, -16.67597], [179.90112, -16.69476], [179.90382, -16.71771], [179.93555, -16.7204], [179.94971, -16.73008], [179.95166, -16.7457], [179.9419, -16.75261], [179.89633, -16.73821], [179.91063, -16.76603], [179.89015, -16.75872], [179.87574, -16.76945], [179.86363, -16.76482], [179.85793, -16.75189], [179.86215, -16.73821], [179.82635, -16.73706], [179.81203, -16.73121], [179.80201, -16.71771], [179.78077, -16.72502], [179.72633, -16.71771], [179.69987, -16.73527], [179.66627, -16.74066], [179.65984, -16.74676], [179.65675, -16.75869], [179.65056, -16.7457], [179.64381, -16.7457], [179.6333, -16.76587], [179.59685, -16.78875], [179.58228, -16.80705], [179.56512, -16.79168], [179.54493, -16.79078], [179.50318, -16.80021], [179.47145, -16.8012], [179.43824, -16.81389], [179.40382, -16.80234], [179.2969, -16.80681], [179.30795, -16.79746], [179.32342, -16.77118], [179.35475, -16.75848], [179.3489, -16.7457], [179.35141, -16.73138], [179.33961, -16.72438], [179.30796, -16.7177], [179.26637, -16.68987], [179.17205, -16.72259], [179.15284, -16.73447], [179.1229, -16.75872], [179.12939, -16.77581], [179.12337, -16.78964], [179.10998, -16.80009], [179.09571, -16.80705], [179.06544, -16.79892], [179.04444, -16.82383], [179.01987, -16.8952], [179.04542, -16.88015], [179.07519, -16.88153], [179.06559, -16.89348], [179.02686, -16.9231], [178.96773, -16.90642], [178.95445, -16.89901], [178.94532, -16.87754], [178.92596, -16.87313], [178.92026, -16.86696], [178.917, -16.84808], [178.91, -16.84808], [178.91, -16.86784], [178.89454, -16.85931], [178.87403, -16.8611], [178.8213, -16.9026], [178.80713, -16.95045], [178.78777, -16.96787], [178.80094, -16.97772], [178.7627, -17.00505], [178.7339, -17.007], [178.70534, -16.99879], [178.69192, -16.98577], [178.68064, -16.9581], [178.67042, -16.89902], [178.66041, -16.87949], [178.64064, -16.86052], [178.62746, -16.83766], [178.6364, -16.80706], [178.6064, -16.79305], [178.60231, -16.77972], [178.5407, -16.80917], [178.51157, -16.81421], [178.48562, -16.79339], [178.49244, -16.78672], [178.48122, -16.77727], [178.47903, -16.76589], [178.48361, -16.75997], [178.49928, -16.76605], [178.4966, -16.74717], [178.50653, -16.73041], [178.54021, -16.70405], [178.54021, -16.72454], [178.55714, -16.69835], [178.56804, -16.70403], [178.58562, -16.66513], [178.58863, -16.64951], [178.56707, -16.66008], [178.55275, -16.65894], [178.53396, -16.62901], [178.5818, -16.61469], [178.60841, -16.64202], [178.65007, -16.64952], [178.68092, -16.66806], [178.69109, -16.66985]]], [[[179.99999, -16.54127], [179.98749, -16.5424], [179.9844, -16.53021], [179.99999, -16.48956], [179.99999, -16.54127]]], [[[167.0942, -16.14859], [167.06132, -16.03983], [167.10996, -16.04397], [167.14749, -16.05173], [167.17848, -15.9909], [167.17418, -15.92461], [167.18182, -15.89626], [167.22625, -15.86738], [167.3361, -15.90896], [167.33481, -15.94411], [167.39469, -16.018], [167.37713, -16.05291], [167.38436, -16.05587], [167.3111, -16.11201], [167.43765, -16.17648], [167.38948, -16.15852], [167.37681, -16.19271], [167.54297, -16.30011], [167.66599, -16.39136], [167.77095, -16.49005], [167.84285, -16.59427], [167.86658, -16.70245], [167.82708, -16.81334], [167.72059, -16.90023], [167.60253, -16.88669], [167.48053, -16.79588], [167.36161, -16.65175], [167.25266, -16.47909], [167.16089, -16.30307], [167.0942, -16.14859]]], [[[179.32815, -16.3266], [179.36231, -16.3266], [179.38964, -16.3336], [179.36093, -16.34073], [179.32815, -16.33358], [179.32815, -16.3266]]], [[[167.23352, -15.74146], [167.20574, -15.75123], [167.18589, -15.75073], [167.14422, -15.72405], [167.10142, -15.71118], [167.0893, -15.70366], [167.07229, -15.6762], [167.07571, -15.6496], [167.09499, -15.62958], [167.12696, -15.62153], [167.19776, -15.62999], [167.23356, -15.64154], [167.23681, -15.65935], [167.22495, -15.69004], [167.23352, -15.74146]]], [[[167.19267, -15.53543], [167.17848, -15.539], [167.17848, -15.54583], [167.18873, -15.54852], [167.19263, -15.55389], [167.18531, -15.56699], [167.20833, -15.57904], [167.20947, -15.59615], [167.19483, -15.60751], [167.17164, -15.60101], [167.1574, -15.60801], [167.14283, -15.60589], [167.10956, -15.58749], [167.1574, -15.539], [167.17644, -15.53151], [167.1902, -15.53167], [167.19267, -15.53543]]], [[[166.74706, -14.8196], [166.73732, -14.82952], [166.76981, -14.94767], [166.77296, -15.0097], [166.78808, -15.0285], [166.80177, -15.15228], [166.81316, -15.16041], [166.91977, -15.15594], [166.93882, -15.12811], [166.96323, -15.10418], [166.97193, -14.97991], [166.96454, -14.95135], [166.97593, -14.93728], [167.00766, -14.92207], [167.08286, -14.9289], [167.08285, -14.93628], [167.06471, -14.93922], [167.05616, -14.94769], [167.0568, -15.00205], [167.04127, -15.02508], [167.05787, -15.02696], [167.06462, -15.03884], [167.06861, -15.07293], [167.08912, -15.14121], [167.11352, -15.12415], [167.12574, -15.12136], [167.1442, -15.12811], [167.13942, -15.14642], [167.15739, -15.22682], [167.15259, -15.24276], [167.1408, -15.24977], [167.15113, -15.26474], [167.17847, -15.27777], [167.19165, -15.30538], [167.18506, -15.34099], [167.17888, -15.3466], [167.17164, -15.33294], [167.16481, -15.33294], [167.17172, -15.36639], [167.18946, -15.41717], [167.2129, -15.46356], [167.24536, -15.48806], [167.24723, -15.49822], [167.24056, -15.51783], [167.23341, -15.5236], [167.20916, -15.51784], [167.17172, -15.51784], [167.1574, -15.52288], [167.14064, -15.53558], [167.10271, -15.58001], [167.08546, -15.59057], [167.05349, -15.59193], [167.02711, -15.58001], [166.98911, -15.57562], [166.9463, -15.57676], [166.90797, -15.58636], [166.88347, -15.60801], [166.89322, -15.61776], [166.86378, -15.61484], [166.85141, -15.62265], [166.83578, -15.64885], [166.8156, -15.65828], [166.79315, -15.65633], [166.77133, -15.64503], [166.75393, -15.6277], [166.76645, -15.60882], [166.76678, -15.58392], [166.7562, -15.56243], [166.7217, -15.54729], [166.70722, -15.5328], [166.68508, -15.49814], [166.67408, -15.46803], [166.64138, -15.43474], [166.63404, -15.41318], [166.61613, -15.38523], [166.64617, -15.28558], [166.65008, -15.26474], [166.64918, -15.21836], [166.64381, -15.19525], [166.61981, -15.16155], [166.61395, -15.14186], [166.60987, -15.10027], [166.59963, -15.06211], [166.60036, -15.04844], [166.60987, -15.03192], [166.59263, -15.02629], [166.58206, -15.0114], [166.57081, -14.95623], [166.54104, -14.90838], [166.52265, -14.83213], [166.53468, -14.77532], [166.5337, -14.75164], [166.52737, -14.73707], [166.55453, -14.68239], [166.55259, -14.65765], [166.55617, -14.64594], [166.58766, -14.63641], [166.5984, -14.62527], [166.60998, -14.63491], [166.62672, -14.67498], [166.63501, -14.67947], [166.64019, -14.6898], [166.64405, -14.71315], [166.67122, -14.74392], [166.68621, -14.77996], [166.70639, -14.78974], [166.74706, -14.8196]]], [[[167.1484, -14.96568], [167.13104, -14.96892], [167.10126, -14.93982], [167.09645, -14.9289], [167.1141, -14.93386], [167.13982, -14.9533], [167.15738, -14.95624], [167.1484, -14.96568]]], [[[166.50133, -14.8408], [166.49579, -14.85342], [166.4887, -14.88975], [166.43387, -14.88787], [166.50133, -14.8408]]], [[[161.62901, -11.1464], [161.5432, -11.12849], [161.48794, -11.10557], [161.42666, -11.06935], [161.36183, -11.02348], [161.23161, -10.91745], [160.89524, -10.6166], [160.83712, -10.58193], [160.74722, -10.53602], [160.65674, -10.50395], [160.7048, -10.46919], [160.8057, -10.54101], [160.89725, -10.61808], [161.08389, -10.7296], [161.24764, -10.81111], [161.48237, -10.90644], [161.55071, -10.94011], [161.61117, -10.9834], [161.65896, -11.03071], [161.68934, -11.07639], [161.69756, -11.11471], [161.67898, -11.13995], [161.62901, -11.1464]]], [[[160.13038, -9.4293], [160.15773, -9.41279], [160.23048, -9.42645], [160.25099, -9.41279], [160.27076, -9.41961], [160.34596, -9.41961], [160.36638, -9.41279], [160.37818, -9.42425], [160.39844, -9.43289], [160.4192, -9.46111], [160.45931, -9.47504], [160.50367, -9.53631], [160.54078, -9.53144], [160.58643, -9.55138], [160.62842, -9.5823], [160.65446, -9.61078], [160.66139, -9.62742], [160.66798, -9.69004], [160.67302, -9.69801], [160.69996, -9.69346], [160.71265, -9.69542], [160.74383, -9.71396], [160.7854, -9.72748], [160.78956, -9.76385], [160.8055, -9.77403], [160.80828, -9.81601], [160.82633, -9.83734], [160.82471, -9.86728], [160.79851, -9.88404], [160.72332, -9.89951], [160.68426, -9.91188], [160.64478, -9.93709], [160.57252, -9.91919], [160.50864, -9.88926], [160.48683, -9.88519], [160.44581, -9.89266], [160.43288, -9.88908], [160.40797, -9.85849], [160.38755, -9.85848], [160.37379, -9.83734], [160.32032, -9.81512], [160.20826, -9.81015], [160.12355, -9.82318], [160.05152, -9.82049], [160.03126, -9.82382], [159.98113, -9.81097], [159.93727, -9.80559], [159.88722, -9.78281], [159.83563, -9.79387], [159.81496, -9.77898], [159.76873, -9.73219], [159.72341, -9.70696], [159.7234, -9.68662], [159.70591, -9.67636], [159.69907, -9.6491], [159.67521, -9.64305], [159.67214, -9.63698], [159.67498, -9.61761], [159.65398, -9.5748], [159.62338, -9.53973], [159.60183, -9.5219], [159.59914, -9.51239], [159.62176, -9.49822], [159.62721, -9.48797], [159.62526, -9.47763], [159.60671, -9.44752], [159.61248, -9.39886], [159.6067, -9.37493], [159.59215, -9.3615], [159.6067, -9.34393], [159.60956, -9.30983], [159.61598, -9.29535], [159.64617, -9.28476], [159.709, -9.24775], [159.74366, -9.25955], [159.77898, -9.282], [159.83269, -9.33026], [159.87329, -9.35948], [159.8947, -9.39959], [159.9214, -9.42645], [159.93971, -9.43288], [160.01026, -9.43182], [160.04347, -9.41417], [160.10987, -9.43353], [160.13038, -9.4293]]], [[[159.81472, -9.16618], [159.80617, -9.15032], [159.80447, -9.13014], [159.81154, -9.11111], [159.82732, -9.10866], [159.83269, -9.10371], [159.84472, -9.14544], [159.84253, -9.16464], [159.82887, -9.17261], [159.81472, -9.16618]]], [[[160.27662, -9.14788], [160.292, -9.13161], [160.3047, -9.08262], [160.31494, -9.06173], [160.33228, -9.06342], [160.35922, -9.11094], [160.37013, -9.11793], [160.39722, -9.12022], [160.41422, -9.13161], [160.40203, -9.14414], [160.38721, -9.17082], [160.36638, -9.1862], [160.30494, -9.15984], [160.28517, -9.16579], [160.2893, -9.17799], [160.27442, -9.18644], [160.2305, -9.19304], [160.23463, -9.17881], [160.21617, -9.17261], [160.22194, -9.16278], [160.23048, -9.15888], [160.25408, -9.15895], [160.27662, -9.14788]]], [[[160.2645, -9.13159], [160.25758, -9.12078], [160.24416, -9.12419], [160.24293, -9.1124], [160.2282, -9.09832], [160.21616, -9.09759], [160.22298, -9.11792], [160.21616, -9.11792], [160.19988, -9.09173], [160.18751, -9.0818], [160.15675, -9.094], [160.1384, -9.09481], [160.1063, -9.08375], [160.10231, -9.06024], [160.08376, -9.05201], [160.07912, -9.03949], [160.12387, -9.02939], [160.13429, -9.01557], [160.14112, -9.02304], [160.14763, -9.00872], [160.14114, -8.9944], [160.14771, -8.98969], [160.17254, -9.00221], [160.2085, -9.00271], [160.22299, -9.02304], [160.23048, -9.02304], [160.24025, -9.00629], [160.25798, -9.00906], [160.29508, -9.03949], [160.30144, -9.06162], [160.29469, -9.08994], [160.28053, -9.11598], [160.2645, -9.13159]]], [[[160.09913, -8.98846], [160.09083, -8.99578], [160.07911, -9.02303], [160.06667, -9.0136], [160.07911, -8.97772], [160.07447, -8.95116], [160.07766, -8.94314], [160.09262, -8.94054], [160.11369, -8.97408], [160.11312, -8.99438], [160.09913, -8.98846]]], [[[160.03646, -8.88218], [160.04215, -8.90504], [160.02964, -8.9091], [160.01458, -8.8908], [160.00001, -8.88527], [160.00538, -8.89941], [160.00147, -8.9008], [159.99806, -8.8921], [159.99049, -8.91542], [159.98228, -8.90406], [159.9879, -8.88894], [160.00424, -8.87405], [160.01124, -8.87786], [160.02841, -8.87324], [160.03646, -8.88218]]]]}}]}