{"type": "FeatureCollection", "features": [{"type": "Feature", "properties": {"map_title": "비잔티움 제국의 영역과 5대 교구", "source": "미래엔 세계사 교과서 1권 56쪽", "volume": 1, "page": 56, "name": "비잔티움 제국(유스티니아누스 즉위 시)", "name_en": "Byzantine Empire at the accession of Justinian", "period": "527년", "kind": "국가", "legend": "유스티니아누스 황제 즉위 시 영토", "coast_snap": "Natural Earth 10m 해안선에 맞춤", "border_snap": "현대 국경(Natural Earth 10m)에 맞춘 구간 약 1584 km"}, "geometry": {"type": "MultiPolygon", "coordinates": [[[[19.10452, 30.31695], [19.07617, 30.31861], [19.10623, 30.31692], [19.10452, 30.31695]]], [[[23.28901, 35.89038], [23.31576, 35.87953], [23.33072, 35.86493], [23.33325, 35.82918], [23.32644, 35.82918], [23.28756, 35.87029], [23.28064, 35.8832], [23.28901, 35.89038]]], [[[22.93247, 36.38103], [22.94459, 36.38938], [22.95638, 36.38344], [22.99199, 36.33051], [22.91669, 36.2753], [22.89971, 36.32839], [22.90163, 36.33832], [22.93247, 36.38103]]], [[[22.95159, 36.47525], [22.94034, 36.46605], [22.93165, 36.46476], [22.92507, 36.46907], [22.92939, 36.48411], [22.96242, 36.5099], [22.97674, 36.50747], [22.98934, 36.47044], [22.98601, 36.45826], [22.96583, 36.47606], [22.95159, 36.47525]]], [[[21.75946, 36.75168], [21.76417, 36.75396], [21.78003, 36.7475], [21.77783, 36.69939], [21.76796, 36.70826], [21.76417, 36.71988], [21.75051, 36.71241], [21.75946, 36.75168]]], [[[21.72678, 36.7876], [21.71632, 36.78132], [21.71655, 36.77094], [21.69582, 36.74043], [21.70087, 36.79108], [21.70949, 36.80173], [21.72933, 36.79499], [21.72678, 36.7876]]], [[[23.45778, 36.90645], [23.44974, 36.92913], [23.45899, 36.92254], [23.46723, 36.90661], [23.46388, 36.90401], [23.45778, 36.90645]]], [[[21.5373, 37.05744], [21.55282, 37.06438], [21.55867, 37.05382], [21.54665, 37.03237], [21.549, 37.04536], [21.5373, 37.05744]]], [[[23.13133, 37.24367], [23.1192, 37.25268], [23.09443, 37.27473], [23.10955, 37.28534], [23.12842, 37.28839], [23.15825, 37.27154], [23.16471, 37.25381], [23.16235, 37.24422], [23.15203, 37.23999], [23.13133, 37.24367]]], [[[23.46388, 37.35739], [23.48764, 37.3635], [23.53256, 37.36392], [23.55299, 37.37091], [23.58714, 37.37091], [23.57113, 37.35835], [23.5477, 37.34985], [23.52329, 37.34664], [23.50514, 37.34984], [23.50878, 37.3299], [23.49683, 37.32002], [23.37429, 37.30269], [23.37429, 37.30951], [23.46388, 37.35739]]], [[[23.47732, 37.55588], [23.48178, 37.55645], [23.49204, 37.53913], [23.51157, 37.52904], [23.52563, 37.52801], [23.52563, 37.5218], [23.50635, 37.51285], [23.48121, 37.5096], [23.4559, 37.51252], [23.43631, 37.52179], [23.43629, 37.52802], [23.47543, 37.54084], [23.47732, 37.55588]]], [[[23.42591, 37.76822], [23.54588, 37.77439], [23.56314, 37.76825], [23.54493, 37.74506], [23.54614, 37.73347], [23.53207, 37.72533], [23.52563, 37.69246], [23.48414, 37.67887], [23.45738, 37.69246], [23.45738, 37.69928], [23.469, 37.70502], [23.46827, 37.7145], [23.45932, 37.72333], [23.43443, 37.7336], [23.42704, 37.74802], [23.42591, 37.76822]]], [[[23.75385, 37.76517], [23.75157, 37.76951], [23.75523, 37.77512], [23.76351, 37.77597], [23.76335, 37.76399], [23.75385, 37.76517]]], [[[20.98308, 37.71231], [20.95436, 37.72386], [20.89389, 37.73347], [20.87916, 37.72822], [20.86328, 37.71061], [20.84352, 37.70156], [20.84376, 37.68993], [20.85302, 37.67259], [20.84685, 37.65331], [20.81512, 37.65153], [20.77719, 37.68626], [20.70454, 37.7382], [20.70216, 37.75454], [20.68044, 37.76997], [20.64243, 37.8111], [20.62275, 37.82117], [20.62635, 37.87221], [20.65983, 37.91035], [20.68572, 37.92958], [20.70898, 37.92523], [20.74195, 37.86229], [20.77719, 37.84333], [20.80885, 37.84954], [20.84986, 37.83649], [20.88578, 37.81409], [20.91798, 37.76529], [20.98682, 37.72988], [20.99633, 37.69932], [20.98308, 37.71231]]], [[[23.51823, 37.8986], [23.50131, 37.90607], [23.48145, 37.88972], [23.46705, 37.88423], [23.4214, 37.89298], [23.40212, 37.906], [23.40896, 37.92194], [23.42287, 37.933], [23.43947, 37.93959], [23.46852, 37.93203], [23.48896, 37.9531], [23.49773, 37.96686], [23.48561, 37.96625], [23.46043, 37.95255], [23.42208, 37.96004], [23.45737, 37.97362], [23.42945, 37.98794], [23.45576, 37.98717], [23.47047, 37.98046], [23.47486, 37.98941], [23.47048, 37.99408], [23.47821, 37.99884], [23.49529, 38.00184], [23.51824, 37.99908], [23.53686, 37.98802], [23.53272, 37.97508], [23.54712, 37.95888], [23.54615, 37.95254], [23.57347, 37.95254], [23.53932, 37.93952], [23.54345, 37.92886], [23.52174, 37.91397], [23.51823, 37.8986]]], [[[20.73332, 38.06247], [20.71821, 38.06647], [20.68627, 38.09354], [20.72468, 38.20056], [20.71006, 38.21863], [20.65029, 38.25816], [20.68162, 38.2821], [20.67482, 38.26781], [20.69352, 38.26462], [20.709, 38.22696], [20.7513, 38.19676], [20.76222, 38.1704], [20.79769, 38.13129], [20.80491, 38.11603], [20.80474, 38.08317], [20.79468, 38.06612], [20.76368, 38.06989], [20.73332, 38.06247]]], [[[20.55941, 38.35585], [20.54042, 38.38883], [20.55128, 38.38516], [20.53781, 38.42589], [20.54363, 38.45917], [20.53805, 38.47394], [20.57178, 38.47393], [20.62582, 38.35175], [20.62614, 38.32844], [20.60017, 38.30362], [20.55941, 38.35585]]], [[[20.70218, 38.38515], [20.7225, 38.38516], [20.71584, 38.39202], [20.73877, 38.38426], [20.75746, 38.37154], [20.73756, 38.37153], [20.74366, 38.34439], [20.75001, 38.3347], [20.76367, 38.3305], [20.76367, 38.32307], [20.71915, 38.31567], [20.70583, 38.31827], [20.68801, 38.33656], [20.69532, 38.34357], [20.66734, 38.37153], [20.64777, 38.40542], [20.64015, 38.4466], [20.61453, 38.46711], [20.61971, 38.48127], [20.63551, 38.47297], [20.64422, 38.47866], [20.65448, 38.50185], [20.67187, 38.49754], [20.67407, 38.48501], [20.66114, 38.46088], [20.67823, 38.46185], [20.70898, 38.4466], [20.69529, 38.40897], [20.67481, 38.37767], [20.69239, 38.37132], [20.71583, 38.37153], [20.71583, 38.37767], [20.70218, 38.38515]]], [[[20.94106, 38.60422], [20.91643, 38.57215], [20.90755, 38.54903], [20.8939, 38.54903], [20.8939, 38.55646], [20.93214, 38.60301], [20.94106, 38.60422]]], [[[24.23146, 38.09033], [24.21778, 38.09687], [24.20396, 38.09034], [24.20477, 38.09682], [24.21078, 38.0978], [24.21078, 38.12446], [24.20281, 38.13007], [24.18605, 38.1274], [24.18297, 38.135], [24.21078, 38.166], [24.20875, 38.17862], [24.19403, 38.19213], [24.18531, 38.21796], [24.1727, 38.22655], [24.15699, 38.22956], [24.14259, 38.22695], [24.14875, 38.21322], [24.12625, 38.21748], [24.13113, 38.23582], [24.14916, 38.25699], [24.15117, 38.25588], [24.1631, 38.26781], [24.15349, 38.28132], [24.14552, 38.28091], [24.12843, 38.26781], [24.12574, 38.25609], [24.1094, 38.2563], [24.11476, 38.2753], [24.10094, 38.2753], [24.12159, 38.30948], [24.07944, 38.32538], [24.02546, 38.33052], [24.05974, 38.34125], [24.0669, 38.35102], [24.05904, 38.36029], [24.05942, 38.37767], [24.04225, 38.40152], [24.03891, 38.39542], [23.9808, 38.39887], [23.91236, 38.39204], [23.84376, 38.40567], [23.79371, 38.39851], [23.70997, 38.4125], [23.66334, 38.40421], [23.64918, 38.40567], [23.63852, 38.41551], [23.61443, 38.46088], [23.60743, 38.4538], [23.594, 38.45344], [23.63575, 38.50092], [23.62812, 38.52236], [23.63551, 38.52237], [23.63551, 38.52855], [23.59995, 38.57136], [23.53976, 38.58235], [23.50534, 38.59727], [23.49773, 38.63101], [23.45315, 38.65803], [23.44597, 38.67674], [23.38161, 38.70727], [23.35336, 38.73139], [23.33767, 38.73896], [23.32301, 38.76252], [23.20232, 38.8299], [23.14357, 38.85065], [23.06911, 38.84659], [23.03639, 38.87446], [22.96941, 38.88911], [22.95639, 38.88544], [22.95639, 38.878], [22.9839, 38.87352], [22.99194, 38.86469], [22.99072, 38.85066], [22.98153, 38.84498], [22.85581, 38.83295], [22.83303, 38.82276], [22.83743, 38.85447], [22.87485, 38.8749], [22.90748, 38.88231], [22.95281, 38.90159], [22.98292, 38.90766], [23.03566, 38.92642], [23.04592, 38.94684], [23.08676, 38.95433], [23.09734, 38.97207], [23.09443, 38.98785], [23.10906, 38.99177], [23.12746, 39.0058], [23.19972, 39.00898], [23.27296, 39.03876], [23.29908, 39.04246], [23.32984, 39.02196], [23.36727, 39.01151], [23.38309, 39.03274], [23.42748, 39.07244], [23.49293, 39.11523], [23.52123, 39.12418], [23.55987, 39.1279], [23.60089, 39.12555], [23.63542, 39.1161], [23.65827, 39.10103], [23.65847, 39.10431], [23.66969, 39.1114], [23.66969, 39.11815], [23.62779, 39.14729], [23.61744, 39.16914], [23.58719, 39.20758], [23.60132, 39.2138], [23.60222, 39.20864], [23.60914, 39.20808], [23.66554, 39.16966], [23.69662, 39.15534], [23.73046, 39.14614], [23.72674, 39.1315], [23.77302, 39.12926], [23.79264, 39.12441], [23.79264, 39.11815], [23.74122, 39.08028], [23.71681, 39.07723], [23.69256, 39.08894], [23.66814, 39.09246], [23.6881, 39.07515], [23.68755, 39.07825], [23.78001, 38.98794], [23.87221, 38.90896], [23.94103, 38.85788], [23.9822, 38.83821], [24.06665, 38.81629], [24.37891, 38.75244], [24.42148, 38.74928], [24.62778, 38.75235], [24.65827, 38.74826], [24.67924, 38.73985], [24.69235, 38.72395], [24.69859, 38.70209], [24.69931, 38.67603], [24.69591, 38.64753], [24.66998, 38.52282], [24.64404, 38.41389], [24.64085, 38.36448], [24.646, 38.346], [24.65475, 38.33799], [24.68938, 38.32807], [24.87272, 38.31075], [24.91146, 38.30357], [24.92444, 38.29708], [24.93082, 38.28784], [24.92856, 38.26072], [24.9161, 38.2256], [24.89652, 38.18747], [24.8562, 38.13165], [24.83949, 38.11718], [24.82285, 38.10864], [24.80217, 38.10253], [24.75444, 38.09713], [24.70778, 38.09974], [24.67396, 38.10901], [24.65838, 38.12019], [24.62891, 38.15416], [24.60301, 38.19551], [24.57571, 38.25124], [24.57422, 38.27446], [24.5857, 38.33378], [24.58387, 38.35639], [24.55074, 38.41014], [24.52591, 38.4396], [24.49688, 38.46651], [24.49669, 38.43847], [24.49676, 38.46868], [24.45497, 38.49525], [24.41653, 38.50481], [24.19958, 38.49441], [24.18816, 38.47411], [24.18434, 38.43964], [24.20393, 38.41868], [24.20395, 38.41272], [24.18507, 38.40762], [24.18816, 38.39883], [24.21077, 38.37767], [24.21485, 38.33641], [24.25244, 38.29238], [24.25261, 38.26557], [24.25781, 38.25898], [24.24513, 38.24116], [24.25245, 38.22797], [24.29225, 38.20018], [24.32699, 38.18593], [24.33758, 38.16283], [24.34441, 38.15925], [24.39258, 38.164], [24.42066, 38.14737], [24.47779, 38.13874], [24.49692, 38.1463], [24.58764, 38.15923], [24.57895, 38.10932], [24.57993, 38.08422], [24.59448, 38.0624], [24.56665, 37.98795], [24.55185, 37.97807], [24.50957, 37.96263], [24.47718, 37.96241], [24.47096, 37.98046], [24.44776, 38.01057], [24.4297, 38.02119], [24.40309, 38.01191], [24.3864, 37.99653], [24.4021, 37.98794], [24.4021, 37.98046], [24.38689, 37.97038], [24.37176, 37.97192], [24.33864, 37.99674], [24.31383, 38.02925], [24.31399, 38.0351], [24.327, 38.04255], [24.31479, 38.06489], [24.30568, 38.07176], [24.29226, 38.0699], [24.28631, 38.08625], [24.2693, 38.0954], [24.24871, 38.09687], [24.23146, 38.09033]], [[23.72266, 38.76194], [23.73844, 38.74941], [23.75359, 38.71918], [23.813, 38.69367], [23.8576, 38.68252], [23.90634, 38.67932], [23.94776, 38.66942], [23.96773, 38.67117], [23.81779, 38.75019], [23.77238, 38.77726], [23.47332, 38.98239], [23.39359, 38.96315], [23.40455, 38.95783], [23.42562, 38.95432], [23.45069, 38.87458], [23.48048, 38.83808], [23.52466, 38.82318], [23.56788, 38.79385], [23.59399, 38.78924], [23.594, 38.77021], [23.60759, 38.77557], [23.61996, 38.76553], [23.66228, 38.75507], [23.6727, 38.76043], [23.68336, 38.75507], [23.70265, 38.76507], [23.72266, 38.76194]]], [[[20.90408, 38.64285], [20.94516, 38.65248], [20.95166, 38.64923], [20.95288, 38.63886], [20.94165, 38.6274], [20.89812, 38.60602], [20.87866, 38.58443], [20.87063, 38.58252], [20.87014, 38.6035], [20.90408, 38.64285]]], [[[20.7467, 38.66352], [20.78305, 38.67498], [20.80501, 38.66567], [20.78858, 38.64473], [20.76287, 38.63911], [20.75961, 38.62739], [20.80002, 38.59547], [20.78713, 38.59981], [20.75173, 38.62605], [20.73699, 38.65217], [20.7467, 38.66352]]], [[[20.69874, 38.68281], [20.70606, 38.68041], [20.72249, 38.70725], [20.72073, 38.63862], [20.71598, 38.62703], [20.70948, 38.62568], [20.70216, 38.63841], [20.69532, 38.63841], [20.70215, 38.61792], [20.68784, 38.62474], [20.68164, 38.60425], [20.66481, 38.61091], [20.64894, 38.60859], [20.64088, 38.60057], [20.64762, 38.58382], [20.63088, 38.58833], [20.63331, 38.60423], [20.61363, 38.60701], [20.60231, 38.62678], [20.58546, 38.61791], [20.55127, 38.56953], [20.54462, 38.56954], [20.56231, 38.69102], [20.58123, 38.72435], [20.59326, 38.76154], [20.65213, 38.8329], [20.68628, 38.85007], [20.6902, 38.84138], [20.70215, 38.83697], [20.71778, 38.8227], [20.72933, 38.78172], [20.72389, 38.76996], [20.72884, 38.73062], [20.69695, 38.68985], [20.69874, 38.68281]]], [[[23.68681, 39.08103], [23.68653, 39.08308], [23.68729, 39.07918], [23.68681, 39.08103]]], [[[23.44468, 39.19847], [23.47047, 39.2138], [23.50374, 39.19427], [23.51285, 39.17853], [23.50513, 39.15914], [23.48902, 39.16877], [23.47511, 39.15778], [23.46045, 39.13183], [23.4253, 39.14867], [23.39529, 39.14616], [23.3987, 39.16364], [23.42945, 39.17622], [23.44468, 39.19847]]], [[[23.87306, 39.18016], [23.88951, 39.2177], [23.9398, 39.27976], [23.95702, 39.28947], [23.95021, 39.27521], [23.97216, 39.27191], [23.96696, 39.25117], [23.94995, 39.229], [23.93653, 39.22126], [23.9215, 39.19026], [23.89583, 39.16178], [23.86451, 39.144], [23.83353, 39.14615], [23.87306, 39.18016]]], [[[20.65041, 39.91306], [20.65114, 39.79492], [20.66178, 39.77539], [20.72288, 39.75344], [20.74107, 39.74125], [20.75492, 39.67194], [20.75382, 39.6561], [20.74662, 39.64442], [20.72646, 39.65124], [20.68736, 39.6792], [20.64937, 39.71749], [20.60765, 39.77423], [20.60198, 39.79766], [20.60089, 39.87527], [20.58831, 39.90918], [20.5358, 39.99746], [20.51805, 40.08656], [20.51774, 40.11317], [20.53545, 40.14459], [20.56083, 40.16035], [20.6206, 40.16102], [20.66444, 40.15282], [20.66037, 40.17889], [20.66502, 40.18437], [20.68528, 40.19119], [20.69644, 40.21507], [20.69458, 40.25558], [20.69913, 40.27837], [20.70698, 40.28809], [20.73665, 40.30364], [20.77044, 40.36255], [20.77385, 40.3749], [20.769, 40.41257], [20.77065, 40.42198], [20.53463, 40.57211], [20.52103, 40.58656], [20.48407, 40.63649], [20.45734, 40.70987], [20.42056, 40.84798], [20.41758, 40.8944], [20.42227, 40.91981], [20.43609, 40.90192], [20.47941, 40.77101], [20.4889, 40.76153], [20.71722, 40.91321], [20.70275, 40.93631], [20.66409, 41.05915], [20.65386, 41.07527], [20.64301, 41.08158], [20.60528, 41.08349], [20.57697, 41.09351], [20.56994, 41.1071], [20.57056, 41.12483], [20.56549, 41.14741], [20.54968, 41.17062], [20.51268, 41.21015], [20.50007, 41.23552], [20.48312, 41.28947], [20.47775, 41.3196], [20.48167, 41.3412], [20.49604, 41.33779], [20.51041, 41.3444], [20.52343, 41.35681], [20.53996, 41.38714], [20.54017, 41.40068], [20.53407, 41.41298], [20.52219, 41.42569], [20.498, 41.43148], [20.49087, 41.43602], [20.48354, 41.46548], [20.47082, 41.48377], [20.45201, 41.49359], [20.44498, 41.50848], [20.44788, 41.53545], [20.44416, 41.54966], [20.50741, 41.56227], [20.52932, 41.57488], [20.53469, 41.58527], [20.53459, 41.59403], [20.5134, 41.6404], [20.50834, 41.66175], [20.50038, 41.7341], [20.51134, 41.75794], [20.54441, 41.78476], [20.55092, 41.79352], [20.54844, 41.81419], [20.54048, 41.83944], [20.54172, 41.86158], [20.56725, 41.91217], [20.58875, 41.92959], [20.59929, 41.94788], [20.59929, 41.96057], [20.58968, 41.99364], [20.55826, 42.05511], [20.55216, 42.07379], [20.54937, 42.12348], [20.53862, 42.15012], [20.5008, 42.21122], [20.45697, 42.2505], [20.33336, 42.31788], [20.24965, 42.31861], [20.23776, 42.31992], [20.2296, 42.32672], [20.22092, 42.3431], [20.21885, 42.37145], [20.1928, 42.39369], [20.19404, 42.4001], [20.20438, 42.41183], [20.20469, 42.4201], [20.19973, 42.4278], [20.18081, 42.4431], [20.1526, 42.49371], [20.13555, 42.50963], [20.11451, 42.51822], [20.12383, 42.56748], [19.9467, 42.66168], [19.7669, 42.76681], [19.6101, 42.89034], [19.58752, 42.9198], [19.76605, 43.10585], [19.74281, 43.12652], [19.71356, 43.16561], [19.70549, 43.16618], [19.69733, 43.16021], [19.68462, 43.15672], [19.66302, 43.1585], [19.61868, 43.16824], [19.59811, 43.1762], [19.58085, 43.1878], [19.54995, 43.21752], [19.51243, 43.24064], [19.47305, 43.29328], [19.43306, 43.32386], [19.58007, 43.44175], [19.58275, 43.45933], [19.61068, 43.55063], [19.63985, 43.60816], [19.70432, 43.68601], [19.75272, 43.72187], [19.81012, 43.75169], [20.07662, 43.85103], [20.13676, 43.87988], [20.1897, 43.91472], [20.22897, 43.95323], [20.25804, 43.99562], [20.33964, 44.17736], [20.36824, 44.21917], [20.42699, 44.27092], [20.57946, 44.34887], [20.72152, 44.43474], [20.96254, 44.54801], [21.13821, 44.64321], [21.39593, 44.79024], [21.41216, 44.78481], [21.49722, 44.77804], [21.5584, 44.78166], [21.57804, 44.77768], [21.59561, 44.76595], [21.61969, 44.71391], [21.65628, 44.68766], [21.70517, 44.67707], [21.75684, 44.67727], [21.8017, 44.68389], [21.85544, 44.69846], [21.87198, 44.69598], [21.96241, 44.66229], [21.99435, 44.65857], [22.00427, 44.65154], [22.03217, 44.60332], [22.03982, 44.57687], [22.0452, 44.56922], [22.07631, 44.55072], [22.08695, 44.52178], [22.10431, 44.50964], [22.12664, 44.50266], [22.14824, 44.5009], [22.17211, 44.50535], [22.18514, 44.51511], [22.29903, 44.66167], [22.30492, 44.67738], [22.3197, 44.68534], [22.36115, 44.69205], [22.38068, 44.70053], [22.42605, 44.73365], [22.46894, 44.73019], [22.48372, 44.72399], [22.55328, 44.66916], [22.58749, 44.64937], [22.62118, 44.63743], [22.70014, 44.63061], [22.71472, 44.62306], [22.76515, 44.58281], [22.75926, 44.56467], [22.74169, 44.55186], [22.71937, 44.54436], [22.70014, 44.54183], [22.67854, 44.54555], [22.64216, 44.56312], [22.62118, 44.56922], [22.6003, 44.56979], [22.58046, 44.5655], [22.56558, 44.55542], [22.55669, 44.52147], [22.54842, 44.5117], [22.5355, 44.50752], [22.50036, 44.50638], [22.48414, 44.49977], [22.4798, 44.49041], [22.477, 44.46395], [22.48, 44.45579], [22.50098, 44.44194], [22.50543, 44.43502], [22.50512, 44.40406], [22.52269, 44.37507], [22.54935, 44.34897], [22.58284, 44.32841], [22.62118, 44.3159], [22.66252, 44.31166], [22.68154, 44.30531], [22.6895, 44.29172], [22.79665, 44.17693], [22.90644, 44.12289], [22.94261, 44.11147], [22.98809, 44.10702], [23.03098, 44.09307], [23.04007, 44.06233], [23.02302, 44.03163], [22.98808, 44.01768], [22.90582, 44.00398], [22.88587, 43.99452], [22.87471, 43.97205], [22.85052, 43.89699], [22.85104, 43.87435], [22.86344, 43.85541], [22.88876, 43.83952], [22.91956, 43.83422], [23.13185, 43.84795], [23.16192, 43.85732], [23.19696, 43.86275], [23.23448, 43.8773], [23.32515, 43.88659], [23.48469, 43.8806], [23.5927, 43.83743], [23.63611, 43.83216], [23.72075, 43.84583], [23.74287, 43.8427], [23.79992, 43.81846], [24.15938, 43.75294], [24.35823, 43.76002], [24.37549, 43.76387], [24.4312, 43.79418], [24.46634, 43.80242], [24.50014, 43.7995], [24.71411, 43.74287], [24.69009, 43.51722], [24.78916, 43.48722], [24.91262, 43.47073], [25.03878, 43.47941], [25.08317, 43.49241], [25.12773, 43.71644], [25.21131, 43.71188], [25.25234, 43.70465], [25.35962, 43.65429], [25.40313, 43.65005], [25.46742, 43.66775], [25.48876, 43.67054], [25.55656, 43.67036], [25.6165, 43.68775], [25.67138, 43.71736], [25.7396, 43.71894], [25.78114, 43.73201], [25.80626, 43.76366], [25.83933, 43.78844], [25.8693, 43.80089], [25.91643, 43.84438], [25.934, 43.87032], [26.05431, 43.93432], [26.06164, 43.94977], [26.07932, 43.96905], [26.11621, 43.99887], [26.15073, 44.0124], [26.23145, 44.0275], [26.31052, 44.05261], [26.61417, 44.08486], [26.67732, 44.09705], [26.70869, 44.10811], [26.7537, 44.10811], [26.78946, 44.11597], [26.88413, 44.15653], [27.00154, 44.16511], [27.02748, 44.17705], [27.10024, 44.14449], [27.20555, 44.12925], [27.22674, 44.12072], [27.25113, 44.12237], [27.26901, 44.1124], [27.26431, 44.08977], [27.28534, 44.07245], [27.34167, 44.05307], [27.35356, 44.04527], [27.37288, 44.02072], [27.38384, 44.01509], [27.57452, 44.01628], [27.63343, 44.02977], [27.65627, 44.02388], [27.67612, 43.99354], [27.7217, 43.94874], [27.78733, 43.96042], [27.85647, 43.98863], [27.91207, 43.99334], [28.10303, 44.19016], [28.14299, 44.20753], [28.20569, 44.2564], [28.24893, 44.30961], [28.27882, 44.36944], [28.29733, 44.43264], [28.30812, 44.49851], [28.33639, 44.75888], [28.33109, 44.83914], [28.30992, 44.89363], [28.27993, 44.93425], [28.20778, 44.99827], [28.18016, 45.04496], [28.17628, 45.07734], [28.18809, 45.15512], [28.19153, 45.25417], [28.20709, 45.28809], [28.22193, 45.2989], [28.25076, 45.30292], [28.33448, 45.2917], [28.35181, 45.29487], [28.3739, 45.30697], [28.40452, 45.34706], [28.45047, 45.44091], [28.46599, 45.45478], [28.48745, 45.46422], [28.51682, 45.46834], [28.55587, 45.46604], [28.65973, 45.4423], [28.78975, 45.32142], [28.81631, 45.32607], [28.83181, 45.3223], [28.85811, 45.30907], [28.88085, 45.30618], [28.91005, 45.28737], [28.92989, 45.2791], [28.95284, 45.28509], [28.95738, 45.29202], [28.96043, 45.31129], [28.96648, 45.31987], [28.97366, 45.3237], [29.00462, 45.32607], [29.01816, 45.33088], [29.06952, 45.3608], [29.1275, 45.37454], [29.15014, 45.38788], [29.17432, 45.38896], [29.19158, 45.40617], [29.22817, 45.42374], [29.28181, 45.42229], [29.29928, 45.42891], [29.32212, 45.44384], [29.35374, 45.43594], [29.43064, 45.43041], [29.5697, 45.39496], [29.65026, 45.34612], [29.66711, 45.31186], [29.67228, 45.27295], [29.65925, 45.24416], [29.61609, 45.22729], [29.65858, 45.21596], [29.62387, 45.2165], [29.62387, 45.21027], [29.667, 45.16421], [29.69953, 45.1618], [29.67652, 45.1446], [29.6644, 45.11693], [29.65625, 45.02896], [29.63754, 44.98371], [29.63091, 44.93886], [29.62387, 44.9291], [29.63037, 44.90766], [29.60515, 44.88003], [29.61783, 44.86148], [29.61116, 44.84932], [29.58351, 44.84028], [29.56178, 44.82027], [29.542, 44.82783], [29.51058, 44.82046], [29.31621, 44.79881], [29.19207, 44.79287], [29.1561, 44.78441], [29.05584, 44.73518], [29.02638, 44.71467], [29.00073, 44.68892], [28.99391, 44.69636], [28.99488, 44.71113], [28.97496, 44.74493], [29.09816, 44.77538], [29.12062, 44.78657], [29.13868, 44.80402], [29.1447, 44.82665], [29.13885, 44.83918], [29.09636, 44.87507], [29.10375, 44.84029], [29.0879, 44.84272], [29.06032, 44.83236], [29.04861, 44.84716], [29.0442, 44.86523], [29.04177, 44.92568], [29.0521, 44.94464], [29.09881, 44.95698], [29.11061, 44.97004], [29.10174, 44.98029], [29.05828, 45.00096], [28.98325, 45.01227], [28.97283, 45.01097], [28.96021, 44.98771], [28.91684, 44.97968], [28.8694, 44.94334], [28.86354, 44.92231], [28.87662, 44.90485], [28.86354, 44.89155], [28.86647, 44.88264], [28.88152, 44.8697], [28.90405, 44.86273], [28.95238, 44.82665], [28.93971, 44.81688], [28.92498, 44.81306], [28.93873, 44.806], [28.93872, 44.79878], [28.92628, 44.79296], [28.92547, 44.78368], [28.94611, 44.7652], [28.92414, 44.75785], [28.86883, 44.75357], [28.79835, 44.7202], [28.78712, 44.6933], [28.79371, 44.68789], [28.80834, 44.69633], [28.8042, 44.68424], [28.78541, 44.67967], [28.78403, 44.64924], [28.79249, 44.64472], [28.84555, 44.65156], [28.86948, 44.66181], [28.91196, 44.69636], [28.89774, 44.71677], [28.96745, 44.70098], [28.98341, 44.69261], [28.98755, 44.67528], [28.97933, 44.65535], [28.96228, 44.63957], [28.93902, 44.63433], [28.97267, 44.67023], [28.97535, 44.68684], [28.9524, 44.69636], [28.95777, 44.67878], [28.93873, 44.67525], [28.91822, 44.68268], [28.90454, 44.66841], [28.85417, 44.63436], [28.77418, 44.60077], [28.79469, 44.63426], [28.76694, 44.63373], [28.75782, 44.62678], [28.75367, 44.61376], [28.76677, 44.61375], [28.76059, 44.6037], [28.76442, 44.59589], [28.78781, 44.58649], [28.74806, 44.57779], [28.73268, 44.56786], [28.73268, 44.55231], [28.74692, 44.56598], [28.77416, 44.55231], [28.75343, 44.5135], [28.74562, 44.48615], [28.75025, 44.4667], [28.75847, 44.46528], [28.77198, 44.48371], [28.77835, 44.50739], [28.80836, 44.52505], [28.85565, 44.56768], [28.89243, 44.57705], [28.90626, 44.58771], [28.92494, 44.62046], [28.9095, 44.58397], [28.844, 44.49373], [28.79672, 44.46792], [28.70655, 44.38105], [28.69312, 44.34615], [28.68019, 44.35334], [28.6644, 44.34838], [28.65122, 44.34003], [28.6351, 44.31639], [28.63103, 44.26435], [28.66513, 44.19947], [28.66489, 44.1756], [28.67168, 44.16872], [28.65838, 44.17447], [28.64584, 44.17202], [28.63087, 44.15449], [28.67171, 43.99738], [28.66, 43.9798], [28.63769, 43.91865], [28.60939, 43.8745], [28.58448, 43.80085], [28.58919, 43.79133], [28.57618, 43.72753], [28.57309, 43.60615], [28.57553, 43.59333], [28.6027, 43.55272], [28.60351, 43.53815], [28.57857, 43.481], [28.5603, 43.45385], [28.47926, 43.3968], [28.47314, 43.36688], [28.45948, 43.38068], [28.41457, 43.39888], [28.39381, 43.41429], [28.32162, 43.42829], [28.24317, 43.40779], [28.15724, 43.40778], [28.11883, 43.39155], [28.09156, 43.36396], [28.0312, 43.24916], [28.01758, 43.23274], [28.00017, 43.22322], [27.90398, 43.20234], [27.90398, 43.1955], [27.94555, 43.16885], [27.91137, 43.06518], [27.88771, 43.04214], [27.88356, 43.03099], [27.90397, 42.94229], [27.89845, 42.87466], [27.90397, 42.85969], [27.88396, 42.84838], [27.88356, 42.83194], [27.89714, 42.784], [27.89225, 42.71053], [27.84108, 42.70833], [27.78736, 42.71516], [27.73268, 42.7145], [27.719, 42.69457], [27.71697, 42.67451], [27.73947, 42.66108], [27.64674, 42.64057], [27.62843, 42.62897], [27.63038, 42.60273], [27.65013, 42.55807], [27.63404, 42.56371], [27.54086, 42.5655], [27.51149, 42.55305], [27.48015, 42.48291], [27.46225, 42.48957], [27.45289, 42.48013], [27.45338, 42.46524], [27.46567, 42.45563], [27.46111, 42.44355], [27.46567, 42.42829], [27.47267, 42.46185], [27.50392, 42.43732], [27.51417, 42.43513], [27.54444, 42.46001], [27.56202, 42.44819], [27.57106, 42.45847], [27.59555, 42.44819], [27.62941, 42.45864], [27.64331, 42.45563], [27.63648, 42.44819], [27.65219, 42.41852], [27.66774, 42.41608], [27.69165, 42.42827], [27.69907, 42.41389], [27.71899, 42.41469], [27.71899, 42.40722], [27.69801, 42.40038], [27.70541, 42.39061], [27.71898, 42.3867], [27.70948, 42.37678], [27.70834, 42.3631], [27.72584, 42.33894], [27.74041, 42.3343], [27.78043, 42.33892], [27.77443, 42.32172], [27.78783, 42.31098], [27.76295, 42.2956], [27.75115, 42.27705], [27.75587, 42.25849], [27.78043, 42.24335], [27.77369, 42.23591], [27.80973, 42.2184], [27.83139, 42.19501], [27.85619, 42.1813], [27.84938, 42.16706], [27.87925, 42.15409], [27.90398, 42.11982], [27.95776, 42.0943], [27.97267, 42.07538], [27.98657, 42.07208], [27.98243, 42.0611], [27.98732, 42.05174], [28.00699, 42.0379], [28.00755, 42.03288], [28.00017, 42.03046], [28.01904, 42.00845], [28.02034, 41.99458], [28.01385, 41.98265], [28.03094, 41.91376], [28.04243, 41.90467], [28.04499, 41.89043], [28.03582, 41.8859], [28.00701, 41.8933], [27.99057, 41.89277], [27.97755, 41.88736], [27.96909, 41.87376], [27.96608, 41.84894], [27.97202, 41.82225], [28.02124, 41.77041], [28.04021, 41.72541], [28.07845, 41.69196], [28.08838, 41.6769], [28.08708, 41.66707], [28.07667, 41.66682], [28.07594, 41.66055], [28.09718, 41.62669], [28.11329, 41.61156], [28.14185, 41.59894], [28.17775, 41.55817], [28.23276, 41.51899], [28.38429, 41.44745], [28.60094, 41.37747], [28.90846, 41.26655], [29.00715, 41.24973], [29.02426, 41.24283], [29.04518, 41.2564], [29.06838, 41.25377], [29.09392, 41.2464], [29.10921, 41.23529], [29.08676, 41.19188], [29.06935, 41.17471], [29.04078, 41.16429], [29.07065, 41.13019], [29.04217, 41.06635], [29.0315, 41.05386], [29.00554, 41.0445], [28.98951, 41.03107], [28.99235, 41.00821], [28.98649, 41.00264], [28.96047, 41.00301], [28.94614, 41.00947], [28.92839, 40.99581], [28.89926, 40.98429], [28.84995, 40.97529], [28.83374, 40.96395], [28.82203, 40.96163], [28.78599, 40.96565], [28.77019, 40.97932], [28.62526, 40.96842], [28.59524, 40.97798], [28.60353, 41.00947], [28.59181, 41.01887], [28.57553, 41.02367], [28.58253, 41.04637], [28.57244, 41.06647], [28.55193, 41.08051], [28.52784, 41.08515], [28.53289, 41.07062], [28.55454, 41.05366], [28.56251, 41.03677], [28.5602, 41.01204], [28.55355, 40.99836], [28.54135, 40.98958], [28.51247, 40.99267], [28.4607, 41.03286], [28.43531, 41.04291], [28.4022, 41.04732], [28.33277, 41.06656], [28.26401, 41.07088], [28.23666, 41.08515], [28.18165, 41.07772], [28.16529, 41.08515], [28.01303, 41.04072], [27.98658, 41.02367], [27.96437, 40.99628], [27.95922, 40.97529], [27.94125, 40.97111], [27.86069, 40.97847], [27.81528, 41.00263], [27.77613, 41.01097], [27.75697, 41.01181], [27.7378, 41.01264], [27.52418, 40.9892], [27.49318, 40.97529], [27.47169, 40.94184], [27.44653, 40.86172], [27.4248, 40.83129], [27.33082, 40.76097], [27.28792, 40.70357], [27.19825, 40.65314], [27.17774, 40.63265], [27.14283, 40.62739], [27.11524, 40.61373], [27.04754, 40.61221], [26.98975, 40.5638], [26.91163, 40.55073], [26.82105, 40.50313], [26.75945, 40.49616], [26.70833, 40.46574], [26.68336, 40.45547], [26.67432, 40.42569], [26.66382, 40.41357], [26.63152, 40.40005], [26.62485, 40.39248], [26.61669, 40.35953], [26.60133, 40.34596], [26.53995, 40.30382], [26.51043, 40.29816], [26.49724, 40.28994], [26.42682, 40.23048], [26.38019, 40.21143], [26.35914, 40.20816], [26.34555, 40.19977], [26.34881, 40.18134], [26.36134, 40.16258], [26.3758, 40.15351], [26.32771, 40.11857], [26.27312, 40.0926], [26.23092, 40.06502], [26.17758, 40.05074], [26.16701, 40.04988], [26.1575, 40.05533], [26.16002, 40.0672], [26.17363, 40.08442], [26.1902, 40.09422], [26.21471, 40.14606], [26.25978, 40.19449], [26.27198, 40.23041], [26.26694, 40.25776], [26.24789, 40.27912], [26.21813, 40.29686], [26.23178, 40.31013], [26.20999, 40.32193], [26.2191, 40.33144], [26.25126, 40.34983], [26.21803, 40.36764], [26.18711, 40.39042], [26.16847, 40.41393], [26.16744, 40.42488], [26.17537, 40.43989], [26.20562, 40.46514], [26.2698, 40.49726], [26.3528, 40.52679], [26.38958, 40.53366], [26.4213, 40.53302], [26.4326, 40.52854], [26.4426, 40.51951], [26.45825, 40.49112], [26.46659, 40.44941], [26.49171, 40.45653], [26.53625, 40.48567], [26.56483, 40.49959], [26.59898, 40.51101], [26.59619, 40.50808], [26.6229, 40.51532], [26.66977, 40.51081], [26.68377, 40.51533], [26.73276, 40.56377], [26.7562, 40.55484], [26.78826, 40.56293], [26.81666, 40.58096], [26.82895, 40.602], [26.79038, 40.66059], [26.7142, 40.65131], [26.6775, 40.63948], [26.60922, 40.63947], [26.58204, 40.633], [26.50563, 40.59859], [26.46776, 40.6148], [26.44467, 40.61904], [26.39975, 40.60416], [26.37306, 40.61445], [26.3023, 40.60114], [26.11761, 40.602], [26.09132, 40.60542], [26.07692, 40.61181], [26.05374, 40.66059], [26.06088, 40.67585], [26.05812, 40.6977], [26.04811, 40.71963], [26.03324, 40.73505], [26.04689, 40.7425], [26.036, 40.75776], [26.02735, 40.79613], [26.00589, 40.80395], [26.00587, 40.81078], [26.05372, 40.81623], [26.06056, 40.82075], [26.05397, 40.83096], [26.03891, 40.83251], [26.01222, 40.82445], [26.00587, 40.83877], [25.99838, 40.83877], [26.00587, 40.81704], [25.99842, 40.81704], [25.98292, 40.83088], [25.95167, 40.84553], [25.91863, 40.85297], [25.89666, 40.84493], [25.8257, 40.84969], [25.80323, 40.85651], [25.73219, 40.85176], [25.6045, 40.87617], [25.56685, 40.86548], [25.53778, 40.87044], [25.50862, 40.88504], [25.52978, 40.91759], [25.58575, 40.97791], [25.62026, 41.00496], [25.72825, 41.06908], [25.83454, 41.11569], [25.92116, 41.1402], [26.01289, 41.15154], [26.0717, 41.1513], [26.31734, 41.13046], [25.96812, 41.3181], [25.94858, 41.31396], [25.92119, 41.31603], [25.89628, 41.30627], [25.88202, 41.30404], [25.86269, 41.31009], [25.83334, 41.33464], [25.81101, 41.34104], [25.76347, 41.31903], [25.72874, 41.31707], [25.71748, 41.31412], [25.69123, 41.29841], [25.67996, 41.29717], [25.63976, 41.31107], [25.55149, 41.31567], [25.53795, 41.31221], [25.52369, 41.29169], [25.51491, 41.28348], [25.50509, 41.28058], [25.4791, 41.28379], [25.45346, 41.28043], [25.28572, 41.2394], [25.24829, 41.23979], [25.2143, 41.00858], [25.2533, 40.97228], [25.2657, 40.94879], [25.27017, 40.92148], [25.26946, 40.89948], [25.26176, 40.8567], [25.25483, 40.84114], [25.23701, 40.81514], [25.21563, 40.80652], [25.18964, 40.80157], [25.12778, 40.79916], [25.06663, 40.80613], [25.04154, 40.81295], [25.02292, 40.82186], [25.01178, 40.83422], [25.00333, 40.85635], [24.99878, 40.88653], [24.99799, 40.94908], [24.98975, 40.94214], [24.95387, 40.94115], [24.8921, 40.92064], [24.86354, 40.90522], [24.83398, 40.87475], [24.80201, 40.85347], [24.7658, 40.86542], [24.72836, 40.85274], [24.70875, 40.85176], [24.69013, 40.85859], [24.69752, 40.86542], [24.66277, 40.87971], [24.63542, 40.8586], [24.62868, 40.8586], [24.59622, 40.90119], [24.60076, 40.9138], [24.57554, 40.92671], [24.56666, 40.95173], [24.50514, 40.96162], [24.47291, 40.95173], [24.46412, 40.94116], [24.44313, 40.94806], [24.41554, 40.94554], [24.39178, 40.93647], [24.37223, 40.91414], [24.31267, 40.87971], [24.33222, 40.86304], [24.33134, 40.85527], [24.30982, 40.85053], [24.30568, 40.84174], [24.31528, 40.83222], [24.34064, 40.83128], [24.11011, 40.72786], [24.07281, 40.72143], [24.03004, 40.72335], [23.98667, 40.7321], [23.87403, 40.77766], [23.84205, 40.78335], [23.80925, 40.78042], [23.75408, 40.76301], [23.7107, 40.73762], [23.69703, 40.72142], [23.69174, 40.69538], [23.70021, 40.67365], [23.71803, 40.65868], [23.75562, 40.64565], [23.78649, 40.60637], [23.79265, 40.58796], [23.83351, 40.56379], [23.84669, 40.56029], [23.88884, 40.56378], [23.89527, 40.55305], [23.91487, 40.53888], [23.91552, 40.52961], [23.90723, 40.52539], [23.83823, 40.51874], [23.82301, 40.50698], [23.81902, 40.48774], [23.82667, 40.46137], [23.86818, 40.41352], [23.91554, 40.38935], [23.96388, 40.37946], [24.00245, 40.38638], [24.01173, 40.39248], [24.01157, 40.40184], [23.99124, 40.43407], [23.99871, 40.44086], [23.99125, 40.44769], [24.0114, 40.44915], [24.0288, 40.43207], [24.05323, 40.39248], [24.08578, 40.36603], [24.1089, 40.35741], [24.12843, 40.36517], [24.17985, 40.3515], [24.20395, 40.31737], [24.23361, 40.31671], [24.26651, 40.2888], [24.32065, 40.22797], [24.3833, 40.17914], [24.39372, 40.15271], [24.36109, 40.1324], [24.31861, 40.12471], [24.29999, 40.12809], [24.28614, 40.16055], [24.2383, 40.187], [24.16896, 40.2753], [24.12843, 40.29003], [24.04787, 40.30119], [24.01922, 40.3105], [23.93653, 40.36518], [23.92262, 40.36933], [23.88502, 40.36519], [23.83351, 40.37202], [23.78223, 40.3527], [23.75961, 40.3492], [23.73048, 40.35895], [23.69972, 40.32636], [23.69361, 40.30923], [23.69565, 40.29291], [23.71632, 40.25532], [23.75765, 40.23167], [23.76433, 40.2154], [23.77857, 40.2027], [23.86769, 40.17276], [23.88022, 40.17632], [23.89673, 40.17132], [23.94068, 40.14155], [23.98023, 40.13067], [23.99121, 40.11872], [23.98999, 40.11002], [23.97739, 40.10049], [23.97755, 40.09081], [24.00114, 40.07493], [24.00488, 40.06721], [24.00169, 40.05878], [23.98422, 40.05362], [23.98683, 40.04218], [23.99342, 40.03754], [24.01171, 40.04364], [24.01222, 40.02656], [24.0192, 40.0163], [23.99252, 39.99885], [23.98805, 39.98998], [23.9987, 39.98159], [23.9987, 39.97477], [23.97934, 39.97431], [23.9699, 39.96808], [23.97283, 39.96186], [23.9912, 39.96109], [23.99121, 39.95361], [23.93995, 39.95247], [23.9197, 39.95637], [23.92286, 39.97476], [23.90066, 39.97119], [23.89765, 39.97793], [23.90252, 39.98843], [23.86086, 40.00581], [23.85621, 40.01675], [23.8449, 40.02412], [23.83123, 40.02652], [23.82407, 40.02192], [23.82664, 40.00892], [23.78526, 40.06699], [23.7933, 40.09382], [23.77834, 40.10164], [23.7645, 40.12617], [23.67547, 40.21792], [23.64177, 40.23542], [23.5403, 40.24479], [23.48414, 40.2696], [23.43849, 40.2792], [23.39828, 40.27774], [23.365, 40.26171], [23.3401, 40.22797], [23.33766, 40.20844], [23.36362, 40.15046], [23.40082, 40.14383], [23.46925, 40.06708], [23.49887, 40.0423], [23.60271, 39.99848], [23.67025, 39.98606], [23.67595, 39.96109], [23.69728, 39.9405], [23.74787, 39.93048], [23.73998, 39.92318], [23.70314, 39.91268], [23.61647, 39.92333], [23.47096, 39.97163], [23.44654, 39.97476], [23.36063, 39.9611], [23.3816, 40.00267], [23.36069, 40.03263], [23.35271, 40.05707], [23.31659, 40.08886], [23.30593, 40.10448], [23.31959, 40.13679], [23.32456, 40.17495], [23.31861, 40.21052], [23.29908, 40.23542], [23.25864, 40.25312], [23.19956, 40.26627], [23.16619, 40.27985], [23.14894, 40.27645], [23.09693, 40.3061], [23.02916, 40.32576], [23.01092, 40.35122], [22.96388, 40.37946], [22.9275, 40.3885], [22.88822, 40.38631], [22.89772, 40.40204], [22.88966, 40.41836], [22.86022, 40.4477], [22.86744, 40.44945], [22.8672, 40.45392], [22.83092, 40.48579], [22.82164, 40.50214], [22.84352, 40.50917], [22.94158, 40.51716], [22.98316, 40.55268], [22.9769, 40.57062], [22.94176, 40.58735], [22.94956, 40.60541], [22.93377, 40.63093], [22.91049, 40.6446], [22.88307, 40.64728], [22.85402, 40.63947], [22.86108, 40.62055], [22.85058, 40.59342], [22.81592, 40.57063], [22.79567, 40.5708], [22.77833, 40.57807], [22.75856, 40.56778], [22.74594, 40.55524], [22.74252, 40.54035], [22.75032, 40.52278], [22.73666, 40.52961], [22.73665, 40.51534], [22.73048, 40.51534], [22.73048, 40.52277], [22.72315, 40.52277], [22.719, 40.51098], [22.71095, 40.51163], [22.68898, 40.52278], [22.68849, 40.52749], [22.67351, 40.52684], [22.65772, 40.51667], [22.65626, 40.50454], [22.67527, 40.49617], [22.65968, 40.49291], [22.65072, 40.47282], [22.6268, 40.48188], [22.60288, 40.48127], [22.57911, 40.46821], [22.60376, 40.44399], [22.60872, 40.42817], [22.60646, 40.41356], [22.63998, 40.38369], [22.65836, 40.37945], [22.66113, 40.36905], [22.62062, 40.31049], [22.59034, 40.24164], [22.59082, 40.23017], [22.5525, 40.16657], [22.54965, 40.14387], [22.56771, 40.1105], [22.57287, 40.08794], [22.5713, 40.05427], [22.58765, 40.0449], [22.60027, 40.0163], [22.66717, 39.97435], [22.69092, 39.96816], [22.69858, 39.96088], [22.70785, 39.96136], [22.71013, 39.93378], [22.73048, 39.8854], [22.77866, 39.84984], [22.80132, 39.84016], [22.84051, 39.8032], [22.85874, 39.77298], [22.87176, 39.71581], [22.90194, 39.65864], [22.92514, 39.59951], [22.93946, 39.58063], [23.00489, 39.5434], [23.05591, 39.52724], [23.09763, 39.50157], [23.11411, 39.46699], [23.12566, 39.45441], [23.21094, 39.37933], [23.22381, 39.35859], [23.27132, 39.32294], [23.29225, 39.26899], [23.34228, 39.19261], [23.34375, 39.17964], [23.30127, 39.15136], [23.20973, 39.13182], [23.23021, 39.12442], [23.23022, 39.11816], [23.20362, 39.10457], [23.1692, 39.10659], [23.14625, 39.10175], [23.11549, 39.0883], [23.05203, 39.09773], [23.07309, 39.12442], [23.06773, 39.138], [23.08107, 39.14719], [23.11409, 39.15911], [23.1006, 39.10456], [23.17172, 39.13496], [23.18238, 39.14614], [23.17557, 39.15546], [23.18133, 39.15867], [23.19093, 39.1581], [23.19923, 39.15144], [23.21713, 39.17963], [23.17556, 39.23428], [23.17986, 39.2508], [23.16912, 39.26854], [23.13461, 39.29694], [23.09816, 39.3122], [23.02053, 39.31754], [23.01856, 39.33047], [22.99806, 39.35712], [22.93588, 39.36058], [22.94287, 39.34415], [22.93279, 39.33601], [22.92905, 39.3242], [22.93214, 39.3122], [22.94286, 39.30317], [22.84254, 39.28848], [22.82618, 39.27216], [22.82618, 39.22126], [22.85402, 39.15913], [22.8602, 39.15913], [22.88087, 39.17963], [22.87698, 39.19037], [22.89013, 39.18426], [22.89503, 39.1728], [22.90186, 39.17962], [22.92058, 39.12515], [22.93605, 39.1114], [22.93588, 39.11612], [22.94288, 39.11815], [22.93605, 39.13181], [22.9611, 39.11904], [22.98243, 39.08442], [22.99804, 39.06977], [22.99195, 39.05732], [22.99804, 39.04927], [22.96648, 39.03465], [22.95883, 39.02513], [22.96388, 39.00898], [23.01532, 39.03318], [23.04219, 39.04003], [23.07308, 39.04246], [23.07308, 39.03629], [23.02328, 39.00845], [23.00716, 38.97395], [22.98454, 38.95434], [22.95639, 38.95433], [22.93605, 38.94684], [22.94286, 38.93261], [22.92856, 38.93159], [22.89873, 38.91969], [22.85987, 38.92853], [22.84653, 38.92642], [22.83667, 38.89648], [22.82959, 38.89168], [22.8047, 38.89102], [22.79199, 38.87801], [22.73268, 38.87239], [22.71827, 38.8898], [22.68897, 38.87801], [22.62159, 38.9145], [22.58082, 38.89363], [22.55209, 38.88923], [22.53882, 38.87801], [22.52508, 38.88544], [22.52508, 38.85814], [22.57291, 38.86431], [22.57291, 38.85815], [22.55388, 38.84809], [22.56332, 38.83625], [22.58277, 38.83198], [22.59344, 38.84446], [22.60025, 38.84446], [22.59344, 38.83023], [22.63266, 38.83514], [22.64112, 38.83023], [22.69028, 38.84999], [22.70264, 38.85064], [22.74806, 38.79922], [22.77833, 38.78172], [22.81593, 38.78924], [22.82927, 38.78607], [22.8597, 38.76717], [22.8672, 38.75507], [22.88782, 38.77125], [22.91488, 38.77557], [22.94532, 38.75812], [23.01628, 38.75445], [23.04199, 38.74672], [23.0594, 38.72772], [23.0905, 38.64912], [23.1045, 38.63841], [23.12355, 38.63691], [23.15643, 38.65346], [23.18246, 38.65375], [23.19606, 38.66633], [23.16817, 38.67939], [23.18678, 38.68597], [23.20492, 38.68267], [23.25375, 38.66181], [23.30591, 38.65264], [23.33121, 38.63027], [23.33331, 38.60446], [23.29331, 38.57909], [23.28541, 38.55646], [23.29542, 38.5681], [23.30738, 38.56854], [23.34059, 38.54556], [23.38159, 38.53534], [23.38133, 38.52847], [23.3401, 38.52237], [23.32927, 38.50837], [23.33497, 38.50361], [23.41847, 38.50433], [23.51938, 38.49067], [23.54298, 38.51169], [23.56699, 38.50123], [23.60133, 38.47394], [23.5735, 38.46088], [23.5735, 38.45344], [23.5962, 38.44676], [23.60009, 38.44062], [23.594, 38.42609], [23.62501, 38.41401], [23.67286, 38.35643], [23.70997, 38.33674], [23.78199, 38.34356], [23.80502, 38.33251], [23.88133, 38.30817], [23.95101, 38.29091], [23.99122, 38.25422], [24.03858, 38.22394], [24.05063, 38.21068], [24.06901, 38.20473], [24.07308, 38.19648], [24.06951, 38.17353], [24.08055, 38.16601], [24.07, 38.16279], [24.06414, 38.1551], [24.05941, 38.13133], [24.05323, 38.14525], [24.03777, 38.14374], [23.98902, 38.12263], [23.99, 38.10212], [24.00913, 38.0406], [24.03271, 38.00776], [24.01173, 37.96686], [24.01587, 37.93745], [24.01173, 37.92524], [24.03443, 37.92291], [24.04329, 37.91644], [24.04638, 37.90599], [24.04224, 37.90071], [24.01173, 37.89175], [24.02784, 37.88032], [24.05322, 37.87807], [24.0464, 37.87059], [24.06689, 37.8644], [24.05934, 37.84854], [24.06689, 37.83711], [24.05763, 37.83218], [24.05323, 37.82282], [24.07717, 37.8109], [24.08464, 37.80174], [24.0874, 37.78522], [24.08612, 37.76356], [24.08187, 37.75251], [24.05942, 37.73347], [24.07308, 37.72723], [24.07308, 37.7198], [24.05942, 37.71979], [24.05942, 37.71357], [24.06577, 37.7128], [24.06689, 37.69933], [24.06398, 37.70502], [24.05942, 37.69929], [24.0721, 37.68952], [24.06387, 37.67864], [24.03272, 37.65153], [23.98308, 37.67031], [23.94973, 37.67744], [23.94306, 37.68993], [23.94337, 37.72724], [23.92271, 37.72119], [23.90252, 37.78189], [23.88885, 37.77442], [23.8816, 37.79108], [23.86557, 37.80768], [23.8475, 37.8181], [23.83351, 37.816], [23.81918, 37.82966], [23.813, 37.82966], [23.80729, 37.80859], [23.78663, 37.81216], [23.77899, 37.80234], [23.77662, 37.81428], [23.76452, 37.816], [23.77084, 37.82832], [23.76645, 37.83893], [23.74482, 37.85762], [23.7422, 37.87665], [23.70054, 37.9252], [23.69703, 37.93952], [23.68019, 37.94587], [23.62812, 37.9327], [23.62812, 37.93953], [23.6408, 37.94579], [23.64178, 37.95254], [23.62664, 37.9475], [23.61036, 37.96214], [23.5608, 37.9728], [23.55299, 37.98046], [23.58888, 38.00633], [23.59791, 38.02114], [23.59059, 38.0388], [23.57619, 38.04597], [23.55982, 38.04256], [23.52182, 38.04255], [23.49464, 38.02889], [23.47088, 38.02778], [23.44996, 38.02143], [23.41188, 37.99437], [23.39527, 37.98794], [23.42945, 37.98046], [23.40894, 37.97432], [23.32984, 37.98046], [23.22682, 37.97362], [23.18922, 37.95881], [23.14234, 37.93009], [23.09409, 37.91105], [23.05201, 37.92524], [23.04273, 37.92195], [23.01515, 37.92524], [23.01025, 37.89697], [22.99513, 37.88215], [22.99952, 37.8627], [23.01254, 37.84756], [23.03224, 37.85076], [23.04965, 37.84357], [23.0735, 37.84113], [23.09718, 37.84357], [23.1141, 37.85076], [23.14625, 37.82583], [23.18237, 37.80914], [23.17644, 37.78998], [23.18237, 37.77441], [23.12818, 37.76048], [23.12094, 37.74091], [23.14584, 37.72582], [23.17553, 37.71978], [23.16383, 37.68159], [23.17553, 37.64469], [23.16188, 37.64468], [23.16863, 37.61416], [23.19011, 37.60732], [23.23024, 37.58259], [23.23764, 37.59002], [23.27467, 37.56123], [23.29224, 37.55588], [23.32301, 37.53742], [23.33668, 37.53547], [23.36036, 37.54768], [23.35914, 37.57429], [23.34059, 37.60029], [23.3122, 37.61055], [23.3122, 37.61737], [23.34783, 37.63441], [23.39869, 37.63787], [23.40902, 37.62592], [23.40429, 37.59927], [23.39078, 37.57136], [23.37428, 37.55589], [23.39503, 37.54141], [23.42204, 37.53546], [23.42205, 37.52802], [23.39527, 37.5218], [23.39527, 37.51496], [23.43629, 37.50812], [23.47917, 37.49066], [23.52563, 37.4597], [23.51889, 37.45303], [23.52563, 37.4392], [23.44654, 37.41463], [23.30592, 37.41193], [23.31217, 37.39827], [23.26271, 37.40103], [23.2644, 37.39082], [23.23024, 37.38459], [23.22999, 37.37495], [23.23707, 37.37031], [23.25755, 37.3709], [23.25131, 37.35733], [23.27797, 37.34984], [23.26207, 37.34395], [23.18605, 37.34064], [23.1854, 37.33218], [23.20361, 37.30269], [23.16863, 37.29952], [23.14146, 37.30952], [23.14145, 37.31635], [23.16188, 37.31635], [23.16188, 37.32315], [23.12339, 37.32478], [23.11413, 37.33616], [23.13461, 37.32933], [23.12241, 37.34569], [23.1006, 37.35733], [23.09278, 37.35079], [23.0731, 37.35522], [23.07261, 37.40109], [23.09498, 37.38955], [23.10524, 37.39692], [23.11412, 37.42559], [23.14145, 37.41193], [23.13201, 37.44864], [23.09718, 37.46223], [23.06202, 37.45499], [23.04594, 37.45971], [23.05942, 37.46654], [23.04591, 37.48701], [23.01124, 37.46906], [23.0049, 37.45973], [22.9909, 37.49575], [22.98072, 37.50878], [22.96388, 37.5218], [22.94289, 37.52181], [22.93605, 37.53547], [22.92156, 37.54035], [22.90187, 37.54165], [22.91432, 37.5388], [22.92237, 37.52804], [22.90235, 37.53486], [22.88502, 37.53315], [22.85402, 37.51497], [22.81936, 37.53547], [22.82618, 37.54906], [22.80202, 37.56086], [22.79592, 37.56916], [22.79884, 37.5764], [22.77833, 37.59687], [22.73846, 37.58088], [22.72641, 37.56635], [22.72316, 37.54165], [22.73665, 37.51838], [22.73048, 37.49445], [22.75033, 37.46654], [22.75034, 37.44261], [22.76481, 37.43178], [22.75799, 37.39826], [22.81933, 37.34369], [22.81251, 37.32933], [22.82618, 37.32911], [22.81935, 37.31635], [22.82998, 37.3081], [22.86085, 37.25568], [22.9067, 37.19368], [22.91162, 37.18342], [22.9004, 37.17292], [22.89503, 37.13386], [22.90317, 37.12128], [22.92205, 37.11799], [22.95638, 37.12395], [22.96386, 37.1103], [22.9568, 37.10676], [22.96386, 37.10342], [22.95639, 37.09593], [22.97347, 37.09096], [22.98169, 37.08271], [22.97916, 37.07783], [22.96388, 37.08295], [22.99983, 37.03327], [22.99806, 37.02147], [23.01171, 36.98677], [22.99073, 36.98676], [23.00489, 36.96686], [23.01172, 36.97308], [23.01635, 36.95527], [23.01173, 36.93891], [23.04899, 36.8769], [23.04591, 36.86909], [23.09326, 36.81826], [23.09181, 36.79833], [23.08058, 36.79499], [23.08058, 36.78876], [23.11409, 36.78131], [23.09441, 36.76081], [23.0944, 36.74372], [23.08863, 36.73291], [23.07586, 36.73385], [23.05201, 36.74714], [23.03094, 36.72557], [23.02564, 36.71564], [23.03906, 36.7062], [23.03224, 36.69257], [23.05939, 36.69256], [23.03443, 36.67487], [23.03566, 36.64908], [23.08058, 36.57929], [23.1346, 36.55536], [23.14536, 36.54194], [23.15501, 36.54108], [23.14145, 36.53425], [23.14819, 36.51716], [23.13461, 36.50755], [23.15121, 36.51509], [23.15973, 36.51689], [23.16521, 36.51458], [23.18923, 36.4765], [23.19468, 36.4615], [23.20361, 36.45612], [23.20034, 36.44592], [23.21812, 36.39697], [23.2262, 36.34418], [23.22493, 36.32176], [23.20913, 36.29136], [23.19462, 36.27421], [23.15828, 36.24135], [23.12007, 36.21724], [23.10324, 36.21094], [23.09004, 36.21007], [23.0605, 36.21855], [23.04601, 36.22647], [23.02225, 36.2462], [23.01155, 36.26658], [23.0121, 36.28674], [23.02615, 36.33868], [23.07885, 36.46465], [23.06627, 36.47346], [23.07211, 36.49311], [23.06512, 36.5091], [23.05104, 36.52245], [23.03566, 36.52802], [22.97242, 36.52021], [22.92921, 36.59634], [22.87471, 36.63052], [22.88893, 36.64248], [22.88429, 36.65424], [22.83717, 36.68651], [22.81935, 36.66525], [22.81496, 36.67056], [22.81715, 36.71796], [22.80079, 36.77578], [22.78688, 36.79344], [22.76515, 36.80419], [22.68556, 36.80948], [22.62257, 36.80345], [22.5774, 36.78303], [22.5791, 36.74039], [22.54615, 36.72142], [22.53346, 36.70722], [22.52508, 36.68513], [22.54029, 36.6852], [22.5498, 36.67828], [22.55249, 36.65096], [22.54568, 36.65096], [22.53386, 36.67056], [22.52508, 36.67145], [22.51678, 36.66616], [22.51002, 36.64802], [22.531, 36.6328], [22.52604, 36.61238], [22.51271, 36.60279], [22.50465, 36.62425], [22.49, 36.61701], [22.48406, 36.60663], [22.48658, 36.52509], [22.51147, 36.46662], [22.50734, 36.46109], [22.51147, 36.45234], [22.4983, 36.44526], [22.49391, 36.43476], [22.50464, 36.40454], [22.49545, 36.40534], [22.49097, 36.39096], [22.47976, 36.40205], [22.4699, 36.45234], [22.45533, 36.46223], [22.42043, 36.47355], [22.40838, 36.48713], [22.40162, 36.48713], [22.39136, 36.47851], [22.38136, 36.48046], [22.35452, 36.51191], [22.36745, 36.54791], [22.38356, 36.54418], [22.38819, 36.55606], [22.38404, 36.5725], [22.37373, 36.58271], [22.38795, 36.60252], [22.36746, 36.60254], [22.37136, 36.64272], [22.38795, 36.64411], [22.38795, 36.65095], [22.36843, 36.65649], [22.37063, 36.67357], [22.38795, 36.7062], [22.35843, 36.70228], [22.33938, 36.72647], [22.32374, 36.75788], [22.30544, 36.7751], [22.30698, 36.79458], [22.29168, 36.82014], [22.22153, 36.89753], [22.20021, 36.9064], [22.17506, 36.89119], [22.13788, 36.91715], [22.13349, 36.93211], [22.14064, 36.93716], [22.14772, 36.95604], [22.15317, 37.02119], [22.08562, 37.03339], [22.04811, 37.03514], [22.03004, 37.03095], [21.99219, 37.01212], [21.9546, 37.00365], [21.94313, 36.99331], [21.93735, 36.97997], [21.92172, 36.86323], [21.93489, 36.83422], [21.92856, 36.82225], [21.95623, 36.80345], [21.97021, 36.80173], [21.97021, 36.795], [21.94508, 36.78994], [21.93881, 36.78319], [21.94222, 36.77509], [21.93587, 36.76603], [21.88257, 36.72656], [21.87404, 36.72672], [21.82276, 36.80858], [21.78972, 36.80476], [21.76417, 36.795], [21.75229, 36.805], [21.72879, 36.81264], [21.7225, 36.82225], [21.70738, 36.81803], [21.6885, 36.84956], [21.69239, 36.85904], [21.6885, 36.89118], [21.70948, 36.92593], [21.70997, 36.94269], [21.70265, 36.95726], [21.68816, 36.96454], [21.66804, 36.95944], [21.67742, 36.96328], [21.68165, 36.97309], [21.66773, 36.97093], [21.6618, 36.95944], [21.6548, 36.9947], [21.5993, 37.04573], [21.57876, 37.07652], [21.56966, 37.11651], [21.56757, 37.15632], [21.57453, 37.19258], [21.59215, 37.22015], [21.65496, 37.26073], [21.6823, 37.28392], [21.69581, 37.31635], [21.69142, 37.35663], [21.67482, 37.39598], [21.60711, 37.4995], [21.54998, 37.56147], [21.44305, 37.61861], [21.40219, 37.65542], [21.34327, 37.66934], [21.32374, 37.66494], [21.31852, 37.6379], [21.31228, 37.6379], [21.30828, 37.66625], [21.29869, 37.6726], [21.31105, 37.6931], [21.31186, 37.7263], [21.29526, 37.77167], [21.28492, 37.7851], [21.22731, 37.81192], [21.12235, 37.83732], [21.11306, 37.84334], [21.10761, 37.85546], [21.11158, 37.87043], [21.10623, 37.87808], [21.13357, 37.94635], [21.14039, 37.94635], [21.1644, 37.92963], [21.20777, 37.94603], [21.25164, 37.97622], [21.27752, 38.00095], [21.29152, 37.99722], [21.32594, 38.02143], [21.32594, 38.02888], [21.31853, 38.0351], [21.28442, 38.01535], [21.36704, 38.12108], [21.37371, 38.14448], [21.37429, 38.22062], [21.40854, 38.18594], [21.40092, 38.21473], [21.42066, 38.20234], [21.47396, 38.19602], [21.52394, 38.166], [21.60304, 38.1518], [21.6321, 38.15941], [21.68388, 38.18841], [21.70135, 38.20527], [21.74137, 38.26943], [21.76418, 38.29579], [21.84946, 38.34128], [21.91554, 38.33051], [21.93702, 38.33063], [21.9559, 38.33672], [21.97804, 38.32355], [22.02035, 38.31321], [22.03785, 38.28213], [22.04884, 38.27481], [22.08937, 38.26166], [22.11361, 38.2678], [22.14331, 38.24908], [22.16139, 38.2132], [22.20606, 38.20017], [22.21852, 38.18818], [22.25792, 38.18587], [22.31284, 38.17227], [22.33123, 38.17889], [22.36346, 38.15827], [22.41481, 38.13789], [22.43279, 38.14325], [22.51148, 38.12929], [22.62062, 38.08348], [22.68042, 38.06659], [22.77811, 38.00112], [22.7964, 37.97679], [22.82129, 37.96917], [22.8672, 37.93952], [22.88266, 37.93757], [22.92238, 37.94635], [22.9463, 37.94623], [22.97535, 37.97899], [22.95094, 38.00243], [22.92384, 38.01179], [22.89918, 38.02778], [22.88088, 38.02889], [22.88746, 38.03364], [22.85405, 38.03511], [22.87521, 38.04911], [22.91163, 38.06013], [22.94289, 38.08347], [22.96973, 38.08196], [23.01905, 38.06525], [23.03907, 38.06988], [23.06861, 38.05891], [23.10092, 38.0624], [23.17286, 38.0795], [23.18972, 38.09438], [23.21664, 38.10334], [23.2103, 38.11538], [23.19418, 38.12694], [23.17556, 38.1313], [23.17556, 38.14496], [23.2234, 38.1518], [23.2234, 38.15925], [23.12845, 38.17227], [23.14894, 38.18594], [23.12273, 38.20807], [23.10963, 38.21011], [23.07748, 38.18579], [23.06638, 38.1832], [23.03225, 38.18595], [23.03225, 38.19277], [23.05201, 38.19278], [23.02508, 38.21662], [22.95191, 38.22529], [22.93377, 38.22207], [22.92237, 38.20702], [22.95053, 38.20978], [22.96305, 38.20404], [22.96947, 38.19279], [22.92254, 38.19746], [22.90871, 38.19279], [22.89503, 38.24116], [22.88819, 38.24116], [22.88088, 38.22697], [22.87469, 38.24116], [22.82, 38.23298], [22.80568, 38.22697], [22.76484, 38.248], [22.79884, 38.28213], [22.74237, 38.29707], [22.71941, 38.31029], [22.69647, 38.31689], [22.67532, 38.34357], [22.68442, 38.36107], [22.67018, 38.38154], [22.6465, 38.38996], [22.6268, 38.37153], [22.64485, 38.36961], [22.64616, 38.36181], [22.63673, 38.35628], [22.61232, 38.36384], [22.58717, 38.33674], [22.58717, 38.33051], [22.60644, 38.32306], [22.60644, 38.31689], [22.59815, 38.31074], [22.60026, 38.30264], [22.58835, 38.29297], [22.57643, 38.2902], [22.56252, 38.29353], [22.54568, 38.30264], [22.52623, 38.33173], [22.53883, 38.33674], [22.52516, 38.35883], [22.47731, 38.40567], [22.46844, 38.42113], [22.40162, 38.45344], [22.40836, 38.4156], [22.37371, 38.39204], [22.386, 38.38019], [22.39478, 38.38515], [22.3986, 38.37592], [22.39609, 38.3682], [22.38111, 38.35786], [22.38794, 38.35102], [22.38233, 38.34269], [22.36753, 38.34188], [22.32252, 38.35102], [22.28493, 38.34733], [22.26645, 38.35855], [22.22486, 38.36005], [22.20932, 38.35293], [22.19597, 38.33954], [22.18921, 38.32308], [22.16879, 38.35102], [22.14578, 38.354], [22.14772, 38.36408], [22.13258, 38.37275], [22.04908, 38.3985], [22.02955, 38.39924], [22.01124, 38.39205], [21.98764, 38.41059], [21.95786, 38.41169], [21.92897, 38.4029], [21.87924, 38.37801], [21.86385, 38.37778], [21.85614, 38.38094], [21.8405, 38.39887], [21.83123, 38.39667], [21.78224, 38.36367], [21.77459, 38.35261], [21.77164, 38.33365], [21.76254, 38.32837], [21.71632, 38.35786], [21.65797, 38.35786], [21.61354, 38.34497], [21.59962, 38.35102], [21.53541, 38.31395], [21.52393, 38.29581], [21.51776, 38.29581], [21.50847, 38.30223], [21.47609, 38.30607], [21.46925, 38.31293], [21.42843, 38.33051], [21.44532, 38.33404], [21.48975, 38.30948], [21.48268, 38.32461], [21.48976, 38.33674], [21.47608, 38.34379], [21.47608, 38.35102], [21.48976, 38.35786], [21.46999, 38.35786], [21.47608, 38.37153], [21.45856, 38.36637], [21.44264, 38.37153], [21.42215, 38.3641], [21.42848, 38.38373], [21.41627, 38.39411], [21.37746, 38.39888], [21.3699, 38.40819], [21.36012, 38.46772], [21.3393, 38.4873], [21.32252, 38.49628], [21.3086, 38.49437], [21.35328, 38.43293], [21.33904, 38.43293], [21.34645, 38.42609], [21.33659, 38.3957], [21.29119, 38.37767], [21.29866, 38.37153], [21.29119, 38.36409], [21.27768, 38.37092], [21.26954, 38.36786], [21.26637, 38.3614], [21.27221, 38.35444], [21.25025, 38.33674], [21.23243, 38.32942], [21.21263, 38.33052], [21.18963, 38.34138], [21.18133, 38.33051], [21.19993, 38.32307], [21.17506, 38.3133], [21.17448, 38.30265], [21.15562, 38.30391], [21.14039, 38.33674], [21.08525, 38.34358], [21.10572, 38.35297], [21.10939, 38.36042], [21.10621, 38.37153], [21.09256, 38.3641], [21.1062, 38.38513], [21.10328, 38.37816], [21.11354, 38.37393], [21.12501, 38.37995], [21.14039, 38.39887], [21.12241, 38.41035], [21.11476, 38.40961], [21.1062, 38.39888], [21.09497, 38.4029], [21.08181, 38.42072], [21.07896, 38.43293], [21.08522, 38.44035], [21.10678, 38.42544], [21.11622, 38.42805], [21.11988, 38.44037], [21.10621, 38.43293], [21.11085, 38.44611], [21.10142, 38.46475], [21.10559, 38.47923], [21.07897, 38.48754], [21.09938, 38.49437], [21.08523, 38.50186], [21.09474, 38.51789], [21.09596, 38.53193], [21.08668, 38.53644], [21.04692, 38.51126], [21.03582, 38.50692], [21.03054, 38.51142], [21.01687, 38.54589], [21.02467, 38.60847], [21.00369, 38.62646], [20.98813, 38.66401], [20.97901, 38.67255], [20.94012, 38.67293], [20.9269, 38.67666], [20.91441, 38.68623], [20.88315, 38.77936], [20.87338, 38.79531], [20.85987, 38.80353], [20.84522, 38.79963], [20.81137, 38.76254], [20.80405, 38.77338], [20.77329, 38.76095], [20.76368, 38.78172], [20.72934, 38.80353], [20.74937, 38.85724], [20.76735, 38.86431], [20.8003, 38.86457], [20.80519, 38.86774], [20.7942, 38.87979], [20.76451, 38.8918], [20.75605, 38.90689], [20.75409, 38.92496], [20.75689, 38.9266], [20.75745, 38.93987], [20.76978, 38.95896], [20.77926, 38.93972], [20.79116, 38.93132], [20.81707, 38.92137], [20.83595, 38.9289], [20.85988, 38.96051], [20.8667, 38.96051], [20.87106, 38.94745], [20.86671, 38.94009], [20.87224, 38.93281], [20.86671, 38.92642], [20.90382, 38.92805], [20.91578, 38.9361], [20.92068, 38.95432], [20.92749, 38.95432], [20.93718, 38.94404], [20.97535, 38.94684], [21.00945, 38.93423], [21.02734, 38.93259], [21.02556, 38.89802], [21.0608, 38.88222], [21.08522, 38.86433], [21.08889, 38.87848], [21.09938, 38.88544], [21.09166, 38.90452], [21.10231, 38.91082], [21.12086, 38.91021], [21.13701, 38.9025], [21.16801, 38.87527], [21.17427, 38.87578], [21.18133, 38.88544], [21.16969, 38.89582], [21.16684, 38.91087], [21.15455, 38.9134], [21.14182, 38.93103], [21.14016, 38.94131], [21.14723, 38.95433], [21.14195, 38.96239], [21.14504, 38.97138], [21.15261, 38.9767], [21.16082, 38.97419], [21.15992, 38.99775], [21.13559, 39.02338], [21.08522, 39.06293], [21.07439, 39.05004], [21.07892, 39.0363], [21.06528, 39.04051], [21.05519, 39.0375], [21.03736, 39.02196], [21.05832, 39.00899], [21.0032, 39.01513], [21.00318, 39.02196], [20.9909, 39.02425], [20.96567, 39.03937], [20.95355, 39.03427], [20.9442, 39.03857], [20.93484, 39.05671], [20.9485, 39.06293], [20.9485, 39.06977], [20.92018, 39.06453], [20.90138, 39.07722], [20.89389, 39.07722], [20.88818, 39.06721], [20.87037, 39.05931], [20.86671, 39.05305], [20.87094, 39.04312], [20.88646, 39.03645], [20.84495, 39.03694], [20.85987, 39.04247], [20.85776, 39.05891], [20.85499, 39.0655], [20.84622, 39.06295], [20.8462, 39.07722], [20.83237, 39.07689], [20.82573, 39.06982], [20.83806, 39.09174], [20.83416, 39.10847], [20.82244, 39.11449], [20.81137, 39.10457], [20.80519, 39.1114], [20.79541, 39.09863], [20.77719, 39.09089], [20.77719, 39.08344], [20.79182, 39.08079], [20.78401, 39.04927], [20.76157, 39.03242], [20.7575, 39.02196], [20.74317, 39.02949], [20.74537, 39.01472], [20.7575, 39.01512], [20.80388, 38.9853], [20.82349, 38.97784], [20.82966, 38.97058], [20.82896, 38.96069], [20.76637, 38.97761], [20.7575, 38.97419], [20.74692, 38.95795], [20.73512, 38.95011], [20.70217, 38.99836], [20.71583, 39.01512], [20.70073, 39.05482], [20.70424, 39.06753], [20.71849, 39.10191], [20.75928, 39.16572], [20.78557, 39.19495], [20.85633, 39.25548], [20.99515, 39.3549], [21.03625, 39.37772], [21.04011, 39.3849], [20.9797, 39.46333], [20.95574, 39.48514], [20.86762, 39.54323], [20.84512, 39.56861], [20.83033, 39.62746], [20.80917, 39.89322], [20.67822, 40.04582], [20.65224, 40.0242], [20.63735, 40.00577], [20.6383, 39.97235], [20.65041, 39.91306]], [[24.99795, 40.95265], [24.99773, 40.96991], [24.99171, 40.96845], [24.99795, 40.95265]], [[21.7513, 38.75221], [21.8912, 38.7679], [21.90034, 38.77674], [21.87293, 38.80608], [21.79447, 38.85469], [21.6515, 38.92827], [21.64018, 38.9209], [21.63889, 38.84341], [21.62239, 38.77206], [21.67443, 38.7373], [21.7513, 38.75221]], [[21.72827, 39.25085], [21.58974, 39.21853], [21.53942, 39.21879], [21.5354, 39.20801], [21.57942, 39.14901], [21.60155, 39.10236], [21.60912, 39.09704], [21.70248, 39.09861], [21.81504, 39.11025], [21.85469, 39.12174], [21.86972, 39.13288], [21.8763, 39.14762], [21.8752, 39.16815], [21.8662, 39.18932], [21.83634, 39.22733], [21.79411, 39.25477], [21.77721, 39.25729], [21.72827, 39.25085]]], [[[19.31422, 42.76035], [19.31259, 42.75965], [19.31236, 42.76114], [19.31422, 42.76035]]], [[[23.58448, 35.56452], [23.58035, 35.57591], [23.60474, 35.61258], [23.60816, 35.5517], [23.61988, 35.52408], [23.63948, 35.51898], [23.64177, 35.50702], [23.65943, 35.50121], [23.70297, 35.50288], [23.71843, 35.51284], [23.72788, 35.52985], [23.73048, 35.55418], [23.71279, 35.60678], [23.72364, 35.61689], [23.7112, 35.64887], [23.71599, 35.66172], [23.74181, 35.68695], [23.75001, 35.68658], [23.77897, 35.67153], [23.77897, 35.66405], [23.76783, 35.65388], [23.77897, 35.60944], [23.77898, 35.57591], [23.79949, 35.54462], [23.81715, 35.53482], [23.90138, 35.52716], [23.92905, 35.5207], [23.94419, 35.52496], [24.0254, 35.5207], [24.04469, 35.52766], [24.05764, 35.55292], [24.09409, 35.55418], [24.08181, 35.58991], [24.11525, 35.60129], [24.16041, 35.59706], [24.18294, 35.58559], [24.20329, 35.54181], [24.18294, 35.51326], [24.14259, 35.50703], [24.08123, 35.51496], [24.0669, 35.50702], [24.07195, 35.49836], [24.1867, 35.45181], [24.2225, 35.46117], [24.25244, 35.47905], [24.26403, 35.43286], [24.26547, 35.36986], [24.3401, 35.34833], [24.42807, 35.36968], [24.46412, 35.36245], [24.48537, 35.37213], [24.5936, 35.39118], [24.67657, 35.42339], [24.72069, 35.42723], [24.82015, 35.41302], [24.84083, 35.404], [24.89552, 35.42449], [24.95753, 35.404], [24.96957, 35.41576], [24.97146, 35.42445], [25.01872, 35.41502], [25.02963, 35.40327], [25.05322, 35.40399], [25.04705, 35.38044], [25.05535, 35.35521], [25.077, 35.34447], [25.10678, 35.34247], [25.19685, 35.34936], [25.22136, 35.33568], [25.30698, 35.34316], [25.34636, 35.33609], [25.36166, 35.34315], [25.3685, 35.33568], [25.37599, 35.34315], [25.4253, 35.29955], [25.45362, 35.29413], [25.48194, 35.29743], [25.65964, 35.3493], [25.70777, 35.33568], [25.76635, 35.33567], [25.74788, 35.31076], [25.72478, 35.29413], [25.73219, 35.28791], [25.72608, 35.27875], [25.72926, 35.26455], [25.73902, 35.26], [25.7378, 35.27741], [25.74284, 35.28533], [25.75072, 35.28417], [25.75895, 35.27432], [25.75367, 35.26748], [25.75895, 35.25999], [25.75326, 35.25261], [25.74464, 35.25715], [25.73219, 35.24632], [25.7351, 35.2375], [25.71949, 35.21137], [25.72477, 35.19111], [25.71274, 35.18285], [25.72853, 35.13337], [25.75318, 35.13311], [25.79526, 35.11514], [25.81764, 35.11595], [25.83033, 35.12238], [25.84768, 35.15057], [25.88307, 35.16446], [25.89667, 35.18487], [25.97853, 35.19546], [26.03322, 35.2258], [26.05502, 35.22712], [26.06056, 35.23329], [26.06739, 35.23329], [26.08139, 35.22358], [26.11962, 35.21531], [26.10825, 35.20539], [26.12973, 35.19587], [26.15512, 35.19794], [26.17945, 35.20718], [26.19777, 35.21906], [26.19094, 35.22581], [26.25933, 35.28434], [26.29396, 35.28791], [26.28649, 35.30096], [26.30079, 35.30097], [26.29398, 35.31524], [26.32112, 35.31524], [26.31234, 35.29695], [26.26596, 35.26], [26.28387, 35.20824], [26.29949, 35.18553], [26.32111, 35.19792], [26.285, 35.1507], [26.29394, 35.13646], [26.28695, 35.11843], [26.25099, 35.06306], [26.24096, 35.03906], [26.13331, 34.9994], [26.10524, 34.99934], [26.08172, 35.01976], [26.02028, 35.02095], [25.98487, 35.03913], [25.9603, 35.02897], [25.92408, 35.03408], [25.88152, 35.02709], [25.80811, 35.00577], [25.60125, 35.01358], [25.50619, 34.98457], [25.41521, 34.99372], [25.34767, 34.99152], [25.30397, 34.98477], [25.27952, 34.97251], [25.22315, 34.95418], [25.20769, 34.95149], [25.15089, 34.95572], [25.12892, 34.95148], [25.10776, 34.9379], [25.0774, 34.94473], [25.04493, 34.94074], [25.01905, 34.93164], [24.98374, 34.93871], [24.73855, 34.93164], [24.73855, 34.93789], [24.75172, 34.94648], [24.75522, 34.95791], [24.75214, 34.99592], [24.75896, 35.04149], [24.74285, 35.07722], [24.71811, 35.09398], [24.61899, 35.09741], [24.59474, 35.10152], [24.58025, 35.1092], [24.56463, 35.10616], [24.5324, 35.13646], [24.50074, 35.15241], [24.48121, 35.15591], [24.46412, 35.15014], [24.40383, 35.17504], [24.40211, 35.19111], [24.2929, 35.18232], [24.21779, 35.19112], [24.20395, 35.20539], [24.1827, 35.19794], [24.11134, 35.19796], [24.08465, 35.20453], [24.08057, 35.19454], [24.04982, 35.19112], [24.03143, 35.19771], [24.00327, 35.22671], [23.98764, 35.2333], [23.90162, 35.23122], [23.8602, 35.23632], [23.82667, 35.25259], [23.81226, 35.24479], [23.79949, 35.24632], [23.78207, 35.2347], [23.71168, 35.23672], [23.68336, 35.22583], [23.66912, 35.23729], [23.61027, 35.23498], [23.58718, 35.2395], [23.58033, 35.26], [23.553, 35.26684], [23.53102, 35.28848], [23.51826, 35.29414], [23.52564, 35.30097], [23.5193, 35.30174], [23.51824, 35.30754], [23.54615, 35.31525], [23.54819, 35.32148], [23.55299, 35.32148], [23.54185, 35.33637], [23.54615, 35.35619], [23.5386, 35.37409], [23.5735, 35.43476], [23.55984, 35.45182], [23.57846, 35.50056], [23.5661, 35.50703], [23.5726, 35.52045], [23.56611, 35.52749], [23.58123, 35.55268], [23.58448, 35.56452]]], [[[25.18647, 35.44779], [25.22258, 35.46372], [25.24609, 35.44973], [25.23667, 35.42745], [25.21583, 35.43692], [25.20867, 35.43347], [25.18687, 35.44128], [25.18647, 35.44779]]], [[[25.4172, 36.54236], [25.41672, 36.58325], [25.42114, 36.60535], [25.43651, 36.6289], [25.4533, 36.64461], [25.47045, 36.65266], [25.47787, 36.65178], [25.48597, 36.64625], [25.49669, 36.62727], [25.50288, 36.591], [25.5015, 36.55588], [25.4889, 36.52036], [25.47389, 36.50522], [25.45084, 36.50198], [25.43558, 36.50362], [25.42688, 36.50861], [25.4172, 36.54236]]], [[[25.44758, 36.82915], [25.43279, 36.81691], [25.42458, 36.81637], [25.41183, 36.82097], [25.38622, 36.84022], [25.36387, 36.86689], [25.34883, 36.89356], [25.34538, 36.90456], [25.35073, 36.91641], [25.39978, 36.94782], [25.44579, 36.90391], [25.46033, 36.88561], [25.46351, 36.87752], [25.46194, 36.86016], [25.44758, 36.82915]]], [[[24.66239, 36.97248], [24.64633, 36.95931], [24.63064, 36.95128], [24.6103, 36.94769], [24.55914, 36.95195], [24.50335, 36.96606], [24.45382, 36.98376], [24.43091, 36.99635], [24.42771, 37.01209], [24.42966, 37.03144], [24.43586, 37.0468], [24.4509, 37.05368], [24.47767, 37.05333], [24.54614, 37.03913], [24.58555, 37.11064], [24.60523, 37.13217], [24.61619, 37.13716], [24.64299, 37.13565], [24.67676, 37.12344], [24.70633, 37.10484], [24.71597, 37.09455], [24.72026, 37.08431], [24.71361, 37.04898], [24.69225, 37.00858], [24.66239, 36.97248]]], [[[25.34199, 37.20716], [25.34206, 37.18274], [25.32996, 37.16801], [25.29353, 37.15012], [25.25673, 37.14486], [25.23496, 37.15306], [25.20064, 37.17861], [25.17567, 37.20511], [25.16714, 37.22839], [25.16099, 37.27151], [25.24728, 37.28823], [25.28125, 37.28914], [25.29459, 37.28526], [25.31602, 37.26663], [25.33257, 37.23788], [25.34199, 37.20716]]], [[[24.8078, 37.23532], [24.80596, 37.2066], [24.79931, 37.1937], [24.78955, 37.19057], [24.7697, 37.2042], [24.71747, 37.26772], [24.76281, 37.25997], [24.80094, 37.2431], [24.8078, 37.23532]]], [[[24.63351, 37.45182], [24.6404, 37.43994], [24.63969, 37.42452], [24.62961, 37.40059], [24.61962, 37.39012], [24.60664, 37.38708], [24.57918, 37.38904], [24.56064, 37.39784], [24.55709, 37.41733], [24.56751, 37.4843], [24.61666, 37.46281], [24.63351, 37.45182]]], [[[23.9196, 37.48826], [23.93392, 37.4785], [23.94254, 37.46317], [23.92613, 37.46703], [23.91546, 37.48033], [23.89684, 37.49019], [23.89813, 37.49448], [23.9196, 37.48826]]], [[[25.37217, 37.58211], [25.396, 37.63464], [25.54119, 37.60536], [25.56245, 37.59808], [25.57925, 37.5896], [25.58169, 37.58543], [25.57787, 37.58108], [25.55758, 37.57247], [25.43872, 37.53783], [25.40059, 37.53107], [25.38448, 37.53185], [25.37175, 37.53655], [25.3655, 37.5444], [25.36428, 37.55515], [25.37217, 37.58211]]], [[[25.05207, 37.6724], [25.0565, 37.66167], [25.05804, 37.6189], [25.05237, 37.58931], [25.04397, 37.56594], [25.0252, 37.54583], [25.00606, 37.53384], [24.98652, 37.52792], [24.96966, 37.53234], [24.94848, 37.55672], [24.93919, 37.57674], [24.93541, 37.59338], [24.94436, 37.62477], [24.97294, 37.67902], [25.0388, 37.67897], [25.05207, 37.6724]]], [[[24.29347, 37.52571], [24.27541, 37.53169], [24.2781, 37.62287], [24.28933, 37.64532], [24.30568, 37.66082], [24.32065, 37.65835], [24.33383, 37.67259], [24.32066, 37.67259], [24.32066, 37.67885], [24.33969, 37.68625], [24.3611, 37.67886], [24.36166, 37.68503], [24.37476, 37.68625], [24.4025, 37.65575], [24.39575, 37.62467], [24.31299, 37.53824], [24.29347, 37.52571]]], [[[24.57485, 37.68384], [24.61979, 37.63562], [24.624, 37.62038], [24.62036, 37.61155], [24.60431, 37.5924], [24.58118, 37.57457], [24.55646, 37.56206], [24.53991, 37.5598], [24.53058, 37.56918], [24.52393, 37.5842], [24.52109, 37.59898], [24.52455, 37.61338], [24.53681, 37.63404], [24.57485, 37.68384]]], [[[23.93866, 37.65708], [23.95337, 37.6568], [23.95971, 37.65139], [23.95971, 37.64282], [23.9411, 37.64217], [23.93557, 37.6459], [23.93866, 37.65708]]], [[[24.1495, 37.73929], [24.1486, 37.72265], [24.1431, 37.71859], [24.10516, 37.64527], [24.09988, 37.65941], [24.12641, 37.74302], [24.14315, 37.7527], [24.1495, 37.73929]]], [[[25.33904, 37.77695], [25.37518, 37.75362], [25.37856, 37.74724], [25.37789, 37.73878], [25.36778, 37.71875], [25.34277, 37.6925], [25.32487, 37.68469], [25.28371, 37.68243], [25.24385, 37.68864], [25.19795, 37.71521], [25.13916, 37.76271], [25.11124, 37.79542], [25.104, 37.81025], [25.10527, 37.81553], [25.11205, 37.81967], [25.13642, 37.82484], [25.1785, 37.826], [25.23397, 37.81404], [25.28808, 37.79763], [25.33904, 37.77695]]], [[[24.48785, 37.83246], [24.52096, 37.90862], [24.59186, 37.90796], [24.60523, 37.90032], [24.60812, 37.89006], [24.60666, 37.86346], [24.59858, 37.83418], [24.58698, 37.80854], [24.56292, 37.77888], [24.52296, 37.74755], [24.49554, 37.73671], [24.48362, 37.73709], [24.47576, 37.74188], [24.47178, 37.75046], [24.47242, 37.77487], [24.48785, 37.83246]]], [[[24.72461, 37.88191], [24.71602, 37.87928], [24.71218, 37.88435], [24.71803, 37.89859], [24.68387, 37.93268], [24.69565, 37.93553], [24.69019, 37.9565], [24.70192, 37.97263], [24.75701, 37.99656], [24.77906, 38.00022], [24.7937, 37.99408], [24.79469, 37.97712], [24.8208, 37.97035], [24.83008, 37.96307], [24.83754, 37.92556], [24.83505, 37.91124], [24.79981, 37.81688], [24.7942, 37.84382], [24.73854, 37.89175], [24.7317, 37.89175], [24.72461, 37.88191]]], [[[24.93785, 38.15634], [24.96324, 38.15912], [25.0311, 38.14949], [25.10497, 38.08736], [25.1313, 38.05921], [25.13902, 38.04542], [25.13783, 38.02359], [25.10332, 37.94205], [25.08492, 37.85627], [25.07881, 37.84177], [25.07026, 37.83184], [25.05851, 37.82801], [25.04356, 37.83096], [25.03061, 37.84007], [25.00993, 37.87031], [24.98321, 37.93501], [24.95247, 37.9903], [24.93275, 38.03543], [24.91982, 38.08464], [24.91643, 38.1139], [24.9214, 38.14027], [24.92863, 38.15063], [24.93785, 38.15634]]], [[[24.27783, 37.9851], [24.26498, 37.97847], [24.25416, 37.98163], [24.2396, 37.97774], [24.2287, 37.98282], [24.22789, 37.98835], [24.24286, 38.01296], [24.25408, 38.01995], [24.2634, 38.01863], [24.27544, 38.00934], [24.28296, 37.9984], [24.27783, 37.9851]]], [[[25.34423, 39.00047], [25.3636, 38.96731], [25.36592, 38.95141], [25.35451, 38.93554], [25.31299, 38.91182], [25.27479, 38.902], [25.26171, 38.91115], [25.24627, 38.94923], [25.23659, 38.96313], [25.19758, 38.9822], [25.11906, 39.01076], [25.14789, 39.07671], [25.16394, 39.0993], [25.1742, 39.10595], [25.18511, 39.10822], [25.20993, 39.10299], [25.24602, 39.08262], [25.31234, 39.03227], [25.34423, 39.00047]]], [[[23.97328, 39.25342], [23.97749, 39.26037], [23.99135, 39.26077], [24.1572, 39.21512], [24.23803, 39.17432], [24.25121, 39.16051], [24.25077, 39.15213], [24.2397, 39.13179], [24.21921, 39.11326], [24.19437, 39.10417], [24.18193, 39.10546], [24.11794, 39.13198], [24.04963, 39.17155], [23.99633, 39.2151], [23.98028, 39.2355], [23.97328, 39.25342]]], [[[24.06983, 39.34569], [24.08131, 39.35235], [24.09472, 39.34552], [24.09399, 39.33003], [24.08187, 39.30476], [24.06316, 39.29704], [24.05373, 39.30525], [24.05942, 39.31444], [24.04153, 39.33051], [24.05861, 39.36126], [24.06714, 39.36301], [24.06983, 39.34569]]], [[[25.20004, 39.89283], [25.21388, 39.89179], [25.2249, 39.88556], [25.20882, 39.88333], [25.20004, 39.89283]]], [[[25.43678, 40.0163], [25.44271, 40.01504], [25.44986, 39.98843], [25.40162, 39.96377], [25.38559, 39.9444], [25.38891, 39.91951], [25.36411, 39.91722], [25.34799, 39.90644], [25.36846, 39.89899], [25.34164, 39.88386], [25.34034, 39.87421], [25.35546, 39.86554], [25.34278, 39.85464], [25.36987, 39.81713], [25.35548, 39.81025], [25.34896, 39.78768], [25.29473, 39.81194], [25.29029, 39.83076], [25.27313, 39.83569], [25.2566, 39.8559], [25.23881, 39.85806], [25.26173, 39.87043], [25.2798, 39.88911], [25.27516, 39.90363], [25.26401, 39.91328], [25.23878, 39.9195], [25.19879, 39.89417], [25.15834, 39.94617], [25.12742, 40.00771], [25.14234, 40.00677], [25.15626, 39.99527], [25.22511, 40.00885], [25.24732, 40.00242], [25.28712, 39.96109], [25.28517, 39.95336], [25.30698, 39.96003], [25.34799, 39.98159], [25.34816, 39.99049], [25.38209, 40.02252], [25.41285, 40.02253], [25.44984, 40.03617], [25.43678, 40.02253], [25.43678, 40.0163]]], [[[23.88374, 40.33108], [23.88975, 40.33717], [23.90592, 40.34227], [23.91829, 40.33425], [23.92001, 40.3229], [23.94181, 40.31407], [23.9414, 40.31009], [23.88739, 40.32666], [23.88374, 40.33108]]], [[[24.7658, 40.66966], [24.78239, 40.62018], [24.78011, 40.61222], [24.75571, 40.61994], [24.74419, 40.60838], [24.68181, 40.59496], [24.64227, 40.57064], [24.615, 40.59858], [24.60077, 40.59859], [24.60076, 40.61221], [24.58676, 40.62202], [24.55258, 40.63036], [24.53078, 40.63094], [24.51679, 40.63911], [24.51203, 40.66705], [24.51834, 40.69269], [24.53327, 40.71803], [24.56667, 40.75556], [24.64226, 40.80393], [24.67457, 40.79169], [24.73169, 40.78351], [24.74383, 40.75935], [24.77517, 40.74889], [24.78637, 40.73506], [24.76547, 40.73432], [24.75929, 40.72337], [24.76661, 40.71149], [24.78638, 40.70782], [24.78638, 40.68794], [24.7693, 40.68342], [24.7658, 40.66966]]], [[[25.68187, 34.87784], [25.688, 34.88132], [25.71876, 34.87771], [25.72991, 34.88148], [25.73209, 34.87515], [25.7007, 34.86527], [25.68459, 34.86963], [25.68187, 34.87784]]], [[[26.14973, 34.93334], [26.13299, 34.92262], [26.12193, 34.93586], [26.12746, 34.9474], [26.14746, 34.94313], [26.14973, 34.93334]]], [[[27.19402, 35.83287], [27.1923, 35.80077], [27.19969, 35.69195], [27.1725, 35.60043], [27.11252, 35.61292], [27.0926, 35.62195], [27.0873, 35.62853], [27.08809, 35.65186], [27.11871, 35.73822], [27.10116, 35.79944], [27.10564, 35.82146], [27.17106, 35.95715], [27.19937, 36.03403], [27.21927, 36.06574], [27.23167, 36.07559], [27.2402, 36.0769], [27.24689, 36.0718], [27.25538, 36.04859], [27.25738, 35.99344], [27.24573, 35.95752], [27.20624, 35.86946], [27.19402, 35.83287]]], [[[27.58286, 36.21256], [27.55055, 36.21589], [27.53151, 36.21175], [27.5189, 36.21687], [27.51744, 36.2309], [27.52655, 36.24005], [27.56536, 36.24492], [27.61646, 36.24261], [27.61865, 36.2281], [27.61011, 36.21651], [27.58286, 36.21256]]], [[[27.69566, 36.25381], [27.70224, 36.26606], [27.68411, 36.2644], [27.70046, 36.28367], [27.71152, 36.28574], [27.71826, 36.28245], [27.71931, 36.26727], [27.70476, 36.24715], [27.69566, 36.25381]]], [[[27.36477, 36.39338], [27.35745, 36.41022], [27.3628, 36.42499], [27.34962, 36.43122], [27.33815, 36.42841], [27.32285, 36.41276], [27.33537, 36.46911], [27.3558, 36.47963], [27.36849, 36.47239], [27.38168, 36.44416], [27.3968, 36.43866], [27.38746, 36.42084], [27.39959, 36.41014], [27.42067, 36.40864], [27.43848, 36.41814], [27.44466, 36.40453], [27.43872, 36.39448], [27.41586, 36.38033], [27.37794, 36.38204], [27.36477, 36.39338]]], [[[27.1858, 36.61566], [27.20175, 36.59459], [27.20595, 36.5873], [27.20462, 36.58377], [27.19333, 36.59589], [27.14399, 36.60351], [27.16705, 36.61507], [27.1858, 36.61566]]], [[[26.53648, 36.58579], [26.51208, 36.58388], [26.4969, 36.58873], [26.49747, 36.61991], [26.51352, 36.67709], [26.57718, 36.6956], [26.59704, 36.69717], [26.60137, 36.69386], [26.60263, 36.6837], [26.59447, 36.65724], [26.57709, 36.62755], [26.55657, 36.60067], [26.54705, 36.59023], [26.53648, 36.58579]]], [[[27.29585, 36.89096], [27.39641, 36.93039], [27.45572, 36.94911], [27.5101, 36.96135], [27.53274, 36.96355], [27.54317, 36.95736], [27.5473, 36.94293], [27.54293, 36.9197], [27.52674, 36.90531], [27.49202, 36.88419], [27.42919, 36.85379], [27.39177, 36.84104], [27.3723, 36.84322], [27.34175, 36.85696], [27.3231, 36.84863], [27.29216, 36.8416], [27.28249, 36.81903], [27.27089, 36.80213], [27.26267, 36.79834], [27.24682, 36.80231], [27.22992, 36.82745], [27.2142, 36.82388], [27.19077, 36.81232], [27.12989, 36.76082], [27.10906, 36.7583], [27.08318, 36.76123], [27.04754, 36.77509], [26.99204, 36.75361], [26.97576, 36.74079], [26.986, 36.71988], [26.97169, 36.71625], [26.96567, 36.70555], [26.97289, 36.67891], [26.95989, 36.68099], [26.91948, 36.71308], [26.92027, 36.75116], [26.92629, 36.7656], [26.93767, 36.76081], [26.95875, 36.7813], [26.98601, 36.76765], [27.0075, 36.78783], [27.02077, 36.80857], [27.06122, 36.83933], [27.16424, 36.89117], [27.28093, 36.90789], [27.29152, 36.89183], [27.29585, 36.89096]]], [[[26.30203, 36.98485], [26.33556, 36.97374], [26.33836, 36.96841], [26.32723, 36.94881], [26.28618, 36.91837], [26.21338, 36.87893], [26.15346, 36.85303], [26.09773, 36.83657], [26.07923, 36.84355], [26.06483, 36.85922], [26.06531, 36.86773], [26.08618, 36.88038], [26.17431, 36.91084], [26.21838, 36.96173], [26.24963, 36.98468], [26.27239, 36.98725], [26.30203, 36.98485]]], [[[27.15195, 36.95888], [27.16293, 36.95697], [27.16748, 36.94859], [27.16179, 36.93716], [27.17511, 36.92252], [27.13267, 36.92508], [27.10899, 36.94872], [27.10867, 36.95372], [27.13421, 36.95864], [27.14438, 36.95376], [27.15195, 36.95888]]], [[[27.42353, 36.99177], [27.43092, 36.99676], [27.4808, 36.97875], [27.49064, 36.97284], [27.49023, 36.96602], [27.4743, 36.95882], [27.44582, 36.97], [27.44231, 36.97936], [27.42353, 36.99177]]], [[[27.04037, 36.94506], [26.99342, 36.95262], [26.9834, 36.92952], [26.97608, 36.92594], [26.95191, 36.93163], [26.94508, 36.92595], [26.92986, 36.94278], [26.92115, 36.94709], [26.91165, 36.9458], [26.93141, 36.96686], [26.92539, 36.9819], [26.95387, 37.0279], [26.94361, 37.04072], [26.92457, 37.03516], [26.91739, 37.04146], [26.90349, 37.06249], [26.8856, 37.07559], [26.88982, 37.08978], [26.90162, 37.0773], [26.986, 37.04881], [26.98599, 37.04198], [26.97291, 37.04198], [26.98219, 37.02875], [27.00586, 37.01618], [27.00709, 37.00043], [27.02394, 37.01267], [27.04126, 37.00787], [27.04427, 36.99624], [27.03688, 36.97846], [27.04126, 36.96685], [27.03386, 36.95262], [27.04127, 36.95262], [27.04127, 36.95942], [27.04752, 36.95941], [27.04037, 36.94506]]], [[[27.08831, 37.05399], [27.07791, 37.05724], [27.08457, 37.0641], [27.1092, 37.05784], [27.10637, 37.05391], [27.08831, 37.05399]]], [[[26.83758, 37.11213], [26.85231, 37.12458], [26.84303, 37.12515], [26.82976, 37.11872], [26.81724, 37.11987], [26.81041, 37.12938], [26.8169, 37.14655], [26.7951, 37.15547], [26.77623, 37.16967], [26.77273, 37.18268], [26.7882, 37.19121], [26.79802, 37.19058], [26.80032, 37.19928], [26.80828, 37.20025], [26.84977, 37.18731], [26.85286, 37.18179], [26.84409, 37.16201], [26.86426, 37.1533], [26.87184, 37.1341], [26.88688, 37.1166], [26.88688, 37.1057], [26.8755, 37.1037], [26.86988, 37.09806], [26.84995, 37.09846], [26.83759, 37.10473], [26.83758, 37.11213]]], [[[25.50021, 37.09628], [25.4521, 37.14188], [25.44339, 37.15514], [25.43954, 37.16835], [25.4417, 37.20094], [25.46474, 37.28281], [25.55968, 37.30795], [25.57404, 37.30762], [25.58574, 37.30362], [25.60285, 37.29088], [25.63714, 37.25359], [25.66614, 37.20899], [25.67663, 37.18703], [25.68554, 37.14986], [25.67396, 37.12275], [25.6467, 37.09371], [25.61191, 37.07065], [25.59425, 37.06385], [25.57777, 37.06153], [25.54046, 37.07176], [25.50021, 37.09628]]], [[[27.10334, 37.2995], [27.09221, 37.28766], [27.10579, 37.27867], [27.10181, 37.27429], [27.09287, 37.27213], [27.08238, 37.27811], [27.08766, 37.30202], [27.10334, 37.2995]]], [[[26.98829, 37.45881], [26.97429, 37.44641], [26.96461, 37.45409], [26.95834, 37.44393], [26.95005, 37.44718], [26.94296, 37.46263], [26.92695, 37.47419], [26.98617, 37.47332], [27.00765, 37.45693], [27.00724, 37.45165], [26.98829, 37.45881]]], [[[26.54815, 37.54801], [26.46483, 37.51764], [26.43189, 37.50237], [26.41929, 37.48739], [26.39686, 37.44538], [26.38187, 37.43229], [26.35251, 37.4313], [26.2958, 37.44355], [26.32114, 37.53645], [26.3371, 37.57119], [26.34777, 37.58305], [26.39506, 37.61316], [26.45677, 37.64421], [26.52075, 37.66793], [26.5502, 37.67425], [26.57628, 37.67549], [26.58564, 37.67092], [26.59126, 37.66017], [26.59369, 37.64507], [26.5909, 37.60907], [26.58124, 37.57697], [26.57517, 37.56655], [26.54815, 37.54801]]], [[[27.18439, 37.55872], [27.1683, 37.57022], [27.16929, 37.56478], [27.14952, 37.59666], [27.15944, 37.59898], [27.16357, 37.59435], [27.15919, 37.58885], [27.18439, 37.55872]]], [[[26.91694, 37.77768], [26.96608, 37.74775], [26.9699, 37.75878], [26.94511, 37.78871], [26.97364, 37.78449], [26.99341, 37.79611], [26.99399, 37.784], [27.02101, 37.77717], [27.06784, 37.77439], [27.03386, 37.76138], [27.03224, 37.75316], [27.04754, 37.72724], [27.05877, 37.73378], [27.06526, 37.72907], [27.0612, 37.70674], [27.03696, 37.71288], [27.00172, 37.70676], [26.91, 37.67805], [26.86931, 37.64469], [26.78771, 37.64714], [26.76092, 37.68968], [26.75099, 37.69668], [26.72731, 37.70157], [26.71648, 37.71137], [26.69939, 37.71247], [26.6516, 37.70303], [26.66101, 37.79334], [26.77152, 37.81406], [26.80669, 37.81448], [26.84205, 37.80914], [26.88185, 37.78539], [26.91694, 37.77768]]], [[[26.73121, 38.49486], [26.74544, 38.4833], [26.74756, 38.47586], [26.74381, 38.46374], [26.73162, 38.45837], [26.72169, 38.46926], [26.69826, 38.47713], [26.69289, 38.48286], [26.70216, 38.54278], [26.72241, 38.53274], [26.72985, 38.52108], [26.73121, 38.49486]]], [[[26.5394, 39.01935], [26.5193, 39.03628], [26.52662, 39.04247], [26.51612, 39.05264], [26.52662, 39.08344], [26.51516, 39.09102], [26.50587, 39.1092], [26.48927, 39.11367], [26.45493, 39.1114], [26.43702, 39.1035], [26.45297, 39.08641], [26.49194, 39.06293], [26.52882, 39.02106], [26.54713, 39.00898], [26.54687, 38.98777], [26.48927, 38.97257], [26.42392, 38.96738], [26.33937, 38.98287], [26.27638, 39.01065], [26.21876, 39.02043], [26.27066, 39.06437], [26.30525, 39.08656], [26.51225, 39.17984], [26.5397, 39.16596], [26.52662, 39.15913], [26.53077, 39.15062], [26.54712, 39.13532], [26.55055, 39.11921], [26.56762, 39.11814], [26.56625, 39.09797], [26.57944, 39.07534], [26.6123, 39.04926], [26.61002, 39.02294], [26.59742, 39.01196], [26.56764, 39.02196], [26.55144, 39.01504], [26.5394, 39.01935]]], [[[26.06056, 39.83759], [26.07715, 39.84466], [26.08301, 39.83474], [26.0817, 39.8], [26.07495, 39.78491], [26.0591, 39.78609], [25.98387, 39.82196], [25.97805, 39.83417], [25.98602, 39.84222], [26.04005, 39.84503], [26.05551, 39.84271], [26.06056, 39.83759]]], [[[25.99003, 40.13685], [25.9004, 40.12275], [25.85629, 40.10786], [25.76629, 40.09719], [25.72121, 40.10481], [25.70436, 40.1153], [25.66327, 40.12617], [25.66327, 40.13239], [25.68622, 40.16083], [25.71876, 40.187], [25.75905, 40.20672], [25.82691, 40.21662], [25.92568, 40.24279], [25.93824, 40.24163], [25.95786, 40.22309], [25.97184, 40.22113], [25.9673, 40.19326], [25.97184, 40.17276], [25.96306, 40.15713], [25.97291, 40.15322], [26.0122, 40.16656], [26.0122, 40.14607], [25.99003, 40.13685]]], [[[25.56715, 40.3999], [25.53257, 40.41503], [25.46633, 40.45576], [25.44355, 40.48187], [25.46455, 40.48287], [25.54637, 40.51525], [25.57611, 40.51466], [25.6565, 40.49615], [25.68864, 40.475], [25.6975, 40.461], [25.69068, 40.4477], [25.69531, 40.43269], [25.68262, 40.42309], [25.58943, 40.39822], [25.56715, 40.3999]]], [[[27.65679, 40.45765], [27.65657, 40.44946], [27.64568, 40.44783], [27.63152, 40.45376], [27.59637, 40.45801], [27.58206, 40.46553], [27.57994, 40.47654], [27.60727, 40.50543], [27.64046, 40.49412], [27.6351, 40.46678], [27.65679, 40.45765]]], [[[27.65756, 40.60541], [27.62451, 40.58309], [27.60475, 40.57682], [27.55207, 40.59095], [27.53599, 40.602], [27.53891, 40.62336], [27.52639, 40.63911], [27.53304, 40.65186], [27.54591, 40.66033], [27.55151, 40.65769], [27.55454, 40.64692], [27.60555, 40.66328], [27.63135, 40.66347], [27.65756, 40.65314], [27.67335, 40.65643], [27.7024, 40.65301], [27.72778, 40.64264], [27.73266, 40.62519], [27.7142, 40.6147], [27.65756, 40.60541]]], [[[37.26175, 20.74995], [37.25441, 20.74983], [37.24416, 20.77265], [37.24343, 20.80398], [37.24915, 20.82771], [37.26531, 20.85503], [37.27913, 20.84564], [37.28353, 20.83275], [37.27187, 20.76637], [37.26175, 20.74995]]], [[[36.65992, 22.24439], [36.65805, 22.25491], [36.63103, 22.25214], [36.63747, 22.27692], [36.64893, 22.28143], [36.65168, 22.27784], [36.6443, 22.27322], [36.66146, 22.2615], [36.65992, 22.24439]]], [[[36.17004, 22.68377], [36.19447, 22.68514], [36.20678, 22.65986], [36.20086, 22.65168], [36.18531, 22.67292], [36.17004, 22.68377]]], [[[36.05568, 22.74327], [36.0433, 22.73188], [36.04704, 22.72611], [36.04209, 22.72087], [36.03835, 22.73717], [36.05593, 22.76072], [36.06624, 22.76689], [36.0617, 22.7554], [36.06665, 22.72815], [36.0616, 22.72999], [36.05568, 22.74327]]], [[[36.19683, 22.79091], [36.21795, 22.7934], [36.214, 22.81356], [36.2238, 22.80259], [36.22185, 22.79267], [36.25014, 22.78949], [36.20656, 22.7843], [36.19683, 22.79091]]], [[[35.63649, 23.22789], [35.62517, 23.22634], [35.60882, 23.21145], [35.60076, 23.21621], [35.6193, 23.20207], [35.58969, 23.21105], [35.59042, 23.2163], [35.5822, 23.22663], [35.64031, 23.23224], [35.6482, 23.23667], [35.67685, 23.23037], [35.69615, 23.23674], [35.70409, 23.22098], [35.69907, 23.22386], [35.69793, 23.22045], [35.71834, 23.19863], [35.71923, 23.19183], [35.68809, 23.20963], [35.67384, 23.2248], [35.6635, 23.22606], [35.66082, 23.22099], [35.63649, 23.22789]]], [[[33.97535, 26.79006], [34.00286, 26.73185], [34.00358, 26.70822], [33.9896, 26.72029], [33.95509, 26.79003], [33.97535, 26.79006]]], [[[33.95097, 26.96508], [33.94886, 27.02373], [33.97935, 26.91534], [33.96188, 26.94174], [33.95097, 26.96508]]], [[[33.92558, 27.5342], [33.96412, 27.53411], [33.99391, 27.51431], [34.02848, 27.50201], [34.03842, 27.46662], [34.05127, 27.45482], [34.05127, 27.44865], [34.0311, 27.45149], [34.00709, 27.47606], [33.97633, 27.48724], [33.95631, 27.50438], [33.93358, 27.49483], [33.9245, 27.50142], [33.9136, 27.52371], [33.92558, 27.5342]]], [[[34.68105, 27.91518], [34.6618, 27.93022], [34.68178, 27.95869], [34.73187, 27.95713], [34.73215, 27.91895], [34.70494, 27.90846], [34.68105, 27.91518]]], [[[34.51809, 27.93042], [34.49636, 27.95515], [34.49781, 27.96874], [34.48953, 27.99604], [34.49346, 28.00112], [34.49635, 27.99604], [34.5049, 28.00991], [34.51734, 28.01654], [34.53483, 28.00824], [34.54418, 27.99605], [34.50685, 27.98623], [34.50318, 27.97557], [34.51189, 27.96748], [34.52882, 27.96589], [34.57487, 27.9721], [34.58522, 27.95506], [34.62044, 27.9278], [34.62044, 27.92037], [34.5475, 27.91965], [34.51809, 27.93042]]], [[[32.98308, 31.08991], [32.98925, 31.07344], [32.97511, 31.08649], [32.96974, 31.08657], [32.97706, 31.09125], [32.98308, 31.08991]]], [[[33.45436, 31.15469], [33.29868, 31.21279], [33.27231, 31.21671], [33.30111, 31.21588], [33.35255, 31.19489], [33.40601, 31.18446], [33.43295, 31.17206], [33.47584, 31.1418], [33.45436, 31.15469]]], [[[33.10475, 31.24029], [33.26245, 31.22361], [33.25611, 31.21932], [33.2435, 31.21932], [33.15309, 31.23176], [33.11899, 31.22363], [33.10255, 31.22675], [33.07643, 31.21874], [32.9559, 31.16315], [32.93476, 31.14796], [32.94647, 31.16327], [33.0669, 31.21743], [33.10475, 31.24029]]], [[[26.15089, 38.53042], [26.14437, 38.49291], [26.12192, 38.48754], [26.12973, 38.47846], [26.14241, 38.47394], [26.1364, 38.46772], [26.15405, 38.46726], [26.15454, 38.46089], [26.14243, 38.4466], [26.13933, 38.41889], [26.14304, 38.39249], [26.14871, 38.39971], [26.22137, 38.45391], [26.22947, 38.46461], [26.24051, 38.49363], [26.2436, 38.50837], [26.23626, 38.50671], [26.20388, 38.5147], [26.18506, 38.54215], [26.20743, 38.53975], [26.21469, 38.53319], [26.23056, 38.53346], [26.24711, 38.52509], [26.25221, 38.54945], [26.25168, 38.59678], [26.23658, 38.62231], [26.18676, 38.67237], [26.17088, 38.6964], [26.17216, 38.72178], [26.18595, 38.77015], [26.29216, 38.76457], [26.34906, 38.75539], [26.37257, 38.74655], [26.39047, 38.73397], [26.39614, 38.72214], [26.39412, 38.68589], [26.39062, 38.67313], [26.40334, 38.67738], [26.44036, 38.6777], [26.46531, 38.67273], [26.50532, 38.65285], [26.55569, 38.60558], [26.5608, 38.59003], [26.584, 38.56094], [26.63037, 38.51923], [26.6433, 38.46772], [26.62916, 38.46089], [26.61085, 38.46841], [26.58815, 38.46088], [26.60523, 38.45358], [26.60498, 38.44477], [26.58815, 38.41869], [26.61182, 38.41624], [26.62207, 38.40533], [26.65707, 38.3288], [26.67311, 38.3072], [26.69459, 38.31318], [26.69996, 38.32575], [26.67751, 38.34358], [26.67068, 38.38516], [26.68714, 38.41956], [26.70241, 38.43015], [26.71909, 38.42609], [26.71909, 38.43291], [26.72535, 38.43292], [26.74807, 38.40492], [26.76686, 38.36408], [26.78736, 38.37151], [26.7951, 38.35863], [26.84547, 38.37152], [26.92457, 38.37767], [26.98976, 38.39887], [27.01336, 38.41249], [27.04249, 38.40762], [27.06121, 38.41249], [27.08863, 38.40225], [27.11183, 38.41401], [27.13544, 38.43365], [27.16424, 38.4466], [27.16424, 38.45344], [27.15447, 38.45942], [27.14309, 38.45345], [27.13624, 38.46088], [27.11695, 38.45394], [27.08334, 38.45673], [27.07472, 38.45345], [27.04908, 38.4632], [27.02231, 38.46247], [26.93542, 38.43489], [26.94508, 38.4466], [26.92792, 38.45605], [26.89763, 38.4947], [26.84906, 38.51254], [26.82692, 38.5262], [26.81476, 38.54274], [26.8742, 38.50747], [26.88982, 38.50804], [26.88982, 38.51488], [26.87778, 38.52635], [26.83523, 38.54901], [26.84889, 38.5974], [26.83424, 38.60822], [26.81373, 38.59765], [26.79365, 38.59741], [26.80104, 38.61172], [26.77931, 38.61774], [26.7532, 38.61792], [26.75945, 38.63841], [26.74643, 38.63867], [26.71911, 38.65266], [26.73366, 38.66363], [26.75318, 38.66633], [26.73306, 38.68983], [26.7191, 38.72093], [26.73756, 38.73077], [26.78891, 38.73941], [26.81821, 38.75543], [26.83058, 38.74726], [26.85157, 38.74566], [26.88852, 38.73404], [26.90349, 38.73457], [26.89724, 38.74827], [26.92303, 38.76214], [26.93141, 38.75507], [26.93507, 38.77045], [26.93141, 38.78925], [26.92458, 38.78173], [26.89725, 38.81655], [26.93766, 38.83021], [26.94386, 38.80874], [26.96078, 38.80614], [26.97145, 38.81916], [26.95877, 38.84446], [26.9909, 38.85505], [27.01336, 38.87115], [27.03354, 38.8605], [27.05502, 38.87108], [27.06267, 38.88687], [27.04129, 38.89168], [27.05787, 38.91852], [27.05779, 38.92976], [27.04127, 38.94009], [27.01286, 38.92207], [26.98288, 38.91963], [26.96241, 38.94009], [26.93426, 38.9309], [26.92457, 38.94009], [26.86622, 38.91341], [26.85565, 38.91756], [26.8401, 38.93586], [26.8065, 38.95015], [26.79722, 38.97313], [26.79915, 38.99815], [26.81471, 39.01512], [26.81471, 39.02196], [26.79366, 39.02197], [26.82881, 39.04717], [26.87306, 39.06293], [26.88315, 39.0716], [26.87526, 39.09089], [26.82374, 39.14908], [26.79329, 39.163], [26.75463, 39.15399], [26.70535, 39.15081], [26.67479, 39.15663], [26.61281, 39.17524], [26.55092, 39.20364], [26.52555, 39.22111], [26.50677, 39.24064], [26.49672, 39.26218], [26.49949, 39.27948], [26.51291, 39.29626], [26.53403, 39.31269], [26.61372, 39.36098], [26.63531, 39.37728], [26.64905, 39.39398], [26.64953, 39.40088], [26.64429, 39.40691], [26.60875, 39.41846], [26.57382, 39.41761], [26.54238, 39.39624], [26.47353, 39.33209], [26.4575, 39.32271], [26.44274, 39.31981], [26.42499, 39.32392], [26.4059, 39.33324], [26.36679, 39.36268], [26.33169, 39.39859], [26.30712, 39.43192], [26.30549, 39.43847], [26.31107, 39.4556], [26.33945, 39.5003], [26.45092, 39.52457], [26.45858, 39.57661], [26.4751, 39.63048], [26.49078, 39.66384], [26.53546, 39.72994], [26.53553, 39.73754], [26.52807, 39.74248], [26.44694, 39.75721], [26.40384, 39.77021], [26.3631, 39.78623], [26.28263, 39.83148], [26.25891, 39.80355], [26.19537, 39.75345], [26.15053, 39.72805], [26.13642, 39.75568], [26.13788, 39.76455], [26.14991, 39.77611], [26.15496, 39.82616], [26.1517, 39.83515], [26.13642, 39.8376], [26.15675, 39.89899], [26.15062, 39.92504], [26.15252, 39.94235], [26.1649, 39.96271], [26.16366, 39.96471], [26.18866, 40.00177], [26.19777, 40.00884], [26.25115, 39.99486], [26.31105, 40.01948], [26.3577, 40.05963], [26.36309, 40.06859], [26.36941, 40.10293], [26.39069, 40.10765], [26.39536, 40.11457], [26.40194, 40.14633], [26.39635, 40.17276], [26.40798, 40.19366], [26.44142, 40.1966], [26.50074, 40.21296], [26.51938, 40.22517], [26.56366, 40.27016], [26.6076, 40.29043], [26.71442, 40.39043], [26.73561, 40.40354], [26.77713, 40.40548], [26.86305, 40.39989], [26.89723, 40.40614], [26.93442, 40.39248], [26.99147, 40.38862], [27.01336, 40.39248], [27.09637, 40.45229], [27.14308, 40.45391], [27.21534, 40.4477], [27.23756, 40.45185], [27.2715, 40.46783], [27.28695, 40.4682], [27.30354, 40.45824], [27.32861, 40.41356], [27.31492, 40.40616], [27.30323, 40.41096], [27.29444, 40.40616], [27.33758, 40.37031], [27.39291, 40.34211], [27.45232, 40.32201], [27.52329, 40.30878], [27.55128, 40.30882], [27.59702, 40.32831], [27.61297, 40.33099], [27.688, 40.31379], [27.71225, 40.32419], [27.73259, 40.31729], [27.76271, 40.31537], [27.78981, 40.32046], [27.81325, 40.3471], [27.86736, 40.36888], [27.88356, 40.3863], [27.86524, 40.38679], [27.81528, 40.39989], [27.79177, 40.3929], [27.78582, 40.41291], [27.76765, 40.42025], [27.75637, 40.43261], [27.75017, 40.45759], [27.72585, 40.46138], [27.68442, 40.49597], [27.68427, 40.50234], [27.70607, 40.51191], [27.72243, 40.52626], [27.73316, 40.53057], [27.75017, 40.52473], [27.76002, 40.53704], [27.78045, 40.51533], [27.7894, 40.51423], [27.79519, 40.52089], [27.8047, 40.52276], [27.9699, 40.50299], [28.01416, 40.49115], [28.03442, 40.47443], [28.01677, 40.45108], [27.92994, 40.41694], [27.90398, 40.39989], [27.90846, 40.37421], [27.94467, 40.36603], [28.02752, 40.37202], [28.11199, 40.39605], [28.34769, 40.40403], [28.4004, 40.39741], [28.48677, 40.39988], [28.46754, 40.39435], [28.45883, 40.37946], [28.49949, 40.39109], [28.54542, 40.39129], [28.59278, 40.38189], [28.63771, 40.36518], [28.64381, 40.37123], [28.65805, 40.36518], [28.6854, 40.37945], [28.74187, 40.38642], [28.77199, 40.40252], [28.88404, 40.38629], [28.93873, 40.36518], [29.05161, 40.36734], [29.06568, 40.37572], [29.09011, 40.42722], [29.11899, 40.42365], [29.15154, 40.43407], [29.13356, 40.45075], [29.0879, 40.47748], [29.06568, 40.48188], [29.011, 40.48188], [28.96949, 40.46138], [28.91668, 40.47091], [28.82846, 40.51301], [28.7742, 40.52278], [28.79266, 40.55328], [28.82684, 40.57061], [28.89772, 40.59174], [28.92774, 40.60643], [28.97007, 40.63946], [28.98634, 40.64475], [29.28292, 40.66627], [29.32325, 40.67674], [29.39185, 40.70782], [29.41684, 40.68675], [29.46144, 40.70417], [29.47007, 40.71893], [29.47927, 40.72406], [29.50087, 40.72887], [29.52751, 40.7215], [29.54223, 40.70966], [29.54884, 40.69098], [29.55991, 40.69107], [29.75352, 40.72456], [29.8672, 40.7289], [29.90358, 40.71625], [29.92416, 40.71646], [29.9393, 40.73505], [29.92921, 40.75804], [29.89015, 40.7635], [29.7754, 40.74873], [29.73756, 40.76984], [29.66711, 40.78333], [29.42872, 40.77607], [29.37778, 40.75655], [29.35695, 40.76241], [29.33953, 40.78758], [29.32914, 40.79035], [29.34344, 40.7978], [29.33953, 40.80781], [29.31544, 40.82445], [29.31105, 40.8182], [29.30177, 40.82445], [29.2932, 40.8186], [29.25458, 40.81079], [29.25458, 40.81703], [29.27076, 40.82185], [29.2746, 40.83876], [29.28826, 40.83128], [29.28842, 40.83779], [29.29493, 40.83877], [29.26393, 40.86978], [29.24098, 40.88255], [29.22047, 40.87972], [29.20135, 40.89395], [29.14479, 40.91414], [29.08318, 40.95966], [29.0281, 40.98213], [29.03484, 40.98957], [29.0233, 40.99336], [29.00758, 41.0305], [29.02605, 41.03828], [29.06235, 41.07632], [29.09059, 41.14094], [29.06926, 41.15297], [29.09262, 41.18036], [29.12983, 41.21171], [29.16969, 41.23309], [29.20623, 41.22919], [29.21616, 41.2394], [29.23207, 41.24067], [29.41974, 41.21428], [29.61883, 41.1789], [29.90916, 41.14848], [30.13689, 41.14379], [30.16521, 41.14663], [30.21705, 41.16714], [30.24049, 41.19231], [30.2483, 41.18757], [30.27126, 41.21116], [30.28248, 41.21551], [30.29558, 41.20742], [30.33668, 41.20082], [30.36996, 41.18134], [30.69895, 41.12158], [30.74806, 41.09199], [30.83326, 41.0799], [31.09059, 41.08515], [31.12477, 41.09812], [31.16944, 41.09199], [31.21046, 41.09812], [31.23121, 41.09199], [31.23878, 41.09369], [31.24888, 41.10565], [31.29021, 41.11786], [31.32358, 41.13386], [31.39275, 41.18842], [31.40105, 41.20209], [31.40801, 41.24816], [31.41961, 41.28034], [31.39608, 41.29569], [31.39285, 41.30365], [31.40358, 41.31647], [31.42514, 41.32257], [31.47104, 41.32477], [31.49831, 41.35203], [31.65895, 41.39793], [31.87194, 41.50471], [31.99334, 41.54951], [32.03941, 41.57558], [32.13412, 41.59943], [32.16188, 41.61201], [32.17841, 41.6369], [32.24342, 41.69294], [32.26337, 41.72015], [32.29705, 41.72735], [32.35182, 41.72944], [32.3537, 41.73574], [32.37232, 41.7425], [32.38258, 41.75608], [32.39967, 41.7425], [32.41725, 41.74893], [32.45429, 41.77724], [32.53506, 41.81082], [32.56283, 41.81687], [32.57781, 41.81135], [32.58938, 41.82696], [32.61257, 41.83953], [32.63966, 41.84389], [32.6631, 41.83495], [32.67921, 41.83633], [32.75538, 41.85911], [32.79851, 41.85969], [32.82749, 41.86469], [32.84457, 41.87278], [32.85564, 41.86831], [32.92612, 41.88182], [32.96192, 41.89411], [33.00807, 41.9173], [33.16554, 41.95698], [33.32479, 42.01904], [33.36085, 42.02064], [33.43434, 42.01065], [33.54054, 42.01064], [33.61346, 41.99372], [33.82716, 41.97769], [33.84522, 41.98264], [33.87355, 41.97443], [34.00392, 41.98262], [34.33131, 41.94794], [34.4452, 41.97278], [34.48268, 41.97524], [34.56178, 41.95185], [34.69418, 41.94595], [34.74635, 41.95038], [34.7986, 41.96223], [34.88901, 42.0078], [34.91879, 42.03555], [34.9419, 42.06928], [34.9481, 42.09877], [34.99073, 42.09112], [35.00343, 42.08511], [35.00614, 42.09146], [35.02393, 42.0925], [35.04882, 42.06513], [35.04444, 42.05158], [35.08155, 42.0292], [35.1045, 42.02188], [35.1338, 42.02363], [35.17124, 42.04413], [35.18646, 42.04235], [35.2163, 42.02362], [35.2163, 42.0168], [35.16261, 42.02171], [35.13754, 42.01952], [35.11671, 42.0069], [35.09881, 41.96971], [35.09213, 41.92805], [35.12574, 41.87531], [35.15577, 41.84569], [35.20947, 41.81134], [35.20947, 41.80452], [35.19581, 41.80451], [35.22478, 41.76187], [35.25358, 41.75063], [35.29819, 41.71515], [35.35768, 41.69685], [35.40105, 41.69154], [35.44907, 41.66055], [35.48585, 41.64509], [35.53012, 41.63426], [35.57667, 41.62971], [35.6198, 41.63264], [35.67873, 41.65692], [35.74057, 41.66498], [35.84621, 41.69871], [35.89381, 41.70747], [35.93483, 41.7324], [35.95651, 41.73622], [35.94679, 41.71723], [35.92897, 41.70893], [35.93051, 41.69383], [35.91163, 41.66279], [35.91529, 41.64623], [35.9227, 41.64623], [35.92482, 41.67023], [35.93434, 41.69212], [35.94793, 41.71003], [35.97288, 41.72856], [35.97787, 41.72967], [36.0381, 41.68781], [36.0381, 41.70146], [36.04492, 41.70147], [36.12044, 41.62775], [36.13444, 41.59906], [36.13444, 41.55817], [36.12078, 41.52705], [36.11996, 41.49433], [36.13445, 41.4619], [36.17888, 41.41999], [36.20475, 41.40647], [36.23683, 41.35887], [36.3034, 41.32852], [36.33187, 41.32318], [36.33732, 41.31835], [36.34376, 41.28872], [36.37451, 41.27699], [36.39503, 41.25641], [36.42383, 41.25169], [36.45102, 41.24042], [36.47608, 41.24494], [36.51791, 41.26264], [36.57936, 41.30732], [36.6019, 41.34374], [36.60672, 41.36628], [36.61989, 41.37506], [36.67172, 41.36628], [36.75831, 41.36623], [36.83696, 41.35067], [36.98455, 41.29462], [37.0151, 41.27474], [37.03189, 41.24282], [37.03386, 41.1988], [37.03972, 41.18154], [37.07748, 41.17083], [37.13551, 41.14663], [37.26344, 41.14784], [37.29932, 41.14036], [37.33351, 41.11933], [37.39535, 41.10846], [37.43653, 41.0777], [37.47754, 41.06777], [37.50473, 41.04291], [37.52475, 41.03718], [37.56471, 41.04046], [37.58058, 41.03677], [37.60792, 41.05044], [37.64034, 41.10175], [37.67182, 41.13107], [37.68978, 41.14035], [37.6985, 41.12409], [37.7151, 41.11473], [37.73422, 41.11465], [37.75123, 41.12611], [37.75807, 41.11933], [37.78385, 41.12261], [37.78517, 41.06], [37.80274, 41.04291], [37.86792, 41.01556], [37.89576, 40.98212], [37.93475, 40.99509], [37.98143, 40.99025], [38.10222, 40.9597], [38.1613, 40.95209], [38.20143, 40.94135], [38.22413, 40.94115], [38.26832, 40.95037], [38.28736, 40.9472], [38.3309, 40.91787], [38.35125, 40.91787], [38.38933, 40.9269], [38.45232, 40.91673], [38.46372, 40.92376], [38.5394, 40.92691], [38.59157, 40.96255], [38.63706, 40.97601], [38.64947, 40.97515], [38.67791, 40.94864], [38.71762, 40.95478], [38.74334, 40.97247], [38.75514, 40.97529], [38.78371, 41.00177], [38.87582, 41.01895], [38.90865, 41.03774], [38.92782, 41.04263], [39.04176, 41.0434], [39.12232, 41.05728], [39.15651, 41.07769], [39.16801, 41.07969], [39.21972, 41.07297], [39.25074, 41.05305], [39.2732, 41.05044], [39.31724, 41.06805], [39.34913, 41.07396], [39.40284, 41.09813], [39.41823, 41.11], [39.43019, 41.11248], [39.49292, 41.10101], [39.53393, 41.06372], [39.51863, 40.87626], [39.51155, 40.84098], [39.48427, 40.77361], [39.46429, 40.74172], [39.41704, 40.68758], [39.37961, 40.70127], [39.28914, 40.6919], [39.17337, 40.69846], [39.06963, 40.68562], [39.0609, 40.67791], [39.07583, 40.59149], [39.10103, 40.50998], [39.13592, 40.43356], [39.25655, 40.21429], [39.28739, 40.13951], [39.30619, 40.06104], [39.30831, 39.97816], [39.27969, 39.80043], [39.19392, 39.44483], [39.1686, 39.26654], [39.16673, 39.14391], [39.17483, 39.02401], [39.21982, 38.67558], [39.22862, 38.55983], [39.22772, 38.44208], [39.21321, 38.32244], [39.18422, 38.20479], [39.05478, 37.82945], [39.01807, 37.70512], [38.99495, 37.58537], [38.99165, 37.47252], [39.01466, 37.36748], [39.04548, 37.30107], [39.08286, 37.23918], [39.2534, 37.00012], [39.28993, 36.93454], [39.44625, 36.53555], [39.48049, 36.39679], [39.49722, 36.2589], [39.56301, 35.98951], [39.57471, 35.92155], [39.57917, 35.85564], [39.57373, 35.79281], [39.5555, 35.73966], [39.52381, 35.6972], [39.4817, 35.66457], [39.4309, 35.63937], [39.31314, 35.60477], [39.09947, 35.55824], [38.94105, 35.50716], [38.72342, 35.41302], [38.50986, 35.31324], [38.44894, 35.28025], [38.3318, 35.20758], [38.0685, 35.02181], [37.93078, 34.93268], [37.84372, 34.87029], [37.76576, 34.79834], [37.70703, 34.71428], [37.68387, 34.66657], [37.64689, 34.56718], [37.51744, 34.1575], [37.29921, 33.35457], [37.22701, 33.10156], [37.14661, 32.84292], [37.11806, 32.76017], [37.2529, 32.55919], [36.9801, 32.41004], [36.81939, 32.31679], [36.80657, 32.31304], [36.8531, 32.07963], [36.83209, 32.03077], [36.69539, 31.7487], [36.53945, 31.46218], [36.36222, 31.17194], [36.17567, 30.89582], [35.92036, 30.55736], [35.64153, 30.12246], [35.4159, 29.81759], [35.35354, 29.71996], [35.3827, 29.66159], [35.40445, 29.58964], [35.40979, 29.5361], [35.40599, 29.4663], [35.39815, 29.43139], [35.37641, 29.37548], [35.37037, 29.31376], [35.35624, 29.2626], [35.29731, 29.06969], [35.28425, 29.04977], [35.27367, 29.00516], [35.25018, 28.82801], [35.21224, 28.70317], [35.21318, 28.66992], [35.2014, 28.64043], [35.21176, 28.54439], [35.20542, 28.45568], [35.3094, 28.4058], [35.33103, 28.36241], [35.35026, 28.2938], [35.35802, 28.18498], [35.3544, 28.11722], [35.33235, 28.02982], [35.29785, 27.96472], [35.27012, 27.92922], [35.24562, 27.96235], [35.22975, 27.9689], [35.18149, 28.00292], [35.18149, 27.99605], [35.17466, 27.99605], [35.1636, 28.00934], [35.17653, 28.01947], [35.21632, 28.03766], [35.2269, 28.03315], [35.21632, 28.05439], [35.17465, 28.06501], [35.16782, 28.06501], [35.16781, 28.05818], [35.1618, 28.05818], [35.14479, 28.0764], [35.11037, 28.07894], [35.05193, 28.11957], [35.042, 28.11303], [35.0197, 28.11347], [35.03074, 28.09913], [34.9979, 28.1142], [34.93727, 28.09125], [34.92774, 28.07861], [34.92092, 28.07861], [34.92091, 28.08543], [34.90089, 28.08227], [34.8602, 28.08539], [34.84645, 28.07121], [34.83889, 28.07861], [34.83889, 28.08544], [34.84645, 28.08544], [34.84262, 28.09984], [34.86622, 28.11278], [34.83676, 28.11628], [34.82537, 28.11278], [34.82537, 28.1059], [34.83277, 28.1059], [34.83277, 28.09911], [34.8143, 28.08893], [34.80486, 28.07121], [34.79178, 28.0786], [34.80161, 28.0904], [34.8191, 28.09911], [34.8191, 28.11278], [34.79371, 28.11107], [34.78647, 28.10472], [34.78444, 28.09293], [34.77735, 28.09618], [34.77077, 28.09294], [34.77076, 28.1059], [34.76498, 28.1059], [34.76499, 28.09911], [34.75702, 28.09912], [34.74733, 28.11201], [34.73658, 28.10592], [34.7274, 28.11214], [34.70924, 28.14008], [34.69499, 28.12647], [34.68198, 28.13516], [34.67456, 28.11279], [34.64715, 28.09911], [34.64715, 28.09292], [34.66829, 28.07859], [34.66829, 28.0712], [34.65528, 28.06502], [34.64715, 28.07119], [34.64144, 28.0417], [34.63517, 28.03346], [34.61306, 28.03023], [34.62045, 28.03766], [34.61306, 28.04451], [34.60874, 28.05853], [34.60621, 28.09602], [34.59889, 28.10326], [34.57441, 28.09408], [34.57887, 28.1059], [34.57278, 28.11278], [34.58742, 28.13182], [34.62672, 28.16055], [34.62047, 28.16739], [34.62713, 28.17666], [34.64031, 28.18105], [34.64031, 28.17642], [34.63347, 28.17487], [34.6517, 28.16779], [34.65772, 28.17056], [34.6609, 28.18106], [34.65528, 28.18106], [34.65528, 28.18789], [34.64814, 28.19424], [34.6496, 28.20087], [34.6683, 28.20897], [34.6649, 28.22451], [34.67458, 28.27045], [34.68873, 28.26362], [34.68873, 28.27729], [34.68043, 28.27167], [34.67458, 28.27725], [34.69467, 28.29442], [34.71502, 28.32746], [34.73048, 28.36359], [34.74107, 28.41059], [34.76059, 28.43659], [34.775, 28.48317], [34.80378, 28.52713], [34.79343, 28.61943], [34.77848, 28.6645], [34.79696, 28.72599], [34.82537, 28.78437], [34.82537, 28.79059], [34.81912, 28.7906], [34.83611, 28.81647], [34.83855, 28.82856], [34.83277, 28.84562], [34.84409, 28.87641], [34.84197, 28.88963], [34.82538, 28.89424], [34.82538, 28.90037], [34.8401, 28.92243], [34.85629, 28.96381], [34.86378, 29.00625], [34.85256, 29.0314], [34.85256, 29.04507], [34.87355, 29.08527], [34.89351, 29.17451], [34.90935, 29.21015], [34.90936, 29.23065], [34.94207, 29.25047], [34.93266, 29.28901], [34.93638, 29.30385], [34.94809, 29.29829], [34.95069, 29.30573], [34.95558, 29.30512], [34.94533, 29.3369], [34.9494, 29.3517], [34.96241, 29.35977], [34.96905, 29.45102], [34.9761, 29.47703], [34.99781, 29.51797], [34.99684, 29.53388], [34.97609, 29.55215], [34.96241, 29.55216], [34.96022, 29.55952], [34.95558, 29.55899], [34.95121, 29.54545], [34.91977, 29.50739], [34.91081, 29.48995], [34.88673, 29.49006], [34.85971, 29.47215], [34.83814, 29.43294], [34.82537, 29.42862], [34.83326, 29.42617], [34.83276, 29.42114], [34.81764, 29.41218], [34.8152, 29.4064], [34.81908, 29.40071], [34.80519, 29.39643], [34.81225, 29.38764], [34.77759, 29.3461], [34.75701, 29.33308], [34.7451, 29.31598], [34.73658, 29.31126], [34.74528, 29.29133], [34.72901, 29.25047], [34.729, 29.19892], [34.72363, 29.18668], [34.695, 29.1645], [34.68999, 29.13417], [34.67457, 29.10651], [34.67457, 29.03441], [34.68652, 29.01243], [34.68577, 28.98888], [34.64674, 28.96743], [34.64031, 28.9488], [34.64599, 28.92235], [34.64713, 28.86287], [34.62045, 28.84585], [34.62631, 28.80263], [34.62045, 28.79059], [34.63346, 28.7707], [34.62281, 28.75983], [34.62451, 28.73599], [34.61524, 28.72419], [34.60767, 28.70149], [34.58424, 28.67235], [34.57031, 28.62617], [34.53012, 28.5727], [34.51631, 28.53878], [34.51059, 28.53799], [34.5236, 28.50731], [34.51156, 28.48779], [34.469, 28.45539], [34.47526, 28.44795], [34.46168, 28.44204], [34.45428, 28.4289], [34.44116, 28.37348], [34.42742, 28.35611], [34.40691, 28.30801], [34.41066, 28.27814], [34.42057, 28.25617], [34.41293, 28.23314], [34.45532, 28.17487], [34.43872, 28.10985], [34.42675, 28.08154], [34.44401, 28.05354], [34.42742, 27.98306], [34.43488, 27.97558], [34.40073, 27.96874], [34.38998, 27.94527], [34.37696, 27.93818], [34.37085, 27.92366], [34.33131, 27.91413], [34.3387, 27.90669], [34.32096, 27.86128], [34.31128, 27.85205], [34.30446, 27.85205], [34.28639, 27.86441], [34.27947, 27.85834], [34.27271, 27.83617], [34.26352, 27.82477], [34.27172, 27.81245], [34.25929, 27.80184], [34.2393, 27.79409], [34.21412, 27.79149], [34.2212, 27.76984], [34.25732, 27.76951], [34.25732, 27.76334], [34.24985, 27.76333], [34.24985, 27.7565], [34.2635, 27.73604], [34.24985, 27.74282], [34.25123, 27.73725], [34.25734, 27.73603], [34.25732, 27.72859], [34.2501, 27.72858], [34.22755, 27.75821], [34.18979, 27.78677], [34.07846, 27.8007], [34.05467, 27.8144], [33.98756, 27.88666], [33.97381, 27.88924], [33.91676, 27.93574], [33.90398, 27.9418], [33.89088, 27.94253], [33.87941, 27.93465], [33.86557, 27.96133], [33.8589, 27.95516], [33.80422, 27.99605], [33.79371, 28.01313], [33.76337, 28.024], [33.76393, 28.04902], [33.71601, 28.07527], [33.7155, 28.09292], [33.68448, 28.12417], [33.67264, 28.14579], [33.67457, 28.16055], [33.66033, 28.17487], [33.65406, 28.17487], [33.65406, 28.1674], [33.64666, 28.1674], [33.63478, 28.18131], [33.61818, 28.2333], [33.6128, 28.24063], [33.60565, 28.23629], [33.56471, 28.2971], [33.43394, 28.36641], [33.40016, 28.41445], [33.369, 28.44233], [33.36915, 28.44794], [33.30519, 28.48974], [33.29478, 28.49942], [33.27882, 28.52753], [33.25621, 28.54414], [33.26246, 28.55158], [33.26246, 28.54414], [33.26979, 28.54414], [33.26295, 28.57705], [33.2461, 28.57949], [33.23764, 28.56611], [33.2562, 28.55158], [33.23944, 28.5566], [33.2287, 28.56941], [33.21901, 28.628], [33.19485, 28.67512], [33.22828, 28.76386], [33.21015, 28.78507], [33.20476, 28.80516], [33.18101, 28.81851], [33.17459, 28.83698], [33.16733, 28.90016], [33.17758, 28.91836], [33.16587, 28.97606], [33.17791, 28.98957], [33.17075, 29.00308], [33.15919, 29.01411], [33.1531, 29.01338], [33.14503, 29.03172], [33.13648, 29.03461], [33.12648, 29.03141], [33.11606, 29.04312], [33.07863, 29.06489], [33.06121, 29.10139], [33.04022, 29.11812], [33.02345, 29.14061], [33.00913, 29.14741], [33.00294, 29.16112], [32.95786, 29.20209], [32.91952, 29.21768], [32.8856, 29.24307], [32.86834, 29.29743], [32.84597, 29.30834], [32.83955, 29.31601], [32.81741, 29.35977], [32.82106, 29.39704], [32.81723, 29.41405], [32.7903, 29.42545], [32.74157, 29.45596], [32.7492, 29.45596], [32.74537, 29.46312], [32.72853, 29.46963], [32.73536, 29.47728], [32.73471, 29.48383], [32.72853, 29.48383], [32.72145, 29.46748], [32.72851, 29.45597], [32.71503, 29.45597], [32.7225, 29.49274], [32.72413, 29.53954], [32.71241, 29.58047], [32.68085, 29.59993], [32.68686, 29.61815], [32.68088, 29.66163], [32.69386, 29.70604], [32.69068, 29.73363], [32.65644, 29.77709], [32.64845, 29.79462], [32.6255, 29.81525], [32.60452, 29.82417], [32.60956, 29.83388], [32.6255, 29.84634], [32.62534, 29.87425], [32.61248, 29.89374], [32.57156, 29.9289], [32.58432, 29.93871], [32.57781, 29.9488], [32.58546, 29.95246], [32.56162, 29.97639], [32.57781, 29.98355], [32.57781, 30.01142], [32.57154, 30.01142], [32.55747, 29.97647], [32.57049, 29.95576], [32.57154, 29.94257], [32.56415, 29.94258], [32.56178, 29.95523], [32.55397, 29.9621], [32.54274, 29.96255], [32.53004, 29.95622], [32.51344, 29.96158], [32.49391, 29.95063], [32.4769, 29.9322], [32.46795, 29.91523], [32.46681, 29.89688], [32.47291, 29.88198], [32.48699, 29.87157], [32.50951, 29.86684], [32.49155, 29.85407], [32.39283, 29.73436], [32.36394, 29.68822], [32.35808, 29.67194], [32.35736, 29.63036], [32.35156, 29.61368], [32.33766, 29.59992], [32.33766, 29.59248], [32.34846, 29.58486], [32.36855, 29.55738], [32.3768, 29.53608], [32.45119, 29.48741], [32.49732, 29.44009], [32.52873, 29.42351], [32.55718, 29.39762], [32.58122, 29.36912], [32.59138, 29.34971], [32.60548, 29.29194], [32.61866, 29.26118], [32.63232, 29.24307], [32.62867, 29.21894], [32.65895, 29.11055], [32.65967, 29.0891], [32.63892, 29.06135], [32.62818, 29.05703], [32.62468, 29.04816], [32.63232, 29.03758], [32.6255, 28.97272], [32.67334, 28.92153], [32.68084, 28.88056], [32.70752, 28.85634], [32.7492, 28.80484], [32.78451, 28.79938], [32.80689, 28.77814], [32.82073, 28.74761], [32.86891, 28.57892], [32.92725, 28.55157], [32.96342, 28.51787], [32.97291, 28.49982], [33.00293, 28.48948], [33.01303, 28.46304], [33.04176, 28.41413], [33.05078, 28.40692], [33.04957, 28.40135], [33.04322, 28.40078], [33.08757, 28.36859], [33.10654, 28.3473], [33.10532, 28.32563], [33.11971, 28.30894], [33.12648, 28.2875], [33.20052, 28.21136], [33.21217, 28.18993], [33.24194, 28.17486], [33.24936, 28.14289], [33.28321, 28.13238], [33.31642, 28.09638], [33.33813, 28.08543], [33.33611, 28.05679], [33.3436, 28.0506], [33.36605, 28.05067], [33.37468, 28.03587], [33.44192, 28.0164], [33.51253, 27.95905], [33.53541, 27.91641], [33.55437, 27.89647], [33.57616, 27.85049], [33.59204, 27.79126], [33.57155, 27.79126], [33.56007, 27.81342], [33.48894, 27.84589], [33.48219, 27.84589], [33.47348, 27.82319], [33.48219, 27.80492], [33.51172, 27.77509], [33.52272, 27.7519], [33.55144, 27.76161], [33.55786, 27.75991], [33.55249, 27.73188], [33.53679, 27.70807], [33.55047, 27.69505], [33.57495, 27.68137], [33.59204, 27.65347], [33.59204, 27.64665], [33.55787, 27.68138], [33.55047, 27.68138], [33.55786, 27.65966], [33.55048, 27.65966], [33.5442, 27.67918], [33.52654, 27.67756], [33.50717, 27.66372], [33.49635, 27.64663], [33.51984, 27.63565], [33.56469, 27.57152], [33.55828, 27.55711], [33.55787, 27.53677], [33.61817, 27.50811], [33.63298, 27.49583], [33.64039, 27.45482], [33.67114, 27.42039], [33.68482, 27.3557], [33.69166, 27.34186], [33.72478, 27.31371], [33.82518, 27.25983], [33.83838, 27.24258], [33.83838, 27.19416], [33.82472, 27.18049], [33.83676, 27.12075], [33.84718, 27.107], [33.88314, 27.08079], [33.90137, 27.05874], [33.90868, 27.04215], [33.89373, 27.04393], [33.89389, 27.0279], [33.90089, 27.01423], [33.921, 26.98917], [33.95167, 26.93098], [33.99097, 26.90741], [33.996, 26.89678], [34.00358, 26.84917], [33.99623, 26.83806], [33.97967, 26.83712], [33.95965, 26.8498], [33.94825, 26.831], [33.94581, 26.79999], [33.9519, 26.74336], [33.93214, 26.6826], [33.94142, 26.65351], [33.95541, 26.64301], [34.0034, 26.62574], [34.014, 26.61163], [34.02394, 26.58072], [34.05639, 26.5423], [34.07054, 26.51509], [34.10483, 26.42666], [34.17749, 26.31484], [34.26197, 26.13947], [34.30102, 26.08779], [34.33872, 26.00178], [34.41728, 25.90341], [34.43474, 25.86188], [34.5018, 25.77163], [34.54655, 25.72504], [34.5813, 25.66288], [34.63335, 25.56962], [34.64715, 25.52204], [34.67139, 25.47972], [34.68189, 25.4287], [34.69996, 25.40103], [34.74333, 25.3513], [34.76499, 25.29609], [34.79492, 25.25438], [34.8069, 25.21161], [34.93913, 25.00336], [34.94304, 24.97126], [34.95372, 24.94414], [34.98975, 24.90501], [34.99391, 24.84931], [35.00221, 24.81562], [35.01027, 24.80443], [35.06362, 24.76389], [35.08072, 24.73541], [35.10955, 24.64378], [35.14601, 24.5859], [35.16026, 24.57461], [35.16064, 24.5585], [35.14444, 24.52767], [35.14456, 24.50021], [35.18571, 24.48565], [35.23545, 24.40013], [35.37039, 24.30625], [35.39171, 24.28294], [35.42864, 24.18595], [35.45593, 24.15874], [35.49383, 24.1089], [35.51051, 24.11123], [35.49378, 24.13897], [35.5039, 24.14053], [35.52419, 24.12128], [35.55205, 24.11049], [35.58836, 24.07583], [35.60272, 24.0481], [35.60526, 24.01882], [35.63563, 24.00186], [35.66685, 24.00724], [35.71728, 23.99341], [35.73856, 23.98331], [35.75374, 23.96865], [35.77482, 23.92391], [35.79252, 23.90229], [35.78578, 23.89306], [35.75036, 23.93242], [35.73601, 23.93321], [35.68452, 23.91093], [35.64575, 23.92556], [35.59854, 23.92943], [35.57999, 23.93636], [35.56178, 23.95718], [35.55145, 23.9604], [35.55055, 23.96548], [35.51393, 23.97712], [35.50492, 23.971], [35.49122, 23.94758], [35.48387, 23.91779], [35.49064, 23.87], [35.47477, 23.79791], [35.48322, 23.77249], [35.50171, 23.76869], [35.51014, 23.75638], [35.50611, 23.73457], [35.51021, 23.68392], [35.50368, 23.55589], [35.48943, 23.49702], [35.49334, 23.48237], [35.52432, 23.43871], [35.54742, 23.39428], [35.55143, 23.37751], [35.5503, 23.33023], [35.57468, 23.21257], [35.62096, 23.13949], [35.65463, 23.07375], [35.66782, 22.98261], [35.6953, 22.93213], [35.73707, 22.88398], [35.76368, 22.87043], [35.72342, 22.93186], [35.74293, 22.93129], [35.7557, 22.9223], [35.77105, 22.8906], [35.78492, 22.8332], [35.80127, 22.82257], [35.84755, 22.76299], [35.88596, 22.7357], [35.94019, 22.71661], [35.96949, 22.69798], [36.1203, 22.67574], [36.19777, 22.65168], [36.22608, 22.63543], [36.27466, 22.59235], [36.2904, 22.56839], [36.29637, 22.522], [36.31342, 22.49161], [36.37452, 22.44526], [36.40476, 22.43288], [36.40157, 22.44856], [36.40685, 22.44857], [36.42809, 22.42604], [36.42282, 22.3976], [36.43982, 22.35644], [36.50791, 22.32793], [36.56261, 22.29682], [36.6233, 22.24957], [36.71372, 22.16913], [36.73276, 22.15961], [36.74757, 22.16096], [36.75685, 22.17689], [36.78208, 22.16455], [36.79565, 22.15078], [36.81821, 22.10883], [36.87194, 22.07411], [36.89537, 22.06613], [36.89844, 22.01749], [36.8838, 21.99665], [36.88051, 21.9805], [36.8737, 21.97408], [36.8401, 21.96613], [36.86393, 21.94936], [36.87353, 21.9361], [36.8742, 21.81525], [36.89681, 21.67788], [36.88787, 21.65013], [36.90202, 21.64105], [36.90593, 21.61709], [36.93053, 21.58569], [36.98406, 21.46581], [37.11362, 21.27806], [37.19898, 21.20213], [37.3053, 21.07461], [37.31299, 21.05768], [37.30396, 21.02091], [37.29135, 21.01265], [37.27215, 21.02017], [37.25179, 21.00619], [37.2339, 21.02026], [37.19234, 21.08591], [37.18931, 21.09723], [37.1963, 21.10211], [37.20931, 21.09861], [37.22706, 21.07168], [37.25001, 21.055], [37.26352, 21.04975], [37.27215, 21.05427], [37.27003, 21.06257], [37.24538, 21.08906], [37.22975, 21.12783], [37.21892, 21.14175], [37.20314, 21.13688], [37.17514, 21.15672], [37.167, 21.1462], [37.1592, 21.14803], [37.14862, 21.17097], [37.15952, 21.20645], [37.14861, 21.21874], [37.12143, 21.22427], [37.10499, 21.20751], [37.0984, 21.18089], [37.10076, 21.15672], [37.1058, 21.15111], [37.11817, 21.15033], [37.1206, 21.1437], [37.11378, 21.12324], [37.11784, 21.08613], [37.11377, 21.07478], [37.10393, 21.06549], [37.08668, 21.05711], [37.08644, 21.0406], [37.12061, 20.99969], [37.1473, 20.94086], [37.16002, 20.87796], [37.16912, 20.74641], [37.17558, 20.71871], [37.07726, 20.69116], [36.97278, 20.67415], [36.898, 20.67614], [36.86109, 20.68229], [36.7906, 20.70439], [36.78102, 20.82286], [36.75043, 20.87084], [36.72044, 20.93848], [36.71089, 20.97469], [36.70294, 21.04206], [36.6961, 21.04643], [36.5769, 21.06373], [36.27405, 21.08796], [35.98025, 21.1022], [35.67728, 21.12768], [35.55522, 21.1339], [35.3037, 21.12694], [35.04823, 21.10826], [34.92789, 21.09411], [34.708, 21.05192], [34.59477, 21.0367], [34.3693, 21.03408], [34.25505, 21.04349], [34.13985, 21.06826], [34.0822, 21.08852], [33.94108, 21.14904], [33.80114, 21.21642], [33.66299, 21.29058], [33.52656, 21.3717], [33.39125, 21.46035], [33.25754, 21.55639], [33.12516, 21.66017], [32.99982, 21.76853], [32.98509, 21.99541], [32.48839, 21.99541], [32.47509, 22.22389], [32.42433, 22.27109], [32.31541, 22.38121], [32.21361, 22.4964], [32.12199, 22.61662], [32.05518, 22.72773], [32.00216, 22.84322], [31.87885, 23.1793], [31.79648, 23.37009], [31.70531, 23.55666], [31.43683, 24.07204], [31.19349, 24.54805], [30.83976, 25.26795], [30.58161, 25.81999], [30.38141, 26.22077], [30.33001, 26.34195], [30.18969, 26.71555], [30.05251, 27.03202], [29.89626, 27.3472], [29.78117, 27.54893], [29.72016, 27.6341], [29.59216, 27.77829], [29.5281, 27.86002], [28.96346, 28.68009], [28.74076, 29.01479], [28.60695, 29.18909], [28.50806, 29.30365], [28.40478, 29.41335], [28.11141, 29.70428], [28.04503, 29.75974], [27.97789, 29.80532], [27.83439, 29.88169], [27.53782, 30.01329], [27.33653, 30.12507], [27.2552, 30.15465], [27.14692, 30.17633], [26.58249, 30.25912], [26.16713, 30.32856], [25.74296, 30.42346], [25.31096, 30.54431], [24.86864, 30.67341], [24.41568, 30.78621], [23.96129, 30.85637], [23.50962, 30.86705], [23.06422, 30.80996], [22.62505, 30.67759], [22.44169, 30.59509], [22.2645, 30.49915], [21.56757, 30.06757], [21.42645, 29.97433], [21.36517, 29.94268], [21.1275, 29.86166], [20.92029, 29.80387], [20.71017, 29.75587], [20.49826, 29.71802], [20.28581, 29.69066], [20.0742, 29.67413], [19.86485, 29.6686], [19.65873, 29.67396], [19.52019, 29.68457], [19.3836, 29.70497], [19.27936, 29.72981], [19.12675, 29.77864], [18.97706, 29.83476], [18.98848, 29.90338], [18.98348, 29.91149], [18.87126, 29.92811], [18.80396, 29.94739], [18.72884, 29.97682], [18.63554, 30.02819], [18.62003, 30.09106], [18.61725, 30.12668], [18.6237, 30.19657], [18.64559, 30.30199], [18.68311, 30.40835], [18.71925, 30.39151], [18.76099, 30.38422], [18.78024, 30.37604], [18.92596, 30.29336], [18.96803, 30.27774], [19.05681, 30.26618], [19.14601, 30.26472], [19.23976, 30.27399], [19.33855, 30.29881], [19.41896, 30.33324], [19.53053, 30.39679], [19.55104, 30.40493], [19.59604, 30.41201], [19.61638, 30.42137], [19.74887, 30.51093], [19.91432, 30.68293], [19.9822, 30.77863], [20.03647, 30.81908], [20.09986, 30.935], [20.14666, 31.04556], [20.15235, 31.0882], [20.14666, 31.21678], [20.12812, 31.24299], [20.10328, 31.30874], [20.08221, 31.33661], [20.03835, 31.37589], [20.02224, 31.3968], [19.95486, 31.55948], [19.94801, 31.64509], [19.92068, 31.71772], [19.91727, 31.75896], [19.91973, 31.8049], [19.93431, 31.88824], [19.94801, 31.92597], [19.94013, 31.95775], [20.04787, 32.14578], [20.0714, 32.17623], [20.26173, 32.33954], [20.32546, 32.40981], [20.38551, 32.43464], [20.56268, 32.55784], [20.79656, 32.64301], [20.9338, 32.72243], [21.05067, 32.77216], [21.09669, 32.78106], [21.28679, 32.77114], [21.33188, 32.77464], [21.41481, 32.7934], [21.4546, 32.81257], [21.60866, 32.93072], [21.62322, 32.93674], [21.67172, 32.93989], [21.71632, 32.95037], [21.74366, 32.93085], [21.78745, 32.91596], [21.87745, 32.90322], [22.0962, 32.92308], [22.11672, 32.94415], [22.14958, 32.94793], [22.16943, 32.93821], [22.17506, 32.91625], [22.2068, 32.88813], [22.24733, 32.88084], [22.33983, 32.88208], [22.37915, 32.87034], [22.47731, 32.80707], [22.51384, 32.79096], [22.57915, 32.78454], [22.81251, 32.7245], [22.86671, 32.69416], [22.92921, 32.6767], [22.9769, 32.67669], [23.04135, 32.65253], [23.10612, 32.63983], [23.11865, 32.62934], [23.12093, 32.61522], [23.09441, 32.57738], [23.10385, 32.51634], [23.11329, 32.5008], [23.14892, 32.47809], [23.12842, 32.39551], [23.10866, 32.40234], [23.10987, 32.42031], [23.09441, 32.43647], [23.07911, 32.35444], [23.08058, 32.33405], [23.09555, 32.32355], [23.17896, 32.29995], [23.19507, 32.29164], [23.23065, 32.25085], [23.2435, 32.22061], [23.28543, 32.20374], [23.3025, 32.17072], [23.31218, 32.16275], [23.2991, 32.22417], [23.31837, 32.21784], [23.36222, 32.21703], [23.40528, 32.19066], [23.5311, 32.18138], [23.66969, 32.18325], [23.84014, 32.14916], [23.99869, 32.0939], [23.97071, 32.0666], [24.00489, 32.05292], [24.06788, 32.01118], [24.09067, 32.00576], [24.28115, 32.00754], [24.54607, 31.99144], [24.63624, 32.01488], [24.67026, 32.03241], [24.71062, 32.02558], [24.73373, 32.03314], [24.79176, 32.00776], [24.82439, 32.00299], [24.86541, 31.98933], [24.98169, 31.96791], [25.01791, 31.94904], [25.03336, 31.91633], [25.02223, 31.85468], [25.02955, 31.8369], [25.06392, 31.80387], [25.11686, 31.73798], [25.13673, 31.69257], [25.15625, 31.66307], [25.14942, 31.64887], [25.16179, 31.58356], [25.17286, 31.55158], [25.19093, 31.53148], [25.21258, 31.52635], [25.26343, 31.52366], [25.30209, 31.50654], [25.3685, 31.51226], [25.40187, 31.50316], [25.42041, 31.51224], [25.47389, 31.52049], [25.63649, 31.5607], [25.82407, 31.61493], [25.86883, 31.62091], [25.96652, 31.61662], [26.36215, 31.52192], [26.65041, 31.48878], [26.68312, 31.47622], [26.75318, 31.47748], [26.82472, 31.44782], [26.86573, 31.43684], [26.91163, 31.43651], [26.94793, 31.44822], [26.9655, 31.44964], [26.99643, 31.4287], [27.02702, 31.42226], [27.05437, 31.40864], [27.11736, 31.39045], [27.18529, 31.38429], [27.20997, 31.37811], [27.22625, 31.36766], [27.24611, 31.38128], [27.32748, 31.37921], [27.34228, 31.36823], [27.3423, 31.35399], [27.3623, 31.33051], [27.36378, 31.3155], [27.39356, 31.25471], [27.4463, 31.22321], [27.58774, 31.1931], [27.60987, 31.20318], [27.66033, 31.18024], [27.71949, 31.18928], [27.83547, 31.23785], [27.85287, 31.24029], [27.86328, 31.23354], [27.86844, 31.21956], [27.86988, 31.19977], [27.8903, 31.15542], [27.89715, 31.11441], [27.92693, 31.09903], [27.97511, 31.09308], [28.15455, 31.09332], [28.20387, 31.0705], [28.23386, 31.0734], [28.31837, 31.0598], [28.33863, 31.06411], [28.38209, 31.08274], [28.40496, 31.08648], [28.42432, 31.08343], [28.44244, 31.07628], [28.47853, 31.05182], [28.5276, 31.05011], [28.73247, 30.98414], [28.78777, 30.95966], [28.81202, 30.95676], [28.81803, 30.95115], [28.82887, 30.91519], [28.8357, 30.91079], [28.85456, 30.90585], [29.02809, 30.82705], [29.18922, 30.83324], [29.21892, 30.83804], [29.50327, 30.95669], [29.55633, 30.99091], [29.60377, 31.01203], [29.61889, 31.02942], [29.76596, 31.12157], [29.78151, 31.14792], [29.80934, 31.14232], [29.83839, 31.15412], [29.88461, 31.18952], [29.87566, 31.20087], [29.86356, 31.19637], [29.87697, 31.21356], [29.88477, 31.21376], [29.89088, 31.20319], [29.8982, 31.20319], [29.95623, 31.25006], [29.98316, 31.26325], [30.0033, 31.28723], [30.02508, 31.29487], [30.04908, 31.31306], [30.04169, 31.31548], [30.04226, 31.3205], [30.06958, 31.33346], [30.06666, 31.30488], [30.0949, 31.28559], [30.136, 31.27485], [30.17262, 31.27143], [30.14471, 31.25161], [30.14405, 31.24657], [30.15209, 31.24413], [30.14015, 31.23725], [30.14373, 31.22948], [30.16521, 31.21678], [30.20678, 31.23792], [30.20167, 31.22651], [30.2072, 31.22089], [30.22047, 31.2202], [30.25457, 31.25161], [30.2614, 31.24413], [30.26881, 31.26529], [30.27506, 31.26529], [30.27662, 31.2464], [30.28875, 31.23794], [30.30299, 31.27143], [30.28761, 31.27822], [30.24091, 31.2653], [30.2409, 31.27143], [30.25457, 31.27143], [30.25457, 31.27827], [30.23846, 31.27399], [30.17946, 31.27144], [30.17945, 31.27823], [30.21656, 31.28644], [30.25172, 31.30341], [30.31284, 31.35057], [30.33448, 31.38101], [30.3484, 31.42133], [30.35239, 31.4632], [30.34394, 31.49798], [30.35076, 31.49799], [30.36459, 31.46011], [30.37843, 31.44668], [30.39861, 31.44334], [30.37062, 31.46162], [30.35572, 31.49112], [30.36216, 31.50872], [30.42563, 31.47362], [30.45639, 31.46271], [30.49252, 31.45921], [30.53582, 31.46385], [30.67652, 31.49616], [30.97389, 31.58672], [30.97388, 31.57991], [30.86638, 31.54829], [30.7361, 31.48871], [30.69337, 31.46386], [30.66603, 31.45702], [30.6281, 31.43432], [30.55787, 31.42219], [30.54265, 31.40241], [30.54265, 31.39497], [30.56324, 31.3902], [30.58323, 31.39497], [30.59864, 31.38736], [30.62672, 31.38866], [30.65382, 31.39582], [30.66603, 31.4055], [30.67507, 31.42156], [30.69507, 31.41689], [30.72755, 31.38813], [30.73439, 31.38813], [30.74074, 31.4055], [30.75621, 31.42299], [30.77467, 31.43683], [30.79851, 31.44647], [30.83741, 31.42914], [30.87371, 31.43451], [30.88574, 31.42914], [30.87843, 31.42699], [30.87892, 31.42227], [30.89243, 31.41909], [30.90943, 31.42381], [30.93971, 31.44334], [30.93329, 31.44514], [30.93971, 31.457], [30.97396, 31.44407], [30.98072, 31.43651], [30.99692, 31.45112], [31.00807, 31.47134], [31.00231, 31.47984], [31.02174, 31.49799], [31.0233, 31.51382], [31.02915, 31.51849], [31.07154, 31.51724], [31.09742, 31.50483], [31.10157, 31.4925], [31.11915, 31.49311], [31.12924, 31.50446], [31.11111, 31.51227], [31.13038, 31.51699], [31.11109, 31.53974], [31.07081, 31.56538], [31.0232, 31.58299], [30.97804, 31.5843], [31.01238, 31.5969], [31.09742, 31.60789], [31.12892, 31.60486], [31.22124, 31.57979], [31.37831, 31.51861], [31.41961, 31.49116], [31.52369, 31.44965], [31.55681, 31.44334], [31.59742, 31.44448], [31.7483, 31.48159], [31.83791, 31.52533], [31.87436, 31.53558], [31.91293, 31.53489], [31.94483, 31.52093], [31.9642, 31.48241], [31.99577, 31.44574], [32.00904, 31.41718], [32.02491, 31.40005], [32.05698, 31.37515], [32.10425, 31.36147], [32.12916, 31.33739], [32.19953, 31.29509], [32.16876, 31.30083], [32.07011, 31.35399], [32.08009, 31.35399], [32.09059, 31.34715], [32.08351, 31.35883], [32.05601, 31.36287], [32.04396, 31.37515], [32.0066, 31.39533], [31.99498, 31.39498], [31.98569, 31.42036], [31.9683, 31.4365], [31.9935, 31.43781], [31.91798, 31.52399], [31.8895, 31.53205], [31.87891, 31.51851], [31.86525, 31.52534], [31.86523, 31.51228], [31.85092, 31.5185], [31.84474, 31.49799], [31.86523, 31.49799], [31.85971, 31.48688], [31.875, 31.46332], [31.87208, 31.44961], [31.8789, 31.44961], [31.8789, 31.44335], [31.87208, 31.44334], [31.8789, 31.42915], [31.87208, 31.42914], [31.86207, 31.45059], [31.8379, 31.45702], [31.84164, 31.4645], [31.83041, 31.45881], [31.82423, 31.44334], [31.83375, 31.44379], [31.8379, 31.44961], [31.85841, 31.44334], [31.85841, 31.43651], [31.85092, 31.43651], [31.85483, 31.42316], [31.8789, 31.41608], [31.86166, 31.40763], [31.8379, 31.41608], [31.83855, 31.41083], [31.83041, 31.40864], [31.84472, 31.39497], [31.83074, 31.37979], [31.82789, 31.36835], [31.83692, 31.36188], [31.8584, 31.36147], [31.8584, 31.354], [31.82504, 31.36066], [31.81056, 31.354], [31.80388, 31.36005], [31.79721, 31.35952], [31.79021, 31.34345], [31.80273, 31.33129], [31.79021, 31.32665], [31.79589, 31.31099], [31.76905, 31.29877], [31.76694, 31.28465], [31.7732, 31.27587], [31.78419, 31.27338], [31.7964, 31.27827], [31.79023, 31.28509], [31.82079, 31.27815], [31.82861, 31.27411], [31.83416, 31.25161], [31.86101, 31.24237], [31.88575, 31.22362], [31.89355, 31.24013], [31.90624, 31.25159], [31.90065, 31.23607], [31.90625, 31.22362], [31.89259, 31.22362], [31.89259, 31.21678], [31.90624, 31.21678], [31.89845, 31.20991], [31.89943, 31.20319], [31.91293, 31.21064], [31.91977, 31.20319], [31.91977, 31.21063], [31.9266, 31.21063], [31.92164, 31.19648], [31.92644, 31.187], [31.93474, 31.18757], [31.94027, 31.20318], [31.95192, 31.20458], [31.98658, 31.23028], [32.00925, 31.22362], [31.99497, 31.22362], [31.99497, 31.21678], [32.00929, 31.21064], [32.0228, 31.22361], [32.03711, 31.21678], [32.02963, 31.18952], [32.04394, 31.19635], [32.04036, 31.18232], [32.02963, 31.17585], [32.03688, 31.15029], [32.01612, 31.13491], [32.01612, 31.12808], [32.03517, 31.12971], [32.04396, 31.14175], [32.05013, 31.14174], [32.05454, 31.12299], [32.07007, 31.1144], [32.07007, 31.10693], [32.05258, 31.10078], [32.04396, 31.08649], [32.05698, 31.07966], [32.06683, 31.08499], [32.08378, 31.0844], [32.09059, 31.07966], [32.09059, 31.07345], [32.08375, 31.07343], [32.08375, 31.06599], [32.10646, 31.05337], [32.1198, 31.05292], [32.13209, 31.0598], [32.13209, 31.06599], [32.11744, 31.06631], [32.10744, 31.07283], [32.098, 31.09332], [32.14633, 31.07966], [32.13837, 31.09332], [32.15943, 31.09333], [32.15943, 31.10078], [32.15286, 31.10659], [32.16627, 31.11439], [32.16684, 31.10834], [32.17994, 31.10692], [32.17604, 31.11781], [32.18386, 31.12493], [32.19483, 31.12579], [32.20574, 31.1092], [32.23414, 31.10488], [32.24822, 31.10692], [32.27223, 31.11888], [32.28346, 31.13654], [32.28053, 31.15498], [32.26249, 31.16961], [32.28981, 31.16962], [32.2951, 31.21337], [32.28981, 31.23045], [32.27297, 31.24885], [32.27053, 31.25755], [32.28297, 31.26529], [32.24676, 31.27924], [32.22633, 31.28205], [32.21413, 31.27828], [32.20705, 31.29506], [32.30023, 31.28148], [32.31381, 31.27269], [32.33138, 31.27142], [32.33383, 31.25471], [32.34425, 31.24189], [32.35914, 31.23347], [32.39009, 31.22635], [32.42018, 31.19636], [32.4812, 31.14886], [32.50953, 31.10692], [32.56568, 31.07054], [32.60157, 31.06098], [32.64552, 31.0598], [32.68751, 31.06444], [32.76197, 31.0812], [32.85076, 31.1188], [32.92042, 31.15541], [32.92726, 31.15541], [32.92726, 31.14794], [32.89536, 31.1374], [32.8396, 31.10123], [32.80714, 31.09333], [32.75245, 31.07137], [32.66651, 31.05231], [32.715, 31.05231], [32.71502, 31.04556], [32.70069, 31.03872], [32.73129, 31.03876], [32.74285, 31.04263], [32.74922, 31.05231], [32.75537, 31.0523], [32.7562, 31.04654], [32.76954, 31.04556], [32.83107, 31.07965], [32.88282, 31.09357], [32.89308, 31.10076], [32.91774, 31.09223], [32.9144, 31.08731], [32.90675, 31.08649], [32.90675, 31.07966], [32.91725, 31.08283], [32.94093, 31.09333], [32.94093, 31.10078], [32.91358, 31.10078], [32.9136, 31.10691], [32.92709, 31.11179], [32.94421, 31.10778], [32.95948, 31.09846], [32.96876, 31.08649], [32.97511, 31.06599], [32.96127, 31.06599], [32.99448, 31.05557], [33.00994, 31.0563], [33.02345, 31.06599], [33.02345, 31.07343], [33.00914, 31.07966], [33.00914, 31.0865], [33.05746, 31.10078], [33.05251, 31.1083], [33.0643, 31.13491], [33.05746, 31.13491], [33.03028, 31.11441], [33.02377, 31.10773], [33.03027, 31.10077], [32.99415, 31.09846], [32.95446, 31.10691], [32.98463, 31.10952], [33.03029, 31.16217], [33.07862, 31.17585], [33.09784, 31.19155], [33.10939, 31.19643], [33.12646, 31.19635], [33.12646, 31.18953], [33.09864, 31.18952], [33.09864, 31.1833], [33.1111, 31.17536], [33.15771, 31.11787], [33.15357, 31.11238], [33.12647, 31.10078], [33.12403, 31.10757], [33.11899, 31.10692], [33.11899, 31.10078], [33.13574, 31.09076], [33.14469, 31.07786], [33.1443, 31.06257], [33.13331, 31.04556], [33.18767, 31.06167], [33.22145, 31.0598], [33.22145, 31.06599], [33.20777, 31.07343], [33.20094, 31.07343], [33.20094, 31.06599], [33.19484, 31.06599], [33.19485, 31.07342], [33.2479, 31.09125], [33.26247, 31.10077], [33.26979, 31.10078], [33.26246, 31.09333], [33.26979, 31.08649], [33.28541, 31.09272], [33.29656, 31.07966], [33.30397, 31.07966], [33.30323, 31.0998], [33.31764, 31.10078], [33.30812, 31.10513], [33.27723, 31.10691], [33.38648, 31.11441], [33.37771, 31.13255], [33.40642, 31.13727], [33.40644, 31.15542], [33.42066, 31.14794], [33.44093, 31.15119], [33.49952, 31.12808], [33.57252, 31.12156], [33.59205, 31.11441], [33.59206, 31.12127], [33.61476, 31.11538], [33.64796, 31.11726], [33.85434, 31.16348], [34.04705, 31.22919], [34.22267, 31.32665], [34.28142, 31.3767], [34.30162, 31.40769], [34.3484, 31.43765], [34.36818, 31.46816], [34.44337, 31.53457], [34.47877, 31.57827], [34.48952, 31.6004], [34.51393, 31.62714], [34.60963, 31.76553], [34.69313, 31.92631], [34.71192, 31.95161], [34.74334, 32.03986], [34.74335, 32.06036], [34.75701, 32.0666], [34.84286, 32.3026], [34.91593, 32.30227], [34.95716, 32.29712], [35.02028, 32.28185], [35.03129, 32.28658], [35.08189, 32.42399], [34.98708, 32.45833], [34.95131, 32.47655], [34.8936, 32.51626], [34.90984, 32.57026], [34.92091, 32.62824], [34.91919, 32.64322], [34.94207, 32.72451], [34.94753, 32.81415], [34.9555, 32.83418], [34.97047, 32.84137], [35.00343, 32.82754], [35.02768, 32.82661], [35.06707, 32.86685], [35.0796, 32.90583], [35.07781, 32.91787], [35.06545, 32.92309], [35.07154, 32.93793], [35.07843, 32.99858], [35.0962, 33.05036], [35.09215, 33.06769], [35.10646, 33.08076], [35.09964, 33.08759], [35.10524, 33.08902], [35.10646, 33.09504], [35.10046, 33.09567], [35.09963, 33.10126], [35.12532, 33.13237], [35.14763, 33.14033], [35.16782, 33.17015], [35.16181, 33.17694], [35.17107, 33.17658], [35.17465, 33.17015], [35.20476, 33.2248], [35.20916, 33.25462], [35.18834, 33.28001], [35.20973, 33.2934], [35.22478, 33.312], [35.24366, 33.3557], [35.25051, 33.40973], [35.27508, 33.44497], [35.27102, 33.4575], [35.32301, 33.49091], [35.34913, 33.51386], [35.36258, 33.55657], [35.40064, 33.64313], [35.3944, 33.64997], [35.40992, 33.66128], [35.42165, 33.70233], [35.43849, 33.71137], [35.43795, 33.7236], [35.47731, 33.8039], [35.48325, 33.87246], [35.47048, 33.90209], [35.47585, 33.90997], [35.48658, 33.91298], [35.51734, 33.90253], [35.57203, 33.90998], [35.59311, 33.94477], [35.59197, 33.95043], [35.58572, 33.95092], [35.6134, 33.99296], [35.63673, 33.99531], [35.64088, 33.99942], [35.64039, 34.00853], [35.62722, 34.01985], [35.62698, 34.04426], [35.64332, 34.08808], [35.64772, 34.11913], [35.63033, 34.15304], [35.62722, 34.20112], [35.64772, 34.22215], [35.65296, 34.28459], [35.66522, 34.31134], [35.68873, 34.3283], [35.70582, 34.3166], [35.75075, 34.38979], [35.80616, 34.41498], [35.82358, 34.43452], [35.80544, 34.45869], [35.80544, 34.4649], [35.82398, 34.46084], [35.90333, 34.47797], [35.98317, 34.53864], [35.98878, 34.55272], [35.98683, 34.6208], [35.93118, 34.74096], [35.92897, 34.79072], [35.90847, 34.82177], [35.86689, 34.92422], [35.87289, 34.92691], [35.88136, 34.94497], [35.87356, 34.95832], [35.87892, 34.97016], [35.87356, 34.97883], [35.89536, 35.00678], [35.90056, 35.02192], [35.88788, 35.06135], [35.88788, 35.1092], [35.9411, 35.18037], [35.96241, 35.19794], [35.9533, 35.2248], [35.91531, 35.28791], [35.92897, 35.32148], [35.91671, 35.40306], [35.91896, 35.41767], [35.86061, 35.47907], [35.8301, 35.49348], [35.81837, 35.50894], [35.78126, 35.49959], [35.77053, 35.50422], [35.77809, 35.54116], [35.73709, 35.56168], [35.74334, 35.5821], [35.72341, 35.57593], [35.72341, 35.58209], [35.76336, 35.59829], [35.77849, 35.61274], [35.78435, 35.63056], [35.77118, 35.66779], [35.77663, 35.67511], [35.80006, 35.68146], [35.84034, 35.74746], [35.83595, 35.78998], [35.81186, 35.8354], [35.79862, 35.84967], [35.84685, 35.84723], [35.87086, 35.85179], [35.88103, 35.86668], [35.88528, 35.88597], [35.96608, 35.99363], [35.97674, 36.00096], [35.97543, 36.0185], [35.94842, 36.08784], [35.85234, 36.21337], [35.84099, 36.24453], [35.79861, 36.28169], [35.78738, 36.30427], [35.78876, 36.32025], [35.82448, 36.36106], [35.85678, 36.36978], [35.87356, 36.39769], [35.90846, 36.41816], [35.91872, 36.44818], [35.9424, 36.46433], [35.99025, 36.47964], [36.04494, 36.53765], [36.05543, 36.53828], [36.18914, 36.60399], [36.21616, 36.65778], [36.21559, 36.67048], [36.20246, 36.69963], [36.20249, 36.76919], [36.18898, 36.80174], [36.12989, 36.86929], [36.09547, 36.89712], [36.0586, 36.91844], [36.02027, 36.92634], [35.98504, 36.9156], [35.95086, 36.89102], [35.8938, 36.83491], [35.85385, 36.81582], [35.80543, 36.7751], [35.7671, 36.76774], [35.68409, 36.76464], [35.64772, 36.75397], [35.62452, 36.72602], [35.61355, 36.71988], [35.61818, 36.73164], [35.6067, 36.74038], [35.57301, 36.70067], [35.57944, 36.68513], [35.59448, 36.70172], [35.61687, 36.69623], [35.6198, 36.71239], [35.62916, 36.70824], [35.63404, 36.69937], [35.64047, 36.71337], [35.63404, 36.72671], [35.6481, 36.73321], [35.66481, 36.71239], [35.69606, 36.72393], [35.70913, 36.71987], [35.65016, 36.69782], [35.62257, 36.68073], [35.6067, 36.65778], [35.60865, 36.64688], [35.62208, 36.65424], [35.66676, 36.69611], [35.69554, 36.7062], [35.65797, 36.6752], [35.63315, 36.63093], [35.63134, 36.60717], [35.59855, 36.59144], [35.55714, 36.58748], [35.54467, 36.58952], [35.50367, 36.61685], [35.49, 36.61392], [35.47869, 36.59854], [35.53095, 36.58273], [35.44549, 36.59634], [35.41326, 36.58369], [35.40446, 36.57193], [35.37403, 36.56159], [35.34603, 36.5411], [35.33579, 36.54561], [35.32016, 36.56468], [35.29449, 36.57259], [34.98227, 36.72077], [34.94646, 36.72797], [34.90042, 36.71989], [34.90789, 36.74038], [34.89357, 36.74601], [34.85255, 36.78132], [34.77076, 36.81607], [34.76498, 36.80859], [34.73585, 36.82168], [34.69288, 36.81387], [34.62672, 36.78877], [34.58513, 36.78132], [34.5547, 36.76765], [34.53405, 36.74053], [34.50318, 36.72671], [34.41521, 36.66292], [34.30746, 36.60859], [34.27622, 36.58698], [34.19044, 36.49852], [34.17773, 36.47338], [34.14747, 36.45917], [34.11198, 36.4296], [34.07732, 36.41389], [34.07788, 36.32885], [34.05779, 36.31591], [33.99977, 36.30292], [33.98927, 36.28168], [33.99828, 36.28602], [33.99585, 36.27953], [33.96876, 36.24689], [33.95899, 36.21358], [33.94143, 36.21338], [33.95094, 36.2377], [33.94597, 36.2652], [33.93092, 36.29047], [33.8711, 36.31489], [33.85548, 36.30492], [33.82788, 36.27172], [33.81105, 36.2674], [33.8247, 36.25992], [33.79907, 36.23067], [33.74285, 36.21337], [33.70525, 36.18171], [33.68825, 36.13705], [33.66034, 36.17488], [33.65659, 36.18867], [33.64723, 36.19257], [33.61988, 36.18545], [33.55225, 36.12752], [33.53055, 36.13081], [33.5442, 36.13703], [33.5442, 36.14448], [33.45826, 36.15815], [33.4367, 36.15469], [33.38649, 36.13704], [33.32683, 36.15009], [33.30835, 36.13224], [33.24195, 36.1308], [33.21214, 36.12407], [33.18898, 36.12573], [33.15691, 36.13703], [33.13404, 36.13178], [33.11197, 36.10323], [33.08773, 36.08284], [33.07114, 36.08926], [33.02687, 36.08927], [32.94093, 36.1035], [32.86524, 36.07184], [32.85669, 36.06099], [32.80372, 36.02718], [32.76059, 36.02949], [32.67039, 36.04681], [32.63205, 36.06211], [32.56788, 36.0961], [32.51315, 36.10315], [32.43727, 36.13867], [32.41961, 36.15949], [32.3655, 36.17797], [32.3187, 36.22858], [32.31032, 36.22949], [32.28729, 36.24483], [32.27613, 36.28783], [32.2527, 36.31533], [32.19216, 36.35839], [32.17433, 36.40241], [32.14845, 36.43366], [32.1321, 36.43867], [32.10206, 36.48615], [32.08717, 36.49332], [32.01881, 36.54654], [31.98781, 36.54996], [31.96827, 36.56159], [31.90798, 36.56266], [31.88803, 36.58112], [31.86248, 36.58869], [31.83465, 36.59235], [31.81675, 36.58952], [31.80738, 36.59683], [31.76906, 36.61002], [31.73658, 36.64228], [31.70324, 36.6437], [31.62762, 36.67085], [31.5962, 36.69571], [31.40756, 36.76341], [31.3786, 36.76766], [31.37631, 36.79194], [31.34083, 36.80858], [30.93971, 36.857], [30.77589, 36.84957], [30.74784, 36.85576], [30.68653, 36.89118], [30.62859, 36.85957], [30.60174, 36.83812], [30.56984, 36.78132], [30.56577, 36.70018], [30.57666, 36.6789], [30.56267, 36.66254], [30.55616, 36.63788], [30.55787, 36.61962], [30.57667, 36.5895], [30.58349, 36.59633], [30.58105, 36.57518], [30.56723, 36.53986], [30.56982, 36.52803], [30.52084, 36.48973], [30.50879, 36.4543], [30.48699, 36.42695], [30.48795, 36.41816], [30.47462, 36.4016], [30.47633, 36.38422], [30.48715, 36.37027], [30.50162, 36.36359], [30.49415, 36.34931], [30.51985, 36.34186], [30.47877, 36.30858], [30.46681, 36.28783], [30.4782, 36.2923], [30.48794, 36.28782], [30.45167, 36.26179], [30.44075, 36.23933], [30.42726, 36.22627], [30.39862, 36.20598], [30.4004, 36.24811], [30.39601, 36.26553], [30.38429, 36.27424], [30.36053, 36.26863], [30.25457, 36.3083], [30.23374, 36.30891], [30.19614, 36.30379], [30.15854, 36.29865], [30.14926, 36.28986], [30.14469, 36.25435], [30.13844, 36.25435], [30.13103, 36.27424], [30.12476, 36.24691], [30.11061, 36.25434], [30.1106, 36.24007], [30.07301, 36.2469], [30.04819, 36.25877], [30.03484, 36.25434], [30.05592, 36.25434], [30.05589, 36.24689], [29.98845, 36.21777], [29.9734, 36.21963], [29.961, 36.21387], [29.91652, 36.21906], [29.88136, 36.19843], [29.83009, 36.18545], [29.83758, 36.18285], [29.83692, 36.17797], [29.80258, 36.17182], [29.80258, 36.16498], [29.82307, 36.16498], [29.7955, 36.14536], [29.77978, 36.13944], [29.76173, 36.13703], [29.76173, 36.14448], [29.7754, 36.15815], [29.76238, 36.15656], [29.75489, 36.1507], [29.74342, 36.16096], [29.71925, 36.16266], [29.70704, 36.15815], [29.69995, 36.14615], [29.6893, 36.14448], [29.67238, 36.12338], [29.66822, 36.14378], [29.63397, 36.15706], [29.62397, 36.17776], [29.63738, 36.17243], [29.64324, 36.17792], [29.6421, 36.18696], [29.63453, 36.19164], [29.58352, 36.18546], [29.58352, 36.19163], [29.59254, 36.19579], [29.62387, 36.19912], [29.60222, 36.20702], [29.5215, 36.20598], [29.49474, 36.21096], [29.43214, 36.24006], [29.42042, 36.23063], [29.41163, 36.2674], [29.40578, 36.26017], [29.39186, 36.2674], [29.3816, 36.2639], [29.3571, 36.23567], [29.34962, 36.23262], [29.34084, 36.23738], [29.32936, 36.2541], [29.32228, 36.24691], [29.25687, 36.29688], [29.23463, 36.32429], [29.17499, 36.33984], [29.15846, 36.35676], [29.14471, 36.34933], [29.14081, 36.36245], [29.1447, 36.37718], [29.11689, 36.37719], [29.12428, 36.38345], [29.1128, 36.38939], [29.09638, 36.39095], [29.10907, 36.40647], [29.13038, 36.41136], [29.12429, 36.41815], [29.13014, 36.43651], [29.1242, 36.4536], [29.11134, 36.46678], [29.09638, 36.47346], [29.09657, 36.47978], [29.12428, 36.49331], [29.11492, 36.55268], [29.09637, 36.54793], [29.08432, 36.56025], [29.03639, 36.54533], [29.01447, 36.54792], [29.03272, 36.55182], [29.03688, 36.56147], [29.02053, 36.5895], [29.04176, 36.62424], [29.05584, 36.61424], [29.08091, 36.63861], [29.09637, 36.6441], [29.09059, 36.6271], [29.09881, 36.6236], [29.11061, 36.62637], [29.11687, 36.63422], [29.10922, 36.652], [29.09636, 36.66523], [29.03419, 36.70099], [28.95632, 36.72753], [28.93898, 36.75129], [28.89088, 36.71239], [28.8977, 36.69938], [28.86354, 36.69257], [28.86246, 36.66792], [28.84995, 36.66523], [28.86352, 36.65094], [28.85678, 36.64411], [28.87037, 36.63052], [28.87664, 36.63052], [28.88803, 36.64842], [28.89015, 36.65762], [28.88405, 36.67143], [28.9017, 36.65827], [28.89534, 36.64143], [28.86354, 36.61685], [28.86962, 36.60664], [28.85848, 36.60129], [28.82888, 36.60254], [28.81863, 36.61173], [28.81863, 36.62079], [28.82717, 36.62774], [28.84254, 36.63052], [28.84254, 36.63788], [28.80502, 36.65526], [28.78786, 36.65096], [28.78273, 36.67739], [28.74635, 36.6977], [28.70167, 36.70506], [28.6649, 36.69258], [28.65992, 36.711], [28.64918, 36.71833], [28.63592, 36.7145], [28.62338, 36.69938], [28.61623, 36.70596], [28.60354, 36.73355], [28.61256, 36.74714], [28.61671, 36.767], [28.61411, 36.78535], [28.60353, 36.79499], [28.60304, 36.79963], [28.61036, 36.80174], [28.60621, 36.81013], [28.61036, 36.81607], [28.60353, 36.81607], [28.59669, 36.795], [28.57586, 36.81952], [28.54615, 36.82343], [28.52442, 36.8133], [28.52783, 36.78879], [28.51775, 36.79564], [28.48685, 36.80175], [28.5005, 36.80858], [28.5005, 36.81607], [28.46389, 36.81876], [28.45623, 36.82831], [28.45266, 36.84955], [28.46632, 36.85334], [28.452, 36.88361], [28.44744, 36.88304], [28.4362, 36.86474], [28.37672, 36.85444], [28.39064, 36.83592], [28.41472, 36.83709], [28.4248, 36.82909], [28.396, 36.78951], [28.37697, 36.78878], [28.31495, 36.81607], [28.30877, 36.81607], [28.31494, 36.795], [28.27818, 36.79646], [28.27395, 36.80516], [28.27834, 36.81415], [28.31495, 36.82225], [28.31495, 36.82909], [28.27312, 36.852], [28.25717, 36.84618], [28.24318, 36.82978], [28.23666, 36.81322], [28.23951, 36.79881], [28.25341, 36.78876], [28.24887, 36.76683], [28.28857, 36.74257], [28.29508, 36.7199], [28.26726, 36.7309], [28.2531, 36.72785], [28.24658, 36.7124], [28.23357, 36.71988], [28.22543, 36.7062], [28.23356, 36.69937], [28.1819, 36.68464], [28.16228, 36.67268], [28.1115, 36.60419], [28.08814, 36.58907], [28.0617, 36.59634], [28.05502, 36.58658], [28.04184, 36.58271], [28.04801, 36.56904], [28.0359, 36.56477], [28.01832, 36.56704], [28.01384, 36.57587], [28.00366, 36.56193], [27.9909, 36.55977], [27.97796, 36.56563], [27.96609, 36.57587], [27.97291, 36.5895], [27.95926, 36.60252], [28.03443, 36.60252], [28.05397, 36.6096], [28.08961, 36.64411], [28.07594, 36.65778], [28.04804, 36.63791], [28.06121, 36.66474], [28.05795, 36.67666], [28.03793, 36.69062], [28.02963, 36.67037], [28.00017, 36.6789], [27.98016, 36.67586], [27.97023, 36.67984], [27.96609, 36.68878], [28.00701, 36.69937], [28.00019, 36.70619], [28.02752, 36.7062], [28.04185, 36.71987], [28.07976, 36.72207], [28.08959, 36.7267], [28.08595, 36.7106], [28.1006, 36.70962], [28.11638, 36.71882], [28.11687, 36.73355], [28.10743, 36.7392], [28.08768, 36.74087], [28.08222, 36.74714], [28.08417, 36.75372], [28.11004, 36.77508], [28.13054, 36.75397], [28.11842, 36.8006], [28.09498, 36.80142], [28.06909, 36.7751], [28.04721, 36.76334], [28.03932, 36.76448], [28.03443, 36.77509], [28.0197, 36.76314], [27.96607, 36.74715], [27.95925, 36.74715], [27.95411, 36.75959], [27.91766, 36.7404], [27.91245, 36.75414], [27.89031, 36.7404], [27.87037, 36.75259], [27.86304, 36.74039], [27.85649, 36.74038], [27.82618, 36.75747], [27.80649, 36.76081], [27.78785, 36.75399], [27.78785, 36.76081], [27.77605, 36.75594], [27.7361, 36.76081], [27.71941, 36.75625], [27.69848, 36.73421], [27.68426, 36.72671], [27.68685, 36.71113], [27.67311, 36.67963], [27.67114, 36.6578], [27.61988, 36.67646], [27.60304, 36.6789], [27.55975, 36.67464], [27.55454, 36.68513], [27.49942, 36.66905], [27.51762, 36.66377], [27.53622, 36.65152], [27.54933, 36.63744], [27.554, 36.62347], [27.55031, 36.60304], [27.53015, 36.54846], [27.4537, 36.58367], [27.43974, 36.59876], [27.4414, 36.61567], [27.45252, 36.63739], [27.46671, 36.65406], [27.44842, 36.66523], [27.41578, 36.66901], [27.40432, 36.66524], [27.40203, 36.67748], [27.39405, 36.68415], [27.38299, 36.68476], [27.3703, 36.67892], [27.36915, 36.68447], [27.36283, 36.68513], [27.36866, 36.69741], [27.35582, 36.70621], [27.35582, 36.71237], [27.39289, 36.70619], [27.41432, 36.7093], [27.42311, 36.71967], [27.42727, 36.73566], [27.44985, 36.75403], [27.48316, 36.75397], [27.55665, 36.76267], [27.58136, 36.76139], [27.6115, 36.76533], [27.62339, 36.80174], [27.64535, 36.80645], [27.69117, 36.78433], [27.70541, 36.78875], [27.72316, 36.78188], [27.74822, 36.7844], [27.76002, 36.78132], [27.79909, 36.80662], [27.88649, 36.80882], [27.89714, 36.81231], [27.90366, 36.80581], [27.93995, 36.79564], [27.99443, 36.79834], [28.0105, 36.79433], [28.02752, 36.78132], [28.03077, 36.79173], [28.05543, 36.80858], [28.04908, 36.82062], [28.03956, 36.82665], [28.00703, 36.8291], [28.01386, 36.83592], [28.02328, 36.83324], [28.02459, 36.8391], [28.00704, 36.85699], [28.02125, 36.86321], [28.02866, 36.86018], [28.05543, 36.87067], [28.05543, 36.8769], [28.02127, 36.91159], [28.03443, 36.9042], [28.04184, 36.91161], [28.02754, 36.92592], [28.0617, 36.92593], [28.0617, 36.93212], [28.04184, 36.93212], [28.04185, 36.9389], [28.06567, 36.93923], [28.0822, 36.93212], [28.09352, 36.93788], [28.10328, 36.93212], [28.12013, 36.93768], [28.14194, 36.9287], [28.15724, 36.93212], [28.16529, 36.91161], [28.16814, 36.93342], [28.15724, 36.93891], [28.15725, 36.94578], [28.17449, 36.94598], [28.18523, 36.93891], [28.21241, 36.97309], [28.21241, 36.98054], [28.19892, 36.98054], [28.21242, 37.00042], [28.22853, 36.99055], [28.24464, 36.98819], [28.2531, 36.99372], [28.24661, 37.00787], [28.3296, 37.03046], [28.32936, 37.03677], [28.31495, 37.04881], [28.3047, 37.05085], [28.17433, 37.03515], [28.12623, 37.03587], [28.10727, 37.03213], [28.11002, 37.01412], [28.09295, 37.02143], [27.98658, 37.03514], [27.95183, 37.02148], [27.91139, 37.02774], [27.88624, 37.02619], [27.8047, 37.0046], [27.78785, 37.00788], [27.78044, 36.99361], [27.76287, 36.9973], [27.73952, 36.99361], [27.71974, 37.00519], [27.68767, 37.00544], [27.65577, 36.99653], [27.63648, 36.98055], [27.59034, 36.99828], [27.56715, 36.99665], [27.56201, 36.97311], [27.52833, 36.99128], [27.47267, 36.9936], [27.43849, 37.02774], [27.42351, 37.02717], [27.40805, 37.01684], [27.40431, 37.02774], [27.39682, 37.02774], [27.38331, 36.99362], [27.37893, 37.00072], [27.38331, 37.00788], [27.37649, 37.01412], [27.38168, 37.01895], [27.37648, 37.02774], [27.32862, 37.01411], [27.33268, 36.99706], [27.3265, 36.986], [27.30063, 36.97309], [27.30809, 36.95943], [27.28696, 36.95943], [27.28094, 36.96686], [27.2632, 36.96338], [27.25271, 36.97834], [27.2461, 37.01777], [27.22878, 37.06183], [27.23912, 37.08294], [27.26417, 37.08902], [27.29444, 37.1103], [27.27906, 37.11758], [27.26043, 37.11031], [27.25296, 37.12395], [27.26043, 37.11774], [27.27166, 37.12884], [27.30299, 37.11957], [27.32179, 37.12397], [27.3218, 37.15866], [27.3396, 37.15053], [27.3423, 37.13011], [27.34897, 37.13011], [27.36159, 37.14862], [27.36931, 37.15069], [27.37648, 37.14444], [27.3833, 37.15182], [27.38657, 37.13007], [27.4043, 37.1301], [27.42547, 37.11961], [27.43846, 37.12395], [27.431, 37.11774], [27.44557, 37.09699], [27.45981, 37.0895], [27.47511, 37.09252], [27.54152, 37.12595], [27.56511, 37.12564], [27.57553, 37.13011], [27.57553, 37.1376], [27.55454, 37.13011], [27.54721, 37.16181], [27.53956, 37.17829], [27.52786, 37.18538], [27.52786, 37.19281], [27.57472, 37.20115], [27.58766, 37.1988], [27.57553, 37.17853], [27.59474, 37.18594], [27.60987, 37.19965], [27.59425, 37.20429], [27.58857, 37.2111], [27.58936, 37.23049], [27.60987, 37.24746], [27.61598, 37.27473], [27.59441, 37.28384], [27.58936, 37.27474], [27.55323, 37.27293], [27.54306, 37.24965], [27.53052, 37.23632], [27.51466, 37.22933], [27.50004, 37.23384], [27.51775, 37.246], [27.51987, 37.2591], [27.5088, 37.26805], [27.48634, 37.26789], [27.46364, 37.25204], [27.45885, 37.258], [27.46145, 37.26752], [27.48634, 37.29523], [27.49138, 37.32734], [27.48015, 37.34369], [27.47267, 37.34369], [27.46852, 37.31563], [27.44613, 37.30562], [27.41831, 37.30949], [27.39683, 37.32315], [27.3887, 37.34528], [27.39675, 37.36562], [27.41522, 37.38165], [27.43849, 37.39081], [27.42652, 37.40595], [27.40724, 37.41275], [27.38657, 37.41206], [27.37029, 37.4051], [27.35644, 37.37914], [27.3462, 37.3706], [27.32179, 37.37092], [27.32179, 37.36351], [27.33642, 37.3557], [27.33033, 37.35164], [27.2715, 37.34858], [27.24611, 37.33618], [27.2317, 37.34809], [27.21877, 37.34371], [27.21192, 37.35733], [27.20135, 37.35229], [27.19079, 37.35733], [27.20567, 37.37429], [27.2051, 37.39826], [27.22625, 37.4051], [27.21748, 37.4313], [27.2225, 37.47675], [27.20509, 37.47274], [27.19264, 37.47866], [27.17777, 37.46657], [27.19044, 37.51268], [27.1846, 37.52802], [27.18824, 37.53449], [27.18044, 37.54458], [27.18458, 37.55589], [27.20037, 37.54755], [27.20932, 37.5633], [27.20851, 37.59687], [27.13624, 37.63105], [27.04885, 37.65015], [27.0115, 37.66572], [27.02102, 37.68632], [27.03834, 37.69012], [27.12721, 37.68854], [27.21314, 37.71345], [27.24952, 37.74433], [27.2566, 37.75951], [27.26043, 37.81598], [27.23717, 37.84545], [27.23908, 37.8642], [27.26043, 37.88422], [27.26539, 37.90168], [27.26044, 37.91901], [27.27475, 37.92902], [27.26629, 37.95136], [27.23911, 37.98794], [27.21372, 37.98094], [27.14084, 37.98612], [27.11639, 37.99409], [27.1019, 38.01268], [27.07017, 38.02001], [27.06471, 38.04059], [27.05592, 38.04572], [27.02703, 38.0494], [26.97543, 38.06525], [26.94923, 38.06737], [26.8934, 38.05622], [26.88151, 38.03841], [26.87306, 38.03511], [26.86493, 38.04036], [26.84207, 38.07608], [26.84645, 38.10342], [26.83522, 38.13129], [26.79363, 38.17227], [26.77606, 38.16524], [26.77151, 38.17748], [26.77369, 38.20702], [26.76026, 38.21674], [26.70826, 38.20703], [26.63592, 38.2036], [26.62288, 38.13875], [26.60922, 38.14496], [26.61214, 38.11787], [26.6071, 38.10831], [26.59498, 38.10396], [26.56764, 38.14496], [26.56715, 38.12398], [26.5569, 38.12231], [26.52378, 38.14741], [26.51551, 38.16552], [26.5193, 38.17967], [26.49171, 38.17403], [26.44223, 38.21198], [26.41749, 38.22065], [26.42415, 38.20019], [26.4175, 38.20019], [26.39016, 38.22383], [26.39487, 38.25165], [26.39015, 38.26166], [26.38331, 38.26166], [26.37501, 38.23481], [26.35401, 38.22827], [26.32863, 38.23506], [26.28663, 38.26105], [26.24239, 38.27193], [26.23394, 38.26773], [26.21953, 38.26841], [26.20335, 38.27595], [26.17068, 38.30499], [26.15517, 38.32782], [26.16357, 38.30265], [26.13706, 38.29963], [26.11354, 38.28425], [26.10222, 38.2617], [26.11206, 38.23749], [26.11206, 38.22261], [26.10762, 38.22075], [26.04755, 38.28717], [25.99832, 38.37293], [25.97865, 38.44141], [25.97522, 38.47677], [25.98272, 38.56027], [25.99755, 38.604], [26.06396, 38.59002], [26.10825, 38.54279], [26.11541, 38.55516], [26.12192, 38.55646], [26.12135, 38.56232], [26.11575, 38.5633], [26.13071, 38.56719], [26.14377, 38.56424], [26.16357, 38.5428], [26.15089, 38.53042]], [[26.80105, 39.43353], [26.85084, 39.43976], [26.86305, 39.44717], [26.85208, 39.46182], [26.86773, 39.47138], [26.92986, 39.48774], [26.94508, 39.53962], [26.93767, 39.57477], [26.92221, 39.58218], [26.8934, 39.58438], [26.83286, 39.55684], [26.80787, 39.5707], [26.78072, 39.56678], [26.76173, 39.50113], [26.75815, 39.47599], [26.76778, 39.44476], [26.79492, 39.3877], [26.81471, 39.39936], [26.80105, 39.4062], [26.80105, 39.43353]], [[26.35613, 38.31688], [26.38502, 38.31843], [26.39186, 38.32502], [26.38332, 38.34355], [26.39894, 38.33552], [26.41749, 38.33674], [26.47592, 38.36689], [26.47706, 38.38687], [26.46803, 38.40762], [26.45152, 38.41869], [26.45152, 38.42608], [26.47689, 38.41668], [26.48911, 38.40619], [26.4979, 38.40729], [26.51303, 38.43293], [26.44077, 38.4728], [26.42205, 38.46971], [26.41423, 38.45629], [26.40723, 38.45345], [26.38788, 38.45426], [26.40382, 38.48754], [26.39991, 38.49958], [26.36974, 38.53524], [26.37582, 38.52855], [26.36419, 38.56227], [26.3572, 38.48582], [26.34987, 38.45096], [26.35539, 38.45314], [26.36092, 38.4444], [26.354, 38.42622], [26.34236, 38.42425], [26.32068, 38.37734], [26.32592, 38.35493], [26.3143, 38.33674], [26.34636, 38.3288], [26.35613, 38.31688]], [[26.28802, 38.31909], [26.30763, 38.32306], [26.30763, 38.33051], [26.29792, 38.33577], [26.28802, 38.31909]], [[26.27698, 38.30474], [26.26171, 38.28795], [26.26539, 38.28669], [26.27698, 38.30474]]], [[[32.77637, 35.17083], [32.82838, 35.14859], [32.86524, 35.15697], [32.89259, 35.17503], [32.91472, 35.20083], [32.92937, 35.23298], [32.93605, 35.33661], [32.93214, 35.36628], [32.92044, 35.39776], [32.94434, 35.39451], [32.98536, 35.37458], [33.0698, 35.35872], [33.14033, 35.36213], [33.26218, 35.34938], [33.28061, 35.34247], [33.4275, 35.32892], [33.66033, 35.35932], [33.78351, 35.41671], [33.83465, 35.40998], [34.03562, 35.47138], [34.0763, 35.49431], [34.13119, 35.51135], [34.18166, 35.55417], [34.31967, 35.58617], [34.36182, 35.60844], [34.54407, 35.67832], [34.59249, 35.69195], [34.57887, 35.67837], [34.57275, 35.64355], [34.54233, 35.63727], [34.44142, 35.58364], [34.3523, 35.5207], [34.13771, 35.41511], [34.10906, 35.39427], [34.08546, 35.36986], [34.05868, 35.32398], [34.04379, 35.31526], [34.02004, 35.31437], [33.97136, 35.32128], [33.95167, 35.31151], [33.9236, 35.27855], [33.9074, 35.24291], [33.89991, 35.16445], [33.95362, 35.12262], [33.97869, 35.08747], [34.05086, 35.03319], [34.07342, 34.9881], [34.0991, 34.96516], [34.05965, 34.9666], [34.03476, 34.97242], [34.01157, 34.98762], [33.95729, 34.98192], [33.91017, 34.97016], [33.87452, 34.94124], [33.86232, 34.9379], [33.84743, 34.94246], [33.80421, 34.9726], [33.76043, 34.97968], [33.7173, 34.97777], [33.68035, 34.96629], [33.65406, 34.94473], [33.64666, 34.93195], [33.63478, 34.89765], [33.63257, 34.85249], [33.61695, 34.84528], [33.60563, 34.82177], [33.5442, 34.81501], [33.51319, 34.78548], [33.43864, 34.76278], [33.41521, 34.75846], [33.40016, 34.77338], [33.39895, 34.74519], [33.37086, 34.73087], [33.29656, 34.71817], [33.2601, 34.70052], [33.24562, 34.69824], [33.1736, 34.70515], [33.08644, 34.69481], [33.02589, 34.65131], [33.00994, 34.6249], [33.00912, 34.5974], [33.03027, 34.57477], [33.03027, 34.56856], [32.94094, 34.56856], [32.94467, 34.5937], [32.91587, 34.63939], [32.91358, 34.65668], [32.83432, 34.67097], [32.81284, 34.66865], [32.74891, 34.64982], [32.70737, 34.64543], [32.66608, 34.65212], [32.55665, 34.69937], [32.49334, 34.70727], [32.47585, 34.71321], [32.41336, 34.75349], [32.40235, 34.79645], [32.37916, 34.84907], [32.33781, 34.87627], [32.32351, 34.89824], [32.32278, 34.91136], [32.33139, 34.92422], [32.3122, 34.95027], [32.30592, 35.00141], [32.27623, 35.04757], [32.27178, 35.07304], [32.27517, 35.09105], [32.28663, 35.09714], [32.35336, 35.04792], [32.37232, 35.04149], [32.41383, 35.04304], [32.44996, 35.05882], [32.47967, 35.08295], [32.50196, 35.1092], [32.52761, 35.15704], [32.55397, 35.17803], [32.57472, 35.1706], [32.6194, 35.18487], [32.6504, 35.18805], [32.74557, 35.178], [32.77637, 35.17083]]], [[[29.76408, 36.13569], [29.74708, 36.12548], [29.73975, 36.1224], [29.75067, 36.13881], [29.76408, 36.13569]]], [[[29.60302, 36.14163], [29.58554, 36.13414], [29.57753, 36.12531], [29.55919, 36.12105], [29.5696, 36.1509], [29.57943, 36.1617], [29.59529, 36.16668], [29.59327, 36.15217], [29.60213, 36.14781], [29.60302, 36.14163]]], [[[29.49903, 36.1497], [29.48538, 36.1553], [29.49399, 36.16107], [29.50845, 36.15469], [29.49903, 36.1497]]], [[[28.22261, 36.45585], [28.23974, 36.43866], [28.23974, 36.43253], [28.22584, 36.41796], [28.23633, 36.37304], [28.21119, 36.35765], [28.20508, 36.32266], [28.17547, 36.29043], [28.16352, 36.23792], [28.14845, 36.22606], [28.13054, 36.18547], [28.10328, 36.18545], [28.09522, 36.16788], [28.08578, 36.16498], [28.0617, 36.11652], [28.09643, 36.10349], [28.08984, 36.08829], [28.07594, 36.07559], [28.08959, 36.05514], [28.03761, 36.06843], [28.01694, 36.069], [27.99342, 36.06196], [27.94842, 36.03901], [27.9323, 36.02534], [27.86353, 35.94099], [27.8274, 35.91377], [27.78045, 35.89005], [27.73269, 35.91511], [27.71226, 35.9527], [27.72535, 35.96719], [27.76002, 36.06196], [27.75709, 36.08438], [27.70884, 36.12711], [27.71225, 36.14448], [27.70289, 36.15046], [27.69094, 36.14949], [27.68427, 36.15814], [27.73952, 36.18544], [27.77198, 36.19782], [27.76744, 36.20596], [27.77605, 36.21162], [27.78056, 36.23282], [27.80325, 36.2702], [27.83741, 36.28099], [27.89968, 36.34015], [27.95924, 36.35676], [28.11842, 36.42767], [28.18393, 36.42446], [28.21389, 36.45546], [28.22261, 36.45585]]], [[[29.83969, 36.17056], [29.91194, 36.19948], [29.88461, 36.17309], [29.84279, 36.16715], [29.83969, 36.17056]]], [[[27.8767, 36.61685], [27.86305, 36.60252], [27.87321, 36.60545], [27.87062, 36.57779], [27.8767, 36.5616], [27.86305, 36.55536], [27.87208, 36.55036], [27.8767, 36.54109], [27.8545, 36.53051], [27.82831, 36.52803], [27.82831, 36.53424], [27.84938, 36.54792], [27.7925, 36.56697], [27.80787, 36.57587], [27.76004, 36.57588], [27.78696, 36.60627], [27.78786, 36.61684], [27.80152, 36.62424], [27.80152, 36.61685], [27.81814, 36.63401], [27.84174, 36.64462], [27.861, 36.6467], [27.86303, 36.63788], [27.82228, 36.62376], [27.81528, 36.61001], [27.8286, 36.61298], [27.8357, 36.60252], [27.86987, 36.62425], [27.8767, 36.61685]]], [[[28.91537, 36.65552], [28.90854, 36.6671], [28.91588, 36.68273], [28.93839, 36.67605], [28.91537, 36.65552]]], [[[28.51906, 40.51021], [28.51907, 40.56146], [28.53631, 40.56508], [28.5472, 40.56102], [28.53157, 40.51468], [28.51906, 40.51021]]], [[[29.10547, 40.85456], [29.11476, 40.86806], [29.12988, 40.8705], [29.11784, 40.8326], [29.10452, 40.83943], [29.10547, 40.85456]]]]}}, {"type": "Feature", "properties": {"map_title": "비잔티움 제국의 영역과 5대 교구", "source": "미래엔 세계사 교과서 1권 56쪽", "volume": 1, "page": 56, "name": "유스티니아누스 황제의 정복지", "name_en": "Conquests of Justinian I", "period": "533–554년", "kind": "국가", "legend": "유스티니아누스 황제의 정복지", "coast_snap": "Natural Earth 10m 해안선에 맞춤", "border_snap": "현대 국경(Natural Earth 10m)에 맞춘 구간 약 2528 km"}, "geometry": {"type": "MultiPolygon", "coordinates": [[[[-7.38713, 33.73247], [-7.39395, 33.72504], [-7.37385, 33.71931], [-7.35261, 33.72468], [-7.26749, 33.77241], [-7.22905, 33.80105], [-7.15282, 33.82999], [-7.09948, 33.84028], [-7.06907, 33.86276], [-7.01693, 33.80463], [-6.99679, 33.77317], [-6.96828, 33.70647], [-6.95994, 33.67103], [-6.95609, 33.59984], [-6.96891, 33.52983], [-6.98313, 33.49245], [-7.00792, 33.48549], [-7.14935, 33.40672], [-7.20262, 33.38682], [-7.24949, 33.35461], [-7.31815, 33.31831], [-7.38817, 33.29138], [-7.51883, 33.25543], [-7.59828, 33.22607], [-7.69377, 33.25527], [-7.76473, 33.29348], [-7.82619, 33.34325], [-7.87426, 33.40143], [-7.8933, 33.43382], [-7.91663, 33.49449], [-7.89143, 33.50336], [-7.8695, 33.52665], [-7.77798, 33.55329], [-7.701, 33.58275], [-7.66755, 33.61269], [-7.64786, 33.60834], [-7.63622, 33.61456], [-7.60619, 33.60834], [-7.57925, 33.62074], [-7.52912, 33.63264], [-7.49706, 33.64997], [-7.46328, 33.6865], [-7.43432, 33.69823], [-7.40635, 33.72699], [-7.38713, 33.73247]]], [[[10.92847, 33.69663], [10.89371, 33.65825], [10.88778, 33.64016], [10.87107, 33.65434], [10.87076, 33.67184], [10.87692, 33.68822], [10.859, 33.71106], [10.82618, 33.7298], [10.80893, 33.73432], [10.79035, 33.71857], [10.78191, 33.70371], [10.76368, 33.70021], [10.74016, 33.71548], [10.72781, 33.7584], [10.72833, 33.78456], [10.74759, 33.81275], [10.73548, 33.85395], [10.73603, 33.88474], [10.77296, 33.8963], [10.85426, 33.88166], [10.8978, 33.87934], [10.92994, 33.89629], [10.99147, 33.8417], [11.0485, 33.81476], [11.0603, 33.80073], [10.99419, 33.7499], [10.97104, 33.73872], [10.95671, 33.69775], [10.95046, 33.69778], [10.95672, 33.73249], [10.94109, 33.72822], [10.92847, 33.69663]]], [[[10.98716, 34.67177], [11.10107, 34.67097], [11.11083, 34.65952], [11.0557, 34.62097], [11.0365, 34.62432], [10.96414, 34.65668], [10.98716, 34.67177]]], [[[11.27484, 34.77037], [11.30478, 34.74229], [11.29702, 34.7287], [11.19966, 34.69472], [11.13075, 34.6633], [11.12232, 34.68042], [11.17065, 34.72859], [11.17304, 34.758], [11.18094, 34.76177], [11.18312, 34.75218], [11.19819, 34.74402], [11.22211, 34.74765], [11.2243, 34.77006], [11.21752, 34.78162], [11.25427, 34.82581], [11.27076, 34.81786], [11.29947, 34.81417], [11.30415, 34.80529], [11.27809, 34.79767], [11.26824, 34.78535], [11.2658, 34.77338], [11.27484, 34.77037]]], [[[-5.72988, 35.82265], [-5.69378, 35.83424], [-5.6809, 35.82917], [-5.66344, 35.83587], [-5.63972, 35.83636], [-5.61596, 35.83152], [-5.59899, 35.82233], [-5.54003, 35.85098], [-5.48718, 35.89716], [-5.46885, 35.91034], [-5.44811, 35.91851], [-5.4235, 35.90896], [-5.4142, 35.9094], [-5.40549, 35.92651], [-5.3662, 35.92474], [-5.32738, 35.90424], [-5.30932, 35.90082], [-5.28309, 35.91167], [-5.29187, 35.89054], [-5.33556, 35.86237], [-5.34569, 35.83259], [-5.31876, 35.70173], [-5.3048, 35.68521], [-5.27677, 35.6852], [-5.27676, 35.6579], [-5.24942, 35.58462], [-5.1508, 35.51609], [-5.06627, 35.41747], [-5.05085, 35.40754], [-5.00822, 35.39923], [-4.98881, 35.38805], [-4.95471, 35.36245], [-4.90933, 35.31452], [-4.86499, 35.30198], [-4.81062, 35.26], [-4.7705, 35.24103], [-4.62829, 35.20539], [-4.49404, 35.18052], [-4.37605, 35.15184], [-4.34765, 35.15013], [-4.32706, 35.15477], [-4.26939, 35.18487], [-4.1306, 35.20478], [-4.04698, 35.23581], [-4.0248, 35.23964], [-4.01592, 35.20882], [-4.0091, 35.13962], [-4.01845, 35.07106], [-4.04369, 35.00481], [-4.06923, 34.96245], [-4.11383, 34.90739], [-4.16993, 34.85988], [-4.2021, 34.83925], [-4.29726, 34.79252], [-4.37947, 34.79055], [-4.45485, 34.7972], [-4.75625, 34.86055], [-4.94439, 34.91006], [-5.05879, 34.96331], [-5.07612, 35.03026], [-5.08486, 35.03638], [-5.28054, 35.02293], [-5.79701, 34.96985], [-5.80612, 34.96348], [-5.88397, 34.75159], [-5.96807, 34.6042], [-6.05478, 34.58974], [-6.22809, 34.59012], [-6.31765, 34.60596], [-6.42732, 34.64563], [-6.2921, 34.8808], [-6.2053, 35.12477], [-6.02392, 35.50117], [-6.01238, 35.55864], [-5.99083, 35.59854], [-5.96523, 35.67023], [-5.95206, 35.68549], [-5.94302, 35.74267], [-5.92722, 35.78074], [-5.90802, 35.79734], [-5.8734, 35.80198], [-5.7814, 35.79092], [-5.76928, 35.79279], [-5.72988, 35.82265]]], [[[-7.88402, 36.98086], [-7.8601, 37.00043], [-7.85328, 36.98677], [-7.8785, 36.97087], [-7.90388, 36.9659], [-7.93138, 36.96651], [-7.95571, 36.9731], [-7.95571, 36.98052], [-7.90396, 36.97484], [-7.88402, 36.98086]]], [[[-7.89497, 36.98937], [-7.90598, 36.9963], [-7.90461, 36.99934], [-7.88117, 37.0006], [-7.88785, 36.99531], [-7.87881, 36.99283], [-7.89497, 36.98937]]], [[[10.79031, 37.12718], [10.80575, 37.14068], [10.82291, 37.11832], [10.796, 37.11828], [10.79031, 37.12718]]], [[[-5.43716, 36.0987], [-5.42871, 36.0808], [-5.43842, 36.06302], [-5.44576, 36.05736], [-5.61176, 36.00647], [-5.62971, 36.03677], [-5.68936, 36.06712], [-5.71312, 36.05997], [-5.75365, 36.07559], [-5.79605, 36.08553], [-5.86578, 36.1485], [-5.8979, 36.1739], [-5.91719, 36.18407], [-5.98355, 36.177], [-6.03677, 36.18953], [-6.06248, 36.21724], [-6.10473, 36.28071], [-6.15944, 36.30432], [-6.18419, 36.37071], [-6.21836, 36.40246], [-6.27961, 36.5113], [-6.30999, 36.53412], [-6.28938, 36.53729], [-6.2577, 36.51391], [-6.24899, 36.50475], [-6.2541, 36.49628], [-6.23147, 36.47268], [-6.2115, 36.48054], [-6.17935, 36.51354], [-6.20682, 36.5089], [-6.22435, 36.51086], [-6.23244, 36.52619], [-6.22602, 36.55667], [-6.23489, 36.57575], [-6.28319, 36.61237], [-6.29385, 36.61685], [-6.37954, 36.6242], [-6.39467, 36.63691], [-6.40697, 36.6767], [-6.43154, 36.71459], [-6.43783, 36.7331], [-6.43333, 36.7512], [-6.41453, 36.76764], [-6.35888, 36.78583], [-6.34561, 36.79499], [-6.33519, 36.81826], [-6.34374, 36.85993], [-6.33821, 36.88373], [-6.30435, 36.90721], [-6.22326, 36.90233], [-6.19481, 36.93212], [-6.23965, 36.9134], [-6.26505, 36.91291], [-6.28356, 36.92593], [-6.32592, 36.91267], [-6.34472, 36.90127], [-6.35245, 36.88028], [-6.34667, 36.81989], [-6.35245, 36.80858], [-6.388, 36.80818], [-6.41624, 36.8378], [-6.44864, 36.9042], [-6.4711, 36.93561], [-6.49958, 36.95966], [-6.74486, 37.10139], [-6.81175, 37.12373], [-6.85302, 37.15111], [-6.89288, 37.16658], [-6.91088, 37.18895], [-6.91762, 37.21507], [-6.85269, 37.29523], [-6.90347, 37.24958], [-6.93091, 37.23401], [-6.96255, 37.23383], [-6.96255, 37.22761], [-6.93008, 37.18317], [-6.92847, 37.17236], [-6.94164, 37.1711], [-7.02937, 37.20551], [-7.10104, 37.22425], [-7.12735, 37.21475], [-7.08558, 37.2065], [-7.32787, 37.20156], [-7.36291, 37.18172], [-7.38142, 37.17993], [-7.41442, 37.19282], [-7.40022, 37.17853], [-7.40763, 37.16488], [-7.42431, 37.17504], [-7.44571, 37.17963], [-7.49014, 37.17853], [-7.51179, 37.17178], [-7.62735, 37.11396], [-7.63543, 37.10527], [-7.78661, 37.02269], [-7.81957, 36.99873], [-7.87072, 37.00788], [-7.93244, 37.00854], [-7.94953, 37.01411], [-7.95839, 37.00266], [-7.9912, 37.01411], [-7.97681, 36.9868], [-7.99926, 37.01325], [-8.03527, 37.0375], [-8.10656, 37.06928], [-8.14747, 37.07654], [-8.17915, 37.0881], [-8.2932, 37.07771], [-8.36538, 37.098], [-8.39522, 37.08715], [-8.43883, 37.08274], [-8.48425, 37.09418], [-8.53747, 37.11783], [-8.58015, 37.12397], [-8.64159, 37.11774], [-8.68628, 37.08296], [-8.74767, 37.08295], [-8.80282, 37.06225], [-8.78128, 37.12859], [-8.74318, 37.19191], [-8.69, 37.24841], [-8.40823, 37.46318], [-8.34434, 37.50366], [-8.34705, 37.46553], [-8.33908, 37.45766], [-8.24849, 37.44579], [-8.15662, 37.44788], [-8.11369, 37.44452], [-8.03153, 37.42849], [-7.91366, 37.39526], [-7.79508, 37.45477], [-7.52912, 37.5567], [-7.52969, 37.56717], [-7.51584, 37.58094], [-7.51253, 37.59037], [-7.51434, 37.6014], [-7.50489, 37.60639], [-7.47161, 37.6369], [-7.18693, 37.5768], [-7.12369, 37.58426], [-7.04808, 37.62016], [-7.00645, 37.63407], [-6.91843, 37.65172], [-6.82886, 37.65505], [-6.73969, 37.64412], [-6.67592, 37.62543], [-6.61551, 37.60197], [-6.5779, 37.58131], [-6.51264, 37.5325], [-6.46054, 37.47399], [-6.43877, 37.43937], [-6.43087, 37.43524], [-6.17241, 37.46321], [-6.00356, 37.48765], [-5.85025, 37.5199], [-5.71338, 37.56283], [-5.58946, 37.62028], [-5.47472, 37.69716], [-5.36973, 37.7962], [-5.22649, 37.98427], [-5.12567, 38.09387], [-5.06852, 38.14229], [-5.00685, 38.18622], [-4.94025, 38.226], [-4.86709, 38.26254], [-4.70507, 38.33065], [-4.34728, 38.50337], [-4.25524, 38.53967], [-4.16309, 38.5673], [-4.07224, 38.58291], [-4.01091, 38.5857], [-3.88976, 38.57821], [-3.76649, 38.56354], [-3.64159, 38.55424], [-3.57838, 38.55553], [-3.37258, 38.57508], [-3.32726, 38.57148], [-3.28327, 38.55963], [-3.23965, 38.5369], [-3.19658, 38.50107], [-3.14458, 38.41789], [-3.10992, 38.30678], [-3.04985, 38.05884], [-3.00259, 37.94851], [-2.92871, 37.8646], [-2.81736, 37.8209], [-2.66173, 37.82996], [-2.61165, 37.84391], [-2.37177, 37.94991], [-2.32083, 37.96597], [-2.26673, 37.97625], [-2.17012, 37.97764], [-1.9352, 37.9466], [-1.88762, 37.94576], [-1.83759, 37.95102], [-1.79081, 37.96386], [-1.71519, 38.00432], [-1.57529, 38.11503], [-1.49694, 38.16569], [-1.41025, 38.21241], [-1.31672, 38.25498], [-1.21904, 38.29253], [-1.11954, 38.32441], [-1.01201, 38.35267], [-0.95801, 38.41122], [-0.93729, 38.46739], [-0.91947, 38.49935], [-0.87243, 38.55846], [-0.81169, 38.60932], [-0.7423, 38.64886], [-0.64721, 38.73214], [-0.40639, 38.70239], [-0.30978, 38.71761], [-0.26395, 38.7194], [-0.17334, 38.71227], [-0.12835, 38.70324], [-0.04455, 38.67541], [0.03855, 38.62929], [-0.01476, 38.62442], [-0.04296, 38.61172], [-0.05476, 38.59528], [-0.05364, 38.56696], [-0.05995, 38.55294], [-0.07544, 38.53996], [-0.0902, 38.53536], [-0.13174, 38.53535], [-0.17699, 38.52725], [-0.20214, 38.5196], [-0.23425, 38.50156], [-0.32942, 38.47004], [-0.34455, 38.46162], [-0.35083, 38.45003], [-0.39517, 38.41376], [-0.40608, 38.39887], [-0.41369, 38.36482], [-0.46019, 38.36005], [-0.47057, 38.35187], [-0.47437, 38.33675], [-0.50984, 38.33837], [-0.51879, 38.29865], [-0.50403, 38.20722], [-0.51572, 38.19545], [-0.53287, 38.19218], [-0.56884, 38.1942], [-0.59138, 38.18964], [-0.62369, 38.16242], [-0.64501, 38.11603], [-0.65454, 37.98933], [-0.66341, 37.9803], [-0.68993, 37.97215], [-0.71841, 37.94302], [-0.75862, 37.86335], [-0.7561, 37.80606], [-0.76074, 37.79615], [-0.78799, 37.82282], [-0.81242, 37.77009], [-0.82556, 37.76139], [-0.84781, 37.75609], [-0.85611, 37.7425], [-0.85261, 37.72378], [-0.80993, 37.6669], [-0.75479, 37.6413], [-0.73485, 37.63935], [-0.72646, 37.65151], [-0.70801, 37.643], [-0.70126, 37.63133], [-0.70533, 37.61954], [-0.73665, 37.59945], [-0.75451, 37.60431], [-0.83642, 37.57641], [-0.88671, 37.57429], [-0.92516, 37.55591], [-0.9735, 37.5764], [-0.98996, 37.57893], [-1.00642, 37.58145], [-1.08776, 37.58088], [-1.10342, 37.5764], [-1.11999, 37.55903], [-1.10579, 37.53215], [-1.16705, 37.54376], [-1.17858, 37.56388], [-1.2427, 37.5792], [-1.25767, 37.56701], [-1.26168, 37.55767], [-1.32373, 37.56199], [-1.36917, 37.54137], [-1.41394, 37.50641], [-1.45556, 37.4927], [-1.4709, 37.48224], [-1.48836, 37.43322], [-1.49672, 37.42794], [-1.515, 37.43321], [-1.54374, 37.41499], [-1.61872, 37.39228], [-1.64162, 37.38104], [-1.65285, 37.36127], [-1.67089, 37.36331], [-1.68016, 37.35444], [-1.69879, 37.3167], [-1.72836, 37.28258], [-1.78722, 37.23522], [-1.81273, 37.20706], [-1.83035, 37.16637], [-1.85533, 37.07638], [-1.88501, 37.01549], [-1.90612, 36.98762], [-1.90035, 36.94119], [-1.91261, 36.93362], [-1.9414, 36.92988], [-1.98892, 36.9005], [-2.0028, 36.88703], [-2.01306, 36.84578], [-2.05687, 36.81009], [-2.07117, 36.77534], [-2.10082, 36.76516], [-2.11108, 36.74613], [-2.1267, 36.7364], [-2.16613, 36.72758], [-2.20364, 36.73714], [-2.28279, 36.81009], [-2.31835, 36.82791], [-2.36168, 36.83678], [-2.43309, 36.81628], [-2.48144, 36.82994], [-2.56078, 36.81879], [-2.57689, 36.81131], [-2.61738, 36.72825], [-2.65889, 36.69482], [-2.68436, 36.68599], [-2.71825, 36.68205], [-2.73619, 36.68741], [-2.75666, 36.68038], [-2.82099, 36.71389], [-2.84825, 36.70023], [-2.85874, 36.70495], [-2.8861, 36.7344], [-2.91397, 36.75031], [-2.93326, 36.75165], [-2.98772, 36.73712], [-3.07645, 36.74976], [-3.15671, 36.74453], [-3.2279, 36.75483], [-3.32958, 36.7449], [-3.41542, 36.69552], [-3.4776, 36.69611], [-3.51596, 36.72105], [-3.54983, 36.71238], [-3.58639, 36.72659], [-3.6011, 36.74255], [-3.66567, 36.73937], [-3.67983, 36.72882], [-3.73128, 36.72411], [-3.83854, 36.75197], [-3.96096, 36.7268], [-4.05671, 36.74799], [-4.07996, 36.74356], [-4.11018, 36.72574], [-4.22472, 36.7124], [-4.40319, 36.72386], [-4.42032, 36.71988], [-4.43326, 36.71068], [-4.49112, 36.63666], [-4.49537, 36.62056], [-4.52483, 36.58073], [-4.5878, 36.57382], [-4.61503, 36.53056], [-4.65925, 36.50764], [-4.723, 36.49299], [-4.90266, 36.50654], [-4.99417, 36.45711], [-5.06249, 36.45222], [-5.10901, 36.42894], [-5.15762, 36.42194], [-5.18655, 36.4112], [-5.22712, 36.35794], [-5.25366, 36.29711], [-5.27385, 36.28269], [-5.2906, 36.27741], [-5.28532, 36.26081], [-5.33406, 36.18781], [-5.34204, 36.11052], [-5.35024, 36.11929], [-5.36661, 36.16315], [-5.40608, 36.17923], [-5.42544, 36.17975], [-5.44233, 36.14879], [-5.4349, 36.12153], [-5.43989, 36.1142], [-5.43716, 36.0987]]], [[[-0.74943, 37.77488], [-0.73275, 37.74775], [-0.74185, 37.72553], [-0.74014, 37.70246], [-0.7265, 37.66522], [-0.74693, 37.68401], [-0.75449, 37.77439], [-0.74943, 37.77488]]], [[[12.31422, 37.92524], [12.29937, 37.91931], [12.28758, 37.92169], [12.27322, 37.93951], [12.28926, 37.93918], [12.31422, 37.94634], [12.33676, 37.93305], [12.3688, 37.92523], [12.35741, 37.91404], [12.34213, 37.91324], [12.31422, 37.92524]]], [[[12.05774, 37.95492], [12.06514, 37.98463], [12.07926, 37.95027], [12.05774, 37.95492]]], [[[1.64887, 38.78824], [1.69383, 38.78637], [1.717, 38.77914], [1.72373, 38.77375], [1.72749, 38.75379], [1.71702, 38.71484], [1.69887, 38.68008], [1.62347, 38.58903], [1.55527, 38.52457], [1.51793, 38.50217], [1.44992, 38.48444], [1.40267, 38.48006], [1.36586, 38.48259], [1.34864, 38.49031], [1.33161, 38.50412], [1.30578, 38.53922], [1.30248, 38.56104], [1.31865, 38.58791], [1.41035, 38.67496], [1.59977, 38.77438], [1.62307, 38.78328], [1.64887, 38.78824]]], [[[8.36037, 39.11814], [8.38592, 39.10505], [8.41765, 39.10658], [8.44453, 39.10274], [8.46314, 39.06525], [8.47919, 39.0722], [8.48388, 39.06977], [8.45932, 39.04979], [8.46337, 39.04247], [8.45395, 39.02814], [8.43701, 38.9672], [8.42217, 38.96058], [8.40985, 38.96183], [8.40138, 38.98102], [8.36493, 39.02949], [8.3494, 39.06195], [8.35353, 39.09089], [8.34605, 39.0909], [8.34605, 39.09772], [8.36037, 39.11814]]], [[[8.28975, 39.09884], [8.26938, 39.10017], [8.25475, 39.10713], [8.25734, 39.12442], [8.23269, 39.14412], [8.22464, 39.15705], [8.23023, 39.17293], [8.2453, 39.18097], [8.30582, 39.19329], [8.31201, 39.12031], [8.30583, 39.10457], [8.28975, 39.09884]]], [[[2.98535, 39.16618], [2.98229, 39.13919], [2.96215, 39.11607], [2.93088, 39.11819], [2.91363, 39.15196], [2.94043, 39.17192], [2.98057, 39.18555], [2.98535, 39.16618]]], [[[3.91071, 39.74756], [3.98474, 39.75068], [4.11857, 39.74725], [4.22284, 39.65791], [4.2547, 39.61775], [4.27899, 39.57466], [4.28574, 39.54849], [4.28176, 39.53351], [4.25381, 39.4997], [4.22817, 39.48229], [4.20385, 39.4775], [4.18048, 39.48529], [4.13028, 39.5153], [4.05391, 39.57101], [4.00799, 39.59562], [3.96858, 39.59879], [3.87034, 39.59208], [3.8326, 39.59804], [3.81115, 39.61622], [3.79317, 39.64417], [3.78261, 39.67466], [3.78453, 39.69897], [3.79246, 39.70826], [3.82127, 39.72432], [3.85908, 39.73674], [3.91071, 39.74756]]], [[[2.81325, 39.87257], [2.8436, 39.87258], [2.93329, 39.91448], [3.07569, 39.9361], [3.17945, 39.96876], [3.19313, 39.95511], [3.20134, 39.9605], [3.21418, 39.9551], [3.14088, 39.92809], [3.11549, 39.90877], [3.09693, 39.91352], [3.09474, 39.88121], [3.13022, 39.87641], [3.20679, 39.893], [3.20679, 39.88683], [3.19679, 39.88121], [3.19645, 39.86713], [3.18718, 39.85436], [3.13356, 39.83954], [3.12631, 39.83185], [3.12485, 39.8111], [3.13649, 39.78876], [3.16261, 39.76911], [3.19483, 39.75499], [3.22389, 39.7497], [3.29249, 39.7497], [3.30991, 39.75507], [3.34035, 39.77899], [3.3545, 39.78436], [3.38315, 39.77793], [3.43979, 39.75198], [3.47436, 39.74969], [3.46852, 39.73932], [3.47436, 39.71552], [3.46144, 39.70006], [3.46752, 39.68757], [3.45386, 39.6597], [3.4432, 39.64579], [3.4131, 39.63508], [3.40187, 39.62324], [3.39869, 39.60773], [3.406, 39.59199], [3.36541, 39.56306], [3.32325, 39.52387], [3.29176, 39.47578], [3.28247, 39.42013], [3.26881, 39.42756], [3.2526, 39.38618], [3.22103, 39.3599], [3.12941, 39.31574], [3.09099, 39.29007], [3.07911, 39.27689], [3.06081, 39.26908], [3.02931, 39.30463], [3.00133, 39.3177], [2.99138, 39.34728], [2.95883, 39.36323], [2.93816, 39.36437], [2.91261, 39.35868], [2.82576, 39.36358], [2.78664, 39.37593], [2.76174, 39.40022], [2.75123, 39.45478], [2.7366, 39.46211], [2.73953, 39.47829], [2.75489, 39.50263], [2.7435, 39.52338], [2.7151, 39.54352], [2.68165, 39.55866], [2.65528, 39.56472], [2.5691, 39.53152], [2.55568, 39.52005], [2.54492, 39.49299], [2.52039, 39.47301], [2.49269, 39.47025], [2.46902, 39.50589], [2.48064, 39.51622], [2.45395, 39.53742], [2.43816, 39.52523], [2.43117, 39.5277], [2.42596, 39.53742], [2.39186, 39.52376], [2.3821, 39.52925], [2.37371, 39.54719], [2.35565, 39.55867], [2.35175, 39.59675], [2.35769, 39.61188], [2.42909, 39.64654], [2.45045, 39.65034], [2.46827, 39.65937], [2.5176, 39.70013], [2.56967, 39.71308], [2.61769, 39.7497], [2.63137, 39.77012], [2.65187, 39.77013], [2.71038, 39.81839], [2.74741, 39.83161], [2.78485, 39.8567], [2.80323, 39.8616], [2.81325, 39.87257]]], [[[8.52052, 40.82697], [8.5984, 40.85297], [8.63429, 40.88158], [8.64097, 40.89646], [8.70348, 40.91862], [8.74092, 40.88407], [8.79456, 40.85769], [8.86252, 40.81016], [8.89209, 40.78231], [8.93431, 40.72875], [8.94924, 40.72655], [8.96763, 40.74324], [8.96904, 40.75066], [8.9295, 40.78865], [8.88356, 40.85003], [8.85324, 40.92228], [8.80352, 40.93636], [8.83961, 40.96162], [8.87535, 41.00811], [8.88795, 41.01626], [8.88114, 41.02366], [8.9227, 41.03677], [8.94013, 41.06118], [8.95875, 41.07001], [8.99073, 41.09736], [9.00555, 41.12189], [9.02475, 41.12884], [9.10776, 41.13947], [9.13559, 41.16029], [9.14186, 41.15278], [9.15756, 41.16889], [9.16342, 41.18415], [9.16285, 41.22541], [9.17106, 41.24289], [9.23063, 41.26263], [9.23829, 41.24885], [9.25782, 41.24965], [9.26806, 41.23664], [9.26743, 41.20197], [9.27833, 41.19501], [9.27491, 41.21239], [9.27833, 41.22175], [9.28532, 41.22174], [9.2893, 41.20873], [9.28533, 41.19501], [9.31251, 41.20123], [9.33302, 41.18757], [9.33524, 41.21165], [9.35205, 41.20725], [9.38819, 41.18073], [9.38819, 41.18757], [9.42237, 41.18072], [9.42236, 41.17451], [9.4087, 41.1603], [9.42017, 41.15643], [9.44287, 41.13297], [9.43678, 41.11538], [9.44288, 41.09199], [9.46043, 41.12047], [9.47005, 41.12613], [9.45657, 41.14036], [9.46909, 41.14617], [9.50807, 41.14037], [9.52393, 41.14971], [9.53222, 41.14037], [9.52475, 41.13296], [9.54615, 41.12092], [9.55957, 41.12611], [9.5664, 41.11932], [9.56225, 41.09712], [9.5459, 41.07772], [9.53907, 41.09199], [9.52125, 41.03168], [9.51189, 41.01626], [9.53224, 41.01626], [9.52475, 41.0305], [9.54314, 41.03692], [9.5542, 41.03461], [9.55755, 41.02527], [9.55275, 41.00947], [9.55779, 41.00943], [9.55958, 41.01626], [9.57325, 41.00947], [9.58815, 41.02069], [9.61544, 41.01961], [9.66259, 41.00263], [9.65121, 40.99113], [9.60426, 41.00263], [9.58758, 40.99579], [9.57886, 40.96199], [9.56642, 40.94863], [9.57112, 40.93489], [9.55742, 40.93122], [9.51189, 40.93431], [9.51254, 40.92796], [9.50424, 40.92691], [9.51197, 40.91519], [9.53907, 40.92064], [9.57325, 40.9064], [9.59278, 40.9099], [9.62257, 40.92376], [9.64208, 40.92063], [9.63151, 40.90486], [9.61411, 40.8996], [9.61411, 40.89338], [9.65576, 40.87604], [9.66326, 40.85822], [9.68311, 40.86541], [9.69939, 40.85004], [9.72394, 40.84492], [9.681, 40.82978], [9.68978, 40.81079], [9.67449, 40.81391], [9.66179, 40.80903], [9.65789, 40.79987], [9.66879, 40.79035], [9.66977, 40.80146], [9.67579, 40.78864], [9.70394, 40.75942], [9.7142, 40.72724], [9.74446, 40.68048], [9.75652, 40.59516], [9.76157, 40.58735], [9.7819, 40.58197], [9.79225, 40.55695], [9.82641, 40.5296], [9.80875, 40.47077], [9.77809, 40.42723], [9.76172, 40.3907], [9.74935, 40.37727], [9.71241, 40.3664], [9.68311, 40.32421], [9.64552, 40.29609], [9.62615, 40.26309], [9.63111, 40.19619], [9.65463, 40.1446], [9.66505, 40.13158], [9.68758, 40.12085], [9.71022, 40.09634], [9.73226, 40.08393], [9.73023, 40.06836], [9.69337, 39.99291], [9.68727, 39.96117], [9.69662, 39.93378], [9.71, 39.94032], [9.71566, 39.94012], [9.71777, 39.93378], [9.71452, 39.92451], [9.69663, 39.9195], [9.68434, 39.89423], [9.68977, 39.87173], [9.68312, 39.87173], [9.68312, 39.86555], [9.69661, 39.85805], [9.69661, 39.85188], [9.68425, 39.83991], [9.67026, 39.79377], [9.67622, 39.71783], [9.65113, 39.65249], [9.65303, 39.56707], [9.62843, 39.50178], [9.64483, 39.48374], [9.63899, 39.45246], [9.61411, 39.39936], [9.60206, 39.35566], [9.60353, 39.32624], [9.6346, 39.30316], [9.6346, 39.29695], [9.60727, 39.28901], [9.58188, 39.2663], [9.56756, 39.2381], [9.57324, 39.21382], [9.5656, 39.20506], [9.57991, 39.18708], [9.56641, 39.14924], [9.55778, 39.13972], [9.52272, 39.1249], [9.51856, 39.10458], [9.5071, 39.1114], [9.51189, 39.12442], [9.49635, 39.13361], [9.48072, 39.13557], [9.44289, 39.12443], [9.438, 39.13337], [9.40871, 39.14616], [9.34506, 39.19644], [9.31191, 39.2081], [9.29217, 39.22126], [9.28533, 39.21383], [9.25245, 39.22516], [9.21632, 39.22801], [9.19744, 39.22114], [9.16602, 39.18709], [9.1369, 39.19433], [9.07301, 39.24852], [9.06373, 39.24307], [9.03875, 39.26219], [9.01393, 39.2639], [9.01254, 39.26056], [9.02573, 39.25601], [9.02101, 39.24042], [9.03785, 39.22712], [9.07496, 39.22989], [9.07985, 39.2246], [9.07894, 39.21235], [9.03859, 39.17902], [9.02622, 39.16523], [9.01832, 39.14614], [9.01873, 39.10395], [9.03199, 39.06977], [9.04492, 39.05126], [9.02931, 39.03026], [9.01832, 38.99531], [9.0257, 38.99531], [9.01515, 38.98966], [9.00465, 38.99531], [8.99615, 38.98265], [8.89489, 38.90243], [8.87745, 38.89907], [8.85328, 38.87801], [8.84126, 38.8807], [8.80543, 38.90595], [8.80542, 38.88547], [8.79103, 38.90445], [8.76661, 38.9204], [8.73951, 38.93065], [8.71656, 38.9326], [8.66879, 38.91059], [8.65162, 38.89155], [8.65511, 38.87117], [8.64096, 38.86434], [8.63479, 38.87116], [8.64283, 38.88996], [8.63315, 38.89557], [8.59988, 38.89908], [8.59988, 38.90595], [8.615, 38.923], [8.61549, 38.94758], [8.60328, 38.96491], [8.5801, 38.96053], [8.55958, 39.05671], [8.54428, 39.05127], [8.50442, 39.06294], [8.51808, 39.08344], [8.5044, 39.09089], [8.48277, 39.08039], [8.4651, 39.11945], [8.45428, 39.1249], [8.44224, 39.11816], [8.43539, 39.16596], [8.41879, 39.17731], [8.41261, 39.17573], [8.4157, 39.16598], [8.40952, 39.16934], [8.39869, 39.20116], [8.38015, 39.20759], [8.37283, 39.22208], [8.37673, 39.23785], [8.42644, 39.28327], [8.43214, 39.30182], [8.41572, 39.32368], [8.41725, 39.33902], [8.3821, 39.35969], [8.37405, 39.37885], [8.40138, 39.41242], [8.40504, 39.42719], [8.38691, 39.46979], [8.43531, 39.52521], [8.46339, 39.57685], [8.45592, 39.58438], [8.46388, 39.59789], [8.44225, 39.71467], [8.44646, 39.73086], [8.44403, 39.75702], [8.44607, 39.76251], [8.46858, 39.75494], [8.49977, 39.71621], [8.51694, 39.70213], [8.53826, 39.69603], [8.56577, 39.70108], [8.5145, 39.71369], [8.5044, 39.7215], [8.50686, 39.73847], [8.54526, 39.78294], [8.53859, 39.78294], [8.53053, 39.77041], [8.51811, 39.76254], [8.5298, 39.77253], [8.54884, 39.8072], [8.55519, 39.85269], [8.54526, 39.87857], [8.52345, 39.89887], [8.49415, 39.91242], [8.46306, 39.91413], [8.4354, 39.89899], [8.44223, 39.89281], [8.44557, 39.8981], [8.46336, 39.89899], [8.44467, 39.88361], [8.43539, 39.85808], [8.42874, 39.86555], [8.43751, 39.87678], [8.3983, 39.90535], [8.39455, 39.91267], [8.40138, 39.94001], [8.39452, 39.98817], [8.4065, 40.00983], [8.40707, 40.0222], [8.39454, 40.0362], [8.38014, 40.03011], [8.37722, 40.03376], [8.40138, 40.04986], [8.43483, 40.05101], [8.4686, 40.06216], [8.48731, 40.08954], [8.49, 40.10448], [8.46731, 40.14472], [8.45966, 40.21601], [8.47641, 40.26215], [8.47608, 40.29214], [8.4629, 40.31452], [8.44125, 40.33145], [8.4157, 40.34528], [8.40821, 40.33785], [8.38601, 40.3518], [8.38357, 40.37177], [8.39454, 40.42381], [8.37989, 40.4687], [8.36557, 40.49213], [8.33173, 40.51069], [8.31202, 40.57807], [8.29151, 40.59536], [8.26734, 40.59406], [8.21632, 40.57064], [8.19599, 40.57808], [8.21632, 40.61221], [8.19337, 40.6175], [8.17661, 40.60659], [8.16179, 40.56382], [8.14738, 40.59303], [8.14065, 40.62518], [8.17384, 40.64159], [8.18531, 40.65656], [8.1885, 40.68048], [8.19744, 40.69123], [8.17385, 40.69698], [8.14584, 40.72602], [8.13382, 40.72892], [8.215, 40.88044], [8.21632, 40.8996], [8.20973, 40.91445], [8.1789, 40.92817], [8.18231, 40.9453], [8.20217, 40.97528], [8.20963, 40.97528], [8.21258, 40.96345], [8.22901, 40.96254], [8.23616, 40.95478], [8.22926, 40.92158], [8.23317, 40.9101], [8.27784, 40.86542], [8.31023, 40.85065], [8.42188, 40.83877], [8.47787, 40.82616], [8.52052, 40.82697]]], [[[9.73414, 40.87632], [9.74462, 40.86916], [9.73404, 40.85811], [9.71934, 40.86376], [9.71399, 40.87348], [9.73414, 40.87632]]], [[[9.74007, 40.9123], [9.70037, 40.89062], [9.69134, 40.8883], [9.67606, 40.89022], [9.73366, 40.92462], [9.73633, 40.92429], [9.74007, 40.9123]]], [[[8.24511, 41.05447], [8.27904, 41.05783], [8.25115, 41.04377], [8.24642, 40.99365], [8.20967, 40.9958], [8.2187, 41.00752], [8.22902, 41.04187], [8.24511, 41.05447]]], [[[9.39438, 41.19507], [9.40821, 41.20742], [9.41748, 41.20042], [9.40781, 41.18513], [9.40235, 41.19021], [9.39552, 41.1896], [9.39438, 41.19507]]], [[[9.44166, 41.18306], [9.43702, 41.18594], [9.44776, 41.20506], [9.44353, 41.21149], [9.44646, 41.2204], [9.46026, 41.24233], [9.47477, 41.23606], [9.47948, 41.22419], [9.47038, 41.17212], [9.44874, 41.18553], [9.44166, 41.18306]]], [[[9.4305, 41.24628], [9.42905, 41.2294], [9.43531, 41.21703], [9.39527, 41.2106], [9.37697, 41.21333], [9.37306, 41.22987], [9.39186, 41.24071], [9.39797, 41.25604], [9.41424, 41.26242], [9.42188, 41.26088], [9.4305, 41.24628]]], [[[9.15837, 41.24216], [9.14674, 41.23002], [9.13748, 41.24087], [9.14162, 41.24643], [9.15837, 41.24216]]], [[[9.34221, 41.22815], [9.3297, 41.23758], [9.33287, 41.25079], [9.35302, 41.24782], [9.35075, 41.23221], [9.34221, 41.22815]]], [[[9.34986, 41.27583], [9.34466, 41.27482], [9.33108, 41.28104], [9.33499, 41.28559], [9.3506, 41.28872], [9.34986, 41.27583]]], [[[9.37615, 41.30738], [9.3789, 41.29585], [9.36475, 41.28792], [9.35825, 41.2969], [9.37615, 41.30738]]], [[[9.33525, 41.30827], [9.35328, 41.29934], [9.35418, 41.29287], [9.33702, 41.2945], [9.33092, 41.30471], [9.33525, 41.30827]]], [[[9.26262, 41.3608], [9.25043, 41.36547], [9.25157, 41.37115], [9.26481, 41.37213], [9.26433, 41.36636], [9.27001, 41.36762], [9.26262, 41.3608]]], [[[8.5521, 42.38669], [8.57049, 42.38178], [8.58628, 42.39296], [8.59864, 42.3876], [8.61844, 42.41942], [8.65089, 42.42328], [8.65952, 42.42988], [8.6614, 42.45189], [8.67677, 42.47248], [8.65709, 42.48005], [8.6675, 42.50971], [8.68044, 42.52105], [8.71656, 42.53071], [8.7108, 42.54011], [8.71632, 42.562], [8.70917, 42.57915], [8.71973, 42.57598], [8.72348, 42.5655], [8.74, 42.57232], [8.77125, 42.55805], [8.78696, 42.562], [8.80747, 42.58511], [8.81284, 42.59959], [8.80546, 42.60642], [8.84303, 42.60806], [8.90651, 42.63246], [9.01832, 42.65013], [9.04998, 42.66218], [9.053, 42.68158], [9.11814, 42.73204], [9.16521, 42.73516], [9.23682, 42.72255], [9.26465, 42.70888], [9.28533, 42.67475], [9.29217, 42.67475], [9.32789, 42.72004], [9.34254, 42.74909], [9.33303, 42.77094], [9.34099, 42.79011], [9.33546, 42.8076], [9.30569, 42.83926], [9.33302, 42.86713], [9.32634, 42.88552], [9.33027, 42.90355], [9.3602, 42.92862], [9.35574, 42.93651], [9.3602, 42.94912], [9.34996, 42.95723], [9.34345, 42.97309], [9.34661, 43.0035], [9.36305, 43.01153], [9.40431, 43.01166], [9.42237, 43.01739], [9.43556, 43.00373], [9.46403, 42.99005], [9.45387, 42.96381], [9.47005, 42.94229], [9.4655, 42.92353], [9.48437, 42.83242], [9.48268, 42.80208], [9.45037, 42.70889], [9.45037, 42.65363], [9.44288, 42.64057], [9.45655, 42.63443], [9.46168, 42.61982], [9.45655, 42.60643], [9.4646, 42.60162], [9.4769, 42.57917], [9.51189, 42.5655], [9.50913, 42.57998], [9.48964, 42.61255], [9.52814, 42.56329], [9.53338, 42.45624], [9.5459, 42.43513], [9.53541, 42.40819], [9.53224, 42.37372], [9.55957, 42.29458], [9.55226, 42.17015], [9.55957, 42.14655], [9.55281, 42.11326], [9.54573, 42.10417], [9.51856, 42.08511], [9.4923, 42.0476], [9.40317, 41.95295], [9.3943, 41.84797], [9.403, 41.77949], [9.40161, 41.70645], [9.37224, 41.6839], [9.36704, 41.67422], [9.38069, 41.67421], [9.37785, 41.65623], [9.37304, 41.64518], [9.36387, 41.64018], [9.34522, 41.64033], [9.34667, 41.61958], [9.31821, 41.62714], [9.29217, 41.62641], [9.29394, 41.61762], [9.27858, 41.59838], [9.29217, 41.59162], [9.34504, 41.60448], [9.35416, 41.5954], [9.35065, 41.5814], [9.32693, 41.56125], [9.29965, 41.55329], [9.28198, 41.53328], [9.26466, 41.53083], [9.26986, 41.51679], [9.26466, 41.50288], [9.2762, 41.49941], [9.27913, 41.49165], [9.26466, 41.47614], [9.27083, 41.46874], [9.22803, 41.45003], [9.2107, 41.44823], [9.2107, 41.44086], [9.22332, 41.42731], [9.2107, 41.40729], [9.25032, 41.42778], [9.23885, 41.39606], [9.22288, 41.37239], [9.20643, 41.36598], [9.19387, 41.36914], [9.16912, 41.38618], [9.09646, 41.40352], [9.10728, 41.42926], [9.12135, 41.43464], [9.06659, 41.46191], [9.07985, 41.47614], [9.07985, 41.48237], [9.03875, 41.46192], [9.03199, 41.46874], [9.03875, 41.47614], [9.01832, 41.46875], [9.00099, 41.48306], [8.95102, 41.49189], [8.93572, 41.48921], [8.90691, 41.50731], [8.88365, 41.51119], [8.87371, 41.52338], [8.83963, 41.53083], [8.85328, 41.53766], [8.85328, 41.54385], [8.83334, 41.55073], [8.80991, 41.55269], [8.79177, 41.56123], [8.7964, 41.58055], [8.79322, 41.58731], [8.77811, 41.59163], [8.80177, 41.63905], [8.81902, 41.63264], [8.87257, 41.65107], [8.88111, 41.65713], [8.88577, 41.67088], [8.9227, 41.69465], [8.78884, 41.71256], [8.77615, 41.7224], [8.78492, 41.7425], [8.7601, 41.74266], [8.71908, 41.73071], [8.69559, 41.72945], [8.70297, 41.7425], [8.68873, 41.74177], [8.65516, 41.74991], [8.6963, 41.7582], [8.71754, 41.77204], [8.72022, 41.79169], [8.70917, 41.79707], [8.70917, 41.8045], [8.75229, 41.8098], [8.78492, 41.82441], [8.77231, 41.8404], [8.75088, 41.84553], [8.79176, 41.85912], [8.78175, 41.87368], [8.77811, 41.8728], [8.80543, 41.90693], [8.79177, 41.91377], [8.78142, 41.92878], [8.76441, 41.93427], [8.7444, 41.93281], [8.68907, 41.91384], [8.62989, 41.90864], [8.61427, 41.9008], [8.60728, 41.91376], [8.61866, 41.93049], [8.61443, 41.94408], [8.5863, 41.96897], [8.63551, 41.97264], [8.65504, 41.9787], [8.66879, 41.99632], [8.65612, 42.00288], [8.66457, 42.01446], [8.68434, 42.02557], [8.74342, 42.04414], [8.74497, 42.05659], [8.72349, 42.0721], [8.69923, 42.10932], [8.68881, 42.11115], [8.6609, 42.10547], [8.64772, 42.12202], [8.62957, 42.13007], [8.58629, 42.1335], [8.59376, 42.14655], [8.57814, 42.1542], [8.55975, 42.15402], [8.59376, 42.16706], [8.59376, 42.17451], [8.56578, 42.17452], [8.56578, 42.18129], [8.57765, 42.18488], [8.5818, 42.19452], [8.57781, 42.20441], [8.56578, 42.20857], [8.57407, 42.21992], [8.54527, 42.23286], [8.5495, 42.24225], [8.58627, 42.24335], [8.61086, 42.25461], [8.65113, 42.2604], [8.68776, 42.27294], [8.68873, 42.28095], [8.63479, 42.30484], [8.62517, 42.31916], [8.60515, 42.31064], [8.59988, 42.32192], [8.63478, 42.33893], [8.6128, 42.35244], [8.59156, 42.35114], [8.55213, 42.33896], [8.55958, 42.34638], [8.54909, 42.3771], [8.5521, 42.38669]]], [[[10.86185, 42.36628], [10.87637, 42.37444], [10.87604, 42.38695], [10.88299, 42.39214], [10.91359, 42.37503], [10.92956, 42.34056], [10.93975, 42.33066], [10.92333, 42.31874], [10.87194, 42.35387], [10.86185, 42.36628]]], [[[10.06276, 42.59203], [10.08431, 42.61468], [10.0979, 42.58796], [10.09538, 42.57698], [10.08578, 42.57247], [10.05861, 42.576], [10.05032, 42.58194], [10.05285, 42.5891], [10.06276, 42.59203]]], [[[10.32211, 42.81171], [10.33277, 42.80598], [10.34734, 42.80585], [10.38136, 42.83242], [10.39993, 42.86883], [10.41236, 42.87335], [10.43082, 42.86458], [10.44335, 42.84545], [10.43116, 42.82787], [10.43668, 42.80443], [10.43011, 42.78779], [10.42005, 42.77632], [10.38884, 42.7635], [10.41087, 42.75447], [10.43381, 42.76883], [10.44823, 42.77447], [10.46176, 42.77542], [10.47426, 42.76981], [10.49012, 42.7526], [10.50035, 42.73392], [10.51069, 42.69037], [10.50905, 42.64738], [10.49778, 42.61576], [10.49222, 42.61351], [10.47063, 42.62181], [10.42765, 42.64688], [10.40412, 42.65676], [10.35624, 42.65685], [10.27188, 42.64967], [10.21908, 42.65194], [10.19672, 42.65823], [10.18639, 42.66686], [10.18033, 42.68264], [10.18043, 42.74707], [10.29776, 42.732], [10.36114, 42.72963], [10.37667, 42.73582], [10.37168, 42.73802], [10.36427, 42.74982], [10.3379, 42.76484], [10.32369, 42.76224], [10.28732, 42.785], [10.26219, 42.80423], [10.2649, 42.80939], [10.25906, 42.81191], [10.27215, 42.81875], [10.27215, 42.82624], [10.32682, 42.82623], [10.32211, 42.81171]]], [[[9.78461, 43.02844], [9.80722, 43.06653], [9.82578, 43.07462], [9.84749, 43.05857], [9.85479, 43.04428], [9.84212, 43.02496], [9.82295, 43.00847], [9.80151, 43.00782], [9.78461, 43.02844]]], [[[9.90813, 43.44659], [9.91569, 43.44293], [9.90845, 43.42692], [9.89423, 43.43253], [9.89765, 43.44342], [9.90813, 43.44659]]], [[[12.31659, 45.44306], [12.32985, 45.4588], [12.34717, 45.4588], [12.36378, 45.44965], [12.36207, 45.43814], [12.33725, 45.42741], [12.32066, 45.42984], [12.31659, 45.44306]]], [[[14.53677, 35.69878], [14.53466, 35.7248], [14.54473, 35.79521], [14.6015, 35.7906], [14.63203, 35.78482], [14.68516, 35.7614], [14.72379, 35.74038], [14.75282, 35.71695], [14.76051, 35.70476], [14.76083, 35.69424], [14.74894, 35.67112], [14.72722, 35.64708], [14.70306, 35.63044], [14.69228, 35.62752], [14.6522, 35.63143], [14.58747, 35.65545], [14.55334, 35.6766], [14.54202, 35.68699], [14.53677, 35.69878]]], [[[12.72535, 38.12592], [12.71992, 38.17548], [12.73178, 38.19275], [12.7378, 38.18098], [12.76091, 38.18097], [12.79078, 38.11709], [12.81837, 38.07795], [12.86889, 38.05133], [12.86964, 38.04255], [12.90113, 38.02806], [12.94418, 38.03286], [13.02735, 38.0624], [13.06137, 38.08348], [13.0713, 38.09553], [13.06617, 38.12303], [13.05471, 38.14183], [13.08937, 38.166], [13.08377, 38.17471], [13.10093, 38.19008], [13.11248, 38.19276], [13.15699, 38.17967], [13.20721, 38.17609], [13.23032, 38.18464], [13.23903, 38.207], [13.25441, 38.20254], [13.31812, 38.22064], [13.32324, 38.21796], [13.32838, 38.20018], [13.37191, 38.17279], [13.3733, 38.14069], [13.39137, 38.10318], [13.51352, 38.11053], [13.54126, 38.09406], [13.53932, 38.07685], [13.54737, 38.05622], [13.58708, 38.03912], [13.65113, 38.00096], [13.69799, 37.99351], [13.71191, 37.98793], [13.70509, 37.98046], [13.79078, 37.97362], [13.81267, 37.97793], [13.85719, 37.99672], [13.89828, 38.00446], [13.93849, 38.02887], [14.00717, 38.03828], [14.02052, 38.04937], [14.08326, 38.02383], [14.10629, 38.02143], [14.15138, 38.02886], [14.2732, 38.01512], [14.33123, 38.01801], [14.38461, 38.02953], [14.4319, 38.04937], [14.46412, 38.03718], [14.51173, 38.04438], [14.63461, 38.08149], [14.66774, 38.09919], [14.73399, 38.15771], [14.7448, 38.16135], [14.79811, 38.16035], [14.87403, 38.17569], [14.90708, 38.18768], [14.94474, 38.1819], [14.96974, 38.15925], [15.00734, 38.1518], [15.04899, 38.15179], [15.0687, 38.13129], [15.0879, 38.12824], [15.17742, 38.15632], [15.2033, 38.1833], [15.24073, 38.24116], [15.23718, 38.26479], [15.24317, 38.26479], [15.24633, 38.25434], [15.24073, 38.23029], [15.24537, 38.21723], [15.25758, 38.21019], [15.29184, 38.20702], [15.32106, 38.21088], [15.39967, 38.23257], [15.43377, 38.25315], [15.47291, 38.26781], [15.51288, 38.29758], [15.52866, 38.30263], [15.55925, 38.3001], [15.61598, 38.28022], [15.6516, 38.27529], [15.64242, 38.26228], [15.62428, 38.26166], [15.58375, 38.24042], [15.56967, 38.22696], [15.55991, 38.19977], [15.57592, 38.20017], [15.52703, 38.13679], [15.50033, 38.08495], [15.39259, 37.97614], [15.26645, 37.81211], [15.24122, 37.79556], [15.21306, 37.76146], [15.20655, 37.74775], [15.22021, 37.70673], [15.21606, 37.69673], [15.20216, 37.68537], [15.19677, 37.6551], [15.16391, 37.5679], [15.1159, 37.52228], [15.09669, 37.49445], [15.08953, 37.45946], [15.09205, 37.36054], [15.09669, 37.34369], [15.11069, 37.32185], [15.18002, 37.29076], [15.21745, 37.28497], [15.23666, 37.27472], [15.25195, 37.25771], [15.26122, 37.23386], [15.24488, 37.24616], [15.23561, 37.24193], [15.22024, 37.22019], [15.22169, 37.23745], [15.21583, 37.2447], [15.20541, 37.2447], [15.19288, 37.23998], [15.19905, 37.22761], [15.18344, 37.20746], [15.19467, 37.17634], [15.21648, 37.15522], [15.23325, 37.16485], [15.24756, 37.15867], [15.24756, 37.15185], [15.22918, 37.14964], [15.23178, 37.13491], [15.24659, 37.11823], [15.30322, 37.10122], [15.30786, 37.08666], [15.30274, 37.0625], [15.28793, 37.069], [15.28199, 37.06086], [15.2837, 37.04841], [15.29184, 37.04198], [15.31226, 37.044], [15.32105, 37.04022], [15.33235, 37.01163], [15.32472, 37.0085], [15.30893, 37.01777], [15.26808, 37.00043], [15.2749, 36.9936], [15.26384, 36.98713], [15.26806, 36.9731], [15.24448, 36.97207], [15.17465, 36.94408], [15.15838, 36.92422], [15.10768, 36.82014], [15.10661, 36.80858], [15.09401, 36.79955], [15.09889, 36.77945], [15.11726, 36.74693], [15.13493, 36.68769], [15.13428, 36.6752], [15.11451, 36.65991], [15.09392, 36.65494], [15.07358, 36.65913], [15.03305, 36.69391], [15.00717, 36.70279], [14.99781, 36.70222], [14.98243, 36.68888], [14.95729, 36.69783], [14.91863, 36.71988], [14.88217, 36.73066], [14.84685, 36.72626], [14.78078, 36.69938], [14.77345, 36.71003], [14.76092, 36.70622], [14.74431, 36.71914], [14.68459, 36.72603], [14.65895, 36.75381], [14.5822, 36.78132], [14.56593, 36.77832], [14.48732, 36.79337], [14.47562, 36.80517], [14.39454, 36.94501], [14.36988, 36.97309], [14.27882, 37.04401], [14.20851, 37.08112], [14.12631, 37.11225], [14.08863, 37.11774], [13.97633, 37.1103], [13.93849, 37.09594], [13.89467, 37.10078], [13.83269, 37.13955], [13.71584, 37.17138], [13.68345, 37.18936], [13.59881, 37.25674], [13.56918, 37.2735], [13.45265, 37.29883], [13.32961, 37.36628], [13.31129, 37.38084], [13.27802, 37.39371], [13.25327, 37.43179], [13.22536, 37.44604], [13.20606, 37.46393], [13.18923, 37.46972], [13.17408, 37.48701], [13.05152, 37.50068], [13.02638, 37.49324], [13.01054, 37.50673], [13.00001, 37.53547], [12.97413, 37.55744], [12.94264, 37.56851], [12.86215, 37.5764], [12.78093, 37.57421], [12.69776, 37.56274], [12.65936, 37.56514], [12.63625, 37.58223], [12.59474, 37.63789], [12.57781, 37.652], [12.56349, 37.65778], [12.52361, 37.65836], [12.50621, 37.66552], [12.48916, 37.68255], [12.46503, 37.7198], [12.45631, 37.75975], [12.42703, 37.79703], [12.42741, 37.80905], [12.44459, 37.81597], [12.44606, 37.81184], [12.46502, 37.82282], [12.47869, 37.88117], [12.46413, 37.91291], [12.49049, 37.95401], [12.50294, 37.99706], [12.50416, 38.01122], [12.49295, 38.02143], [12.52345, 38.03144], [12.57635, 38.07171], [12.60841, 38.0624], [12.65162, 38.0915], [12.66245, 38.11627], [12.7046, 38.11083], [12.72535, 38.12592]]], [[[14.95912, 38.43293], [14.96631, 38.43292], [14.96632, 38.41869], [14.99365, 38.40302], [15.00724, 38.37789], [14.98683, 38.3641], [14.94827, 38.39644], [14.94534, 38.41226], [14.95912, 38.43293]]], [[[14.97933, 38.4814], [14.95265, 38.48139], [14.96631, 38.45345], [14.94874, 38.45093], [14.90774, 38.47395], [14.89944, 38.48168], [14.90065, 38.49858], [14.96178, 38.51928], [14.96606, 38.51626], [14.95883, 38.50186], [14.97933, 38.48753], [14.97933, 38.4814]]], [[[15.96803, 38.71259], [16.00262, 38.7254], [16.04884, 38.72772], [16.12086, 38.72093], [16.136, 38.72382], [16.17921, 38.74828], [16.20094, 38.77644], [16.2151, 38.81415], [16.22169, 38.85659], [16.22006, 38.89908], [16.20903, 38.92749], [16.28876, 38.99464], [16.30195, 39.10057], [16.31198, 39.13505], [16.34456, 39.2005], [16.39358, 39.26047], [16.48217, 39.32903], [16.49175, 39.40185], [16.52891, 39.48842], [16.50625, 39.56943], [16.50274, 39.60429], [16.51575, 39.73388], [16.52856, 39.7215], [16.52858, 39.71488], [16.51564, 39.6896], [16.54591, 39.66088], [16.59148, 39.63679], [16.62485, 39.62531], [16.74976, 39.62001], [16.78248, 39.61163], [16.81626, 39.59088], [16.8462, 39.55268], [16.906, 39.52972], [16.95297, 39.49921], [16.99537, 39.49273], [17.01148, 39.48614], [17.05714, 39.44164], [17.08855, 39.42259], [17.1242, 39.409], [17.15868, 39.40619], [17.12224, 39.33832], [17.11492, 39.28278], [17.11769, 39.25601], [17.14567, 39.21068], [17.12224, 39.12104], [17.12452, 39.09089], [17.15846, 39.04047], [17.20636, 39.02948], [17.17661, 39.01211], [17.17237, 39.00519], [17.17236, 38.96052], [17.1277, 38.92878], [17.10402, 38.8991], [17.09498, 38.91914], [17.07057, 38.9228], [17.04225, 38.91625], [17.02199, 38.90596], [16.99635, 38.92951], [16.98129, 38.9372], [16.93507, 38.93871], [16.83855, 38.9182], [16.72779, 38.87885], [16.68775, 38.85586], [16.67074, 38.84065], [16.61061, 38.81655], [16.58562, 38.79784], [16.57439, 38.78506], [16.56372, 38.75675], [16.53883, 38.72333], [16.53484, 38.6999], [16.54907, 38.68992], [16.55885, 38.59602], [16.57698, 38.52855], [16.56947, 38.42932], [16.56136, 38.41633], [16.50814, 38.37154], [16.49757, 38.36929], [16.46705, 38.34871], [16.43507, 38.33999], [16.33985, 38.30085], [16.30633, 38.27709], [16.16944, 38.14322], [16.15187, 38.11083], [16.12542, 38.00466], [16.10143, 37.96066], [16.07733, 37.94001], [16.06316, 37.93269], [16.00099, 37.91902], [15.94215, 37.93309], [15.76179, 37.92525], [15.73465, 37.93106], [15.68442, 37.95352], [15.64553, 37.98835], [15.63512, 38.0091], [15.63837, 38.02773], [15.65846, 38.04255], [15.62414, 38.09188], [15.62746, 38.10736], [15.6478, 38.14313], [15.63284, 38.22028], [15.65057, 38.24103], [15.6846, 38.2532], [15.78647, 38.27802], [15.81284, 38.3006], [15.8299, 38.35124], [15.9048, 38.47394], [15.91782, 38.51679], [15.91603, 38.55036], [15.90008, 38.57827], [15.83548, 38.62825], [15.83661, 38.64899], [15.8445, 38.66038], [15.9048, 38.67939], [15.96803, 38.71259]], [[16.51775, 39.26274], [16.52584, 39.21477], [16.53102, 39.20915], [16.54193, 39.20862], [16.60688, 39.23347], [16.6053, 39.24434], [16.562, 39.26775], [16.52361, 39.27179], [16.51775, 39.26274]]], [[[13.96581, 40.73505], [13.96581, 40.71528], [13.94467, 40.70162], [13.93482, 40.70563], [13.91977, 40.7045], [13.89015, 40.69417], [13.84915, 40.71528], [13.86151, 40.74404], [13.87013, 40.74872], [13.8631, 40.7624], [13.88315, 40.76239], [13.94606, 40.74525], [13.96581, 40.73505]]], [[[14.01352, 40.74754], [14.01708, 40.73727], [14.00587, 40.74689], [14.001, 40.74397], [14.0041, 40.76219], [14.01767, 40.77028], [14.03531, 40.75984], [14.02182, 40.75719], [14.02588, 40.75032], [14.01352, 40.74754]]], [[[13.42444, 40.80028], [13.43196, 40.80145], [13.42692, 40.79085], [13.41475, 40.7859], [13.42444, 40.80028]]], [[[12.952, 40.88155], [12.94208, 40.89981], [12.95436, 40.92177], [12.98219, 40.93756], [12.99177, 40.93318], [12.9686, 40.91946], [12.96095, 40.90322], [12.96647, 40.89305], [12.95834, 40.882], [12.952, 40.88155]]], [[[15.48382, 42.11856], [15.49256, 42.1239], [15.49674, 42.11603], [15.48471, 42.10144], [15.47773, 42.10412], [15.48382, 42.11856]]], [[[16.27702, 43.41192], [16.29792, 43.40374], [16.30275, 43.38727], [16.32984, 43.3897], [16.39143, 43.34638], [16.37598, 43.33345], [16.34895, 43.33863], [16.28175, 43.36937], [16.23227, 43.38447], [16.20706, 43.38728], [16.20641, 43.39181], [16.21323, 43.39411], [16.20047, 43.40705], [16.20559, 43.4129], [16.27702, 43.41192]]], [[[16.1704, 43.43607], [16.1648, 43.43302], [16.14812, 43.43537], [16.14144, 43.4294], [16.11501, 43.42944], [16.12165, 43.44792], [16.13754, 43.44973], [16.1345, 43.45616], [16.14942, 43.459], [16.16536, 43.44973], [16.1704, 43.43607]]], [[[16.31031, 43.50775], [16.37523, 43.49017], [16.37077, 43.48433], [16.33363, 43.48141], [16.28199, 43.48794], [16.24643, 43.48144], [16.21168, 43.48993], [16.21178, 43.49554], [16.2435, 43.49494], [16.25221, 43.49994], [16.24807, 43.50828], [16.26442, 43.51287], [16.31031, 43.50775]]], [[[15.50451, 43.52682], [15.52908, 43.50425], [15.53389, 43.49397], [15.52241, 43.49051], [15.49412, 43.49515], [15.46347, 43.50578], [15.39953, 43.53978], [15.17999, 43.68634], [15.07382, 43.76468], [15.19421, 43.70005], [15.35865, 43.62454], [15.39313, 43.60602], [15.50451, 43.52682]]], [[[15.60379, 43.67471], [15.61134, 43.6821], [15.61799, 43.6767], [15.65015, 43.67303], [15.67888, 43.64802], [15.74029, 43.62754], [15.68133, 43.64033], [15.67205, 43.63745], [15.60379, 43.67471]]], [[[15.82408, 43.70001], [15.84166, 43.70729], [15.86187, 43.68939], [15.86841, 43.66259], [15.86338, 43.66268], [15.82604, 43.69225], [15.82408, 43.70001]]], [[[15.69696, 43.68143], [15.69469, 43.68547], [15.70379, 43.68907], [15.68313, 43.6997], [15.67329, 43.71386], [15.6745, 43.71706], [15.68921, 43.71572], [15.71355, 43.69196], [15.72631, 43.69], [15.7198, 43.67281], [15.69696, 43.68143]]], [[[15.64861, 43.7829], [15.66601, 43.76647], [15.65984, 43.76395], [15.63112, 43.77144], [15.6089, 43.79381], [15.59963, 43.79415], [15.58091, 43.80875], [15.56749, 43.83201], [15.58627, 43.82294], [15.59473, 43.83144], [15.60483, 43.82421], [15.61004, 43.80911], [15.62794, 43.7982], [15.64096, 43.79784], [15.65006, 43.78913], [15.64861, 43.7829]]], [[[15.39556, 43.77247], [15.30894, 43.80562], [15.28842, 43.82551], [15.24763, 43.84927], [15.23342, 43.86221], [15.22781, 43.87445], [15.24073, 43.88075], [15.26123, 43.86709], [15.26637, 43.857], [15.34217, 43.81201], [15.39556, 43.77247]]], [[[15.38958, 43.94746], [15.39763, 43.9372], [15.42676, 43.92206], [15.44604, 43.88754], [15.40708, 43.89616], [15.39772, 43.90811], [15.35866, 43.91939], [15.34996, 43.92915], [15.35678, 43.93537], [15.30959, 43.95845], [15.29713, 43.9781], [15.26126, 44.01105], [15.29607, 44.00571], [15.34995, 43.9763], [15.38405, 43.97015], [15.38958, 43.94746]]], [[[15.22021, 43.9012], [15.19549, 43.89521], [15.14552, 43.9239], [15.13331, 43.92121], [15.14454, 43.90811], [15.17555, 43.89094], [15.19677, 43.88638], [15.1945, 43.87264], [15.13627, 43.90316], [15.10685, 43.92524], [15.04283, 43.99043], [15.0031, 44.05231], [14.98308, 44.06631], [14.9551, 44.0756], [14.87013, 44.14082], [14.86297, 44.16104], [14.84964, 44.1756], [14.86328, 44.17559], [14.93912, 44.12714], [14.95444, 44.10322], [14.99383, 44.08784], [15.00731, 44.09298], [15.0005, 44.07941], [15.01441, 44.07794], [15.0227, 44.0722], [15.03191, 44.03636], [15.04135, 44.02644], [15.08823, 43.98965], [15.11377, 43.98378], [15.14454, 43.94965], [15.2168, 43.91278], [15.22021, 43.9012]]], [[[15.07758, 44.05309], [15.07294, 44.08074], [15.1001, 44.0685], [15.10849, 44.05402], [15.14722, 44.02561], [15.15941, 43.99896], [15.07758, 44.05309]]], [[[15.18914, 44.04781], [15.12185, 44.09224], [15.08709, 44.12372], [15.06871, 44.13398], [15.07553, 44.14082], [15.06254, 44.1619], [15.22575, 44.06622], [15.24707, 44.04669], [15.2544, 44.01791], [15.22332, 44.05028], [15.20656, 44.04524], [15.19907, 44.05882], [15.18914, 44.04781]]], [[[14.82244, 44.16865], [14.83184, 44.15591], [14.84278, 44.14826], [14.85727, 44.15205], [14.86915, 44.14053], [14.85613, 44.13688], [14.83522, 44.14168], [14.81985, 44.15303], [14.82244, 44.16865]]], [[[15.11061, 44.29149], [15.08782, 44.29894], [15.06934, 44.28588], [15.04348, 44.28967], [15.03038, 44.29835], [15.0255, 44.31509], [15.03094, 44.32672], [15.0656, 44.32078], [15.08611, 44.30878], [15.09743, 44.30968], [15.13721, 44.28831], [15.11689, 44.28169], [15.11061, 44.29149]]], [[[14.66137, 44.30866], [14.6574, 44.30526], [14.59912, 44.3389], [14.59509, 44.34709], [14.63581, 44.32963], [14.66137, 44.30866]]], [[[14.76345, 44.41534], [14.78289, 44.41892], [14.80322, 44.4055], [14.80501, 44.39574], [14.79672, 44.38129], [14.81119, 44.35005], [14.80103, 44.3431], [14.78491, 44.347], [14.75621, 44.364], [14.76776, 44.38733], [14.76345, 44.41534]]], [[[14.96086, 44.40011], [14.95411, 44.40778], [14.93337, 44.41072], [14.89315, 44.44166], [14.88837, 44.45622], [14.95516, 44.41335], [14.96086, 44.40011]]], [[[14.52662, 44.5037], [14.53434, 44.48408], [14.51211, 44.48227], [14.52104, 44.49667], [14.52662, 44.5037]]], [[[14.27115, 44.61254], [14.23976, 44.61987], [14.23261, 44.62605], [14.24416, 44.66144], [14.2658, 44.6795], [14.28043, 44.67755], [14.27417, 44.6617], [14.25734, 44.65672], [14.25668, 44.63703], [14.27115, 44.61254]]], [[[14.38258, 44.60326], [14.37599, 44.62303], [14.3493, 44.65554], [14.3358, 44.71676], [14.38111, 44.69864], [14.39747, 44.68561], [14.39039, 44.66218], [14.40406, 44.61034], [14.43296, 44.57838], [14.36973, 44.58013], [14.36477, 44.58722], [14.38258, 44.60326]]], [[[13.90431, 44.81729], [13.90668, 44.80343], [13.88845, 44.82331], [13.90431, 44.81729]]], [[[14.45191, 44.8509], [14.46655, 44.80484], [14.45192, 44.79877], [14.4729, 44.7652], [14.46608, 44.7298], [14.47218, 44.70795], [14.51391, 44.66218], [14.50856, 44.64533], [14.51499, 44.64216], [14.52751, 44.64788], [14.53434, 44.63426], [14.51335, 44.61885], [14.473, 44.62028], [14.42792, 44.65657], [14.39454, 44.70759], [14.39723, 44.75161], [14.38356, 44.75776], [14.37453, 44.75387], [14.36819, 44.76106], [14.36158, 44.81598], [14.34605, 44.82051], [14.32986, 44.83394], [14.31414, 44.89379], [14.29422, 44.90864], [14.30152, 44.92231], [14.29251, 44.94033], [14.30152, 44.94342], [14.32546, 44.93635], [14.35963, 44.90864], [14.38738, 44.909], [14.39723, 44.9291], [14.39032, 44.96038], [14.40406, 44.94953], [14.41139, 44.95637], [14.39145, 44.96943], [14.37673, 44.98689], [14.34083, 45.05561], [14.27865, 45.11313], [14.2777, 45.128], [14.28727, 45.14633], [14.31366, 45.17242], [14.33188, 45.17584], [14.3562, 45.16925], [14.36409, 45.15762], [14.36305, 45.09357], [14.38771, 45.03905], [14.41765, 44.99799], [14.43084, 44.9903], [14.46606, 44.9837], [14.47348, 44.97142], [14.47093, 44.95369], [14.45191, 44.92231], [14.45922, 44.91543], [14.44996, 44.89802], [14.45191, 44.8509]]], [[[14.77858, 44.90848], [14.76801, 44.9178], [14.77309, 44.93348], [14.80725, 44.92033], [14.82877, 44.90338], [14.83577, 44.88684], [14.77858, 44.90848]]], [[[14.54314, 44.95562], [14.53476, 44.95568], [14.48578, 44.98362], [14.52767, 44.98598], [14.54582, 44.96804], [14.54314, 44.95562]]], [[[14.78468, 44.96932], [14.76092, 44.97748], [14.74724, 44.97004], [14.74724, 44.96381], [14.76074, 44.95514], [14.75655, 44.94864], [14.7234, 44.94336], [14.70672, 44.94666], [14.65789, 44.97004], [14.62893, 44.97818], [14.6238, 45.00122], [14.62631, 45.03726], [14.62086, 45.0456], [14.60328, 45.03897], [14.60328, 45.03217], [14.61695, 45.02464], [14.59031, 45.0233], [14.51026, 45.03223], [14.48537, 45.03804], [14.46014, 45.0524], [14.42508, 45.08735], [14.44159, 45.09979], [14.46266, 45.10102], [14.46707, 45.12408], [14.47608, 45.12825], [14.51401, 45.12906], [14.53012, 45.13483], [14.52127, 45.14883], [14.53956, 45.1704], [14.53689, 45.20172], [14.54803, 45.21027], [14.54982, 45.22142], [14.54379, 45.23574], [14.53456, 45.2377], [14.54885, 45.24871], [14.56336, 45.24973], [14.59585, 45.23754], [14.5822, 45.23754], [14.62377, 45.17549], [14.59742, 45.16645], [14.61256, 45.15925], [14.64373, 45.15681], [14.66528, 45.1618], [14.6709, 45.14346], [14.65895, 45.10834], [14.66529, 45.08735], [14.67807, 45.07746], [14.69597, 45.07343], [14.74047, 45.07305], [14.74, 45.04434], [14.79992, 45.005], [14.81493, 44.97749], [14.78468, 44.96932]]], [[[12.41644, 45.42061], [12.37623, 45.42255], [12.32147, 45.34804], [12.32802, 45.37244], [12.37184, 45.42487], [12.38917, 45.43354], [12.40748, 45.43065], [12.43085, 45.41571], [12.41644, 45.42061]]], [[[12.38536, 45.44571], [12.37518, 45.45379], [12.39731, 45.46003], [12.41409, 45.47308], [12.41839, 45.46874], [12.40878, 45.45661], [12.38536, 45.44571]]], [[[0.92514, 36.41816], [0.9363, 36.44359], [0.94557, 36.45233], [1.00709, 36.46686], [1.04477, 36.48687], [1.11695, 36.48713], [1.17873, 36.51088], [1.26547, 36.51533], [1.34669, 36.54498], [1.36769, 36.54791], [1.45281, 36.52802], [1.47633, 36.52896], [1.51775, 36.53874], [1.71656, 36.54792], [1.76124, 36.56158], [1.80291, 36.55536], [1.85788, 36.56746], [1.91383, 36.57021], [1.97283, 36.56159], [2.05991, 36.57014], [2.32984, 36.63729], [2.35157, 36.63832], [2.3733, 36.63385], [2.39185, 36.62425], [2.40406, 36.59919], [2.44728, 36.59056], [2.60076, 36.59634], [2.63299, 36.60513], [2.72756, 36.66522], [2.79298, 36.69294], [2.8187, 36.71088], [2.85007, 36.75422], [2.87567, 36.7748], [2.93312, 36.80857], [2.97706, 36.81585], [3.01417, 36.8117], [3.04785, 36.79498], [3.10182, 36.7519], [3.14015, 36.74164], [3.17937, 36.74283], [3.21046, 36.75739], [3.22608, 36.7862], [3.22757, 36.81234], [3.2378, 36.81304], [3.30299, 36.78876], [3.3405, 36.78071], [3.48048, 36.77725], [3.55047, 36.79145], [3.57057, 36.80857], [3.61207, 36.80858], [3.64967, 36.82396], [3.70949, 36.87319], [3.74188, 36.89117], [3.82775, 36.91293], [3.87387, 36.91721], [3.9126, 36.9116], [3.94825, 36.8933], [3.96404, 36.89118], [4.03142, 36.89777], [4.08546, 36.89207], [4.10483, 36.88373], [4.15952, 36.90419], [4.21046, 36.89118], [4.26198, 36.91159], [4.32032, 36.89802], [4.44096, 36.91157], [4.46843, 36.90587], [4.50408, 36.88931], [4.53639, 36.88857], [4.55055, 36.88373], [4.58182, 36.89493], [4.62326, 36.89636], [4.69801, 36.89118], [4.76905, 36.89801], [4.78681, 36.89546], [4.94987, 36.83978], [4.97364, 36.81891], [5.00928, 36.81606], [5.02915, 36.79499], [5.04591, 36.78852], [5.08619, 36.78083], [5.10481, 36.78131], [5.08481, 36.73261], [5.09018, 36.71678], [5.11842, 36.69937], [5.23585, 36.65095], [5.26905, 36.64411], [5.30437, 36.64301], [5.37241, 36.65095], [5.43385, 36.66522], [5.46485, 36.66523], [5.48911, 36.68512], [5.52915, 36.69766], [5.549, 36.7097], [5.56277, 36.74599], [5.59367, 36.77369], [5.67457, 36.79963], [5.71047, 36.8255], [5.73347, 36.83227], [5.7588, 36.83339], [5.82781, 36.82176], [5.86883, 36.82294], [6.03712, 36.85358], [6.19703, 36.90233], [6.23569, 36.92121], [6.25685, 36.94579], [6.25442, 36.99897], [6.26702, 37.01791], [6.33872, 37.06927], [6.3716, 37.08347], [6.41578, 37.09295], [6.46265, 37.09388], [6.50269, 37.08294], [6.54419, 37.05878], [6.54705, 37.04121], [6.57275, 37.02777], [6.58326, 36.98981], [6.59946, 36.97309], [6.61411, 36.97784], [6.67115, 36.95942], [6.82227, 36.95256], [6.86963, 36.92918], [6.88004, 36.91844], [6.87965, 36.90209], [6.90943, 36.89305], [6.9756, 36.89118], [7.06446, 36.91332], [7.0923, 36.92592], [7.13331, 36.91527], [7.15699, 36.9147], [7.17668, 36.93203], [7.23902, 36.9715], [7.25424, 36.9947], [7.25734, 37.00414], [7.2505, 37.02314], [7.18166, 37.07673], [7.18166, 37.08294], [7.22241, 37.08978], [7.27475, 37.06932], [7.29266, 37.0825], [7.33595, 37.06928], [7.36997, 37.08294], [7.38347, 37.08298], [7.40463, 37.05158], [7.43856, 37.04852], [7.45606, 37.04198], [7.49024, 37.05499], [7.58888, 36.98762], [7.63356, 36.98054], [7.66188, 36.98846], [7.67449, 36.98675], [7.69597, 36.97699], [7.71274, 36.9632], [7.77076, 36.97012], [7.79857, 36.99357], [7.77426, 36.93146], [7.79117, 36.91844], [7.77345, 36.88996], [7.80991, 36.86815], [7.86647, 36.8544], [7.90846, 36.84955], [8.04998, 36.87759], [8.09325, 36.90189], [8.23316, 36.95806], [8.26873, 36.93374], [8.2881, 36.92593], [8.35571, 36.92595], [8.37403, 36.91844], [8.38884, 36.92323], [8.42872, 36.9042], [8.49757, 36.9042], [8.69215, 36.96938], [8.71683, 36.97309], [8.80201, 36.97309], [8.82439, 36.97948], [8.86574, 37.00763], [8.90366, 37.02167], [8.92579, 37.03889], [8.95688, 37.06928], [8.98765, 37.11684], [9.01075, 37.12783], [9.03876, 37.15183], [9.15919, 37.19282], [9.1714, 37.1988], [9.1924, 37.22613], [9.21071, 37.23382], [9.34254, 37.23534], [9.38071, 37.24746], [9.41912, 37.27581], [9.44288, 37.26655], [9.45387, 37.2683], [9.51734, 37.28669], [9.55275, 37.3095], [9.57309, 37.30024], [9.59148, 37.30292], [9.64927, 37.33184], [9.7103, 37.33617], [9.74464, 37.34519], [9.77345, 37.33051], [9.85888, 37.32879], [9.86166, 37.27119], [9.83074, 37.25121], [9.79274, 37.23802], [9.77182, 37.21332], [9.7907, 37.17841], [9.80151, 37.16913], [9.80779, 37.15501], [9.81593, 37.15184], [9.85971, 37.14704], [9.87989, 37.15009], [9.91432, 37.17829], [9.9253, 37.19676], [9.92498, 37.21312], [9.86118, 37.23383], [9.8196, 37.22762], [9.81959, 37.23383], [9.85353, 37.2495], [9.86744, 37.26171], [9.8825, 37.26357], [9.97983, 37.24604], [9.99781, 37.24746], [10.05128, 37.26658], [10.05957, 37.26489], [10.07586, 37.24494], [10.14624, 37.23651], [10.17872, 37.21271], [10.2531, 37.19138], [10.27212, 37.17854], [10.24008, 37.17178], [10.21128, 37.15869], [10.20582, 37.17512], [10.17799, 37.17796], [10.14601, 37.17121], [10.1281, 37.15868], [10.13543, 37.14232], [10.16163, 37.13434], [10.1919, 37.13325], [10.21127, 37.13759], [10.21817, 37.12896], [10.2303, 37.1081], [10.22438, 37.09596], [10.21754, 37.1103], [10.17433, 37.07624], [10.18238, 37.02704], [10.22006, 36.97663], [10.26588, 36.93891], [10.31372, 36.91844], [10.34716, 36.88027], [10.34196, 36.8686], [10.31902, 36.85025], [10.30933, 36.82978], [10.29883, 36.82177], [10.28517, 36.81997], [10.27216, 36.82909], [10.27955, 36.84431], [10.27019, 36.84846], [10.25294, 36.84634], [10.2107, 36.83185], [10.19361, 36.81232], [10.18849, 36.79759], [10.20289, 36.79263], [10.23422, 36.79189], [10.24724, 36.78628], [10.27215, 36.81606], [10.29363, 36.77774], [10.32008, 36.74876], [10.35532, 36.73119], [10.40301, 36.72671], [10.437, 36.72884], [10.48773, 36.74964], [10.51871, 36.7558], [10.53823, 36.77203], [10.56692, 36.86322], [10.58498, 36.87615], [10.60613, 36.8797], [10.6526, 36.8769], [10.69467, 36.88345], [10.73347, 36.89581], [10.78321, 36.92442], [10.82309, 36.95392], [10.8301, 36.96824], [10.88754, 37.00601], [10.89845, 37.02521], [10.89293, 37.03864], [10.90212, 37.04881], [10.92368, 37.05702], [10.97413, 37.06127], [11.01271, 37.08477], [11.03337, 37.08746], [11.05102, 37.0803], [11.0603, 37.06248], [11.0486, 37.04198], [11.04835, 37.02033], [11.06398, 36.99006], [11.08773, 36.95941], [11.09449, 36.91844], [11.13621, 36.87053], [11.13054, 36.85404], [11.11676, 36.83842], [11.07673, 36.82519], [11.02214, 36.78828], [10.99238, 36.74387], [10.94993, 36.69388], [10.87952, 36.58848], [10.82565, 36.47981], [10.79992, 36.45189], [10.71715, 36.43455], [10.62044, 36.39029], [10.58556, 36.39813], [10.55093, 36.37726], [10.51908, 36.33747], [10.49107, 36.25807], [10.47927, 36.21696], [10.4747, 36.11249], [10.47953, 36.07933], [10.51856, 35.97997], [10.55649, 35.93797], [10.58228, 35.92181], [10.60857, 35.85586], [10.62208, 35.8426], [10.6937, 35.78779], [10.74362, 35.76967], [10.80372, 35.78692], [10.82308, 35.78045], [10.8414, 35.76655], [10.83034, 35.75323], [10.82452, 35.73339], [10.8296, 35.71312], [10.84116, 35.6988], [10.97182, 35.65414], [11.01197, 35.65789], [11.04099, 35.63772], [11.05501, 35.61448], [11.0171, 35.60228], [11.01197, 35.57905], [11.0149, 35.55516], [11.02394, 35.53376], [11.03924, 35.5185], [11.08503, 35.50678], [11.05769, 35.48673], [11.05067, 35.45978], [11.04553, 35.43476], [11.0494, 35.39126], [11.03719, 35.37082], [11.04223, 35.33443], [11.10133, 35.26683], [11.12208, 35.25365], [11.16077, 35.23823], [11.15915, 35.21877], [11.13135, 35.21796], [11.11158, 35.20559], [11.0923, 35.17395], [11.06291, 35.15364], [11.03498, 35.10706], [11.01588, 35.09284], [11.02244, 35.0645], [11.01809, 35.03419], [10.98436, 34.99942], [10.94586, 34.98353], [10.91765, 34.95742], [10.92494, 34.93412], [10.91651, 34.91332], [10.91632, 34.87357], [10.8755, 34.84907], [10.85629, 34.83088], [10.87141, 34.79737], [10.83488, 34.7834], [10.81126, 34.76888], [10.77904, 34.7395], [10.76346, 34.71345], [10.74399, 34.69868], [10.7347, 34.68086], [10.71729, 34.66475], [10.70118, 34.65596], [10.62525, 34.63325], [10.60743, 34.59333], [10.59701, 34.54472], [10.58161, 34.53269], [10.55937, 34.5235], [10.46599, 34.51195], [10.4319, 34.49632], [10.37872, 34.42309], [10.33041, 34.4126], [10.30006, 34.41771], [10.2881, 34.41401], [10.24724, 34.37215], [10.18678, 34.35196], [10.16667, 34.33882], [10.12672, 34.32563], [10.10216, 34.30407], [10.08961, 34.27269], [10.03291, 34.18484], [10.00522, 34.17064], [10.01837, 34.13367], [10.0215, 34.07331], [10.04884, 33.98347], [10.0713, 33.94623], [10.1631, 33.83625], [10.18705, 33.82161], [10.33025, 33.70283], [10.36769, 33.68407], [10.44606, 33.65542], [10.48927, 33.64712], [10.55837, 33.65572], [10.63407, 33.67363], [10.69734, 33.70247], [10.71664, 33.70692], [10.73998, 33.67158], [10.73691, 33.60286], [10.70752, 33.5817], [10.69142, 33.57612], [10.67905, 33.56257], [10.67408, 33.5456], [10.70362, 33.49604], [10.71713, 33.48355], [10.73813, 33.47801], [10.78053, 33.48574], [10.85622, 33.52431], [10.90943, 33.53962], [10.92514, 33.55508], [10.93279, 33.57404], [10.92628, 33.59125], [10.9092, 33.60786], [10.90652, 33.61644], [10.93621, 33.63628], [10.96062, 33.62767], [10.97145, 33.6319], [10.97788, 33.64312], [10.98463, 33.64312], [11.0603, 33.60833], [11.10815, 33.54962], [11.11661, 33.48998], [11.08993, 33.45415], [11.11077, 33.39297], [11.10207, 33.36408], [11.13111, 33.37151], [11.17066, 33.33177], [11.29369, 33.28681], [11.28004, 33.28003], [11.1819, 33.30679], [11.13364, 33.31143], [11.12184, 33.28002], [11.16333, 33.24262], [11.17018, 33.22101], [11.17954, 33.21109], [11.24563, 33.21787], [11.2882, 33.21], [11.37224, 33.18378], [11.41676, 33.18378], [11.43312, 33.19355], [11.42758, 33.20702], [11.41066, 33.21894], [11.38137, 33.23071], [11.35197, 33.25881], [11.44239, 33.20466], [11.49781, 33.18268], [11.56047, 33.16579], [11.57495, 33.15794], [11.58766, 33.13231], [11.60304, 33.12149], [11.63575, 33.10871], [11.7566, 33.09252], [11.79347, 33.08076], [11.77296, 33.09935], [11.70778, 33.11718], [11.69113, 33.13594], [11.73927, 33.11298], [11.84701, 33.08282], [12.08047, 32.95797], [12.12241, 32.92133], [12.16065, 32.91168], [12.22486, 32.87592], [12.30388, 32.84309], [12.34832, 32.83267], [12.72983, 32.79857], [12.82439, 32.80435], [13.07447, 32.86636], [13.11549, 32.88215], [13.16473, 32.91274], [13.25738, 32.9186], [13.35196, 32.90415], [13.57146, 32.8028], [13.61695, 32.7934], [13.78686, 32.79962], [13.82997, 32.79414], [13.91498, 32.77285], [13.99122, 32.74457], [14.18508, 32.71458], [14.20338, 32.70034], [14.22632, 32.6909], [14.26246, 32.6603], [14.31743, 32.63023], [14.40384, 32.567], [14.44939, 32.52538], [14.46949, 32.51903], [14.6316, 32.49566], [14.66293, 32.47675], [14.72682, 32.45075], [14.91149, 32.44386], [15.11453, 32.41282], [15.1822, 32.3954], [15.19597, 32.38979], [15.23325, 32.34711], [15.2697, 32.32884], [15.28304, 32.31728], [15.30079, 32.26081], [15.3226, 32.22419], [15.3646, 32.17449], [15.37043, 32.15887], [15.35963, 32.10212], [15.35524, 32.03852], [15.3611, 31.96532], [15.37045, 31.92939], [15.49041, 31.66486], [15.51442, 31.62836], [15.62281, 31.49726], [15.68751, 31.43781], [15.76148, 31.38813], [16.04461, 31.27554], [16.35865, 31.22712], [16.72804, 31.22381], [16.94162, 31.18335], [17.16033, 31.1188], [17.33058, 31.08649], [17.36589, 31.0866], [17.41862, 31.06215], [17.44728, 31.03872], [17.46681, 31.02998], [17.61394, 30.99249], [17.69174, 30.95966], [17.77605, 30.93521], [17.84864, 30.92364], [17.86166, 30.91364], [17.88917, 30.87792], [17.90748, 30.86351], [17.92677, 30.85517], [18.0172, 30.83776], [18.1751, 30.78615], [18.20809, 30.76936], [18.23587, 30.74663], [18.32423, 30.65689], [18.56815, 30.50021], [18.6233, 30.44575], [18.65317, 30.42231], [18.71925, 30.39151], [18.76099, 30.38422], [18.78024, 30.37604], [18.92596, 30.29336], [18.96803, 30.27774], [19.05681, 30.26618], [19.14601, 30.26472], [19.23976, 30.27399], [19.33855, 30.29881], [19.41896, 30.33324], [19.53053, 30.39679], [19.55104, 30.40493], [19.59604, 30.41201], [19.61638, 30.42137], [19.74887, 30.51093], [19.91432, 30.68293], [19.9822, 30.77863], [20.03647, 30.81908], [20.09986, 30.935], [20.14666, 31.04556], [20.15235, 31.0882], [20.14666, 31.21678], [20.12812, 31.24299], [20.10328, 31.30874], [20.0822, 31.33661], [20.03835, 31.37589], [20.02212, 31.39705], [19.95486, 31.55948], [19.94801, 31.64509], [19.92068, 31.71772], [19.91726, 31.75948], [19.91973, 31.8049], [19.93431, 31.88824], [19.94801, 31.92597], [19.94013, 31.95775], [20.04787, 32.14578], [20.07155, 32.17641], [20.26173, 32.33954], [20.32546, 32.40981], [20.38551, 32.43464], [20.56268, 32.55784], [20.79656, 32.64301], [20.9338, 32.72243], [21.05096, 32.77227], [21.09669, 32.78106], [21.28679, 32.77114], [21.33188, 32.77464], [21.41481, 32.7934], [21.4546, 32.81257], [21.60866, 32.93072], [21.62322, 32.93674], [21.67172, 32.93989], [21.71632, 32.95037], [21.74366, 32.93085], [21.78745, 32.91596], [21.87745, 32.90322], [22.0962, 32.92308], [22.11672, 32.94415], [22.14958, 32.94793], [22.16943, 32.93821], [22.17506, 32.91625], [22.2068, 32.88813], [22.24732, 32.88084], [22.33983, 32.88208], [22.37915, 32.87034], [22.47731, 32.80707], [22.51384, 32.79096], [22.57915, 32.78454], [22.81251, 32.7245], [22.86671, 32.69416], [22.92921, 32.6767], [22.9769, 32.67669], [23.04135, 32.65253], [23.10612, 32.63983], [23.11865, 32.62934], [23.12093, 32.61522], [23.09441, 32.57738], [23.10385, 32.51634], [23.11329, 32.5008], [23.14892, 32.47809], [23.12842, 32.39551], [23.10866, 32.40234], [23.10987, 32.42032], [23.09441, 32.43647], [23.07911, 32.35444], [23.08058, 32.33405], [23.09555, 32.32355], [23.17896, 32.29995], [23.19507, 32.29164], [23.23065, 32.25085], [23.2435, 32.22061], [23.28543, 32.20374], [23.3025, 32.17072], [23.31218, 32.16275], [23.2991, 32.22417], [23.31837, 32.21784], [23.36222, 32.21703], [23.40528, 32.19066], [23.5311, 32.18138], [23.66969, 32.18325], [23.84014, 32.14916], [23.99869, 32.0939], [23.97071, 32.0666], [24.00489, 32.05292], [24.06788, 32.01118], [24.09067, 32.00576], [24.28115, 32.00754], [24.54607, 31.99144], [24.63624, 32.01488], [24.67026, 32.03241], [24.71062, 32.02558], [24.73373, 32.03314], [24.79176, 32.00776], [24.82439, 32.00299], [24.86541, 31.98932], [24.98169, 31.96791], [25.01791, 31.94904], [25.03336, 31.91633], [25.02223, 31.85468], [25.02955, 31.8369], [25.06392, 31.80387], [25.11686, 31.73798], [25.13673, 31.69257], [25.15625, 31.66307], [25.14943, 31.64887], [25.16179, 31.58356], [25.17286, 31.55158], [25.19093, 31.53148], [25.21258, 31.52635], [25.26343, 31.52366], [25.30209, 31.50654], [25.3685, 31.51226], [25.40187, 31.50316], [25.42041, 31.51224], [25.47389, 31.52049], [25.63648, 31.5607], [25.82407, 31.61493], [25.86883, 31.62091], [25.96652, 31.61662], [26.36215, 31.52192], [26.65041, 31.48878], [26.68312, 31.47622], [26.75318, 31.47748], [26.82472, 31.44782], [26.86573, 31.43684], [26.91163, 31.43651], [26.94793, 31.44822], [26.9655, 31.44964], [26.99643, 31.4287], [27.02702, 31.42226], [27.05437, 31.40864], [27.11736, 31.39045], [27.18529, 31.38429], [27.20997, 31.37811], [27.22625, 31.36766], [27.24611, 31.38128], [27.32748, 31.37921], [27.34228, 31.36823], [27.3423, 31.35399], [27.3623, 31.33051], [27.36378, 31.3155], [27.39357, 31.25471], [27.4463, 31.22321], [27.47804, 31.21393], [27.54053, 31.20574], [27.58774, 31.1931], [27.60987, 31.20318], [27.66033, 31.18024], [27.71949, 31.18928], [27.83547, 31.23785], [27.85287, 31.24029], [27.86328, 31.23354], [27.8684, 31.21965], [27.86988, 31.19977], [27.8903, 31.15542], [27.89715, 31.11441], [27.92693, 31.09903], [27.97511, 31.09308], [28.15455, 31.09332], [28.20387, 31.0705], [28.23386, 31.0734], [28.31837, 31.0598], [28.33863, 31.06411], [28.38209, 31.08274], [28.40496, 31.08648], [28.42432, 31.08343], [28.44244, 31.07628], [28.47853, 31.05182], [28.5276, 31.05011], [28.73246, 30.98414], [28.78777, 30.95966], [28.81202, 30.95676], [28.81803, 30.95115], [28.82887, 30.91519], [28.8357, 30.91079], [28.85456, 30.90585], [29.02809, 30.82705], [29.18922, 30.83324], [29.21892, 30.83804], [29.50327, 30.95669], [29.55633, 30.99091], [29.60377, 31.01203], [29.61889, 31.02942], [29.76596, 31.12157], [29.78151, 31.14792], [29.80934, 31.14232], [29.83839, 31.15412], [29.88461, 31.18952], [29.87566, 31.20087], [29.86356, 31.19637], [29.87697, 31.21356], [29.88477, 31.21376], [29.89088, 31.20319], [29.8982, 31.20319], [29.95623, 31.25006], [29.98316, 31.26325], [30.0033, 31.28723], [30.02508, 31.29487], [30.04908, 31.31306], [30.04169, 31.31548], [30.04226, 31.3205], [30.06958, 31.33346], [30.06666, 31.30488], [30.0949, 31.28559], [30.136, 31.27485], [30.17262, 31.27143], [30.1447, 31.25161], [30.14405, 31.24657], [30.15209, 31.24413], [30.14015, 31.23725], [30.14373, 31.22948], [30.16521, 31.21678], [30.20678, 31.23792], [30.20167, 31.22651], [30.2072, 31.22089], [30.22047, 31.2202], [30.25457, 31.25161], [30.2614, 31.24413], [30.26881, 31.26529], [30.27506, 31.26529], [30.27662, 31.24641], [30.28875, 31.23794], [30.30299, 31.27143], [30.28761, 31.27822], [30.24091, 31.2653], [30.2409, 31.27143], [30.25457, 31.27143], [30.25457, 31.27827], [30.23845, 31.27399], [30.17946, 31.27144], [30.17945, 31.27823], [30.21656, 31.28644], [30.25172, 31.30341], [30.31284, 31.35057], [30.33448, 31.38101], [30.3484, 31.42133], [30.35239, 31.4632], [30.34394, 31.49798], [30.35076, 31.49799], [30.36459, 31.46011], [30.37843, 31.44668], [30.39861, 31.44334], [30.37062, 31.46162], [30.35572, 31.49112], [30.36216, 31.50872], [30.42563, 31.47362], [30.45639, 31.46271], [30.49252, 31.45922], [30.53582, 31.46385], [30.67652, 31.49616], [30.97389, 31.58672], [30.97388, 31.57991], [30.86638, 31.54829], [30.7361, 31.48872], [30.69337, 31.46386], [30.66603, 31.45702], [30.6281, 31.43432], [30.55787, 31.42219], [30.54265, 31.40241], [30.54265, 31.39497], [30.56324, 31.3902], [30.58323, 31.39497], [30.59864, 31.38736], [30.62672, 31.38866], [30.65382, 31.39582], [30.66603, 31.4055], [30.67507, 31.42156], [30.69507, 31.41689], [30.72755, 31.38813], [30.73439, 31.38813], [30.74075, 31.4055], [30.75621, 31.42299], [30.77467, 31.43683], [30.79851, 31.44647], [30.83741, 31.42914], [30.87371, 31.43451], [30.88574, 31.42914], [30.87843, 31.42699], [30.87892, 31.42227], [30.89243, 31.41909], [30.90943, 31.42381], [30.93971, 31.44334], [30.93329, 31.44514], [30.93971, 31.457], [30.97396, 31.44407], [30.98072, 31.43651], [30.99692, 31.45112], [31.00807, 31.47134], [31.00231, 31.47984], [31.02174, 31.49799], [31.0233, 31.51382], [31.02915, 31.51849], [31.07154, 31.51724], [31.09742, 31.50483], [31.10157, 31.4925], [31.11915, 31.49311], [31.12924, 31.50446], [31.11111, 31.51227], [31.13038, 31.51699], [31.11109, 31.53974], [31.07081, 31.56537], [31.0232, 31.58299], [30.97804, 31.5843], [31.01238, 31.5969], [31.0972, 31.60787], [31.12892, 31.60486], [31.22125, 31.57979], [31.37831, 31.51861], [31.41961, 31.49116], [31.52369, 31.44965], [31.55681, 31.44334], [31.59742, 31.44448], [31.7483, 31.48159], [31.83791, 31.52533], [31.87436, 31.53558], [31.91293, 31.53489], [31.94483, 31.52093], [31.9642, 31.48241], [31.99577, 31.44574], [32.00904, 31.41718], [32.02491, 31.40005], [32.05698, 31.37515], [32.10425, 31.36147], [32.12916, 31.33739], [32.19953, 31.29509], [32.16876, 31.30083], [32.07011, 31.35399], [32.08009, 31.35399], [32.09059, 31.34715], [32.08351, 31.35883], [32.05601, 31.36287], [32.04396, 31.37515], [32.0066, 31.39533], [31.99498, 31.39498], [31.98569, 31.42036], [31.9683, 31.4365], [31.9935, 31.43781], [31.91798, 31.52399], [31.8895, 31.53205], [31.87891, 31.51851], [31.86525, 31.52534], [31.86523, 31.51228], [31.85092, 31.5185], [31.84474, 31.49799], [31.86523, 31.49799], [31.85971, 31.48688], [31.875, 31.46332], [31.87208, 31.44961], [31.8789, 31.44961], [31.8789, 31.44335], [31.87208, 31.44334], [31.8789, 31.42915], [31.87208, 31.42914], [31.86207, 31.45059], [31.8519, 31.45612], [31.8379, 31.45702], [31.84164, 31.4645], [31.83041, 31.45881], [31.82423, 31.44334], [31.83375, 31.44379], [31.8379, 31.44961], [31.85841, 31.44334], [31.85841, 31.43651], [31.85092, 31.43651], [31.85483, 31.42316], [31.8789, 31.41608], [31.86166, 31.40763], [31.8379, 31.41608], [31.83855, 31.41083], [31.83041, 31.40864], [31.84472, 31.39497], [31.83074, 31.37979], [31.82789, 31.36835], [31.83692, 31.36188], [31.8584, 31.36147], [31.8584, 31.354], [31.82504, 31.36066], [31.81056, 31.354], [31.80388, 31.36005], [31.79721, 31.35952], [31.79021, 31.34345], [31.80273, 31.33129], [31.79021, 31.32665], [31.79589, 31.31099], [31.76905, 31.29877], [31.76694, 31.28465], [31.7732, 31.27587], [31.78419, 31.27338], [31.7964, 31.27827], [31.79023, 31.28509], [31.82079, 31.27815], [31.82861, 31.27411], [31.83416, 31.25161], [31.86101, 31.24237], [31.88575, 31.22362], [31.89355, 31.24013], [31.90624, 31.25159], [31.90064, 31.23607], [31.90625, 31.22362], [31.89259, 31.22362], [31.89259, 31.21678], [31.90624, 31.21678], [31.89845, 31.20991], [31.89943, 31.20319], [31.91293, 31.21064], [31.91977, 31.20319], [31.91977, 31.21063], [31.9266, 31.21063], [31.92164, 31.19648], [31.92644, 31.187], [31.93474, 31.18757], [31.94027, 31.20318], [31.95192, 31.20458], [31.98658, 31.23028], [32.00925, 31.22362], [31.99496, 31.22362], [31.99497, 31.21678], [32.00929, 31.21064], [32.0228, 31.22361], [32.03711, 31.21678], [32.02963, 31.18952], [32.04394, 31.19634], [32.04036, 31.18232], [32.02963, 31.17585], [32.03688, 31.1503], [32.01612, 31.13491], [32.01612, 31.12808], [32.03517, 31.12971], [32.04396, 31.14175], [32.05013, 31.14174], [32.05454, 31.12299], [32.07007, 31.1144], [32.07007, 31.10693], [32.05258, 31.10078], [32.04396, 31.08649], [32.05698, 31.07966], [32.06683, 31.08499], [32.08378, 31.0844], [32.09059, 31.07966], [32.09059, 31.07345], [32.08375, 31.07343], [32.08375, 31.06599], [32.10646, 31.05337], [32.1198, 31.05292], [32.13209, 31.0598], [32.13209, 31.06599], [32.11744, 31.06631], [32.10744, 31.07283], [32.098, 31.09332], [32.14633, 31.07966], [32.13837, 31.09332], [32.15943, 31.09333], [32.15943, 31.10078], [32.15286, 31.10659], [32.16627, 31.11439], [32.16684, 31.10834], [32.17994, 31.10692], [32.17604, 31.11781], [32.18386, 31.12493], [32.19483, 31.12579], [32.20574, 31.1092], [32.23414, 31.10488], [32.24822, 31.10692], [32.27223, 31.11888], [32.28346, 31.13654], [32.28053, 31.15498], [32.26249, 31.16961], [32.28981, 31.16962], [32.29509, 31.21337], [32.28981, 31.23045], [32.27297, 31.24885], [32.27053, 31.25755], [32.28297, 31.26529], [32.24676, 31.27924], [32.22633, 31.28205], [32.21413, 31.27828], [32.20705, 31.29506], [32.30023, 31.28148], [32.31381, 31.27269], [32.33138, 31.27142], [32.33383, 31.25471], [32.34425, 31.24189], [32.35914, 31.23347], [32.3901, 31.22635], [32.42018, 31.19636], [32.4812, 31.14886], [32.50953, 31.10692], [32.56568, 31.07054], [32.60157, 31.06098], [32.64552, 31.0598], [32.68751, 31.06444], [32.76197, 31.0812], [32.85076, 31.1188], [32.92042, 31.15541], [32.92726, 31.15541], [32.92726, 31.14794], [32.89536, 31.1374], [32.8396, 31.10123], [32.80714, 31.09333], [32.75245, 31.07137], [32.66651, 31.05231], [32.715, 31.05231], [32.71502, 31.04556], [32.70069, 31.03872], [32.73129, 31.03876], [32.74285, 31.04263], [32.74921, 31.05231], [32.75537, 31.0523], [32.7562, 31.04654], [32.76954, 31.04556], [32.83107, 31.07965], [32.88282, 31.09357], [32.89308, 31.10076], [32.91773, 31.09223], [32.9144, 31.08731], [32.90675, 31.08649], [32.90675, 31.07966], [32.91725, 31.08283], [32.94093, 31.09333], [32.94093, 31.10078], [32.91358, 31.10078], [32.9136, 31.10691], [32.92709, 31.11179], [32.94421, 31.10778], [32.95948, 31.09846], [32.96876, 31.08649], [32.97511, 31.06599], [32.96127, 31.06599], [32.99448, 31.05557], [33.00994, 31.0563], [33.02345, 31.06598], [33.02345, 31.07343], [33.00914, 31.07966], [33.00914, 31.0865], [33.05746, 31.10078], [33.05251, 31.1083], [33.0643, 31.13491], [33.05746, 31.13491], [33.03028, 31.11441], [33.02377, 31.10773], [33.03027, 31.10077], [32.99415, 31.09846], [32.95446, 31.10691], [32.98463, 31.10952], [33.03029, 31.16217], [33.07862, 31.17585], [33.09784, 31.19155], [33.10939, 31.19643], [33.12646, 31.19635], [33.12646, 31.18953], [33.09864, 31.18952], [33.09864, 31.1833], [33.11109, 31.17536], [33.15771, 31.11787], [33.15357, 31.11238], [33.12647, 31.10078], [33.12403, 31.10757], [33.11899, 31.10692], [33.11899, 31.10078], [33.13574, 31.09076], [33.14469, 31.07786], [33.1443, 31.06257], [33.13331, 31.04556], [33.18767, 31.06167], [33.22145, 31.0598], [33.22145, 31.06599], [33.20777, 31.07343], [33.20094, 31.07343], [33.20094, 31.06599], [33.19484, 31.06599], [33.19485, 31.07342], [33.2479, 31.09125], [33.26247, 31.10077], [33.26979, 31.10078], [33.26246, 31.09333], [33.26979, 31.08649], [33.28541, 31.09272], [33.29656, 31.07966], [33.30397, 31.07966], [33.30323, 31.0998], [33.31764, 31.10078], [33.30812, 31.10513], [33.27723, 31.10691], [33.38648, 31.11441], [33.37771, 31.13255], [33.40642, 31.13727], [33.40644, 31.15542], [33.42067, 31.14794], [33.44093, 31.15119], [33.49952, 31.12808], [33.57252, 31.12156], [33.59205, 31.11441], [33.59206, 31.12127], [33.61476, 31.11538], [33.64796, 31.11726], [33.85434, 31.16348], [34.04705, 31.22919], [34.22267, 31.32665], [34.28142, 31.3767], [34.30162, 31.40769], [34.3484, 31.43765], [34.36818, 31.46816], [34.44337, 31.53457], [34.47877, 31.57827], [34.48952, 31.6004], [34.51393, 31.62714], [34.60963, 31.76553], [34.69313, 31.92631], [34.71192, 31.95161], [34.74334, 32.03986], [34.74335, 32.06036], [34.75701, 32.0666], [34.84232, 32.30034], [34.91478, 32.3], [34.95602, 32.29489], [35.02051, 32.27956], [35.03092, 32.28512], [35.08297, 32.42671], [34.98776, 32.46091], [34.95195, 32.47902], [34.89413, 32.5185], [34.90984, 32.57026], [34.92091, 32.62824], [34.91919, 32.64321], [34.94207, 32.72451], [34.94753, 32.81415], [34.9555, 32.83418], [34.97047, 32.84137], [35.00343, 32.82754], [35.02768, 32.82661], [35.06707, 32.86685], [35.0796, 32.90583], [35.07781, 32.91787], [35.06545, 32.92309], [35.07154, 32.93793], [35.07843, 32.99858], [35.0962, 33.05036], [35.09215, 33.06769], [35.10646, 33.08076], [35.09963, 33.08759], [35.10523, 33.08902], [35.10646, 33.09504], [35.10046, 33.09567], [35.09963, 33.10126], [35.12532, 33.13237], [35.14763, 33.14033], [35.16782, 33.17015], [35.16181, 33.17694], [35.17107, 33.17658], [35.17465, 33.17015], [35.20476, 33.2248], [35.20916, 33.25462], [35.18834, 33.28001], [35.20973, 33.2934], [35.22478, 33.312], [35.24366, 33.3557], [35.25051, 33.40973], [35.27508, 33.44497], [35.27102, 33.4575], [35.32301, 33.49091], [35.34913, 33.51386], [35.36258, 33.55657], [35.40064, 33.64313], [35.3944, 33.64997], [35.40992, 33.66128], [35.42165, 33.70233], [35.43849, 33.71137], [35.43795, 33.7236], [35.47731, 33.8039], [35.48325, 33.87246], [35.47048, 33.90209], [35.47585, 33.90997], [35.48658, 33.91298], [35.51734, 33.90253], [35.57203, 33.90998], [35.59311, 33.94477], [35.59197, 33.95043], [35.58572, 33.95092], [35.6134, 33.99296], [35.63673, 33.99531], [35.64088, 33.99942], [35.64039, 34.00853], [35.62722, 34.01985], [35.62698, 34.04426], [35.64332, 34.08808], [35.64772, 34.11913], [35.63033, 34.15304], [35.62723, 34.20111], [35.64772, 34.22215], [35.65296, 34.28459], [35.66522, 34.31134], [35.68873, 34.3283], [35.70582, 34.3166], [35.75075, 34.38979], [35.80616, 34.41498], [35.82358, 34.43452], [35.80544, 34.45869], [35.80544, 34.4649], [35.82398, 34.46084], [35.90333, 34.47797], [35.98317, 34.53864], [35.98878, 34.55272], [35.98683, 34.6208], [35.93118, 34.74096], [35.92897, 34.79072], [35.90847, 34.82177], [35.86689, 34.92422], [35.87289, 34.92691], [35.88136, 34.94497], [35.87356, 34.95832], [35.87892, 34.97016], [35.87356, 34.97883], [35.89536, 35.00678], [35.90056, 35.02192], [35.88788, 35.06135], [35.88788, 35.1092], [35.9411, 35.18037], [35.96241, 35.19794], [35.9533, 35.2248], [35.91531, 35.28791], [35.92897, 35.32148], [35.91671, 35.40306], [35.91896, 35.41767], [35.86061, 35.47907], [35.8301, 35.49348], [35.81837, 35.50894], [35.78126, 35.49959], [35.77053, 35.50422], [35.77809, 35.54116], [35.73709, 35.56168], [35.74334, 35.5821], [35.7234, 35.57614], [35.72341, 35.58209], [35.76336, 35.59829], [35.77849, 35.61274], [35.78435, 35.63056], [35.77118, 35.66779], [35.77663, 35.67511], [35.80006, 35.68146], [35.84034, 35.74746], [35.83595, 35.78998], [35.81186, 35.83539], [35.79862, 35.84967], [35.84685, 35.84723], [35.87086, 35.85179], [35.88103, 35.86668], [35.88528, 35.88597], [35.96608, 35.99363], [35.97674, 36.00096], [35.97543, 36.0185], [35.94842, 36.08784], [35.85234, 36.21337], [35.84099, 36.24453], [35.79861, 36.28169], [35.78738, 36.30427], [35.78873, 36.32003], [35.82448, 36.36106], [35.85678, 36.36978], [35.87356, 36.39769], [35.90846, 36.41816], [35.91872, 36.44818], [35.9424, 36.46433], [35.99024, 36.47964], [36.04494, 36.53765], [36.05543, 36.53827], [36.18914, 36.60399], [36.21616, 36.65778], [36.21559, 36.67048], [36.20246, 36.69962], [36.20248, 36.76919], [36.18898, 36.80174], [36.12989, 36.86929], [36.09547, 36.89712], [36.0586, 36.91844], [36.02027, 36.92634], [35.98504, 36.9156], [35.95086, 36.89102], [35.8938, 36.83491], [35.85385, 36.81582], [35.80543, 36.7751], [35.7671, 36.76774], [35.68409, 36.76464], [35.64772, 36.75397], [35.62452, 36.72602], [35.61355, 36.71988], [35.61818, 36.73164], [35.6067, 36.74038], [35.57301, 36.70067], [35.57944, 36.68513], [35.59448, 36.70172], [35.61687, 36.69623], [35.6198, 36.71239], [35.62916, 36.70824], [35.63404, 36.69937], [35.64047, 36.71337], [35.63404, 36.72671], [35.6481, 36.73321], [35.66481, 36.71239], [35.69606, 36.72393], [35.70913, 36.71987], [35.65016, 36.69782], [35.62257, 36.68073], [35.6067, 36.65778], [35.60865, 36.64688], [35.62208, 36.65424], [35.66676, 36.69611], [35.69554, 36.7062], [35.65797, 36.6752], [35.63315, 36.63093], [35.63134, 36.60717], [35.62376, 36.60265], [35.59855, 36.59144], [35.55714, 36.58748], [35.54467, 36.58952], [35.50367, 36.61685], [35.49, 36.61392], [35.47869, 36.59854], [35.53095, 36.58273], [35.44549, 36.59634], [35.41326, 36.58369], [35.40446, 36.57193], [35.37403, 36.56159], [35.34603, 36.5411], [35.33579, 36.54561], [35.32016, 36.56468], [35.29449, 36.57259], [34.98227, 36.72077], [34.94646, 36.72797], [34.90042, 36.71989], [34.90789, 36.74038], [34.89357, 36.74601], [34.85255, 36.78132], [34.77076, 36.81607], [34.76498, 36.80859], [34.73585, 36.82168], [34.69288, 36.81387], [34.62672, 36.78877], [34.58513, 36.78132], [34.5547, 36.76765], [34.53405, 36.74053], [34.50318, 36.72671], [34.41521, 36.66292], [34.30747, 36.60859], [34.27622, 36.58698], [34.19044, 36.49852], [34.17773, 36.47338], [34.14747, 36.45917], [34.11198, 36.4296], [34.07732, 36.41389], [34.07788, 36.32885], [34.05779, 36.31591], [33.99977, 36.30292], [33.98927, 36.28168], [33.99828, 36.28602], [33.99585, 36.27953], [33.96876, 36.24689], [33.95899, 36.21358], [33.94143, 36.21338], [33.95094, 36.2377], [33.94597, 36.2652], [33.93092, 36.29047], [33.8711, 36.31489], [33.85548, 36.30492], [33.82788, 36.27172], [33.81105, 36.2674], [33.8247, 36.25992], [33.79907, 36.23067], [33.74285, 36.21337], [33.70525, 36.18171], [33.68825, 36.13705], [33.66034, 36.17488], [33.65659, 36.18867], [33.64723, 36.19257], [33.61988, 36.18545], [33.55225, 36.12752], [33.53055, 36.13081], [33.5442, 36.13703], [33.5442, 36.14448], [33.45826, 36.15815], [33.4367, 36.15469], [33.38649, 36.13704], [33.32683, 36.15009], [33.30835, 36.13224], [33.24195, 36.1308], [33.21214, 36.12407], [33.18865, 36.12581], [33.15691, 36.13703], [33.13404, 36.13178], [33.11197, 36.10323], [33.08773, 36.08284], [33.07114, 36.08926], [33.02687, 36.08927], [32.94093, 36.1035], [32.86524, 36.07185], [32.85669, 36.06099], [32.80372, 36.02718], [32.76059, 36.02949], [32.67038, 36.04681], [32.63205, 36.06211], [32.56788, 36.0961], [32.51314, 36.10315], [32.43727, 36.13867], [32.41961, 36.15949], [32.3655, 36.17797], [32.3187, 36.22858], [32.31032, 36.22949], [32.28729, 36.24483], [32.27613, 36.28783], [32.2527, 36.31533], [32.19216, 36.35839], [32.17433, 36.40241], [32.14845, 36.43366], [32.1321, 36.43867], [32.10206, 36.48615], [32.08717, 36.49332], [32.01881, 36.54654], [31.98781, 36.54996], [31.96827, 36.56159], [31.90798, 36.56266], [31.88803, 36.58112], [31.86248, 36.58869], [31.83465, 36.59235], [31.81675, 36.58952], [31.80738, 36.59683], [31.76906, 36.61002], [31.73658, 36.64228], [31.70323, 36.6437], [31.62762, 36.67085], [31.5962, 36.6957], [31.40756, 36.76341], [31.3786, 36.76766], [31.37631, 36.79194], [31.34083, 36.80858], [30.93971, 36.857], [30.77589, 36.84957], [30.74784, 36.85576], [30.68653, 36.89118], [30.62859, 36.85957], [30.60174, 36.83812], [30.56983, 36.78132], [30.56577, 36.70018], [30.57666, 36.6789], [30.56267, 36.66254], [30.55616, 36.63788], [30.55787, 36.61962], [30.57667, 36.5895], [30.58349, 36.59633], [30.58105, 36.57518], [30.56723, 36.53986], [30.56982, 36.52803], [30.52084, 36.48973], [30.50879, 36.4543], [30.48699, 36.42695], [30.48795, 36.41816], [30.47462, 36.4016], [30.47633, 36.38422], [30.48715, 36.37027], [30.50162, 36.36359], [30.49415, 36.34931], [30.51985, 36.34186], [30.47877, 36.30858], [30.46681, 36.28783], [30.4782, 36.2923], [30.48794, 36.28782], [30.45167, 36.26179], [30.44075, 36.23933], [30.42726, 36.22627], [30.39862, 36.20598], [30.4004, 36.24811], [30.39601, 36.26553], [30.38429, 36.27424], [30.36053, 36.26863], [30.25457, 36.3083], [30.23373, 36.3089], [30.17734, 36.30122], [30.15854, 36.29865], [30.14926, 36.28986], [30.14469, 36.25435], [30.13844, 36.25435], [30.13103, 36.27424], [30.12475, 36.24691], [30.11061, 36.25434], [30.1106, 36.24007], [30.07301, 36.2469], [30.04819, 36.25877], [30.03484, 36.25434], [30.05592, 36.25434], [30.0559, 36.2469], [29.98845, 36.21777], [29.9734, 36.21963], [29.961, 36.21387], [29.91652, 36.21906], [29.88136, 36.19843], [29.83009, 36.18545], [29.83758, 36.18285], [29.83693, 36.17796], [29.80258, 36.17182], [29.80258, 36.16498], [29.82307, 36.16498], [29.7955, 36.14536], [29.77978, 36.13944], [29.76173, 36.13703], [29.76173, 36.14448], [29.7754, 36.15815], [29.76238, 36.15656], [29.75489, 36.1507], [29.74342, 36.16096], [29.71925, 36.16266], [29.70704, 36.15815], [29.69995, 36.14615], [29.6893, 36.14448], [29.67238, 36.12338], [29.66822, 36.14378], [29.63397, 36.15706], [29.62397, 36.17776], [29.63738, 36.17243], [29.64324, 36.17792], [29.6421, 36.18696], [29.63453, 36.19164], [29.58352, 36.18546], [29.58352, 36.19163], [29.59254, 36.19579], [29.62387, 36.19912], [29.60222, 36.20702], [29.5215, 36.20598], [29.49474, 36.21096], [29.43214, 36.24006], [29.42042, 36.23063], [29.41163, 36.2674], [29.40578, 36.26017], [29.39186, 36.2674], [29.3816, 36.2639], [29.3571, 36.23567], [29.34961, 36.23263], [29.34084, 36.23738], [29.32936, 36.2541], [29.32228, 36.24691], [29.25687, 36.29688], [29.23463, 36.32429], [29.17499, 36.33984], [29.15846, 36.35676], [29.14471, 36.34933], [29.14081, 36.36245], [29.1447, 36.37718], [29.11689, 36.37719], [29.12428, 36.38345], [29.1128, 36.38939], [29.09638, 36.39095], [29.10907, 36.40647], [29.13038, 36.41136], [29.12429, 36.41815], [29.13014, 36.43651], [29.1242, 36.4536], [29.11134, 36.46678], [29.09638, 36.47346], [29.09657, 36.47978], [29.12428, 36.49331], [29.11492, 36.55268], [29.09637, 36.54793], [29.08432, 36.56025], [29.03639, 36.54533], [29.01447, 36.54792], [29.03272, 36.55182], [29.03688, 36.56147], [29.02053, 36.5895], [29.04176, 36.62424], [29.05584, 36.61424], [29.08091, 36.63861], [29.09636, 36.6441], [29.09059, 36.6271], [29.09881, 36.6236], [29.11061, 36.62637], [29.11687, 36.63422], [29.10922, 36.652], [29.09636, 36.66523], [29.03419, 36.70099], [28.95632, 36.72753], [28.93897, 36.75129], [28.89088, 36.71239], [28.8977, 36.69938], [28.86354, 36.69257], [28.86246, 36.66792], [28.84995, 36.66523], [28.86352, 36.65094], [28.85678, 36.64411], [28.87037, 36.63052], [28.87664, 36.63052], [28.88803, 36.64842], [28.89015, 36.65762], [28.88405, 36.67143], [28.9017, 36.65827], [28.89534, 36.64143], [28.86354, 36.61685], [28.86962, 36.60664], [28.85848, 36.60129], [28.82888, 36.60254], [28.81863, 36.61173], [28.81863, 36.62079], [28.82717, 36.62774], [28.84254, 36.63052], [28.84254, 36.63788], [28.80502, 36.65526], [28.78786, 36.65096], [28.78273, 36.67739], [28.74635, 36.6977], [28.70167, 36.70506], [28.6649, 36.69258], [28.65992, 36.711], [28.64918, 36.71833], [28.63592, 36.7145], [28.62338, 36.69938], [28.61623, 36.70596], [28.60354, 36.73355], [28.61256, 36.74714], [28.61671, 36.767], [28.61411, 36.78535], [28.60353, 36.79499], [28.60304, 36.79963], [28.61036, 36.80174], [28.60621, 36.81013], [28.61036, 36.81607], [28.60353, 36.81607], [28.59669, 36.795], [28.57586, 36.81952], [28.54615, 36.82343], [28.52443, 36.8133], [28.52783, 36.78879], [28.51775, 36.79564], [28.48685, 36.80175], [28.5005, 36.80858], [28.5005, 36.81607], [28.46389, 36.81876], [28.45623, 36.82831], [28.45266, 36.84955], [28.46632, 36.85334], [28.452, 36.88361], [28.44744, 36.88304], [28.4362, 36.86474], [28.37672, 36.85444], [28.39064, 36.83592], [28.41472, 36.83709], [28.4248, 36.82909], [28.396, 36.78951], [28.37697, 36.78878], [28.31495, 36.81607], [28.30877, 36.81607], [28.31494, 36.795], [28.27818, 36.79646], [28.27395, 36.80516], [28.27834, 36.81415], [28.31495, 36.82225], [28.31495, 36.82909], [28.27312, 36.852], [28.25717, 36.84618], [28.24318, 36.82978], [28.23666, 36.81322], [28.23951, 36.79881], [28.25341, 36.78876], [28.24887, 36.76683], [28.28857, 36.74257], [28.29508, 36.7199], [28.26726, 36.7309], [28.2531, 36.72785], [28.24658, 36.7124], [28.23357, 36.71988], [28.22543, 36.7062], [28.23356, 36.69937], [28.1819, 36.68464], [28.16228, 36.67268], [28.1115, 36.60419], [28.08814, 36.58907], [28.0617, 36.59634], [28.05502, 36.58658], [28.04184, 36.58271], [28.04801, 36.56904], [28.0359, 36.56477], [28.01832, 36.56704], [28.01384, 36.57587], [28.00367, 36.56192], [27.9909, 36.55977], [27.97796, 36.56563], [27.96609, 36.57587], [27.97291, 36.5895], [27.95926, 36.60252], [28.03443, 36.60252], [28.05397, 36.6096], [28.08961, 36.64411], [28.07594, 36.65778], [28.04804, 36.63791], [28.06121, 36.66474], [28.05795, 36.67666], [28.03793, 36.69062], [28.02963, 36.67037], [28.00017, 36.6789], [27.98016, 36.67586], [27.97023, 36.67984], [27.96609, 36.68878], [28.00701, 36.69937], [28.00019, 36.70619], [28.02752, 36.7062], [28.04185, 36.71987], [28.07976, 36.72207], [28.08959, 36.7267], [28.08595, 36.7106], [28.1006, 36.70962], [28.11638, 36.71882], [28.11687, 36.73355], [28.10743, 36.7392], [28.08768, 36.74087], [28.08222, 36.74714], [28.08417, 36.75372], [28.11004, 36.77508], [28.13054, 36.75397], [28.11842, 36.8006], [28.09498, 36.80142], [28.06909, 36.7751], [28.04721, 36.76334], [28.03932, 36.76448], [28.03443, 36.77509], [28.0197, 36.76314], [27.96607, 36.74715], [27.95925, 36.74715], [27.95411, 36.75959], [27.91766, 36.7404], [27.91245, 36.75414], [27.89031, 36.7404], [27.87037, 36.75259], [27.86304, 36.74039], [27.85649, 36.74038], [27.82618, 36.75747], [27.80649, 36.76081], [27.78785, 36.75399], [27.78785, 36.76081], [27.77605, 36.75594], [27.7361, 36.76081], [27.71941, 36.75625], [27.69848, 36.73421], [27.68426, 36.72671], [27.68685, 36.71113], [27.67311, 36.67963], [27.67114, 36.6578], [27.61988, 36.67646], [27.60304, 36.6789], [27.55975, 36.67464], [27.55454, 36.68513], [27.4967, 36.66825], [27.50752, 36.66777], [27.52735, 36.65816], [27.54933, 36.63744], [27.554, 36.62347], [27.55031, 36.60304], [27.53015, 36.54846], [27.46554, 36.57677], [27.44475, 36.591], [27.43974, 36.59876], [27.4414, 36.61567], [27.45252, 36.63739], [27.46671, 36.65406], [27.44842, 36.66523], [27.41578, 36.66901], [27.40432, 36.66524], [27.40203, 36.67748], [27.39405, 36.68415], [27.38299, 36.68476], [27.3703, 36.67892], [27.36915, 36.68447], [27.36283, 36.68513], [27.36866, 36.69741], [27.35582, 36.70621], [27.35582, 36.71237], [27.39289, 36.70619], [27.41432, 36.7093], [27.42311, 36.71967], [27.42727, 36.73566], [27.44985, 36.75403], [27.48316, 36.75397], [27.55665, 36.76267], [27.58136, 36.76139], [27.6115, 36.76533], [27.62339, 36.80174], [27.64535, 36.80645], [27.69117, 36.78433], [27.70541, 36.78875], [27.72344, 36.78191], [27.74822, 36.7844], [27.76002, 36.78132], [27.79909, 36.80662], [27.88648, 36.80882], [27.89714, 36.81231], [27.90366, 36.80581], [27.93995, 36.79564], [27.99443, 36.79834], [28.0105, 36.79433], [28.02752, 36.78132], [28.03077, 36.79173], [28.05543, 36.80858], [28.04908, 36.82062], [28.03956, 36.82665], [28.00703, 36.8291], [28.01386, 36.83592], [28.02328, 36.83324], [28.02459, 36.8391], [28.00704, 36.85699], [28.02125, 36.86321], [28.02866, 36.86018], [28.05543, 36.87067], [28.05543, 36.8769], [28.02127, 36.91159], [28.03443, 36.9042], [28.04184, 36.91161], [28.02754, 36.92592], [28.0617, 36.92593], [28.0617, 36.93212], [28.04184, 36.93212], [28.04185, 36.9389], [28.06567, 36.93923], [28.0822, 36.93212], [28.09352, 36.93788], [28.10328, 36.93212], [28.12013, 36.93768], [28.14194, 36.9287], [28.15724, 36.93212], [28.16529, 36.91161], [28.16814, 36.93342], [28.15724, 36.93891], [28.15725, 36.94578], [28.17449, 36.94598], [28.18523, 36.93891], [28.21241, 36.97309], [28.21241, 36.98054], [28.19892, 36.98054], [28.21242, 37.00042], [28.22853, 36.99055], [28.24464, 36.98819], [28.2531, 36.99372], [28.24661, 37.00787], [28.3296, 37.03046], [28.32936, 37.03677], [28.31495, 37.04881], [28.3047, 37.05085], [28.17433, 37.03515], [28.12623, 37.03587], [28.10727, 37.03213], [28.11002, 37.01412], [28.09295, 37.02143], [27.98658, 37.03514], [27.95183, 37.02148], [27.91139, 37.02774], [27.88624, 37.02619], [27.8047, 37.0046], [27.78785, 37.00788], [27.78044, 36.99361], [27.76287, 36.9973], [27.73952, 36.99361], [27.71974, 37.00519], [27.68767, 37.00544], [27.65577, 36.99653], [27.63648, 36.98055], [27.59034, 36.99828], [27.56715, 36.99665], [27.56201, 36.97311], [27.52833, 36.99128], [27.47267, 36.9936], [27.43849, 37.02774], [27.42351, 37.02717], [27.40805, 37.01684], [27.40431, 37.02774], [27.39682, 37.02774], [27.38331, 36.99362], [27.37893, 37.00072], [27.38331, 37.00788], [27.37649, 37.01412], [27.38168, 37.01895], [27.37647, 37.02774], [27.32862, 37.01411], [27.33268, 36.99706], [27.3265, 36.986], [27.30063, 36.97309], [27.30809, 36.95943], [27.28696, 36.95943], [27.28093, 36.96686], [27.2632, 36.96338], [27.25271, 36.97834], [27.2461, 37.01777], [27.22878, 37.06183], [27.23912, 37.08294], [27.26417, 37.08902], [27.29444, 37.1103], [27.27906, 37.11758], [27.26043, 37.11031], [27.25296, 37.12395], [27.26043, 37.11774], [27.27166, 37.12884], [27.30299, 37.11957], [27.32179, 37.12397], [27.3218, 37.15866], [27.3396, 37.15053], [27.3423, 37.13011], [27.34897, 37.13011], [27.36159, 37.14862], [27.36931, 37.15069], [27.37647, 37.14444], [27.3833, 37.15182], [27.38657, 37.13007], [27.4043, 37.1301], [27.42547, 37.11961], [27.43846, 37.12395], [27.431, 37.11774], [27.44557, 37.09699], [27.45981, 37.0895], [27.47511, 37.09252], [27.54152, 37.12595], [27.56511, 37.12564], [27.57553, 37.13011], [27.57553, 37.1376], [27.55454, 37.13011], [27.54721, 37.16181], [27.53956, 37.17829], [27.52786, 37.18538], [27.52786, 37.19281], [27.57472, 37.20115], [27.58766, 37.1988], [27.57553, 37.17853], [27.59474, 37.18594], [27.60987, 37.19965], [27.59425, 37.20429], [27.58857, 37.2111], [27.58936, 37.23049], [27.60987, 37.24746], [27.61598, 37.27473], [27.59441, 37.28384], [27.58936, 37.27474], [27.55323, 37.27293], [27.54306, 37.24965], [27.53052, 37.23632], [27.51466, 37.22933], [27.50004, 37.23384], [27.51775, 37.246], [27.51987, 37.2591], [27.5088, 37.26805], [27.48634, 37.26789], [27.46364, 37.25204], [27.45885, 37.258], [27.46145, 37.26752], [27.48634, 37.29523], [27.49138, 37.32734], [27.48015, 37.34369], [27.47267, 37.34369], [27.46852, 37.31563], [27.44613, 37.30562], [27.41831, 37.30949], [27.39683, 37.32315], [27.3887, 37.34528], [27.39675, 37.36562], [27.41522, 37.38165], [27.43849, 37.39081], [27.42652, 37.40595], [27.40724, 37.41275], [27.38657, 37.41205], [27.37029, 37.4051], [27.35644, 37.37914], [27.3462, 37.3706], [27.32179, 37.37092], [27.32179, 37.36351], [27.33642, 37.3557], [27.33033, 37.35164], [27.2715, 37.34858], [27.24611, 37.33618], [27.2317, 37.34809], [27.21877, 37.34371], [27.21192, 37.35733], [27.20135, 37.35229], [27.19079, 37.35733], [27.2028, 37.37102], [27.20701, 37.38106], [27.2051, 37.39826], [27.22625, 37.4051], [27.21748, 37.4313], [27.2225, 37.47675], [27.20509, 37.47274], [27.19264, 37.47866], [27.17777, 37.46657], [27.19044, 37.51268], [27.1846, 37.52802], [27.18824, 37.53449], [27.18044, 37.54458], [27.18458, 37.55589], [27.20037, 37.54755], [27.20932, 37.5633], [27.20851, 37.59687], [27.13624, 37.63105], [27.04885, 37.65015], [27.0115, 37.66572], [27.02102, 37.68632], [27.03834, 37.69012], [27.12721, 37.68854], [27.21314, 37.71345], [27.24952, 37.74433], [27.2566, 37.75951], [27.26157, 37.80353], [27.26043, 37.81598], [27.23717, 37.84545], [27.23908, 37.8642], [27.26043, 37.88422], [27.26539, 37.90168], [27.26044, 37.91901], [27.27475, 37.92902], [27.26629, 37.95136], [27.23911, 37.98794], [27.21372, 37.98094], [27.14084, 37.98612], [27.11639, 37.99409], [27.1019, 38.01268], [27.07017, 38.02001], [27.06471, 38.0406], [27.05592, 38.04572], [27.02703, 38.0494], [26.97543, 38.06525], [26.94923, 38.06737], [26.8934, 38.05622], [26.88151, 38.03841], [26.87306, 38.03511], [26.86493, 38.04036], [26.84207, 38.07608], [26.84645, 38.10342], [26.83522, 38.13129], [26.79363, 38.17227], [26.77606, 38.16524], [26.77151, 38.17748], [26.77369, 38.20702], [26.76027, 38.21674], [26.70826, 38.20703], [26.63592, 38.2036], [26.62288, 38.13875], [26.60922, 38.14496], [26.61214, 38.11787], [26.6071, 38.10831], [26.59498, 38.10396], [26.56764, 38.14497], [26.56715, 38.12398], [26.5569, 38.12231], [26.52378, 38.14741], [26.51551, 38.16552], [26.5193, 38.17967], [26.49171, 38.17403], [26.44223, 38.21198], [26.41749, 38.22065], [26.42415, 38.20019], [26.4175, 38.20019], [26.39016, 38.22383], [26.39487, 38.25165], [26.39015, 38.26166], [26.38331, 38.26166], [26.37501, 38.23481], [26.35401, 38.22827], [26.32863, 38.23506], [26.28663, 38.26105], [26.24239, 38.27193], [26.23394, 38.26773], [26.21953, 38.26841], [26.20335, 38.27595], [26.18665, 38.28871], [26.15676, 38.32306], [26.16357, 38.30265], [26.13705, 38.29963], [26.11354, 38.28425], [26.10222, 38.2617], [26.11206, 38.23749], [26.11206, 38.22261], [26.10644, 38.22026], [26.05469, 38.27832], [26.01321, 38.34019], [25.99727, 38.37304], [25.97808, 38.44079], [25.97456, 38.48255], [25.9803, 38.54955], [25.99761, 38.60398], [26.06396, 38.59002], [26.10825, 38.54279], [26.11541, 38.55516], [26.12192, 38.55646], [26.12135, 38.56232], [26.11575, 38.5633], [26.13071, 38.56719], [26.14377, 38.56424], [26.16357, 38.54279], [26.15089, 38.53042], [26.14437, 38.49291], [26.12192, 38.48754], [26.12973, 38.47846], [26.14241, 38.47394], [26.1364, 38.46772], [26.15405, 38.46726], [26.15454, 38.46089], [26.14243, 38.4466], [26.13933, 38.41889], [26.14315, 38.39173], [26.16198, 38.41107], [26.20891, 38.44337], [26.22947, 38.46461], [26.24429, 38.50853], [26.23626, 38.50671], [26.20388, 38.5147], [26.18459, 38.53865], [26.18508, 38.54217], [26.20401, 38.54096], [26.21469, 38.53319], [26.23056, 38.53346], [26.24735, 38.52504], [26.25376, 38.56746], [26.25168, 38.59678], [26.24597, 38.60953], [26.22477, 38.63505], [26.18676, 38.67237], [26.17088, 38.6964], [26.17216, 38.72178], [26.18595, 38.77015], [26.32168, 38.76117], [26.34906, 38.75539], [26.37257, 38.74655], [26.39047, 38.73397], [26.39614, 38.72214], [26.39696, 38.70568], [26.39056, 38.67311], [26.40335, 38.67738], [26.44036, 38.6777], [26.46531, 38.67273], [26.50532, 38.65285], [26.55569, 38.60558], [26.5608, 38.59003], [26.584, 38.56094], [26.63037, 38.51923], [26.6433, 38.46772], [26.62916, 38.46089], [26.61085, 38.46841], [26.58814, 38.46088], [26.60523, 38.45358], [26.60498, 38.44477], [26.58815, 38.41869], [26.61182, 38.41624], [26.62207, 38.40533], [26.65707, 38.3288], [26.67311, 38.3072], [26.69459, 38.31318], [26.69996, 38.32575], [26.67751, 38.34358], [26.67068, 38.38516], [26.68714, 38.41955], [26.70241, 38.43015], [26.71909, 38.42609], [26.71909, 38.4329], [26.72535, 38.43292], [26.74807, 38.40492], [26.76686, 38.36408], [26.78736, 38.37151], [26.7951, 38.35863], [26.84547, 38.37152], [26.92457, 38.37767], [26.98976, 38.39887], [27.01336, 38.41249], [27.04249, 38.40762], [27.06121, 38.41249], [27.08863, 38.40225], [27.11183, 38.41401], [27.13544, 38.43365], [27.16424, 38.4466], [27.16424, 38.45344], [27.15447, 38.45942], [27.14309, 38.45345], [27.13624, 38.46088], [27.11695, 38.45394], [27.08334, 38.45673], [27.07472, 38.45345], [27.04908, 38.4632], [27.02231, 38.46247], [26.93542, 38.43489], [26.94508, 38.4466], [26.92792, 38.45605], [26.89763, 38.4947], [26.84906, 38.51254], [26.82692, 38.5262], [26.81476, 38.54274], [26.8742, 38.50747], [26.88982, 38.50804], [26.88982, 38.51488], [26.87778, 38.52635], [26.83523, 38.54901], [26.84889, 38.5974], [26.83424, 38.60822], [26.81373, 38.59765], [26.79365, 38.59741], [26.80104, 38.61172], [26.77931, 38.61774], [26.7532, 38.61792], [26.75945, 38.63841], [26.74643, 38.63867], [26.7191, 38.65266], [26.73366, 38.66363], [26.75318, 38.66633], [26.73306, 38.68983], [26.7191, 38.72093], [26.73756, 38.73077], [26.78891, 38.73941], [26.81821, 38.75543], [26.83058, 38.74726], [26.85157, 38.74566], [26.88852, 38.73404], [26.90349, 38.73456], [26.89724, 38.74827], [26.92303, 38.76214], [26.93141, 38.75507], [26.93507, 38.77045], [26.93141, 38.78925], [26.92458, 38.78173], [26.89725, 38.81655], [26.93766, 38.83021], [26.94386, 38.80874], [26.96079, 38.80614], [26.97145, 38.81916], [26.95877, 38.84446], [26.9909, 38.85505], [27.01336, 38.87115], [27.03354, 38.8605], [27.05502, 38.87108], [27.06267, 38.88687], [27.04129, 38.89168], [27.05787, 38.91852], [27.05779, 38.92976], [27.04127, 38.94009], [27.01286, 38.92207], [26.98288, 38.91963], [26.96241, 38.94009], [26.93426, 38.9309], [26.92457, 38.94009], [26.87938, 38.9163], [26.86622, 38.91341], [26.85565, 38.91756], [26.8401, 38.93586], [26.8065, 38.95015], [26.79722, 38.97313], [26.79915, 38.99815], [26.81471, 39.01512], [26.81471, 39.02196], [26.79366, 39.02197], [26.82881, 39.04717], [26.87306, 39.06293], [26.88315, 39.0716], [26.87526, 39.09089], [26.82374, 39.14908], [26.79418, 39.16259], [26.73888, 39.15185], [26.70535, 39.15081], [26.67479, 39.15663], [26.61281, 39.17524], [26.58073, 39.18831], [26.55092, 39.20364], [26.52555, 39.22111], [26.50677, 39.24064], [26.49672, 39.26218], [26.49949, 39.27948], [26.51291, 39.29626], [26.53403, 39.31269], [26.61372, 39.36098], [26.63531, 39.37728], [26.64905, 39.39398], [26.64953, 39.40088], [26.63478, 39.41194], [26.60875, 39.41846], [26.57382, 39.41761], [26.54238, 39.39624], [26.47353, 39.33209], [26.4575, 39.32271], [26.44274, 39.31981], [26.42499, 39.32392], [26.38624, 39.34658], [26.34834, 39.3804], [26.30712, 39.43192], [26.30549, 39.43847], [26.31107, 39.4556], [26.33945, 39.5003], [26.45054, 39.52449], [26.45806, 39.57453], [26.4746, 39.62846], [26.49032, 39.66189], [26.53689, 39.73044], [26.53696, 39.73803], [26.52948, 39.74294], [26.4464, 39.75756], [26.36348, 39.7858], [26.32437, 39.80482], [26.28317, 39.83212], [26.25891, 39.80355], [26.19537, 39.75345], [26.15053, 39.72805], [26.13642, 39.75568], [26.13788, 39.76455], [26.14991, 39.77611], [26.15496, 39.82616], [26.1517, 39.83515], [26.13642, 39.8376], [26.15675, 39.89899], [26.15062, 39.92504], [26.15252, 39.94235], [26.18866, 40.00177], [26.19777, 40.00884], [26.25115, 39.99486], [26.31105, 40.01948], [26.3577, 40.05963], [26.36309, 40.06859], [26.36941, 40.10293], [26.39069, 40.10765], [26.39536, 40.11457], [26.40194, 40.14633], [26.39635, 40.17276], [26.40798, 40.19366], [26.44142, 40.1966], [26.50074, 40.21296], [26.51938, 40.22517], [26.56366, 40.27016], [26.60759, 40.29043], [26.71442, 40.39043], [26.73561, 40.40354], [26.77713, 40.40548], [26.86305, 40.39989], [26.89723, 40.40614], [26.93442, 40.39248], [26.99147, 40.38862], [27.01336, 40.39248], [27.09637, 40.45228], [27.14308, 40.45391], [27.21534, 40.4477], [27.23756, 40.45185], [27.2715, 40.46783], [27.28695, 40.4682], [27.30354, 40.45824], [27.32861, 40.41356], [27.31492, 40.40616], [27.30323, 40.41096], [27.29444, 40.40616], [27.33758, 40.37031], [27.39291, 40.34211], [27.45232, 40.32201], [27.52328, 40.30878], [27.56202, 40.31049], [27.59702, 40.32831], [27.61297, 40.33099], [27.688, 40.31379], [27.71225, 40.32419], [27.73259, 40.31729], [27.76271, 40.31538], [27.78981, 40.32046], [27.81325, 40.3471], [27.86736, 40.36888], [27.88356, 40.3863], [27.86525, 40.38679], [27.81528, 40.39989], [27.79177, 40.3929], [27.78582, 40.41291], [27.76765, 40.42025], [27.75637, 40.43261], [27.75017, 40.45759], [27.72585, 40.46138], [27.68427, 40.49616], [27.68427, 40.50234], [27.70606, 40.51191], [27.72243, 40.52626], [27.73316, 40.53057], [27.75017, 40.52473], [27.76002, 40.53704], [27.78045, 40.51533], [27.7894, 40.51423], [27.79519, 40.52089], [27.8047, 40.52276], [27.9699, 40.50299], [28.01416, 40.49115], [28.03442, 40.47443], [28.01677, 40.45108], [27.92994, 40.41694], [27.90398, 40.39989], [27.90846, 40.37421], [27.94467, 40.36603], [28.02752, 40.37202], [28.11199, 40.39605], [28.34769, 40.40403], [28.4004, 40.39741], [28.48677, 40.39988], [28.46754, 40.39435], [28.45883, 40.37946], [28.49949, 40.39109], [28.54542, 40.39129], [28.59278, 40.38189], [28.63771, 40.36518], [28.64381, 40.37123], [28.65805, 40.36518], [28.6854, 40.37945], [28.74187, 40.38642], [28.77199, 40.40252], [28.88404, 40.38629], [28.93873, 40.36518], [29.05161, 40.36734], [29.06568, 40.37572], [29.09011, 40.42722], [29.11899, 40.42365], [29.15154, 40.43407], [29.13356, 40.45075], [29.0879, 40.47748], [29.06568, 40.48188], [29.011, 40.48188], [28.96949, 40.46138], [28.91668, 40.47091], [28.82846, 40.51301], [28.7742, 40.52278], [28.79266, 40.55328], [28.82684, 40.57061], [28.89772, 40.59174], [28.92774, 40.60643], [28.97007, 40.63946], [28.98634, 40.64475], [29.28159, 40.66592], [29.32413, 40.67714], [29.39185, 40.70782], [29.41684, 40.68675], [29.46144, 40.70417], [29.47007, 40.71893], [29.47927, 40.72406], [29.50087, 40.72886], [29.52751, 40.7215], [29.54223, 40.70966], [29.54884, 40.69098], [29.55991, 40.69107], [29.75352, 40.72456], [29.8672, 40.7289], [29.90358, 40.71625], [29.92416, 40.71646], [29.9393, 40.73505], [29.92921, 40.75804], [29.89015, 40.7635], [29.7754, 40.74873], [29.73756, 40.76984], [29.66675, 40.7834], [29.42872, 40.77607], [29.37778, 40.75655], [29.35695, 40.76241], [29.33953, 40.78758], [29.32914, 40.79035], [29.34343, 40.7978], [29.33953, 40.80781], [29.31544, 40.82445], [29.31105, 40.8182], [29.30177, 40.82445], [29.2932, 40.8186], [29.25458, 40.81079], [29.25458, 40.81703], [29.27076, 40.82185], [29.2746, 40.83876], [29.28826, 40.83128], [29.28842, 40.83779], [29.29493, 40.83877], [29.26393, 40.86978], [29.24098, 40.88255], [29.22047, 40.87972], [29.20135, 40.89395], [29.14479, 40.91414], [29.08318, 40.95966], [29.0281, 40.98213], [29.03484, 40.98957], [29.0233, 40.99336], [29.00758, 41.0305], [29.02605, 41.03828], [29.06235, 41.07632], [29.09059, 41.14094], [29.06926, 41.15297], [29.09262, 41.18036], [29.12983, 41.21171], [29.16969, 41.23309], [29.20623, 41.22919], [29.21616, 41.2394], [29.23207, 41.24067], [29.41974, 41.21428], [29.61883, 41.1789], [29.91047, 41.14846], [30.13689, 41.14378], [30.16521, 41.14663], [30.21705, 41.16714], [30.24049, 41.19231], [30.2483, 41.18757], [30.27126, 41.21116], [30.28248, 41.21551], [30.29558, 41.20742], [30.33668, 41.20082], [30.36996, 41.18134], [30.69895, 41.12158], [30.74806, 41.09199], [30.83326, 41.0799], [31.09059, 41.08515], [31.12477, 41.09812], [31.16944, 41.09199], [31.21046, 41.09812], [31.23121, 41.09199], [31.23878, 41.09369], [31.24888, 41.10565], [31.29021, 41.11786], [31.32358, 41.13386], [31.39275, 41.18842], [31.40105, 41.20209], [31.40801, 41.24817], [31.41961, 41.28034], [31.39608, 41.29568], [31.39285, 41.30365], [31.40358, 41.31647], [31.42514, 41.32257], [31.47104, 41.32477], [31.49831, 41.35203], [31.65895, 41.39793], [31.87194, 41.50471], [31.99334, 41.54951], [32.03941, 41.57558], [32.13412, 41.59943], [32.16188, 41.61201], [32.17841, 41.6369], [32.24342, 41.69294], [32.26337, 41.72015], [32.29705, 41.72735], [32.35182, 41.72944], [32.3537, 41.73574], [32.37232, 41.7425], [32.38258, 41.75608], [32.39967, 41.7425], [32.41725, 41.74893], [32.45429, 41.77724], [32.53506, 41.81082], [32.56283, 41.81687], [32.57781, 41.81135], [32.58938, 41.82696], [32.61257, 41.83953], [32.63966, 41.84389], [32.6631, 41.83495], [32.67921, 41.83633], [32.75538, 41.85911], [32.79851, 41.85969], [32.82749, 41.86469], [32.84457, 41.87278], [32.85564, 41.86831], [32.92612, 41.88182], [32.96192, 41.89411], [33.00807, 41.9173], [33.16554, 41.95698], [33.32479, 42.01904], [33.36085, 42.02064], [33.43434, 42.01065], [33.54054, 42.01064], [33.61345, 41.99372], [33.82716, 41.97769], [33.84522, 41.98264], [33.87355, 41.97443], [34.00392, 41.98262], [34.33131, 41.94794], [34.4452, 41.97278], [34.48268, 41.97524], [34.56178, 41.95185], [34.69418, 41.94595], [34.74635, 41.95038], [34.7986, 41.96223], [34.88901, 42.0078], [34.91879, 42.03555], [34.9419, 42.06928], [34.9481, 42.09877], [34.99073, 42.09112], [35.00343, 42.08511], [35.00614, 42.09146], [35.02393, 42.0925], [35.04882, 42.06513], [35.04444, 42.05158], [35.08155, 42.0292], [35.1045, 42.02188], [35.1338, 42.02363], [35.17124, 42.04413], [35.18646, 42.04235], [35.2163, 42.02362], [35.2163, 42.0168], [35.16261, 42.02171], [35.13754, 42.01952], [35.11671, 42.0069], [35.09881, 41.96971], [35.09213, 41.92805], [35.12574, 41.87531], [35.15577, 41.84569], [35.20947, 41.81134], [35.20947, 41.80452], [35.19581, 41.80451], [35.22478, 41.76187], [35.25358, 41.75063], [35.29819, 41.71515], [35.35768, 41.69685], [35.40105, 41.69154], [35.44907, 41.66055], [35.48585, 41.64509], [35.53012, 41.63426], [35.57667, 41.62971], [35.6198, 41.63264], [35.67873, 41.65692], [35.74057, 41.66498], [35.84621, 41.69871], [35.89381, 41.70747], [35.93483, 41.7324], [35.95651, 41.73622], [35.94679, 41.71723], [35.92897, 41.70893], [35.93051, 41.69383], [35.91163, 41.66279], [35.91529, 41.64623], [35.9227, 41.64623], [35.92482, 41.67023], [35.93434, 41.69212], [35.94793, 41.71003], [35.97288, 41.72856], [35.97787, 41.72967], [36.0381, 41.68781], [36.0381, 41.70147], [36.04492, 41.70147], [36.12044, 41.62775], [36.13444, 41.59906], [36.13444, 41.55817], [36.12078, 41.52705], [36.11997, 41.49433], [36.13445, 41.4619], [36.17888, 41.41999], [36.20475, 41.40647], [36.23683, 41.35887], [36.3034, 41.32852], [36.33187, 41.32318], [36.33732, 41.31835], [36.34376, 41.28872], [36.37451, 41.27699], [36.39503, 41.25641], [36.42383, 41.25169], [36.45102, 41.24042], [36.47609, 41.24494], [36.51791, 41.26264], [36.57936, 41.30732], [36.6019, 41.34374], [36.60672, 41.36628], [36.61989, 41.37505], [36.67172, 41.36628], [36.75831, 41.36623], [36.83696, 41.35067], [36.98455, 41.29462], [37.0151, 41.27474], [37.03189, 41.24282], [37.03386, 41.1988], [37.03972, 41.18154], [37.07748, 41.17083], [37.13551, 41.14663], [37.26344, 41.14784], [37.29932, 41.14036], [37.33351, 41.11933], [37.39535, 41.10846], [37.43653, 41.0777], [37.47754, 41.06777], [37.50473, 41.04291], [37.52475, 41.03718], [37.56471, 41.04046], [37.58058, 41.03677], [37.60792, 41.05044], [37.64033, 41.10175], [37.67182, 41.13107], [37.68978, 41.14035], [37.6985, 41.12409], [37.7151, 41.11473], [37.73422, 41.11465], [37.75123, 41.12611], [37.75807, 41.11933], [37.78385, 41.12261], [37.78517, 41.06], [37.80275, 41.04291], [37.86792, 41.01556], [37.89576, 40.98212], [37.93475, 40.99509], [37.98143, 40.99025], [38.10222, 40.9597], [38.1613, 40.95209], [38.20143, 40.94135], [38.22413, 40.94115], [38.26832, 40.95037], [38.28736, 40.9472], [38.3309, 40.91787], [38.35125, 40.91787], [38.38933, 40.9269], [38.45232, 40.91673], [38.46372, 40.92376], [38.5394, 40.92691], [38.59157, 40.96255], [38.63706, 40.97601], [38.64947, 40.97515], [38.67791, 40.94864], [38.71762, 40.95478], [38.74334, 40.97247], [38.75514, 40.97529], [38.78371, 41.00177], [38.87582, 41.01895], [38.90838, 41.03766], [38.9275, 41.04262], [39.04176, 41.0434], [39.12233, 41.05728], [39.15651, 41.07769], [39.16831, 41.07973], [39.21972, 41.07297], [39.25074, 41.05305], [39.2732, 41.05044], [39.31724, 41.06805], [39.34913, 41.07396], [39.40284, 41.09813], [39.41852, 41.11007], [39.43019, 41.11248], [39.49292, 41.10101], [39.53393, 41.06372], [39.51952, 40.87826], [39.50115, 40.81027], [39.48537, 40.77735], [39.46513, 40.74533], [39.41667, 40.69044], [39.37761, 40.70442], [39.2883, 40.69525], [39.17213, 40.70168], [39.06928, 40.68895], [39.06052, 40.6813], [39.07584, 40.59149], [39.10103, 40.50999], [39.13592, 40.43356], [39.25655, 40.21429], [39.28739, 40.13951], [39.30619, 40.06104], [39.30831, 39.97815], [39.27969, 39.80044], [39.19393, 39.44484], [39.1686, 39.26655], [39.16673, 39.1439], [39.17483, 39.02401], [39.21982, 38.67558], [39.22862, 38.55982], [39.22772, 38.44208], [39.21321, 38.32243], [39.18422, 38.20479], [39.05478, 37.82945], [39.01807, 37.70511], [38.99495, 37.58536], [38.99164, 37.47251], [39.01466, 37.36748], [39.04548, 37.30107], [39.08286, 37.23919], [39.2534, 37.00012], [39.28993, 36.93454], [39.44625, 36.53554], [39.48049, 36.39679], [39.49721, 36.25891], [39.56301, 35.98951], [39.57471, 35.92154], [39.57917, 35.85564], [39.57373, 35.7928], [39.5555, 35.73965], [39.52381, 35.6972], [39.4817, 35.66457], [39.4309, 35.63937], [39.31314, 35.60477], [39.09947, 35.55824], [38.94105, 35.50716], [38.72342, 35.41302], [38.50986, 35.31324], [38.44894, 35.28025], [38.3318, 35.20758], [38.0685, 35.02181], [37.93078, 34.93267], [37.84372, 34.87029], [37.76577, 34.79834], [37.70703, 34.71427], [37.68387, 34.66657], [37.64689, 34.56719], [37.51744, 34.1575], [37.29921, 33.35457], [37.22701, 33.10156], [37.14661, 32.84292], [37.11805, 32.76018], [37.25476, 32.56021], [36.9801, 32.41004], [36.81938, 32.31679], [36.80657, 32.31304], [36.85309, 32.07963], [36.83209, 32.03077], [36.69539, 31.7487], [36.53945, 31.46218], [36.36222, 31.17194], [36.17567, 30.89582], [35.92036, 30.55737], [35.64153, 30.12246], [35.4159, 29.81759], [35.35257, 29.71846], [35.38254, 29.65905], [35.40421, 29.58756], [35.40951, 29.5343], [35.40577, 29.46547], [35.39804, 29.43106], [35.37619, 29.37504], [35.37017, 29.31308], [35.35612, 29.26223], [35.29738, 29.06995], [35.2843, 29.05019], [35.27336, 29.00407], [35.24993, 28.82721], [35.21197, 28.70231], [35.2128, 28.66888], [35.20093, 28.63953], [35.21141, 28.54243], [35.20441, 28.45371], [35.28604, 28.41086], [35.30908, 28.40287], [35.34094, 28.33038], [35.35358, 28.2609], [35.35842, 28.15924], [35.34292, 28.06246], [35.31761, 27.99798], [35.27011, 27.92924], [35.24562, 27.96235], [35.22975, 27.96891], [35.18149, 28.00292], [35.18149, 27.99605], [35.17466, 27.99605], [35.1636, 28.00934], [35.17653, 28.01947], [35.21632, 28.03766], [35.2269, 28.03315], [35.21632, 28.05439], [35.17465, 28.06501], [35.16782, 28.06501], [35.16781, 28.05818], [35.1618, 28.05818], [35.14479, 28.0764], [35.11037, 28.07894], [35.05193, 28.11957], [35.042, 28.11303], [35.0197, 28.11347], [35.03074, 28.09913], [34.9979, 28.1142], [34.93727, 28.09125], [34.92774, 28.07861], [34.92092, 28.07861], [34.92091, 28.08544], [34.90089, 28.08227], [34.8602, 28.08539], [34.84645, 28.07121], [34.83889, 28.07861], [34.83889, 28.08544], [34.84645, 28.08544], [34.84262, 28.09984], [34.86622, 28.11278], [34.83676, 28.11628], [34.82537, 28.11278], [34.82537, 28.1059], [34.83277, 28.1059], [34.83277, 28.09911], [34.8143, 28.08894], [34.80486, 28.07121], [34.79178, 28.0786], [34.80161, 28.0904], [34.8191, 28.09911], [34.8191, 28.11278], [34.79371, 28.11107], [34.78647, 28.10472], [34.78444, 28.09293], [34.77735, 28.09618], [34.77077, 28.09294], [34.77076, 28.1059], [34.76499, 28.1059], [34.76499, 28.09911], [34.75702, 28.09912], [34.74732, 28.11201], [34.73658, 28.10592], [34.7274, 28.11214], [34.70924, 28.14008], [34.69499, 28.12647], [34.68198, 28.13516], [34.67456, 28.11279], [34.64715, 28.09911], [34.64715, 28.09292], [34.66829, 28.07859], [34.66829, 28.0712], [34.65528, 28.06502], [34.64715, 28.07119], [34.64144, 28.0417], [34.63516, 28.03346], [34.61306, 28.03023], [34.62045, 28.03767], [34.61306, 28.04451], [34.60874, 28.05854], [34.60621, 28.09602], [34.59889, 28.10326], [34.57441, 28.09408], [34.57887, 28.1059], [34.57278, 28.11278], [34.58742, 28.13182], [34.62672, 28.16055], [34.62047, 28.16739], [34.62713, 28.17666], [34.64031, 28.18105], [34.64031, 28.17642], [34.63347, 28.17487], [34.6517, 28.16779], [34.65773, 28.17056], [34.6609, 28.18106], [34.65528, 28.18106], [34.65528, 28.18789], [34.64814, 28.19424], [34.6496, 28.20087], [34.66831, 28.20897], [34.6649, 28.22451], [34.67458, 28.27045], [34.68873, 28.26362], [34.68873, 28.27729], [34.68043, 28.27167], [34.67458, 28.27725], [34.69467, 28.29442], [34.71502, 28.32746], [34.73048, 28.36359], [34.74107, 28.41059], [34.76059, 28.43659], [34.775, 28.48317], [34.80378, 28.52713], [34.79343, 28.61943], [34.77848, 28.6645], [34.79695, 28.72599], [34.82537, 28.78437], [34.82537, 28.79059], [34.81912, 28.7906], [34.83611, 28.81647], [34.83855, 28.82856], [34.83277, 28.84562], [34.84409, 28.87641], [34.84197, 28.88964], [34.82538, 28.89424], [34.82538, 28.90037], [34.8401, 28.92243], [34.85629, 28.96381], [34.86378, 29.00625], [34.85256, 29.0314], [34.85256, 29.04507], [34.87355, 29.08527], [34.89351, 29.17451], [34.90935, 29.21015], [34.90936, 29.23065], [34.94207, 29.25047], [34.93266, 29.28901], [34.93638, 29.30384], [34.94809, 29.29829], [34.95069, 29.30573], [34.95558, 29.30512], [34.94533, 29.3369], [34.9494, 29.3517], [34.96241, 29.35977], [34.96905, 29.45101], [34.9761, 29.47703], [34.99781, 29.51797], [34.99684, 29.53388], [34.97609, 29.55215], [34.96241, 29.55216], [34.96022, 29.55952], [34.95558, 29.55899], [34.95121, 29.54546], [34.91977, 29.50739], [34.91081, 29.48995], [34.88673, 29.49006], [34.85971, 29.47215], [34.83814, 29.43294], [34.82537, 29.42862], [34.83326, 29.42617], [34.83276, 29.42114], [34.81764, 29.41218], [34.8152, 29.4064], [34.81908, 29.40071], [34.80519, 29.39643], [34.81225, 29.38764], [34.77759, 29.3461], [34.75701, 29.33307], [34.7451, 29.31598], [34.73658, 29.31126], [34.74528, 29.29133], [34.72901, 29.25047], [34.729, 29.19892], [34.72363, 29.18668], [34.695, 29.1645], [34.69, 29.13417], [34.67457, 29.10651], [34.67457, 29.03441], [34.68652, 29.01243], [34.68577, 28.98887], [34.64674, 28.96743], [34.64031, 28.9488], [34.64599, 28.92235], [34.64713, 28.86287], [34.62045, 28.84585], [34.62631, 28.80262], [34.62045, 28.7906], [34.63346, 28.7707], [34.62281, 28.75983], [34.62451, 28.73599], [34.61525, 28.72419], [34.60767, 28.70149], [34.58424, 28.67235], [34.57031, 28.62617], [34.53012, 28.5727], [34.51631, 28.53878], [34.51059, 28.53799], [34.5236, 28.50731], [34.51156, 28.48779], [34.46901, 28.45539], [34.47525, 28.44795], [34.46168, 28.44204], [34.45428, 28.4289], [34.44116, 28.37348], [34.42742, 28.35611], [34.40691, 28.30801], [34.41065, 28.27814], [34.42057, 28.25617], [34.41293, 28.23314], [34.45532, 28.17487], [34.43871, 28.10985], [34.42675, 28.08154], [34.44401, 28.05354], [34.42742, 27.98306], [34.43488, 27.97558], [34.40073, 27.96874], [34.38998, 27.94527], [34.37696, 27.93818], [34.37085, 27.92366], [34.33131, 27.91413], [34.3387, 27.90669], [34.32096, 27.86128], [34.31128, 27.85205], [34.30446, 27.85205], [34.28639, 27.86441], [34.27947, 27.85834], [34.27271, 27.83617], [34.26352, 27.82477], [34.27172, 27.81245], [34.25929, 27.80184], [34.2393, 27.79409], [34.21412, 27.79149], [34.2212, 27.76984], [34.25732, 27.76951], [34.25732, 27.76334], [34.24985, 27.76333], [34.24985, 27.7565], [34.2635, 27.73604], [34.24985, 27.74283], [34.25123, 27.73725], [34.25734, 27.73603], [34.25732, 27.72859], [34.25011, 27.72858], [34.22755, 27.75821], [34.18979, 27.78677], [34.07846, 27.8007], [34.05467, 27.81439], [33.98756, 27.88666], [33.97381, 27.88924], [33.91676, 27.93574], [33.90398, 27.9418], [33.89088, 27.94253], [33.87941, 27.93465], [33.86557, 27.96133], [33.8589, 27.95516], [33.80422, 27.99605], [33.79371, 28.01313], [33.76337, 28.024], [33.76393, 28.04902], [33.71601, 28.07527], [33.71551, 28.09292], [33.68448, 28.12417], [33.67264, 28.14579], [33.67457, 28.16055], [33.66033, 28.17487], [33.65406, 28.17487], [33.65406, 28.1674], [33.64666, 28.1674], [33.63478, 28.18131], [33.61818, 28.2333], [33.6128, 28.24063], [33.60565, 28.23629], [33.56471, 28.2971], [33.43394, 28.36641], [33.40016, 28.41446], [33.369, 28.44233], [33.36915, 28.44794], [33.30519, 28.48974], [33.29478, 28.49942], [33.27882, 28.52753], [33.25621, 28.54414], [33.26246, 28.55158], [33.26246, 28.54414], [33.26979, 28.54414], [33.26295, 28.57705], [33.2461, 28.5795], [33.23764, 28.56611], [33.2562, 28.55158], [33.23944, 28.5566], [33.2287, 28.56941], [33.219, 28.628], [33.19485, 28.67512], [33.22828, 28.76386], [33.21015, 28.78507], [33.20476, 28.80516], [33.18101, 28.81851], [33.17459, 28.83698], [33.16733, 28.90016], [33.17758, 28.91836], [33.16587, 28.97606], [33.17791, 28.98957], [33.17075, 29.00308], [33.15919, 29.01411], [33.1531, 29.01338], [33.14503, 29.03172], [33.13648, 29.03461], [33.12648, 29.03141], [33.11606, 29.04312], [33.07863, 29.06489], [33.06121, 29.10139], [33.04022, 29.11812], [33.02345, 29.14061], [33.00913, 29.14741], [33.00294, 29.16112], [32.95786, 29.20209], [32.91952, 29.21768], [32.8856, 29.24307], [32.86834, 29.29743], [32.84597, 29.30834], [32.83955, 29.31601], [32.81741, 29.35977], [32.82106, 29.39704], [32.81723, 29.41405], [32.7903, 29.42545], [32.74157, 29.45596], [32.7492, 29.45596], [32.74537, 29.46312], [32.72853, 29.46963], [32.73536, 29.47728], [32.73471, 29.48383], [32.72853, 29.48383], [32.72145, 29.46748], [32.72851, 29.45597], [32.71503, 29.45597], [32.7225, 29.49274], [32.72413, 29.53954], [32.71241, 29.58047], [32.68085, 29.59993], [32.68686, 29.61815], [32.68088, 29.66163], [32.69386, 29.70604], [32.69068, 29.73363], [32.65644, 29.77709], [32.64845, 29.79462], [32.6255, 29.81525], [32.60452, 29.82417], [32.60956, 29.83388], [32.6255, 29.84634], [32.62534, 29.87425], [32.61248, 29.89374], [32.57156, 29.9289], [32.58432, 29.93871], [32.57781, 29.9488], [32.58546, 29.95246], [32.56162, 29.97639], [32.57781, 29.98355], [32.57781, 30.01142], [32.57154, 30.01142], [32.55746, 29.97647], [32.57049, 29.95576], [32.57154, 29.94257], [32.56415, 29.94258], [32.56178, 29.95523], [32.55397, 29.9621], [32.54274, 29.96255], [32.53004, 29.95622], [32.51344, 29.96158], [32.49391, 29.95063], [32.4769, 29.9322], [32.46795, 29.91523], [32.46681, 29.89688], [32.47291, 29.88198], [32.48699, 29.87157], [32.50951, 29.86684], [32.49155, 29.85407], [32.39283, 29.73436], [32.36394, 29.68822], [32.35808, 29.67194], [32.35736, 29.63036], [32.35156, 29.61368], [32.33766, 29.59992], [32.33766, 29.59248], [32.34846, 29.58486], [32.36855, 29.55738], [32.3768, 29.53608], [32.45119, 29.48741], [32.49732, 29.44009], [32.52873, 29.42351], [32.55718, 29.39762], [32.58122, 29.36912], [32.59138, 29.34971], [32.60548, 29.29194], [32.61866, 29.26118], [32.63232, 29.24307], [32.62867, 29.21894], [32.65895, 29.11055], [32.65967, 29.0891], [32.63892, 29.06135], [32.62818, 29.05703], [32.62468, 29.04816], [32.63232, 29.03758], [32.6255, 28.97272], [32.67334, 28.92153], [32.68084, 28.88056], [32.70752, 28.85634], [32.7492, 28.80484], [32.78451, 28.79938], [32.80689, 28.77814], [32.82073, 28.74761], [32.86891, 28.57892], [32.92725, 28.55157], [32.96342, 28.51787], [32.97291, 28.49982], [33.00293, 28.48948], [33.01303, 28.46304], [33.04176, 28.41413], [33.05078, 28.40692], [33.04957, 28.40135], [33.04322, 28.40078], [33.08757, 28.36859], [33.10654, 28.3473], [33.10532, 28.32563], [33.11971, 28.30894], [33.12647, 28.2875], [33.20052, 28.21136], [33.21217, 28.18993], [33.24194, 28.17486], [33.24936, 28.14289], [33.28321, 28.13238], [33.31642, 28.09638], [33.33813, 28.08543], [33.33611, 28.05679], [33.3436, 28.0506], [33.36605, 28.05067], [33.37468, 28.03587], [33.44192, 28.0164], [33.51253, 27.95905], [33.53541, 27.91641], [33.55437, 27.89647], [33.57616, 27.85049], [33.59204, 27.79126], [33.57155, 27.79126], [33.56007, 27.81342], [33.48894, 27.84589], [33.48219, 27.84589], [33.47348, 27.82319], [33.48219, 27.80492], [33.51172, 27.77509], [33.52272, 27.7519], [33.55144, 27.76161], [33.55786, 27.75991], [33.55249, 27.73188], [33.53679, 27.70808], [33.55047, 27.69505], [33.57495, 27.68137], [33.59204, 27.65347], [33.59204, 27.64665], [33.55787, 27.68138], [33.55047, 27.68138], [33.55786, 27.65966], [33.55048, 27.65966], [33.5442, 27.67919], [33.52654, 27.67756], [33.50717, 27.66372], [33.49635, 27.64663], [33.51984, 27.63565], [33.56469, 27.57152], [33.55828, 27.55711], [33.55787, 27.53677], [33.61817, 27.50811], [33.63298, 27.49583], [33.64039, 27.45482], [33.67114, 27.42039], [33.68482, 27.3557], [33.69166, 27.34186], [33.72478, 27.31371], [33.82518, 27.25983], [33.83838, 27.24258], [33.83838, 27.19416], [33.82472, 27.18049], [33.83676, 27.12075], [33.84718, 27.107], [33.88314, 27.08079], [33.90137, 27.05874], [33.90868, 27.04215], [33.89373, 27.04393], [33.89389, 27.0279], [33.90089, 27.01423], [33.921, 26.98917], [33.95167, 26.93098], [33.99097, 26.90741], [33.996, 26.89678], [34.00358, 26.84916], [33.99623, 26.83806], [33.97967, 26.83712], [33.95965, 26.8498], [33.94825, 26.831], [33.94581, 26.79999], [33.9519, 26.74336], [33.93214, 26.6826], [33.94142, 26.65351], [33.95541, 26.64301], [34.0034, 26.62574], [34.014, 26.61164], [34.02394, 26.58072], [34.05639, 26.5423], [34.07054, 26.51509], [34.10483, 26.42666], [34.17749, 26.31484], [34.26197, 26.13947], [34.30102, 26.08779], [34.33872, 26.00178], [34.41728, 25.90341], [34.43474, 25.86188], [34.5018, 25.77163], [34.54655, 25.72504], [34.57261, 25.67842], [34.63335, 25.56962], [34.64715, 25.52204], [34.67139, 25.47972], [34.68189, 25.4287], [34.69996, 25.40103], [34.74333, 25.3513], [34.76498, 25.29609], [34.79492, 25.25438], [34.80689, 25.21161], [34.93913, 25.00336], [34.94304, 24.97126], [34.95373, 24.94414], [34.98975, 24.90501], [34.99391, 24.84931], [35.00221, 24.81562], [35.01027, 24.80443], [35.06362, 24.76389], [35.08072, 24.73541], [35.10955, 24.64378], [35.14601, 24.5859], [35.16026, 24.57461], [35.16064, 24.5585], [35.14445, 24.52767], [35.14456, 24.50021], [35.18571, 24.48565], [35.23545, 24.40013], [35.37039, 24.30625], [35.39171, 24.28294], [35.42865, 24.18595], [35.45593, 24.15874], [35.49383, 24.1089], [35.51051, 24.11123], [35.49378, 24.13898], [35.5039, 24.14053], [35.52419, 24.12127], [35.55205, 24.11049], [35.58836, 24.07583], [35.60272, 24.0481], [35.60526, 24.01882], [35.63563, 24.00186], [35.66685, 24.00724], [35.71728, 23.99341], [35.73856, 23.98331], [35.75374, 23.96865], [35.77482, 23.92391], [35.79252, 23.90229], [35.78578, 23.89306], [35.75036, 23.93242], [35.73601, 23.93321], [35.68452, 23.91093], [35.64575, 23.92556], [35.59854, 23.92943], [35.57999, 23.93636], [35.56178, 23.95718], [35.55145, 23.9604], [35.55055, 23.96548], [35.51393, 23.97712], [35.50492, 23.971], [35.49122, 23.94758], [35.48387, 23.91779], [35.49064, 23.87], [35.47477, 23.79792], [35.48322, 23.77249], [35.50171, 23.76869], [35.51014, 23.75638], [35.50611, 23.73457], [35.51021, 23.68392], [35.50364, 23.55541], [35.48943, 23.49702], [35.49334, 23.48237], [35.52432, 23.43871], [35.5451, 23.40011], [35.50152, 23.39905], [35.42093, 23.40666], [35.32476, 23.42767], [35.26827, 23.44792], [35.16428, 23.49386], [35.10134, 23.52872], [35.11465, 23.60668], [35.11566, 23.65643], [35.09213, 23.73113], [35.08622, 23.76664], [35.08595, 23.83693], [35.09478, 23.8881], [35.08931, 23.89614], [35.004, 23.91748], [34.71266, 23.95764], [34.06154, 24.03598], [33.77197, 24.0748], [33.55001, 24.10859], [33.42638, 24.13291], [32.70254, 24.41969], [32.08352, 24.82882], [31.55594, 25.34094], [31.09944, 25.93904], [30.69241, 26.60508], [30.30991, 27.32101], [29.92264, 28.0653], [29.49576, 28.80742], [29.33443, 29.02824], [29.17126, 29.24327], [28.81563, 29.57724], [28.4281, 29.82026], [28.01487, 29.9862], [27.57794, 30.0979], [27.12262, 30.17796], [26.65212, 30.24832], [26.16679, 30.32863], [25.74264, 30.42354], [25.31096, 30.54431], [24.86864, 30.67341], [24.41669, 30.78601], [23.95978, 30.8565], [23.50872, 30.86704], [23.06516, 30.81012], [22.62632, 30.67805], [22.39202, 30.5719], [22.18511, 30.45641], [21.62949, 30.10192], [21.43376, 29.99714], [21.21793, 29.90783], [20.9919, 29.84455], [20.98584, 29.84004], [20.98531, 29.83297], [20.58726, 29.74584], [20.18922, 29.70457], [19.79559, 29.70889], [19.4092, 29.75703], [19.03077, 29.84095], [17.89046, 30.1426], [17.57566, 30.23553], [17.26498, 30.33979], [16.65534, 30.56096], [16.35679, 30.66273], [15.78529, 30.84227], [15.52157, 30.92945], [15.26778, 31.02966], [15.0135, 31.13659], [13.92619, 31.62674], [13.35496, 31.88825], [12.78136, 32.16052], [11.9571, 32.57753], [11.68184, 32.6966], [11.39685, 32.77992], [10.8719, 32.89654], [10.64258, 32.95325], [10.41705, 33.01643], [9.73495, 33.23831], [9.4027, 33.33942], [9.24608, 33.38667], [8.73554, 33.52509], [8.21306, 33.65049], [7.68076, 33.75908], [7.14032, 33.84632], [6.75508, 33.88115], [5.91874, 33.90524], [5.49699, 33.92997], [5.09316, 33.98742], [4.72077, 34.09568], [4.39348, 34.2726], [4.12584, 34.53525], [3.98575, 34.76849], [3.90649, 34.98813], [3.81811, 35.38676], [3.75301, 35.56561], [3.63647, 35.72978], [3.44074, 35.87962], [3.14312, 36.01702], [2.84424, 36.1063], [2.54394, 36.15622], [2.30389, 36.17146], [2.2384, 36.17553], [1.93048, 36.17424], [1.295, 36.1597], [1.20343, 36.13798], [1.13724, 36.09551], [1.06408, 36.05889], [0.91276, 36.00623], [0.82147, 35.98707], [0.75889, 35.96271], [0.69811, 35.92708], [0.61579, 35.89264], [0.59568, 35.87918], [0.54893, 35.89152], [0.47351, 35.92253], [0.43824, 35.9426], [0.37678, 35.98949], [0.35001, 36.01674], [0.30738, 36.07604], [0.28205, 36.13402], [0.32928, 36.16498], [0.34252, 36.20606], [0.38423, 36.21793], [0.45134, 36.22321], [0.55666, 36.28407], [0.59457, 36.29316], [0.64406, 36.32883], [0.75327, 36.33861], [0.80226, 36.36358], [0.86476, 36.37739], [0.92514, 36.41816]], [[26.92986, 39.48774], [26.94508, 39.53962], [26.93767, 39.57477], [26.92221, 39.58218], [26.8934, 39.58438], [26.83286, 39.55684], [26.80787, 39.5707], [26.77978, 39.56664], [26.77767, 39.54825], [26.7584, 39.48726], [26.75815, 39.47599], [26.76778, 39.44476], [26.79559, 39.38809], [26.81471, 39.39936], [26.80105, 39.4062], [26.80105, 39.43353], [26.85084, 39.43976], [26.86305, 39.44717], [26.85208, 39.46182], [26.86773, 39.47138], [26.92986, 39.48774]], [[26.38332, 38.34355], [26.39894, 38.33552], [26.41749, 38.33674], [26.47592, 38.36689], [26.47706, 38.38687], [26.46803, 38.40762], [26.45152, 38.41869], [26.45152, 38.42608], [26.47689, 38.41668], [26.48911, 38.40619], [26.49789, 38.40729], [26.51303, 38.43293], [26.44077, 38.4728], [26.42205, 38.46971], [26.41423, 38.45629], [26.40723, 38.45345], [26.38788, 38.45426], [26.40382, 38.48754], [26.39991, 38.49958], [26.36974, 38.53524], [26.37582, 38.52855], [26.36419, 38.56227], [26.35149, 38.4516], [26.35539, 38.45314], [26.36092, 38.4444], [26.354, 38.42622], [26.34132, 38.42407], [26.32101, 38.37757], [26.32592, 38.35493], [26.3143, 38.33674], [26.34635, 38.32879], [26.35613, 38.31688], [26.38502, 38.31843], [26.39186, 38.32502], [26.38332, 38.34355]], [[26.28695, 38.31887], [26.30763, 38.32307], [26.30763, 38.33051], [26.29859, 38.33541], [26.28695, 38.31887]], [[26.26317, 38.28745], [26.26539, 38.28669], [26.27666, 38.30424], [26.26794, 38.29186], [26.26317, 38.28745]]], [[[23.33072, 35.86493], [23.33325, 35.82918], [23.32644, 35.82918], [23.28756, 35.87029], [23.28064, 35.8832], [23.28901, 35.89038], [23.31576, 35.87953], [23.33072, 35.86493]]], [[[22.95638, 36.38344], [22.99214, 36.33028], [22.9167, 36.27501], [22.89971, 36.32839], [22.90163, 36.33832], [22.93287, 36.38142], [22.94459, 36.38938], [22.95638, 36.38344]]], [[[22.94034, 36.46605], [22.93165, 36.46476], [22.92507, 36.46907], [22.92939, 36.48411], [22.96242, 36.5099], [22.97674, 36.50747], [22.98934, 36.47044], [22.98601, 36.45826], [22.96583, 36.47606], [22.95159, 36.47525], [22.94034, 36.46605]]], [[[21.76796, 36.70826], [21.76417, 36.71988], [21.75051, 36.71241], [21.75946, 36.75168], [21.76393, 36.75387], [21.78003, 36.7475], [21.77783, 36.69939], [21.76796, 36.70826]]], [[[21.70949, 36.80173], [21.72933, 36.79499], [21.71632, 36.78132], [21.71655, 36.77094], [21.69582, 36.74043], [21.697, 36.77602], [21.70949, 36.80173]]], [[[23.45778, 36.90645], [23.44974, 36.92913], [23.46723, 36.90661], [23.46388, 36.90401], [23.45778, 36.90645]]], [[[21.55867, 37.05382], [21.54665, 37.03237], [21.549, 37.04536], [21.5373, 37.05744], [21.55294, 37.06419], [21.55867, 37.05382]]], [[[23.13133, 37.24367], [23.09443, 37.27473], [23.10978, 37.28541], [23.12842, 37.28839], [23.15825, 37.27154], [23.16471, 37.25381], [23.16235, 37.24422], [23.15203, 37.23999], [23.13133, 37.24367]]], [[[23.55299, 37.37091], [23.58714, 37.37091], [23.57113, 37.35835], [23.5477, 37.34985], [23.52329, 37.34664], [23.50514, 37.34984], [23.50878, 37.3299], [23.49683, 37.32002], [23.37429, 37.30269], [23.37451, 37.30964], [23.46364, 37.35732], [23.48764, 37.3635], [23.53256, 37.36392], [23.55299, 37.37091]]], [[[23.51157, 37.52904], [23.52563, 37.52801], [23.52563, 37.5218], [23.50635, 37.51285], [23.48121, 37.5096], [23.4559, 37.51252], [23.43631, 37.52179], [23.43629, 37.52802], [23.46461, 37.53376], [23.47543, 37.54084], [23.47732, 37.55588], [23.48178, 37.55645], [23.49204, 37.53913], [23.51157, 37.52904]]], [[[23.54615, 37.77439], [23.56314, 37.76825], [23.54493, 37.74506], [23.54614, 37.73347], [23.53207, 37.72533], [23.52563, 37.69246], [23.48414, 37.67887], [23.45738, 37.69246], [23.45738, 37.69928], [23.469, 37.70502], [23.46827, 37.7145], [23.45932, 37.72333], [23.43443, 37.7336], [23.42704, 37.74802], [23.42564, 37.76821], [23.54615, 37.77439]]], [[[23.75385, 37.76517], [23.75157, 37.76951], [23.75461, 37.76977], [23.75523, 37.77512], [23.76351, 37.77597], [23.76335, 37.76399], [23.75385, 37.76517]]], [[[20.87916, 37.72822], [20.86328, 37.71061], [20.84352, 37.70156], [20.84376, 37.68993], [20.85302, 37.67259], [20.84685, 37.65331], [20.81512, 37.65153], [20.77719, 37.68626], [20.70454, 37.7382], [20.70216, 37.75454], [20.68044, 37.76997], [20.64243, 37.8111], [20.6227, 37.82119], [20.62755, 37.87359], [20.65983, 37.91035], [20.68572, 37.92958], [20.70898, 37.92523], [20.74195, 37.86229], [20.77719, 37.84333], [20.80885, 37.84954], [20.84986, 37.83649], [20.88578, 37.81409], [20.91798, 37.76529], [20.98682, 37.72988], [20.99633, 37.69932], [20.98308, 37.71231], [20.95436, 37.72386], [20.89389, 37.73347], [20.87916, 37.72822]]], [[[23.50131, 37.90607], [23.48145, 37.88972], [23.46705, 37.88423], [23.4214, 37.89298], [23.40212, 37.906], [23.40896, 37.92194], [23.42287, 37.933], [23.43947, 37.93959], [23.46852, 37.93203], [23.48896, 37.9531], [23.49773, 37.96686], [23.48561, 37.96625], [23.46046, 37.95255], [23.42208, 37.96004], [23.45737, 37.97362], [23.42945, 37.98794], [23.45578, 37.98716], [23.47047, 37.98046], [23.47486, 37.98941], [23.47048, 37.99408], [23.47821, 37.99884], [23.49529, 38.00184], [23.51824, 37.99908], [23.53686, 37.98802], [23.53273, 37.97508], [23.54712, 37.95888], [23.54615, 37.95254], [23.57347, 37.95254], [23.53932, 37.93952], [23.54345, 37.92886], [23.52174, 37.91397], [23.51823, 37.8986], [23.50131, 37.90607]]], [[[20.67482, 38.26781], [20.69352, 38.26462], [20.709, 38.22696], [20.7513, 38.19676], [20.76222, 38.1704], [20.79769, 38.13129], [20.80491, 38.11603], [20.80474, 38.08317], [20.79468, 38.06612], [20.76368, 38.06989], [20.73332, 38.06247], [20.71821, 38.06647], [20.68607, 38.09373], [20.72464, 38.2006], [20.70986, 38.21875], [20.65029, 38.25816], [20.68162, 38.2821], [20.67482, 38.26781]]], [[[20.54042, 38.38883], [20.55128, 38.38516], [20.53781, 38.42589], [20.54363, 38.45917], [20.53805, 38.47394], [20.57178, 38.47393], [20.62582, 38.35175], [20.62614, 38.32844], [20.60017, 38.30362], [20.55941, 38.35585], [20.54042, 38.38883]]], [[[20.71584, 38.39202], [20.73877, 38.38426], [20.75746, 38.37154], [20.73756, 38.37153], [20.74366, 38.34439], [20.75001, 38.3347], [20.76367, 38.3305], [20.76367, 38.32307], [20.71915, 38.31567], [20.70583, 38.31827], [20.68801, 38.33656], [20.69532, 38.34357], [20.66734, 38.37153], [20.64777, 38.40542], [20.64015, 38.4466], [20.61453, 38.46711], [20.61971, 38.48127], [20.63551, 38.47297], [20.64422, 38.47866], [20.65448, 38.50185], [20.67187, 38.49754], [20.67407, 38.48501], [20.66114, 38.46088], [20.67823, 38.46185], [20.70898, 38.4466], [20.69529, 38.40897], [20.67481, 38.37767], [20.69239, 38.37132], [20.71583, 38.37153], [20.71583, 38.37767], [20.70218, 38.38515], [20.7225, 38.38516], [20.71584, 38.39202]]], [[[20.94106, 38.60422], [20.91621, 38.57186], [20.90755, 38.54903], [20.8939, 38.54903], [20.8939, 38.55646], [20.93214, 38.60301], [20.94106, 38.60422]]], [[[24.21778, 38.09687], [24.20396, 38.09034], [24.20477, 38.09682], [24.21078, 38.09781], [24.21078, 38.12446], [24.20281, 38.13007], [24.18605, 38.1274], [24.18297, 38.135], [24.21078, 38.166], [24.20875, 38.17862], [24.19403, 38.19213], [24.18531, 38.21796], [24.1727, 38.22655], [24.15699, 38.22956], [24.14259, 38.22696], [24.14875, 38.21322], [24.12625, 38.21748], [24.13113, 38.23582], [24.14889, 38.25679], [24.15094, 38.25565], [24.1631, 38.26781], [24.15349, 38.28132], [24.14552, 38.28091], [24.12843, 38.26781], [24.12574, 38.25609], [24.1094, 38.2563], [24.11476, 38.2753], [24.10094, 38.2753], [24.12159, 38.30948], [24.07944, 38.32538], [24.02546, 38.33052], [24.05974, 38.34125], [24.0669, 38.35102], [24.05904, 38.36029], [24.05942, 38.37767], [24.04225, 38.40152], [24.03891, 38.39542], [23.9808, 38.39887], [23.91236, 38.39204], [23.84376, 38.40567], [23.79371, 38.39851], [23.70997, 38.4125], [23.66334, 38.40421], [23.64918, 38.40567], [23.63852, 38.41551], [23.61443, 38.46088], [23.60743, 38.4538], [23.59401, 38.45344], [23.63575, 38.50092], [23.62812, 38.52236], [23.63551, 38.52237], [23.63551, 38.52855], [23.59995, 38.57136], [23.53976, 38.58235], [23.50534, 38.59727], [23.49773, 38.63101], [23.45315, 38.65803], [23.44597, 38.67674], [23.38161, 38.70727], [23.35336, 38.73139], [23.33767, 38.73896], [23.32301, 38.76252], [23.20232, 38.8299], [23.14357, 38.85065], [23.06911, 38.84659], [23.03639, 38.87446], [22.96941, 38.88911], [22.95639, 38.88544], [22.95639, 38.878], [22.9839, 38.87352], [22.99194, 38.86469], [22.99072, 38.85066], [22.98153, 38.84498], [22.8558, 38.83295], [22.83303, 38.82276], [22.83743, 38.85447], [22.87485, 38.8749], [22.90748, 38.88231], [22.95281, 38.90159], [22.98292, 38.90766], [23.03566, 38.92642], [23.04592, 38.94684], [23.08676, 38.95433], [23.09734, 38.97207], [23.09443, 38.98785], [23.10906, 38.99177], [23.12746, 39.0058], [23.13803, 39.00897], [23.19972, 39.00898], [23.27296, 39.03876], [23.29908, 39.04246], [23.32984, 39.02196], [23.36547, 39.01201], [23.4044, 39.05328], [23.45093, 39.08961], [23.49293, 39.11523], [23.53974, 39.12674], [23.60089, 39.12555], [23.63542, 39.1161], [23.65827, 39.10103], [23.65847, 39.10431], [23.66969, 39.1114], [23.66969, 39.11815], [23.62779, 39.14729], [23.61744, 39.16914], [23.58719, 39.20758], [23.60132, 39.2138], [23.60499, 39.20751], [23.61442, 39.20758], [23.66554, 39.16966], [23.69662, 39.15534], [23.73046, 39.14614], [23.72674, 39.1315], [23.77302, 39.12926], [23.79264, 39.12441], [23.79264, 39.11815], [23.74122, 39.08028], [23.71681, 39.07723], [23.69256, 39.08893], [23.66814, 39.09246], [23.6881, 39.07515], [23.68755, 39.07825], [23.78001, 38.98794], [23.87221, 38.90896], [23.94103, 38.85788], [23.9822, 38.83821], [24.06665, 38.81629], [24.37891, 38.75244], [24.42148, 38.74928], [24.62778, 38.75235], [24.65827, 38.74826], [24.67924, 38.73985], [24.69235, 38.72395], [24.69859, 38.70209], [24.69931, 38.67603], [24.69591, 38.64753], [24.66998, 38.52282], [24.64404, 38.41389], [24.64085, 38.36448], [24.646, 38.346], [24.65475, 38.33799], [24.68938, 38.32807], [24.87272, 38.31075], [24.91146, 38.30357], [24.92444, 38.29708], [24.93082, 38.28784], [24.93059, 38.27091], [24.92539, 38.24965], [24.91019, 38.21302], [24.88899, 38.1749], [24.8646, 38.14098], [24.83949, 38.11718], [24.82285, 38.10864], [24.80217, 38.10253], [24.75444, 38.09713], [24.70778, 38.09974], [24.67396, 38.10901], [24.65838, 38.12019], [24.62891, 38.15416], [24.60301, 38.19551], [24.57571, 38.25124], [24.57422, 38.27446], [24.5857, 38.33378], [24.58387, 38.35639], [24.55074, 38.41014], [24.52591, 38.4396], [24.49688, 38.46651], [24.49669, 38.43847], [24.49676, 38.46868], [24.45497, 38.49525], [24.41653, 38.50481], [24.34831, 38.50344], [24.19893, 38.49327], [24.18816, 38.47411], [24.18434, 38.43964], [24.20393, 38.41868], [24.20395, 38.41272], [24.18507, 38.40762], [24.18816, 38.39883], [24.21077, 38.37767], [24.21485, 38.33641], [24.25244, 38.29238], [24.25261, 38.26557], [24.25781, 38.25898], [24.24513, 38.24116], [24.25245, 38.22797], [24.29225, 38.20018], [24.32699, 38.18593], [24.33758, 38.16283], [24.34441, 38.15925], [24.39258, 38.164], [24.42066, 38.14737], [24.47779, 38.13874], [24.49692, 38.1463], [24.58764, 38.15923], [24.57895, 38.10932], [24.57993, 38.08422], [24.59448, 38.0624], [24.56665, 37.98795], [24.55185, 37.97807], [24.50957, 37.96263], [24.47718, 37.96241], [24.47096, 37.98046], [24.44777, 38.01057], [24.4297, 38.02119], [24.40309, 38.01191], [24.3864, 37.99653], [24.4021, 37.98794], [24.4021, 37.98046], [24.38689, 37.97038], [24.37152, 37.97205], [24.33864, 37.99674], [24.31383, 38.02925], [24.31399, 38.0351], [24.327, 38.04255], [24.31479, 38.06489], [24.30568, 38.07176], [24.29226, 38.0699], [24.28631, 38.08625], [24.2693, 38.0954], [24.24871, 38.09687], [24.23146, 38.09033], [24.21778, 38.09687]], [[23.70265, 38.76507], [23.72266, 38.76194], [23.73844, 38.74941], [23.75359, 38.71918], [23.813, 38.69367], [23.8576, 38.68252], [23.90634, 38.67932], [23.94777, 38.66942], [23.96772, 38.67117], [23.79499, 38.76348], [23.71883, 38.81192], [23.47332, 38.98239], [23.39459, 38.96267], [23.40455, 38.95783], [23.42562, 38.95432], [23.45069, 38.87458], [23.48048, 38.83808], [23.52466, 38.82318], [23.56788, 38.79385], [23.59399, 38.78924], [23.59401, 38.77021], [23.60759, 38.77557], [23.61996, 38.76553], [23.66228, 38.75507], [23.6727, 38.76043], [23.68336, 38.75507], [23.70265, 38.76507]]], [[[20.95288, 38.63886], [20.94165, 38.6274], [20.89812, 38.60602], [20.87866, 38.58443], [20.87063, 38.58252], [20.87014, 38.6035], [20.90383, 38.64276], [20.94516, 38.65248], [20.95166, 38.64923], [20.95288, 38.63886]]], [[[20.78305, 38.67498], [20.80501, 38.66567], [20.80534, 38.66193], [20.79532, 38.65004], [20.79405, 38.65171], [20.78858, 38.64473], [20.76287, 38.63911], [20.75961, 38.62739], [20.80002, 38.59547], [20.78713, 38.59981], [20.75173, 38.62605], [20.73699, 38.65217], [20.7467, 38.66352], [20.78305, 38.67498]]], [[[20.72073, 38.63862], [20.71598, 38.62703], [20.70948, 38.62568], [20.70216, 38.63841], [20.69532, 38.63841], [20.70215, 38.61792], [20.68784, 38.62474], [20.68164, 38.60425], [20.66481, 38.61091], [20.64894, 38.60859], [20.64088, 38.60057], [20.64762, 38.58382], [20.63088, 38.58833], [20.63331, 38.60423], [20.61363, 38.60701], [20.60231, 38.62678], [20.58546, 38.61791], [20.55127, 38.56953], [20.54462, 38.56954], [20.56231, 38.69102], [20.58123, 38.72435], [20.59326, 38.76154], [20.65213, 38.8329], [20.68628, 38.85007], [20.6902, 38.84138], [20.70215, 38.83697], [20.71778, 38.8227], [20.72933, 38.78172], [20.72389, 38.76996], [20.72884, 38.73062], [20.69695, 38.68985], [20.69874, 38.68281], [20.70606, 38.68041], [20.72249, 38.70725], [20.72073, 38.63862]]], [[[23.68729, 39.07918], [23.68663, 39.08203], [23.68653, 39.08308], [23.68729, 39.07918]]], [[[23.50374, 39.19427], [23.51285, 39.17853], [23.50513, 39.15914], [23.48902, 39.16877], [23.47511, 39.15778], [23.46045, 39.13183], [23.4253, 39.14867], [23.39529, 39.14616], [23.3987, 39.16364], [23.42945, 39.17621], [23.44468, 39.19847], [23.47047, 39.2138], [23.50374, 39.19427]]], [[[20.65526, 39.78285], [20.66178, 39.77539], [20.72288, 39.75344], [20.74107, 39.74125], [20.75492, 39.67194], [20.75382, 39.6561], [20.74662, 39.64442], [20.72646, 39.65124], [20.68736, 39.6792], [20.64937, 39.71749], [20.60765, 39.77423], [20.59677, 39.89144], [20.5358, 39.99746], [20.51805, 40.08656], [20.51798, 40.11553], [20.52438, 40.13118], [20.54874, 40.15523], [20.5731, 40.162], [20.6375, 40.15889], [20.66474, 40.15167], [20.66037, 40.17889], [20.66502, 40.18437], [20.68528, 40.19119], [20.69644, 40.21507], [20.69458, 40.25558], [20.69913, 40.27837], [20.70698, 40.28809], [20.73665, 40.30364], [20.77044, 40.36255], [20.77385, 40.3749], [20.76899, 40.41257], [20.77065, 40.42198], [20.53463, 40.57211], [20.52103, 40.58656], [20.48407, 40.63649], [20.45734, 40.70988], [20.41925, 40.85649], [20.42227, 40.91981], [20.43609, 40.90192], [20.47941, 40.77101], [20.48788, 40.76195], [20.71722, 40.91321], [20.70275, 40.93631], [20.66409, 41.05915], [20.65386, 41.07527], [20.64301, 41.08158], [20.60528, 41.08349], [20.57697, 41.09351], [20.56994, 41.1071], [20.57056, 41.12483], [20.56549, 41.14741], [20.54968, 41.17062], [20.51268, 41.21015], [20.50007, 41.23552], [20.48312, 41.28947], [20.47775, 41.3196], [20.48167, 41.3412], [20.49604, 41.33779], [20.51041, 41.3444], [20.52343, 41.35681], [20.53997, 41.38714], [20.54017, 41.40068], [20.53407, 41.41298], [20.52219, 41.42569], [20.498, 41.43148], [20.49087, 41.43602], [20.48354, 41.46548], [20.47082, 41.48377], [20.45201, 41.49359], [20.44498, 41.50847], [20.44788, 41.53545], [20.44416, 41.54966], [20.50741, 41.56227], [20.52932, 41.57488], [20.53469, 41.58527], [20.53459, 41.59403], [20.5134, 41.6404], [20.50834, 41.66175], [20.50038, 41.7341], [20.51134, 41.75794], [20.54441, 41.78476], [20.55092, 41.79352], [20.54844, 41.81419], [20.54048, 41.83944], [20.54172, 41.86158], [20.56725, 41.91217], [20.58875, 41.92959], [20.59929, 41.94788], [20.59929, 41.96057], [20.58968, 41.99364], [20.55826, 42.05511], [20.55216, 42.07379], [20.54937, 42.12348], [20.53862, 42.15012], [20.50079, 42.21122], [20.45697, 42.2505], [20.33336, 42.31788], [20.24965, 42.31861], [20.23776, 42.31992], [20.2296, 42.32672], [20.22092, 42.3431], [20.21885, 42.37145], [20.1928, 42.39369], [20.19404, 42.4001], [20.20438, 42.41183], [20.20469, 42.4201], [20.19973, 42.4278], [20.18081, 42.4431], [20.1526, 42.49371], [20.13555, 42.50963], [20.08563, 42.53002], [20.07866, 42.53566], [20.08494, 42.55935], [20.075, 42.59154], [20.0441, 42.62467], [19.81493, 42.79048], [19.67138, 42.86982], [19.59146, 42.94951], [19.56396, 42.97029], [19.54213, 42.97619], [19.4899, 42.97814], [19.46841, 42.98328], [19.41569, 43.04603], [19.24505, 43.09482], [19.22649, 43.10502], [19.06254, 43.30439], [19.03629, 43.30333], [19.02471, 43.29873], [19.0029, 43.27395], [18.99246, 43.2671], [18.95949, 43.30346], [18.95732, 43.32586], [18.9503, 43.33307], [18.92342, 43.34684], [18.89914, 43.3519], [18.8396, 43.34782], [18.82121, 43.34139], [18.83351, 43.32415], [18.80715, 43.31803], [18.67951, 43.24948], [18.43349, 43.40941], [18.20533, 43.45791], [17.95746, 43.5178], [17.87488, 43.52428], [17.69868, 43.52129], [17.68584, 43.52496], [17.674, 43.53562], [17.68065, 43.54251], [17.75033, 43.54477], [17.9583, 43.53507], [18.01372, 43.52827], [18.18198, 43.4904], [18.33341, 43.4651], [18.41201, 43.457], [18.42416, 43.4629], [18.41699, 43.4744], [18.17719, 43.53221], [17.9832, 43.59088], [17.86737, 43.60687], [17.66333, 43.62641], [17.55584, 43.64769], [17.5458, 43.64376], [17.5375, 43.62741], [17.49217, 43.61465], [17.33607, 43.58431], [17.45978, 43.47875], [17.60438, 43.41897], [17.83712, 43.40892], [17.90466, 43.39647], [17.8738, 43.38912], [17.80557, 43.38442], [17.67115, 43.38986], [17.65999, 43.32071], [17.82374, 43.31558], [17.92581, 43.30606], [17.93977, 43.29528], [17.9447, 43.27929], [17.93685, 43.27344], [17.65455, 43.2899], [17.6234, 43.22521], [17.60058, 43.19357], [17.54396, 43.13699], [17.47257, 43.08894], [17.39856, 43.0555], [17.37087, 43.07389], [17.31625, 43.12726], [17.17238, 43.18184], [17.11395, 43.21321], [17.10027, 43.23168], [17.07351, 43.23897], [17.05635, 43.25699], [17.04949, 43.27802], [17.02818, 43.28425], [16.93393, 43.3736], [16.88063, 43.40595], [16.75245, 43.41951], [16.69386, 43.4383], [16.62583, 43.44905], [16.53485, 43.49714], [16.52467, 43.51081], [16.5044, 43.50399], [16.46656, 43.51081], [16.39146, 43.51082], [16.39146, 43.51764], [16.43425, 43.52188], [16.4734, 43.53815], [16.4568, 43.54588], [16.43385, 43.54975], [16.33676, 43.55117], [16.29959, 43.53822], [16.23959, 43.52657], [16.11769, 43.52448], [16.11769, 43.51765], [16.15073, 43.51138], [16.16487, 43.50409], [16.17235, 43.4897], [16.11085, 43.48969], [16.11311, 43.47892], [16.06617, 43.48969], [16.03957, 43.4908], [16.01401, 43.50397], [16.00782, 43.50397], [16.00782, 43.49715], [15.99578, 43.50336], [15.97348, 43.50313], [15.96632, 43.51081], [15.96437, 43.50391], [15.9595, 43.50398], [15.96129, 43.51503], [15.98365, 43.52106], [15.98699, 43.52729], [15.98227, 43.5373], [15.98732, 43.54491], [15.95949, 43.53817], [15.95623, 43.54792], [15.94809, 43.55288], [15.92534, 43.55858], [15.94191, 43.56], [15.94418, 43.56672], [15.93539, 43.57294], [15.91799, 43.57291], [15.91799, 43.57908], [15.93214, 43.58658], [15.918, 43.59333], [15.9253, 43.59956], [15.918, 43.60639], [15.9253, 43.61384], [15.91897, 43.62873], [15.92954, 43.63422], [15.96632, 43.63373], [15.96632, 43.64118], [15.90484, 43.64803], [15.91676, 43.65362], [15.94239, 43.64802], [15.95297, 43.65086], [15.95143, 43.65742], [15.93216, 43.66845], [15.94597, 43.67231], [15.9524, 43.67976], [15.95045, 43.68854], [15.93897, 43.69644], [15.93971, 43.67764], [15.93116, 43.6765], [15.89291, 43.70051], [15.87078, 43.70319], [15.844, 43.72993], [15.79217, 43.75446], [15.77101, 43.75996], [15.70632, 43.76342], [15.69265, 43.77461], [15.68214, 43.79719], [15.63299, 43.81045], [15.61745, 43.8255], [15.6631, 43.81297], [15.67888, 43.81184], [15.67888, 43.81928], [15.66578, 43.81928], [15.63885, 43.83613], [15.57407, 43.85953], [15.54519, 43.87764], [15.51222, 43.91108], [15.47326, 43.91926], [15.4551, 43.92805], [15.43873, 43.94965], [15.35808, 44.0257], [15.33961, 44.03937], [15.31952, 44.04524], [15.27833, 44.0856], [15.23325, 44.12092], [15.21291, 44.13106], [15.20885, 44.13817], [15.21274, 44.14826], [15.14456, 44.19546], [15.16041, 44.2132], [15.15219, 44.2353], [15.13152, 44.25462], [15.11038, 44.26435], [15.14064, 44.28246], [15.15755, 44.28033], [15.17661, 44.24994], [15.19793, 44.25731], [15.20777, 44.27277], [15.18541, 44.28539], [15.19459, 44.2888], [15.20655, 44.28539], [15.19811, 44.30165], [15.24756, 44.27797], [15.27955, 44.25178], [15.29526, 44.25068], [15.28177, 44.28538], [15.29493, 44.29023], [15.30274, 44.29914], [15.27818, 44.30981], [15.26126, 44.33258], [15.28052, 44.32753], [15.3086, 44.30927], [15.42449, 44.26797], [15.50359, 44.25922], [15.52524, 44.26069], [15.52866, 44.2718], [15.51482, 44.27851], [15.44923, 44.2854], [15.40602, 44.32062], [15.30796, 44.3544], [15.15505, 44.46671], [15.08009, 44.53608], [15.05202, 44.54549], [15.01531, 44.56908], [15.00735, 44.56974], [14.94826, 44.6369], [14.94929, 44.62549], [14.94409, 44.61008], [14.93049, 44.59772], [14.96607, 44.57361], [15.00392, 44.53608], [15.04118, 44.52748], [15.0755, 44.48409], [15.05592, 44.48623], [15.02817, 44.50316], [15.00734, 44.50454], [15.01417, 44.51874], [14.97291, 44.53612], [14.92856, 44.55231], [14.91114, 44.55231], [14.91114, 44.54548], [14.96599, 44.52387], [15.04802, 44.43944], [15.09669, 44.41519], [15.06495, 44.43793], [15.04153, 44.47662], [15.08326, 44.46185], [15.17661, 44.3913], [15.19906, 44.38104], [15.25439, 44.34003], [15.23512, 44.33625], [15.16505, 44.36738], [15.16505, 44.36054], [15.18287, 44.35786], [15.21583, 44.33812], [15.22704, 44.32637], [15.20655, 44.32636], [15.21095, 44.31733], [15.22018, 44.31275], [15.15455, 44.331], [15.13087, 44.33259], [15.13087, 44.32636], [15.17236, 44.30532], [15.17236, 44.29915], [15.12875, 44.312], [15.09671, 44.34004], [15.09672, 44.34626], [15.11036, 44.34626], [15.11036, 44.3537], [15.09719, 44.36132], [15.08923, 44.3742], [15.10694, 44.37519], [15.1172, 44.38719], [15.08302, 44.40152], [15.04901, 44.39469], [15.02076, 44.43], [14.95883, 44.4667], [14.89749, 44.49092], [14.89749, 44.49705], [14.91863, 44.50454], [14.87763, 44.55134], [14.87696, 44.55976], [14.76149, 44.65864], [14.74368, 44.68049], [14.73367, 44.70318], [14.74121, 44.7016], [14.77972, 44.6697], [14.84523, 44.60053], [14.8838, 44.57966], [14.88015, 44.60919], [14.90203, 44.60993], [14.82182, 44.68622], [14.73566, 44.72923], [14.70732, 44.75014], [14.69916, 44.76548], [14.66993, 44.78907], [14.67944, 44.75295], [14.72729, 44.6942], [14.73831, 44.67276], [14.73895, 44.63903], [14.72327, 44.55954], [14.7198, 44.52511], [14.72841, 44.47195], [14.76724, 44.31249], [14.76884, 44.28747], [14.79166, 44.27252], [14.78971, 44.26692], [14.76596, 44.26504], [14.75993, 44.25985], [14.74856, 44.26167], [14.73814, 44.27212], [14.74073, 44.28018], [14.74968, 44.28022], [14.75539, 44.29134], [14.72875, 44.31399], [14.71426, 44.3513], [14.69298, 44.35986], [14.67986, 44.3887], [14.66758, 44.39221], [14.66148, 44.39981], [14.6723, 44.41225], [14.6975, 44.4031], [14.67465, 44.47373], [14.63247, 44.58154], [14.62447, 44.62072], [14.62502, 44.63256], [14.62856, 44.63582], [14.68906, 44.59942], [14.69743, 44.60493], [14.70058, 44.6212], [14.69769, 44.64976], [14.68198, 44.70228], [14.61758, 44.80102], [14.60486, 44.83263], [14.60553, 44.83912], [14.61512, 44.84967], [14.64913, 44.86809], [14.66742, 44.79862], [14.68516, 44.79833], [14.70574, 44.79255], [14.69949, 44.81304], [14.71792, 44.8002], [14.72282, 44.80412], [14.70582, 44.82685], [14.69208, 44.83349], [14.68582, 44.84714], [14.72682, 44.84028], [14.72, 44.85463], [14.73902, 44.85341], [14.753, 44.84599], [14.75602, 44.83594], [14.75373, 44.87604], [14.75653, 44.88707], [14.7717, 44.87781], [14.78343, 44.86541], [14.85173, 44.76865], [14.88636, 44.72643], [14.89519, 44.73615], [14.88379, 44.78898], [14.88376, 44.86117], [14.92164, 44.95881], [14.91432, 44.98143], [14.85647, 45.07649], [14.85279, 45.09366], [14.8274, 45.11396], [14.76597, 45.13736], [14.6579, 45.19661], [14.6067, 45.24437], [14.57604, 45.26226], [14.56863, 45.27595], [14.58221, 45.28535], [14.57081, 45.29365], [14.53435, 45.31269], [14.55543, 45.29588], [14.55193, 45.28807], [14.53306, 45.28389], [14.51051, 45.29975], [14.40235, 45.33861], [14.32976, 45.35399], [14.31153, 45.34398], [14.27198, 45.29011], [14.25847, 45.25576], [14.24772, 45.18647], [14.23258, 45.14936], [14.20923, 45.12638], [14.17937, 45.13451], [14.19532, 45.12059], [14.19311, 45.10562], [14.16439, 45.07991], [14.15821, 45.08735], [14.15406, 45.07197], [14.1582, 45.05322], [14.14389, 45.05939], [14.14389, 45.05321], [14.15942, 45.04035], [14.16617, 45.01895], [14.16373, 44.99576], [14.15137, 44.97749], [14.1399, 44.97135], [14.11329, 44.97748], [14.10133, 44.97427], [14.07568, 44.94954], [14.06887, 44.94954], [14.07163, 44.96906], [14.08383, 44.9864], [14.07569, 45.00483], [14.05453, 45.01846], [14.05193, 45.03803], [14.04029, 45.03897], [14.04428, 45.00141], [14.07154, 44.99335], [14.07569, 44.98371], [14.04444, 44.95141], [14.03468, 44.95637], [14.03905, 44.93183], [14.03467, 44.92232], [14.02247, 44.92349], [14.02783, 44.90864], [14.02149, 44.90738], [14.02051, 44.90113], [14.01059, 44.90526], [13.97267, 44.90111], [13.99288, 44.8815], [13.98618, 44.88129], [13.98618, 44.87507], [13.993, 44.87507], [13.99301, 44.86784], [13.97267, 44.84715], [13.97267, 44.82665], [13.98942, 44.82509], [13.99999, 44.81307], [13.96356, 44.81187], [13.93165, 44.8205], [13.92481, 44.81307], [13.91871, 44.82905], [13.89959, 44.82905], [13.89015, 44.83348], [13.88455, 44.82802], [13.83147, 44.90761], [13.80236, 45.00035], [13.74217, 45.04848], [13.66339, 45.13131], [13.72625, 45.13451], [13.70672, 45.1411], [13.65396, 45.14254], [13.61604, 45.19456], [13.59172, 45.20834], [13.59425, 45.22077], [13.58914, 45.2307], [13.59522, 45.2508], [13.57547, 45.26488], [13.58425, 45.27606], [13.60271, 45.27912], [13.60271, 45.28535], [13.58466, 45.29321], [13.57547, 45.30646], [13.60955, 45.32014], [13.56179, 45.32637], [13.55049, 45.33447], [13.54055, 45.35675], [13.55494, 45.36107], [13.55494, 45.36734], [13.54316, 45.37617], [13.51337, 45.43622], [13.52076, 45.44302], [13.51565, 45.44814], [13.52076, 45.45726], [13.50453, 45.48406], [13.50149, 45.4986], [13.5071, 45.5119], [13.56861, 45.49079], [13.58953, 45.48884], [13.59596, 45.51813], [13.57863, 45.52339], [13.56864, 45.53924], [13.58961, 45.53579], [13.75294, 45.55288], [13.74236, 45.56977], [13.71194, 45.5934], [13.73016, 45.61309], [13.78688, 45.61115], [13.80812, 45.61432], [13.79558, 45.61701], [13.77711, 45.63544], [13.7393, 45.64911], [13.75766, 45.65497], [13.75367, 45.67231], [13.73911, 45.6916], [13.62892, 45.77261], [13.57423, 45.78962], [13.55128, 45.79243], [13.53443, 45.78205], [13.52418, 45.76008], [13.52833, 45.74055], [13.5549, 45.7372], [13.5184, 45.72484], [13.50781, 45.71443], [13.46925, 45.70686], [13.42798, 45.68115], [13.4017, 45.67545], [13.37676, 45.68317], [13.40919, 45.69131], [13.43141, 45.70686], [13.42262, 45.72407], [13.38169, 45.73006], [13.3694, 45.74462], [13.35182, 45.74031], [13.2549, 45.75606], [13.2155, 45.7788], [13.16944, 45.76874], [13.14967, 45.75154], [13.13982, 45.75487], [13.13136, 45.76887], [13.11931, 45.77196], [13.11085, 45.76765], [13.10817, 45.7582], [13.11183, 45.74885], [13.12288, 45.74462], [13.12288, 45.73722], [13.1006, 45.73623], [13.08058, 45.72761], [13.06959, 45.71369], [13.07504, 45.69684], [13.09148, 45.6892], [13.11166, 45.69135], [13.14964, 45.70374], [13.13802, 45.6894], [13.10304, 45.66901], [13.08496, 45.64192], [13.06055, 45.63667], [12.9817, 45.63483], [12.94386, 45.62857], [12.78039, 45.55341], [12.61194, 45.49626], [12.51271, 45.47044], [12.4878, 45.45674], [12.45143, 45.45043], [12.41033, 45.43623], [12.4358, 45.47492], [12.43094, 45.48403], [12.44728, 45.48432], [12.45144, 45.49824], [12.45818, 45.49824], [12.46697, 45.48558], [12.47193, 45.48591], [12.47869, 45.49079], [12.46503, 45.50445], [12.49732, 45.50673], [12.5066, 45.49824], [12.49293, 45.49824], [12.49293, 45.49079], [12.51515, 45.49274], [12.52151, 45.51898], [12.53048, 45.52558], [12.56251, 45.53164], [12.58172, 45.55288], [12.53728, 45.53583], [12.51065, 45.5589], [12.5066, 45.57331], [12.45851, 45.54833], [12.4419, 45.53034], [12.45143, 45.51191], [12.43491, 45.51236], [12.41774, 45.52359], [12.40358, 45.51813], [12.39674, 45.53925], [12.38412, 45.52302], [12.39039, 45.51398], [12.424, 45.50446], [12.42397, 45.49822], [12.3934, 45.49165], [12.38056, 45.49479], [12.38307, 45.50446], [12.35043, 45.50487], [12.30958, 45.48892], [12.27272, 45.46361], [12.2527, 45.43622], [12.2527, 45.43], [12.25894, 45.43], [12.2461, 45.41132], [12.24855, 45.40253], [12.25894, 45.39521], [12.2492, 45.38548], [12.24528, 45.36108], [12.22381, 45.35395], [12.23217, 45.34056], [12.21631, 45.31623], [12.20873, 45.30907], [12.18755, 45.30647], [12.16293, 45.31623], [12.15447, 45.31346], [12.1491, 45.29218], [12.15983, 45.2831], [12.16879, 45.26215], [12.18068, 45.25804], [12.19166, 45.26288], [12.19939, 45.2746], [12.19746, 45.29962], [12.21728, 45.29384], [12.22485, 45.25117], [12.21111, 45.24299], [12.22485, 45.23069], [12.22136, 45.21625], [12.23048, 45.20425], [12.24732, 45.19693], [12.26637, 45.1966], [12.25898, 45.20282], [12.30727, 45.23068], [12.29803, 45.2154], [12.32104, 45.17235], [12.32845, 45.10102], [12.3073, 45.10786], [12.3073, 45.12836], [12.29737, 45.10635], [12.29672, 45.08857], [12.30665, 45.07856], [12.32846, 45.0799], [12.32106, 45.09357], [12.341, 45.08124], [12.37623, 45.03897], [12.37623, 45.03217], [12.35515, 45.02464], [12.36883, 45.01097], [12.38356, 45.02644], [12.38657, 45.03876], [12.36885, 45.06559], [12.41341, 45.04287], [12.41033, 45.03217], [12.44458, 45.01096], [12.48618, 44.97651], [12.4992, 44.98371], [12.48609, 44.98371], [12.4861, 44.99114], [12.50261, 44.99143], [12.51701, 44.98746], [12.53385, 44.97004], [12.52312, 44.95002], [12.52701, 44.94335], [12.5127, 44.92232], [12.49903, 44.92145], [12.4873, 44.86225], [12.44459, 44.82052], [12.424, 44.85464], [12.43922, 44.87759], [12.44304, 44.89008], [12.43832, 44.90111], [12.42693, 44.90498], [12.40691, 44.8913], [12.3921, 44.86839], [12.39161, 44.85883], [12.41652, 44.85114], [12.40821, 44.83625], [12.39674, 44.83348], [12.39674, 44.82665], [12.424, 44.82049], [12.41592, 44.80315], [12.39795, 44.79378], [12.37567, 44.79223], [12.30299, 44.84292], [12.29233, 44.84325], [12.26637, 44.82665], [12.26637, 44.8205], [12.28002, 44.8205], [12.25359, 44.75129], [12.24659, 44.71162], [12.2527, 44.6684], [12.28577, 44.60292], [12.28004, 44.53189], [12.2837, 44.48762], [12.32106, 44.35371], [12.34199, 44.32973], [12.35027, 44.28815], [12.36883, 44.25068], [12.38998, 44.22272], [12.41717, 44.19546], [12.45801, 44.1664], [12.47877, 44.13935], [12.51092, 44.11457], [12.54737, 44.09345], [12.57422, 44.08559], [12.63136, 44.0301], [12.69158, 43.99063], [12.75611, 43.97187], [12.80396, 43.96685], [12.86215, 43.93537], [12.92887, 43.91583], [12.94728, 43.89761], [13.25327, 43.70319], [13.38981, 43.64459], [13.39967, 43.63565], [13.44662, 43.62371], [13.4734, 43.61201], [13.50441, 43.63275], [13.51611, 43.63173], [13.52101, 43.62271], [13.54321, 43.61322], [13.57887, 43.5729], [13.59791, 43.56952], [13.61556, 43.56048], [13.62451, 43.54719], [13.61695, 43.53132], [13.76026, 43.26374], [13.78027, 43.23652], [13.79078, 43.19208], [13.83487, 43.1271], [13.8487, 43.09145], [13.86541, 43.00731], [13.94467, 42.79828], [14.00123, 42.69843], [14.06323, 42.62482], [14.07537, 42.59882], [14.22055, 42.47016], [14.28419, 42.42829], [14.38737, 42.37294], [14.42905, 42.32172], [14.56023, 42.22565], [14.59588, 42.20856], [14.65349, 42.19107], [14.69369, 42.18536], [14.70923, 42.17548], [14.71704, 42.16006], [14.7295, 42.09911], [14.74073, 42.08462], [14.78041, 42.07513], [14.83546, 42.04414], [14.8711, 42.03181], [14.95156, 42.02112], [14.99365, 42.01064], [15.04518, 41.96898], [15.06316, 41.96429], [15.12338, 41.93427], [15.16538, 41.9278], [15.28175, 41.92803], [15.40056, 41.90778], [15.44606, 41.90693], [15.61134, 41.92803], [15.77443, 41.92121], [16.02711, 41.94407], [16.14046, 41.9199], [16.1609, 41.89265], [16.17919, 41.89329], [16.17604, 41.87739], [16.19304, 41.80854], [16.19287, 41.79092], [16.18446, 41.77977], [16.14575, 41.74886], [16.10719, 41.73762], [16.06315, 41.70149], [16.02751, 41.67993], [15.9253, 41.64004], [15.90008, 41.61465], [15.89137, 41.57685], [15.89633, 41.53644], [15.91179, 41.50288], [15.9336, 41.47944], [15.96111, 41.45946], [16.02166, 41.4278], [16.08513, 41.41266], [16.11411, 41.39289], [16.30127, 41.32793], [16.4603, 41.26264], [16.52067, 41.25014], [16.59392, 41.20698], [16.83031, 41.14638], [16.85141, 41.13296], [16.85817, 41.13296], [16.85817, 41.14035], [16.86442, 41.14036], [16.88527, 41.12397], [17.05739, 41.08175], [17.2028, 41.02112], [17.2762, 40.98031], [17.31006, 40.95477], [17.34791, 40.9121], [17.37769, 40.90228], [17.4134, 40.8812], [17.47609, 40.83015], [17.51221, 40.82029], [17.54835, 40.80195], [17.63453, 40.78497], [17.74837, 40.74761], [17.84392, 40.69416], [17.92188, 40.683], [17.95557, 40.67057], [17.95493, 40.64692], [17.99195, 40.65313], [18.007, 40.65069], [18.0158, 40.62519], [18.04321, 40.60199], [18.03745, 40.55695], [18.11996, 40.50458], [18.21168, 40.46475], [18.23828, 40.45766], [18.2588, 40.43065], [18.30322, 40.39988], [18.34376, 40.35163], [18.37044, 40.33868], [18.43707, 40.2681], [18.50001, 40.15249], [18.51611, 40.13922], [18.51108, 40.12759], [18.51611, 40.10448], [18.49187, 40.08466], [18.48356, 40.05517], [18.43409, 40.02253], [18.41139, 39.97883], [18.39259, 39.91608], [18.40007, 39.87882], [18.38648, 39.82534], [18.38916, 39.81709], [18.36833, 39.79663], [18.33065, 39.80331], [18.28207, 39.8332], [18.26564, 39.83759], [18.21128, 39.83935], [18.16189, 39.86055], [18.13063, 39.88349], [18.07155, 39.91153], [17.99539, 39.99527], [17.99539, 40.00266], [18.01108, 40.00336], [18.02027, 40.0102], [18.02215, 40.02167], [18.0158, 40.0362], [18.00514, 40.04487], [17.96748, 40.05732], [18.00294, 40.07445], [18.011, 40.09602], [17.99724, 40.12043], [17.92605, 40.17626], [17.91962, 40.19074], [17.917, 40.22687], [17.91114, 40.2403], [17.89969, 40.24909], [17.91277, 40.24909], [17.91277, 40.25532], [17.86313, 40.28563], [17.84767, 40.29003], [17.51206, 40.30371], [17.49391, 40.30745], [17.44044, 40.331], [17.39943, 40.33101], [17.36818, 40.35151], [17.21316, 40.40609], [17.20023, 40.42039], [17.22348, 40.42841], [17.24301, 40.44139], [17.2479, 40.45734], [17.22758, 40.47444], [17.24741, 40.48028], [17.29575, 40.47321], [17.31625, 40.48188], [17.32325, 40.49848], [17.30405, 40.49946], [17.26175, 40.48872], [17.26856, 40.49616], [17.24741, 40.50283], [17.18995, 40.48189], [17.18182, 40.4853], [17.16619, 40.50918], [17.15602, 40.5124], [17.04957, 40.51911], [16.97609, 40.49262], [16.91212, 40.44522], [16.78272, 40.30158], [16.7614, 40.2696], [16.73071, 40.20068], [16.71599, 40.19359], [16.67944, 40.14607], [16.62452, 40.10798], [16.60475, 40.08446], [16.59693, 40.04678], [16.59938, 40.03413], [16.63159, 39.96621], [16.60548, 39.94294], [16.58919, 39.91983], [16.53868, 39.88043], [16.48452, 39.95153], [16.44298, 40.0442], [16.34431, 40.09043], [16.27771, 40.1391], [16.22467, 40.19678], [16.19101, 40.25383], [16.25294, 40.32828], [16.31273, 40.37855], [16.3627, 40.46442], [16.43602, 40.55552], [16.42474, 40.5662], [16.25065, 40.65788], [16.21806, 40.68202], [16.19849, 40.70736], [16.19793, 40.72861], [16.21037, 40.74756], [16.34304, 40.83496], [16.35468, 40.84706], [16.36143, 40.86193], [16.35848, 40.8798], [16.33584, 40.9275], [16.25777, 41.03996], [16.20536, 41.13366], [16.17237, 41.1814], [16.13507, 41.21598], [16.09425, 41.23123], [16.00505, 41.23744], [15.92025, 41.22748], [15.85106, 41.20902], [15.76376, 41.17755], [15.59301, 41.10514], [15.38603, 40.99613], [15.28241, 40.94591], [15.24589, 40.93375], [15.22576, 40.93481], [15.22398, 40.95792], [15.25074, 40.98717], [15.45176, 41.14811], [15.4829, 41.17931], [15.48755, 41.19215], [15.48248, 41.19948], [15.46363, 41.20221], [15.41922, 41.19571], [15.36184, 41.18157], [15.22658, 41.13806], [15.04291, 41.06628], [14.9566, 41.01948], [14.95166, 41.01179], [14.95644, 41.00494], [15.0265, 40.97782], [15.05284, 40.91644], [15.06081, 40.88163], [15.06305, 40.81062], [15.04706, 40.74109], [15.01358, 40.67525], [14.96395, 40.61562], [14.89575, 40.56188], [14.8615, 40.60716], [14.83546, 40.63264], [14.78199, 40.66987], [14.75221, 40.6767], [14.71998, 40.66682], [14.69015, 40.64906], [14.61329, 40.6459], [14.571, 40.6177], [14.5442, 40.6136], [14.48658, 40.63264], [14.47136, 40.62467], [14.42205, 40.61555], [14.40153, 40.60213], [14.3558, 40.58364], [14.34262, 40.57064], [14.32983, 40.58466], [14.32799, 40.60541], [14.33775, 40.62441], [14.38738, 40.63695], [14.44422, 40.68598], [14.47637, 40.6951], [14.47975, 40.71149], [14.47413, 40.72968], [14.44264, 40.75507], [14.42129, 40.75094], [14.39444, 40.76157], [14.2942, 40.83877], [14.24838, 40.83771], [14.22364, 40.83137], [14.20316, 40.80121], [14.18221, 40.80093], [14.1656, 40.81575], [14.13524, 40.81857], [14.09596, 40.83381], [14.08253, 40.83128], [14.07618, 40.82221], [14.08251, 40.78353], [14.04771, 40.7896], [14.04117, 40.79649], [14.05226, 40.83759], [14.04447, 40.87421], [14.02134, 40.92183], [13.96534, 40.99641], [13.91799, 41.02367], [13.91065, 41.06464], [13.85173, 41.14732], [13.79049, 41.20586], [13.72185, 41.25239], [13.70851, 41.25641], [13.66335, 41.25069], [13.65659, 41.25959], [13.59441, 41.25312], [13.56365, 41.23798], [13.57543, 41.20808], [13.54396, 41.20662], [13.53423, 41.20824], [13.51442, 41.22968], [13.50711, 41.22176], [13.49969, 41.22176], [13.48024, 41.23916], [13.32439, 41.29483], [13.28582, 41.29572], [13.18702, 41.27802], [13.15121, 41.26021], [13.11451, 41.25088], [13.0905, 41.22656], [13.06821, 41.22176], [13.04462, 41.22753], [13.02369, 41.27359], [12.99269, 41.31562], [12.92384, 41.37979], [12.86215, 41.41352], [12.84156, 41.4184], [12.74855, 41.42374], [12.67856, 41.45795], [12.65398, 41.46564], [12.63526, 41.44751], [12.61922, 41.45934], [12.54558, 41.54413], [12.42374, 41.6473], [12.43912, 41.68167], [12.48174, 41.74409], [12.50951, 41.77318], [12.57384, 41.824], [12.57231, 41.83324], [12.53991, 41.85587], [12.52484, 41.85598], [12.46883, 41.81304], [12.39174, 41.77237], [12.3056, 41.74368], [12.25188, 41.73307], [12.23903, 41.73628], [12.2235, 41.75068], [12.2152, 41.76814], [12.20623, 41.82734], [12.17018, 41.87958], [12.14747, 41.90347], [12.03884, 41.96516], [12.02036, 41.99307], [11.9822, 41.99975], [11.93458, 42.03148], [11.91684, 42.03791], [11.82749, 42.03418], [11.80942, 42.06635], [11.75018, 42.12792], [11.73618, 42.16889], [11.68214, 42.25214], [11.65821, 42.27936], [11.53907, 42.34886], [11.48898, 42.35948], [11.39618, 42.39298], [11.39617, 42.40038], [11.37664, 42.40689], [11.35467, 42.40721], [11.36206, 42.40039], [11.33302, 42.40059], [11.24562, 42.42231], [11.21127, 42.41889], [11.20092, 42.39546], [11.18629, 42.3793], [11.18384, 42.36629], [11.16472, 42.36933], [11.15593, 42.36629], [11.13453, 42.38418], [11.10663, 42.39127], [11.08677, 42.41836], [11.08695, 42.42945], [11.09897, 42.44268], [11.11302, 42.44635], [11.14182, 42.4388], [11.16419, 42.43983], [11.17969, 42.4565], [11.18845, 42.48027], [11.18686, 42.52082], [11.16605, 42.54622], [11.15846, 42.56403], [11.12868, 42.55806], [11.09742, 42.60688], [11.08092, 42.61271], [11.07781, 42.63223], [11.00572, 42.66792], [10.99, 42.71027], [10.94361, 42.74299], [10.89088, 42.7639], [10.73132, 42.80443], [10.75538, 42.81916], [10.7649, 42.83527], [10.76565, 42.8771], [10.77768, 42.89472], [10.76352, 42.91828], [10.68141, 42.94904], [10.6325, 42.95848], [10.58326, 42.9597], [10.53907, 42.94912], [10.54654, 42.93476], [10.51857, 42.92529], [10.49954, 42.9405], [10.47757, 42.99005], [10.5027, 43.00556], [10.5171, 43.02391], [10.53907, 43.07941], [10.5357, 43.11289], [10.54656, 43.14712], [10.53448, 43.18505], [10.52817, 43.24677], [10.43702, 43.38858], [10.37338, 43.45319], [10.35914, 43.46528], [10.32636, 43.47688], [10.31724, 43.49262], [10.29474, 43.56882], [10.26401, 43.80939], [10.25164, 43.84662], [10.21013, 43.92023], [10.18067, 43.95527], [10.1365, 43.97871], [10.1058, 44.01675], [10.09059, 44.02538], [10.07204, 44.02954], [10.03533, 44.04784], [9.98854, 44.05976], [9.98071, 44.04988], [9.96274, 44.04468], [9.88795, 44.093], [9.8768, 44.08785], [9.84474, 44.10863], [9.82643, 44.10725], [9.83325, 44.09985], [9.81959, 44.093], [9.83058, 44.07884], [9.84749, 44.07249], [9.84749, 44.06632], [9.83326, 44.05207], [9.84634, 44.04629], [9.84253, 44.04117], [9.8323, 44.04231], [9.81984, 44.06338], [9.77183, 44.07942], [9.68263, 44.13654], [9.62111, 44.14827], [9.57994, 44.17895], [9.57301, 44.1916], [9.49904, 44.22184], [9.48439, 44.24384], [9.45418, 44.23773], [9.43679, 44.2395], [9.42237, 44.25678], [9.37453, 44.2718], [9.36769, 44.29442], [9.26308, 44.33626], [9.23064, 44.3537], [9.21371, 44.33344], [9.21069, 44.30534], [9.16506, 44.31831], [9.14667, 44.32856], [9.14861, 44.34003], [9.13006, 44.36335], [9.10206, 44.37397], [9.00123, 44.38728], [8.92368, 44.41157], [8.86873, 44.40973], [8.84567, 44.41343], [8.827, 44.42845], [8.76238, 44.43212], [8.73715, 44.42878], [8.67855, 44.39469], [8.65512, 44.39468], [8.59376, 44.36275], [8.56479, 44.35716], [8.54029, 44.34004], [8.46608, 44.30427], [8.44451, 44.28388], [8.4497, 44.26435], [8.43538, 44.24043], [8.41188, 44.22704], [8.4065, 44.21503], [8.4082, 44.19351], [8.39427, 44.18226], [8.31349, 44.16047], [8.28468, 44.14826], [8.25652, 44.12836], [8.23317, 44.10358], [8.22998, 44.0725], [8.21631, 44.04524], [8.16912, 44.00666], [8.15268, 43.98322], [8.16797, 43.9565], [8.1447, 43.95258], [8.11524, 43.92769], [8.0892, 43.91987], [8.06743, 43.89656], [8.03142, 43.88752], [7.95972, 43.85286], [7.78582, 43.82197], [7.73631, 43.7982], [7.695, 43.79122], [7.57203, 43.79133], [7.54378, 43.78449], [7.50229, 43.79222], [7.47641, 43.78449], [7.4764, 43.76464], [7.45435, 43.75712], [7.40431, 43.71798], [7.36575, 43.72273], [7.3423, 43.70783], [7.33052, 43.68643], [7.30117, 43.68765], [7.28025, 43.69333], [7.25727, 43.69165], [7.22851, 43.6742], [7.2318, 43.66347], [7.2038, 43.64437], [7.19668, 43.65692], [7.16859, 43.65824], [7.14699, 43.6901], [7.11765, 43.75637], [7.1065, 43.82635], [7.10807, 43.86137], [7.12521, 43.92981], [7.13413, 43.94617], [7.331, 44.12527], [7.38082, 44.12294], [7.55476, 44.15906], [7.5836, 44.16072], [7.62473, 44.1801], [7.65564, 44.17606], [7.76647, 44.39084], [7.8217, 44.44209], [7.84527, 44.47155], [7.89642, 44.55452], [7.92661, 44.62331], [7.94737, 44.71514], [7.94418, 44.72899], [7.93423, 44.73919], [7.84891, 44.79147], [7.79065, 44.81981], [7.72932, 44.84055], [7.71261, 44.85179], [7.68074, 44.89491], [7.67197, 44.92192], [7.67447, 44.99101], [7.69547, 45.0665], [7.72515, 45.13305], [7.75591, 45.17889], [7.90465, 45.31786], [7.93644, 45.36963], [7.9668, 45.44526], [7.99627, 45.49629], [8.01853, 45.51899], [8.12811, 45.59143], [8.14445, 45.61091], [8.15053, 45.63472], [8.14163, 45.66289], [8.12201, 45.68234], [8.08682, 45.7016], [8.02297, 45.72418], [7.84374, 45.91921], [7.84529, 45.92779], [7.84962, 45.93971], [7.8702, 45.94037], [7.87292, 45.95938], [7.88378, 45.97387], [7.89821, 45.98195], [7.96911, 45.99311], [7.98585, 45.99931], [7.99835, 46.01063], [8.01065, 46.0297], [8.0182, 46.08086], [8.02533, 46.09114], [8.03535, 46.09652], [8.06688, 46.1006], [8.1106, 46.12695], [8.1323, 46.15935], [8.12951, 46.19604], [8.09995, 46.23563], [8.07308, 46.25361], [8.07732, 46.26204], [8.10687, 46.28555], [8.12847, 46.29247], [8.17188, 46.29919], [8.19255, 46.30916], [8.24175, 46.35412], [8.28154, 46.37012], [8.29746, 46.38751], [8.29704, 46.39763], [8.2866, 46.40536], [8.29498, 46.41805], [8.02037, 46.58573], [7.9259, 46.62565], [7.90781, 46.63858], [7.89358, 46.65675], [7.8849, 46.68136], [7.88629, 46.70615], [7.89889, 46.73109], [7.9199, 46.7553], [8.14913, 46.92273], [8.213, 46.97988], [8.23605, 47.01121], [8.2524, 47.0468], [8.2621, 47.08792], [8.26548, 47.13761], [8.25026, 47.3149], [8.25509, 47.35786], [8.34225, 47.58316], [8.41807, 47.58077], [8.44887, 47.58428], [8.46179, 47.60614], [8.49238, 47.61983], [8.52235, 47.6219], [8.53775, 47.61213], [8.5607, 47.5894], [8.57413, 47.59244], [8.58064, 47.60017], [8.5825, 47.62159], [8.57806, 47.63348], [8.58033, 47.639], [8.59356, 47.64257], [8.59511, 47.63482], [8.60162, 47.6326], [8.60731, 47.65629], [8.56824, 47.66293], [8.51967, 47.65735], [8.47605, 47.6404], [8.45827, 47.63988], [8.41197, 47.66104], [8.3913, 47.66546], [8.39771, 47.67629], [8.39099, 47.69213], [8.39213, 47.69952], [8.40195, 47.70709], [8.43791, 47.72319], [8.44546, 47.74318], [8.46365, 47.76391], [8.4715, 47.76706], [8.53651, 47.77409], [8.5516, 47.77926], [8.5423, 47.79502], [8.55822, 47.80117], [8.58312, 47.80024], [8.60162, 47.7946], [8.60762, 47.76225], [8.61744, 47.75732], [8.62984, 47.7628], [8.63501, 47.7846], [8.6441, 47.79101], [8.65702, 47.78812], [8.68193, 47.75874], [8.71314, 47.75742], [8.71976, 47.74732], [8.70043, 47.7235], [8.71262, 47.70869], [8.71707, 47.69456], [8.76988, 47.69507], [8.76172, 47.70125], [8.77071, 47.72086], [8.79758, 47.72003], [8.83024, 47.70719], [8.85608, 47.69068], [8.83768, 47.68779], [8.83779, 47.68084], [8.85267, 47.67079], [8.88171, 47.65614], [8.90621, 47.6518], [8.94538, 47.6543], [8.98176, 47.66216], [8.99767, 47.67384], [9.01659, 47.6789], [9.1281, 47.67042], [9.1834, 47.67042], [9.19694, 47.65614], [9.23435, 47.65616], [9.27321, 47.65009], [9.4701, 47.56727], [9.60132, 47.70353], [9.67844, 47.75723], [9.82001, 47.91123], [9.89117, 47.96228], [9.93768, 47.9818], [9.98506, 47.99398], [10.10956, 48.00839], [10.18088, 48.00863], [10.25107, 48.00283], [10.3179, 47.98985], [10.37718, 47.96865], [10.42528, 47.93795], [10.45352, 47.90381], [10.46279, 47.87025], [10.45874, 47.83738], [10.44747, 47.80582], [10.4536, 47.5811], [10.46156, 47.56991], [10.45174, 47.55482], [10.4535, 47.54625], [10.45877, 47.54165], [10.48254, 47.53286], [10.52512, 47.52847], [10.53691, 47.52986], [10.54962, 47.53679], [10.56988, 47.55594], [10.58373, 47.56247], [10.60791, 47.56227], [10.73989, 47.52847], [10.75219, 47.51539], [10.76077, 47.51364], [10.79033, 47.51607], [10.84479, 47.53131], [10.85864, 47.53067], [10.89223, 47.51488], [11.14929, 47.66015], [11.41262, 47.50609], [11.43535, 47.50971], [11.48258, 47.50258], [11.52951, 47.50785], [11.55121, 47.51369], [11.5694, 47.52738], [11.58914, 47.57038], [11.62046, 47.58965], [11.68257, 47.58335], [11.76401, 47.58312], [11.82034, 47.57529], [11.83068, 47.57761], [11.8407, 47.59461], [11.85197, 47.59916], [11.93589, 47.61074], [12.14529, 47.60459], [12.15167, 47.37241], [12.24684, 47.33051], [12.3481, 47.29348], [12.66174, 47.19115], [12.75842, 47.15439], [12.84724, 47.11291], [13.45382, 46.70748], [13.57428, 46.64083], [13.7624, 46.56143], [13.88312, 46.50338], [13.93931, 46.46816], [14.03565, 46.38788], [14.10443, 46.30483], [14.15343, 46.21991], [14.25973, 45.96063], [14.30604, 45.87304], [14.33708, 45.82846], [14.5639, 45.66269], [14.58095, 45.66781], [14.5919, 45.66336], [14.59387, 45.61618], [14.60307, 45.60357], [14.61599, 45.59407], [14.66404, 45.57004], [14.66983, 45.56456], [14.67169, 45.55681], [14.66849, 45.53397], [14.68833, 45.52203], [14.78125, 45.49335], [14.79716, 45.46518], [14.83881, 45.45898], [14.8816, 45.46978], [14.90083, 45.49314], [14.90444, 45.51443], [14.92263, 45.51495], [14.96263, 45.49314], [14.9863, 45.49087], [15.00738, 45.48084], [15.05617, 45.47991], [15.13926, 45.43004], [15.18422, 45.4256], [15.21498, 45.43362], [15.39708, 45.09202], [15.4245, 45.00425], [15.73085, 44.92723], [15.73426, 44.90212], [15.76403, 44.86403], [15.77344, 44.84502], [15.76868, 44.82734], [15.73065, 44.81701], [15.71607, 44.80321], [15.71731, 44.78647], [15.75369, 44.73929], [15.78284, 44.72259], [15.797, 44.70327], [15.80568, 44.69665], [15.85643, 44.70358], [15.87627, 44.72482], [15.88878, 44.72425], [15.8956, 44.71856], [15.90542, 44.69014], [15.91306, 44.68451], [15.93735, 44.68895], [15.9481, 44.6781], [15.95565, 44.65319], [15.96898, 44.63924], [15.97911, 44.63438], [16.0283, 44.62472], [16.03616, 44.61531], [16.04474, 44.58937], [16.03492, 44.58539], [16.03047, 44.57222], [16.01394, 44.55702], [16.00608, 44.541], [16.02665, 44.52519], [16.04732, 44.52333], [16.0837, 44.5349], [16.10489, 44.53237], [16.11646, 44.52147], [16.12835, 44.48431], [16.15966, 44.4161], [16.15987, 44.4007], [16.15388, 44.39357], [16.13879, 44.38541], [16.13827, 44.3776], [16.14199, 44.38076], [16.17134, 44.37709], [16.20287, 44.35977], [16.20586, 44.3498], [16.20318, 44.33306], [16.18953, 44.30851], [16.18664, 44.29761], [16.18757, 44.28241], [16.19708, 44.25115], [16.21579, 44.20816], [16.23212, 44.191], [16.27552, 44.15736], [16.28999, 44.13912], [16.31221, 44.1], [16.32689, 44.08238], [16.34611, 44.06847], [16.3672, 44.05814], [16.40399, 44.05876], [16.41402, 44.05581], [16.42694, 44.04052], [16.43148, 44.02579], [16.43965, 44.01401], [16.48347, 44.00253], [16.50104, 43.99272], [16.55582, 43.93747], [16.6048, 43.90107], [16.63736, 43.86841], [16.66937, 43.84689], [16.8998, 44.00318], [17.06886, 43.96478], [17.22922, 43.94472], [17.40469, 43.93483], [18.31278, 43.91987], [18.47196, 43.91065], [18.80888, 43.87853], [18.93759, 43.87259], [19.22935, 43.95768], [19.24072, 43.96574], [19.24289, 43.97282], [19.23803, 43.99251], [19.24351, 44.00202], [19.25208, 44.0075], [19.27276, 44.0124], [19.28733, 44.01302], [19.30056, 44.00951], [19.36464, 43.97329], [19.44711, 43.9798], [19.50406, 43.97566], [19.52855, 43.97721], [19.55222, 43.98341], [19.59336, 44.00558], [19.61041, 44.01928], [19.88248, 43.89201], [19.99982, 43.90475], [20.15138, 43.94008], [20.22828, 43.96954], [20.27884, 44.00487], [20.30958, 44.04563], [20.34806, 44.17392], [20.36883, 44.21627], [20.40642, 44.2568], [20.42639, 44.27061], [20.57922, 44.34875], [20.72152, 44.43474], [20.96254, 44.54801], [21.13785, 44.64303], [21.39593, 44.79024], [21.41216, 44.78481], [21.49722, 44.77804], [21.55841, 44.78166], [21.57804, 44.77768], [21.59561, 44.76595], [21.61969, 44.71391], [21.65628, 44.68766], [21.70517, 44.67707], [21.75684, 44.67727], [21.8017, 44.68389], [21.85544, 44.69846], [21.87198, 44.69598], [21.96241, 44.66229], [21.99435, 44.65857], [22.00427, 44.65154], [22.03217, 44.60332], [22.03982, 44.57687], [22.0452, 44.56922], [22.07631, 44.55072], [22.08695, 44.52178], [22.10431, 44.50964], [22.12664, 44.50266], [22.14824, 44.5009], [22.17211, 44.50535], [22.18514, 44.51511], [22.29903, 44.66167], [22.30492, 44.67738], [22.3197, 44.68534], [22.36115, 44.69205], [22.38068, 44.70053], [22.42605, 44.73365], [22.46894, 44.73019], [22.48372, 44.72399], [22.55328, 44.66916], [22.58749, 44.64937], [22.62118, 44.63743], [22.70014, 44.63061], [22.71472, 44.62306], [22.76515, 44.58281], [22.75926, 44.56467], [22.74169, 44.55186], [22.71937, 44.54436], [22.70014, 44.54183], [22.67854, 44.54555], [22.64216, 44.56312], [22.62118, 44.56922], [22.6003, 44.56979], [22.58046, 44.5655], [22.56558, 44.55542], [22.55669, 44.52147], [22.54842, 44.5117], [22.5355, 44.50752], [22.50036, 44.50638], [22.48414, 44.49977], [22.4798, 44.49041], [22.477, 44.46395], [22.48, 44.45579], [22.50098, 44.44194], [22.50543, 44.43502], [22.50512, 44.40406], [22.52269, 44.37507], [22.54935, 44.34897], [22.58284, 44.32841], [22.62118, 44.3159], [22.66252, 44.31166], [22.68154, 44.30531], [22.6895, 44.29172], [22.79642, 44.17704], [22.90644, 44.12289], [22.94261, 44.11147], [22.98809, 44.10702], [23.03098, 44.09307], [23.04007, 44.06232], [23.02302, 44.03163], [22.98809, 44.01768], [22.90582, 44.00398], [22.88587, 43.99453], [22.87471, 43.97205], [22.85052, 43.89699], [22.85104, 43.87435], [22.86344, 43.85541], [22.88876, 43.83952], [22.91956, 43.83422], [23.13185, 43.84794], [23.16192, 43.85732], [23.19696, 43.86275], [23.23448, 43.8773], [23.32515, 43.88659], [23.4847, 43.8806], [23.5927, 43.83743], [23.63611, 43.83216], [23.72075, 43.84583], [23.74287, 43.8427], [23.79992, 43.81846], [24.15938, 43.75294], [24.35823, 43.76002], [24.37549, 43.76387], [24.4312, 43.79418], [24.46634, 43.80242], [24.50014, 43.7995], [24.7144, 43.74284], [24.69009, 43.51722], [24.78916, 43.48722], [24.91148, 43.47069], [25.03761, 43.4792], [25.08276, 43.4924], [25.1279, 43.71643], [25.21131, 43.71188], [25.25234, 43.70465], [25.35962, 43.65429], [25.40313, 43.65005], [25.46742, 43.66775], [25.48876, 43.67054], [25.55656, 43.67036], [25.6165, 43.68775], [25.67138, 43.71736], [25.7396, 43.71894], [25.78114, 43.73201], [25.80626, 43.76366], [25.83933, 43.78844], [25.8693, 43.80089], [25.91643, 43.84438], [25.934, 43.87032], [26.05431, 43.93432], [26.06164, 43.94977], [26.07932, 43.96905], [26.11621, 43.99887], [26.15073, 44.0124], [26.23145, 44.02749], [26.31052, 44.05261], [26.61417, 44.08485], [26.64776, 44.09338], [26.67732, 44.09705], [26.70868, 44.10811], [26.75369, 44.10811], [26.78946, 44.11596], [26.88413, 44.15653], [27.00154, 44.16511], [27.02748, 44.17705], [27.10024, 44.14449], [27.20555, 44.12925], [27.22674, 44.12072], [27.25113, 44.12237], [27.26901, 44.1124], [27.26431, 44.08976], [27.28534, 44.07245], [27.34167, 44.05307], [27.35356, 44.04527], [27.37288, 44.02072], [27.38384, 44.01509], [27.57452, 44.01628], [27.63343, 44.02977], [27.65628, 44.02388], [27.67612, 43.99354], [27.7217, 43.94874], [27.78733, 43.96042], [27.85647, 43.98863], [27.91207, 43.99334], [28.10233, 44.18982], [28.14201, 44.20706], [28.20569, 44.2564], [28.24893, 44.30961], [28.27882, 44.36944], [28.29733, 44.43264], [28.30812, 44.49851], [28.33634, 44.75798], [28.33109, 44.83914], [28.30992, 44.89363], [28.27993, 44.93425], [28.20778, 44.99827], [28.18016, 45.04496], [28.17628, 45.07734], [28.1881, 45.15516], [28.18862, 45.23304], [28.19737, 45.27287], [28.20721, 45.28827], [28.23573, 45.30262], [28.3193, 45.29188], [28.33627, 45.29205], [28.36456, 45.3007], [28.3924, 45.32739], [28.45047, 45.44091], [28.46599, 45.45478], [28.48773, 45.46427], [28.51682, 45.46834], [28.55587, 45.46604], [28.65985, 45.44223], [28.78975, 45.32142], [28.81631, 45.32607], [28.83181, 45.3223], [28.85811, 45.30907], [28.88085, 45.30618], [28.91005, 45.28737], [28.92989, 45.2791], [28.95284, 45.28509], [28.95738, 45.29202], [28.96043, 45.31129], [28.96648, 45.31987], [28.97366, 45.3237], [29.00462, 45.32607], [29.01816, 45.33088], [29.06952, 45.3608], [29.1275, 45.37454], [29.15014, 45.38788], [29.17432, 45.38896], [29.19158, 45.40617], [29.22817, 45.42374], [29.28181, 45.42229], [29.29928, 45.42891], [29.32212, 45.44384], [29.35374, 45.43594], [29.43064, 45.43041], [29.5697, 45.39496], [29.65026, 45.34612], [29.66711, 45.31186], [29.67228, 45.27295], [29.65925, 45.24417], [29.60683, 45.22905], [29.6545, 45.21658], [29.62387, 45.2165], [29.62387, 45.21027], [29.667, 45.16421], [29.69953, 45.1618], [29.67652, 45.1446], [29.6644, 45.11693], [29.65625, 45.02896], [29.63754, 44.98371], [29.63091, 44.93886], [29.62387, 44.9291], [29.63037, 44.90766], [29.60515, 44.88003], [29.61783, 44.86148], [29.61116, 44.84932], [29.58351, 44.84028], [29.56178, 44.82027], [29.542, 44.82783], [29.51058, 44.82046], [29.31621, 44.79881], [29.19207, 44.79287], [29.1561, 44.78441], [29.05584, 44.73518], [29.02638, 44.71467], [29.00073, 44.68892], [28.99391, 44.69636], [28.99488, 44.71113], [28.97496, 44.74493], [29.09816, 44.77538], [29.12062, 44.78657], [29.13868, 44.80402], [29.14471, 44.82665], [29.13884, 44.83918], [29.09636, 44.87507], [29.10375, 44.84029], [29.0879, 44.84272], [29.06032, 44.83236], [29.04861, 44.84716], [29.0442, 44.86523], [29.04177, 44.92568], [29.0521, 44.94464], [29.09881, 44.95698], [29.11061, 44.97004], [29.10174, 44.98029], [29.05828, 45.00096], [28.98325, 45.01227], [28.97283, 45.01097], [28.96021, 44.98771], [28.91684, 44.97968], [28.88006, 44.95478], [28.86939, 44.94334], [28.86354, 44.92231], [28.87662, 44.90485], [28.86354, 44.89155], [28.86647, 44.88264], [28.88152, 44.8697], [28.90405, 44.86273], [28.95238, 44.82665], [28.93971, 44.81688], [28.92498, 44.81306], [28.93873, 44.806], [28.93872, 44.79878], [28.92628, 44.79296], [28.92547, 44.78368], [28.94611, 44.7652], [28.92414, 44.75785], [28.86883, 44.75357], [28.79835, 44.7202], [28.78712, 44.69331], [28.79371, 44.68789], [28.80834, 44.69633], [28.8042, 44.68424], [28.78541, 44.67967], [28.78403, 44.64924], [28.79249, 44.64472], [28.84555, 44.65156], [28.86948, 44.66181], [28.91196, 44.69636], [28.89774, 44.71677], [28.96745, 44.70098], [28.98341, 44.69261], [28.98755, 44.67528], [28.97933, 44.65535], [28.96228, 44.63957], [28.93902, 44.63433], [28.97267, 44.67023], [28.97535, 44.68684], [28.9524, 44.69636], [28.95777, 44.67878], [28.93873, 44.67525], [28.91822, 44.68268], [28.90454, 44.66841], [28.85417, 44.63436], [28.77418, 44.60077], [28.79469, 44.63426], [28.76694, 44.63373], [28.75782, 44.62678], [28.75367, 44.61376], [28.76677, 44.61375], [28.76059, 44.6037], [28.76442, 44.59589], [28.78781, 44.58649], [28.74806, 44.57779], [28.73268, 44.56786], [28.73268, 44.55231], [28.74692, 44.56598], [28.77416, 44.55231], [28.75343, 44.5135], [28.74562, 44.48615], [28.75025, 44.4667], [28.75847, 44.46528], [28.77198, 44.48371], [28.77835, 44.50739], [28.80836, 44.52505], [28.85565, 44.56768], [28.89243, 44.57705], [28.90626, 44.58771], [28.92494, 44.62046], [28.9095, 44.58397], [28.844, 44.49373], [28.79672, 44.46792], [28.70655, 44.38105], [28.69312, 44.34615], [28.68019, 44.35334], [28.6644, 44.34837], [28.65122, 44.34003], [28.6351, 44.31639], [28.63103, 44.26435], [28.66513, 44.19947], [28.66489, 44.1756], [28.67168, 44.16872], [28.65838, 44.17446], [28.64584, 44.17202], [28.63087, 44.15449], [28.67171, 43.99738], [28.66, 43.9798], [28.63769, 43.91865], [28.60939, 43.8745], [28.58448, 43.80085], [28.58919, 43.79133], [28.57618, 43.72752], [28.57309, 43.60615], [28.57553, 43.59333], [28.6027, 43.55272], [28.60351, 43.53815], [28.57857, 43.481], [28.5603, 43.45385], [28.47926, 43.3968], [28.47314, 43.36688], [28.45948, 43.38068], [28.41457, 43.39888], [28.39381, 43.41429], [28.32162, 43.42829], [28.24317, 43.40779], [28.15724, 43.40778], [28.11883, 43.39155], [28.09156, 43.36396], [28.0312, 43.24916], [28.01758, 43.23274], [28.00017, 43.22322], [27.90398, 43.20234], [27.90398, 43.1955], [27.94555, 43.16885], [27.91137, 43.06518], [27.88771, 43.04214], [27.88356, 43.03099], [27.90397, 42.94229], [27.89845, 42.87466], [27.90397, 42.85969], [27.88396, 42.84838], [27.88356, 42.83194], [27.89714, 42.784], [27.89225, 42.71053], [27.84108, 42.70833], [27.78736, 42.71516], [27.73268, 42.7145], [27.71901, 42.69457], [27.71697, 42.67451], [27.73947, 42.66108], [27.64674, 42.64057], [27.62843, 42.62897], [27.63038, 42.60273], [27.65013, 42.55807], [27.63404, 42.56371], [27.54086, 42.5655], [27.51148, 42.55305], [27.48015, 42.48291], [27.46225, 42.48957], [27.45289, 42.48013], [27.45338, 42.46524], [27.46567, 42.45563], [27.46111, 42.44355], [27.46567, 42.42829], [27.47267, 42.46185], [27.50392, 42.43732], [27.51417, 42.43513], [27.54444, 42.46001], [27.56202, 42.44819], [27.57106, 42.45847], [27.59555, 42.44819], [27.62941, 42.45864], [27.64331, 42.45563], [27.63649, 42.44819], [27.65219, 42.41852], [27.66773, 42.41608], [27.69165, 42.42827], [27.69907, 42.41389], [27.71899, 42.41469], [27.71899, 42.40722], [27.69801, 42.40038], [27.70541, 42.39061], [27.71898, 42.3867], [27.70948, 42.37678], [27.71437, 42.34919], [27.72584, 42.33894], [27.74041, 42.3343], [27.78043, 42.33892], [27.77442, 42.32172], [27.78783, 42.31098], [27.76295, 42.2956], [27.75115, 42.27705], [27.75587, 42.25849], [27.78043, 42.24335], [27.77369, 42.23591], [27.80973, 42.2184], [27.83139, 42.19501], [27.85619, 42.1813], [27.84938, 42.16706], [27.87925, 42.15409], [27.90398, 42.11982], [27.95776, 42.0943], [27.97267, 42.07538], [27.98657, 42.07208], [27.98243, 42.0611], [27.98732, 42.05174], [28.00699, 42.0379], [28.00755, 42.03287], [28.00017, 42.03046], [28.01904, 42.00845], [28.02034, 41.99458], [28.01385, 41.98265], [28.03094, 41.91376], [28.04655, 41.89712], [28.04492, 41.89021], [28.03582, 41.8859], [28.00701, 41.8933], [27.97755, 41.88736], [27.96909, 41.87376], [27.96608, 41.84894], [27.97202, 41.82225], [28.02124, 41.77041], [28.04021, 41.72541], [28.07845, 41.69196], [28.08959, 41.6708], [28.08708, 41.66707], [28.07667, 41.66681], [28.07594, 41.66055], [28.09718, 41.62669], [28.11329, 41.61156], [28.14185, 41.59894], [28.17774, 41.55817], [28.23276, 41.51899], [28.38429, 41.44745], [28.60094, 41.37747], [28.90846, 41.26655], [29.00758, 41.24966], [29.02426, 41.24283], [29.04518, 41.2564], [29.06869, 41.25372], [29.09392, 41.2464], [29.10921, 41.23529], [29.09986, 41.2104], [29.08676, 41.19188], [29.06935, 41.17471], [29.04078, 41.16429], [29.07065, 41.13019], [29.06227, 41.11933], [29.0586, 41.0996], [29.04217, 41.06635], [29.03151, 41.05386], [29.00554, 41.0445], [28.98951, 41.03107], [28.99235, 41.00821], [28.98649, 41.00264], [28.96047, 41.00301], [28.94614, 41.00947], [28.92839, 40.99581], [28.89926, 40.98429], [28.84995, 40.97529], [28.83374, 40.96395], [28.82203, 40.96163], [28.78599, 40.96565], [28.77019, 40.97932], [28.75774, 40.97975], [28.62526, 40.96842], [28.59524, 40.97798], [28.60353, 41.00947], [28.59181, 41.01887], [28.57553, 41.02367], [28.58253, 41.04637], [28.57244, 41.06647], [28.55193, 41.08051], [28.52784, 41.08515], [28.53289, 41.07062], [28.55454, 41.05366], [28.56251, 41.03677], [28.5602, 41.01204], [28.55355, 40.99836], [28.54135, 40.98958], [28.51247, 40.99267], [28.4607, 41.03286], [28.43531, 41.04291], [28.4022, 41.04732], [28.33277, 41.06656], [28.26401, 41.07088], [28.23666, 41.08515], [28.18165, 41.07772], [28.16529, 41.08515], [28.02281, 41.04357], [27.98658, 41.02367], [27.96437, 40.99628], [27.95922, 40.97529], [27.94125, 40.97111], [27.86069, 40.97847], [27.81528, 41.00263], [27.77613, 41.01097], [27.75697, 41.01181], [27.7378, 41.01264], [27.52418, 40.9892], [27.49318, 40.97529], [27.47169, 40.94184], [27.44653, 40.86172], [27.4248, 40.83129], [27.33082, 40.76097], [27.28792, 40.70357], [27.19825, 40.65314], [27.17774, 40.63265], [27.14283, 40.62739], [27.11524, 40.61373], [27.04754, 40.61221], [26.98975, 40.5638], [26.91163, 40.55073], [26.82105, 40.50313], [26.75945, 40.49616], [26.70833, 40.46574], [26.68336, 40.45547], [26.67432, 40.42569], [26.66382, 40.41357], [26.63152, 40.40005], [26.62485, 40.39248], [26.61669, 40.35953], [26.60132, 40.34596], [26.53995, 40.30382], [26.51043, 40.29816], [26.49724, 40.28994], [26.42682, 40.23048], [26.38019, 40.21143], [26.35914, 40.20816], [26.34555, 40.19977], [26.34881, 40.18134], [26.36134, 40.16258], [26.3758, 40.15351], [26.32771, 40.11857], [26.27312, 40.0926], [26.23092, 40.06502], [26.17758, 40.05074], [26.16701, 40.04988], [26.1575, 40.05533], [26.16002, 40.0672], [26.17363, 40.08442], [26.1902, 40.09422], [26.21471, 40.14606], [26.25978, 40.19448], [26.27198, 40.23041], [26.26694, 40.25776], [26.2479, 40.27912], [26.21813, 40.29686], [26.23178, 40.31013], [26.20999, 40.32193], [26.2191, 40.33144], [26.24965, 40.34915], [26.20177, 40.37872], [26.17552, 40.4023], [26.16847, 40.41393], [26.16744, 40.42488], [26.17537, 40.43989], [26.18821, 40.45274], [26.24799, 40.48765], [26.33518, 40.52192], [26.37129, 40.53089], [26.40661, 40.53454], [26.4326, 40.52854], [26.4426, 40.51951], [26.45825, 40.49112], [26.46648, 40.44938], [26.49171, 40.45653], [26.53625, 40.48567], [26.56483, 40.49959], [26.59735, 40.51072], [26.59433, 40.50758], [26.6229, 40.51532], [26.66977, 40.51081], [26.68377, 40.51533], [26.73276, 40.56377], [26.7562, 40.55484], [26.78826, 40.56293], [26.81666, 40.58096], [26.82895, 40.602], [26.79037, 40.66059], [26.7142, 40.65131], [26.6775, 40.63948], [26.60922, 40.63947], [26.58204, 40.633], [26.50563, 40.59859], [26.46776, 40.6148], [26.44467, 40.61904], [26.39975, 40.60416], [26.37306, 40.61445], [26.3023, 40.60114], [26.11761, 40.602], [26.09132, 40.60542], [26.07692, 40.61181], [26.05374, 40.66059], [26.06088, 40.67585], [26.05812, 40.6977], [26.04811, 40.71963], [26.03324, 40.73505], [26.04689, 40.7425], [26.036, 40.75776], [26.02735, 40.79613], [26.00589, 40.80395], [26.00587, 40.81078], [26.05372, 40.81623], [26.06056, 40.82075], [26.05397, 40.83096], [26.03891, 40.83251], [26.01222, 40.82445], [26.00587, 40.83877], [25.99838, 40.83877], [26.00587, 40.81704], [25.99842, 40.81704], [25.98292, 40.83088], [25.95167, 40.84553], [25.91863, 40.85297], [25.89666, 40.84493], [25.8257, 40.84969], [25.80323, 40.85651], [25.73219, 40.85176], [25.6045, 40.87617], [25.56715, 40.86544], [25.53778, 40.87044], [25.50928, 40.88456], [25.52387, 40.90827], [25.57679, 40.96846], [25.64448, 41.01931], [25.74219, 41.07636], [25.8154, 41.10959], [25.86046, 41.1246], [25.93561, 41.14163], [26.03513, 41.15309], [26.31734, 41.13046], [25.96777, 41.31797], [25.94858, 41.31396], [25.92119, 41.31603], [25.89628, 41.30627], [25.88202, 41.30404], [25.86269, 41.31009], [25.83334, 41.33464], [25.81101, 41.34104], [25.76347, 41.31903], [25.71748, 41.31412], [25.69123, 41.29841], [25.67045, 41.29919], [25.63976, 41.31107], [25.55149, 41.31567], [25.53796, 41.31221], [25.52369, 41.29169], [25.51491, 41.28348], [25.50509, 41.28058], [25.4791, 41.28379], [25.45346, 41.28043], [25.28572, 41.2394], [25.24104, 41.24066], [25.2098, 41.0104], [25.23941, 40.98769], [25.2533, 40.97228], [25.26477, 40.95229], [25.27017, 40.92148], [25.26968, 40.90489], [25.26176, 40.8567], [25.25483, 40.84114], [25.23701, 40.81514], [25.21563, 40.80652], [25.18964, 40.80157], [25.12778, 40.79916], [25.06663, 40.80613], [25.04154, 40.81295], [25.02292, 40.82186], [25.01407, 40.83064], [25.00082, 40.8679], [24.99852, 40.94952], [24.98975, 40.94214], [24.95387, 40.94115], [24.8921, 40.92064], [24.86354, 40.90522], [24.83398, 40.87475], [24.80201, 40.85347], [24.7658, 40.86542], [24.72836, 40.85274], [24.70875, 40.85176], [24.69013, 40.85859], [24.69752, 40.86542], [24.66277, 40.87971], [24.63542, 40.8586], [24.62868, 40.8586], [24.59622, 40.90119], [24.60076, 40.9138], [24.57554, 40.92671], [24.56666, 40.95173], [24.50514, 40.96162], [24.47291, 40.95173], [24.46412, 40.94116], [24.44313, 40.94806], [24.41554, 40.94554], [24.39177, 40.93647], [24.37223, 40.91414], [24.31267, 40.87971], [24.33222, 40.86304], [24.33134, 40.85527], [24.30982, 40.85053], [24.30567, 40.84174], [24.31528, 40.83222], [24.34064, 40.83128], [24.11011, 40.72786], [24.07281, 40.72143], [24.03004, 40.72335], [23.98667, 40.7321], [23.87403, 40.77766], [23.84205, 40.78335], [23.80926, 40.78042], [23.75408, 40.76301], [23.7107, 40.73762], [23.69703, 40.72142], [23.69174, 40.69538], [23.70021, 40.67365], [23.71803, 40.65868], [23.75562, 40.64565], [23.78649, 40.60637], [23.79265, 40.58796], [23.83351, 40.56379], [23.84669, 40.56029], [23.88884, 40.56378], [23.89527, 40.55305], [23.91487, 40.53888], [23.91552, 40.52961], [23.90723, 40.52539], [23.83823, 40.51874], [23.82301, 40.50698], [23.81902, 40.48774], [23.82667, 40.46137], [23.86818, 40.41352], [23.91554, 40.38935], [23.96388, 40.37946], [24.00245, 40.38638], [24.01173, 40.39248], [24.01157, 40.40184], [23.99124, 40.43407], [23.99871, 40.44086], [23.99125, 40.44769], [24.0114, 40.44915], [24.0288, 40.43207], [24.05323, 40.39248], [24.08578, 40.36603], [24.1089, 40.35741], [24.12843, 40.36517], [24.17985, 40.3515], [24.20395, 40.31737], [24.23361, 40.31671], [24.26651, 40.2888], [24.32065, 40.22797], [24.3833, 40.17914], [24.39373, 40.15271], [24.36109, 40.1324], [24.31861, 40.12471], [24.29999, 40.12809], [24.28614, 40.16055], [24.2383, 40.187], [24.16896, 40.2753], [24.12843, 40.29003], [24.04787, 40.30119], [24.01922, 40.3105], [23.93653, 40.36518], [23.92262, 40.36933], [23.88502, 40.36519], [23.83351, 40.37202], [23.78223, 40.3527], [23.75961, 40.3492], [23.73048, 40.35895], [23.69972, 40.32636], [23.69361, 40.30923], [23.69565, 40.29291], [23.71632, 40.25532], [23.75765, 40.23167], [23.76433, 40.2154], [23.77858, 40.2027], [23.86769, 40.17276], [23.88022, 40.17632], [23.89673, 40.17132], [23.94068, 40.14155], [23.98023, 40.13067], [23.99121, 40.11872], [23.98999, 40.11002], [23.97739, 40.10049], [23.97755, 40.09081], [24.00114, 40.07493], [24.00488, 40.06721], [24.00169, 40.05878], [23.98422, 40.05362], [23.98683, 40.04218], [23.99342, 40.03754], [24.01171, 40.04364], [24.01222, 40.02656], [24.0192, 40.0163], [23.99252, 39.99885], [23.98805, 39.98998], [23.9987, 39.98159], [23.9987, 39.97477], [23.97934, 39.97431], [23.9699, 39.96808], [23.97283, 39.96186], [23.9912, 39.96109], [23.99121, 39.95361], [23.93995, 39.95247], [23.9197, 39.95637], [23.92286, 39.97476], [23.90066, 39.97119], [23.89765, 39.97793], [23.90252, 39.98843], [23.86086, 40.00581], [23.85621, 40.01675], [23.8449, 40.02412], [23.83123, 40.02652], [23.82407, 40.02192], [23.82664, 40.00892], [23.78526, 40.06699], [23.79331, 40.09382], [23.77834, 40.10164], [23.7645, 40.12617], [23.67547, 40.21792], [23.64177, 40.23542], [23.5403, 40.24479], [23.48414, 40.2696], [23.43849, 40.2792], [23.39829, 40.27774], [23.365, 40.26171], [23.3401, 40.22797], [23.33766, 40.20844], [23.36362, 40.15046], [23.40083, 40.14383], [23.46925, 40.06708], [23.49887, 40.0423], [23.60271, 39.99848], [23.67025, 39.98606], [23.67596, 39.96109], [23.69728, 39.9405], [23.74787, 39.93048], [23.73998, 39.92318], [23.70314, 39.91268], [23.61647, 39.92333], [23.47096, 39.97162], [23.44654, 39.97476], [23.36063, 39.9611], [23.3816, 40.00267], [23.36069, 40.03263], [23.35271, 40.05707], [23.31659, 40.08886], [23.30593, 40.10448], [23.31959, 40.13679], [23.32455, 40.17495], [23.31861, 40.21052], [23.29908, 40.23542], [23.25864, 40.25312], [23.19956, 40.26627], [23.16619, 40.27985], [23.14894, 40.27645], [23.09693, 40.3061], [23.02916, 40.32576], [23.01092, 40.35122], [22.96388, 40.37946], [22.9275, 40.3885], [22.88822, 40.38631], [22.89772, 40.40205], [22.88966, 40.41836], [22.86022, 40.4477], [22.86744, 40.44945], [22.8672, 40.45392], [22.83092, 40.48579], [22.82164, 40.50214], [22.84352, 40.50917], [22.94158, 40.51716], [22.98316, 40.55268], [22.9769, 40.57062], [22.94176, 40.58735], [22.94956, 40.60541], [22.93377, 40.63093], [22.91049, 40.6446], [22.88307, 40.64728], [22.85402, 40.63947], [22.86108, 40.62055], [22.85058, 40.59342], [22.81592, 40.57063], [22.79567, 40.5708], [22.77833, 40.57807], [22.75856, 40.56778], [22.74594, 40.55524], [22.74252, 40.54035], [22.75032, 40.52278], [22.73666, 40.52961], [22.73665, 40.51534], [22.73048, 40.51534], [22.73048, 40.52277], [22.72316, 40.52277], [22.719, 40.51098], [22.71095, 40.51163], [22.68898, 40.52278], [22.68849, 40.52749], [22.67351, 40.52684], [22.65773, 40.51667], [22.65626, 40.50454], [22.67527, 40.49617], [22.65968, 40.49291], [22.65072, 40.47282], [22.6268, 40.48188], [22.59051, 40.47744], [22.57911, 40.46821], [22.60376, 40.44399], [22.60872, 40.42817], [22.60646, 40.41356], [22.63998, 40.38369], [22.65836, 40.37945], [22.66113, 40.36905], [22.62062, 40.31049], [22.59034, 40.24165], [22.59082, 40.23017], [22.5525, 40.16657], [22.54965, 40.14387], [22.56771, 40.1105], [22.57287, 40.08794], [22.5713, 40.05427], [22.58765, 40.0449], [22.60027, 40.0163], [22.66717, 39.97435], [22.69092, 39.96816], [22.69858, 39.96088], [22.70785, 39.96136], [22.71013, 39.93378], [22.73048, 39.8854], [22.77866, 39.84984], [22.80132, 39.84016], [22.84051, 39.8032], [22.85874, 39.77298], [22.87176, 39.71581], [22.90194, 39.65864], [22.92514, 39.59951], [22.93946, 39.58063], [23.00489, 39.5434], [23.05591, 39.52724], [23.09763, 39.50157], [23.11411, 39.46699], [23.12566, 39.45441], [23.21094, 39.37933], [23.22381, 39.35859], [23.27132, 39.32294], [23.29225, 39.26899], [23.34228, 39.19261], [23.34375, 39.17964], [23.30127, 39.15136], [23.20973, 39.13182], [23.23021, 39.12442], [23.23022, 39.11816], [23.20362, 39.10457], [23.1692, 39.10659], [23.14625, 39.10175], [23.11549, 39.0883], [23.05203, 39.09773], [23.07309, 39.12442], [23.06773, 39.138], [23.08107, 39.14719], [23.11409, 39.15911], [23.1006, 39.10456], [23.17172, 39.13496], [23.18238, 39.14614], [23.17557, 39.15546], [23.18133, 39.15867], [23.19093, 39.1581], [23.19923, 39.15144], [23.21713, 39.17963], [23.17556, 39.23428], [23.17986, 39.2508], [23.16912, 39.26854], [23.13461, 39.29694], [23.09816, 39.3122], [23.02053, 39.31754], [23.01856, 39.33047], [22.99806, 39.35712], [22.93588, 39.36058], [22.94287, 39.34415], [22.93279, 39.33601], [22.92905, 39.32421], [22.93214, 39.3122], [22.94286, 39.30317], [22.84254, 39.28848], [22.82618, 39.27216], [22.82618, 39.22126], [22.85402, 39.15913], [22.8602, 39.15913], [22.88087, 39.17963], [22.87698, 39.19037], [22.89013, 39.18426], [22.89503, 39.1728], [22.90186, 39.17962], [22.92058, 39.12515], [22.93605, 39.1114], [22.93588, 39.11612], [22.94288, 39.11815], [22.93605, 39.13181], [22.9611, 39.11904], [22.98243, 39.08442], [22.99804, 39.06977], [22.99195, 39.05732], [22.99804, 39.04927], [22.96648, 39.03465], [22.95883, 39.02513], [22.96388, 39.00898], [23.01532, 39.03318], [23.04219, 39.04003], [23.07308, 39.04246], [23.07308, 39.03629], [23.02328, 39.00845], [23.00716, 38.97395], [22.98454, 38.95434], [22.95639, 38.95433], [22.93605, 38.94684], [22.94286, 38.93261], [22.92856, 38.93159], [22.89873, 38.91969], [22.85987, 38.92853], [22.84653, 38.92642], [22.83667, 38.89648], [22.82959, 38.89168], [22.8047, 38.89102], [22.79199, 38.87801], [22.73268, 38.87239], [22.71827, 38.8898], [22.68897, 38.87801], [22.62159, 38.9145], [22.58082, 38.89363], [22.55209, 38.88923], [22.53882, 38.87801], [22.52508, 38.88544], [22.52508, 38.85814], [22.57291, 38.86431], [22.57291, 38.85815], [22.55388, 38.84809], [22.56332, 38.83625], [22.58277, 38.83198], [22.59344, 38.84446], [22.60025, 38.84446], [22.59344, 38.83023], [22.63266, 38.83514], [22.64112, 38.83023], [22.69028, 38.84999], [22.70264, 38.85064], [22.74806, 38.79922], [22.77833, 38.78172], [22.81593, 38.78924], [22.82927, 38.78607], [22.85969, 38.76717], [22.8672, 38.75507], [22.88782, 38.77125], [22.91488, 38.77557], [22.94532, 38.75812], [23.01628, 38.75445], [23.04199, 38.74672], [23.0594, 38.72772], [23.0905, 38.64912], [23.1045, 38.63841], [23.12355, 38.63691], [23.15643, 38.65346], [23.18246, 38.65375], [23.19606, 38.66633], [23.16817, 38.67939], [23.18678, 38.68597], [23.20492, 38.68267], [23.25375, 38.66181], [23.30591, 38.65264], [23.33121, 38.63027], [23.33331, 38.60446], [23.2933, 38.57909], [23.28541, 38.55646], [23.29542, 38.5681], [23.30738, 38.56854], [23.34059, 38.54556], [23.38159, 38.53534], [23.38133, 38.52847], [23.3401, 38.52237], [23.32928, 38.50837], [23.33497, 38.50361], [23.41847, 38.50433], [23.51938, 38.49067], [23.54298, 38.51169], [23.56722, 38.50112], [23.60133, 38.47394], [23.5735, 38.46088], [23.5735, 38.45344], [23.5962, 38.44676], [23.60009, 38.44062], [23.594, 38.42609], [23.62501, 38.41401], [23.67286, 38.35643], [23.70997, 38.33674], [23.78199, 38.34356], [23.80502, 38.33251], [23.88092, 38.3083], [23.95101, 38.29091], [23.99122, 38.25422], [24.03858, 38.22394], [24.05063, 38.21068], [24.06901, 38.20473], [24.07308, 38.19648], [24.06951, 38.17353], [24.08055, 38.16601], [24.07, 38.16279], [24.06414, 38.1551], [24.05941, 38.13133], [24.05323, 38.14525], [24.03777, 38.14374], [23.98902, 38.12263], [23.99, 38.10212], [24.00913, 38.04059], [24.03271, 38.00776], [24.01173, 37.96686], [24.01587, 37.93745], [24.01173, 37.92524], [24.03443, 37.92291], [24.04329, 37.91644], [24.04638, 37.90599], [24.04224, 37.90071], [24.01173, 37.89175], [24.02784, 37.88032], [24.05322, 37.87807], [24.0464, 37.87059], [24.06689, 37.8644], [24.05934, 37.84854], [24.06689, 37.83711], [24.05763, 37.83218], [24.05323, 37.82282], [24.07717, 37.8109], [24.08464, 37.80174], [24.0874, 37.78502], [24.08612, 37.76356], [24.08187, 37.75251], [24.05942, 37.73347], [24.07308, 37.72723], [24.07308, 37.7198], [24.05942, 37.71979], [24.05942, 37.71357], [24.06577, 37.7128], [24.06689, 37.69933], [24.06398, 37.70502], [24.05942, 37.69929], [24.0721, 37.68952], [24.06387, 37.67864], [24.03272, 37.65153], [23.98308, 37.67032], [23.94973, 37.67744], [23.94306, 37.68993], [23.94337, 37.72724], [23.92271, 37.72119], [23.90252, 37.78189], [23.88885, 37.77442], [23.8816, 37.79108], [23.86557, 37.80768], [23.8475, 37.8181], [23.83351, 37.816], [23.81918, 37.82966], [23.813, 37.82966], [23.80729, 37.80859], [23.78663, 37.81216], [23.77899, 37.80234], [23.77662, 37.81428], [23.76452, 37.816], [23.77084, 37.82832], [23.76645, 37.83894], [23.74482, 37.85762], [23.7422, 37.87665], [23.70054, 37.9252], [23.69703, 37.93952], [23.68019, 37.94587], [23.62812, 37.9327], [23.62812, 37.93953], [23.6408, 37.94579], [23.64178, 37.95254], [23.62664, 37.9475], [23.61036, 37.96214], [23.57106, 37.96869], [23.55299, 37.98046], [23.58888, 38.00633], [23.59791, 38.02115], [23.59059, 38.0388], [23.58131, 38.04629], [23.52182, 38.04255], [23.49464, 38.02889], [23.47088, 38.02778], [23.44996, 38.02143], [23.41188, 37.99437], [23.39527, 37.98794], [23.42945, 37.98046], [23.40894, 37.97432], [23.32984, 37.98046], [23.22682, 37.97362], [23.18922, 37.95881], [23.14234, 37.93009], [23.09409, 37.91105], [23.05201, 37.92524], [23.04273, 37.92195], [23.01515, 37.92524], [23.01025, 37.89697], [22.99513, 37.88215], [22.99952, 37.8627], [23.01254, 37.84756], [23.03224, 37.85076], [23.04965, 37.84357], [23.0735, 37.84113], [23.09718, 37.84357], [23.1141, 37.85076], [23.14625, 37.82583], [23.18237, 37.80914], [23.17644, 37.78998], [23.18237, 37.77441], [23.12818, 37.76048], [23.12094, 37.74091], [23.14584, 37.72582], [23.17553, 37.71978], [23.16383, 37.68159], [23.17553, 37.64469], [23.16188, 37.64468], [23.16863, 37.61416], [23.19011, 37.60732], [23.23023, 37.58259], [23.23764, 37.59002], [23.27467, 37.56122], [23.29224, 37.55588], [23.32301, 37.53742], [23.33668, 37.53547], [23.36036, 37.54767], [23.35914, 37.57429], [23.34059, 37.60029], [23.3122, 37.61055], [23.3122, 37.61737], [23.34783, 37.63441], [23.39869, 37.63787], [23.40902, 37.62592], [23.40429, 37.59927], [23.39078, 37.57136], [23.37428, 37.55589], [23.39503, 37.54141], [23.42204, 37.53546], [23.42205, 37.52802], [23.39527, 37.5218], [23.39527, 37.51496], [23.43629, 37.50812], [23.47917, 37.49066], [23.52563, 37.4597], [23.51889, 37.45303], [23.52563, 37.4392], [23.44654, 37.41463], [23.30592, 37.41193], [23.31217, 37.39827], [23.26271, 37.40103], [23.2644, 37.39082], [23.23023, 37.38459], [23.22999, 37.37495], [23.23707, 37.37031], [23.25755, 37.3709], [23.25131, 37.35733], [23.27797, 37.34984], [23.26207, 37.34395], [23.18605, 37.34064], [23.1854, 37.33218], [23.20361, 37.30269], [23.16863, 37.29952], [23.14146, 37.30952], [23.14145, 37.31635], [23.16188, 37.31635], [23.16188, 37.32315], [23.12339, 37.32478], [23.11413, 37.33616], [23.13461, 37.32933], [23.12241, 37.34569], [23.1006, 37.35733], [23.09278, 37.35079], [23.0731, 37.35522], [23.07261, 37.40109], [23.09498, 37.38955], [23.10524, 37.39692], [23.11412, 37.42559], [23.14145, 37.41193], [23.13201, 37.44864], [23.09718, 37.46223], [23.06202, 37.45499], [23.04594, 37.45971], [23.05942, 37.46654], [23.04591, 37.48701], [23.01124, 37.46906], [23.0049, 37.45973], [22.9909, 37.49575], [22.98072, 37.50878], [22.96388, 37.5218], [22.94289, 37.52181], [22.93605, 37.53547], [22.92156, 37.54035], [22.90187, 37.54165], [22.91432, 37.5388], [22.92237, 37.52804], [22.90235, 37.53486], [22.88502, 37.53315], [22.85402, 37.51497], [22.81936, 37.53547], [22.82618, 37.54906], [22.80202, 37.56086], [22.79592, 37.56916], [22.79884, 37.5764], [22.77833, 37.59687], [22.73845, 37.58088], [22.72641, 37.56635], [22.72316, 37.54165], [22.73665, 37.51838], [22.73048, 37.49445], [22.75033, 37.46654], [22.75034, 37.44261], [22.76481, 37.43178], [22.75799, 37.39826], [22.81933, 37.34369], [22.81251, 37.32933], [22.82618, 37.32911], [22.81935, 37.31635], [22.82998, 37.3081], [22.86085, 37.25568], [22.9067, 37.19368], [22.91162, 37.18342], [22.9004, 37.17292], [22.89503, 37.13386], [22.90317, 37.12128], [22.92205, 37.11799], [22.95638, 37.12395], [22.96386, 37.1103], [22.9568, 37.10676], [22.96386, 37.10342], [22.95639, 37.09593], [22.97347, 37.09096], [22.98169, 37.08271], [22.97916, 37.07783], [22.96388, 37.08295], [22.99983, 37.03327], [22.99806, 37.02147], [23.01171, 36.98677], [22.99073, 36.98676], [23.00489, 36.96686], [23.01172, 36.97308], [23.01635, 36.95527], [23.01173, 36.93891], [23.04899, 36.8769], [23.04591, 36.86909], [23.09326, 36.81826], [23.09181, 36.79833], [23.08058, 36.79499], [23.08058, 36.78876], [23.11409, 36.78131], [23.09441, 36.76081], [23.0944, 36.74372], [23.08863, 36.73291], [23.07586, 36.73384], [23.05201, 36.74714], [23.03094, 36.72557], [23.02564, 36.71564], [23.03906, 36.7062], [23.03224, 36.69257], [23.05939, 36.69256], [23.03443, 36.67487], [23.03566, 36.64908], [23.08058, 36.57929], [23.1346, 36.55536], [23.14536, 36.54194], [23.15501, 36.54108], [23.14145, 36.53425], [23.14819, 36.51716], [23.13461, 36.50755], [23.15973, 36.51689], [23.16521, 36.51458], [23.18923, 36.4765], [23.19547, 36.46102], [23.20361, 36.45612], [23.20088, 36.44761], [23.21011, 36.42473], [23.2237, 36.36969], [23.22493, 36.32176], [23.20913, 36.29136], [23.19462, 36.27421], [23.15828, 36.24135], [23.12007, 36.21724], [23.10324, 36.21094], [23.07549, 36.21285], [23.04601, 36.22647], [23.02225, 36.2462], [23.01155, 36.26658], [23.0121, 36.28674], [23.01733, 36.31119], [23.03744, 36.36792], [23.07879, 36.46472], [23.06627, 36.47346], [23.07211, 36.49311], [23.06512, 36.5091], [23.05104, 36.52245], [23.03566, 36.52802], [22.97242, 36.52021], [22.92921, 36.59634], [22.87471, 36.63052], [22.88893, 36.64248], [22.88429, 36.65424], [22.83717, 36.68651], [22.81935, 36.66525], [22.81496, 36.67056], [22.81715, 36.71796], [22.80079, 36.77578], [22.78688, 36.79344], [22.76515, 36.80419], [22.68556, 36.80948], [22.62257, 36.80345], [22.5774, 36.78303], [22.5791, 36.74039], [22.54615, 36.72142], [22.53346, 36.70722], [22.52508, 36.68513], [22.54029, 36.6852], [22.5498, 36.67828], [22.55249, 36.65096], [22.54568, 36.65096], [22.53386, 36.67056], [22.52508, 36.67145], [22.51678, 36.66616], [22.51002, 36.64802], [22.531, 36.6328], [22.52604, 36.61238], [22.51271, 36.60279], [22.50465, 36.62425], [22.49, 36.61701], [22.48406, 36.60663], [22.48658, 36.52509], [22.51147, 36.46662], [22.50734, 36.46109], [22.51147, 36.45234], [22.4983, 36.44526], [22.49391, 36.43476], [22.50464, 36.40454], [22.49545, 36.40534], [22.49097, 36.39096], [22.47976, 36.40205], [22.4699, 36.45234], [22.45533, 36.46223], [22.42043, 36.47355], [22.40838, 36.48713], [22.40162, 36.48713], [22.39136, 36.47851], [22.38136, 36.48046], [22.35452, 36.51191], [22.36745, 36.54791], [22.38356, 36.54418], [22.38819, 36.55606], [22.38404, 36.5725], [22.37373, 36.58271], [22.38795, 36.60253], [22.36746, 36.60254], [22.37136, 36.64272], [22.38795, 36.64411], [22.38795, 36.65095], [22.36843, 36.65649], [22.37063, 36.67357], [22.38795, 36.7062], [22.35842, 36.70228], [22.33938, 36.72647], [22.32374, 36.75788], [22.30544, 36.7751], [22.30698, 36.79458], [22.29168, 36.82014], [22.22153, 36.89753], [22.20021, 36.9064], [22.17506, 36.89119], [22.13788, 36.91715], [22.13349, 36.93211], [22.14064, 36.93716], [22.14772, 36.95604], [22.15317, 37.02119], [22.08562, 37.03339], [22.04811, 37.03514], [22.03004, 37.03095], [21.99219, 37.01212], [21.9546, 37.00365], [21.94313, 36.99331], [21.93735, 36.97997], [21.92172, 36.86323], [21.93489, 36.83422], [21.92856, 36.82225], [21.95623, 36.80345], [21.97021, 36.80173], [21.97021, 36.795], [21.94508, 36.78994], [21.93881, 36.78319], [21.94222, 36.77509], [21.93587, 36.76603], [21.88257, 36.72656], [21.87404, 36.72672], [21.82276, 36.80858], [21.78972, 36.80476], [21.76417, 36.795], [21.75229, 36.805], [21.72879, 36.81264], [21.7225, 36.82225], [21.70738, 36.81803], [21.6885, 36.84956], [21.69239, 36.85904], [21.6885, 36.89118], [21.70948, 36.92593], [21.70997, 36.94269], [21.70265, 36.95726], [21.68816, 36.96454], [21.66804, 36.95944], [21.67742, 36.96328], [21.68165, 36.97309], [21.66774, 36.97093], [21.6618, 36.95944], [21.6548, 36.9947], [21.5993, 37.04573], [21.57876, 37.07652], [21.56966, 37.11651], [21.56757, 37.15632], [21.57453, 37.19258], [21.59215, 37.22015], [21.65496, 37.26073], [21.6823, 37.28392], [21.69581, 37.31635], [21.69142, 37.35664], [21.67482, 37.39598], [21.60711, 37.4995], [21.54998, 37.56147], [21.44305, 37.61861], [21.40219, 37.65542], [21.34327, 37.66934], [21.32374, 37.66494], [21.31852, 37.6379], [21.31228, 37.6379], [21.30828, 37.66625], [21.29869, 37.6726], [21.31105, 37.6931], [21.31186, 37.7263], [21.29526, 37.77167], [21.28492, 37.7851], [21.22731, 37.81192], [21.12235, 37.83732], [21.11306, 37.84334], [21.10761, 37.85546], [21.11158, 37.87043], [21.10623, 37.87808], [21.13357, 37.94635], [21.14039, 37.94635], [21.1644, 37.92963], [21.20777, 37.94603], [21.25164, 37.97622], [21.27752, 38.00095], [21.29152, 37.99722], [21.32594, 38.02143], [21.32594, 38.02888], [21.31853, 38.0351], [21.28442, 38.01535], [21.36704, 38.12108], [21.37371, 38.14448], [21.37429, 38.22062], [21.40854, 38.18594], [21.40092, 38.21473], [21.42067, 38.20234], [21.47396, 38.19602], [21.52394, 38.166], [21.60304, 38.1518], [21.63212, 38.15941], [21.68388, 38.18841], [21.70135, 38.20527], [21.74137, 38.26943], [21.76418, 38.29579], [21.84946, 38.34128], [21.91554, 38.33051], [21.93702, 38.33063], [21.9559, 38.33672], [21.97804, 38.32355], [22.02035, 38.31321], [22.03785, 38.28213], [22.04884, 38.27481], [22.08937, 38.26166], [22.11361, 38.2678], [22.14331, 38.24908], [22.16139, 38.2132], [22.20606, 38.20017], [22.21852, 38.18818], [22.25792, 38.18587], [22.31284, 38.17227], [22.33123, 38.17889], [22.36345, 38.15827], [22.41481, 38.13789], [22.43279, 38.14325], [22.51148, 38.12929], [22.62062, 38.08348], [22.68042, 38.06659], [22.77811, 38.00112], [22.7964, 37.97679], [22.82129, 37.96917], [22.8672, 37.93952], [22.88266, 37.93757], [22.92238, 37.94635], [22.9463, 37.94623], [22.97535, 37.97899], [22.95094, 38.00243], [22.92384, 38.01179], [22.89918, 38.02778], [22.88088, 38.02889], [22.88746, 38.03364], [22.85405, 38.03511], [22.87521, 38.04911], [22.91163, 38.06013], [22.94289, 38.08347], [22.96973, 38.08196], [23.01905, 38.06525], [23.03907, 38.06988], [23.06861, 38.05891], [23.10092, 38.06241], [23.17286, 38.0795], [23.18972, 38.09438], [23.21664, 38.10334], [23.2103, 38.11538], [23.19418, 38.12694], [23.17556, 38.1313], [23.17556, 38.14496], [23.2234, 38.1518], [23.2234, 38.15925], [23.12845, 38.17227], [23.14894, 38.18594], [23.12273, 38.20808], [23.10963, 38.21011], [23.07748, 38.18579], [23.06638, 38.1832], [23.03225, 38.18595], [23.03225, 38.19277], [23.05201, 38.19278], [23.02508, 38.21662], [22.95192, 38.22529], [22.93377, 38.22207], [22.92237, 38.20702], [22.95053, 38.20978], [22.96305, 38.20404], [22.96947, 38.19279], [22.92254, 38.19746], [22.90871, 38.19279], [22.89503, 38.24116], [22.88819, 38.24116], [22.88088, 38.22697], [22.87468, 38.24116], [22.82, 38.23298], [22.80568, 38.22697], [22.76484, 38.248], [22.79884, 38.28213], [22.74237, 38.29707], [22.71941, 38.31029], [22.69647, 38.31689], [22.67532, 38.34357], [22.68442, 38.36107], [22.67018, 38.38154], [22.64649, 38.38996], [22.6268, 38.37153], [22.64485, 38.36961], [22.64616, 38.36181], [22.63673, 38.35628], [22.61232, 38.36384], [22.58717, 38.33674], [22.58717, 38.33051], [22.60644, 38.32306], [22.60644, 38.31689], [22.59816, 38.31074], [22.60026, 38.30264], [22.58835, 38.29297], [22.57643, 38.2902], [22.56252, 38.29353], [22.54568, 38.30264], [22.52623, 38.33173], [22.53883, 38.33674], [22.52516, 38.35883], [22.47731, 38.40567], [22.46843, 38.42113], [22.40162, 38.45344], [22.40836, 38.4156], [22.37371, 38.39204], [22.386, 38.38019], [22.39478, 38.38515], [22.3986, 38.37592], [22.39609, 38.3682], [22.38111, 38.35786], [22.38794, 38.35102], [22.38233, 38.34269], [22.36753, 38.34188], [22.32252, 38.35102], [22.28493, 38.34733], [22.26645, 38.35855], [22.22486, 38.36005], [22.20932, 38.35293], [22.19597, 38.33954], [22.18921, 38.32308], [22.16879, 38.35102], [22.14578, 38.354], [22.14772, 38.36408], [22.13258, 38.37275], [22.04908, 38.3985], [22.02955, 38.39924], [22.01124, 38.39205], [21.98764, 38.41059], [21.95786, 38.41169], [21.92897, 38.4029], [21.87924, 38.37801], [21.86385, 38.37778], [21.85614, 38.38094], [21.8405, 38.39887], [21.83123, 38.39667], [21.78224, 38.36367], [21.77459, 38.35261], [21.77164, 38.33365], [21.76254, 38.32837], [21.71632, 38.35786], [21.65797, 38.35786], [21.61354, 38.34497], [21.59962, 38.35102], [21.53541, 38.31395], [21.52393, 38.29581], [21.51776, 38.29581], [21.50847, 38.30223], [21.47609, 38.30607], [21.46925, 38.31293], [21.42843, 38.33051], [21.44532, 38.33404], [21.48975, 38.30948], [21.48268, 38.32461], [21.48976, 38.33674], [21.47608, 38.34379], [21.47608, 38.35102], [21.48976, 38.35786], [21.46999, 38.35786], [21.47608, 38.37153], [21.45856, 38.36637], [21.44264, 38.37153], [21.42215, 38.3641], [21.42848, 38.38373], [21.41627, 38.39411], [21.37746, 38.39888], [21.3699, 38.40819], [21.36012, 38.46772], [21.33942, 38.48718], [21.32252, 38.49628], [21.3086, 38.49437], [21.35328, 38.43293], [21.33904, 38.43293], [21.34645, 38.42609], [21.33659, 38.3957], [21.29119, 38.37767], [21.29866, 38.37153], [21.29119, 38.36409], [21.27768, 38.37092], [21.26954, 38.36786], [21.26637, 38.3614], [21.27221, 38.35444], [21.25025, 38.33674], [21.23243, 38.32942], [21.21263, 38.33052], [21.18963, 38.34138], [21.18133, 38.33051], [21.19993, 38.32307], [21.17506, 38.3133], [21.17448, 38.30265], [21.15562, 38.30391], [21.14039, 38.33674], [21.08525, 38.34358], [21.10572, 38.35297], [21.10939, 38.36042], [21.10621, 38.37153], [21.09256, 38.3641], [21.1062, 38.38513], [21.10328, 38.37816], [21.11354, 38.37393], [21.12501, 38.37995], [21.14039, 38.39887], [21.12241, 38.41035], [21.11476, 38.40961], [21.1062, 38.39888], [21.09497, 38.4029], [21.08181, 38.42072], [21.07896, 38.43293], [21.08522, 38.44035], [21.10678, 38.42544], [21.11622, 38.42805], [21.11988, 38.44037], [21.10621, 38.43293], [21.11085, 38.44611], [21.10142, 38.46475], [21.10559, 38.47925], [21.07897, 38.48754], [21.09938, 38.49437], [21.08523, 38.50186], [21.09474, 38.51789], [21.09596, 38.53193], [21.08668, 38.53644], [21.04692, 38.51126], [21.03582, 38.50692], [21.03054, 38.51142], [21.01687, 38.54589], [21.02467, 38.60847], [21.00369, 38.62646], [20.98813, 38.66401], [20.97901, 38.67255], [20.94012, 38.67293], [20.9269, 38.67666], [20.91441, 38.68623], [20.88315, 38.77936], [20.87338, 38.79531], [20.85987, 38.80353], [20.84522, 38.79963], [20.81137, 38.76254], [20.80405, 38.77338], [20.77329, 38.76095], [20.76368, 38.78172], [20.72934, 38.80353], [20.74937, 38.85724], [20.76735, 38.86431], [20.8003, 38.86457], [20.80519, 38.86774], [20.7942, 38.87979], [20.76451, 38.8918], [20.75605, 38.90689], [20.75409, 38.92496], [20.75689, 38.9266], [20.75745, 38.93987], [20.76978, 38.95895], [20.77926, 38.93972], [20.79116, 38.93132], [20.81707, 38.92137], [20.83595, 38.9289], [20.85988, 38.96051], [20.8667, 38.96051], [20.87106, 38.94745], [20.86671, 38.94009], [20.87224, 38.93281], [20.86671, 38.92642], [20.90382, 38.92805], [20.91578, 38.9361], [20.92068, 38.95432], [20.92749, 38.95432], [20.93719, 38.94404], [20.97535, 38.94684], [21.00945, 38.93423], [21.02734, 38.93259], [21.02556, 38.89802], [21.0608, 38.88222], [21.08522, 38.86432], [21.08889, 38.87848], [21.09938, 38.88544], [21.09166, 38.90452], [21.10231, 38.91082], [21.12086, 38.91021], [21.13701, 38.9025], [21.16801, 38.87527], [21.17427, 38.87578], [21.18133, 38.88544], [21.16969, 38.89582], [21.16684, 38.91087], [21.15455, 38.9134], [21.14182, 38.93103], [21.14016, 38.94131], [21.14723, 38.95433], [21.14195, 38.96239], [21.14504, 38.97138], [21.15261, 38.9767], [21.16082, 38.97419], [21.15992, 38.99775], [21.13559, 39.02338], [21.08522, 39.06293], [21.07439, 39.05004], [21.07892, 39.0363], [21.06528, 39.04051], [21.05519, 39.0375], [21.03736, 39.02196], [21.05832, 39.00899], [21.0032, 39.01513], [21.00318, 39.02196], [20.9909, 39.02425], [20.96567, 39.03937], [20.95355, 39.03427], [20.9442, 39.03857], [20.93484, 39.05671], [20.9485, 39.06293], [20.9485, 39.06977], [20.92018, 39.06453], [20.90138, 39.07722], [20.89389, 39.07722], [20.88818, 39.06721], [20.87037, 39.05931], [20.86671, 39.05305], [20.87094, 39.04312], [20.88646, 39.03645], [20.84495, 39.03694], [20.85987, 39.04247], [20.85776, 39.05891], [20.85499, 39.0655], [20.84622, 39.06295], [20.8462, 39.07722], [20.83237, 39.07689], [20.82573, 39.06982], [20.83806, 39.09174], [20.83416, 39.10847], [20.82244, 39.11449], [20.81137, 39.10457], [20.80519, 39.1114], [20.79541, 39.09863], [20.77719, 39.09089], [20.77719, 39.08344], [20.79182, 39.08079], [20.78401, 39.04927], [20.76157, 39.03242], [20.7575, 39.02196], [20.74317, 39.02949], [20.74537, 39.01472], [20.7575, 39.01512], [20.80388, 38.9853], [20.82349, 38.97784], [20.82966, 38.97058], [20.82896, 38.96069], [20.76637, 38.97761], [20.7575, 38.97419], [20.74692, 38.95795], [20.73512, 38.95011], [20.70217, 38.99836], [20.71583, 39.01512], [20.70075, 39.0548], [20.70437, 39.0679], [20.73668, 39.13454], [20.75935, 39.16604], [20.78563, 39.19525], [20.85637, 39.25577], [20.9951, 39.3551], [21.03613, 39.37788], [21.03999, 39.38506], [20.9797, 39.46333], [20.95574, 39.48514], [20.86762, 39.54323], [20.84512, 39.56861], [20.83033, 39.62746], [20.80917, 39.89322], [20.67822, 40.04582], [20.65224, 40.0242], [20.63735, 40.00577], [20.6383, 39.97235], [20.65041, 39.91306], [20.64891, 39.81011], [20.65526, 39.78285]], [[24.99795, 40.96996], [24.99171, 40.96845], [24.99847, 40.95133], [24.99795, 40.96996]], [[21.87293, 38.80608], [21.79447, 38.85469], [21.65124, 38.92841], [21.63993, 38.92105], [21.63889, 38.84341], [21.6223, 38.77168], [21.67397, 38.73721], [21.75083, 38.75221], [21.8912, 38.76792], [21.90032, 38.77676], [21.87293, 38.80608]], [[21.58974, 39.21853], [21.53811, 39.21827], [21.53497, 39.20803], [21.57921, 39.14876], [21.60126, 39.10236], [21.60883, 39.09703], [21.70248, 39.09861], [21.81504, 39.11025], [21.85469, 39.12174], [21.86972, 39.13288], [21.8763, 39.14762], [21.8752, 39.16815], [21.8662, 39.18932], [21.83634, 39.22733], [21.79411, 39.25477], [21.77721, 39.25729], [21.72827, 39.25085], [21.58974, 39.21853]], [[17.35401, 43.67537], [17.22061, 43.66768], [17.27165, 43.6359], [17.40878, 43.65635], [17.41849, 43.66679], [17.40908, 43.67394], [17.35401, 43.67537]], [[14.75604, 44.83564], [14.74049, 44.82665], [14.74049, 44.8205], [14.74296, 44.81902], [14.75642, 44.82897], [14.75604, 44.83564]], [[14.70671, 44.37464], [14.70187, 44.38959], [14.70208, 44.37796], [14.70671, 44.37464]]], [[[19.27867, 40.47501], [19.26126, 40.50552], [19.26402, 40.51202], [19.27105, 40.51313], [19.29183, 40.49433], [19.28548, 40.47379], [19.27867, 40.47501]]], [[[19.44215, 40.57307], [19.4157, 40.58348], [19.39161, 40.57832], [19.3864, 40.55076], [19.37924, 40.56615], [19.30439, 40.65314], [19.30935, 40.66502], [19.35157, 40.69416], [19.36052, 40.70978], [19.36884, 40.80215], [19.37779, 40.81296], [19.40675, 40.82075], [19.39326, 40.84492], [19.41424, 40.86884], [19.38121, 40.90827], [19.40496, 40.91816], [19.42458, 40.93963], [19.44089, 40.9486], [19.42701, 40.93684], [19.43538, 40.9134], [19.42726, 40.89338], [19.42726, 40.87226], [19.43474, 40.87226], [19.43783, 40.88653], [19.44093, 40.87226], [19.45412, 40.8858], [19.5066, 40.9051], [19.52345, 40.92064], [19.52516, 40.94526], [19.50148, 40.98298], [19.49545, 41.00263], [19.49203, 40.97696], [19.47965, 40.95393], [19.45387, 40.92399], [19.44776, 40.93431], [19.46998, 40.95673], [19.47722, 40.975], [19.47495, 40.9958], [19.44777, 41.00947], [19.44062, 41.02066], [19.45639, 41.10668], [19.44192, 41.14386], [19.46371, 41.15131], [19.46877, 41.18756], [19.50953, 41.23729], [19.51661, 41.25641], [19.51336, 41.27668], [19.50294, 41.29413], [19.48805, 41.30646], [19.43166, 41.31372], [19.41897, 41.32258], [19.41424, 41.3828], [19.41082, 41.39167], [19.39602, 41.40205], [19.39326, 41.41348], [19.40642, 41.40038], [19.42872, 41.40131], [19.44516, 41.41519], [19.44094, 41.44086], [19.48927, 41.46613], [19.50864, 41.48688], [19.51661, 41.51341], [19.51417, 41.52998], [19.50717, 41.53628], [19.48221, 41.54401], [19.45207, 41.5747], [19.57765, 41.5356], [19.67111, 41.48753], [19.73568, 41.43877], [19.76283, 41.41131], [19.80776, 41.35117], [19.92127, 41.29361], [19.99297, 41.24426], [19.98612, 41.19277], [19.95367, 41.10526], [19.98282, 41.04248], [19.99407, 41.00355], [19.99935, 40.92541], [19.99193, 40.86301], [19.96505, 40.78914], [19.94418, 40.75446], [19.89195, 40.69023], [19.92203, 40.60566], [19.92671, 40.56614], [19.94832, 40.49059], [19.95322, 40.43033], [20.04498, 40.3794], [20.1231, 40.34544], [20.10828, 40.27532], [20.09428, 40.24164], [20.0541, 40.1786], [20.02771, 40.14909], [19.96553, 40.09767], [19.92918, 40.07529], [19.86359, 40.04517], [19.85524, 40.04987], [19.80739, 40.05289], [19.79658, 40.05732], [19.80454, 40.06346], [19.77735, 40.07779], [19.77052, 40.0635], [19.73268, 40.11026], [19.72902, 40.10823], [19.71909, 40.11603], [19.65288, 40.13252], [19.59784, 40.15771], [19.56577, 40.17984], [19.5093, 40.1945], [19.47606, 40.21385], [19.38112, 40.29524], [19.3651, 40.31737], [19.34425, 40.37434], [19.28958, 40.4204], [19.28958, 40.42723], [19.31618, 40.4378], [19.33253, 40.4389], [19.39323, 40.38629], [19.41424, 40.33442], [19.42359, 40.33002], [19.44459, 40.33381], [19.47495, 40.34838], [19.47877, 40.45392], [19.45314, 40.46533], [19.4188, 40.49189], [19.39138, 40.5218], [19.38642, 40.54326], [19.39861, 40.52094], [19.41423, 40.52276], [19.4336, 40.50593], [19.44606, 40.51114], [19.4546, 40.55386], [19.44215, 40.57307]]], [[[16.82407, 42.76406], [16.81886, 42.76936], [16.80301, 42.7635], [16.81049, 42.77542], [16.85816, 42.78399], [16.92107, 42.77715], [16.93392, 42.77093], [16.93636, 42.75552], [16.92464, 42.74141], [16.90544, 42.73177], [16.88495, 42.72941], [16.88217, 42.7364], [16.85817, 42.74299], [16.84766, 42.7336], [16.83432, 42.73095], [16.82082, 42.73608], [16.80984, 42.74982], [16.82228, 42.75511], [16.82407, 42.76406]]], [[[16.51856, 42.77345], [16.53417, 42.76288], [16.52556, 42.75704], [16.51043, 42.75975], [16.48936, 42.7467], [16.48619, 42.75165], [16.50694, 42.77158], [16.51856, 42.77345]]], [[[19.31422, 42.76035], [19.31259, 42.75965], [19.31252, 42.76103], [19.31422, 42.76035]]], [[[17.37159, 42.79084], [17.38528, 42.79153], [17.38983, 42.77013], [17.37379, 42.76001], [17.35378, 42.76668], [17.32376, 42.79083], [17.38294, 42.80217], [17.37159, 42.79084]]], [[[16.85141, 42.90071], [16.69142, 42.92821], [16.67286, 42.92674], [16.67261, 42.92179], [16.63846, 42.93476], [16.7068, 42.9621], [16.7068, 42.96955], [16.63171, 42.98261], [16.65269, 42.99236], [16.72047, 42.99005], [16.76857, 42.97224], [16.82407, 42.9621], [16.87867, 42.9621], [16.91554, 42.9745], [17.03207, 42.98261], [17.1111, 42.9643], [17.13183, 42.96955], [17.16432, 42.94147], [17.20019, 42.92178], [17.19337, 42.91431], [17.17433, 42.92202], [17.10743, 42.9143], [17.01531, 42.92862], [16.97291, 42.9267], [16.89869, 42.90584], [16.85141, 42.90071]]], [[[17.1587, 43.03098], [17.24871, 43.02023], [17.22441, 43.01777], [17.24982, 42.99933], [17.30569, 42.94544], [17.27133, 42.96336], [17.23749, 42.97139], [17.21388, 42.98261], [17.09539, 42.98444], [17.06251, 42.99006], [17.02753, 43.00358], [17.01793, 43.01382], [17.02817, 43.03099], [17.01882, 43.03409], [17.00167, 43.05149], [17.02312, 43.04864], [17.05567, 43.02896], [17.07325, 43.02416], [17.1587, 43.03098]]], [[[16.67351, 43.0845], [16.66002, 43.08947], [16.68222, 43.09955], [16.69776, 43.09573], [16.72551, 43.09649], [16.73795, 43.09235], [16.73852, 43.08683], [16.71973, 43.08187], [16.67351, 43.0845]]], [[[16.95875, 43.1524], [17.01857, 43.14086], [17.10942, 43.14377], [17.15494, 43.14035], [17.19332, 43.12727], [16.71621, 43.1273], [16.66723, 43.17265], [16.6512, 43.19424], [16.57696, 43.18331], [16.4814, 43.18061], [16.4065, 43.18477], [16.37161, 43.19551], [16.38039, 43.20196], [16.41529, 43.19847], [16.43979, 43.20977], [16.44606, 43.20234], [16.4603, 43.21595], [16.4603, 43.20978], [16.49643, 43.21807], [16.55494, 43.18793], [16.58326, 43.18867], [16.52055, 43.22898], [16.56275, 43.22898], [16.58326, 43.21597], [16.60377, 43.22344], [16.64631, 43.21983], [16.65951, 43.21596], [16.69311, 43.18866], [16.6936, 43.18401], [16.68629, 43.18183], [16.72771, 43.16462], [16.84815, 43.16234], [16.86443, 43.16884], [16.87843, 43.15884], [16.89674, 43.15477], [16.95875, 43.1524]]], [[[16.84619, 43.27339], [16.81285, 43.26776], [16.62827, 43.26375], [16.56398, 43.27009], [16.50075, 43.28426], [16.4219, 43.31758], [16.40582, 43.33268], [16.41944, 43.32518], [16.42628, 43.32518], [16.42677, 43.33147], [16.43979, 43.33271], [16.43492, 43.34642], [16.45346, 43.35318], [16.4263, 43.3941], [16.44703, 43.39483], [16.49391, 43.38231], [16.688, 43.37696], [16.80981, 43.35317], [16.80983, 43.34638], [16.79615, 43.34638], [16.81625, 43.34024], [16.83033, 43.34637], [16.85816, 43.32518], [16.88509, 43.32196], [16.89233, 43.3122], [16.87956, 43.29394], [16.87232, 43.288], [16.86443, 43.29169], [16.84619, 43.27339]]], [[[25.688, 34.88132], [25.71876, 34.87771], [25.72991, 34.88148], [25.73209, 34.87515], [25.7007, 34.86527], [25.68459, 34.86963], [25.68187, 34.87784], [25.688, 34.88132]]], [[[26.14746, 34.94313], [26.14973, 34.93334], [26.13299, 34.92262], [26.12193, 34.93586], [26.12746, 34.9474], [26.14746, 34.94313]]], [[[23.58035, 35.57591], [23.60474, 35.61258], [23.60816, 35.5517], [23.61988, 35.52408], [23.63948, 35.51898], [23.64177, 35.50702], [23.65943, 35.50121], [23.70297, 35.50288], [23.71843, 35.51284], [23.72788, 35.52985], [23.73048, 35.55418], [23.71279, 35.60678], [23.72364, 35.61689], [23.7112, 35.64887], [23.71599, 35.66172], [23.74181, 35.68695], [23.75001, 35.68658], [23.77897, 35.67153], [23.77897, 35.66405], [23.76783, 35.65388], [23.77897, 35.60944], [23.77898, 35.57591], [23.79949, 35.54462], [23.81715, 35.53482], [23.90138, 35.52716], [23.92905, 35.5207], [23.94419, 35.52496], [24.0254, 35.5207], [24.04469, 35.52766], [24.05764, 35.55292], [24.09409, 35.55418], [24.08181, 35.58991], [24.11525, 35.60129], [24.16041, 35.59706], [24.18294, 35.58559], [24.20329, 35.54181], [24.18294, 35.51326], [24.14259, 35.50703], [24.08123, 35.51496], [24.0669, 35.50702], [24.07195, 35.49836], [24.1867, 35.45181], [24.2225, 35.46117], [24.25244, 35.47905], [24.26403, 35.43286], [24.26547, 35.36986], [24.3401, 35.34833], [24.42807, 35.36968], [24.46412, 35.36245], [24.48537, 35.37213], [24.5936, 35.39118], [24.67657, 35.42339], [24.72069, 35.42723], [24.82015, 35.41302], [24.84083, 35.404], [24.89552, 35.42449], [24.95753, 35.404], [24.96957, 35.41576], [24.97146, 35.42445], [25.01872, 35.41502], [25.02963, 35.40327], [25.05322, 35.40399], [25.04705, 35.38044], [25.05535, 35.35521], [25.077, 35.34447], [25.10678, 35.34247], [25.19685, 35.34936], [25.22136, 35.33568], [25.30698, 35.34316], [25.34636, 35.33609], [25.36166, 35.34315], [25.3685, 35.33568], [25.37599, 35.34315], [25.4253, 35.29955], [25.45362, 35.29413], [25.48194, 35.29743], [25.65964, 35.3493], [25.70777, 35.33568], [25.76635, 35.33567], [25.74788, 35.31076], [25.72478, 35.29413], [25.73219, 35.28791], [25.72608, 35.27875], [25.72926, 35.26455], [25.73902, 35.26], [25.7378, 35.27741], [25.74284, 35.28533], [25.75072, 35.28417], [25.75895, 35.27432], [25.75367, 35.26748], [25.75895, 35.25999], [25.75326, 35.25261], [25.74464, 35.25715], [25.73219, 35.24632], [25.7351, 35.2375], [25.71949, 35.21137], [25.72477, 35.19111], [25.71274, 35.18285], [25.72853, 35.13337], [25.75318, 35.13311], [25.79526, 35.11514], [25.81764, 35.11595], [25.83033, 35.12238], [25.84768, 35.15057], [25.88307, 35.16446], [25.89667, 35.18487], [25.97853, 35.19546], [26.03322, 35.2258], [26.05502, 35.22712], [26.06056, 35.23329], [26.06739, 35.23329], [26.08139, 35.22358], [26.11962, 35.21531], [26.10825, 35.20539], [26.12973, 35.19587], [26.15512, 35.19794], [26.17945, 35.20718], [26.19777, 35.21906], [26.19094, 35.22581], [26.25933, 35.28434], [26.29396, 35.28791], [26.28649, 35.30096], [26.30079, 35.30097], [26.29398, 35.31524], [26.32112, 35.31524], [26.31234, 35.29695], [26.26596, 35.26], [26.28387, 35.20824], [26.29949, 35.18553], [26.32111, 35.19792], [26.285, 35.1507], [26.29394, 35.13646], [26.28695, 35.11843], [26.25099, 35.06306], [26.24096, 35.03906], [26.13331, 34.9994], [26.10524, 34.99934], [26.08172, 35.01976], [26.02028, 35.02095], [25.98487, 35.03913], [25.9603, 35.02897], [25.92408, 35.03408], [25.88152, 35.02709], [25.80811, 35.00577], [25.60125, 35.01358], [25.50619, 34.98457], [25.41521, 34.99372], [25.34767, 34.99152], [25.30397, 34.98477], [25.27952, 34.97251], [25.22315, 34.95418], [25.20769, 34.95149], [25.15089, 34.95572], [25.12892, 34.95148], [25.10776, 34.9379], [25.0774, 34.94473], [25.04493, 34.94074], [25.01905, 34.93164], [24.98374, 34.93871], [24.73855, 34.93164], [24.73855, 34.93789], [24.75172, 34.94648], [24.75522, 34.95791], [24.75214, 34.99592], [24.75896, 35.04149], [24.74285, 35.07722], [24.71811, 35.09398], [24.61899, 35.09741], [24.59474, 35.10152], [24.58025, 35.1092], [24.56463, 35.10616], [24.5324, 35.13646], [24.50074, 35.15241], [24.48121, 35.15591], [24.46412, 35.15014], [24.40383, 35.17504], [24.40211, 35.19111], [24.2929, 35.18232], [24.21779, 35.19112], [24.20395, 35.20539], [24.1827, 35.19794], [24.11134, 35.19796], [24.08465, 35.20453], [24.08057, 35.19454], [24.04982, 35.19112], [24.03143, 35.19771], [24.00327, 35.22671], [23.98764, 35.2333], [23.90162, 35.23122], [23.8602, 35.23632], [23.82667, 35.25259], [23.81226, 35.24479], [23.79949, 35.24632], [23.78207, 35.2347], [23.71168, 35.23672], [23.68336, 35.22583], [23.66912, 35.23729], [23.61027, 35.23498], [23.58718, 35.2395], [23.58033, 35.26], [23.553, 35.26684], [23.53102, 35.28848], [23.51826, 35.29414], [23.52564, 35.30097], [23.5193, 35.30174], [23.51824, 35.30754], [23.54615, 35.31525], [23.54819, 35.32148], [23.55299, 35.32148], [23.54185, 35.33637], [23.54615, 35.35619], [23.5386, 35.37409], [23.5735, 35.43476], [23.55984, 35.45182], [23.57765, 35.49291], [23.57846, 35.50056], [23.5661, 35.50703], [23.5726, 35.52045], [23.56611, 35.52749], [23.58123, 35.55268], [23.58448, 35.56452], [23.58035, 35.57591]]], [[[25.24609, 35.44973], [25.23667, 35.42745], [25.21583, 35.43692], [25.20867, 35.43347], [25.18687, 35.44128], [25.18647, 35.44779], [25.22258, 35.46372], [25.24609, 35.44973]]], [[[25.47881, 36.50769], [25.46712, 36.50342], [25.44274, 36.5024], [25.42688, 36.50861], [25.41936, 36.52941], [25.41591, 36.56997], [25.42114, 36.60535], [25.42955, 36.62021], [25.4533, 36.64461], [25.47045, 36.65266], [25.47787, 36.65178], [25.48597, 36.64625], [25.49669, 36.62727], [25.50179, 36.60306], [25.50351, 36.57098], [25.49938, 36.54694], [25.4889, 36.52036], [25.47881, 36.50769]]], [[[26.60008, 36.67125], [26.58655, 36.64242], [26.54705, 36.59023], [26.52868, 36.58448], [26.50491, 36.58469], [26.4969, 36.58873], [26.49747, 36.61991], [26.51352, 36.67709], [26.58861, 36.69752], [26.60137, 36.69386], [26.60008, 36.67125]]], [[[25.35769, 36.92225], [25.39978, 36.94782], [25.45415, 36.89451], [25.46351, 36.87752], [25.46194, 36.86016], [25.45365, 36.83881], [25.44054, 36.82151], [25.43279, 36.81691], [25.42458, 36.81637], [25.41183, 36.82097], [25.39888, 36.82922], [25.37438, 36.85308], [25.35517, 36.88069], [25.34538, 36.90456], [25.34633, 36.91049], [25.35769, 36.92225]]], [[[26.06531, 36.86773], [26.10066, 36.88623], [26.17431, 36.91084], [26.21838, 36.96173], [26.24963, 36.98468], [26.27239, 36.98725], [26.30203, 36.98485], [26.32766, 36.97831], [26.33556, 36.97374], [26.33836, 36.96841], [26.32723, 36.94881], [26.28618, 36.91837], [26.21338, 36.87893], [26.15346, 36.85303], [26.09773, 36.83657], [26.07923, 36.84355], [26.06483, 36.85922], [26.06531, 36.86773]]], [[[24.62802, 37.13801], [24.6597, 37.13061], [24.69278, 37.11466], [24.71597, 37.09455], [24.72026, 37.08431], [24.71361, 37.04898], [24.69225, 37.00858], [24.66239, 36.97248], [24.64633, 36.95931], [24.63064, 36.95128], [24.6103, 36.94769], [24.586, 36.94818], [24.53114, 36.95818], [24.47713, 36.97483], [24.43475, 36.99224], [24.43091, 36.99635], [24.42771, 37.01209], [24.43228, 37.04008], [24.44026, 37.05068], [24.46359, 37.05441], [24.54614, 37.03913], [24.58555, 37.11064], [24.60523, 37.13217], [24.61619, 37.13716], [24.62802, 37.13801]]], [[[25.67396, 37.12275], [25.6467, 37.09371], [25.61191, 37.07065], [25.59425, 37.06385], [25.57777, 37.06153], [25.55999, 37.06436], [25.54046, 37.07176], [25.50021, 37.09628], [25.4521, 37.14188], [25.44339, 37.15514], [25.43954, 37.16835], [25.4417, 37.20094], [25.46474, 37.28281], [25.54349, 37.3055], [25.57404, 37.30762], [25.58574, 37.30362], [25.62025, 37.27378], [25.63714, 37.25359], [25.66614, 37.20899], [25.68336, 37.16693], [25.68554, 37.14986], [25.67396, 37.12275]]], [[[25.26518, 37.28987], [25.29459, 37.28526], [25.30578, 37.27772], [25.32505, 37.25301], [25.33831, 37.22225], [25.34333, 37.19365], [25.33783, 37.1753], [25.30691, 37.15509], [25.26756, 37.1447], [25.24628, 37.14767], [25.22327, 37.16044], [25.18218, 37.1972], [25.16922, 37.21952], [25.16099, 37.27151], [25.26518, 37.28987]]], [[[24.75991, 37.21449], [24.71747, 37.26772], [24.76281, 37.25997], [24.79518, 37.24665], [24.8078, 37.23532], [24.80794, 37.21464], [24.80305, 37.19935], [24.79479, 37.19049], [24.77962, 37.19595], [24.75991, 37.21449]]], [[[24.56064, 37.39784], [24.55787, 37.42894], [24.56751, 37.4843], [24.61666, 37.46281], [24.63827, 37.44597], [24.6408, 37.43263], [24.63386, 37.40799], [24.61962, 37.39012], [24.60664, 37.38708], [24.57918, 37.38904], [24.56064, 37.39784]]], [[[23.89684, 37.49019], [23.89813, 37.49448], [23.93392, 37.4785], [23.94254, 37.46317], [23.92613, 37.46703], [23.91546, 37.48033], [23.89684, 37.49019]]], [[[26.46483, 37.51764], [26.43189, 37.50237], [26.41929, 37.48739], [26.40293, 37.45519], [26.38994, 37.43747], [26.38187, 37.43229], [26.36396, 37.43009], [26.2958, 37.44355], [26.32114, 37.53645], [26.3371, 37.57119], [26.34777, 37.58305], [26.39506, 37.61316], [26.48917, 37.65754], [26.5502, 37.67425], [26.57628, 37.67549], [26.58564, 37.67092], [26.59126, 37.66017], [26.5934, 37.62745], [26.58667, 37.59169], [26.57517, 37.56655], [26.54815, 37.54801], [26.46483, 37.51764]]], [[[25.36689, 37.56799], [25.396, 37.63464], [25.54119, 37.60536], [25.57925, 37.5896], [25.58169, 37.58543], [25.56932, 37.5767], [25.41901, 37.53335], [25.38448, 37.53185], [25.37175, 37.53655], [25.3655, 37.5444], [25.36689, 37.56799]]], [[[24.97294, 37.67902], [25.0388, 37.67897], [25.05207, 37.6724], [25.0565, 37.66167], [25.05804, 37.6189], [25.05237, 37.58931], [25.04397, 37.56594], [25.0252, 37.54583], [24.99608, 37.52986], [24.9779, 37.52854], [24.96966, 37.53234], [24.94848, 37.55672], [24.93919, 37.57674], [24.93541, 37.59338], [24.94436, 37.62477], [24.97294, 37.67902]]], [[[24.2781, 37.62287], [24.28933, 37.64532], [24.3055, 37.66067], [24.32065, 37.65835], [24.32789, 37.66498], [24.33383, 37.67259], [24.32066, 37.67259], [24.32066, 37.67885], [24.33042, 37.68398], [24.34773, 37.68493], [24.3611, 37.67886], [24.36166, 37.68503], [24.37476, 37.68625], [24.4025, 37.65575], [24.39559, 37.62446], [24.31299, 37.53824], [24.29347, 37.52571], [24.27541, 37.53169], [24.2781, 37.62287]]], [[[24.52197, 37.59198], [24.52143, 37.60445], [24.52455, 37.61338], [24.53681, 37.63404], [24.57485, 37.68384], [24.61347, 37.64416], [24.6236, 37.62759], [24.62036, 37.61155], [24.60431, 37.5924], [24.56867, 37.56739], [24.54522, 37.55908], [24.53991, 37.5598], [24.53058, 37.56918], [24.52197, 37.59198]]], [[[23.93557, 37.6459], [23.93866, 37.65708], [23.95337, 37.6568], [23.95971, 37.65139], [23.95971, 37.64282], [23.9411, 37.64217], [23.93557, 37.6459]]], [[[24.15112, 37.73408], [24.1486, 37.72265], [24.1431, 37.71859], [24.10516, 37.64527], [24.09988, 37.65941], [24.12641, 37.74302], [24.14315, 37.7527], [24.15112, 37.73408]]], [[[25.11124, 37.79542], [25.104, 37.81025], [25.10527, 37.81553], [25.1229, 37.82274], [25.16566, 37.82641], [25.18819, 37.82487], [25.2607, 37.80645], [25.33904, 37.77695], [25.37518, 37.75362], [25.37856, 37.74724], [25.37404, 37.72902], [25.35136, 37.69975], [25.33497, 37.68772], [25.28371, 37.68243], [25.2556, 37.68578], [25.23473, 37.69219], [25.17763, 37.73], [25.13916, 37.76271], [25.11124, 37.79542]]], [[[24.48362, 37.73709], [24.47576, 37.74188], [24.47178, 37.75046], [24.47242, 37.77487], [24.49149, 37.84291], [24.52096, 37.90862], [24.58086, 37.90929], [24.60029, 37.90511], [24.60523, 37.90032], [24.60812, 37.89006], [24.60666, 37.86346], [24.59858, 37.83418], [24.58068, 37.79901], [24.55066, 37.76766], [24.52296, 37.74755], [24.49554, 37.73671], [24.48362, 37.73709]]], [[[24.71602, 37.87928], [24.71218, 37.88435], [24.71803, 37.89859], [24.68387, 37.93268], [24.69565, 37.93553], [24.69019, 37.9565], [24.70192, 37.97263], [24.75701, 37.99656], [24.77906, 38.00022], [24.7937, 37.99408], [24.79469, 37.97712], [24.8208, 37.97035], [24.83007, 37.96307], [24.83745, 37.92582], [24.83482, 37.91065], [24.79982, 37.8168], [24.7942, 37.84382], [24.73854, 37.89175], [24.7317, 37.89175], [24.72461, 37.88191], [24.71602, 37.87928]]], [[[24.93275, 38.03543], [24.91982, 38.08464], [24.91755, 38.12779], [24.92863, 38.15063], [24.94965, 38.15893], [25.0311, 38.14949], [25.08886, 38.10124], [25.1313, 38.05921], [25.13902, 38.04542], [25.14004, 38.0358], [25.13325, 38.00961], [25.10332, 37.94205], [25.08492, 37.85627], [25.07881, 37.84177], [25.07026, 37.83184], [25.05851, 37.82801], [25.04356, 37.83096], [25.03061, 37.84007], [25.01945, 37.8537], [24.98321, 37.93501], [24.94485, 38.006], [24.93275, 38.03543]]], [[[24.26287, 38.01881], [24.27544, 38.00934], [24.28296, 37.9984], [24.27783, 37.9851], [24.26498, 37.97847], [24.25416, 37.98163], [24.2396, 37.97774], [24.2287, 37.98282], [24.24286, 38.01296], [24.25408, 38.01995], [24.26287, 38.01881]]], [[[25.1742, 39.10595], [25.19721, 39.10697], [25.22268, 39.09708], [25.29476, 39.04657], [25.34423, 39.00047], [25.3636, 38.96731], [25.36592, 38.95141], [25.36274, 38.94387], [25.34257, 38.92705], [25.31299, 38.91182], [25.27479, 38.902], [25.26171, 38.91115], [25.24627, 38.94923], [25.23659, 38.96313], [25.19758, 38.9822], [25.11906, 39.01076], [25.15529, 39.08924], [25.1742, 39.10595]]], [[[26.5394, 39.01935], [26.5193, 39.03628], [26.52662, 39.04247], [26.51612, 39.05264], [26.52662, 39.08344], [26.51516, 39.09102], [26.50587, 39.1092], [26.48927, 39.11367], [26.45493, 39.1114], [26.43702, 39.1035], [26.45297, 39.08641], [26.49194, 39.06293], [26.52882, 39.02106], [26.54713, 39.00898], [26.54687, 38.98777], [26.48927, 38.97257], [26.42392, 38.96738], [26.33937, 38.98287], [26.27638, 39.01065], [26.2199, 39.02024], [26.27131, 39.06356], [26.30612, 39.08584], [26.51331, 39.17911], [26.5397, 39.16596], [26.52662, 39.15913], [26.53077, 39.15062], [26.54712, 39.13532], [26.55055, 39.11921], [26.56762, 39.11814], [26.56625, 39.09797], [26.57944, 39.07534], [26.6123, 39.04926], [26.61002, 39.02294], [26.59742, 39.01196], [26.56764, 39.02196], [26.55144, 39.01504], [26.5394, 39.01935]]], [[[24.2397, 39.13179], [24.23031, 39.12181], [24.207, 39.10708], [24.19437, 39.10417], [24.18193, 39.10546], [24.11794, 39.13198], [24.08307, 39.15069], [24.02003, 39.1934], [23.99633, 39.2151], [23.98028, 39.2355], [23.97328, 39.25342], [23.97749, 39.26037], [23.99135, 39.26077], [24.1572, 39.21512], [24.22564, 39.18166], [24.24698, 39.1672], [24.25121, 39.16051], [24.25077, 39.15213], [24.2397, 39.13179]]], [[[23.88951, 39.2177], [23.9398, 39.27976], [23.95702, 39.28947], [23.95021, 39.27521], [23.97216, 39.27191], [23.96696, 39.25117], [23.94995, 39.229], [23.93653, 39.22126], [23.9215, 39.19026], [23.89583, 39.16178], [23.86451, 39.144], [23.83353, 39.14615], [23.87306, 39.18016], [23.88951, 39.2177]]], [[[24.09472, 39.34552], [24.09399, 39.33003], [24.08187, 39.30476], [24.06316, 39.29704], [24.05373, 39.30525], [24.05942, 39.31444], [24.04153, 39.33051], [24.05861, 39.36126], [24.06714, 39.36301], [24.06984, 39.34569], [24.08131, 39.35235], [24.09472, 39.34552]]], [[[26.08301, 39.83474], [26.0817, 39.8], [26.07495, 39.78491], [26.0591, 39.78609], [25.98387, 39.82196], [25.97805, 39.83417], [25.9863, 39.84228], [26.04005, 39.84503], [26.05551, 39.84271], [26.06056, 39.83759], [26.07715, 39.84466], [26.08301, 39.83474]]], [[[25.21388, 39.89179], [25.2249, 39.88556], [25.20786, 39.88321], [25.199, 39.89282], [25.21388, 39.89179]]], [[[25.40162, 39.96377], [25.38559, 39.9444], [25.38891, 39.91951], [25.36411, 39.91722], [25.34799, 39.90644], [25.36846, 39.89899], [25.34165, 39.88386], [25.34034, 39.87421], [25.35546, 39.86554], [25.34278, 39.85464], [25.36987, 39.81713], [25.35548, 39.81025], [25.34896, 39.78768], [25.29471, 39.81205], [25.29029, 39.83076], [25.27313, 39.83569], [25.2566, 39.8559], [25.23881, 39.85806], [25.26173, 39.87043], [25.2798, 39.88911], [25.27516, 39.90363], [25.26401, 39.91328], [25.23878, 39.9195], [25.19813, 39.89374], [25.14885, 39.96156], [25.12765, 40.00797], [25.14234, 40.00677], [25.15626, 39.99527], [25.22511, 40.00885], [25.24732, 40.00242], [25.28712, 39.96109], [25.28517, 39.95336], [25.30698, 39.96003], [25.34799, 39.98159], [25.34816, 39.99049], [25.38209, 40.02252], [25.41285, 40.02253], [25.44984, 40.03617], [25.43678, 40.02253], [25.43678, 40.0163], [25.44271, 40.01504], [25.44986, 39.98843], [25.40162, 39.96377]]], [[[25.9004, 40.12275], [25.85629, 40.10786], [25.76629, 40.09719], [25.72121, 40.10481], [25.70436, 40.1153], [25.66327, 40.12617], [25.6634, 40.13257], [25.68622, 40.16083], [25.71876, 40.187], [25.75905, 40.20672], [25.82692, 40.21662], [25.92568, 40.24279], [25.93824, 40.24163], [25.95786, 40.22309], [25.97184, 40.22113], [25.9673, 40.19326], [25.97184, 40.17276], [25.96306, 40.15713], [25.97291, 40.15322], [26.0122, 40.16656], [26.0122, 40.14607], [25.99003, 40.13685], [25.9004, 40.12275]]], [[[23.92001, 40.3229], [23.94181, 40.31407], [23.9414, 40.31009], [23.91687, 40.31565], [23.88374, 40.33108], [23.89003, 40.33728], [23.91153, 40.34115], [23.92001, 40.3229]]], [[[25.46633, 40.45576], [25.44355, 40.48187], [25.46455, 40.48287], [25.54637, 40.51525], [25.57586, 40.51471], [25.6565, 40.49615], [25.68864, 40.475], [25.6975, 40.461], [25.69068, 40.4477], [25.69531, 40.43269], [25.68262, 40.42309], [25.58943, 40.39822], [25.56715, 40.3999], [25.53257, 40.41503], [25.46633, 40.45576]]], [[[24.78011, 40.61222], [24.75571, 40.61994], [24.7442, 40.60838], [24.68181, 40.59496], [24.64227, 40.57064], [24.615, 40.59858], [24.60077, 40.59859], [24.60076, 40.61221], [24.58676, 40.62202], [24.55258, 40.63036], [24.53078, 40.63094], [24.51679, 40.63911], [24.51203, 40.66705], [24.51834, 40.69269], [24.53339, 40.7182], [24.56667, 40.75556], [24.64226, 40.80393], [24.67457, 40.79169], [24.73169, 40.78351], [24.74383, 40.75935], [24.77517, 40.74889], [24.78637, 40.73506], [24.76547, 40.73432], [24.75929, 40.72338], [24.76661, 40.71149], [24.78638, 40.70782], [24.78638, 40.68794], [24.7693, 40.68342], [24.7658, 40.66966], [24.78239, 40.62018], [24.78011, 40.61222]]], [[[33.97559, 26.79002], [34.00286, 26.73185], [34.00358, 26.70822], [33.9896, 26.72029], [33.95509, 26.79003], [33.97559, 26.79002]]], [[[33.94886, 27.02373], [33.97935, 26.91534], [33.96188, 26.94174], [33.95097, 26.96508], [33.94886, 27.02373]]], [[[33.99391, 27.51431], [34.02848, 27.50201], [34.03842, 27.46662], [34.05127, 27.45482], [34.05127, 27.44865], [34.0311, 27.45149], [34.00709, 27.47606], [33.97633, 27.48724], [33.95631, 27.50438], [33.93358, 27.49483], [33.9245, 27.50142], [33.9136, 27.52371], [33.92558, 27.5342], [33.96412, 27.53412], [33.99391, 27.51431]]], [[[34.68105, 27.91518], [34.6618, 27.93022], [34.68178, 27.95869], [34.73164, 27.95715], [34.73194, 27.91886], [34.70469, 27.90838], [34.68105, 27.91518]]], [[[34.49636, 27.95515], [34.49781, 27.96874], [34.48953, 27.99604], [34.4944, 28.00177], [34.49635, 27.99604], [34.5049, 28.00991], [34.51734, 28.01654], [34.53483, 28.00824], [34.54418, 27.99605], [34.50685, 27.98623], [34.50318, 27.97557], [34.51189, 27.96748], [34.52882, 27.96589], [34.57487, 27.9721], [34.58522, 27.95506], [34.62044, 27.9278], [34.62044, 27.92037], [34.5475, 27.91965], [34.51809, 27.93042], [34.49636, 27.95515]]], [[[32.98925, 31.07344], [32.96974, 31.08658], [32.97706, 31.09125], [32.98308, 31.08991], [32.98925, 31.07344]]], [[[33.27004, 31.21675], [33.30111, 31.21588], [33.35255, 31.19489], [33.40601, 31.18446], [33.43295, 31.17206], [33.47584, 31.1418], [33.45436, 31.15469], [33.29868, 31.21279], [33.27004, 31.21675]]], [[[33.26245, 31.22361], [33.25611, 31.21932], [33.2435, 31.21932], [33.15309, 31.23176], [33.11899, 31.22363], [33.10255, 31.22675], [33.07643, 31.21874], [32.9559, 31.16315], [32.93476, 31.14796], [32.94647, 31.16327], [33.01483, 31.19671], [33.0669, 31.21743], [33.10475, 31.24029], [33.26245, 31.22361]]], [[[32.82838, 35.14859], [32.86524, 35.15697], [32.89259, 35.17503], [32.91472, 35.20083], [32.92937, 35.23298], [32.93605, 35.33661], [32.93214, 35.36628], [32.92044, 35.39776], [32.94434, 35.39451], [32.98536, 35.37458], [33.0698, 35.35872], [33.14033, 35.36213], [33.26218, 35.34938], [33.28061, 35.34247], [33.4275, 35.32892], [33.66033, 35.35932], [33.78351, 35.41671], [33.83465, 35.40998], [34.03562, 35.47138], [34.0763, 35.49431], [34.13119, 35.51135], [34.18166, 35.55417], [34.31967, 35.58617], [34.36182, 35.60844], [34.54407, 35.67832], [34.59249, 35.69195], [34.57887, 35.67837], [34.57275, 35.64355], [34.54233, 35.63727], [34.44142, 35.58364], [34.3523, 35.5207], [34.13771, 35.41511], [34.10906, 35.39427], [34.08546, 35.36986], [34.05868, 35.32398], [34.04379, 35.31526], [34.02004, 35.31437], [33.97136, 35.32128], [33.95167, 35.31151], [33.9236, 35.27855], [33.9074, 35.24291], [33.89991, 35.16445], [33.95362, 35.12262], [33.97869, 35.08747], [34.05086, 35.03319], [34.07342, 34.9881], [34.0991, 34.96516], [34.05965, 34.9666], [34.03476, 34.97242], [34.01157, 34.98762], [33.95729, 34.98192], [33.91017, 34.97016], [33.87452, 34.94124], [33.86232, 34.9379], [33.84743, 34.94246], [33.80421, 34.9726], [33.76043, 34.97968], [33.7173, 34.97777], [33.68035, 34.96629], [33.65406, 34.94473], [33.64666, 34.93195], [33.63478, 34.89765], [33.63257, 34.85249], [33.61695, 34.84528], [33.60563, 34.82177], [33.5442, 34.81501], [33.51319, 34.78548], [33.43864, 34.76278], [33.41521, 34.75846], [33.40016, 34.77338], [33.39895, 34.74519], [33.37086, 34.73087], [33.29656, 34.71817], [33.2601, 34.70052], [33.24562, 34.69824], [33.1736, 34.70515], [33.08644, 34.69481], [33.02589, 34.65131], [33.00994, 34.6249], [33.00912, 34.5974], [33.03027, 34.57477], [33.03027, 34.56856], [32.94094, 34.56856], [32.94467, 34.5937], [32.91587, 34.63939], [32.91358, 34.65668], [32.83432, 34.67097], [32.81284, 34.66865], [32.74891, 34.64982], [32.70737, 34.64543], [32.66608, 34.65212], [32.55665, 34.69937], [32.49334, 34.70727], [32.47585, 34.71321], [32.41932, 34.74786], [32.41336, 34.75349], [32.40235, 34.79645], [32.37916, 34.84907], [32.33781, 34.87627], [32.32351, 34.89824], [32.32278, 34.91136], [32.33139, 34.92422], [32.3122, 34.95027], [32.30592, 35.00141], [32.27623, 35.04757], [32.27178, 35.07304], [32.27517, 35.09105], [32.28663, 35.09714], [32.35336, 35.04792], [32.37232, 35.04149], [32.41383, 35.04304], [32.44996, 35.05882], [32.47967, 35.08295], [32.50196, 35.1092], [32.52761, 35.15704], [32.55397, 35.17803], [32.57472, 35.1706], [32.6194, 35.18487], [32.6504, 35.18805], [32.74557, 35.178], [32.77637, 35.17083], [32.82838, 35.14859]]], [[[27.25538, 36.04859], [27.25738, 35.99344], [27.24573, 35.95752], [27.20624, 35.86946], [27.19402, 35.83287], [27.1923, 35.80077], [27.19969, 35.69195], [27.1725, 35.60043], [27.11252, 35.61292], [27.0926, 35.62195], [27.0873, 35.62853], [27.08809, 35.65186], [27.11871, 35.73822], [27.10116, 35.79944], [27.10564, 35.82146], [27.17106, 35.95715], [27.19937, 36.03403], [27.21927, 36.06574], [27.23167, 36.07559], [27.2402, 36.0769], [27.24689, 36.0718], [27.25538, 36.04859]]], [[[29.73863, 36.12231], [29.75067, 36.13881], [29.76408, 36.13569], [29.73863, 36.12231]]], [[[29.58554, 36.13414], [29.57753, 36.12531], [29.55919, 36.12105], [29.5696, 36.1509], [29.57943, 36.1617], [29.59529, 36.16668], [29.59327, 36.15217], [29.60213, 36.14781], [29.60302, 36.14163], [29.58554, 36.13414]]], [[[29.48538, 36.1553], [29.49399, 36.16107], [29.50846, 36.15469], [29.49903, 36.1497], [29.48538, 36.1553]]], [[[28.22267, 36.45581], [28.23975, 36.43866], [28.23974, 36.43253], [28.22584, 36.41796], [28.23633, 36.37304], [28.21119, 36.35765], [28.20508, 36.32266], [28.17547, 36.29043], [28.16352, 36.23792], [28.14845, 36.22606], [28.13054, 36.18547], [28.10328, 36.18545], [28.09522, 36.16788], [28.08578, 36.16498], [28.0617, 36.11652], [28.09643, 36.10349], [28.08984, 36.08829], [28.07594, 36.07559], [28.08959, 36.05514], [28.03761, 36.06843], [28.01694, 36.069], [27.99342, 36.06196], [27.94842, 36.03901], [27.9323, 36.02534], [27.86353, 35.94099], [27.8274, 35.91377], [27.78045, 35.89005], [27.73269, 35.91511], [27.71226, 35.9527], [27.72535, 35.96719], [27.76002, 36.06196], [27.75709, 36.08438], [27.70884, 36.12711], [27.71225, 36.14448], [27.70289, 36.15046], [27.69094, 36.14949], [27.68427, 36.15814], [27.73952, 36.18544], [27.77198, 36.19782], [27.76744, 36.20596], [27.77605, 36.21162], [27.78056, 36.23282], [27.80325, 36.2702], [27.83741, 36.28099], [27.89968, 36.34015], [27.95924, 36.35676], [28.11842, 36.42767], [28.18393, 36.42446], [28.21389, 36.45546], [28.22267, 36.45581]]], [[[29.91194, 36.19948], [29.88461, 36.17309], [29.84279, 36.16715], [29.83969, 36.17056], [29.91194, 36.19948]]], [[[27.55055, 36.21589], [27.53151, 36.21175], [27.5189, 36.21687], [27.51744, 36.2309], [27.52655, 36.24005], [27.56536, 36.24492], [27.61646, 36.24261], [27.61865, 36.2281], [27.61011, 36.21651], [27.58286, 36.21256], [27.55055, 36.21589]]], [[[27.70046, 36.28367], [27.71152, 36.28574], [27.71826, 36.28245], [27.71931, 36.26727], [27.70476, 36.24715], [27.69566, 36.25381], [27.70224, 36.26606], [27.68411, 36.2644], [27.70046, 36.28367]]], [[[27.3628, 36.42499], [27.34962, 36.43122], [27.33815, 36.42841], [27.32285, 36.41276], [27.33537, 36.46911], [27.3558, 36.47963], [27.36849, 36.47239], [27.38168, 36.44416], [27.3968, 36.43866], [27.38746, 36.42084], [27.39959, 36.41014], [27.42067, 36.40864], [27.43848, 36.41814], [27.44466, 36.40453], [27.43872, 36.39448], [27.41586, 36.38033], [27.37794, 36.38204], [27.36477, 36.39338], [27.35745, 36.41022], [27.3628, 36.42499]]], [[[27.86305, 36.60252], [27.87321, 36.60545], [27.87062, 36.57779], [27.8767, 36.5616], [27.86305, 36.55536], [27.87208, 36.55036], [27.8767, 36.54109], [27.8545, 36.53051], [27.82831, 36.52803], [27.82831, 36.53424], [27.84938, 36.54792], [27.7925, 36.56697], [27.80787, 36.57587], [27.76004, 36.57588], [27.78696, 36.60627], [27.78786, 36.61684], [27.80152, 36.62424], [27.80152, 36.61685], [27.81814, 36.63401], [27.84174, 36.64462], [27.861, 36.6467], [27.86303, 36.63788], [27.82228, 36.62376], [27.81528, 36.61001], [27.8286, 36.61298], [27.8357, 36.60252], [27.86987, 36.62425], [27.8767, 36.61685], [27.86305, 36.60252]]], [[[27.16676, 36.61505], [27.1858, 36.61566], [27.20172, 36.59464], [27.20605, 36.5871], [27.20442, 36.58329], [27.19249, 36.59607], [27.14411, 36.60357], [27.16676, 36.61505]]], [[[28.93839, 36.67605], [28.91537, 36.65552], [28.90854, 36.6671], [28.91148, 36.68068], [28.93839, 36.67605]]], [[[27.36776, 36.92026], [27.48407, 36.95635], [27.5101, 36.96135], [27.53877, 36.9619], [27.54317, 36.95736], [27.5473, 36.94293], [27.54565, 36.92661], [27.53913, 36.91464], [27.51073, 36.895], [27.45026, 36.86302], [27.40934, 36.84624], [27.3824, 36.84069], [27.3423, 36.85721], [27.3231, 36.84863], [27.2919, 36.84154], [27.27731, 36.80941], [27.26267, 36.79834], [27.25416, 36.7986], [27.24044, 36.80859], [27.22894, 36.82723], [27.2142, 36.82388], [27.19077, 36.81232], [27.12989, 36.76082], [27.10906, 36.7583], [27.08318, 36.76123], [27.04754, 36.77509], [26.99204, 36.75361], [26.97576, 36.74079], [26.986, 36.71988], [26.97169, 36.71625], [26.96567, 36.70555], [26.97289, 36.67891], [26.95998, 36.68098], [26.91948, 36.71308], [26.92034, 36.75136], [26.92629, 36.7656], [26.93767, 36.76081], [26.95875, 36.7813], [26.98601, 36.76765], [27.0075, 36.78783], [27.02077, 36.80857], [27.06122, 36.83933], [27.16424, 36.89117], [27.28093, 36.90789], [27.29152, 36.89183], [27.29585, 36.89096], [27.36776, 36.92026]]], [[[27.17511, 36.92252], [27.13267, 36.92508], [27.10899, 36.94872], [27.10867, 36.95372], [27.13421, 36.95864], [27.14438, 36.95376], [27.15195, 36.95888], [27.16293, 36.95697], [27.16748, 36.94859], [27.16179, 36.93716], [27.17511, 36.92252]]], [[[27.42353, 36.99177], [27.43092, 36.99676], [27.4808, 36.97875], [27.49064, 36.97284], [27.49023, 36.96602], [27.4743, 36.95882], [27.44582, 36.97], [27.44231, 36.97936], [27.42353, 36.99177]]], [[[26.97608, 36.92594], [26.95192, 36.93163], [26.94508, 36.92595], [26.92986, 36.94278], [26.92115, 36.94709], [26.91165, 36.9458], [26.93141, 36.96686], [26.92539, 36.9819], [26.95387, 37.0279], [26.94361, 37.04072], [26.92457, 37.03516], [26.91739, 37.04146], [26.90349, 37.06249], [26.8856, 37.07559], [26.88982, 37.08978], [26.90441, 37.07636], [26.986, 37.04881], [26.98599, 37.04198], [26.97291, 37.04198], [26.98219, 37.02875], [27.00586, 37.01618], [27.00709, 37.00043], [27.02394, 37.01267], [27.04126, 37.00787], [27.04427, 36.99624], [27.03688, 36.97846], [27.04126, 36.96685], [27.03386, 36.95262], [27.04127, 36.95262], [27.04127, 36.95942], [27.04752, 36.95941], [27.04037, 36.94506], [26.99342, 36.95262], [26.9834, 36.92952], [26.97608, 36.92594]]], [[[27.08831, 37.05399], [27.07791, 37.05724], [27.08432, 37.06404], [27.1092, 37.05784], [27.10637, 37.05391], [27.08831, 37.05399]]], [[[26.85231, 37.12458], [26.84303, 37.12515], [26.82976, 37.11872], [26.81724, 37.11987], [26.81041, 37.12938], [26.8169, 37.14655], [26.7951, 37.15547], [26.77623, 37.16967], [26.77273, 37.18268], [26.78445, 37.19146], [26.79802, 37.19058], [26.80032, 37.19928], [26.80828, 37.20025], [26.84977, 37.18731], [26.85286, 37.18179], [26.84409, 37.16201], [26.86426, 37.1533], [26.87184, 37.1341], [26.88688, 37.1166], [26.88688, 37.1057], [26.8755, 37.1037], [26.86988, 37.09806], [26.84995, 37.09846], [26.83759, 37.10473], [26.83758, 37.11213], [26.85231, 37.12458]]], [[[27.10334, 37.2995], [27.09221, 37.28766], [27.10579, 37.27867], [27.09287, 37.27213], [27.08238, 37.27811], [27.08214, 37.29234], [27.08766, 37.30202], [27.10334, 37.2995]]], [[[26.98829, 37.45881], [26.97429, 37.44641], [26.96461, 37.45409], [26.95834, 37.44393], [26.95005, 37.44718], [26.94296, 37.46263], [26.92695, 37.47419], [26.97226, 37.47215], [26.97901, 37.47564], [27.00765, 37.45693], [27.00724, 37.45165], [26.98829, 37.45881]]], [[[27.14952, 37.59666], [27.15944, 37.59898], [27.16357, 37.59435], [27.15919, 37.58885], [27.18439, 37.55872], [27.16831, 37.57022], [27.16929, 37.56478], [27.14952, 37.59666]]], [[[26.84205, 37.80914], [26.88185, 37.78539], [26.91693, 37.77768], [26.96608, 37.74775], [26.9699, 37.75877], [26.94511, 37.78871], [26.97364, 37.78449], [26.99341, 37.79611], [26.99399, 37.784], [27.02101, 37.77717], [27.06784, 37.77439], [27.03386, 37.76138], [27.03224, 37.75316], [27.04754, 37.72724], [27.05877, 37.73378], [27.06526, 37.72907], [27.0612, 37.70674], [27.03696, 37.71288], [27.00172, 37.70677], [26.91, 37.67805], [26.86931, 37.64469], [26.79712, 37.64474], [26.78746, 37.64721], [26.76092, 37.68968], [26.75099, 37.69668], [26.72731, 37.70157], [26.71648, 37.71137], [26.69939, 37.71247], [26.65127, 37.70293], [26.66352, 37.78647], [26.66016, 37.79318], [26.77152, 37.81406], [26.80669, 37.81448], [26.84205, 37.80914]]], [[[26.74756, 38.47586], [26.74381, 38.46374], [26.73162, 38.45837], [26.72169, 38.46926], [26.69826, 38.47713], [26.69289, 38.48286], [26.70216, 38.54278], [26.72241, 38.53273], [26.72998, 38.52086], [26.73121, 38.49486], [26.74544, 38.4833], [26.74756, 38.47586]]], [[[27.63152, 40.45376], [27.59637, 40.45801], [27.58229, 40.46539], [27.57994, 40.47654], [27.60727, 40.50543], [27.64046, 40.49412], [27.6351, 40.46678], [27.6568, 40.45765], [27.65657, 40.44946], [27.64568, 40.44783], [27.63152, 40.45376]]], [[[28.542, 40.56439], [28.54834, 40.55614], [28.54184, 40.55199], [28.53157, 40.51468], [28.51906, 40.51021], [28.51614, 40.51785], [28.52272, 40.54499], [28.51907, 40.56146], [28.542, 40.56439]]], [[[27.53599, 40.602], [27.53891, 40.62336], [27.52639, 40.63911], [27.54591, 40.66033], [27.55151, 40.65769], [27.55454, 40.64692], [27.60555, 40.66328], [27.63135, 40.66347], [27.65756, 40.65314], [27.67335, 40.65643], [27.7024, 40.65301], [27.72778, 40.64264], [27.73266, 40.62519], [27.7142, 40.6147], [27.65756, 40.60541], [27.62451, 40.58309], [27.60475, 40.57682], [27.55207, 40.59095], [27.53599, 40.602]]], [[[29.11152, 40.8655], [29.12988, 40.8705], [29.11784, 40.8326], [29.10452, 40.83943], [29.11152, 40.8655]]]]}}, {"type": "Feature", "properties": {"map_title": "비잔티움 제국의 영역과 5대 교구", "source": "미래엔 세계사 교과서 1권 56쪽", "volume": 1, "page": 56, "name": "비잔티움 제국(유스티니아누스 시대 최대)", "name_en": "Byzantine Empire under Justinian (maximum)", "period": "565년경", "kind": "국가", "legend": "두 범례를 합친 것(즉위 시 영토 + 정복지)", "coast_snap": "Natural Earth 10m 해안선에 맞춤", "border_snap": "현대 국경(Natural Earth 10m)에 맞춘 구간 약 2586 km"}, "geometry": {"type": "MultiPolygon", "coordinates": [[[[-7.38713, 33.73247], [-7.39395, 33.72504], [-7.37385, 33.71931], [-7.35261, 33.72468], [-7.26749, 33.77241], [-7.22905, 33.80105], [-7.15282, 33.82999], [-7.09948, 33.84028], [-7.06908, 33.86276], [-7.01683, 33.80448], [-6.99669, 33.773], [-6.96822, 33.70626], [-6.9599, 33.67081], [-6.95611, 33.59959], [-6.96899, 33.52957], [-6.98311, 33.49246], [-7.00792, 33.48549], [-7.14935, 33.40672], [-7.20262, 33.38682], [-7.24949, 33.35461], [-7.31815, 33.31831], [-7.38817, 33.29138], [-7.51883, 33.25543], [-7.59825, 33.22608], [-7.65801, 33.24162], [-7.69691, 33.25663], [-7.76725, 33.29516], [-7.79931, 33.31903], [-7.85332, 33.37306], [-7.8755, 33.40332], [-7.89425, 33.43568], [-7.91664, 33.49449], [-7.89143, 33.50336], [-7.8695, 33.52665], [-7.77798, 33.55329], [-7.701, 33.58275], [-7.66755, 33.61269], [-7.64786, 33.60834], [-7.63622, 33.61456], [-7.60619, 33.60834], [-7.57925, 33.62074], [-7.52912, 33.63264], [-7.49706, 33.64997], [-7.46328, 33.6865], [-7.43432, 33.69823], [-7.40635, 33.72699], [-7.38713, 33.73247]]], [[[10.89371, 33.65825], [10.88778, 33.64016], [10.87107, 33.65434], [10.87076, 33.67184], [10.87692, 33.68822], [10.85899, 33.71106], [10.82618, 33.7298], [10.80893, 33.73432], [10.79035, 33.71857], [10.78191, 33.70371], [10.76368, 33.70021], [10.74016, 33.71548], [10.72781, 33.7584], [10.72833, 33.78456], [10.74759, 33.81275], [10.73553, 33.85357], [10.73603, 33.88474], [10.77296, 33.8963], [10.85426, 33.88166], [10.8978, 33.87934], [10.92994, 33.89629], [10.99147, 33.8417], [11.0485, 33.81476], [11.0603, 33.80073], [10.99419, 33.7499], [10.97104, 33.73872], [10.95671, 33.69775], [10.95045, 33.69778], [10.95672, 33.73249], [10.94109, 33.72822], [10.92847, 33.69663], [10.89371, 33.65825]]], [[[11.03629, 34.6244], [10.96414, 34.65668], [10.98742, 34.67178], [11.10132, 34.67096], [11.11083, 34.65952], [11.0557, 34.62097], [11.03629, 34.6244]]], [[[11.2658, 34.77338], [11.27484, 34.77037], [11.30478, 34.74229], [11.29702, 34.7287], [11.19966, 34.69472], [11.13075, 34.6633], [11.12232, 34.68042], [11.17065, 34.72859], [11.17304, 34.758], [11.18094, 34.76177], [11.18312, 34.75218], [11.19819, 34.74402], [11.22211, 34.74765], [11.2243, 34.77006], [11.21752, 34.78162], [11.25427, 34.82581], [11.27076, 34.81786], [11.29947, 34.81417], [11.30415, 34.80529], [11.27809, 34.79767], [11.26824, 34.78535], [11.2658, 34.77338]]], [[[-5.72988, 35.82265], [-5.69378, 35.83424], [-5.6809, 35.82917], [-5.66344, 35.83587], [-5.63972, 35.83636], [-5.61596, 35.83152], [-5.59899, 35.82233], [-5.54003, 35.85098], [-5.48718, 35.89716], [-5.46885, 35.91034], [-5.44811, 35.91851], [-5.4235, 35.90896], [-5.4142, 35.9094], [-5.40549, 35.92651], [-5.3662, 35.92474], [-5.32738, 35.90424], [-5.30932, 35.90082], [-5.28309, 35.91167], [-5.29187, 35.89054], [-5.33556, 35.86237], [-5.34569, 35.83259], [-5.31876, 35.70173], [-5.3048, 35.68521], [-5.27677, 35.6852], [-5.27676, 35.6579], [-5.24942, 35.58462], [-5.1508, 35.51609], [-5.06627, 35.41747], [-5.05085, 35.40754], [-5.00822, 35.39923], [-4.98881, 35.38805], [-4.95471, 35.36245], [-4.90933, 35.31452], [-4.86499, 35.30198], [-4.81062, 35.26], [-4.7705, 35.24103], [-4.62829, 35.20539], [-4.49404, 35.18052], [-4.37605, 35.15184], [-4.34765, 35.15013], [-4.32706, 35.15477], [-4.26939, 35.18487], [-4.1306, 35.20478], [-4.04698, 35.23581], [-4.0248, 35.23964], [-4.01592, 35.20882], [-4.0091, 35.13962], [-4.01845, 35.07106], [-4.04369, 35.00481], [-4.06923, 34.96245], [-4.11383, 34.90739], [-4.16993, 34.85988], [-4.2021, 34.83925], [-4.29726, 34.79252], [-4.37947, 34.79055], [-4.45485, 34.7972], [-4.75625, 34.86055], [-4.94439, 34.91006], [-5.05879, 34.96331], [-5.07612, 35.03026], [-5.08486, 35.03638], [-5.28054, 35.02293], [-5.79701, 34.96985], [-5.80612, 34.96348], [-5.88397, 34.75159], [-5.96807, 34.6042], [-6.05478, 34.58974], [-6.22809, 34.59012], [-6.31765, 34.60596], [-6.42732, 34.64563], [-6.2921, 34.8808], [-6.2053, 35.12477], [-6.02392, 35.50117], [-6.01238, 35.55864], [-5.99083, 35.59854], [-5.96523, 35.67023], [-5.95206, 35.68549], [-5.94302, 35.74267], [-5.92722, 35.78074], [-5.90802, 35.79734], [-5.8734, 35.80198], [-5.7814, 35.79092], [-5.76928, 35.79279], [-5.72988, 35.82265]]], [[[-7.8601, 37.00043], [-7.85328, 36.98677], [-7.8785, 36.97087], [-7.90388, 36.9659], [-7.93138, 36.96651], [-7.95571, 36.9731], [-7.95571, 36.98052], [-7.90396, 36.97484], [-7.88402, 36.98086], [-7.8601, 37.00043]]], [[[-7.87881, 36.99283], [-7.89497, 36.98937], [-7.90598, 36.9963], [-7.90461, 36.99934], [-7.88117, 37.0006], [-7.88785, 36.99531], [-7.87881, 36.99283]]], [[[10.79031, 37.12718], [10.80575, 37.14068], [10.82291, 37.11832], [10.796, 37.11828], [10.79031, 37.12718]]], [[[-5.43989, 36.1142], [-5.42871, 36.0808], [-5.43842, 36.06302], [-5.44576, 36.05736], [-5.61176, 36.00647], [-5.62971, 36.03677], [-5.68936, 36.06712], [-5.71312, 36.05997], [-5.75365, 36.07559], [-5.79605, 36.08553], [-5.86578, 36.1485], [-5.8979, 36.1739], [-5.91719, 36.18407], [-5.98355, 36.177], [-6.03677, 36.18953], [-6.06248, 36.21724], [-6.10473, 36.28071], [-6.15944, 36.30432], [-6.18419, 36.37071], [-6.21836, 36.40246], [-6.27961, 36.5113], [-6.30999, 36.53412], [-6.28938, 36.53729], [-6.2577, 36.51391], [-6.24899, 36.50475], [-6.2541, 36.49628], [-6.23147, 36.47268], [-6.2115, 36.48054], [-6.17935, 36.51354], [-6.20682, 36.5089], [-6.22435, 36.51086], [-6.23244, 36.52619], [-6.22602, 36.55667], [-6.23489, 36.57575], [-6.28319, 36.61237], [-6.29385, 36.61685], [-6.37954, 36.6242], [-6.39467, 36.63691], [-6.40697, 36.6767], [-6.43154, 36.71459], [-6.43783, 36.7331], [-6.43333, 36.7512], [-6.41453, 36.76764], [-6.35888, 36.78583], [-6.34561, 36.79499], [-6.33519, 36.81826], [-6.34374, 36.85993], [-6.33821, 36.88373], [-6.30435, 36.90721], [-6.22326, 36.90233], [-6.19481, 36.93212], [-6.23965, 36.9134], [-6.26505, 36.91291], [-6.28356, 36.92593], [-6.32592, 36.91267], [-6.34472, 36.90127], [-6.35245, 36.88028], [-6.34667, 36.81989], [-6.35245, 36.80858], [-6.388, 36.80818], [-6.41624, 36.8378], [-6.44864, 36.9042], [-6.4711, 36.93561], [-6.49958, 36.95966], [-6.74486, 37.10139], [-6.81175, 37.12373], [-6.85302, 37.15111], [-6.89288, 37.16658], [-6.91088, 37.18895], [-6.91762, 37.21507], [-6.85269, 37.29523], [-6.90347, 37.24958], [-6.93091, 37.23401], [-6.96255, 37.23383], [-6.96255, 37.22761], [-6.93008, 37.18317], [-6.92847, 37.17236], [-6.94164, 37.1711], [-7.02937, 37.20551], [-7.10104, 37.22425], [-7.12735, 37.21475], [-7.08558, 37.2065], [-7.32787, 37.20156], [-7.36291, 37.18172], [-7.38142, 37.17993], [-7.41442, 37.19282], [-7.40022, 37.17853], [-7.40763, 37.16488], [-7.42431, 37.17504], [-7.44571, 37.17963], [-7.49014, 37.17853], [-7.51179, 37.17178], [-7.62735, 37.11396], [-7.63543, 37.10527], [-7.78661, 37.02269], [-7.81957, 36.99873], [-7.87072, 37.00788], [-7.93244, 37.00854], [-7.94953, 37.01411], [-7.95839, 37.00266], [-7.9912, 37.01411], [-7.97681, 36.9868], [-7.99926, 37.01325], [-8.03527, 37.0375], [-8.10656, 37.06928], [-8.14747, 37.07654], [-8.17915, 37.0881], [-8.2932, 37.07771], [-8.36538, 37.098], [-8.39522, 37.08715], [-8.43883, 37.08274], [-8.48425, 37.09418], [-8.53747, 37.11783], [-8.58015, 37.12397], [-8.64159, 37.11774], [-8.68628, 37.08296], [-8.74767, 37.08295], [-8.80282, 37.06225], [-8.78128, 37.12859], [-8.74318, 37.19191], [-8.69, 37.24841], [-8.40823, 37.46318], [-8.34434, 37.50366], [-8.34705, 37.46553], [-8.33908, 37.45766], [-8.24849, 37.44579], [-8.15662, 37.44788], [-8.11369, 37.44452], [-8.03153, 37.42849], [-7.91366, 37.39526], [-7.79508, 37.45477], [-7.52912, 37.5567], [-7.52969, 37.56717], [-7.51584, 37.58094], [-7.51253, 37.59037], [-7.51434, 37.6014], [-7.50489, 37.60639], [-7.47161, 37.6369], [-7.18693, 37.5768], [-7.12369, 37.58426], [-7.04808, 37.62016], [-7.00645, 37.63407], [-6.91843, 37.65172], [-6.82886, 37.65505], [-6.73969, 37.64412], [-6.67592, 37.62543], [-6.61551, 37.60197], [-6.5779, 37.58131], [-6.51264, 37.5325], [-6.46054, 37.47399], [-6.43877, 37.43937], [-6.43087, 37.43524], [-6.17241, 37.46321], [-6.00356, 37.48765], [-5.85025, 37.5199], [-5.71338, 37.56283], [-5.58946, 37.62028], [-5.47472, 37.69716], [-5.36973, 37.7962], [-5.22649, 37.98427], [-5.12567, 38.09387], [-5.06852, 38.14229], [-5.00685, 38.18622], [-4.94025, 38.226], [-4.86709, 38.26254], [-4.70507, 38.33065], [-4.34728, 38.50337], [-4.25524, 38.53967], [-4.16309, 38.5673], [-4.07224, 38.58291], [-3.95075, 38.58364], [-3.70526, 38.55751], [-3.64176, 38.55424], [-3.57838, 38.55553], [-3.37258, 38.57508], [-3.32726, 38.57148], [-3.28327, 38.55963], [-3.23965, 38.5369], [-3.19658, 38.50107], [-3.14458, 38.41789], [-3.10992, 38.30678], [-3.04985, 38.05884], [-3.00259, 37.94851], [-2.92871, 37.8646], [-2.81736, 37.8209], [-2.66173, 37.82996], [-2.61165, 37.84391], [-2.37177, 37.94991], [-2.32083, 37.96597], [-2.26673, 37.97625], [-2.17012, 37.97764], [-1.9352, 37.9466], [-1.88762, 37.94576], [-1.83759, 37.95102], [-1.79081, 37.96386], [-1.71519, 38.00432], [-1.57529, 38.11503], [-1.49694, 38.16569], [-1.41025, 38.21241], [-1.31672, 38.25498], [-1.21904, 38.29253], [-1.11954, 38.32441], [-1.01201, 38.35267], [-0.95801, 38.41122], [-0.93729, 38.46739], [-0.91947, 38.49935], [-0.87243, 38.55846], [-0.81169, 38.60932], [-0.7423, 38.64886], [-0.64721, 38.73214], [-0.40639, 38.70239], [-0.30978, 38.71761], [-0.26395, 38.7194], [-0.17334, 38.71227], [-0.12835, 38.70324], [-0.04455, 38.67541], [0.03855, 38.62929], [-0.01476, 38.62442], [-0.04296, 38.61172], [-0.05476, 38.59528], [-0.05364, 38.56696], [-0.05995, 38.55294], [-0.07544, 38.53996], [-0.0902, 38.53536], [-0.13174, 38.53535], [-0.17699, 38.52725], [-0.20214, 38.5196], [-0.23425, 38.50156], [-0.32942, 38.47004], [-0.34455, 38.46162], [-0.35083, 38.45003], [-0.39517, 38.41376], [-0.40608, 38.39887], [-0.41369, 38.36482], [-0.46019, 38.36005], [-0.47057, 38.35187], [-0.47437, 38.33675], [-0.50984, 38.33837], [-0.51879, 38.29865], [-0.50403, 38.20722], [-0.51572, 38.19545], [-0.53287, 38.19218], [-0.56884, 38.1942], [-0.59138, 38.18964], [-0.62369, 38.16242], [-0.64501, 38.11603], [-0.65454, 37.98933], [-0.66341, 37.9803], [-0.68993, 37.97215], [-0.71841, 37.94302], [-0.75862, 37.86335], [-0.7561, 37.80606], [-0.76074, 37.79615], [-0.78799, 37.82282], [-0.81242, 37.77009], [-0.82556, 37.76139], [-0.84781, 37.75609], [-0.85611, 37.7425], [-0.85261, 37.72378], [-0.80993, 37.6669], [-0.75479, 37.6413], [-0.73485, 37.63935], [-0.72646, 37.65151], [-0.70801, 37.643], [-0.70126, 37.63133], [-0.70533, 37.61954], [-0.73665, 37.59945], [-0.75451, 37.60431], [-0.83642, 37.57641], [-0.88671, 37.57429], [-0.92516, 37.55591], [-0.9735, 37.5764], [-0.98996, 37.57893], [-1.00642, 37.58145], [-1.08776, 37.58088], [-1.10342, 37.5764], [-1.11999, 37.55903], [-1.10579, 37.53215], [-1.16705, 37.54376], [-1.17858, 37.56388], [-1.2427, 37.5792], [-1.25767, 37.56701], [-1.26168, 37.55767], [-1.32373, 37.56199], [-1.36917, 37.54137], [-1.41394, 37.50641], [-1.45556, 37.4927], [-1.4709, 37.48224], [-1.48836, 37.43322], [-1.49672, 37.42794], [-1.515, 37.43321], [-1.54374, 37.41499], [-1.61872, 37.39228], [-1.64162, 37.38104], [-1.65285, 37.36127], [-1.67089, 37.36331], [-1.68016, 37.35444], [-1.69879, 37.3167], [-1.72836, 37.28258], [-1.78722, 37.23522], [-1.81273, 37.20706], [-1.83035, 37.16637], [-1.85533, 37.07638], [-1.88501, 37.01549], [-1.90612, 36.98762], [-1.90035, 36.94119], [-1.91261, 36.93362], [-1.9414, 36.92988], [-1.98892, 36.9005], [-2.0028, 36.88703], [-2.01306, 36.84578], [-2.05687, 36.81009], [-2.07117, 36.77534], [-2.10082, 36.76516], [-2.11108, 36.74613], [-2.1267, 36.7364], [-2.16613, 36.72758], [-2.20364, 36.73714], [-2.28279, 36.81009], [-2.31835, 36.82791], [-2.36168, 36.83678], [-2.43309, 36.81628], [-2.48144, 36.82994], [-2.56078, 36.81879], [-2.57689, 36.81131], [-2.61738, 36.72825], [-2.65889, 36.69482], [-2.68436, 36.68599], [-2.71825, 36.68205], [-2.73619, 36.68741], [-2.75666, 36.68038], [-2.82099, 36.71389], [-2.84825, 36.70023], [-2.85874, 36.70495], [-2.8861, 36.7344], [-2.91397, 36.75031], [-2.93326, 36.75165], [-2.98772, 36.73712], [-3.07645, 36.74976], [-3.15671, 36.74453], [-3.2279, 36.75483], [-3.32958, 36.7449], [-3.41542, 36.69552], [-3.4776, 36.69611], [-3.51596, 36.72105], [-3.54983, 36.71238], [-3.58639, 36.72659], [-3.6011, 36.74255], [-3.66567, 36.73937], [-3.67983, 36.72882], [-3.73128, 36.72411], [-3.83854, 36.75197], [-3.96096, 36.7268], [-4.05671, 36.74799], [-4.07996, 36.74356], [-4.11018, 36.72574], [-4.22472, 36.7124], [-4.40319, 36.72386], [-4.42032, 36.71988], [-4.43326, 36.71068], [-4.49112, 36.63666], [-4.49537, 36.62056], [-4.52483, 36.58073], [-4.5878, 36.57382], [-4.61503, 36.53056], [-4.65925, 36.50764], [-4.723, 36.49299], [-4.90266, 36.50654], [-4.99417, 36.45711], [-5.06249, 36.45222], [-5.10901, 36.42894], [-5.15762, 36.42194], [-5.18655, 36.4112], [-5.22712, 36.35794], [-5.25366, 36.29711], [-5.27385, 36.28269], [-5.2906, 36.27741], [-5.28532, 36.26081], [-5.33406, 36.18781], [-5.34204, 36.11052], [-5.35024, 36.11929], [-5.36661, 36.16315], [-5.40608, 36.17923], [-5.42544, 36.17975], [-5.44233, 36.14879], [-5.4349, 36.12153], [-5.43989, 36.1142]]], [[[-0.75449, 37.77439], [-0.74943, 37.77488], [-0.73275, 37.74775], [-0.74185, 37.72553], [-0.74014, 37.70246], [-0.7265, 37.66522], [-0.74693, 37.68401], [-0.75449, 37.77439]]], [[[12.31422, 37.92524], [12.29937, 37.91931], [12.28758, 37.92169], [12.27322, 37.93951], [12.28926, 37.93918], [12.31422, 37.94634], [12.33676, 37.93305], [12.3688, 37.92523], [12.35741, 37.91404], [12.34213, 37.91324], [12.31422, 37.92524]]], [[[12.06514, 37.98463], [12.07926, 37.95027], [12.05774, 37.95492], [12.06514, 37.98463]]], [[[1.62307, 38.78328], [1.64887, 38.78824], [1.67926, 38.7882], [1.70672, 38.78335], [1.72373, 38.77375], [1.72728, 38.76403], [1.72193, 38.72841], [1.69887, 38.68008], [1.62347, 38.58903], [1.55527, 38.52457], [1.51793, 38.50217], [1.44992, 38.48444], [1.40267, 38.48006], [1.36586, 38.48259], [1.34864, 38.49031], [1.33161, 38.50412], [1.30578, 38.53922], [1.30248, 38.56104], [1.31865, 38.58791], [1.41035, 38.67496], [1.59977, 38.77438], [1.62307, 38.78328]]], [[[8.36037, 39.11814], [8.38592, 39.10505], [8.41765, 39.10658], [8.44453, 39.10274], [8.46314, 39.06525], [8.47919, 39.0722], [8.48388, 39.06977], [8.45932, 39.04979], [8.46337, 39.04247], [8.45395, 39.02814], [8.43701, 38.9672], [8.42217, 38.96058], [8.40985, 38.96183], [8.40138, 38.98102], [8.36493, 39.02949], [8.3494, 39.06195], [8.35353, 39.09089], [8.34605, 39.0909], [8.34605, 39.09772], [8.36037, 39.11814]]], [[[8.26938, 39.10017], [8.25475, 39.10713], [8.25734, 39.12442], [8.23269, 39.14412], [8.22464, 39.15705], [8.23023, 39.17293], [8.2453, 39.18097], [8.30582, 39.19329], [8.31201, 39.12031], [8.30583, 39.10457], [8.28975, 39.09884], [8.26938, 39.10017]]], [[[2.98057, 39.18555], [2.98535, 39.16618], [2.98229, 39.13919], [2.96215, 39.11607], [2.93088, 39.11819], [2.91363, 39.15196], [2.94043, 39.17192], [2.98057, 39.18555]]], [[[3.85908, 39.73674], [3.91071, 39.74756], [3.98474, 39.75068], [4.11857, 39.74725], [4.22284, 39.65791], [4.25013, 39.62438], [4.27569, 39.5819], [4.28522, 39.55444], [4.28176, 39.53351], [4.26528, 39.51087], [4.2412, 39.48987], [4.21547, 39.47788], [4.20385, 39.4775], [4.18048, 39.48529], [4.13028, 39.5153], [4.05391, 39.57101], [4.00799, 39.59562], [3.96858, 39.59879], [3.87034, 39.59208], [3.8326, 39.59804], [3.81115, 39.61622], [3.79317, 39.64417], [3.78261, 39.67466], [3.78453, 39.69897], [3.79246, 39.70826], [3.82127, 39.72432], [3.85908, 39.73674]]], [[[2.8436, 39.87258], [2.93329, 39.91448], [3.07569, 39.9361], [3.17945, 39.96876], [3.19313, 39.95511], [3.20134, 39.9605], [3.21418, 39.9551], [3.14088, 39.92809], [3.11549, 39.90877], [3.09693, 39.91352], [3.09474, 39.88121], [3.13022, 39.87641], [3.20679, 39.893], [3.20679, 39.88683], [3.19679, 39.88121], [3.19645, 39.86713], [3.18718, 39.85436], [3.13356, 39.83954], [3.12631, 39.83185], [3.12485, 39.8111], [3.13649, 39.78876], [3.16261, 39.76911], [3.19483, 39.75499], [3.22389, 39.7497], [3.29249, 39.7497], [3.30991, 39.75507], [3.34035, 39.77899], [3.3545, 39.78436], [3.38315, 39.77793], [3.43979, 39.75198], [3.47436, 39.74969], [3.46852, 39.73932], [3.47436, 39.71552], [3.46144, 39.70006], [3.46752, 39.68757], [3.45386, 39.6597], [3.4432, 39.64579], [3.4131, 39.63508], [3.40187, 39.62324], [3.39869, 39.60773], [3.406, 39.59199], [3.36541, 39.56306], [3.32325, 39.52387], [3.29176, 39.47578], [3.28247, 39.42013], [3.26881, 39.42756], [3.2526, 39.38618], [3.22103, 39.3599], [3.12941, 39.31574], [3.09099, 39.29007], [3.07911, 39.27689], [3.06081, 39.26908], [3.02931, 39.30463], [3.00133, 39.3177], [2.99138, 39.34728], [2.95883, 39.36323], [2.93816, 39.36437], [2.91261, 39.35868], [2.82576, 39.36358], [2.78664, 39.37593], [2.76174, 39.40022], [2.75123, 39.45478], [2.7366, 39.46211], [2.73953, 39.47829], [2.75489, 39.50263], [2.7435, 39.52338], [2.7151, 39.54352], [2.68165, 39.55866], [2.65528, 39.56472], [2.5691, 39.53152], [2.55568, 39.52005], [2.54492, 39.49299], [2.52039, 39.47301], [2.49269, 39.47025], [2.46902, 39.50589], [2.48064, 39.51622], [2.45395, 39.53742], [2.43816, 39.52523], [2.43117, 39.5277], [2.42596, 39.53742], [2.39186, 39.52376], [2.3821, 39.52925], [2.37371, 39.54719], [2.35565, 39.55867], [2.35175, 39.59675], [2.35769, 39.61188], [2.42909, 39.64654], [2.45045, 39.65034], [2.46827, 39.65937], [2.5176, 39.70013], [2.56967, 39.71308], [2.61769, 39.7497], [2.63137, 39.77012], [2.65187, 39.77013], [2.71038, 39.81839], [2.74741, 39.83161], [2.78485, 39.8567], [2.80323, 39.8616], [2.81325, 39.87257], [2.8436, 39.87258]]], [[[8.47787, 40.82616], [8.52052, 40.82697], [8.5984, 40.85297], [8.63429, 40.88158], [8.64097, 40.89646], [8.70348, 40.91862], [8.74092, 40.88407], [8.79456, 40.85769], [8.86252, 40.81016], [8.89209, 40.78231], [8.93431, 40.72875], [8.94924, 40.72655], [8.96763, 40.74324], [8.96904, 40.75066], [8.9295, 40.78865], [8.88356, 40.85003], [8.85324, 40.92228], [8.80352, 40.93636], [8.83961, 40.96162], [8.87535, 41.00811], [8.88795, 41.01626], [8.88114, 41.02366], [8.9227, 41.03677], [8.94013, 41.06118], [8.95875, 41.07001], [8.99073, 41.09736], [9.00555, 41.12189], [9.02475, 41.12884], [9.10776, 41.13947], [9.13559, 41.16029], [9.14186, 41.15278], [9.15756, 41.16889], [9.16342, 41.18415], [9.16285, 41.22541], [9.17106, 41.24289], [9.23063, 41.26263], [9.23829, 41.24885], [9.25782, 41.24965], [9.26806, 41.23664], [9.26743, 41.20197], [9.27833, 41.19501], [9.27491, 41.21239], [9.27833, 41.22175], [9.28532, 41.22174], [9.2893, 41.20873], [9.28533, 41.19501], [9.31251, 41.20123], [9.33302, 41.18757], [9.33524, 41.21165], [9.35205, 41.20725], [9.38819, 41.18073], [9.38819, 41.18757], [9.42237, 41.18072], [9.42236, 41.17451], [9.4087, 41.1603], [9.42017, 41.15643], [9.44287, 41.13297], [9.43678, 41.11538], [9.44288, 41.09199], [9.46043, 41.12047], [9.47005, 41.12613], [9.45657, 41.14036], [9.46909, 41.14617], [9.50807, 41.14037], [9.52393, 41.14971], [9.53222, 41.14037], [9.52475, 41.13296], [9.54615, 41.12092], [9.55957, 41.12611], [9.5664, 41.11932], [9.56225, 41.09712], [9.5459, 41.07772], [9.53907, 41.09199], [9.52125, 41.03168], [9.51189, 41.01626], [9.53224, 41.01626], [9.52475, 41.0305], [9.54314, 41.03692], [9.5542, 41.03461], [9.55755, 41.02527], [9.55275, 41.00947], [9.55779, 41.00943], [9.55958, 41.01626], [9.57325, 41.00947], [9.58815, 41.02069], [9.61544, 41.01961], [9.66259, 41.00263], [9.65121, 40.99113], [9.60426, 41.00263], [9.58758, 40.99579], [9.57886, 40.96199], [9.56642, 40.94863], [9.57112, 40.93489], [9.55742, 40.93122], [9.51189, 40.93431], [9.51254, 40.92796], [9.50424, 40.92691], [9.51197, 40.91519], [9.53907, 40.92064], [9.57325, 40.9064], [9.59278, 40.9099], [9.62257, 40.92376], [9.64208, 40.92063], [9.63151, 40.90486], [9.61411, 40.8996], [9.61411, 40.89338], [9.65576, 40.87604], [9.66326, 40.85822], [9.68311, 40.86541], [9.69939, 40.85004], [9.72394, 40.84492], [9.681, 40.82978], [9.68978, 40.81079], [9.67449, 40.81391], [9.66179, 40.80903], [9.65789, 40.79987], [9.66879, 40.79035], [9.66977, 40.80146], [9.67579, 40.78864], [9.70394, 40.75942], [9.7142, 40.72724], [9.74446, 40.68048], [9.75652, 40.59516], [9.76157, 40.58735], [9.7819, 40.58197], [9.79225, 40.55695], [9.82641, 40.5296], [9.80875, 40.47077], [9.77809, 40.42723], [9.76172, 40.3907], [9.74935, 40.37727], [9.71241, 40.3664], [9.68311, 40.32421], [9.64552, 40.29609], [9.62615, 40.26309], [9.63111, 40.19619], [9.65463, 40.1446], [9.66505, 40.13158], [9.68758, 40.12085], [9.71022, 40.09634], [9.73226, 40.08393], [9.73023, 40.06836], [9.69337, 39.99291], [9.68727, 39.96117], [9.69662, 39.93378], [9.71, 39.94032], [9.71566, 39.94012], [9.71777, 39.93378], [9.71452, 39.92451], [9.69663, 39.9195], [9.68434, 39.89423], [9.68977, 39.87173], [9.68312, 39.87173], [9.68312, 39.86555], [9.69661, 39.85805], [9.69661, 39.85188], [9.68425, 39.83991], [9.67026, 39.79377], [9.67622, 39.71783], [9.65113, 39.65249], [9.65303, 39.56707], [9.62843, 39.50178], [9.64483, 39.48374], [9.63899, 39.45246], [9.61411, 39.39936], [9.60206, 39.35566], [9.60353, 39.32624], [9.6346, 39.30316], [9.6346, 39.29695], [9.60727, 39.28901], [9.58188, 39.2663], [9.56756, 39.2381], [9.57324, 39.21382], [9.5656, 39.20506], [9.57991, 39.18708], [9.56641, 39.14924], [9.55778, 39.13972], [9.52272, 39.1249], [9.51856, 39.10458], [9.5071, 39.1114], [9.51189, 39.12442], [9.49635, 39.13361], [9.48072, 39.13557], [9.44289, 39.12443], [9.438, 39.13337], [9.40871, 39.14616], [9.34506, 39.19644], [9.31191, 39.2081], [9.29217, 39.22126], [9.28533, 39.21383], [9.25245, 39.22516], [9.21632, 39.22801], [9.19744, 39.22114], [9.16602, 39.18709], [9.1369, 39.19433], [9.07301, 39.24852], [9.06373, 39.24307], [9.03875, 39.26219], [9.01393, 39.2639], [9.01254, 39.26056], [9.02573, 39.25601], [9.02101, 39.24042], [9.03785, 39.22712], [9.07496, 39.22989], [9.07985, 39.2246], [9.07894, 39.21235], [9.03859, 39.17902], [9.02622, 39.16523], [9.01832, 39.14614], [9.01873, 39.10395], [9.03199, 39.06977], [9.04492, 39.05126], [9.02931, 39.03026], [9.01832, 38.99531], [9.0257, 38.99531], [9.01515, 38.98966], [9.00465, 38.99531], [8.99615, 38.98265], [8.89489, 38.90243], [8.87745, 38.89907], [8.85328, 38.87801], [8.84126, 38.8807], [8.80543, 38.90595], [8.80542, 38.88547], [8.79103, 38.90445], [8.76661, 38.9204], [8.73951, 38.93065], [8.71656, 38.9326], [8.66879, 38.91059], [8.65162, 38.89155], [8.65511, 38.87117], [8.64096, 38.86434], [8.63479, 38.87116], [8.64283, 38.88996], [8.63315, 38.89557], [8.59988, 38.89908], [8.59988, 38.90595], [8.615, 38.923], [8.61549, 38.94758], [8.60328, 38.96491], [8.5801, 38.96053], [8.55958, 39.05671], [8.54428, 39.05127], [8.50442, 39.06294], [8.51808, 39.08344], [8.5044, 39.09089], [8.48277, 39.08039], [8.4651, 39.11945], [8.45428, 39.1249], [8.44224, 39.11816], [8.43539, 39.16596], [8.41879, 39.17731], [8.41261, 39.17573], [8.4157, 39.16598], [8.40952, 39.16934], [8.39869, 39.20116], [8.38015, 39.20759], [8.37283, 39.22208], [8.37673, 39.23785], [8.42644, 39.28327], [8.43214, 39.30182], [8.41572, 39.32368], [8.41725, 39.33902], [8.3821, 39.35969], [8.37405, 39.37885], [8.40138, 39.41242], [8.40504, 39.42719], [8.38691, 39.46979], [8.43531, 39.52521], [8.46339, 39.57685], [8.45592, 39.58438], [8.46388, 39.59789], [8.44225, 39.71467], [8.44646, 39.73086], [8.44403, 39.75702], [8.44607, 39.76251], [8.46858, 39.75494], [8.49977, 39.71621], [8.51694, 39.70213], [8.53826, 39.69603], [8.56577, 39.70108], [8.5145, 39.71369], [8.5044, 39.7215], [8.50686, 39.73847], [8.54526, 39.78294], [8.53859, 39.78294], [8.53053, 39.77041], [8.51811, 39.76254], [8.5298, 39.77253], [8.54884, 39.8072], [8.55519, 39.85269], [8.54526, 39.87857], [8.52345, 39.89887], [8.49415, 39.91242], [8.46306, 39.91413], [8.4354, 39.89899], [8.44223, 39.89281], [8.44557, 39.8981], [8.46336, 39.89899], [8.44467, 39.88361], [8.43539, 39.85808], [8.42874, 39.86555], [8.43751, 39.87678], [8.3983, 39.90535], [8.39455, 39.91267], [8.40138, 39.94001], [8.39452, 39.98817], [8.4065, 40.00983], [8.40707, 40.0222], [8.39454, 40.0362], [8.38014, 40.03011], [8.37722, 40.03376], [8.40138, 40.04986], [8.43483, 40.05101], [8.4686, 40.06216], [8.48731, 40.08954], [8.49, 40.10448], [8.46731, 40.14472], [8.45966, 40.21601], [8.47641, 40.26215], [8.47608, 40.29214], [8.4629, 40.31452], [8.44125, 40.33145], [8.4157, 40.34528], [8.40821, 40.33785], [8.38601, 40.3518], [8.38357, 40.37177], [8.39454, 40.42381], [8.37989, 40.4687], [8.36557, 40.49213], [8.33173, 40.51069], [8.31202, 40.57807], [8.29151, 40.59536], [8.26734, 40.59406], [8.21632, 40.57064], [8.19599, 40.57808], [8.21632, 40.61221], [8.19337, 40.6175], [8.17661, 40.60659], [8.16179, 40.56382], [8.14738, 40.59303], [8.14065, 40.62518], [8.17384, 40.64159], [8.18531, 40.65656], [8.1885, 40.68048], [8.19744, 40.69123], [8.17385, 40.69698], [8.14584, 40.72602], [8.13382, 40.72892], [8.215, 40.88044], [8.21632, 40.8996], [8.20973, 40.91445], [8.1789, 40.92817], [8.18231, 40.9453], [8.20217, 40.97528], [8.20963, 40.97528], [8.21258, 40.96345], [8.22901, 40.96254], [8.23616, 40.95478], [8.22926, 40.92158], [8.23317, 40.9101], [8.27784, 40.86542], [8.31023, 40.85065], [8.42188, 40.83877], [8.47787, 40.82616]]], [[[9.73414, 40.87632], [9.74462, 40.86916], [9.73404, 40.85811], [9.71934, 40.86376], [9.71399, 40.87348], [9.73414, 40.87632]]], [[[9.74007, 40.9123], [9.69134, 40.8883], [9.67606, 40.89022], [9.73633, 40.92429], [9.74007, 40.9123]]], [[[8.22902, 41.04187], [8.24511, 41.05447], [8.27904, 41.05783], [8.25115, 41.04377], [8.24642, 40.99365], [8.20967, 40.9958], [8.2187, 41.00752], [8.22902, 41.04187]]], [[[9.39552, 41.1896], [9.39438, 41.19507], [9.40821, 41.20742], [9.41748, 41.20042], [9.40781, 41.18513], [9.40235, 41.19021], [9.39552, 41.1896]]], [[[9.43702, 41.18594], [9.44776, 41.20506], [9.44353, 41.21149], [9.44646, 41.2204], [9.46026, 41.24233], [9.47477, 41.23606], [9.47948, 41.22419], [9.47038, 41.17212], [9.44874, 41.18553], [9.44166, 41.18306], [9.43702, 41.18594]]], [[[9.42188, 41.26088], [9.4305, 41.24628], [9.42905, 41.2294], [9.43531, 41.21703], [9.39527, 41.2106], [9.37697, 41.21333], [9.37306, 41.22987], [9.39186, 41.24071], [9.39797, 41.25604], [9.41424, 41.26242], [9.42188, 41.26088]]], [[[9.14162, 41.24643], [9.15837, 41.24216], [9.14674, 41.23002], [9.13748, 41.24087], [9.14162, 41.24643]]], [[[9.3297, 41.23758], [9.33287, 41.25079], [9.35302, 41.24782], [9.35075, 41.23221], [9.34221, 41.22815], [9.3297, 41.23758]]], [[[9.34466, 41.27482], [9.33108, 41.28104], [9.33499, 41.28559], [9.3506, 41.28872], [9.34986, 41.27583], [9.34466, 41.27482]]], [[[9.36475, 41.28792], [9.35825, 41.2969], [9.37686, 41.30759], [9.3789, 41.29585], [9.36475, 41.28792]]], [[[9.35328, 41.29934], [9.35418, 41.29287], [9.33702, 41.2945], [9.33092, 41.30471], [9.33525, 41.30827], [9.35328, 41.29934]]], [[[9.27001, 41.36762], [9.26262, 41.3608], [9.25043, 41.36547], [9.25157, 41.37115], [9.26481, 41.37213], [9.26433, 41.36636], [9.27001, 41.36762]]], [[[8.5521, 42.38669], [8.57049, 42.38178], [8.58628, 42.39296], [8.59864, 42.3876], [8.61844, 42.41942], [8.65089, 42.42328], [8.65952, 42.42988], [8.6614, 42.45189], [8.67677, 42.47248], [8.65709, 42.48005], [8.6675, 42.50971], [8.68044, 42.52105], [8.71656, 42.53071], [8.7108, 42.54011], [8.71632, 42.562], [8.70917, 42.57915], [8.71973, 42.57598], [8.72348, 42.5655], [8.74, 42.57232], [8.77125, 42.55805], [8.78696, 42.562], [8.80747, 42.58511], [8.81284, 42.59959], [8.80546, 42.60642], [8.84303, 42.60806], [8.90651, 42.63246], [9.01832, 42.65013], [9.04998, 42.66218], [9.053, 42.68158], [9.11814, 42.73204], [9.16521, 42.73516], [9.23682, 42.72255], [9.26465, 42.70888], [9.28533, 42.67475], [9.29217, 42.67475], [9.32789, 42.72004], [9.34254, 42.74909], [9.33303, 42.77094], [9.34099, 42.79011], [9.33546, 42.8076], [9.30569, 42.83926], [9.33302, 42.86713], [9.32634, 42.88552], [9.33027, 42.90355], [9.3602, 42.92862], [9.35574, 42.93651], [9.3602, 42.94912], [9.34996, 42.95723], [9.34345, 42.97309], [9.34661, 43.0035], [9.36305, 43.01153], [9.40431, 43.01166], [9.42237, 43.01739], [9.43556, 43.00373], [9.46403, 42.99005], [9.45387, 42.96381], [9.47005, 42.94229], [9.4655, 42.92353], [9.48437, 42.83242], [9.48268, 42.80208], [9.45037, 42.70889], [9.45037, 42.65363], [9.44288, 42.64057], [9.45655, 42.63443], [9.46168, 42.61982], [9.45655, 42.60643], [9.4646, 42.60162], [9.4769, 42.57917], [9.51189, 42.5655], [9.50913, 42.57998], [9.48964, 42.61255], [9.52814, 42.56329], [9.53338, 42.45624], [9.5459, 42.43513], [9.53541, 42.40819], [9.53224, 42.37372], [9.55957, 42.29458], [9.55226, 42.17015], [9.55957, 42.14655], [9.55281, 42.11326], [9.54573, 42.10417], [9.51856, 42.08511], [9.4923, 42.0476], [9.40317, 41.95295], [9.3943, 41.84797], [9.403, 41.77949], [9.40161, 41.70645], [9.37224, 41.6839], [9.36704, 41.67422], [9.38069, 41.67421], [9.37785, 41.65623], [9.37304, 41.64518], [9.36387, 41.64018], [9.34522, 41.64033], [9.34667, 41.61958], [9.31821, 41.62714], [9.29217, 41.62641], [9.29394, 41.61762], [9.27858, 41.59838], [9.29217, 41.59162], [9.34504, 41.60448], [9.35416, 41.5954], [9.35065, 41.5814], [9.32693, 41.56125], [9.29965, 41.55329], [9.28198, 41.53328], [9.26466, 41.53083], [9.26986, 41.51679], [9.26466, 41.50288], [9.2762, 41.49941], [9.27913, 41.49165], [9.26466, 41.47614], [9.27083, 41.46874], [9.22803, 41.45003], [9.2107, 41.44823], [9.2107, 41.44086], [9.22332, 41.42731], [9.2107, 41.40729], [9.25032, 41.42778], [9.23885, 41.39606], [9.22288, 41.37239], [9.20643, 41.36598], [9.19387, 41.36914], [9.16912, 41.38618], [9.09646, 41.40352], [9.10728, 41.42926], [9.12135, 41.43464], [9.06659, 41.46191], [9.07985, 41.47614], [9.07985, 41.48237], [9.03875, 41.46192], [9.03199, 41.46874], [9.03875, 41.47614], [9.01832, 41.46875], [9.00099, 41.48306], [8.95102, 41.49189], [8.93572, 41.48921], [8.90691, 41.50731], [8.88365, 41.51119], [8.87371, 41.52338], [8.83963, 41.53083], [8.85328, 41.53766], [8.85328, 41.54385], [8.83334, 41.55073], [8.80991, 41.55269], [8.79177, 41.56123], [8.7964, 41.58055], [8.79322, 41.58731], [8.77811, 41.59163], [8.80177, 41.63905], [8.81902, 41.63264], [8.87257, 41.65107], [8.88111, 41.65713], [8.88577, 41.67088], [8.9227, 41.69465], [8.78884, 41.71256], [8.77615, 41.7224], [8.78492, 41.7425], [8.7601, 41.74266], [8.71908, 41.73071], [8.69559, 41.72945], [8.70297, 41.7425], [8.68873, 41.74177], [8.65516, 41.74991], [8.6963, 41.7582], [8.71754, 41.77204], [8.72022, 41.79169], [8.70917, 41.79707], [8.70917, 41.8045], [8.75229, 41.8098], [8.78492, 41.82441], [8.77231, 41.8404], [8.75088, 41.84553], [8.79176, 41.85912], [8.78175, 41.87368], [8.77811, 41.8728], [8.80543, 41.90693], [8.79177, 41.91377], [8.78142, 41.92878], [8.76441, 41.93427], [8.7444, 41.93281], [8.68907, 41.91384], [8.62989, 41.90864], [8.61427, 41.9008], [8.60728, 41.91376], [8.61866, 41.93049], [8.61443, 41.94408], [8.5863, 41.96897], [8.63551, 41.97264], [8.65504, 41.9787], [8.66879, 41.99632], [8.65612, 42.00288], [8.66457, 42.01446], [8.68434, 42.02557], [8.74342, 42.04414], [8.74497, 42.05659], [8.72349, 42.0721], [8.69923, 42.10932], [8.68881, 42.11115], [8.6609, 42.10547], [8.64772, 42.12202], [8.62957, 42.13007], [8.58629, 42.1335], [8.59376, 42.14655], [8.57814, 42.1542], [8.55975, 42.15402], [8.59376, 42.16706], [8.59376, 42.17451], [8.56578, 42.17452], [8.56578, 42.18129], [8.57765, 42.18488], [8.5818, 42.19452], [8.57781, 42.20441], [8.56578, 42.20857], [8.57407, 42.21992], [8.54527, 42.23286], [8.5495, 42.24225], [8.58627, 42.24335], [8.61086, 42.25461], [8.65113, 42.2604], [8.68776, 42.27294], [8.68873, 42.28095], [8.63479, 42.30484], [8.62517, 42.31916], [8.60515, 42.31064], [8.59988, 42.32192], [8.63478, 42.33893], [8.6128, 42.35244], [8.59156, 42.35114], [8.55213, 42.33896], [8.55958, 42.34638], [8.54909, 42.3771], [8.5521, 42.38669]]], [[[10.87637, 42.37444], [10.87584, 42.38678], [10.88299, 42.39214], [10.91345, 42.37523], [10.92956, 42.34056], [10.93975, 42.33066], [10.92333, 42.31874], [10.87194, 42.35387], [10.86185, 42.36628], [10.87637, 42.37444]]], [[[10.05285, 42.5891], [10.06276, 42.59203], [10.08431, 42.61468], [10.0979, 42.58796], [10.09538, 42.57698], [10.08578, 42.57247], [10.05861, 42.576], [10.05032, 42.58194], [10.05285, 42.5891]]], [[[10.40412, 42.65676], [10.35624, 42.65685], [10.27188, 42.64967], [10.21908, 42.65194], [10.19672, 42.65823], [10.18797, 42.66472], [10.18033, 42.68264], [10.18043, 42.74707], [10.29776, 42.732], [10.36114, 42.72963], [10.37667, 42.73582], [10.37168, 42.73802], [10.36427, 42.74982], [10.3379, 42.76484], [10.32369, 42.76224], [10.28732, 42.785], [10.26219, 42.80423], [10.2649, 42.80939], [10.25906, 42.81191], [10.27215, 42.81875], [10.27216, 42.82733], [10.32682, 42.82623], [10.32211, 42.81171], [10.33277, 42.80598], [10.34734, 42.80585], [10.38136, 42.83242], [10.39993, 42.86883], [10.41236, 42.87335], [10.43082, 42.86458], [10.44335, 42.84545], [10.43116, 42.82787], [10.43668, 42.80443], [10.43011, 42.78779], [10.42005, 42.77632], [10.38885, 42.7635], [10.41087, 42.75447], [10.44823, 42.77447], [10.46176, 42.77542], [10.47426, 42.76981], [10.49012, 42.7526], [10.50035, 42.73392], [10.51069, 42.69037], [10.50905, 42.64738], [10.49778, 42.61576], [10.49222, 42.61351], [10.47063, 42.62181], [10.42765, 42.64688], [10.40412, 42.65676]]], [[[9.80722, 43.06653], [9.82578, 43.07462], [9.84749, 43.05857], [9.85479, 43.04428], [9.84212, 43.02496], [9.82295, 43.00847], [9.80151, 43.00782], [9.78461, 43.02844], [9.80722, 43.06653]]], [[[9.90789, 43.44648], [9.91569, 43.44293], [9.90845, 43.42692], [9.89423, 43.43253], [9.89765, 43.44342], [9.90789, 43.44648]]], [[[12.41822, 45.42036], [12.37623, 45.42255], [12.32147, 45.34804], [12.32802, 45.37244], [12.37184, 45.42487], [12.38917, 45.43354], [12.40748, 45.43065], [12.43085, 45.41571], [12.41822, 45.42036]]], [[[12.32066, 45.42984], [12.31659, 45.44306], [12.32985, 45.4588], [12.34717, 45.4588], [12.36378, 45.44965], [12.36207, 45.43814], [12.33725, 45.42741], [12.32066, 45.42984]]], [[[14.53463, 35.71076], [14.54473, 35.79521], [14.63203, 35.78482], [14.70502, 35.7513], [14.74016, 35.72886], [14.76046, 35.70489], [14.76083, 35.69424], [14.75659, 35.68331], [14.73884, 35.6587], [14.71499, 35.63731], [14.70306, 35.63044], [14.67325, 35.62786], [14.6522, 35.63143], [14.60827, 35.64583], [14.55334, 35.6766], [14.54202, 35.68699], [14.53463, 35.71076]]], [[[12.72535, 38.12592], [12.71992, 38.17548], [12.73178, 38.19275], [12.7378, 38.18098], [12.76091, 38.18097], [12.79078, 38.11709], [12.81837, 38.07795], [12.86889, 38.05133], [12.86964, 38.04255], [12.90113, 38.02806], [12.94418, 38.03286], [13.02735, 38.0624], [13.06137, 38.08348], [13.0713, 38.09553], [13.06617, 38.12303], [13.05471, 38.14183], [13.08937, 38.166], [13.08377, 38.17471], [13.10093, 38.19008], [13.11248, 38.19276], [13.15699, 38.17967], [13.20721, 38.17609], [13.23032, 38.18464], [13.23903, 38.207], [13.25441, 38.20254], [13.31812, 38.22064], [13.32324, 38.21796], [13.32838, 38.20018], [13.37191, 38.17279], [13.3733, 38.14069], [13.39137, 38.10318], [13.51352, 38.11053], [13.54126, 38.09406], [13.53932, 38.07685], [13.54737, 38.05622], [13.58708, 38.03912], [13.65113, 38.00096], [13.69799, 37.99351], [13.71191, 37.98793], [13.70509, 37.98046], [13.79078, 37.97362], [13.81267, 37.97793], [13.85719, 37.99672], [13.89828, 38.00446], [13.93849, 38.02887], [14.00717, 38.03828], [14.02052, 38.04937], [14.08326, 38.02383], [14.10629, 38.02143], [14.15138, 38.02886], [14.2732, 38.01512], [14.33123, 38.01801], [14.38461, 38.02953], [14.4319, 38.04937], [14.46412, 38.03718], [14.51173, 38.04438], [14.63461, 38.08149], [14.66774, 38.09919], [14.73399, 38.15771], [14.7448, 38.16135], [14.79811, 38.16035], [14.87403, 38.17569], [14.90708, 38.18768], [14.94474, 38.1819], [14.96974, 38.15925], [15.00734, 38.1518], [15.04899, 38.15179], [15.0687, 38.13129], [15.0879, 38.12824], [15.17742, 38.15632], [15.2033, 38.1833], [15.24073, 38.24116], [15.23718, 38.26479], [15.24317, 38.26479], [15.24633, 38.25434], [15.24073, 38.23029], [15.24537, 38.21723], [15.25758, 38.21019], [15.29184, 38.20702], [15.32106, 38.21088], [15.39967, 38.23257], [15.43377, 38.25315], [15.47291, 38.26781], [15.51288, 38.29758], [15.52866, 38.30263], [15.55925, 38.3001], [15.61598, 38.28022], [15.6516, 38.27529], [15.64242, 38.26228], [15.62428, 38.26166], [15.58375, 38.24042], [15.56967, 38.22696], [15.55991, 38.19977], [15.57592, 38.20017], [15.52703, 38.13679], [15.50033, 38.08495], [15.39259, 37.97614], [15.26645, 37.81211], [15.24122, 37.79556], [15.21306, 37.76146], [15.20655, 37.74775], [15.22021, 37.70673], [15.21606, 37.69673], [15.20216, 37.68537], [15.19677, 37.6551], [15.16391, 37.5679], [15.1159, 37.52228], [15.09669, 37.49445], [15.08953, 37.45946], [15.09205, 37.36054], [15.09669, 37.34369], [15.11069, 37.32185], [15.18002, 37.29076], [15.21745, 37.28497], [15.23666, 37.27472], [15.25195, 37.25771], [15.26122, 37.23386], [15.24488, 37.24616], [15.23561, 37.24193], [15.22024, 37.22019], [15.22169, 37.23745], [15.21583, 37.2447], [15.20541, 37.2447], [15.19288, 37.23998], [15.19905, 37.22761], [15.18344, 37.20746], [15.19467, 37.17634], [15.21648, 37.15522], [15.23325, 37.16485], [15.24756, 37.15867], [15.24756, 37.15185], [15.22918, 37.14964], [15.23178, 37.13491], [15.24659, 37.11823], [15.30322, 37.10122], [15.30786, 37.08666], [15.30274, 37.0625], [15.28793, 37.069], [15.28199, 37.06086], [15.2837, 37.04841], [15.29184, 37.04198], [15.31226, 37.044], [15.32105, 37.04022], [15.33235, 37.01163], [15.32472, 37.0085], [15.30893, 37.01777], [15.26808, 37.00043], [15.2749, 36.9936], [15.26384, 36.98713], [15.26806, 36.9731], [15.24448, 36.97207], [15.17465, 36.94408], [15.15838, 36.92422], [15.10768, 36.82014], [15.10661, 36.80858], [15.09401, 36.79955], [15.09889, 36.77945], [15.11726, 36.74693], [15.13493, 36.68769], [15.13428, 36.6752], [15.11451, 36.65991], [15.09392, 36.65494], [15.07358, 36.65913], [15.03305, 36.69391], [15.00717, 36.70279], [14.99781, 36.70222], [14.98243, 36.68888], [14.95729, 36.69783], [14.91863, 36.71988], [14.88217, 36.73066], [14.84685, 36.72626], [14.78078, 36.69938], [14.77345, 36.71003], [14.76092, 36.70622], [14.74431, 36.71914], [14.68459, 36.72603], [14.65895, 36.75381], [14.5822, 36.78132], [14.56593, 36.77832], [14.48732, 36.79337], [14.47562, 36.80517], [14.39454, 36.94501], [14.36988, 36.97309], [14.27882, 37.04401], [14.20851, 37.08112], [14.12631, 37.11225], [14.08863, 37.11774], [13.97633, 37.1103], [13.93849, 37.09594], [13.89467, 37.10078], [13.83269, 37.13955], [13.71584, 37.17138], [13.68345, 37.18936], [13.59881, 37.25674], [13.56918, 37.2735], [13.45265, 37.29883], [13.32961, 37.36628], [13.31129, 37.38084], [13.27802, 37.39371], [13.25327, 37.43179], [13.22536, 37.44604], [13.20606, 37.46393], [13.18923, 37.46972], [13.17408, 37.48701], [13.05152, 37.50068], [13.02638, 37.49324], [13.01054, 37.50673], [13.00001, 37.53547], [12.97413, 37.55744], [12.94264, 37.56851], [12.86215, 37.5764], [12.78093, 37.57421], [12.69776, 37.56274], [12.65936, 37.56514], [12.63625, 37.58223], [12.59474, 37.63789], [12.57781, 37.652], [12.56349, 37.65778], [12.52361, 37.65836], [12.50621, 37.66552], [12.48916, 37.68255], [12.46503, 37.7198], [12.45631, 37.75975], [12.42703, 37.79703], [12.42741, 37.80905], [12.44459, 37.81597], [12.44606, 37.81184], [12.46502, 37.82282], [12.47869, 37.88117], [12.46413, 37.91291], [12.49049, 37.95401], [12.50294, 37.99706], [12.50416, 38.01122], [12.49295, 38.02143], [12.52345, 38.03144], [12.57635, 38.07171], [12.60841, 38.0624], [12.65162, 38.0915], [12.66245, 38.11627], [12.7046, 38.11083], [12.72535, 38.12592]]], [[[14.95912, 38.43293], [14.96631, 38.43292], [14.96632, 38.41869], [14.99365, 38.40302], [15.00724, 38.37789], [14.98683, 38.3641], [14.94827, 38.39644], [14.94534, 38.41226], [14.95912, 38.43293]]], [[[14.97933, 38.4814], [14.95265, 38.48139], [14.96631, 38.45345], [14.94874, 38.45093], [14.90774, 38.47395], [14.89944, 38.48168], [14.90065, 38.49858], [14.96178, 38.51928], [14.96606, 38.51626], [14.95883, 38.50186], [14.97933, 38.48753], [14.97933, 38.4814]]], [[[15.96803, 38.71259], [16.00262, 38.7254], [16.04884, 38.72772], [16.12086, 38.72093], [16.1434, 38.72801], [16.17921, 38.74828], [16.20094, 38.77644], [16.2151, 38.81415], [16.22169, 38.85659], [16.22006, 38.89908], [16.20936, 38.92699], [16.28881, 38.99532], [16.30186, 39.10013], [16.32631, 39.1686], [16.367, 39.23124], [16.39323, 39.26012], [16.48267, 39.32964], [16.49418, 39.4105], [16.5291, 39.48828], [16.50625, 39.56943], [16.50274, 39.60429], [16.51575, 39.73388], [16.52856, 39.7215], [16.52858, 39.71488], [16.51564, 39.6896], [16.54591, 39.66087], [16.59148, 39.63679], [16.62485, 39.62531], [16.74976, 39.62001], [16.78248, 39.61163], [16.81626, 39.59088], [16.8462, 39.55268], [16.906, 39.52972], [16.95297, 39.49921], [16.99537, 39.49273], [17.01148, 39.48614], [17.05714, 39.44164], [17.08855, 39.42259], [17.1242, 39.409], [17.15868, 39.40619], [17.12224, 39.33832], [17.11492, 39.28278], [17.11769, 39.25601], [17.14567, 39.21068], [17.12224, 39.12104], [17.12452, 39.09089], [17.15846, 39.04047], [17.20636, 39.02948], [17.17661, 39.01211], [17.17237, 39.00519], [17.17236, 38.96052], [17.1277, 38.92878], [17.10402, 38.8991], [17.09498, 38.91913], [17.07057, 38.9228], [17.04225, 38.91625], [17.02199, 38.90596], [16.99635, 38.92951], [16.98129, 38.9372], [16.93507, 38.93871], [16.83855, 38.9182], [16.72779, 38.87885], [16.68776, 38.85586], [16.67074, 38.84065], [16.61061, 38.81656], [16.58562, 38.79784], [16.57439, 38.78506], [16.56372, 38.75675], [16.53883, 38.72333], [16.53484, 38.6999], [16.54907, 38.68992], [16.55885, 38.59602], [16.57698, 38.52855], [16.56947, 38.42932], [16.56136, 38.41633], [16.50814, 38.37154], [16.49757, 38.36929], [16.46705, 38.34871], [16.43507, 38.33999], [16.33985, 38.30085], [16.30633, 38.27709], [16.16944, 38.14322], [16.15187, 38.11083], [16.12542, 38.00466], [16.10143, 37.96066], [16.07733, 37.94001], [16.06316, 37.93269], [16.00099, 37.91902], [15.94215, 37.93309], [15.76179, 37.92525], [15.73465, 37.93106], [15.68442, 37.95352], [15.64553, 37.98835], [15.63512, 38.0091], [15.63837, 38.02773], [15.65846, 38.04255], [15.62414, 38.09188], [15.62746, 38.10736], [15.6478, 38.14313], [15.63284, 38.22028], [15.65057, 38.24103], [15.6846, 38.2532], [15.78647, 38.27802], [15.81284, 38.3006], [15.8299, 38.35124], [15.9048, 38.47394], [15.91782, 38.51679], [15.91603, 38.55036], [15.90008, 38.57827], [15.83548, 38.62825], [15.83661, 38.64899], [15.8445, 38.66038], [15.9048, 38.67939], [15.96803, 38.71259]], [[16.52361, 39.27179], [16.51775, 39.26274], [16.52584, 39.21477], [16.53102, 39.20915], [16.54193, 39.20862], [16.60688, 39.23347], [16.6053, 39.24434], [16.562, 39.26775], [16.52361, 39.27179]]], [[[13.96581, 40.73505], [13.96581, 40.71528], [13.94467, 40.70162], [13.93483, 40.70563], [13.91977, 40.7045], [13.89015, 40.69417], [13.84915, 40.71528], [13.86151, 40.74404], [13.87013, 40.74872], [13.8631, 40.7624], [13.88315, 40.76239], [13.94606, 40.74525], [13.96581, 40.73505]]], [[[14.01352, 40.74755], [14.01708, 40.73727], [14.00587, 40.74689], [14.001, 40.74397], [14.0041, 40.76219], [14.01767, 40.77028], [14.03531, 40.75984], [14.02182, 40.75719], [14.02588, 40.75032], [14.01352, 40.74755]]], [[[13.42417, 40.80023], [13.43196, 40.80145], [13.42692, 40.79085], [13.41475, 40.7859], [13.42417, 40.80023]]], [[[12.952, 40.88155], [12.94208, 40.89981], [12.94851, 40.91791], [12.98219, 40.93756], [12.99177, 40.93318], [12.9686, 40.91946], [12.96095, 40.90322], [12.96647, 40.89305], [12.95834, 40.882], [12.952, 40.88155]]], [[[15.48382, 42.11856], [15.49256, 42.1239], [15.49674, 42.11603], [15.48471, 42.10144], [15.47773, 42.10412], [15.48382, 42.11856]]], [[[16.51827, 42.77342], [16.53417, 42.76288], [16.52556, 42.75704], [16.51043, 42.75975], [16.48936, 42.7467], [16.48619, 42.75165], [16.50694, 42.77158], [16.51827, 42.77342]]], [[[16.84619, 43.27339], [16.81285, 43.26776], [16.62827, 43.26375], [16.56398, 43.27009], [16.50075, 43.28426], [16.4219, 43.31758], [16.40582, 43.33268], [16.42628, 43.32518], [16.42678, 43.33148], [16.43979, 43.33271], [16.43492, 43.34642], [16.45346, 43.35318], [16.4263, 43.3941], [16.44703, 43.39483], [16.49391, 43.38231], [16.688, 43.37696], [16.80981, 43.35317], [16.80982, 43.34638], [16.79615, 43.34638], [16.81625, 43.34024], [16.83033, 43.34637], [16.85817, 43.32518], [16.88509, 43.32196], [16.89233, 43.3122], [16.87956, 43.29394], [16.87232, 43.288], [16.86443, 43.29169], [16.84619, 43.27339]]], [[[16.27702, 43.41192], [16.29818, 43.40363], [16.30275, 43.38727], [16.32984, 43.3897], [16.39143, 43.34638], [16.37598, 43.33345], [16.34895, 43.33863], [16.28175, 43.36937], [16.23227, 43.38447], [16.20706, 43.38728], [16.20641, 43.39181], [16.21323, 43.39411], [16.20054, 43.40684], [16.20559, 43.4129], [16.27702, 43.41192]]], [[[16.14812, 43.43537], [16.14144, 43.4294], [16.11501, 43.42944], [16.12144, 43.44778], [16.13754, 43.44973], [16.1345, 43.45616], [16.14942, 43.459], [16.16536, 43.44973], [16.1704, 43.43607], [16.1648, 43.43302], [16.14812, 43.43537]]], [[[16.31031, 43.50775], [16.37523, 43.49017], [16.37077, 43.48433], [16.33363, 43.48141], [16.28199, 43.48794], [16.24643, 43.48144], [16.21168, 43.48993], [16.21178, 43.49554], [16.2435, 43.49494], [16.25221, 43.49994], [16.24807, 43.50828], [16.26442, 43.51287], [16.31031, 43.50775]]], [[[15.50451, 43.52682], [15.52908, 43.50425], [15.53389, 43.49397], [15.52241, 43.49051], [15.49412, 43.49515], [15.46347, 43.50578], [15.39953, 43.53978], [15.17999, 43.68634], [15.07382, 43.76468], [15.2471, 43.67369], [15.35865, 43.62454], [15.39313, 43.60602], [15.50451, 43.52682]]], [[[15.61964, 43.67544], [15.65015, 43.67303], [15.67888, 43.64802], [15.74029, 43.62754], [15.68133, 43.64033], [15.67205, 43.63745], [15.60379, 43.67471], [15.61134, 43.6821], [15.61964, 43.67544]]], [[[15.82408, 43.70001], [15.84166, 43.70729], [15.86187, 43.68939], [15.86841, 43.66259], [15.86338, 43.66268], [15.82604, 43.69225], [15.82408, 43.70001]]], [[[15.69696, 43.68143], [15.69469, 43.68547], [15.70379, 43.68907], [15.68313, 43.6997], [15.67329, 43.71386], [15.68241, 43.71733], [15.68921, 43.71572], [15.71355, 43.69196], [15.72631, 43.69], [15.7198, 43.67281], [15.69696, 43.68143]]], [[[15.64096, 43.79784], [15.66601, 43.76647], [15.65984, 43.76395], [15.63112, 43.77144], [15.6089, 43.79381], [15.59963, 43.79415], [15.58091, 43.80875], [15.56749, 43.83201], [15.58627, 43.82294], [15.59473, 43.83144], [15.60483, 43.82421], [15.61004, 43.80911], [15.62794, 43.7982], [15.64096, 43.79784]]], [[[15.26123, 43.86709], [15.26637, 43.857], [15.34217, 43.81201], [15.39556, 43.77247], [15.30894, 43.80562], [15.28842, 43.82551], [15.24763, 43.84927], [15.23342, 43.86221], [15.22781, 43.87445], [15.24073, 43.88075], [15.26123, 43.86709]]], [[[15.38958, 43.94746], [15.39763, 43.9372], [15.42676, 43.92206], [15.44604, 43.88754], [15.40708, 43.89616], [15.39772, 43.90811], [15.35866, 43.91939], [15.34996, 43.92915], [15.35678, 43.93537], [15.30959, 43.95845], [15.29713, 43.9781], [15.26126, 44.01105], [15.29607, 44.00571], [15.34995, 43.9763], [15.38405, 43.97015], [15.38958, 43.94746]]], [[[15.22021, 43.9012], [15.19549, 43.89521], [15.14552, 43.9239], [15.13331, 43.92121], [15.14454, 43.90811], [15.17555, 43.89094], [15.19677, 43.88638], [15.1945, 43.87264], [15.13627, 43.90316], [15.10685, 43.92524], [15.04283, 43.99043], [15.0031, 44.05231], [14.98308, 44.06631], [14.9551, 44.0756], [14.87013, 44.14082], [14.86297, 44.16104], [14.84964, 44.1756], [14.86328, 44.17559], [14.88282, 44.15917], [14.93912, 44.12714], [14.95444, 44.10322], [14.99383, 44.08784], [15.00731, 44.09298], [15.0005, 44.07941], [15.01441, 44.07794], [15.0227, 44.0722], [15.03191, 44.03636], [15.04135, 44.02644], [15.08823, 43.98965], [15.11377, 43.98378], [15.14454, 43.94965], [15.2168, 43.91278], [15.22021, 43.9012]]], [[[15.14722, 44.02561], [15.15941, 43.99896], [15.07758, 44.05309], [15.07294, 44.08074], [15.1001, 44.0685], [15.10849, 44.05402], [15.14722, 44.02561]]], [[[15.19907, 44.05882], [15.18914, 44.04781], [15.12185, 44.09224], [15.08709, 44.12372], [15.06871, 44.13398], [15.07553, 44.14082], [15.06254, 44.1619], [15.22575, 44.06622], [15.24707, 44.04669], [15.2544, 44.01791], [15.22332, 44.05028], [15.20656, 44.04524], [15.19907, 44.05882]]], [[[14.81985, 44.15303], [14.82244, 44.16865], [14.83327, 44.15399], [14.84278, 44.14826], [14.85727, 44.15205], [14.86915, 44.14053], [14.85613, 44.13688], [14.83522, 44.14168], [14.81985, 44.15303]]], [[[15.11304, 44.2877], [15.08782, 44.29894], [15.06934, 44.28588], [15.04348, 44.28967], [15.03038, 44.29835], [15.0255, 44.31509], [15.03094, 44.32672], [15.0656, 44.32078], [15.08611, 44.30878], [15.09743, 44.30968], [15.13721, 44.28831], [15.11689, 44.28169], [15.11304, 44.2877]]], [[[14.63581, 44.32963], [14.66137, 44.30866], [14.6574, 44.30526], [14.59912, 44.3389], [14.59509, 44.34709], [14.63581, 44.32963]]], [[[14.79672, 44.38129], [14.81119, 44.35005], [14.80103, 44.3431], [14.78491, 44.347], [14.75621, 44.364], [14.76824, 44.38422], [14.76345, 44.41534], [14.78289, 44.41892], [14.80322, 44.4055], [14.80501, 44.39574], [14.79672, 44.38129]]], [[[14.95495, 44.41348], [14.96086, 44.40011], [14.95411, 44.40778], [14.93337, 44.41072], [14.89315, 44.44166], [14.88837, 44.45622], [14.95495, 44.41348]]], [[[14.51208, 44.48226], [14.52664, 44.50364], [14.53434, 44.48408], [14.51208, 44.48226]]], [[[14.23976, 44.61987], [14.23261, 44.62605], [14.24279, 44.65838], [14.2658, 44.6795], [14.28043, 44.67755], [14.27417, 44.6617], [14.25734, 44.65672], [14.25668, 44.63703], [14.27115, 44.61254], [14.23976, 44.61987]]], [[[14.3493, 44.65554], [14.3358, 44.71676], [14.38111, 44.69864], [14.39747, 44.68561], [14.39039, 44.66218], [14.40383, 44.61173], [14.43374, 44.57761], [14.36953, 44.58049], [14.3649, 44.58703], [14.38258, 44.60326], [14.37599, 44.62303], [14.3493, 44.65554]]], [[[13.90631, 44.80265], [13.88622, 44.82572], [13.90431, 44.81729], [13.90935, 44.80899], [13.90631, 44.80265]]], [[[14.46655, 44.80484], [14.45192, 44.79877], [14.4729, 44.7652], [14.46608, 44.7298], [14.47218, 44.70795], [14.51391, 44.66218], [14.50856, 44.64533], [14.51498, 44.64216], [14.52751, 44.64788], [14.53434, 44.63426], [14.51335, 44.61885], [14.473, 44.62028], [14.42792, 44.65657], [14.39454, 44.70759], [14.39723, 44.75161], [14.38356, 44.75776], [14.37453, 44.75387], [14.36819, 44.76106], [14.36158, 44.81598], [14.34605, 44.82051], [14.32986, 44.83394], [14.31414, 44.89379], [14.29422, 44.90864], [14.30152, 44.92231], [14.29251, 44.94033], [14.30152, 44.94342], [14.32546, 44.93635], [14.35963, 44.90864], [14.38738, 44.909], [14.39723, 44.9291], [14.39032, 44.96038], [14.40406, 44.94953], [14.41139, 44.95637], [14.39145, 44.96943], [14.37673, 44.98689], [14.34083, 45.05561], [14.27865, 45.11313], [14.2777, 45.128], [14.28849, 45.14865], [14.31366, 45.17242], [14.33188, 45.17584], [14.3562, 45.16925], [14.36409, 45.15762], [14.36305, 45.09357], [14.38771, 45.03905], [14.41765, 44.99799], [14.43084, 44.9903], [14.46606, 44.9837], [14.47348, 44.97142], [14.47093, 44.95369], [14.45192, 44.92231], [14.45922, 44.91543], [14.44996, 44.89802], [14.45192, 44.8509], [14.46655, 44.80484]]], [[[14.77858, 44.90848], [14.76801, 44.9178], [14.77309, 44.93348], [14.80725, 44.92033], [14.82877, 44.90338], [14.83577, 44.88684], [14.77858, 44.90848]]], [[[14.54582, 44.96804], [14.54314, 44.95562], [14.53476, 44.95568], [14.48578, 44.98362], [14.52767, 44.98598], [14.54582, 44.96804]]], [[[14.76092, 44.97748], [14.74724, 44.97004], [14.74724, 44.96381], [14.76074, 44.95514], [14.75655, 44.94864], [14.7234, 44.94336], [14.70672, 44.94666], [14.65789, 44.97004], [14.62893, 44.97818], [14.6238, 45.00122], [14.62631, 45.03726], [14.62086, 45.0456], [14.60328, 45.03897], [14.60328, 45.03217], [14.61695, 45.02464], [14.59031, 45.0233], [14.51026, 45.03223], [14.48537, 45.03804], [14.46014, 45.0524], [14.42508, 45.08735], [14.44159, 45.09979], [14.46266, 45.10102], [14.46707, 45.12408], [14.47608, 45.12825], [14.51401, 45.12906], [14.53012, 45.13483], [14.52127, 45.14883], [14.53956, 45.1704], [14.53689, 45.20172], [14.54803, 45.21027], [14.54981, 45.22142], [14.54379, 45.23575], [14.53456, 45.2377], [14.54885, 45.24871], [14.56336, 45.24973], [14.59585, 45.23754], [14.58221, 45.23754], [14.62377, 45.17549], [14.59742, 45.16645], [14.61256, 45.15925], [14.64373, 45.15681], [14.66528, 45.1618], [14.6709, 45.14346], [14.65895, 45.10834], [14.66529, 45.08735], [14.67807, 45.07746], [14.69597, 45.07343], [14.74047, 45.07305], [14.74, 45.04434], [14.79992, 45.005], [14.81493, 44.97749], [14.78468, 44.96932], [14.76092, 44.97748]]], [[[12.38536, 45.44571], [12.37518, 45.45379], [12.39731, 45.46003], [12.41409, 45.47308], [12.41839, 45.46874], [12.40878, 45.45661], [12.38536, 45.44571]]], [[[0.92514, 36.41816], [0.9363, 36.44359], [0.94557, 36.45233], [1.00709, 36.46686], [1.04477, 36.48687], [1.11695, 36.48713], [1.17873, 36.51088], [1.26547, 36.51533], [1.34669, 36.54498], [1.36769, 36.54791], [1.45281, 36.52802], [1.47633, 36.52896], [1.51775, 36.53874], [1.71656, 36.54792], [1.76124, 36.56158], [1.80291, 36.55536], [1.85788, 36.56746], [1.91383, 36.57021], [1.97283, 36.56159], [2.05991, 36.57014], [2.32992, 36.63729], [2.35157, 36.63832], [2.3733, 36.63385], [2.39185, 36.62425], [2.40406, 36.59919], [2.44728, 36.59056], [2.60076, 36.59634], [2.63299, 36.60513], [2.72756, 36.66522], [2.79298, 36.69294], [2.8187, 36.71088], [2.85007, 36.75422], [2.87567, 36.7748], [2.93312, 36.80857], [2.97706, 36.81585], [3.01417, 36.8117], [3.04785, 36.79498], [3.10182, 36.7519], [3.14015, 36.74164], [3.17937, 36.74283], [3.21046, 36.75739], [3.22608, 36.7862], [3.22757, 36.81234], [3.2378, 36.81304], [3.30299, 36.78876], [3.3405, 36.78071], [3.48048, 36.77725], [3.55047, 36.79145], [3.57057, 36.80857], [3.61207, 36.80858], [3.64967, 36.82396], [3.70949, 36.87319], [3.74188, 36.89117], [3.82775, 36.91293], [3.87387, 36.91721], [3.9126, 36.9116], [3.94825, 36.8933], [3.96404, 36.89118], [4.03142, 36.89777], [4.08546, 36.89207], [4.10483, 36.88373], [4.15952, 36.90419], [4.21046, 36.89118], [4.26198, 36.91159], [4.32032, 36.89802], [4.44096, 36.91157], [4.46843, 36.90587], [4.50408, 36.88931], [4.53639, 36.88857], [4.55055, 36.88373], [4.58182, 36.89493], [4.62326, 36.89636], [4.69801, 36.89118], [4.76905, 36.89801], [4.78681, 36.89546], [4.94987, 36.83978], [4.97364, 36.81891], [5.00928, 36.81606], [5.02915, 36.79499], [5.04591, 36.78852], [5.08619, 36.78083], [5.10481, 36.78131], [5.08481, 36.73261], [5.09018, 36.71678], [5.11842, 36.69937], [5.23585, 36.65095], [5.26905, 36.64411], [5.30437, 36.64301], [5.37241, 36.65095], [5.43385, 36.66522], [5.46485, 36.66523], [5.48911, 36.68512], [5.52914, 36.69766], [5.549, 36.7097], [5.56277, 36.74599], [5.59367, 36.77369], [5.67457, 36.79963], [5.71047, 36.8255], [5.73347, 36.83227], [5.7588, 36.83339], [5.82781, 36.82176], [5.86883, 36.82294], [6.03712, 36.85358], [6.19703, 36.90233], [6.23569, 36.92121], [6.25685, 36.94579], [6.25442, 36.99897], [6.26702, 37.01791], [6.33872, 37.06927], [6.3716, 37.08347], [6.41578, 37.09295], [6.46265, 37.09388], [6.50269, 37.08294], [6.54419, 37.05878], [6.54705, 37.04121], [6.57275, 37.02777], [6.58326, 36.98981], [6.59946, 36.97309], [6.61411, 36.97784], [6.67115, 36.95942], [6.82227, 36.95256], [6.86963, 36.92918], [6.88004, 36.91844], [6.87965, 36.90209], [6.90943, 36.89305], [6.9756, 36.89118], [7.06446, 36.91332], [7.0923, 36.92592], [7.13331, 36.91527], [7.15699, 36.9147], [7.17668, 36.93203], [7.23902, 36.9715], [7.25424, 36.9947], [7.25734, 37.00414], [7.2505, 37.02314], [7.18166, 37.07673], [7.18166, 37.08294], [7.22241, 37.08978], [7.27475, 37.06932], [7.29266, 37.0825], [7.33595, 37.06928], [7.36997, 37.08294], [7.38347, 37.08298], [7.40463, 37.05158], [7.43856, 37.04852], [7.45607, 37.04198], [7.49024, 37.05499], [7.58888, 36.98762], [7.63356, 36.98054], [7.66188, 36.98846], [7.67449, 36.98675], [7.69597, 36.97699], [7.71274, 36.9632], [7.77076, 36.97012], [7.79857, 36.99357], [7.77426, 36.93146], [7.79117, 36.91844], [7.77345, 36.88996], [7.80991, 36.86815], [7.86647, 36.8544], [7.90846, 36.84955], [8.04998, 36.87759], [8.09325, 36.90189], [8.23316, 36.95806], [8.26873, 36.93374], [8.2881, 36.92593], [8.35571, 36.92595], [8.37403, 36.91844], [8.38884, 36.92323], [8.42872, 36.9042], [8.49757, 36.9042], [8.69215, 36.96938], [8.71682, 36.97309], [8.80201, 36.97309], [8.82439, 36.97948], [8.86574, 37.00763], [8.90366, 37.02167], [8.92579, 37.03889], [8.95688, 37.06928], [8.98765, 37.11684], [9.01075, 37.12783], [9.03876, 37.15184], [9.15919, 37.19282], [9.1714, 37.1988], [9.1924, 37.22613], [9.21071, 37.23382], [9.34254, 37.23534], [9.38071, 37.24746], [9.41912, 37.27581], [9.44288, 37.26655], [9.45387, 37.2683], [9.51735, 37.28669], [9.55275, 37.3095], [9.57309, 37.30024], [9.59148, 37.30292], [9.64927, 37.33184], [9.7103, 37.33617], [9.74464, 37.34519], [9.77345, 37.33051], [9.85888, 37.32879], [9.86166, 37.27119], [9.83074, 37.25121], [9.79274, 37.23802], [9.77182, 37.21332], [9.7907, 37.17841], [9.80151, 37.16913], [9.80779, 37.15502], [9.81593, 37.15184], [9.85971, 37.14704], [9.87989, 37.15009], [9.91432, 37.17829], [9.9253, 37.19676], [9.92498, 37.21312], [9.86118, 37.23383], [9.8196, 37.22762], [9.81959, 37.23383], [9.85353, 37.2495], [9.86744, 37.26171], [9.8825, 37.26357], [9.97983, 37.24604], [9.99781, 37.24746], [10.05128, 37.26658], [10.05957, 37.26489], [10.07586, 37.24494], [10.14624, 37.23651], [10.17872, 37.21271], [10.2531, 37.19138], [10.27212, 37.17854], [10.24008, 37.17178], [10.21128, 37.15869], [10.20582, 37.17512], [10.17799, 37.17796], [10.14601, 37.17121], [10.1281, 37.15868], [10.13543, 37.14232], [10.16163, 37.13435], [10.19191, 37.13325], [10.21127, 37.13759], [10.21817, 37.12896], [10.2303, 37.1081], [10.22438, 37.09596], [10.21754, 37.1103], [10.17433, 37.07624], [10.18238, 37.02704], [10.22006, 36.97663], [10.26588, 36.93891], [10.31372, 36.91844], [10.34716, 36.88027], [10.34196, 36.86861], [10.31902, 36.85025], [10.30933, 36.82978], [10.29883, 36.82177], [10.28517, 36.81997], [10.27216, 36.82909], [10.27955, 36.84431], [10.27019, 36.84846], [10.25294, 36.84634], [10.2107, 36.83185], [10.19361, 36.81232], [10.18849, 36.79759], [10.20289, 36.79263], [10.23422, 36.79189], [10.24724, 36.78628], [10.27215, 36.81606], [10.29363, 36.77774], [10.32008, 36.74876], [10.35532, 36.73119], [10.403, 36.72671], [10.43699, 36.72884], [10.48773, 36.74964], [10.51871, 36.7558], [10.53823, 36.77203], [10.56692, 36.86322], [10.58498, 36.87615], [10.60613, 36.8797], [10.6526, 36.8769], [10.69467, 36.88345], [10.73347, 36.89581], [10.7832, 36.92442], [10.82309, 36.95392], [10.8301, 36.96824], [10.88754, 37.00601], [10.89584, 37.01411], [10.89845, 37.02521], [10.89293, 37.03864], [10.90212, 37.04881], [10.92368, 37.05702], [10.97413, 37.06127], [11.01271, 37.08477], [11.03337, 37.08746], [11.05102, 37.0803], [11.0603, 37.06248], [11.0486, 37.04198], [11.04835, 37.02033], [11.06398, 36.99006], [11.08773, 36.95941], [11.09449, 36.91844], [11.13621, 36.87053], [11.13054, 36.85404], [11.11676, 36.83842], [11.07674, 36.82519], [11.02214, 36.78828], [10.99238, 36.74387], [10.94993, 36.69388], [10.87952, 36.58848], [10.82565, 36.47981], [10.79992, 36.45189], [10.71715, 36.43455], [10.62044, 36.39029], [10.58556, 36.39813], [10.55093, 36.37726], [10.51908, 36.33747], [10.49107, 36.25807], [10.47927, 36.21696], [10.4747, 36.11249], [10.47953, 36.07933], [10.51857, 35.97997], [10.55649, 35.93797], [10.58228, 35.92181], [10.60857, 35.85586], [10.62208, 35.8426], [10.6937, 35.78779], [10.74362, 35.76967], [10.80372, 35.78692], [10.82308, 35.78045], [10.8414, 35.76655], [10.83034, 35.75323], [10.82452, 35.73339], [10.8296, 35.71312], [10.84116, 35.6988], [10.97182, 35.65414], [11.01197, 35.65789], [11.04099, 35.63772], [11.05501, 35.61448], [11.0171, 35.60228], [11.01197, 35.57905], [11.0149, 35.55516], [11.02394, 35.53376], [11.03924, 35.5185], [11.08503, 35.50678], [11.05769, 35.48673], [11.05067, 35.45978], [11.04553, 35.43476], [11.0494, 35.39126], [11.03719, 35.37082], [11.04223, 35.33444], [11.10133, 35.26683], [11.12208, 35.25365], [11.16077, 35.23823], [11.15915, 35.21877], [11.13135, 35.21796], [11.11158, 35.2056], [11.0923, 35.17395], [11.06291, 35.15364], [11.03498, 35.10706], [11.01588, 35.09284], [11.02244, 35.0645], [11.01809, 35.03419], [10.98436, 34.99942], [10.94586, 34.98353], [10.91765, 34.95742], [10.92494, 34.93412], [10.91652, 34.91332], [10.91632, 34.87357], [10.8755, 34.84907], [10.85629, 34.83088], [10.87141, 34.79737], [10.83489, 34.7834], [10.81126, 34.76888], [10.77904, 34.7395], [10.76346, 34.71345], [10.74399, 34.69868], [10.7347, 34.68086], [10.71729, 34.66475], [10.70118, 34.65596], [10.62526, 34.63325], [10.60743, 34.59333], [10.59701, 34.54472], [10.58161, 34.53269], [10.55937, 34.5235], [10.46599, 34.51195], [10.4319, 34.49632], [10.37872, 34.42309], [10.33041, 34.4126], [10.30006, 34.41771], [10.2881, 34.41401], [10.24724, 34.37215], [10.18678, 34.35195], [10.16667, 34.33882], [10.12672, 34.32563], [10.10216, 34.30408], [10.08961, 34.27269], [10.03291, 34.18484], [10.00522, 34.17064], [10.01837, 34.13367], [10.0215, 34.07331], [10.04884, 33.98347], [10.0713, 33.94623], [10.1631, 33.83625], [10.18705, 33.82161], [10.33025, 33.70283], [10.36769, 33.68407], [10.44606, 33.65542], [10.48927, 33.64712], [10.55837, 33.65572], [10.63407, 33.67363], [10.69734, 33.70247], [10.71664, 33.70692], [10.73998, 33.67158], [10.73691, 33.60286], [10.70752, 33.5817], [10.69142, 33.57612], [10.67905, 33.56257], [10.67408, 33.5456], [10.70362, 33.49604], [10.71713, 33.48355], [10.73813, 33.47801], [10.78053, 33.48574], [10.85622, 33.52431], [10.90943, 33.53962], [10.92514, 33.55508], [10.93279, 33.57404], [10.92628, 33.59125], [10.9092, 33.60786], [10.90652, 33.61644], [10.93621, 33.63628], [10.96062, 33.62767], [10.97145, 33.6319], [10.97788, 33.64312], [10.98463, 33.64312], [11.0603, 33.60833], [11.10815, 33.54962], [11.11661, 33.48998], [11.08993, 33.45415], [11.11077, 33.39297], [11.10207, 33.36408], [11.13111, 33.37151], [11.17067, 33.33177], [11.29369, 33.28681], [11.28004, 33.28003], [11.1819, 33.30679], [11.13364, 33.31143], [11.12184, 33.28002], [11.16333, 33.24262], [11.17018, 33.22102], [11.17953, 33.21109], [11.24563, 33.21787], [11.2882, 33.21], [11.37224, 33.18378], [11.41676, 33.18378], [11.43312, 33.19355], [11.42758, 33.20702], [11.41065, 33.21894], [11.38137, 33.23071], [11.35197, 33.25881], [11.44239, 33.20466], [11.49781, 33.18268], [11.56047, 33.16579], [11.57495, 33.15794], [11.58766, 33.13231], [11.60304, 33.12149], [11.63575, 33.10871], [11.7566, 33.09252], [11.79347, 33.08076], [11.77296, 33.09935], [11.70778, 33.11718], [11.69113, 33.13594], [11.73927, 33.11298], [11.84701, 33.08282], [12.08047, 32.95797], [12.12241, 32.92133], [12.16065, 32.91168], [12.22486, 32.87592], [12.30388, 32.84308], [12.34832, 32.83267], [12.72983, 32.79857], [12.82439, 32.80435], [13.07447, 32.86636], [13.11549, 32.88215], [13.16473, 32.91274], [13.25738, 32.9186], [13.35196, 32.90415], [13.57146, 32.8028], [13.61695, 32.7934], [13.78686, 32.79962], [13.82997, 32.79414], [13.91497, 32.77285], [13.99122, 32.74457], [14.18508, 32.71458], [14.20338, 32.70034], [14.22632, 32.6909], [14.26246, 32.6603], [14.31743, 32.63023], [14.40384, 32.567], [14.44939, 32.52538], [14.46949, 32.51903], [14.6316, 32.49566], [14.66293, 32.47675], [14.72682, 32.45075], [14.91149, 32.44386], [15.11453, 32.41282], [15.1822, 32.3954], [15.19597, 32.38979], [15.23325, 32.34711], [15.2697, 32.32884], [15.28304, 32.31728], [15.30079, 32.26081], [15.3226, 32.22419], [15.3646, 32.17449], [15.37043, 32.15887], [15.35963, 32.10212], [15.35524, 32.03852], [15.3611, 31.96532], [15.37045, 31.92939], [15.49041, 31.66486], [15.51442, 31.62836], [15.62281, 31.49726], [15.68751, 31.43781], [15.76148, 31.38813], [16.04461, 31.27554], [16.35865, 31.22712], [16.72804, 31.22381], [16.94162, 31.18335], [17.16033, 31.1188], [17.33058, 31.08649], [17.36589, 31.0866], [17.41862, 31.06215], [17.44728, 31.03872], [17.46681, 31.02998], [17.61394, 30.99249], [17.69174, 30.95966], [17.77605, 30.93521], [17.84864, 30.92364], [17.86166, 30.91364], [17.88917, 30.87792], [17.90748, 30.86351], [17.92677, 30.85517], [18.0172, 30.83776], [18.1751, 30.78615], [18.20809, 30.76936], [18.23587, 30.74663], [18.32423, 30.65689], [18.56815, 30.50021], [18.6233, 30.44575], [18.65317, 30.42231], [18.71925, 30.39151], [18.76099, 30.38422], [18.78024, 30.37604], [18.92595, 30.29336], [18.96803, 30.27774], [19.05681, 30.26618], [19.14601, 30.26472], [19.23976, 30.27399], [19.33855, 30.29881], [19.41896, 30.33324], [19.53053, 30.39679], [19.55104, 30.40493], [19.59604, 30.41201], [19.61638, 30.42137], [19.74887, 30.51093], [19.91432, 30.68293], [19.9822, 30.77863], [20.03647, 30.81908], [20.09986, 30.935], [20.14666, 31.04556], [20.15235, 31.0882], [20.14666, 31.21678], [20.12812, 31.24299], [20.10328, 31.30874], [20.0822, 31.33661], [20.03835, 31.37589], [20.02212, 31.39705], [19.95486, 31.55948], [19.94801, 31.64509], [19.92068, 31.71772], [19.91726, 31.75948], [19.91973, 31.8049], [19.93431, 31.88824], [19.94801, 31.92597], [19.94013, 31.95775], [20.04787, 32.14578], [20.07155, 32.17641], [20.26173, 32.33954], [20.32546, 32.40981], [20.38551, 32.43464], [20.56268, 32.55784], [20.79656, 32.64301], [20.9338, 32.72243], [21.05096, 32.77227], [21.09669, 32.78106], [21.28679, 32.77114], [21.33188, 32.77464], [21.41481, 32.7934], [21.4546, 32.81257], [21.60866, 32.93072], [21.62322, 32.93674], [21.67172, 32.93989], [21.71632, 32.95037], [21.74366, 32.93085], [21.78745, 32.91596], [21.87745, 32.90322], [22.0962, 32.92308], [22.11672, 32.94415], [22.14958, 32.94793], [22.16943, 32.93821], [22.17506, 32.91625], [22.2068, 32.88813], [22.24733, 32.88084], [22.33983, 32.88208], [22.37915, 32.87034], [22.47731, 32.80707], [22.51384, 32.79096], [22.57915, 32.78454], [22.81251, 32.7245], [22.86671, 32.69416], [22.92921, 32.6767], [22.9769, 32.67669], [23.04135, 32.65253], [23.10612, 32.63983], [23.11865, 32.62934], [23.12093, 32.61522], [23.09441, 32.57738], [23.10385, 32.51634], [23.11329, 32.5008], [23.14892, 32.47809], [23.12842, 32.39551], [23.10866, 32.40234], [23.10987, 32.42032], [23.09441, 32.43647], [23.07911, 32.35444], [23.08058, 32.33405], [23.09555, 32.32355], [23.17896, 32.29995], [23.19507, 32.29164], [23.23065, 32.25085], [23.2435, 32.22061], [23.28543, 32.20374], [23.3025, 32.17072], [23.31218, 32.16275], [23.2991, 32.22417], [23.31837, 32.21784], [23.36222, 32.21703], [23.40528, 32.19066], [23.5311, 32.18138], [23.66969, 32.18325], [23.84014, 32.14916], [23.99869, 32.0939], [23.97071, 32.0666], [24.00489, 32.05292], [24.06788, 32.01118], [24.09067, 32.00576], [24.28115, 32.00754], [24.54607, 31.99144], [24.63624, 32.01488], [24.67026, 32.03241], [24.71062, 32.02558], [24.73373, 32.03314], [24.79176, 32.00776], [24.82439, 32.00299], [24.86541, 31.98933], [24.98169, 31.96791], [25.01791, 31.94904], [25.03336, 31.91633], [25.02223, 31.85468], [25.02955, 31.8369], [25.06392, 31.80387], [25.11686, 31.73798], [25.13673, 31.69257], [25.15625, 31.66307], [25.14942, 31.64887], [25.16179, 31.58356], [25.17286, 31.55158], [25.19093, 31.53148], [25.21258, 31.52635], [25.26343, 31.52366], [25.30209, 31.50654], [25.3685, 31.51226], [25.40187, 31.50316], [25.42041, 31.51224], [25.47389, 31.52049], [25.63648, 31.5607], [25.82407, 31.61493], [25.86883, 31.62091], [25.96652, 31.61662], [26.36215, 31.52192], [26.65041, 31.48878], [26.68312, 31.47622], [26.75318, 31.47748], [26.82472, 31.44782], [26.86573, 31.43684], [26.91163, 31.43651], [26.94793, 31.44822], [26.9655, 31.44964], [26.99643, 31.4287], [27.02702, 31.42226], [27.05437, 31.40864], [27.11736, 31.39045], [27.18529, 31.38429], [27.20997, 31.37811], [27.22625, 31.36766], [27.24611, 31.38128], [27.32748, 31.37921], [27.34228, 31.36823], [27.3423, 31.35399], [27.3623, 31.33051], [27.36378, 31.3155], [27.39357, 31.25471], [27.4463, 31.22321], [27.47804, 31.21393], [27.54053, 31.20574], [27.58774, 31.1931], [27.60987, 31.20318], [27.66033, 31.18024], [27.71949, 31.18928], [27.83547, 31.23785], [27.85287, 31.24029], [27.86328, 31.23354], [27.8684, 31.21965], [27.86988, 31.19977], [27.8903, 31.15542], [27.89715, 31.11441], [27.92693, 31.09903], [27.97511, 31.09308], [28.15455, 31.09332], [28.20387, 31.0705], [28.23386, 31.0734], [28.31837, 31.0598], [28.33863, 31.06411], [28.38209, 31.08274], [28.40496, 31.08648], [28.42432, 31.08343], [28.44244, 31.07628], [28.47853, 31.05182], [28.5276, 31.05011], [28.73246, 30.98414], [28.78777, 30.95966], [28.81202, 30.95676], [28.81803, 30.95115], [28.82887, 30.91519], [28.8357, 30.91079], [28.85456, 30.90585], [29.02809, 30.82705], [29.18922, 30.83324], [29.21892, 30.83804], [29.50327, 30.95669], [29.55633, 30.99091], [29.60377, 31.01203], [29.61889, 31.02942], [29.76596, 31.12157], [29.78151, 31.14792], [29.80934, 31.14232], [29.83839, 31.15412], [29.88461, 31.18952], [29.87566, 31.20087], [29.86356, 31.19637], [29.87697, 31.21356], [29.88477, 31.21376], [29.89088, 31.20319], [29.8982, 31.20319], [29.95623, 31.25006], [29.98316, 31.26325], [30.0033, 31.28723], [30.02508, 31.29487], [30.04908, 31.31306], [30.04169, 31.31548], [30.04226, 31.3205], [30.06958, 31.33346], [30.06666, 31.30488], [30.0949, 31.28559], [30.136, 31.27485], [30.17262, 31.27143], [30.1447, 31.25161], [30.14405, 31.24657], [30.15209, 31.24413], [30.14015, 31.23725], [30.14373, 31.22948], [30.16521, 31.21678], [30.20678, 31.23792], [30.20167, 31.22651], [30.2072, 31.22089], [30.22047, 31.2202], [30.25457, 31.25161], [30.2614, 31.24413], [30.26881, 31.26529], [30.27506, 31.26529], [30.27662, 31.2464], [30.28875, 31.23794], [30.30299, 31.27143], [30.28761, 31.27822], [30.24091, 31.2653], [30.2409, 31.27143], [30.25457, 31.27143], [30.25457, 31.27827], [30.23846, 31.27399], [30.17946, 31.27144], [30.17945, 31.27823], [30.21656, 31.28644], [30.25172, 31.30341], [30.31284, 31.35057], [30.33448, 31.38101], [30.3484, 31.42133], [30.35239, 31.4632], [30.34394, 31.49798], [30.35076, 31.49799], [30.36459, 31.46011], [30.37843, 31.44668], [30.39861, 31.44334], [30.37062, 31.46162], [30.35572, 31.49112], [30.36216, 31.50872], [30.42563, 31.47362], [30.45639, 31.46271], [30.49252, 31.45921], [30.53582, 31.46385], [30.67652, 31.49616], [30.97389, 31.58672], [30.97388, 31.57991], [30.86638, 31.54829], [30.7361, 31.48871], [30.69337, 31.46386], [30.66603, 31.45702], [30.6281, 31.43432], [30.55787, 31.42219], [30.54265, 31.40241], [30.54265, 31.39497], [30.56324, 31.3902], [30.58323, 31.39497], [30.59864, 31.38736], [30.62672, 31.38866], [30.65382, 31.39582], [30.66603, 31.4055], [30.67507, 31.42156], [30.69507, 31.41689], [30.72755, 31.38813], [30.73439, 31.38813], [30.74074, 31.4055], [30.75621, 31.42299], [30.77467, 31.43683], [30.79851, 31.44647], [30.83741, 31.42914], [30.87371, 31.43451], [30.88574, 31.42914], [30.87843, 31.42699], [30.87892, 31.42227], [30.89243, 31.41909], [30.90943, 31.42381], [30.93971, 31.44334], [30.93329, 31.44514], [30.93971, 31.457], [30.97396, 31.44407], [30.98072, 31.43651], [30.99692, 31.45112], [31.00807, 31.47134], [31.00231, 31.47984], [31.02174, 31.49799], [31.0233, 31.51382], [31.02915, 31.51849], [31.07154, 31.51724], [31.09742, 31.50483], [31.10157, 31.4925], [31.11915, 31.49311], [31.12924, 31.50446], [31.11111, 31.51227], [31.13038, 31.51699], [31.11109, 31.53974], [31.07081, 31.56538], [31.0232, 31.58299], [30.97804, 31.5843], [31.01238, 31.5969], [31.0972, 31.60787], [31.12892, 31.60486], [31.22124, 31.57979], [31.37831, 31.51861], [31.41961, 31.49116], [31.52369, 31.44965], [31.55681, 31.44334], [31.59742, 31.44449], [31.7483, 31.48159], [31.83791, 31.52533], [31.87436, 31.53558], [31.91293, 31.53489], [31.94483, 31.52093], [31.9642, 31.48241], [31.99577, 31.44574], [32.00904, 31.41718], [32.02491, 31.40005], [32.05698, 31.37515], [32.10425, 31.36147], [32.12916, 31.33739], [32.19953, 31.29509], [32.16876, 31.30083], [32.07011, 31.35399], [32.08009, 31.35399], [32.09059, 31.34715], [32.08351, 31.35883], [32.05601, 31.36287], [32.04396, 31.37515], [32.0066, 31.39533], [31.99498, 31.39498], [31.98569, 31.42036], [31.9683, 31.4365], [31.9935, 31.43781], [31.91798, 31.52399], [31.8895, 31.53205], [31.87891, 31.51851], [31.86525, 31.52534], [31.86523, 31.51228], [31.85092, 31.5185], [31.84474, 31.49799], [31.86523, 31.49799], [31.85971, 31.48688], [31.875, 31.46332], [31.87208, 31.44961], [31.8789, 31.44961], [31.8789, 31.44335], [31.87208, 31.44334], [31.8789, 31.42915], [31.87208, 31.42914], [31.86207, 31.45059], [31.8519, 31.45612], [31.8379, 31.45702], [31.84164, 31.4645], [31.83041, 31.45881], [31.82423, 31.44334], [31.83375, 31.44379], [31.8379, 31.44961], [31.85841, 31.44334], [31.85841, 31.43651], [31.85092, 31.43651], [31.85483, 31.42316], [31.8789, 31.41608], [31.86166, 31.40763], [31.8379, 31.41608], [31.83855, 31.41083], [31.83041, 31.40864], [31.84472, 31.39497], [31.83074, 31.37979], [31.82789, 31.36835], [31.83692, 31.36188], [31.8584, 31.36147], [31.8584, 31.354], [31.82504, 31.36066], [31.81056, 31.354], [31.80388, 31.36005], [31.79721, 31.35952], [31.79021, 31.34345], [31.80273, 31.33129], [31.79021, 31.32665], [31.79589, 31.31099], [31.76905, 31.29877], [31.76694, 31.28465], [31.7732, 31.27587], [31.78419, 31.27338], [31.7964, 31.27827], [31.79023, 31.28509], [31.82079, 31.27815], [31.82861, 31.27411], [31.83416, 31.25161], [31.86101, 31.24237], [31.88575, 31.22362], [31.89355, 31.24013], [31.90624, 31.25159], [31.90064, 31.23607], [31.90625, 31.22362], [31.89259, 31.22362], [31.89259, 31.21678], [31.90624, 31.21678], [31.89845, 31.20991], [31.89943, 31.20319], [31.91293, 31.21064], [31.91977, 31.20319], [31.91977, 31.21063], [31.9266, 31.21063], [31.92164, 31.19648], [31.92644, 31.187], [31.93474, 31.18757], [31.94027, 31.20318], [31.95192, 31.20458], [31.98658, 31.23028], [32.00925, 31.22362], [31.99496, 31.22362], [31.99497, 31.21678], [32.00929, 31.21064], [32.0228, 31.22361], [32.03711, 31.21678], [32.02963, 31.18952], [32.04394, 31.19634], [32.04036, 31.18232], [32.02963, 31.17585], [32.03688, 31.1503], [32.01612, 31.13491], [32.01612, 31.12808], [32.03517, 31.12971], [32.04396, 31.14175], [32.05013, 31.14174], [32.05454, 31.12299], [32.07007, 31.1144], [32.07007, 31.10693], [32.05258, 31.10078], [32.04396, 31.08649], [32.05698, 31.07966], [32.06683, 31.08499], [32.08378, 31.0844], [32.09059, 31.07966], [32.09059, 31.07345], [32.08375, 31.07343], [32.08375, 31.06599], [32.10646, 31.05337], [32.1198, 31.05292], [32.13209, 31.0598], [32.13209, 31.06599], [32.11744, 31.06631], [32.10744, 31.07283], [32.098, 31.09332], [32.14633, 31.07966], [32.13837, 31.09332], [32.15943, 31.09333], [32.15943, 31.10078], [32.15286, 31.10659], [32.16627, 31.11439], [32.16684, 31.10834], [32.17994, 31.10692], [32.17604, 31.11781], [32.18386, 31.12493], [32.19483, 31.12579], [32.20574, 31.1092], [32.23414, 31.10488], [32.24822, 31.10692], [32.27223, 31.11888], [32.28346, 31.13654], [32.28053, 31.15498], [32.26249, 31.16961], [32.28981, 31.16962], [32.2951, 31.21337], [32.28981, 31.23046], [32.27297, 31.24885], [32.27053, 31.25755], [32.28297, 31.26529], [32.24676, 31.27924], [32.22633, 31.28205], [32.21413, 31.27828], [32.20705, 31.29506], [32.30023, 31.28148], [32.31381, 31.27269], [32.33138, 31.27142], [32.33383, 31.25471], [32.34425, 31.24189], [32.35914, 31.23347], [32.39009, 31.22635], [32.42018, 31.19636], [32.4812, 31.14886], [32.50953, 31.10692], [32.56568, 31.07054], [32.60157, 31.06098], [32.64552, 31.0598], [32.68751, 31.06444], [32.76197, 31.0812], [32.85076, 31.1188], [32.92042, 31.15541], [32.92726, 31.15541], [32.92726, 31.14794], [32.89536, 31.1374], [32.8396, 31.10123], [32.80714, 31.09333], [32.75245, 31.07137], [32.66651, 31.05231], [32.715, 31.05231], [32.71502, 31.04556], [32.70069, 31.03872], [32.73129, 31.03876], [32.74285, 31.04263], [32.7492, 31.0523], [32.75537, 31.0523], [32.7562, 31.04654], [32.76954, 31.04556], [32.83107, 31.07965], [32.88282, 31.09357], [32.89308, 31.10076], [32.91774, 31.09223], [32.9144, 31.08731], [32.90675, 31.08649], [32.90675, 31.07966], [32.91725, 31.08283], [32.94093, 31.09333], [32.94093, 31.10078], [32.91358, 31.10078], [32.9136, 31.10691], [32.92709, 31.11179], [32.94421, 31.10778], [32.95948, 31.09846], [32.96876, 31.08649], [32.97511, 31.06599], [32.96127, 31.06599], [32.99448, 31.05557], [33.00994, 31.0563], [33.02345, 31.06599], [33.02345, 31.07343], [33.00914, 31.07966], [33.00914, 31.0865], [33.05746, 31.10078], [33.05251, 31.1083], [33.0643, 31.13491], [33.05746, 31.13491], [33.03028, 31.11441], [33.02377, 31.10773], [33.03027, 31.10077], [32.99415, 31.09846], [32.95446, 31.10691], [32.98463, 31.10952], [33.03029, 31.16217], [33.07862, 31.17585], [33.09784, 31.19155], [33.10939, 31.19643], [33.12646, 31.19635], [33.12646, 31.18953], [33.09864, 31.18952], [33.09864, 31.18329], [33.1111, 31.17536], [33.15771, 31.11787], [33.15357, 31.11238], [33.12647, 31.10078], [33.12403, 31.10757], [33.11899, 31.10692], [33.11899, 31.10078], [33.13574, 31.09076], [33.14469, 31.07786], [33.1443, 31.06257], [33.13331, 31.04556], [33.18767, 31.06167], [33.22145, 31.0598], [33.22145, 31.06599], [33.20777, 31.07343], [33.20094, 31.07343], [33.20094, 31.06599], [33.19483, 31.06599], [33.19485, 31.07342], [33.2479, 31.09125], [33.26247, 31.10077], [33.26979, 31.10078], [33.26246, 31.09333], [33.26979, 31.08649], [33.28541, 31.09272], [33.29656, 31.07966], [33.30397, 31.07966], [33.30323, 31.0998], [33.31764, 31.10078], [33.30812, 31.10513], [33.27723, 31.10691], [33.38648, 31.11441], [33.37771, 31.13255], [33.40642, 31.13727], [33.40644, 31.15542], [33.42066, 31.14794], [33.44093, 31.15119], [33.49952, 31.12808], [33.57252, 31.12156], [33.59205, 31.11441], [33.59206, 31.12127], [33.61476, 31.11538], [33.64796, 31.11726], [33.85434, 31.16348], [34.04705, 31.22919], [34.22267, 31.32665], [34.28142, 31.3767], [34.30162, 31.40769], [34.3484, 31.43765], [34.36818, 31.46816], [34.44337, 31.53457], [34.47877, 31.57827], [34.48952, 31.6004], [34.51393, 31.62714], [34.60963, 31.76553], [34.69313, 31.92631], [34.71192, 31.95161], [34.74334, 32.03986], [34.74335, 32.06036], [34.75701, 32.0666], [34.84224, 32.29999], [34.91473, 32.29975], [34.95598, 32.29469], [35.02047, 32.27944], [35.03089, 32.28502], [35.08306, 32.42692], [34.98781, 32.46098], [34.952, 32.47904], [34.89412, 32.51846], [34.90984, 32.57026], [34.92091, 32.62824], [34.91919, 32.64321], [34.94207, 32.72451], [34.94753, 32.81415], [34.9555, 32.83418], [34.97047, 32.84137], [35.00343, 32.82754], [35.02768, 32.82661], [35.06707, 32.86685], [35.0796, 32.90583], [35.07781, 32.91787], [35.06545, 32.92309], [35.07154, 32.93793], [35.07843, 32.99858], [35.0962, 33.05036], [35.09215, 33.06769], [35.10646, 33.08076], [35.09963, 33.08759], [35.10524, 33.08902], [35.10646, 33.09504], [35.10046, 33.09567], [35.09963, 33.10126], [35.12532, 33.13237], [35.14763, 33.14033], [35.16782, 33.17015], [35.16181, 33.17694], [35.17107, 33.17658], [35.17465, 33.17015], [35.20476, 33.2248], [35.20916, 33.25462], [35.18834, 33.28001], [35.20973, 33.2934], [35.22478, 33.312], [35.24366, 33.3557], [35.25051, 33.40973], [35.27508, 33.44497], [35.27102, 33.4575], [35.32301, 33.49091], [35.34913, 33.51386], [35.36258, 33.55657], [35.40065, 33.64313], [35.3944, 33.64997], [35.40992, 33.66128], [35.42165, 33.70233], [35.43849, 33.71137], [35.43795, 33.7236], [35.47731, 33.8039], [35.48325, 33.87246], [35.47048, 33.90209], [35.47585, 33.90997], [35.48658, 33.91298], [35.51734, 33.90253], [35.57203, 33.90998], [35.59311, 33.94477], [35.59197, 33.95043], [35.58572, 33.95092], [35.6134, 33.99296], [35.63673, 33.99531], [35.64088, 33.99942], [35.64039, 34.00853], [35.62722, 34.01985], [35.62698, 34.04426], [35.64332, 34.08808], [35.64772, 34.11913], [35.63033, 34.15304], [35.62723, 34.20111], [35.64772, 34.22215], [35.65296, 34.28459], [35.66522, 34.31134], [35.68873, 34.3283], [35.70582, 34.3166], [35.75075, 34.38979], [35.80616, 34.41498], [35.82358, 34.43452], [35.80544, 34.45869], [35.80544, 34.4649], [35.82398, 34.46084], [35.90333, 34.47797], [35.98317, 34.53864], [35.98878, 34.55272], [35.98683, 34.6208], [35.93118, 34.74096], [35.92897, 34.79072], [35.90847, 34.82177], [35.86689, 34.92422], [35.87289, 34.92691], [35.88136, 34.94497], [35.87356, 34.95832], [35.87892, 34.97016], [35.87356, 34.97883], [35.89536, 35.00678], [35.90056, 35.02192], [35.88788, 35.06135], [35.88788, 35.1092], [35.9411, 35.18037], [35.96241, 35.19794], [35.9533, 35.2248], [35.91531, 35.28791], [35.92897, 35.32148], [35.91671, 35.40306], [35.91896, 35.41767], [35.86061, 35.47907], [35.8301, 35.49348], [35.81837, 35.50894], [35.78126, 35.49959], [35.77053, 35.50422], [35.77809, 35.54116], [35.73709, 35.56168], [35.74334, 35.5821], [35.7234, 35.57613], [35.72341, 35.58209], [35.76336, 35.59829], [35.77849, 35.61274], [35.78435, 35.63056], [35.77118, 35.66779], [35.77663, 35.67511], [35.80006, 35.68146], [35.84034, 35.74746], [35.83595, 35.78998], [35.81186, 35.8354], [35.79862, 35.84967], [35.84685, 35.84723], [35.87086, 35.85179], [35.88103, 35.86668], [35.88528, 35.88597], [35.96608, 35.99363], [35.97674, 36.00096], [35.97543, 36.0185], [35.94842, 36.08784], [35.85234, 36.21337], [35.84099, 36.24453], [35.79861, 36.28169], [35.78738, 36.30427], [35.78873, 36.32003], [35.82448, 36.36106], [35.85678, 36.36978], [35.87356, 36.39769], [35.90846, 36.41816], [35.91872, 36.44818], [35.9424, 36.46433], [35.99024, 36.47964], [36.04494, 36.53765], [36.05543, 36.53828], [36.18914, 36.60399], [36.21616, 36.65778], [36.21559, 36.67048], [36.20246, 36.69962], [36.20249, 36.76919], [36.18897, 36.80174], [36.12989, 36.86929], [36.09547, 36.89712], [36.0586, 36.91844], [36.02027, 36.92634], [35.98504, 36.9156], [35.95086, 36.89102], [35.8938, 36.83491], [35.85385, 36.81582], [35.80543, 36.7751], [35.7671, 36.76774], [35.68409, 36.76463], [35.64772, 36.75397], [35.62452, 36.72602], [35.61355, 36.71988], [35.61818, 36.73164], [35.6067, 36.74038], [35.57301, 36.70067], [35.57944, 36.68513], [35.59448, 36.70172], [35.61687, 36.69623], [35.6198, 36.71239], [35.62916, 36.70824], [35.63404, 36.69937], [35.64047, 36.71337], [35.63404, 36.72671], [35.6481, 36.73321], [35.66481, 36.71239], [35.69606, 36.72393], [35.70913, 36.71987], [35.65016, 36.69782], [35.62257, 36.68073], [35.6067, 36.65778], [35.60865, 36.64688], [35.62208, 36.65424], [35.66676, 36.69611], [35.69554, 36.7062], [35.65797, 36.6752], [35.63315, 36.63093], [35.63134, 36.60717], [35.62376, 36.60265], [35.59855, 36.59144], [35.55714, 36.58748], [35.54467, 36.58952], [35.50367, 36.61685], [35.49, 36.61392], [35.48121, 36.60724], [35.47869, 36.59854], [35.53095, 36.58273], [35.44549, 36.59634], [35.41326, 36.58369], [35.40446, 36.57193], [35.37403, 36.56159], [35.34603, 36.5411], [35.33579, 36.54561], [35.32016, 36.56468], [35.29449, 36.57259], [34.98227, 36.72077], [34.94646, 36.72797], [34.90042, 36.71989], [34.90789, 36.74038], [34.89357, 36.74601], [34.85255, 36.78132], [34.77076, 36.81607], [34.76498, 36.80859], [34.73585, 36.82168], [34.69288, 36.81387], [34.62672, 36.78877], [34.58513, 36.78132], [34.5547, 36.76765], [34.53405, 36.74053], [34.50318, 36.72671], [34.41521, 36.66292], [34.30746, 36.60859], [34.27622, 36.58698], [34.19044, 36.49852], [34.17773, 36.47338], [34.14747, 36.45917], [34.11198, 36.4296], [34.07732, 36.41389], [34.07788, 36.32885], [34.05779, 36.31591], [33.99977, 36.30292], [33.98927, 36.28168], [33.99828, 36.28602], [33.99585, 36.27953], [33.96876, 36.24689], [33.95899, 36.21358], [33.94143, 36.21338], [33.95094, 36.2377], [33.94597, 36.2652], [33.93092, 36.29047], [33.8711, 36.31489], [33.85548, 36.30492], [33.82788, 36.27172], [33.81105, 36.2674], [33.8247, 36.25992], [33.79907, 36.23067], [33.74285, 36.21337], [33.70525, 36.18171], [33.68825, 36.13705], [33.66034, 36.17488], [33.65659, 36.18867], [33.64723, 36.19257], [33.61988, 36.18545], [33.55225, 36.12752], [33.53055, 36.13081], [33.5442, 36.13703], [33.5442, 36.14448], [33.45826, 36.15815], [33.4367, 36.15469], [33.38649, 36.13704], [33.32683, 36.15009], [33.30835, 36.13224], [33.24195, 36.1308], [33.21214, 36.12407], [33.18865, 36.12581], [33.15691, 36.13703], [33.13404, 36.13178], [33.11197, 36.10323], [33.08773, 36.08284], [33.07114, 36.08926], [33.02687, 36.08927], [32.94093, 36.1035], [32.86525, 36.07185], [32.85669, 36.06099], [32.80372, 36.02718], [32.76059, 36.02949], [32.67039, 36.04681], [32.63205, 36.06211], [32.56788, 36.0961], [32.51315, 36.10315], [32.43727, 36.13867], [32.41961, 36.15949], [32.3655, 36.17797], [32.3187, 36.22858], [32.31032, 36.22949], [32.28729, 36.24483], [32.27613, 36.28783], [32.2527, 36.31533], [32.19216, 36.35839], [32.17433, 36.40241], [32.14845, 36.43366], [32.1321, 36.43867], [32.10206, 36.48615], [32.08717, 36.49332], [32.01881, 36.54654], [31.98781, 36.54996], [31.96827, 36.56159], [31.90798, 36.56266], [31.88803, 36.58112], [31.86248, 36.58869], [31.83465, 36.59235], [31.81675, 36.58952], [31.80738, 36.59683], [31.76906, 36.61002], [31.73658, 36.64228], [31.70324, 36.6437], [31.62762, 36.67085], [31.5962, 36.69571], [31.40756, 36.76341], [31.3786, 36.76766], [31.37631, 36.79194], [31.34083, 36.80858], [30.93971, 36.857], [30.77589, 36.84957], [30.74784, 36.85576], [30.68653, 36.89118], [30.62859, 36.85956], [30.60174, 36.83812], [30.56983, 36.78132], [30.56577, 36.70018], [30.57666, 36.6789], [30.56267, 36.66254], [30.55616, 36.63788], [30.55787, 36.61962], [30.57667, 36.5895], [30.58349, 36.59633], [30.58105, 36.57518], [30.56723, 36.53986], [30.56982, 36.52803], [30.52084, 36.48973], [30.50879, 36.4543], [30.48699, 36.42695], [30.48795, 36.41816], [30.47462, 36.4016], [30.47633, 36.38422], [30.48715, 36.37027], [30.50162, 36.36359], [30.49415, 36.34931], [30.51985, 36.34186], [30.47877, 36.30858], [30.46681, 36.28783], [30.4782, 36.2923], [30.48794, 36.28782], [30.45167, 36.26179], [30.44075, 36.23933], [30.42726, 36.22627], [30.39862, 36.20598], [30.4004, 36.24811], [30.39601, 36.26553], [30.38429, 36.27424], [30.36053, 36.26863], [30.25457, 36.30829], [30.23374, 36.30891], [30.19614, 36.30379], [30.15854, 36.29865], [30.14926, 36.28986], [30.14469, 36.25435], [30.13844, 36.25435], [30.13103, 36.27424], [30.12475, 36.24691], [30.11061, 36.25434], [30.1106, 36.24007], [30.07301, 36.2469], [30.04819, 36.25877], [30.03484, 36.25434], [30.05592, 36.25434], [30.0559, 36.2469], [29.98845, 36.21777], [29.9734, 36.21963], [29.961, 36.21387], [29.91651, 36.21906], [29.88136, 36.19843], [29.83009, 36.18545], [29.83758, 36.18285], [29.83692, 36.17796], [29.80258, 36.17182], [29.80258, 36.16498], [29.82307, 36.16498], [29.7955, 36.14536], [29.77978, 36.13944], [29.76173, 36.13703], [29.76173, 36.14448], [29.7754, 36.15815], [29.76238, 36.15656], [29.75489, 36.1507], [29.74342, 36.16096], [29.71925, 36.16266], [29.70704, 36.15815], [29.69995, 36.14615], [29.6893, 36.14448], [29.67238, 36.12338], [29.66822, 36.14378], [29.63397, 36.15706], [29.62397, 36.17776], [29.63738, 36.17243], [29.64324, 36.17792], [29.6421, 36.18696], [29.63453, 36.19164], [29.58352, 36.18546], [29.58352, 36.19163], [29.59254, 36.19579], [29.62387, 36.19912], [29.60222, 36.20702], [29.5215, 36.20598], [29.49474, 36.21096], [29.43214, 36.24006], [29.42042, 36.23063], [29.41163, 36.2674], [29.40578, 36.26017], [29.39186, 36.2674], [29.3816, 36.2639], [29.3571, 36.23567], [29.34961, 36.23263], [29.34084, 36.23738], [29.32936, 36.2541], [29.32228, 36.24691], [29.25687, 36.29689], [29.23463, 36.32429], [29.17499, 36.33984], [29.15846, 36.35676], [29.14471, 36.34933], [29.14081, 36.36245], [29.1447, 36.37718], [29.11689, 36.37719], [29.12428, 36.38345], [29.1128, 36.38939], [29.09638, 36.39095], [29.10907, 36.40647], [29.13038, 36.41136], [29.12429, 36.41815], [29.13014, 36.43651], [29.1242, 36.4536], [29.11134, 36.46678], [29.09638, 36.47346], [29.09657, 36.47978], [29.12428, 36.49331], [29.11492, 36.55268], [29.09637, 36.54793], [29.08432, 36.56025], [29.03639, 36.54533], [29.01447, 36.54792], [29.03272, 36.55182], [29.03688, 36.56147], [29.02053, 36.5895], [29.04176, 36.62424], [29.05584, 36.61424], [29.08091, 36.63861], [29.09636, 36.6441], [29.09059, 36.6271], [29.09881, 36.6236], [29.11061, 36.62637], [29.11687, 36.63422], [29.10922, 36.652], [29.09636, 36.66523], [29.03419, 36.70099], [28.95632, 36.72753], [28.93897, 36.75129], [28.89088, 36.71239], [28.8977, 36.69938], [28.86354, 36.69257], [28.86246, 36.66792], [28.84995, 36.66523], [28.86352, 36.65094], [28.85678, 36.64411], [28.87037, 36.63052], [28.87664, 36.63052], [28.88803, 36.64842], [28.89015, 36.65762], [28.88405, 36.67143], [28.9017, 36.65827], [28.89534, 36.64143], [28.86354, 36.61685], [28.86962, 36.60664], [28.85848, 36.60129], [28.82888, 36.60254], [28.81863, 36.61173], [28.81863, 36.62079], [28.82717, 36.62774], [28.84254, 36.63052], [28.84254, 36.63788], [28.80502, 36.65526], [28.78786, 36.65096], [28.78273, 36.67739], [28.74635, 36.6977], [28.70167, 36.70506], [28.6649, 36.69258], [28.65992, 36.711], [28.64918, 36.71833], [28.63592, 36.7145], [28.62338, 36.69938], [28.61623, 36.70596], [28.60354, 36.73355], [28.61256, 36.74714], [28.61671, 36.767], [28.61411, 36.78535], [28.60353, 36.79499], [28.60304, 36.79963], [28.61036, 36.80174], [28.60621, 36.81013], [28.61036, 36.81607], [28.60353, 36.81607], [28.59669, 36.795], [28.57586, 36.81952], [28.54615, 36.82343], [28.52442, 36.8133], [28.52783, 36.78879], [28.51775, 36.79564], [28.48685, 36.80175], [28.5005, 36.80858], [28.5005, 36.81607], [28.46389, 36.81876], [28.45623, 36.82831], [28.45266, 36.84955], [28.46632, 36.85334], [28.452, 36.88361], [28.44744, 36.88304], [28.4362, 36.86474], [28.37672, 36.85444], [28.39064, 36.83592], [28.41472, 36.83709], [28.4248, 36.82909], [28.396, 36.78951], [28.37697, 36.78878], [28.31495, 36.81607], [28.30877, 36.81607], [28.31494, 36.795], [28.27818, 36.79646], [28.27395, 36.80516], [28.27834, 36.81415], [28.31495, 36.82225], [28.31495, 36.82909], [28.27312, 36.852], [28.25717, 36.84618], [28.24318, 36.82978], [28.23666, 36.81322], [28.23951, 36.79881], [28.25341, 36.78876], [28.24887, 36.76683], [28.28857, 36.74257], [28.29508, 36.7199], [28.26726, 36.7309], [28.2531, 36.72785], [28.24658, 36.7124], [28.23357, 36.71988], [28.22543, 36.7062], [28.23356, 36.69937], [28.1819, 36.68464], [28.16228, 36.67268], [28.1115, 36.60419], [28.08814, 36.58907], [28.0617, 36.59634], [28.05502, 36.58658], [28.04184, 36.58271], [28.04801, 36.56904], [28.0359, 36.56477], [28.01832, 36.56704], [28.01384, 36.57586], [28.00367, 36.56192], [27.9909, 36.55977], [27.97796, 36.56563], [27.96609, 36.57587], [27.97291, 36.5895], [27.95926, 36.60252], [28.03443, 36.60252], [28.05397, 36.6096], [28.08961, 36.64411], [28.07594, 36.65778], [28.04804, 36.63791], [28.06121, 36.66474], [28.05795, 36.67666], [28.03793, 36.69062], [28.02963, 36.67037], [28.00017, 36.6789], [27.98016, 36.67586], [27.97023, 36.67984], [27.96609, 36.68878], [28.00701, 36.69937], [28.00019, 36.70619], [28.02752, 36.7062], [28.04185, 36.71987], [28.07976, 36.72207], [28.0896, 36.7267], [28.08595, 36.7106], [28.1006, 36.70962], [28.11638, 36.71882], [28.11687, 36.73355], [28.10743, 36.7392], [28.08768, 36.74087], [28.08222, 36.74714], [28.08417, 36.75372], [28.11004, 36.77508], [28.13054, 36.75397], [28.11842, 36.8006], [28.09498, 36.80142], [28.06909, 36.7751], [28.04721, 36.76334], [28.03932, 36.76448], [28.03443, 36.77509], [28.0197, 36.76314], [27.96607, 36.74715], [27.95925, 36.74715], [27.95411, 36.75959], [27.91766, 36.7404], [27.91245, 36.75414], [27.89031, 36.7404], [27.87037, 36.75259], [27.86304, 36.74039], [27.85649, 36.74038], [27.82618, 36.75747], [27.80649, 36.76081], [27.78785, 36.75399], [27.78785, 36.76081], [27.77605, 36.75594], [27.73609, 36.76081], [27.71941, 36.75625], [27.69848, 36.73421], [27.68426, 36.72671], [27.68685, 36.71113], [27.67311, 36.67963], [27.67114, 36.6578], [27.61988, 36.67646], [27.60304, 36.6789], [27.55975, 36.67464], [27.55454, 36.68513], [27.4967, 36.66825], [27.50752, 36.66777], [27.52735, 36.65816], [27.54371, 36.64442], [27.55258, 36.63116], [27.554, 36.62347], [27.55031, 36.60304], [27.53015, 36.54846], [27.4537, 36.58367], [27.43974, 36.59876], [27.43915, 36.60618], [27.44601, 36.62635], [27.46702, 36.65381], [27.44842, 36.66523], [27.41578, 36.66901], [27.40432, 36.66524], [27.40203, 36.67748], [27.39405, 36.68415], [27.38299, 36.68476], [27.3703, 36.67892], [27.36915, 36.68447], [27.36283, 36.68513], [27.36866, 36.69741], [27.35582, 36.70621], [27.35582, 36.71237], [27.39289, 36.70619], [27.41432, 36.7093], [27.42311, 36.71967], [27.42727, 36.73566], [27.44985, 36.75403], [27.48317, 36.75397], [27.55665, 36.76267], [27.58136, 36.76139], [27.6115, 36.76533], [27.62339, 36.80174], [27.64535, 36.80645], [27.69117, 36.78433], [27.70541, 36.78875], [27.72344, 36.78191], [27.74822, 36.7844], [27.76002, 36.78132], [27.79909, 36.80662], [27.88649, 36.80882], [27.89714, 36.81231], [27.90366, 36.80581], [27.93995, 36.79564], [27.99443, 36.79834], [28.0105, 36.79433], [28.02752, 36.78132], [28.03077, 36.79173], [28.05543, 36.80858], [28.04908, 36.82062], [28.03956, 36.82665], [28.00703, 36.8291], [28.01386, 36.83592], [28.02328, 36.83324], [28.02459, 36.8391], [28.00704, 36.85699], [28.02125, 36.86321], [28.02866, 36.86018], [28.05543, 36.87067], [28.05543, 36.8769], [28.02127, 36.91159], [28.03443, 36.9042], [28.04184, 36.91161], [28.02754, 36.92592], [28.0617, 36.92593], [28.0617, 36.93212], [28.04184, 36.93212], [28.04185, 36.9389], [28.06567, 36.93923], [28.0822, 36.93212], [28.09351, 36.93788], [28.10328, 36.93212], [28.12013, 36.93768], [28.14194, 36.9287], [28.15724, 36.93212], [28.16529, 36.91161], [28.16814, 36.93342], [28.15724, 36.93891], [28.15725, 36.94578], [28.17449, 36.94598], [28.18523, 36.93891], [28.21241, 36.97309], [28.21241, 36.98054], [28.19892, 36.98054], [28.21242, 37.00042], [28.22853, 36.99055], [28.24464, 36.98819], [28.2531, 36.99372], [28.24661, 37.00787], [28.3296, 37.03046], [28.32936, 37.03677], [28.31495, 37.04881], [28.3047, 37.05085], [28.17433, 37.03515], [28.12623, 37.03587], [28.10727, 37.03213], [28.11002, 37.01412], [28.09295, 37.02143], [27.98658, 37.03514], [27.95183, 37.02148], [27.91139, 37.02774], [27.88624, 37.02619], [27.8047, 37.0046], [27.78785, 37.00788], [27.78044, 36.99361], [27.76287, 36.9973], [27.73952, 36.99361], [27.71974, 37.00519], [27.68767, 37.00544], [27.65577, 36.99653], [27.63648, 36.98055], [27.59034, 36.99828], [27.56715, 36.99665], [27.56201, 36.97311], [27.52833, 36.99128], [27.47267, 36.9936], [27.43849, 37.02774], [27.42351, 37.02717], [27.40805, 37.01684], [27.40431, 37.02774], [27.39682, 37.02774], [27.38331, 36.99362], [27.37893, 37.00072], [27.38331, 37.00788], [27.37649, 37.01412], [27.38168, 37.01895], [27.37647, 37.02774], [27.32862, 37.01411], [27.33268, 36.99706], [27.3265, 36.986], [27.30063, 36.97309], [27.30809, 36.95943], [27.28696, 36.95943], [27.28094, 36.96686], [27.2632, 36.96338], [27.25271, 36.97834], [27.2461, 37.01777], [27.22878, 37.06183], [27.23911, 37.08294], [27.26417, 37.08902], [27.29444, 37.1103], [27.27906, 37.11758], [27.26043, 37.11031], [27.25296, 37.12395], [27.26043, 37.11774], [27.27166, 37.12884], [27.30299, 37.11957], [27.32179, 37.12397], [27.3218, 37.15866], [27.3396, 37.15053], [27.3423, 37.13011], [27.34897, 37.13011], [27.36159, 37.14862], [27.36931, 37.15069], [27.37647, 37.14444], [27.3833, 37.15182], [27.38657, 37.13007], [27.4043, 37.1301], [27.42547, 37.11961], [27.43846, 37.12395], [27.431, 37.11774], [27.44557, 37.09699], [27.45981, 37.0895], [27.47511, 37.09252], [27.54152, 37.12595], [27.56511, 37.12564], [27.57553, 37.13011], [27.57553, 37.1376], [27.55454, 37.13011], [27.54721, 37.16181], [27.53956, 37.17829], [27.52786, 37.18538], [27.52786, 37.19281], [27.57472, 37.20115], [27.58766, 37.1988], [27.57553, 37.17853], [27.59474, 37.18594], [27.60987, 37.19965], [27.59425, 37.20429], [27.58857, 37.2111], [27.58936, 37.23049], [27.60987, 37.24746], [27.61598, 37.27473], [27.59441, 37.28384], [27.58936, 37.27474], [27.55323, 37.27293], [27.54306, 37.24965], [27.53052, 37.23632], [27.51466, 37.22933], [27.50004, 37.23384], [27.51775, 37.246], [27.51987, 37.2591], [27.5088, 37.26805], [27.48634, 37.26789], [27.46364, 37.25204], [27.45885, 37.258], [27.46145, 37.26752], [27.48634, 37.29523], [27.49138, 37.32734], [27.48015, 37.34369], [27.47267, 37.34369], [27.46852, 37.31563], [27.44613, 37.30562], [27.41831, 37.30949], [27.39683, 37.32315], [27.3887, 37.34528], [27.39675, 37.36562], [27.41522, 37.38165], [27.43849, 37.39081], [27.42652, 37.40595], [27.40724, 37.41275], [27.38657, 37.41205], [27.37029, 37.4051], [27.35644, 37.37914], [27.3462, 37.3706], [27.32179, 37.37092], [27.32179, 37.36351], [27.33642, 37.3557], [27.33033, 37.35164], [27.2715, 37.34858], [27.24611, 37.33618], [27.2317, 37.34809], [27.21877, 37.34371], [27.21192, 37.35733], [27.20135, 37.35229], [27.19079, 37.35733], [27.2028, 37.37102], [27.20701, 37.38106], [27.2051, 37.39826], [27.22625, 37.4051], [27.21748, 37.4313], [27.2225, 37.47675], [27.20509, 37.47274], [27.19264, 37.47866], [27.17777, 37.46657], [27.19044, 37.51268], [27.1846, 37.52802], [27.18824, 37.53449], [27.18044, 37.54458], [27.18458, 37.55589], [27.20037, 37.54755], [27.20932, 37.5633], [27.20851, 37.59687], [27.13624, 37.63105], [27.04885, 37.65015], [27.0115, 37.66572], [27.02102, 37.68632], [27.03834, 37.69012], [27.12721, 37.68854], [27.21314, 37.71345], [27.24952, 37.74433], [27.2566, 37.75951], [27.26157, 37.80353], [27.26043, 37.81598], [27.23717, 37.84545], [27.23908, 37.8642], [27.26043, 37.88422], [27.26539, 37.90168], [27.26044, 37.91901], [27.27475, 37.92902], [27.26629, 37.95136], [27.23911, 37.98794], [27.21372, 37.98094], [27.14084, 37.98612], [27.11639, 37.99409], [27.1019, 38.01268], [27.07017, 38.02001], [27.06471, 38.0406], [27.05592, 38.04572], [27.02703, 38.0494], [26.97543, 38.06525], [26.94923, 38.06737], [26.8934, 38.05622], [26.88151, 38.03841], [26.87306, 38.03511], [26.86493, 38.04036], [26.84207, 38.07608], [26.84645, 38.10342], [26.83522, 38.13129], [26.79363, 38.17227], [26.77606, 38.16524], [26.77151, 38.17748], [26.77369, 38.20702], [26.76026, 38.21674], [26.70826, 38.20703], [26.63592, 38.2036], [26.62288, 38.13875], [26.60922, 38.14496], [26.61214, 38.11787], [26.6071, 38.10831], [26.59498, 38.10396], [26.56764, 38.14496], [26.56715, 38.12398], [26.5569, 38.12231], [26.52378, 38.14741], [26.51551, 38.16552], [26.5193, 38.17967], [26.49171, 38.17403], [26.44223, 38.21198], [26.41749, 38.22065], [26.42415, 38.20019], [26.4175, 38.20019], [26.39016, 38.22383], [26.39487, 38.25165], [26.39015, 38.26166], [26.38331, 38.26166], [26.37501, 38.23481], [26.35401, 38.22827], [26.32863, 38.23506], [26.28663, 38.26105], [26.24239, 38.27193], [26.23394, 38.26773], [26.21953, 38.26841], [26.20335, 38.27595], [26.17068, 38.30499], [26.15517, 38.32782], [26.16357, 38.30265], [26.13706, 38.29963], [26.11354, 38.28425], [26.10222, 38.2617], [26.11206, 38.23749], [26.11206, 38.22261], [26.10671, 38.22037], [26.04744, 38.28583], [26.02316, 38.32289], [25.98634, 38.405], [25.97519, 38.47485], [25.97621, 38.52007], [25.99837, 38.60391], [26.06396, 38.59002], [26.10825, 38.54279], [26.11541, 38.55516], [26.12192, 38.55646], [26.12135, 38.56232], [26.11575, 38.5633], [26.13071, 38.56719], [26.14377, 38.56424], [26.16357, 38.5428], [26.15089, 38.53042], [26.14437, 38.49291], [26.12192, 38.48754], [26.12973, 38.47846], [26.14241, 38.47394], [26.1364, 38.46772], [26.15405, 38.46726], [26.15454, 38.46089], [26.14243, 38.4466], [26.13933, 38.41889], [26.14304, 38.39249], [26.14871, 38.39971], [26.22137, 38.45391], [26.23515, 38.47766], [26.24336, 38.50832], [26.23626, 38.50671], [26.20388, 38.5147], [26.18506, 38.54214], [26.20743, 38.53975], [26.21469, 38.53319], [26.23056, 38.53346], [26.24782, 38.52494], [26.25368, 38.58355], [26.24597, 38.60953], [26.22477, 38.63505], [26.18676, 38.67237], [26.17088, 38.6964], [26.17216, 38.72178], [26.18595, 38.77015], [26.32168, 38.76117], [26.34906, 38.75539], [26.37257, 38.74655], [26.39047, 38.73397], [26.39614, 38.72214], [26.39412, 38.68589], [26.39062, 38.67313], [26.40335, 38.67738], [26.44036, 38.6777], [26.46531, 38.67273], [26.50532, 38.65285], [26.55569, 38.60558], [26.5608, 38.59003], [26.584, 38.56094], [26.63037, 38.51923], [26.6433, 38.46772], [26.62916, 38.46089], [26.61085, 38.46841], [26.58815, 38.46088], [26.60523, 38.45358], [26.60498, 38.44477], [26.58814, 38.41869], [26.61182, 38.41624], [26.62207, 38.40533], [26.65707, 38.3288], [26.67311, 38.3072], [26.69459, 38.31318], [26.69996, 38.32575], [26.67751, 38.34358], [26.67068, 38.38516], [26.68714, 38.41955], [26.70241, 38.43015], [26.71909, 38.42609], [26.71909, 38.4329], [26.72535, 38.43292], [26.74807, 38.40492], [26.76686, 38.36408], [26.78736, 38.37151], [26.7951, 38.35863], [26.84547, 38.37152], [26.92457, 38.37767], [26.98976, 38.39887], [27.01336, 38.41249], [27.04249, 38.40762], [27.06121, 38.41249], [27.08863, 38.40225], [27.11183, 38.41401], [27.13544, 38.43365], [27.16424, 38.4466], [27.16424, 38.45344], [27.15447, 38.45942], [27.14309, 38.45345], [27.13624, 38.46088], [27.11695, 38.45394], [27.08334, 38.45673], [27.07472, 38.45345], [27.04908, 38.4632], [27.02231, 38.46247], [26.93542, 38.43489], [26.94508, 38.4466], [26.92792, 38.45605], [26.89763, 38.4947], [26.84906, 38.51254], [26.82692, 38.5262], [26.81476, 38.54274], [26.8742, 38.50747], [26.88982, 38.50804], [26.88982, 38.51488], [26.87778, 38.52635], [26.83523, 38.54901], [26.84889, 38.5974], [26.83424, 38.60822], [26.81373, 38.59765], [26.79365, 38.59741], [26.80104, 38.61172], [26.77931, 38.61774], [26.7532, 38.61792], [26.75945, 38.63841], [26.74643, 38.63867], [26.71911, 38.65266], [26.73366, 38.66363], [26.75318, 38.66633], [26.73306, 38.68983], [26.7191, 38.72093], [26.73756, 38.73077], [26.78891, 38.73941], [26.81821, 38.75543], [26.83058, 38.74726], [26.85157, 38.74566], [26.88852, 38.73404], [26.90349, 38.73457], [26.89724, 38.74827], [26.92303, 38.76214], [26.93141, 38.75507], [26.93507, 38.77045], [26.93141, 38.78925], [26.92458, 38.78173], [26.89725, 38.81655], [26.93766, 38.83021], [26.94386, 38.80874], [26.96078, 38.80614], [26.97145, 38.81916], [26.95877, 38.84446], [26.9909, 38.85505], [27.01336, 38.87115], [27.03354, 38.8605], [27.05502, 38.87108], [27.06267, 38.88687], [27.04129, 38.89168], [27.05787, 38.91852], [27.05779, 38.92976], [27.04127, 38.94009], [27.01286, 38.92207], [26.98288, 38.91963], [26.96241, 38.94009], [26.93426, 38.9309], [26.92457, 38.94009], [26.87938, 38.9163], [26.86622, 38.91341], [26.85565, 38.91756], [26.8401, 38.93586], [26.8065, 38.95015], [26.79722, 38.97313], [26.79915, 38.99815], [26.81471, 39.01512], [26.81471, 39.02196], [26.79366, 39.02197], [26.82881, 39.04717], [26.87306, 39.06293], [26.88315, 39.0716], [26.87526, 39.09089], [26.82374, 39.14908], [26.7929, 39.16318], [26.77216, 39.15712], [26.7112, 39.15041], [26.67479, 39.15663], [26.61281, 39.17524], [26.55092, 39.20364], [26.52555, 39.22111], [26.50677, 39.24064], [26.49672, 39.26218], [26.49949, 39.27948], [26.51291, 39.29626], [26.53403, 39.31269], [26.61372, 39.36098], [26.63531, 39.37728], [26.64905, 39.39398], [26.64953, 39.40088], [26.64429, 39.40691], [26.60875, 39.41846], [26.57382, 39.41761], [26.54238, 39.39624], [26.47353, 39.33209], [26.4575, 39.32271], [26.44274, 39.31981], [26.42499, 39.32392], [26.4059, 39.33324], [26.36679, 39.36268], [26.33169, 39.39859], [26.30712, 39.43192], [26.30549, 39.43847], [26.31107, 39.4556], [26.33945, 39.5003], [26.45102, 39.52459], [26.45853, 39.57432], [26.47509, 39.62829], [26.49083, 39.66177], [26.5375, 39.73045], [26.53758, 39.73804], [26.53011, 39.74295], [26.44654, 39.7576], [26.3637, 39.78578], [26.32464, 39.80479], [26.28325, 39.83222], [26.25891, 39.80355], [26.19537, 39.75345], [26.15053, 39.72805], [26.13642, 39.75568], [26.13788, 39.76455], [26.14991, 39.77611], [26.15496, 39.82616], [26.1517, 39.83515], [26.13642, 39.8376], [26.15675, 39.89899], [26.15062, 39.92504], [26.15252, 39.94235], [26.16275, 39.96093], [26.18866, 40.00177], [26.19777, 40.00884], [26.25115, 39.99486], [26.31105, 40.01948], [26.3577, 40.05963], [26.36321, 40.06923], [26.36941, 40.10293], [26.39069, 40.10765], [26.39536, 40.11457], [26.40194, 40.14633], [26.39635, 40.17276], [26.40798, 40.19366], [26.44142, 40.1966], [26.50074, 40.21296], [26.51938, 40.22517], [26.56366, 40.27016], [26.60759, 40.29043], [26.71442, 40.39043], [26.73561, 40.40354], [26.77713, 40.40548], [26.86305, 40.39989], [26.89723, 40.40614], [26.93442, 40.39248], [26.99147, 40.38862], [27.01336, 40.39248], [27.09637, 40.45228], [27.14308, 40.45391], [27.21534, 40.4477], [27.23756, 40.45185], [27.2715, 40.46783], [27.28695, 40.4682], [27.30354, 40.45824], [27.32861, 40.41356], [27.31492, 40.40616], [27.30323, 40.41096], [27.29444, 40.40616], [27.33758, 40.37031], [27.39291, 40.34211], [27.45232, 40.32201], [27.52329, 40.30878], [27.56202, 40.31049], [27.59702, 40.32831], [27.61297, 40.33099], [27.688, 40.31379], [27.71225, 40.32419], [27.7326, 40.31729], [27.76271, 40.31538], [27.78981, 40.32046], [27.81325, 40.3471], [27.86736, 40.36888], [27.88356, 40.3863], [27.86525, 40.38679], [27.81528, 40.39989], [27.79177, 40.3929], [27.78582, 40.41291], [27.76765, 40.42025], [27.75637, 40.43261], [27.75017, 40.45759], [27.72585, 40.46138], [27.68427, 40.49616], [27.68427, 40.50234], [27.70606, 40.51191], [27.72243, 40.52626], [27.73316, 40.53057], [27.75017, 40.52473], [27.76002, 40.53704], [27.78045, 40.51533], [27.7894, 40.51423], [27.79519, 40.52089], [27.8047, 40.52276], [27.9699, 40.50299], [28.01416, 40.49115], [28.03442, 40.47443], [28.01677, 40.45108], [27.92994, 40.41694], [27.90398, 40.39989], [27.90846, 40.37421], [27.94467, 40.36603], [28.02752, 40.37202], [28.11199, 40.39605], [28.34769, 40.40403], [28.4004, 40.39741], [28.48677, 40.39988], [28.46754, 40.39435], [28.45883, 40.37946], [28.49949, 40.39109], [28.54542, 40.39129], [28.59278, 40.38189], [28.63771, 40.36518], [28.64381, 40.37123], [28.65805, 40.36518], [28.6854, 40.37945], [28.74187, 40.38642], [28.77199, 40.40252], [28.88404, 40.38629], [28.93873, 40.36518], [29.05161, 40.36734], [29.06568, 40.37572], [29.09011, 40.42722], [29.11899, 40.42365], [29.15154, 40.43407], [29.13356, 40.45075], [29.0879, 40.47748], [29.06568, 40.48188], [29.011, 40.48188], [28.96949, 40.46138], [28.91668, 40.47091], [28.82846, 40.51301], [28.7742, 40.52278], [28.79266, 40.55328], [28.82684, 40.57061], [28.89772, 40.59174], [28.92774, 40.60643], [28.97007, 40.63946], [28.98634, 40.64475], [29.28159, 40.66592], [29.32325, 40.67674], [29.39185, 40.70782], [29.41684, 40.68675], [29.46144, 40.70417], [29.47007, 40.71893], [29.47927, 40.72406], [29.50087, 40.72886], [29.52751, 40.7215], [29.54223, 40.70966], [29.54884, 40.69098], [29.55991, 40.69107], [29.75352, 40.72456], [29.8672, 40.7289], [29.90358, 40.71625], [29.92416, 40.71646], [29.9393, 40.73505], [29.92921, 40.75804], [29.89015, 40.76349], [29.7754, 40.74873], [29.73756, 40.76984], [29.66651, 40.78345], [29.42872, 40.77607], [29.37778, 40.75655], [29.35695, 40.76241], [29.33953, 40.78758], [29.32914, 40.79035], [29.34343, 40.7978], [29.33953, 40.80781], [29.31544, 40.82445], [29.31105, 40.8182], [29.30177, 40.82445], [29.2932, 40.8186], [29.25458, 40.81079], [29.25458, 40.81703], [29.27076, 40.82185], [29.2746, 40.83876], [29.28826, 40.83128], [29.28842, 40.8378], [29.29493, 40.83877], [29.26393, 40.86978], [29.24098, 40.88255], [29.22047, 40.87972], [29.20135, 40.89395], [29.14479, 40.91414], [29.08318, 40.95966], [29.0281, 40.98213], [29.03484, 40.98957], [29.0233, 40.99336], [29.00758, 41.0305], [29.02605, 41.03828], [29.06235, 41.07632], [29.09059, 41.14094], [29.06926, 41.15297], [29.09262, 41.18036], [29.12983, 41.21171], [29.16969, 41.23309], [29.20623, 41.22919], [29.21616, 41.2394], [29.23207, 41.24067], [29.41974, 41.21428], [29.61883, 41.1789], [29.90906, 41.14849], [30.13689, 41.14378], [30.16521, 41.14663], [30.21705, 41.16714], [30.24049, 41.19231], [30.2483, 41.18757], [30.27126, 41.21116], [30.28248, 41.21551], [30.29558, 41.20742], [30.33668, 41.20082], [30.36996, 41.18134], [30.69895, 41.12158], [30.74806, 41.09199], [30.83326, 41.0799], [31.09059, 41.08515], [31.12477, 41.09812], [31.16944, 41.09199], [31.21046, 41.09812], [31.23121, 41.09199], [31.23878, 41.09369], [31.24888, 41.10565], [31.29021, 41.11786], [31.32358, 41.13386], [31.39275, 41.18842], [31.40105, 41.20209], [31.40801, 41.24817], [31.41961, 41.28034], [31.39609, 41.29568], [31.39285, 41.30365], [31.40358, 41.31647], [31.42514, 41.32257], [31.47104, 41.32477], [31.49831, 41.35203], [31.65895, 41.39793], [31.87194, 41.50471], [31.99334, 41.54951], [32.03941, 41.57558], [32.13412, 41.59943], [32.16188, 41.61201], [32.17841, 41.6369], [32.24342, 41.69294], [32.26337, 41.72015], [32.29705, 41.72735], [32.35182, 41.72944], [32.3537, 41.73574], [32.37232, 41.7425], [32.38258, 41.75608], [32.39967, 41.7425], [32.41725, 41.74893], [32.45429, 41.77724], [32.53506, 41.81082], [32.56283, 41.81687], [32.57781, 41.81135], [32.58938, 41.82697], [32.61257, 41.83953], [32.63966, 41.84389], [32.6631, 41.83495], [32.67921, 41.83633], [32.75538, 41.85911], [32.79851, 41.85969], [32.82749, 41.86469], [32.84457, 41.87278], [32.85564, 41.86831], [32.92612, 41.88182], [32.96192, 41.89411], [33.00807, 41.9173], [33.16554, 41.95698], [33.32479, 42.01904], [33.36085, 42.02064], [33.43434, 42.01065], [33.54054, 42.01064], [33.61346, 41.99372], [33.82716, 41.97769], [33.84522, 41.98264], [33.87355, 41.97443], [34.00392, 41.98262], [34.33131, 41.94794], [34.4452, 41.97278], [34.48268, 41.97524], [34.56178, 41.95185], [34.69418, 41.94595], [34.74635, 41.95038], [34.7986, 41.96223], [34.88901, 42.0078], [34.91879, 42.03555], [34.9419, 42.06928], [34.9481, 42.09877], [34.99073, 42.09112], [35.00343, 42.08511], [35.00614, 42.09146], [35.02393, 42.0925], [35.04882, 42.06513], [35.04444, 42.05158], [35.08155, 42.0292], [35.1045, 42.02188], [35.1338, 42.02363], [35.17124, 42.04413], [35.18646, 42.04235], [35.2163, 42.02362], [35.2163, 42.0168], [35.16261, 42.02172], [35.13754, 42.01952], [35.11671, 42.0069], [35.09881, 41.96971], [35.09213, 41.92805], [35.12574, 41.87531], [35.15577, 41.84569], [35.20947, 41.81134], [35.20947, 41.80452], [35.19581, 41.80451], [35.22478, 41.76187], [35.25358, 41.75063], [35.29819, 41.71516], [35.35768, 41.69685], [35.40105, 41.69154], [35.44907, 41.66055], [35.48585, 41.64509], [35.53012, 41.63426], [35.57667, 41.62971], [35.6198, 41.63264], [35.67873, 41.65692], [35.74057, 41.66498], [35.84621, 41.69871], [35.89381, 41.70746], [35.93483, 41.7324], [35.95651, 41.73622], [35.94679, 41.71723], [35.92897, 41.70893], [35.93051, 41.69383], [35.91163, 41.66279], [35.91529, 41.64623], [35.9227, 41.64623], [35.92482, 41.67023], [35.93434, 41.69212], [35.94793, 41.71003], [35.97288, 41.72856], [35.97787, 41.72967], [36.0381, 41.68781], [36.0381, 41.70147], [36.04492, 41.70147], [36.12044, 41.62775], [36.13444, 41.59906], [36.13444, 41.55817], [36.12078, 41.52704], [36.11997, 41.49433], [36.13445, 41.4619], [36.17888, 41.41999], [36.20475, 41.40647], [36.23683, 41.35887], [36.3034, 41.32852], [36.33187, 41.32318], [36.33732, 41.31835], [36.34376, 41.28872], [36.37451, 41.277], [36.39503, 41.25641], [36.42383, 41.25169], [36.45102, 41.24042], [36.47609, 41.24494], [36.51791, 41.26264], [36.57936, 41.30732], [36.6019, 41.34374], [36.60672, 41.36628], [36.61989, 41.37505], [36.67172, 41.36628], [36.75831, 41.36623], [36.83696, 41.35067], [36.98455, 41.29462], [37.0151, 41.27474], [37.03189, 41.24282], [37.03387, 41.1988], [37.03972, 41.18154], [37.07748, 41.17083], [37.13551, 41.14663], [37.26344, 41.14784], [37.29932, 41.14036], [37.33351, 41.11933], [37.39535, 41.10846], [37.43653, 41.0777], [37.47754, 41.06777], [37.50473, 41.04291], [37.52475, 41.03718], [37.56471, 41.04046], [37.58058, 41.03677], [37.60792, 41.05044], [37.64034, 41.10175], [37.67182, 41.13107], [37.68978, 41.14035], [37.6985, 41.12409], [37.7151, 41.11473], [37.73422, 41.11465], [37.75123, 41.12611], [37.75807, 41.11933], [37.78385, 41.12261], [37.78517, 41.06], [37.80275, 41.04291], [37.86792, 41.01556], [37.89576, 40.98212], [37.93475, 40.99509], [37.98143, 40.99025], [38.10222, 40.9597], [38.1613, 40.95209], [38.20143, 40.94135], [38.22413, 40.94115], [38.26832, 40.95037], [38.28736, 40.9472], [38.3309, 40.91787], [38.35125, 40.91787], [38.38933, 40.9269], [38.45232, 40.91673], [38.46372, 40.92376], [38.5394, 40.92691], [38.59157, 40.96255], [38.63706, 40.97601], [38.64946, 40.97515], [38.67791, 40.94864], [38.71762, 40.95478], [38.74334, 40.97247], [38.75514, 40.97529], [38.78371, 41.00177], [38.87582, 41.01895], [38.90838, 41.03766], [38.9275, 41.04262], [39.04176, 41.0434], [39.12233, 41.05728], [39.15651, 41.07769], [39.16831, 41.07973], [39.21972, 41.07297], [39.25074, 41.05305], [39.2732, 41.05044], [39.31724, 41.06805], [39.34913, 41.07396], [39.40284, 41.09813], [39.41852, 41.11007], [39.43019, 41.11248], [39.49292, 41.10101], [39.5342, 41.06354], [39.51908, 40.87921], [39.50073, 40.81122], [39.48497, 40.77829], [39.46475, 40.74625], [39.4157, 40.69064], [39.3767, 40.70461], [39.28721, 40.6954], [39.171, 40.70184], [39.06927, 40.68915], [39.06049, 40.68149], [39.07584, 40.59148], [39.10103, 40.50999], [39.13592, 40.43356], [39.25655, 40.21429], [39.28739, 40.13951], [39.30619, 40.06104], [39.30831, 39.97815], [39.27969, 39.80043], [39.19392, 39.44484], [39.1686, 39.26655], [39.16673, 39.1439], [39.17483, 39.02401], [39.21982, 38.67558], [39.22862, 38.55982], [39.22772, 38.44208], [39.21321, 38.32243], [39.18422, 38.20479], [39.05478, 37.82945], [39.01807, 37.70511], [38.99495, 37.58536], [38.99164, 37.47251], [39.01466, 37.36748], [39.04548, 37.30108], [39.08286, 37.23919], [39.2534, 37.00012], [39.28993, 36.93454], [39.44625, 36.53554], [39.48049, 36.39679], [39.49721, 36.25891], [39.56301, 35.98951], [39.57471, 35.92154], [39.57917, 35.85564], [39.57373, 35.7928], [39.5555, 35.73965], [39.52381, 35.6972], [39.4817, 35.66457], [39.4309, 35.63937], [39.31314, 35.60477], [39.09946, 35.55824], [38.94105, 35.50716], [38.72342, 35.41302], [38.50986, 35.31324], [38.44894, 35.28025], [38.3318, 35.20758], [38.0685, 35.02181], [37.93078, 34.93268], [37.84372, 34.87029], [37.76576, 34.79834], [37.70703, 34.71427], [37.68387, 34.66657], [37.64689, 34.56719], [37.51744, 34.1575], [37.29921, 33.35457], [37.22701, 33.10156], [37.14661, 32.84292], [37.11805, 32.76018], [37.25466, 32.56015], [36.9801, 32.41004], [36.81938, 32.31679], [36.80657, 32.31304], [36.85309, 32.07963], [36.83209, 32.03077], [36.69539, 31.7487], [36.53945, 31.46218], [36.36222, 31.17194], [36.17567, 30.89582], [35.92036, 30.55737], [35.64153, 30.12246], [35.4159, 29.81759], [35.35281, 29.71884], [35.3828, 29.65942], [35.40442, 29.58809], [35.40972, 29.5349], [35.40597, 29.46608], [35.39824, 29.43167], [35.37641, 29.37567], [35.37038, 29.31372], [35.35634, 29.26287], [35.2976, 29.07058], [35.28452, 29.05076], [35.27359, 29.0047], [35.25017, 28.82784], [35.21222, 28.70294], [35.21305, 28.66951], [35.20117, 28.64015], [35.21166, 28.54298], [35.2049, 28.453], [35.3092, 28.403], [35.33103, 28.35945], [35.35021, 28.29126], [35.35791, 28.18345], [35.35435, 28.11661], [35.33256, 28.0302], [35.29854, 27.96601], [35.26989, 27.92959], [35.24562, 27.96235], [35.22975, 27.96891], [35.18149, 28.00292], [35.18149, 27.99605], [35.17466, 27.99605], [35.1636, 28.00934], [35.17653, 28.01947], [35.21632, 28.03767], [35.2269, 28.03315], [35.21632, 28.05439], [35.17465, 28.06501], [35.16782, 28.06501], [35.16781, 28.05818], [35.1618, 28.05818], [35.14479, 28.0764], [35.11037, 28.07894], [35.05193, 28.11957], [35.042, 28.11303], [35.0197, 28.11347], [35.03074, 28.09913], [34.99789, 28.1142], [34.93727, 28.09125], [34.92774, 28.07861], [34.92092, 28.07861], [34.92091, 28.08543], [34.90089, 28.08227], [34.8602, 28.08539], [34.84645, 28.07121], [34.83889, 28.07861], [34.83889, 28.08544], [34.84645, 28.08544], [34.84262, 28.09984], [34.86622, 28.11278], [34.83676, 28.11628], [34.82537, 28.11278], [34.82537, 28.1059], [34.83277, 28.1059], [34.83277, 28.09911], [34.8143, 28.08894], [34.80486, 28.07121], [34.79178, 28.0786], [34.80161, 28.0904], [34.8191, 28.09911], [34.8191, 28.11278], [34.79371, 28.11107], [34.78647, 28.10472], [34.78444, 28.09293], [34.77735, 28.09618], [34.77077, 28.09294], [34.77076, 28.1059], [34.76498, 28.1059], [34.76499, 28.09911], [34.75702, 28.09912], [34.74732, 28.11201], [34.73658, 28.10592], [34.7274, 28.11214], [34.70924, 28.14008], [34.69499, 28.12647], [34.68198, 28.13516], [34.67456, 28.11279], [34.64715, 28.09911], [34.64715, 28.09292], [34.66829, 28.07859], [34.66829, 28.0712], [34.65528, 28.06502], [34.64715, 28.07119], [34.64144, 28.0417], [34.63516, 28.03346], [34.61306, 28.03023], [34.62045, 28.03767], [34.61306, 28.04451], [34.60874, 28.05854], [34.60621, 28.09602], [34.59889, 28.10326], [34.57441, 28.09408], [34.57887, 28.1059], [34.57278, 28.11278], [34.58742, 28.13182], [34.62672, 28.16055], [34.62047, 28.16739], [34.62713, 28.17666], [34.64031, 28.18105], [34.64031, 28.17642], [34.63347, 28.17487], [34.6517, 28.16779], [34.65772, 28.17056], [34.6609, 28.18106], [34.65528, 28.18106], [34.65528, 28.18789], [34.64814, 28.19424], [34.6496, 28.20087], [34.6683, 28.20897], [34.6649, 28.22451], [34.67458, 28.27045], [34.68873, 28.26362], [34.68873, 28.27729], [34.68043, 28.27167], [34.67458, 28.27725], [34.69467, 28.29442], [34.71502, 28.32746], [34.73048, 28.36359], [34.74107, 28.41059], [34.76059, 28.43659], [34.775, 28.48317], [34.80377, 28.52713], [34.79343, 28.61943], [34.77848, 28.6645], [34.79695, 28.72599], [34.82537, 28.78437], [34.82537, 28.7906], [34.81912, 28.7906], [34.83611, 28.81647], [34.83855, 28.82856], [34.83277, 28.84562], [34.84409, 28.87641], [34.84197, 28.88964], [34.82538, 28.89424], [34.82538, 28.90037], [34.8401, 28.92243], [34.85629, 28.96381], [34.86378, 29.00625], [34.85256, 29.0314], [34.85256, 29.04507], [34.87355, 29.08527], [34.89351, 29.17451], [34.90935, 29.21015], [34.90936, 29.23065], [34.94207, 29.25047], [34.93266, 29.28901], [34.93638, 29.30384], [34.94809, 29.29829], [34.95069, 29.30573], [34.95558, 29.30512], [34.94533, 29.3369], [34.9494, 29.3517], [34.96241, 29.35977], [34.96905, 29.45101], [34.9761, 29.47703], [34.99781, 29.51797], [34.99684, 29.53388], [34.97608, 29.55215], [34.96241, 29.55216], [34.96022, 29.55952], [34.95558, 29.55899], [34.95121, 29.54546], [34.91977, 29.50739], [34.91081, 29.48995], [34.88673, 29.49006], [34.85971, 29.47215], [34.83814, 29.43294], [34.82537, 29.42862], [34.83326, 29.42617], [34.83276, 29.42114], [34.81764, 29.41218], [34.8152, 29.4064], [34.81908, 29.40071], [34.80519, 29.39643], [34.81225, 29.38764], [34.77759, 29.3461], [34.75701, 29.33307], [34.7451, 29.31598], [34.73658, 29.31126], [34.74528, 29.29133], [34.72902, 29.25047], [34.729, 29.19892], [34.72363, 29.18668], [34.695, 29.1645], [34.69, 29.13417], [34.67457, 29.10651], [34.67457, 29.03441], [34.68652, 29.01243], [34.68577, 28.98888], [34.64674, 28.96743], [34.64031, 28.9488], [34.64599, 28.92235], [34.64713, 28.86287], [34.62045, 28.84585], [34.62631, 28.80262], [34.62045, 28.7906], [34.63346, 28.7707], [34.62281, 28.75983], [34.62451, 28.73599], [34.61524, 28.72419], [34.60767, 28.70149], [34.58424, 28.67235], [34.57031, 28.62617], [34.53012, 28.5727], [34.51631, 28.53878], [34.51059, 28.53799], [34.5236, 28.50731], [34.51156, 28.48779], [34.46901, 28.45539], [34.47526, 28.44795], [34.46168, 28.44204], [34.45428, 28.4289], [34.44116, 28.37348], [34.42742, 28.35611], [34.40691, 28.30801], [34.41066, 28.27814], [34.42057, 28.25617], [34.41293, 28.23314], [34.45532, 28.17487], [34.43871, 28.10985], [34.42675, 28.08154], [34.44401, 28.05354], [34.42742, 27.98306], [34.43488, 27.97558], [34.40073, 27.96874], [34.38998, 27.94527], [34.37696, 27.93818], [34.37085, 27.92366], [34.33131, 27.91413], [34.3387, 27.90669], [34.32096, 27.86128], [34.31128, 27.85205], [34.30446, 27.85205], [34.28639, 27.86441], [34.27947, 27.85834], [34.27271, 27.83617], [34.26352, 27.82477], [34.27172, 27.81245], [34.25929, 27.80184], [34.2393, 27.79409], [34.21412, 27.79149], [34.2212, 27.76984], [34.25732, 27.76951], [34.25732, 27.76334], [34.24985, 27.76333], [34.24985, 27.7565], [34.2635, 27.73604], [34.24985, 27.74283], [34.25123, 27.73725], [34.25733, 27.73603], [34.25732, 27.72859], [34.25011, 27.72858], [34.22755, 27.75821], [34.18979, 27.78677], [34.07846, 27.8007], [34.05467, 27.81439], [33.98756, 27.88666], [33.97381, 27.88924], [33.91676, 27.93574], [33.90398, 27.9418], [33.89088, 27.94253], [33.87941, 27.93465], [33.86557, 27.96133], [33.8589, 27.95516], [33.80422, 27.99605], [33.79371, 28.01313], [33.76337, 28.024], [33.76393, 28.04902], [33.71601, 28.07527], [33.7155, 28.09292], [33.68448, 28.12417], [33.67264, 28.14579], [33.67457, 28.16055], [33.66033, 28.17487], [33.65406, 28.17487], [33.65406, 28.1674], [33.64666, 28.1674], [33.63478, 28.18131], [33.61818, 28.2333], [33.6128, 28.24063], [33.60565, 28.23629], [33.56471, 28.2971], [33.43394, 28.36641], [33.40016, 28.41445], [33.369, 28.44233], [33.36915, 28.44794], [33.30519, 28.48974], [33.29478, 28.49942], [33.27882, 28.52753], [33.25621, 28.54414], [33.26246, 28.55158], [33.26246, 28.54414], [33.26979, 28.54414], [33.26295, 28.57705], [33.2461, 28.5795], [33.23764, 28.56611], [33.2562, 28.55158], [33.23944, 28.5566], [33.2287, 28.56941], [33.21901, 28.628], [33.19485, 28.67512], [33.22828, 28.76386], [33.21015, 28.78507], [33.20476, 28.80516], [33.18101, 28.81851], [33.17459, 28.83698], [33.16733, 28.90016], [33.17758, 28.91836], [33.16587, 28.97606], [33.17791, 28.98957], [33.17075, 29.00308], [33.15919, 29.01411], [33.1531, 29.01338], [33.14503, 29.03172], [33.13649, 29.03461], [33.12648, 29.03141], [33.11606, 29.04312], [33.07863, 29.06489], [33.06121, 29.10139], [33.04022, 29.11812], [33.02345, 29.14061], [33.00913, 29.14741], [33.00294, 29.16112], [32.95786, 29.20209], [32.91952, 29.21768], [32.8856, 29.24307], [32.86834, 29.29743], [32.84597, 29.30834], [32.83955, 29.31601], [32.81741, 29.35977], [32.82106, 29.39704], [32.81723, 29.41405], [32.7903, 29.42545], [32.74157, 29.45596], [32.7492, 29.45596], [32.74537, 29.46312], [32.72853, 29.46963], [32.73536, 29.47728], [32.73471, 29.48383], [32.72853, 29.48383], [32.72145, 29.46748], [32.72851, 29.45597], [32.71503, 29.45597], [32.7225, 29.49274], [32.72413, 29.53954], [32.71241, 29.58047], [32.68085, 29.59993], [32.68686, 29.61815], [32.68088, 29.66163], [32.69386, 29.70604], [32.69068, 29.73363], [32.65644, 29.77709], [32.64845, 29.79462], [32.6255, 29.81525], [32.60452, 29.82417], [32.60956, 29.83388], [32.6255, 29.84634], [32.62534, 29.87425], [32.61248, 29.89374], [32.57156, 29.9289], [32.58432, 29.93871], [32.57781, 29.9488], [32.58546, 29.95246], [32.56162, 29.97639], [32.57781, 29.98355], [32.57781, 30.01142], [32.57154, 30.01142], [32.55746, 29.97647], [32.57049, 29.95576], [32.57154, 29.94257], [32.56415, 29.94258], [32.56178, 29.95523], [32.55397, 29.9621], [32.54274, 29.96255], [32.53004, 29.95622], [32.51344, 29.96158], [32.49391, 29.95063], [32.4769, 29.9322], [32.46795, 29.91523], [32.46681, 29.89688], [32.47291, 29.88198], [32.48699, 29.87157], [32.50951, 29.86684], [32.49155, 29.85407], [32.39283, 29.73436], [32.36394, 29.68822], [32.35808, 29.67194], [32.35736, 29.63036], [32.35156, 29.61368], [32.33766, 29.59992], [32.33766, 29.59248], [32.34846, 29.58486], [32.36855, 29.55738], [32.3768, 29.53608], [32.45119, 29.48741], [32.49732, 29.44009], [32.52873, 29.42351], [32.55718, 29.39762], [32.58122, 29.36912], [32.59138, 29.34971], [32.60548, 29.29194], [32.61866, 29.26118], [32.63232, 29.24307], [32.62867, 29.21894], [32.65895, 29.11055], [32.65967, 29.0891], [32.63892, 29.06135], [32.62818, 29.05703], [32.62468, 29.04816], [32.63232, 29.03758], [32.6255, 28.97272], [32.67334, 28.92153], [32.68084, 28.88056], [32.70752, 28.85634], [32.7492, 28.80484], [32.78451, 28.79938], [32.80689, 28.77814], [32.82073, 28.74761], [32.86891, 28.57892], [32.92725, 28.55157], [32.96342, 28.51787], [32.97291, 28.49982], [33.00293, 28.48948], [33.01303, 28.46304], [33.04176, 28.41413], [33.05078, 28.40692], [33.04957, 28.40135], [33.04322, 28.40078], [33.08757, 28.36859], [33.10654, 28.3473], [33.10532, 28.32563], [33.11971, 28.30894], [33.12647, 28.2875], [33.20052, 28.21136], [33.21217, 28.18993], [33.24194, 28.17486], [33.24936, 28.14289], [33.28321, 28.13238], [33.31642, 28.09638], [33.33813, 28.08543], [33.33611, 28.05679], [33.3436, 28.0506], [33.36605, 28.05067], [33.37468, 28.03588], [33.44192, 28.0164], [33.51253, 27.95905], [33.53541, 27.91641], [33.55437, 27.89647], [33.57616, 27.85049], [33.59204, 27.79126], [33.57155, 27.79126], [33.56007, 27.81342], [33.48894, 27.84589], [33.48219, 27.84589], [33.47348, 27.82319], [33.48219, 27.80492], [33.51172, 27.77509], [33.52272, 27.7519], [33.55144, 27.76161], [33.55786, 27.75991], [33.55249, 27.73188], [33.53679, 27.70807], [33.55047, 27.69505], [33.57495, 27.68137], [33.59204, 27.65347], [33.59204, 27.64665], [33.55787, 27.68138], [33.55047, 27.68138], [33.55786, 27.65966], [33.55048, 27.65966], [33.5442, 27.67919], [33.52654, 27.67756], [33.50717, 27.66372], [33.49635, 27.64663], [33.51984, 27.63565], [33.56469, 27.57152], [33.55828, 27.55712], [33.55787, 27.53677], [33.61817, 27.50811], [33.63298, 27.49583], [33.64039, 27.45482], [33.67114, 27.42039], [33.68482, 27.3557], [33.69166, 27.34186], [33.72478, 27.31371], [33.82518, 27.25983], [33.83838, 27.24258], [33.83838, 27.19416], [33.82472, 27.18049], [33.83676, 27.12075], [33.84718, 27.107], [33.88314, 27.08079], [33.90137, 27.05874], [33.90868, 27.04215], [33.89373, 27.04393], [33.89389, 27.0279], [33.90089, 27.01423], [33.921, 26.98917], [33.95167, 26.93098], [33.99097, 26.90741], [33.996, 26.89677], [34.00358, 26.84916], [33.99623, 26.83806], [33.97967, 26.83712], [33.95965, 26.8498], [33.94825, 26.831], [33.94581, 26.79999], [33.9519, 26.74336], [33.93214, 26.6826], [33.94142, 26.65351], [33.95541, 26.64301], [34.0034, 26.62574], [34.014, 26.61164], [34.02394, 26.58072], [34.05639, 26.5423], [34.07054, 26.51509], [34.10483, 26.42666], [34.17759, 26.31466], [34.26197, 26.13947], [34.30102, 26.08779], [34.33871, 26.00178], [34.41728, 25.90341], [34.43474, 25.86188], [34.5018, 25.77163], [34.54655, 25.72504], [34.57261, 25.67842], [34.63335, 25.56962], [34.64715, 25.52204], [34.67139, 25.47972], [34.68189, 25.4287], [34.69996, 25.40103], [34.74333, 25.3513], [34.76499, 25.29609], [34.79492, 25.25438], [34.80689, 25.21161], [34.93913, 25.00336], [34.94304, 24.97126], [34.95372, 24.94414], [34.98975, 24.90501], [34.99391, 24.84931], [35.00221, 24.81562], [35.01026, 24.80443], [35.06362, 24.76389], [35.08072, 24.73541], [35.10955, 24.64379], [35.14601, 24.5859], [35.16026, 24.57461], [35.16064, 24.5585], [35.14444, 24.52767], [35.14456, 24.50021], [35.18571, 24.48565], [35.23546, 24.40013], [35.37039, 24.30625], [35.39171, 24.28294], [35.42865, 24.18595], [35.45593, 24.15874], [35.49383, 24.1089], [35.51051, 24.11123], [35.49378, 24.13898], [35.5039, 24.14053], [35.52419, 24.12128], [35.55205, 24.11049], [35.58836, 24.07583], [35.60272, 24.0481], [35.60526, 24.01882], [35.63563, 24.00186], [35.66685, 24.00724], [35.71728, 23.99341], [35.73856, 23.98331], [35.75374, 23.96865], [35.77482, 23.92391], [35.79252, 23.90229], [35.78578, 23.89306], [35.75036, 23.93242], [35.73601, 23.93321], [35.68452, 23.91093], [35.64575, 23.92556], [35.59854, 23.92943], [35.57999, 23.93636], [35.56178, 23.95718], [35.55145, 23.9604], [35.55055, 23.96548], [35.51393, 23.97712], [35.50492, 23.971], [35.49122, 23.94758], [35.48387, 23.91779], [35.49064, 23.87], [35.47477, 23.79791], [35.48322, 23.77249], [35.50171, 23.76869], [35.51014, 23.75638], [35.50611, 23.73457], [35.51021, 23.68392], [35.50368, 23.55589], [35.48943, 23.49702], [35.49334, 23.48237], [35.52432, 23.43871], [35.54742, 23.39428], [35.55143, 23.37751], [35.5503, 23.33023], [35.57468, 23.21256], [35.62096, 23.13949], [35.65463, 23.07375], [35.66782, 22.98261], [35.67506, 22.96662], [35.6953, 22.93213], [35.73707, 22.88398], [35.76368, 22.87043], [35.72342, 22.93186], [35.74293, 22.93129], [35.7557, 22.9223], [35.77105, 22.8906], [35.78492, 22.8332], [35.80127, 22.82257], [35.84755, 22.76299], [35.88596, 22.7357], [35.94019, 22.71661], [35.96949, 22.69798], [36.1203, 22.67574], [36.19776, 22.65168], [36.22608, 22.63543], [36.27466, 22.59235], [36.2904, 22.56839], [36.29637, 22.522], [36.31342, 22.49161], [36.37452, 22.44526], [36.40476, 22.43288], [36.40157, 22.44856], [36.40685, 22.44857], [36.42809, 22.42604], [36.42282, 22.3976], [36.43982, 22.35644], [36.50791, 22.32793], [36.56261, 22.29682], [36.6233, 22.24957], [36.71372, 22.16913], [36.73276, 22.15961], [36.74757, 22.16096], [36.75685, 22.17689], [36.78207, 22.16455], [36.79565, 22.15078], [36.81821, 22.10883], [36.83326, 22.09585], [36.87194, 22.07411], [36.89537, 22.06613], [36.89844, 22.01749], [36.8838, 21.99665], [36.88051, 21.9805], [36.8737, 21.97408], [36.8401, 21.96613], [36.86393, 21.94936], [36.87353, 21.9361], [36.8742, 21.81525], [36.89681, 21.67788], [36.88787, 21.65013], [36.90202, 21.64105], [36.90594, 21.61709], [36.93053, 21.58569], [36.98406, 21.46581], [37.11362, 21.27806], [37.19898, 21.20213], [37.3053, 21.07461], [37.31299, 21.05768], [37.30396, 21.02091], [37.29135, 21.01265], [37.27215, 21.02017], [37.25179, 21.00619], [37.2339, 21.02026], [37.19234, 21.08591], [37.18931, 21.09723], [37.1963, 21.10211], [37.20931, 21.09861], [37.22706, 21.07168], [37.25001, 21.055], [37.26352, 21.04975], [37.27215, 21.05427], [37.27003, 21.06257], [37.24538, 21.08906], [37.22975, 21.12783], [37.21892, 21.14175], [37.20314, 21.13688], [37.17514, 21.15672], [37.167, 21.1462], [37.1592, 21.14803], [37.14862, 21.17097], [37.15952, 21.20645], [37.14861, 21.21874], [37.12143, 21.22427], [37.10499, 21.20751], [37.0984, 21.18089], [37.10076, 21.15672], [37.1058, 21.15111], [37.11817, 21.15033], [37.1206, 21.1437], [37.11378, 21.12324], [37.11784, 21.08613], [37.11377, 21.07478], [37.10393, 21.06549], [37.08668, 21.05712], [37.08644, 21.0406], [37.12061, 20.99969], [37.1473, 20.94086], [37.16002, 20.87797], [37.16912, 20.74641], [37.1752, 20.72032], [37.08123, 20.69418], [36.97701, 20.67718], [36.93963, 20.67641], [36.86578, 20.68503], [36.79082, 20.70871], [36.78123, 20.82743], [36.7505, 20.87558], [36.72064, 20.94279], [36.71114, 20.9787], [36.70335, 21.04199], [36.69646, 21.04638], [36.5769, 21.06373], [36.27406, 21.08796], [35.98025, 21.1022], [35.67728, 21.12768], [35.55522, 21.1339], [35.3037, 21.12694], [35.04823, 21.10826], [34.92792, 21.09412], [34.65217, 21.04306], [34.53707, 21.03395], [34.31283, 21.03725], [34.19802, 21.05344], [34.13985, 21.06826], [34.0822, 21.08852], [33.94108, 21.14904], [33.80114, 21.21642], [33.66298, 21.29058], [33.52656, 21.3717], [33.39125, 21.46035], [33.25754, 21.55639], [33.12517, 21.66016], [32.99715, 21.77002], [32.98023, 21.99541], [32.49461, 21.99541], [32.47862, 22.22204], [32.42433, 22.27109], [32.31541, 22.3812], [32.21361, 22.4964], [32.12199, 22.61662], [32.05518, 22.72773], [32.00216, 22.84322], [31.87885, 23.1793], [31.79648, 23.37009], [31.70531, 23.55666], [31.43683, 24.07204], [31.1935, 24.54804], [30.95593, 25.02713], [30.58152, 25.82018], [30.38141, 26.22077], [30.33001, 26.34195], [30.18969, 26.71556], [30.05251, 27.03202], [29.89624, 27.34725], [29.76232, 27.57805], [29.72023, 27.63401], [29.59216, 27.77829], [29.5281, 27.86002], [28.96347, 28.68009], [28.77866, 28.96006], [28.70179, 29.06841], [28.60728, 29.1887], [28.45661, 29.35944], [28.14323, 29.67414], [28.04415, 29.7604], [27.9772, 29.80575], [27.90682, 29.8458], [27.53782, 30.01329], [27.31445, 30.13502], [27.2504, 30.1558], [26.47832, 30.27543], [26.1668, 30.32862], [25.74264, 30.42354], [25.31096, 30.54431], [24.86864, 30.67341], [24.41568, 30.78621], [23.96129, 30.85637], [23.50872, 30.86704], [23.06422, 30.80996], [22.62494, 30.67753], [22.43339, 30.59076], [22.26451, 30.49915], [21.39707, 29.95797], [21.33035, 29.92883], [21.1272, 29.86157], [20.92001, 29.8038], [20.70989, 29.75581], [20.49826, 29.71802], [20.28551, 29.69063], [20.07388, 29.67412], [19.86485, 29.6686], [19.65906, 29.67395], [19.48584, 29.68857], [19.3312, 29.71645], [19.17717, 29.76119], [18.97729, 29.83466], [18.97911, 29.85038], [18.97195, 29.85755], [17.89046, 30.1426], [17.57566, 30.23553], [17.26482, 30.33985], [16.65534, 30.56096], [16.35679, 30.66273], [15.78529, 30.84227], [15.52125, 30.92956], [15.26778, 31.02966], [15.0135, 31.13659], [13.92619, 31.62674], [13.35496, 31.88825], [12.78136, 32.16052], [11.9571, 32.57753], [11.68318, 32.69612], [11.39685, 32.77992], [10.87174, 32.89658], [10.64278, 32.9532], [10.41731, 33.01635], [9.73511, 33.23826], [9.40275, 33.3394], [9.24608, 33.38667], [8.7358, 33.52503], [8.21274, 33.65056], [7.68076, 33.75908], [7.14032, 33.84632], [6.75435, 33.88119], [5.91874, 33.90524], [5.49755, 33.92991], [5.09294, 33.98747], [4.72056, 34.09575], [4.3937, 34.27247], [4.12603, 34.53503], [3.98575, 34.76849], [3.90649, 34.98813], [3.81811, 35.38676], [3.75244, 35.56654], [3.63647, 35.72978], [3.44284, 35.87836], [3.14393, 36.01669], [2.84424, 36.1063], [2.54259, 36.15637], [2.43397, 36.1633], [2.2384, 36.17553], [1.51709, 36.16553], [1.29489, 36.15964], [1.20407, 36.13808], [1.13767, 36.09545], [1.06522, 36.05914], [0.91305, 36.00618], [0.82117, 35.98682], [0.75858, 35.96237], [0.69866, 35.92708], [0.61641, 35.89269], [0.59649, 35.87937], [0.54985, 35.89169], [0.47435, 35.92271], [0.43903, 35.94279], [0.37745, 35.98969], [0.35062, 36.01695], [0.30785, 36.07626], [0.28243, 36.13413], [0.32927, 36.16498], [0.34252, 36.20606], [0.38423, 36.21793], [0.45135, 36.22321], [0.55666, 36.28407], [0.59457, 36.29316], [0.64406, 36.32883], [0.75327, 36.33861], [0.80226, 36.36358], [0.86476, 36.37739], [0.92514, 36.41816]], [[26.92986, 39.48774], [26.94508, 39.53962], [26.93767, 39.57477], [26.92221, 39.58218], [26.8934, 39.58438], [26.83286, 39.55684], [26.80787, 39.5707], [26.78072, 39.56678], [26.76173, 39.50113], [26.75815, 39.47599], [26.76778, 39.44476], [26.79492, 39.38769], [26.81471, 39.39936], [26.80105, 39.4062], [26.80105, 39.43353], [26.85084, 39.43976], [26.86305, 39.44717], [26.85208, 39.46182], [26.86773, 39.47138], [26.92986, 39.48774]], [[26.38332, 38.34355], [26.39894, 38.33552], [26.41749, 38.33674], [26.47592, 38.36689], [26.47706, 38.38687], [26.46803, 38.40762], [26.45152, 38.41869], [26.45152, 38.42608], [26.47689, 38.41668], [26.48911, 38.40619], [26.4979, 38.40729], [26.51303, 38.43293], [26.44077, 38.4728], [26.42205, 38.46971], [26.41423, 38.45629], [26.40723, 38.45345], [26.38788, 38.45426], [26.40382, 38.48754], [26.39991, 38.49958], [26.36974, 38.53524], [26.37582, 38.52855], [26.36419, 38.56227], [26.3572, 38.48582], [26.34987, 38.45096], [26.35539, 38.45314], [26.36092, 38.4444], [26.354, 38.42622], [26.34236, 38.42425], [26.32068, 38.37734], [26.32592, 38.35493], [26.3143, 38.33674], [26.34635, 38.32879], [26.35613, 38.31688], [26.38502, 38.31843], [26.39186, 38.32502], [26.38332, 38.34355]], [[26.28802, 38.31909], [26.30763, 38.32306], [26.30763, 38.33051], [26.29792, 38.33577], [26.28802, 38.31909]], [[26.27698, 38.30474], [26.26171, 38.28795], [26.26539, 38.28669], [26.27698, 38.30474]]], [[[23.33072, 35.86493], [23.33325, 35.82918], [23.32644, 35.82918], [23.28756, 35.87029], [23.28064, 35.8832], [23.28901, 35.89038], [23.31576, 35.87953], [23.33072, 35.86493]]], [[[22.95638, 36.38344], [22.99214, 36.33028], [22.9167, 36.27501], [22.89971, 36.32839], [22.90163, 36.33832], [22.93287, 36.38142], [22.94459, 36.38938], [22.95638, 36.38344]]], [[[22.93165, 36.46476], [22.92507, 36.46907], [22.92939, 36.48411], [22.96242, 36.5099], [22.97674, 36.50747], [22.98934, 36.47044], [22.98601, 36.45826], [22.96583, 36.47606], [22.95159, 36.47525], [22.94034, 36.46605], [22.93165, 36.46476]]], [[[21.77783, 36.69939], [21.76796, 36.70826], [21.76417, 36.71988], [21.75051, 36.71241], [21.75978, 36.75201], [21.76417, 36.75396], [21.78003, 36.7475], [21.77783, 36.69939]]], [[[21.71655, 36.77094], [21.69582, 36.74043], [21.697, 36.77602], [21.70949, 36.80173], [21.72933, 36.79499], [21.72933, 36.78877], [21.71632, 36.78132], [21.71655, 36.77094]]], [[[23.46248, 36.91869], [23.46728, 36.9064], [23.46388, 36.90401], [23.45778, 36.90645], [23.44974, 36.92913], [23.46248, 36.91869]]], [[[21.55282, 37.06438], [21.55867, 37.05382], [21.54665, 37.03237], [21.549, 37.04536], [21.5373, 37.05744], [21.55282, 37.06438]]], [[[23.13133, 37.24367], [23.09443, 37.27473], [23.10978, 37.28541], [23.12842, 37.28839], [23.15825, 37.27154], [23.16471, 37.25381], [23.16235, 37.24422], [23.15203, 37.23999], [23.13133, 37.24367]]], [[[23.55299, 37.37091], [23.58714, 37.37091], [23.57113, 37.35835], [23.5477, 37.34985], [23.52329, 37.34664], [23.50514, 37.34984], [23.50878, 37.3299], [23.49683, 37.32002], [23.37429, 37.30269], [23.37451, 37.30964], [23.46364, 37.35732], [23.48737, 37.36344], [23.53256, 37.36392], [23.55299, 37.37091]]], [[[23.94254, 37.46317], [23.92613, 37.46703], [23.91546, 37.48033], [23.89684, 37.49019], [23.89813, 37.49448], [23.9196, 37.48826], [23.93392, 37.4785], [23.94254, 37.46317]]], [[[23.49204, 37.53913], [23.51157, 37.52904], [23.52563, 37.52801], [23.52563, 37.5218], [23.50635, 37.51285], [23.48121, 37.5096], [23.4559, 37.51252], [23.43631, 37.52179], [23.43629, 37.52802], [23.47543, 37.54084], [23.47732, 37.55588], [23.48178, 37.55645], [23.49204, 37.53913]]], [[[23.42591, 37.76823], [23.54615, 37.77439], [23.56314, 37.76825], [23.54493, 37.74506], [23.54614, 37.73347], [23.53207, 37.72533], [23.52563, 37.69246], [23.48414, 37.67887], [23.45738, 37.69246], [23.45738, 37.69928], [23.469, 37.70502], [23.46827, 37.7145], [23.45932, 37.72333], [23.43443, 37.7336], [23.42704, 37.74802], [23.42591, 37.76823]]], [[[23.75385, 37.76517], [23.75157, 37.76951], [23.75449, 37.76976], [23.75523, 37.77512], [23.76351, 37.77597], [23.76335, 37.76399], [23.75385, 37.76517]]], [[[20.87916, 37.72822], [20.86328, 37.71061], [20.84352, 37.70156], [20.84376, 37.68993], [20.85302, 37.67259], [20.84685, 37.65331], [20.81512, 37.65153], [20.77719, 37.68626], [20.70437, 37.73835], [20.70216, 37.75454], [20.68044, 37.76997], [20.64243, 37.8111], [20.62305, 37.82101], [20.62646, 37.87234], [20.65983, 37.91035], [20.68572, 37.92958], [20.70898, 37.92523], [20.74195, 37.86229], [20.77719, 37.84333], [20.80885, 37.84954], [20.84986, 37.83649], [20.88578, 37.81409], [20.91798, 37.76529], [20.98682, 37.72988], [20.99633, 37.69932], [20.98308, 37.71231], [20.95436, 37.72386], [20.89389, 37.73347], [20.87916, 37.72822]]], [[[23.50131, 37.90607], [23.48145, 37.88972], [23.46705, 37.88423], [23.4214, 37.89298], [23.40212, 37.906], [23.40896, 37.92194], [23.42287, 37.933], [23.43947, 37.93959], [23.46852, 37.93203], [23.48899, 37.95315], [23.49773, 37.96686], [23.48561, 37.96625], [23.46046, 37.95255], [23.42208, 37.96004], [23.45737, 37.97362], [23.42945, 37.98794], [23.45564, 37.9872], [23.47047, 37.98046], [23.47486, 37.98941], [23.47048, 37.99408], [23.47821, 37.99884], [23.49529, 38.00184], [23.51824, 37.99908], [23.53686, 37.98802], [23.53272, 37.97508], [23.54712, 37.95888], [23.54615, 37.95254], [23.57347, 37.95254], [23.53932, 37.93952], [23.54345, 37.92886], [23.52174, 37.91397], [23.51823, 37.8986], [23.50131, 37.90607]]], [[[20.6867, 38.09314], [20.72476, 38.20045], [20.70986, 38.21875], [20.65029, 38.25816], [20.68162, 38.2821], [20.67482, 38.26781], [20.69352, 38.26462], [20.709, 38.22696], [20.7513, 38.19676], [20.76222, 38.1704], [20.79769, 38.13129], [20.80491, 38.11603], [20.80474, 38.08317], [20.79468, 38.06612], [20.76368, 38.06989], [20.73332, 38.06247], [20.71821, 38.06647], [20.6867, 38.09314]]], [[[20.55128, 38.38516], [20.53781, 38.42589], [20.54363, 38.45917], [20.53805, 38.47394], [20.57178, 38.47393], [20.62582, 38.35175], [20.62614, 38.32844], [20.60017, 38.30362], [20.55941, 38.35585], [20.54042, 38.38883], [20.55128, 38.38516]]], [[[20.73877, 38.38426], [20.75746, 38.37154], [20.73756, 38.37153], [20.74366, 38.34439], [20.75001, 38.3347], [20.76367, 38.3305], [20.76367, 38.32307], [20.71915, 38.31567], [20.70583, 38.31827], [20.68801, 38.33656], [20.69532, 38.34357], [20.66734, 38.37153], [20.64777, 38.40542], [20.64015, 38.4466], [20.61453, 38.46711], [20.61971, 38.48127], [20.63551, 38.47297], [20.64422, 38.47866], [20.65448, 38.50185], [20.67187, 38.49754], [20.67407, 38.48501], [20.66114, 38.46088], [20.67823, 38.46185], [20.70898, 38.4466], [20.69529, 38.40897], [20.67481, 38.37767], [20.69239, 38.37132], [20.71583, 38.37153], [20.71583, 38.37767], [20.70218, 38.38515], [20.7225, 38.38516], [20.71584, 38.39202], [20.73877, 38.38426]]], [[[20.93214, 38.60301], [20.94106, 38.60422], [20.91016, 38.56399], [20.90755, 38.54903], [20.8939, 38.54903], [20.8939, 38.55646], [20.93214, 38.60301]]], [[[24.20477, 38.09682], [24.21079, 38.0978], [24.21078, 38.12446], [24.20281, 38.13007], [24.18605, 38.1274], [24.18297, 38.135], [24.21079, 38.166], [24.20875, 38.17862], [24.19403, 38.19213], [24.18531, 38.21796], [24.1727, 38.22655], [24.15699, 38.22956], [24.14259, 38.22696], [24.14875, 38.21322], [24.12625, 38.21748], [24.13113, 38.23582], [24.14921, 38.25703], [24.1512, 38.2559], [24.1631, 38.26781], [24.15349, 38.28132], [24.14552, 38.28091], [24.12843, 38.26781], [24.12574, 38.25609], [24.1094, 38.2563], [24.11476, 38.2753], [24.10094, 38.2753], [24.12159, 38.30948], [24.07944, 38.32538], [24.02546, 38.33052], [24.05974, 38.34125], [24.0669, 38.35102], [24.05904, 38.36029], [24.05942, 38.37767], [24.04225, 38.40152], [24.03891, 38.39542], [23.9808, 38.39887], [23.91236, 38.39204], [23.84376, 38.40567], [23.79371, 38.39851], [23.70997, 38.4125], [23.66334, 38.40421], [23.64918, 38.40567], [23.63852, 38.41551], [23.61443, 38.46088], [23.60743, 38.4538], [23.594, 38.45344], [23.63575, 38.50092], [23.6281, 38.51511], [23.62812, 38.52236], [23.63551, 38.52237], [23.63551, 38.52855], [23.59995, 38.57136], [23.53976, 38.58235], [23.50515, 38.5974], [23.49773, 38.63101], [23.45315, 38.65803], [23.44597, 38.67674], [23.38161, 38.70727], [23.35336, 38.73139], [23.33785, 38.73882], [23.32301, 38.76252], [23.20232, 38.8299], [23.16814, 38.84447], [23.13071, 38.85151], [23.06911, 38.84659], [23.03639, 38.87446], [22.96941, 38.88911], [22.95639, 38.88544], [22.95639, 38.878], [22.9839, 38.87352], [22.99194, 38.86469], [22.99072, 38.85066], [22.98153, 38.84498], [22.8558, 38.83295], [22.83303, 38.82276], [22.83743, 38.85447], [22.87485, 38.8749], [22.90748, 38.88231], [22.95281, 38.90159], [22.98292, 38.90766], [23.03565, 38.92642], [23.04592, 38.94684], [23.08676, 38.95433], [23.09734, 38.97207], [23.09443, 38.98785], [23.10906, 38.99177], [23.12746, 39.0058], [23.13803, 39.00897], [23.19972, 39.00898], [23.27296, 39.03876], [23.29908, 39.04246], [23.32985, 39.02196], [23.36727, 39.01151], [23.38309, 39.03274], [23.42748, 39.07244], [23.49293, 39.11523], [23.52123, 39.12418], [23.55987, 39.1279], [23.60089, 39.12555], [23.63542, 39.1161], [23.65827, 39.10103], [23.65847, 39.10431], [23.66969, 39.1114], [23.66969, 39.11815], [23.62779, 39.14729], [23.61744, 39.16914], [23.58719, 39.20758], [23.60132, 39.2138], [23.60222, 39.20865], [23.60914, 39.20808], [23.66554, 39.16966], [23.69662, 39.15534], [23.73046, 39.14614], [23.72674, 39.1315], [23.77302, 39.12926], [23.79264, 39.12441], [23.79264, 39.11815], [23.74122, 39.08028], [23.71681, 39.07723], [23.69256, 39.08894], [23.66814, 39.09246], [23.6881, 39.07515], [23.68755, 39.07825], [23.78001, 38.98794], [23.87221, 38.90896], [23.94103, 38.85788], [23.9822, 38.83821], [24.06665, 38.81629], [24.37891, 38.75244], [24.42148, 38.74928], [24.62778, 38.75235], [24.65827, 38.74826], [24.67924, 38.73985], [24.69235, 38.72395], [24.69859, 38.70209], [24.69931, 38.67603], [24.69591, 38.64753], [24.66998, 38.52282], [24.64404, 38.41389], [24.64085, 38.36448], [24.646, 38.346], [24.65475, 38.33799], [24.68938, 38.32807], [24.87272, 38.31075], [24.91146, 38.30357], [24.92444, 38.29708], [24.93082, 38.28784], [24.92856, 38.26072], [24.9161, 38.2256], [24.89652, 38.18747], [24.8562, 38.13165], [24.83949, 38.11718], [24.82285, 38.10864], [24.80217, 38.10253], [24.75444, 38.09713], [24.70778, 38.09974], [24.67396, 38.10901], [24.65838, 38.12019], [24.62891, 38.15416], [24.60301, 38.19551], [24.57571, 38.25124], [24.57422, 38.27446], [24.5857, 38.33378], [24.58387, 38.35639], [24.55074, 38.41014], [24.52591, 38.4396], [24.49688, 38.46651], [24.49669, 38.43847], [24.49676, 38.46868], [24.45497, 38.49525], [24.41653, 38.50481], [24.34831, 38.50344], [24.22965, 38.49394], [24.19958, 38.49441], [24.18816, 38.47411], [24.18434, 38.43964], [24.20393, 38.41868], [24.20395, 38.41272], [24.18507, 38.40762], [24.18816, 38.39883], [24.21077, 38.37767], [24.21485, 38.33641], [24.25244, 38.29238], [24.25262, 38.26557], [24.25781, 38.25898], [24.24513, 38.24116], [24.25245, 38.22797], [24.29225, 38.20018], [24.32699, 38.18593], [24.33758, 38.16283], [24.34441, 38.15925], [24.39258, 38.164], [24.42067, 38.14737], [24.47779, 38.13874], [24.49692, 38.1463], [24.58764, 38.15923], [24.57895, 38.10932], [24.57993, 38.08422], [24.59448, 38.0624], [24.56665, 37.98795], [24.55185, 37.97807], [24.50957, 37.96263], [24.47718, 37.96241], [24.47096, 37.98046], [24.44777, 38.01057], [24.4297, 38.02119], [24.40309, 38.01191], [24.3864, 37.99653], [24.4021, 37.98794], [24.4021, 37.98046], [24.38689, 37.97038], [24.37152, 37.97205], [24.33864, 37.99674], [24.31383, 38.02925], [24.31399, 38.0351], [24.327, 38.04255], [24.31479, 38.06489], [24.30567, 38.07176], [24.29226, 38.0699], [24.28631, 38.08625], [24.2693, 38.0954], [24.24871, 38.09687], [24.23146, 38.09033], [24.21778, 38.09687], [24.20396, 38.09034], [24.20477, 38.09682]], [[23.70265, 38.76507], [23.72266, 38.76194], [23.73844, 38.74941], [23.75359, 38.71918], [23.813, 38.69367], [23.8576, 38.68252], [23.90634, 38.67932], [23.94776, 38.66942], [23.96773, 38.67117], [23.81779, 38.75019], [23.77238, 38.77726], [23.47332, 38.98239], [23.39459, 38.96267], [23.40455, 38.95783], [23.42562, 38.95432], [23.45069, 38.87458], [23.48048, 38.83808], [23.52466, 38.82318], [23.56788, 38.79385], [23.59399, 38.78924], [23.594, 38.77021], [23.60759, 38.77557], [23.61997, 38.76553], [23.66228, 38.75507], [23.6727, 38.76043], [23.68336, 38.75507], [23.70265, 38.76507]]], [[[20.95166, 38.64923], [20.95288, 38.63886], [20.94165, 38.6274], [20.89812, 38.60602], [20.87866, 38.58443], [20.87063, 38.58252], [20.87014, 38.6035], [20.90383, 38.64276], [20.94516, 38.65248], [20.95166, 38.64923]]], [[[20.79532, 38.65004], [20.79405, 38.65171], [20.78858, 38.64473], [20.76287, 38.63911], [20.75961, 38.62739], [20.80002, 38.59547], [20.78713, 38.59981], [20.75173, 38.62605], [20.73699, 38.65217], [20.7467, 38.66352], [20.78305, 38.67498], [20.80501, 38.66567], [20.79532, 38.65004]]], [[[20.71598, 38.62703], [20.70948, 38.62568], [20.70216, 38.63841], [20.69532, 38.63841], [20.70215, 38.61792], [20.68784, 38.62474], [20.68164, 38.60425], [20.66481, 38.61091], [20.64894, 38.60859], [20.64088, 38.60057], [20.64762, 38.58382], [20.63088, 38.58833], [20.63331, 38.60423], [20.61363, 38.60701], [20.60231, 38.62678], [20.58546, 38.61791], [20.55127, 38.56953], [20.54462, 38.56954], [20.56231, 38.69102], [20.58123, 38.72435], [20.59326, 38.76154], [20.65213, 38.8329], [20.68628, 38.85007], [20.6902, 38.84138], [20.70215, 38.83697], [20.71778, 38.8227], [20.72933, 38.78172], [20.72389, 38.76996], [20.72884, 38.73062], [20.69695, 38.68985], [20.69874, 38.68281], [20.70606, 38.68041], [20.72249, 38.70725], [20.72073, 38.63862], [20.71598, 38.62703]]], [[[23.68681, 39.08103], [23.68653, 39.08308], [23.68729, 39.07918], [23.68681, 39.08103]]], [[[23.50374, 39.19427], [23.51285, 39.17853], [23.50513, 39.15914], [23.48902, 39.16877], [23.47511, 39.15778], [23.46045, 39.13183], [23.4253, 39.14867], [23.39529, 39.14616], [23.3987, 39.16364], [23.42945, 39.17621], [23.44468, 39.19847], [23.47047, 39.2138], [23.50374, 39.19427]]], [[[23.95702, 39.28947], [23.95021, 39.27521], [23.97216, 39.27191], [23.96696, 39.25117], [23.94995, 39.229], [23.93653, 39.22126], [23.9215, 39.19026], [23.89583, 39.16178], [23.86451, 39.144], [23.83353, 39.14615], [23.87306, 39.18016], [23.88951, 39.2177], [23.9398, 39.27976], [23.95702, 39.28947]]], [[[20.66178, 39.77539], [20.72288, 39.75344], [20.74107, 39.74125], [20.75492, 39.67194], [20.75382, 39.6561], [20.74662, 39.64442], [20.72646, 39.65124], [20.68736, 39.6792], [20.64937, 39.71749], [20.60765, 39.77423], [20.60198, 39.79766], [20.60089, 39.87527], [20.58905, 39.90771], [20.5358, 39.99746], [20.51805, 40.08656], [20.51774, 40.11317], [20.53545, 40.14459], [20.56083, 40.16035], [20.6206, 40.16102], [20.66444, 40.15282], [20.66037, 40.17889], [20.66502, 40.18437], [20.68528, 40.19119], [20.69644, 40.21507], [20.69458, 40.25558], [20.69913, 40.27837], [20.70698, 40.28809], [20.73665, 40.30364], [20.77044, 40.36255], [20.77385, 40.3749], [20.76899, 40.41257], [20.77065, 40.42198], [20.53463, 40.57211], [20.52103, 40.58656], [20.48407, 40.63649], [20.45734, 40.70987], [20.42056, 40.84798], [20.41758, 40.8944], [20.42227, 40.91981], [20.43609, 40.90192], [20.47941, 40.77101], [20.4889, 40.76153], [20.71722, 40.91321], [20.70275, 40.93631], [20.66409, 41.05915], [20.65386, 41.07527], [20.64301, 41.08158], [20.60528, 41.08349], [20.57697, 41.09351], [20.56994, 41.1071], [20.57056, 41.12483], [20.56549, 41.14741], [20.54968, 41.17062], [20.51268, 41.21015], [20.50007, 41.23552], [20.48312, 41.28947], [20.47775, 41.3196], [20.48167, 41.3412], [20.49604, 41.33779], [20.51041, 41.3444], [20.52343, 41.35681], [20.53996, 41.38714], [20.54017, 41.40068], [20.53407, 41.41298], [20.52219, 41.42569], [20.498, 41.43148], [20.49087, 41.43602], [20.48354, 41.46548], [20.47082, 41.48377], [20.45201, 41.49359], [20.44498, 41.50847], [20.44788, 41.53545], [20.44416, 41.54966], [20.50741, 41.56227], [20.52932, 41.57488], [20.53469, 41.58527], [20.53459, 41.59403], [20.5134, 41.6404], [20.50834, 41.66175], [20.50038, 41.7341], [20.51134, 41.75794], [20.54441, 41.78476], [20.55092, 41.79352], [20.54844, 41.81419], [20.54048, 41.83944], [20.54172, 41.86158], [20.56725, 41.91217], [20.58875, 41.92959], [20.59929, 41.94788], [20.59929, 41.96057], [20.58968, 41.99364], [20.55826, 42.05511], [20.55216, 42.07379], [20.54937, 42.12348], [20.53862, 42.15012], [20.5008, 42.21122], [20.45697, 42.2505], [20.33336, 42.31788], [20.24965, 42.31861], [20.23776, 42.31992], [20.2296, 42.32672], [20.22092, 42.3431], [20.21885, 42.37145], [20.1928, 42.39369], [20.19404, 42.4001], [20.20438, 42.41183], [20.20469, 42.4201], [20.19973, 42.4278], [20.18081, 42.4431], [20.1526, 42.49371], [20.13555, 42.50963], [20.08067, 42.53403], [20.08476, 42.55475], [20.06968, 42.59843], [19.94638, 42.66185], [19.76673, 42.76692], [19.61009, 42.89033], [19.54558, 42.97417], [19.46841, 42.98328], [19.41569, 43.04603], [19.24505, 43.09482], [19.22649, 43.10502], [19.06254, 43.30439], [19.03629, 43.30333], [19.02471, 43.29873], [19.0029, 43.27395], [18.99246, 43.2671], [18.95949, 43.30346], [18.95732, 43.32586], [18.9503, 43.33307], [18.92342, 43.34684], [18.89914, 43.3519], [18.8396, 43.34782], [18.82121, 43.34139], [18.83351, 43.32415], [18.80715, 43.31803], [18.67951, 43.24948], [18.43349, 43.40941], [18.20533, 43.45791], [17.95846, 43.51763], [17.87488, 43.52428], [17.69868, 43.52129], [17.68051, 43.52825], [17.67362, 43.5389], [17.71228, 43.5441], [17.79141, 43.54446], [17.95834, 43.53507], [18.01372, 43.52827], [18.18198, 43.4904], [18.33341, 43.4651], [18.40264, 43.45797], [18.41479, 43.4639], [18.40752, 43.47539], [18.17653, 43.53239], [17.9832, 43.59088], [17.86737, 43.60687], [17.66333, 43.62641], [17.55584, 43.64769], [17.5458, 43.64376], [17.5375, 43.62741], [17.49217, 43.61465], [17.33607, 43.58431], [17.45978, 43.47875], [17.60438, 43.41897], [17.83713, 43.40892], [17.90466, 43.39647], [17.8738, 43.38912], [17.80557, 43.38442], [17.67115, 43.38986], [17.65998, 43.32065], [17.8609, 43.31342], [17.92581, 43.30606], [17.93977, 43.29528], [17.9447, 43.27929], [17.93685, 43.27344], [17.87544, 43.27506], [17.65537, 43.29202], [17.6234, 43.22521], [17.60058, 43.19357], [17.54396, 43.13699], [17.47257, 43.08894], [17.39856, 43.0555], [17.37087, 43.07389], [17.31625, 43.12726], [17.17238, 43.18184], [17.11395, 43.21321], [17.10027, 43.23168], [17.07351, 43.23897], [17.05635, 43.25699], [17.04949, 43.27802], [17.02818, 43.28425], [16.93393, 43.3736], [16.88063, 43.40595], [16.75245, 43.41951], [16.69386, 43.4383], [16.62583, 43.44905], [16.53485, 43.49714], [16.52467, 43.51081], [16.5044, 43.50399], [16.46656, 43.51081], [16.39146, 43.51082], [16.39146, 43.51764], [16.43425, 43.52188], [16.4734, 43.53815], [16.4568, 43.54588], [16.43385, 43.54975], [16.33676, 43.55117], [16.29959, 43.53822], [16.23959, 43.52657], [16.11769, 43.52448], [16.11769, 43.51765], [16.15073, 43.51138], [16.16487, 43.50409], [16.17235, 43.4897], [16.11085, 43.48969], [16.11311, 43.47892], [16.06617, 43.48969], [16.03957, 43.4908], [16.01401, 43.50397], [16.00782, 43.50397], [16.00782, 43.49715], [15.99578, 43.50336], [15.97348, 43.50313], [15.96632, 43.51081], [15.96437, 43.50391], [15.9595, 43.50398], [15.96129, 43.51503], [15.98365, 43.52106], [15.98699, 43.52729], [15.98227, 43.5373], [15.98732, 43.54491], [15.95949, 43.53817], [15.95623, 43.54792], [15.94809, 43.55288], [15.92534, 43.55858], [15.9419, 43.56], [15.94418, 43.56672], [15.93539, 43.57294], [15.91799, 43.57291], [15.91799, 43.57908], [15.93214, 43.58658], [15.918, 43.59333], [15.9253, 43.59956], [15.918, 43.60639], [15.9253, 43.61384], [15.91897, 43.62873], [15.92954, 43.63422], [15.96632, 43.63373], [15.96632, 43.64118], [15.90484, 43.64803], [15.91676, 43.65362], [15.94239, 43.64802], [15.95297, 43.65086], [15.95143, 43.65742], [15.93216, 43.66845], [15.94597, 43.67231], [15.9524, 43.67976], [15.95045, 43.68854], [15.93898, 43.69644], [15.93971, 43.67764], [15.93116, 43.6765], [15.89291, 43.70051], [15.87078, 43.70319], [15.844, 43.72993], [15.79217, 43.75446], [15.77101, 43.75996], [15.70632, 43.76342], [15.69265, 43.77461], [15.68214, 43.79719], [15.63299, 43.81045], [15.61745, 43.8255], [15.6631, 43.81297], [15.67888, 43.81184], [15.67888, 43.81928], [15.66578, 43.81928], [15.63885, 43.83613], [15.57407, 43.85953], [15.54519, 43.87764], [15.51222, 43.91108], [15.47326, 43.91926], [15.4551, 43.92805], [15.43873, 43.94965], [15.35808, 44.0257], [15.33961, 44.03937], [15.31952, 44.04524], [15.27833, 44.0856], [15.23325, 44.12092], [15.21291, 44.13106], [15.20885, 44.13817], [15.21274, 44.14826], [15.14456, 44.19546], [15.16041, 44.2132], [15.15219, 44.2353], [15.13152, 44.25463], [15.11038, 44.26435], [15.14064, 44.28246], [15.15755, 44.28033], [15.17661, 44.24994], [15.19793, 44.25731], [15.20777, 44.27277], [15.18541, 44.28539], [15.19459, 44.2888], [15.20655, 44.28539], [15.19811, 44.30165], [15.24756, 44.27797], [15.27955, 44.25178], [15.29526, 44.25068], [15.28177, 44.28538], [15.29493, 44.29023], [15.30275, 44.29914], [15.27818, 44.30981], [15.26126, 44.33258], [15.28052, 44.32753], [15.3086, 44.30927], [15.42449, 44.26797], [15.50359, 44.25922], [15.52524, 44.26069], [15.52866, 44.2718], [15.51482, 44.27851], [15.44923, 44.2854], [15.40602, 44.32062], [15.30796, 44.3544], [15.15505, 44.46671], [15.08009, 44.53608], [15.05202, 44.54549], [15.01531, 44.56908], [15.00735, 44.56974], [14.94866, 44.63644], [14.94738, 44.6176], [14.9397, 44.60356], [14.93083, 44.59757], [14.96607, 44.57361], [15.00392, 44.53608], [15.04118, 44.52748], [15.0755, 44.48409], [15.05592, 44.48623], [15.02817, 44.50316], [15.00733, 44.50454], [15.01417, 44.51874], [14.97291, 44.53612], [14.92856, 44.55231], [14.91114, 44.55231], [14.91114, 44.54548], [14.96599, 44.52387], [15.04803, 44.43944], [15.09669, 44.41519], [15.06495, 44.43793], [15.04153, 44.47662], [15.08326, 44.46185], [15.17661, 44.3913], [15.19906, 44.38104], [15.25439, 44.34003], [15.23512, 44.33625], [15.16505, 44.36738], [15.16505, 44.36054], [15.18287, 44.35786], [15.21583, 44.33812], [15.22704, 44.32637], [15.20655, 44.32636], [15.21095, 44.31733], [15.22018, 44.31275], [15.15455, 44.331], [15.13087, 44.33259], [15.13087, 44.32636], [15.17236, 44.30532], [15.17236, 44.29915], [15.12875, 44.312], [15.09671, 44.34004], [15.09672, 44.34626], [15.11036, 44.34626], [15.11036, 44.35371], [15.09719, 44.36132], [15.08923, 44.3742], [15.10694, 44.37519], [15.1172, 44.38719], [15.08302, 44.40152], [15.04901, 44.39469], [15.02076, 44.43], [14.95883, 44.4667], [14.89749, 44.49092], [14.89749, 44.49705], [14.91863, 44.50454], [14.87763, 44.55134], [14.87696, 44.55976], [14.76149, 44.65864], [14.74368, 44.68049], [14.73367, 44.70318], [14.74121, 44.7016], [14.77972, 44.6697], [14.84523, 44.60053], [14.8838, 44.57966], [14.88015, 44.60919], [14.90203, 44.60993], [14.82182, 44.68622], [14.73566, 44.72923], [14.70732, 44.75014], [14.69916, 44.76548], [14.66993, 44.78907], [14.67944, 44.75295], [14.72729, 44.6942], [14.73831, 44.67276], [14.73895, 44.63903], [14.72327, 44.55954], [14.7198, 44.52511], [14.72841, 44.47195], [14.76724, 44.31249], [14.76884, 44.28747], [14.79166, 44.27252], [14.78971, 44.26692], [14.76596, 44.26504], [14.75993, 44.25985], [14.74856, 44.26167], [14.73814, 44.27212], [14.74073, 44.28018], [14.74968, 44.28022], [14.75539, 44.29134], [14.72875, 44.31399], [14.71426, 44.3513], [14.69298, 44.35986], [14.67986, 44.3887], [14.66758, 44.39221], [14.66148, 44.39981], [14.6723, 44.41225], [14.6975, 44.4031], [14.67465, 44.47373], [14.63791, 44.56524], [14.62538, 44.61177], [14.62502, 44.63256], [14.62856, 44.63582], [14.68906, 44.59942], [14.69743, 44.60493], [14.70058, 44.6212], [14.69769, 44.64976], [14.68198, 44.70228], [14.61758, 44.80102], [14.60486, 44.83263], [14.60553, 44.83912], [14.61512, 44.84967], [14.64913, 44.86809], [14.66738, 44.79875], [14.68315, 44.79872], [14.70574, 44.79255], [14.69949, 44.81304], [14.71792, 44.8002], [14.72282, 44.80412], [14.70582, 44.82685], [14.69208, 44.83349], [14.68582, 44.84714], [14.72682, 44.84028], [14.72, 44.85463], [14.73902, 44.85341], [14.753, 44.84599], [14.75602, 44.83594], [14.75373, 44.87604], [14.75653, 44.88707], [14.7717, 44.87781], [14.78343, 44.86541], [14.88607, 44.7261], [14.89519, 44.73615], [14.88379, 44.78898], [14.88376, 44.86117], [14.92164, 44.95881], [14.91432, 44.98143], [14.85647, 45.07649], [14.85279, 45.09366], [14.8274, 45.11396], [14.76597, 45.13736], [14.6579, 45.19661], [14.6067, 45.24437], [14.57604, 45.26226], [14.56863, 45.27595], [14.5822, 45.28535], [14.57081, 45.29365], [14.53435, 45.31269], [14.55543, 45.29588], [14.55193, 45.28807], [14.53306, 45.28389], [14.51051, 45.29975], [14.40235, 45.33861], [14.32976, 45.35399], [14.31153, 45.34398], [14.27198, 45.29011], [14.25847, 45.25576], [14.24772, 45.18647], [14.23258, 45.14936], [14.20923, 45.12638], [14.17937, 45.13451], [14.19532, 45.12059], [14.19311, 45.10562], [14.16439, 45.07991], [14.15821, 45.08735], [14.15406, 45.07197], [14.1582, 45.05322], [14.14389, 45.05939], [14.14389, 45.05321], [14.15942, 45.04035], [14.16617, 45.01895], [14.16373, 44.99576], [14.15137, 44.97749], [14.1399, 44.97135], [14.11329, 44.97748], [14.10133, 44.97427], [14.07568, 44.94954], [14.06887, 44.94954], [14.07162, 44.96906], [14.08383, 44.9864], [14.07569, 45.00483], [14.05453, 45.01846], [14.05193, 45.03803], [14.04029, 45.03897], [14.04428, 45.00141], [14.07154, 44.99335], [14.07569, 44.98371], [14.04444, 44.95141], [14.03468, 44.95637], [14.03905, 44.93183], [14.03467, 44.92232], [14.02247, 44.92349], [14.02783, 44.90864], [14.02149, 44.90738], [14.02051, 44.90113], [14.01059, 44.90526], [13.97267, 44.90111], [13.99288, 44.8815], [13.98618, 44.88129], [13.98618, 44.87507], [13.993, 44.87507], [13.99301, 44.86784], [13.97267, 44.84715], [13.97267, 44.82665], [13.98942, 44.82509], [13.99999, 44.81307], [13.96356, 44.81187], [13.93165, 44.8205], [13.92481, 44.81307], [13.91871, 44.82905], [13.89959, 44.82905], [13.89015, 44.83348], [13.88437, 44.82784], [13.83477, 44.90074], [13.80255, 45.0003], [13.72416, 45.06535], [13.66253, 45.13126], [13.72625, 45.13451], [13.70672, 45.1411], [13.65309, 45.14251], [13.61457, 45.19643], [13.59239, 45.20937], [13.58914, 45.2307], [13.59522, 45.2508], [13.57547, 45.26488], [13.58425, 45.27606], [13.60271, 45.27912], [13.60271, 45.28535], [13.58466, 45.29321], [13.57547, 45.30646], [13.60955, 45.32014], [13.56179, 45.32637], [13.55049, 45.33447], [13.54055, 45.35675], [13.55494, 45.36107], [13.55494, 45.36734], [13.54316, 45.37617], [13.51337, 45.43622], [13.52076, 45.44302], [13.51565, 45.44814], [13.52076, 45.45726], [13.50453, 45.48406], [13.50149, 45.4986], [13.5071, 45.5119], [13.56861, 45.49079], [13.58953, 45.48884], [13.59596, 45.51813], [13.57863, 45.52339], [13.56864, 45.53924], [13.58961, 45.53579], [13.75294, 45.55288], [13.74236, 45.56977], [13.71194, 45.5934], [13.73016, 45.61309], [13.78688, 45.61115], [13.80812, 45.61433], [13.79558, 45.61701], [13.77711, 45.63544], [13.7393, 45.64911], [13.75766, 45.65498], [13.75367, 45.67231], [13.73911, 45.6916], [13.62892, 45.77261], [13.57423, 45.78962], [13.55128, 45.79243], [13.53443, 45.78205], [13.52418, 45.76008], [13.52833, 45.74055], [13.5549, 45.7372], [13.5184, 45.72484], [13.50781, 45.71443], [13.46925, 45.70686], [13.42798, 45.68115], [13.4017, 45.67545], [13.37676, 45.68317], [13.40919, 45.69131], [13.43141, 45.70686], [13.42262, 45.72407], [13.38169, 45.73006], [13.3694, 45.74462], [13.35182, 45.74031], [13.2549, 45.75606], [13.21551, 45.7788], [13.16944, 45.76874], [13.14967, 45.75154], [13.13982, 45.75487], [13.13136, 45.76887], [13.11931, 45.77196], [13.11085, 45.76765], [13.10817, 45.7582], [13.11183, 45.74885], [13.12288, 45.74462], [13.12288, 45.73722], [13.1006, 45.73623], [13.08058, 45.72761], [13.06959, 45.71369], [13.07504, 45.69684], [13.09148, 45.6892], [13.11166, 45.69135], [13.14964, 45.70374], [13.13802, 45.6894], [13.10304, 45.66901], [13.08496, 45.64192], [13.06055, 45.63667], [12.9817, 45.63483], [12.94386, 45.62857], [12.78039, 45.55341], [12.61194, 45.49626], [12.51271, 45.47044], [12.4878, 45.45674], [12.45143, 45.45043], [12.41033, 45.43623], [12.4358, 45.47492], [12.43094, 45.48403], [12.44728, 45.48432], [12.45144, 45.49824], [12.45818, 45.49824], [12.46697, 45.48558], [12.47193, 45.48591], [12.47869, 45.49079], [12.46503, 45.50445], [12.49732, 45.50673], [12.5066, 45.49824], [12.49293, 45.49824], [12.49293, 45.49079], [12.51515, 45.49274], [12.52151, 45.51898], [12.53048, 45.52558], [12.56251, 45.53164], [12.58172, 45.55288], [12.53728, 45.53583], [12.51065, 45.5589], [12.5066, 45.57331], [12.45851, 45.54833], [12.4419, 45.53034], [12.45143, 45.51191], [12.43491, 45.51236], [12.41774, 45.52359], [12.40357, 45.51813], [12.39674, 45.53925], [12.38412, 45.52302], [12.39039, 45.51398], [12.424, 45.50446], [12.42397, 45.49822], [12.3934, 45.49165], [12.38056, 45.49479], [12.38307, 45.50446], [12.35043, 45.50487], [12.30958, 45.48892], [12.27272, 45.46361], [12.2527, 45.43622], [12.2527, 45.43], [12.25894, 45.43], [12.2461, 45.41132], [12.24855, 45.40253], [12.25894, 45.39521], [12.2492, 45.38548], [12.24528, 45.36108], [12.22381, 45.35395], [12.23217, 45.34056], [12.21631, 45.31623], [12.20873, 45.30907], [12.18755, 45.30647], [12.16293, 45.31623], [12.15447, 45.31346], [12.1491, 45.29218], [12.15983, 45.2831], [12.16879, 45.26215], [12.18067, 45.25804], [12.19166, 45.26288], [12.19939, 45.2746], [12.19746, 45.29962], [12.21728, 45.29384], [12.22485, 45.25117], [12.21111, 45.24299], [12.22485, 45.23069], [12.22136, 45.21625], [12.23048, 45.20425], [12.24733, 45.19693], [12.26637, 45.1966], [12.25898, 45.20282], [12.30727, 45.23068], [12.29803, 45.2154], [12.32104, 45.17235], [12.32845, 45.10102], [12.3073, 45.10786], [12.3073, 45.12836], [12.29737, 45.10635], [12.29672, 45.08857], [12.30665, 45.07856], [12.32846, 45.0799], [12.32106, 45.09357], [12.341, 45.08124], [12.37623, 45.03897], [12.37623, 45.03217], [12.35515, 45.02464], [12.36883, 45.01097], [12.38356, 45.02644], [12.38657, 45.03876], [12.36885, 45.06559], [12.41341, 45.04287], [12.41033, 45.03217], [12.44458, 45.01096], [12.48618, 44.97651], [12.4992, 44.98371], [12.48609, 44.98371], [12.4861, 44.99114], [12.50261, 44.99143], [12.51701, 44.98746], [12.53385, 44.97004], [12.52312, 44.95002], [12.52701, 44.94335], [12.5127, 44.92232], [12.49903, 44.92145], [12.4873, 44.86225], [12.44459, 44.82052], [12.424, 44.85464], [12.43922, 44.87759], [12.44304, 44.89008], [12.43832, 44.90111], [12.42693, 44.90497], [12.40691, 44.8913], [12.3921, 44.86839], [12.39161, 44.85883], [12.41651, 44.85114], [12.40821, 44.83625], [12.39674, 44.83348], [12.39674, 44.82665], [12.424, 44.82049], [12.41592, 44.80315], [12.39795, 44.79378], [12.37567, 44.79223], [12.30299, 44.84292], [12.29233, 44.84325], [12.26637, 44.82665], [12.26637, 44.8205], [12.28002, 44.8205], [12.25359, 44.75129], [12.24659, 44.71162], [12.2527, 44.6684], [12.28577, 44.60292], [12.28004, 44.53189], [12.2837, 44.48762], [12.32106, 44.3537], [12.34199, 44.32973], [12.35027, 44.28815], [12.36883, 44.25068], [12.38998, 44.22272], [12.41717, 44.19546], [12.45801, 44.1664], [12.47877, 44.13935], [12.51092, 44.11457], [12.54737, 44.09345], [12.57422, 44.08559], [12.63136, 44.0301], [12.69158, 43.99063], [12.75611, 43.97187], [12.80396, 43.96685], [12.86215, 43.93537], [12.92887, 43.91583], [12.94728, 43.89761], [13.25327, 43.70319], [13.38981, 43.64459], [13.39967, 43.63565], [13.44662, 43.62371], [13.4734, 43.61201], [13.50441, 43.63275], [13.51611, 43.63173], [13.52101, 43.62271], [13.54321, 43.61322], [13.57887, 43.5729], [13.59791, 43.56952], [13.61556, 43.56048], [13.62451, 43.54719], [13.61695, 43.53132], [13.76027, 43.26374], [13.78027, 43.23652], [13.79078, 43.19208], [13.83487, 43.1271], [13.8487, 43.09145], [13.86541, 43.00731], [13.94467, 42.79828], [14.00123, 42.69843], [14.06323, 42.62482], [14.07537, 42.59882], [14.22055, 42.47016], [14.28419, 42.42829], [14.38737, 42.37294], [14.42905, 42.32172], [14.56023, 42.22565], [14.59588, 42.20856], [14.65349, 42.19107], [14.69369, 42.18536], [14.70923, 42.17548], [14.71704, 42.16006], [14.7295, 42.09911], [14.74073, 42.08462], [14.78041, 42.07513], [14.83546, 42.04414], [14.8711, 42.03181], [14.95156, 42.02112], [14.99365, 42.01064], [15.04518, 41.96898], [15.06316, 41.96429], [15.12338, 41.93427], [15.16538, 41.9278], [15.28175, 41.92803], [15.40056, 41.90778], [15.44606, 41.90693], [15.61134, 41.92803], [15.77443, 41.92121], [16.02711, 41.94407], [16.14046, 41.9199], [16.1609, 41.89265], [16.17919, 41.89329], [16.17604, 41.87739], [16.19304, 41.80854], [16.19287, 41.79092], [16.18446, 41.77977], [16.14575, 41.74886], [16.10719, 41.73762], [16.06315, 41.70149], [16.02751, 41.67993], [15.9253, 41.64004], [15.90008, 41.61465], [15.89137, 41.57685], [15.89633, 41.53644], [15.91179, 41.50288], [15.9336, 41.47944], [15.96111, 41.45946], [16.02166, 41.4278], [16.08513, 41.41266], [16.11411, 41.39289], [16.30127, 41.32793], [16.4603, 41.26264], [16.52067, 41.25014], [16.59392, 41.20698], [16.83031, 41.14638], [16.85141, 41.13296], [16.85816, 41.13296], [16.85817, 41.14035], [16.86442, 41.14036], [16.88526, 41.12397], [17.05739, 41.08175], [17.2028, 41.02112], [17.2762, 40.98031], [17.31006, 40.95477], [17.34791, 40.9121], [17.37769, 40.90228], [17.4134, 40.8812], [17.47608, 40.83015], [17.51221, 40.82029], [17.54835, 40.80195], [17.63453, 40.78497], [17.74837, 40.74761], [17.84392, 40.69416], [17.92188, 40.683], [17.95557, 40.67057], [17.95493, 40.64692], [17.99195, 40.65313], [18.007, 40.65069], [18.0158, 40.62519], [18.04321, 40.60199], [18.03745, 40.55695], [18.11996, 40.50458], [18.21168, 40.46475], [18.23828, 40.45766], [18.2588, 40.43065], [18.30322, 40.39988], [18.34376, 40.35163], [18.37044, 40.33868], [18.43707, 40.2681], [18.50001, 40.15249], [18.51611, 40.13922], [18.51108, 40.12759], [18.51611, 40.10448], [18.49187, 40.08466], [18.48356, 40.05517], [18.43409, 40.02253], [18.41139, 39.97883], [18.39259, 39.91608], [18.40007, 39.87882], [18.38648, 39.82534], [18.38916, 39.81709], [18.36833, 39.79663], [18.33065, 39.80331], [18.28207, 39.8332], [18.26564, 39.83759], [18.21128, 39.83935], [18.16189, 39.86055], [18.13063, 39.88349], [18.07155, 39.91153], [17.99539, 39.99527], [17.99539, 40.00266], [18.01108, 40.00336], [18.02027, 40.0102], [18.02215, 40.02167], [18.0158, 40.0362], [18.00514, 40.04487], [17.96748, 40.05732], [18.00294, 40.07445], [18.011, 40.09602], [17.99724, 40.12043], [17.92605, 40.17626], [17.91962, 40.19074], [17.917, 40.22687], [17.91114, 40.2403], [17.89969, 40.24909], [17.91277, 40.24909], [17.91277, 40.25532], [17.86313, 40.28563], [17.84767, 40.29003], [17.51206, 40.30371], [17.49391, 40.30745], [17.44044, 40.331], [17.39943, 40.33101], [17.36817, 40.35151], [17.21316, 40.40609], [17.20023, 40.42039], [17.22348, 40.42841], [17.24301, 40.44139], [17.2479, 40.45734], [17.22758, 40.47444], [17.24741, 40.48028], [17.29575, 40.47321], [17.31625, 40.48188], [17.32325, 40.49848], [17.30405, 40.49946], [17.26175, 40.48872], [17.26857, 40.49616], [17.24741, 40.50283], [17.18995, 40.48189], [17.18182, 40.4853], [17.16619, 40.50918], [17.15602, 40.5124], [17.04957, 40.51911], [16.97608, 40.49262], [16.91212, 40.44522], [16.78273, 40.30158], [16.7614, 40.2696], [16.73071, 40.20068], [16.71599, 40.19359], [16.67944, 40.14607], [16.62452, 40.10798], [16.60475, 40.08446], [16.59693, 40.04678], [16.59938, 40.03413], [16.63159, 39.96621], [16.60548, 39.94294], [16.58919, 39.91983], [16.53868, 39.88043], [16.48452, 39.95153], [16.44298, 40.0442], [16.34431, 40.09043], [16.27771, 40.1391], [16.22467, 40.19678], [16.19101, 40.25383], [16.25294, 40.32828], [16.31273, 40.37855], [16.3627, 40.46442], [16.43602, 40.55552], [16.42474, 40.5662], [16.25065, 40.65788], [16.21806, 40.68202], [16.19849, 40.70736], [16.19793, 40.72861], [16.21037, 40.74756], [16.34304, 40.83496], [16.35468, 40.84706], [16.36143, 40.86193], [16.35848, 40.8798], [16.33584, 40.9275], [16.25777, 41.03996], [16.20536, 41.13366], [16.17237, 41.1814], [16.13507, 41.21598], [16.09425, 41.23123], [16.00505, 41.23744], [15.92025, 41.22748], [15.85106, 41.20902], [15.76376, 41.17755], [15.59301, 41.10514], [15.38603, 40.99613], [15.28241, 40.94591], [15.24589, 40.93375], [15.22576, 40.93481], [15.22398, 40.95792], [15.25074, 40.98717], [15.45176, 41.14811], [15.4829, 41.17931], [15.48755, 41.19215], [15.48248, 41.19948], [15.46363, 41.20221], [15.41922, 41.19571], [15.36184, 41.18157], [15.22658, 41.13806], [15.04291, 41.06628], [14.9566, 41.01948], [14.95166, 41.01179], [14.95644, 41.00494], [15.0265, 40.97782], [15.05284, 40.91644], [15.06081, 40.88163], [15.06305, 40.81062], [15.04706, 40.74109], [15.01358, 40.67525], [14.96395, 40.61562], [14.89575, 40.56188], [14.8615, 40.60716], [14.83546, 40.63264], [14.78199, 40.66987], [14.75221, 40.6767], [14.71998, 40.66682], [14.69015, 40.64906], [14.61329, 40.6459], [14.571, 40.6177], [14.5442, 40.6136], [14.48658, 40.63264], [14.47136, 40.62467], [14.42205, 40.61555], [14.40153, 40.60213], [14.3558, 40.58364], [14.34262, 40.57064], [14.32983, 40.58466], [14.32799, 40.60541], [14.33775, 40.62441], [14.38738, 40.63695], [14.44422, 40.68598], [14.47637, 40.6951], [14.47975, 40.71149], [14.47413, 40.72968], [14.44264, 40.75507], [14.42129, 40.75094], [14.39444, 40.76157], [14.2942, 40.83877], [14.24838, 40.83771], [14.22364, 40.83137], [14.20316, 40.80121], [14.18221, 40.80093], [14.1656, 40.81575], [14.13524, 40.81857], [14.09596, 40.83381], [14.08253, 40.83128], [14.07618, 40.82221], [14.08251, 40.78353], [14.04771, 40.7896], [14.04117, 40.79649], [14.05226, 40.83759], [14.04447, 40.87421], [14.02134, 40.92183], [13.96534, 40.99641], [13.91799, 41.02367], [13.91065, 41.06464], [13.85172, 41.14732], [13.79049, 41.20586], [13.72185, 41.25239], [13.70851, 41.25641], [13.66335, 41.25069], [13.65659, 41.25959], [13.59441, 41.25312], [13.56365, 41.23798], [13.57543, 41.20808], [13.54396, 41.20662], [13.53423, 41.20824], [13.51441, 41.22968], [13.50711, 41.22176], [13.49969, 41.22176], [13.48024, 41.23916], [13.32439, 41.29483], [13.28582, 41.29572], [13.18702, 41.27802], [13.15121, 41.26021], [13.11451, 41.25088], [13.0905, 41.22656], [13.06821, 41.22176], [13.04462, 41.22753], [13.02369, 41.27359], [12.99269, 41.31562], [12.92384, 41.37979], [12.86215, 41.41352], [12.84156, 41.4184], [12.74855, 41.42374], [12.67856, 41.45795], [12.65398, 41.46564], [12.63526, 41.44751], [12.61922, 41.45934], [12.54558, 41.54413], [12.42374, 41.6473], [12.43912, 41.68167], [12.48174, 41.74409], [12.50951, 41.77318], [12.57384, 41.824], [12.57231, 41.83324], [12.53991, 41.85587], [12.52484, 41.85598], [12.46883, 41.81304], [12.39174, 41.77237], [12.3056, 41.74368], [12.25188, 41.73307], [12.23903, 41.73628], [12.2235, 41.75068], [12.2152, 41.76814], [12.20623, 41.82734], [12.17018, 41.87958], [12.14747, 41.90347], [12.03884, 41.96516], [12.02036, 41.99307], [11.9822, 41.99975], [11.93458, 42.03148], [11.91684, 42.03791], [11.82749, 42.03418], [11.80942, 42.06635], [11.75018, 42.12792], [11.73618, 42.16889], [11.68214, 42.25214], [11.65821, 42.27936], [11.53907, 42.34886], [11.48898, 42.35948], [11.39618, 42.39298], [11.39617, 42.40038], [11.37664, 42.40689], [11.35467, 42.40721], [11.36206, 42.40039], [11.33302, 42.40059], [11.24562, 42.42231], [11.21127, 42.41889], [11.20092, 42.39546], [11.18629, 42.3793], [11.18384, 42.36629], [11.16472, 42.36933], [11.15593, 42.36629], [11.13453, 42.38418], [11.10663, 42.39127], [11.08677, 42.41836], [11.08695, 42.42945], [11.09897, 42.44268], [11.11302, 42.44635], [11.14182, 42.4388], [11.16419, 42.43983], [11.17969, 42.4565], [11.18845, 42.48027], [11.18686, 42.52082], [11.16605, 42.54622], [11.15846, 42.56403], [11.12868, 42.55806], [11.09742, 42.60688], [11.08092, 42.61271], [11.07781, 42.63223], [11.00572, 42.66792], [10.99, 42.71027], [10.94361, 42.74299], [10.89088, 42.7639], [10.73132, 42.80443], [10.75538, 42.81916], [10.7649, 42.83527], [10.76565, 42.8771], [10.77768, 42.89472], [10.76352, 42.91828], [10.68141, 42.94904], [10.6325, 42.95848], [10.58326, 42.9597], [10.53907, 42.94912], [10.54654, 42.93476], [10.51857, 42.92529], [10.49954, 42.9405], [10.47757, 42.99005], [10.5027, 43.00556], [10.5171, 43.02391], [10.53907, 43.07941], [10.5357, 43.11289], [10.54656, 43.14712], [10.53448, 43.18505], [10.52817, 43.24677], [10.43702, 43.38858], [10.37338, 43.45319], [10.35914, 43.46528], [10.32636, 43.47688], [10.31724, 43.49262], [10.29474, 43.56882], [10.26401, 43.80939], [10.25164, 43.84662], [10.21013, 43.92023], [10.18067, 43.95527], [10.1365, 43.97871], [10.10581, 44.01675], [10.09059, 44.02538], [10.07204, 44.02954], [10.03533, 44.04784], [9.98854, 44.05976], [9.98071, 44.04988], [9.96274, 44.04468], [9.88795, 44.093], [9.8768, 44.08785], [9.84474, 44.10863], [9.82643, 44.10725], [9.83325, 44.09985], [9.81959, 44.093], [9.83058, 44.07884], [9.84749, 44.07249], [9.84749, 44.06632], [9.83326, 44.05207], [9.84634, 44.04629], [9.84253, 44.04117], [9.8323, 44.04231], [9.81984, 44.06338], [9.77183, 44.07942], [9.68263, 44.13654], [9.62111, 44.14827], [9.57994, 44.17895], [9.57301, 44.1916], [9.49904, 44.22184], [9.48439, 44.24384], [9.45418, 44.23773], [9.43679, 44.2395], [9.42237, 44.25678], [9.37453, 44.2718], [9.36769, 44.29442], [9.26308, 44.33626], [9.23064, 44.35371], [9.21371, 44.33344], [9.21069, 44.30534], [9.16506, 44.31831], [9.14667, 44.32856], [9.14861, 44.34003], [9.13006, 44.36335], [9.10206, 44.37397], [9.00123, 44.38728], [8.92368, 44.41157], [8.86873, 44.40973], [8.84567, 44.41343], [8.827, 44.42845], [8.76238, 44.43212], [8.73715, 44.42878], [8.67855, 44.39469], [8.65512, 44.39468], [8.59376, 44.36275], [8.56479, 44.35716], [8.54029, 44.34004], [8.46607, 44.30427], [8.44451, 44.28388], [8.4497, 44.26435], [8.43538, 44.24043], [8.41188, 44.22704], [8.4065, 44.21503], [8.4082, 44.19351], [8.39427, 44.18226], [8.31349, 44.16047], [8.28468, 44.14826], [8.25652, 44.12836], [8.23316, 44.10358], [8.22998, 44.0725], [8.21631, 44.04524], [8.16912, 44.00666], [8.15268, 43.98322], [8.16797, 43.9565], [8.14471, 43.95258], [8.11524, 43.92769], [8.0892, 43.91987], [8.06743, 43.89656], [8.03142, 43.88752], [7.95972, 43.85286], [7.78582, 43.82197], [7.73631, 43.7982], [7.695, 43.79122], [7.57203, 43.79133], [7.54378, 43.78449], [7.50229, 43.79222], [7.47641, 43.78449], [7.4764, 43.76464], [7.45434, 43.75712], [7.40431, 43.71798], [7.36575, 43.72273], [7.3423, 43.70783], [7.33052, 43.68643], [7.30117, 43.68765], [7.28025, 43.69333], [7.25727, 43.69165], [7.22851, 43.6742], [7.2318, 43.66347], [7.2038, 43.64437], [7.19668, 43.65692], [7.16859, 43.65824], [7.14699, 43.6901], [7.11765, 43.75637], [7.1065, 43.82635], [7.10807, 43.86137], [7.12521, 43.92981], [7.13413, 43.94617], [7.331, 44.12527], [7.38082, 44.12294], [7.55476, 44.15906], [7.5836, 44.16072], [7.62473, 44.1801], [7.65564, 44.17606], [7.76647, 44.39084], [7.8217, 44.44209], [7.84527, 44.47155], [7.89642, 44.55452], [7.92661, 44.62331], [7.94737, 44.71514], [7.94418, 44.72899], [7.91797, 44.75], [7.81886, 44.80803], [7.72932, 44.84055], [7.71261, 44.85179], [7.68074, 44.89491], [7.67197, 44.92192], [7.67444, 44.99094], [7.70968, 45.10157], [7.74074, 45.15889], [7.77197, 45.19678], [7.86008, 45.27251], [7.90464, 45.31787], [7.93644, 45.36963], [7.9668, 45.44526], [7.99627, 45.49629], [8.01853, 45.51899], [8.12811, 45.59143], [8.14445, 45.61091], [8.15053, 45.63472], [8.14163, 45.66289], [8.12201, 45.68234], [8.08682, 45.7016], [8.02297, 45.72418], [7.84374, 45.91921], [7.84529, 45.92779], [7.84962, 45.93971], [7.8702, 45.94037], [7.87292, 45.95938], [7.88378, 45.97387], [7.8982, 45.98195], [7.9691, 45.99311], [7.98585, 45.99931], [7.99835, 46.01063], [8.01065, 46.0297], [8.0182, 46.08086], [8.02533, 46.09114], [8.03535, 46.09652], [8.06688, 46.1006], [8.11059, 46.12695], [8.1323, 46.15935], [8.12951, 46.19604], [8.09995, 46.23563], [8.07308, 46.25361], [8.07732, 46.26203], [8.10687, 46.28555], [8.12848, 46.29247], [8.17188, 46.29919], [8.19255, 46.30916], [8.24175, 46.35412], [8.28154, 46.37012], [8.29746, 46.38751], [8.29704, 46.39763], [8.2866, 46.40536], [8.29498, 46.41805], [8.02037, 46.58573], [7.9259, 46.62565], [7.90781, 46.63858], [7.89358, 46.65675], [7.8849, 46.68136], [7.88629, 46.70615], [7.89889, 46.73109], [7.9199, 46.7553], [8.14913, 46.92273], [8.213, 46.97988], [8.23605, 47.01121], [8.2524, 47.0468], [8.2621, 47.08792], [8.26547, 47.13766], [8.25024, 47.31437], [8.25509, 47.35786], [8.34225, 47.58316], [8.41807, 47.58077], [8.44887, 47.58428], [8.46179, 47.60614], [8.49238, 47.61983], [8.52235, 47.6219], [8.53775, 47.61213], [8.5607, 47.5894], [8.57413, 47.59244], [8.58064, 47.60017], [8.5825, 47.62159], [8.57806, 47.63348], [8.58033, 47.639], [8.59356, 47.64257], [8.59511, 47.63482], [8.60162, 47.6326], [8.60731, 47.65629], [8.56824, 47.66293], [8.51967, 47.65735], [8.47605, 47.6404], [8.45827, 47.63988], [8.41197, 47.66104], [8.3913, 47.66546], [8.39771, 47.67629], [8.39099, 47.69213], [8.39213, 47.69952], [8.40195, 47.70709], [8.43791, 47.72319], [8.44546, 47.74318], [8.46365, 47.76391], [8.4715, 47.76706], [8.53651, 47.77409], [8.5516, 47.77926], [8.5423, 47.79502], [8.55822, 47.80117], [8.58312, 47.80024], [8.60162, 47.7946], [8.60762, 47.76225], [8.61744, 47.75732], [8.62984, 47.7628], [8.63501, 47.7846], [8.6441, 47.79101], [8.65702, 47.78812], [8.68193, 47.75874], [8.71314, 47.75742], [8.71976, 47.74732], [8.70043, 47.7235], [8.71262, 47.70869], [8.71707, 47.69456], [8.76988, 47.69507], [8.76172, 47.70125], [8.77071, 47.72086], [8.79758, 47.72003], [8.83024, 47.70719], [8.85608, 47.69068], [8.83768, 47.68779], [8.83779, 47.68084], [8.85267, 47.67079], [8.88171, 47.65614], [8.90621, 47.65179], [8.94538, 47.6543], [8.98176, 47.66216], [8.99767, 47.67383], [9.01659, 47.6789], [9.1281, 47.67042], [9.1834, 47.67042], [9.19694, 47.65614], [9.23435, 47.65616], [9.27321, 47.65009], [9.4701, 47.56727], [9.60132, 47.70353], [9.67844, 47.75723], [9.81953, 47.9108], [9.89117, 47.96228], [9.93768, 47.9818], [9.98506, 47.99398], [10.10956, 48.00839], [10.18088, 48.00863], [10.25107, 48.00283], [10.3179, 47.98985], [10.37718, 47.96865], [10.42528, 47.93795], [10.45352, 47.90381], [10.46279, 47.87025], [10.45874, 47.83738], [10.44747, 47.80582], [10.4536, 47.5811], [10.46156, 47.56991], [10.45174, 47.55482], [10.4535, 47.54625], [10.45877, 47.54165], [10.48254, 47.53286], [10.52512, 47.52847], [10.53691, 47.52986], [10.54962, 47.53679], [10.56988, 47.55594], [10.58373, 47.56247], [10.60791, 47.56227], [10.73989, 47.52847], [10.75219, 47.51539], [10.76077, 47.51364], [10.79033, 47.51607], [10.8448, 47.53131], [10.85864, 47.53067], [10.89223, 47.51488], [11.14929, 47.66015], [11.41262, 47.50609], [11.43535, 47.50971], [11.48259, 47.50258], [11.52951, 47.50785], [11.55121, 47.51369], [11.5694, 47.52738], [11.58914, 47.57038], [11.62046, 47.58965], [11.68257, 47.58335], [11.76402, 47.58312], [11.82034, 47.57529], [11.83068, 47.57761], [11.8407, 47.59461], [11.85197, 47.59916], [11.93589, 47.61074], [12.14529, 47.60459], [12.15167, 47.37241], [12.24684, 47.33051], [12.3481, 47.29348], [12.66174, 47.19115], [12.75842, 47.15439], [12.84724, 47.11291], [13.45382, 46.70749], [13.57431, 46.64082], [13.82349, 46.53413], [13.88256, 46.5037], [13.93931, 46.46816], [14.03565, 46.38788], [14.10443, 46.30483], [14.15343, 46.21991], [14.25973, 45.96063], [14.30604, 45.87304], [14.33708, 45.82846], [14.5639, 45.66269], [14.58095, 45.66781], [14.5919, 45.66336], [14.59387, 45.61618], [14.60307, 45.60357], [14.61599, 45.59407], [14.66404, 45.57004], [14.66983, 45.56456], [14.67169, 45.55681], [14.66849, 45.53397], [14.68833, 45.52203], [14.78125, 45.49335], [14.79716, 45.46518], [14.83881, 45.45898], [14.8816, 45.46978], [14.90083, 45.49314], [14.90444, 45.51443], [14.92263, 45.51495], [14.96263, 45.49314], [14.9863, 45.49087], [15.00738, 45.48084], [15.05617, 45.47991], [15.13926, 45.43004], [15.18422, 45.4256], [15.21498, 45.43362], [15.39708, 45.09202], [15.4245, 45.00425], [15.73085, 44.92723], [15.73426, 44.90212], [15.76403, 44.86403], [15.77343, 44.84502], [15.76868, 44.82734], [15.73065, 44.81701], [15.71607, 44.80321], [15.71731, 44.78647], [15.75369, 44.73929], [15.78284, 44.72259], [15.797, 44.70327], [15.80568, 44.69665], [15.85643, 44.70358], [15.87627, 44.72482], [15.88878, 44.72425], [15.8956, 44.71856], [15.90542, 44.69014], [15.91306, 44.68451], [15.93735, 44.68895], [15.9481, 44.6781], [15.95565, 44.65319], [15.96898, 44.63924], [15.97911, 44.63438], [16.0283, 44.62472], [16.03616, 44.61531], [16.04474, 44.58937], [16.03492, 44.58539], [16.03047, 44.57222], [16.01394, 44.55702], [16.00608, 44.541], [16.02665, 44.52519], [16.04732, 44.52333], [16.0837, 44.53491], [16.10489, 44.53237], [16.11646, 44.52147], [16.12835, 44.48431], [16.15966, 44.4161], [16.15987, 44.4007], [16.15388, 44.39357], [16.13879, 44.38541], [16.13827, 44.3776], [16.14199, 44.38075], [16.17134, 44.37709], [16.20287, 44.35977], [16.20586, 44.3498], [16.20318, 44.33306], [16.18953, 44.30851], [16.18664, 44.29761], [16.18757, 44.28241], [16.19708, 44.25115], [16.21579, 44.20816], [16.23212, 44.191], [16.27552, 44.15736], [16.28999, 44.13912], [16.31221, 44.1], [16.32689, 44.08238], [16.34611, 44.06847], [16.3672, 44.05814], [16.40399, 44.05876], [16.41402, 44.05581], [16.42693, 44.04052], [16.43148, 44.02579], [16.43965, 44.01401], [16.48347, 44.00253], [16.50104, 43.99272], [16.55582, 43.93747], [16.6048, 43.90107], [16.63736, 43.86841], [16.66937, 43.84689], [16.8998, 44.00318], [17.06886, 43.96478], [17.22922, 43.94472], [17.40469, 43.93483], [18.31278, 43.91987], [18.47196, 43.91065], [18.80888, 43.87853], [18.93759, 43.87259], [19.22935, 43.95768], [19.24072, 43.96574], [19.24289, 43.97282], [19.23803, 43.99251], [19.24351, 44.00202], [19.25208, 44.0075], [19.27276, 44.0124], [19.28733, 44.01302], [19.30056, 44.00951], [19.36464, 43.97329], [19.44711, 43.9798], [19.50406, 43.97566], [19.52855, 43.97721], [19.55222, 43.98342], [19.59336, 44.00558], [19.61041, 44.01928], [19.88248, 43.89201], [19.99982, 43.90475], [20.15038, 43.93974], [20.22828, 43.96954], [20.24989, 43.98455], [20.28042, 44.04086], [20.3396, 44.17731], [20.36824, 44.21917], [20.42639, 44.27061], [20.57922, 44.34875], [20.72152, 44.43474], [20.96254, 44.54801], [21.13785, 44.64303], [21.39593, 44.79024], [21.41216, 44.78481], [21.49722, 44.77804], [21.55841, 44.78166], [21.57804, 44.77768], [21.59561, 44.76595], [21.61969, 44.71391], [21.65628, 44.68766], [21.70517, 44.67707], [21.75684, 44.67727], [21.8017, 44.68389], [21.85544, 44.69846], [21.87198, 44.69598], [21.96241, 44.66229], [21.99435, 44.65857], [22.00427, 44.65154], [22.03217, 44.60332], [22.03982, 44.57687], [22.0452, 44.56922], [22.07631, 44.55072], [22.08695, 44.52178], [22.10431, 44.50964], [22.12664, 44.50266], [22.14824, 44.5009], [22.17211, 44.50535], [22.18514, 44.51511], [22.29903, 44.66167], [22.30492, 44.67738], [22.3197, 44.68534], [22.36115, 44.69205], [22.38068, 44.70053], [22.42605, 44.73365], [22.46894, 44.73019], [22.48372, 44.72399], [22.55328, 44.66916], [22.58749, 44.64937], [22.62118, 44.63743], [22.70014, 44.63061], [22.71472, 44.62306], [22.76515, 44.58281], [22.75926, 44.56467], [22.74169, 44.55186], [22.71937, 44.54436], [22.70014, 44.54183], [22.67854, 44.54555], [22.64216, 44.56312], [22.62118, 44.56922], [22.6003, 44.56979], [22.58046, 44.5655], [22.56558, 44.55542], [22.55669, 44.52147], [22.54842, 44.5117], [22.5355, 44.50752], [22.50036, 44.50638], [22.48414, 44.49977], [22.4798, 44.49041], [22.477, 44.46395], [22.48, 44.45579], [22.50098, 44.44194], [22.50543, 44.43502], [22.50512, 44.40406], [22.52269, 44.37507], [22.54935, 44.34897], [22.58284, 44.32841], [22.62118, 44.3159], [22.66252, 44.31166], [22.68154, 44.30531], [22.6895, 44.29172], [22.79642, 44.17704], [22.90644, 44.12289], [22.94261, 44.11147], [22.98808, 44.10702], [23.03098, 44.09307], [23.04007, 44.06232], [23.02302, 44.03163], [22.98808, 44.01768], [22.90582, 44.00398], [22.88587, 43.99453], [22.87471, 43.97205], [22.85052, 43.89699], [22.85104, 43.87435], [22.86344, 43.85541], [22.88876, 43.83952], [22.91956, 43.83422], [23.13185, 43.84794], [23.16192, 43.85732], [23.19696, 43.86275], [23.23448, 43.8773], [23.32515, 43.88659], [23.4847, 43.8806], [23.5927, 43.83743], [23.63611, 43.83216], [23.72075, 43.84583], [23.74287, 43.8427], [23.79992, 43.81846], [24.15938, 43.75294], [24.35823, 43.76002], [24.37549, 43.76387], [24.4312, 43.79418], [24.46634, 43.80242], [24.50014, 43.7995], [24.7144, 43.74284], [24.69009, 43.51722], [24.78916, 43.48722], [24.91148, 43.47069], [25.03761, 43.4792], [25.08276, 43.4924], [25.1279, 43.71643], [25.21131, 43.71188], [25.25234, 43.70465], [25.35962, 43.65429], [25.40313, 43.65005], [25.46742, 43.66775], [25.48876, 43.67054], [25.55656, 43.67036], [25.6165, 43.68775], [25.67138, 43.71736], [25.7396, 43.71894], [25.78114, 43.73201], [25.80626, 43.76366], [25.83933, 43.78844], [25.8693, 43.80089], [25.91643, 43.84438], [25.934, 43.87032], [26.05431, 43.93432], [26.06164, 43.94977], [26.07932, 43.96905], [26.11621, 43.99887], [26.15073, 44.0124], [26.23145, 44.0275], [26.31052, 44.05261], [26.61417, 44.08486], [26.67732, 44.09705], [26.70868, 44.10811], [26.75369, 44.10811], [26.78945, 44.11597], [26.88413, 44.15653], [27.00154, 44.16511], [27.02748, 44.17705], [27.10024, 44.14449], [27.20555, 44.12925], [27.22674, 44.12072], [27.25113, 44.12237], [27.26901, 44.1124], [27.26431, 44.08976], [27.28534, 44.07245], [27.34167, 44.05307], [27.35355, 44.04527], [27.37288, 44.02072], [27.38384, 44.01509], [27.57452, 44.01628], [27.63343, 44.02977], [27.65628, 44.02388], [27.67612, 43.99354], [27.7217, 43.94874], [27.78733, 43.96042], [27.85647, 43.98863], [27.91207, 43.99334], [28.10233, 44.18982], [28.14201, 44.20706], [28.20569, 44.2564], [28.24893, 44.30961], [28.27882, 44.36944], [28.29733, 44.43264], [28.30812, 44.49851], [28.33634, 44.75798], [28.33109, 44.83914], [28.30992, 44.89363], [28.27993, 44.93425], [28.20778, 44.99827], [28.18016, 45.04496], [28.17628, 45.07734], [28.18809, 45.15512], [28.19146, 45.25383], [28.20721, 45.28827], [28.23573, 45.30262], [28.3193, 45.29188], [28.33627, 45.29205], [28.36424, 45.30037], [28.3987, 45.3369], [28.45065, 45.44114], [28.46599, 45.45478], [28.4872, 45.46412], [28.51653, 45.46831], [28.55587, 45.46604], [28.66073, 45.44204], [28.78975, 45.32142], [28.81631, 45.32607], [28.83181, 45.3223], [28.85811, 45.30907], [28.88085, 45.30618], [28.91005, 45.28737], [28.92989, 45.2791], [28.95284, 45.28509], [28.95738, 45.29202], [28.96043, 45.31129], [28.96648, 45.31987], [28.97366, 45.3237], [29.00462, 45.32607], [29.01816, 45.33088], [29.06952, 45.3608], [29.1275, 45.37454], [29.15014, 45.38788], [29.17432, 45.38896], [29.19158, 45.40617], [29.22817, 45.42374], [29.28181, 45.42229], [29.29928, 45.42891], [29.32212, 45.44384], [29.35374, 45.43594], [29.43064, 45.43041], [29.5697, 45.39496], [29.65026, 45.34612], [29.66711, 45.31186], [29.67228, 45.27295], [29.65925, 45.24416], [29.60683, 45.22905], [29.6545, 45.21658], [29.62387, 45.2165], [29.62387, 45.21027], [29.667, 45.16421], [29.69953, 45.1618], [29.67652, 45.1446], [29.6644, 45.11693], [29.65625, 45.02896], [29.63754, 44.98371], [29.63091, 44.93886], [29.62387, 44.9291], [29.63037, 44.90766], [29.60515, 44.88003], [29.61783, 44.86148], [29.61116, 44.84932], [29.58351, 44.84028], [29.56178, 44.82027], [29.542, 44.82783], [29.51058, 44.82046], [29.31621, 44.79881], [29.19207, 44.79287], [29.1561, 44.78441], [29.05584, 44.73518], [29.02638, 44.71467], [29.00073, 44.68892], [28.99391, 44.69636], [28.99488, 44.71113], [28.97496, 44.74493], [29.09816, 44.77538], [29.12062, 44.78657], [29.13868, 44.80402], [29.1447, 44.82665], [29.13885, 44.83918], [29.09636, 44.87507], [29.10375, 44.84029], [29.0879, 44.84272], [29.06032, 44.83236], [29.04861, 44.84716], [29.0442, 44.86523], [29.04177, 44.92568], [29.0521, 44.94464], [29.09881, 44.95698], [29.11061, 44.97004], [29.10174, 44.98029], [29.05828, 45.00096], [28.98325, 45.01227], [28.97283, 45.01097], [28.96021, 44.98771], [28.91684, 44.97968], [28.88006, 44.95478], [28.86939, 44.94334], [28.86354, 44.92231], [28.87662, 44.90485], [28.86354, 44.89155], [28.86647, 44.88264], [28.88152, 44.8697], [28.90405, 44.86273], [28.95238, 44.82665], [28.93971, 44.81688], [28.92498, 44.81306], [28.93873, 44.806], [28.93872, 44.79878], [28.92628, 44.79295], [28.92547, 44.78368], [28.94611, 44.7652], [28.92414, 44.75785], [28.86883, 44.75357], [28.79835, 44.7202], [28.78712, 44.6933], [28.79371, 44.68789], [28.80834, 44.69633], [28.8042, 44.68424], [28.78541, 44.67967], [28.78403, 44.64924], [28.79249, 44.64472], [28.84555, 44.65156], [28.86948, 44.66181], [28.91196, 44.69636], [28.89774, 44.71677], [28.96745, 44.70098], [28.98341, 44.69261], [28.98755, 44.67528], [28.97933, 44.65535], [28.96228, 44.63957], [28.93902, 44.63433], [28.97267, 44.67023], [28.97535, 44.68684], [28.9524, 44.69636], [28.95777, 44.67878], [28.93873, 44.67525], [28.91822, 44.68269], [28.90454, 44.66841], [28.85417, 44.63436], [28.77418, 44.60078], [28.79469, 44.63426], [28.76694, 44.63373], [28.75782, 44.62678], [28.75367, 44.61376], [28.76677, 44.61375], [28.76059, 44.6037], [28.76441, 44.59589], [28.78781, 44.58649], [28.74806, 44.57779], [28.73268, 44.56786], [28.73268, 44.55231], [28.74692, 44.56598], [28.77416, 44.55231], [28.75343, 44.5135], [28.74562, 44.48615], [28.75026, 44.4667], [28.75847, 44.46528], [28.77198, 44.48371], [28.77835, 44.50739], [28.80836, 44.52505], [28.85565, 44.56768], [28.89243, 44.57705], [28.90626, 44.58771], [28.92494, 44.62046], [28.9095, 44.58397], [28.844, 44.49373], [28.79672, 44.46792], [28.70655, 44.38105], [28.69312, 44.34615], [28.68019, 44.35334], [28.6644, 44.34837], [28.65121, 44.34003], [28.6351, 44.31639], [28.63103, 44.26435], [28.66513, 44.19947], [28.66489, 44.1756], [28.67168, 44.16872], [28.65838, 44.17446], [28.64584, 44.17202], [28.63087, 44.15449], [28.67171, 43.99738], [28.66, 43.9798], [28.63769, 43.91865], [28.60939, 43.8745], [28.58448, 43.80085], [28.58919, 43.79133], [28.57618, 43.72753], [28.57309, 43.60615], [28.57553, 43.59333], [28.6027, 43.55272], [28.60351, 43.53815], [28.57857, 43.481], [28.5603, 43.45385], [28.47926, 43.3968], [28.47314, 43.36688], [28.45948, 43.38068], [28.41457, 43.39888], [28.39381, 43.41429], [28.32163, 43.42829], [28.24317, 43.40779], [28.15724, 43.40778], [28.11883, 43.39155], [28.09156, 43.36396], [28.0312, 43.24916], [28.01758, 43.23274], [28.00017, 43.22322], [27.90398, 43.20234], [27.90398, 43.1955], [27.94555, 43.16885], [27.91137, 43.06518], [27.88771, 43.04214], [27.88356, 43.03099], [27.90397, 42.94229], [27.89845, 42.87466], [27.90397, 42.85969], [27.88396, 42.84838], [27.88356, 42.83194], [27.89714, 42.784], [27.89225, 42.71053], [27.84108, 42.70833], [27.78736, 42.71516], [27.73268, 42.7145], [27.719, 42.69457], [27.71697, 42.67451], [27.73947, 42.66108], [27.64674, 42.64057], [27.62843, 42.62897], [27.63038, 42.60273], [27.65013, 42.55807], [27.63404, 42.56371], [27.54086, 42.5655], [27.51148, 42.55305], [27.48015, 42.48291], [27.46225, 42.48957], [27.45289, 42.48013], [27.45338, 42.46524], [27.46567, 42.45563], [27.46111, 42.44355], [27.46567, 42.42829], [27.47267, 42.46185], [27.50392, 42.43732], [27.51417, 42.43513], [27.54444, 42.46001], [27.56202, 42.44819], [27.57106, 42.45847], [27.59555, 42.44819], [27.62941, 42.45864], [27.64331, 42.45563], [27.63649, 42.44819], [27.65219, 42.41852], [27.66774, 42.41608], [27.69165, 42.42827], [27.69907, 42.41389], [27.71899, 42.41469], [27.71899, 42.40722], [27.69801, 42.40038], [27.70541, 42.39061], [27.71898, 42.3867], [27.70948, 42.37678], [27.71437, 42.34919], [27.72584, 42.33894], [27.74041, 42.3343], [27.78043, 42.33892], [27.77442, 42.32172], [27.78783, 42.31098], [27.76295, 42.2956], [27.75115, 42.27705], [27.75587, 42.25849], [27.78043, 42.24335], [27.77369, 42.23591], [27.80973, 42.2184], [27.83139, 42.19501], [27.85619, 42.1813], [27.84938, 42.16706], [27.87925, 42.15409], [27.90398, 42.11982], [27.95776, 42.0943], [27.97267, 42.07538], [27.98657, 42.07208], [27.98243, 42.0611], [27.98732, 42.05174], [28.00699, 42.0379], [28.00755, 42.03287], [28.00017, 42.03046], [28.01904, 42.00845], [28.02034, 41.99458], [28.01384, 41.98265], [28.03094, 41.91376], [28.04655, 41.89712], [28.04492, 41.89021], [28.03582, 41.8859], [28.00701, 41.8933], [27.97755, 41.88736], [27.96909, 41.87376], [27.96608, 41.84894], [27.97202, 41.82225], [28.02124, 41.77041], [28.04021, 41.72541], [28.07845, 41.69196], [28.08959, 41.6708], [28.08708, 41.66707], [28.07667, 41.66682], [28.07594, 41.66055], [28.09718, 41.6267], [28.11329, 41.61156], [28.14185, 41.59894], [28.17775, 41.55817], [28.23276, 41.51899], [28.38429, 41.44745], [28.60094, 41.37747], [28.90846, 41.26655], [29.00758, 41.24966], [29.02426, 41.24282], [29.04518, 41.2564], [29.05932, 41.25479], [29.09392, 41.2464], [29.10921, 41.23529], [29.09986, 41.2104], [29.06935, 41.17471], [29.04078, 41.16429], [29.07065, 41.13019], [29.06227, 41.11933], [29.0586, 41.0996], [29.04217, 41.06635], [29.0315, 41.05386], [29.00554, 41.0445], [28.98951, 41.03107], [28.99235, 41.00821], [28.98649, 41.00264], [28.96047, 41.00301], [28.94614, 41.00947], [28.92839, 40.99581], [28.89926, 40.98429], [28.84995, 40.97529], [28.83374, 40.96395], [28.82203, 40.96163], [28.78599, 40.96565], [28.77019, 40.97932], [28.75774, 40.97975], [28.62526, 40.96842], [28.59524, 40.97798], [28.60353, 41.00947], [28.59181, 41.01887], [28.57553, 41.02367], [28.58253, 41.04637], [28.57244, 41.06647], [28.55193, 41.08051], [28.52784, 41.08515], [28.53289, 41.07062], [28.55454, 41.05366], [28.56251, 41.03677], [28.5602, 41.01204], [28.55355, 40.99836], [28.54135, 40.98958], [28.51247, 40.99267], [28.4607, 41.03286], [28.43531, 41.04291], [28.4022, 41.04732], [28.33277, 41.06656], [28.26401, 41.07088], [28.23666, 41.08515], [28.18165, 41.07772], [28.16529, 41.08515], [28.02281, 41.04357], [27.98658, 41.02367], [27.96437, 40.99628], [27.95922, 40.97529], [27.94125, 40.97111], [27.86069, 40.97847], [27.81528, 41.00263], [27.77613, 41.01097], [27.75697, 41.01181], [27.7378, 41.01264], [27.52418, 40.9892], [27.49318, 40.97529], [27.47169, 40.94184], [27.44653, 40.86172], [27.4248, 40.83129], [27.33082, 40.76097], [27.28792, 40.70357], [27.19825, 40.65314], [27.17774, 40.63265], [27.14283, 40.62739], [27.11524, 40.61373], [27.04754, 40.61221], [26.98975, 40.5638], [26.91163, 40.55073], [26.82105, 40.50313], [26.75945, 40.49616], [26.70833, 40.46574], [26.68336, 40.45547], [26.67432, 40.42569], [26.66382, 40.41357], [26.63152, 40.40005], [26.62485, 40.39248], [26.61669, 40.35953], [26.60132, 40.34596], [26.53995, 40.30382], [26.51043, 40.29816], [26.49724, 40.28994], [26.42682, 40.23048], [26.38019, 40.21143], [26.35914, 40.20816], [26.34555, 40.19977], [26.34881, 40.18134], [26.36134, 40.16258], [26.3758, 40.15351], [26.32771, 40.11857], [26.27312, 40.0926], [26.23092, 40.06502], [26.17758, 40.05074], [26.16701, 40.04988], [26.1575, 40.05533], [26.16014, 40.06741], [26.17363, 40.08442], [26.1902, 40.09422], [26.21471, 40.14606], [26.25978, 40.19449], [26.27198, 40.23041], [26.26694, 40.25776], [26.2479, 40.27912], [26.21813, 40.29686], [26.23178, 40.31013], [26.20999, 40.32193], [26.2191, 40.33144], [26.25126, 40.34983], [26.21803, 40.36764], [26.18711, 40.39042], [26.16847, 40.41393], [26.16744, 40.42488], [26.17537, 40.43989], [26.20562, 40.46514], [26.2698, 40.49726], [26.3528, 40.52679], [26.38958, 40.53366], [26.4213, 40.53302], [26.4326, 40.52854], [26.45123, 40.50667], [26.46347, 40.474], [26.46648, 40.44938], [26.49171, 40.45653], [26.53625, 40.48567], [26.56483, 40.49959], [26.59898, 40.51101], [26.59619, 40.50808], [26.6229, 40.51532], [26.66977, 40.51081], [26.68377, 40.51533], [26.73276, 40.56377], [26.7562, 40.55484], [26.78826, 40.56293], [26.81666, 40.58096], [26.82895, 40.602], [26.79037, 40.66059], [26.7142, 40.65131], [26.6775, 40.63948], [26.60922, 40.63947], [26.58204, 40.633], [26.50563, 40.59859], [26.46776, 40.6148], [26.44467, 40.61904], [26.39975, 40.60416], [26.37306, 40.61445], [26.3023, 40.60114], [26.11761, 40.602], [26.09132, 40.60542], [26.07692, 40.61181], [26.05374, 40.66059], [26.06088, 40.67585], [26.05812, 40.6977], [26.04811, 40.71963], [26.03324, 40.73505], [26.04689, 40.7425], [26.036, 40.75776], [26.02735, 40.79613], [26.00589, 40.80395], [26.00587, 40.81078], [26.05372, 40.81623], [26.06056, 40.82075], [26.05397, 40.83096], [26.03891, 40.83251], [26.01222, 40.82445], [26.00587, 40.83877], [25.99838, 40.83877], [26.00587, 40.81704], [25.99842, 40.81704], [25.98292, 40.83088], [25.95167, 40.84553], [25.91863, 40.85297], [25.89666, 40.84493], [25.8257, 40.84969], [25.80323, 40.85651], [25.73219, 40.85176], [25.6045, 40.87617], [25.56685, 40.86548], [25.53778, 40.87044], [25.50862, 40.88504], [25.52978, 40.91759], [25.58575, 40.97791], [25.62026, 41.00496], [25.72825, 41.06908], [25.83454, 41.11569], [25.92116, 41.1402], [26.01289, 41.15154], [26.0717, 41.1513], [26.31734, 41.13046], [25.96777, 41.31797], [25.94858, 41.31397], [25.92119, 41.31603], [25.89628, 41.30627], [25.88202, 41.30404], [25.86269, 41.31009], [25.83334, 41.33464], [25.81101, 41.34104], [25.76347, 41.31903], [25.72874, 41.31707], [25.71748, 41.31412], [25.69123, 41.29841], [25.67996, 41.29717], [25.63976, 41.31107], [25.55149, 41.31567], [25.53796, 41.31221], [25.52369, 41.29169], [25.51491, 41.28348], [25.50509, 41.28058], [25.4791, 41.28379], [25.45346, 41.28043], [25.28572, 41.2394], [25.24821, 41.2398], [25.2143, 41.00858], [25.2533, 40.97228], [25.2657, 40.94879], [25.27017, 40.92148], [25.26946, 40.89948], [25.26176, 40.8567], [25.25483, 40.84114], [25.23701, 40.81514], [25.21563, 40.80652], [25.18964, 40.80157], [25.12778, 40.79916], [25.06663, 40.80613], [25.04154, 40.81295], [25.02292, 40.82186], [25.01178, 40.83422], [25.00333, 40.85635], [24.99925, 40.88017], [24.99812, 40.94919], [24.98975, 40.94214], [24.95387, 40.94115], [24.8921, 40.92064], [24.86354, 40.90522], [24.83398, 40.87475], [24.80201, 40.85347], [24.7658, 40.86542], [24.72836, 40.85274], [24.70875, 40.85176], [24.69013, 40.85859], [24.69752, 40.86542], [24.66277, 40.87971], [24.63542, 40.8586], [24.62868, 40.8586], [24.59622, 40.90119], [24.60076, 40.9138], [24.57554, 40.92671], [24.56666, 40.95173], [24.50514, 40.96162], [24.47291, 40.95173], [24.46412, 40.94116], [24.44313, 40.94807], [24.41554, 40.94554], [24.39178, 40.93647], [24.37223, 40.91414], [24.31267, 40.87971], [24.33222, 40.86304], [24.33134, 40.85527], [24.30982, 40.85053], [24.30568, 40.84174], [24.31528, 40.83222], [24.34064, 40.83128], [24.11011, 40.72786], [24.07281, 40.72143], [24.03004, 40.72335], [23.98667, 40.7321], [23.87403, 40.77766], [23.84205, 40.78335], [23.80926, 40.78042], [23.75408, 40.76301], [23.7107, 40.73762], [23.69703, 40.72142], [23.69174, 40.69538], [23.70021, 40.67365], [23.71803, 40.65868], [23.75562, 40.64565], [23.78649, 40.60637], [23.79265, 40.58796], [23.83351, 40.56379], [23.84669, 40.56029], [23.88884, 40.56378], [23.89527, 40.55305], [23.91487, 40.53888], [23.91552, 40.52961], [23.90723, 40.52539], [23.83823, 40.51874], [23.82301, 40.50698], [23.81902, 40.48774], [23.82667, 40.46137], [23.86817, 40.41352], [23.91554, 40.38935], [23.96388, 40.37946], [24.00245, 40.38638], [24.01173, 40.39248], [24.01157, 40.40184], [23.99124, 40.43407], [23.99871, 40.44086], [23.99125, 40.44769], [24.0114, 40.44915], [24.0288, 40.43207], [24.05323, 40.39248], [24.08578, 40.36603], [24.1089, 40.35741], [24.12843, 40.36517], [24.17985, 40.3515], [24.20395, 40.31737], [24.23361, 40.31671], [24.26651, 40.2888], [24.32065, 40.22797], [24.3833, 40.17914], [24.39373, 40.15271], [24.36109, 40.1324], [24.31861, 40.12471], [24.29999, 40.12809], [24.28614, 40.16055], [24.2383, 40.187], [24.16896, 40.2753], [24.12843, 40.29003], [24.04787, 40.30119], [24.01922, 40.3105], [23.93653, 40.36518], [23.92262, 40.36933], [23.88502, 40.36519], [23.83351, 40.37202], [23.78223, 40.3527], [23.75961, 40.3492], [23.73048, 40.35895], [23.69972, 40.32636], [23.69361, 40.30923], [23.69565, 40.29291], [23.71632, 40.25532], [23.75765, 40.23167], [23.76433, 40.2154], [23.77858, 40.2027], [23.86769, 40.17276], [23.88022, 40.17632], [23.89673, 40.17132], [23.94068, 40.14155], [23.98023, 40.13067], [23.99121, 40.11872], [23.98999, 40.11002], [23.97739, 40.10049], [23.97755, 40.09081], [24.00114, 40.07493], [24.00488, 40.06721], [24.00169, 40.05878], [23.98422, 40.05362], [23.98683, 40.04218], [23.99342, 40.03754], [24.01171, 40.04364], [24.01222, 40.02656], [24.0192, 40.0163], [23.99252, 39.99885], [23.98805, 39.98998], [23.9987, 39.98159], [23.9987, 39.97477], [23.97934, 39.97431], [23.9699, 39.96809], [23.97283, 39.96186], [23.9912, 39.96109], [23.99121, 39.95361], [23.93995, 39.95247], [23.9197, 39.95637], [23.92286, 39.97476], [23.90066, 39.97119], [23.89765, 39.97793], [23.90252, 39.98843], [23.86086, 40.00581], [23.85621, 40.01675], [23.8449, 40.02412], [23.83123, 40.02652], [23.82407, 40.02192], [23.82664, 40.00892], [23.78526, 40.06699], [23.7933, 40.09382], [23.77834, 40.10164], [23.7645, 40.12617], [23.67547, 40.21792], [23.64177, 40.23542], [23.5403, 40.24479], [23.48414, 40.2696], [23.43849, 40.2792], [23.39828, 40.27774], [23.365, 40.2617], [23.3401, 40.22797], [23.33766, 40.20844], [23.36362, 40.15046], [23.40083, 40.14383], [23.46925, 40.06708], [23.49887, 40.0423], [23.60271, 39.99848], [23.67025, 39.98606], [23.67596, 39.96109], [23.69728, 39.9405], [23.74787, 39.93048], [23.73998, 39.92318], [23.70314, 39.91268], [23.61647, 39.92333], [23.47096, 39.97163], [23.44654, 39.97476], [23.36063, 39.9611], [23.3816, 40.00267], [23.36069, 40.03263], [23.35271, 40.05707], [23.31659, 40.08886], [23.30593, 40.10448], [23.31959, 40.13679], [23.32456, 40.17495], [23.31861, 40.21052], [23.29908, 40.23542], [23.25864, 40.25312], [23.19956, 40.26627], [23.16619, 40.27985], [23.14894, 40.27645], [23.09693, 40.3061], [23.02916, 40.32576], [23.01092, 40.35122], [22.96388, 40.37946], [22.9275, 40.3885], [22.88822, 40.38631], [22.89772, 40.40205], [22.88966, 40.41836], [22.86022, 40.4477], [22.86744, 40.44945], [22.8672, 40.45392], [22.83092, 40.48579], [22.82164, 40.50214], [22.84352, 40.50917], [22.94158, 40.51716], [22.98316, 40.55268], [22.9769, 40.57062], [22.94176, 40.58735], [22.94956, 40.60541], [22.93377, 40.63093], [22.91049, 40.6446], [22.88307, 40.64728], [22.85402, 40.63947], [22.86108, 40.62055], [22.85058, 40.59342], [22.81592, 40.57063], [22.79567, 40.5708], [22.77833, 40.57807], [22.75856, 40.56778], [22.74594, 40.55524], [22.74252, 40.54035], [22.75032, 40.52278], [22.73666, 40.52961], [22.73665, 40.51534], [22.73048, 40.51534], [22.73048, 40.52277], [22.72316, 40.52277], [22.719, 40.51098], [22.71095, 40.51163], [22.68898, 40.52278], [22.68849, 40.52749], [22.67351, 40.52684], [22.65772, 40.51667], [22.65626, 40.50454], [22.67527, 40.49617], [22.65968, 40.49291], [22.65072, 40.47282], [22.6268, 40.48188], [22.59051, 40.47744], [22.57911, 40.46821], [22.60376, 40.44399], [22.60872, 40.42817], [22.60646, 40.41356], [22.63998, 40.38369], [22.65836, 40.37945], [22.66113, 40.36905], [22.62062, 40.31049], [22.59034, 40.24164], [22.59082, 40.23017], [22.5525, 40.16657], [22.54965, 40.14387], [22.56771, 40.1105], [22.57287, 40.08794], [22.5713, 40.05427], [22.58765, 40.0449], [22.60027, 40.0163], [22.66717, 39.97435], [22.69092, 39.96816], [22.69858, 39.96088], [22.70785, 39.96136], [22.71013, 39.93378], [22.73048, 39.8854], [22.77866, 39.84984], [22.80132, 39.84016], [22.84051, 39.8032], [22.85874, 39.77298], [22.87175, 39.71581], [22.90194, 39.65864], [22.92514, 39.59951], [22.93946, 39.58063], [23.00489, 39.5434], [23.05591, 39.52724], [23.09763, 39.50157], [23.11411, 39.46699], [23.12566, 39.45441], [23.21094, 39.37933], [23.22381, 39.35859], [23.27132, 39.32294], [23.29225, 39.26899], [23.34228, 39.19261], [23.34375, 39.17964], [23.30127, 39.15136], [23.20973, 39.13182], [23.23021, 39.12442], [23.23022, 39.11816], [23.20362, 39.10457], [23.1692, 39.10659], [23.14625, 39.10175], [23.11549, 39.0883], [23.05203, 39.09773], [23.07309, 39.12442], [23.06773, 39.138], [23.08107, 39.14719], [23.11409, 39.15911], [23.1006, 39.10456], [23.17172, 39.13496], [23.18238, 39.14614], [23.17557, 39.15546], [23.18133, 39.15867], [23.19093, 39.1581], [23.19923, 39.15144], [23.21713, 39.17963], [23.17556, 39.23428], [23.17986, 39.2508], [23.16912, 39.26854], [23.13461, 39.29694], [23.09816, 39.3122], [23.02053, 39.31754], [23.01857, 39.33047], [22.99806, 39.35712], [22.93588, 39.36058], [22.94287, 39.34415], [22.93279, 39.33601], [22.92905, 39.3242], [22.93214, 39.3122], [22.94286, 39.30317], [22.84254, 39.28848], [22.82618, 39.27216], [22.82618, 39.22126], [22.85401, 39.15913], [22.8602, 39.15913], [22.88087, 39.17963], [22.87698, 39.19037], [22.89013, 39.18426], [22.89503, 39.1728], [22.90186, 39.17962], [22.92058, 39.12515], [22.93605, 39.1114], [22.93588, 39.11612], [22.94288, 39.11815], [22.93605, 39.13181], [22.9611, 39.11904], [22.98243, 39.08442], [22.99804, 39.06977], [22.99195, 39.05732], [22.99804, 39.04927], [22.96648, 39.03465], [22.95883, 39.02513], [22.96388, 39.00898], [23.01532, 39.03318], [23.04219, 39.04003], [23.07308, 39.04246], [23.07308, 39.03629], [23.02328, 39.00845], [23.00716, 38.97395], [22.98454, 38.95434], [22.95639, 38.95433], [22.93605, 38.94684], [22.94286, 38.93261], [22.92856, 38.93159], [22.89873, 38.91969], [22.85987, 38.92853], [22.84653, 38.92642], [22.83667, 38.89648], [22.82959, 38.89168], [22.8047, 38.89102], [22.79199, 38.87801], [22.73268, 38.87239], [22.71827, 38.8898], [22.68897, 38.87801], [22.62159, 38.9145], [22.58082, 38.89363], [22.55209, 38.88923], [22.53882, 38.87801], [22.52508, 38.88544], [22.52508, 38.85814], [22.57291, 38.86431], [22.57291, 38.85815], [22.55388, 38.84809], [22.56332, 38.83625], [22.58277, 38.83198], [22.59344, 38.84446], [22.60025, 38.84446], [22.59344, 38.83023], [22.63266, 38.83514], [22.64112, 38.83023], [22.69028, 38.84999], [22.70264, 38.85064], [22.74806, 38.79922], [22.77833, 38.78172], [22.81593, 38.78924], [22.82927, 38.78607], [22.85969, 38.76717], [22.8672, 38.75507], [22.88782, 38.77125], [22.91488, 38.77557], [22.94532, 38.75812], [23.01628, 38.75445], [23.04199, 38.74672], [23.0594, 38.72772], [23.0905, 38.64912], [23.1045, 38.63841], [23.12355, 38.63691], [23.15643, 38.65346], [23.18246, 38.65375], [23.19606, 38.66633], [23.16817, 38.67939], [23.18678, 38.68597], [23.20492, 38.68267], [23.25375, 38.66181], [23.30591, 38.65264], [23.33121, 38.63027], [23.33331, 38.60446], [23.29331, 38.57909], [23.28541, 38.55646], [23.29542, 38.5681], [23.30738, 38.56854], [23.34059, 38.54556], [23.38159, 38.53534], [23.38133, 38.52847], [23.3401, 38.52237], [23.32928, 38.50837], [23.33497, 38.50361], [23.41847, 38.50433], [23.51938, 38.49067], [23.54298, 38.51169], [23.56722, 38.50112], [23.60133, 38.47394], [23.5735, 38.46088], [23.5735, 38.45344], [23.5962, 38.44676], [23.60009, 38.44062], [23.59401, 38.42609], [23.62501, 38.41401], [23.67286, 38.35643], [23.70997, 38.33674], [23.78199, 38.34356], [23.80502, 38.33251], [23.88092, 38.3083], [23.95101, 38.29091], [23.99122, 38.25422], [24.03858, 38.22394], [24.05063, 38.21068], [24.06901, 38.20473], [24.07308, 38.19648], [24.06951, 38.17353], [24.08055, 38.16601], [24.07, 38.16279], [24.06414, 38.1551], [24.05941, 38.13133], [24.05323, 38.14525], [24.03777, 38.14374], [23.98902, 38.12263], [23.99, 38.10212], [24.00912, 38.0406], [24.03271, 38.00776], [24.01173, 37.96686], [24.01587, 37.93745], [24.01173, 37.92524], [24.03443, 37.92291], [24.04329, 37.91644], [24.04638, 37.90599], [24.04224, 37.90071], [24.01173, 37.89175], [24.02784, 37.88032], [24.05322, 37.87807], [24.0464, 37.87059], [24.06689, 37.8644], [24.05934, 37.84854], [24.06689, 37.83711], [24.05763, 37.83218], [24.05323, 37.82282], [24.07717, 37.8109], [24.08464, 37.80174], [24.0874, 37.78502], [24.08612, 37.76356], [24.08187, 37.75251], [24.05942, 37.73347], [24.07308, 37.72723], [24.07308, 37.7198], [24.05942, 37.71979], [24.05942, 37.71357], [24.06577, 37.7128], [24.06689, 37.69933], [24.06397, 37.70502], [24.05942, 37.69929], [24.0721, 37.68952], [24.06387, 37.67864], [24.03272, 37.65153], [23.98308, 37.67032], [23.94973, 37.67744], [23.94306, 37.68993], [23.94337, 37.72724], [23.92271, 37.72119], [23.90252, 37.78189], [23.88885, 37.77442], [23.8816, 37.79108], [23.86557, 37.80768], [23.8475, 37.8181], [23.83351, 37.816], [23.81918, 37.82966], [23.813, 37.82966], [23.80729, 37.80859], [23.78663, 37.81216], [23.77899, 37.80234], [23.77662, 37.81428], [23.76452, 37.816], [23.77084, 37.82832], [23.76645, 37.83893], [23.74482, 37.85762], [23.7422, 37.87665], [23.70054, 37.9252], [23.69703, 37.93952], [23.68019, 37.94587], [23.62812, 37.9327], [23.62812, 37.93953], [23.6408, 37.94579], [23.64177, 37.95254], [23.62664, 37.9475], [23.61036, 37.96214], [23.57106, 37.96869], [23.55299, 37.98046], [23.58888, 38.00633], [23.59791, 38.02114], [23.59059, 38.0388], [23.58131, 38.04629], [23.52182, 38.04255], [23.49464, 38.02889], [23.47088, 38.02778], [23.44996, 38.02143], [23.41188, 37.99437], [23.39527, 37.98794], [23.42945, 37.98046], [23.40894, 37.97432], [23.32985, 37.98046], [23.22682, 37.97362], [23.18922, 37.95881], [23.14234, 37.93009], [23.09409, 37.91105], [23.05201, 37.92524], [23.04273, 37.92195], [23.01515, 37.92524], [23.01025, 37.89697], [22.99513, 37.88215], [22.99952, 37.8627], [23.01254, 37.84756], [23.03224, 37.85076], [23.04965, 37.84357], [23.0735, 37.84113], [23.09718, 37.84357], [23.1141, 37.85076], [23.14625, 37.82583], [23.18237, 37.80914], [23.17644, 37.78998], [23.18237, 37.77441], [23.12818, 37.76048], [23.12094, 37.74091], [23.14584, 37.72582], [23.17553, 37.71978], [23.16383, 37.68159], [23.17553, 37.64469], [23.16188, 37.64468], [23.16863, 37.61416], [23.19011, 37.60732], [23.23023, 37.58259], [23.23764, 37.59002], [23.27467, 37.56122], [23.29224, 37.55588], [23.32301, 37.53742], [23.33668, 37.53547], [23.36036, 37.54768], [23.35914, 37.57429], [23.34059, 37.60029], [23.3122, 37.61055], [23.3122, 37.61737], [23.34783, 37.63441], [23.39869, 37.63787], [23.40902, 37.62592], [23.40429, 37.59927], [23.39078, 37.57136], [23.37428, 37.55589], [23.39503, 37.54141], [23.42204, 37.53546], [23.42205, 37.52802], [23.39527, 37.5218], [23.39527, 37.51496], [23.43629, 37.50812], [23.47917, 37.49066], [23.52563, 37.4597], [23.51889, 37.45303], [23.52563, 37.4392], [23.44654, 37.41463], [23.30592, 37.41193], [23.31217, 37.39827], [23.26271, 37.40103], [23.2644, 37.39082], [23.23024, 37.38459], [23.22999, 37.37495], [23.23707, 37.37031], [23.25755, 37.3709], [23.25131, 37.35733], [23.27797, 37.34984], [23.26207, 37.34395], [23.18605, 37.34064], [23.1854, 37.33218], [23.20361, 37.30269], [23.16863, 37.29952], [23.14146, 37.30952], [23.14145, 37.31635], [23.16188, 37.31635], [23.16188, 37.32315], [23.12339, 37.32478], [23.11413, 37.33616], [23.13461, 37.32933], [23.12241, 37.34569], [23.1006, 37.35733], [23.09278, 37.35079], [23.0731, 37.35522], [23.07261, 37.40109], [23.09498, 37.38955], [23.10523, 37.39692], [23.11412, 37.42559], [23.14145, 37.41193], [23.13201, 37.44864], [23.09718, 37.46223], [23.06202, 37.45499], [23.04594, 37.45971], [23.05942, 37.46654], [23.04591, 37.48701], [23.01124, 37.46906], [23.0049, 37.45973], [22.9909, 37.49575], [22.98072, 37.50878], [22.96388, 37.5218], [22.94289, 37.52181], [22.93605, 37.53547], [22.92156, 37.54035], [22.90187, 37.54165], [22.91432, 37.5388], [22.92237, 37.52804], [22.90235, 37.53486], [22.88502, 37.53315], [22.85402, 37.51497], [22.81936, 37.53547], [22.82618, 37.54906], [22.80202, 37.56086], [22.79592, 37.56916], [22.79884, 37.5764], [22.77833, 37.59687], [22.73845, 37.58088], [22.72641, 37.56635], [22.72316, 37.54165], [22.73665, 37.51838], [22.73048, 37.49445], [22.75033, 37.46654], [22.75034, 37.44261], [22.76481, 37.43178], [22.75799, 37.39826], [22.81933, 37.34369], [22.81251, 37.32933], [22.82618, 37.32911], [22.81935, 37.31635], [22.82998, 37.3081], [22.86085, 37.25568], [22.9067, 37.19368], [22.91162, 37.18342], [22.9004, 37.17292], [22.89503, 37.13386], [22.90317, 37.12128], [22.92205, 37.11799], [22.95638, 37.12395], [22.96386, 37.1103], [22.9568, 37.10676], [22.96386, 37.10342], [22.95639, 37.09593], [22.97347, 37.09096], [22.98169, 37.08271], [22.97916, 37.07783], [22.96388, 37.08295], [22.99983, 37.03327], [22.99806, 37.02147], [23.01171, 36.98677], [22.99073, 36.98676], [23.00489, 36.96686], [23.01172, 36.97308], [23.01635, 36.95527], [23.01173, 36.93891], [23.04899, 36.8769], [23.04591, 36.86909], [23.09326, 36.81826], [23.09181, 36.79833], [23.08058, 36.79499], [23.08058, 36.78876], [23.11409, 36.78131], [23.09441, 36.76081], [23.0944, 36.74372], [23.08863, 36.73291], [23.07586, 36.73384], [23.05201, 36.74714], [23.03094, 36.72557], [23.02565, 36.71564], [23.03906, 36.7062], [23.03224, 36.69257], [23.05939, 36.69256], [23.03443, 36.67487], [23.03566, 36.64908], [23.08058, 36.57929], [23.1346, 36.55536], [23.14536, 36.54194], [23.15501, 36.54108], [23.14145, 36.53425], [23.14819, 36.51716], [23.13461, 36.50755], [23.15973, 36.51689], [23.16521, 36.51458], [23.17739, 36.4979], [23.19575, 36.46085], [23.20361, 36.45612], [23.20125, 36.44876], [23.21812, 36.39697], [23.2262, 36.34418], [23.22493, 36.32176], [23.20913, 36.29136], [23.19462, 36.27421], [23.15828, 36.24135], [23.12007, 36.21724], [23.10324, 36.21094], [23.09004, 36.21007], [23.0605, 36.21855], [23.04601, 36.22647], [23.02225, 36.2462], [23.01155, 36.26658], [23.0121, 36.28674], [23.02615, 36.33868], [23.07885, 36.46465], [23.06627, 36.47346], [23.07211, 36.49311], [23.06512, 36.5091], [23.05104, 36.52245], [23.03565, 36.52802], [22.97242, 36.52021], [22.92921, 36.59634], [22.87471, 36.63052], [22.88893, 36.64248], [22.88429, 36.65424], [22.83717, 36.68651], [22.81935, 36.66525], [22.81496, 36.67056], [22.81715, 36.71796], [22.80079, 36.77578], [22.78688, 36.79344], [22.76515, 36.80418], [22.68556, 36.80948], [22.62257, 36.80345], [22.5774, 36.78303], [22.5791, 36.74039], [22.54615, 36.72142], [22.53346, 36.70722], [22.52508, 36.68513], [22.54029, 36.6852], [22.5498, 36.67828], [22.55249, 36.65096], [22.54568, 36.65096], [22.53386, 36.67056], [22.52508, 36.67145], [22.51678, 36.66616], [22.51002, 36.64802], [22.531, 36.6328], [22.52604, 36.61238], [22.51271, 36.60279], [22.50465, 36.62425], [22.49, 36.61701], [22.48406, 36.60663], [22.48658, 36.52509], [22.51147, 36.46662], [22.50734, 36.46109], [22.51147, 36.45234], [22.4983, 36.44526], [22.49391, 36.43476], [22.50464, 36.40454], [22.49545, 36.40534], [22.49097, 36.39096], [22.47976, 36.40205], [22.4699, 36.45234], [22.45533, 36.46223], [22.42043, 36.47355], [22.40838, 36.48713], [22.40162, 36.48713], [22.39136, 36.47851], [22.38136, 36.48046], [22.35452, 36.51191], [22.36745, 36.54791], [22.38356, 36.54418], [22.38819, 36.55606], [22.38404, 36.5725], [22.37373, 36.58271], [22.38795, 36.60252], [22.36746, 36.60254], [22.37136, 36.64272], [22.38795, 36.64411], [22.38795, 36.65095], [22.36843, 36.65649], [22.37063, 36.67357], [22.38795, 36.7062], [22.35842, 36.70228], [22.33938, 36.72647], [22.32374, 36.75788], [22.30544, 36.7751], [22.30698, 36.79458], [22.29168, 36.82014], [22.22153, 36.89753], [22.20021, 36.9064], [22.17506, 36.89119], [22.13788, 36.91715], [22.13349, 36.93211], [22.14064, 36.93716], [22.14772, 36.95604], [22.15317, 37.02119], [22.08562, 37.03339], [22.04811, 37.03514], [22.03004, 37.03095], [21.99219, 37.01212], [21.9546, 37.00365], [21.94313, 36.99331], [21.93735, 36.97997], [21.92172, 36.86323], [21.93489, 36.83422], [21.92856, 36.82225], [21.95623, 36.80345], [21.97021, 36.80173], [21.97021, 36.795], [21.94508, 36.78994], [21.93881, 36.78319], [21.94222, 36.77509], [21.93587, 36.76603], [21.88257, 36.72656], [21.87404, 36.72672], [21.82276, 36.80858], [21.78972, 36.80476], [21.76417, 36.795], [21.75229, 36.805], [21.72879, 36.81264], [21.7225, 36.82225], [21.70738, 36.81803], [21.6885, 36.84956], [21.69239, 36.85904], [21.6885, 36.89118], [21.70948, 36.92593], [21.70997, 36.94269], [21.70265, 36.95726], [21.68816, 36.96454], [21.66804, 36.95944], [21.67742, 36.96328], [21.68165, 36.97309], [21.66774, 36.97093], [21.6618, 36.95944], [21.6548, 36.9947], [21.5993, 37.04573], [21.57876, 37.07652], [21.56966, 37.11651], [21.56757, 37.15632], [21.57453, 37.19258], [21.59215, 37.22015], [21.65496, 37.26073], [21.6823, 37.28392], [21.69581, 37.31635], [21.69142, 37.35663], [21.67482, 37.39598], [21.60711, 37.4995], [21.54998, 37.56147], [21.44305, 37.61861], [21.40219, 37.65542], [21.34327, 37.66934], [21.32374, 37.66494], [21.31852, 37.6379], [21.31228, 37.6379], [21.30828, 37.66625], [21.29869, 37.6726], [21.31105, 37.6931], [21.31186, 37.7263], [21.29526, 37.77167], [21.28492, 37.7851], [21.22731, 37.81192], [21.12235, 37.83732], [21.11306, 37.84334], [21.10761, 37.85546], [21.11158, 37.87043], [21.10623, 37.87808], [21.13357, 37.94635], [21.14039, 37.94635], [21.1644, 37.92963], [21.20777, 37.94603], [21.25164, 37.97622], [21.27752, 38.00095], [21.29151, 37.99722], [21.32594, 38.02143], [21.32594, 38.02888], [21.31853, 38.0351], [21.28442, 38.01535], [21.36704, 38.12108], [21.37371, 38.14448], [21.37429, 38.22062], [21.40854, 38.18594], [21.40092, 38.21473], [21.42067, 38.20234], [21.47396, 38.19602], [21.52394, 38.166], [21.60304, 38.1518], [21.63215, 38.15943], [21.68388, 38.18841], [21.70135, 38.20527], [21.74137, 38.26943], [21.76418, 38.29579], [21.84946, 38.34128], [21.91554, 38.33051], [21.93702, 38.33063], [21.9559, 38.33672], [21.97804, 38.32355], [22.02035, 38.31321], [22.03785, 38.28213], [22.04884, 38.27481], [22.08937, 38.26166], [22.11361, 38.2678], [22.14331, 38.24908], [22.16139, 38.2132], [22.20606, 38.20017], [22.21852, 38.18818], [22.25792, 38.18587], [22.31284, 38.17227], [22.33123, 38.17889], [22.36346, 38.15827], [22.41481, 38.13789], [22.43279, 38.14325], [22.51148, 38.12929], [22.62062, 38.08348], [22.68042, 38.06659], [22.77811, 38.00112], [22.7964, 37.97679], [22.82129, 37.96917], [22.8672, 37.93952], [22.88266, 37.93757], [22.92238, 37.94635], [22.9463, 37.94623], [22.97535, 37.97899], [22.95094, 38.00243], [22.92384, 38.01179], [22.89918, 38.02778], [22.88088, 38.02889], [22.88746, 38.03364], [22.85405, 38.03511], [22.87521, 38.04911], [22.91163, 38.06013], [22.94289, 38.08347], [22.96973, 38.08196], [23.01905, 38.06525], [23.03907, 38.06988], [23.06861, 38.05891], [23.10092, 38.0624], [23.17286, 38.0795], [23.18972, 38.09438], [23.21664, 38.10334], [23.2103, 38.11538], [23.19418, 38.12694], [23.17556, 38.1313], [23.17556, 38.14496], [23.2234, 38.1518], [23.2234, 38.15925], [23.12845, 38.17227], [23.14894, 38.18594], [23.12273, 38.20808], [23.10963, 38.21011], [23.07748, 38.18579], [23.06638, 38.1832], [23.03225, 38.18595], [23.03225, 38.19277], [23.05201, 38.19278], [23.02508, 38.21662], [22.95191, 38.22529], [22.93377, 38.22207], [22.92237, 38.20702], [22.95053, 38.20978], [22.96305, 38.20404], [22.96947, 38.19279], [22.92254, 38.19746], [22.90871, 38.19279], [22.89503, 38.24116], [22.88819, 38.24116], [22.88088, 38.22697], [22.87469, 38.24116], [22.82, 38.23298], [22.80568, 38.22697], [22.76484, 38.248], [22.79884, 38.28213], [22.74237, 38.29707], [22.71941, 38.31029], [22.69647, 38.31689], [22.67532, 38.34357], [22.68442, 38.36107], [22.67018, 38.38154], [22.6465, 38.38996], [22.6268, 38.37153], [22.64485, 38.36961], [22.64616, 38.36181], [22.63673, 38.35628], [22.61232, 38.36384], [22.58717, 38.33674], [22.58717, 38.33051], [22.60644, 38.32306], [22.60644, 38.31689], [22.59816, 38.31074], [22.60026, 38.30264], [22.58835, 38.29297], [22.57643, 38.2902], [22.56252, 38.29353], [22.54568, 38.30264], [22.52623, 38.33173], [22.53883, 38.33674], [22.52516, 38.35883], [22.47731, 38.40567], [22.46843, 38.42113], [22.40162, 38.45344], [22.40836, 38.4156], [22.37371, 38.39204], [22.386, 38.38019], [22.39478, 38.38515], [22.3986, 38.37592], [22.39609, 38.3682], [22.38111, 38.35786], [22.38794, 38.35102], [22.38233, 38.34269], [22.36753, 38.34188], [22.32252, 38.35102], [22.28493, 38.34733], [22.26645, 38.35855], [22.22486, 38.36005], [22.20932, 38.35293], [22.19597, 38.33955], [22.18921, 38.32308], [22.16879, 38.35102], [22.14578, 38.354], [22.14772, 38.36408], [22.13258, 38.37275], [22.04908, 38.3985], [22.02955, 38.39924], [22.01124, 38.39205], [21.98764, 38.41059], [21.95786, 38.41169], [21.92897, 38.4029], [21.87924, 38.37801], [21.86385, 38.37778], [21.85614, 38.38094], [21.8405, 38.39887], [21.83123, 38.39667], [21.78224, 38.36367], [21.77459, 38.35261], [21.77164, 38.33365], [21.76254, 38.32837], [21.71632, 38.35786], [21.65797, 38.35786], [21.61354, 38.34497], [21.59962, 38.35102], [21.53541, 38.31395], [21.52393, 38.29581], [21.51776, 38.29581], [21.50847, 38.30223], [21.47609, 38.30607], [21.46925, 38.31293], [21.42843, 38.33051], [21.44532, 38.33404], [21.48975, 38.30948], [21.48268, 38.32461], [21.48976, 38.33674], [21.47608, 38.34379], [21.47608, 38.35102], [21.48976, 38.35786], [21.46999, 38.35786], [21.47608, 38.37153], [21.45856, 38.36637], [21.44264, 38.37153], [21.42215, 38.3641], [21.42848, 38.38373], [21.41627, 38.39411], [21.37746, 38.39888], [21.3699, 38.40819], [21.36012, 38.46772], [21.33942, 38.48718], [21.32252, 38.49628], [21.3086, 38.49437], [21.35328, 38.43293], [21.33904, 38.43293], [21.34645, 38.42609], [21.33659, 38.3957], [21.29119, 38.37767], [21.29866, 38.37153], [21.29119, 38.36409], [21.27768, 38.37092], [21.26954, 38.36786], [21.26637, 38.3614], [21.27221, 38.35444], [21.25025, 38.33674], [21.23243, 38.32942], [21.21263, 38.33052], [21.18963, 38.34138], [21.18133, 38.33051], [21.19993, 38.32307], [21.17506, 38.3133], [21.17448, 38.30265], [21.15562, 38.30391], [21.14039, 38.33674], [21.08525, 38.34358], [21.10572, 38.35297], [21.10939, 38.36042], [21.10621, 38.37153], [21.09256, 38.3641], [21.1062, 38.38513], [21.10328, 38.37816], [21.11354, 38.37393], [21.12501, 38.37995], [21.14039, 38.39887], [21.12241, 38.41035], [21.11476, 38.40961], [21.1062, 38.39888], [21.09497, 38.4029], [21.08181, 38.42072], [21.07896, 38.43293], [21.08522, 38.44035], [21.10678, 38.42544], [21.11622, 38.42805], [21.11988, 38.44037], [21.10621, 38.43293], [21.11085, 38.44611], [21.10142, 38.46475], [21.10559, 38.47925], [21.07897, 38.48754], [21.09938, 38.49437], [21.08523, 38.50186], [21.09474, 38.51789], [21.09596, 38.53193], [21.08668, 38.53644], [21.04692, 38.51126], [21.03582, 38.50692], [21.03054, 38.51142], [21.01687, 38.54589], [21.02467, 38.60847], [21.00369, 38.62646], [20.98813, 38.66401], [20.97901, 38.67255], [20.94012, 38.67293], [20.9269, 38.67666], [20.91441, 38.68623], [20.88315, 38.77936], [20.87338, 38.79531], [20.85987, 38.80353], [20.84522, 38.79963], [20.81137, 38.76254], [20.80405, 38.77338], [20.77329, 38.76095], [20.76368, 38.78172], [20.72934, 38.80353], [20.74937, 38.85724], [20.76735, 38.86431], [20.8003, 38.86457], [20.80519, 38.86774], [20.7942, 38.87979], [20.76451, 38.8918], [20.75605, 38.90689], [20.75409, 38.92496], [20.75689, 38.9266], [20.75745, 38.93987], [20.76978, 38.95895], [20.77926, 38.93972], [20.79116, 38.93132], [20.81707, 38.92137], [20.83595, 38.9289], [20.85988, 38.96051], [20.8667, 38.96051], [20.87106, 38.94745], [20.86671, 38.94009], [20.87224, 38.93281], [20.86671, 38.92642], [20.90382, 38.92805], [20.91578, 38.9361], [20.92068, 38.95432], [20.92749, 38.95432], [20.93719, 38.94404], [20.97535, 38.94684], [21.00945, 38.93423], [21.02734, 38.93259], [21.02556, 38.89802], [21.0608, 38.88222], [21.08522, 38.86432], [21.08889, 38.87848], [21.09938, 38.88544], [21.09166, 38.90452], [21.10231, 38.91082], [21.12086, 38.91021], [21.13701, 38.9025], [21.16801, 38.87527], [21.17427, 38.87578], [21.18133, 38.88544], [21.16969, 38.89582], [21.16684, 38.91087], [21.15455, 38.9134], [21.14182, 38.93103], [21.14016, 38.94131], [21.14723, 38.95433], [21.14195, 38.96239], [21.14504, 38.97138], [21.15261, 38.9767], [21.16082, 38.97419], [21.15992, 38.99775], [21.13559, 39.02338], [21.08522, 39.06293], [21.07439, 39.05004], [21.07892, 39.0363], [21.06528, 39.04051], [21.05519, 39.0375], [21.03736, 39.02196], [21.05832, 39.00899], [21.0032, 39.01513], [21.00318, 39.02196], [20.9909, 39.02425], [20.96567, 39.03937], [20.95355, 39.03427], [20.9442, 39.03857], [20.93484, 39.05671], [20.9485, 39.06293], [20.9485, 39.06977], [20.92018, 39.06453], [20.90138, 39.07722], [20.89389, 39.07722], [20.88818, 39.06721], [20.87037, 39.05931], [20.86671, 39.05305], [20.87094, 39.04312], [20.88646, 39.03645], [20.84495, 39.03694], [20.85987, 39.04247], [20.85776, 39.05891], [20.85499, 39.0655], [20.84622, 39.06295], [20.8462, 39.07722], [20.83237, 39.07689], [20.82573, 39.06982], [20.83806, 39.09174], [20.83416, 39.10847], [20.82244, 39.11449], [20.81137, 39.10457], [20.80519, 39.1114], [20.79541, 39.09863], [20.77719, 39.09089], [20.77719, 39.08344], [20.79182, 39.08079], [20.78401, 39.04927], [20.76157, 39.03242], [20.7575, 39.02196], [20.74317, 39.02949], [20.74537, 39.01472], [20.7575, 39.01512], [20.80388, 38.9853], [20.82349, 38.97784], [20.82966, 38.97058], [20.82896, 38.96069], [20.76637, 38.97761], [20.7575, 38.97419], [20.74692, 38.95795], [20.73512, 38.95011], [20.70217, 38.99836], [20.71583, 39.01512], [20.70075, 39.0548], [20.70437, 39.0679], [20.7186, 39.10227], [20.75935, 39.16604], [20.78563, 39.19525], [20.85637, 39.25577], [20.9951, 39.3551], [21.03613, 39.37788], [21.03999, 39.38506], [20.9797, 39.46333], [20.95574, 39.48514], [20.86762, 39.54323], [20.84512, 39.56861], [20.83033, 39.62746], [20.80917, 39.89322], [20.67822, 40.04582], [20.65224, 40.0242], [20.63735, 40.00577], [20.6383, 39.97235], [20.65041, 39.91306], [20.65114, 39.79492], [20.66178, 39.77539]], [[24.99807, 40.95234], [24.99778, 40.96993], [24.99171, 40.96845], [24.99807, 40.95234]], [[21.90032, 38.77676], [21.87293, 38.80608], [21.79447, 38.85469], [21.65124, 38.92841], [21.63993, 38.92105], [21.63889, 38.84341], [21.6223, 38.77168], [21.67397, 38.73721], [21.75083, 38.75221], [21.8912, 38.76792], [21.90032, 38.77676]], [[21.72827, 39.25085], [21.58974, 39.21853], [21.53811, 39.21827], [21.53497, 39.20803], [21.57921, 39.14876], [21.60126, 39.10236], [21.60883, 39.09703], [21.70248, 39.09861], [21.81504, 39.11025], [21.85469, 39.12174], [21.86972, 39.13288], [21.8763, 39.14762], [21.8752, 39.16815], [21.8662, 39.18932], [21.83634, 39.22733], [21.79411, 39.25477], [21.77721, 39.25729], [21.72827, 39.25085]], [[17.40314, 43.67475], [17.22103, 43.66744], [17.27166, 43.6359], [17.40934, 43.65643], [17.41903, 43.66699], [17.40314, 43.67475]], [[14.75642, 44.82897], [14.75604, 44.83564], [14.74049, 44.82665], [14.74049, 44.8205], [14.74296, 44.81902], [14.75642, 44.82897]], [[14.70187, 44.38959], [14.70208, 44.37796], [14.70671, 44.37464], [14.70187, 44.38959]]], [[[23.88975, 40.33717], [23.90618, 40.34234], [23.91829, 40.33425], [23.92001, 40.3229], [23.94181, 40.31407], [23.9414, 40.31009], [23.88739, 40.32666], [23.88374, 40.33108], [23.88975, 40.33717]]], [[[19.26126, 40.50552], [19.26402, 40.51202], [19.27092, 40.51332], [19.29183, 40.49433], [19.28548, 40.47379], [19.27867, 40.47501], [19.26126, 40.50552]]], [[[19.44606, 40.51114], [19.4546, 40.55386], [19.44215, 40.57307], [19.4157, 40.58348], [19.39161, 40.57832], [19.3864, 40.55076], [19.37924, 40.56615], [19.30439, 40.65314], [19.30935, 40.66502], [19.35157, 40.69416], [19.36052, 40.70978], [19.36884, 40.80215], [19.37779, 40.81296], [19.40675, 40.82075], [19.39326, 40.84492], [19.41424, 40.86884], [19.38121, 40.90827], [19.40496, 40.91816], [19.42458, 40.93963], [19.44089, 40.9486], [19.42701, 40.93684], [19.43538, 40.9134], [19.42726, 40.89338], [19.42726, 40.87226], [19.43474, 40.87226], [19.43783, 40.88653], [19.44093, 40.87226], [19.45412, 40.8858], [19.5066, 40.9051], [19.52345, 40.92064], [19.52516, 40.94526], [19.50148, 40.98298], [19.49545, 41.00263], [19.49204, 40.97696], [19.47965, 40.95393], [19.45387, 40.92399], [19.44776, 40.93431], [19.46998, 40.95673], [19.47722, 40.975], [19.47495, 40.9958], [19.44777, 41.00947], [19.44062, 41.02066], [19.45639, 41.10668], [19.44192, 41.14386], [19.46371, 41.15131], [19.46877, 41.18756], [19.50953, 41.23729], [19.51661, 41.25641], [19.51336, 41.27668], [19.50294, 41.29413], [19.48805, 41.30646], [19.43166, 41.31372], [19.41897, 41.32258], [19.41424, 41.3828], [19.41082, 41.39167], [19.39602, 41.40205], [19.39326, 41.41348], [19.40642, 41.40038], [19.42872, 41.40131], [19.44516, 41.41519], [19.44094, 41.44086], [19.48927, 41.46613], [19.50864, 41.48688], [19.51661, 41.51341], [19.51417, 41.52998], [19.50717, 41.53628], [19.48221, 41.54401], [19.45207, 41.5747], [19.57765, 41.5356], [19.67111, 41.48753], [19.73568, 41.43877], [19.76283, 41.41131], [19.80776, 41.35117], [19.92127, 41.29361], [19.99297, 41.24426], [19.98612, 41.19277], [19.95367, 41.10526], [19.98282, 41.04248], [19.99407, 41.00355], [19.99935, 40.92541], [19.99193, 40.86301], [19.96505, 40.78914], [19.94418, 40.75446], [19.89195, 40.69023], [19.92203, 40.60566], [19.92671, 40.56614], [19.94832, 40.49059], [19.95322, 40.43033], [20.04498, 40.3794], [20.1231, 40.34544], [20.10828, 40.27532], [20.09428, 40.24164], [20.0541, 40.1786], [20.02771, 40.14909], [19.96553, 40.09767], [19.92918, 40.07529], [19.86359, 40.04517], [19.85523, 40.04987], [19.80739, 40.05289], [19.79658, 40.05732], [19.80453, 40.06346], [19.77735, 40.07779], [19.77052, 40.0635], [19.73268, 40.11026], [19.72902, 40.10823], [19.71909, 40.11603], [19.65288, 40.13252], [19.59784, 40.15771], [19.56577, 40.17984], [19.5093, 40.1945], [19.47606, 40.21385], [19.38112, 40.29524], [19.3651, 40.31737], [19.34425, 40.37434], [19.28958, 40.4204], [19.28982, 40.42734], [19.31618, 40.4378], [19.33253, 40.4389], [19.34833, 40.43049], [19.3931, 40.38646], [19.40661, 40.36235], [19.41424, 40.33442], [19.4236, 40.33002], [19.44459, 40.33381], [19.47495, 40.34838], [19.47877, 40.45392], [19.45314, 40.46533], [19.4188, 40.49189], [19.39138, 40.5218], [19.38642, 40.54326], [19.39861, 40.52094], [19.41423, 40.52276], [19.4336, 40.50593], [19.44606, 40.51114]]], [[[16.81886, 42.76936], [16.80301, 42.7635], [16.81024, 42.77533], [16.85816, 42.78399], [16.92107, 42.77715], [16.93392, 42.77093], [16.93636, 42.75552], [16.92464, 42.74141], [16.90544, 42.73177], [16.88495, 42.72941], [16.88217, 42.7364], [16.85816, 42.74299], [16.84766, 42.7336], [16.83432, 42.73095], [16.82082, 42.73608], [16.80984, 42.74982], [16.82228, 42.75511], [16.82407, 42.76406], [16.81886, 42.76936]]], [[[19.31259, 42.75965], [19.31222, 42.76129], [19.31422, 42.76035], [19.31259, 42.75965]]], [[[17.37159, 42.79084], [17.38528, 42.79153], [17.38983, 42.77013], [17.37379, 42.76001], [17.35378, 42.76668], [17.32376, 42.79083], [17.38294, 42.80217], [17.37159, 42.79084]]], [[[16.89869, 42.90584], [16.85141, 42.90071], [16.69142, 42.92821], [16.67286, 42.92674], [16.67261, 42.92179], [16.63846, 42.93476], [16.7068, 42.9621], [16.7068, 42.96955], [16.63171, 42.98261], [16.65269, 42.99236], [16.72047, 42.99005], [16.76857, 42.97224], [16.82407, 42.9621], [16.87867, 42.9621], [16.91554, 42.9745], [17.03207, 42.98261], [17.1111, 42.9643], [17.13183, 42.96955], [17.16432, 42.94147], [17.20019, 42.92178], [17.19337, 42.91431], [17.17433, 42.92202], [17.10743, 42.9143], [17.01531, 42.92862], [16.97291, 42.9267], [16.89869, 42.90584]]], [[[17.1587, 43.03098], [17.24871, 43.02023], [17.22441, 43.01777], [17.24982, 42.99933], [17.30569, 42.94544], [17.27133, 42.96336], [17.23749, 42.97139], [17.21388, 42.98261], [17.09539, 42.98444], [17.06251, 42.99006], [17.02753, 43.00358], [17.01929, 43.01263], [17.02817, 43.03099], [17.01882, 43.03409], [17.00167, 43.05149], [17.02312, 43.04864], [17.05568, 43.02896], [17.07325, 43.02416], [17.1587, 43.03098]]], [[[16.67351, 43.0845], [16.66002, 43.08947], [16.68222, 43.09955], [16.69777, 43.09573], [16.72551, 43.09649], [16.73795, 43.09235], [16.73852, 43.08683], [16.71973, 43.08187], [16.67351, 43.0845]]], [[[17.15494, 43.14035], [17.19332, 43.12727], [16.71621, 43.1273], [16.66723, 43.17265], [16.6513, 43.1941], [16.58735, 43.18429], [16.5, 43.18105], [16.40677, 43.18469], [16.37161, 43.19551], [16.38069, 43.20198], [16.41529, 43.19847], [16.43979, 43.20977], [16.44606, 43.20234], [16.4603, 43.21595], [16.4603, 43.20978], [16.49643, 43.21807], [16.55494, 43.18793], [16.58326, 43.18867], [16.52055, 43.22898], [16.56275, 43.22898], [16.58326, 43.21597], [16.60377, 43.22344], [16.64631, 43.21983], [16.65951, 43.21596], [16.69311, 43.18866], [16.6936, 43.18401], [16.68629, 43.18183], [16.72771, 43.16462], [16.84815, 43.16234], [16.86443, 43.16884], [16.87843, 43.15884], [16.89674, 43.15477], [16.95875, 43.1524], [17.01857, 43.14086], [17.10942, 43.14377], [17.15494, 43.14035]]], [[[25.71876, 34.87771], [25.72991, 34.88148], [25.73209, 34.87515], [25.7007, 34.86527], [25.68459, 34.86963], [25.68187, 34.87784], [25.688, 34.88132], [25.71876, 34.87771]]], [[[26.12746, 34.9474], [26.14746, 34.94313], [26.14973, 34.93334], [26.13299, 34.92262], [26.12193, 34.93586], [26.12746, 34.9474]]], [[[23.58035, 35.57591], [23.60474, 35.61258], [23.60816, 35.5517], [23.61988, 35.52408], [23.63948, 35.51898], [23.64177, 35.50702], [23.65943, 35.50121], [23.70297, 35.50288], [23.71843, 35.51284], [23.72788, 35.52985], [23.73048, 35.55418], [23.71279, 35.60678], [23.72364, 35.61689], [23.7112, 35.64887], [23.71599, 35.66172], [23.74181, 35.68695], [23.75001, 35.68658], [23.77897, 35.67153], [23.77897, 35.66405], [23.76783, 35.65388], [23.77897, 35.60944], [23.77898, 35.57591], [23.79949, 35.54462], [23.81715, 35.53482], [23.90138, 35.52716], [23.92905, 35.5207], [23.94419, 35.52496], [24.0254, 35.5207], [24.04469, 35.52766], [24.05764, 35.55292], [24.09409, 35.55418], [24.08181, 35.58991], [24.11525, 35.60129], [24.16041, 35.59706], [24.18294, 35.58559], [24.20329, 35.54181], [24.18294, 35.51326], [24.14259, 35.50703], [24.08123, 35.51496], [24.0669, 35.50702], [24.07195, 35.49836], [24.1867, 35.45181], [24.2225, 35.46117], [24.25244, 35.47905], [24.26403, 35.43286], [24.26547, 35.36986], [24.3401, 35.34833], [24.42807, 35.36968], [24.46412, 35.36245], [24.48537, 35.37213], [24.5936, 35.39118], [24.67657, 35.42339], [24.72069, 35.42723], [24.82015, 35.41302], [24.84083, 35.404], [24.89552, 35.42449], [24.95753, 35.404], [24.96957, 35.41576], [24.97146, 35.42445], [25.01872, 35.41502], [25.02963, 35.40327], [25.05322, 35.40399], [25.04705, 35.38044], [25.05535, 35.35521], [25.077, 35.34447], [25.10678, 35.34247], [25.19685, 35.34936], [25.22136, 35.33568], [25.30698, 35.34316], [25.34636, 35.33609], [25.36166, 35.34315], [25.3685, 35.33568], [25.37599, 35.34315], [25.4253, 35.29955], [25.45362, 35.29413], [25.48194, 35.29743], [25.65964, 35.3493], [25.70777, 35.33568], [25.76635, 35.33567], [25.74788, 35.31076], [25.72478, 35.29413], [25.73219, 35.28791], [25.72608, 35.27875], [25.72926, 35.26455], [25.73902, 35.26], [25.7378, 35.27741], [25.74284, 35.28533], [25.75072, 35.28417], [25.75895, 35.27432], [25.75367, 35.26748], [25.75895, 35.25999], [25.75326, 35.25261], [25.74464, 35.25715], [25.73219, 35.24632], [25.7351, 35.2375], [25.71949, 35.21137], [25.72477, 35.19111], [25.71274, 35.18285], [25.72853, 35.13337], [25.75318, 35.13311], [25.79526, 35.11514], [25.81764, 35.11595], [25.83033, 35.12238], [25.84768, 35.15057], [25.88307, 35.16446], [25.89667, 35.18487], [25.97853, 35.19546], [26.03322, 35.2258], [26.05502, 35.22712], [26.06056, 35.23329], [26.06739, 35.23329], [26.08139, 35.22358], [26.11962, 35.21531], [26.10825, 35.20539], [26.12973, 35.19587], [26.15512, 35.19794], [26.17945, 35.20718], [26.19777, 35.21906], [26.19094, 35.22581], [26.25933, 35.28434], [26.29396, 35.28791], [26.28649, 35.30096], [26.30079, 35.30097], [26.29398, 35.31524], [26.32112, 35.31524], [26.31234, 35.29695], [26.26596, 35.26], [26.28387, 35.20824], [26.29949, 35.18553], [26.32111, 35.19792], [26.285, 35.1507], [26.29394, 35.13646], [26.28695, 35.11843], [26.25099, 35.06306], [26.24096, 35.03906], [26.13331, 34.9994], [26.10524, 34.99934], [26.08172, 35.01976], [26.02028, 35.02095], [25.98487, 35.03913], [25.9603, 35.02897], [25.92408, 35.03408], [25.88152, 35.02709], [25.80811, 35.00577], [25.60125, 35.01358], [25.50619, 34.98457], [25.41521, 34.99372], [25.34767, 34.99152], [25.30397, 34.98477], [25.27952, 34.97251], [25.22315, 34.95418], [25.20769, 34.95149], [25.15089, 34.95572], [25.12892, 34.95148], [25.10776, 34.9379], [25.0774, 34.94473], [25.04493, 34.94074], [25.01905, 34.93164], [24.98374, 34.93871], [24.73855, 34.93164], [24.73855, 34.93789], [24.75172, 34.94648], [24.75522, 34.95791], [24.75214, 34.99592], [24.75896, 35.04149], [24.74285, 35.07722], [24.71811, 35.09398], [24.61899, 35.09741], [24.59474, 35.10152], [24.58025, 35.1092], [24.56463, 35.10616], [24.5324, 35.13646], [24.50074, 35.15241], [24.48121, 35.15591], [24.46412, 35.15014], [24.40383, 35.17504], [24.40211, 35.19111], [24.2929, 35.18232], [24.21779, 35.19112], [24.20395, 35.20539], [24.1827, 35.19794], [24.11134, 35.19796], [24.08465, 35.20453], [24.08057, 35.19454], [24.04982, 35.19112], [24.03143, 35.19771], [24.00327, 35.22671], [23.98764, 35.2333], [23.90162, 35.23122], [23.8602, 35.23632], [23.82667, 35.25259], [23.81226, 35.24479], [23.79949, 35.24632], [23.78207, 35.2347], [23.71168, 35.23672], [23.68336, 35.22583], [23.66912, 35.23729], [23.61027, 35.23498], [23.58718, 35.2395], [23.58033, 35.26], [23.553, 35.26684], [23.53102, 35.28848], [23.51826, 35.29414], [23.52564, 35.30097], [23.5193, 35.30174], [23.51824, 35.30754], [23.54615, 35.31525], [23.54819, 35.32148], [23.55299, 35.32148], [23.54185, 35.33637], [23.54615, 35.35619], [23.5386, 35.37409], [23.5735, 35.43476], [23.55984, 35.45182], [23.57765, 35.49291], [23.57846, 35.50056], [23.5661, 35.50703], [23.5726, 35.52045], [23.56611, 35.52749], [23.58123, 35.55268], [23.58448, 35.56452], [23.58035, 35.57591]]], [[[25.24609, 35.44973], [25.23667, 35.42745], [25.21583, 35.43692], [25.20867, 35.43347], [25.18687, 35.44128], [25.18647, 35.44779], [25.22258, 35.46372], [25.24609, 35.44973]]], [[[25.41672, 36.58325], [25.42114, 36.60535], [25.42955, 36.62021], [25.4533, 36.64461], [25.47045, 36.65266], [25.47787, 36.65178], [25.48597, 36.64625], [25.49669, 36.62727], [25.50288, 36.591], [25.5015, 36.55588], [25.4889, 36.52036], [25.47389, 36.50522], [25.45084, 36.50198], [25.43558, 36.50362], [25.42688, 36.50861], [25.4172, 36.54236], [25.41672, 36.58325]]], [[[26.49747, 36.61991], [26.51352, 36.67709], [26.57718, 36.6956], [26.59704, 36.69717], [26.60137, 36.69386], [26.60008, 36.67125], [26.58655, 36.64242], [26.56684, 36.61337], [26.54287, 36.58772], [26.51208, 36.58388], [26.4969, 36.58873], [26.49747, 36.61991]]], [[[25.43279, 36.81691], [25.42458, 36.81637], [25.41183, 36.82097], [25.39888, 36.82922], [25.36387, 36.86689], [25.34883, 36.89356], [25.34633, 36.91049], [25.35769, 36.92225], [25.39978, 36.94782], [25.44579, 36.90391], [25.46033, 36.88561], [25.46368, 36.86983], [25.45365, 36.83881], [25.44054, 36.82151], [25.43279, 36.81691]]], [[[26.27239, 36.98725], [26.30203, 36.98485], [26.33556, 36.97374], [26.33836, 36.96841], [26.33521, 36.9589], [26.32723, 36.94881], [26.30152, 36.92821], [26.2304, 36.88733], [26.1333, 36.84583], [26.09773, 36.83657], [26.07923, 36.84355], [26.06483, 36.85922], [26.06531, 36.86773], [26.08618, 36.88038], [26.17431, 36.91084], [26.21838, 36.96173], [26.24963, 36.98468], [26.27239, 36.98725]]], [[[26.97608, 36.92594], [26.95192, 36.93163], [26.94508, 36.92595], [26.92986, 36.94278], [26.92115, 36.94709], [26.91165, 36.9458], [26.93141, 36.96686], [26.92539, 36.9819], [26.95387, 37.0279], [26.94361, 37.04072], [26.92457, 37.03516], [26.91739, 37.04146], [26.90349, 37.06249], [26.8856, 37.07559], [26.88982, 37.08978], [26.90441, 37.07636], [26.986, 37.04881], [26.98599, 37.04198], [26.97291, 37.04198], [26.98219, 37.02875], [27.00586, 37.01618], [27.00709, 37.00043], [27.02394, 37.01267], [27.04126, 37.00787], [27.04427, 36.99624], [27.03688, 36.97846], [27.04126, 36.96685], [27.03386, 36.95262], [27.04127, 36.95262], [27.04127, 36.95942], [27.04752, 36.95941], [27.04037, 36.94506], [26.99342, 36.95262], [26.9834, 36.92952], [26.97608, 36.92594]]], [[[24.64633, 36.95931], [24.63064, 36.95128], [24.6103, 36.94769], [24.55914, 36.95195], [24.47713, 36.97483], [24.43475, 36.99224], [24.42861, 37.00328], [24.4281, 37.0218], [24.43586, 37.0468], [24.4509, 37.05368], [24.47767, 37.05333], [24.54614, 37.03913], [24.58555, 37.11064], [24.60523, 37.13217], [24.61619, 37.13716], [24.64299, 37.13565], [24.67676, 37.12344], [24.70633, 37.10484], [24.71597, 37.09455], [24.72026, 37.08431], [24.71361, 37.04898], [24.69225, 37.00858], [24.66239, 36.97248], [24.64633, 36.95931]]], [[[26.83758, 37.11213], [26.85231, 37.12458], [26.84303, 37.12515], [26.82976, 37.11872], [26.81724, 37.11987], [26.81041, 37.12938], [26.8169, 37.14655], [26.7951, 37.15547], [26.77623, 37.16967], [26.77273, 37.18268], [26.78445, 37.19146], [26.79802, 37.19058], [26.80032, 37.19928], [26.80828, 37.20025], [26.84977, 37.18731], [26.85286, 37.18179], [26.84409, 37.16201], [26.86426, 37.1533], [26.87184, 37.1341], [26.88688, 37.1166], [26.88688, 37.1057], [26.8755, 37.1037], [26.86988, 37.09806], [26.84995, 37.09846], [26.83759, 37.10473], [26.83758, 37.11213]]], [[[25.44339, 37.15514], [25.43954, 37.16835], [25.4417, 37.20094], [25.46474, 37.28281], [25.54349, 37.3055], [25.57404, 37.30762], [25.58574, 37.30362], [25.62025, 37.27378], [25.63714, 37.25359], [25.66614, 37.20899], [25.68336, 37.16693], [25.68554, 37.14986], [25.68222, 37.13704], [25.66178, 37.10797], [25.62973, 37.08093], [25.59425, 37.06385], [25.57777, 37.06153], [25.55999, 37.06436], [25.52019, 37.08273], [25.46515, 37.12692], [25.44339, 37.15514]]], [[[25.33783, 37.1753], [25.30691, 37.15509], [25.26756, 37.1447], [25.24628, 37.14767], [25.21168, 37.16916], [25.17567, 37.20511], [25.16714, 37.22839], [25.16099, 37.27151], [25.24728, 37.28823], [25.28125, 37.28914], [25.29459, 37.28526], [25.30578, 37.27772], [25.32505, 37.25301], [25.33831, 37.22225], [25.34333, 37.19365], [25.33783, 37.1753]]], [[[24.8078, 37.23532], [24.80596, 37.2066], [24.79931, 37.1937], [24.78955, 37.19057], [24.77962, 37.19595], [24.75991, 37.21449], [24.71747, 37.26772], [24.76281, 37.25997], [24.80094, 37.2431], [24.8078, 37.23532]]], [[[24.63969, 37.42452], [24.62961, 37.40059], [24.61962, 37.39012], [24.60664, 37.38708], [24.57918, 37.38904], [24.56456, 37.39419], [24.55785, 37.40677], [24.55787, 37.42894], [24.56751, 37.4843], [24.63351, 37.45182], [24.6404, 37.43994], [24.63969, 37.42452]]], [[[26.43189, 37.50237], [26.41929, 37.48739], [26.39686, 37.44538], [26.38187, 37.43229], [26.35251, 37.4313], [26.2958, 37.44355], [26.32834, 37.55522], [26.34777, 37.58305], [26.39506, 37.61316], [26.45677, 37.64421], [26.52075, 37.66793], [26.5502, 37.67425], [26.57628, 37.67549], [26.58564, 37.67092], [26.59126, 37.66017], [26.5934, 37.62745], [26.58667, 37.59169], [26.57517, 37.56655], [26.54815, 37.54801], [26.46483, 37.51764], [26.43189, 37.50237]]], [[[25.54119, 37.60536], [25.56245, 37.59808], [25.57925, 37.5896], [25.58169, 37.58543], [25.57787, 37.58108], [25.55758, 37.57247], [25.43872, 37.53783], [25.40059, 37.53107], [25.38448, 37.53185], [25.37175, 37.53655], [25.3655, 37.5444], [25.36689, 37.56799], [25.396, 37.63464], [25.54119, 37.60536]]], [[[25.05207, 37.6724], [25.05876, 37.64866], [25.05804, 37.6189], [25.05237, 37.58931], [25.04397, 37.56594], [25.0252, 37.54583], [25.00606, 37.53384], [24.98652, 37.52792], [24.96966, 37.53234], [24.94848, 37.55672], [24.93919, 37.57674], [24.93541, 37.59338], [24.94436, 37.62477], [24.97294, 37.67902], [25.02837, 37.67998], [25.04698, 37.67658], [25.05207, 37.6724]]], [[[24.2781, 37.62287], [24.28933, 37.64532], [24.3055, 37.66067], [24.32065, 37.65835], [24.32789, 37.66498], [24.33383, 37.67259], [24.32066, 37.67259], [24.32066, 37.67885], [24.33042, 37.68398], [24.34773, 37.68493], [24.36109, 37.67886], [24.36166, 37.68503], [24.37476, 37.68625], [24.4025, 37.65575], [24.39559, 37.62446], [24.31299, 37.53824], [24.29347, 37.52571], [24.27541, 37.53169], [24.2781, 37.62287]]], [[[24.624, 37.62038], [24.61357, 37.60206], [24.59328, 37.58307], [24.55646, 37.56206], [24.53991, 37.5598], [24.52684, 37.57635], [24.52143, 37.60445], [24.53681, 37.63404], [24.57485, 37.68384], [24.61347, 37.64416], [24.6236, 37.62759], [24.624, 37.62038]]], [[[23.95971, 37.65139], [23.95971, 37.64282], [23.9411, 37.64217], [23.93557, 37.6459], [23.93866, 37.65708], [23.95337, 37.6568], [23.95971, 37.65139]]], [[[24.12659, 37.74319], [24.14315, 37.7527], [24.15112, 37.73408], [24.1486, 37.72265], [24.1431, 37.71859], [24.10516, 37.64527], [24.09988, 37.65941], [24.12659, 37.74319]]], [[[26.84205, 37.80914], [26.88185, 37.78539], [26.91693, 37.77768], [26.96607, 37.74775], [26.9699, 37.75877], [26.94511, 37.78871], [26.97364, 37.78449], [26.99341, 37.79611], [26.99399, 37.784], [27.02101, 37.77717], [27.06784, 37.77439], [27.03386, 37.76138], [27.03224, 37.75316], [27.04754, 37.72724], [27.05877, 37.73378], [27.06526, 37.72907], [27.0612, 37.70674], [27.03696, 37.71288], [27.00172, 37.70677], [26.91, 37.67805], [26.86931, 37.64469], [26.79712, 37.64474], [26.78746, 37.64721], [26.76092, 37.68968], [26.75099, 37.69668], [26.72731, 37.70157], [26.71648, 37.71137], [26.69939, 37.71247], [26.65162, 37.70304], [26.66385, 37.78619], [26.66011, 37.79317], [26.77152, 37.81406], [26.80669, 37.81448], [26.84205, 37.80914]]], [[[25.37518, 37.75362], [25.37856, 37.74724], [25.37404, 37.72902], [25.35996, 37.70874], [25.33497, 37.68772], [25.29839, 37.68213], [25.24385, 37.68864], [25.19795, 37.71521], [25.13916, 37.76271], [25.11124, 37.79542], [25.104, 37.81025], [25.10527, 37.81553], [25.11205, 37.81967], [25.13642, 37.82484], [25.1785, 37.826], [25.2607, 37.80645], [25.31469, 37.78773], [25.3597, 37.7655], [25.37518, 37.75362]]], [[[24.48785, 37.83246], [24.52096, 37.90862], [24.59186, 37.90796], [24.60523, 37.90032], [24.60812, 37.89006], [24.60666, 37.86346], [24.59858, 37.83418], [24.58698, 37.80854], [24.57317, 37.78965], [24.55066, 37.76766], [24.52296, 37.74755], [24.49554, 37.73671], [24.48362, 37.73709], [24.47576, 37.74188], [24.47178, 37.75046], [24.47242, 37.77487], [24.48785, 37.83246]]], [[[24.71602, 37.87928], [24.71218, 37.88435], [24.71803, 37.89859], [24.68387, 37.93268], [24.69565, 37.93553], [24.69019, 37.9565], [24.70192, 37.97263], [24.75701, 37.99656], [24.77879, 38.00018], [24.7937, 37.99408], [24.79469, 37.97712], [24.8208, 37.97035], [24.83007, 37.96307], [24.83745, 37.92582], [24.83482, 37.91065], [24.79982, 37.8168], [24.7942, 37.84382], [24.73854, 37.89175], [24.7317, 37.89175], [24.72461, 37.88191], [24.71602, 37.87928]]], [[[25.0311, 38.14949], [25.10497, 38.08736], [25.1313, 38.05921], [25.13902, 38.04542], [25.13783, 38.02359], [25.09944, 37.92857], [25.08936, 37.87379], [25.07881, 37.84177], [25.07026, 37.83184], [25.05851, 37.82801], [25.04356, 37.83096], [25.03061, 37.84007], [25.00993, 37.87031], [24.98321, 37.93501], [24.95247, 37.9903], [24.93275, 38.03543], [24.91982, 38.08464], [24.91643, 38.1139], [24.9214, 38.14027], [24.92863, 38.15063], [24.93785, 38.15634], [24.96324, 38.15912], [25.0311, 38.14949]]], [[[24.25437, 38.01993], [24.2634, 38.01862], [24.27544, 38.00934], [24.28296, 37.9984], [24.27783, 37.9851], [24.26498, 37.97847], [24.25416, 37.98163], [24.2396, 37.97774], [24.2287, 37.98282], [24.22789, 37.98835], [24.24286, 38.01296], [24.25437, 38.01993]]], [[[26.70972, 38.54054], [26.72241, 38.53273], [26.72998, 38.52086], [26.73121, 38.49486], [26.74544, 38.4833], [26.74756, 38.47586], [26.74381, 38.46374], [26.73162, 38.45837], [26.72169, 38.46926], [26.69826, 38.47713], [26.69289, 38.48286], [26.69355, 38.51243], [26.70006, 38.54226], [26.70972, 38.54054]]], [[[25.3636, 38.96731], [25.36592, 38.95141], [25.36274, 38.94387], [25.32828, 38.91895], [25.28488, 38.90278], [25.27479, 38.902], [25.26171, 38.91115], [25.24627, 38.94923], [25.23659, 38.96313], [25.19758, 38.9822], [25.11906, 39.01076], [25.14789, 39.07671], [25.16394, 39.0993], [25.1742, 39.10595], [25.18511, 39.10822], [25.20993, 39.10299], [25.24602, 39.08262], [25.31234, 39.03227], [25.34423, 39.00047], [25.3636, 38.96731]]], [[[26.5193, 39.03628], [26.52662, 39.04247], [26.51612, 39.05264], [26.52662, 39.08344], [26.51516, 39.09102], [26.50587, 39.1092], [26.48927, 39.11367], [26.45493, 39.1114], [26.43702, 39.1035], [26.45297, 39.08641], [26.49194, 39.06293], [26.52882, 39.02106], [26.54713, 39.00898], [26.54687, 38.98777], [26.48927, 38.97257], [26.42392, 38.96738], [26.33937, 38.98287], [26.27638, 39.01065], [26.22038, 39.02016], [26.2718, 39.0635], [26.30618, 39.08555], [26.51349, 39.17899], [26.5397, 39.16596], [26.52662, 39.15913], [26.53077, 39.15062], [26.54712, 39.13532], [26.55055, 39.11921], [26.56762, 39.11814], [26.56625, 39.09797], [26.57944, 39.07534], [26.6123, 39.04926], [26.61002, 39.02294], [26.59742, 39.01196], [26.56764, 39.02196], [26.55144, 39.01504], [26.5394, 39.01935], [26.5193, 39.03628]]], [[[23.97328, 39.25342], [23.97749, 39.26037], [23.99135, 39.26077], [24.1572, 39.21512], [24.23803, 39.17432], [24.25121, 39.16051], [24.25077, 39.15213], [24.2397, 39.13179], [24.21921, 39.11326], [24.19437, 39.10417], [24.18193, 39.10546], [24.11794, 39.13198], [24.04963, 39.17155], [23.99633, 39.2151], [23.98028, 39.2355], [23.97328, 39.25342]]], [[[24.09399, 39.33003], [24.08187, 39.30476], [24.06316, 39.29704], [24.05373, 39.30525], [24.05942, 39.31444], [24.04153, 39.33051], [24.05844, 39.36108], [24.06714, 39.36301], [24.06984, 39.34569], [24.08131, 39.35235], [24.09472, 39.34552], [24.09399, 39.33003]]], [[[26.0817, 39.8], [26.07495, 39.78491], [26.0591, 39.78609], [25.98387, 39.82196], [25.97805, 39.83417], [25.9863, 39.84228], [26.04005, 39.84503], [26.05551, 39.84271], [26.06056, 39.83759], [26.07715, 39.84466], [26.08301, 39.83474], [26.0817, 39.8]]], [[[25.21388, 39.89179], [25.2249, 39.88556], [25.20882, 39.88333], [25.20004, 39.89283], [25.21388, 39.89179]]], [[[25.40162, 39.96377], [25.38559, 39.9444], [25.38891, 39.91951], [25.36411, 39.91722], [25.34799, 39.90644], [25.36846, 39.89899], [25.34164, 39.88386], [25.34034, 39.87421], [25.35546, 39.86554], [25.34278, 39.85464], [25.36987, 39.81713], [25.35548, 39.81025], [25.34896, 39.78768], [25.29473, 39.81194], [25.29029, 39.83076], [25.27313, 39.83569], [25.2566, 39.8559], [25.23881, 39.85806], [25.26173, 39.87043], [25.2798, 39.88911], [25.27516, 39.90363], [25.26401, 39.91328], [25.23878, 39.9195], [25.19879, 39.89417], [25.14077, 39.97654], [25.12711, 40.00787], [25.14234, 40.00677], [25.15626, 39.99527], [25.22511, 40.00885], [25.24732, 40.00242], [25.28712, 39.96109], [25.28517, 39.95336], [25.30698, 39.96003], [25.34799, 39.98159], [25.34816, 39.99049], [25.38209, 40.02252], [25.41285, 40.02253], [25.44984, 40.03617], [25.43678, 40.02253], [25.43678, 40.0163], [25.44271, 40.01504], [25.44986, 39.98843], [25.40162, 39.96377]]], [[[25.9004, 40.12275], [25.85629, 40.10786], [25.76629, 40.09719], [25.72121, 40.10481], [25.70436, 40.1153], [25.66327, 40.12617], [25.6634, 40.13257], [25.68622, 40.16083], [25.71876, 40.187], [25.75905, 40.20672], [25.82691, 40.21662], [25.92568, 40.24279], [25.93824, 40.24163], [25.95786, 40.22309], [25.97184, 40.22113], [25.9673, 40.19326], [25.97184, 40.17276], [25.96306, 40.15713], [25.97291, 40.15322], [26.0122, 40.16656], [26.0122, 40.14607], [25.99003, 40.13685], [25.9004, 40.12275]]], [[[25.53257, 40.41503], [25.46633, 40.45576], [25.44355, 40.48187], [25.46168, 40.48159], [25.54637, 40.51525], [25.57611, 40.51466], [25.6565, 40.49615], [25.68864, 40.475], [25.6975, 40.461], [25.69068, 40.4477], [25.69531, 40.43269], [25.68262, 40.42309], [25.58943, 40.39822], [25.56715, 40.3999], [25.53257, 40.41503]]], [[[24.78011, 40.61222], [24.75571, 40.61994], [24.7442, 40.60838], [24.68181, 40.59496], [24.64227, 40.57064], [24.615, 40.59858], [24.60077, 40.59859], [24.60076, 40.61221], [24.58676, 40.62202], [24.55258, 40.63036], [24.53078, 40.63094], [24.51679, 40.63911], [24.51203, 40.66705], [24.51834, 40.69269], [24.53352, 40.71837], [24.56667, 40.75556], [24.64226, 40.80393], [24.67457, 40.79169], [24.73169, 40.78351], [24.74383, 40.75935], [24.77517, 40.74889], [24.78637, 40.73506], [24.76547, 40.73432], [24.75929, 40.72337], [24.76661, 40.71149], [24.78638, 40.70782], [24.78638, 40.68794], [24.7693, 40.68342], [24.7658, 40.66966], [24.78239, 40.62018], [24.78011, 40.61222]]], [[[37.25078, 20.83447], [37.26531, 20.85503], [37.27897, 20.84577], [37.28353, 20.83275], [37.2718, 20.7661], [37.2659, 20.7531], [37.25441, 20.74983], [37.24415, 20.77286], [37.24344, 20.80398], [37.25078, 20.83447]]], [[[36.65805, 22.25491], [36.63103, 22.25214], [36.63747, 22.27692], [36.64893, 22.28143], [36.65169, 22.27784], [36.6443, 22.27322], [36.66146, 22.2615], [36.65992, 22.24439], [36.65805, 22.25491]]], [[[36.20678, 22.65986], [36.20086, 22.65168], [36.18531, 22.67292], [36.17025, 22.6838], [36.19434, 22.68532], [36.20678, 22.65986]]], [[[36.04704, 22.72611], [36.04209, 22.72087], [36.03835, 22.73717], [36.05593, 22.76072], [36.06624, 22.76689], [36.0617, 22.7554], [36.06665, 22.72815], [36.0616, 22.72999], [36.05567, 22.74327], [36.04331, 22.73188], [36.04704, 22.72611]]], [[[36.21795, 22.7934], [36.214, 22.81356], [36.2238, 22.80259], [36.22185, 22.79267], [36.25014, 22.78949], [36.20655, 22.7843], [36.19682, 22.79091], [36.21795, 22.7934]]], [[[35.60882, 23.21145], [35.60076, 23.21621], [35.6193, 23.20207], [35.58969, 23.21105], [35.59042, 23.21629], [35.5822, 23.22663], [35.64031, 23.23225], [35.6482, 23.23667], [35.67685, 23.23037], [35.69615, 23.23674], [35.70409, 23.22098], [35.69907, 23.22386], [35.69793, 23.22045], [35.71834, 23.19863], [35.71923, 23.19183], [35.68809, 23.20963], [35.67384, 23.2248], [35.6635, 23.22606], [35.66082, 23.22099], [35.63648, 23.22789], [35.62517, 23.22634], [35.60882, 23.21145]]], [[[34.00286, 26.73185], [34.00358, 26.70822], [33.9896, 26.72029], [33.95509, 26.79003], [33.9757, 26.78982], [34.00286, 26.73185]]], [[[33.95097, 26.96508], [33.94886, 27.02373], [33.97935, 26.91534], [33.96188, 26.94174], [33.95097, 26.96508]]], [[[34.02848, 27.50201], [34.03842, 27.46662], [34.05127, 27.45482], [34.05127, 27.44865], [34.0311, 27.45149], [34.00709, 27.47606], [33.97633, 27.48724], [33.95631, 27.50438], [33.93358, 27.49483], [33.9245, 27.50142], [33.9136, 27.52371], [33.9258, 27.53432], [33.96412, 27.53412], [33.99391, 27.51431], [34.02848, 27.50201]]], [[[34.6618, 27.93022], [34.68178, 27.95869], [34.73164, 27.95715], [34.73194, 27.91886], [34.70469, 27.90838], [34.68105, 27.91518], [34.6618, 27.93022]]], [[[34.51809, 27.93042], [34.49636, 27.95515], [34.49781, 27.96874], [34.48953, 27.99604], [34.4944, 28.00177], [34.49635, 27.99604], [34.5049, 28.00991], [34.51734, 28.01654], [34.53483, 28.00824], [34.54418, 27.99605], [34.50685, 27.98623], [34.50318, 27.97557], [34.51189, 27.96748], [34.52882, 27.96589], [34.57487, 27.9721], [34.58522, 27.95506], [34.62044, 27.9278], [34.62044, 27.92037], [34.5475, 27.91965], [34.51809, 27.93042]]], [[[32.97511, 31.08649], [32.96974, 31.08657], [32.97706, 31.09125], [32.98308, 31.08991], [32.98925, 31.07344], [32.97511, 31.08649]]], [[[33.27233, 31.21671], [33.30111, 31.21588], [33.35255, 31.19489], [33.40601, 31.18446], [33.43295, 31.17206], [33.47584, 31.1418], [33.45436, 31.15469], [33.29868, 31.21279], [33.27233, 31.21671]]], [[[33.0669, 31.21743], [33.10475, 31.24029], [33.26245, 31.22361], [33.25611, 31.21932], [33.2435, 31.21932], [33.15309, 31.23176], [33.11899, 31.22363], [33.10255, 31.22675], [33.07643, 31.21874], [32.9559, 31.16315], [32.93476, 31.14796], [32.94647, 31.16327], [33.01483, 31.19671], [33.0669, 31.21743]]], [[[32.82838, 35.14859], [32.86524, 35.15697], [32.89259, 35.17503], [32.91472, 35.20083], [32.92937, 35.23298], [32.93605, 35.33661], [32.93214, 35.36628], [32.92044, 35.39776], [32.94434, 35.39451], [32.98536, 35.37458], [33.0698, 35.35872], [33.14033, 35.36213], [33.26218, 35.34938], [33.28061, 35.34247], [33.4275, 35.32892], [33.66033, 35.35932], [33.78351, 35.41671], [33.83465, 35.40998], [34.03562, 35.47138], [34.0763, 35.49431], [34.13119, 35.51135], [34.18166, 35.55417], [34.31967, 35.58617], [34.36182, 35.60844], [34.54407, 35.67832], [34.59249, 35.69195], [34.57887, 35.67837], [34.57275, 35.64355], [34.54233, 35.63727], [34.44142, 35.58364], [34.3523, 35.5207], [34.13771, 35.41511], [34.10906, 35.39427], [34.08546, 35.36986], [34.05868, 35.32398], [34.04379, 35.31526], [34.02004, 35.31437], [33.97136, 35.32128], [33.95167, 35.31151], [33.9236, 35.27855], [33.9074, 35.24291], [33.89991, 35.16445], [33.95362, 35.12262], [33.97869, 35.08747], [34.05086, 35.03319], [34.07342, 34.9881], [34.0991, 34.96516], [34.05965, 34.9666], [34.03476, 34.97242], [34.01157, 34.98762], [33.95729, 34.98192], [33.91017, 34.97016], [33.87452, 34.94124], [33.86232, 34.9379], [33.84743, 34.94246], [33.80421, 34.9726], [33.76043, 34.97968], [33.7173, 34.97777], [33.68035, 34.96629], [33.65406, 34.94473], [33.64666, 34.93195], [33.63478, 34.89765], [33.63257, 34.85249], [33.61695, 34.84528], [33.60563, 34.82177], [33.5442, 34.81501], [33.51319, 34.78548], [33.43864, 34.76278], [33.41521, 34.75846], [33.40016, 34.77338], [33.39895, 34.74519], [33.37086, 34.73087], [33.29656, 34.71817], [33.2601, 34.70052], [33.24562, 34.69824], [33.1736, 34.70515], [33.08644, 34.69481], [33.02589, 34.65131], [33.00994, 34.6249], [33.00912, 34.5974], [33.03027, 34.57477], [33.03027, 34.56856], [32.94094, 34.56856], [32.94467, 34.5937], [32.91587, 34.63939], [32.91358, 34.65668], [32.83432, 34.67097], [32.81284, 34.66865], [32.74891, 34.64982], [32.70737, 34.64543], [32.66608, 34.65212], [32.55665, 34.69937], [32.49334, 34.70727], [32.47585, 34.71321], [32.41932, 34.74786], [32.41336, 34.75349], [32.40235, 34.79645], [32.37916, 34.84907], [32.33781, 34.87627], [32.32351, 34.89824], [32.32278, 34.91136], [32.33139, 34.92422], [32.3122, 34.95027], [32.30592, 35.00141], [32.27623, 35.04757], [32.27178, 35.07304], [32.27517, 35.09105], [32.28663, 35.09714], [32.35336, 35.04792], [32.37232, 35.04149], [32.41383, 35.04304], [32.44996, 35.05882], [32.47967, 35.08295], [32.50196, 35.1092], [32.52761, 35.15704], [32.55397, 35.17803], [32.57472, 35.1706], [32.6194, 35.18487], [32.6504, 35.18805], [32.74557, 35.178], [32.77637, 35.17083], [32.82838, 35.14859]]], [[[27.19969, 35.69195], [27.1725, 35.60043], [27.10133, 35.61685], [27.0873, 35.62853], [27.08601, 35.63893], [27.09261, 35.6665], [27.11871, 35.73822], [27.10116, 35.79944], [27.10564, 35.82146], [27.17106, 35.95715], [27.19937, 36.03403], [27.21927, 36.06574], [27.23167, 36.07559], [27.2402, 36.0769], [27.24689, 36.0718], [27.25538, 36.04859], [27.25738, 35.99344], [27.24573, 35.95752], [27.20624, 35.86946], [27.19402, 35.83287], [27.1923, 35.80077], [27.19969, 35.69195]]], [[[29.76408, 36.13569], [29.73863, 36.12231], [29.75067, 36.13881], [29.76408, 36.13569]]], [[[29.57753, 36.12531], [29.55919, 36.12105], [29.5696, 36.1509], [29.57943, 36.1617], [29.59529, 36.16668], [29.59327, 36.15217], [29.60213, 36.14781], [29.60302, 36.14163], [29.58554, 36.13414], [29.57753, 36.12531]]], [[[29.50846, 36.15469], [29.49903, 36.1497], [29.48538, 36.1553], [29.49399, 36.16107], [29.50846, 36.15469]]], [[[28.22263, 36.45585], [28.23975, 36.43866], [28.23974, 36.43253], [28.22584, 36.41796], [28.23633, 36.37304], [28.21119, 36.35765], [28.20508, 36.32266], [28.17547, 36.29043], [28.16352, 36.23792], [28.14845, 36.22606], [28.13054, 36.18547], [28.10328, 36.18545], [28.09522, 36.16788], [28.08578, 36.16498], [28.0617, 36.11652], [28.09643, 36.10349], [28.08984, 36.08829], [28.07594, 36.07559], [28.08959, 36.05514], [28.03761, 36.06843], [28.01694, 36.069], [27.99342, 36.06196], [27.94842, 36.03901], [27.9323, 36.02534], [27.86353, 35.94099], [27.8274, 35.91377], [27.78045, 35.89005], [27.73269, 35.91511], [27.71226, 35.9527], [27.72535, 35.96719], [27.76002, 36.06196], [27.75709, 36.08438], [27.70884, 36.12711], [27.71225, 36.14448], [27.70289, 36.15046], [27.69094, 36.14949], [27.68427, 36.15814], [27.73952, 36.18544], [27.77198, 36.19782], [27.76744, 36.20596], [27.77605, 36.21162], [27.78056, 36.23282], [27.80325, 36.2702], [27.83741, 36.28099], [27.89968, 36.34015], [27.95924, 36.35676], [28.11842, 36.42767], [28.18393, 36.42446], [28.21389, 36.45546], [28.22263, 36.45585]]], [[[29.91194, 36.19948], [29.88461, 36.17309], [29.84279, 36.16715], [29.83969, 36.17056], [29.91194, 36.19948]]], [[[27.55055, 36.21589], [27.53151, 36.21175], [27.5189, 36.21687], [27.51744, 36.2309], [27.52655, 36.24005], [27.56536, 36.24492], [27.61646, 36.24261], [27.61865, 36.2281], [27.61011, 36.21651], [27.58286, 36.21256], [27.55055, 36.21589]]], [[[27.70224, 36.26606], [27.68411, 36.2644], [27.70046, 36.28367], [27.71152, 36.28574], [27.71826, 36.28245], [27.71931, 36.26727], [27.70476, 36.24715], [27.69566, 36.25381], [27.70224, 36.26606]]], [[[27.3628, 36.42499], [27.34962, 36.43122], [27.33815, 36.42841], [27.32285, 36.41276], [27.33537, 36.46911], [27.3558, 36.47963], [27.36849, 36.47239], [27.38168, 36.44416], [27.3968, 36.43866], [27.38746, 36.42084], [27.39959, 36.41014], [27.42067, 36.40864], [27.43848, 36.41814], [27.44466, 36.40453], [27.43872, 36.39448], [27.41586, 36.38033], [27.37794, 36.38204], [27.36477, 36.39338], [27.35745, 36.41022], [27.3628, 36.42499]]], [[[27.87321, 36.60545], [27.87062, 36.57779], [27.8767, 36.5616], [27.86305, 36.55536], [27.87208, 36.55036], [27.8767, 36.54109], [27.8545, 36.53051], [27.82831, 36.52803], [27.82831, 36.53424], [27.84938, 36.54792], [27.7925, 36.56697], [27.80787, 36.57587], [27.76004, 36.57588], [27.78696, 36.60627], [27.78786, 36.61684], [27.80152, 36.62424], [27.80152, 36.61685], [27.81814, 36.63401], [27.84174, 36.64462], [27.861, 36.6467], [27.86303, 36.63788], [27.82228, 36.62376], [27.81528, 36.61001], [27.8286, 36.61298], [27.8357, 36.60252], [27.86987, 36.62425], [27.8767, 36.61685], [27.86305, 36.60252], [27.87321, 36.60545]]], [[[27.16676, 36.61505], [27.1858, 36.61566], [27.20172, 36.59464], [27.20605, 36.5871], [27.20441, 36.58326], [27.19246, 36.59608], [27.14411, 36.60357], [27.16676, 36.61505]]], [[[28.93839, 36.67605], [28.91537, 36.65552], [28.90854, 36.6671], [28.91148, 36.68068], [28.9157, 36.68288], [28.93839, 36.67605]]], [[[27.45572, 36.94911], [27.5101, 36.96135], [27.53274, 36.96355], [27.54317, 36.95736], [27.5473, 36.94293], [27.54293, 36.9197], [27.52674, 36.90531], [27.49202, 36.88419], [27.42919, 36.85379], [27.39177, 36.84104], [27.3723, 36.84322], [27.34175, 36.85696], [27.3231, 36.84863], [27.2919, 36.84154], [27.27731, 36.80941], [27.26267, 36.79834], [27.24682, 36.80231], [27.22992, 36.82745], [27.2142, 36.82388], [27.19077, 36.81232], [27.12989, 36.76082], [27.10906, 36.7583], [27.08318, 36.76123], [27.04754, 36.77509], [26.99204, 36.75361], [26.97576, 36.74079], [26.986, 36.71988], [26.97169, 36.71625], [26.96567, 36.70555], [26.97289, 36.67891], [26.95998, 36.68098], [26.91948, 36.71308], [26.92034, 36.75136], [26.92629, 36.7656], [26.93767, 36.76081], [26.95875, 36.7813], [26.98601, 36.76765], [27.0075, 36.78783], [27.02077, 36.80857], [27.06122, 36.83933], [27.16424, 36.89117], [27.28093, 36.90789], [27.29152, 36.89183], [27.29585, 36.89096], [27.39641, 36.93039], [27.45572, 36.94911]]], [[[27.16179, 36.93716], [27.17511, 36.92252], [27.13267, 36.92508], [27.10899, 36.94872], [27.10867, 36.95372], [27.13421, 36.95864], [27.14438, 36.95376], [27.15195, 36.95888], [27.16293, 36.95697], [27.16748, 36.94859], [27.16179, 36.93716]]], [[[27.4743, 36.95882], [27.44582, 36.97], [27.44231, 36.97936], [27.42353, 36.99177], [27.43092, 36.99676], [27.49064, 36.97284], [27.49023, 36.96602], [27.4743, 36.95882]]], [[[27.08448, 37.06401], [27.1019, 37.06075], [27.1092, 37.05784], [27.10637, 37.05391], [27.08831, 37.05399], [27.07791, 37.05724], [27.08448, 37.06401]]], [[[27.08238, 37.27811], [27.08214, 37.29234], [27.08766, 37.30202], [27.10334, 37.2995], [27.09221, 37.28766], [27.10579, 37.27867], [27.09287, 37.27213], [27.08238, 37.27811]]], [[[26.96461, 37.45409], [26.95834, 37.44393], [26.95005, 37.44718], [26.94296, 37.46263], [26.92695, 37.47419], [26.98617, 37.47332], [27.00765, 37.45693], [27.00724, 37.45165], [26.98829, 37.45881], [26.97429, 37.44641], [26.96461, 37.45409]]], [[[27.16929, 37.56478], [27.15507, 37.5873], [27.14952, 37.59666], [27.15944, 37.59898], [27.16357, 37.59435], [27.15919, 37.58885], [27.18439, 37.55872], [27.1683, 37.57022], [27.16929, 37.56478]]], [[[27.63152, 40.45376], [27.59637, 40.45801], [27.58206, 40.46553], [27.57994, 40.47654], [27.60727, 40.50543], [27.64046, 40.49412], [27.6351, 40.46678], [27.6568, 40.45765], [27.65657, 40.44946], [27.64568, 40.44783], [27.63152, 40.45376]]], [[[28.54834, 40.55614], [28.54184, 40.55199], [28.53157, 40.51468], [28.51906, 40.51021], [28.51614, 40.51785], [28.52272, 40.54499], [28.51907, 40.56146], [28.54174, 40.56443], [28.54834, 40.55614]]], [[[27.53599, 40.602], [27.53891, 40.62336], [27.52639, 40.63911], [27.54591, 40.66033], [27.55151, 40.65769], [27.55454, 40.64692], [27.60555, 40.66328], [27.63135, 40.66347], [27.65756, 40.65314], [27.67335, 40.65643], [27.7024, 40.65301], [27.72778, 40.64264], [27.73266, 40.62519], [27.7142, 40.6147], [27.65756, 40.60541], [27.62451, 40.58309], [27.60475, 40.57682], [27.55207, 40.59095], [27.53599, 40.602]]], [[[29.11172, 40.86568], [29.12988, 40.8705], [29.11784, 40.8326], [29.10452, 40.83943], [29.11172, 40.86568]]]]}}]}