{"type": "FeatureCollection", "features": [{"type": "Feature", "properties": {"name": "송(남조)", "name_en": "Liu Song", "period": "420–479", "kind": "국가", "legend": "송(남조)", "map_title": "남북조 시대의 형세(5세기)", "source": "미래엔 세계사 교과서 1권 27쪽", "volume": 1, "page": 27, "coast_snap": "Natural Earth 10m 해안선에 맞춤", "border_snap": "현대 국경(Natural Earth 10m)에 맞춘 구간 약 608 km", "group": "송(남조)", "map_folder": "1권_p027_남북조 시대의 형세(5세기)"}, "geometry": {"type": "MultiPolygon", "coordinates": [[[[105.94035, 19.3773], [105.93506, 19.36055], [105.92905, 19.35909], [105.921, 19.36905], [105.92051, 19.37628], [105.93555, 19.38185], [105.94035, 19.3773]]], [[[107.47436, 20.73468], [107.46631, 20.72041], [107.45268, 20.71449], [107.47112, 20.73768], [107.47436, 20.73468]]], [[[107.14404, 20.76564], [107.14746, 20.76292], [107.14681, 20.74059], [107.13722, 20.73828], [107.12991, 20.74832], [107.14404, 20.76564]]], [[[107.49113, 20.76273], [107.48186, 20.75561], [107.47586, 20.76211], [107.49478, 20.77673], [107.49113, 20.76273]]], [[[107.139, 20.78588], [107.129, 20.76854], [107.11989, 20.78327], [107.11655, 20.80429], [107.1255, 20.80101], [107.129, 20.80507], [107.139, 20.78588]]], [[[107.40227, 20.79614], [107.41081, 20.806], [107.4209, 20.78364], [107.41196, 20.76851], [107.40391, 20.77794], [107.40227, 20.79614]]], [[[107.10765, 20.80046], [107.08033, 20.80785], [107.08033, 20.80044], [107.09398, 20.78743], [107.08221, 20.78937], [107.06609, 20.81411], [107.06284, 20.79829], [107.0735, 20.78742], [107.07349, 20.78059], [107.05047, 20.77595], [107.03191, 20.78742], [107.03688, 20.76626], [107.06738, 20.74973], [107.07348, 20.73217], [107.06609, 20.73217], [107.06609, 20.73896], [107.05982, 20.73896], [107.04616, 20.70429], [107.04615, 20.72598], [107.03191, 20.71851], [107.03191, 20.72598], [107.02565, 20.7185], [107.01825, 20.72598], [107.01824, 20.73216], [107.03932, 20.73216], [107.03932, 20.73896], [107.03191, 20.74641], [107.02564, 20.74641], [107.02564, 20.73896], [107.01824, 20.73896], [107.00514, 20.75324], [106.99781, 20.75324], [107.00494, 20.73229], [106.98513, 20.74528], [106.94996, 20.78742], [106.92108, 20.8046], [106.90994, 20.81855], [106.91285, 20.8369], [106.94313, 20.84886], [106.9481, 20.87026], [106.9573, 20.87672], [106.94996, 20.86933], [106.96363, 20.85611], [106.99447, 20.85174], [107.00514, 20.84203], [107.0114, 20.84203], [107.01247, 20.85878], [107.02272, 20.86224], [107.04614, 20.84886], [107.04298, 20.83137], [107.07097, 20.8203], [107.08715, 20.82152], [107.10765, 20.80046]]], [[[107.34215, 20.82844], [107.34109, 20.84259], [107.38119, 20.81891], [107.38355, 20.79931], [107.38022, 20.79757], [107.36891, 20.8072], [107.36085, 20.8059], [107.35028, 20.81095], [107.34215, 20.82844]]], [[[106.81494, 20.81428], [106.80705, 20.80798], [106.78672, 20.80733], [106.7658, 20.82498], [106.76148, 20.8417], [106.76612, 20.84605], [106.78753, 20.82396], [106.81494, 20.81428]]], [[[107.08645, 20.84344], [107.10189, 20.8565], [107.10222, 20.84532], [107.11263, 20.82702], [107.10671, 20.82747], [107.09767, 20.83804], [107.09018, 20.83572], [107.08645, 20.84344]]], [[[107.27199, 20.84185], [107.28517, 20.84654], [107.28257, 20.85044], [107.28988, 20.85467], [107.28989, 20.84776], [107.29939, 20.84406], [107.27337, 20.83166], [107.27988, 20.84158], [107.27199, 20.84185]]], [[[106.90039, 20.86432], [106.90275, 20.84748], [106.89706, 20.84776], [106.89796, 20.84065], [106.88152, 20.84715], [106.88137, 20.85293], [106.88803, 20.85314], [106.8891, 20.86513], [106.89316, 20.86339], [106.89179, 20.87309], [106.90039, 20.86432]]], [[[106.88159, 20.82151], [106.88647, 20.79613], [106.87354, 20.78955], [106.84751, 20.79732], [106.82252, 20.8535], [106.81959, 20.87678], [106.81267, 20.85932], [106.81958, 20.84204], [106.77068, 20.85859], [106.76564, 20.87678], [106.78542, 20.93081], [106.82456, 20.91519], [106.83595, 20.90241], [106.84505, 20.86729], [106.88159, 20.82151]]], [[[106.73707, 20.86327], [106.72552, 20.87478], [106.73292, 20.88178], [106.75327, 20.87128], [106.76596, 20.84776], [106.75384, 20.85086], [106.74903, 20.86233], [106.73707, 20.86327]]], [[[107.21004, 20.86515], [107.18883, 20.87971], [107.19549, 20.88405], [107.21004, 20.87571], [107.21004, 20.86515]]], [[[107.37452, 20.85933], [107.3611, 20.8597], [107.34352, 20.87735], [107.33546, 20.87694], [107.33253, 20.88329], [107.3392, 20.89035], [107.35133, 20.88593], [107.36598, 20.88841], [107.39233, 20.88468], [107.39518, 20.87857], [107.38786, 20.86498], [107.37452, 20.85933]]], [[[107.3143, 20.88951], [107.32438, 20.87033], [107.30864, 20.88412], [107.29575, 20.90671], [107.3143, 20.88951]]], [[[107.55936, 20.95849], [107.54517, 20.91914], [107.49781, 20.85318], [107.48462, 20.82173], [107.47722, 20.81453], [107.4639, 20.81413], [107.48024, 20.84951], [107.48194, 20.86538], [107.47072, 20.87678], [107.47072, 20.88299], [107.50563, 20.8874], [107.51612, 20.89566], [107.54957, 20.95612], [107.55323, 20.97234], [107.55936, 20.95849]]], [[[107.31527, 20.91135], [107.32309, 20.89208], [107.32634, 20.88084], [107.31479, 20.89252], [107.30974, 20.90522], [107.31527, 20.91135]]], [[[106.97724, 20.93138], [106.99723, 20.93692], [106.99237, 20.91781], [106.98204, 20.92293], [106.97724, 20.93138]]], [[[107.44809, 20.96412], [107.45426, 20.96002], [107.44475, 20.94131], [107.42042, 20.91743], [107.38185, 20.9031], [107.35328, 20.90144], [107.35078, 20.90472], [107.4061, 20.91812], [107.4197, 20.93072], [107.42583, 20.94577], [107.44809, 20.96412]]], [[[106.95507, 20.93925], [106.94866, 20.93193], [106.93222, 20.93903], [106.93686, 20.95205], [106.95507, 20.93925]]], [[[107.34791, 20.93431], [107.35149, 20.94001], [107.36451, 20.94306], [107.37632, 20.95562], [107.38079, 20.9527], [107.38768, 20.96091], [107.3903, 20.95937], [107.38688, 20.94754], [107.36678, 20.92932], [107.35474, 20.9248], [107.32659, 20.92911], [107.31805, 20.9344], [107.31611, 20.93992], [107.33522, 20.94311], [107.34791, 20.93431]]], [[[107.03428, 20.94779], [107.01938, 20.95421], [107.03126, 20.97435], [107.05119, 20.97658], [107.06218, 20.95812], [107.03428, 20.94779]]], [[[107.49171, 20.96491], [107.48904, 20.97606], [107.4924, 20.99125], [107.50474, 21.02015], [107.51979, 21.01337], [107.53272, 21.04058], [107.53272, 21.02017], [107.55205, 21.03812], [107.55835, 21.03473], [107.52882, 20.95091], [107.51172, 20.92399], [107.48163, 20.91258], [107.39503, 20.89728], [107.39503, 20.90351], [107.45118, 20.93], [107.49171, 20.96491]]], [[[106.68564, 20.97419], [106.68687, 20.98187], [106.69276, 20.98514], [106.70989, 20.97285], [106.72698, 20.96865], [106.73308, 20.9724], [106.72829, 20.98721], [106.73905, 20.99613], [106.74447, 20.99513], [106.76278, 20.97907], [106.76383, 20.97268], [106.7575, 20.97297], [106.76376, 20.96894], [106.76466, 20.9527], [106.76008, 20.94701], [106.70232, 20.95494], [106.69329, 20.96068], [106.68564, 20.97419]]], [[[107.57959, 20.98315], [107.55944, 20.98603], [107.57008, 20.98994], [107.5669, 21.01675], [107.57008, 21.02668], [107.58416, 21.0397], [107.59425, 21.08906], [107.62827, 21.12017], [107.63208, 21.11884], [107.63184, 21.11197], [107.59596, 21.03913], [107.57959, 20.98315]]], [[[107.53473, 21.0521], [107.49694, 21.03905], [107.5302, 21.0707], [107.535, 21.06611], [107.53777, 21.06855], [107.53022, 21.081], [107.55316, 21.11375], [107.56731, 21.11193], [107.58178, 21.11758], [107.58112, 21.10226], [107.5727, 21.08417], [107.56243, 21.0795], [107.5616, 21.07307], [107.5359, 21.05691], [107.53473, 21.0521]]], [[[107.56593, 21.11685], [107.55919, 21.1229], [107.56707, 21.13494], [107.58349, 21.13746], [107.58168, 21.12927], [107.56593, 21.11685]]], [[[107.6062, 21.21743], [107.59048, 21.1932], [107.55738, 21.17178], [107.54712, 21.15674], [107.52418, 21.15998], [107.47071, 21.0959], [107.42286, 21.07477], [107.38868, 21.04753], [107.3729, 21.05956], [107.37965, 21.08194], [107.40252, 21.12661], [107.41832, 21.19667], [107.42507, 21.19675], [107.43531, 21.18928], [107.44103, 21.20311], [107.45021, 21.20515], [107.4458, 21.21228], [107.44652, 21.25287], [107.45533, 21.2757], [107.47136, 21.27447], [107.50473, 21.23924], [107.52319, 21.23085], [107.52662, 21.20799], [107.53272, 21.19892], [107.6062, 21.21743]]], [[[107.66971, 21.19726], [107.67928, 21.21077], [107.66389, 21.14542], [107.6583, 21.13945], [107.66971, 21.19726]]], [[[107.61524, 21.23299], [107.59948, 21.23778], [107.63802, 21.2586], [107.63851, 21.24918], [107.61524, 21.23299]]], [[[107.58777, 21.26168], [107.56105, 21.2522], [107.55535, 21.25735], [107.54209, 21.25904], [107.54412, 21.26561], [107.55746, 21.2722], [107.57254, 21.27316], [107.58777, 21.26168]]], [[[107.52525, 21.27473], [107.53313, 21.28539], [107.55705, 21.28154], [107.55388, 21.27554], [107.53241, 21.26399], [107.52525, 21.27473]]], [[[107.66025, 21.26685], [107.67645, 21.28749], [107.70052, 21.29673], [107.69987, 21.29178], [107.66025, 21.26685]]], [[[108.6667, 19.32501], [108.67726, 19.32758], [108.67726, 19.33438], [108.66929, 19.34374], [108.68344, 19.36542], [108.68654, 19.37787], [108.72918, 19.378], [108.76295, 19.38898], [108.7903, 19.42315], [108.82749, 19.44423], [108.8698, 19.45791], [108.90334, 19.49335], [108.92449, 19.50624], [108.93735, 19.49201], [108.94484, 19.49201], [108.94078, 19.5141], [108.95656, 19.53461], [108.99269, 19.56778], [109.00848, 19.59707], [109.07887, 19.61274], [109.11842, 19.63117], [109.13356, 19.64337], [109.15651, 19.64964], [109.19207, 19.67845], [109.20582, 19.69843], [109.20494, 19.71857], [109.2112, 19.72479], [109.21852, 19.72297], [109.25919, 19.7316], [109.27272, 19.7294], [109.30047, 19.71113], [109.30738, 19.71113], [109.27468, 19.75722], [109.2942, 19.75951], [109.2942, 19.76569], [109.28679, 19.76569], [109.28681, 19.77317], [109.30047, 19.77684], [109.30738, 19.78685], [109.2732, 19.79365], [109.26099, 19.77872], [109.23583, 19.7625], [109.19752, 19.74584], [109.17017, 19.72481], [109.16335, 19.72481], [109.16725, 19.74274], [109.16335, 19.79027], [109.16685, 19.80548], [109.19752, 19.82783], [109.21141, 19.84846], [109.24871, 19.86884], [109.25515, 19.89833], [109.28004, 19.9029], [109.30372, 19.92169], [109.31136, 19.91949], [109.31422, 19.89985], [109.3213, 19.89204], [109.36882, 19.8893], [109.41261, 19.8614], [109.44361, 19.87298], [109.45532, 19.86493], [109.46502, 19.83405], [109.47242, 19.83405], [109.47971, 19.84427], [109.52703, 19.86197], [109.53297, 19.85261], [109.56178, 19.85741], [109.58172, 19.8557], [109.58172, 19.86197], [109.52931, 19.87547], [109.5202, 19.88248], [109.51565, 19.90521], [109.5254, 19.91184], [109.55445, 19.91035], [109.55746, 19.9173], [109.54461, 19.93334], [109.53736, 19.92447], [109.53094, 19.93013], [109.5259, 19.94038], [109.52704, 19.95135], [109.5959, 19.99321], [109.6261, 19.99795], [109.64259, 19.99234], [109.65212, 20.00217], [109.66814, 20.0069], [109.7046, 20.00658], [109.719, 20.01064], [109.72559, 20.00657], [109.72835, 19.99787], [109.7199, 19.9853], [109.7256, 19.97183], [109.71811, 19.95751], [109.7256, 19.95751], [109.73756, 19.97808], [109.76368, 19.97434], [109.80763, 19.95136], [109.81593, 19.99118], [109.82796, 19.98484], [109.83512, 19.97333], [109.83855, 19.95819], [109.83546, 19.93085], [109.87037, 19.95335], [109.88038, 19.9676], [109.88332, 19.98484], [109.91481, 19.99021], [109.92661, 19.98432], [109.93458, 19.99232], [109.94263, 19.9909], [109.94467, 19.97866], [109.97241, 19.94818], [109.97558, 19.93229], [109.95151, 19.93085], [109.95997, 19.91779], [109.97381, 19.90892], [109.99008, 19.90595], [110.0062, 19.91035], [110.0062, 19.91657], [109.99222, 19.92536], [110.01466, 19.94086], [110.01369, 19.9575], [110.06821, 19.97866], [110.10255, 19.97394], [110.10987, 19.96499], [110.12273, 19.97431], [110.13689, 19.99673], [110.14959, 20.00658], [110.11549, 19.98485], [110.06823, 19.98485], [110.11492, 20.00194], [110.12973, 20.01276], [110.157, 20.06736], [110.261, 20.03315], [110.28053, 20.03327], [110.29518, 20.03937], [110.32496, 20.06121], [110.34493, 20.05794], [110.35889, 20.04978], [110.37672, 20.02643], [110.36818, 20.0078], [110.37517, 19.99677], [110.39723, 19.97866], [110.4109, 19.92341], [110.41774, 19.92341], [110.4109, 19.93769], [110.4109, 19.94392], [110.41774, 19.94392], [110.41774, 19.95136], [110.40943, 19.98005], [110.39064, 19.99307], [110.38299, 20.01276], [110.37502, 20.06362], [110.38299, 20.08103], [110.42457, 20.04751], [110.43116, 20.05059], [110.49594, 20.02351], [110.52759, 20.0202], [110.52759, 20.01276], [110.52076, 20.01276], [110.52076, 20.00658], [110.55055, 19.98847], [110.56414, 19.98452], [110.57545, 19.99915], [110.6058, 19.92316], [110.61988, 19.93236], [110.62322, 19.94074], [110.61786, 19.96393], [110.62322, 19.97183], [110.60915, 19.9899], [110.60092, 20.02106], [110.57082, 20.03067], [110.57203, 20.05752], [110.56624, 20.06975], [110.56936, 20.07977], [110.59312, 20.10732], [110.60418, 20.11081], [110.64015, 20.10834], [110.65203, 20.11701], [110.67791, 20.16354], [110.68514, 20.15311], [110.71095, 20.07518], [110.75277, 20.0475], [110.77467, 20.02021], [110.78834, 20.0104], [110.86988, 19.99702], [110.89015, 19.99917], [110.89609, 20.00456], [110.90431, 19.99917], [110.92066, 20.01201], [110.93457, 19.99506], [110.97705, 19.86587], [110.98317, 19.80777], [110.99999, 19.72189], [110.9944, 19.69428], [110.99659, 19.68659], [111.0105, 19.68377], [111.01636, 19.67804], [111.03466, 19.64224], [111.02036, 19.63599], [111.00912, 19.64175], [110.99334, 19.64301], [110.96583, 19.63597], [110.87664, 19.53994], [110.85865, 19.53483], [110.84279, 19.53995], [110.82984, 19.55207], [110.82179, 19.56778], [110.81853, 19.59105], [110.82569, 19.60326], [110.86264, 19.60871], [110.84767, 19.62246], [110.82643, 19.62177], [110.80633, 19.61274], [110.79444, 19.60126], [110.80356, 19.58918], [110.813, 19.56338], [110.82179, 19.5541], [110.8025, 19.5174], [110.79622, 19.48461], [110.77248, 19.46179], [110.76026, 19.45791], [110.76448, 19.44082], [110.75757, 19.4309], [110.73243, 19.41695], [110.69825, 19.41694], [110.68579, 19.39306], [110.66969, 19.38174], [110.6779, 19.33438], [110.66602, 19.31978], [110.64137, 19.31244], [110.62169, 19.23096], [110.58033, 19.15518], [110.56861, 19.16307], [110.54444, 19.15005], [110.5101, 19.15005], [110.49049, 19.16657], [110.47918, 19.16926], [110.47918, 19.16307], [110.50734, 19.13223], [110.52418, 19.12832], [110.54624, 19.13988], [110.55681, 19.12002], [110.55494, 19.08735], [110.57545, 19.15005], [110.58227, 19.15005], [110.56333, 19.05586], [110.53077, 19.01838], [110.51808, 18.99348], [110.50994, 18.96434], [110.50709, 18.93032], [110.51326, 18.90621], [110.50912, 18.89778], [110.4909, 18.89566], [110.4839, 18.88719], [110.46559, 18.8819], [110.45874, 18.84834], [110.43458, 18.83039], [110.43149, 18.82148], [110.44508, 18.80366], [110.46524, 18.80446], [110.49285, 18.79312], [110.50245, 18.81122], [110.49367, 18.87604], [110.50342, 18.8819], [110.53442, 18.78564], [110.49855, 18.78164], [110.49284, 18.77205], [110.469, 18.77717], [110.45037, 18.75654], [110.42457, 18.70376], [110.43099, 18.69245], [110.42676, 18.6809], [110.40349, 18.6628], [110.38868, 18.67504], [110.3445, 18.66463], [110.33523, 18.67333], [110.34539, 18.68085], [110.4109, 18.69013], [110.4109, 18.6975], [110.40349, 18.70376], [110.39723, 18.70376], [110.38014, 18.6905], [110.32732, 18.67935], [110.30787, 18.6628], [110.27084, 18.66816], [110.22722, 18.64216], [110.15719, 18.58097], [110.1211, 18.55581], [110.10328, 18.53937], [110.08814, 18.50435], [110.07065, 18.50202], [110.03419, 18.51195], [110.03419, 18.50576], [110.04615, 18.49592], [110.07406, 18.48908], [110.08252, 18.47777], [110.0682, 18.40893], [110.06137, 18.40893], [110.06072, 18.42959], [110.05323, 18.44062], [110.04461, 18.44013], [110.04029, 18.42597], [110.05257, 18.39021], [110.04029, 18.38228], [109.9954, 18.38229], [109.96861, 18.38985], [109.9686, 18.4055], [110.00034, 18.40302], [110.01368, 18.40892], [110.02345, 18.42939], [110.02052, 18.45051], [110.0062, 18.4294], [109.99252, 18.44306], [109.99253, 18.42941], [109.98194, 18.43549], [109.96518, 18.41633], [109.89828, 18.41425], [109.83546, 18.38228], [109.82521, 18.3859], [109.81446, 18.40209], [109.79566, 18.40518], [109.7461, 18.3959], [109.75, 18.3736], [109.72657, 18.30378], [109.73177, 18.27302], [109.71778, 18.2731], [109.7116, 18.28799], [109.7046, 18.29222], [109.67042, 18.27302], [109.67042, 18.26557], [109.69379, 18.26717], [109.71192, 18.25873], [109.73926, 18.25873], [109.74138, 18.25058], [109.72803, 18.22468], [109.70139, 18.20418], [109.69057, 18.20939], [109.67726, 18.24506], [109.62908, 18.22736], [109.60613, 18.20889], [109.60353, 18.1988], [109.61572, 18.17619], [109.58766, 18.18159], [109.56804, 18.16935], [109.56122, 18.16935], [109.56804, 18.19318], [109.56577, 18.20136], [109.54762, 18.22085], [109.56121, 18.23078], [109.56625, 18.24299], [109.56121, 18.25873], [109.55226, 18.24478], [109.52955, 18.22769], [109.53394, 18.21037], [109.51075, 18.21361], [109.47869, 18.19271], [109.46504, 18.20409], [109.49269, 18.22809], [109.50961, 18.23078], [109.50652, 18.25275], [109.50017, 18.25951], [109.49293, 18.24508], [109.48072, 18.2648], [109.46274, 18.27969], [109.43995, 18.28897], [109.33351, 18.30427], [109.21811, 18.30565], [109.1906, 18.29971], [109.1731, 18.28816], [109.16261, 18.28784], [109.14958, 18.29994], [109.1395, 18.34073], [109.12917, 18.34748], [109.136, 18.36115], [109.12211, 18.35823], [109.09164, 18.3686], [108.9909, 18.36873], [108.96799, 18.38429], [108.95281, 18.40229], [108.88592, 18.42667], [108.86866, 18.44383], [108.8109, 18.47886], [108.81298, 18.52963], [108.82091, 18.57143], [108.81798, 18.57862], [108.75209, 18.58319], [108.68905, 18.59618], [108.69711, 18.6833], [108.69361, 18.71988], [108.68336, 18.75617], [108.66814, 18.78864], [108.62746, 18.83589], [108.62388, 18.84919], [108.65382, 18.92105], [108.65626, 18.944], [108.6504, 18.97358], [108.6426, 18.98282], [108.64259, 19.01846], [108.61526, 19.10163], [108.65691, 19.1398], [108.6631, 19.15622], [108.68344, 19.15005], [108.67189, 19.173], [108.66391, 19.20962], [108.6223, 19.21763], [108.62176, 19.22789], [108.63795, 19.24897], [108.62698, 19.27497], [108.63159, 19.28606], [108.64942, 19.29963], [108.6448, 19.31036], [108.66261, 19.30972], [108.6667, 19.32501]]], [[[110.46273, 20.65476], [110.47136, 20.64736], [110.47626, 20.63181], [110.47583, 20.59594], [110.45729, 20.58687], [110.4481, 20.59626], [110.4358, 20.63849], [110.42661, 20.6429], [110.41767, 20.65477], [110.42205, 20.66225], [110.43702, 20.6679], [110.44752, 20.65835], [110.46273, 20.65476]]], [[[110.63248, 20.93667], [110.62438, 20.91502], [110.60954, 20.89729], [110.5892, 20.8835], [110.5757, 20.88883], [110.54755, 20.91771], [110.58962, 20.95937], [110.60269, 20.96489], [110.59588, 20.95873], [110.62793, 20.94863], [110.63248, 20.93667]]], [[[107.75806, 21.01658], [107.79262, 20.99239], [107.79281, 20.98604], [107.77296, 20.99225], [107.77799, 20.9726], [107.77075, 20.95723], [107.73831, 20.93767], [107.7588, 20.98261], [107.73765, 21.00324], [107.74513, 21.02016], [107.75806, 21.01658]]], [[[107.85628, 21.03326], [107.85278, 21.01993], [107.8274, 20.98909], [107.81773, 20.98828], [107.81659, 21.00584], [107.8256, 21.02478], [107.84214, 21.03558], [107.85628, 21.03326]]], [[[110.34262, 21.07465], [110.37135, 21.08096], [110.38982, 21.09587], [110.40821, 21.04824], [110.41774, 21.0406], [110.4232, 21.05141], [110.43214, 21.05727], [110.47283, 21.06167], [110.50709, 21.08221], [110.52637, 21.08209], [110.53882, 21.07306], [110.54557, 21.05736], [110.54752, 21.03726], [110.54385, 21.023], [110.52076, 20.97236], [110.52604, 20.9416], [110.51694, 20.93766], [110.50799, 20.94038], [110.50271, 20.9475], [110.49968, 20.96866], [110.49301, 20.97797], [110.45769, 21.00121], [110.44142, 21.00585], [110.36305, 21.00585], [110.29867, 20.98067], [110.26661, 20.97265], [110.24588, 20.98603], [110.26189, 20.99299], [110.26539, 21.00434], [110.25929, 21.017], [110.24588, 21.02757], [110.28736, 21.03384], [110.28736, 21.0406], [110.2707, 21.04486], [110.27313, 21.06109], [110.29021, 21.05427], [110.30991, 21.05292], [110.32692, 21.05744], [110.33522, 21.06859], [110.30795, 21.06086], [110.29542, 21.06306], [110.28738, 21.07444], [110.34262, 21.07465]]], [[[110.52051, 21.11197], [110.50588, 21.12686], [110.50709, 21.1437], [110.489, 21.15011], [110.47918, 21.16413], [110.47291, 21.16413], [110.47917, 21.15047], [110.46144, 21.15108], [110.44948, 21.15624], [110.44533, 21.16568], [110.45192, 21.17845], [110.41774, 21.17848], [110.41774, 21.18463], [110.43434, 21.18659], [110.45265, 21.20148], [110.4878, 21.20864], [110.49983, 21.20629], [110.49627, 21.19522], [110.46339, 21.19074], [110.49293, 21.18391], [110.53232, 21.20333], [110.54965, 21.20245], [110.56861, 21.19147], [110.55006, 21.16844], [110.54754, 21.15672], [110.55494, 21.15672], [110.57732, 21.19098], [110.59381, 21.20265], [110.61694, 21.19891], [110.61694, 21.19148], [110.59946, 21.17829], [110.56519, 21.11262], [110.54322, 21.10498], [110.52051, 21.11197]]], [[[107.96185, 21.22888], [107.95364, 21.23363], [107.95461, 21.23956], [107.96912, 21.24436], [107.98096, 21.24221], [107.97966, 21.22945], [107.96185, 21.22888]]], [[[107.77263, 21.28942], [107.75985, 21.28133], [107.7541, 21.28372], [107.75938, 21.29083], [107.79102, 21.29612], [107.79695, 21.29304], [107.77263, 21.28942]]], [[[107.8182, 21.35407], [107.81706, 21.34855], [107.71148, 21.30759], [107.72585, 21.32347], [107.80006, 21.36236], [107.81351, 21.36048], [107.8182, 21.35407]]], [[[107.86893, 21.39011], [107.99829, 21.40374], [107.9981, 21.39741], [107.94441, 21.36819], [107.93621, 21.37641], [107.92994, 21.37641], [107.84117, 21.34855], [107.84816, 21.37027], [107.85499, 21.35594], [107.87281, 21.37421], [107.85222, 21.37531], [107.82693, 21.37028], [107.82693, 21.3764], [107.86893, 21.39011]]], [[[108.1818, 21.54148], [108.1827, 21.53498], [108.17701, 21.53007], [108.12657, 21.52041], [108.16001, 21.54417], [108.17278, 21.54616], [108.1818, 21.54148]]], [[[111.89747, 21.59553], [111.86329, 21.56828], [111.82244, 21.56201], [111.80935, 21.5655], [111.82077, 21.57397], [111.84205, 21.60684], [111.84506, 21.62397], [111.83531, 21.64394], [111.8838, 21.65013], [111.92823, 21.66444], [111.94516, 21.65013], [111.96244, 21.65758], [111.98951, 21.65777], [111.99984, 21.65399], [112.00732, 21.64394], [111.99984, 21.62117], [111.98145, 21.61206], [111.90968, 21.60053], [111.89747, 21.59553]]], [[[112.5797, 21.61558], [112.55592, 21.62344], [112.53492, 21.59554], [112.52541, 21.59887], [112.51825, 21.61676], [112.52427, 21.62689], [112.55982, 21.64838], [112.56788, 21.66063], [112.55594, 21.67812], [112.57781, 21.68301], [112.64535, 21.71282], [112.65454, 21.69847], [112.63992, 21.66196], [112.6499, 21.64932], [112.65039, 21.64046], [112.62379, 21.63329], [112.61646, 21.61922], [112.60719, 21.61605], [112.5797, 21.61558]]], [[[112.79754, 21.70588], [112.81055, 21.65762], [112.79444, 21.62311], [112.79347, 21.60822], [112.81054, 21.5893], [112.79965, 21.5791], [112.79054, 21.58177], [112.78427, 21.5786], [112.76149, 21.58369], [112.75367, 21.60737], [112.73716, 21.61262], [112.7344, 21.62873], [112.76759, 21.66348], [112.77442, 21.69172], [112.73689, 21.68115], [112.71559, 21.68025], [112.70624, 21.68838], [112.71169, 21.70254], [112.74782, 21.73333], [112.7649, 21.73176], [112.77752, 21.77264], [112.79566, 21.76683], [112.82093, 21.77478], [112.8501, 21.77432], [112.844, 21.77432], [112.86255, 21.76943], [112.86816, 21.75755], [112.86255, 21.7456], [112.8318, 21.73591], [112.79754, 21.70588]]], [[[108.57738, 21.77117], [108.57612, 21.75912], [108.56554, 21.77383], [108.57089, 21.77753], [108.57738, 21.77117]]], [[[113.19092, 21.86335], [113.18002, 21.85034], [113.16554, 21.85334], [113.14869, 21.84261], [113.13121, 21.85037], [113.13568, 21.86496], [113.14633, 21.86245], [113.15594, 21.87274], [113.17587, 21.86213], [113.18767, 21.86903], [113.19092, 21.86335]]], [[[113.03882, 21.86563], [113.03451, 21.8553], [113.02052, 21.85484], [113.01734, 21.84953], [113.01247, 21.85262], [113.00377, 21.86953], [113.02467, 21.88083], [113.03532, 21.87844], [113.03882, 21.86563]]], [[[113.25469, 21.94506], [113.26782, 21.9433], [113.28564, 21.91812], [113.26788, 21.88665], [113.25847, 21.88045], [113.22585, 21.90083], [113.2217, 21.91413], [113.23171, 21.93447], [113.25469, 21.94506]]], [[[113.2491, 22.03835], [113.23951, 22.0233], [113.24902, 22.00476], [113.22332, 22.00056], [113.20159, 21.98876], [113.19613, 21.9672], [113.18816, 21.96], [113.1828, 21.96049], [113.18004, 21.97077], [113.19239, 22.03376], [113.20004, 22.03844], [113.2491, 22.03835]]], [[[113.41259, 22.07598], [113.41032, 22.06355], [113.39145, 22.02753], [113.40161, 22.01845], [113.40575, 22.00704], [113.3235, 22.01196], [113.30943, 22.02412], [113.3436, 22.0685], [113.37273, 22.08015], [113.37778, 22.08901], [113.38266, 22.08957], [113.3899, 22.07469], [113.39894, 22.06851], [113.41259, 22.07598]]], [[[113.47024, 22.07763], [113.47348, 22.09854], [113.466, 22.10152], [113.46487, 22.10814], [113.47175, 22.11414], [113.51889, 22.12725], [113.52711, 22.12587], [113.53272, 22.12031], [113.52711, 22.10611], [113.53256, 22.09536], [113.54747, 22.09242], [113.5389, 22.08211], [113.48493, 22.0714], [113.47024, 22.07763]]], [[[113.27174, 22.12002], [113.2959, 22.12769], [113.30845, 22.14862], [113.32308, 22.15789], [113.32797, 22.14582], [113.34722, 22.15644], [113.36474, 22.1579], [113.3427, 22.11161], [113.31364, 22.07641], [113.28907, 22.06852], [113.26881, 22.08832], [113.26417, 22.10493], [113.27174, 22.12002]]], [[[113.56632, 22.1077], [113.55738, 22.11115], [113.5468, 22.10537], [113.54111, 22.11327], [113.54526, 22.11424], [113.54233, 22.14073], [113.53229, 22.15274], [113.53445, 22.1612], [113.55291, 22.16583], [113.57407, 22.16053], [113.57179, 22.1529], [113.56324, 22.15058], [113.56023, 22.14155], [113.57252, 22.13732], [113.57796, 22.13963], [113.57488, 22.13504], [113.58594, 22.13193], [113.58748, 22.12487], [113.57748, 22.12665], [113.57797, 22.12093], [113.57404, 22.11938], [113.56674, 22.12336], [113.56632, 22.1077]]], [[[113.99067, 22.19168], [113.9891, 22.18652], [113.97757, 22.19343], [113.98763, 22.19896], [113.99067, 22.19168]]], [[[113.54916, 22.19973], [113.55712, 22.20245], [113.55071, 22.19587], [113.55151, 22.18957], [113.52476, 22.17374], [113.52019, 22.18488], [113.53525, 22.20755], [113.5337, 22.21076], [113.52735, 22.20755], [113.52434, 22.21255], [113.53525, 22.21463], [113.53891, 22.22077], [113.55389, 22.21129], [113.5568, 22.20356], [113.55152, 22.20441], [113.54916, 22.19973]]], [[[114.01581, 22.1919], [114.015, 22.19818], [114.02216, 22.20676], [114.03428, 22.20523], [114.03142, 22.19588], [114.02678, 22.19896], [114.01581, 22.1919]]], [[[114.02053, 22.2552], [114.04225, 22.25597], [114.04003, 22.2412], [114.03142, 22.24974], [114.02053, 22.2552]]], [[[113.9284, 22.22399], [113.92148, 22.22399], [113.9183, 22.21922], [113.92838, 22.21691], [113.92838, 22.21077], [113.91911, 22.20503], [113.90627, 22.20402], [113.89405, 22.21534], [113.89251, 22.2224], [113.84667, 22.19717], [113.83922, 22.20491], [113.83921, 22.23419], [113.84921, 22.2342], [113.84923, 22.24412], [113.85678, 22.246], [113.85678, 22.25226], [113.85061, 22.25678], [113.86761, 22.27073], [113.8768, 22.27228], [113.89251, 22.2927], [113.92148, 22.29186], [113.9284, 22.28486], [113.96193, 22.30116], [113.97674, 22.29808], [113.98374, 22.30902], [113.99244, 22.31057], [113.99953, 22.32225], [114.01716, 22.33538], [114.02052, 22.32852], [114.04379, 22.34577], [114.05486, 22.33633], [114.05021, 22.31995], [114.03142, 22.32457], [114.02961, 22.30899], [114.01271, 22.31135], [114.01271, 22.29808], [114.02213, 22.3019], [114.01759, 22.28905], [114.01889, 22.26459], [113.99537, 22.26777], [114.00725, 22.25211], [113.99244, 22.2412], [114.01497, 22.22708], [114.00016, 22.21615], [113.98195, 22.20824], [113.98064, 22.23725], [113.94565, 22.23725], [113.9284, 22.22399]]], [[[113.93149, 22.29271], [113.9239, 22.31375], [113.93304, 22.32224], [113.93613, 22.31843], [113.94254, 22.32223], [113.93149, 22.29271]]], [[[113.65329, 22.41374], [113.64242, 22.41142], [113.64234, 22.4002], [113.62119, 22.39143], [113.61228, 22.39797], [113.61183, 22.43046], [113.62338, 22.43986], [113.64959, 22.43856], [113.65786, 22.43202], [113.65329, 22.41374]]], [[[113.5255, 22.74486], [113.54676, 22.74187], [113.5595, 22.73499], [113.5732, 22.7007], [113.60393, 22.68494], [113.63567, 22.65647], [113.6451, 22.62511], [113.64182, 22.60163], [113.62802, 22.5958], [113.60262, 22.61153], [113.56243, 22.65568], [113.47651, 22.71951], [113.47655, 22.73126], [113.5255, 22.74486]]], [[[113.47315, 22.8254], [113.45591, 22.83077], [113.40226, 22.88272], [113.39618, 22.8981], [113.40512, 22.90811], [113.43295, 22.912], [113.47559, 22.90069], [113.4878, 22.8928], [113.52602, 22.84782], [113.54672, 22.83487], [113.573, 22.83005], [113.58766, 22.79462], [113.60286, 22.77244], [113.60278, 22.76265], [113.59457, 22.7561], [113.57985, 22.75374], [113.55828, 22.75789], [113.54462, 22.76879], [113.52858, 22.80215], [113.52117, 22.78792], [113.50612, 22.79805], [113.4808, 22.84931], [113.47397, 22.84931], [113.47315, 22.8254]]], [[[113.52377, 22.89669], [113.50997, 22.92122], [113.50575, 22.95161], [113.51536, 22.9692], [113.5292, 22.96035], [113.52919, 22.94859], [113.54513, 22.93776], [113.55359, 22.91128], [113.55353, 22.88582], [113.54501, 22.87997], [113.52377, 22.89669]]], [[[110.36279, 20.64336], [110.3628, 20.6223], [110.37184, 20.63434], [110.38062, 20.63376], [110.39697, 20.61611], [110.39194, 20.60676], [110.40854, 20.58592], [110.45167, 20.56769], [110.47885, 20.56768], [110.4952, 20.55316], [110.51131, 20.52817], [110.53418, 20.47826], [110.50228, 20.41275], [110.47535, 20.39765], [110.4585, 20.36226], [110.40682, 20.30517], [110.39999, 20.30078], [110.36207, 20.30488], [110.34432, 20.27925], [110.29404, 20.26293], [110.28028, 20.25301], [110.25636, 20.26936], [110.23715, 20.27497], [110.19662, 20.27025], [110.18775, 20.25301], [110.12753, 20.248], [110.10964, 20.25301], [110.09311, 20.27058], [110.06984, 20.27779], [110.05763, 20.29637], [110.03785, 20.3017], [110.02711, 20.30077], [110.00595, 20.28035], [109.99228, 20.28653], [109.96583, 20.28095], [109.95094, 20.27216], [109.94152, 20.252], [109.93392, 20.24414], [109.92489, 20.23828], [109.91726, 20.23933], [109.91461, 20.2487], [109.92856, 20.29458], [109.92872, 20.32636], [109.91725, 20.35228], [109.88576, 20.36637], [109.87414, 20.37628], [109.8899, 20.38272], [109.86282, 20.40632], [109.88803, 20.41405], [109.8961, 20.43109], [109.90357, 20.43109], [109.94595, 20.39559], [109.97486, 20.35464], [109.98243, 20.35155], [109.98557, 20.37236], [110.01547, 20.4184], [110.00978, 20.43423], [109.97226, 20.46454], [109.96494, 20.47826], [109.95809, 20.45162], [109.94361, 20.4607], [109.93092, 20.50625], [109.92705, 20.45511], [109.91725, 20.44479], [109.90952, 20.47118], [109.89609, 20.49258], [109.8495, 20.501], [109.83522, 20.50626], [109.82212, 20.51655], [109.81962, 20.52371], [109.82569, 20.54279], [109.8414, 20.54719], [109.84824, 20.59565], [109.8414, 20.59565], [109.82773, 20.55463], [109.82107, 20.55464], [109.81886, 20.5891], [109.80201, 20.61628], [109.77589, 20.63133], [109.74588, 20.6298], [109.75172, 20.64541], [109.75157, 20.67373], [109.76572, 20.68438], [109.77516, 20.68618], [109.78525, 20.67959], [109.80592, 20.67951], [109.82773, 20.69798], [109.8414, 20.68439], [109.86191, 20.70816], [109.86044, 20.71548], [109.85475, 20.71992], [109.82944, 20.70791], [109.80104, 20.70628], [109.79371, 20.69115], [109.78688, 20.69115], [109.76028, 20.72997], [109.75648, 20.74947], [109.7732, 20.76691], [109.76345, 20.77656], [109.75816, 20.79279], [109.76027, 20.8078], [109.7732, 20.81411], [109.7732, 20.82152], [109.75205, 20.84204], [109.75206, 20.84886], [109.75953, 20.84886], [109.75953, 20.85505], [109.74537, 20.86766], [109.7378, 20.86538], [109.73154, 20.85505], [109.73901, 20.80787], [109.70436, 20.84203], [109.71785, 20.80787], [109.68947, 20.8354], [109.66572, 20.88074], [109.66124, 20.92755], [109.69125, 20.95873], [109.67899, 20.9741], [109.68068, 20.99445], [109.69753, 21.04058], [109.71168, 21.03384], [109.70981, 21.0572], [109.69996, 21.08299], [109.67026, 21.12344], [109.70436, 21.17844], [109.72022, 21.18341], [109.73642, 21.16901], [109.75204, 21.16413], [109.74668, 21.17967], [109.7732, 21.2154], [109.76572, 21.28746], [109.77353, 21.29971], [109.77394, 21.31867], [109.76573, 21.35593], [109.78369, 21.34829], [109.78688, 21.32868], [109.79982, 21.33291], [109.80739, 21.35593], [109.92408, 21.36278], [109.92408, 21.37027], [109.90481, 21.39069], [109.91758, 21.4138], [109.94052, 21.4372], [109.95126, 21.4584], [109.93345, 21.45381], [109.92458, 21.46504], [109.92726, 21.4798], [109.94443, 21.48566], [109.94443, 21.49311], [109.88697, 21.48153], [109.85899, 21.48283], [109.8414, 21.50678], [109.82773, 21.49311], [109.82773, 21.48566], [109.8352, 21.48566], [109.8352, 21.48013], [109.82105, 21.45841], [109.81423, 21.45841], [109.80276, 21.47334], [109.79911, 21.49842], [109.80055, 21.55459], [109.78329, 21.54638], [109.77012, 21.55159], [109.76515, 21.56338], [109.7732, 21.58186], [109.74806, 21.57494], [109.74781, 21.54523], [109.76026, 21.51162], [109.77319, 21.49311], [109.77319, 21.48567], [109.76572, 21.48567], [109.76572, 21.49311], [109.75953, 21.49311], [109.74125, 21.47409], [109.70859, 21.48331], [109.64969, 21.52045], [109.65992, 21.52806], [109.66823, 21.55964], [109.67701, 21.5751], [109.67019, 21.60297], [109.67677, 21.61005], [109.67701, 21.62344], [109.63722, 21.60163], [109.62526, 21.5854], [109.63598, 21.56827], [109.62233, 21.56783], [109.60801, 21.57511], [109.61354, 21.60122], [109.60305, 21.62059], [109.61549, 21.65013], [109.5853, 21.63086], [109.57594, 21.65937], [109.5609, 21.6713], [109.56772, 21.69855], [109.56082, 21.70726], [109.56807, 21.72012], [109.59449, 21.74018], [109.59449, 21.74641], [109.57497, 21.74568], [109.56772, 21.76], [109.49269, 21.69855], [109.5062, 21.68496], [109.49269, 21.68496], [109.49269, 21.67813], [109.51986, 21.68495], [109.521, 21.66576], [109.50636, 21.65766], [109.48471, 21.65803], [109.46469, 21.66446], [109.46469, 21.65762], [109.53005, 21.63555], [109.54053, 21.62689], [109.57275, 21.58173], [109.56088, 21.56826], [109.56087, 21.52668], [109.53076, 21.49165], [109.47218, 21.46582], [109.46583, 21.4829], [109.47218, 21.49934], [109.4546, 21.48184], [109.43824, 21.45507], [109.42441, 21.45239], [109.34376, 21.45353], [109.33522, 21.45817], [109.32081, 21.48013], [109.31551, 21.45906], [109.29891, 21.44327], [109.2776, 21.43701], [109.25864, 21.44473], [109.24473, 21.43163], [109.23877, 21.43185], [109.23878, 21.48566], [109.22706, 21.47224], [109.2146, 21.41744], [109.17197, 21.41756], [109.15707, 21.42353], [109.14942, 21.43854], [109.14462, 21.41795], [109.15624, 21.40376], [109.13868, 21.40161], [109.09645, 21.4252], [109.05015, 21.43717], [109.03982, 21.45027], [109.04372, 21.46625], [109.06007, 21.48012], [109.13282, 21.49592], [109.14259, 21.5102], [109.13575, 21.60297], [109.12892, 21.60297], [109.12436, 21.59098], [109.11588, 21.59071], [109.10108, 21.6092], [109.09482, 21.6092], [109.08741, 21.59956], [109.07765, 21.597], [109.06968, 21.60225], [109.06674, 21.61603], [109.06007, 21.61603], [109.04642, 21.603], [109.06674, 21.63654], [109.06674, 21.64395], [109.01376, 21.61539], [108.99244, 21.60921], [108.959, 21.6066], [108.928, 21.61507], [108.92063, 21.62225], [108.89747, 21.67129], [108.86948, 21.6713], [108.85524, 21.68519], [108.85525, 21.69428], [108.86948, 21.70539], [108.86144, 21.73335], [108.8655, 21.73973], [108.886, 21.75043], [108.9166, 21.75381], [108.92408, 21.76683], [108.89747, 21.76], [108.90309, 21.77432], [108.88632, 21.76716], [108.87574, 21.75381], [108.86948, 21.75381], [108.86143, 21.76], [108.86142, 21.7668], [108.87574, 21.80097], [108.86948, 21.80097], [108.85524, 21.78117], [108.84988, 21.79169], [108.8507, 21.80055], [108.86142, 21.81525], [108.84083, 21.8116], [108.80136, 21.81835], [108.77955, 21.81525], [108.82104, 21.80098], [108.81422, 21.78116], [108.83261, 21.78383], [108.84253, 21.76805], [108.84351, 21.74502], [108.83458, 21.72567], [108.82211, 21.71504], [108.81666, 21.71638], [108.8121, 21.75243], [108.80592, 21.75845], [108.79306, 21.75381], [108.80055, 21.74482], [108.7999, 21.73334], [108.78688, 21.74018], [108.79306, 21.73334], [108.77955, 21.72582], [108.7999, 21.72582], [108.7999, 21.71906], [108.79306, 21.71906], [108.79306, 21.71284], [108.83431, 21.68573], [108.83862, 21.66804], [108.82106, 21.64395], [108.8614, 21.64394], [108.84994, 21.62597], [108.834, 21.62801], [108.79648, 21.64395], [108.78736, 21.64142], [108.77271, 21.62345], [108.73854, 21.61603], [108.74534, 21.60301], [108.7335, 21.61274], [108.72755, 21.64476], [108.7112, 21.65014], [108.7112, 21.65761], [108.73316, 21.66242], [108.74033, 21.66014], [108.74537, 21.65013], [108.75156, 21.65013], [108.75156, 21.69172], [108.74244, 21.68415], [108.73854, 21.67129], [108.7317, 21.67129], [108.71267, 21.68843], [108.71543, 21.70913], [108.7247, 21.72972], [108.72486, 21.7464], [108.71787, 21.74315], [108.71119, 21.74641], [108.69409, 21.71215], [108.6832, 21.7054], [108.67457, 21.7154], [108.65432, 21.72355], [108.6492, 21.73334], [108.6832, 21.74018], [108.6832, 21.74641], [108.66538, 21.75186], [108.64633, 21.75138], [108.64918, 21.76683], [108.67311, 21.798], [108.67701, 21.81525], [108.66969, 21.81525], [108.65602, 21.79484], [108.64918, 21.82209], [108.64234, 21.82209], [108.64218, 21.79686], [108.63551, 21.77433], [108.62867, 21.77432], [108.62184, 21.78791], [108.615, 21.78791], [108.62916, 21.75609], [108.62845, 21.74636], [108.5945, 21.74019], [108.59376, 21.75483], [108.60751, 21.78791], [108.58058, 21.78132], [108.56944, 21.79438], [108.57139, 21.81281], [108.6006, 21.83063], [108.62209, 21.87107], [108.63551, 21.88418], [108.63551, 21.89033], [108.59449, 21.91767], [108.58765, 21.89787], [108.56715, 21.90461], [108.58082, 21.89785], [108.57032, 21.89339], [108.56032, 21.8955], [108.55373, 21.90376], [108.55299, 21.91767], [108.57382, 21.93545], [108.57333, 21.95181], [108.56715, 21.95181], [108.56715, 21.93879], [108.55982, 21.93879], [108.55299, 21.95181], [108.55055, 21.93545], [108.53769, 21.9145], [108.52563, 21.90462], [108.50514, 21.91083], [108.50514, 21.90461], [108.51879, 21.89033], [108.48487, 21.8771], [108.47836, 21.8664], [108.49143, 21.85629], [108.46314, 21.86298], [108.4607, 21.88711], [108.47779, 21.94501], [108.4607, 21.92695], [108.45729, 21.88833], [108.44874, 21.86579], [108.45566, 21.84878], [108.48462, 21.82209], [108.47096, 21.82209], [108.47779, 21.80781], [108.48829, 21.81477], [108.49707, 21.80902], [108.50513, 21.78791], [108.4913, 21.75772], [108.49145, 21.74018], [108.47592, 21.74433], [108.46347, 21.74018], [108.48683, 21.73188], [108.50513, 21.71906], [108.50514, 21.71284], [108.49147, 21.71284], [108.49765, 21.70539], [108.47779, 21.70539], [108.47779, 21.69855], [108.50514, 21.69172], [108.50082, 21.68032], [108.50514, 21.67129], [108.5201, 21.71261], [108.53304, 21.71904], [108.53052, 21.7102], [108.51881, 21.69855], [108.51881, 21.67129], [108.53306, 21.68495], [108.53858, 21.68403], [108.53932, 21.67813], [108.55299, 21.69854], [108.55982, 21.69854], [108.56543, 21.67854], [108.54518, 21.66608], [108.53932, 21.65013], [108.55297, 21.65762], [108.54688, 21.64306], [108.53598, 21.63801], [108.51197, 21.64395], [108.51197, 21.63654], [108.53304, 21.63032], [108.52686, 21.61425], [108.51197, 21.6092], [108.51879, 21.59553], [108.48121, 21.58187], [108.48178, 21.59951], [108.48911, 21.60761], [108.50514, 21.60297], [108.50514, 21.6092], [108.49147, 21.62344], [108.47853, 21.60615], [108.46347, 21.59553], [108.4712, 21.5812], [108.45802, 21.5751], [108.45802, 21.56826], [108.47094, 21.56826], [108.47095, 21.56201], [108.42001, 21.55688], [108.40233, 21.55976], [108.38967, 21.57532], [108.39065, 21.59536], [108.40675, 21.60024], [108.4209, 21.59421], [108.41635, 21.58186], [108.4319, 21.58324], [108.43873, 21.59418], [108.4437, 21.62344], [108.42758, 21.6167], [108.41636, 21.62344], [108.41636, 21.63031], [108.42734, 21.63914], [108.4437, 21.64395], [108.44144, 21.6521], [108.44809, 21.65811], [108.47096, 21.66445], [108.47096, 21.67129], [108.40969, 21.66446], [108.4236, 21.67939], [108.42701, 21.68773], [108.42384, 21.69855], [108.40968, 21.67813], [108.40333, 21.68496], [108.39797, 21.67285], [108.386, 21.67293], [108.33767, 21.69746], [108.33595, 21.70685], [108.34132, 21.72582], [108.32154, 21.70966], [108.31137, 21.68171], [108.31276, 21.65184], [108.32763, 21.63033], [108.30649, 21.63032], [108.31396, 21.61604], [108.30079, 21.60725], [108.29347, 21.5893], [108.31396, 21.58929], [108.31396, 21.58186], [108.28956, 21.56403], [108.28359, 21.5446], [108.25864, 21.53408], [108.2264, 21.50802], [108.21104, 21.50065], [108.21031, 21.51361], [108.24496, 21.56436], [108.25196, 21.58185], [108.24936, 21.6031], [108.22682, 21.62557], [108.23829, 21.64395], [108.2103, 21.63032], [108.2103, 21.64395], [108.19728, 21.63654], [108.20883, 21.62393], [108.20411, 21.60297], [108.21028, 21.60297], [108.17636, 21.57576], [108.15797, 21.57153], [108.13526, 21.58185], [108.12843, 21.5751], [108.13232, 21.56538], [108.12827, 21.56274], [108.11476, 21.5751], [108.1058, 21.55908], [108.06625, 21.562], [108.07698, 21.54548], [108.07105, 21.53658], [108.0569, 21.53605], [108.03199, 21.55191], [108.0171, 21.55524], [108.00229, 21.55427], [107.99122, 21.54841], [108.02735, 21.52334], [108.03951, 21.52046], [108.01865, 21.51895], [108.01124, 21.50654], [108.01368, 21.49242], [108.02223, 21.48566], [108.06105, 21.49615], [108.08057, 21.4931], [108.08057, 21.48567], [108.04322, 21.48164], [108.01661, 21.47036], [107.97071, 21.43164], [107.96389, 21.43164], [107.96536, 21.44736], [107.99122, 21.48013], [107.99122, 21.48566], [107.96998, 21.47578], [107.9297, 21.44263], [107.91604, 21.4584], [107.91628, 21.46824], [107.9297, 21.48286], [107.91871, 21.51752], [107.89674, 21.53156], [107.88193, 21.53408], [107.88265, 21.52253], [107.87485, 21.51362], [107.86841, 21.51364], [107.8628, 21.53022], [107.85597, 21.52094], [107.8479, 21.49312], [107.83595, 21.48836], [107.82887, 21.49494], [107.82667, 21.52668], [107.813, 21.52045], [107.82056, 21.49312], [107.81301, 21.49312], [107.8069, 21.50678], [107.80006, 21.49935], [107.79624, 21.51948], [107.78346, 21.52432], [107.75221, 21.51362], [107.75221, 21.50678], [107.78013, 21.50315], [107.78858, 21.49445], [107.79256, 21.48014], [107.7789, 21.48566], [107.78637, 21.45841], [107.77564, 21.45856], [107.76181, 21.45075], [107.75856, 21.44473], [107.76521, 21.43854], [107.74854, 21.41121], [107.72145, 21.41087], [107.71151, 21.39892], [107.69833, 21.39839], [107.68418, 21.40327], [107.67652, 21.4112], [107.66904, 21.4112], [107.66285, 21.40375], [107.66943, 21.38544], [107.66342, 21.37809], [107.65024, 21.37686], [107.63502, 21.38325], [107.64233, 21.36279], [107.6312, 21.35448], [107.64232, 21.34228], [107.62135, 21.33552], [107.62874, 21.3287], [107.60817, 21.33552], [107.59929, 21.29899], [107.59079, 21.29401], [107.57346, 21.29483], [107.55423, 21.30436], [107.53517, 21.34536], [107.52231, 21.34854], [107.52882, 21.32323], [107.52516, 21.30756], [107.53743, 21.30195], [107.52662, 21.29877], [107.47238, 21.30365], [107.46169, 21.30928], [107.4568, 21.31834], [107.41529, 21.32868], [107.40903, 21.31501], [107.44312, 21.29389], [107.44311, 21.28766], [107.42359, 21.27962], [107.39161, 21.28042], [107.36744, 21.27338], [107.37329, 21.25898], [107.36061, 21.23924], [107.35888, 21.20307], [107.35434, 21.19147], [107.3707, 21.18163], [107.38843, 21.18462], [107.37556, 21.11638], [107.36061, 21.10212], [107.36744, 21.08788], [107.35434, 21.08222], [107.36435, 21.04035], [107.37427, 21.03383], [107.37427, 21.02758], [107.35751, 21.01512], [107.33383, 21.00585], [107.29233, 21.00462], [107.27955, 20.99971], [107.26645, 21.0043], [107.24529, 21.00308], [107.21119, 20.99226], [107.23111, 20.98603], [107.23112, 20.9792], [107.21485, 20.97525], [107.19337, 20.9527], [107.19702, 20.93766], [107.1609, 20.93245], [107.14918, 20.93765], [107.14918, 20.93083], [107.1338, 20.94481], [107.08497, 20.95141], [107.06609, 20.95873], [107.06609, 20.96491], [107.09522, 21.00047], [107.14918, 21.03384], [107.14918, 21.0406], [107.11118, 21.03311], [107.10133, 21.02757], [107.09246, 21.00825], [107.08377, 21.00585], [107.07977, 21.00912], [107.08717, 21.02757], [107.08033, 21.03384], [107.07228, 21.01708], [107.06324, 21.00936], [107.05763, 21.01386], [107.05982, 21.03384], [107.05299, 21.03384], [107.0525, 21.01366], [107.04615, 20.99972], [107.04461, 21.02509], [107.03793, 21.03217], [107.02564, 21.03384], [107.02564, 21.02757], [107.03932, 21.01337], [107.02564, 21.01337], [107.03931, 20.99971], [107.01564, 21.00434], [106.99781, 21.02017], [106.99545, 21.00642], [107.02082, 20.98641], [107.02564, 20.97236], [107.01678, 20.95767], [107.00098, 20.95108], [106.94695, 20.95429], [106.91898, 20.96591], [106.88461, 20.99323], [106.87338, 20.99714], [106.86744, 20.98603], [106.86354, 20.9916], [106.85377, 20.99225], [106.88282, 20.96052], [106.92205, 20.93765], [106.93238, 20.91519], [106.94311, 20.9103], [106.94311, 20.90352], [106.90171, 20.90787], [106.8816, 20.93765], [106.87428, 20.93765], [106.87843, 20.92121], [106.88795, 20.9103], [106.86793, 20.88273], [106.85988, 20.8894], [106.85222, 20.90998], [106.83327, 20.92397], [106.83668, 20.92914], [106.83326, 20.93765], [106.806, 20.93207], [106.78326, 20.94255], [106.77247, 20.95742], [106.78883, 20.9649], [106.8169, 20.96947], [106.82065, 20.97602], [106.81959, 20.98603], [106.80243, 20.99519], [106.79869, 21.00194], [106.81218, 21.01337], [106.79811, 21.02481], [106.77858, 21.02757], [106.78518, 21.01339], [106.76238, 21.01533], [106.7308, 21.02985], [106.7103, 21.02017], [106.7103, 21.01337], [106.71777, 21.01337], [106.71777, 21.00586], [106.6587, 21.02485], [106.6421, 21.02017], [106.68295, 21.00585], [106.68294, 20.99972], [106.65577, 21.00584], [106.67628, 20.95873], [106.6867, 20.9527], [106.71192, 20.95157], [106.75514, 20.93854], [106.75668, 20.9079], [106.74448, 20.883], [106.73829, 20.883], [106.71778, 20.90351], [106.69996, 20.88276], [106.70753, 20.87075], [106.74448, 20.84886], [106.75294, 20.82575], [106.74919, 20.80435], [106.73657, 20.795], [106.71778, 20.80785], [106.72462, 20.79002], [106.75563, 20.75121], [106.77247, 20.73896], [106.7787, 20.74622], [106.78882, 20.73053], [106.8059, 20.67758], [106.78504, 20.69242], [106.7671, 20.71345], [106.74146, 20.698], [106.71697, 20.69132], [106.66261, 20.69798], [106.66261, 20.69115], [106.70288, 20.67157], [106.70312, 20.65966], [106.66998, 20.63661], [106.63754, 20.62809], [106.62094, 20.62979], [106.61232, 20.63548], [106.59816, 20.6551], [106.58676, 20.66327], [106.59938, 20.63841], [106.61427, 20.6223], [106.62719, 20.61662], [106.62488, 20.59485], [106.60475, 20.58442], [106.58252, 20.56518], [106.51857, 20.54096], [106.53614, 20.53164], [106.55063, 20.53242], [106.57991, 20.54718], [106.57991, 20.54096], [106.56772, 20.52489], [106.58447, 20.49604], [106.57992, 20.47827], [106.53696, 20.46206], [106.51857, 20.43732], [106.5617, 20.45506], [106.58423, 20.45782], [106.59424, 20.44818], [106.59058, 20.40473], [106.58415, 20.38183], [106.57309, 20.36848], [106.56642, 20.38272], [106.56568, 20.37645], [106.55958, 20.37592], [106.57764, 20.35895], [106.59258, 20.27541], [106.58164, 20.26419], [106.53696, 20.30915], [106.52166, 20.31346], [106.49806, 20.30825], [106.50489, 20.29743], [106.51295, 20.29442], [106.52052, 20.29841], [106.52475, 20.30825], [106.54851, 20.29145], [106.57231, 20.24668], [106.5696, 20.232], [106.55427, 20.22466], [106.54103, 20.22607], [106.50491, 20.21703], [106.39503, 20.20458], [106.39503, 20.21198], [106.40187, 20.21198], [106.40187, 20.21821], [106.38071, 20.21198], [106.38071, 20.20458], [106.38794, 20.1975], [106.3602, 20.18407], [106.34034, 20.14997], [106.3055, 20.1086], [106.2837, 20.09463], [106.25928, 20.06127], [106.23618, 20.048], [106.21192, 20.0212], [106.19704, 20.01278], [106.2107, 20.04011], [106.2033, 20.04751], [106.17603, 19.99234], [106.16089, 19.98408], [106.12403, 19.975], [106.10711, 19.96501], [106.10141, 19.97997], [106.11451, 20.03327], [106.10711, 20.03327], [106.0835, 19.96501], [106.05294, 19.97718], [106.03191, 19.99917], [106.02516, 19.99917], [106.00849, 19.97366], [105.95558, 19.92548], [105.94947, 19.90082], [105.95679, 19.87564], [105.9358, 19.84829], [105.92888, 19.79367], [105.91529, 19.80732], [105.90874, 19.79672], [105.86744, 19.77318], [105.87371, 19.76569], [105.92887, 19.78001], [105.92334, 19.76679], [105.90545, 19.7438], [105.90161, 19.72822], [105.89527, 19.72135], [105.86695, 19.7211], [105.85596, 19.69164], [105.82594, 19.64224], [105.82389, 19.59895], [105.81902, 19.58762], [105.81756, 19.61001], [105.80388, 19.61302], [105.79086, 19.60346], [105.79176, 19.58759], [105.80543, 19.60871], [105.81471, 19.57441], [105.81901, 19.57392], [105.81934, 19.53669], [105.80812, 19.46076], [105.81274, 19.42318], [105.7986, 19.43057], [105.78491, 19.40327], [105.77125, 19.40949], [105.77125, 19.40327], [105.78256, 19.39435], [105.79176, 19.35488], [105.81006, 19.32148], [105.81274, 19.30704], [105.79176, 19.3207], [105.7986, 19.29963], [105.81079, 19.29963], [105.80876, 19.28018], [105.79753, 19.26733], [105.78102, 19.26488], [105.7723, 19.236], [105.74578, 19.23725], [105.74342, 19.23192], [105.73121, 19.17023], [105.72983, 19.13386], [105.73706, 19.10847], [105.702, 19.09048], [105.69556, 19.08114], [105.6683, 19.08954], [105.64381, 19.06538], [105.62485, 19.02847], [105.61329, 18.98554], [105.63478, 18.90982], [105.66993, 18.87494], [105.69451, 18.86078], [105.71663, 18.85455], [105.71663, 18.84834], [105.70289, 18.83413], [105.69288, 18.84955], [105.67506, 18.85456], [105.68873, 18.82665], [105.72006, 18.82355], [105.75206, 18.78607], [105.75757, 18.77204], [105.74269, 18.73078], [105.75611, 18.71597], [105.75766, 18.69697], [105.75074, 18.66279], [105.77003, 18.67158], [105.76443, 18.75896], [105.78345, 18.74725], [105.79086, 18.68968], [105.82594, 18.5939], [105.87924, 18.51093], [105.91529, 18.47309], [105.94946, 18.47101], [105.95883, 18.43256], [105.97731, 18.40209], [106.00782, 18.37871], [106.04575, 18.33226], [106.09797, 18.29017], [106.11011, 18.27553], [106.11215, 18.26288], [106.09344, 18.25873], [106.10328, 18.25153], [106.16578, 18.26556], [106.18116, 18.2597], [106.23365, 18.22085], [106.27083, 18.20408], [106.29884, 18.16934], [106.34603, 18.13271], [106.354, 18.11469], [106.33692, 18.12067], [106.32407, 18.11807], [106.30633, 18.10049], [106.31935, 18.09422], [106.34033, 18.10049], [106.33448, 18.08861], [106.34669, 18.05947], [106.34986, 18.08364], [106.3602, 18.10049], [106.37078, 18.10561], [106.38412, 18.09984], [106.39503, 18.10049], [106.42238, 18.12835], [106.43481, 18.12351], [106.42237, 18.09422], [106.42774, 18.0729], [106.43898, 18.05199], [106.52474, 17.94961], [106.52474, 17.94343], [106.48439, 17.91547], [106.45527, 17.88196], [106.43605, 17.88199], [106.43605, 17.8745], [106.44703, 17.87214], [106.45101, 17.86571], [106.44288, 17.84658], [106.46063, 17.79963], [106.47006, 17.7482], [106.49805, 17.71064], [106.48951, 17.70258], [106.47853, 17.70352], [106.44874, 17.71601], [106.43556, 17.73945], [106.41066, 17.74702], [106.37452, 17.76529], [106.30665, 17.77192], [106.292, 17.77827], [106.28517, 17.77212], [106.32276, 17.75349], [106.42921, 17.73115], [106.42921, 17.7237], [106.4026, 17.73151], [106.38307, 17.71918], [106.37965, 17.6988], [106.4087, 17.68277], [106.39503, 17.70319], [106.41749, 17.71296], [106.44996, 17.70864], [106.48227, 17.69644], [106.5044, 17.68276], [106.53907, 17.62751], [106.56604, 17.59787], [106.61463, 17.51891], [106.63461, 17.4704], [106.65393, 17.45703], [106.48473, 17.45035], [106.44765, 17.45507], [106.28455, 17.28479], [106.27261, 17.28985], [106.25995, 17.28923], [106.24791, 17.26623], [106.22182, 17.24489], [106.2073, 17.24629], [106.18544, 17.2574], [106.0193, 17.39449], [105.91114, 17.51681], [105.84602, 17.598], [105.81988, 17.62156], [105.79228, 17.63901], [105.9173, 17.83553], [105.91969, 17.853], [105.942, 17.92083], [105.85926, 17.97564], [105.88374, 18.04608], [105.93001, 18.11892], [105.92983, 18.12751], [105.86606, 18.19226], [105.79365, 18.29416], [105.56764, 18.43989], [105.46932, 18.51412], [105.38141, 18.59475], [105.34027, 18.64028], [105.3029, 18.6882], [105.1937, 18.85986], [105.11876, 18.98731], [105.05487, 19.1186], [105.03031, 19.18458], [105.01241, 19.2501], [105.00496, 19.29988], [105.00303, 19.3527], [105.03495, 19.73116], [105.04705, 19.79356], [105.08706, 19.90923], [105.26478, 20.26354], [105.27681, 20.30107], [105.28375, 20.36028], [105.2815, 20.40817], [105.2722, 20.45272], [105.23397, 20.5433], [105.15721, 20.67058], [105.1206, 20.71595], [105.07047, 20.75224], [105.01352, 20.77767], [104.95073, 20.79513], [104.88434, 20.80685], [104.77345, 20.81987], [104.60073, 20.66055], [104.54388, 20.67874], [104.49231, 20.7021], [104.47567, 20.71822], [104.46616, 20.74964], [104.45262, 20.76359], [104.40932, 20.76519], [104.38906, 20.77098], [104.38167, 20.77837], [104.36798, 20.80312], [104.33635, 20.81904], [104.32322, 20.83387], [104.3072, 20.86462], [104.28788, 20.88575], [104.26002, 20.89893], [104.22106, 20.89201], [104.20127, 20.92544], [104.1654, 20.93976], [104.12262, 20.94317], [104.09228, 20.9612], [104.05668, 20.95883], [104.01058, 20.90808], [103.96231, 20.90271], [103.91362, 20.88621], [103.82836, 21.09881], [103.78466, 21.10945], [103.72946, 21.11532], [103.66869, 21.11205], [103.6127, 21.10236], [103.38433, 21.04517], [103.33964, 21.04036], [103.25997, 20.82729], [103.24711, 20.83072], [103.20691, 20.82457], [103.17523, 20.84121], [103.13637, 20.85046], [103.11529, 20.86839], [103.08671, 20.90198], [103.06821, 20.93128], [103.01452, 21.04053], [102.99917, 21.05737], [102.97411, 21.06766], [102.95948, 21.0658], [102.95158, 21.069], [102.9353, 21.10238], [102.92563, 21.14166], [102.91442, 21.1584], [102.90419, 21.16419], [102.8891, 21.16641], [102.883, 21.17643], [102.883, 21.1861], [102.89298, 21.21509], [102.88786, 21.22692], [102.87814, 21.23762], [102.85019, 21.25168], [102.80916, 21.25059], [102.8013, 21.25483], [102.54872, 21.29529], [102.49544, 21.2787], [102.44104, 21.25405], [102.39055, 21.22523], [102.34307, 21.19035], [102.3069, 21.15399], [102.27111, 21.10293], [102.24397, 21.05221], [102.17352, 20.89261], [102.14389, 20.83891], [102.11052, 20.79309], [102.06836, 20.75212], [102.01537, 20.71649], [101.96126, 20.69245], [101.90546, 20.67755], [101.84963, 20.67001], [101.73545, 20.66868], [101.55666, 20.67681], [101.49831, 20.68302], [101.44082, 20.69397], [101.38778, 20.71011], [101.33683, 20.73305], [101.28958, 20.76289], [101.24356, 20.80209], [101.04648, 21.04066], [100.95995, 21.12885], [100.86305, 21.20299], [100.75433, 21.26054], [100.70272, 21.28068], [100.58197, 21.31406], [100.55237, 21.45352], [100.4971, 21.46179], [100.45669, 21.45502], [100.44346, 21.4635], [100.43426, 21.47838], [100.4293, 21.49538], [100.38367, 21.52783], [100.36326, 21.53176], [100.34197, 21.53037], [100.32652, 21.52427], [100.28952, 21.48313], [100.24409, 21.46453], [100.18714, 21.42789], [100.1625, 21.43637], [100.12834, 21.48236], [100.10777, 21.49554], [100.0989, 21.50633], [99.8954, 21.37344], [99.78449, 21.37565], [99.6735, 21.38444], [99.62244, 21.39596], [99.57404, 21.41513], [99.53086, 21.44346], [99.49032, 21.488], [99.45961, 21.54366], [99.43827, 21.60578], [99.42423, 21.66976], [99.40363, 21.85988], [99.36492, 22.09886], [99.32999, 22.09555], [99.25289, 22.10279], [99.21227, 22.11245], [99.16638, 22.13209], [99.14447, 22.15353], [99.17506, 22.16867], [99.15935, 22.18469], [99.16638, 22.20464], [99.19935, 22.24526], [99.20617, 22.26133], [99.21837, 22.31001], [99.24369, 22.34122], [99.24834, 22.35367], [99.24638, 22.36592], [99.23738, 22.38013], [99.24307, 22.39316], [99.28276, 22.41191], [99.34508, 22.47284], [99.35779, 22.49548], [99.35634, 22.50617], [99.34415, 22.53325], [99.35738, 22.5871], [99.355, 22.60854], [99.30787, 22.7196], [99.30797, 22.74518], [99.3272, 22.7605], [99.35066, 22.76815], [99.35903, 22.77489], [99.37887, 22.81323], [99.41443, 22.8569], [99.41691, 22.87434], [99.41122, 22.91925], [99.41339, 22.93075], [99.42993, 22.93674], [99.4845, 22.91026], [99.5153, 22.90881], [99.53804, 22.92643], [99.53463, 22.94932], [99.49876, 22.99516], [99.49039, 23.01201], [99.49504, 23.04348], [99.49308, 23.05738], [99.4782, 23.06575], [99.40326, 23.06833], [99.38105, 23.08164], [99.35097, 23.11926], [99.33381, 23.12962], [99.31407, 23.12647], [99.24939, 23.35803], [99.17628, 23.41224], [99.1376, 23.41643], [98.89163, 23.39181], [98.89012, 23.3679], [98.88185, 23.34969], [98.85322, 23.33498], [98.85343, 23.32488], [98.86046, 23.32238], [98.89653, 23.32328], [98.91069, 23.2976], [98.86015, 23.21228], [98.85901, 23.17939], [98.60802, 23.11409], [98.52503, 23.07801], [98.46506, 23.06934], [98.40688, 23.0721], [98.35337, 23.08573], [98.30531, 23.1099], [98.26613, 23.14299], [98.2351, 23.18677], [98.21649, 23.23799], [98.21086, 23.29802], [98.22581, 23.39364], [98.28623, 23.58325], [98.299, 23.63548], [98.34487, 24.02398], [98.35498, 24.31502], [98.36277, 24.41128], [98.37905, 24.50574], [98.40842, 24.59963], [98.45357, 24.68749], [98.47967, 24.72236], [98.50928, 24.75373], [98.58238, 24.8155], [98.78129, 24.95995], [98.86845, 25.04493], [98.9108, 25.09667], [98.97707, 25.19941], [99.03153, 25.32066], [99.06885, 25.43307], [99.10003, 25.54785], [99.12401, 25.6628], [99.14062, 25.77822], [99.14972, 25.89448], [99.15116, 26.01133], [99.14451, 26.13303], [99.12992, 26.25373], [99.10151, 26.41252], [99.09813, 26.47921], [99.10655, 26.54038], [99.15548, 26.7141], [99.17781, 26.92116], [99.18911, 26.9688], [99.2096, 27.01033], [99.24267, 27.04248], [99.29057, 27.06315], [99.36187, 27.0721], [99.44157, 27.06981], [99.52226, 27.06104], [99.76388, 27.01737], [99.92109, 26.99697], [100.00602, 26.99556], [100.35911, 27.00381], [100.50008, 26.99829], [100.70046, 26.97383], [100.85272, 26.97964], [100.9404, 26.99451], [101.07533, 27.0305], [101.20942, 27.05442], [101.27418, 27.07472], [101.32633, 27.1005], [101.52182, 27.21523], [101.61545, 27.28359], [101.73237, 27.4006], [101.98351, 27.69725], [102.06631, 27.80323], [102.10631, 27.86311], [102.21024, 28.04492], [102.28981, 28.16658], [102.50607, 28.46265], [102.69682, 28.75516], [102.7832, 28.85953], [102.86026, 28.96435], [102.92965, 29.08139], [102.98994, 29.20478], [103.04336, 29.33322], [103.3495, 30.19331], [103.43427, 30.40479], [103.51196, 30.54803], [103.6421, 30.75165], [103.68317, 30.82431], [103.71738, 30.89727], [103.78064, 31.08605], [103.82231, 31.1931], [103.86988, 31.29635], [103.92083, 31.3912], [103.97773, 31.48319], [104.1022, 31.64946], [104.17042, 31.72627], [104.32384, 31.87453], [104.49381, 32.01147], [104.67422, 32.13708], [104.86404, 32.25578], [105.47567, 32.60852], [105.68454, 32.73486], [105.83292, 32.83161], [106.11699, 33.03404], [106.53736, 33.35045], [106.95309, 33.65283], [107.21978, 33.87717], [107.35727, 33.9861], [107.50152, 34.08335], [107.6547, 34.16222], [107.82299, 34.21755], [108.00797, 34.24212], [108.13269, 34.23595], [108.26383, 34.21094], [108.39675, 34.17134], [108.52859, 34.12124], [108.66027, 34.06314], [109.23759, 33.78224], [109.46486, 33.67586], [109.69934, 33.57512], [109.93744, 33.48841], [110.17072, 33.42482], [110.40898, 33.38848], [110.65214, 33.38877], [110.88552, 33.43354], [111.13448, 33.5204], [111.55217, 33.70053], [111.74816, 33.77486], [111.9535, 33.82629], [112.17425, 33.84352], [112.4224, 33.81778], [112.70898, 33.73886], [112.82816, 33.69317], [112.94442, 33.6423], [113.38918, 33.42141], [113.61275, 33.32329], [113.76357, 33.28039], [113.8999, 33.26666], [114.04172, 33.27869], [114.16888, 33.31098], [114.29586, 33.36267], [114.42279, 33.43108], [114.55016, 33.51366], [114.6724, 33.60254], [114.81047, 33.7086], [115.09454, 33.93757], [115.37868, 34.18423], [115.51581, 34.31219], [115.64377, 34.4395], [115.75901, 34.56411], [115.92409, 34.76872], [116.22292, 35.18687], [116.50458, 35.54806], [116.59731, 35.68822], [116.75991, 35.98033], [116.81531, 36.05114], [116.94925, 36.16567], [117.55353, 36.56576], [117.67244, 36.65431], [117.78182, 36.75628], [118.10903, 37.13651], [118.30511, 37.35014], [118.3645, 37.42591], [118.38925, 37.47392], [118.4209, 37.57144], [118.4458, 37.61683], [118.46229, 37.63471], [118.48707, 37.65131], [118.52743, 37.66493], [118.53939, 37.69858], [118.53232, 37.70866], [118.48933, 37.71129], [118.46542, 37.77336], [118.45862, 37.80817], [118.45808, 37.87907], [118.47478, 37.94792], [118.4895, 37.98128], [118.53092, 38.04385], [118.55759, 38.07279], [118.57301, 38.0799], [118.59486, 38.10465], [118.61982, 38.12287], [118.65888, 38.14604], [118.76035, 38.15512], [118.8401, 38.15256], [118.95002, 38.09726], [118.92481, 38.05777], [118.94198, 38.04938], [118.95614, 38.03359], [118.9734, 37.99649], [118.99659, 37.96312], [119.04862, 37.94781], [119.09248, 37.91277], [119.11694, 37.85327], [119.1557, 37.82396], [119.20683, 37.80283], [119.24307, 37.76948], [119.25958, 37.71585], [119.25565, 37.67188], [119.21774, 37.67526], [119.18931, 37.70074], [119.12014, 37.73751], [119.06947, 37.74063], [119.03713, 37.72209], [119.01074, 37.65376], [118.97665, 37.61091], [118.96998, 37.59345], [118.95786, 37.5314], [118.94459, 37.37812], [118.94947, 37.33617], [118.96119, 37.29564], [118.97242, 37.28067], [119.01473, 37.26983], [119.0586, 37.22761], [119.11499, 37.20111], [119.14552, 37.17886], [119.28712, 37.13727], [119.44117, 37.12055], [119.47511, 37.13328], [119.52425, 37.13904], [119.56373, 37.14178], [119.66074, 37.1376], [119.71681, 37.14159], [119.7706, 37.15184], [119.79185, 37.18056], [119.89731, 37.24942], [119.88673, 37.28465], [119.8463, 37.3437], [119.85891, 37.36017], [119.92897, 37.38459], [119.98829, 37.41328], [119.99782, 37.42181], [120.05982, 37.44042], [120.18759, 37.51179], [120.29762, 37.59789], [120.32252, 37.63239], [120.30641, 37.66519], [120.27858, 37.67243], [120.23567, 37.6747], [120.21569, 37.68407], [120.31186, 37.68626], [120.3685, 37.69473], [120.41098, 37.7121], [120.44313, 37.73818], [120.46339, 37.74774], [120.55616, 37.76138], [120.5936, 37.78188], [120.63526, 37.78872], [120.67433, 37.80199], [120.70493, 37.82094], [120.73805, 37.83396], [120.78492, 37.82965], [120.83668, 37.81598], [120.8777, 37.82965], [120.92555, 37.81935], [120.94075, 37.80646], [120.9288, 37.78872], [120.94093, 37.77399], [120.97535, 37.75137], [121.00537, 37.74428], [121.02198, 37.7167], [121.03256, 37.7104], [121.06699, 37.71353], [121.11329, 37.70823], [121.13794, 37.70115], [121.14851, 37.6894], [121.13217, 37.6645], [121.13014, 37.6518], [121.14851, 37.63788], [121.13551, 37.62629], [121.13437, 37.61054], [121.1421, 37.59467], [121.15537, 37.58259], [121.17164, 37.57709], [121.30812, 37.58124], [121.34474, 37.59081], [121.37452, 37.61054], [121.35405, 37.63786], [121.39327, 37.6226], [121.42975, 37.59688], [121.39845, 37.59488], [121.38144, 37.58299], [121.38168, 37.56611], [121.44678, 37.51959], [121.46395, 37.49945], [121.4769, 37.468], [121.53711, 37.45623], [121.57032, 37.42866], [121.59165, 37.42446], [121.67612, 37.43919], [121.65488, 37.45771], [121.63429, 37.46239], [121.58743, 37.45357], [121.60282, 37.47201], [121.63502, 37.48126], [121.65943, 37.47272], [121.73243, 37.46174], [121.93783, 37.46425], [121.95727, 37.4597], [121.95727, 37.45356], [121.94459, 37.44074], [121.9498, 37.4256], [121.98805, 37.4256], [121.99741, 37.43407], [121.97788, 37.47188], [121.98122, 37.48016], [121.99464, 37.48672], [122.02549, 37.52785], [122.06153, 37.53718], [122.07179, 37.5445], [122.06716, 37.56272], [122.09506, 37.54914], [122.10947, 37.55223], [122.12184, 37.56272], [122.13949, 37.5506], [122.15185, 37.53286], [122.15258, 37.51454], [122.13551, 37.50068], [122.12989, 37.48347], [122.14145, 37.45661], [122.16212, 37.43309], [122.1832, 37.41816], [122.22422, 37.45798], [122.24537, 37.45969], [122.2618, 37.45091], [122.27858, 37.4239], [122.29648, 37.41816], [122.45704, 37.41816], [122.47803, 37.42559], [122.48805, 37.41193], [122.57057, 37.40156], [122.59164, 37.40436], [122.60093, 37.41502], [122.6124, 37.4186], [122.68043, 37.41501], [122.68823, 37.40981], [122.68872, 37.38972], [122.67896, 37.37468], [122.6561, 37.38459], [122.61459, 37.37092], [122.57081, 37.34479], [122.59114, 37.31415], [122.59472, 37.29526], [122.55763, 37.31908], [122.54965, 37.31977], [122.56007, 37.27473], [122.59473, 37.23688], [122.60288, 37.20991], [122.6289, 37.19964], [122.6289, 37.19283], [122.57431, 37.18537], [122.56324, 37.17316], [122.57715, 37.15778], [122.5743, 37.14445], [122.54347, 37.15664], [122.51002, 37.15522], [122.48268, 37.13996], [122.4707, 37.11031], [122.46446, 37.11031], [122.46445, 37.15184], [122.45395, 37.15428], [122.44435, 37.13654], [122.43637, 37.08979], [122.4541, 37.07745], [122.45703, 37.06591], [122.41122, 37.03653], [122.40235, 37.02147], [122.40919, 37.00629], [122.42433, 37.00365], [122.43702, 37.01162], [122.43638, 37.02773], [122.46119, 37.03082], [122.51303, 37.02049], [122.54004, 37.02772], [122.5254, 36.94449], [122.53271, 36.92593], [122.52656, 36.91443], [122.50742, 36.89803], [122.49856, 36.90421], [122.5001, 36.91559], [122.51271, 36.93464], [122.49855, 36.93891], [122.49391, 36.9326], [122.45663, 36.92065], [122.43995, 36.91845], [122.4122, 36.92475], [122.40577, 36.92219], [122.40341, 36.90664], [122.42945, 36.88812], [122.43636, 36.87068], [122.43074, 36.86455], [122.40267, 36.85707], [122.38559, 36.86323], [122.37973, 36.8614], [122.37573, 36.84956], [122.35523, 36.8291], [122.31955, 36.82299], [122.20059, 36.84271], [122.18533, 36.84993], [122.18069, 36.8664], [122.18478, 36.88475], [122.19688, 36.89801], [122.26588, 36.89802], [122.25294, 36.90595], [122.2112, 36.91845], [122.1627, 36.9458], [122.17856, 36.98627], [122.1797, 37.00581], [122.16611, 37.01411], [122.14999, 37.00532], [122.14918, 36.96214], [122.14291, 36.9458], [122.09433, 36.95091], [122.08089, 36.91658], [122.06498, 36.90665], [122.03307, 36.89803], [122.03762, 36.96368], [122.0538, 36.97525], [122.04916, 36.97993], [122.02931, 36.98676], [121.92628, 36.9936], [121.91489, 36.98583], [121.92335, 36.96849], [121.94957, 36.93878], [121.91512, 36.92024], [121.78598, 36.89118], [121.75587, 36.8723], [121.74487, 36.84724], [121.72833, 36.83603], [121.64944, 36.81608], [121.64942, 36.82225], [121.68417, 36.83592], [121.68417, 36.84276], [121.65821, 36.84015], [121.63746, 36.83137], [121.62452, 36.81476], [121.62143, 36.78876], [121.63427, 36.74657], [121.62525, 36.74039], [121.60354, 36.74967], [121.59425, 36.76765], [121.58302, 36.76285], [121.56007, 36.76765], [121.52589, 36.75398], [121.50352, 36.76045], [121.49644, 36.77448], [121.5032, 36.78863], [121.54737, 36.79816], [121.57302, 36.81964], [121.59522, 36.82632], [121.60475, 36.83251], [121.60719, 36.84496], [121.58814, 36.84618], [121.54648, 36.83592], [121.52222, 36.81217], [121.51157, 36.80858], [121.49815, 36.81087], [121.49228, 36.82392], [121.48439, 36.82909], [121.45948, 36.82868], [121.45297, 36.81639], [121.45802, 36.80195], [121.4707, 36.78962], [121.45337, 36.7574], [121.44459, 36.75347], [121.40895, 36.75397], [121.39015, 36.74681], [121.37778, 36.73151], [121.3794, 36.71699], [121.40167, 36.71239], [121.38502, 36.70649], [121.31422, 36.71182], [121.15773, 36.66861], [121.12802, 36.65095], [121.08017, 36.61002], [121.06276, 36.61006], [121.04249, 36.62767], [121.03248, 36.62425], [121.03252, 36.58971], [121.02353, 36.58394], [120.99838, 36.5895], [120.94468, 36.59123], [120.92882, 36.59635], [120.93653, 36.61196], [120.93336, 36.62027], [120.89292, 36.6284], [120.86476, 36.64671], [120.8506, 36.65095], [120.82407, 36.64399], [120.77084, 36.61718], [120.75058, 36.61685], [120.74692, 36.60318], [120.75756, 36.59634], [120.74228, 36.55585], [120.75025, 36.54076], [120.77866, 36.54108], [120.79379, 36.55097], [120.82643, 36.59633], [120.85035, 36.60455], [120.86458, 36.59771], [120.89479, 36.56159], [120.92025, 36.55328], [120.9275, 36.5329], [120.93849, 36.53437], [120.9568, 36.54791], [120.9636, 36.5477], [120.96142, 36.53144], [120.94117, 36.50971], [120.93629, 36.49702], [120.94995, 36.45918], [120.90626, 36.45238], [120.89479, 36.43867], [120.90096, 36.42768], [120.89838, 36.41185], [120.87427, 36.38061], [120.86744, 36.3772], [120.84971, 36.38614], [120.844, 36.42268], [120.82644, 36.43253], [120.83204, 36.45527], [120.8069, 36.46393], [120.75058, 36.45917], [120.73706, 36.43867], [120.71412, 36.4287], [120.68653, 36.38715], [120.69068, 36.37084], [120.72216, 36.33056], [120.70728, 36.32267], [120.66196, 36.33633], [120.64772, 36.33088], [120.64365, 36.3225], [120.66194, 36.3015], [120.65455, 36.28827], [120.67049, 36.26563], [120.68751, 36.18789], [120.70483, 36.15624], [120.69653, 36.14388], [120.62778, 36.11654], [120.61671, 36.12336], [120.5936, 36.10978], [120.5652, 36.11579], [120.55161, 36.11371], [120.54589, 36.09977], [120.53622, 36.09147], [120.47364, 36.08926], [120.42172, 36.06197], [120.36948, 36.04877], [120.35353, 36.04085], [120.32472, 36.0572], [120.29202, 36.06197], [120.29202, 36.0681], [120.30844, 36.07953], [120.3135, 36.10448], [120.33497, 36.13614], [120.36158, 36.19164], [120.3392, 36.2226], [120.32278, 36.22639], [120.30641, 36.27424], [120.28647, 36.26382], [120.27353, 36.23428], [120.27516, 36.20409], [120.29882, 36.19163], [120.28451, 36.17598], [120.21633, 36.19913], [120.21909, 36.22191], [120.18678, 36.21906], [120.14454, 36.2089], [120.11728, 36.20966], [120.10816, 36.22553], [120.09718, 36.22639], [120.08595, 36.20913], [120.10532, 36.20087], [120.10921, 36.18879], [120.08937, 36.14769], [120.08969, 36.11172], [120.10019, 36.0961], [120.15405, 36.07704], [120.16846, 36.06195], [120.1753, 35.99364], [120.18605, 35.98452], [120.19776, 35.9853], [120.22998, 35.99989], [120.2295, 35.9728], [120.24277, 35.97358], [120.28077, 35.99824], [120.28493, 36.01092], [120.30315, 35.9938], [120.30526, 35.98701], [120.29883, 35.97314], [120.28443, 35.9626], [120.2444, 35.95307], [120.22682, 35.94184], [120.17531, 35.89007], [120.17051, 35.90746], [120.18971, 35.93154], [120.18898, 35.94526], [120.16847, 35.93842], [120.13575, 35.90413], [120.09718, 35.90082], [120.05226, 35.86262], [120.03883, 35.84284], [120.01977, 35.75976], [120.00293, 35.72778], [119.96999, 35.73238], [119.93776, 35.76114], [119.90821, 35.74486], [119.90016, 35.73627], [119.93562, 35.70502], [119.90162, 35.67154], [119.90845, 35.63398], [119.90454, 35.62459], [119.85998, 35.60623], [119.84328, 35.6158], [119.83409, 35.63532], [119.8401, 35.6579], [119.81162, 35.6479], [119.771, 35.59334], [119.74392, 35.57594], [119.74838, 35.60932], [119.74391, 35.61689], [119.73251, 35.62084], [119.70712, 35.61416], [119.69655, 35.59933], [119.64796, 35.58393], [119.6041, 35.48802], [119.59973, 35.46894], [119.56454, 35.42471], [119.5622, 35.40042], [119.55151, 35.38004], [119.50765, 35.33235], [119.46957, 35.32149], [119.42872, 35.32148], [119.42392, 35.31346], [119.42187, 35.27741], [119.40455, 35.25373], [119.38771, 35.20539], [119.3706, 35.11742], [119.35799, 35.09712], [119.33619, 35.0887], [119.2212, 35.06403], [119.20729, 35.04841], [119.20393, 35.02497], [119.19288, 35.00043], [119.19288, 34.97403], [119.20337, 34.93163], [119.1887, 34.85627], [119.19313, 34.80988], [119.2019, 34.78498], [119.18906, 34.76655], [119.19531, 34.75971], [119.18873, 34.73306], [119.19223, 34.71821], [119.20338, 34.7119], [119.20981, 34.71857], [119.22935, 34.7597], [119.24179, 34.76165], [119.29135, 34.75348], [119.31178, 34.75507], [119.32496, 34.76], [119.34669, 34.78081], [119.38771, 34.75348], [119.44222, 34.74603], [119.46322, 34.73236], [119.4742, 34.71527], [119.47273, 34.69815], [119.45655, 34.68456], [119.53175, 34.61571], [119.58871, 34.58221], [119.60922, 34.56273], [119.64095, 34.55052], [119.64772, 34.53384], [119.68555, 34.53381], [119.72849, 34.52422], [119.75122, 34.51422], [119.79526, 34.48168], [119.82618, 34.4704], [119.90504, 34.4649], [119.94021, 34.45781], [120.02277, 34.41948], [120.0787, 34.37751], [120.11818, 34.3596], [120.23975, 34.32367], [120.25708, 34.31183], [120.27418, 34.24453], [120.30382, 34.18995], [120.27934, 34.14719], [120.23067, 34.08983], [120.16922, 34.04104], [120.09715, 34.00286], [120.01333, 33.97564], [120.00531, 33.95482], [120.01085, 33.93894], [120.02483, 33.92443], [120.08585, 33.89753], [120.08711, 33.87394], [120.06811, 33.81167], [120.0729, 33.78869], [120.18892, 33.65246], [120.26461, 33.50153], [120.2907, 33.46106], [120.31272, 33.44488], [120.37771, 33.41929], [120.3942, 33.40447], [120.3867, 33.37489], [120.34271, 33.30242], [120.33973, 33.27797], [120.34767, 33.25995], [120.3649, 33.23931], [120.48137, 33.13557], [120.50933, 33.0937], [120.54614, 33.00718], [120.64244, 33.02046], [120.68439, 33.02166], [120.89351, 33.0025], [120.88868, 32.96271], [120.90777, 32.84414], [120.90478, 32.81265], [120.8803, 32.77204], [120.85239, 32.75601], [120.8614, 32.71967], [120.86043, 32.68977], [120.84311, 32.70392], [120.8414, 32.71109], [120.84693, 32.71768], [120.8401, 32.72451], [120.83017, 32.70942], [120.83033, 32.69766], [120.86387, 32.67106], [120.9066, 32.6597], [120.9112, 32.63012], [120.94389, 32.60522], [120.97501, 32.5951], [121.08618, 32.53603], [121.09871, 32.52114], [121.10084, 32.49795], [121.10768, 32.49795], [121.12021, 32.50738], [121.15725, 32.49559], [121.35413, 32.41481], [121.3894, 32.38494], [121.40117, 32.35182], [121.41927, 32.25032], [121.36671, 32.23896], [121.36085, 32.23164], [121.36799, 32.22738], [121.39869, 32.16893], [121.42513, 32.16404], [121.43214, 32.13386], [121.44337, 32.11432], [121.44947, 32.11274], [121.4673, 32.12176], [121.48805, 32.10814], [121.5305, 32.10853], [121.5539, 32.10258], [121.65536, 32.06293], [121.69743, 32.03558], [121.70308, 31.94733], [121.69873, 31.8764], [121.67817, 31.80774], [121.64026, 31.73739], [121.57431, 31.76553], [121.51743, 31.78344], [121.49488, 31.80646], [121.3174, 31.88325], [121.28642, 31.89059], [121.22786, 31.8659], [121.11508, 31.79635], [121.08663, 31.80185], [121.03994, 31.81933], [121.00536, 31.82078], [120.97782, 31.81438], [120.95064, 31.82524], [120.94067, 31.84444], [120.94484, 31.88459], [120.94142, 31.89252], [120.91929, 31.89937], [120.90553, 31.92597], [120.84693, 31.99144], [120.8108, 32.02261], [120.74365, 32.03605], [120.63438, 32.07701], [120.56549, 32.07672], [120.49076, 32.08245], [120.36158, 32.02558], [120.30052, 31.97186], [120.26709, 31.94868], [120.22345, 31.93683], [120.17587, 31.93668], [120.13156, 31.94315], [120.05234, 31.97094], [120.02004, 31.9908], [119.9919, 32.01603], [119.91221, 32.12373], [119.90849, 32.1391], [119.92213, 32.21743], [119.90048, 32.1982], [119.88755, 32.21386], [119.87428, 32.26512], [119.84213, 32.29906], [119.81837, 32.31371], [119.75807, 32.32697], [119.6924, 32.31978], [119.64088, 32.35883], [119.61288, 32.35456], [119.66074, 32.32722], [119.68538, 32.29243], [119.67848, 32.28628], [119.64902, 32.21955], [119.60605, 32.19693], [119.6277, 32.1894], [119.64527, 32.19522], [119.69044, 32.23533], [119.70142, 32.23346], [119.73024, 32.2106], [119.77857, 32.20466], [119.78857, 32.19864], [119.76376, 32.1625], [119.76442, 32.14374], [119.77247, 32.12678], [119.78492, 32.11432], [119.85556, 32.08698], [119.9385, 32.01804], [119.97868, 31.96896], [120.0064, 31.9503], [120.13095, 31.9123], [120.17832, 31.9042], [120.22999, 31.90888], [120.34117, 31.95631], [120.41822, 31.96967], [120.45578, 31.98252], [120.45542, 32.02142], [120.46949, 32.02512], [120.51783, 32.01873], [120.60426, 31.99144], [120.68995, 31.99822], [120.7501, 31.97842], [120.77982, 31.91588], [120.80744, 31.87377], [120.82479, 31.8287], [120.80775, 31.80975], [120.75174, 31.82462], [120.71713, 31.86107], [120.72079, 31.83194], [120.73146, 31.81387], [120.74838, 31.80223], [120.8319, 31.77777], [121.01404, 31.74294], [121.06735, 31.72392], [121.14413, 31.6848], [121.24471, 31.6004], [121.32032, 31.50483], [121.36085, 31.47748], [121.41773, 31.45278], [121.44801, 31.4265], [121.47498, 31.40992], [121.44473, 31.38051], [121.38483, 31.33758], [121.29895, 31.29613], [121.21643, 31.27457], [121.17342, 31.26929], [121.06807, 31.2715], [121.05961, 31.26735], [121.05842, 31.25986], [121.12431, 31.10798], [121.14572, 31.03674], [121.14606, 30.98453], [121.13743, 30.93529], [121.11979, 30.89582], [121.10659, 30.88386], [121.09113, 30.882], [121.07006, 30.8875], [120.93644, 30.95482], [120.85221, 30.96727], [120.7657, 30.96961], [120.7265, 30.96361], [120.70702, 30.95364], [120.65173, 30.88189], [120.63117, 30.86177], [120.60866, 30.85615], [120.55088, 30.85179], [120.52824, 30.84467], [120.47825, 30.78431], [120.45569, 30.77494], [120.45652, 30.76659], [120.46501, 30.76248], [120.64793, 30.76459], [120.71098, 30.81906], [120.77938, 30.86404], [120.90765, 30.82968], [120.9963, 30.79306], [121.20359, 30.66548], [121.14853, 30.62783], [121.13086, 30.59976], [121.12134, 30.59301], [121.0474, 30.58276], [121.02023, 30.57107], [120.97776, 30.54332], [120.94889, 30.50682], [120.93165, 30.47305], [120.9288, 30.45307], [120.93953, 30.42194], [120.9288, 30.40812], [120.89479, 30.40127], [120.91512, 30.38076], [120.91512, 30.37459], [120.88819, 30.36856], [120.83178, 30.30526], [120.81073, 30.29658], [120.78744, 30.29364], [120.76963, 30.30604], [120.754, 30.32707], [120.74496, 30.35961], [120.69815, 30.39395], [120.667, 30.4015], [120.61919, 30.4061], [120.47915, 30.40352], [120.43032, 30.38984], [120.40723, 30.35424], [120.38883, 30.29084], [120.37897, 30.27354], [120.36455, 30.26865], [120.34228, 30.27425], [120.31625, 30.29092], [120.28517, 30.29881], [120.2579, 30.29808], [120.23978, 30.28888], [120.19577, 30.23289], [120.14709, 30.19889], [120.17897, 30.20067], [120.23024, 30.23604], [120.25002, 30.27008], [120.27439, 30.27761], [120.29552, 30.27873], [120.33137, 30.24924], [120.35034, 30.24073], [120.36812, 30.24085], [120.38472, 30.24959], [120.42096, 30.30542], [120.4505, 30.36885], [120.52455, 30.37785], [120.6216, 30.37255], [120.65166, 30.35926], [120.68494, 30.27178], [120.69869, 30.2518], [120.72551, 30.24263], [120.73439, 30.2322], [120.69135, 30.19745], [120.66596, 30.16624], [120.63011, 30.13497], [120.63179, 30.12239], [120.65332, 30.10254], [120.68246, 30.08491], [120.7234, 30.07974], [120.76498, 30.08662], [120.79225, 30.06607], [120.7837, 30.0893], [120.76466, 30.09662], [120.71412, 30.09333], [120.688, 30.09781], [120.66456, 30.1096], [120.64625, 30.12694], [120.70105, 30.18455], [120.75136, 30.22558], [120.81348, 30.21324], [120.82862, 30.18499], [120.85322, 30.17444], [120.89281, 30.1698], [120.92351, 30.18585], [120.95419, 30.19196], [120.9944, 30.21109], [121.10914, 30.28278], [121.1497, 30.32574], [121.18539, 30.33755], [121.25434, 30.34835], [121.37738, 30.32505], [121.42958, 30.29297], [121.45559, 30.2684], [121.53996, 30.26407], [121.63913, 30.20873], [121.65207, 30.19496], [121.6469, 30.19157], [121.61989, 30.19169], [121.54163, 30.20832], [121.50109, 30.22541], [121.55471, 30.16071], [121.62332, 30.05988], [121.65831, 30.01839], [121.67776, 30.00064], [121.70676, 29.98511], [121.73233, 29.9786], [121.72193, 29.96052], [121.75011, 29.9725], [121.76774, 29.97309], [121.81643, 29.95148], [121.91487, 29.91869], [121.93556, 29.88736], [121.9817, 29.89029], [122.05624, 29.88736], [122.10589, 29.90694], [122.12913, 29.90377], [122.1364, 29.88454], [122.11506, 29.87174], [122.02817, 29.836], [121.98304, 29.82318], [121.93678, 29.79169], [121.90217, 29.75255], [121.88532, 29.76128], [121.87315, 29.75383], [121.86244, 29.70801], [121.77646, 29.65262], [121.7041, 29.57202], [121.68761, 29.5628], [121.667, 29.5566], [121.62387, 29.55443], [121.60914, 29.54573], [121.59277, 29.54364], [121.57431, 29.55215], [121.53082, 29.51003], [121.52256, 29.51293], [121.51684, 29.54609], [121.51104, 29.54899], [121.48439, 29.54466], [121.45834, 29.52522], [121.44337, 29.52424], [121.44337, 29.51801], [121.45701, 29.50087], [121.45531, 29.48936], [121.42784, 29.46795], [121.4427, 29.43976], [121.44259, 29.41537], [121.46507, 29.42089], [121.47976, 29.47475], [121.50487, 29.48381], [121.49179, 29.45596], [121.51367, 29.45196], [121.51172, 29.43757], [121.49715, 29.4222], [121.47763, 29.41275], [121.48486, 29.39054], [121.50893, 29.39835], [121.53132, 29.41704], [121.56965, 29.47457], [121.64267, 29.49522], [121.67555, 29.51048], [121.67431, 29.52033], [121.71095, 29.53863], [121.72461, 29.53847], [121.72657, 29.52228], [121.73129, 29.51801], [121.76399, 29.53076], [121.76645, 29.52065], [121.75722, 29.49905], [121.76457, 29.47665], [121.77838, 29.46942], [121.81199, 29.49012], [121.83059, 29.52805], [121.84742, 29.52424], [121.84482, 29.5362], [121.81398, 29.55215], [121.78298, 29.54347], [121.75827, 29.5481], [121.74498, 29.54468], [121.74843, 29.56256], [121.77432, 29.57544], [121.79613, 29.60058], [121.83453, 29.61556], [121.85402, 29.61591], [121.86793, 29.62725], [121.88014, 29.62352], [121.89964, 29.62753], [121.91578, 29.64084], [121.92725, 29.63446], [121.94264, 29.61127], [121.96631, 29.60247], [121.97119, 29.59333], [121.97094, 29.56892], [121.96371, 29.56022], [121.94117, 29.55117], [121.94978, 29.53849], [121.91041, 29.52456], [121.91236, 29.51431], [121.94409, 29.4977], [121.93995, 29.48701], [121.94272, 29.47972], [121.97094, 29.44912], [121.96932, 29.43916], [121.95777, 29.42308], [121.95728, 29.40818], [121.93629, 29.42772], [121.92256, 29.41815], [121.92909, 29.40874], [121.91573, 29.3907], [121.92143, 29.3813], [121.91625, 29.34894], [121.92944, 29.33925], [121.9314, 29.32388], [121.92505, 29.31909], [121.90895, 29.31879], [121.91577, 29.30513], [121.90048, 29.29865], [121.90585, 29.28461], [121.92221, 29.27049], [121.93995, 29.26415], [121.94956, 29.26728], [121.96266, 29.28143], [121.97437, 29.2846], [121.99144, 29.25732], [121.96656, 29.25576], [121.95322, 29.24966], [121.95069, 29.23713], [121.95727, 29.2164], [121.94296, 29.22321], [121.93971, 29.21011], [121.94295, 29.19588], [121.92213, 29.19579], [121.89381, 29.18708], [121.84058, 29.16113], [121.81255, 29.16148], [121.78536, 29.16809], [121.80182, 29.29267], [121.79967, 29.30512], [121.81837, 29.31623], [121.84059, 29.31879], [121.83066, 29.33389], [121.81699, 29.33218], [121.79966, 29.3188], [121.78818, 29.32856], [121.78793, 29.3426], [121.79965, 29.37397], [121.78663, 29.3745], [121.77589, 29.37263], [121.75864, 29.35977], [121.77084, 29.3378], [121.77784, 29.29663], [121.7743, 29.25389], [121.74568, 29.20161], [121.72432, 29.18204], [121.70421, 29.17419], [121.6706, 29.17576], [121.65247, 29.18303], [121.63917, 29.21727], [121.64161, 29.26756], [121.65455, 29.29999], [121.64039, 29.30663], [121.62485, 29.30146], [121.62892, 29.28461], [121.6229, 29.26411], [121.63233, 29.21064], [121.62891, 29.18845], [121.61468, 29.2062], [121.58872, 29.29149], [121.57431, 29.30512], [121.56308, 29.30418], [121.56202, 29.29584], [121.5741, 29.27767], [121.55083, 29.27144], [121.52589, 29.27778], [121.52589, 29.27098], [121.53637, 29.25828], [121.53039, 29.23803], [121.50489, 29.20893], [121.51172, 29.18928], [121.5035, 29.17895], [121.49098, 29.17598], [121.48024, 29.19721], [121.4712, 29.19135], [121.45638, 29.16113], [121.43141, 29.17219], [121.41977, 29.17145], [121.40854, 29.16112], [121.44334, 29.14742], [121.43605, 29.14061], [121.45638, 29.1406], [121.45638, 29.13378], [121.42832, 29.12714], [121.4017, 29.10651], [121.49684, 29.10444], [121.52866, 29.11505], [121.62142, 29.11326], [121.6246, 29.08828], [121.61473, 29.05804], [121.59921, 29.05024], [121.55641, 29.06489], [121.53688, 29.06118], [121.53028, 29.05117], [121.53207, 29.02049], [121.5381, 29.01805], [121.5486, 29.02143], [121.55275, 29.02871], [121.53956, 29.03758], [121.55738, 29.04902], [121.61744, 29.03998], [121.64194, 29.05124], [121.68172, 29.02675], [121.68977, 29.01708], [121.67587, 29.01325], [121.66171, 29.00292], [121.65382, 28.98859], [121.65943, 28.97272], [121.68465, 28.96751], [121.68417, 28.95563], [121.71776, 28.94879], [121.69752, 28.93684], [121.68417, 28.91471], [121.60557, 28.94246], [121.58741, 28.96312], [121.58528, 28.93831], [121.57081, 28.93009], [121.5543, 28.9357], [121.54648, 28.95222], [121.51686, 28.95637], [121.49781, 28.94965], [121.49179, 28.92837], [121.50488, 28.9352], [121.51181, 28.91694], [121.51767, 28.91279], [121.52589, 28.91469], [121.53517, 28.90371], [121.58058, 28.88679], [121.60142, 28.89359], [121.61084, 28.89117], [121.61695, 28.88028], [121.62671, 28.88083], [121.6289, 28.87714], [121.62143, 28.85635], [121.62355, 28.84227], [121.64194, 28.84584], [121.66992, 28.82534], [121.64674, 28.80769], [121.63575, 28.80484], [121.63575, 28.79804], [121.6626, 28.79803], [121.6626, 28.7906], [121.64259, 28.784], [121.61826, 28.76195], [121.61476, 28.75642], [121.62142, 28.73591], [121.60555, 28.72469], [121.50278, 28.70039], [121.35119, 28.71186], [121.32017, 28.72485], [121.29029, 28.75161], [121.23788, 28.76386], [121.22438, 28.79804], [121.21445, 28.80732], [121.1736, 28.81786], [121.16285, 28.82534], [121.15211, 28.84252], [121.14234, 28.84585], [121.15968, 28.81354], [121.20607, 28.79906], [121.21827, 28.78579], [121.23121, 28.76016], [121.24082, 28.75275], [121.2859, 28.73827], [121.29933, 28.72289], [121.29865, 28.70122], [121.27036, 28.68744], [121.25839, 28.67512], [121.32765, 28.69204], [121.365, 28.69603], [121.38136, 28.68195], [121.41383, 28.6966], [121.45484, 28.68952], [121.51012, 28.65705], [121.52554, 28.62465], [121.53843, 28.57145], [121.54944, 28.55101], [121.57315, 28.52513], [121.58161, 28.50471], [121.52101, 28.50104], [121.51157, 28.48949], [121.54493, 28.49247], [121.58455, 28.48911], [121.60773, 28.4772], [121.60035, 28.46543], [121.58444, 28.45422], [121.58378, 28.44295], [121.60745, 28.42031], [121.61589, 28.39721], [121.63225, 28.37944], [121.62852, 28.3639], [121.63404, 28.34724], [121.64771, 28.34845], [121.65633, 28.3393], [121.62117, 28.2849], [121.60791, 28.27046], [121.58554, 28.25683], [121.57815, 28.26033], [121.58058, 28.30085], [121.5675, 28.30451], [121.54149, 28.32179], [121.49999, 28.33267], [121.47309, 28.3306], [121.44125, 28.31171], [121.43604, 28.29712], [121.40895, 28.30492], [121.39894, 28.29849], [121.39552, 28.28408], [121.40138, 28.27611], [121.41878, 28.26972], [121.41601, 28.25618], [121.40804, 28.24629], [121.37452, 28.23627], [121.36484, 28.22582], [121.35402, 28.18789], [121.37451, 28.19524], [121.37408, 28.17278], [121.36084, 28.15376], [121.34579, 28.14518], [121.3301, 28.14754], [121.30934, 28.17487], [121.28786, 28.1809], [121.2617, 28.22579], [121.22518, 28.23887], [121.24887, 28.27021], [121.23683, 28.3061], [121.20315, 28.33186], [121.21754, 28.35236], [121.24415, 28.34911], [121.2562, 28.35517], [121.26466, 28.36603], [121.23097, 28.35908], [121.21412, 28.36058], [121.18409, 28.38215], [121.16896, 28.38483], [121.16163, 28.37751], [121.16894, 28.35977], [121.1443, 28.34357], [121.13024, 28.30556], [121.07212, 28.29169], [121.06666, 28.31143], [121.02499, 28.30459], [121.03956, 28.28535], [121.05812, 28.27993], [121.07895, 28.27814], [121.1218, 28.28435], [121.13008, 28.26593], [121.1248, 28.23579], [121.10892, 28.19957], [121.08598, 28.16668], [121.05338, 28.14816], [121.00938, 28.10313], [121.00202, 28.08564], [121.00087, 28.05064], [120.9935, 28.02578], [120.96522, 27.98715], [120.9214, 27.98169], [120.87998, 27.99872], [120.81959, 27.98925], [120.7811, 28.00239], [120.73105, 28.03583], [120.66196, 28.0445], [120.62094, 28.03994], [120.60605, 28.04223], [120.59018, 28.05439], [120.58497, 28.09553], [120.577, 28.11563], [120.55958, 28.11278], [120.58017, 28.08979], [120.58009, 28.04613], [120.58204, 28.03433], [120.58896, 28.02668], [120.67359, 28.0217], [120.70728, 28.0097], [120.75058, 27.97557], [120.83529, 27.95595], [120.84725, 27.94895], [120.86375, 27.9181], [120.86261, 27.90287], [120.86835, 27.88256], [120.85226, 27.8582], [120.827, 27.84905], [120.80749, 27.83483], [120.79601, 27.80537], [120.74095, 27.73321], [120.72261, 27.71592], [120.70426, 27.71285], [120.63526, 27.76333], [120.63673, 27.74584], [120.67244, 27.71149], [120.68017, 27.68638], [120.66986, 27.67721], [120.66758, 27.66806], [120.67562, 27.65965], [120.66647, 27.62536], [120.63559, 27.60871], [120.59657, 27.57028], [120.61846, 27.51642], [120.63339, 27.50731], [120.66216, 27.50313], [120.67684, 27.49461], [120.68192, 27.48139], [120.67806, 27.46646], [120.66561, 27.45173], [120.6465, 27.44449], [120.63624, 27.416], [120.64892, 27.40021], [120.63526, 27.37972], [120.54591, 27.40327], [120.53963, 27.36522], [120.52733, 27.34979], [120.50489, 27.34496], [120.50489, 27.33877], [120.5344, 27.33311], [120.54744, 27.32757], [120.54931, 27.32103], [120.54395, 27.28596], [120.51783, 27.26301], [120.52596, 27.23884], [120.50815, 27.21601], [120.51782, 27.20161], [120.49903, 27.19721], [120.46836, 27.18221], [120.45973, 27.22044], [120.42172, 27.22207], [120.42042, 27.1979], [120.42919, 27.17367], [120.40675, 27.18423], [120.37623, 27.23627], [120.34726, 27.24942], [120.30307, 27.24226], [120.29201, 27.24942], [120.28811, 27.26447], [120.29513, 27.27607], [120.31935, 27.29035], [120.31007, 27.29531], [120.30641, 27.29035], [120.29885, 27.2978], [120.30909, 27.30394], [120.31186, 27.31769], [120.28517, 27.30404], [120.26401, 27.32445], [120.27149, 27.30403], [120.25856, 27.30001], [120.22372, 27.31147], [120.23072, 27.29833], [120.24366, 27.29013], [120.24365, 27.28352], [120.22568, 27.26863], [120.19581, 27.2978], [120.19215, 27.28766], [120.1958, 27.26301], [120.1753, 27.23884], [120.1775, 27.2215], [120.18238, 27.21686], [120.20192, 27.21784], [120.20949, 27.23508], [120.2566, 27.25689], [120.264, 27.25283], [120.27003, 27.23945], [120.29759, 27.22681], [120.30641, 27.21528], [120.33359, 27.23509], [120.33359, 27.22891], [120.33985, 27.22891], [120.34726, 27.24258], [120.36484, 27.22508], [120.36548, 27.20983], [120.34726, 27.18049], [120.37009, 27.18739], [120.42171, 27.15314], [120.42171, 27.14697], [120.38461, 27.14985], [120.37387, 27.14696], [120.40797, 27.13955], [120.40796, 27.13272], [120.38136, 27.12523], [120.37387, 27.13272], [120.36704, 27.12523], [120.38136, 27.11904], [120.38136, 27.11225], [120.37387, 27.11225], [120.37387, 27.10602], [120.39498, 27.10601], [120.37753, 27.09859], [120.35765, 27.09842], [120.28273, 27.11231], [120.26206, 27.12995], [120.24366, 27.13272], [120.27832, 27.06379], [120.2715, 27.05758], [120.25782, 27.07266], [120.23215, 27.05067], [120.21632, 27.04393], [120.21632, 27.0371], [120.24154, 27.03399], [120.25561, 27.01752], [120.25521, 26.99706], [120.23739, 26.98189], [120.22999, 26.98933], [120.19357, 26.98139], [120.14869, 26.98188], [120.18702, 26.96353], [120.19956, 26.96137], [120.23568, 26.96637], [120.24365, 26.95515], [120.22999, 26.9409], [120.23738, 26.92724], [120.2193, 26.91557], [120.20096, 26.91539], [120.16847, 26.92723], [120.12574, 26.92731], [120.11362, 26.91877], [120.12068, 26.89989], [120.09555, 26.88729], [120.08327, 26.88631], [120.05576, 26.89989], [120.03199, 26.89989], [120.05526, 26.88939], [120.02516, 26.86018], [120.02451, 26.83788], [120.04762, 26.82323], [120.0765, 26.81727], [120.11085, 26.79873], [120.12816, 26.79693], [120.09775, 26.75849], [120.10019, 26.74291], [120.1124, 26.73574], [120.14282, 26.73281], [120.14868, 26.72118], [120.14356, 26.71012], [120.10768, 26.70132], [120.10206, 26.68915], [120.10361, 26.67528], [120.1207, 26.64606], [120.13436, 26.65349], [120.13436, 26.64607], [120.08042, 26.61743], [120.07522, 26.62149], [120.07651, 26.63011], [120.08668, 26.63923], [120.07968, 26.64606], [120.01517, 26.61136], [119.95997, 26.61127], [119.94874, 26.60615], [119.94117, 26.59333], [119.93544, 26.56031], [119.88428, 26.52319], [119.84718, 26.52364], [119.83571, 26.5314], [119.83263, 26.55048], [119.83596, 26.5615], [119.85377, 26.56411], [119.85378, 26.59829], [119.86851, 26.61005], [119.92897, 26.62564], [119.98414, 26.65351], [119.97683, 26.67401], [119.98634, 26.67963], [120.01148, 26.72116], [120.03232, 26.71662], [120.032, 26.72858], [120.07765, 26.78559], [120.07968, 26.79694], [120.06748, 26.80048], [120.0149, 26.79004], [119.9463, 26.79694], [119.92514, 26.79218], [119.92368, 26.78124], [119.93562, 26.75902], [119.92407, 26.73249], [119.90187, 26.71011], [119.88803, 26.68724], [119.90161, 26.65974], [119.87932, 26.65531], [119.85695, 26.65352], [119.85377, 26.68769], [119.82919, 26.71499], [119.79177, 26.68771], [119.80227, 26.76679], [119.81154, 26.77577], [119.8401, 26.79002], [119.81577, 26.79759], [119.79177, 26.79004], [119.79738, 26.81639], [119.83481, 26.83251], [119.84628, 26.8522], [119.81984, 26.84927], [119.79835, 26.84138], [119.78199, 26.82852], [119.76523, 26.79409], [119.77054, 26.75882], [119.76644, 26.74495], [119.75619, 26.73775], [119.74301, 26.73714], [119.73025, 26.74291], [119.73268, 26.76341], [119.72608, 26.78653], [119.71201, 26.80793], [119.69239, 26.81737], [119.6858, 26.812], [119.67628, 26.78587], [119.67799, 26.76313], [119.72738, 26.71792], [119.73022, 26.70474], [119.72494, 26.69783], [119.69614, 26.7082], [119.64601, 26.75332], [119.62656, 26.7491], [119.62038, 26.76557], [119.62184, 26.78677], [119.60605, 26.79694], [119.58456, 26.79462], [119.57553, 26.78803], [119.57942, 26.77644], [119.55763, 26.75877], [119.55209, 26.74909], [119.55152, 26.72516], [119.55893, 26.7082], [119.57081, 26.70327], [119.59595, 26.7033], [119.60604, 26.69452], [119.60822, 26.68332], [119.59986, 26.64608], [119.55893, 26.66657], [119.54444, 26.6625], [119.54111, 26.65632], [119.55421, 26.61518], [119.59237, 26.59088], [119.59986, 26.57038], [119.60605, 26.57038], [119.61912, 26.58796], [119.67506, 26.61879], [119.70094, 26.60859], [119.7352, 26.61196], [119.74219, 26.60862], [119.74291, 26.60198], [119.73642, 26.59146], [119.78491, 26.57782], [119.78491, 26.55051], [119.7706, 26.56411], [119.76173, 26.55073], [119.76588, 26.53437], [119.77915, 26.5207], [119.79858, 26.51577], [119.78492, 26.50202], [119.80239, 26.48926], [119.81235, 26.47461], [119.81884, 26.45319], [119.81227, 26.43378], [119.79176, 26.43378], [119.79176, 26.41332], [119.76198, 26.40747], [119.75204, 26.43146], [119.73764, 26.44367], [119.6898, 26.45947], [119.66456, 26.49213], [119.65366, 26.49803], [119.64095, 26.48217], [119.62037, 26.46798], [119.59986, 26.4748], [119.5796, 26.47089], [119.5713, 26.46572], [119.56642, 26.4549], [119.57309, 26.43781], [119.59409, 26.43358], [119.6163, 26.4374], [119.63087, 26.4487], [119.64844, 26.43744], [119.6543, 26.42902], [119.65553, 26.35562], [119.66529, 26.34016], [119.68871, 26.33758], [119.6819, 26.31712], [119.73569, 26.32221], [119.74708, 26.32762], [119.74839, 26.35887], [119.75441, 26.37204], [119.7706, 26.36494], [119.78012, 26.37499], [119.79176, 26.40648], [119.82575, 26.42693], [119.85132, 26.39281], [119.8401, 26.37857], [119.85581, 26.37762], [119.89479, 26.35871], [119.94995, 26.37229], [119.94995, 26.36494], [119.87745, 26.31339], [119.85475, 26.32754], [119.82675, 26.32835], [119.80112, 26.31757], [119.78492, 26.29662], [119.80541, 26.29043], [119.79273, 26.2841], [119.76442, 26.29662], [119.73267, 26.28507], [119.6736, 26.2805], [119.65431, 26.27241], [119.63412, 26.25507], [119.66821, 26.24201], [119.66481, 26.23164], [119.66821, 26.22151], [119.63697, 26.21166], [119.62501, 26.20295], [119.61353, 26.1822], [119.60011, 26.17634], [119.59181, 26.16641], [119.59985, 26.14582], [119.56113, 26.12499], [119.53736, 26.09683], [119.47316, 25.99714], [119.45851, 25.98249], [119.43556, 25.98136], [119.41505, 26.00926], [119.37338, 26.02228], [119.32692, 26.04804], [119.27711, 26.05292], [119.26124, 26.06053], [119.21583, 26.10008], [119.16115, 26.11165], [119.12021, 26.13593], [119.09352, 26.14582], [119.09352, 26.13959], [119.13648, 26.10293], [119.15732, 26.09077], [119.18149, 26.09862], [119.19516, 26.08759], [119.209, 26.0434], [119.24301, 25.99502], [119.24684, 25.96723], [119.29615, 25.95696], [119.32984, 25.94428], [119.34669, 25.94038], [119.37753, 25.94139], [119.40976, 25.94986], [119.44093, 25.96381], [119.49, 25.99421], [119.50001, 26.0102], [119.50424, 26.03596], [119.51905, 26.0445], [119.55429, 26.04564], [119.56642, 26.05023], [119.61939, 26.02351], [119.64845, 26.01545], [119.67506, 26.02227], [119.70055, 25.99538], [119.69897, 25.97256], [119.67504, 25.9261], [119.6543, 25.90694], [119.62355, 25.8994], [119.61647, 25.89265], [119.59986, 25.84421], [119.58408, 25.87694], [119.57423, 25.88491], [119.56642, 25.87206], [119.57789, 25.86237], [119.58302, 25.82022], [119.60791, 25.80516], [119.60605, 25.76903], [119.62085, 25.76032], [119.59645, 25.73151], [119.58993, 25.68717], [119.5726, 25.67969], [119.5643, 25.68968], [119.53541, 25.70588], [119.5228, 25.7058], [119.51734, 25.69018], [119.48707, 25.68732], [119.47706, 25.67969], [119.44907, 25.68716], [119.46705, 25.61392], [119.48323, 25.62565], [119.48105, 25.58047], [119.49244, 25.56476], [119.51734, 25.55679], [119.53443, 25.57586], [119.55844, 25.56379], [119.56813, 25.56904], [119.57941, 25.58459], [119.56837, 25.54743], [119.57228, 25.53343], [119.59309, 25.52948], [119.58302, 25.51732], [119.56642, 25.51582], [119.58164, 25.50926], [119.59983, 25.50836], [119.58741, 25.49872], [119.5726, 25.4947], [119.5726, 25.48786], [119.60359, 25.49115], [119.59986, 25.47484], [119.62219, 25.46952], [119.62789, 25.46156], [119.61402, 25.43879], [119.63411, 25.43325], [119.64526, 25.41047], [119.64599, 25.39257], [119.63729, 25.378], [119.62037, 25.36498], [119.65452, 25.35814], [119.57945, 25.34448], [119.58791, 25.36078], [119.59986, 25.37116], [119.57799, 25.41869], [119.59311, 25.43944], [119.57602, 25.46735], [119.56153, 25.46328], [119.55209, 25.45378], [119.53858, 25.46117], [119.53598, 25.41914], [119.542, 25.41279], [119.55615, 25.41046], [119.55819, 25.40461], [119.54444, 25.37719], [119.48327, 25.37117], [119.49781, 25.3994], [119.50424, 25.42988], [119.49221, 25.44038], [119.49074, 25.44693], [119.50734, 25.47443], [119.46616, 25.47484], [119.44684, 25.43892], [119.43557, 25.44693], [119.43313, 25.45954], [119.44907, 25.50528], [119.4419, 25.50951], [119.36598, 25.52071], [119.35654, 25.52692], [119.35288, 25.53974], [119.35605, 25.55073], [119.38087, 25.59089], [119.36036, 25.5773], [119.35289, 25.58466], [119.35629, 25.60004], [119.34303, 25.6092], [119.3226, 25.61103], [119.30519, 25.60456], [119.32136, 25.58735], [119.31055, 25.57788], [119.27784, 25.57046], [119.27198, 25.55752], [119.2688, 25.52693], [119.23759, 25.48158], [119.21528, 25.47034], [119.18336, 25.46499], [119.12885, 25.4301], [119.10255, 25.42032], [119.10963, 25.40681], [119.15699, 25.36261], [119.17319, 25.32514], [119.18312, 25.32941], [119.19239, 25.34203], [119.19533, 25.35813], [119.20337, 25.35813], [119.22315, 25.31661], [119.20151, 25.30634], [119.18149, 25.28925], [119.20126, 25.25971], [119.22584, 25.27969], [119.24122, 25.31257], [119.24302, 25.33021], [119.26515, 25.31757], [119.27369, 25.31859], [119.27785, 25.33021], [119.29833, 25.3166], [119.29135, 25.3166], [119.31886, 25.27936], [119.3475, 25.26776], [119.35286, 25.25849], [119.34424, 25.24239], [119.32374, 25.23799], [119.28126, 25.24144], [119.27247, 25.23176], [119.28882, 25.18912], [119.28125, 25.1794], [119.25588, 25.17593], [119.24275, 25.18999], [119.22938, 25.19322], [119.17563, 25.17651], [119.14198, 25.22098], [119.1161, 25.21378], [119.10179, 25.19663], [119.10418, 25.18295], [119.11424, 25.17305], [119.1338, 25.13841], [119.14657, 25.14373], [119.15307, 25.13971], [119.1499, 25.13159], [119.1338, 25.12475], [119.09327, 25.13565], [119.08546, 25.12474], [119.0991, 25.11117], [119.0648, 25.12475], [119.07919, 25.15209], [119.06471, 25.16254], [119.05323, 25.15762], [119.04591, 25.14305], [119.04444, 25.12477], [119.02908, 25.14053], [119.03404, 25.15867], [119.0691, 25.20368], [119.06886, 25.21674], [119.05738, 25.225], [119.03476, 25.22777], [118.98732, 25.22225], [118.96935, 25.22639], [118.98, 25.24485], [119.02495, 25.25929], [119.0273, 25.27824], [118.98365, 25.28303], [118.89649, 25.25751], [118.87558, 25.24384], [118.86484, 25.22797], [118.88404, 25.22036], [118.91113, 25.21722], [118.91382, 25.20869], [118.90927, 25.19571], [118.91529, 25.17939], [118.93276, 25.19446], [118.94825, 25.19716], [118.96314, 25.19366], [118.97461, 25.18256], [118.97217, 25.17207], [118.94898, 25.13695], [118.94906, 25.11896], [118.94296, 25.10884], [118.9214, 25.1014], [118.88559, 25.10615], [118.85768, 25.09805], [118.84897, 25.08661], [118.84913, 25.0738], [118.86012, 25.05654], [118.87794, 25.04072], [118.93513, 25.02236], [118.92832, 25.01488], [118.9537, 25.003], [118.96705, 25.00454], [118.97999, 25.01179], [118.99733, 25.05352], [119.00415, 25.05023], [118.99941, 25.02379], [118.98325, 24.9951], [118.99732, 24.95344], [119.01764, 24.96025], [119.00883, 24.9472], [118.99268, 24.93697], [118.97707, 24.93404], [118.96372, 24.95441], [118.91163, 24.95344], [118.90113, 24.93781], [118.90992, 24.90717], [118.93417, 24.88605], [118.96998, 24.89886], [118.97322, 24.89378], [118.96998, 24.8852], [118.97495, 24.88386], [118.97615, 24.87776], [118.95199, 24.87076], [118.92441, 24.86995], [118.89818, 24.87575], [118.86671, 24.89102], [118.82594, 24.87776], [118.79208, 24.8911], [118.7776, 24.8852], [118.78011, 24.86783], [118.76197, 24.85799], [118.71583, 24.84365], [118.69981, 24.85155], [118.6981, 24.85952], [118.70176, 24.87152], [118.70778, 24.87726], [118.72975, 24.8852], [118.7295, 24.90054], [118.72047, 24.9169], [118.69557, 24.94042], [118.69751, 24.90681], [118.69556, 24.89888], [118.6888, 24.89576], [118.68434, 24.91528], [118.68808, 24.92617], [118.66774, 24.95344], [118.64039, 24.9156], [118.67342, 24.88664], [118.67114, 24.87467], [118.65121, 24.8669], [118.62409, 24.86784], [118.57203, 24.8852], [118.6128, 24.85578], [118.6199, 24.84333], [118.61793, 24.80533], [118.63795, 24.77212], [118.64381, 24.7822], [118.66774, 24.78217], [118.68653, 24.79279], [118.70176, 24.81003], [118.71509, 24.79832], [118.71998, 24.76935], [118.74342, 24.77532], [118.75952, 24.76776], [118.76294, 24.76268], [118.76392, 24.7517], [118.74683, 24.7207], [118.73203, 24.71646], [118.69873, 24.67602], [118.68539, 24.6665], [118.65406, 24.69343], [118.636, 24.66376], [118.63356, 24.62788], [118.64023, 24.61693], [118.66414, 24.61224], [118.66146, 24.59032], [118.64657, 24.56843], [118.62045, 24.54549], [118.59083, 24.52807], [118.55398, 24.51806], [118.55089, 24.53731], [118.55446, 24.5532], [118.57814, 24.56021], [118.57114, 24.569], [118.50123, 24.60814], [118.47487, 24.61433], [118.44532, 24.62897], [118.42807, 24.63133], [118.43466, 24.659], [118.43124, 24.69969], [118.40089, 24.67231], [118.42188, 24.62451], [118.40479, 24.60665], [118.37989, 24.59025], [118.35165, 24.58236], [118.32504, 24.59032], [118.30714, 24.58833], [118.28403, 24.5978], [118.27295, 24.57442], [118.26319, 24.57039], [118.24985, 24.57612], [118.24178, 24.54378], [118.21901, 24.54146], [118.19436, 24.55647], [118.18117, 24.57612], [118.18166, 24.5978], [118.20509, 24.5987], [118.21583, 24.60399], [118.21518, 24.61481], [118.2037, 24.62153], [118.17434, 24.62451], [118.18759, 24.65738], [118.18141, 24.67276], [118.16049, 24.69343], [118.15747, 24.66267], [118.14145, 24.65697], [118.13738, 24.6336], [118.1128, 24.5978], [118.11035, 24.58406], [118.10337, 24.58479], [118.0923, 24.5978], [118.04444, 24.61766], [118.03696, 24.5978], [118.04476, 24.576], [118.03736, 24.56062], [118.02109, 24.55501], [118.00295, 24.56245], [118.00929, 24.58072], [117.99244, 24.57148], [117.97486, 24.55272], [117.97877, 24.54255], [118.02101, 24.53648], [118.04403, 24.52826], [118.05811, 24.51584], [118.03671, 24.49088], [118.00937, 24.48554], [117.99952, 24.47085], [118.02026, 24.45465], [118.02173, 24.44576], [117.99611, 24.44698], [117.91188, 24.47895], [117.86769, 24.48957], [117.82594, 24.48046], [117.88486, 24.46865], [117.9011, 24.45321], [117.81568, 24.47162], [117.79127, 24.46747], [117.79127, 24.46064], [117.8746, 24.39631], [117.90732, 24.38491], [117.98935, 24.39476], [118.03012, 24.41282], [118.04297, 24.40668], [118.04744, 24.39887], [118.04077, 24.36563], [118.02394, 24.35077], [118.01588, 24.32685], [118.02418, 24.32355], [118.05299, 24.3469], [118.07179, 24.34885], [118.09058, 24.34145], [118.10231, 24.31428], [118.11963, 24.29926], [118.12646, 24.26204], [118.10874, 24.26105], [118.08473, 24.2491], [118.07179, 24.25458], [118.02393, 24.20674], [117.98927, 24.1931], [117.97876, 24.1621], [117.96787, 24.15983], [117.95851, 24.20307], [117.94361, 24.21259], [117.93214, 24.20795], [117.90732, 24.18626], [117.93238, 24.17828], [117.93774, 24.16169], [117.9305, 24.1411], [117.89576, 24.08662], [117.89365, 24.07331], [117.89941, 24.04019], [117.89364, 24.02803], [117.86232, 24.03522], [117.83912, 24.02363], [117.77198, 23.95893], [117.75863, 23.91548], [117.74805, 23.90755], [117.73659, 23.90812], [117.72927, 23.91938], [117.7379, 23.9505], [117.79135, 24.00153], [117.79811, 24.0218], [117.78647, 24.02814], [117.76173, 24.01485], [117.75711, 24.0249], [117.77613, 24.0373], [117.76328, 24.07026], [117.75709, 24.07026], [117.75001, 24.0373], [117.72413, 24.03377], [117.69223, 24.04654], [117.66708, 24.06273], [117.67099, 24.048], [117.6797, 24.03905], [117.70875, 24.03547], [117.68849, 23.9975], [117.68727, 23.97907], [117.69507, 23.95356], [117.64863, 23.90923], [117.6336, 23.87416], [117.62554, 23.84015], [117.62601, 23.81223], [117.63925, 23.7941], [117.61939, 23.77481], [117.59168, 23.73709], [117.58747, 23.77778], [117.60201, 23.79895], [117.59816, 23.85244], [117.58237, 23.88931], [117.57106, 23.90327], [117.55673, 23.91323], [117.53736, 23.91938], [117.47462, 23.92097], [117.45485, 23.9256], [117.43019, 23.94375], [117.4166, 23.94684], [117.40707, 23.93305], [117.40968, 23.9134], [117.46852, 23.91193], [117.49958, 23.87407], [117.49006, 23.83258], [117.46347, 23.7883], [117.43433, 23.77593], [117.38242, 23.79523], [117.36891, 23.79263], [117.34555, 23.76855], [117.31911, 23.76163], [117.29257, 23.7895], [117.27735, 23.78221], [117.29232, 23.76215], [117.27192, 23.72131], [117.27623, 23.68775], [117.26796, 23.67979], [117.26365, 23.65542], [117.27911, 23.63627], [117.25692, 23.61552], [117.23897, 23.60549], [117.23554, 23.63982], [117.24409, 23.65755], [117.2295, 23.69282], [117.20851, 23.66494], [117.21725, 23.65227], [117.2192, 23.62964], [117.15083, 23.60687], [117.12845, 23.57236], [117.09946, 23.55432], [117.08423, 23.55062], [117.07842, 23.56461], [117.08356, 23.58895], [117.07601, 23.60463], [117.07788, 23.63883], [117.06841, 23.65127], [117.03427, 23.66132], [117.02345, 23.65868], [117.01831, 23.6479], [116.98536, 23.64023], [116.96505, 23.61543], [116.95073, 23.61089], [116.92759, 23.62475], [116.91757, 23.63793], [116.94093, 23.65868], [116.9275, 23.6645], [116.91652, 23.66275], [116.90088, 23.63446], [116.87745, 23.61835], [116.87208, 23.60688], [116.88403, 23.58661], [116.88336, 23.55987], [116.85499, 23.52489], [116.8497, 23.5113], [116.85426, 23.49738], [116.87261, 23.4738], [116.86662, 23.45024], [116.77322, 23.34944], [116.74631, 23.34924], [116.69288, 23.35993], [116.65785, 23.35446], [116.56895, 23.39103], [116.55788, 23.40176], [116.55348, 23.41425], [116.54322, 23.42121], [116.53175, 23.42255], [116.5232, 23.41852], [116.5232, 23.37751], [116.53321, 23.36188], [116.57301, 23.32368], [116.58798, 23.31611], [116.60841, 23.32045], [116.64189, 23.31884], [116.661, 23.33722], [116.69099, 23.33896], [116.70941, 23.31977], [116.72707, 23.31612], [116.73012, 23.33074], [116.74863, 23.32628], [116.76562, 23.29735], [116.77711, 23.24038], [116.78618, 23.23572], [116.79427, 23.23961], [116.8048, 23.23612], [116.78394, 23.2124], [116.70558, 23.2766], [116.66725, 23.28132], [116.67921, 23.27139], [116.709, 23.25853], [116.71508, 23.24381], [116.67117, 23.21464], [116.64675, 23.163], [116.63703, 23.16403], [116.6293, 23.17397], [116.61523, 23.17836], [116.61815, 23.22148], [116.61151, 23.23873], [116.56998, 23.24697], [116.50888, 23.23412], [116.50929, 23.21638], [116.52699, 23.20062], [116.5642, 23.22299], [116.60295, 23.21773], [116.6045, 23.20956], [116.6015, 23.19658], [116.56992, 23.17769], [116.54512, 23.14477], [116.53365, 23.10913], [116.55164, 23.08672], [116.5485, 23.0664], [116.56324, 23.01878], [116.54785, 23.00605], [116.52194, 22.99841], [116.51846, 22.96746], [116.49468, 22.93936], [116.45851, 22.94742], [116.37961, 22.92899], [116.35305, 22.93807], [116.33825, 22.95186], [116.29849, 22.96326], [116.28906, 22.97894], [116.26226, 22.97374], [116.21363, 22.98282], [116.20102, 22.97346], [116.23487, 22.96027], [116.25229, 22.95905], [116.26938, 22.96662], [116.28145, 22.95786], [116.24618, 22.9316], [116.22101, 22.91901], [116.17098, 22.86447], [116.1448, 22.84776], [116.0957, 22.82591], [116.08469, 22.84977], [116.09125, 22.86841], [116.12372, 22.89473], [116.08701, 22.90656], [116.0421, 22.93292], [116.04188, 22.92232], [116.08724, 22.88969], [116.07618, 22.86787], [116.04786, 22.8518], [116.03745, 22.8509], [116.01179, 22.83805], [115.99672, 22.83668], [115.96608, 22.81721], [115.95801, 22.80475], [115.93326, 22.80599], [115.90374, 22.78939], [115.8835, 22.79462], [115.84321, 22.77002], [115.82595, 22.74666], [115.81026, 22.7461], [115.79782, 22.75446], [115.78805, 22.79783], [115.79502, 22.80027], [115.80649, 22.77827], [115.81357, 22.77627], [115.81276, 22.79955], [115.80478, 22.81509], [115.76324, 22.84149], [115.73687, 22.85167], [115.69705, 22.85068], [115.70358, 22.86932], [115.68428, 22.87779], [115.68248, 22.88817], [115.69265, 22.90008], [115.70517, 22.90736], [115.72128, 22.90453], [115.73373, 22.93187], [115.73032, 22.93423], [115.69199, 22.92902], [115.65333, 22.89375], [115.57789, 22.87727], [115.56056, 22.84931], [115.53989, 22.85293], [115.53298, 22.86205], [115.54762, 22.89541], [115.50563, 22.89778], [115.46827, 22.9265], [115.45094, 22.93187], [115.44239, 22.92967], [115.43832, 22.92037], [115.43018, 22.91821], [115.40602, 22.92504], [115.42726, 22.90062], [115.44614, 22.89997], [115.45542, 22.90973], [115.4642, 22.91201], [115.483, 22.90184], [115.49609, 22.88031], [115.49414, 22.86078], [115.46803, 22.85676], [115.46803, 22.84931], [115.50563, 22.8493], [115.53036, 22.83832], [115.55942, 22.83609], [115.57789, 22.84317], [115.6006, 22.86187], [115.61204, 22.86358], [115.59132, 22.84748], [115.53897, 22.7889], [115.52702, 22.76704], [115.52394, 22.74177], [115.55559, 22.71437], [115.56733, 22.74727], [115.58618, 22.74509], [115.59, 22.73741], [115.56251, 22.70563], [115.56422, 22.68488], [115.57499, 22.66833], [115.53616, 22.66813], [115.46482, 22.70103], [115.43826, 22.7006], [115.42126, 22.69025], [115.3943, 22.68969], [115.37351, 22.69419], [115.34839, 22.71718], [115.33849, 22.7331], [115.35069, 22.74688], [115.38893, 22.74689], [115.42413, 22.76199], [115.41121, 22.78827], [115.38624, 22.7829], [115.36399, 22.76365], [115.33057, 22.78854], [115.28914, 22.79155], [115.2334, 22.78822], [115.23278, 22.80533], [115.32016, 22.85053], [115.3248, 22.85957], [115.30943, 22.86937], [115.31715, 22.90453], [115.3038, 22.90302], [115.27223, 22.87385], [115.24561, 22.83536], [115.23146, 22.83008], [115.21729, 22.83489], [115.19601, 22.8319], [115.17294, 22.82119], [115.18026, 22.78482], [115.15828, 22.79243], [115.15057, 22.80963], [115.13288, 22.81145], [115.11138, 22.8021], [115.06548, 22.79598], [115.04566, 22.77587], [115.03662, 22.75374], [115.01783, 22.73704], [115.03078, 22.71732], [115.02889, 22.70839], [114.99877, 22.7022], [114.98534, 22.68932], [114.95984, 22.69613], [114.95467, 22.70354], [114.95658, 22.71574], [114.94166, 22.75385], [114.92677, 22.76118], [114.91675, 22.74406], [114.90312, 22.74893], [114.88906, 22.76375], [114.87672, 22.76796], [114.86252, 22.76322], [114.88187, 22.74752], [114.8862, 22.73608], [114.87814, 22.72964], [114.88074, 22.72147], [114.89045, 22.71406], [114.90286, 22.71393], [114.91, 22.7236], [114.92672, 22.71692], [114.96662, 22.67649], [114.93873, 22.65729], [114.90194, 22.59806], [114.90521, 22.57844], [114.9191, 22.56116], [114.89596, 22.54753], [114.88365, 22.55093], [114.88023, 22.55911], [114.88923, 22.57289], [114.88682, 22.59087], [114.86582, 22.60175], [114.83223, 22.60208], [114.80641, 22.59252], [114.77461, 22.59769], [114.75415, 22.58973], [114.74379, 22.60941], [114.73746, 22.66904], [114.74999, 22.67872], [114.75378, 22.69339], [114.73889, 22.71065], [114.74196, 22.73265], [114.75255, 22.74965], [114.80202, 22.77337], [114.81324, 22.77485], [114.82125, 22.79056], [114.81695, 22.80039], [114.78476, 22.81586], [114.77524, 22.81582], [114.75488, 22.78169], [114.73414, 22.7758], [114.71673, 22.7908], [114.69548, 22.79264], [114.6838, 22.78134], [114.64548, 22.76701], [114.63778, 22.75508], [114.57959, 22.73338], [114.56332, 22.73273], [114.57108, 22.70236], [114.55209, 22.69454], [114.54225, 22.69531], [114.52206, 22.70596], [114.52377, 22.68722], [114.49958, 22.65311], [114.50661, 22.64652], [114.54822, 22.64454], [114.58252, 22.65525], [114.59033, 22.64387], [114.57765, 22.63589], [114.56087, 22.6088], [114.52914, 22.59833], [114.51393, 22.58735], [114.49537, 22.56196], [114.50204, 22.55085], [114.50929, 22.54955], [114.52955, 22.55512], [114.53697, 22.56704], [114.54322, 22.56939], [114.55478, 22.55732], [114.59306, 22.542], [114.61141, 22.52884], [114.61767, 22.51415], [114.60751, 22.50439], [114.57053, 22.4843], [114.54216, 22.47799], [114.51581, 22.45265], [114.50156, 22.4521], [114.48513, 22.46834], [114.48325, 22.48456], [114.47683, 22.4899], [114.48015, 22.50015], [114.47642, 22.50942], [114.48699, 22.52192], [114.47958, 22.54621], [114.45574, 22.5705], [114.44036, 22.56869], [114.43304, 22.59109], [114.4087, 22.61164], [114.3956, 22.61351], [114.34026, 22.5979], [114.32846, 22.60545], [114.32455, 22.59855], [114.31715, 22.60236], [114.30535, 22.59418], [114.30713, 22.58544], [114.30217, 22.58296], [114.27622, 22.58796], [114.22983, 22.55581], [114.23471, 22.55618], [114.21485, 22.53449], [114.20997, 22.53449], [114.20932, 22.52371], [114.2304, 22.53294], [114.24204, 22.5502], [114.24903, 22.54784], [114.25456, 22.55096], [114.25764, 22.54781], [114.25327, 22.53946], [114.25921, 22.5408], [114.27003, 22.52558], [114.27801, 22.52984], [114.27768, 22.51166], [114.28517, 22.51118], [114.28924, 22.50519], [114.29851, 22.501], [114.33277, 22.51193], [114.33512, 22.50642], [114.30543, 22.48302], [114.28045, 22.47289], [114.25375, 22.45178], [114.24595, 22.45178], [114.23121, 22.46979], [114.21713, 22.46735], [114.21176, 22.47057], [114.21095, 22.4573], [114.21712, 22.44796], [114.20224, 22.45807], [114.16749, 22.44807], [114.21175, 22.42059], [114.20997, 22.41275], [114.21485, 22.40888], [114.20932, 22.39867], [114.21559, 22.40034], [114.23822, 22.43536], [114.26719, 22.43072], [114.26718, 22.41596], [114.27255, 22.40965], [114.27646, 22.41983], [114.28899, 22.42601], [114.27647, 22.44399], [114.30161, 22.45653], [114.30081, 22.46504], [114.32373, 22.48004], [114.32504, 22.47521], [114.33072, 22.4741], [114.32504, 22.46426], [114.33569, 22.46173], [114.33806, 22.44636], [114.33277, 22.44001], [114.33741, 22.43159], [114.34278, 22.43769], [114.34758, 22.42292], [114.35231, 22.42369], [114.35157, 22.44098], [114.35987, 22.46117], [114.36784, 22.45498], [114.37021, 22.44001], [114.39974, 22.43614], [114.40128, 22.41276], [114.38176, 22.41905], [114.37021, 22.39798], [114.37501, 22.40054], [114.38493, 22.38735], [114.38973, 22.36596], [114.37639, 22.37063], [114.37949, 22.36209], [114.37568, 22.35368], [114.36085, 22.34577], [114.35759, 22.33244], [114.35231, 22.3395], [114.35231, 22.35192], [114.34196, 22.34578], [114.33277, 22.35977], [114.33432, 22.37531], [114.3204, 22.38076], [114.31861, 22.38939], [114.30006, 22.38158], [114.28598, 22.39098], [114.278, 22.39098], [114.26873, 22.37844], [114.2798, 22.35501], [114.27645, 22.34806], [114.26718, 22.35578], [114.26637, 22.36595], [114.25839, 22.36209], [114.25554, 22.3559], [114.2658, 22.34634], [114.27255, 22.32071], [114.29126, 22.31655], [114.29208, 22.30516], [114.30388, 22.3067], [114.3116, 22.29731], [114.2977, 22.28563], [114.28899, 22.28718], [114.28956, 22.27391], [114.30005, 22.27704], [114.30314, 22.26919], [114.30314, 22.26216], [114.29672, 22.25829], [114.27833, 22.27047], [114.2798, 22.27936], [114.27337, 22.29576], [114.26482, 22.30195], [114.26637, 22.31599], [114.25554, 22.32233], [114.25302, 22.29578], [114.23894, 22.28168], [114.21176, 22.31057], [114.21485, 22.30117], [114.19549, 22.31826], [114.18653, 22.30874], [114.19142, 22.2989], [114.18369, 22.30195], [114.18165, 22.29442], [114.17189, 22.28872], [114.15952, 22.32225], [114.12436, 22.34223], [114.12354, 22.33716], [114.11337, 22.35269], [114.11101, 22.36595], [114.10483, 22.36986], [114.0975, 22.36302], [114.07911, 22.36595], [114.06723, 22.35899], [114.05795, 22.36131], [114.02052, 22.35037], [114.01499, 22.35347], [114.01498, 22.359], [113.99863, 22.35901], [113.98268, 22.36678], [113.97063, 22.38707], [113.96437, 22.38068], [113.97462, 22.37206], [113.95493, 22.36986], [113.94483, 22.3621], [113.91441, 22.37613], [113.9183, 22.38784], [113.897, 22.40876], [113.90944, 22.4186], [113.93068, 22.41983], [113.94101, 22.42678], [113.95412, 22.44948], [113.97755, 22.45885], [113.99863, 22.48854], [114.0127, 22.4861], [114.01116, 22.47289], [114.02988, 22.47826], [114.03062, 22.4955], [114.05795, 22.50487], [114.06577, 22.51586], [114.0853, 22.52294], [114.08237, 22.52936], [114.07968, 22.52375], [114.05844, 22.517], [114.05527, 22.50694], [114.042, 22.50678], [114.03541, 22.51423], [113.99928, 22.53063], [113.97061, 22.53373], [113.9638, 22.53811], [113.96029, 22.52848], [113.95194, 22.52384], [113.94775, 22.49041], [113.91033, 22.48583], [113.90967, 22.47765], [113.89035, 22.45273], [113.88148, 22.47333], [113.87428, 22.47839], [113.86617, 22.51148], [113.89389, 22.52114], [113.87989, 22.53669], [113.84361, 22.56211], [113.82221, 22.58749], [113.79917, 22.631], [113.79357, 22.66161], [113.77294, 22.67245], [113.76466, 22.73481], [113.75807, 22.7534], [113.7444, 22.76118], [113.71217, 22.76333], [113.69972, 22.76118], [113.68458, 22.7469], [113.67238, 22.74691], [113.65359, 22.75874], [113.66261, 22.79808], [113.65528, 22.81924], [113.63273, 22.85284], [113.6172, 22.89029], [113.61012, 22.86205], [113.61718, 22.83628], [113.60557, 22.84724], [113.60233, 22.86656], [113.61036, 22.90453], [113.59799, 22.88963], [113.59604, 22.88058], [113.59231, 22.88907], [113.61134, 22.93378], [113.62436, 22.99921], [113.63819, 23.0349], [113.63071, 23.0349], [113.61671, 23.00788], [113.5967, 22.91822], [113.59506, 22.94477], [113.6041, 22.97346], [113.60507, 23.00141], [113.6172, 23.0349], [113.59921, 23.00922], [113.58668, 22.95356], [113.57621, 22.93876], [113.58383, 22.97846], [113.58302, 23.02123], [113.55413, 22.98777], [113.54183, 22.98669], [113.53274, 22.99576], [113.52881, 23.01106], [113.52834, 23.03803], [113.53639, 23.06314], [113.55641, 23.08413], [113.58212, 23.09846], [113.63722, 23.10912], [113.69199, 23.13254], [113.72022, 23.13793], [113.75807, 23.12157], [113.78443, 23.13174], [113.83009, 23.1175], [113.81324, 23.12979], [113.76108, 23.13793], [113.71982, 23.15534], [113.70314, 23.15778], [113.67392, 23.15046], [113.62648, 23.11799], [113.59327, 23.11066], [113.542, 23.08641], [113.53688, 23.07502], [113.50912, 23.06217], [113.49419, 23.06283], [113.44516, 23.08934], [113.41749, 23.09699], [113.39869, 23.08332], [113.41928, 23.0655], [113.45143, 23.06231], [113.48121, 23.0515], [113.5023, 23.02042], [113.50383, 22.98983], [113.48097, 22.9357], [113.48397, 22.92427], [113.4737, 22.9182], [113.42994, 22.93134], [113.33652, 22.89777], [113.30763, 22.89411], [113.21298, 22.91201], [113.21298, 22.90453], [113.25807, 22.89777], [113.29225, 22.87726], [113.35043, 22.88972], [113.36792, 22.88068], [113.44003, 22.80414], [113.49421, 22.77485], [113.45192, 22.75511], [113.43954, 22.73945], [113.42604, 22.74942], [113.37753, 22.7674], [113.39503, 22.7482], [113.45362, 22.72573], [113.46632, 22.7165], [113.47633, 22.69986], [113.55302, 22.6385], [113.56384, 22.61444], [113.59916, 22.57518], [113.59472, 22.52339], [113.56251, 22.48041], [113.54636, 22.43758], [113.55157, 22.39584], [113.55812, 22.38076], [113.58164, 22.37132], [113.61034, 22.37018], [113.59946, 22.35053], [113.59229, 22.31616], [113.57358, 22.30073], [113.57721, 22.26664], [113.58998, 22.25341], [113.58765, 22.23789], [113.5612, 22.23373], [113.55286, 22.21901], [113.53858, 22.22175], [113.52296, 22.21304], [113.52988, 22.20226], [113.48374, 22.15515], [113.45922, 22.15801], [113.42564, 22.18623], [113.41188, 22.22553], [113.36452, 22.26777], [113.35703, 22.30191], [113.30324, 22.34366], [113.27638, 22.37206], [113.25563, 22.40388], [113.24269, 22.45747], [113.23194, 22.47907], [113.17758, 22.56411], [113.16529, 22.57559], [113.16017, 22.48762], [113.2273, 22.42527], [113.32851, 22.26848], [113.3542, 22.24332], [113.40195, 22.17958], [113.35084, 22.17154], [113.32545, 22.18366], [113.30274, 22.18329], [113.2821, 22.14525], [113.27353, 22.13837], [113.26344, 22.13703], [113.25099, 22.11567], [113.24659, 22.10346], [113.25587, 22.08267], [113.24715, 22.05428], [113.23056, 22.04316], [113.19469, 22.0464], [113.17831, 22.04091], [113.15747, 22.02471], [113.13964, 22.03686], [113.11887, 22.06584], [113.11066, 22.09896], [113.12452, 22.13109], [113.11826, 22.14375], [113.12745, 22.16096], [113.1133, 22.18741], [113.11061, 22.21931], [113.08505, 22.20759], [113.07728, 22.14727], [113.05803, 22.12128], [113.02661, 22.14321], [113.02064, 22.12598], [113.0221, 22.10115], [113.0161, 22.05771], [113.02272, 22.00253], [113.01897, 21.97702], [113.02861, 21.96115], [113.02561, 21.94943], [113.01667, 21.94254], [112.98935, 21.93732], [112.97957, 21.90119], [112.95707, 21.87566], [112.91159, 21.8563], [112.87941, 21.8752], [112.85157, 21.94831], [112.84083, 21.96092], [112.82602, 21.96613], [112.81479, 21.96158], [112.80038, 21.94718], [112.78858, 21.95181], [112.74374, 21.93195], [112.73763, 21.89688], [112.73064, 21.89047], [112.70045, 21.89033], [112.68555, 21.86987], [112.64511, 21.84935], [112.64745, 21.82247], [112.63306, 21.79581], [112.608, 21.7751], [112.57911, 21.76684], [112.55088, 21.77286], [112.44321, 21.82845], [112.42595, 21.84534], [112.41506, 21.86848], [112.41115, 21.90119], [112.42417, 21.91778], [112.48146, 21.94465], [112.49366, 21.96613], [112.43601, 21.9456], [112.4048, 21.94287], [112.39064, 21.95552], [112.37634, 21.98679], [112.39747, 22.06851], [112.37818, 22.05842], [112.36484, 22.03449], [112.35654, 21.97972], [112.37013, 21.93879], [112.39063, 21.90119], [112.38844, 21.86225], [112.39795, 21.85057], [112.40108, 21.83771], [112.4021, 21.80142], [112.39283, 21.78514], [112.38794, 21.7561], [112.36329, 21.73335], [112.28644, 21.70888], [112.24489, 21.70654], [112.22682, 21.72964], [112.1824, 21.753], [112.19898, 21.78681], [112.20314, 21.80671], [112.20094, 21.82673], [112.19264, 21.84317], [112.18221, 21.82316], [112.17269, 21.81445], [112.08554, 21.7961], [112.02817, 21.79736], [112.01304, 21.8044], [112.0071, 21.81867], [112.01295, 21.83462], [112.03736, 21.86249], [112.04127, 21.88418], [112.03443, 21.88418], [112.01881, 21.85981], [111.99317, 21.83418], [111.96926, 21.82406], [111.95167, 21.86498], [111.93409, 21.89045], [111.91188, 21.91356], [111.89039, 21.92512], [111.89064, 21.86738], [111.90406, 21.81525], [111.92066, 21.80003], [111.94638, 21.78588], [111.97511, 21.77619], [112.00024, 21.77431], [111.99176, 21.76371], [111.90577, 21.71589], [111.90413, 21.70173], [111.88409, 21.68272], [111.86766, 21.67672], [111.83889, 21.67814], [111.83694, 21.68529], [111.8423, 21.69904], [111.85377, 21.70742], [111.87672, 21.69855], [111.87534, 21.7097], [111.86061, 21.7215], [111.84938, 21.72582], [111.83608, 21.71718], [111.82935, 21.72892], [111.82895, 21.74921], [111.83505, 21.76683], [111.82228, 21.7521], [111.80667, 21.74333], [111.79396, 21.74454], [111.78793, 21.76], [111.75791, 21.75333], [111.72584, 21.76683], [111.72119, 21.76264], [111.70094, 21.76838], [111.67807, 21.78116], [111.69557, 21.76142], [111.76058, 21.72581], [111.77246, 21.70547], [111.77962, 21.67544], [111.77368, 21.65014], [111.74692, 21.64395], [111.77246, 21.6352], [111.78792, 21.61604], [111.72857, 21.61634], [111.7129, 21.62344], [111.69044, 21.60383], [111.66577, 21.55867], [111.65151, 21.54108], [111.63067, 21.52992], [111.61973, 21.53303], [111.60646, 21.54462], [111.59108, 21.57575], [111.58188, 21.58185], [111.58204, 21.55549], [111.59554, 21.53409], [111.53786, 21.52046], [111.52719, 21.53408], [111.52101, 21.53408], [111.5166, 21.52457], [111.50448, 21.51822], [111.47609, 21.51363], [111.46812, 21.51826], [111.46715, 21.52923], [111.47267, 21.55459], [111.45534, 21.55119], [111.44427, 21.56344], [111.43222, 21.60297], [111.41212, 21.57632], [111.41114, 21.56826], [111.41554, 21.55769], [111.43798, 21.5341], [111.3628, 21.54121], [111.3497, 21.52668], [111.37648, 21.5327], [111.40429, 21.52668], [111.3628, 21.50678], [111.34411, 21.48734], [111.29269, 21.45077], [111.26734, 21.43937], [111.25296, 21.44473], [111.26905, 21.45213], [111.30128, 21.49934], [111.23219, 21.52456], [111.21266, 21.52045], [111.20631, 21.53205], [111.19239, 21.5312], [111.15797, 21.52045], [111.15797, 21.51362], [111.17163, 21.51362], [111.16497, 21.50601], [111.17164, 21.49934], [111.19882, 21.50779], [111.2263, 21.49934], [111.16163, 21.47639], [111.14365, 21.46582], [111.13404, 21.47162], [111.0884, 21.47265], [111.08841, 21.48014], [111.12998, 21.49311], [111.12379, 21.50678], [111.10768, 21.4958], [111.08839, 21.49311], [111.07937, 21.49788], [111.07545, 21.51362], [111.03443, 21.53148], [111.0276, 21.54092], [111.02328, 21.52783], [110.98593, 21.51362], [110.9957, 21.50764], [111.00221, 21.48994], [111.01392, 21.48565], [111.00131, 21.46288], [110.99244, 21.45498], [110.97975, 21.45213], [110.97975, 21.44473], [111.00815, 21.4499], [111.01694, 21.45808], [111.02686, 21.47931], [111.04205, 21.4845], [111.0586, 21.48309], [111.06859, 21.47265], [111.04371, 21.46939], [110.99293, 21.42488], [110.96591, 21.43285], [110.86989, 21.38326], [110.80616, 21.4016], [110.79054, 21.40375], [110.76816, 21.39753], [110.74399, 21.38255], [110.70485, 21.34854], [110.67628, 21.30964], [110.65707, 21.26041], [110.65089, 21.2604], [110.6548, 21.3146], [110.66285, 21.33723], [110.67758, 21.34854], [110.66456, 21.34838], [110.65553, 21.34276], [110.64333, 21.32186], [110.64186, 21.33731], [110.63185, 21.35537], [110.63648, 21.37027], [110.67164, 21.38129], [110.69239, 21.39916], [110.72462, 21.40314], [110.75538, 21.4134], [110.76637, 21.44473], [110.76002, 21.44473], [110.72731, 21.41889], [110.63559, 21.38105], [110.61671, 21.3454], [110.61573, 21.30121], [110.64331, 21.25293], [110.63648, 21.23018], [110.61696, 21.2297], [110.57521, 21.24673], [110.5887, 21.22558], [110.48146, 21.21719], [110.46323, 21.21214], [110.43116, 21.19147], [110.42433, 21.19147], [110.43735, 21.23924], [110.4258, 21.26923], [110.43735, 21.27338], [110.43312, 21.28286], [110.42435, 21.28766], [110.43735, 21.29389], [110.46632, 21.28343], [110.47267, 21.27338], [110.47885, 21.27338], [110.48634, 21.30134], [110.46608, 21.29609], [110.44484, 21.30134], [110.44484, 21.30756], [110.48634, 21.32868], [110.48634, 21.33552], [110.47267, 21.33491], [110.46534, 21.32868], [110.46534, 21.34854], [110.43394, 21.30879], [110.42434, 21.32868], [110.42393, 21.34162], [110.43735, 21.39753], [110.43116, 21.39753], [110.41953, 21.37744], [110.40097, 21.38703], [110.36899, 21.42487], [110.3895, 21.44473], [110.3895, 21.45214], [110.35849, 21.43574], [110.39437, 21.364], [110.38949, 21.32869], [110.37648, 21.33552], [110.38265, 21.32186], [110.36818, 21.32534], [110.34498, 21.33885], [110.32814, 21.34227], [110.32814, 21.33552], [110.3567, 21.31916], [110.36629, 21.3061], [110.3628, 21.28766], [110.38485, 21.27106], [110.39902, 21.24555], [110.4083, 21.23783], [110.40992, 21.22378], [110.40317, 21.20848], [110.39935, 21.17638], [110.39405, 21.16255], [110.34742, 21.1332], [110.33374, 21.11637], [110.2693, 21.08918], [110.21884, 21.02759], [110.21023, 21.03458], [110.20558, 21.04938], [110.2046, 21.08222], [110.19557, 21.07127], [110.18402, 21.03367], [110.15687, 20.98622], [110.14308, 20.99226], [110.14308, 20.98603], [110.15478, 20.97728], [110.14926, 20.92398], [110.17724, 20.86251], [110.16415, 20.87678], [110.15675, 20.87678], [110.16188, 20.86221], [110.15675, 20.84886], [110.16293, 20.84789], [110.16415, 20.84203], [110.16871, 20.84268], [110.17042, 20.84886], [110.18019, 20.84601], [110.19149, 20.84885], [110.1915, 20.83584], [110.21194, 20.84053], [110.28712, 20.84203], [110.31967, 20.85992], [110.33578, 20.85882], [110.34181, 20.84203], [110.34864, 20.84885], [110.3611, 20.83588], [110.36899, 20.84884], [110.38623, 20.82599], [110.4026, 20.79028], [110.40935, 20.75075], [110.39697, 20.7185], [110.38378, 20.71353], [110.36899, 20.71968], [110.3566, 20.73218], [110.34865, 20.74641], [110.34816, 20.80305], [110.34181, 20.82152], [110.33375, 20.80573], [110.3213, 20.79426], [110.33302, 20.77875], [110.33212, 20.76789], [110.30763, 20.75324], [110.31445, 20.74641], [110.30885, 20.7451], [110.30763, 20.73896], [110.33748, 20.72581], [110.32943, 20.70723], [110.30885, 20.68399], [110.30079, 20.65705], [110.31349, 20.66486], [110.3213, 20.67756], [110.32813, 20.67755], [110.32837, 20.65266], [110.32374, 20.64305], [110.31446, 20.63654], [110.32594, 20.63076], [110.33937, 20.63154], [110.36279, 20.64336]], [[121.25441, 29.89384], [121.24682, 29.89806], [121.21868, 29.87855], [121.21262, 29.86524], [121.21306, 29.84611], [121.21857, 29.83443], [121.22526, 29.831], [121.26128, 29.84629], [121.27695, 29.85925], [121.25441, 29.89384]]], [[[114.24286, 22.18496], [114.25375, 22.1865], [114.25611, 22.18187], [114.24286, 22.17558], [114.24286, 22.18496]]], [[[114.13281, 22.21612], [114.13282, 22.20995], [114.12574, 22.20523], [114.15461, 22.2036], [114.13909, 22.19111], [114.14534, 22.17871], [114.11087, 22.17708], [114.11411, 22.21613], [114.10427, 22.21598], [114.10671, 22.23577], [114.11307, 22.23342], [114.12574, 22.21345], [114.13281, 22.21612]]], [[[114.15219, 22.23099], [114.14218, 22.24189], [114.15634, 22.23884], [114.15634, 22.23176], [114.15219, 22.23099]]], [[[114.21559, 22.19896], [114.21948, 22.19189], [114.2077, 22.18957], [114.20606, 22.20523], [114.20932, 22.20755], [114.20655, 22.21239], [114.19608, 22.20756], [114.19143, 22.20995], [114.19606, 22.21532], [114.18907, 22.21923], [114.1937, 22.22553], [114.19142, 22.23098], [114.18271, 22.23254], [114.18385, 22.24103], [114.16489, 22.22786], [114.16098, 22.24038], [114.12909, 22.24889], [114.11883, 22.26919], [114.11257, 22.27152], [114.11338, 22.27781], [114.13909, 22.28871], [114.1657, 22.27936], [114.17888, 22.27936], [114.19679, 22.29186], [114.21559, 22.28563], [114.22177, 22.27936], [114.23585, 22.27782], [114.25145, 22.25907], [114.25147, 22.24911], [114.24529, 22.24189], [114.25374, 22.22399], [114.24903, 22.2224], [114.2561, 22.20361], [114.24368, 22.20128], [114.23276, 22.21149], [114.2295, 22.23359], [114.22267, 22.23884], [114.21681, 22.23432], [114.22267, 22.23253], [114.22267, 22.22476], [114.21176, 22.21613], [114.21867, 22.20601], [114.21559, 22.19896]]], [[[114.29599, 22.25442], [114.2985, 22.24266], [114.28826, 22.23254], [114.28135, 22.23884], [114.28289, 22.24968], [114.29599, 22.25442]]], [[[114.31705, 22.33351], [114.3235, 22.33946], [114.32887, 22.33714], [114.33122, 22.32612], [114.31952, 22.32381], [114.31705, 22.33351]]], [[[114.10482, 22.32613], [114.08901, 22.32248], [114.08684, 22.33946], [114.07911, 22.34964], [114.07911, 22.35578], [114.0853, 22.359], [114.10255, 22.35346], [114.10874, 22.34024], [114.10482, 22.32613]]], [[[114.31951, 22.359], [114.32887, 22.35037], [114.32887, 22.34256], [114.3078, 22.34257], [114.30315, 22.36522], [114.31088, 22.37612], [114.31634, 22.37613], [114.31951, 22.359]]], [[[114.29599, 22.34884], [114.28972, 22.35346], [114.28919, 22.36921], [114.29282, 22.3714], [114.29599, 22.34884]]], [[[114.35305, 22.48066], [114.35856, 22.48685], [114.36312, 22.4861], [114.3654, 22.47444], [114.35914, 22.46581], [114.35305, 22.48066]]], [[[114.30852, 22.52602], [114.31706, 22.51816], [114.30006, 22.50642], [114.29363, 22.5128], [114.30315, 22.51427], [114.30852, 22.52602]]], [[[114.289, 22.55637], [114.2977, 22.5502], [114.30852, 22.55405], [114.3163, 22.55174], [114.29518, 22.54784], [114.30077, 22.53528], [114.28899, 22.5408], [114.28599, 22.54707], [114.289, 22.55637]]], [[[117.13735, 23.41957], [117.12877, 23.39938], [117.08288, 23.41114], [117.0489, 23.40472], [117.00401, 23.41976], [116.94811, 23.42182], [116.943, 23.43006], [116.96764, 23.45314], [116.98219, 23.45945], [117.00026, 23.44156], [117.01002, 23.43895], [117.03758, 23.4469], [117.04909, 23.47407], [117.063, 23.47845], [117.09033, 23.46108], [117.10215, 23.46799], [117.10895, 23.48228], [117.12561, 23.48269], [117.12257, 23.46552], [117.13408, 23.46046], [117.14178, 23.44965], [117.13735, 23.41957]]], [[[116.97117, 23.51475], [116.95094, 23.51741], [116.93728, 23.52628], [116.93605, 23.53555], [116.95777, 23.54491], [116.97435, 23.55937], [117.0049, 23.56295], [117.00928, 23.555], [117.00381, 23.54642], [116.9878, 23.52412], [116.97117, 23.51475]]], [[[116.91889, 23.555], [116.94597, 23.57449], [116.95353, 23.59555], [116.97078, 23.59983], [116.96891, 23.58577], [116.96062, 23.57412], [116.95826, 23.54735], [116.92947, 23.53954], [116.92376, 23.54345], [116.91889, 23.555]]], [[[117.43154, 23.58264], [117.37446, 23.57267], [117.3205, 23.57403], [117.33783, 23.59645], [117.36912, 23.62236], [117.39373, 23.67919], [117.3755, 23.6894], [117.36394, 23.69147], [117.34645, 23.68477], [117.34052, 23.68896], [117.34247, 23.69965], [117.37669, 23.72886], [117.37567, 23.7473], [117.37924, 23.74681], [117.37275, 23.76674], [117.38592, 23.77415], [117.41358, 23.77167], [117.41977, 23.7543], [117.44778, 23.74225], [117.46915, 23.75307], [117.50416, 23.7499], [117.52665, 23.7401], [117.51618, 23.71629], [117.49594, 23.72016], [117.48416, 23.71079], [117.47654, 23.68943], [117.47982, 23.66268], [117.46722, 23.65795], [117.44484, 23.66494], [117.43267, 23.66012], [117.42115, 23.64646], [117.41538, 23.60822], [117.42383, 23.60199], [117.43154, 23.58264]]], [[[118.24183, 24.41419], [118.22023, 24.40755], [118.20901, 24.41161], [118.23309, 24.45074], [118.24903, 24.45282], [118.2627, 24.4418], [118.26253, 24.43098], [118.24183, 24.41419]]], [[[118.44958, 24.50552], [118.46734, 24.46183], [118.46335, 24.43153], [118.44878, 24.41553], [118.4229, 24.4303], [118.40362, 24.43601], [118.37286, 24.4332], [118.34576, 24.41758], [118.33098, 24.39649], [118.31822, 24.39056], [118.28395, 24.40128], [118.27957, 24.40843], [118.29274, 24.43207], [118.28228, 24.47747], [118.31666, 24.49334], [118.35481, 24.47056], [118.38141, 24.47351], [118.3854, 24.50381], [118.39422, 24.52268], [118.42237, 24.52793], [118.44958, 24.50552]]], [[[118.07223, 24.46754], [118.10304, 24.47989], [118.10621, 24.49413], [118.08229, 24.48233], [118.07473, 24.48396], [118.07204, 24.49787], [118.09255, 24.5562], [118.13787, 24.53653], [118.1631, 24.53197], [118.1814, 24.53509], [118.18872, 24.49413], [118.16391, 24.47191], [118.15381, 24.43709], [118.13648, 24.42928], [118.11403, 24.43062], [118.09206, 24.43848], [118.07357, 24.45256], [118.07001, 24.46027], [118.07223, 24.46754]]], [[[118.33268, 24.54784], [118.32651, 24.54325], [118.29771, 24.56143], [118.30713, 24.56751], [118.32398, 24.56915], [118.33382, 24.56354], [118.33268, 24.54784]]], [[[119.4753, 24.995], [119.47363, 24.98087], [119.4629, 24.97591], [119.45795, 24.98005], [119.46039, 24.99078], [119.4753, 24.995]]], [[[119.13608, 25.07941], [119.14355, 25.05561], [119.12412, 25.03661], [119.12143, 25.02747], [119.105, 25.04844], [119.11826, 25.06167], [119.10907, 25.08059], [119.15414, 25.10268], [119.15673, 25.10079], [119.13608, 25.07941]]], [[[119.51735, 25.17146], [119.51093, 25.18232], [119.51271, 25.1988], [119.50327, 25.2038], [119.48894, 25.19629], [119.46101, 25.20349], [119.44948, 25.21435], [119.44469, 25.22907], [119.44655, 25.23598], [119.47039, 25.25217], [119.4917, 25.24139], [119.50262, 25.22102], [119.51197, 25.21345], [119.5228, 25.20844], [119.55129, 25.20944], [119.56754, 25.2049], [119.5534, 25.19526], [119.54819, 25.18598], [119.54866, 25.17244], [119.54216, 25.16536], [119.52899, 25.16536], [119.51735, 25.17146]]], [[[119.28151, 25.48289], [119.30514, 25.54353], [119.33172, 25.57126], [119.34328, 25.5733], [119.35206, 25.55223], [119.33058, 25.46735], [119.33496, 25.43798], [119.29689, 25.42293], [119.2816, 25.46381], [119.28151, 25.48289]]], [[[119.83968, 25.47914], [119.84651, 25.46118], [119.82106, 25.46752], [119.79461, 25.46304], [119.77198, 25.45059], [119.75782, 25.43325], [119.75733, 25.40495], [119.72199, 25.4139], [119.70388, 25.42358], [119.69306, 25.43765], [119.69778, 25.4566], [119.71176, 25.46955], [119.70997, 25.48786], [119.68922, 25.48047], [119.66848, 25.48786], [119.68621, 25.50771], [119.74855, 25.50259], [119.76637, 25.50625], [119.77833, 25.52204], [119.7588, 25.53075], [119.72633, 25.52514], [119.71617, 25.53632], [119.73048, 25.581], [119.72706, 25.59089], [119.71876, 25.59125], [119.70265, 25.57732], [119.69273, 25.59423], [119.69875, 25.61261], [119.73048, 25.64615], [119.74545, 25.64908], [119.76329, 25.65938], [119.78173, 25.65916], [119.77589, 25.63573], [119.78028, 25.61742], [119.792, 25.60456], [119.80372, 25.61073], [119.81348, 25.60882], [119.83284, 25.59089], [119.8169, 25.57982], [119.8745, 25.55679], [119.84653, 25.53634], [119.83448, 25.54914], [119.81861, 25.5458], [119.8047, 25.53262], [119.79884, 25.51581], [119.80641, 25.49584], [119.83968, 25.47914]]], [[[119.71876, 25.64557], [119.71453, 25.64025], [119.67661, 25.63647], [119.66539, 25.64428], [119.67687, 25.65557], [119.681, 25.65184], [119.71704, 25.66391], [119.71876, 25.64557]]], [[[119.57187, 25.64025], [119.59621, 25.66835], [119.60823, 25.66969], [119.60679, 25.65865], [119.57772, 25.63159], [119.56342, 25.637], [119.55911, 25.64366], [119.56545, 25.64902], [119.57187, 25.64025]]], [[[119.29054, 25.99527], [119.25757, 26.00147], [119.24684, 26.02656], [119.21778, 26.05903], [119.20924, 26.09858], [119.2212, 26.08954], [119.24334, 26.05707], [119.25758, 26.04755], [119.3698, 26.01423], [119.4012, 25.99603], [119.40495, 25.97794], [119.39063, 25.967], [119.34567, 25.97647], [119.29054, 25.99527]]], [[[119.57488, 26.11953], [119.59935, 26.12811], [119.62696, 26.10789], [119.64404, 26.07844], [119.63884, 26.07051], [119.62037, 26.06421], [119.56529, 26.08048], [119.55397, 26.09566], [119.57488, 26.11953]]], [[[119.95363, 26.16684], [119.96403, 26.16693], [119.96427, 26.16055], [119.95345, 26.14969], [119.92628, 26.13899], [119.91669, 26.14481], [119.91376, 26.15298], [119.91984, 26.16937], [119.92358, 26.16986], [119.92457, 26.1625], [119.93686, 26.15811], [119.95363, 26.16684]]], [[[119.76044, 26.61628], [119.7702, 26.62701], [119.79461, 26.63218], [119.81363, 26.6236], [119.8073, 26.61295], [119.79274, 26.61514], [119.7754, 26.60392], [119.76491, 26.60884], [119.76044, 26.61628]]], [[[119.71599, 26.66835], [119.72698, 26.66266], [119.73529, 26.67737], [119.75074, 26.67934], [119.75643, 26.67487], [119.74919, 26.66345], [119.72234, 26.65009], [119.7155, 26.64168], [119.69662, 26.6385], [119.67449, 26.64423], [119.66993, 26.64005], [119.66394, 26.64129], [119.6552, 26.66133], [119.65765, 26.66807], [119.71599, 26.66835]]], [[[119.9236, 26.67914], [119.90447, 26.68618], [119.90594, 26.69237], [119.94409, 26.69537], [119.93556, 26.67748], [119.94238, 26.6631], [119.93214, 26.67048], [119.92645, 26.66903], [119.9236, 26.67914]]], [[[119.74961, 32.22818], [119.7195, 32.24958], [119.71637, 32.27278], [119.75083, 32.29311], [119.78533, 32.29168], [119.81429, 32.27557], [119.83296, 32.25189], [119.87492, 32.15542], [119.88071, 32.12519], [119.90185, 32.0734], [119.89031, 32.07539], [119.85874, 32.10155], [119.792, 32.12177], [119.78712, 32.12958], [119.792, 32.14228], [119.79104, 32.16547], [119.81935, 32.20376], [119.74961, 32.22818]]], [[[119.44143, 34.77415], [119.45003, 34.77752], [119.45395, 34.77192], [119.49446, 34.7608], [119.49284, 34.75504], [119.48186, 34.74821], [119.46705, 34.75161], [119.44143, 34.77415]]], [[[119.97585, 25.96673], [119.98528, 25.96487], [119.99007, 25.96929], [119.98926, 25.96129], [119.96658, 25.94744], [119.97585, 25.96673]]], [[[119.94199, 25.98089], [119.95219, 25.97595], [119.93735, 25.96489], [119.92858, 25.97667], [119.94199, 25.98089]]], [[[119.99887, 26.21939], [119.98129, 26.21524], [119.97103, 26.19239], [119.96511, 26.20002], [119.97229, 26.22205], [119.99407, 26.23305], [120.00358, 26.23179], [120.01416, 26.22036], [120.01351, 26.20582], [119.99887, 26.21939]]], [[[120.06185, 26.52443], [120.06543, 26.51687], [120.06079, 26.50105], [120.03143, 26.49353], [120.02794, 26.49637], [120.03542, 26.52105], [120.06185, 26.52443]]], [[[120.16097, 26.57735], [120.1286, 26.55607], [120.1164, 26.56972], [120.13413, 26.58242], [120.14984, 26.60553], [120.16358, 26.59902], [120.16097, 26.57735]]], [[[120.30266, 26.94179], [120.313, 26.93842], [120.31201, 26.93107], [120.29786, 26.92907], [120.28543, 26.93403], [120.30266, 26.94179]]], [[[120.35255, 26.92379], [120.31853, 26.94859], [120.32243, 26.96208], [120.33709, 26.97003], [120.35092, 26.97117], [120.36304, 26.96303], [120.37387, 26.94359], [120.38566, 26.93517], [120.35255, 26.92379]]], [[[121.04612, 27.4652], [121.05341, 27.47331], [121.074, 27.47947], [121.10347, 27.46006], [121.10335, 27.45189], [121.06649, 27.45498], [121.0765, 27.4385], [121.06727, 27.43678], [121.04612, 27.4652]]], [[[121.15675, 27.84878], [121.15367, 27.85642], [121.18848, 27.86371], [121.18929, 27.8483], [121.17302, 27.84101], [121.17123, 27.8188], [121.13844, 27.82486], [121.11665, 27.81787], [121.098, 27.81783], [121.09605, 27.82786], [121.11384, 27.84398], [121.14918, 27.84577], [121.15675, 27.84878]]], [[[121.04696, 27.87522], [121.05692, 27.86364], [121.08368, 27.86569], [121.06604, 27.85149], [121.06656, 27.84732], [121.06258, 27.84575], [121.05648, 27.85422], [121.04694, 27.85522], [121.02, 27.83775], [121.01314, 27.84453], [121.02204, 27.86819], [121.04082, 27.87595], [121.04696, 27.87522]]], [[[121.10328, 27.94621], [121.07179, 27.95726], [121.0447, 27.95198], [121.04023, 27.95795], [121.04519, 27.96747], [121.06479, 27.98142], [121.11134, 27.98378], [121.12744, 27.97747], [121.13949, 27.96593], [121.13916, 27.95698], [121.10328, 27.94621]]], [[[121.15524, 28.07137], [121.15235, 28.07807], [121.14276, 28.08259], [121.13064, 28.10346], [121.13233, 28.11431], [121.12039, 28.13569], [121.16528, 28.15053], [121.18753, 28.1689], [121.20407, 28.18971], [121.21096, 28.20896], [121.23061, 28.21973], [121.2564, 28.2148], [121.26889, 28.19394], [121.27024, 28.18229], [121.26184, 28.16881], [121.25553, 28.14], [121.26454, 28.1216], [121.28534, 28.10194], [121.27914, 28.08544], [121.25709, 28.08516], [121.23813, 28.09292], [121.23365, 28.08242], [121.23811, 28.0712], [121.23145, 28.06502], [121.21925, 28.06786], [121.2185, 28.05847], [121.20244, 28.05475], [121.1864, 28.04371], [121.15158, 28.04124], [121.14675, 28.05781], [121.15524, 28.07137]]], [[[121.61516, 28.5418], [121.62532, 28.52305], [121.61362, 28.50175], [121.59539, 28.51377], [121.60069, 28.53416], [121.60768, 28.5418], [121.61516, 28.5418]]], [[[121.9266, 29.16672], [121.9432, 29.16111], [121.9554, 29.1435], [121.95833, 29.10188], [121.93531, 29.0629], [121.92515, 29.06307], [121.91228, 29.07136], [121.8887, 29.07234], [121.90016, 29.09374], [121.87159, 29.12661], [121.86819, 29.1474], [121.88137, 29.16029], [121.90308, 29.1665], [121.9266, 29.16672]]], [[[121.78274, 29.12466], [121.78599, 29.14374], [121.78983, 29.14985], [121.84392, 29.1419], [121.86215, 29.12958], [121.86736, 29.11579], [121.85352, 29.09757], [121.84206, 29.09505], [121.81446, 29.11538], [121.78583, 29.11971], [121.78274, 29.12466]]], [[[122.06821, 29.77952], [122.10769, 29.78958], [122.11475, 29.78851], [122.12207, 29.77871], [122.12208, 29.7508], [122.14408, 29.73246], [122.11623, 29.71457], [122.11317, 29.7002], [122.10157, 29.71971], [122.09278, 29.72578], [122.0739, 29.72443], [122.05307, 29.71602], [122.03648, 29.71748], [122.0329, 29.73094], [122.03949, 29.74769], [122.06821, 29.77952]]], [[[122.03019, 29.81606], [122.02883, 29.80591], [122.00562, 29.77693], [121.99382, 29.76924], [121.96828, 29.77384], [121.96852, 29.79463], [121.97747, 29.80541], [122.02434, 29.82465], [122.03019, 29.81606]]], [[[122.23869, 29.82236], [122.23171, 29.83624], [122.24774, 29.84609], [122.25402, 29.84417], [122.23869, 29.82236]]], [[[121.94614, 29.90396], [121.93361, 29.92132], [121.94094, 29.93768], [121.95997, 29.95318], [121.96647, 29.95172], [121.99339, 29.91904], [121.99243, 29.90828], [121.97413, 29.89985], [121.94614, 29.90396]]], [[[122.05387, 29.95328], [122.03826, 29.93453], [122.02671, 29.94368], [122.02527, 29.95347], [122.04046, 29.96649], [122.052, 29.96246], [122.05387, 29.95328]]], [[[122.13481, 29.97468], [122.16147, 29.98994], [122.17644, 29.97797], [122.18255, 29.96606], [122.17652, 29.96008], [122.14625, 29.97374], [122.13481, 29.97468]]], [[[121.82903, 29.99731], [121.83477, 30.04518], [121.84768, 30.08315], [121.85304, 30.08713], [121.87647, 30.0816], [121.88526, 30.06118], [121.9021, 30.05352], [121.90918, 30.04499], [121.91048, 30.02412], [121.90332, 30.00178], [121.88965, 29.98396], [121.87159, 29.97672], [121.86012, 29.97811], [121.83638, 29.98856], [121.82903, 29.99731]]], [[[122.3035, 30.04314], [122.30469, 30.01035], [122.29331, 29.93392], [122.27785, 29.93994], [122.24562, 29.96988], [122.18474, 29.99445], [122.14422, 30.0004], [122.0774, 30.01765], [122.06528, 30.01594], [122.02572, 29.99727], [122.01052, 30.00032], [122.01222, 30.03193], [121.99172, 30.03808], [121.97341, 30.05997], [121.97187, 30.06769], [121.9808, 30.09007], [121.96316, 30.1424], [121.97462, 30.14801], [122.08763, 30.14747], [122.1035, 30.14359], [122.13234, 30.12376], [122.1648, 30.1205], [122.16976, 30.11725], [122.1736, 30.10224], [122.18246, 30.09858], [122.20387, 30.09954], [122.22933, 30.09161], [122.25611, 30.06818], [122.28956, 30.06732], [122.29693, 30.06269], [122.3035, 30.04314]]], [[[121.93162, 30.11462], [121.95639, 30.10851], [121.94957, 30.08778], [121.93174, 30.06946], [121.92661, 30.08381], [121.91131, 30.0898], [121.90814, 30.09825], [121.93162, 30.11462]]], [[[122.18229, 30.16247], [122.16236, 30.144], [122.1452, 30.16244], [122.14496, 30.18866], [122.17016, 30.20203], [122.19093, 30.18952], [122.19923, 30.19293], [122.20622, 30.18822], [122.20101, 30.17732], [122.18304, 30.17149], [122.18229, 30.16247]]], [[[122.02825, 30.17532], [122.01783, 30.18549], [122.01078, 30.18627], [122.02646, 30.19903], [122.03728, 30.19615], [122.04033, 30.20237], [122.04786, 30.20213], [122.05688, 30.18782], [122.02362, 30.16577], [122.02151, 30.16934], [122.02825, 30.17532]]], [[[122.11403, 30.26509], [122.0736, 30.29141], [122.09595, 30.31079], [122.12022, 30.31874], [122.17533, 30.27725], [122.20903, 30.24489], [122.188, 30.24365], [122.13771, 30.25463], [122.11403, 30.26509]]], [[[121.98154, 30.33553], [121.96982, 30.31826], [121.97021, 30.30736], [121.9555, 30.29339], [121.95136, 30.30797], [121.96567, 30.33628], [121.97316, 30.33458], [121.9739, 30.34393], [121.98234, 30.34474], [121.98154, 30.33553]]], [[[121.31447, 31.65559], [121.2859, 31.70405], [121.22452, 31.73768], [121.1763, 31.78433], [121.18145, 31.79597], [121.21931, 31.82946], [121.26407, 31.84106], [121.32282, 31.82925], [121.38635, 31.81164], [121.47504, 31.7709], [121.53518, 31.72841], [121.57108, 31.71374], [121.60336, 31.69302], [121.58652, 31.59965], [121.56042, 31.53838], [121.51746, 31.56839], [121.40488, 31.6136], [121.37552, 31.63413], [121.34474, 31.64132], [121.31447, 31.65559]]], [[[120.6272, 32.04653], [120.6312, 32.03589], [120.62688, 32.0306], [120.58188, 32.03328], [120.56627, 32.04174], [120.56537, 32.05231], [120.57952, 32.06253], [120.60011, 32.06082], [120.6272, 32.04653]]], [[[120.1834, 35.75475], [120.17091, 35.74332], [120.15944, 35.74332], [120.15334, 35.75369], [120.16514, 35.7791], [120.17529, 35.78318], [120.1834, 35.75475]]], [[[122.19394, 37.50389], [122.20749, 37.49642], [122.17641, 37.49788], [122.16539, 37.50259], [122.18027, 37.51295], [122.19222, 37.51015], [122.19394, 37.50389]]], [[[120.74837, 37.9387], [120.75736, 37.92242], [120.75456, 37.89669], [120.72634, 37.90885], [120.72244, 37.9191], [120.72707, 37.94765], [120.73454, 37.94765], [120.74837, 37.9387]]], [[[120.62565, 37.95869], [120.61842, 37.94702], [120.60191, 37.96931], [120.60679, 37.97988], [120.61898, 37.98114], [120.62565, 37.95869]]], [[[120.72729, 37.96943], [120.72047, 37.96403], [120.70054, 37.96988], [120.68826, 37.98526], [120.69021, 37.99062], [120.70435, 37.98952], [120.72019, 37.98074], [120.72729, 37.96943]]]]}}]}