{"type": "FeatureCollection", "features": [{"type": "Feature", "properties": {"map_title": "제1차 세계 대전의 전개", "source": "미래엔 세계사 교과서 4권 181쪽", "volume": 4, "page": 181, "legend": "연합국", "name": "이탈리아", "name_en": "Italy", "period": "1914–1918", "kind": "국가", "alliance": "연합국", "coast_snap": "Natural Earth 10m 해안선에 맞춤", "border_snap": "현대 국경(Natural Earth 10m)에 맞춘 구간 약 1288 km", "group": "이탈리아", "map_folder": "4권_p181_제1차 세계 대전의 전개"}, "geometry": {"type": "MultiPolygon", "coordinates": [[[[8.40138, 38.98102], [8.36493, 39.02949], [8.3494, 39.06195], [8.35353, 39.09089], [8.34605, 39.0909], [8.34605, 39.09772], [8.36037, 39.11814], [8.38592, 39.10505], [8.41765, 39.10658], [8.44453, 39.10274], [8.45802, 39.06806], [8.4699, 39.06566], [8.47919, 39.0722], [8.48388, 39.06977], [8.45932, 39.04979], [8.46337, 39.04247], [8.45395, 39.02814], [8.43701, 38.9672], [8.42217, 38.96058], [8.40985, 38.96183], [8.40138, 38.98102]]], [[[8.22464, 39.15705], [8.23023, 39.17293], [8.2453, 39.18097], [8.30582, 39.19329], [8.31201, 39.12031], [8.30583, 39.10457], [8.28975, 39.09884], [8.26938, 39.10017], [8.25475, 39.10713], [8.25733, 39.12442], [8.23269, 39.14412], [8.22464, 39.15705]]], [[[8.22926, 40.92158], [8.23316, 40.9101], [8.27784, 40.86542], [8.31023, 40.85065], [8.42188, 40.83877], [8.47787, 40.82616], [8.52052, 40.82697], [8.5984, 40.85297], [8.63429, 40.88158], [8.64097, 40.89646], [8.70916, 40.92063], [8.73419, 40.92126], [8.76442, 40.9138], [8.83961, 40.96162], [8.87535, 41.00811], [8.88795, 41.01626], [8.88114, 41.02366], [8.9227, 41.03677], [8.94013, 41.06118], [8.95875, 41.07001], [8.99073, 41.09736], [9.00555, 41.12189], [9.02475, 41.12884], [9.10776, 41.13947], [9.13559, 41.16029], [9.14186, 41.15278], [9.15756, 41.16889], [9.16342, 41.18415], [9.16285, 41.22541], [9.17106, 41.24289], [9.23063, 41.26263], [9.23829, 41.24885], [9.25782, 41.24965], [9.26806, 41.23664], [9.26743, 41.20197], [9.27833, 41.19501], [9.27491, 41.21239], [9.27833, 41.22175], [9.28532, 41.22174], [9.2893, 41.20873], [9.28533, 41.19501], [9.31251, 41.20123], [9.33302, 41.18757], [9.33524, 41.21165], [9.35205, 41.20725], [9.38819, 41.18073], [9.38819, 41.18757], [9.42237, 41.18072], [9.42236, 41.17451], [9.4087, 41.1603], [9.42017, 41.15643], [9.44287, 41.13297], [9.43678, 41.11538], [9.44288, 41.09199], [9.46043, 41.12047], [9.47006, 41.12613], [9.45657, 41.14036], [9.46909, 41.14617], [9.50807, 41.14037], [9.52393, 41.14971], [9.53222, 41.14037], [9.52475, 41.13296], [9.54615, 41.12092], [9.55957, 41.12611], [9.5664, 41.11932], [9.56225, 41.09712], [9.5459, 41.07772], [9.53907, 41.09199], [9.52125, 41.03168], [9.51189, 41.01626], [9.53224, 41.01626], [9.52475, 41.0305], [9.54314, 41.03692], [9.5542, 41.03461], [9.55755, 41.02527], [9.55275, 41.00947], [9.55779, 41.00943], [9.55958, 41.01626], [9.57325, 41.00947], [9.58815, 41.02069], [9.61544, 41.01961], [9.66259, 41.00263], [9.65121, 40.99113], [9.60426, 41.00263], [9.58758, 40.9958], [9.57886, 40.96199], [9.56642, 40.94864], [9.57112, 40.93489], [9.55742, 40.93122], [9.51189, 40.93431], [9.51254, 40.92797], [9.50424, 40.92691], [9.51197, 40.91519], [9.53907, 40.92064], [9.57325, 40.9064], [9.59278, 40.9099], [9.62257, 40.92376], [9.64208, 40.92063], [9.63151, 40.90486], [9.61411, 40.8996], [9.61411, 40.89338], [9.65576, 40.87604], [9.66326, 40.85822], [9.68311, 40.86541], [9.69939, 40.85004], [9.72394, 40.84492], [9.681, 40.82978], [9.68978, 40.81079], [9.67449, 40.81391], [9.66179, 40.80903], [9.65789, 40.79987], [9.66879, 40.79035], [9.66977, 40.80146], [9.67579, 40.78864], [9.70394, 40.75942], [9.7142, 40.72724], [9.74446, 40.68048], [9.75652, 40.59516], [9.76157, 40.58735], [9.7819, 40.58197], [9.79225, 40.55695], [9.82641, 40.5296], [9.80875, 40.47077], [9.77809, 40.42723], [9.76172, 40.3907], [9.74935, 40.37727], [9.71241, 40.3664], [9.68311, 40.32421], [9.64552, 40.29609], [9.62615, 40.26309], [9.63111, 40.19619], [9.65463, 40.1446], [9.66505, 40.13158], [9.68758, 40.12085], [9.71022, 40.09634], [9.73226, 40.08393], [9.73023, 40.06836], [9.69337, 39.99291], [9.68727, 39.96117], [9.69662, 39.93378], [9.71, 39.94032], [9.71566, 39.94012], [9.71777, 39.93378], [9.71452, 39.92451], [9.69663, 39.9195], [9.68434, 39.89423], [9.68977, 39.87173], [9.68312, 39.87173], [9.68312, 39.86555], [9.69661, 39.85805], [9.69661, 39.85188], [9.68425, 39.83991], [9.67026, 39.79377], [9.67622, 39.71783], [9.65113, 39.65249], [9.65303, 39.56707], [9.62843, 39.50178], [9.64483, 39.48374], [9.63899, 39.45246], [9.61411, 39.39936], [9.60206, 39.35566], [9.60353, 39.32624], [9.6346, 39.30316], [9.6346, 39.29695], [9.60727, 39.28901], [9.58188, 39.2663], [9.56756, 39.2381], [9.57324, 39.21382], [9.5656, 39.20506], [9.57991, 39.18708], [9.56641, 39.14924], [9.55778, 39.13972], [9.52272, 39.1249], [9.51856, 39.10458], [9.5071, 39.1114], [9.51189, 39.12442], [9.49635, 39.13361], [9.48072, 39.13557], [9.44289, 39.12443], [9.438, 39.13337], [9.40871, 39.14616], [9.34506, 39.19644], [9.31191, 39.2081], [9.29217, 39.22126], [9.28533, 39.21383], [9.25245, 39.22516], [9.21632, 39.22801], [9.19744, 39.22114], [9.16602, 39.18709], [9.1369, 39.19433], [9.07301, 39.24852], [9.06373, 39.24307], [9.03875, 39.26219], [9.01393, 39.2639], [9.01254, 39.26057], [9.02573, 39.25601], [9.02101, 39.24042], [9.03785, 39.22712], [9.07496, 39.22989], [9.07985, 39.2246], [9.07894, 39.21235], [9.03859, 39.17902], [9.02622, 39.16523], [9.01832, 39.14615], [9.01873, 39.10395], [9.03199, 39.06977], [9.04492, 39.05126], [9.02931, 39.03026], [9.01832, 38.99531], [9.0257, 38.99531], [9.01515, 38.98966], [9.00465, 38.99531], [8.99615, 38.98265], [8.89489, 38.90243], [8.87745, 38.89908], [8.85328, 38.87801], [8.84126, 38.8807], [8.80543, 38.90595], [8.80542, 38.88547], [8.79103, 38.90445], [8.76661, 38.9204], [8.73951, 38.93065], [8.71656, 38.9326], [8.66879, 38.91059], [8.65162, 38.89155], [8.65511, 38.87117], [8.64096, 38.86434], [8.63479, 38.87116], [8.64283, 38.88996], [8.63315, 38.89558], [8.59988, 38.89908], [8.59988, 38.90595], [8.615, 38.923], [8.61549, 38.94758], [8.60328, 38.96491], [8.5801, 38.96053], [8.55958, 39.05671], [8.54428, 39.05127], [8.50442, 39.06294], [8.51808, 39.08344], [8.50441, 39.09089], [8.48277, 39.08039], [8.4651, 39.11945], [8.45428, 39.1249], [8.44224, 39.11816], [8.43539, 39.16596], [8.41879, 39.17731], [8.41261, 39.17573], [8.4157, 39.16598], [8.40952, 39.16934], [8.39869, 39.20116], [8.38015, 39.20759], [8.37283, 39.22208], [8.37673, 39.23785], [8.42644, 39.28327], [8.43214, 39.30183], [8.41572, 39.32368], [8.41725, 39.33902], [8.3821, 39.35969], [8.37405, 39.37885], [8.40138, 39.41242], [8.40504, 39.42719], [8.38691, 39.46979], [8.43531, 39.52521], [8.46339, 39.57685], [8.45592, 39.58438], [8.46388, 39.59789], [8.44225, 39.71467], [8.44646, 39.73086], [8.44403, 39.75702], [8.44607, 39.76251], [8.46858, 39.75494], [8.49977, 39.71621], [8.51694, 39.70214], [8.53826, 39.69603], [8.56577, 39.70108], [8.5145, 39.71369], [8.5044, 39.7215], [8.50686, 39.73847], [8.54526, 39.78294], [8.53858, 39.78294], [8.53053, 39.77041], [8.51811, 39.76254], [8.5298, 39.77253], [8.54884, 39.8072], [8.55519, 39.85269], [8.54526, 39.87857], [8.52345, 39.89887], [8.49415, 39.91242], [8.46306, 39.91413], [8.43539, 39.89899], [8.44223, 39.89281], [8.44557, 39.8981], [8.46336, 39.89899], [8.44467, 39.88361], [8.43539, 39.85808], [8.42874, 39.86555], [8.43751, 39.87678], [8.3983, 39.90535], [8.39455, 39.91267], [8.40138, 39.94001], [8.39452, 39.98817], [8.4065, 40.00983], [8.40707, 40.0222], [8.39454, 40.0362], [8.38014, 40.03011], [8.37722, 40.03376], [8.40138, 40.04986], [8.43482, 40.05101], [8.4686, 40.06216], [8.48731, 40.08955], [8.49, 40.10448], [8.46731, 40.14472], [8.46337, 40.16339], [8.45966, 40.21601], [8.47641, 40.26215], [8.47609, 40.29214], [8.4629, 40.31452], [8.44125, 40.33145], [8.4157, 40.34528], [8.40821, 40.33785], [8.38601, 40.3518], [8.38357, 40.37177], [8.39454, 40.42381], [8.37989, 40.4687], [8.36557, 40.49213], [8.33173, 40.51069], [8.31202, 40.57807], [8.29151, 40.59536], [8.26734, 40.59406], [8.21632, 40.57064], [8.19599, 40.57808], [8.21632, 40.61221], [8.19337, 40.6175], [8.17661, 40.60659], [8.16179, 40.56382], [8.14738, 40.59303], [8.14065, 40.62518], [8.17384, 40.64159], [8.18531, 40.65656], [8.1885, 40.68048], [8.19744, 40.69123], [8.17385, 40.69698], [8.14584, 40.72602], [8.13382, 40.72892], [8.215, 40.88044], [8.21632, 40.8996], [8.20973, 40.91445], [8.1789, 40.92817], [8.18231, 40.9453], [8.20217, 40.97528], [8.20963, 40.97528], [8.21258, 40.96345], [8.22901, 40.96254], [8.23616, 40.95478], [8.22926, 40.92158]]], [[[9.7139, 40.87367], [9.73414, 40.87632], [9.74462, 40.86916], [9.73404, 40.85811], [9.71934, 40.86376], [9.7139, 40.87367]]], [[[9.70012, 40.8905], [9.67606, 40.89022], [9.73366, 40.92462], [9.73986, 40.91218], [9.70012, 40.8905]]], [[[8.33236, 41.06465], [8.27475, 41.05728], [8.25115, 41.04377], [8.24642, 40.99365], [8.20967, 40.9958], [8.22131, 41.01352], [8.22886, 41.04173], [8.26054, 41.06451], [8.27564, 41.06977], [8.27786, 41.10565], [8.30209, 41.10505], [8.32617, 41.1261], [8.32797, 41.11249], [8.34202, 41.09764], [8.34114, 41.07394], [8.33236, 41.06465]]], [[[9.40235, 41.19021], [9.39552, 41.1896], [9.39654, 41.19731], [9.40821, 41.20742], [9.41748, 41.20042], [9.40781, 41.18513], [9.40235, 41.19021]]], [[[9.47477, 41.23606], [9.47948, 41.22419], [9.47038, 41.17212], [9.44874, 41.18553], [9.44166, 41.18306], [9.43702, 41.18594], [9.44777, 41.20506], [9.44353, 41.21149], [9.44646, 41.2204], [9.46026, 41.24233], [9.47477, 41.23606]]], [[[9.37306, 41.22987], [9.39186, 41.24071], [9.39797, 41.25604], [9.41424, 41.26242], [9.42188, 41.26088], [9.4305, 41.24628], [9.42905, 41.2294], [9.43531, 41.21703], [9.39527, 41.2106], [9.37687, 41.21353], [9.37306, 41.22987]]], [[[9.15837, 41.24216], [9.14674, 41.23002], [9.13748, 41.24087], [9.14162, 41.24643], [9.15837, 41.24216]]], [[[9.34221, 41.22815], [9.3297, 41.23758], [9.33287, 41.25079], [9.35302, 41.24782], [9.35075, 41.23221], [9.34221, 41.22815]]], [[[9.3506, 41.28872], [9.35123, 41.27612], [9.3444, 41.27492], [9.33108, 41.28104], [9.3506, 41.28872]]], [[[9.36475, 41.28792], [9.35825, 41.2969], [9.37658, 41.30766], [9.3789, 41.29585], [9.36475, 41.28792]]], [[[9.33567, 41.30817], [9.35328, 41.29934], [9.35418, 41.29287], [9.33702, 41.2945], [9.33092, 41.30471], [9.33567, 41.30817]]], [[[9.26262, 41.3608], [9.25043, 41.36547], [9.25157, 41.37115], [9.26481, 41.37213], [9.26433, 41.36636], [9.27001, 41.36762], [9.26262, 41.3608]]], [[[9.26466, 41.47614], [9.27083, 41.46874], [9.22803, 41.45003], [9.2107, 41.44823], [9.2107, 41.44086], [9.22332, 41.42731], [9.2107, 41.40729], [9.25032, 41.42778], [9.23015, 41.38093], [9.22314, 41.37251], [9.20671, 41.36592], [9.19387, 41.36914], [9.16912, 41.38618], [9.09646, 41.40352], [9.10728, 41.42926], [9.12135, 41.43464], [9.06659, 41.46191], [9.07985, 41.47614], [9.07985, 41.48237], [9.03875, 41.46192], [9.03199, 41.46874], [9.03875, 41.47614], [9.01832, 41.46875], [9.00099, 41.48306], [8.9756, 41.48908], [8.93009, 41.49218], [8.98667, 41.51847], [9.07432, 41.54573], [9.1595, 41.55886], [9.24658, 41.56015], [9.30419, 41.55565], [9.28198, 41.53328], [9.26466, 41.53083], [9.26986, 41.51679], [9.26466, 41.50288], [9.2762, 41.49941], [9.27913, 41.49165], [9.26466, 41.47614]]], [[[10.38136, 42.83242], [10.39976, 42.86863], [10.41236, 42.87335], [10.43099, 42.86444], [10.44335, 42.84545], [10.43116, 42.82787], [10.43668, 42.80443], [10.43001, 42.78759], [10.42005, 42.77632], [10.38885, 42.7635], [10.40794, 42.75728], [10.42512, 42.74078], [10.43066, 42.72212], [10.41554, 42.70891], [10.41098, 42.71796], [10.38137, 42.72257], [10.36427, 42.74982], [10.3379, 42.76484], [10.32504, 42.76484], [10.31373, 42.74301], [10.30454, 42.75975], [10.26539, 42.74459], [10.24537, 42.75727], [10.23489, 42.73588], [10.14723, 42.7373], [10.12486, 42.74312], [10.10674, 42.75762], [10.10142, 42.784], [10.1119, 42.80137], [10.13299, 42.8119], [10.17953, 42.81874], [10.22438, 42.80443], [10.26588, 42.80443], [10.25906, 42.81191], [10.27215, 42.81875], [10.27216, 42.82733], [10.32682, 42.82623], [10.32211, 42.81171], [10.33277, 42.80598], [10.34734, 42.80585], [10.38136, 42.83242]]], [[[12.52345, 38.03144], [12.57635, 38.07171], [12.60841, 38.0624], [12.65162, 38.0915], [12.66245, 38.11627], [12.7046, 38.11083], [12.72535, 38.12592], [12.71992, 38.17548], [12.73178, 38.19275], [12.7378, 38.18098], [12.76091, 38.18097], [12.79078, 38.11709], [12.81837, 38.07795], [12.86889, 38.05133], [12.86964, 38.04255], [12.90113, 38.02806], [12.94418, 38.03286], [13.02735, 38.0624], [13.06137, 38.08348], [13.0713, 38.09553], [13.06617, 38.12303], [13.05471, 38.14183], [13.08937, 38.166], [13.08377, 38.17471], [13.10093, 38.19008], [13.11248, 38.19276], [13.15699, 38.17967], [13.20721, 38.17609], [13.23032, 38.18464], [13.23903, 38.207], [13.2544, 38.20254], [13.31812, 38.22064], [13.32324, 38.21796], [13.32838, 38.20018], [13.37191, 38.17279], [13.3733, 38.14069], [13.39137, 38.10318], [13.51352, 38.11053], [13.54126, 38.09406], [13.53932, 38.07685], [13.54737, 38.05622], [13.58708, 38.03912], [13.65113, 38.00096], [13.69799, 37.99351], [13.71191, 37.98793], [13.70509, 37.98046], [13.79078, 37.97362], [13.81267, 37.97793], [13.85719, 37.99672], [13.89828, 38.00446], [13.93849, 38.02887], [14.00717, 38.03828], [14.02052, 38.04937], [14.08326, 38.02383], [14.10629, 38.02143], [14.15138, 38.02886], [14.2732, 38.01512], [14.33123, 38.01801], [14.38461, 38.02953], [14.4319, 38.04937], [14.46412, 38.03718], [14.51173, 38.04438], [14.63461, 38.08149], [14.66774, 38.09919], [14.73399, 38.15771], [14.7448, 38.16135], [14.79811, 38.16035], [14.87403, 38.17569], [14.90708, 38.18768], [14.94474, 38.1819], [14.96974, 38.15925], [15.00734, 38.1518], [15.04899, 38.15179], [15.0687, 38.13129], [15.0879, 38.12824], [15.17742, 38.15632], [15.2033, 38.1833], [15.24073, 38.24116], [15.23718, 38.26479], [15.24317, 38.26479], [15.24633, 38.25434], [15.24073, 38.23029], [15.24537, 38.21723], [15.25758, 38.21019], [15.29184, 38.20702], [15.32106, 38.21088], [15.39967, 38.23257], [15.43377, 38.25315], [15.47291, 38.26781], [15.51288, 38.29758], [15.52866, 38.30263], [15.55925, 38.3001], [15.61598, 38.28022], [15.6516, 38.27529], [15.64242, 38.26228], [15.62428, 38.26166], [15.58375, 38.24042], [15.56967, 38.22696], [15.55991, 38.19977], [15.57592, 38.20017], [15.52703, 38.13679], [15.50033, 38.08495], [15.39259, 37.97614], [15.26645, 37.81211], [15.24122, 37.79556], [15.21306, 37.76146], [15.20655, 37.74775], [15.22021, 37.70673], [15.21606, 37.69673], [15.20216, 37.68537], [15.19677, 37.6551], [15.16391, 37.5679], [15.1159, 37.52228], [15.09669, 37.49445], [15.08953, 37.45946], [15.09205, 37.36054], [15.09669, 37.34369], [15.11069, 37.32185], [15.18002, 37.29076], [15.21745, 37.28497], [15.23666, 37.27472], [15.25195, 37.25771], [15.26122, 37.23386], [15.24488, 37.24616], [15.23561, 37.24193], [15.22024, 37.22019], [15.22169, 37.23745], [15.21583, 37.2447], [15.20541, 37.2447], [15.19288, 37.23998], [15.19905, 37.22761], [15.18344, 37.20746], [15.19467, 37.17634], [15.21648, 37.15522], [15.23325, 37.16485], [15.24756, 37.15867], [15.24756, 37.15185], [15.22918, 37.14964], [15.23178, 37.13491], [15.24659, 37.11823], [15.30322, 37.10122], [15.30786, 37.08666], [15.30274, 37.0625], [15.28793, 37.069], [15.28199, 37.06086], [15.2837, 37.04841], [15.29184, 37.04198], [15.31226, 37.044], [15.32105, 37.04022], [15.33235, 37.01163], [15.32472, 37.0085], [15.30893, 37.01777], [15.26808, 37.00043], [15.2749, 36.9936], [15.26385, 36.98713], [15.26806, 36.9731], [15.24448, 36.97207], [15.17465, 36.94408], [15.15838, 36.92422], [15.10768, 36.82014], [15.10661, 36.80858], [15.09401, 36.79955], [15.09889, 36.77945], [15.11726, 36.74693], [15.13493, 36.68769], [15.13428, 36.6752], [15.11451, 36.65991], [15.09392, 36.65494], [15.07358, 36.65913], [15.03305, 36.69392], [15.00717, 36.70279], [14.99781, 36.70222], [14.98243, 36.68888], [14.95729, 36.69783], [14.91863, 36.71988], [14.88217, 36.73066], [14.84685, 36.72626], [14.78078, 36.69938], [14.77345, 36.71003], [14.76092, 36.70622], [14.74431, 36.71914], [14.68459, 36.72603], [14.65895, 36.75381], [14.5822, 36.78132], [14.56593, 36.77832], [14.48732, 36.79337], [14.47562, 36.80517], [14.39454, 36.94501], [14.36988, 36.97309], [14.27882, 37.04401], [14.20851, 37.08112], [14.12631, 37.11225], [14.08863, 37.11774], [13.97633, 37.1103], [13.93849, 37.09594], [13.89467, 37.10078], [13.83269, 37.13955], [13.71584, 37.17138], [13.68345, 37.18936], [13.59881, 37.25674], [13.56918, 37.2735], [13.45265, 37.29883], [13.32961, 37.36628], [13.31129, 37.38084], [13.27802, 37.39371], [13.25327, 37.43179], [13.22536, 37.44604], [13.20606, 37.46393], [13.18923, 37.46972], [13.17408, 37.48701], [13.05152, 37.50068], [13.02638, 37.49324], [13.01054, 37.50673], [13.00001, 37.53547], [12.97413, 37.55744], [12.94264, 37.56851], [12.86215, 37.5764], [12.78093, 37.57421], [12.69776, 37.56274], [12.65936, 37.56514], [12.63625, 37.58223], [12.59474, 37.63789], [12.57781, 37.652], [12.56349, 37.65778], [12.52361, 37.65836], [12.50621, 37.66552], [12.48916, 37.68255], [12.46503, 37.7198], [12.45631, 37.75975], [12.42703, 37.79703], [12.42741, 37.80905], [12.44459, 37.81597], [12.44606, 37.81184], [12.46502, 37.82282], [12.47869, 37.88117], [12.46413, 37.91291], [12.49049, 37.95401], [12.50294, 37.99706], [12.50416, 38.01122], [12.49295, 38.02143], [12.52345, 38.03144]]], [[[12.28696, 37.93854], [12.31422, 37.94634], [12.33676, 37.93305], [12.3688, 37.92523], [12.35741, 37.91404], [12.34213, 37.91324], [12.31422, 37.92524], [12.29937, 37.91931], [12.28758, 37.92169], [12.27322, 37.93951], [12.28696, 37.93854]]], [[[12.07926, 37.95027], [12.06479, 37.95084], [12.04763, 37.96077], [12.03183, 37.98218], [12.03614, 37.99085], [12.05355, 37.99241], [12.06445, 37.98623], [12.07926, 37.95027]]], [[[15.00732, 38.37768], [14.98683, 38.3641], [14.94827, 38.39644], [14.94534, 38.41226], [14.95319, 38.42427], [14.98243, 38.41241], [15.00171, 38.39126], [15.00732, 38.37768]]], [[[14.20834, 40.53796], [14.19599, 40.54117], [14.19886, 40.55856], [14.21921, 40.56054], [14.26212, 40.55398], [14.25471, 40.54638], [14.20834, 40.53796]]], [[[13.84915, 40.71528], [13.85622, 40.73501], [13.87013, 40.74873], [13.86282, 40.76239], [13.88315, 40.76239], [13.9463, 40.74518], [13.9656, 40.73518], [13.96581, 40.71528], [13.94467, 40.70162], [13.93482, 40.70563], [13.91977, 40.7045], [13.89015, 40.69417], [13.84915, 40.71528]]], [[[14.01767, 40.77028], [14.03531, 40.75984], [14.02182, 40.75719], [14.02588, 40.75032], [14.01352, 40.74754], [14.01708, 40.73727], [14.00587, 40.74689], [14.001, 40.74397], [14.0041, 40.76219], [14.01767, 40.77028]]], [[[13.43196, 40.80145], [13.42692, 40.79085], [13.41475, 40.7859], [13.42417, 40.80023], [13.43196, 40.80145]]], [[[12.98219, 40.93756], [12.99177, 40.93318], [12.9686, 40.91946], [12.96095, 40.90323], [12.96647, 40.89305], [12.95834, 40.882], [12.952, 40.88155], [12.94208, 40.89981], [12.95416, 40.92165], [12.98219, 40.93756]]], [[[12.85727, 40.95001], [12.86165, 40.9307], [12.85044, 40.92603], [12.85313, 40.94798], [12.85727, 40.95001]]], [[[15.49674, 42.11603], [15.48471, 42.10144], [15.47773, 42.10412], [15.48939, 42.12449], [15.49674, 42.11603]]], [[[11.11246, 42.25288], [11.10239, 42.2543], [11.10644, 42.2378], [11.09524, 42.24328], [11.0928, 42.25811], [11.10467, 42.26332], [11.11051, 42.26121], [11.11246, 42.25288]]], [[[10.91359, 42.37503], [10.92956, 42.34056], [10.93975, 42.33066], [10.92333, 42.31874], [10.87194, 42.35387], [10.86185, 42.36628], [10.87637, 42.37444], [10.87583, 42.38656], [10.88299, 42.39214], [10.91359, 42.37503]]], [[[15.81392, 38.30381], [15.82989, 38.35124], [15.9048, 38.47394], [15.91782, 38.51679], [15.91603, 38.55036], [15.90008, 38.57827], [15.87078, 38.60423], [15.84383, 38.61812], [15.83368, 38.63378], [15.83661, 38.64899], [15.84474, 38.66049], [15.9048, 38.67939], [15.96803, 38.71259], [16.00262, 38.7254], [16.04884, 38.72772], [16.12086, 38.72093], [16.1526, 38.7309], [16.17921, 38.74828], [16.20094, 38.77644], [16.2151, 38.81415], [16.22169, 38.85659], [16.21469, 38.91901], [16.2046, 38.93407], [16.18963, 38.94355], [16.16896, 38.94686], [16.15416, 38.95522], [16.08303, 39.07527], [16.03403, 39.34524], [15.9954, 39.43877], [15.95808, 39.47757], [15.93312, 39.51366], [15.8761, 39.55164], [15.86753, 39.56391], [15.8366, 39.65266], [15.80642, 39.6955], [15.78875, 39.79662], [15.78875, 39.7904], [15.78395, 39.81], [15.76972, 39.83015], [15.78191, 39.8686], [15.77443, 39.8911], [15.74156, 39.9296], [15.72804, 39.96418], [15.6789, 40.00886], [15.65162, 40.04365], [15.63039, 40.05769], [15.62428, 40.07779], [15.6102, 40.0732], [15.53492, 40.07779], [15.51313, 40.06768], [15.4953, 40.04673], [15.45981, 40.02936], [15.42959, 39.9998], [15.4101, 39.99398], [15.34317, 40.00416], [15.3143, 40.03376], [15.30275, 40.0362], [15.28305, 40.02986], [15.26125, 40.02937], [15.26125, 40.0362], [15.27914, 40.04768], [15.26344, 40.07372], [15.2339, 40.1], [15.18996, 40.11913], [15.12721, 40.16962], [15.1128, 40.17479], [15.06568, 40.16658], [15.04722, 40.16894], [15.03493, 40.17537], [15.0228, 40.19563], [15.00312, 40.21026], [14.97591, 40.21932], [14.95709, 40.23155], [14.93814, 40.22785], [14.91116, 40.24165], [14.90693, 40.25861], [14.9319, 40.28555], [14.93914, 40.30707], [14.9324, 40.33372], [14.99449, 40.35843], [15.00043, 40.36883], [14.99827, 40.39756], [14.88884, 40.57307], [14.83546, 40.63264], [14.78199, 40.66987], [14.75221, 40.6767], [14.71998, 40.66682], [14.69015, 40.64906], [14.62574, 40.64908], [14.61329, 40.6459], [14.57129, 40.61775], [14.54448, 40.61364], [14.51638, 40.61987], [14.48658, 40.63264], [14.47136, 40.62467], [14.42205, 40.61555], [14.40153, 40.60213], [14.35581, 40.58364], [14.34262, 40.57064], [14.32983, 40.58466], [14.32799, 40.60541], [14.33775, 40.62441], [14.38738, 40.63695], [14.44422, 40.68598], [14.47637, 40.6951], [14.47975, 40.71149], [14.47413, 40.72968], [14.44264, 40.75507], [14.42129, 40.75094], [14.39444, 40.76157], [14.2942, 40.83877], [14.24838, 40.83771], [14.22364, 40.83137], [14.20316, 40.80121], [14.18221, 40.80093], [14.1656, 40.81575], [14.13524, 40.81857], [14.09596, 40.83381], [14.08253, 40.83128], [14.07618, 40.82221], [14.08251, 40.78353], [14.04771, 40.7896], [14.04117, 40.79649], [14.05226, 40.83759], [14.04446, 40.87421], [14.02134, 40.92183], [13.96534, 40.9964], [13.91799, 41.02367], [13.91066, 41.06464], [13.85172, 41.14732], [13.79049, 41.20586], [13.72185, 41.25239], [13.70851, 41.25641], [13.66335, 41.25069], [13.65659, 41.25959], [13.59441, 41.25312], [13.56365, 41.23798], [13.57543, 41.20808], [13.54396, 41.20662], [13.53423, 41.20824], [13.51442, 41.22968], [13.50711, 41.22176], [13.49969, 41.22176], [13.48024, 41.23916], [13.32439, 41.29483], [13.28582, 41.29572], [13.18702, 41.27802], [13.15121, 41.26021], [13.11451, 41.25088], [13.0905, 41.22656], [13.06821, 41.22176], [13.04462, 41.22753], [13.02369, 41.27359], [12.9795, 41.331], [12.92384, 41.37979], [12.89357, 41.39932], [12.84156, 41.4184], [12.74855, 41.42374], [12.67856, 41.45795], [12.65398, 41.46564], [12.63526, 41.44751], [12.61921, 41.45934], [12.54558, 41.54414], [12.44801, 41.63076], [12.32716, 41.71137], [12.30064, 41.71744], [12.285, 41.7272], [12.23903, 41.73628], [12.2235, 41.75069], [12.2152, 41.76814], [12.20623, 41.82734], [12.17018, 41.87958], [12.14747, 41.90347], [12.03884, 41.96516], [12.02036, 41.99307], [11.9822, 41.99975], [11.95265, 42.02228], [11.91684, 42.03791], [11.82749, 42.03418], [11.80942, 42.06635], [11.75018, 42.12792], [11.73618, 42.16889], [11.68214, 42.25214], [11.65821, 42.27936], [11.53907, 42.34886], [11.48898, 42.35948], [11.39618, 42.39298], [11.39617, 42.40038], [11.37664, 42.40689], [11.35467, 42.40721], [11.36206, 42.40039], [11.33302, 42.40059], [11.25904, 42.42084], [11.21127, 42.41889], [11.20092, 42.39546], [11.18629, 42.3793], [11.18384, 42.36629], [11.16472, 42.36933], [11.15593, 42.36629], [11.13453, 42.38418], [11.10663, 42.39127], [11.08677, 42.41836], [11.08695, 42.42945], [11.09897, 42.44268], [11.11302, 42.44635], [11.14182, 42.4388], [11.16419, 42.43983], [11.17969, 42.4565], [11.18845, 42.48027], [11.18686, 42.52082], [11.16605, 42.54622], [11.15846, 42.56403], [11.12868, 42.55806], [11.09742, 42.60688], [11.08092, 42.61271], [11.07781, 42.63223], [11.00572, 42.66792], [10.99, 42.71027], [10.94361, 42.74299], [10.89088, 42.7639], [10.73132, 42.80443], [10.75538, 42.81916], [10.7649, 42.83527], [10.76565, 42.8771], [10.77768, 42.89472], [10.76352, 42.91828], [10.68141, 42.94904], [10.6325, 42.95848], [10.58326, 42.9597], [10.53907, 42.94912], [10.54654, 42.93476], [10.51857, 42.92529], [10.49954, 42.9405], [10.47757, 42.99005], [10.5027, 43.00556], [10.5171, 43.02391], [10.53907, 43.07941], [10.5357, 43.11289], [10.54656, 43.14712], [10.53448, 43.18505], [10.52817, 43.24677], [10.43702, 43.38858], [10.37338, 43.45319], [10.35914, 43.46528], [10.32636, 43.47688], [10.31724, 43.49262], [10.29474, 43.56882], [10.26401, 43.80939], [10.25164, 43.84663], [10.21013, 43.92023], [10.18068, 43.95527], [10.1365, 43.97871], [10.10581, 44.01675], [10.03533, 44.04784], [9.98854, 44.05976], [9.98071, 44.04988], [9.96274, 44.04468], [9.88795, 44.093], [9.8768, 44.08785], [9.84474, 44.10863], [9.82643, 44.10725], [9.83325, 44.09985], [9.81959, 44.093], [9.83058, 44.07884], [9.84749, 44.07249], [9.84749, 44.06632], [9.83326, 44.05207], [9.84634, 44.04629], [9.84253, 44.04117], [9.8323, 44.04231], [9.81984, 44.06338], [9.77183, 44.07942], [9.68263, 44.13654], [9.62111, 44.14827], [9.57994, 44.17895], [9.57301, 44.1916], [9.49904, 44.22184], [9.48439, 44.24384], [9.45418, 44.23773], [9.43679, 44.2395], [9.42237, 44.25678], [9.37453, 44.2718], [9.36769, 44.29442], [9.26308, 44.33626], [9.23064, 44.3537], [9.21372, 44.33344], [9.21069, 44.30534], [9.16506, 44.31831], [9.14667, 44.32856], [9.14861, 44.34003], [9.13006, 44.36335], [9.10206, 44.37397], [9.00123, 44.38728], [8.92368, 44.41157], [8.86873, 44.40973], [8.84567, 44.41343], [8.827, 44.42845], [8.76238, 44.43212], [8.73715, 44.42878], [8.67855, 44.39469], [8.65512, 44.39468], [8.59376, 44.36275], [8.56479, 44.35716], [8.54029, 44.34004], [8.46607, 44.30427], [8.44451, 44.28388], [8.4497, 44.26435], [8.43538, 44.24043], [8.41188, 44.22704], [8.4065, 44.21503], [8.4082, 44.19351], [8.39427, 44.18226], [8.31349, 44.16047], [8.28468, 44.14826], [8.25652, 44.12836], [8.23317, 44.10358], [8.22998, 44.0725], [8.21631, 44.04524], [8.16912, 44.00666], [8.15268, 43.98322], [8.16797, 43.9565], [8.14471, 43.95258], [8.11524, 43.92769], [8.0892, 43.91987], [8.06771, 43.89668], [8.03142, 43.88752], [7.95972, 43.85286], [7.78582, 43.82197], [7.73631, 43.7982], [7.695, 43.79122], [7.57203, 43.79133], [7.54378, 43.78449], [7.50229, 43.79222], [7.47641, 43.78449], [7.4764, 43.76464], [7.45434, 43.75712], [7.40431, 43.71798], [7.36575, 43.72273], [7.35318, 43.71569], [7.3423, 43.70783], [7.33052, 43.68643], [7.30117, 43.68765], [7.28025, 43.69333], [7.25727, 43.69165], [7.22851, 43.6742], [7.2318, 43.66347], [7.20406, 43.64448], [7.19668, 43.65692], [7.17765, 43.66011], [7.15162, 43.65477], [7.13816, 43.64208], [7.06562, 43.75128], [7.03116, 43.82024], [7.01671, 43.89224], [7.01711, 43.92889], [7.03024, 43.98704], [7.19155, 44.18658], [7.14497, 44.20723], [7.10487, 44.21777], [7.04606, 44.2403], [7.03345, 44.24293], [6.99614, 44.23782], [6.98281, 44.24175], [6.9734, 44.24944], [6.95924, 44.27735], [6.92121, 44.30216], [6.90385, 44.33001], [6.86984, 44.36293], [6.86612, 44.37212], [6.87718, 44.4144], [6.88421, 44.42303], [6.9178, 44.43631], [6.86127, 44.47491], [6.83884, 44.50292], [6.83574, 44.53403], [6.84638, 44.54746], [6.89734, 44.57542], [6.93165, 44.61795], [6.9456, 44.62544], [6.93434, 44.64668], [6.94147, 44.66699], [6.95986, 44.68317], [6.98281, 44.69216], [7.0012, 44.69226], [7.03727, 44.68461], [7.05516, 44.68487], [7.04937, 44.69789], [7.01898, 44.73887], [7.00978, 44.7721], [6.99842, 44.79375], [7.0071, 44.82207], [7.00079, 44.83298], [6.98281, 44.84698], [6.93268, 44.86166], [6.91532, 44.86269], [6.86602, 44.85566], [6.84711, 44.85907], [6.77817, 44.88765], [6.74541, 44.9078], [6.72794, 44.92873], [6.7299, 44.9847], [6.7235, 45.01338], [6.69724, 45.02692], [6.66221, 45.02924], [6.65167, 45.03565], [6.63968, 45.05038], [6.63658, 45.07446], [6.6203, 45.08443], [6.60273, 45.10345], [6.61461, 45.11477], [6.6327, 45.12552], [6.66738, 45.13962], [6.7022, 45.14122], [6.73641, 45.15735], [6.77145, 45.15316], [6.80814, 45.13911], [6.84411, 45.13012], [6.87666, 45.14122], [6.87863, 45.14743], [6.86819, 45.15745], [6.87346, 45.16593], [6.91377, 45.17016], [6.92845, 45.17957], [6.94581, 45.20107], [6.95873, 45.2098], [6.99449, 45.22132], [7.02973, 45.2282], [7.05547, 45.21367], [7.0812, 45.24308], [7.10838, 45.2592], [7.10838, 45.27491], [7.09763, 45.29496], [7.09257, 45.32395], [7.13009, 45.35708], [7.15964, 45.39847], [7.16068, 45.41092], [7.09681, 45.43542], [7.072, 45.47004], [7.02849, 45.49314], [6.98281, 45.51112], [6.97526, 45.52565], [6.96979, 45.56699], [6.9549, 45.58621], [6.95294, 45.59427], [6.96948, 45.62585], [6.96338, 45.64073], [6.95108, 45.64678], [6.91863, 45.65256], [6.88256, 45.67551], [6.84307, 45.68274], [6.8161, 45.69685], [6.79595, 45.71814], [6.78199, 45.77746], [6.78272, 45.79529], [6.78809, 45.81173], [6.8008, 45.82646], [6.84336, 45.83864], [6.85856, 45.83346], [6.86444, 45.82689], [6.87066, 45.82827], [6.87346, 45.8448], [6.85745, 45.94578], [7.00294, 46.01608], [7.1066, 45.97241], [7.04139, 45.91019], [7.06694, 45.89022], [7.09019, 45.88051], [7.12089, 45.87612], [7.18373, 45.88046], [7.28667, 45.91343], [7.3618, 45.90784], [7.39384, 45.9157], [7.45296, 45.94588], [7.48273, 45.95487], [7.50371, 45.95673], [7.52438, 45.97807], [7.54112, 45.98412], [7.64303, 45.96634], [7.67372, 45.95032], [7.69398, 45.92867], [7.70628, 45.92573], [7.73201, 45.93038], [7.78007, 45.91813], [7.80756, 45.91849], [7.83123, 45.91446], [7.84374, 45.91921], [7.84962, 45.93971], [7.8702, 45.94037], [7.87292, 45.95938], [7.88378, 45.97387], [7.8982, 45.98195], [7.9691, 45.99311], [7.98585, 45.99931], [7.99835, 46.01063], [8.01065, 46.0297], [8.0182, 46.08086], [8.02533, 46.09114], [8.03535, 46.09652], [8.06688, 46.1006], [8.1106, 46.12695], [8.1323, 46.15935], [8.12951, 46.19604], [8.09995, 46.23563], [8.07308, 46.25361], [8.08734, 46.2718], [8.10687, 46.28555], [8.12848, 46.29247], [8.17188, 46.29919], [8.19255, 46.30916], [8.24175, 46.35412], [8.28154, 46.37012], [8.29746, 46.38751], [8.29704, 46.39763], [8.28661, 46.40536], [8.29498, 46.41805], [8.31627, 46.43365], [8.34345, 46.44389], [8.39916, 46.45218], [8.42789, 46.44869], [8.44163, 46.43494], [8.44577, 46.41236], [8.44629, 46.38218], [8.44287, 46.35337], [8.42665, 46.30157], [8.42324, 46.27583], [8.42716, 46.25144], [8.43812, 46.23537], [8.45652, 46.22483], [8.51026, 46.20788], [8.53868, 46.18762], [8.60183, 46.12282], [8.63087, 46.11471], [8.67749, 46.09579], [8.69505, 46.09517], [8.72389, 46.10954], [8.73216, 46.10742], [8.7395, 46.09807], [8.74714, 46.09445], [8.79386, 46.09342], [8.80895, 46.08975], [8.83438, 46.06639], [8.8196, 46.04293], [8.79097, 46.01869], [8.76792, 45.98309], [8.80037, 45.97854], [8.85773, 45.95709], [8.87096, 45.94707], [8.89814, 45.90955], [8.9121, 45.8834], [8.91375, 45.86609], [8.9, 45.8264], [8.93959, 45.83483], [8.97235, 45.82465], [9.00243, 45.82072], [9.03436, 45.84811], [9.05927, 45.88196], [9.0631, 45.89896], [9.05173, 45.91555], [9.0108, 45.92666], [9.0017, 45.93606], [8.99343, 45.95425], [8.98052, 45.96438], [8.98269, 45.97198], [9.01555, 45.99311], [8.99778, 46.02794], [9.00212, 46.03931], [9.02775, 46.05311], [9.05917, 46.06179], [9.06713, 46.07114], [9.07033, 46.08344], [9.06816, 46.10597], [9.07209, 46.11889], [9.09059, 46.13817], [9.16324, 46.17227], [9.18133, 46.20405], [9.20417, 46.21356], [9.22484, 46.23118], [9.23973, 46.267], [9.26897, 46.30937], [9.27517, 46.33138], [9.27383, 46.34425], [9.2604, 46.37973], [9.26288, 46.40663], [9.26091, 46.41665], [9.24758, 46.42303], [9.23797, 46.43655], [9.24582, 46.46104], [9.26319, 46.48512], [9.28231, 46.49737], [9.33099, 46.5015], [9.35083, 46.49786], [9.35155, 46.48548], [9.38463, 46.46642], [9.39548, 46.46941], [9.41067, 46.4889], [9.43465, 46.49833], [9.43785, 46.49205], [9.44436, 46.37528], [9.4826, 46.35681], [9.50255, 46.32074], [9.51526, 46.3086], [9.53645, 46.29862], [9.5597, 46.29273], [9.67432, 46.2918], [9.69313, 46.29707], [9.70843, 46.31175], [9.70926, 46.34239], [9.72011, 46.35089], [9.73086, 46.35071], [9.75525, 46.34053], [9.76806, 46.33862], [9.8554, 46.36696], [9.89901, 46.37216], [9.91844, 46.37115], [9.93901, 46.36746], [9.96402, 46.35609], [9.97064, 46.33981], [9.97105, 46.32002], [9.97756, 46.2981], [9.99224, 46.28436], [10.03172, 46.26007], [10.04185, 46.24307], [10.04267, 46.22049], [10.07575, 46.22002], [10.11791, 46.23113], [10.14582, 46.24333], [10.15894, 46.26245], [10.14613, 46.28028], [10.10489, 46.30937], [10.09177, 46.32896], [10.09239, 46.3381], [10.09745, 46.35164], [10.10499, 46.36136], [10.13321, 46.3811], [10.14076, 46.4029], [10.13342, 46.41402], [10.04205, 46.43272], [10.02634, 46.44626], [10.04402, 46.46698], [10.03534, 46.47107], [10.0281, 46.48393], [10.02686, 46.49318], [10.0312, 46.50383], [10.03275, 46.53297], [10.0712, 46.56439], [10.08784, 46.60439], [10.19212, 46.62682], [10.21786, 46.62697], [10.23377, 46.61798], [10.23574, 46.60669], [10.23026, 46.58615], [10.2347, 46.5753], [10.27594, 46.56553], [10.29537, 46.55109], [10.31945, 46.54605], [10.35428, 46.54832], [10.42591, 46.53533], [10.44399, 46.53773], [10.45794, 46.5537], [10.4659, 46.57848], [10.46663, 46.60429], [10.45908, 46.62356], [10.43821, 46.63566], [10.39562, 46.63881], [10.37754, 46.65328], [10.36916, 46.6724], [10.37392, 46.68191], [10.38477, 46.68901], [10.39438, 46.70082], [10.39562, 46.7264], [10.39965, 46.73555], [10.4166, 46.74301], [10.4287, 46.75565], [10.42622, 46.76942], [10.41909, 46.78397], [10.41722, 46.79885], [10.43903, 46.81688], [10.44854, 46.83223], [10.4536, 46.86316], [10.44402, 46.88177], [10.44871, 46.89927], [10.52295, 46.89131], [10.56325, 46.84993], [10.64708, 46.86376], [10.66248, 46.86096], [10.73896, 46.82955], [10.74868, 46.81944], [10.74382, 46.81252], [10.71695, 46.79521], [10.72294, 46.78645], [10.75478, 46.79076], [10.79508, 46.77689], [10.83415, 46.78025], [10.87043, 46.76407], [10.93089, 46.77399], [10.98267, 46.76774], [10.96151, 46.53181], [10.92789, 46.47619], [10.897, 46.43778], [10.76841, 46.31851], [10.73128, 46.26388], [10.71854, 46.22999], [10.73476, 46.19355], [10.75303, 46.17537], [10.89858, 46.07228], [11.03405, 45.94393], [11.21687, 46.02871], [11.28007, 46.04164], [11.31854, 46.03721], [11.34999, 46.02426], [11.37617, 46.00524], [11.44387, 45.93585], [11.47029, 45.91642], [11.50231, 45.90322], [11.56195, 45.89871], [11.62568, 45.9104], [11.69598, 45.93263], [11.92245, 46.05476], [11.93658, 46.01855], [11.95415, 46.01547], [11.96034, 46.02176], [11.96598, 46.07989], [12.03281, 46.11405], [12.23935, 45.97019], [12.25558, 45.96904], [12.25991, 45.98071], [12.12928, 46.1547], [12.17853, 46.17857], [12.20316, 46.19688], [12.23052, 46.23846], [12.38413, 46.26094], [12.38556, 46.26932], [12.37756, 46.2746], [12.24265, 46.29583], [12.24127, 46.35432], [12.31802, 46.36753], [12.38592, 46.39522], [12.42421, 46.43652], [12.54733, 46.65219], [12.62019, 46.65648], [12.66959, 46.65302], [12.70659, 46.63775], [12.73987, 46.64299], [12.77357, 46.63519], [12.83041, 46.60964], [13.0645, 46.59804], [13.14646, 46.58496], [13.21003, 46.55801], [13.23111, 46.55217], [13.27142, 46.55078], [13.37332, 46.56579], [13.41704, 46.56049], [13.47802, 46.56357], [13.50675, 46.54693], [13.54923, 46.54584], [13.6283, 46.52813], [13.6188, 46.4844], [13.63179, 46.41795], [13.39667, 46.48172], [13.38184, 46.47901], [13.38263, 46.46705], [13.4837, 46.37115], [13.45973, 46.35903], [13.43409, 46.35386], [13.42324, 46.34485], [13.39131, 46.30157], [13.36526, 46.2903], [13.37859, 46.26839], [13.38469, 46.24333], [13.39813, 46.23051], [13.40164, 46.21666], [13.41012, 46.20798], [13.4374, 46.21093], [13.42283, 46.2286], [13.4683, 46.22343], [13.48226, 46.2179], [13.51016, 46.21398], [13.55905, 46.18411], [13.58447, 46.18132], [13.61393, 46.18354], [13.63739, 46.18039], [13.64504, 46.16173], [13.93771, 46.05941], [13.95669, 46.05033], [14.02138, 46.00945], [14.08131, 45.96501], [14.08513, 45.95102], [14.16915, 45.88858], [14.249, 45.79608], [14.26306, 45.76371], [14.50788, 45.60585], [14.49858, 45.59618], [14.49227, 45.58342], [14.48214, 45.54244], [14.46892, 45.52559], [14.41124, 45.49319], [14.3728, 45.47784], [14.3268, 45.4749], [14.2804, 45.4811], [14.2187, 45.49717], [14.14552, 45.47624], [14.11969, 45.47288], [14.09292, 45.47392], [14.06666, 45.48027], [14.01396, 45.50797], [13.97189, 45.51423], [13.96497, 45.51097], [13.96145, 45.50389], [13.96145, 45.49314], [13.98264, 45.47531], [13.96982, 45.46296], [13.923, 45.44896], [13.889, 45.42364], [13.87468, 45.42511], [13.8048, 45.20061], [13.78045, 45.19675], [13.68006, 45.19504], [13.58929, 45.20594], [13.59449, 45.21263], [13.58914, 45.2307], [13.59522, 45.2508], [13.57547, 45.26488], [13.58425, 45.27606], [13.60271, 45.27912], [13.60271, 45.28535], [13.58466, 45.29321], [13.57547, 45.30646], [13.60955, 45.32014], [13.56179, 45.32637], [13.54128, 45.34614], [13.54055, 45.35675], [13.55494, 45.36107], [13.55494, 45.36734], [13.54316, 45.37617], [13.51337, 45.43622], [13.52076, 45.44302], [13.51565, 45.44814], [13.52076, 45.45726], [13.50453, 45.48406], [13.50149, 45.4986], [13.5071, 45.5119], [13.56861, 45.49079], [13.58953, 45.48884], [13.59596, 45.51813], [13.57863, 45.52339], [13.56864, 45.53924], [13.58961, 45.53579], [13.75294, 45.55288], [13.74236, 45.56977], [13.71194, 45.5934], [13.73016, 45.61309], [13.78688, 45.61115], [13.80812, 45.61432], [13.79558, 45.61701], [13.77711, 45.63544], [13.7393, 45.64911], [13.75766, 45.65497], [13.75367, 45.67231], [13.73911, 45.6916], [13.64731, 45.76203], [13.62892, 45.77261], [13.57423, 45.78962], [13.55128, 45.79243], [13.53443, 45.78205], [13.52418, 45.76008], [13.52833, 45.74055], [13.5549, 45.7372], [13.5184, 45.72484], [13.50781, 45.71443], [13.46925, 45.70686], [13.42798, 45.68115], [13.4017, 45.67545], [13.37676, 45.68317], [13.40919, 45.69131], [13.43141, 45.70686], [13.42262, 45.72407], [13.38169, 45.73006], [13.3694, 45.74462], [13.35182, 45.74031], [13.2549, 45.75606], [13.2155, 45.7788], [13.16944, 45.76874], [13.14967, 45.75154], [13.13982, 45.75487], [13.13136, 45.76887], [13.11931, 45.77196], [13.11085, 45.76765], [13.10816, 45.7582], [13.11183, 45.74885], [13.12288, 45.74462], [13.12288, 45.73722], [13.1006, 45.73623], [13.08058, 45.72761], [13.06959, 45.71369], [13.07504, 45.69684], [13.09148, 45.6892], [13.11166, 45.69135], [13.14964, 45.70374], [13.13802, 45.6894], [13.10304, 45.66901], [13.08496, 45.64192], [13.06055, 45.63667], [12.9817, 45.63483], [12.94386, 45.62857], [12.78039, 45.5534], [12.61194, 45.49626], [12.51271, 45.47045], [12.4878, 45.45674], [12.45143, 45.45043], [12.42362, 45.43805], [12.41033, 45.43622], [12.4358, 45.47492], [12.43094, 45.48403], [12.44728, 45.48432], [12.45144, 45.49824], [12.45818, 45.49824], [12.46697, 45.48558], [12.47193, 45.48591], [12.47869, 45.49079], [12.46503, 45.50445], [12.49732, 45.50673], [12.5066, 45.49824], [12.49293, 45.49824], [12.49293, 45.49079], [12.51515, 45.49274], [12.52151, 45.51898], [12.53048, 45.52558], [12.56251, 45.53164], [12.58172, 45.55288], [12.53728, 45.53583], [12.51065, 45.5589], [12.5066, 45.57331], [12.45851, 45.54833], [12.4419, 45.53034], [12.45143, 45.51191], [12.43491, 45.51236], [12.41774, 45.52359], [12.40358, 45.51813], [12.39674, 45.53925], [12.38412, 45.52302], [12.39039, 45.51398], [12.424, 45.50446], [12.42397, 45.49822], [12.3934, 45.49165], [12.38056, 45.49479], [12.38307, 45.50446], [12.35043, 45.50487], [12.30958, 45.48892], [12.27272, 45.46361], [12.2527, 45.43622], [12.2527, 45.43], [12.25894, 45.43], [12.2461, 45.41132], [12.24855, 45.40253], [12.25894, 45.39521], [12.2492, 45.38548], [12.24528, 45.36108], [12.22381, 45.35395], [12.23217, 45.34056], [12.21631, 45.31623], [12.20873, 45.30907], [12.18755, 45.30647], [12.16293, 45.31623], [12.15447, 45.31346], [12.1491, 45.29218], [12.15983, 45.2831], [12.16879, 45.26215], [12.18067, 45.25804], [12.19166, 45.26289], [12.19939, 45.2746], [12.19746, 45.29962], [12.21728, 45.29384], [12.22485, 45.25117], [12.21111, 45.24299], [12.22485, 45.23069], [12.22136, 45.21625], [12.23048, 45.20425], [12.24732, 45.19693], [12.26637, 45.1966], [12.25898, 45.20282], [12.30727, 45.23068], [12.29802, 45.2154], [12.32104, 45.17235], [12.32845, 45.10102], [12.3073, 45.10786], [12.3073, 45.12836], [12.29737, 45.10635], [12.29672, 45.08857], [12.30665, 45.07856], [12.32846, 45.0799], [12.32106, 45.09357], [12.341, 45.08124], [12.37623, 45.03897], [12.37623, 45.03217], [12.35515, 45.02464], [12.36883, 45.01097], [12.38356, 45.02644], [12.38657, 45.03876], [12.36885, 45.06559], [12.41341, 45.04287], [12.41033, 45.03217], [12.44458, 45.01096], [12.48618, 44.97651], [12.4992, 44.98371], [12.4861, 44.98371], [12.4861, 44.99114], [12.50261, 44.99143], [12.51701, 44.98746], [12.53385, 44.97004], [12.52312, 44.95002], [12.52701, 44.94335], [12.5127, 44.92232], [12.49903, 44.92145], [12.4873, 44.86225], [12.44459, 44.82052], [12.424, 44.85464], [12.43922, 44.87759], [12.44304, 44.89008], [12.43832, 44.90111], [12.42693, 44.90498], [12.40691, 44.8913], [12.3921, 44.86839], [12.39161, 44.85883], [12.41652, 44.85114], [12.40821, 44.83625], [12.39674, 44.83348], [12.39674, 44.82665], [12.424, 44.82049], [12.41592, 44.80315], [12.39795, 44.79378], [12.37567, 44.79223], [12.30299, 44.84292], [12.29233, 44.84325], [12.26637, 44.82665], [12.26637, 44.8205], [12.28002, 44.8205], [12.25359, 44.75129], [12.24659, 44.71162], [12.2527, 44.6684], [12.28577, 44.60292], [12.28004, 44.53189], [12.2837, 44.48762], [12.32106, 44.3537], [12.34199, 44.32973], [12.35027, 44.28815], [12.36883, 44.25068], [12.38998, 44.22272], [12.41717, 44.19546], [12.45801, 44.1664], [12.47877, 44.13935], [12.51092, 44.11457], [12.54737, 44.09345], [12.57422, 44.08559], [12.63136, 44.0301], [12.69158, 43.99063], [12.75611, 43.97187], [12.80396, 43.96685], [12.86215, 43.93537], [12.92887, 43.91583], [12.94728, 43.89761], [13.25327, 43.70319], [13.38981, 43.64459], [13.39967, 43.63565], [13.44662, 43.62371], [13.4734, 43.61201], [13.50441, 43.63275], [13.51611, 43.63173], [13.52101, 43.62271], [13.54321, 43.61322], [13.57887, 43.5729], [13.59791, 43.56952], [13.61556, 43.56048], [13.62451, 43.54719], [13.61695, 43.53132], [13.76027, 43.26374], [13.78027, 43.23652], [13.79078, 43.19208], [13.83487, 43.1271], [13.8487, 43.09145], [13.86541, 43.00731], [13.94467, 42.79829], [14.00123, 42.69843], [14.06323, 42.62482], [14.07537, 42.59882], [14.22055, 42.47016], [14.28419, 42.42829], [14.38737, 42.37294], [14.42905, 42.32172], [14.56023, 42.22565], [14.59588, 42.20856], [14.65349, 42.19107], [14.69369, 42.18536], [14.70923, 42.17548], [14.71704, 42.16006], [14.7295, 42.09911], [14.74073, 42.08462], [14.78041, 42.07513], [14.83546, 42.04414], [14.8711, 42.03181], [14.95156, 42.02112], [14.99365, 42.01064], [15.04518, 41.96898], [15.06316, 41.96429], [15.12338, 41.93427], [15.16537, 41.9278], [15.28175, 41.92803], [15.40056, 41.90778], [15.44606, 41.90693], [15.61134, 41.92803], [15.77443, 41.92121], [16.02711, 41.94407], [16.14046, 41.9199], [16.1609, 41.89265], [16.17919, 41.89329], [16.17604, 41.87739], [16.19304, 41.80854], [16.19287, 41.79092], [16.18446, 41.77977], [16.14575, 41.74886], [16.10719, 41.73762], [16.06315, 41.70149], [16.02751, 41.67993], [15.9253, 41.64004], [15.90008, 41.61465], [15.89137, 41.57685], [15.89633, 41.53644], [15.91179, 41.50288], [15.9336, 41.47944], [15.96111, 41.45946], [16.02166, 41.4278], [16.08513, 41.41266], [16.11411, 41.39289], [16.30127, 41.32793], [16.4603, 41.26264], [16.52067, 41.25014], [16.59392, 41.20698], [16.83031, 41.14638], [16.85141, 41.13296], [16.85817, 41.13296], [16.85816, 41.14035], [16.86442, 41.14036], [16.88527, 41.12397], [17.05739, 41.08175], [17.2028, 41.02112], [17.2762, 40.98031], [17.31006, 40.95477], [17.34791, 40.9121], [17.37769, 40.90228], [17.4134, 40.8812], [17.47609, 40.83015], [17.51221, 40.82029], [17.54835, 40.80195], [17.63453, 40.78497], [17.74837, 40.74761], [17.84392, 40.69416], [17.92188, 40.683], [17.95557, 40.67057], [17.95493, 40.64692], [17.99195, 40.65313], [18.007, 40.65069], [18.0158, 40.62519], [18.04321, 40.60199], [18.03745, 40.55695], [18.11996, 40.50458], [18.21168, 40.46475], [18.23828, 40.45766], [18.2588, 40.43065], [18.30322, 40.39988], [18.34376, 40.35163], [18.37044, 40.33868], [18.43707, 40.2681], [18.50001, 40.15249], [18.51611, 40.13922], [18.51108, 40.12759], [18.51611, 40.10448], [18.49187, 40.08466], [18.48356, 40.05517], [18.43409, 40.02253], [18.41139, 39.97883], [18.39259, 39.91608], [18.40007, 39.87882], [18.38648, 39.82534], [18.38916, 39.81709], [18.36833, 39.79663], [18.33839, 39.80012], [18.28207, 39.8332], [18.26564, 39.83759], [18.21128, 39.83935], [18.16189, 39.86055], [18.13063, 39.88349], [18.07155, 39.91153], [17.99539, 39.99527], [17.99539, 40.00266], [18.01108, 40.00336], [18.02027, 40.0102], [18.02215, 40.02167], [18.0158, 40.0362], [18.00514, 40.04487], [17.96748, 40.05732], [18.00294, 40.07445], [18.011, 40.09602], [17.99724, 40.12043], [17.92605, 40.17626], [17.91962, 40.19074], [17.917, 40.22687], [17.91114, 40.2403], [17.89969, 40.24909], [17.91277, 40.24909], [17.91277, 40.25532], [17.86313, 40.28563], [17.84767, 40.29003], [17.51175, 40.30376], [17.49391, 40.30745], [17.44044, 40.331], [17.39943, 40.33101], [17.36818, 40.35151], [17.21291, 40.4062], [17.20023, 40.42039], [17.22348, 40.42841], [17.24301, 40.44139], [17.2479, 40.45734], [17.22758, 40.47444], [17.24741, 40.48028], [17.29575, 40.47321], [17.31625, 40.48188], [17.32325, 40.49848], [17.30405, 40.49946], [17.26175, 40.48872], [17.26857, 40.49616], [17.24741, 40.50283], [17.18995, 40.48189], [17.18182, 40.4853], [17.16619, 40.50918], [17.15602, 40.5124], [17.04957, 40.51911], [16.97609, 40.49262], [16.91212, 40.44522], [16.78272, 40.30158], [16.7614, 40.2696], [16.73071, 40.20068], [16.71599, 40.19359], [16.67944, 40.14607], [16.62452, 40.10798], [16.60475, 40.08446], [16.59693, 40.04678], [16.59938, 40.03413], [16.63159, 39.96621], [16.60548, 39.94294], [16.58919, 39.91983], [16.54225, 39.8854], [16.49171, 39.80549], [16.48976, 39.77521], [16.50213, 39.74706], [16.52856, 39.7215], [16.51564, 39.6896], [16.54591, 39.66087], [16.59148, 39.63679], [16.62485, 39.62531], [16.74976, 39.62001], [16.78248, 39.61163], [16.81626, 39.59088], [16.8462, 39.55268], [16.906, 39.52972], [16.95297, 39.49921], [16.99537, 39.49273], [17.01148, 39.48614], [17.05714, 39.44164], [17.08855, 39.42259], [17.1242, 39.409], [17.15868, 39.40619], [17.12224, 39.33832], [17.11451, 39.26935], [17.11769, 39.25601], [17.14567, 39.21068], [17.12224, 39.12104], [17.12452, 39.09089], [17.15846, 39.04047], [17.20636, 39.02948], [17.17661, 39.01211], [17.17237, 39.00519], [17.17236, 38.96052], [17.1277, 38.92878], [17.10402, 38.8991], [17.09498, 38.91913], [17.07057, 38.9228], [17.04225, 38.91625], [17.02199, 38.90596], [16.99635, 38.92951], [16.98129, 38.9372], [16.95729, 38.94009], [16.83855, 38.9182], [16.72779, 38.87885], [16.68775, 38.85586], [16.67074, 38.84065], [16.61061, 38.81656], [16.58562, 38.79784], [16.57439, 38.78506], [16.56372, 38.75675], [16.53883, 38.72333], [16.53484, 38.6999], [16.54907, 38.68992], [16.55885, 38.59602], [16.57698, 38.52855], [16.56947, 38.42932], [16.56136, 38.41633], [16.50814, 38.37154], [16.49757, 38.36929], [16.46705, 38.34871], [16.43507, 38.33999], [16.33985, 38.30085], [16.30633, 38.27709], [16.16944, 38.14322], [16.15187, 38.11083], [16.12542, 38.00466], [16.10143, 37.96066], [16.07733, 37.94001], [16.06316, 37.93269], [16.00099, 37.91902], [15.94215, 37.93309], [15.76149, 37.92525], [15.73465, 37.93106], [15.6846, 37.95342], [15.66579, 37.96687], [15.64553, 37.98835], [15.63512, 38.0091], [15.63837, 38.02773], [15.65846, 38.04255], [15.62405, 38.09211], [15.62746, 38.10736], [15.6478, 38.14313], [15.63284, 38.22028], [15.6508, 38.24112], [15.6846, 38.2532], [15.78647, 38.27802], [15.81392, 38.30381]], [[7.67298, 44.19656], [7.56499, 44.16593], [7.56557, 44.15377], [7.58414, 44.15123], [7.68332, 44.17452], [7.69024, 44.18426], [7.68407, 44.19396], [7.67298, 44.19656]]], [[[12.32147, 45.34804], [12.32802, 45.37244], [12.37184, 45.42487], [12.38917, 45.43354], [12.40748, 45.43065], [12.43085, 45.41571], [12.41822, 45.42036], [12.37623, 45.42255], [12.32147, 45.34804]]], [[[12.36378, 45.44965], [12.36207, 45.43814], [12.33823, 45.42783], [12.32066, 45.42984], [12.31659, 45.44306], [12.32985, 45.4588], [12.34717, 45.4588], [12.36378, 45.44965]]], [[[12.37546, 45.45388], [12.39731, 45.46003], [12.41408, 45.47308], [12.41839, 45.46874], [12.39609, 45.44941], [12.38536, 45.44571], [12.37546, 45.45388]]]]}}, {"type": "Feature", "properties": {"map_title": "참전국의 사상자 수", "source": "미래엔 세계사 교과서 4권 183쪽", "volume": 4, "page": 183, "legend": "연합국", "name": "이탈리아", "name_en": "Italy", "period": "1914–1918", "kind": "국가", "alliance": "연합국", "soldiers": 560000, "casualties": 530000, "coast_snap": "Natural Earth 10m 해안선에 맞춤", "border_snap": "현대 국경(Natural Earth 10m)에 맞춘 구간 약 1092 km", "group": "이탈리아", "map_folder": "4권_p183_참전국의 사상자 수"}, "geometry": {"type": "MultiPolygon", "coordinates": [[[[8.88114, 41.02366], [8.9227, 41.03677], [8.94013, 41.06118], [8.95875, 41.07001], [8.99073, 41.09736], [9.00555, 41.12189], [9.02475, 41.12884], [9.10776, 41.13947], [9.13559, 41.16029], [9.14186, 41.15278], [9.15756, 41.16889], [9.16342, 41.18415], [9.16285, 41.22541], [9.17106, 41.24289], [9.23063, 41.26263], [9.23829, 41.24885], [9.25782, 41.24965], [9.26806, 41.23664], [9.26743, 41.20197], [9.27833, 41.19501], [9.27491, 41.21239], [9.27833, 41.22175], [9.28532, 41.22174], [9.2893, 41.20873], [9.28533, 41.19501], [9.31251, 41.20123], [9.33302, 41.18757], [9.33524, 41.21165], [9.35205, 41.20725], [9.38819, 41.18073], [9.38819, 41.18757], [9.42237, 41.18072], [9.42236, 41.17451], [9.4087, 41.1603], [9.42017, 41.15643], [9.44287, 41.13297], [9.43678, 41.11538], [9.44288, 41.09199], [9.46043, 41.12047], [9.47006, 41.12612], [9.45657, 41.14036], [9.46909, 41.14617], [9.50807, 41.14037], [9.52393, 41.14971], [9.53222, 41.14037], [9.52475, 41.13296], [9.54615, 41.12092], [9.55957, 41.12611], [9.5664, 41.11932], [9.56225, 41.09712], [9.5459, 41.07772], [9.53907, 41.09199], [9.52125, 41.03168], [9.51189, 41.01626], [9.53224, 41.01626], [9.52475, 41.0305], [9.54314, 41.03692], [9.5542, 41.03461], [9.55755, 41.02527], [9.55274, 41.00947], [9.55779, 41.00943], [9.55958, 41.01626], [9.57325, 41.00947], [9.58815, 41.02069], [9.61544, 41.01961], [9.66259, 41.00263], [9.65121, 40.99113], [9.60426, 41.00263], [9.58758, 40.9958], [9.57886, 40.96199], [9.56642, 40.94864], [9.57112, 40.93489], [9.55742, 40.93122], [9.51189, 40.93431], [9.51254, 40.92797], [9.50424, 40.92691], [9.51197, 40.91519], [9.53907, 40.92064], [9.57325, 40.9064], [9.59278, 40.9099], [9.62257, 40.92376], [9.64208, 40.92063], [9.63151, 40.90486], [9.61411, 40.8996], [9.61411, 40.89338], [9.65576, 40.87604], [9.66326, 40.85822], [9.68311, 40.86541], [9.69939, 40.85004], [9.72394, 40.84492], [9.681, 40.82978], [9.68978, 40.81079], [9.67449, 40.81391], [9.66179, 40.80903], [9.65789, 40.79987], [9.66879, 40.79035], [9.66977, 40.80146], [9.67579, 40.78864], [9.70394, 40.75942], [9.7142, 40.72724], [9.74446, 40.68048], [9.75652, 40.59516], [9.76157, 40.58735], [9.7819, 40.58197], [9.79225, 40.55695], [9.82641, 40.5296], [9.80875, 40.47077], [9.77809, 40.42723], [9.76172, 40.3907], [9.74935, 40.37727], [9.71241, 40.3664], [9.68311, 40.32421], [9.64552, 40.29609], [9.62615, 40.26309], [9.63111, 40.19619], [9.65463, 40.1446], [9.66505, 40.13158], [9.68758, 40.12085], [9.71022, 40.09634], [9.73226, 40.08393], [9.73023, 40.06836], [9.69337, 39.99291], [9.68727, 39.96117], [9.69662, 39.93378], [9.71566, 39.94012], [9.71698, 39.93153], [9.62929, 39.89453], [9.54155, 39.87411], [9.45035, 39.86718], [9.35858, 39.87412], [9.27138, 39.8944], [9.21783, 39.91492], [9.22122, 40.00638], [9.13224, 40.05649], [9.11172, 40.06095], [9.04791, 40.03506], [9.03254, 40.03621], [9.0135, 40.07483], [8.97373, 40.22411], [8.86116, 40.36189], [8.83394, 40.40566], [8.85093, 40.49085], [8.76704, 40.51298], [8.68529, 40.54512], [8.64717, 40.56598], [8.58065, 40.61512], [8.52789, 40.67317], [8.49094, 40.73794], [8.47887, 40.77207], [8.4694, 40.82806], [8.49941, 40.82457], [8.52052, 40.82697], [8.5984, 40.85297], [8.63429, 40.88158], [8.64123, 40.89657], [8.70916, 40.92063], [8.73419, 40.92126], [8.76441, 40.9138], [8.82252, 40.94733], [8.83961, 40.96162], [8.87535, 41.00811], [8.88795, 41.01626], [8.88114, 41.02366]]], [[[9.74462, 40.86916], [9.73404, 40.85811], [9.71934, 40.86376], [9.71399, 40.87348], [9.73414, 40.87632], [9.74462, 40.86916]]], [[[9.67606, 40.89022], [9.73366, 40.92462], [9.73633, 40.92429], [9.74007, 40.9123], [9.70037, 40.89062], [9.69134, 40.8883], [9.67606, 40.89022]]], [[[9.39438, 41.19507], [9.40821, 41.20742], [9.41748, 41.20042], [9.40781, 41.18513], [9.40235, 41.19021], [9.39552, 41.1896], [9.39438, 41.19507]]], [[[9.47948, 41.22419], [9.47038, 41.17212], [9.44874, 41.18553], [9.44166, 41.18306], [9.43702, 41.18594], [9.44776, 41.20506], [9.44353, 41.21149], [9.44646, 41.2204], [9.46026, 41.24233], [9.47477, 41.23606], [9.47948, 41.22419]]], [[[9.39186, 41.24071], [9.39797, 41.25604], [9.41424, 41.26242], [9.42188, 41.26088], [9.4305, 41.24628], [9.42905, 41.2294], [9.43531, 41.21703], [9.39527, 41.2106], [9.37697, 41.21333], [9.37306, 41.22987], [9.39186, 41.24071]]], [[[9.13748, 41.24087], [9.14162, 41.24643], [9.15837, 41.24216], [9.14674, 41.23002], [9.13748, 41.24087]]], [[[9.3422, 41.22814], [9.3297, 41.23758], [9.33287, 41.25079], [9.3379, 41.25221], [9.35302, 41.24782], [9.35076, 41.23223], [9.3422, 41.22814]]], [[[9.35058, 41.27598], [9.34466, 41.27482], [9.33108, 41.28104], [9.3506, 41.28872], [9.35058, 41.27598]]], [[[9.35825, 41.2969], [9.37679, 41.30779], [9.3789, 41.29585], [9.36475, 41.28792], [9.35825, 41.2969]]], [[[9.35418, 41.29287], [9.33702, 41.2945], [9.33092, 41.30471], [9.33525, 41.30827], [9.35328, 41.29934], [9.35418, 41.29287]]], [[[9.26888, 41.36462], [9.26262, 41.3608], [9.25043, 41.36547], [9.25186, 41.37118], [9.26481, 41.37213], [9.26888, 41.36462]]], [[[8.59156, 42.35114], [8.55213, 42.33896], [8.55958, 42.34638], [8.54909, 42.3771], [8.5521, 42.38669], [8.57049, 42.38178], [8.58628, 42.39296], [8.59864, 42.3876], [8.61844, 42.41942], [8.65089, 42.42328], [8.65952, 42.42988], [8.6614, 42.45189], [8.67677, 42.47248], [8.65709, 42.48005], [8.6675, 42.50971], [8.68044, 42.52105], [8.71656, 42.53071], [8.7108, 42.54011], [8.71632, 42.562], [8.70917, 42.57915], [8.71973, 42.57598], [8.72348, 42.5655], [8.74, 42.57232], [8.77125, 42.55805], [8.78696, 42.562], [8.79884, 42.57176], [8.81284, 42.59959], [8.80546, 42.60642], [8.84303, 42.60806], [8.90651, 42.63246], [8.98495, 42.64486], [9.07823, 42.61471], [9.12133, 42.64428], [9.21557, 42.727], [9.25802, 42.71379], [9.27094, 42.70207], [9.28533, 42.67475], [9.29217, 42.67475], [9.32789, 42.72004], [9.34254, 42.74909], [9.33303, 42.77094], [9.34099, 42.79011], [9.33647, 42.80445], [9.37306, 42.82005], [9.40746, 42.85524], [9.46944, 42.90451], [9.48437, 42.83242], [9.48277, 42.80255], [9.45037, 42.70889], [9.45037, 42.65363], [9.44288, 42.64057], [9.45655, 42.63443], [9.46168, 42.61982], [9.45655, 42.60643], [9.4646, 42.60162], [9.4769, 42.57917], [9.51189, 42.5655], [9.50912, 42.57998], [9.48964, 42.61255], [9.52814, 42.56329], [9.53338, 42.45624], [9.5459, 42.43513], [9.53541, 42.40819], [9.53224, 42.37372], [9.55957, 42.29458], [9.55226, 42.17015], [9.55957, 42.14655], [9.55281, 42.11326], [9.54573, 42.10417], [9.51857, 42.08511], [9.4923, 42.0476], [9.40317, 41.95295], [9.3943, 41.84797], [9.403, 41.77949], [9.40161, 41.70645], [9.37224, 41.6839], [9.36703, 41.67422], [9.38069, 41.67421], [9.37785, 41.65623], [9.37304, 41.64518], [9.36387, 41.64018], [9.34523, 41.64033], [9.34667, 41.61958], [9.31821, 41.62714], [9.29217, 41.62641], [9.29394, 41.61762], [9.27858, 41.59838], [9.29217, 41.59162], [9.34504, 41.60448], [9.35416, 41.5954], [9.35065, 41.5814], [9.32693, 41.56125], [9.29965, 41.55329], [9.28198, 41.53328], [9.26466, 41.53083], [9.26986, 41.51679], [9.26466, 41.50288], [9.2762, 41.49941], [9.27913, 41.49165], [9.26466, 41.47614], [9.27083, 41.46874], [9.22803, 41.45003], [9.2107, 41.44823], [9.2107, 41.44086], [9.22332, 41.42731], [9.2107, 41.40729], [9.25032, 41.42778], [9.23885, 41.39606], [9.22288, 41.37239], [9.20643, 41.36598], [9.19387, 41.36914], [9.16912, 41.38618], [9.09646, 41.40352], [9.10728, 41.42926], [9.12135, 41.43464], [9.06659, 41.46191], [9.07984, 41.47614], [9.07985, 41.48237], [9.03875, 41.46192], [9.03199, 41.46874], [9.03875, 41.47614], [9.01832, 41.46875], [9.00099, 41.48306], [8.95102, 41.49189], [8.93572, 41.48921], [8.90691, 41.50731], [8.88365, 41.51119], [8.87371, 41.52338], [8.83963, 41.53083], [8.85328, 41.53766], [8.85328, 41.54385], [8.83334, 41.55073], [8.80991, 41.55269], [8.79177, 41.56123], [8.7964, 41.58055], [8.79322, 41.58731], [8.77811, 41.59163], [8.80177, 41.63905], [8.81902, 41.63264], [8.87257, 41.65107], [8.88111, 41.65713], [8.88577, 41.67088], [8.9227, 41.69465], [8.78884, 41.71256], [8.77615, 41.7224], [8.78492, 41.7425], [8.7601, 41.74266], [8.71908, 41.73071], [8.69559, 41.72945], [8.70297, 41.7425], [8.68873, 41.74177], [8.65516, 41.74991], [8.6963, 41.7582], [8.71754, 41.77204], [8.72022, 41.79169], [8.70917, 41.79707], [8.70917, 41.8045], [8.75229, 41.8098], [8.78492, 41.82441], [8.77231, 41.8404], [8.75088, 41.84553], [8.79176, 41.85912], [8.78175, 41.87368], [8.77811, 41.8728], [8.80543, 41.90693], [8.79177, 41.91377], [8.78142, 41.92878], [8.76442, 41.93427], [8.74439, 41.93281], [8.68907, 41.91384], [8.62989, 41.90864], [8.61427, 41.9008], [8.60728, 41.91376], [8.61866, 41.93049], [8.61443, 41.94408], [8.5863, 41.96897], [8.63551, 41.97264], [8.65504, 41.9787], [8.66879, 41.99632], [8.65612, 42.00288], [8.66457, 42.01446], [8.68434, 42.02557], [8.74342, 42.04413], [8.74496, 42.05659], [8.72349, 42.0721], [8.69923, 42.10932], [8.68881, 42.11115], [8.6609, 42.10547], [8.64772, 42.12202], [8.62957, 42.13007], [8.58629, 42.1335], [8.59376, 42.14655], [8.57814, 42.1542], [8.55975, 42.15402], [8.59376, 42.16706], [8.59376, 42.17451], [8.56578, 42.17452], [8.56578, 42.18129], [8.57765, 42.18488], [8.5818, 42.19452], [8.57781, 42.20441], [8.56578, 42.20857], [8.57407, 42.21992], [8.54527, 42.23286], [8.54978, 42.24231], [8.58627, 42.24335], [8.61086, 42.25461], [8.65113, 42.2604], [8.68775, 42.27294], [8.68873, 42.28095], [8.63479, 42.30484], [8.62517, 42.31916], [8.60515, 42.31064], [8.59988, 42.32192], [8.63478, 42.33893], [8.6128, 42.35244], [8.59156, 42.35114]]], [[[10.31323, 42.32393], [10.29446, 42.32804], [10.29706, 42.34487], [10.30619, 42.3514], [10.31591, 42.34076], [10.31323, 42.32393]]], [[[10.09538, 42.57698], [10.08578, 42.57247], [10.05861, 42.576], [10.05032, 42.58194], [10.05285, 42.5891], [10.06276, 42.59203], [10.08431, 42.61468], [10.0979, 42.58796], [10.09538, 42.57698]]], [[[10.40691, 42.76899], [10.38884, 42.7635], [10.40794, 42.75728], [10.42494, 42.74099], [10.43066, 42.72212], [10.41554, 42.70891], [10.41098, 42.71796], [10.38137, 42.72257], [10.36427, 42.74982], [10.3379, 42.76484], [10.32504, 42.76484], [10.31373, 42.74301], [10.30454, 42.75975], [10.26539, 42.74459], [10.24537, 42.75727], [10.23489, 42.73588], [10.14723, 42.7373], [10.12513, 42.74304], [10.1068, 42.7574], [10.10142, 42.784], [10.11167, 42.80125], [10.13272, 42.81178], [10.17953, 42.81874], [10.22438, 42.80443], [10.26588, 42.80443], [10.25906, 42.81191], [10.27215, 42.81875], [10.27216, 42.82733], [10.32682, 42.82623], [10.32211, 42.81171], [10.33277, 42.80598], [10.35467, 42.80817], [10.35878, 42.81799], [10.42658, 42.78367], [10.40691, 42.76899]]], [[[9.27211, 47.35657], [9.4278, 47.391], [9.43607, 47.39646], [9.43412, 47.405], [9.34887, 47.48026], [9.55895, 47.71312], [9.61971, 47.96742], [9.82732, 47.95658], [9.87251, 47.82726], [10.02228, 47.75702], [10.38112, 47.81764], [10.51704, 47.65739], [10.52828, 47.65576], [10.64785, 47.67512], [10.65642, 47.68153], [10.65393, 47.68918], [10.57307, 47.74582], [10.65505, 47.82653], [10.65605, 47.83554], [10.4916, 47.89088], [10.54277, 48.01375], [10.712, 48.03611], [10.75641, 47.97095], [10.95686, 47.94561], [10.96789, 47.94755], [10.97162, 47.95795], [10.89987, 48.07172], [10.94782, 48.24075], [11.1936, 48.20983], [11.3087, 48.1405], [11.488, 48.11747], [11.51839, 48.08673], [11.55408, 48.01692], [11.56195, 47.97852], [11.55193, 47.92205], [11.50545, 47.86504], [11.42144, 47.78756], [11.35349, 47.73552], [11.41262, 47.50609], [11.43535, 47.50971], [11.48258, 47.50258], [11.52951, 47.50785], [11.55121, 47.51369], [11.5694, 47.52738], [11.58914, 47.57038], [11.62046, 47.58965], [11.68257, 47.58335], [11.76402, 47.58312], [11.82034, 47.57529], [11.83068, 47.57761], [12.00773, 47.37159], [12.04148, 47.35199], [12.08279, 47.33883], [12.13863, 47.3273], [12.20117, 47.32051], [12.26993, 47.32753], [12.34396, 47.34532], [12.41803, 47.36984], [12.50174, 47.40343], [12.51715, 47.62854], [12.55384, 47.63601], [12.59838, 47.66288], [12.6174, 47.66934], [12.65306, 47.67513], [12.68871, 47.67513], [12.74483, 47.66536], [12.76199, 47.66686], [12.75166, 47.64939], [12.76737, 47.63637], [12.79331, 47.62479], [12.81315, 47.61182], [12.78586, 47.60268], [12.77367, 47.5795], [12.77894, 47.55482], [12.80364, 47.54134], [12.82845, 47.53726], [12.8826, 47.49858], [12.93159, 47.47351], [12.94255, 47.47049], [12.96973, 47.47573], [12.99112, 47.46568], [13.00187, 47.46602], [13.0088, 47.4701], [13.03732, 47.49304], [13.03701, 47.50136], [13.02895, 47.51803], [13.02812, 47.54165], [13.04125, 47.5619], [13.03908, 47.56134], [13.03825, 47.58402], [13.04094, 47.58335], [13.05706, 47.59766], [13.07205, 47.62242], [13.07484, 47.64665], [13.07205, 47.65947], [13.06409, 47.67399], [13.04456, 47.69657], [13.01986, 47.71293], [13.00435, 47.71461], [12.96404, 47.70536], [12.90834, 47.71236], [12.89201, 47.72355], [12.91723, 47.75016], [12.92126, 47.76954], [12.92674, 47.77739], [12.99123, 47.84711], [13.34406, 47.82885], [13.70176, 47.76333], [13.85928, 47.74251], [14.11182, 47.7236], [14.40187, 47.67596], [14.38382, 47.60231], [14.09428, 47.51744], [14.10439, 47.435], [14.11306, 47.42842], [14.34665, 47.37429], [14.19117, 47.28815], [14.18934, 47.22604], [14.19921, 47.22064], [14.32932, 47.21377], [14.26549, 47.13552], [14.26708, 47.12648], [14.6041, 46.95673], [14.5356, 46.89336], [14.52806, 46.93228], [14.49851, 46.96869], [14.41725, 47.01009], [14.34098, 47.03654], [14.28538, 47.04361], [14.21077, 47.01179], [14.18082, 47.00625], [14.12692, 47.0151], [13.9776, 47.05483], [13.938, 47.05946], [13.90063, 47.05847], [13.84743, 47.05138], [13.82693, 47.04059], [13.83095, 47.02784], [13.87162, 46.98076], [13.85075, 46.97026], [13.66677, 46.9621], [13.37259, 46.89025], [13.27889, 46.87453], [13.2743, 46.88431], [13.30099, 46.92736], [13.29682, 46.93465], [13.28461, 46.93675], [13.17362, 46.9096], [13.039, 46.86172], [12.9723, 46.82927], [12.93686, 46.60442], [13.0645, 46.59804], [13.14646, 46.58496], [13.21003, 46.55801], [13.24447, 46.55171], [13.22242, 46.39278], [13.19931, 46.36379], [13.15242, 46.32378], [13.10443, 46.29737], [13.08935, 46.29636], [13.07198, 46.30151], [13.01367, 46.33291], [12.97895, 46.34577], [12.96252, 46.34463], [12.94845, 46.33578], [12.93133, 46.2908], [12.92077, 46.11612], [12.93484, 46.10804], [13.04742, 46.12831], [13.09615, 46.13167], [13.40164, 46.21666], [13.41012, 46.20798], [13.4374, 46.21093], [13.42283, 46.2286], [13.4683, 46.22343], [13.48226, 46.2179], [13.51016, 46.21398], [13.55905, 46.18411], [13.58447, 46.18132], [13.61393, 46.18354], [13.63739, 46.18039], [13.64504, 46.16173], [13.61641, 46.12504], [13.5051, 46.06603], [13.48226, 46.04484], [13.49032, 46.03895], [13.4928, 46.03249], [13.49001, 46.02556], [13.46179, 46.00639], [13.50944, 45.96743], [13.53941, 45.96903], [13.57166, 45.97983], [13.60587, 45.98541], [13.62282, 45.96639], [13.60824, 45.92655], [13.56928, 45.86454], [13.56597, 45.83033], [13.58127, 45.80925], [13.60917, 45.7986], [13.66033, 45.79204], [13.70948, 45.76532], [13.77872, 45.74341], [13.85841, 45.64936], [13.86916, 45.64114], [13.89314, 45.63468], [14.20726, 45.49482], [14.2187, 45.49717], [14.24061, 45.49335], [14.2804, 45.4811], [14.3268, 45.4749], [14.3728, 45.47784], [14.41124, 45.49319], [14.46892, 45.52559], [14.48214, 45.54244], [14.49227, 45.58342], [14.49858, 45.59618], [14.5331, 45.62569], [14.54364, 45.63644], [14.55615, 45.6567], [14.5639, 45.66269], [14.58095, 45.66781], [14.5919, 45.66336], [14.59387, 45.61618], [14.60307, 45.60357], [14.61599, 45.59407], [14.66404, 45.57004], [14.66983, 45.56456], [14.67169, 45.55681], [14.66849, 45.53397], [14.68833, 45.52203], [14.78125, 45.49335], [14.79716, 45.46518], [14.80801, 45.46357], [14.75405, 45.23289], [14.81032, 45.12048], [14.76597, 45.13736], [14.6579, 45.19661], [14.6067, 45.24437], [14.57604, 45.26226], [14.56863, 45.27595], [14.5822, 45.28535], [14.53435, 45.31269], [14.55543, 45.29588], [14.5433, 45.28385], [14.53306, 45.28389], [14.51051, 45.29975], [14.40235, 45.33861], [14.32976, 45.35399], [14.31153, 45.34398], [14.27198, 45.29011], [14.25847, 45.25576], [14.24772, 45.18647], [14.23258, 45.14936], [14.20923, 45.12638], [14.17937, 45.13451], [14.19532, 45.12059], [14.19311, 45.10562], [14.16439, 45.07991], [14.15821, 45.08735], [14.15406, 45.07197], [14.1582, 45.05322], [14.14389, 45.05939], [14.14389, 45.05321], [14.15942, 45.04035], [14.16617, 45.01895], [14.16373, 44.99576], [14.15151, 44.97768], [14.1399, 44.97135], [14.11329, 44.97748], [14.10133, 44.97427], [14.07568, 44.94954], [14.06887, 44.94954], [14.07162, 44.96906], [14.08383, 44.9864], [14.07569, 45.00483], [14.05454, 45.01846], [14.05193, 45.03803], [14.04029, 45.03897], [14.04428, 45.00141], [14.07154, 44.99335], [14.07569, 44.98371], [14.04444, 44.95141], [14.03468, 44.95637], [14.03905, 44.93183], [14.03467, 44.92232], [14.02247, 44.92349], [14.02783, 44.90864], [14.02149, 44.90737], [14.02051, 44.90113], [14.01059, 44.90526], [13.97267, 44.90111], [13.99288, 44.8815], [13.98618, 44.88129], [13.98618, 44.87507], [13.993, 44.87507], [13.99301, 44.86784], [13.97267, 44.84715], [13.97267, 44.82665], [13.98942, 44.82509], [13.99999, 44.81307], [13.96356, 44.81187], [13.93165, 44.8205], [13.92481, 44.81307], [13.91871, 44.82905], [13.89959, 44.82905], [13.89015, 44.83348], [13.88315, 44.82665], [13.90431, 44.81729], [13.90935, 44.80899], [13.90447, 44.79877], [13.91796, 44.77827], [13.90318, 44.77242], [13.89698, 44.81306], [13.84915, 44.82665], [13.85597, 44.84028], [13.84232, 44.84028], [13.84913, 44.84715], [13.8423, 44.85464], [13.81569, 44.8566], [13.78714, 44.87507], [13.79462, 44.88128], [13.80486, 44.87059], [13.81959, 44.86766], [13.83375, 44.87336], [13.8423, 44.88813], [13.81528, 44.88353], [13.80486, 44.8854], [13.79462, 44.89497], [13.80812, 44.91543], [13.79674, 44.92488], [13.7741, 44.96381], [13.73306, 44.99471], [13.66082, 45.06122], [13.64381, 45.0705], [13.62324, 45.07307], [13.63689, 45.09357], [13.61258, 45.11786], [13.63852, 45.13003], [13.72625, 45.13451], [13.6836, 45.14338], [13.60048, 45.13749], [13.59598, 45.14541], [13.59938, 45.17129], [13.58914, 45.17549], [13.59441, 45.18732], [13.58229, 45.19682], [13.5823, 45.20282], [13.59449, 45.21263], [13.58914, 45.2307], [13.59523, 45.2508], [13.57547, 45.26488], [13.58425, 45.27606], [13.60271, 45.27912], [13.60271, 45.28535], [13.58466, 45.29321], [13.57547, 45.30646], [13.60955, 45.32014], [13.56179, 45.32637], [13.54128, 45.34614], [13.54055, 45.35675], [13.55494, 45.36107], [13.55494, 45.36734], [13.54316, 45.37617], [13.51337, 45.43622], [13.52076, 45.44302], [13.51565, 45.44814], [13.52076, 45.45726], [13.50149, 45.4986], [13.5071, 45.5119], [13.51335, 45.5119], [13.56861, 45.49079], [13.58953, 45.48884], [13.59596, 45.51813], [13.57863, 45.52339], [13.56864, 45.53924], [13.58961, 45.53579], [13.75294, 45.55288], [13.74236, 45.56977], [13.71194, 45.5934], [13.73016, 45.61309], [13.78688, 45.61115], [13.80812, 45.61432], [13.79558, 45.61701], [13.77711, 45.63544], [13.7393, 45.64911], [13.75766, 45.65498], [13.75367, 45.67231], [13.72625, 45.70376], [13.62892, 45.77261], [13.57423, 45.78962], [13.55128, 45.79243], [13.53443, 45.78205], [13.52418, 45.76008], [13.52833, 45.74055], [13.5549, 45.7372], [13.5184, 45.72484], [13.50781, 45.71443], [13.46925, 45.70686], [13.42798, 45.68115], [13.4017, 45.67545], [13.37676, 45.68317], [13.40919, 45.69131], [13.43141, 45.70685], [13.42262, 45.72407], [13.38169, 45.73006], [13.3694, 45.74462], [13.35182, 45.74031], [13.2549, 45.75606], [13.2155, 45.7788], [13.16944, 45.76874], [13.14967, 45.75154], [13.13982, 45.75487], [13.13136, 45.76887], [13.11931, 45.77196], [13.11085, 45.76765], [13.10816, 45.7582], [13.11183, 45.74885], [13.12288, 45.74462], [13.12288, 45.73722], [13.1006, 45.73623], [13.08058, 45.72761], [13.06959, 45.71369], [13.07504, 45.69684], [13.09148, 45.6892], [13.11166, 45.69135], [13.14964, 45.70374], [13.13802, 45.6894], [13.10304, 45.66901], [13.08496, 45.64192], [13.06055, 45.63667], [12.9817, 45.63483], [12.94386, 45.62857], [12.78039, 45.5534], [12.61194, 45.49626], [12.51271, 45.47044], [12.4878, 45.45674], [12.45143, 45.45043], [12.41033, 45.43623], [12.4358, 45.47492], [12.43094, 45.48403], [12.44728, 45.48432], [12.45144, 45.49824], [12.45818, 45.49824], [12.46697, 45.48558], [12.47193, 45.48591], [12.47869, 45.49079], [12.46503, 45.50445], [12.49732, 45.50673], [12.5066, 45.49824], [12.49293, 45.49824], [12.49293, 45.49079], [12.51515, 45.49274], [12.52151, 45.51898], [12.53048, 45.52558], [12.56251, 45.53164], [12.58172, 45.55288], [12.53728, 45.53583], [12.51065, 45.5589], [12.5066, 45.57331], [12.45851, 45.54833], [12.4419, 45.53034], [12.45143, 45.51191], [12.43491, 45.51236], [12.41773, 45.52359], [12.40358, 45.51813], [12.39674, 45.53925], [12.38412, 45.52302], [12.39039, 45.51398], [12.424, 45.50446], [12.42397, 45.49822], [12.3934, 45.49165], [12.38056, 45.49479], [12.38307, 45.50446], [12.35043, 45.50487], [12.30958, 45.48892], [12.27272, 45.46361], [12.2527, 45.43623], [12.2527, 45.43], [12.25894, 45.43], [12.2461, 45.41132], [12.24855, 45.40253], [12.25894, 45.39521], [12.2492, 45.38548], [12.24528, 45.36108], [12.22381, 45.35395], [12.23217, 45.34056], [12.21631, 45.31623], [12.20873, 45.30907], [12.18755, 45.30647], [12.16293, 45.31623], [12.15447, 45.31346], [12.1491, 45.29218], [12.15983, 45.2831], [12.16879, 45.26215], [12.18068, 45.25804], [12.19166, 45.26288], [12.19939, 45.2746], [12.19746, 45.29962], [12.21728, 45.29384], [12.22485, 45.25117], [12.21111, 45.24299], [12.22485, 45.23069], [12.22137, 45.21625], [12.23048, 45.20425], [12.24732, 45.19693], [12.26637, 45.1966], [12.25898, 45.20282], [12.30727, 45.23068], [12.29803, 45.2154], [12.32104, 45.17235], [12.32845, 45.10102], [12.3073, 45.10786], [12.3073, 45.12836], [12.29737, 45.10635], [12.29672, 45.08857], [12.30665, 45.07856], [12.32846, 45.0799], [12.32106, 45.09357], [12.341, 45.08124], [12.37623, 45.03897], [12.37623, 45.03217], [12.35515, 45.02464], [12.36883, 45.01097], [12.38356, 45.02643], [12.38657, 45.03876], [12.36885, 45.06559], [12.41341, 45.04287], [12.41033, 45.03217], [12.44458, 45.01096], [12.48618, 44.97651], [12.4992, 44.98371], [12.48609, 44.98371], [12.4861, 44.99114], [12.50261, 44.99143], [12.51701, 44.98746], [12.53385, 44.97004], [12.52312, 44.95002], [12.52701, 44.94335], [12.5127, 44.92232], [12.49903, 44.92145], [12.4873, 44.86225], [12.44459, 44.82052], [12.424, 44.85464], [12.43922, 44.87759], [12.44304, 44.89008], [12.43832, 44.90111], [12.42693, 44.90497], [12.40691, 44.8913], [12.3921, 44.86839], [12.39161, 44.85883], [12.41651, 44.85114], [12.40821, 44.83625], [12.39674, 44.83348], [12.39674, 44.82665], [12.424, 44.82049], [12.41592, 44.80315], [12.39795, 44.79378], [12.37567, 44.79223], [12.30299, 44.84292], [12.29233, 44.84325], [12.26637, 44.82665], [12.26637, 44.8205], [12.28002, 44.8205], [12.25359, 44.75129], [12.24659, 44.71161], [12.2527, 44.6684], [12.28577, 44.60292], [12.28004, 44.53189], [12.2837, 44.48762], [12.31821, 44.36115], [12.34199, 44.32973], [12.35027, 44.28815], [12.36883, 44.25068], [12.38998, 44.22272], [12.41717, 44.19546], [12.45801, 44.1664], [12.47877, 44.13935], [12.54737, 44.09345], [12.57422, 44.08559], [12.63136, 44.0301], [12.6609, 44.00829], [12.7103, 43.9829], [12.75611, 43.97187], [12.80396, 43.96685], [12.86215, 43.93537], [12.92887, 43.91583], [12.94728, 43.89761], [13.25327, 43.70319], [13.38981, 43.64459], [13.39967, 43.63565], [13.44662, 43.62371], [13.4734, 43.61201], [13.50441, 43.63275], [13.51611, 43.63173], [13.52101, 43.62271], [13.54321, 43.61322], [13.57887, 43.5729], [13.59791, 43.56952], [13.61556, 43.56048], [13.62451, 43.54719], [13.61695, 43.53132], [13.76026, 43.26374], [13.78027, 43.23652], [13.79078, 43.19208], [13.83487, 43.1271], [13.8487, 43.09145], [13.86541, 43.00731], [13.94467, 42.79828], [14.00123, 42.69843], [14.06323, 42.62482], [14.07537, 42.59882], [14.22055, 42.47016], [14.28419, 42.42829], [14.38737, 42.37294], [14.42905, 42.32172], [14.56023, 42.22565], [14.59588, 42.20856], [14.65349, 42.19107], [14.69369, 42.18536], [14.70923, 42.17548], [14.71704, 42.16006], [14.7295, 42.09911], [14.74073, 42.08462], [14.78041, 42.07513], [14.83546, 42.04413], [14.8711, 42.03181], [14.95156, 42.02112], [14.99365, 42.01064], [15.04518, 41.96898], [15.06316, 41.96429], [15.12338, 41.93427], [15.16538, 41.9278], [15.28175, 41.92803], [15.40056, 41.90778], [15.44606, 41.90693], [15.61134, 41.92803], [15.77443, 41.92121], [16.02711, 41.94407], [16.14046, 41.9199], [16.1609, 41.89265], [16.17919, 41.89329], [16.17604, 41.87739], [16.19304, 41.80854], [16.19287, 41.79092], [16.18446, 41.77977], [16.14575, 41.74886], [16.10719, 41.73762], [16.06315, 41.70149], [16.02751, 41.67993], [15.9253, 41.64004], [15.90008, 41.61465], [15.89137, 41.57685], [15.89633, 41.53644], [15.91179, 41.50288], [15.9336, 41.47944], [15.96111, 41.45946], [16.02166, 41.4278], [16.08513, 41.41266], [16.11411, 41.39289], [16.30127, 41.32793], [16.4603, 41.26264], [16.52067, 41.25014], [16.59392, 41.20698], [16.83031, 41.14638], [16.85141, 41.13296], [16.85816, 41.13296], [16.85816, 41.14035], [16.86442, 41.14036], [16.88526, 41.12397], [17.05739, 41.08175], [17.2028, 41.02112], [17.2762, 40.98031], [17.31006, 40.95477], [17.34791, 40.9121], [17.37769, 40.90228], [17.4134, 40.8812], [17.47609, 40.83015], [17.51221, 40.82029], [17.54835, 40.80195], [17.63453, 40.78497], [17.74837, 40.74761], [17.84392, 40.69416], [17.92188, 40.683], [17.95557, 40.67057], [17.95493, 40.64692], [17.99195, 40.65313], [18.007, 40.65069], [18.0158, 40.62519], [18.04321, 40.60199], [18.03745, 40.55695], [18.11996, 40.50458], [18.21168, 40.46475], [18.23828, 40.45766], [18.2588, 40.43065], [18.30322, 40.39988], [18.34376, 40.35163], [18.37026, 40.33883], [18.39775, 40.30977], [18.39774, 40.24548], [18.42624, 40.19315], [18.44984, 40.12949], [18.45588, 40.09612], [18.45617, 40.03546], [18.43409, 40.02253], [18.41139, 39.97883], [18.39259, 39.91608], [18.39971, 39.87717], [18.33736, 39.80055], [18.28207, 39.8332], [18.26564, 39.83759], [18.21128, 39.83935], [18.16189, 39.86055], [18.13063, 39.88349], [18.07155, 39.91153], [17.99539, 39.99527], [17.99539, 40.00266], [18.01108, 40.00336], [18.02027, 40.0102], [18.02215, 40.02167], [18.0158, 40.0362], [18.00514, 40.04487], [17.96748, 40.05732], [18.00294, 40.07445], [18.011, 40.09601], [17.99724, 40.12043], [17.92605, 40.17626], [17.91962, 40.19074], [17.917, 40.22687], [17.91114, 40.2403], [17.89969, 40.24909], [17.91277, 40.24909], [17.91277, 40.25532], [17.86313, 40.28563], [17.84767, 40.29003], [17.51175, 40.30376], [17.49391, 40.30745], [17.44044, 40.331], [17.39943, 40.33101], [17.36818, 40.35151], [17.21291, 40.4062], [17.20023, 40.42039], [17.22348, 40.42841], [17.24301, 40.44139], [17.2479, 40.45734], [17.22758, 40.47444], [17.24741, 40.48028], [17.29575, 40.47321], [17.31625, 40.48188], [17.32325, 40.49848], [17.30405, 40.49946], [17.26175, 40.48872], [17.26857, 40.49616], [17.24741, 40.50283], [17.18995, 40.48189], [17.18182, 40.4853], [17.16619, 40.50918], [17.15602, 40.5124], [17.04957, 40.51911], [16.97609, 40.49262], [16.91212, 40.44522], [16.78273, 40.30158], [16.7614, 40.2696], [16.73071, 40.20068], [16.71599, 40.19359], [16.67944, 40.14607], [16.62452, 40.10798], [16.60475, 40.08446], [16.59693, 40.04678], [16.59938, 40.03413], [16.63159, 39.96621], [16.60548, 39.94294], [16.58919, 39.91983], [16.54225, 39.8854], [16.49171, 39.80549], [16.48976, 39.77521], [16.50213, 39.74706], [16.52856, 39.7215], [16.51564, 39.6896], [16.54591, 39.66087], [16.59148, 39.63679], [16.62485, 39.62531], [16.74976, 39.62001], [16.78248, 39.61163], [16.81626, 39.59088], [16.8462, 39.55268], [16.906, 39.52972], [16.95297, 39.49921], [16.99537, 39.49273], [17.01148, 39.48614], [17.05714, 39.44164], [17.08855, 39.42259], [17.1242, 39.409], [17.15868, 39.40619], [17.12224, 39.33832], [17.11492, 39.28278], [17.11769, 39.25601], [17.14567, 39.21068], [17.12224, 39.12104], [17.12452, 39.09089], [17.15846, 39.04047], [17.20636, 39.02948], [17.17661, 39.01211], [17.17237, 39.00519], [17.17236, 38.96052], [17.1277, 38.92878], [17.10402, 38.8991], [17.09498, 38.91913], [17.07057, 38.9228], [17.04225, 38.91625], [17.02199, 38.90596], [16.99635, 38.92951], [16.98129, 38.9372], [16.93507, 38.93871], [16.83855, 38.9182], [16.72779, 38.87885], [16.68776, 38.85586], [16.67074, 38.84065], [16.61061, 38.81656], [16.58562, 38.79784], [16.57439, 38.78506], [16.56372, 38.75675], [16.53883, 38.72333], [16.53484, 38.6999], [16.54907, 38.68992], [16.55885, 38.59602], [16.577, 38.52832], [16.56958, 38.42951], [16.55002, 38.40794], [16.40606, 38.41794], [16.30056, 38.43399], [16.24072, 38.44654], [16.15491, 38.4766], [16.07815, 38.51326], [16.01373, 38.55664], [15.94613, 38.61361], [15.89462, 38.67667], [16.00262, 38.7254], [16.04884, 38.72772], [16.12086, 38.72093], [16.1526, 38.7309], [16.17921, 38.74828], [16.20094, 38.77644], [16.2151, 38.81415], [16.22169, 38.85659], [16.21469, 38.91901], [16.2046, 38.93407], [16.18963, 38.94355], [16.16896, 38.94686], [16.15416, 38.95522], [16.15066, 38.96113], [16.12204, 38.91738], [16.07367, 38.85606], [16.00841, 38.79951], [15.81087, 38.64838], [15.7725, 38.61113], [15.7607, 38.59354], [15.75269, 38.57047], [15.74807, 38.54224], [15.74274, 38.4114], [15.73324, 38.35898], [15.71427, 38.33366], [15.65265, 38.28113], [15.63383, 38.25549], [15.62795, 38.22289], [15.6275, 38.18276], [15.6353, 38.11235], [15.64658, 38.09072], [15.68457, 38.04365], [15.69769, 38.02247], [15.75325, 37.89706], [15.77516, 37.82614], [15.77861, 37.79408], [15.77468, 37.76645], [15.76112, 37.74599], [15.73687, 37.72672], [15.5981, 37.65504], [15.56984, 37.63659], [15.55119, 37.61712], [15.54277, 37.59095], [15.5423, 37.55724], [15.55774, 37.4392], [15.55799, 37.4038], [15.55042, 37.37531], [15.53177, 37.35672], [15.50096, 37.34947], [15.4638, 37.35342], [15.42226, 37.36583], [15.21818, 37.45811], [15.00283, 37.51474], [14.92082, 37.54498], [14.8909, 37.56247], [14.86925, 37.58352], [14.84974, 37.61167], [14.7819, 37.75105], [14.74692, 37.80614], [14.70133, 37.85142], [14.64106, 37.90237], [14.5771, 37.94798], [14.52012, 37.97759], [14.48696, 37.98597], [14.40323, 37.99216], [14.26998, 37.99223], [14.23244, 37.99497], [14.20194, 38.0014], [14.17518, 38.01355], [14.14702, 38.03159], [14.03269, 38.12378], [13.98226, 38.15625], [13.95509, 38.16073], [13.88389, 38.15894], [13.85745, 38.16369], [13.80303, 38.19974], [13.68234, 38.29677], [13.62819, 38.33273], [13.54541, 38.36842], [13.44432, 38.4017], [13.3855, 38.41422], [13.36074, 38.41486], [13.19347, 38.39116], [13.16452, 38.39133], [13.14149, 38.39651], [13.1146, 38.41028], [13.05493, 38.45451], [12.99807, 38.5123], [12.95735, 38.57251], [12.94738, 38.59994], [12.94387, 38.6339], [12.94562, 38.67453], [12.95199, 38.71946], [12.97601, 38.813], [13.01066, 38.89585], [13.03018, 38.92744], [13.07946, 38.97699], [13.15126, 39.02785], [13.228, 39.06534], [13.26323, 39.07499], [13.29374, 39.07642], [13.31431, 39.06693], [13.33008, 39.04644], [13.34252, 39.01848], [13.37476, 38.92525], [13.38901, 38.90272], [13.40764, 38.89025], [13.42614, 38.8891], [13.44799, 38.89478], [13.49664, 38.92034], [13.54346, 38.95454], [13.5784, 38.9851], [13.59445, 39.01379], [13.61792, 39.0895], [13.62675, 39.1037], [13.63843, 39.11303], [13.6886, 39.12811], [13.75202, 39.13573], [13.8152, 39.13625], [13.86468, 39.12965], [13.87591, 39.12322], [13.88529, 39.11196], [13.91563, 39.04948], [13.93457, 39.02904], [13.95218, 39.03084], [13.99954, 39.05265], [14.01724, 39.05477], [14.03997, 39.03546], [14.08042, 38.97608], [14.10265, 38.95727], [14.14297, 38.94567], [14.22271, 38.93498], [14.27395, 38.93393], [14.3155, 38.94116], [14.43934, 39.00078], [14.4826, 39.01238], [14.54535, 39.00452], [14.6947, 38.96186], [14.75903, 38.95056], [14.90926, 38.95637], [15.08243, 38.97351], [15.17689, 38.98782], [15.18932, 38.99284], [15.25848, 39.06241], [15.29165, 39.07061], [15.37417, 39.06876], [15.48143, 39.05346], [15.52471, 39.03895], [15.62623, 38.99673], [15.66865, 38.98718], [15.68494, 38.98843], [15.72109, 38.99959], [15.80574, 39.03949], [15.90105, 39.03594], [15.95243, 39.03931], [15.98706, 39.05116], [16.08006, 39.0918], [16.03611, 39.33626], [16.16293, 39.39038], [16.12198, 39.47545], [16.10599, 39.53016], [16.10099, 39.60279], [16.11489, 39.6746], [16.14922, 39.75635], [16.20237, 39.82913], [16.26491, 39.88965], [16.33908, 39.9493], [16.30592, 40.06811], [16.26563, 40.33997], [16.31126, 40.37698], [16.34177, 40.43285], [16.39418, 40.50532], [16.52253, 40.64874], [16.57243, 40.69592], [16.53779, 40.83972], [16.40145, 40.87782], [16.29581, 40.92515], [16.2329, 40.94641], [16.08864, 41.00556], [15.79083, 41.11273], [15.6586, 41.18092], [15.57068, 41.24526], [15.52061, 41.29588], [15.47671, 41.35327], [15.42855, 41.45934], [15.41439, 41.54028], [15.40846, 41.54641], [15.34065, 41.55053], [15.25172, 41.56391], [15.2443, 41.60044], [15.23504, 41.60682], [15.14075, 41.5982], [15.04072, 41.59792], [14.93388, 41.6134], [14.86192, 41.63171], [14.72465, 41.69346], [14.6572, 41.74673], [14.62921, 41.77693], [14.58935, 41.83352], [14.54022, 41.85061], [14.46494, 41.88677], [14.40018, 41.93235], [14.34407, 41.98712], [14.30102, 42.04021], [14.27204, 42.09193], [14.22364, 42.23215], [14.20738, 42.25304], [14.12825, 42.25838], [14.00409, 42.28069], [13.92164, 42.30696], [13.85677, 42.33299], [13.73952, 42.335], [13.65203, 42.42123], [13.5412, 42.57384], [13.47446, 42.70057], [13.41904, 42.84128], [13.34971, 42.84852], [13.25112, 42.88215], [13.23712, 42.87965], [13.20934, 42.86549], [13.19952, 42.86582], [13.15433, 42.91361], [13.03086, 43.06994], [12.97958, 43.12283], [12.94323, 43.14042], [12.84462, 43.1684], [12.80735, 43.18767], [12.77757, 43.23229], [12.72929, 43.34859], [12.70032, 43.39461], [12.68115, 43.41244], [12.56053, 43.49253], [12.47266, 43.53878], [12.45135, 43.54228], [12.4022, 43.54005], [12.38476, 43.54533], [12.32831, 43.613], [12.20779, 43.78485], [12.14689, 43.85415], [12.12266, 43.87333], [12.05663, 43.91367], [11.98121, 43.95088], [11.90848, 43.9806], [11.86195, 43.9944], [11.79888, 43.99727], [11.72269, 43.9903], [11.65763, 43.95599], [11.63788, 43.95169], [11.6162, 43.95814], [11.58659, 43.97559], [11.56784, 43.99664], [11.57431, 44.01592], [11.66293, 44.07502], [11.67997, 44.09891], [11.66888, 44.12969], [11.62261, 44.18005], [11.4954, 44.2826], [11.41221, 44.33289], [11.37091, 44.34296], [11.27144, 44.3562], [11.23265, 44.37142], [11.23087, 44.3938], [11.26376, 44.45598], [11.26661, 44.47794], [11.2439, 44.50261], [11.19966, 44.53046], [11.14986, 44.55068], [11.11609, 44.55588], [11.09145, 44.54621], [11.01638, 44.49209], [11.00395, 44.49288], [10.99837, 44.52631], [11.00002, 44.56584], [11.04046, 44.7852], [11.03425, 44.83974], [10.99406, 44.90818], [10.92351, 44.99229], [10.84183, 45.03918], [10.81877, 45.05922], [10.80029, 45.12742], [10.7713, 45.37047], [10.75286, 45.43438], [10.72352, 45.47605], [10.68233, 45.52067], [10.58744, 45.5985], [10.55155, 45.60996], [10.47712, 45.62105], [10.36186, 45.64801], [10.31422, 45.65325], [10.29678, 45.6517], [10.28912, 45.64544], [10.30202, 45.59786], [10.30184, 45.5921], [10.29668, 45.59115], [10.2255, 45.61581], [10.00676, 45.72004], [9.67263, 45.84116], [9.65422, 45.83954], [9.62152, 45.81596], [9.60647, 45.81189], [9.59688, 45.81889], [9.58524, 45.84616], [9.57028, 45.86106], [9.38794, 45.91022], [9.0631, 45.89896], [9.05927, 45.88196], [9.03436, 45.84811], [9.00243, 45.82072], [8.97235, 45.82465], [8.93959, 45.83483], [8.9, 45.8264], [8.77925, 45.61151], [8.7189, 45.54297], [8.68777, 45.49107], [8.57716, 45.43203], [8.45608, 45.37931], [8.08791, 45.28814], [7.96492, 45.44142], [8.2038, 45.62774], [8.12547, 45.73978], [8.10975, 45.74318], [7.84932, 45.66662], [7.7322, 45.69404], [7.78007, 45.91813], [7.73201, 45.93038], [7.70628, 45.92573], [7.69398, 45.92867], [7.67372, 45.95032], [7.64303, 45.96634], [7.54112, 45.98412], [7.52438, 45.97807], [7.50371, 45.95673], [7.48273, 45.95487], [7.45296, 45.94588], [7.39384, 45.9157], [7.3618, 45.90784], [7.28667, 45.91343], [7.27354, 45.91027], [7.18937, 46.07283], [7.18515, 46.0904], [7.28084, 46.23078], [7.39681, 46.26287], [7.40264, 46.27453], [7.29394, 46.40325], [7.03873, 46.45592], [6.79444, 46.69928], [7.34092, 46.83024], [7.39184, 46.9818], [6.95625, 47.24523], [6.95222, 47.27004], [6.95862, 47.29055], [6.97743, 47.30373], [6.9919, 47.30595], [7.00648, 47.31936], [7.03655, 47.32952], [7.0443, 47.3405], [7.03386, 47.35065], [7.004, 47.36814], [6.9856, 47.36212], [6.86664, 47.35417], [6.8716, 47.36696], [6.884, 47.38259], [6.89878, 47.39571], [6.92452, 47.406], [6.92607, 47.42486], [6.95232, 47.42884], [6.98343, 47.4438], [6.99097, 47.45222], [6.97578, 47.47796], [6.9733, 47.48909], [7.00079, 47.49767], [7.00978, 47.49925], [7.02797, 47.49294], [7.05392, 47.49038], [7.10373, 47.49628], [7.15365, 47.4864], [7.18083, 47.48826], [7.16264, 47.4599], [7.16833, 47.44357], [7.19003, 47.43473], [7.21938, 47.42848], [7.23034, 47.41902], [7.23809, 47.4168], [7.28264, 47.42889], [7.30909, 47.43266], [7.37855, 47.43065], [7.40635, 47.43824], [7.42609, 47.45576], [7.42929, 47.46511], [7.42764, 47.47075], [7.41441, 47.48403], [7.41431, 47.49018], [7.42599, 47.4925], [7.46743, 47.48191], [7.48583, 47.49578], [7.4756, 47.51173], [7.47694, 47.51488], [7.50112, 47.51731], [7.50544, 47.52376], [7.60975, 47.56475], [7.66142, 47.54625], [7.68344, 47.54426], [7.76674, 47.55596], [7.78555, 47.5632], [7.81966, 47.59534], [7.83371, 47.59048], [7.8982, 47.58785], [7.9043, 47.58356], [7.91216, 47.56056], [8.04228, 47.56056], [8.08724, 47.56738], [8.09695, 47.57185], [8.1139, 47.58785], [8.14377, 47.60007], [8.16206, 47.60376], [8.17902, 47.6158], [8.23296, 47.62195], [8.25105, 47.622], [8.28857, 47.6158], [8.30635, 47.59219], [8.35409, 47.58102], [8.41807, 47.58077], [8.44887, 47.58428], [8.46179, 47.60614], [8.49238, 47.61983], [8.52235, 47.6219], [8.53775, 47.61213], [8.5607, 47.5894], [8.57413, 47.59244], [8.58064, 47.60017], [8.5825, 47.62159], [8.57806, 47.63348], [8.58033, 47.639], [8.59356, 47.64257], [8.59511, 47.63482], [8.60162, 47.6326], [8.60731, 47.65629], [8.56824, 47.66293], [8.51967, 47.65735], [8.47605, 47.6404], [8.45827, 47.63988], [8.41197, 47.66104], [8.3913, 47.66546], [8.39771, 47.67629], [8.39099, 47.69213], [8.39213, 47.69952], [8.40195, 47.70709], [8.43791, 47.72319], [8.44546, 47.74318], [8.46365, 47.76391], [8.4715, 47.76706], [8.53651, 47.77409], [8.5516, 47.77925], [8.5423, 47.79502], [8.55822, 47.80117], [8.58312, 47.80024], [8.60162, 47.7946], [8.60762, 47.76225], [8.61744, 47.75732], [8.62984, 47.7628], [8.63501, 47.7846], [8.6441, 47.79101], [8.65702, 47.78812], [8.68193, 47.75874], [8.71314, 47.75742], [8.71976, 47.74732], [8.70043, 47.7235], [8.71262, 47.70869], [8.71707, 47.69456], [8.76988, 47.69507], [8.76172, 47.70125], [8.77071, 47.72086], [8.79758, 47.72003], [8.83024, 47.70719], [8.85608, 47.69068], [8.83768, 47.68779], [8.83779, 47.68084], [8.85267, 47.67079], [8.88171, 47.65614], [8.9062, 47.65179], [8.94538, 47.6543], [8.98176, 47.66216], [8.99767, 47.67384], [9.01659, 47.6789], [9.1281, 47.67043], [9.1834, 47.67042], [9.19694, 47.65614], [9.23435, 47.65616], [9.27321, 47.65009], [9.40626, 47.59418], [9.24591, 47.39484], [9.26048, 47.36289], [9.27211, 47.35657]], [[16.52427, 39.27243], [16.51732, 39.26479], [16.52107, 39.24135], [16.53497, 39.2346], [16.55514, 39.25483], [16.55775, 39.26358], [16.54973, 39.27017], [16.52427, 39.27243]]], [[[14.32077, 44.50918], [14.29868, 44.49642], [14.28242, 44.52227], [14.29373, 44.52088], [14.30787, 44.51089], [14.32077, 44.50918]]], [[[14.27417, 44.6617], [14.25734, 44.65672], [14.25668, 44.63703], [14.27115, 44.61254], [14.23976, 44.61987], [14.23261, 44.62605], [14.24406, 44.66123], [14.2658, 44.6795], [14.28043, 44.67755], [14.27417, 44.6617]]], [[[13.73546, 44.92393], [13.74789, 44.9251], [13.77404, 44.91509], [13.77769, 44.90251], [13.7588, 44.90066], [13.7561, 44.88992], [13.74734, 44.88761], [13.75009, 44.91315], [13.73546, 44.92393]]], [[[12.37184, 45.42487], [12.38917, 45.43354], [12.40748, 45.43065], [12.43085, 45.41571], [12.41644, 45.42061], [12.37623, 45.42255], [12.32147, 45.34804], [12.32802, 45.37244], [12.37184, 45.42487]]], [[[12.36378, 45.44965], [12.36207, 45.43814], [12.33751, 45.42751], [12.32066, 45.42984], [12.31659, 45.44306], [12.32985, 45.4588], [12.34717, 45.4588], [12.36378, 45.44965]]], [[[12.37518, 45.45379], [12.39731, 45.46003], [12.41409, 45.47308], [12.41839, 45.46874], [12.40878, 45.45661], [12.38536, 45.44571], [12.37518, 45.45379]]], [[[15.49674, 42.11603], [15.48471, 42.10144], [15.47773, 42.10412], [15.48382, 42.11856], [15.49256, 42.1239], [15.49674, 42.11603]]], [[[15.68133, 43.64033], [15.67205, 43.63745], [15.60379, 43.67471], [15.61134, 43.6821], [15.61549, 43.67699], [15.65015, 43.67303], [15.67888, 43.64802], [15.74029, 43.62754], [15.68133, 43.64033]]], [[[15.62794, 43.7982], [15.64096, 43.79784], [15.65006, 43.78913], [15.64861, 43.7829], [15.66601, 43.76647], [15.65984, 43.76395], [15.63112, 43.77144], [15.6089, 43.79381], [15.59963, 43.79415], [15.58091, 43.80875], [15.56749, 43.83201], [15.58627, 43.82294], [15.59473, 43.83144], [15.60483, 43.8242], [15.61004, 43.80911], [15.62794, 43.7982]]], [[[15.39556, 43.77247], [15.30894, 43.80562], [15.28842, 43.82551], [15.24763, 43.84927], [15.22781, 43.87445], [15.24073, 43.88075], [15.26123, 43.86709], [15.26637, 43.857], [15.34217, 43.81201], [15.39556, 43.77247]]], [[[15.29607, 44.00571], [15.34995, 43.9763], [15.38405, 43.97015], [15.3897, 43.94696], [15.39763, 43.9372], [15.42676, 43.92206], [15.44604, 43.88754], [15.40708, 43.89616], [15.39772, 43.90811], [15.35866, 43.91939], [15.34996, 43.92915], [15.35678, 43.93537], [15.30959, 43.95845], [15.29713, 43.9781], [15.26126, 44.01105], [15.29607, 44.00571]]], [[[15.08823, 43.98965], [15.11377, 43.98378], [15.14454, 43.94965], [15.2168, 43.91278], [15.22021, 43.9012], [15.19549, 43.89521], [15.14552, 43.9239], [15.13331, 43.92121], [15.14454, 43.90811], [15.17555, 43.89094], [15.19677, 43.88638], [15.1945, 43.87264], [15.13627, 43.90316], [15.10685, 43.92524], [15.04283, 43.99043], [15.0031, 44.05231], [14.98308, 44.06631], [14.9551, 44.0756], [14.87013, 44.14081], [14.86297, 44.16104], [14.84964, 44.1756], [14.86328, 44.17559], [14.88282, 44.15917], [14.93912, 44.12714], [14.95444, 44.10322], [14.99383, 44.08784], [15.00731, 44.09298], [15.0005, 44.07941], [15.01441, 44.07794], [15.0227, 44.0722], [15.03191, 44.03636], [15.08823, 43.98965]]], [[[15.07758, 44.05309], [15.07075, 44.07579], [15.07294, 44.08074], [15.1001, 44.0685], [15.10849, 44.05402], [15.14722, 44.02561], [15.15941, 43.99896], [15.07758, 44.05309]]], [[[15.2544, 44.01791], [15.22332, 44.05028], [15.20656, 44.04524], [15.19907, 44.05882], [15.18914, 44.04781], [15.12185, 44.09224], [15.08709, 44.12372], [15.06871, 44.13398], [15.07553, 44.14082], [15.06254, 44.1619], [15.22575, 44.06622], [15.24707, 44.04669], [15.2544, 44.01791]]], [[[14.85613, 44.13688], [14.83522, 44.14168], [14.81985, 44.15303], [14.82244, 44.16865], [14.82665, 44.15955], [14.84278, 44.14826], [14.85727, 44.15204], [14.86915, 44.14053], [14.85613, 44.13688]]], [[[14.78971, 44.26692], [14.76596, 44.26504], [14.75993, 44.25985], [14.74856, 44.26167], [14.73814, 44.27212], [14.73961, 44.28017], [14.74969, 44.28022], [14.7532, 44.29099], [14.75977, 44.29205], [14.79166, 44.27252], [14.78971, 44.26692]]], [[[15.06586, 44.32069], [15.08611, 44.30878], [15.0976, 44.3096], [15.11201, 44.30269], [15.12957, 44.28425], [15.11689, 44.28169], [15.11061, 44.29149], [15.08782, 44.29894], [15.06934, 44.28588], [15.04348, 44.28967], [15.03046, 44.29813], [15.0255, 44.31509], [15.03094, 44.32672], [15.06586, 44.32069]]], [[[14.6574, 44.30526], [14.59912, 44.3389], [14.59509, 44.34709], [14.64355, 44.32574], [14.66137, 44.30866], [14.6574, 44.30526]]], [[[14.78289, 44.41892], [14.80327, 44.4053], [14.80501, 44.39574], [14.79672, 44.38129], [14.81119, 44.35005], [14.80103, 44.3431], [14.78491, 44.347], [14.75621, 44.364], [14.76824, 44.38422], [14.76345, 44.41534], [14.78289, 44.41892]]], [[[14.70208, 44.37796], [14.72225, 44.36351], [14.72306, 44.35172], [14.71372, 44.35127], [14.69298, 44.35986], [14.67986, 44.3887], [14.66758, 44.39221], [14.66148, 44.39981], [14.67205, 44.4121], [14.70166, 44.40159], [14.70208, 44.37796]]], [[[14.95494, 44.41351], [14.96086, 44.40011], [14.95411, 44.40778], [14.93337, 44.41072], [14.89315, 44.44166], [14.88837, 44.45622], [14.95494, 44.41351]]], [[[15.01417, 44.51874], [14.92856, 44.55231], [14.91114, 44.55231], [14.91114, 44.54548], [14.96599, 44.52387], [15.04895, 44.43896], [15.06382, 44.3966], [15.04901, 44.39469], [15.02076, 44.43], [14.95883, 44.4667], [14.89749, 44.49092], [14.89749, 44.49705], [14.91863, 44.50454], [14.87763, 44.55134], [14.87696, 44.55976], [14.76149, 44.65864], [14.74368, 44.68049], [14.73367, 44.70318], [14.7414, 44.70146], [14.78016, 44.66929], [14.84522, 44.60053], [14.8838, 44.57966], [14.88015, 44.60919], [14.90406, 44.61], [14.93849, 44.59396], [14.9663, 44.57342], [14.98911, 44.54662], [15.01576, 44.53334], [15.02634, 44.50329], [15.00734, 44.50454], [15.01417, 44.51874]]], [[[14.40406, 44.57966], [14.39697, 44.56917], [14.38657, 44.56563], [14.36306, 44.57344], [14.36307, 44.57966], [14.36988, 44.57966], [14.36477, 44.58722], [14.38258, 44.60326], [14.37599, 44.62303], [14.3493, 44.65554], [14.3358, 44.71676], [14.38111, 44.69864], [14.39747, 44.68561], [14.39039, 44.66218], [14.41, 44.60098], [14.44557, 44.56598], [14.52661, 44.50372], [14.53434, 44.48408], [14.51198, 44.48226], [14.48504, 44.50064], [14.45191, 44.53189], [14.43818, 44.53865], [14.43818, 44.54547], [14.46608, 44.53864], [14.42262, 44.57388], [14.40406, 44.57966]]], [[[14.90156, 44.68997], [14.88381, 44.72362], [14.89519, 44.73615], [14.88384, 44.78855], [14.88137, 44.84377], [14.8988, 44.90555], [14.95434, 44.74837], [15.00398, 44.57464], [14.90156, 44.68997]]], [[[14.7561, 44.83568], [14.74049, 44.82665], [14.74049, 44.8205], [14.82264, 44.7712], [14.85132, 44.7371], [14.85904, 44.71735], [14.84962, 44.70321], [14.77296, 44.76032], [14.74049, 44.77827], [14.74293, 44.76577], [14.75403, 44.75779], [14.72495, 44.76765], [14.69948, 44.76522], [14.65792, 44.79877], [14.68315, 44.79872], [14.70574, 44.79255], [14.69949, 44.81304], [14.71998, 44.79877], [14.72682, 44.79877], [14.70582, 44.82685], [14.69208, 44.83349], [14.68582, 44.84714], [14.72682, 44.84028], [14.72, 44.85463], [14.73902, 44.85341], [14.753, 44.84599], [14.7561, 44.83568]]], [[[14.45192, 44.92231], [14.45922, 44.91543], [14.44996, 44.89802], [14.45192, 44.8509], [14.46655, 44.80484], [14.45192, 44.79877], [14.4729, 44.7652], [14.46607, 44.7298], [14.47218, 44.70795], [14.51391, 44.66218], [14.50856, 44.64533], [14.51498, 44.64216], [14.52751, 44.64788], [14.53434, 44.63426], [14.51335, 44.61885], [14.473, 44.62028], [14.42792, 44.65657], [14.39454, 44.70759], [14.39723, 44.75161], [14.38356, 44.75776], [14.37453, 44.75387], [14.36819, 44.76106], [14.36158, 44.81598], [14.34605, 44.82051], [14.32986, 44.83394], [14.31414, 44.89379], [14.29422, 44.90864], [14.30152, 44.92231], [14.29251, 44.94033], [14.30152, 44.94342], [14.32546, 44.93635], [14.35963, 44.90864], [14.38738, 44.909], [14.39723, 44.9291], [14.39032, 44.96038], [14.40406, 44.94953], [14.41139, 44.95637], [14.39145, 44.96943], [14.37673, 44.98689], [14.34083, 45.05561], [14.27851, 45.11335], [14.2777, 45.128], [14.29944, 45.16217], [14.31366, 45.17242], [14.33188, 45.17584], [14.3562, 45.16925], [14.36409, 45.15762], [14.36305, 45.09357], [14.38771, 45.03905], [14.41765, 44.99799], [14.43084, 44.9903], [14.46606, 44.9837], [14.47348, 44.97142], [14.47093, 44.95369], [14.45192, 44.92231]]], [[[14.76801, 44.9178], [14.76793, 44.92853], [14.77329, 44.93365], [14.80705, 44.92047], [14.82858, 44.90355], [14.83577, 44.88684], [14.7784, 44.90863], [14.76801, 44.9178]]], [[[14.54297, 44.95544], [14.51711, 44.9626], [14.48578, 44.98362], [14.52787, 44.9858], [14.54582, 44.96804], [14.54297, 44.95544]]], [[[14.74, 45.04434], [14.79992, 45.005], [14.81493, 44.97749], [14.78468, 44.96932], [14.76092, 44.97748], [14.74724, 44.97004], [14.74724, 44.96381], [14.76074, 44.95514], [14.75655, 44.94864], [14.7234, 44.94336], [14.70672, 44.94666], [14.65789, 44.97004], [14.62893, 44.97818], [14.6238, 45.00122], [14.62631, 45.03726], [14.62086, 45.0456], [14.60328, 45.03897], [14.60328, 45.03217], [14.61695, 45.02464], [14.59031, 45.0233], [14.51026, 45.03223], [14.48537, 45.03804], [14.46014, 45.0524], [14.42508, 45.08735], [14.44159, 45.09979], [14.46266, 45.10102], [14.46707, 45.12408], [14.47608, 45.12825], [14.51401, 45.12906], [14.53012, 45.13483], [14.52127, 45.14883], [14.53956, 45.1704], [14.53689, 45.20172], [14.54802, 45.21027], [14.54981, 45.22142], [14.54379, 45.23574], [14.53456, 45.2377], [14.54885, 45.24871], [14.56336, 45.24973], [14.59585, 45.23754], [14.5822, 45.23754], [14.62377, 45.17549], [14.59742, 45.16645], [14.61256, 45.15925], [14.64373, 45.15681], [14.66528, 45.1618], [14.6709, 45.14346], [14.65895, 45.10834], [14.66529, 45.08735], [14.67807, 45.07746], [14.69597, 45.07343], [14.74047, 45.07305], [14.74, 45.04434]]], [[[19.27092, 40.51332], [19.27491, 40.50694], [19.29182, 40.49434], [19.27198, 40.4887], [19.26126, 40.50552], [19.26402, 40.51202], [19.27092, 40.51332]]], [[[19.42701, 40.93684], [19.43538, 40.9134], [19.42726, 40.89338], [19.42726, 40.87226], [19.43474, 40.87226], [19.43783, 40.88653], [19.44093, 40.87226], [19.45412, 40.8858], [19.5066, 40.9051], [19.52345, 40.92064], [19.52516, 40.94526], [19.50147, 40.98298], [19.49545, 41.00263], [19.49204, 40.97695], [19.47965, 40.95393], [19.45387, 40.92399], [19.44776, 40.93431], [19.46998, 40.95673], [19.47722, 40.975], [19.47495, 40.99579], [19.44777, 41.00947], [19.44062, 41.02066], [19.45639, 41.10668], [19.44192, 41.14386], [19.46371, 41.15131], [19.46877, 41.18756], [19.50953, 41.23729], [19.51661, 41.25641], [19.51336, 41.27668], [19.50294, 41.29413], [19.48805, 41.30646], [19.43166, 41.31372], [19.41897, 41.32258], [19.41424, 41.3828], [19.41082, 41.39167], [19.39602, 41.40205], [19.39326, 41.41348], [19.40642, 41.40038], [19.42872, 41.40131], [19.44516, 41.41519], [19.44094, 41.44086], [19.48927, 41.46613], [19.50864, 41.48688], [19.51661, 41.51341], [19.51417, 41.52998], [19.46823, 41.55412], [19.44096, 41.58538], [19.52809, 41.57656], [19.5652, 41.58511], [19.57368, 41.6], [19.62812, 41.51034], [19.68079, 41.40623], [19.71951, 41.30128], [19.72954, 41.26412], [19.73655, 41.1884], [19.72606, 41.09592], [19.69249, 41.01626], [19.67073, 40.9828], [19.61785, 40.92175], [19.60901, 40.83572], [19.58083, 40.73666], [19.54719, 40.67676], [19.51045, 40.6285], [19.44456, 40.56937], [19.4157, 40.58348], [19.39161, 40.57831], [19.3864, 40.55076], [19.37924, 40.56615], [19.30439, 40.65314], [19.30935, 40.66502], [19.35157, 40.69416], [19.36052, 40.70978], [19.36884, 40.80215], [19.37779, 40.81296], [19.40675, 40.82075], [19.39326, 40.84492], [19.41424, 40.86884], [19.38121, 40.90827], [19.40496, 40.91816], [19.42458, 40.93963], [19.44089, 40.9486], [19.42701, 40.93684]]], [[[19.14356, 41.99307], [19.13917, 42.04243], [19.08254, 42.08121], [19.07474, 42.09565], [19.07632, 42.09817], [19.15498, 42.05325], [19.21945, 42.00539], [19.27031, 41.94983], [19.30142, 41.89778], [19.22023, 41.91886], [19.17027, 41.93798], [19.1623, 41.94795], [19.16033, 41.96898], [19.13797, 41.9853], [19.14356, 41.99307]]], [[[18.22862, 42.57037], [18.29436, 42.536], [18.32519, 42.51771], [18.23895, 42.55908], [18.22862, 42.57037]]], [[[17.84508, 42.73209], [17.84875, 42.73391], [17.9119, 42.70727], [17.90544, 42.7006], [17.84508, 42.73209]]], [[[17.6482, 42.73851], [17.65894, 42.74298], [17.67937, 42.72988], [17.73047, 42.71344], [17.74884, 42.69458], [17.38592, 42.77094], [17.37379, 42.76001], [17.35378, 42.76668], [17.32376, 42.79083], [17.37379, 42.80263], [17.39232, 42.80169], [17.37159, 42.79084], [17.39332, 42.79116], [17.41245, 42.784], [17.41993, 42.79083], [17.43686, 42.78262], [17.48601, 42.78216], [17.52369, 42.76484], [17.57447, 42.7575], [17.59749, 42.74982], [17.59067, 42.74299], [17.6482, 42.73851]]], [[[16.82082, 42.73608], [16.80984, 42.74982], [16.82228, 42.75511], [16.82407, 42.76406], [16.81886, 42.76936], [16.80301, 42.7635], [16.81024, 42.77533], [16.85816, 42.78399], [16.92107, 42.77715], [16.93392, 42.77093], [16.93636, 42.75552], [16.92464, 42.74141], [16.90544, 42.73177], [16.88495, 42.72941], [16.88217, 42.7364], [16.85817, 42.74299], [16.84766, 42.7336], [16.83432, 42.73095], [16.82082, 42.73608]]], [[[16.51043, 42.75975], [16.48936, 42.7467], [16.48619, 42.75165], [16.50694, 42.77158], [16.51827, 42.77342], [16.53417, 42.76288], [16.52556, 42.75704], [16.51043, 42.75975]]], [[[17.1587, 43.03098], [17.24024, 43.02277], [17.39021, 42.97781], [17.4541, 42.94228], [17.45828, 42.92471], [17.45157, 42.91474], [17.4563, 42.90781], [17.64153, 42.82175], [17.58009, 42.84125], [17.52524, 42.84863], [17.44045, 42.87336], [17.44272, 42.89863], [17.41725, 42.9112], [17.35093, 42.92179], [17.27133, 42.96336], [17.23749, 42.97139], [17.21388, 42.98261], [17.09539, 42.98444], [17.04615, 42.99506], [17.02753, 43.00358], [17.01808, 43.01399], [17.02817, 43.02416], [17.02817, 43.03099], [17.01882, 43.03409], [17.00167, 43.05149], [17.02312, 43.04864], [17.05568, 43.02896], [17.07325, 43.02416], [17.1587, 43.03098]]], [[[17.17433, 42.92202], [17.10743, 42.9143], [17.01531, 42.92862], [16.97291, 42.9267], [16.89869, 42.90584], [16.85141, 42.90071], [16.69142, 42.92821], [16.67286, 42.92674], [16.67261, 42.92179], [16.63846, 42.93476], [16.7068, 42.9621], [16.7068, 42.96955], [16.63171, 42.98261], [16.65269, 42.99236], [16.72047, 42.99005], [16.76856, 42.97223], [16.82407, 42.9621], [16.87867, 42.9621], [16.91554, 42.9745], [17.03207, 42.98261], [17.11109, 42.9643], [17.13183, 42.96955], [17.16432, 42.94147], [17.20019, 42.92178], [17.19337, 42.91431], [17.17433, 42.92202]]], [[[16.02034, 42.98594], [16.01807, 42.95728], [16.00945, 42.961], [15.99295, 42.95231], [16.00279, 42.99261], [16.02034, 42.98594]]], [[[15.73813, 43.01461], [15.72138, 43.01814], [15.72569, 43.02516], [15.75001, 43.03322], [15.76587, 43.03139], [15.76391, 43.02286], [15.73813, 43.01461]]], [[[16.08717, 43.01147], [16.06319, 43.0174], [16.08448, 43.02595], [16.08709, 43.04141], [16.07911, 43.05329], [16.06317, 43.05151], [16.04902, 43.065], [16.09254, 43.08274], [16.13057, 43.08844], [16.1705, 43.08762], [16.19971, 43.0794], [16.19288, 43.07197], [16.21583, 43.07916], [16.2282, 43.07867], [16.24122, 43.07197], [16.24985, 43.0794], [16.25487, 43.06855], [16.21029, 43.03328], [16.12135, 43.01339], [16.08717, 43.01147]]], [[[16.73852, 43.08683], [16.71973, 43.08187], [16.67351, 43.0845], [16.66002, 43.08947], [16.68222, 43.09955], [16.69776, 43.09573], [16.72551, 43.09649], [16.73795, 43.09235], [16.73852, 43.08683]]], [[[16.61612, 43.22354], [16.65951, 43.21596], [16.69311, 43.18866], [16.6936, 43.18401], [16.68629, 43.18183], [16.72771, 43.16462], [16.84816, 43.16234], [16.86443, 43.16884], [16.87843, 43.15884], [16.89674, 43.15477], [16.95875, 43.1524], [17.01856, 43.14085], [17.10942, 43.14377], [17.15494, 43.14035], [17.19332, 43.12727], [16.67018, 43.12549], [16.55983, 43.14298], [16.47535, 43.16649], [16.44517, 43.17081], [16.42726, 43.17988], [16.37161, 43.19551], [16.38039, 43.20196], [16.41529, 43.19847], [16.43979, 43.20977], [16.44606, 43.20234], [16.4603, 43.21595], [16.4603, 43.20978], [16.49643, 43.21807], [16.55494, 43.18793], [16.58326, 43.18867], [16.52055, 43.22898], [16.56275, 43.22898], [16.58326, 43.21597], [16.61612, 43.22354]]], [[[16.83033, 43.34637], [16.85816, 43.32518], [16.88509, 43.32196], [16.89233, 43.3122], [16.87232, 43.288], [16.86443, 43.29169], [16.8459, 43.27333], [16.81285, 43.26776], [16.62827, 43.26375], [16.56398, 43.27009], [16.50075, 43.28426], [16.4219, 43.31758], [16.40582, 43.33268], [16.41944, 43.32518], [16.42628, 43.32518], [16.42678, 43.33148], [16.43979, 43.33271], [16.43492, 43.34642], [16.45346, 43.35318], [16.4263, 43.3941], [16.44703, 43.39483], [16.49391, 43.38231], [16.688, 43.37696], [16.80981, 43.35317], [16.80982, 43.34638], [16.79615, 43.34638], [16.81625, 43.34024], [16.83033, 43.34637]]], [[[16.21323, 43.39411], [16.20047, 43.40705], [16.20559, 43.4129], [16.27702, 43.41192], [16.29792, 43.40374], [16.30275, 43.38727], [16.32984, 43.3897], [16.39143, 43.34638], [16.37598, 43.33345], [16.34895, 43.33863], [16.28175, 43.36937], [16.23227, 43.38447], [16.20706, 43.38728], [16.20641, 43.39181], [16.21323, 43.39411]]], [[[16.1345, 43.45616], [16.14942, 43.459], [16.16536, 43.44973], [16.1704, 43.43607], [16.1648, 43.43302], [16.14812, 43.43537], [16.14144, 43.4294], [16.11501, 43.42944], [16.12165, 43.44792], [16.13754, 43.44973], [16.1345, 43.45616]]], [[[16.21178, 43.49554], [16.2435, 43.49494], [16.25221, 43.49994], [16.24807, 43.50828], [16.26442, 43.51287], [16.31031, 43.50775], [16.37523, 43.49017], [16.37077, 43.48433], [16.33363, 43.48141], [16.28199, 43.48794], [16.24643, 43.48144], [16.21168, 43.48993], [16.21178, 43.49554]]], [[[15.86357, 43.93221], [15.94053, 43.87375], [16.03824, 43.85187], [16.26291, 43.78977], [16.32703, 43.78245], [16.56344, 43.93181], [16.6048, 43.90107], [16.63736, 43.86841], [16.6786, 43.84068], [16.69824, 43.78808], [16.7126, 43.77152], [16.82381, 43.70731], [16.98194, 43.58969], [17.03052, 43.54848], [17.08457, 43.51324], [17.14276, 43.48934], [17.2395, 43.47841], [17.2705, 43.46321], [17.28642, 43.43738], [17.26761, 43.35332], [17.28993, 43.30343], [17.32869, 43.26036], [17.36941, 43.23256], [17.40021, 43.21604], [17.42677, 43.16571], [17.44207, 43.15243], [17.57584, 43.08772], [17.52394, 43.02305], [17.49791, 42.97282], [17.47475, 43.00098], [17.47089, 43.01341], [17.47918, 43.02241], [17.50196, 43.03099], [17.48797, 43.03498], [17.43374, 43.01744], [17.46022, 43.03099], [17.43231, 43.03621], [17.42613, 43.04464], [17.4336, 43.0515], [17.42612, 43.06517], [17.40455, 43.05151], [17.37087, 43.07389], [17.31625, 43.12726], [17.17266, 43.18172], [17.11417, 43.21307], [17.10027, 43.23168], [17.07377, 43.23886], [17.06695, 43.24461], [17.05621, 43.25725], [17.04949, 43.27802], [17.02818, 43.28425], [16.93393, 43.3736], [16.88063, 43.40595], [16.75245, 43.41951], [16.69386, 43.4383], [16.62583, 43.44905], [16.53485, 43.49714], [16.52467, 43.51081], [16.5044, 43.50399], [16.46656, 43.51081], [16.39146, 43.51082], [16.39146, 43.51764], [16.43426, 43.52188], [16.4734, 43.53815], [16.43385, 43.54975], [16.33676, 43.55117], [16.29959, 43.53822], [16.23959, 43.52657], [16.11769, 43.52448], [16.11769, 43.51765], [16.15073, 43.51138], [16.16487, 43.50409], [16.17235, 43.4897], [16.11085, 43.48969], [16.11311, 43.47892], [16.06617, 43.48969], [16.03957, 43.4908], [16.01401, 43.50397], [16.00782, 43.50397], [16.00782, 43.49715], [15.99578, 43.50336], [15.97348, 43.50313], [15.96632, 43.51081], [15.96437, 43.50391], [15.9595, 43.50398], [15.96129, 43.51503], [15.98365, 43.52106], [15.98699, 43.52729], [15.98227, 43.5373], [15.98732, 43.54491], [15.95949, 43.53817], [15.95623, 43.54792], [15.94809, 43.55288], [15.92534, 43.55858], [15.94191, 43.56], [15.94418, 43.56672], [15.9354, 43.57294], [15.91799, 43.57291], [15.91799, 43.57908], [15.93214, 43.58658], [15.918, 43.59333], [15.9253, 43.59956], [15.918, 43.60639], [15.9253, 43.61384], [15.91897, 43.62873], [15.92954, 43.63422], [15.96632, 43.63373], [15.96632, 43.64118], [15.90484, 43.64803], [15.91676, 43.65362], [15.94239, 43.64802], [15.95297, 43.65086], [15.95143, 43.65742], [15.93216, 43.66845], [15.94597, 43.67231], [15.9524, 43.67976], [15.95045, 43.68854], [15.93898, 43.69644], [15.93971, 43.67764], [15.93116, 43.6765], [15.89291, 43.70051], [15.87078, 43.70319], [15.844, 43.72993], [15.79217, 43.75446], [15.77101, 43.75996], [15.70632, 43.76342], [15.69265, 43.77461], [15.68214, 43.79719], [15.63299, 43.81045], [15.61745, 43.8255], [15.6631, 43.81297], [15.67888, 43.81183], [15.67888, 43.81928], [15.66578, 43.81928], [15.63885, 43.83613], [15.57407, 43.85953], [15.54519, 43.87764], [15.51222, 43.91108], [15.47326, 43.91926], [15.4551, 43.92805], [15.43873, 43.94965], [15.35808, 44.0257], [15.33961, 44.03937], [15.31952, 44.04524], [15.27833, 44.0856], [15.23325, 44.12092], [15.21291, 44.13106], [15.20885, 44.13817], [15.21274, 44.14826], [15.14456, 44.19546], [15.16041, 44.2132], [15.15219, 44.2353], [15.13152, 44.25462], [15.11038, 44.26435], [15.13432, 44.27983], [15.16359, 44.26491], [15.17661, 44.24994], [15.1866, 44.25319], [15.4127, 44.13567], [15.54227, 44.0419], [15.69179, 44.0046], [15.78888, 43.97057], [15.86357, 43.93221]]], [[[15.86338, 43.66268], [15.82604, 43.69225], [15.82408, 43.70001], [15.84166, 43.70729], [15.86187, 43.68939], [15.86841, 43.66259], [15.86338, 43.66268]]], [[[15.69696, 43.68143], [15.69469, 43.68547], [15.70379, 43.68907], [15.68313, 43.6997], [15.67329, 43.71386], [15.68921, 43.71572], [15.71355, 43.69196], [15.72631, 43.69], [15.7198, 43.67281], [15.69696, 43.68143]]]]}}, {"type": "Feature", "properties": {"map_title": "1939~1941년 사이 유럽에서의 전쟁 상황", "source": "미래엔 세계사 교과서 4권 190쪽", "volume": 4, "page": 190, "legend": "추축국 영토(1939년 9월)", "name": "이탈리아", "name_en": "Italy", "period": "1939–1941", "kind": "국가", "group": "이탈리아", "coast_snap": "Natural Earth 10m 해안선에 맞춤", "border_snap": "현대 국경(Natural Earth 10m)에 맞춘 구간 약 1220 km", "map_folder": "4권_p190_1939~1941년 사이 유럽에서의 전쟁 상황"}, "geometry": {"type": "MultiPolygon", "coordinates": [[[[8.56247, 39.11061], [8.53324, 39.13824], [8.48596, 39.19955], [8.45511, 39.26692], [8.44195, 39.3377], [8.44703, 39.4091], [8.47027, 39.47842], [8.52121, 39.56514], [8.57639, 39.6214], [8.64478, 39.66822], [8.72376, 39.70377], [8.81082, 39.72677], [8.9015, 39.73604], [8.94728, 39.73546], [9.03078, 39.72505], [9.0349, 39.70546], [9.04416, 39.70284], [9.0527, 39.70664], [9.14758, 39.87074], [9.21948, 39.96253], [9.22244, 40.00571], [9.1766, 40.10608], [9.15631, 40.21934], [9.1609, 40.31621], [9.17908, 40.37559], [9.20752, 40.43429], [9.24451, 40.48515], [9.28917, 40.53182], [9.28417, 40.56525], [9.5852, 40.75572], [9.68395, 40.82548], [9.68978, 40.81079], [9.67449, 40.81391], [9.66179, 40.80903], [9.65789, 40.79987], [9.66879, 40.79035], [9.66977, 40.80146], [9.67579, 40.78864], [9.70394, 40.75942], [9.7142, 40.72724], [9.74446, 40.68048], [9.75652, 40.59516], [9.76157, 40.58735], [9.7819, 40.58197], [9.79225, 40.55695], [9.82075, 40.53615], [9.82667, 40.51982], [9.8152, 40.50251], [9.80866, 40.47058], [9.77809, 40.42723], [9.76172, 40.3907], [9.74935, 40.37727], [9.71241, 40.3664], [9.68311, 40.32421], [9.64552, 40.29609], [9.62615, 40.26309], [9.63111, 40.19619], [9.65463, 40.1446], [9.66505, 40.13158], [9.68758, 40.12085], [9.71022, 40.09634], [9.73226, 40.08393], [9.73023, 40.06836], [9.69337, 39.99291], [9.68727, 39.96117], [9.69663, 39.93378], [9.71, 39.94032], [9.71566, 39.94012], [9.71777, 39.93378], [9.71452, 39.92451], [9.69662, 39.9195], [9.68434, 39.89423], [9.68977, 39.87173], [9.68312, 39.87173], [9.68312, 39.86555], [9.69661, 39.85805], [9.69661, 39.85188], [9.68426, 39.83991], [9.67026, 39.79377], [9.67622, 39.71783], [9.65113, 39.65249], [9.65303, 39.56707], [9.62843, 39.50178], [9.64483, 39.48374], [9.63899, 39.45246], [9.61411, 39.39936], [9.60206, 39.35566], [9.60353, 39.32624], [9.6346, 39.30316], [9.6346, 39.29695], [9.60727, 39.28901], [9.58188, 39.2663], [9.56756, 39.2381], [9.57324, 39.21382], [9.5656, 39.20506], [9.57991, 39.18708], [9.56641, 39.14924], [9.55778, 39.13972], [9.52272, 39.12491], [9.51856, 39.10458], [9.5071, 39.1114], [9.51189, 39.12442], [9.49635, 39.13361], [9.48072, 39.13557], [9.44289, 39.12443], [9.438, 39.13337], [9.40871, 39.14616], [9.34506, 39.19644], [9.31191, 39.2081], [9.29217, 39.22126], [9.28533, 39.21383], [9.25245, 39.22516], [9.21632, 39.22801], [9.19744, 39.22114], [9.16602, 39.18709], [9.1369, 39.19433], [9.07301, 39.24852], [9.06373, 39.24307], [9.03875, 39.26219], [9.01393, 39.2639], [9.01254, 39.26057], [9.02573, 39.25601], [9.02101, 39.24042], [9.03785, 39.22712], [9.07496, 39.22989], [9.07985, 39.2246], [9.07894, 39.21235], [9.03858, 39.17902], [9.02622, 39.16523], [9.01832, 39.14614], [9.01873, 39.10395], [9.03199, 39.06977], [9.04492, 39.05126], [9.02931, 39.03026], [9.01832, 38.99531], [9.0257, 38.99531], [9.01515, 38.98966], [9.00465, 38.99531], [8.99615, 38.98265], [8.89489, 38.90243], [8.87745, 38.89908], [8.86616, 38.8886], [8.80417, 38.91275], [8.76586, 38.93303], [8.69791, 38.98201], [8.66861, 39.01059], [8.62779, 39.06431], [8.56247, 39.11061]]], [[[11.10467, 42.26332], [11.11051, 42.26121], [11.11246, 42.25288], [11.10239, 42.2543], [11.10644, 42.2378], [11.09524, 42.24328], [11.09206, 42.25668], [11.10467, 42.26332]]], [[[10.88299, 42.39214], [10.91345, 42.37523], [10.92379, 42.35885], [10.87608, 42.38696], [10.88299, 42.39214]]], [[[12.40748, 45.43065], [12.43085, 45.41571], [12.4048, 45.42227], [12.37623, 45.42255], [12.32147, 45.34804], [12.32802, 45.37244], [12.37184, 45.42487], [12.38917, 45.43354], [12.40748, 45.43065]]], [[[12.33725, 45.42741], [12.32066, 45.42984], [12.31659, 45.44306], [12.32985, 45.4588], [12.34717, 45.4588], [12.36378, 45.44965], [12.36207, 45.43814], [12.33725, 45.42741]]], [[[12.39731, 45.46003], [12.41408, 45.47308], [12.41839, 45.46874], [12.39609, 45.44941], [12.38536, 45.44571], [12.37518, 45.45379], [12.39731, 45.46003]]], [[[13.53932, 38.07685], [13.54737, 38.05622], [13.58708, 38.03912], [13.65113, 38.00096], [13.69799, 37.99351], [13.71191, 37.98793], [13.70509, 37.98046], [13.79078, 37.97362], [13.81267, 37.97793], [13.85719, 37.99672], [13.89829, 38.00446], [13.93849, 38.02887], [14.00717, 38.03828], [14.02052, 38.04937], [14.08326, 38.02383], [14.10629, 38.02143], [14.15138, 38.02886], [14.2732, 38.01512], [14.33123, 38.01801], [14.38461, 38.02953], [14.4319, 38.04937], [14.46412, 38.03718], [14.51173, 38.04438], [14.63461, 38.08149], [14.66773, 38.09919], [14.73399, 38.15771], [14.7448, 38.16135], [14.79811, 38.16035], [14.87403, 38.17569], [14.90708, 38.18768], [14.91847, 38.18049], [14.93893, 38.18438], [14.94474, 38.1819], [14.96974, 38.15925], [15.00734, 38.1518], [15.04899, 38.15179], [15.0687, 38.13129], [15.0879, 38.12824], [15.17742, 38.15632], [15.20499, 38.18588], [15.26516, 38.17052], [15.31963, 38.20121], [15.42982, 38.24358], [15.52403, 38.26209], [15.64928, 38.26934], [15.64242, 38.26228], [15.62428, 38.26166], [15.58375, 38.24042], [15.56967, 38.22696], [15.55991, 38.19977], [15.57592, 38.20017], [15.52703, 38.13679], [15.50033, 38.08495], [15.39259, 37.97614], [15.26645, 37.81211], [15.24122, 37.79556], [15.21306, 37.76146], [15.20655, 37.74775], [15.22021, 37.70673], [15.21606, 37.69673], [15.20216, 37.68537], [15.19677, 37.6551], [15.16391, 37.5679], [15.1159, 37.52228], [15.09669, 37.49445], [15.08953, 37.45946], [15.09205, 37.36054], [15.09669, 37.3437], [15.11069, 37.32184], [15.18002, 37.29076], [15.21745, 37.28497], [15.23666, 37.27472], [15.25195, 37.25771], [15.26122, 37.23386], [15.24488, 37.24616], [15.23561, 37.24193], [15.22024, 37.22019], [15.22169, 37.23745], [15.21583, 37.2447], [15.20541, 37.2447], [15.19288, 37.23998], [15.19905, 37.22761], [15.18344, 37.20746], [15.19467, 37.17634], [15.21648, 37.15522], [15.23325, 37.16485], [15.24756, 37.15867], [15.24756, 37.15185], [15.22918, 37.14964], [15.23178, 37.13491], [15.24659, 37.11823], [15.30322, 37.10122], [15.30786, 37.08666], [15.30274, 37.0625], [15.28793, 37.069], [15.28199, 37.06086], [15.2837, 37.04841], [15.29184, 37.04198], [15.31226, 37.044], [15.32105, 37.04022], [15.33235, 37.01163], [15.32472, 37.0085], [15.30893, 37.01777], [15.26808, 37.00043], [15.2749, 36.9936], [15.26384, 36.98713], [15.26806, 36.9731], [15.24448, 36.97207], [15.17465, 36.94408], [15.15838, 36.92422], [15.10768, 36.82014], [15.10661, 36.80858], [15.094, 36.79955], [15.09889, 36.77945], [15.11719, 36.74713], [15.13493, 36.68769], [15.13428, 36.6752], [15.1147, 36.66005], [15.09392, 36.65494], [15.07358, 36.65913], [15.03305, 36.69392], [15.02101, 36.69937], [14.99781, 36.70222], [14.98243, 36.68888], [14.95729, 36.69783], [14.91863, 36.71988], [14.88217, 36.73066], [14.84685, 36.72626], [14.78078, 36.69938], [14.77345, 36.71003], [14.76092, 36.70622], [14.74431, 36.71914], [14.68459, 36.72603], [14.65895, 36.75381], [14.5822, 36.78132], [14.56593, 36.77832], [14.48732, 36.79337], [14.47562, 36.80517], [14.39454, 36.94501], [14.36988, 36.97309], [14.27882, 37.04401], [14.20851, 37.08112], [14.12631, 37.11225], [14.08863, 37.11774], [13.97633, 37.1103], [13.93849, 37.09594], [13.89439, 37.10083], [13.83269, 37.13955], [13.7156, 37.1715], [13.68345, 37.18936], [13.59881, 37.25674], [13.57539, 37.27001], [13.58419, 37.32555], [13.59577, 37.36015], [13.63072, 37.42458], [13.67307, 37.47464], [13.67274, 37.48312], [13.66481, 37.48751], [13.57549, 37.49592], [13.49162, 37.5175], [13.45132, 37.53337], [13.37882, 37.57334], [13.31701, 37.62405], [13.29075, 37.65314], [13.25029, 37.71555], [13.22567, 37.78343], [13.21818, 37.85426], [13.24619, 38.05502], [13.27317, 38.13023], [13.3067, 38.18561], [13.32538, 38.20921], [13.32838, 38.20018], [13.37191, 38.17279], [13.3733, 38.14069], [13.39137, 38.10318], [13.51352, 38.11053], [13.54126, 38.09406], [13.53932, 38.07685]]], [[[14.26212, 40.55398], [14.25471, 40.54638], [14.20834, 40.53796], [14.19599, 40.54117], [14.19886, 40.55856], [14.21921, 40.56054], [14.26212, 40.55398]]], [[[13.93482, 40.70563], [13.91977, 40.70449], [13.89015, 40.69417], [13.84915, 40.71528], [13.85622, 40.73501], [13.87013, 40.74872], [13.86282, 40.76239], [13.88315, 40.76239], [13.9463, 40.74518], [13.9656, 40.73518], [13.96581, 40.71528], [13.94467, 40.70162], [13.93482, 40.70563]]], [[[14.01708, 40.73727], [14.00587, 40.74689], [14.001, 40.74397], [14.0041, 40.76219], [14.01339, 40.7693], [14.03531, 40.75984], [14.02182, 40.75719], [14.02588, 40.75032], [14.01352, 40.74754], [14.01708, 40.73727]]], [[[15.49284, 42.12384], [15.49674, 42.11603], [15.48471, 42.10144], [15.47773, 42.10412], [15.47838, 42.11363], [15.48911, 42.12453], [15.49284, 42.12384]]], [[[11.85133, 46.72856], [12.00094, 46.66002], [12.2691, 46.78857], [12.2844, 46.77999], [12.32605, 46.77249], [12.34269, 46.76513], [12.35147, 46.74325], [12.37039, 46.71116], [12.40501, 46.69012], [12.44563, 46.6787], [12.49989, 46.67214], [12.54733, 46.65219], [12.62019, 46.65648], [12.66959, 46.65302], [12.70659, 46.63775], [12.73987, 46.64299], [12.77357, 46.63519], [12.83041, 46.60964], [13.0645, 46.59804], [13.14646, 46.58496], [13.21002, 46.55801], [13.23111, 46.55217], [13.1662, 46.38193], [13.17135, 46.3657], [13.01738, 46.26605], [13.06418, 46.20203], [13.38469, 46.24333], [13.39813, 46.23051], [13.40164, 46.21666], [13.41012, 46.20798], [13.4374, 46.21093], [13.42283, 46.2286], [13.4683, 46.22343], [13.48226, 46.2179], [13.51016, 46.21398], [13.55905, 46.18411], [13.58447, 46.18132], [13.61393, 46.18354], [13.63739, 46.18039], [13.64504, 46.16173], [13.61641, 46.12504], [13.5051, 46.06603], [13.48226, 46.04484], [13.49032, 46.03895], [13.4928, 46.03249], [13.49001, 46.02556], [13.46179, 46.00639], [13.50944, 45.96743], [13.53941, 45.96903], [13.57166, 45.97983], [13.60587, 45.98541], [13.62282, 45.96639], [13.92909, 46.0374], [14.05251, 45.98637], [14.10055, 45.95073], [14.15317, 45.90507], [14.23544, 45.81392], [14.269, 45.77037], [14.55615, 45.6567], [14.54364, 45.63644], [14.49858, 45.59618], [14.49227, 45.58342], [14.48214, 45.54244], [14.46892, 45.52559], [14.41124, 45.49319], [14.3728, 45.47784], [14.3268, 45.4749], [14.2804, 45.4811], [14.2187, 45.49717], [14.14552, 45.47624], [14.11969, 45.47288], [14.09292, 45.47392], [14.06667, 45.48027], [14.01396, 45.50797], [13.97189, 45.51423], [13.96497, 45.51097], [13.96145, 45.50389], [13.96145, 45.49314], [13.98264, 45.47531], [13.96982, 45.46296], [13.923, 45.44896], [13.889, 45.42364], [13.81986, 45.43263], [13.80653, 45.44214], [13.75929, 45.46317], [13.64292, 45.45943], [13.62151, 45.27644], [13.60298, 45.28379], [13.57912, 45.29884], [13.57547, 45.30646], [13.60955, 45.32014], [13.56179, 45.32637], [13.54128, 45.34614], [13.54055, 45.35675], [13.55494, 45.36107], [13.55494, 45.36734], [13.54316, 45.37617], [13.51337, 45.43622], [13.52076, 45.44302], [13.51565, 45.44814], [13.52076, 45.45726], [13.50453, 45.48406], [13.50149, 45.4986], [13.5071, 45.5119], [13.56861, 45.49079], [13.58953, 45.48884], [13.59596, 45.51813], [13.57863, 45.52339], [13.56864, 45.53924], [13.58961, 45.53579], [13.75294, 45.55288], [13.74236, 45.56977], [13.71194, 45.5934], [13.73016, 45.61309], [13.78688, 45.61115], [13.80812, 45.61432], [13.79558, 45.61701], [13.77711, 45.63544], [13.7393, 45.64911], [13.75766, 45.65497], [13.75367, 45.67231], [13.72625, 45.70376], [13.62892, 45.77261], [13.57423, 45.78962], [13.55128, 45.79243], [13.53443, 45.78205], [13.52418, 45.76008], [13.52833, 45.74055], [13.5549, 45.7372], [13.5184, 45.72484], [13.50781, 45.71443], [13.46925, 45.70686], [13.42798, 45.68115], [13.4017, 45.67545], [13.37676, 45.68317], [13.40919, 45.69131], [13.43141, 45.70686], [13.42262, 45.72407], [13.38169, 45.73006], [13.3694, 45.74462], [13.35182, 45.74031], [13.2549, 45.75606], [13.21551, 45.7788], [13.16944, 45.76874], [13.14967, 45.75154], [13.13982, 45.75487], [13.13136, 45.76887], [13.11931, 45.77196], [13.11085, 45.76765], [13.10817, 45.7582], [13.11183, 45.74885], [13.12288, 45.74462], [13.12288, 45.73722], [13.1006, 45.73623], [13.08058, 45.72761], [13.06959, 45.71369], [13.07504, 45.69684], [13.09148, 45.6892], [13.11166, 45.69135], [13.14964, 45.70374], [13.13802, 45.6894], [13.10304, 45.66901], [13.08496, 45.64192], [13.06055, 45.63667], [12.9817, 45.63483], [12.94386, 45.62857], [12.78039, 45.5534], [12.61194, 45.49626], [12.51271, 45.47044], [12.4878, 45.45674], [12.45143, 45.45043], [12.42362, 45.43805], [12.41033, 45.43623], [12.4358, 45.47492], [12.43094, 45.48403], [12.44728, 45.48432], [12.45144, 45.49824], [12.45818, 45.49824], [12.46697, 45.48558], [12.47193, 45.48591], [12.47869, 45.49079], [12.46503, 45.50445], [12.49732, 45.50673], [12.5066, 45.49824], [12.49293, 45.49824], [12.49293, 45.49079], [12.51515, 45.49274], [12.52151, 45.51898], [12.53048, 45.52558], [12.56251, 45.53164], [12.58172, 45.55288], [12.53728, 45.53583], [12.51065, 45.5589], [12.5066, 45.57331], [12.45851, 45.54833], [12.4419, 45.53034], [12.45143, 45.51191], [12.43491, 45.51236], [12.41773, 45.52359], [12.40357, 45.51813], [12.39674, 45.53925], [12.38412, 45.52302], [12.39039, 45.51398], [12.424, 45.50446], [12.42397, 45.49822], [12.3934, 45.49165], [12.38056, 45.49479], [12.38307, 45.50446], [12.35043, 45.50487], [12.30958, 45.48892], [12.27272, 45.46361], [12.2527, 45.43623], [12.2527, 45.43], [12.25894, 45.43], [12.2461, 45.41132], [12.24855, 45.40253], [12.25894, 45.39521], [12.2492, 45.38548], [12.24528, 45.36108], [12.22381, 45.35395], [12.23217, 45.34056], [12.21631, 45.31623], [12.20873, 45.30907], [12.18755, 45.30647], [12.16293, 45.31623], [12.15447, 45.31346], [12.1491, 45.29218], [12.15983, 45.2831], [12.16879, 45.26215], [12.18068, 45.25804], [12.19166, 45.26288], [12.19939, 45.2746], [12.19746, 45.29962], [12.21728, 45.29384], [12.22485, 45.25117], [12.21111, 45.24299], [12.22485, 45.23069], [12.22136, 45.21625], [12.23048, 45.20425], [12.24732, 45.19693], [12.26637, 45.1966], [12.25898, 45.20282], [12.30727, 45.23068], [12.29802, 45.2154], [12.32104, 45.17235], [12.32845, 45.10102], [12.3073, 45.10786], [12.3073, 45.12836], [12.29737, 45.10635], [12.29672, 45.08857], [12.30665, 45.07856], [12.32846, 45.0799], [12.32106, 45.09357], [12.341, 45.08124], [12.37623, 45.03897], [12.37623, 45.03217], [12.35515, 45.02464], [12.36883, 45.01097], [12.38356, 45.02643], [12.38657, 45.03876], [12.36885, 45.06559], [12.41341, 45.04287], [12.41033, 45.03217], [12.44458, 45.01096], [12.48618, 44.97651], [12.4992, 44.98371], [12.4861, 44.98371], [12.4861, 44.99114], [12.50261, 44.99143], [12.51701, 44.98746], [12.53385, 44.97004], [12.52312, 44.95002], [12.52701, 44.94335], [12.5127, 44.92232], [12.49903, 44.92145], [12.4873, 44.86225], [12.44459, 44.82052], [12.424, 44.85464], [12.43922, 44.87759], [12.44304, 44.89008], [12.43832, 44.90111], [12.42693, 44.90498], [12.40691, 44.8913], [12.3921, 44.86839], [12.39161, 44.85883], [12.41651, 44.85114], [12.40821, 44.83625], [12.39674, 44.83348], [12.39674, 44.82665], [12.424, 44.82049], [12.41592, 44.80315], [12.39795, 44.79378], [12.37567, 44.79223], [12.30299, 44.84292], [12.29233, 44.84325], [12.26637, 44.82665], [12.26637, 44.8205], [12.28002, 44.8205], [12.25359, 44.75129], [12.24659, 44.71161], [12.2527, 44.6684], [12.28577, 44.60292], [12.28004, 44.53189], [12.2837, 44.48762], [12.32106, 44.3537], [12.34199, 44.32973], [12.35027, 44.28815], [12.36883, 44.25068], [12.38998, 44.22272], [12.41717, 44.19546], [12.45801, 44.1664], [12.47877, 44.13935], [12.51092, 44.11457], [12.54737, 44.09345], [12.57422, 44.08559], [12.63136, 44.0301], [12.69158, 43.99063], [12.75611, 43.97187], [12.80396, 43.96685], [12.86215, 43.93537], [12.92887, 43.91583], [12.94728, 43.89761], [13.25327, 43.70319], [13.38981, 43.64459], [13.39967, 43.63565], [13.44662, 43.62371], [13.4734, 43.61201], [13.50441, 43.63275], [13.51611, 43.63173], [13.52101, 43.62271], [13.54321, 43.61322], [13.57887, 43.5729], [13.59791, 43.56952], [13.61556, 43.56048], [13.62451, 43.54719], [13.61695, 43.53132], [13.76026, 43.26374], [13.78027, 43.23652], [13.79078, 43.19208], [13.83487, 43.1271], [13.8487, 43.09145], [13.86541, 43.00731], [13.94467, 42.79828], [14.00123, 42.69843], [14.06323, 42.62482], [14.07537, 42.59882], [14.22055, 42.47016], [14.28419, 42.42829], [14.38737, 42.37294], [14.42905, 42.32172], [14.56023, 42.22565], [14.59588, 42.20856], [14.65349, 42.19107], [14.69369, 42.18536], [14.70923, 42.17548], [14.71704, 42.16006], [14.7295, 42.09911], [14.74073, 42.08462], [14.78041, 42.07513], [14.83546, 42.04413], [14.8711, 42.03181], [14.95156, 42.02112], [14.99365, 42.01064], [15.04518, 41.96898], [15.06316, 41.96429], [15.12338, 41.93427], [15.16538, 41.9278], [15.28175, 41.92803], [15.40056, 41.90778], [15.44606, 41.90693], [15.61134, 41.92803], [15.77443, 41.92121], [16.02711, 41.94407], [16.14046, 41.9199], [16.1609, 41.89265], [16.17919, 41.89329], [16.17604, 41.87739], [16.19304, 41.80854], [16.19287, 41.79092], [16.18446, 41.77977], [16.14575, 41.74886], [16.10719, 41.73762], [16.06315, 41.70149], [16.02751, 41.67993], [15.9253, 41.64004], [15.90008, 41.61465], [15.89137, 41.57685], [15.89633, 41.53644], [15.91179, 41.50288], [15.9336, 41.47944], [15.96111, 41.45946], [16.02166, 41.4278], [16.08513, 41.41266], [16.11411, 41.39289], [16.30127, 41.32793], [16.4603, 41.26264], [16.52067, 41.25014], [16.59392, 41.20698], [16.83031, 41.14638], [16.85141, 41.13296], [16.85817, 41.13296], [16.85816, 41.14035], [16.86442, 41.14036], [16.88527, 41.12397], [17.05739, 41.08175], [17.2028, 41.02112], [17.2762, 40.98031], [17.31006, 40.95477], [17.34791, 40.9121], [17.37769, 40.90228], [17.4134, 40.8812], [17.47608, 40.83015], [17.51221, 40.82029], [17.54835, 40.80195], [17.63453, 40.78497], [17.74837, 40.74761], [17.84392, 40.69416], [17.92188, 40.683], [17.95557, 40.67057], [17.95493, 40.64692], [17.99195, 40.65313], [18.007, 40.65069], [18.0158, 40.62519], [18.04321, 40.60199], [18.03745, 40.55695], [18.11997, 40.50458], [18.21168, 40.46475], [18.23828, 40.45766], [18.2588, 40.43065], [18.30322, 40.39988], [18.34376, 40.35163], [18.37044, 40.33868], [18.43707, 40.2681], [18.50001, 40.15249], [18.51611, 40.13922], [18.51108, 40.12759], [18.51611, 40.10448], [18.49187, 40.08466], [18.48356, 40.05517], [18.43409, 40.02253], [18.41139, 39.97883], [18.39259, 39.91608], [18.40007, 39.87882], [18.38648, 39.82534], [18.38916, 39.81709], [18.36833, 39.79663], [18.34653, 39.79806], [18.33042, 39.80342], [18.28207, 39.8332], [18.26564, 39.83759], [18.21128, 39.83935], [18.16189, 39.86055], [18.13063, 39.88349], [18.07155, 39.91153], [17.99539, 39.99527], [17.99539, 40.00266], [18.01108, 40.00336], [18.02027, 40.0102], [18.02215, 40.02167], [18.0158, 40.0362], [18.00514, 40.04487], [17.96748, 40.05732], [18.00294, 40.07445], [18.011, 40.09602], [17.99724, 40.12043], [17.92605, 40.17626], [17.91962, 40.19074], [17.917, 40.22687], [17.91114, 40.2403], [17.89969, 40.24909], [17.91277, 40.24909], [17.91277, 40.25532], [17.86313, 40.28563], [17.84767, 40.29003], [17.51175, 40.30376], [17.49391, 40.30745], [17.44044, 40.331], [17.39943, 40.33101], [17.36818, 40.35151], [17.21291, 40.4062], [17.20023, 40.42039], [17.22348, 40.42841], [17.24301, 40.44139], [17.24789, 40.45734], [17.22758, 40.47444], [17.24741, 40.48028], [17.29575, 40.47321], [17.31625, 40.48188], [17.32325, 40.49848], [17.30405, 40.49946], [17.26175, 40.48872], [17.26857, 40.49616], [17.24741, 40.50283], [17.18995, 40.48189], [17.18182, 40.4853], [17.16619, 40.50918], [17.15602, 40.5124], [17.04957, 40.51911], [16.97609, 40.49262], [16.91212, 40.44522], [16.78272, 40.30158], [16.7614, 40.2696], [16.73071, 40.20068], [16.71599, 40.19359], [16.67944, 40.14607], [16.62452, 40.10798], [16.60475, 40.08446], [16.59693, 40.04678], [16.59938, 40.03413], [16.63159, 39.96621], [16.60548, 39.94294], [16.58919, 39.91983], [16.54225, 39.8854], [16.49171, 39.80549], [16.48976, 39.77521], [16.50213, 39.74706], [16.52856, 39.7215], [16.51564, 39.6896], [16.54591, 39.66087], [16.59148, 39.63679], [16.62485, 39.62531], [16.74976, 39.62001], [16.78248, 39.61163], [16.81626, 39.59088], [16.8462, 39.55268], [16.906, 39.52972], [16.95297, 39.49921], [16.99537, 39.49273], [17.01148, 39.48614], [17.05714, 39.44164], [17.08855, 39.42259], [17.1242, 39.409], [17.15868, 39.40619], [17.12224, 39.33832], [17.11492, 39.28278], [17.11769, 39.25601], [17.14567, 39.21068], [17.12224, 39.12104], [17.12452, 39.09089], [17.15846, 39.04047], [17.20636, 39.02948], [17.17661, 39.01211], [17.17237, 39.00519], [17.17236, 38.96052], [17.1277, 38.92878], [17.10402, 38.8991], [17.09498, 38.91913], [17.07057, 38.9228], [17.04225, 38.91625], [17.02199, 38.90596], [16.99635, 38.92951], [16.98129, 38.9372], [16.93507, 38.93871], [16.83855, 38.9182], [16.72779, 38.87885], [16.68776, 38.85586], [16.67074, 38.84065], [16.61061, 38.81655], [16.58562, 38.79784], [16.57439, 38.78506], [16.56372, 38.75675], [16.53883, 38.72333], [16.53484, 38.6999], [16.54907, 38.68992], [16.55885, 38.59602], [16.57698, 38.52855], [16.56947, 38.42932], [16.56136, 38.41633], [16.50814, 38.37154], [16.49757, 38.36929], [16.46705, 38.34871], [16.43507, 38.33999], [16.33985, 38.30085], [16.30633, 38.27709], [16.16944, 38.14321], [16.15187, 38.11083], [16.12554, 38.00501], [16.11093, 37.97379], [16.09001, 37.94921], [16.06316, 37.93269], [16.00099, 37.91902], [15.94215, 37.93309], [15.76149, 37.92525], [15.73488, 37.93098], [15.68442, 37.95352], [15.66579, 37.96687], [15.64553, 37.98835], [15.63512, 38.0091], [15.63837, 38.02773], [15.65846, 38.04255], [15.62414, 38.09188], [15.62741, 38.10716], [15.6478, 38.14313], [15.63284, 38.22028], [15.65057, 38.24103], [15.6846, 38.2532], [15.78647, 38.27802], [15.81398, 38.30399], [15.82978, 38.35102], [15.86829, 38.4142], [15.90756, 38.45301], [16.0373, 38.62285], [16.08444, 38.72437], [16.12086, 38.72093], [16.136, 38.72382], [16.17921, 38.74828], [16.20094, 38.77644], [16.2151, 38.81415], [16.22061, 38.88516], [16.29607, 38.95509], [16.35981, 38.99765], [16.39152, 39.04032], [16.40086, 39.11084], [16.42304, 39.18228], [16.44032, 39.21543], [16.48119, 39.27114], [16.46944, 39.34794], [16.31768, 39.46564], [16.2555, 39.5231], [16.20925, 39.57514], [16.07469, 39.5339], [15.98468, 39.52277], [15.92052, 39.52359], [15.87624, 39.55147], [15.86753, 39.56391], [15.8366, 39.65266], [15.80642, 39.6955], [15.78875, 39.79662], [15.78875, 39.7904], [15.78395, 39.81], [15.76972, 39.83015], [15.78191, 39.8686], [15.77442, 39.8911], [15.74156, 39.9296], [15.72804, 39.96418], [15.6789, 40.00886], [15.65162, 40.04365], [15.63039, 40.05769], [15.62428, 40.07779], [15.6102, 40.0732], [15.53492, 40.07779], [15.51313, 40.06768], [15.4953, 40.04673], [15.45981, 40.02936], [15.42959, 39.9998], [15.4101, 39.99398], [15.36095, 39.99891], [15.34317, 40.00416], [15.3143, 40.03376], [15.30275, 40.0362], [15.28305, 40.02986], [15.26125, 40.02937], [15.26125, 40.0362], [15.27915, 40.04768], [15.26344, 40.07372], [15.2339, 40.1], [15.18996, 40.11913], [15.12721, 40.16962], [15.1128, 40.17479], [15.06568, 40.16658], [15.04722, 40.16894], [15.03493, 40.17537], [15.0228, 40.19563], [15.00312, 40.21026], [14.97591, 40.21932], [14.95709, 40.23155], [14.93814, 40.22785], [14.91116, 40.24165], [14.90693, 40.25861], [14.9319, 40.28555], [14.93914, 40.30707], [14.9324, 40.33372], [14.99449, 40.35843], [15.00043, 40.36883], [14.99827, 40.39756], [14.88884, 40.57306], [14.83546, 40.63264], [14.78199, 40.66987], [14.75221, 40.6767], [14.71998, 40.66682], [14.69015, 40.64906], [14.62574, 40.64908], [14.61329, 40.6459], [14.57129, 40.61775], [14.54448, 40.61364], [14.51638, 40.61987], [14.48658, 40.63264], [14.47136, 40.62467], [14.42205, 40.61555], [14.40153, 40.60213], [14.3558, 40.58364], [14.34262, 40.57064], [14.32983, 40.58466], [14.32799, 40.60541], [14.33775, 40.62441], [14.38738, 40.63695], [14.44422, 40.68598], [14.47637, 40.6951], [14.47975, 40.71149], [14.47413, 40.72968], [14.44264, 40.75507], [14.42129, 40.75094], [14.39444, 40.76157], [14.2942, 40.83877], [14.24838, 40.83771], [14.22364, 40.83137], [14.20316, 40.80121], [14.18221, 40.80093], [14.1656, 40.81575], [14.13524, 40.81857], [14.09596, 40.83381], [14.08253, 40.83128], [14.07618, 40.82221], [14.08251, 40.78353], [14.04771, 40.7896], [14.04117, 40.79649], [14.05226, 40.83759], [14.04446, 40.87421], [14.02134, 40.92183], [13.96534, 40.99641], [13.91799, 41.02367], [13.91065, 41.06464], [13.85173, 41.14732], [13.79049, 41.20586], [13.72185, 41.25239], [13.70851, 41.25641], [13.66335, 41.25069], [13.65659, 41.25959], [13.59441, 41.25312], [13.56365, 41.23798], [13.57543, 41.20808], [13.54396, 41.20662], [13.53423, 41.20824], [13.51442, 41.22968], [13.50711, 41.22176], [13.49969, 41.22176], [13.48024, 41.23916], [13.32439, 41.29483], [13.28582, 41.29572], [13.18702, 41.27802], [13.15121, 41.26021], [13.11451, 41.25088], [13.0905, 41.22656], [13.06821, 41.22176], [13.04462, 41.22753], [13.02369, 41.27359], [12.9795, 41.331], [12.92384, 41.37979], [12.89356, 41.39932], [12.84156, 41.4184], [12.74855, 41.42374], [12.67856, 41.45795], [12.65398, 41.46564], [12.63526, 41.44751], [12.61921, 41.45934], [12.54558, 41.54413], [12.44801, 41.63076], [12.32716, 41.71137], [12.30064, 41.71744], [12.285, 41.7272], [12.23903, 41.73628], [12.2235, 41.75069], [12.2152, 41.76814], [12.20623, 41.82734], [12.17018, 41.87958], [12.14747, 41.90347], [12.03884, 41.96516], [12.02036, 41.99307], [11.9822, 41.99975], [11.95265, 42.02228], [11.91684, 42.03791], [11.82749, 42.03418], [11.80942, 42.06635], [11.75018, 42.12792], [11.73618, 42.16889], [11.68214, 42.25214], [11.65821, 42.27936], [11.53907, 42.34886], [11.48898, 42.35948], [11.39618, 42.39298], [11.39617, 42.40038], [11.37664, 42.40689], [11.35467, 42.40721], [11.36206, 42.40039], [11.33302, 42.40059], [11.25904, 42.42084], [11.21127, 42.41889], [11.20092, 42.39546], [11.18629, 42.3793], [11.18384, 42.36629], [11.16472, 42.36933], [11.15593, 42.36629], [11.13453, 42.38418], [11.10663, 42.39127], [11.08677, 42.41836], [11.08695, 42.42945], [11.09897, 42.44268], [11.11302, 42.44635], [11.14182, 42.4388], [11.16419, 42.43983], [11.17969, 42.4565], [11.18845, 42.48027], [11.18686, 42.52082], [11.16605, 42.54622], [11.15846, 42.56403], [11.12868, 42.55806], [11.09742, 42.60688], [11.08092, 42.61271], [11.07781, 42.63223], [11.00572, 42.66792], [10.99, 42.71027], [10.94361, 42.74299], [10.89088, 42.7639], [10.73132, 42.80443], [10.75538, 42.81916], [10.7649, 42.83527], [10.76565, 42.8771], [10.77768, 42.89472], [10.76352, 42.91828], [10.68141, 42.94904], [10.6325, 42.95848], [10.58326, 42.9597], [10.53907, 42.94912], [10.54654, 42.93476], [10.51857, 42.92529], [10.49954, 42.9405], [10.49426, 42.95845], [10.52294, 43.02581], [10.5442, 43.058], [10.59814, 43.11593], [10.63131, 43.14218], [10.70603, 43.18607], [10.74825, 43.20411], [10.83566, 43.2299], [10.84128, 43.24033], [10.76833, 43.31878], [10.73786, 43.34105], [10.64666, 43.31027], [10.60062, 43.29942], [10.50324, 43.28774], [10.43702, 43.38858], [10.37338, 43.45319], [10.35914, 43.46528], [10.32636, 43.47688], [10.31734, 43.49243], [10.29474, 43.56882], [10.26401, 43.80939], [10.25164, 43.84662], [10.21013, 43.92023], [10.18068, 43.95527], [10.1365, 43.97871], [10.1058, 44.01675], [10.09059, 44.02538], [10.07204, 44.02954], [10.03533, 44.04784], [9.98854, 44.05976], [9.98071, 44.04988], [9.96274, 44.04468], [9.88795, 44.093], [9.8768, 44.08785], [9.84474, 44.10863], [9.82643, 44.10725], [9.83325, 44.09985], [9.81959, 44.093], [9.83058, 44.07884], [9.84749, 44.07249], [9.84749, 44.06632], [9.83326, 44.05207], [9.84634, 44.04629], [9.84253, 44.04117], [9.8323, 44.04231], [9.81983, 44.06338], [9.77183, 44.07942], [9.68263, 44.13654], [9.62111, 44.14827], [9.57994, 44.17895], [9.57301, 44.1916], [9.49904, 44.22184], [9.48439, 44.24384], [9.45418, 44.23773], [9.43679, 44.2395], [9.42237, 44.25678], [9.37453, 44.2718], [9.36769, 44.29442], [9.26308, 44.33626], [9.23064, 44.3537], [9.21371, 44.33344], [9.21069, 44.30534], [9.16506, 44.31831], [9.14667, 44.32856], [9.14861, 44.34003], [9.13006, 44.36335], [9.10206, 44.37397], [9.00123, 44.38728], [8.92368, 44.41157], [8.86873, 44.40973], [8.84567, 44.41343], [8.827, 44.42845], [8.76238, 44.43212], [8.73715, 44.42878], [8.67855, 44.39469], [8.65512, 44.39468], [8.59376, 44.36275], [8.56479, 44.35716], [8.54029, 44.34004], [8.46608, 44.30427], [8.44451, 44.28388], [8.4497, 44.26435], [8.43538, 44.24043], [8.41188, 44.22704], [8.4065, 44.21503], [8.40834, 44.19805], [8.32094, 44.23266], [8.24586, 44.27813], [8.18444, 44.33321], [8.13074, 44.40264], [7.9069, 44.34497], [7.39799, 44.43102], [7.24403, 44.54253], [7.20145, 44.68108], [7.2914, 44.79951], [7.40529, 44.8272], [7.41229, 44.83313], [7.41151, 44.84154], [7.29319, 44.94906], [7.2704, 44.95275], [7.00079, 44.83298], [6.98281, 44.84698], [6.93268, 44.86166], [6.91532, 44.86269], [6.86602, 44.85566], [6.84711, 44.85907], [6.77817, 44.88765], [6.74541, 44.9078], [6.72794, 44.92873], [6.7299, 44.9847], [6.7235, 45.01338], [6.69725, 45.02692], [6.66221, 45.02924], [6.65167, 45.03565], [6.63968, 45.05038], [6.63658, 45.07446], [6.6203, 45.08443], [6.60273, 45.10345], [6.61461, 45.11477], [6.6327, 45.12552], [6.66738, 45.13962], [6.70221, 45.14122], [6.73642, 45.15735], [6.77145, 45.15316], [6.80814, 45.13911], [6.84411, 45.13012], [6.87667, 45.14122], [6.87863, 45.14743], [6.86819, 45.15745], [6.87346, 45.16593], [6.91377, 45.17016], [6.92845, 45.17957], [6.94581, 45.20107], [6.95873, 45.2098], [6.99449, 45.22132], [7.02973, 45.2282], [7.05547, 45.21368], [7.0812, 45.24308], [7.10838, 45.2592], [7.10838, 45.27491], [7.09763, 45.29496], [7.09257, 45.32395], [7.13009, 45.35708], [7.15965, 45.39847], [7.16068, 45.41092], [7.09681, 45.43542], [7.072, 45.47004], [7.02849, 45.49314], [6.98281, 45.51112], [6.97526, 45.52565], [6.96979, 45.56699], [6.9549, 45.58621], [6.95294, 45.59427], [6.96948, 45.62585], [6.96338, 45.64073], [6.95108, 45.64678], [6.91863, 45.65256], [6.88256, 45.67551], [6.84307, 45.68274], [6.8161, 45.69685], [6.79595, 45.71814], [6.78468, 45.75959], [6.78272, 45.79529], [6.78809, 45.81173], [6.8008, 45.82646], [6.84336, 45.83864], [6.85856, 45.83346], [6.86444, 45.82689], [6.87066, 45.82827], [6.87346, 45.8448], [6.90509, 45.84537], [6.94901, 45.85782], [6.96917, 45.86976], [6.98281, 45.88578], [6.99717, 45.91131], [7.00519, 45.9183], [7.02666, 45.92169], [7.06694, 45.89022], [7.09019, 45.88051], [7.12089, 45.87612], [7.15355, 45.87653], [7.18373, 45.88046], [7.28667, 45.91343], [7.3618, 45.90784], [7.39384, 45.9157], [7.45296, 45.94588], [7.48273, 45.95487], [7.50371, 45.95673], [7.52438, 45.97807], [7.54112, 45.98412], [7.64303, 45.96634], [7.67372, 45.95032], [7.69398, 45.92867], [7.70628, 45.92573], [7.73201, 45.93038], [7.78007, 45.91813], [7.80756, 45.91849], [7.83123, 45.91446], [7.84374, 45.91921], [7.84962, 45.93971], [7.8702, 45.94037], [7.87292, 45.95938], [7.88378, 45.97387], [7.8982, 45.98195], [7.97872, 45.99518], [7.99835, 46.01063], [8.01065, 46.0297], [8.0182, 46.08086], [8.02533, 46.09114], [8.03535, 46.09652], [8.06688, 46.1006], [8.1106, 46.12695], [8.1323, 46.15935], [8.12951, 46.19604], [8.09995, 46.23563], [8.07308, 46.25361], [8.07731, 46.26204], [8.10687, 46.28555], [8.12848, 46.29247], [8.17188, 46.29919], [8.19255, 46.30916], [8.24175, 46.35412], [8.27007, 46.36404], [8.29146, 46.37836], [8.29746, 46.38751], [8.29704, 46.39763], [8.2866, 46.40536], [8.29498, 46.41805], [8.31627, 46.43365], [8.34345, 46.44388], [8.39916, 46.45218], [8.42789, 46.44869], [8.44163, 46.43494], [8.44577, 46.41236], [8.44628, 46.38218], [8.44287, 46.35337], [8.42665, 46.30157], [8.42324, 46.27583], [8.42717, 46.25144], [8.43812, 46.23537], [8.45652, 46.22483], [8.51026, 46.20788], [8.53868, 46.18762], [8.60183, 46.12282], [8.63087, 46.11471], [8.67749, 46.09579], [8.69506, 46.09517], [8.72389, 46.10954], [8.73216, 46.10742], [8.7395, 46.09807], [8.74715, 46.09445], [8.79386, 46.09342], [8.80895, 46.08975], [8.83437, 46.06639], [8.8196, 46.04293], [8.79097, 46.01869], [8.76792, 45.98309], [8.80037, 45.97854], [8.85773, 45.95709], [8.87096, 45.94707], [8.89814, 45.90955], [8.9121, 45.8834], [8.91375, 45.86609], [8.9, 45.8264], [8.93959, 45.83483], [8.97235, 45.82465], [9.00243, 45.82072], [9.03436, 45.84811], [9.05927, 45.88196], [9.06309, 45.89896], [9.05173, 45.91554], [9.0108, 45.92666], [9.0017, 45.93606], [8.99344, 45.95425], [8.98052, 45.96438], [8.98269, 45.97197], [9.01555, 45.99311], [8.99778, 46.02794], [9.00212, 46.03931], [9.02775, 46.05311], [9.05917, 46.06179], [9.06713, 46.07114], [9.07033, 46.08344], [9.06816, 46.10597], [9.07209, 46.11889], [9.09059, 46.13817], [9.16324, 46.17227], [9.18133, 46.20405], [9.20417, 46.21356], [9.22484, 46.23118], [9.23972, 46.267], [9.26897, 46.30937], [9.27518, 46.33138], [9.27383, 46.34425], [9.2604, 46.37973], [9.26288, 46.40663], [9.26091, 46.41665], [9.24758, 46.42303], [9.23797, 46.43655], [9.24582, 46.46104], [9.26319, 46.48512], [9.28231, 46.49737], [9.33099, 46.5015], [9.35083, 46.49786], [9.35155, 46.48548], [9.38463, 46.46642], [9.39548, 46.46941], [9.41067, 46.48889], [9.43465, 46.49833], [9.43785, 46.49205], [9.44436, 46.37528], [9.4826, 46.35681], [9.50255, 46.32074], [9.51526, 46.3086], [9.53645, 46.29862], [9.55971, 46.29273], [9.67432, 46.2918], [9.69313, 46.29707], [9.70843, 46.31175], [9.70926, 46.34239], [9.72011, 46.35089], [9.73086, 46.35071], [9.75525, 46.34053], [9.76806, 46.33862], [9.8554, 46.36696], [9.89901, 46.37216], [9.91844, 46.37115], [9.93901, 46.36745], [9.96402, 46.35609], [9.97064, 46.33981], [9.97105, 46.32002], [9.97756, 46.2981], [9.99224, 46.28436], [10.03172, 46.26007], [10.04185, 46.24307], [10.04267, 46.22049], [10.07575, 46.22002], [10.11791, 46.23113], [10.14582, 46.24333], [10.15894, 46.26245], [10.14613, 46.28028], [10.10489, 46.30937], [10.09177, 46.32896], [10.09745, 46.35164], [10.10499, 46.36136], [10.13321, 46.3811], [10.14076, 46.4029], [10.13342, 46.41402], [10.04205, 46.43272], [10.02634, 46.44626], [10.04402, 46.46698], [10.03534, 46.47107], [10.0281, 46.48393], [10.02686, 46.49318], [10.0312, 46.50383], [10.03275, 46.53298], [10.0712, 46.56439], [10.08784, 46.60439], [10.13982, 46.61645], [10.09738, 46.73301], [10.09487, 46.8003], [10.30451, 46.78671], [10.42484, 46.71754], [10.5766, 46.70981], [10.72294, 46.78645], [10.75478, 46.79076], [10.79508, 46.77689], [10.83415, 46.78025], [10.87043, 46.76407], [10.93089, 46.77399], [10.98267, 46.76774], [10.99693, 46.76911], [11.01088, 46.77921], [11.03331, 46.80557], [11.05284, 46.81492], [11.05429, 46.83415], [11.0731, 46.86497], [11.08364, 46.90014], [11.09191, 46.91244], [11.15661, 46.95652], [11.17449, 46.96385], [11.24374, 46.97925], [11.31381, 46.98726], [11.34947, 46.98194], [11.38058, 46.97155], [11.41117, 46.97049], [11.45292, 47.00088], [11.47184, 47.00708], [11.48941, 47.00421], [11.50698, 46.993], [11.52444, 46.98835], [11.57271, 46.99892], [11.59648, 47.00044], [11.64971, 46.993], [11.68381, 46.99191], [11.71616, 46.97548], [11.73487, 46.97062], [11.74644, 46.97246], [11.85133, 46.72856]], [[16.56337, 39.26745], [16.52666, 39.27295], [16.51748, 39.26388], [16.5257, 39.21485], [16.53088, 39.20922], [16.5418, 39.20869], [16.60721, 39.2337], [16.60561, 39.24456], [16.56337, 39.26745]]]]}}, {"type": "Feature", "properties": {"name": "이탈리아", "name_en": "Italy", "period": "1993년 가입", "kind": "국가", "legend": "1993 마스트리흐트 조약으로 유럽 연합 창설(12개국)", "accession_year": 1993, "map_title": "유럽 연합 회원국(2023년 기준)", "source": "미래엔 세계사 교과서 4권 206쪽", "volume": 4, "page": 206, "geometry_source": "Natural Earth 10m 국가 경계", "group": "이탈리아", "map_folder": "4권_p206_유럽 연합 회원국(2023년 기준)"}, "geometry": {"type": "MultiPolygon", "coordinates": [[[[7.06694, 45.89022], [7.09019, 45.88051], [7.12089, 45.87612], [7.15355, 45.87653], [7.18373, 45.88046], [7.28667, 45.91343], [7.3618, 45.90785], [7.39384, 45.9157], [7.45296, 45.94588], [7.48273, 45.95487], [7.50371, 45.95673], [7.52438, 45.97807], [7.54112, 45.98412], [7.64303, 45.96634], [7.67372, 45.95032], [7.69398, 45.92867], [7.70628, 45.92572], [7.73201, 45.93038], [7.78007, 45.91813], [7.80756, 45.91849], [7.83123, 45.91446], [7.84374, 45.91921], [7.84962, 45.93971], [7.8702, 45.94037], [7.87292, 45.95938], [7.88378, 45.97387], [7.8982, 45.98195], [7.97872, 45.99518], [7.99835, 46.01063], [8.01065, 46.0297], [8.0182, 46.08086], [8.02533, 46.09114], [8.03535, 46.09652], [8.06688, 46.1006], [8.11059, 46.12695], [8.1323, 46.15935], [8.12951, 46.19604], [8.09995, 46.23563], [8.07308, 46.25361], [8.08734, 46.2718], [8.10687, 46.28555], [8.12847, 46.29247], [8.17188, 46.29919], [8.19255, 46.30916], [8.24175, 46.35412], [8.28154, 46.37012], [8.29746, 46.38751], [8.29704, 46.39763], [8.2866, 46.40536], [8.29498, 46.41805], [8.31627, 46.43365], [8.34345, 46.44389], [8.39916, 46.45218], [8.42789, 46.44869], [8.44163, 46.43494], [8.44577, 46.41236], [8.44287, 46.35337], [8.42665, 46.30157], [8.42324, 46.27583], [8.42717, 46.25144], [8.43812, 46.23537], [8.45652, 46.22483], [8.51026, 46.20788], [8.53868, 46.18762], [8.60183, 46.12282], [8.63087, 46.11471], [8.67749, 46.09579], [8.69505, 46.09517], [8.72389, 46.10954], [8.73216, 46.10742], [8.7395, 46.09807], [8.74714, 46.09445], [8.79386, 46.09342], [8.80895, 46.08975], [8.83437, 46.06639], [8.8196, 46.04293], [8.79097, 46.01869], [8.76792, 45.98309], [8.80037, 45.97854], [8.85773, 45.95709], [8.87096, 45.94707], [8.89814, 45.90955], [8.9121, 45.8834], [8.91375, 45.86609], [8.9, 45.8264], [8.93959, 45.83483], [8.97235, 45.82465], [9.00243, 45.82072], [9.03436, 45.84811], [9.05927, 45.88195], [9.0631, 45.89896], [9.05173, 45.91555], [9.0108, 45.92665], [9.0017, 45.93606], [8.99343, 45.95425], [8.98052, 45.96438], [8.98269, 45.97198], [9.01555, 45.99311], [8.99778, 46.02794], [9.00212, 46.03931], [9.02775, 46.05311], [9.05917, 46.06179], [9.06713, 46.07114], [9.07033, 46.08344], [9.06816, 46.10597], [9.07209, 46.11889], [9.09059, 46.13817], [9.16324, 46.17227], [9.18133, 46.20405], [9.20417, 46.21356], [9.22484, 46.23118], [9.23972, 46.267], [9.26897, 46.30937], [9.27518, 46.33138], [9.27383, 46.34425], [9.2604, 46.37973], [9.26288, 46.40663], [9.26091, 46.41665], [9.24758, 46.42303], [9.23797, 46.43655], [9.24582, 46.46104], [9.26319, 46.48512], [9.28231, 46.49737], [9.33099, 46.5015], [9.35083, 46.49786], [9.35155, 46.48548], [9.38463, 46.46642], [9.39548, 46.46941], [9.41067, 46.48889], [9.43465, 46.49833], [9.43785, 46.49205], [9.44436, 46.37528], [9.4826, 46.35681], [9.50255, 46.32074], [9.51526, 46.3086], [9.53645, 46.29862], [9.5597, 46.29273], [9.67432, 46.2918], [9.69313, 46.29707], [9.70843, 46.31175], [9.70926, 46.34239], [9.72011, 46.35089], [9.73086, 46.35071], [9.75525, 46.34053], [9.76806, 46.33862], [9.8554, 46.36696], [9.89901, 46.37216], [9.91844, 46.37115], [9.93901, 46.36745], [9.96402, 46.35609], [9.97064, 46.33981], [9.97105, 46.32002], [9.97756, 46.2981], [9.99224, 46.28436], [10.03172, 46.26007], [10.04185, 46.24307], [10.04267, 46.22049], [10.07575, 46.22002], [10.11791, 46.23113], [10.14582, 46.24333], [10.15894, 46.26245], [10.14613, 46.28028], [10.10489, 46.30937], [10.09177, 46.32896], [10.09745, 46.35164], [10.105, 46.36136], [10.13321, 46.3811], [10.14076, 46.4029], [10.13342, 46.41402], [10.04205, 46.43272], [10.02634, 46.44626], [10.04402, 46.46698], [10.03533, 46.47107], [10.0281, 46.48393], [10.02686, 46.49318], [10.0312, 46.50383], [10.03275, 46.53298], [10.0712, 46.56439], [10.08784, 46.60439], [10.19212, 46.62682], [10.21786, 46.62697], [10.23377, 46.61798], [10.23574, 46.60669], [10.23026, 46.58615], [10.2347, 46.5753], [10.27594, 46.56553], [10.29537, 46.55109], [10.31945, 46.54605], [10.35428, 46.54832], [10.42591, 46.53533], [10.44399, 46.53773], [10.45795, 46.5537], [10.4659, 46.57848], [10.46663, 46.60429], [10.45908, 46.62356], [10.4382, 46.63566], [10.39562, 46.63881], [10.37754, 46.65328], [10.36917, 46.6724], [10.37392, 46.68191], [10.38477, 46.68901], [10.39438, 46.70082], [10.39562, 46.7264], [10.39965, 46.73555], [10.4166, 46.74301], [10.4287, 46.75565], [10.42622, 46.76942], [10.41909, 46.78397], [10.41722, 46.79885], [10.44492, 46.82324], [10.45381, 46.86443], [10.48626, 46.84637], [10.52771, 46.84321], [10.64708, 46.86376], [10.66248, 46.86097], [10.73896, 46.82955], [10.74868, 46.81944], [10.74382, 46.81252], [10.71695, 46.79521], [10.72294, 46.78645], [10.75478, 46.79076], [10.79508, 46.77689], [10.83415, 46.78025], [10.87043, 46.76407], [10.93089, 46.77399], [10.98267, 46.76774], [10.99693, 46.76911], [11.01088, 46.77921], [11.03331, 46.80557], [11.05284, 46.81492], [11.05429, 46.83414], [11.0731, 46.86497], [11.08364, 46.90014], [11.09191, 46.91244], [11.15661, 46.95652], [11.17449, 46.96385], [11.24374, 46.97925], [11.31381, 46.98726], [11.34947, 46.98194], [11.38058, 46.97155], [11.41117, 46.97049], [11.45292, 47.00088], [11.47184, 47.00708], [11.48941, 47.00421], [11.50698, 46.993], [11.52444, 46.98835], [11.57271, 46.99891], [11.59648, 47.00044], [11.64971, 46.993], [11.68381, 46.99191], [11.71616, 46.97548], [11.73487, 46.97062], [11.74644, 46.97246], [11.77714, 46.9883], [11.82251, 46.99326], [11.85703, 47.01201], [11.89951, 47.02772], [11.94364, 47.03816], [12.01496, 47.04049], [12.11624, 47.07656], [12.18063, 47.08521], [12.2042, 47.07969], [12.20358, 47.05333], [12.18228, 47.03362], [12.12172, 47.01052], [12.11118, 46.993], [12.11779, 46.98308], [12.12823, 46.94858], [12.14167, 46.92799], [12.14156, 46.91884], [12.12689, 46.90887], [12.17216, 46.89918], [12.1951, 46.88009], [12.20874, 46.87662], [12.25081, 46.87562], [12.26662, 46.86815], [12.27582, 46.84629], [12.27613, 46.83399], [12.26693, 46.80826], [12.2691, 46.78857], [12.2844, 46.77999], [12.32605, 46.77249], [12.34269, 46.76513], [12.35147, 46.74325], [12.37039, 46.71115], [12.40501, 46.69012], [12.44563, 46.6787], [12.49989, 46.67214], [12.54733, 46.65219], [12.62019, 46.65648], [12.66959, 46.65302], [12.70659, 46.63775], [12.73987, 46.64299], [12.77357, 46.63519], [12.83041, 46.60964], [13.0645, 46.59804], [13.14646, 46.58496], [13.21002, 46.55801], [13.23111, 46.55217], [13.27142, 46.55078], [13.37332, 46.56579], [13.41704, 46.56049], [13.47802, 46.56357], [13.50675, 46.54693], [13.54923, 46.54584], [13.67026, 46.51871], [13.70095, 46.51975], [13.69919, 46.50484], [13.68989, 46.49334], [13.68845, 46.46776], [13.67749, 46.45208], [13.65878, 46.44512], [13.60018, 46.44264], [13.57569, 46.42668], [13.5544, 46.40595], [13.53001, 46.38833], [13.45973, 46.35903], [13.43409, 46.35386], [13.42324, 46.34485], [13.39131, 46.30157], [13.36526, 46.2903], [13.37859, 46.26839], [13.38469, 46.24333], [13.39813, 46.23051], [13.40164, 46.21666], [13.41012, 46.20798], [13.4374, 46.21093], [13.42283, 46.2286], [13.4683, 46.22343], [13.48226, 46.2179], [13.51016, 46.21398], [13.52897, 46.20483], [13.55905, 46.18411], [13.58447, 46.18132], [13.61393, 46.18354], [13.63739, 46.18039], [13.64504, 46.16173], [13.61641, 46.12504], [13.5051, 46.06603], [13.48226, 46.04484], [13.49032, 46.03895], [13.4928, 46.03249], [13.49001, 46.02556], [13.46179, 46.00639], [13.50944, 45.96743], [13.53941, 45.96903], [13.57166, 45.97983], [13.60587, 45.98541], [13.62282, 45.96639], [13.60824, 45.92655], [13.56928, 45.86454], [13.56597, 45.83033], [13.58127, 45.80925], [13.60917, 45.7986], [13.66033, 45.79204], [13.70948, 45.76532], [13.77872, 45.74341], [13.85841, 45.64936], [13.86916, 45.64114], [13.89314, 45.63468], [13.89469, 45.63184], [13.88704, 45.61877], [13.84776, 45.58466], [13.80053, 45.58125], [13.76105, 45.59624], [13.71176, 45.59321], [13.73015, 45.6131], [13.78688, 45.61115], [13.80812, 45.61433], [13.79558, 45.61701], [13.77711, 45.63544], [13.73927, 45.64912], [13.75766, 45.65498], [13.75367, 45.67231], [13.72625, 45.70376], [13.62892, 45.77261], [13.57423, 45.78962], [13.55128, 45.79243], [13.53443, 45.78205], [13.52418, 45.76008], [13.52833, 45.74055], [13.55494, 45.73721], [13.5184, 45.72484], [13.50782, 45.71442], [13.46925, 45.70685], [13.42799, 45.68114], [13.4017, 45.67544], [13.37672, 45.68317], [13.40919, 45.69131], [13.42482, 45.69855], [13.43141, 45.70685], [13.42262, 45.72407], [13.38168, 45.73005], [13.3694, 45.74462], [13.35182, 45.7403], [13.25489, 45.75605], [13.24586, 45.75894], [13.21551, 45.7788], [13.16944, 45.76874], [13.15772, 45.75458], [13.14967, 45.75153], [13.13982, 45.75487], [13.13136, 45.76887], [13.11931, 45.77196], [13.11085, 45.76765], [13.10816, 45.7582], [13.11183, 45.74885], [13.12289, 45.74462], [13.12289, 45.73721], [13.1006, 45.73623], [13.08058, 45.72761], [13.06959, 45.71369], [13.07504, 45.69685], [13.09148, 45.68919], [13.11166, 45.69135], [13.14967, 45.70376], [13.13803, 45.6894], [13.10304, 45.66901], [13.09555, 45.65217], [13.08497, 45.64191], [13.06056, 45.63666], [12.9817, 45.63483], [12.94386, 45.62857], [12.78077, 45.55353], [12.61166, 45.49616], [12.51271, 45.47044], [12.4878, 45.45673], [12.45143, 45.45043], [12.42368, 45.43806], [12.41033, 45.43623], [12.4358, 45.47492], [12.43092, 45.48404], [12.44728, 45.48432], [12.45102, 45.489], [12.45143, 45.49824], [12.45818, 45.49824], [12.46697, 45.48558], [12.47193, 45.48591], [12.47869, 45.49079], [12.46502, 45.50446], [12.49733, 45.50674], [12.5066, 45.49824], [12.49293, 45.49824], [12.49293, 45.49079], [12.51515, 45.49274], [12.52052, 45.50503], [12.52149, 45.51899], [12.53045, 45.52558], [12.56251, 45.53164], [12.57358, 45.54002], [12.58172, 45.55288], [12.53728, 45.53583], [12.51051, 45.55907], [12.5066, 45.57331], [12.4852, 45.56501], [12.45851, 45.54833], [12.44191, 45.53034], [12.45143, 45.51813], [12.45143, 45.51191], [12.43491, 45.51236], [12.41774, 45.52359], [12.41033, 45.51813], [12.40358, 45.51813], [12.39674, 45.53925], [12.38412, 45.52302], [12.39039, 45.51398], [12.424, 45.50446], [12.424, 45.49824], [12.41163, 45.49331], [12.3934, 45.49164], [12.38054, 45.49478], [12.38307, 45.50446], [12.35043, 45.50487], [12.30958, 45.48892], [12.27272, 45.46361], [12.2527, 45.43623], [12.2527, 45.43], [12.25896, 45.43], [12.25001, 45.42072], [12.2461, 45.41132], [12.24855, 45.40253], [12.25896, 45.39521], [12.2492, 45.38548], [12.24529, 45.36107], [12.22381, 45.35395], [12.23219, 45.34056], [12.22088, 45.32705], [12.21632, 45.31623], [12.20875, 45.30907], [12.18751, 45.30646], [12.16293, 45.31623], [12.15447, 45.31346], [12.1491, 45.29218], [12.15984, 45.28311], [12.16879, 45.26215], [12.18068, 45.25804], [12.19166, 45.26288], [12.19939, 45.2746], [12.20191, 45.28832], [12.19744, 45.29963], [12.2173, 45.29385], [12.22145, 45.28327], [12.22055, 45.26879], [12.22486, 45.25117], [12.21388, 45.24811], [12.21111, 45.24299], [12.22486, 45.2307], [12.22137, 45.21625], [12.23048, 45.20425], [12.24733, 45.19693], [12.26637, 45.1966], [12.25896, 45.20283], [12.29607, 45.22663], [12.3073, 45.2307], [12.29803, 45.2154], [12.32106, 45.17235], [12.32195, 45.13874], [12.32846, 45.10102], [12.3073, 45.10786], [12.3073, 45.12836], [12.29737, 45.10635], [12.29672, 45.08857], [12.30665, 45.07856], [12.32846, 45.0799], [12.32106, 45.09357], [12.34083, 45.08145], [12.37623, 45.03897], [12.37623, 45.03217], [12.35515, 45.02464], [12.36883, 45.01097], [12.38356, 45.02643], [12.38657, 45.03876], [12.36883, 45.06562], [12.41342, 45.04287], [12.41033, 45.03217], [12.44459, 45.01097], [12.48618, 44.97651], [12.4992, 44.98371], [12.4861, 44.98371], [12.4861, 44.99116], [12.50262, 44.99144], [12.51678, 44.98762], [12.5276, 44.98017], [12.53387, 44.97004], [12.53297, 44.96084], [12.52312, 44.95002], [12.52703, 44.94335], [12.51271, 44.92231], [12.49903, 44.92145], [12.49488, 44.91047], [12.49293, 44.87816], [12.48732, 44.86225], [12.47413, 44.84577], [12.44459, 44.8205], [12.43214, 44.84602], [12.424, 44.85464], [12.43922, 44.87759], [12.44304, 44.89008], [12.43832, 44.90111], [12.42693, 44.90498], [12.41554, 44.89985], [12.40691, 44.8913], [12.3921, 44.86839], [12.39161, 44.85883], [12.41652, 44.85114], [12.41586, 44.84357], [12.40821, 44.83625], [12.39674, 44.83348], [12.39674, 44.82665], [12.424, 44.8205], [12.41619, 44.80329], [12.39796, 44.79377], [12.37566, 44.79222], [12.32106, 44.83348], [12.30299, 44.84292], [12.29233, 44.84325], [12.26637, 44.82665], [12.26637, 44.8205], [12.28004, 44.8205], [12.25359, 44.75129], [12.24659, 44.71162], [12.2527, 44.6684], [12.26588, 44.63618], [12.27491, 44.62051], [12.28346, 44.61376], [12.28582, 44.60269], [12.28004, 44.53189], [12.2837, 44.48762], [12.31422, 44.38719], [12.31821, 44.36115], [12.32545, 44.34781], [12.34213, 44.3295], [12.34425, 44.3083], [12.35027, 44.28815], [12.36883, 44.25068], [12.38998, 44.22272], [12.41717, 44.19546], [12.45802, 44.16641], [12.47877, 44.13935], [12.51092, 44.11457], [12.54737, 44.09345], [12.57423, 44.0856], [12.63136, 44.0301], [12.6609, 44.00829], [12.69158, 43.99063], [12.7103, 43.9829], [12.75611, 43.97187], [12.80397, 43.96686], [12.86215, 43.93537], [12.92888, 43.91584], [12.94728, 43.89761], [13.25327, 43.70319], [13.37013, 43.65046], [13.38982, 43.6446], [13.39967, 43.63565], [13.44662, 43.62373], [13.4734, 43.61201], [13.50441, 43.63276], [13.51612, 43.63174], [13.52101, 43.62271], [13.54322, 43.61323], [13.56918, 43.58031], [13.57887, 43.5729], [13.59791, 43.56952], [13.61557, 43.56049], [13.62452, 43.54719], [13.61695, 43.53132], [13.76027, 43.26374], [13.78028, 43.23652], [13.78663, 43.20059], [13.79078, 43.19208], [13.80274, 43.17821], [13.83481, 43.12727], [13.84864, 43.09174], [13.86541, 43.00731], [13.94467, 42.79828], [13.98048, 42.73037], [14.00123, 42.69843], [14.06324, 42.62482], [14.07537, 42.59882], [14.22055, 42.47016], [14.28419, 42.42829], [14.35621, 42.39297], [14.38738, 42.37295], [14.42905, 42.32172], [14.56023, 42.22565], [14.59588, 42.20856], [14.65349, 42.19107], [14.6937, 42.18537], [14.70924, 42.17548], [14.71705, 42.16006], [14.72283, 42.1188], [14.7295, 42.09911], [14.74073, 42.08462], [14.78012, 42.07526], [14.83546, 42.04413], [14.8711, 42.03181], [14.952, 42.02106], [14.99366, 42.01065], [15.00733, 42.00137], [15.03452, 41.9746], [15.04518, 41.96898], [15.06316, 41.9643], [15.12338, 41.93427], [15.16537, 41.9278], [15.28175, 41.92805], [15.40056, 41.90778], [15.44606, 41.90693], [15.61134, 41.92805], [15.77443, 41.92121], [16.02711, 41.94408], [16.14047, 41.91991], [16.1609, 41.89265], [16.17921, 41.8933], [16.17604, 41.87739], [16.1836, 41.85847], [16.19304, 41.80842], [16.19288, 41.79092], [16.18434, 41.77961], [16.14576, 41.74885], [16.10719, 41.73762], [16.08969, 41.72602], [16.06316, 41.70148], [16.02752, 41.67992], [15.9253, 41.64004], [15.90008, 41.61465], [15.89137, 41.57685], [15.89633, 41.53644], [15.91179, 41.50288], [15.9336, 41.47944], [15.96111, 41.45946], [16.02166, 41.4278], [16.08513, 41.41266], [16.11411, 41.39289], [16.30144, 41.32787], [16.4603, 41.26264], [16.52068, 41.25015], [16.55437, 41.22748], [16.59392, 41.20698], [16.83058, 41.14631], [16.85141, 41.13296], [16.85816, 41.13296], [16.85816, 41.14037], [16.86443, 41.14037], [16.88527, 41.12397], [17.05714, 41.08185], [17.20314, 41.02098], [17.27638, 40.98021], [17.31007, 40.95478], [17.34791, 40.9121], [17.3777, 40.90229], [17.41359, 40.88109], [17.47609, 40.83015], [17.51222, 40.8203], [17.54835, 40.80195], [17.63453, 40.78498], [17.74838, 40.74763], [17.84392, 40.69416], [17.92189, 40.68301], [17.95582, 40.67048], [17.95493, 40.64692], [17.96632, 40.6468], [17.99195, 40.65314], [18.00701, 40.6507], [18.0158, 40.62519], [18.03924, 40.60822], [18.04322, 40.602], [18.03745, 40.55695], [18.11997, 40.50458], [18.21168, 40.46475], [18.23829, 40.45767], [18.2588, 40.43065], [18.30323, 40.39989], [18.34376, 40.35163], [18.3615, 40.34528], [18.37045, 40.33869], [18.43727, 40.26789], [18.50001, 40.15249], [18.50945, 40.14183], [18.51612, 40.13923], [18.51108, 40.12759], [18.51743, 40.11416], [18.51612, 40.10448], [18.50807, 40.09455], [18.49187, 40.08466], [18.48357, 40.05516], [18.47039, 40.04344], [18.43409, 40.02253], [18.41139, 39.97883], [18.39259, 39.91608], [18.40008, 39.87857], [18.38649, 39.82534], [18.38917, 39.81708], [18.36834, 39.79662], [18.33839, 39.80012], [18.28207, 39.8332], [18.26564, 39.83759], [18.21127, 39.83934], [18.16188, 39.86054], [18.13063, 39.88349], [18.07154, 39.91153], [18.00734, 39.98607], [17.99537, 39.99527], [17.99537, 40.00267], [18.01108, 40.00336], [18.02027, 40.0102], [18.02215, 40.02167], [18.0158, 40.0362], [18.00514, 40.04487], [17.96746, 40.05732], [18.00294, 40.07445], [18.011, 40.09602], [17.99724, 40.12043], [17.92604, 40.17626], [17.91961, 40.19074], [17.917, 40.22687], [17.91114, 40.2403], [17.89967, 40.24909], [17.91277, 40.24909], [17.91277, 40.25532], [17.86313, 40.28563], [17.84767, 40.29002], [17.51206, 40.3037], [17.49391, 40.30744], [17.44044, 40.331], [17.39943, 40.331], [17.36818, 40.35151], [17.35125, 40.3548], [17.2964, 40.37946], [17.24, 40.39533], [17.2129, 40.40619], [17.20021, 40.4204], [17.22348, 40.42841], [17.24301, 40.44139], [17.24789, 40.45734], [17.22755, 40.47443], [17.24741, 40.48029], [17.29575, 40.47321], [17.31625, 40.48188], [17.32325, 40.49848], [17.30405, 40.49946], [17.26173, 40.48871], [17.26856, 40.49616], [17.24741, 40.50283], [17.2107, 40.48701], [17.18995, 40.48188], [17.18181, 40.4853], [17.16619, 40.50918], [17.15602, 40.5124], [17.04957, 40.51911], [16.97609, 40.49262], [16.91212, 40.44522], [16.78272, 40.30158], [16.7614, 40.2696], [16.73756, 40.21101], [16.73072, 40.20067], [16.71599, 40.19359], [16.67945, 40.14606], [16.62452, 40.10798], [16.60475, 40.08446], [16.59693, 40.04678], [16.59938, 40.03413], [16.61362, 39.99665], [16.6316, 39.96621], [16.62176, 39.95356], [16.60548, 39.94294], [16.5892, 39.91983], [16.54225, 39.8854], [16.50815, 39.83759], [16.49171, 39.80549], [16.48976, 39.77521], [16.50213, 39.74706], [16.52858, 39.7215], [16.52858, 39.71467], [16.51564, 39.6896], [16.54591, 39.66087], [16.59148, 39.63679], [16.62485, 39.62531], [16.74977, 39.62002], [16.78248, 39.61164], [16.81609, 39.59105], [16.8309, 39.57616], [16.83717, 39.56045], [16.8462, 39.55268], [16.90602, 39.52973], [16.95297, 39.49921], [16.99537, 39.49274], [17.01149, 39.48615], [17.05714, 39.44164], [17.08855, 39.42259], [17.1242, 39.409], [17.1587, 39.40619], [17.12224, 39.33832], [17.11451, 39.26935], [17.11769, 39.25601], [17.1421, 39.22232], [17.14568, 39.21068], [17.14039, 39.1789], [17.12224, 39.12104], [17.12452, 39.09089], [17.15187, 39.04588], [17.15846, 39.04047], [17.20639, 39.02949], [17.17661, 39.01211], [17.17237, 39.00519], [17.17237, 38.96052], [17.1277, 38.92878], [17.10402, 38.89908], [17.09498, 38.91913], [17.07057, 38.9228], [17.04225, 38.91625], [17.02198, 38.90595], [16.99635, 38.92951], [16.98129, 38.9372], [16.95729, 38.94009], [16.93507, 38.93871], [16.83855, 38.9182], [16.72779, 38.87885], [16.68775, 38.85586], [16.67075, 38.84064], [16.61061, 38.81656], [16.58562, 38.79784], [16.57439, 38.78506], [16.56373, 38.75674], [16.53883, 38.72333], [16.53484, 38.6999], [16.54908, 38.68993], [16.54851, 38.67207], [16.55885, 38.59602], [16.577, 38.52855], [16.57716, 38.50288], [16.56959, 38.42951], [16.56137, 38.41633], [16.52198, 38.38715], [16.50815, 38.37153], [16.49757, 38.36929], [16.46705, 38.3487], [16.43507, 38.33999], [16.33985, 38.30085], [16.30633, 38.27709], [16.16944, 38.14321], [16.15187, 38.11083], [16.1255, 38.00483], [16.11085, 37.97362], [16.10133, 37.96052], [16.07716, 37.93989], [16.06316, 37.93268], [16.01588, 37.92471], [16.00099, 37.91901], [15.94215, 37.93309], [15.76149, 37.92524], [15.73487, 37.93098], [15.68442, 37.95352], [15.66578, 37.96686], [15.64552, 37.98835], [15.6351, 38.0091], [15.63836, 38.02774], [15.65846, 38.04255], [15.63266, 38.0742], [15.62403, 38.09211], [15.62745, 38.10737], [15.64161, 38.12592], [15.6478, 38.14313], [15.64649, 38.1621], [15.63795, 38.18594], [15.63282, 38.22028], [15.65056, 38.24103], [15.68426, 38.25312], [15.78647, 38.27802], [15.81284, 38.3006], [15.82976, 38.35102], [15.9048, 38.47394], [15.91782, 38.51679], [15.91603, 38.55036], [15.90008, 38.57827], [15.87078, 38.60423], [15.844, 38.61791], [15.83367, 38.63377], [15.8366, 38.64899], [15.84449, 38.66039], [15.9048, 38.67939], [15.96803, 38.71259], [16.00261, 38.72541], [16.04884, 38.72773], [16.12086, 38.72093], [16.1526, 38.7309], [16.17921, 38.74828], [16.20094, 38.77643], [16.2151, 38.81415], [16.22169, 38.85659], [16.22006, 38.89908], [16.21469, 38.91901], [16.2046, 38.93407], [16.18963, 38.94355], [16.16896, 38.94685], [16.15431, 38.95502], [16.13966, 38.97378], [16.08302, 39.07526], [16.03403, 39.34524], [15.9954, 39.43877], [15.95808, 39.47756], [15.93312, 39.51366], [15.9048, 39.53596], [15.87623, 39.55146], [15.86752, 39.56391], [15.8366, 39.65266], [15.80641, 39.6955], [15.78875, 39.79662], [15.78875, 39.79035], [15.78395, 39.81], [15.76971, 39.83015], [15.78191, 39.8686], [15.77443, 39.8911], [15.74155, 39.92959], [15.72804, 39.96418], [15.71315, 39.98102], [15.67888, 40.00886], [15.65162, 40.04365], [15.63038, 40.05768], [15.62468, 40.06489], [15.62428, 40.07779], [15.6102, 40.07319], [15.53492, 40.07779], [15.51313, 40.06768], [15.49531, 40.04672], [15.45981, 40.02936], [15.4296, 39.99979], [15.4101, 39.99397], [15.36094, 39.99889], [15.34316, 40.00415], [15.3143, 40.03376], [15.30274, 40.0362], [15.28305, 40.02985], [15.26124, 40.02936], [15.26124, 40.0362], [15.27914, 40.04767], [15.26344, 40.07372], [15.2339, 40.1], [15.18995, 40.11913], [15.12721, 40.16962], [15.1128, 40.17479], [15.06568, 40.16657], [15.04721, 40.16893], [15.03492, 40.17536], [15.0228, 40.19563], [15.00312, 40.21026], [14.9759, 40.21931], [14.95709, 40.23155], [14.93814, 40.22784], [14.91114, 40.24164], [14.90691, 40.25861], [14.9319, 40.28555], [14.93914, 40.30707], [14.93238, 40.32429], [14.93238, 40.33373], [14.95395, 40.33991], [14.97291, 40.352], [14.99449, 40.35843], [15.00043, 40.36883], [14.99827, 40.39756], [14.88884, 40.57306], [14.8615, 40.60716], [14.83546, 40.63264], [14.80974, 40.65298], [14.78199, 40.66987], [14.75221, 40.6767], [14.71998, 40.66681], [14.69044, 40.64912], [14.67807, 40.64663], [14.62574, 40.64908], [14.61329, 40.6459], [14.5713, 40.61774], [14.5442, 40.61359], [14.51637, 40.61986], [14.48658, 40.63264], [14.47137, 40.62466], [14.42205, 40.61555], [14.40154, 40.60212], [14.35581, 40.58364], [14.34262, 40.57062], [14.32985, 40.58446], [14.32797, 40.60541], [14.33774, 40.62442], [14.35963, 40.63264], [14.38738, 40.63695], [14.39821, 40.64384], [14.4048, 40.65603], [14.44421, 40.68599], [14.47637, 40.6951], [14.47975, 40.71149], [14.47413, 40.72968], [14.46062, 40.74421], [14.44264, 40.75507], [14.42129, 40.75093], [14.39443, 40.76157], [14.38255, 40.77227], [14.36661, 40.78018], [14.31235, 40.82811], [14.2942, 40.83877], [14.24838, 40.83771], [14.22364, 40.83137], [14.21274, 40.82075], [14.20346, 40.80121], [14.1822, 40.80092], [14.1656, 40.81575], [14.13523, 40.81855], [14.09596, 40.83381], [14.08253, 40.83129], [14.07618, 40.82221], [14.08253, 40.78352], [14.0477, 40.78959], [14.04115, 40.79648], [14.05226, 40.83759], [14.04447, 40.87421], [14.02134, 40.92183], [13.96534, 40.99641], [13.93019, 41.01415], [13.91798, 41.02367], [13.91066, 41.06464], [13.85173, 41.14732], [13.79049, 41.20586], [13.72185, 41.25239], [13.70851, 41.25641], [13.67872, 41.25056], [13.66334, 41.25068], [13.65659, 41.25959], [13.59441, 41.25312], [13.56365, 41.23798], [13.57545, 41.20808], [13.54396, 41.20661], [13.53443, 41.20808], [13.51441, 41.22968], [13.50709, 41.22175], [13.49968, 41.22175], [13.48024, 41.23916], [13.32439, 41.29483], [13.28582, 41.29572], [13.20485, 41.28376], [13.18702, 41.27802], [13.15122, 41.2602], [13.11451, 41.25088], [13.09051, 41.22655], [13.06821, 41.22175], [13.04461, 41.22752], [13.02369, 41.27359], [12.9795, 41.331], [12.92384, 41.37979], [12.89357, 41.39932], [12.86215, 41.41352], [12.84156, 41.4184], [12.74855, 41.42373], [12.67856, 41.45795], [12.65398, 41.46564], [12.64243, 41.4582], [12.63527, 41.4475], [12.6194, 41.45913], [12.54558, 41.54413], [12.44801, 41.63076], [12.32716, 41.71137], [12.30063, 41.71743], [12.285, 41.7272], [12.23902, 41.73627], [12.22348, 41.75068], [12.21518, 41.76813], [12.21119, 41.80793], [12.20623, 41.82734], [12.17018, 41.87958], [12.14747, 41.90347], [12.03883, 41.96516], [12.0298, 41.97285], [12.02613, 41.98578], [12.02036, 41.99307], [11.98219, 41.99974], [11.95265, 42.02228], [11.91684, 42.03791], [11.82748, 42.03417], [11.80942, 42.06635], [11.79363, 42.08446], [11.7798, 42.09251], [11.77198, 42.10627], [11.75017, 42.12792], [11.73618, 42.16889], [11.68214, 42.25214], [11.65821, 42.27936], [11.53907, 42.34886], [11.48927, 42.35936], [11.42066, 42.38662], [11.39617, 42.39297], [11.39617, 42.40038], [11.37664, 42.40689], [11.35467, 42.40721], [11.36207, 42.40038], [11.33302, 42.40058], [11.25904, 42.42084], [11.22739, 42.42219], [11.21127, 42.41889], [11.20436, 42.41096], [11.20094, 42.39545], [11.18629, 42.3793], [11.18385, 42.36628], [11.17465, 42.36933], [11.15593, 42.36628], [11.13453, 42.38418], [11.10662, 42.39126], [11.09449, 42.40274], [11.08676, 42.41836], [11.08694, 42.42946], [11.09913, 42.44286], [11.11302, 42.44636], [11.14182, 42.4388], [11.16419, 42.43983], [11.17969, 42.4565], [11.18845, 42.48027], [11.18686, 42.52082], [11.16603, 42.54621], [11.15846, 42.56403], [11.12867, 42.55805], [11.11598, 42.57197], [11.09742, 42.60688], [11.0809, 42.6127], [11.07781, 42.63223], [11.05348, 42.64704], [11.00571, 42.66791], [10.99, 42.71027], [10.97234, 42.72004], [10.94361, 42.74299], [10.89088, 42.7639], [10.73129, 42.80443], [10.75538, 42.81916], [10.7649, 42.83527], [10.76564, 42.8771], [10.77768, 42.89472], [10.77296, 42.90815], [10.76352, 42.91828], [10.75074, 42.92528], [10.68141, 42.94904], [10.6325, 42.95848], [10.58326, 42.9597], [10.53907, 42.94912], [10.54656, 42.93476], [10.51857, 42.92528], [10.49952, 42.9405], [10.47755, 42.99006], [10.5027, 43.00556], [10.5171, 43.02391], [10.53907, 43.07941], [10.53566, 43.09138], [10.53566, 43.11262], [10.53932, 43.13418], [10.54656, 43.14712], [10.53834, 43.16425], [10.53443, 43.18529], [10.53289, 43.22622], [10.52817, 43.24677], [10.43702, 43.38858], [10.37338, 43.45319], [10.35914, 43.46528], [10.32634, 43.47687], [10.31723, 43.49262], [10.29477, 43.56855], [10.26401, 43.80939], [10.25164, 43.84663], [10.21013, 43.92023], [10.18068, 43.95527], [10.13649, 43.9787], [10.10581, 44.01675], [10.09059, 44.02538], [10.07203, 44.02953], [10.03533, 44.04784], [9.98854, 44.05976], [9.98072, 44.04987], [9.96274, 44.04466], [9.90431, 44.0799], [9.88795, 44.093], [9.8768, 44.08784], [9.84474, 44.10863], [9.82643, 44.10724], [9.83326, 44.09984], [9.81959, 44.093], [9.83058, 44.07884], [9.8475, 44.0725], [9.8475, 44.06631], [9.84164, 44.06338], [9.83326, 44.05207], [9.84637, 44.04629], [9.84254, 44.04116], [9.83229, 44.0423], [9.81983, 44.06338], [9.77182, 44.07941], [9.68263, 44.13654], [9.67254, 44.14082], [9.64324, 44.14232], [9.6211, 44.14826], [9.58619, 44.17772], [9.57993, 44.17894], [9.57301, 44.1916], [9.49903, 44.22183], [9.48976, 44.2309], [9.48439, 44.24384], [9.45387, 44.2377], [9.43678, 44.23949], [9.42237, 44.25678], [9.37452, 44.2718], [9.36769, 44.29442], [9.26271, 44.33641], [9.23064, 44.3537], [9.21372, 44.33344], [9.20981, 44.32087], [9.2107, 44.30533], [9.16505, 44.31831], [9.14666, 44.32856], [9.14861, 44.34003], [9.13006, 44.36335], [9.10206, 44.37397], [9.00123, 44.38727], [8.95289, 44.39981], [8.92368, 44.41157], [8.91456, 44.40892], [8.86842, 44.40973], [8.84539, 44.41348], [8.827, 44.42845], [8.76238, 44.43212], [8.73715, 44.42878], [8.72478, 44.42398], [8.67856, 44.39468], [8.65512, 44.39468], [8.59376, 44.36274], [8.56479, 44.35716], [8.54029, 44.34003], [8.46608, 44.30427], [8.44451, 44.28388], [8.44972, 44.26435], [8.43946, 44.25316], [8.43539, 44.24042], [8.41188, 44.22704], [8.4065, 44.21503], [8.40821, 44.19351], [8.39454, 44.18236], [8.31349, 44.16047], [8.28468, 44.14826], [8.25652, 44.12836], [8.23316, 44.10358], [8.22999, 44.09634], [8.22999, 44.0725], [8.21632, 44.04523], [8.16912, 44.00666], [8.15268, 43.98322], [8.16798, 43.96263], [8.16798, 43.95649], [8.14471, 43.95258], [8.11524, 43.92768], [8.0892, 43.91987], [8.07545, 43.90965], [8.06772, 43.89667], [8.03142, 43.88752], [7.95973, 43.85285], [7.78582, 43.82197], [7.73658, 43.79825], [7.695, 43.7912], [7.57203, 43.79133], [7.54412, 43.78449], [7.5311, 43.78449], [7.51287, 43.79214], [7.50229, 43.79222], [7.48273, 43.84022], [7.47787, 43.86552], [7.49348, 43.88624], [7.53678, 43.92078], [7.55693, 43.94409], [7.60861, 43.97561], [7.63093, 43.99354], [7.65336, 44.03969], [7.68995, 44.06734], [7.69191, 44.08465], [7.6762, 44.10899], [7.65409, 44.12496], [7.64189, 44.14356], [7.65564, 44.17606], [7.62473, 44.1801], [7.5836, 44.16072], [7.55476, 44.15906], [7.38082, 44.12294], [7.34062, 44.12366], [7.331, 44.12527], [7.3216, 44.13188], [7.3093, 44.14749], [7.25132, 44.16004], [7.14497, 44.20723], [7.10487, 44.21777], [7.04606, 44.2403], [7.03345, 44.24293], [6.99614, 44.23782], [6.98281, 44.24175], [6.9734, 44.24945], [6.95924, 44.27735], [6.92121, 44.30215], [6.89599, 44.33983], [6.86984, 44.36293], [6.86633, 44.37719], [6.87718, 44.4144], [6.88421, 44.42303], [6.9178, 44.43631], [6.86127, 44.47491], [6.83884, 44.50292], [6.83574, 44.53403], [6.84638, 44.54746], [6.89734, 44.57542], [6.93165, 44.61795], [6.9456, 44.62544], [6.93434, 44.64668], [6.94147, 44.66699], [6.95986, 44.68317], [6.98281, 44.69216], [7.0012, 44.69226], [7.03728, 44.68461], [7.05516, 44.68487], [7.04937, 44.69789], [7.01898, 44.73887], [7.00978, 44.7721], [6.99841, 44.79375], [7.00596, 44.81153], [7.00493, 44.82796], [6.98281, 44.84698], [6.93268, 44.86166], [6.91532, 44.86269], [6.86602, 44.85566], [6.84711, 44.85907], [6.77817, 44.88765], [6.74541, 44.9078], [6.72794, 44.92873], [6.7299, 44.9847], [6.7235, 45.01338], [6.69724, 45.02692], [6.66221, 45.02924], [6.65167, 45.03565], [6.63968, 45.05038], [6.63658, 45.07446], [6.6203, 45.08443], [6.60273, 45.10345], [6.61461, 45.11477], [6.6327, 45.12552], [6.66738, 45.13962], [6.70221, 45.14122], [6.73642, 45.15735], [6.77145, 45.15316], [6.80814, 45.13911], [6.84411, 45.13012], [6.87667, 45.14122], [6.87863, 45.14743], [6.86819, 45.15745], [6.87346, 45.16593], [6.91377, 45.17016], [6.92844, 45.17957], [6.94581, 45.20107], [6.95873, 45.2098], [6.99449, 45.22132], [7.02973, 45.2282], [7.05547, 45.21368], [7.0812, 45.24308], [7.10838, 45.2592], [7.10838, 45.27491], [7.09763, 45.29496], [7.09257, 45.32395], [7.13009, 45.35708], [7.15076, 45.38323], [7.15965, 45.39847], [7.16068, 45.41092], [7.09681, 45.43542], [7.072, 45.47004], [7.02849, 45.49314], [6.98281, 45.51112], [6.97526, 45.52565], [6.96979, 45.56699], [6.9549, 45.58621], [6.95294, 45.59427], [6.96948, 45.62585], [6.96338, 45.64073], [6.95108, 45.64678], [6.91863, 45.65256], [6.88256, 45.67551], [6.84307, 45.68274], [6.8161, 45.69685], [6.79595, 45.71814], [6.78199, 45.77746], [6.78272, 45.79529], [6.78809, 45.81173], [6.8008, 45.82646], [6.84336, 45.83864], [6.85856, 45.83346], [6.86444, 45.82689], [6.87066, 45.82827], [6.87346, 45.8448], [6.90509, 45.84537], [6.94901, 45.85782], [6.96917, 45.86976], [6.98281, 45.88578], [6.99718, 45.91131], [7.00772, 45.92051], [7.02208, 45.92526], [7.06694, 45.89022]], [[12.46046, 43.89526], [12.47829, 43.91704], [12.47803, 43.92322], [12.49033, 43.93916], [12.49239, 43.95642], [12.48919, 43.97311], [12.48216, 43.98257], [12.45332, 43.97905], [12.42139, 43.96722], [12.39565, 43.94841], [12.38563, 43.92453], [12.39958, 43.90322], [12.42945, 43.89206], [12.46046, 43.89526]], [[12.45271, 41.90302], [12.45398, 41.90386], [12.45303, 41.90391], [12.45271, 41.90302]]], [[[15.55926, 38.30012], [15.61598, 38.28022], [15.65162, 38.27529], [15.64828, 38.26675], [15.64243, 38.26227], [15.62428, 38.26166], [15.58375, 38.24042], [15.56967, 38.22695], [15.563, 38.2143], [15.55991, 38.19977], [15.57594, 38.20018], [15.52703, 38.13679], [15.50034, 38.08495], [15.39259, 37.97614], [15.30274, 37.86441], [15.28346, 37.83295], [15.26629, 37.81192], [15.24122, 37.79556], [15.21306, 37.76146], [15.20655, 37.74775], [15.20826, 37.73705], [15.2186, 37.71809], [15.22022, 37.70673], [15.21608, 37.69672], [15.20216, 37.68537], [15.19679, 37.6551], [15.16383, 37.56769], [15.1159, 37.52228], [15.09669, 37.49445], [15.09156, 37.47748], [15.08953, 37.45946], [15.09205, 37.36054], [15.10353, 37.32978], [15.11069, 37.32185], [15.18002, 37.29076], [15.21746, 37.28498], [15.23666, 37.27473], [15.25196, 37.25772], [15.26124, 37.23383], [15.24488, 37.24616], [15.23561, 37.24193], [15.22022, 37.22016], [15.22169, 37.23745], [15.21583, 37.2447], [15.20541, 37.2447], [15.19288, 37.23998], [15.19907, 37.22761], [15.18344, 37.20746], [15.19467, 37.17634], [15.21648, 37.15522], [15.23325, 37.16486], [15.24757, 37.15868], [15.24757, 37.15184], [15.22918, 37.14964], [15.23178, 37.13491], [15.24659, 37.11823], [15.26466, 37.1103], [15.28883, 37.10838], [15.30323, 37.10122], [15.30787, 37.08666], [15.30274, 37.06249], [15.28793, 37.069], [15.28199, 37.06086], [15.2837, 37.04841], [15.29184, 37.04198], [15.31227, 37.04401], [15.32106, 37.04023], [15.32944, 37.02774], [15.33237, 37.01162], [15.32472, 37.00849], [15.30893, 37.01777], [15.26808, 37.00043], [15.27491, 36.9936], [15.26384, 36.98713], [15.26808, 36.98054], [15.26808, 36.97309], [15.24448, 36.97207], [15.21168, 36.95649], [15.17465, 36.94408], [15.15838, 36.92422], [15.10768, 36.82014], [15.10662, 36.80858], [15.094, 36.79955], [15.09889, 36.77945], [15.1172, 36.74714], [15.13494, 36.68769], [15.13429, 36.6752], [15.11451, 36.6599], [15.09392, 36.65493], [15.07358, 36.65913], [15.05519, 36.67145], [15.03305, 36.69391], [15.00717, 36.70279], [14.99781, 36.70222], [14.99366, 36.69595], [14.98243, 36.68887], [14.95729, 36.69782], [14.91863, 36.71988], [14.88217, 36.73066], [14.84685, 36.72626], [14.78077, 36.69937], [14.77345, 36.71003], [14.76092, 36.7062], [14.74431, 36.71914], [14.68458, 36.72602], [14.67164, 36.74372], [14.65895, 36.75381], [14.60011, 36.77212], [14.58221, 36.78132], [14.56593, 36.77831], [14.48732, 36.79336], [14.47576, 36.80492], [14.39454, 36.94501], [14.36988, 36.97309], [14.27882, 37.04401], [14.20851, 37.08112], [14.12631, 37.11225], [14.08863, 37.11774], [13.97633, 37.1103], [13.93849, 37.09593], [13.89438, 37.10082], [13.83269, 37.13955], [13.79461, 37.15184], [13.75164, 37.159], [13.71583, 37.17137], [13.68344, 37.18936], [13.59881, 37.25674], [13.56918, 37.27351], [13.53443, 37.28217], [13.48862, 37.28848], [13.45265, 37.29881], [13.42156, 37.3144], [13.37224, 37.34614], [13.3296, 37.36628], [13.31129, 37.38085], [13.27801, 37.3937], [13.25327, 37.43179], [13.22535, 37.44603], [13.20607, 37.46393], [13.18922, 37.46971], [13.17408, 37.48701], [13.05152, 37.50068], [13.02638, 37.49323], [13.01686, 37.49755], [13.01043, 37.5069], [13.00001, 37.53547], [12.97413, 37.55744], [12.94264, 37.56851], [12.86215, 37.5764], [12.78093, 37.5742], [12.69777, 37.56273], [12.65935, 37.56513], [12.63624, 37.58222], [12.59474, 37.63788], [12.57781, 37.652], [12.56349, 37.65778], [12.52361, 37.65835], [12.5062, 37.66551], [12.47438, 37.70295], [12.46502, 37.71979], [12.45631, 37.75975], [12.42701, 37.79702], [12.42742, 37.80927], [12.44459, 37.81598], [12.44606, 37.81184], [12.46502, 37.82282], [12.46306, 37.82575], [12.47869, 37.88117], [12.46778, 37.89712], [12.46412, 37.91291], [12.49049, 37.95401], [12.50294, 37.99706], [12.50416, 38.01122], [12.49293, 38.02143], [12.52345, 38.03144], [12.54965, 38.05484], [12.57634, 38.07172], [12.60841, 38.0624], [12.63868, 38.0795], [12.65162, 38.0915], [12.66245, 38.11628], [12.7046, 38.11083], [12.72535, 38.12592], [12.7199, 38.17548], [12.73178, 38.19278], [12.7378, 38.18098], [12.76092, 38.18098], [12.76612, 38.16266], [12.79078, 38.11709], [12.81837, 38.07795], [12.82879, 38.06989], [12.86891, 38.05134], [12.86964, 38.04255], [12.90113, 38.02806], [12.94418, 38.03286], [13.02735, 38.0624], [13.06137, 38.08348], [13.0713, 38.09553], [13.06617, 38.12303], [13.05681, 38.13272], [13.0547, 38.14183], [13.08937, 38.166], [13.08375, 38.17471], [13.08961, 38.18334], [13.10092, 38.19009], [13.11248, 38.19278], [13.15699, 38.17967], [13.20721, 38.17609], [13.23032, 38.18464], [13.23902, 38.20702], [13.25441, 38.20254], [13.31813, 38.22065], [13.32325, 38.21796], [13.32838, 38.20018], [13.36622, 38.17967], [13.37192, 38.1728], [13.3733, 38.14069], [13.39137, 38.10318], [13.51352, 38.11054], [13.54127, 38.09406], [13.53932, 38.07685], [13.54737, 38.05622], [13.55747, 38.04914], [13.58709, 38.03913], [13.62241, 38.0152], [13.65113, 38.00096], [13.69777, 37.9936], [13.71193, 37.98794], [13.70509, 37.98045], [13.72674, 37.9809], [13.79078, 37.97362], [13.81267, 37.97793], [13.85719, 37.99673], [13.89828, 38.00446], [13.93849, 38.02888], [14.00717, 38.03827], [14.02052, 38.04938], [14.08326, 38.02383], [14.10629, 38.02143], [14.15138, 38.02888], [14.2732, 38.01512], [14.33123, 38.01801], [14.38461, 38.02953], [14.4319, 38.04938], [14.46412, 38.03718], [14.51173, 38.04438], [14.63461, 38.08149], [14.66774, 38.09919], [14.69597, 38.12104], [14.73373, 38.15762], [14.7448, 38.16136], [14.79811, 38.16035], [14.87403, 38.17569], [14.90707, 38.18769], [14.93531, 38.18594], [14.945, 38.18179], [14.96974, 38.15925], [15.00733, 38.1518], [15.049, 38.1518], [15.0687, 38.13129], [15.0879, 38.12824], [15.17742, 38.15632], [15.2033, 38.1833], [15.24073, 38.24116], [15.2361, 38.25104], [15.24073, 38.26166], [15.23715, 38.2648], [15.24318, 38.2648], [15.24635, 38.25434], [15.24073, 38.23029], [15.24537, 38.21723], [15.25758, 38.21019], [15.29184, 38.20702], [15.32106, 38.21088], [15.39967, 38.23257], [15.43377, 38.25316], [15.47291, 38.26781], [15.51287, 38.29759], [15.52866, 38.30264], [15.55926, 38.30012]]], [[[15.2186, 38.81196], [15.23927, 38.80402], [15.23748, 38.79597], [15.22462, 38.7768], [15.21746, 38.77302], [15.20607, 38.77521], [15.18702, 38.78901], [15.18702, 38.79271], [15.20362, 38.80158], [15.21209, 38.81045], [15.2186, 38.81196]]], [[[14.96632, 38.41869], [14.98243, 38.41242], [14.99366, 38.40302], [15.00733, 38.37767], [14.98683, 38.36408], [14.94825, 38.39643], [14.94532, 38.41226], [14.95883, 38.43293], [14.96632, 38.43293], [14.96632, 38.41869]]], [[[14.89943, 38.48168], [14.90065, 38.49868], [14.90968, 38.51533], [14.92482, 38.52237], [14.95786, 38.52204], [14.96608, 38.51626], [14.95883, 38.50186], [14.97934, 38.48754], [14.97934, 38.48139], [14.95265, 38.48139], [14.95786, 38.46955], [14.96632, 38.46088], [14.96632, 38.45344], [14.94874, 38.45091], [14.92156, 38.46882], [14.90772, 38.47394], [14.89943, 38.48168]]], [[[14.86166, 38.53929], [14.82399, 38.55183], [14.79379, 38.5716], [14.81495, 38.58381], [14.85141, 38.58491], [14.86695, 38.58112], [14.87696, 38.56952], [14.86891, 38.56049], [14.86166, 38.53929]]], [[[14.57602, 38.57665], [14.58546, 38.55744], [14.57358, 38.55654], [14.55161, 38.56159], [14.54371, 38.57453], [14.54249, 38.58686], [14.56397, 38.58454], [14.57602, 38.57665]]], [[[14.34278, 38.54727], [14.35719, 38.55121], [14.36085, 38.53905], [14.34645, 38.53514], [14.34278, 38.54727]]], [[[13.93483, 40.70563], [13.91977, 40.7045], [13.89015, 40.69416], [13.84913, 40.71528], [13.8615, 40.74404], [13.87013, 40.74873], [13.8628, 40.7624], [13.88315, 40.7624], [13.9463, 40.74518], [13.96583, 40.73505], [13.96241, 40.72313], [13.96583, 40.71528], [13.94467, 40.70161], [13.93483, 40.70563]]], [[[13.42416, 40.80024], [13.43198, 40.80146], [13.42693, 40.79084], [13.41472, 40.78587], [13.42416, 40.80024]]], [[[13.18572, 38.71751], [13.19744, 38.70832], [13.17677, 38.69302], [13.16521, 38.69107], [13.15349, 38.69477], [13.15309, 38.7023], [13.15789, 38.70987], [13.16928, 38.71727], [13.18572, 38.71751]]], [[[12.86703, 35.87226], [12.87403, 35.86644], [12.87672, 35.85586], [12.87257, 35.85228], [12.85694, 35.85228], [12.84588, 35.8627], [12.84702, 35.86831], [12.86703, 35.87226]]], [[[12.62127, 35.50825], [12.62387, 35.50161], [12.62127, 35.49234], [12.6111, 35.48924], [12.52613, 35.51667], [12.53387, 35.52163], [12.55568, 35.52123], [12.6128, 35.51533], [12.62371, 35.51191], [12.62127, 35.50825]]], [[[12.37184, 45.42487], [12.38917, 45.43354], [12.40748, 45.43065], [12.43092, 45.41568], [12.4048, 45.42227], [12.37623, 45.42255], [12.32146, 45.34801], [12.32, 45.35415], [12.32789, 45.37226], [12.35206, 45.40546], [12.37184, 45.42487]]], [[[12.28696, 37.93854], [12.31422, 37.94636], [12.33676, 37.93305], [12.36883, 37.92524], [12.35768, 37.91405], [12.34213, 37.91324], [12.31422, 37.92524], [12.29965, 37.91926], [12.28777, 37.92154], [12.27866, 37.92918], [12.2732, 37.93952], [12.28696, 37.93854]]], [[[12.34718, 45.45881], [12.36378, 45.44965], [12.36207, 45.43814], [12.33725, 45.42739], [12.32065, 45.42984], [12.31658, 45.44306], [12.32985, 45.45881], [12.34718, 45.45881]]], [[[12.07789, 37.96011], [12.07928, 37.95026], [12.06479, 37.95083], [12.04762, 37.96076], [12.03045, 37.98436], [12.03598, 37.99103], [12.05356, 37.99242], [12.06446, 37.98623], [12.07789, 37.96011]]], [[[12.03761, 36.80663], [12.05152, 36.79035], [12.05348, 36.76765], [12.03061, 36.74136], [11.9961, 36.74494], [11.96119, 36.7652], [11.93735, 36.78876], [11.92498, 36.81196], [11.92221, 36.82836], [11.95134, 36.84276], [11.9673, 36.8312], [11.98732, 36.82416], [11.99293, 36.82538], [11.99952, 36.83592], [12.03761, 36.80663]]], [[[10.91346, 42.37524], [10.92731, 42.3533], [10.92956, 42.34056], [10.93976, 42.33066], [10.92333, 42.31873], [10.90895, 42.32526], [10.8717, 42.35405], [10.86183, 42.36628], [10.87637, 42.37444], [10.87582, 42.38679], [10.88299, 42.39216], [10.91346, 42.37524]]], [[[10.44337, 42.84544], [10.43116, 42.82787], [10.43068, 42.81615], [10.4367, 42.80443], [10.43002, 42.78758], [10.42026, 42.77643], [10.38884, 42.76349], [10.40797, 42.75727], [10.42514, 42.74079], [10.43068, 42.72211], [10.41554, 42.70889], [10.41098, 42.71796], [10.39324, 42.71821], [10.38136, 42.72256], [10.36427, 42.74982], [10.3379, 42.76484], [10.32504, 42.76484], [10.31373, 42.74299], [10.30453, 42.75975], [10.26539, 42.74457], [10.24537, 42.75727], [10.24, 42.74189], [10.2352, 42.73591], [10.22967, 42.73542], [10.14723, 42.73729], [10.12485, 42.74311], [10.10678, 42.75739], [10.10141, 42.784], [10.11166, 42.80126], [10.13299, 42.81192], [10.17953, 42.81875], [10.22438, 42.80443], [10.26588, 42.80443], [10.26433, 42.81045], [10.25904, 42.81192], [10.27215, 42.81875], [10.27215, 42.82734], [10.32683, 42.82624], [10.32211, 42.81171], [10.33277, 42.80598], [10.34734, 42.80585], [10.35467, 42.80817], [10.35808, 42.81753], [10.38136, 42.83242], [10.3921, 42.85798], [10.39991, 42.86884], [10.41236, 42.87336], [10.42205, 42.87084], [10.43849, 42.85545], [10.44337, 42.84544]]], [[[10.30641, 42.35155], [10.31593, 42.34077], [10.31324, 42.32392], [10.29444, 42.32803], [10.29705, 42.34488], [10.30641, 42.35155]]], [[[10.08432, 42.61469], [10.09791, 42.58389], [10.09539, 42.57697], [10.08578, 42.57245], [10.0586, 42.57599], [10.0503, 42.58194], [10.05258, 42.58902], [10.06275, 42.59203], [10.0726, 42.60041], [10.07944, 42.61392], [10.08432, 42.61469]]], [[[9.84181, 43.06342], [9.85481, 43.04427], [9.84213, 43.02496], [9.82295, 43.00846], [9.8015, 43.0078], [9.78459, 43.02844], [9.80694, 43.06641], [9.82578, 43.07463], [9.84181, 43.06342]]], [[[9.79225, 40.55695], [9.82643, 40.52961], [9.82667, 40.5196], [9.8152, 40.50251], [9.80877, 40.47077], [9.77809, 40.42723], [9.76173, 40.39069], [9.74936, 40.37727], [9.71241, 40.3664], [9.68312, 40.3242], [9.64552, 40.29609], [9.63461, 40.28262], [9.62615, 40.26309], [9.62485, 40.24775], [9.63111, 40.19619], [9.65463, 40.1446], [9.66505, 40.13158], [9.68784, 40.12067], [9.71022, 40.09634], [9.73227, 40.08393], [9.73032, 40.06855], [9.69337, 39.99291], [9.68727, 39.96117], [9.69662, 39.93378], [9.70973, 39.94033], [9.71567, 39.94013], [9.71778, 39.93378], [9.71453, 39.92451], [9.69662, 39.9195], [9.68434, 39.89423], [9.68385, 39.88251], [9.68979, 39.87173], [9.68312, 39.87173], [9.68312, 39.86555], [9.69662, 39.85806], [9.69662, 39.85187], [9.68426, 39.83991], [9.67555, 39.81891], [9.67026, 39.79377], [9.66879, 39.76927], [9.67628, 39.71809], [9.66481, 39.69139], [9.66041, 39.67072], [9.65113, 39.65249], [9.64894, 39.63898], [9.65577, 39.59455], [9.65301, 39.56684], [9.62843, 39.50178], [9.64487, 39.48395], [9.63901, 39.45246], [9.61411, 39.39936], [9.60206, 39.35566], [9.60043, 39.34101], [9.60353, 39.32624], [9.61158, 39.31656], [9.63461, 39.30317], [9.63461, 39.29694], [9.60727, 39.28901], [9.58188, 39.2663], [9.56756, 39.2381], [9.57325, 39.21381], [9.5656, 39.20506], [9.57993, 39.18708], [9.56642, 39.14924], [9.55779, 39.13972], [9.52272, 39.1249], [9.51857, 39.10456], [9.50709, 39.1114], [9.51189, 39.12442], [9.49635, 39.13361], [9.48072, 39.13556], [9.45037, 39.12442], [9.44288, 39.12442], [9.438, 39.13337], [9.4087, 39.14614], [9.38347, 39.16926], [9.36793, 39.17715], [9.34506, 39.19644], [9.31227, 39.20791], [9.29217, 39.22126], [9.28533, 39.21381], [9.25245, 39.22516], [9.21632, 39.22801], [9.19744, 39.22114], [9.18092, 39.20718], [9.16603, 39.18708], [9.13689, 39.19432], [9.11354, 39.21149], [9.07301, 39.24852], [9.06373, 39.24307], [9.03875, 39.26219], [9.01393, 39.2639], [9.01254, 39.26056], [9.02573, 39.25601], [9.02573, 39.24852], [9.02101, 39.24042], [9.03517, 39.23216], [9.03785, 39.22712], [9.05006, 39.22565], [9.07496, 39.22989], [9.07985, 39.2246], [9.07895, 39.21235], [9.03858, 39.17902], [9.02622, 39.16523], [9.01832, 39.14614], [9.01596, 39.12385], [9.01873, 39.10395], [9.03199, 39.06977], [9.04379, 39.05842], [9.04493, 39.05126], [9.02931, 39.03026], [9.01832, 38.99531], [9.02573, 38.99531], [9.01515, 38.98965], [9.00465, 38.99531], [8.99635, 38.98282], [8.89471, 38.90229], [8.87745, 38.89908], [8.86134, 38.88207], [8.85328, 38.878], [8.84148, 38.88056], [8.80543, 38.90595], [8.80543, 38.88544], [8.79103, 38.90445], [8.76661, 38.9204], [8.73951, 38.93065], [8.71656, 38.9326], [8.69459, 38.92524], [8.66879, 38.91059], [8.65162, 38.89155], [8.65512, 38.87116], [8.64096, 38.86433], [8.63478, 38.87116], [8.64283, 38.88996], [8.63315, 38.89558], [8.59986, 38.89908], [8.59986, 38.90595], [8.615, 38.923], [8.61549, 38.94758], [8.60328, 38.96491], [8.58009, 38.96052], [8.57228, 39.01362], [8.55958, 39.05671], [8.55209, 39.05671], [8.54428, 39.05126], [8.52084, 39.06086], [8.50441, 39.06293], [8.51808, 39.08344], [8.50441, 39.09089], [8.48276, 39.08039], [8.47332, 39.10737], [8.4651, 39.11945], [8.45428, 39.1249], [8.44223, 39.11815], [8.438, 39.12848], [8.43865, 39.15314], [8.43539, 39.16596], [8.41879, 39.17731], [8.41261, 39.17573], [8.4157, 39.16596], [8.40952, 39.16934], [8.40235, 39.18134], [8.39869, 39.20116], [8.38014, 39.20759], [8.37281, 39.22207], [8.37176, 39.23062], [8.37672, 39.23786], [8.42644, 39.28327], [8.43214, 39.30183], [8.4157, 39.32368], [8.41725, 39.33902], [8.38209, 39.35969], [8.37403, 39.37885], [8.37818, 39.38793], [8.40138, 39.41242], [8.40504, 39.42719], [8.40382, 39.43586], [8.386, 39.46552], [8.38689, 39.46979], [8.43531, 39.52521], [8.46339, 39.57685], [8.4559, 39.58438], [8.46388, 39.59789], [8.46217, 39.61713], [8.44972, 39.65884], [8.44679, 39.70409], [8.44223, 39.71467], [8.44646, 39.73086], [8.44402, 39.75702], [8.44606, 39.76252], [8.45973, 39.76048], [8.4686, 39.75495], [8.49977, 39.71621], [8.51694, 39.70213], [8.53826, 39.69603], [8.56577, 39.70108], [8.5145, 39.71369], [8.50441, 39.7215], [8.50685, 39.73847], [8.54526, 39.78294], [8.53858, 39.78294], [8.53053, 39.77041], [8.51808, 39.76252], [8.5298, 39.77253], [8.54884, 39.8072], [8.55519, 39.85269], [8.55356, 39.86396], [8.54526, 39.87857], [8.52345, 39.89887], [8.49415, 39.91242], [8.46306, 39.91413], [8.43539, 39.89899], [8.44223, 39.89281], [8.44557, 39.8981], [8.46339, 39.89899], [8.45183, 39.89289], [8.44467, 39.88361], [8.43539, 39.85806], [8.42872, 39.86555], [8.43751, 39.87678], [8.431, 39.8852], [8.39828, 39.90534], [8.39454, 39.91266], [8.39357, 39.92048], [8.40138, 39.94001], [8.39357, 39.97687], [8.39454, 39.98843], [8.4065, 40.00983], [8.40707, 40.0222], [8.39454, 40.0362], [8.38014, 40.0301], [8.37721, 40.03376], [8.38453, 40.04194], [8.40138, 40.04987], [8.43483, 40.05101], [8.4686, 40.06216], [8.48732, 40.08955], [8.49, 40.10448], [8.48512, 40.11811], [8.4673, 40.14472], [8.46339, 40.16315], [8.45965, 40.21601], [8.47641, 40.26215], [8.47608, 40.29214], [8.4629, 40.31452], [8.44125, 40.33145], [8.4157, 40.34528], [8.40821, 40.33784], [8.386, 40.35179], [8.38356, 40.37177], [8.39454, 40.42381], [8.37989, 40.46869], [8.36557, 40.49213], [8.33172, 40.51069], [8.31202, 40.57807], [8.29152, 40.59536], [8.26735, 40.59406], [8.21632, 40.57062], [8.19597, 40.57807], [8.20533, 40.59781], [8.21632, 40.61221], [8.19337, 40.6175], [8.17661, 40.60659], [8.16619, 40.58641], [8.16179, 40.56379], [8.14731, 40.59321], [8.14064, 40.62519], [8.17384, 40.64159], [8.18531, 40.65656], [8.18849, 40.68049], [8.19557, 40.68529], [8.19744, 40.69123], [8.17384, 40.69697], [8.14584, 40.72602], [8.1338, 40.72891], [8.20965, 40.86542], [8.21534, 40.88141], [8.21632, 40.8996], [8.20973, 40.91445], [8.17888, 40.92817], [8.1823, 40.9453], [8.19304, 40.96377], [8.20216, 40.97529], [8.20965, 40.97529], [8.21258, 40.96345], [8.22902, 40.96255], [8.23618, 40.95478], [8.22926, 40.92158], [8.23316, 40.9101], [8.27784, 40.86542], [8.31023, 40.85065], [8.42189, 40.83877], [8.47787, 40.82616], [8.50099, 40.82445], [8.52052, 40.82697], [8.5984, 40.85297], [8.61834, 40.86616], [8.63429, 40.88158], [8.64096, 40.89647], [8.70916, 40.92064], [8.7339, 40.92129], [8.75123, 40.91913], [8.76441, 40.9138], [8.82252, 40.94733], [8.83961, 40.96162], [8.87534, 41.00812], [8.88795, 41.01626], [8.88111, 41.02367], [8.9227, 41.03677], [8.94012, 41.06118], [8.95875, 41.07001], [8.99073, 41.09736], [9.00554, 41.12189], [9.02475, 41.12885], [9.09303, 41.1352], [9.10776, 41.13947], [9.13559, 41.16031], [9.14186, 41.15278], [9.15756, 41.16889], [9.16342, 41.18415], [9.16285, 41.22541], [9.17107, 41.24291], [9.23064, 41.26264], [9.23268, 41.25357], [9.23829, 41.24885], [9.25782, 41.24966], [9.26808, 41.23664], [9.26743, 41.20197], [9.27833, 41.19501], [9.27467, 41.19953], [9.27491, 41.21239], [9.27833, 41.22175], [9.28533, 41.22175], [9.28932, 41.20873], [9.28533, 41.19501], [9.31251, 41.20124], [9.33302, 41.18757], [9.33522, 41.21166], [9.35206, 41.20726], [9.38819, 41.18073], [9.38819, 41.18757], [9.40406, 41.18171], [9.42237, 41.18073], [9.42237, 41.17451], [9.4087, 41.16031], [9.42018, 41.15644], [9.44288, 41.13296], [9.43702, 41.12543], [9.43678, 41.11538], [9.44288, 41.09199], [9.46046, 41.12051], [9.47006, 41.12613], [9.46241, 41.1376], [9.45655, 41.14037], [9.46909, 41.14619], [9.50807, 41.14037], [9.52394, 41.14973], [9.53224, 41.14037], [9.52475, 41.13296], [9.54615, 41.12092], [9.55274, 41.12613], [9.55958, 41.12613], [9.56178, 41.12108], [9.56642, 41.11933], [9.56227, 41.09711], [9.54591, 41.0777], [9.53907, 41.09199], [9.52125, 41.03168], [9.51189, 41.01626], [9.53224, 41.01626], [9.52475, 41.0305], [9.54314, 41.03693], [9.55421, 41.03461], [9.55763, 41.02505], [9.55274, 41.00947], [9.55779, 41.00943], [9.55958, 41.01626], [9.56568, 41.01093], [9.57325, 41.00947], [9.58815, 41.0207], [9.61573, 41.0196], [9.6443, 41.01166], [9.66261, 41.00263], [9.65122, 40.99112], [9.636, 40.99238], [9.60426, 41.00263], [9.58758, 40.9958], [9.57887, 40.96198], [9.56642, 40.94864], [9.57114, 40.93488], [9.55747, 40.93122], [9.51189, 40.93431], [9.51254, 40.92797], [9.50424, 40.92691], [9.51197, 40.91519], [9.53907, 40.92064], [9.57325, 40.9064], [9.59278, 40.9099], [9.62257, 40.92377], [9.6421, 40.92064], [9.63152, 40.90485], [9.61411, 40.8996], [9.61411, 40.89338], [9.65577, 40.87604], [9.65772, 40.86396], [9.66326, 40.85822], [9.67172, 40.85871], [9.68312, 40.86542], [9.68979, 40.85586], [9.69939, 40.85004], [9.72397, 40.84492], [9.69109, 40.83625], [9.681, 40.82978], [9.68979, 40.81704], [9.68979, 40.81078], [9.67449, 40.81391], [9.66179, 40.80903], [9.65789, 40.79987], [9.66879, 40.79035], [9.66977, 40.80146], [9.67579, 40.78864], [9.70395, 40.75943], [9.7142, 40.72724], [9.74448, 40.68049], [9.75652, 40.59516], [9.76157, 40.58735], [9.78191, 40.58198], [9.79225, 40.55695]]], [[[9.47478, 41.23607], [9.47926, 41.21695], [9.47104, 41.1896], [9.47486, 41.17927], [9.47039, 41.17211], [9.46437, 41.17267], [9.44874, 41.18553], [9.44166, 41.18305], [9.43702, 41.18594], [9.44777, 41.20506], [9.44353, 41.21149], [9.44646, 41.2204], [9.45997, 41.24238], [9.47478, 41.23607]]], [[[9.42905, 41.2294], [9.43531, 41.21703], [9.39527, 41.2106], [9.37696, 41.21332], [9.37306, 41.22989], [9.39186, 41.24071], [9.39796, 41.25605], [9.41424, 41.26244], [9.42189, 41.26089], [9.42742, 41.2541], [9.43051, 41.24628], [9.42905, 41.2294]]], [[[8.45802, 39.06806], [8.4699, 39.06566], [8.47918, 39.07221], [8.4839, 39.06977], [8.46404, 39.05654], [8.45932, 39.04979], [8.46339, 39.04247], [8.45395, 39.02814], [8.43702, 38.96719], [8.43247, 38.96284], [8.42189, 38.96052], [8.40984, 38.96182], [8.40138, 38.98102], [8.36492, 39.02949], [8.34929, 39.06216], [8.35353, 39.09089], [8.34604, 39.09089], [8.34604, 39.09772], [8.36036, 39.11815], [8.38592, 39.10505], [8.41765, 39.10659], [8.44459, 39.10273], [8.45802, 39.06806]]], [[[8.25115, 41.04377], [8.25099, 41.0161], [8.24643, 40.99364], [8.20965, 40.9958], [8.22169, 41.01439], [8.22316, 41.03364], [8.22885, 41.04173], [8.26075, 41.06464], [8.27565, 41.06977], [8.27784, 41.10566], [8.30209, 41.10505], [8.31332, 41.1186], [8.32618, 41.12613], [8.32797, 41.11249], [8.34197, 41.09785], [8.34474, 41.08625], [8.34132, 41.07412], [8.33237, 41.06464], [8.27475, 41.05728], [8.25115, 41.04377]]], [[[8.30633, 39.16079], [8.31202, 39.12031], [8.30584, 39.10456], [8.29005, 39.09882], [8.26938, 39.10016], [8.25473, 39.10712], [8.25733, 39.12442], [8.23268, 39.14411], [8.22462, 39.15705], [8.22999, 39.1728], [8.24529, 39.18098], [8.30584, 39.19331], [8.30633, 39.16079]]]]}}]}