{"type": "FeatureCollection", "features": [{"type": "Feature", "properties": {"map_title": "게르만족의 이동", "source": "미래엔 세계사 교과서 1권 52쪽", "volume": 1, "page": 52, "name": "서로마 제국", "name_en": "Western Roman Empire", "period": "5세기", "kind": "국가", "legend": "서로마 제국령", "coast_snap": "Natural Earth 10m 해안선에 맞춤", "border_snap": "현대 국경(Natural Earth 10m)에 맞춘 구간 약 932 km", "group": "서로마 제국", "map_folder": "1권_p052_게르만족의 이동"}, "geometry": {"type": "MultiPolygon", "coordinates": [[[[-7.701, 33.58275], [-7.66755, 33.61269], [-7.64786, 33.60834], [-7.63622, 33.61456], [-7.60619, 33.60834], [-7.57925, 33.62074], [-7.52912, 33.63264], [-7.49706, 33.64997], [-7.46328, 33.6865], [-7.43432, 33.69823], [-7.40635, 33.72699], [-7.38713, 33.73247], [-7.39395, 33.72504], [-7.37385, 33.71931], [-7.35261, 33.72468], [-7.26749, 33.77241], [-7.22905, 33.80105], [-7.15282, 33.82999], [-7.09948, 33.84028], [-7.06785, 33.86366], [-7.03181, 33.87425], [-6.92736, 33.94416], [-6.82209, 34.03962], [-6.73375, 34.16258], [-6.66779, 34.2805], [-6.55793, 34.41771], [-6.5309, 34.47402], [-6.50792, 34.50479], [-6.2921, 34.8808], [-6.2053, 35.12477], [-6.02392, 35.50117], [-6.01237, 35.55864], [-5.99083, 35.59854], [-5.96523, 35.67023], [-5.95206, 35.68549], [-5.94302, 35.74267], [-5.92722, 35.78074], [-5.90802, 35.79734], [-5.8734, 35.80198], [-5.7814, 35.79092], [-5.76928, 35.79279], [-5.72988, 35.82265], [-5.69351, 35.83428], [-5.6809, 35.82917], [-5.66344, 35.83587], [-5.63972, 35.83636], [-5.61596, 35.83152], [-5.59899, 35.82233], [-5.54003, 35.85098], [-5.46885, 35.91034], [-5.44783, 35.91851], [-5.4235, 35.90896], [-5.4142, 35.9094], [-5.40549, 35.92651], [-5.3662, 35.92474], [-5.32738, 35.90424], [-5.30932, 35.90082], [-5.28309, 35.91167], [-5.29187, 35.89054], [-5.33556, 35.86237], [-5.34569, 35.83259], [-5.32735, 35.75553], [-5.32056, 35.71046], [-5.3048, 35.68521], [-5.27677, 35.6852], [-5.27676, 35.6579], [-5.24942, 35.58462], [-5.1508, 35.51609], [-5.06627, 35.41747], [-5.05085, 35.40754], [-5.00822, 35.39923], [-4.98881, 35.38805], [-4.95471, 35.36245], [-4.90933, 35.31452], [-4.86499, 35.30198], [-4.81062, 35.26], [-4.7705, 35.24103], [-4.62828, 35.20539], [-4.49404, 35.18052], [-4.37605, 35.15184], [-4.34765, 35.15013], [-4.32706, 35.15477], [-4.26939, 35.18487], [-4.13061, 35.20478], [-4.0467, 35.23589], [-3.96129, 35.25043], [-3.91935, 35.26682], [-3.90943, 35.25528], [-3.92953, 35.24382], [-3.9039, 35.21417], [-3.88926, 35.20841], [-3.84089, 35.20539], [-3.78747, 35.20922], [-3.7648, 35.21845], [-3.74696, 35.26382], [-3.72622, 35.28229], [-3.69957, 35.29083], [-3.67336, 35.28779], [-3.59097, 35.2333], [-3.51602, 35.22353], [-3.48933, 35.211], [-3.45385, 35.2116], [-3.41291, 35.19794], [-3.36205, 35.19452], [-3.31924, 35.20181], [-3.19514, 35.23823], [-3.17394, 35.24909], [-3.11803, 35.29413], [-3.08967, 35.28628], [-3.07706, 35.28791], [-3.0454, 35.31444], [-3.00624, 35.39354], [-2.98082, 35.42451], [-2.9827, 35.43521], [-2.97792, 35.4433], [-2.96858, 35.44643], [-2.95666, 35.44122], [-2.95223, 35.43305], [-2.95759, 35.41584], [-2.95296, 35.404], [-2.96304, 35.37348], [-2.94811, 35.33027], [-2.89905, 35.26], [-2.90795, 35.25096], [-2.91234, 35.23579], [-2.90514, 35.17357], [-2.88199, 35.14672], [-2.85607, 35.13129], [-2.82095, 35.12189], [-2.74812, 35.11595], [-2.79181, 35.14517], [-2.8681, 35.21719], [-2.88315, 35.23851], [-2.8784, 35.24631], [-2.7611, 35.14326], [-2.71833, 35.12299], [-2.66674, 35.10822], [-2.56322, 35.09614], [-2.51749, 35.09935], [-2.49332, 35.1044], [-2.43712, 35.14507], [-2.41674, 35.14914], [-2.32144, 35.11884], [-2.27552, 35.10963], [-2.22256, 35.0893], [-2.2001, 35.09612], [-2.18639, 35.08869], [-2.15689, 35.10097], [-2.05236, 35.07502], [-1.9877, 35.08246], [-1.95645, 35.07502], [-1.93248, 35.08868], [-1.83869, 35.11091], [-1.81273, 35.12652], [-1.76114, 35.12962], [-1.74559, 35.13882], [-1.71279, 35.17059], [-1.63769, 35.19452], [-1.62949, 35.21222], [-1.51036, 35.29547], [-1.49057, 35.301], [-1.3959, 35.30939], [-1.364, 35.31835], [-1.33266, 35.34934], [-1.31379, 35.35375], [-1.29483, 35.36457], [-1.26773, 35.39033], [-1.24729, 35.45775], [-1.22541, 35.49128], [-1.18333, 35.57647], [-1.14802, 35.5821], [-1.117, 35.61688], [-1.05207, 35.66096], [-1.03294, 35.68259], [-0.99669, 35.6896], [-0.94649, 35.71919], [-0.92293, 35.7251], [-0.91024, 35.7243], [-0.8994, 35.71182], [-0.88756, 35.71597], [-0.84948, 35.73432], [-0.82501, 35.76853], [-0.80167, 35.7739], [-0.77717, 35.75642], [-0.7113, 35.74298], [-0.69245, 35.71931], [-0.62645, 35.72297], [-0.58934, 35.7425], [-0.57725, 35.77081], [-0.54092, 35.76777], [-0.52343, 35.77969], [-0.47704, 35.85936], [-0.47947, 35.89003], [-0.47379, 35.89125], [-0.45906, 35.88378], [-0.41804, 35.88378], [-0.34854, 35.90704], [-0.33618, 35.90082], [-0.33145, 35.88955], [-0.30192, 35.87758], [-0.29851, 35.86717], [-0.3046, 35.8535], [-0.30191, 35.84284], [-0.28555, 35.82827], [-0.25943, 35.81753], [-0.18806, 35.80523], [-0.12389, 35.78693], [-0.08308, 35.79438], [-0.03848, 35.8133], [0.00294, 35.83804], [0.03452, 35.86327], [0.06996, 35.92182], [0.11402, 36.0102], [0.1273, 36.05076], [0.15398, 36.06501], [0.21928, 36.1164], [0.28346, 36.13443], [0.32106, 36.15888], [0.32927, 36.16498], [0.34231, 36.20595], [0.38424, 36.21793], [0.45135, 36.22321], [0.55666, 36.28407], [0.59457, 36.29316], [0.64406, 36.32883], [0.75327, 36.33861], [0.80226, 36.36358], [0.86476, 36.37739], [0.92514, 36.41816], [0.9363, 36.44359], [0.94557, 36.45233], [1.00709, 36.46686], [1.04477, 36.48687], [1.11695, 36.48713], [1.17873, 36.51088], [1.26547, 36.51533], [1.34669, 36.54498], [1.36769, 36.54791], [1.45281, 36.52802], [1.47633, 36.52896], [1.51774, 36.53874], [1.71656, 36.54792], [1.76124, 36.56158], [1.80291, 36.55536], [1.85788, 36.56746], [1.91383, 36.57021], [1.97283, 36.56159], [2.05991, 36.57014], [2.32992, 36.63729], [2.35157, 36.63832], [2.3733, 36.63385], [2.39185, 36.62425], [2.40406, 36.59919], [2.44728, 36.59056], [2.60076, 36.59634], [2.63299, 36.60513], [2.72756, 36.66522], [2.79298, 36.69294], [2.8187, 36.71088], [2.85008, 36.75423], [2.87567, 36.7748], [2.93287, 36.80844], [2.97682, 36.81582], [3.01417, 36.8117], [3.04763, 36.7951], [3.10182, 36.7519], [3.14015, 36.74164], [3.17937, 36.74283], [3.21046, 36.75739], [3.2212, 36.77143], [3.22732, 36.81231], [3.2378, 36.81304], [3.30299, 36.78876], [3.34051, 36.78071], [3.48048, 36.77725], [3.55047, 36.79145], [3.57057, 36.80857], [3.61207, 36.80858], [3.64967, 36.82396], [3.70949, 36.87319], [3.74188, 36.89117], [3.82775, 36.91293], [3.87414, 36.91718], [3.9126, 36.9116], [3.94825, 36.8933], [3.96404, 36.89118], [4.03142, 36.89777], [4.08546, 36.89207], [4.10483, 36.88373], [4.15952, 36.90419], [4.21046, 36.89118], [4.26198, 36.91159], [4.32032, 36.89802], [4.44096, 36.91157], [4.46843, 36.90587], [4.50408, 36.88931], [4.53639, 36.88857], [4.55055, 36.88373], [4.58182, 36.89493], [4.62326, 36.89636], [4.69801, 36.89118], [4.76905, 36.89801], [4.78741, 36.89531], [4.94987, 36.83978], [4.97364, 36.81891], [5.00928, 36.81606], [5.02914, 36.79499], [5.04591, 36.78852], [5.08619, 36.78083], [5.10481, 36.78131], [5.08481, 36.73261], [5.09018, 36.71678], [5.11842, 36.69937], [5.23585, 36.65095], [5.26905, 36.64411], [5.30437, 36.64301], [5.37241, 36.65095], [5.43385, 36.66522], [5.46485, 36.66523], [5.48911, 36.68512], [5.52915, 36.69766], [5.549, 36.7097], [5.56277, 36.74599], [5.59393, 36.77386], [5.65594, 36.79182], [5.67457, 36.79963], [5.71047, 36.8255], [5.73347, 36.83227], [5.7588, 36.83339], [5.82781, 36.82176], [5.86883, 36.82294], [6.03712, 36.85358], [6.19703, 36.90233], [6.23569, 36.92121], [6.25685, 36.94579], [6.25442, 36.99897], [6.26687, 37.01776], [6.33872, 37.06927], [6.37191, 37.08355], [6.41578, 37.09295], [6.46216, 37.09393], [6.50269, 37.08294], [6.54419, 37.05878], [6.54705, 37.0412], [6.57275, 37.02777], [6.58326, 36.98981], [6.59946, 36.97309], [6.61411, 36.97784], [6.67115, 36.95942], [6.82227, 36.95256], [6.86963, 36.92918], [6.88004, 36.91844], [6.87965, 36.90209], [6.90943, 36.89305], [6.9756, 36.89118], [7.06446, 36.91332], [7.0923, 36.92592], [7.13331, 36.91527], [7.15699, 36.9147], [7.17668, 36.93204], [7.23292, 36.96686], [7.25424, 36.9947], [7.25554, 37.01537], [7.21111, 37.05703], [7.18166, 37.07673], [7.18166, 37.08294], [7.22267, 37.08978], [7.27475, 37.06932], [7.29266, 37.0825], [7.33595, 37.06928], [7.36997, 37.08294], [7.38347, 37.08298], [7.40463, 37.05158], [7.43855, 37.04852], [7.45607, 37.04198], [7.49024, 37.05499], [7.58888, 36.98762], [7.63356, 36.98054], [7.66188, 36.98846], [7.67449, 36.98675], [7.69597, 36.97699], [7.71274, 36.9632], [7.77076, 36.97012], [7.79857, 36.99357], [7.77426, 36.93146], [7.79117, 36.91844], [7.77345, 36.88996], [7.80991, 36.86815], [7.86647, 36.8544], [7.90846, 36.84956], [8.04998, 36.87759], [8.09325, 36.90189], [8.23316, 36.95806], [8.26873, 36.93374], [8.2881, 36.92593], [8.35571, 36.92595], [8.37403, 36.91844], [8.38884, 36.92323], [8.42872, 36.9042], [8.46323, 36.90156], [8.49757, 36.9042], [8.69215, 36.96938], [8.71656, 36.97308], [8.79053, 36.97308], [8.82364, 36.92846], [8.84105, 36.89604], [8.86911, 36.81167], [8.92507, 36.81119], [9.05125, 36.7901], [9.08508, 36.7913], [9.30116, 36.85811], [9.30827, 36.86454], [9.24134, 36.9544], [9.21323, 37.02075], [9.20532, 37.05547], [9.20167, 37.09109], [9.20743, 37.16102], [9.23294, 37.23409], [9.34254, 37.23534], [9.38071, 37.24746], [9.41912, 37.27581], [9.44288, 37.26655], [9.45387, 37.2683], [9.51734, 37.28669], [9.55275, 37.3095], [9.57309, 37.30024], [9.59148, 37.30292], [9.64927, 37.33184], [9.7103, 37.33617], [9.74464, 37.34519], [9.77345, 37.33051], [9.85888, 37.32879], [9.86166, 37.27119], [9.83074, 37.25121], [9.79273, 37.23802], [9.77182, 37.21332], [9.7907, 37.17841], [9.80151, 37.16913], [9.80779, 37.15502], [9.81593, 37.15184], [9.85971, 37.14704], [9.87989, 37.15009], [9.91432, 37.17829], [9.9253, 37.19676], [9.92498, 37.21312], [9.86118, 37.23383], [9.8196, 37.22762], [9.81959, 37.23383], [9.85353, 37.2495], [9.86744, 37.26171], [9.8825, 37.26357], [9.97983, 37.24604], [9.99781, 37.24746], [10.05128, 37.26658], [10.05957, 37.26489], [10.07586, 37.24494], [10.14624, 37.23651], [10.17872, 37.21271], [10.2531, 37.19138], [10.27212, 37.17854], [10.24008, 37.17178], [10.21128, 37.15869], [10.20582, 37.17512], [10.17799, 37.17796], [10.14601, 37.17121], [10.1281, 37.15868], [10.13543, 37.14232], [10.16163, 37.13434], [10.19191, 37.13325], [10.21127, 37.13759], [10.21817, 37.12896], [10.2303, 37.1081], [10.22438, 37.09596], [10.21754, 37.1103], [10.17433, 37.07624], [10.18238, 37.02704], [10.22006, 36.97663], [10.26588, 36.93891], [10.31372, 36.91844], [10.34716, 36.88027], [10.34196, 36.8686], [10.31902, 36.85025], [10.30933, 36.82978], [10.29883, 36.82177], [10.28517, 36.81997], [10.27216, 36.82909], [10.27955, 36.84431], [10.27019, 36.84846], [10.25294, 36.84634], [10.2107, 36.83185], [10.19361, 36.81232], [10.18849, 36.79759], [10.20289, 36.79263], [10.23422, 36.79189], [10.24724, 36.78628], [10.27215, 36.81606], [10.29363, 36.77774], [10.32008, 36.74876], [10.35532, 36.73119], [10.403, 36.72671], [10.43699, 36.72884], [10.48773, 36.74964], [10.51871, 36.7558], [10.53823, 36.77203], [10.56692, 36.86322], [10.58475, 36.87601], [10.60613, 36.8797], [10.6526, 36.8769], [10.69467, 36.88345], [10.73347, 36.89581], [10.78321, 36.92442], [10.82309, 36.95393], [10.8301, 36.96824], [10.88754, 37.00601], [10.89584, 37.01411], [10.89845, 37.02521], [10.89293, 37.03864], [10.90212, 37.04881], [10.92368, 37.05702], [10.97413, 37.06127], [11.01271, 37.08477], [11.03337, 37.08746], [11.05114, 37.0801], [11.0603, 37.06248], [11.04859, 37.04198], [11.04835, 37.02033], [11.06398, 36.99006], [11.08773, 36.95941], [11.09449, 36.91844], [11.13621, 36.87053], [11.13054, 36.85404], [11.11676, 36.83842], [11.07673, 36.82519], [11.02214, 36.78828], [10.99238, 36.74387], [10.94993, 36.69388], [10.87952, 36.58848], [10.82565, 36.47981], [10.79992, 36.45189], [10.71715, 36.43455], [10.62044, 36.39029], [10.58556, 36.39813], [10.55093, 36.37726], [10.51908, 36.33747], [10.49107, 36.25807], [10.47927, 36.21696], [10.4747, 36.11249], [10.47953, 36.07933], [10.51857, 35.97997], [10.55649, 35.93797], [10.58228, 35.92181], [10.60857, 35.85586], [10.62208, 35.8426], [10.6937, 35.78779], [10.74362, 35.76967], [10.80372, 35.78692], [10.82308, 35.78045], [10.8414, 35.76655], [10.83034, 35.75323], [10.82452, 35.73339], [10.8296, 35.71312], [10.84116, 35.6988], [10.97182, 35.65414], [11.01197, 35.65789], [11.04099, 35.63772], [11.055, 35.61448], [11.0171, 35.60228], [11.01197, 35.57905], [11.0149, 35.55516], [11.02394, 35.53376], [11.03924, 35.5185], [11.08503, 35.50678], [11.05769, 35.48673], [11.05067, 35.45978], [11.04553, 35.43476], [11.0494, 35.39126], [11.03719, 35.37082], [11.04223, 35.33443], [11.10133, 35.26683], [11.12208, 35.25365], [11.16077, 35.23823], [11.15915, 35.21877], [11.13135, 35.21796], [11.11158, 35.2056], [11.0923, 35.17395], [11.06291, 35.15364], [11.03498, 35.10706], [11.01588, 35.09284], [11.02244, 35.0645], [11.01809, 35.03419], [10.98436, 34.99942], [10.94586, 34.98353], [10.91765, 34.95742], [10.92494, 34.93412], [10.91652, 34.91332], [10.91632, 34.87357], [10.8755, 34.84907], [10.85629, 34.83088], [10.87141, 34.79737], [10.83489, 34.7834], [10.81126, 34.76888], [10.77904, 34.7395], [10.76346, 34.71345], [10.74399, 34.69868], [10.7347, 34.68086], [10.71729, 34.66475], [10.70118, 34.65596], [10.62526, 34.63325], [10.60743, 34.59333], [10.59701, 34.54472], [10.58161, 34.53269], [10.55937, 34.5235], [10.46599, 34.51195], [10.4319, 34.49632], [10.37872, 34.42309], [10.33041, 34.4126], [10.30006, 34.41771], [10.2881, 34.41401], [10.24724, 34.37215], [10.18678, 34.35195], [10.16667, 34.33882], [10.12672, 34.32563], [10.10216, 34.30407], [10.08961, 34.27269], [10.03291, 34.18484], [10.00522, 34.17064], [10.01837, 34.13367], [10.0215, 34.07331], [10.04884, 33.98347], [10.0713, 33.94623], [10.1631, 33.83625], [10.18705, 33.82161], [10.33025, 33.70283], [10.36769, 33.68407], [10.44606, 33.65542], [10.48927, 33.64712], [10.55837, 33.65572], [10.63407, 33.67363], [10.69734, 33.70247], [10.71664, 33.70692], [10.73998, 33.67158], [10.73691, 33.60286], [10.70752, 33.5817], [10.69142, 33.57612], [10.67905, 33.56257], [10.67408, 33.5456], [10.70362, 33.49604], [10.71713, 33.48355], [10.73813, 33.47801], [10.78053, 33.48575], [10.85622, 33.52431], [10.90943, 33.53962], [10.92514, 33.55508], [10.93279, 33.57404], [10.92628, 33.59125], [10.9092, 33.60786], [10.90652, 33.61644], [10.93621, 33.63628], [10.96062, 33.62767], [10.97145, 33.6319], [10.97788, 33.64312], [10.98463, 33.64312], [11.0603, 33.60833], [11.10815, 33.54962], [11.11661, 33.48998], [11.08993, 33.45415], [11.10753, 33.40249], [9.93129, 33.52684], [9.83116, 33.6067], [9.71712, 33.74042], [9.66281, 33.82164], [9.64298, 33.85945], [9.62489, 33.91064], [9.61673, 33.91651], [8.69059, 33.98268], [8.34738, 34.0024], [8.02622, 34.01869], [7.07195, 34.04867], [6.93386, 34.2482], [6.8872, 34.30649], [6.83309, 34.35894], [6.68327, 34.48311], [6.48777, 34.66846], [6.29383, 34.81404], [6.0772, 34.94638], [5.84112, 35.0647], [5.5891, 35.16817], [5.52816, 35.18844], [5.32479, 35.25579], [5.05273, 35.32665], [4.7752, 35.38077], [4.43003, 35.41951], [4.0844, 35.42592], [3.73977, 35.40505], [3.39833, 35.36176], [3.06244, 35.30067], [2.73263, 35.22543], [2.41086, 35.13937], [1.73588, 34.93301], [1.37424, 34.81524], [1.1939, 34.7437], [0.97041, 34.64092], [0.64301, 34.49933], [0.50453, 34.44473], [0.3622, 34.39694], [-0.10618, 34.2768], [-0.46102, 34.15732], [-0.60845, 34.11212], [-0.75753, 34.07786], [-1.27479, 33.97706], [-1.63709, 33.87154], [-1.95931, 33.80587], [-2.22722, 33.76041], [-2.50094, 33.72312], [-2.77747, 33.6963], [-3.05401, 33.682], [-3.32834, 33.68212], [-3.59748, 33.69866], [-4.0453, 33.76267], [-4.23797, 33.78436], [-4.43509, 33.79844], [-4.53568, 33.8017], [-4.63628, 33.80487], [-4.84098, 33.8038], [-5.04851, 33.7956], [-5.25801, 33.78074], [-5.46805, 33.75989], [-5.56637, 33.74023], [-5.65491, 33.70959], [-5.82674, 33.63961], [-5.88883, 33.62202], [-6.08654, 33.58282], [-6.15676, 33.56018], [-6.3208, 33.49611], [-6.42651, 33.46895], [-6.70297, 33.40768], [-7.05845, 33.29744], [-7.25924, 33.25651], [-7.28128, 33.24782], [-7.32392, 33.20938], [-7.36198, 33.20496], [-7.45116, 33.21099], [-7.49127, 33.20611], [-7.54863, 33.18527], [-7.61695, 33.14973], [-7.66934, 33.1898], [-7.67842, 33.19129], [-7.74944, 33.1635], [-7.82188, 33.14383], [-7.97079, 33.09004], [-8.05115, 33.07264], [-8.06925, 33.05693], [-8.14047, 33.09929], [-8.19751, 33.15032], [-8.22155, 33.17936], [-8.29439, 33.29347], [-8.31781, 33.34481], [-8.32378, 33.36168], [-8.28465, 33.38983], [-8.24337, 33.40445], [-8.10656, 33.43085], [-7.96277, 33.48473], [-7.89143, 33.50336], [-7.8695, 33.52665], [-7.77798, 33.55329], [-7.701, 33.58275]]], [[[-7.90396, 36.97484], [-7.88402, 36.98086], [-7.8601, 37.00043], [-7.85328, 36.98677], [-7.87849, 36.97086], [-7.90388, 36.9659], [-7.93138, 36.96651], [-7.95571, 36.9731], [-7.95571, 36.98052], [-7.90396, 36.97484]]], [[[-7.90606, 36.99608], [-7.88117, 37.0006], [-7.88785, 36.99531], [-7.87881, 36.99283], [-7.89497, 36.98937], [-7.90606, 36.99608]]], [[[-0.7265, 37.66522], [-0.74688, 37.68379], [-0.75449, 37.77439], [-0.74943, 37.77488], [-0.73275, 37.74775], [-0.74185, 37.72553], [-0.74014, 37.70246], [-0.7265, 37.66522]]], [[[-8.84024, 38.48754], [-8.83462, 38.48249], [-8.83988, 38.4738], [-8.84724, 38.48656], [-8.84024, 38.48754]]], [[[1.44977, 38.47514], [1.40138, 38.48967], [1.37458, 38.51735], [1.35559, 38.55746], [1.35403, 38.58022], [1.3686, 38.60495], [1.44743, 38.67514], [1.56838, 38.72106], [1.6074, 38.73009], [1.62868, 38.72768], [1.66859, 38.7141], [1.69004, 38.70128], [1.69858, 38.68553], [1.69287, 38.64962], [1.67759, 38.61474], [1.62779, 38.5532], [1.59164, 38.51621], [1.55542, 38.48735], [1.53865, 38.47828], [1.50835, 38.47203], [1.44977, 38.47514]]], [[[-9.03527, 38.87054], [-9.0413, 38.84943], [-9.07315, 38.8182], [-9.07964, 38.82014], [-9.06139, 38.85224], [-9.03527, 38.87054]]], [[[-9.02001, 38.87853], [-9.01244, 38.88219], [-9.0065, 38.87853], [-9.00121, 38.87059], [-9.00276, 38.8614], [-9.01675, 38.85722], [-9.02603, 38.86477], [-9.02001, 38.87853]]], [[[-9.01806, 38.91991], [-9.0135, 38.91401], [-9.0205, 38.8944], [-9.02757, 38.88899], [-9.01806, 38.91991]]], [[[3.3812, 39.12971], [3.34978, 39.09273], [3.31089, 39.05637], [3.27128, 39.03003], [3.25346, 39.02346], [3.2409, 39.0238], [3.22864, 39.0293], [3.18282, 39.07245], [3.16149, 39.08628], [3.14564, 39.08849], [3.03861, 39.08751], [3.02192, 39.09128], [3.01026, 39.09809], [3.00389, 39.10899], [3.0012, 39.12379], [3.00297, 39.19503], [2.9976, 39.22167], [2.96895, 39.2558], [2.94115, 39.27444], [2.93351, 39.27532], [2.92261, 39.27014], [2.86033, 39.19362], [2.84468, 39.18347], [2.82915, 39.18165], [2.81175, 39.18973], [2.79477, 39.20553], [2.77925, 39.22734], [2.76611, 39.25315], [2.75005, 39.30755], [2.74881, 39.3312], [2.75346, 39.34914], [2.76631, 39.36179], [2.78459, 39.36787], [2.80589, 39.3687], [2.88757, 39.35723], [2.9004, 39.35898], [2.91188, 39.36451], [2.93888, 39.38827], [3.01199, 39.4808], [3.05055, 39.51972], [3.1369, 39.58922], [3.25536, 39.67624], [3.24177, 39.6288], [3.24112, 39.61259], [3.244, 39.60801], [3.25831, 39.61153], [3.30093, 39.63694], [3.308, 39.639], [3.31132, 39.6367], [3.30484, 39.61571], [3.26298, 39.54571], [3.26183, 39.53582], [3.26495, 39.52807], [3.2797, 39.51334], [3.30129, 39.50224], [3.32422, 39.49826], [3.33441, 39.50021], [3.35692, 39.519], [3.40311, 39.58107], [3.42674, 39.59952], [3.4552, 39.6031], [3.49, 39.59871], [3.52023, 39.58731], [3.5301, 39.57951], [3.53458, 39.57064], [3.53397, 39.54905], [3.52822, 39.52341], [3.46289, 39.35528], [3.42402, 39.21828], [3.40348, 39.16581], [3.3812, 39.12971]]], [[[4.14567, 39.73578], [4.09707, 39.75891], [4.05549, 39.76174], [3.97696, 39.75439], [3.93028, 39.75335], [3.91276, 39.75705], [3.88987, 39.77295], [3.87099, 39.79835], [3.86061, 39.82583], [3.86302, 39.84822], [3.87139, 39.85717], [3.90176, 39.87357], [3.94165, 39.88703], [4.01858, 39.90197], [4.0743, 39.90412], [4.21544, 39.90248], [4.31049, 39.82935], [4.34352, 39.7968], [4.37108, 39.75895], [4.38503, 39.73184], [4.3887, 39.70898], [4.38504, 39.69971], [4.36802, 39.67773], [4.34309, 39.65725], [4.31621, 39.64556], [4.30386, 39.64529], [4.27917, 39.65278], [4.25309, 39.66558], [4.14567, 39.73578]]], [[[-8.81664, 40.12311], [-8.82795, 40.12364], [-8.84142, 40.13418], [-8.84821, 40.14684], [-8.82771, 40.14374], [-8.79609, 40.13084], [-8.81664, 40.12311]]], [[[-5.44551, 36.05745], [-5.61176, 36.00647], [-5.62971, 36.03677], [-5.68936, 36.06712], [-5.71312, 36.05997], [-5.79605, 36.08553], [-5.83275, 36.12238], [-5.8979, 36.1739], [-5.91718, 36.18407], [-5.98355, 36.177], [-6.03677, 36.18953], [-6.06248, 36.21724], [-6.10473, 36.28071], [-6.15944, 36.30432], [-6.18419, 36.37071], [-6.21836, 36.40246], [-6.27961, 36.5113], [-6.30999, 36.53412], [-6.29768, 36.53875], [-6.28938, 36.53729], [-6.2577, 36.51391], [-6.24899, 36.50475], [-6.2541, 36.49628], [-6.23148, 36.47268], [-6.2115, 36.48054], [-6.17935, 36.51354], [-6.20682, 36.5089], [-6.22435, 36.51086], [-6.23244, 36.52619], [-6.22602, 36.55667], [-6.23489, 36.57575], [-6.28319, 36.61237], [-6.29385, 36.61685], [-6.37954, 36.6242], [-6.39467, 36.63691], [-6.40697, 36.6767], [-6.43154, 36.71459], [-6.43783, 36.7331], [-6.43333, 36.7512], [-6.41453, 36.76764], [-6.35888, 36.78583], [-6.34561, 36.79499], [-6.33519, 36.81826], [-6.34374, 36.85993], [-6.33821, 36.88373], [-6.30435, 36.90721], [-6.22326, 36.90233], [-6.19481, 36.93212], [-6.23965, 36.9134], [-6.26504, 36.91291], [-6.28356, 36.92593], [-6.32592, 36.91267], [-6.34472, 36.90127], [-6.35245, 36.88028], [-6.34667, 36.81989], [-6.35245, 36.80858], [-6.388, 36.80818], [-6.41624, 36.8378], [-6.44864, 36.9042], [-6.4711, 36.93561], [-6.49958, 36.95966], [-6.74486, 37.10139], [-6.81175, 37.12373], [-6.85302, 37.15111], [-6.89288, 37.16658], [-6.91088, 37.18895], [-6.91762, 37.21507], [-6.85269, 37.29523], [-6.90347, 37.24958], [-6.9309, 37.23401], [-6.96255, 37.23383], [-6.96255, 37.22761], [-6.93008, 37.18317], [-6.92847, 37.17236], [-6.94164, 37.1711], [-7.02937, 37.20551], [-7.10104, 37.22425], [-7.12735, 37.21475], [-7.08558, 37.2065], [-7.32787, 37.20156], [-7.36291, 37.18172], [-7.38142, 37.17993], [-7.41442, 37.19282], [-7.40022, 37.17853], [-7.40763, 37.16488], [-7.42431, 37.17504], [-7.44571, 37.17963], [-7.49014, 37.17853], [-7.51179, 37.17178], [-7.62735, 37.11396], [-7.63536, 37.10531], [-7.78661, 37.02269], [-7.81957, 36.99873], [-7.87072, 37.00788], [-7.93244, 37.00854], [-7.94953, 37.01411], [-7.95839, 37.00266], [-7.9912, 37.01411], [-7.97681, 36.9868], [-7.99926, 37.01325], [-8.03527, 37.0375], [-8.10656, 37.06928], [-8.14747, 37.07654], [-8.17915, 37.0881], [-8.2932, 37.07771], [-8.36538, 37.098], [-8.39522, 37.08715], [-8.43883, 37.08274], [-8.48425, 37.09418], [-8.53746, 37.11783], [-8.58015, 37.12397], [-8.64159, 37.11774], [-8.68628, 37.08296], [-8.74767, 37.08295], [-8.79858, 37.06249], [-8.83722, 37.05659], [-8.85916, 37.04081], [-8.87892, 37.04721], [-8.90487, 37.02788], [-8.94603, 37.00789], [-8.9829, 37.0266], [-8.99786, 37.02149], [-8.98557, 37.06338], [-8.94179, 37.11871], [-8.91356, 37.16991], [-8.9227, 37.19965], [-8.88137, 37.23248], [-8.86709, 37.27673], [-8.88275, 37.30993], [-8.86667, 37.33515], [-8.83866, 37.36032], [-8.83335, 37.38459], [-8.81599, 37.41791], [-8.79786, 37.4896], [-8.7955, 37.53536], [-8.8013, 37.55906], [-8.82436, 37.58756], [-8.82651, 37.60057], [-8.7993, 37.69757], [-8.75764, 37.70673], [-8.75219, 37.73078], [-8.75219, 37.73456], [-8.76183, 37.72777], [-8.78383, 37.72318], [-8.8087, 37.7229], [-8.81698, 37.74051], [-8.79718, 37.84487], [-8.80481, 37.90187], [-8.82067, 37.92727], [-8.85387, 37.93229], [-8.89483, 37.95254], [-8.89004, 37.96092], [-8.8675, 37.97362], [-8.81568, 38.06212], [-8.79706, 38.13299], [-8.7744, 38.18695], [-8.79507, 38.35923], [-8.82094, 38.39882], [-8.87829, 38.44916], [-8.91466, 38.47285], [-8.94259, 38.48139], [-8.92732, 38.4938], [-8.90454, 38.48638], [-8.8675, 38.46088], [-8.80017, 38.43911], [-8.79857, 38.42609], [-8.75699, 38.4273], [-8.65689, 38.40595], [-8.6068, 38.41869], [-8.66275, 38.42451], [-8.73635, 38.45204], [-8.74511, 38.46047], [-8.7525, 38.48798], [-8.75087, 38.50063], [-8.73717, 38.51488], [-8.73717, 38.52237], [-8.75144, 38.52645], [-8.76121, 38.53808], [-8.76423, 38.55207], [-8.75764, 38.5633], [-8.77335, 38.56533], [-8.79297, 38.5336], [-8.81286, 38.52855], [-8.81286, 38.52237], [-8.79065, 38.51992], [-8.78028, 38.50544], [-8.78003, 38.48909], [-8.78841, 38.4814], [-8.83227, 38.48705], [-8.90583, 38.5124], [-8.95489, 38.50514], [-8.99976, 38.46425], [-8.99189, 38.45948], [-9.0486, 38.44068], [-9.14566, 38.43138], [-9.18215, 38.41564], [-9.20036, 38.41249], [-9.23061, 38.4187], [-9.23105, 38.43768], [-9.19003, 38.47253], [-9.18387, 38.50413], [-9.18379, 38.55154], [-9.20807, 38.59742], [-9.23845, 38.63542], [-9.25266, 38.66548], [-9.23439, 38.67335], [-9.14504, 38.68106], [-9.12413, 38.67097], [-9.11392, 38.65888], [-9.10774, 38.65888], [-9.11391, 38.67938], [-9.0524, 38.69367], [-9.05238, 38.69989], [-9.02141, 38.72634], [-8.94262, 38.77558], [-8.97022, 38.83523], [-8.96312, 38.85065], [-8.98631, 38.84944], [-8.99682, 38.86555], [-9.01154, 38.9134], [-8.96911, 38.98395], [-8.94323, 39.0152], [-8.90844, 39.03628], [-8.84553, 39.04291], [-8.82653, 39.04926], [-8.79035, 39.07062], [-8.76513, 39.09772], [-8.83641, 39.05671], [-8.92272, 39.04926], [-8.93586, 39.04072], [-9.00353, 38.95775], [-9.05891, 38.87141], [-9.10025, 38.83023], [-9.10656, 38.81379], [-9.09826, 38.73786], [-9.11251, 38.71419], [-9.16366, 38.70162], [-9.22017, 38.6939], [-9.28521, 38.69876], [-9.32178, 38.67034], [-9.36058, 38.68952], [-9.40478, 38.70409], [-9.42919, 38.70726], [-9.47167, 38.70247], [-9.49168, 38.70759], [-9.48473, 38.7447], [-9.49745, 38.78824], [-9.49745, 38.80976], [-9.4555, 38.85047], [-9.42272, 38.9314], [-9.42536, 38.99164], [-9.43662, 39.02949], [-9.42665, 39.05172], [-9.42254, 39.07862], [-9.3837, 39.13403], [-9.35086, 39.19731], [-9.34059, 39.26683], [-9.35408, 39.31623], [-9.36583, 39.33601], [-9.40927, 39.37518], [-9.39782, 39.37799], [-9.35292, 39.36793], [-9.2608, 39.41843], [-9.24032, 39.41999], [-9.22789, 39.40843], [-9.2176, 39.40619], [-9.20592, 39.41547], [-9.21353, 39.42862], [-9.22974, 39.44093], [-9.18286, 39.49258], [-9.13569, 39.51618], [-9.09043, 39.57927], [-9.09033, 39.61564], [-9.07795, 39.64248], [-9.07158, 39.68068], [-8.99303, 39.84317], [-8.86814, 40.12482], [-8.85325, 40.13922], [-8.84162, 40.12596], [-8.82506, 40.12006], [-8.78498, 40.11872], [-8.78498, 40.12617], [-8.81615, 40.14655], [-8.87938, 40.15624], [-8.89646, 40.16475], [-8.90659, 40.17939], [-8.90842, 40.20067], [-8.86539, 40.27546], [-8.79857, 40.47443], [-8.75299, 40.64081], [-8.74463, 40.64691], [-8.74462, 40.61904], [-8.72471, 40.64447], [-8.71027, 40.65346], [-8.69001, 40.64692], [-8.69879, 40.66795], [-8.69614, 40.67364], [-8.68639, 40.67791], [-8.67199, 40.66682], [-8.6621, 40.66987], [-8.64159, 40.69416], [-8.65745, 40.70141], [-8.66618, 40.71301], [-8.66363, 40.72406], [-8.60387, 40.73578], [-8.57266, 40.75556], [-8.58951, 40.75471], [-8.63988, 40.74006], [-8.6686, 40.74763], [-8.68371, 40.78311], [-8.64558, 40.82368], [-8.65526, 40.84492], [-8.6632, 40.81493], [-8.67052, 40.81118], [-8.67569, 40.82445], [-8.68981, 40.8041], [-8.70055, 40.77798], [-8.7144, 40.70876], [-8.73833, 40.66467], [-8.75078, 40.65316], [-8.6551, 40.9938], [-8.65526, 41.0305], [-8.6671, 41.09756], [-8.66613, 41.13255], [-8.64835, 41.14663], [-8.64835, 41.15278], [-8.68577, 41.1595], [-8.73715, 41.24966], [-8.73229, 41.26293], [-8.74461, 41.29743], [-8.74446, 41.32811], [-8.74913, 41.33779], [-8.75612, 41.34055], [-8.78379, 41.39387], [-8.78555, 41.43488], [-8.77485, 41.46834], [-8.78646, 41.49107], [-8.79542, 41.54255], [-8.82859, 41.64816], [-8.8305, 41.67159], [-8.82704, 41.68281], [-8.74328, 41.69697], [-8.69616, 41.72199], [-8.82999, 41.69465], [-8.8611, 41.70438], [-8.88018, 41.73665], [-8.87204, 41.81057], [-8.87888, 41.83902], [-8.87473, 41.84955], [-8.86749, 41.85911], [-8.79662, 41.90331], [-8.76277, 41.93195], [-8.7508, 41.96898], [-8.77709, 41.93716], [-8.7954, 41.92569], [-8.83283, 41.91397], [-8.86466, 41.88891], [-8.88124, 41.8933], [-8.87873, 41.90713], [-8.89857, 42.10152], [-8.89548, 42.11908], [-8.88459, 42.12603], [-8.82653, 42.13052], [-8.81908, 42.13972], [-8.82372, 42.14761], [-8.84275, 42.15445], [-8.84698, 42.16083], [-8.81599, 42.17451], [-8.80576, 42.19749], [-8.79064, 42.20453], [-8.77176, 42.22235], [-8.62515, 42.30195], [-8.62271, 42.34748], [-8.63475, 42.34638], [-8.64989, 42.3356], [-8.6748, 42.29903], [-8.77391, 42.26899], [-8.78499, 42.26009], [-8.8483, 42.26097], [-8.86748, 42.25643], [-8.85342, 42.29108], [-8.85325, 42.30483], [-8.84697, 42.30481], [-8.833, 42.28913], [-8.82722, 42.2967], [-8.8307, 42.34162], [-8.81286, 42.34637], [-8.77693, 42.34016], [-8.77196, 42.34272], [-8.76462, 42.35569], [-8.7266, 42.38893], [-8.66251, 42.42691], [-8.65526, 42.44135], [-8.66438, 42.43797], [-8.69449, 42.43964], [-8.7579, 42.40716], [-8.81069, 42.40073], [-8.84325, 42.40368], [-8.86749, 42.41471], [-8.88801, 42.45563], [-8.9426, 42.46931], [-8.93504, 42.47906], [-8.91696, 42.48751], [-8.88126, 42.49656], [-8.86902, 42.49338], [-8.86084, 42.48501], [-8.86118, 42.47556], [-8.87434, 42.46931], [-8.85155, 42.46076], [-8.82653, 42.46186], [-8.82505, 42.49494], [-8.81286, 42.50275], [-8.82517, 42.53742], [-8.82297, 42.56952], [-8.81382, 42.58144], [-8.7884, 42.59219], [-8.7755, 42.60472], [-8.73876, 42.66608], [-8.73095, 42.68842], [-8.73717, 42.68842], [-8.7539, 42.65689], [-8.76732, 42.64517], [-8.78498, 42.64058], [-8.80381, 42.64595], [-8.82624, 42.67414], [-8.83951, 42.68244], [-8.8546, 42.66157], [-8.857, 42.64911], [-8.84701, 42.64057], [-8.86877, 42.61751], [-8.88052, 42.61181], [-8.89484, 42.62011], [-8.88947, 42.6306], [-8.93639, 42.60643], [-8.92225, 42.5937], [-8.934, 42.58683], [-8.96988, 42.57917], [-8.9808, 42.55122], [-9.01155, 42.53072], [-9.02634, 42.54312], [-9.03335, 42.57811], [-9.05581, 42.5854], [-9.07086, 42.59614], [-9.06561, 42.62055], [-9.03881, 42.66108], [-9.03013, 42.7077], [-9.00625, 42.73382], [-8.96312, 42.75129], [-8.92223, 42.78811], [-8.89826, 42.7923], [-8.88492, 42.81501], [-8.88768, 42.83112], [-8.90844, 42.83946], [-8.9126, 42.8166], [-8.92809, 42.80252], [-8.95104, 42.79512], [-8.97737, 42.79231], [-9.02819, 42.79788], [-9.04894, 42.79474], [-9.04566, 42.77803], [-9.06844, 42.7599], [-9.08129, 42.75484], [-9.09993, 42.75747], [-9.11342, 42.76607], [-9.13498, 42.81276], [-9.11319, 42.81635], [-9.10025, 42.83328], [-9.10839, 42.84484], [-9.14121, 42.85746], [-9.14866, 42.88447], [-9.13752, 42.89606], [-9.13451, 42.91755], [-9.16787, 42.92683], [-9.18346, 42.94526], [-9.19587, 42.94933], [-9.19001, 42.9324], [-9.1958, 42.92659], [-9.21006, 42.92574], [-9.21434, 42.93903], [-9.22423, 42.94021], [-9.24425, 42.92878], [-9.26827, 42.8915], [-9.27305, 42.89334], [-9.29197, 42.92878], [-9.25097, 43.01679], [-9.27211, 43.03128], [-9.27951, 43.055], [-9.2711, 43.06048], [-9.25792, 43.0609], [-9.2457, 43.08799], [-9.22232, 43.10273], [-9.21759, 43.11443], [-9.18981, 43.10232], [-9.16226, 43.11445], [-9.14122, 43.13487], [-9.10774, 43.14114], [-9.10774, 43.14851], [-9.14708, 43.1387], [-9.16331, 43.13977], [-9.16226, 43.1485], [-9.19421, 43.13655], [-9.20807, 43.13786], [-9.21738, 43.15549], [-9.17007, 43.18874], [-9.13793, 43.20151], [-9.10041, 43.18952], [-9.0524, 43.19636], [-9.02697, 43.21015], [-9.01153, 43.23874], [-9.00406, 43.23874], [-8.98575, 43.22687], [-8.95897, 43.22748], [-8.93253, 43.2353], [-8.91527, 43.24502], [-8.93639, 43.24409], [-8.94789, 43.24981], [-8.96312, 43.27228], [-8.988, 43.28302], [-8.93049, 43.29975], [-8.888, 43.32073], [-8.8566, 43.32689], [-8.84117, 43.33892], [-8.82999, 43.3412], [-8.78555, 43.31244], [-8.6931, 43.2934], [-8.63003, 43.31585], [-8.59252, 43.32419], [-8.55842, 43.31322], [-8.50597, 43.33153], [-8.48606, 43.35431], [-8.45572, 43.36335], [-8.44302, 43.3753], [-8.38858, 43.38584], [-8.37572, 43.36298], [-8.35359, 43.34862], [-8.34081, 43.35993], [-8.3399, 43.39273], [-8.33071, 43.40565], [-8.31062, 43.40313], [-8.26721, 43.38592], [-8.25056, 43.35488], [-8.21727, 43.32832], [-8.21019, 43.31322], [-8.20246, 43.32925], [-8.20961, 43.39069], [-8.20481, 43.39972], [-8.1754, 43.41633], [-8.19506, 43.42324], [-8.24714, 43.42309], [-8.26446, 43.42724], [-8.28873, 43.44623], [-8.30514, 43.45108], [-8.28649, 43.46198], [-8.17878, 43.47329], [-8.16698, 43.48457], [-8.16857, 43.49201], [-8.25731, 43.47773], [-8.24372, 43.48518], [-8.25731, 43.49201], [-8.2692, 43.47895], [-8.28897, 43.47297], [-8.3331, 43.47151], [-8.31663, 43.52288], [-8.30517, 43.51936], [-8.2921, 43.53294], [-8.30821, 43.54634], [-8.31264, 43.56712], [-8.26098, 43.56452], [-8.23225, 43.57551], [-8.08666, 43.65647], [-8.083, 43.64545], [-8.07461, 43.63964], [-8.05187, 43.64281], [-8.06554, 43.64281], [-8.06554, 43.64906], [-8.05187, 43.65648], [-8.07114, 43.66786], [-8.07395, 43.67853], [-8.05931, 43.70941], [-8.01098, 43.71174], [-7.98119, 43.71784], [-7.95295, 43.73013], [-7.90855, 43.76633], [-7.88086, 43.76324], [-7.84651, 43.71174], [-7.86758, 43.71796], [-7.87926, 43.70051], [-7.87378, 43.68448], [-7.8841, 43.67862], [-7.89489, 43.68448], [-7.90856, 43.67699], [-7.90856, 43.67015], [-7.85839, 43.6682], [-7.84923, 43.6756], [-7.86758, 43.69746], [-7.85603, 43.70344], [-7.84386, 43.7038], [-7.81916, 43.69746], [-7.82604, 43.71174], [-7.8123, 43.72285], [-7.77404, 43.74248], [-7.73404, 43.75007], [-7.71276, 43.76069], [-7.69571, 43.77489], [-7.68553, 43.79343], [-7.67131, 43.78286], [-7.66834, 43.77253], [-7.69563, 43.74592], [-7.69156, 43.72724], [-7.67516, 43.73164], [-7.67248, 43.74384], [-7.64103, 43.75266], [-7.6376, 43.73908], [-7.61303, 43.70429], [-7.61596, 43.68854], [-7.60717, 43.69111], [-7.58641, 43.71795], [-7.57429, 43.71455], [-7.55577, 43.7276], [-7.54141, 43.73162], [-7.49015, 43.72532], [-7.40762, 43.69123], [-7.36707, 43.68007], [-7.30411, 43.59858], [-7.25676, 43.58161], [-7.27107, 43.56863], [-7.27107, 43.56114], [-7.25772, 43.55667], [-7.23038, 43.56854], [-7.21579, 43.56867], [-7.15697, 43.55927], [-7.09585, 43.56098], [-7.07933, 43.56862], [-7.04407, 43.55927], [-7.03235, 43.553], [-7.03087, 43.53323], [-7.05362, 43.49653], [-7.04459, 43.47919], [-7.03832, 43.47919], [-7.02375, 43.52582], [-7.01036, 43.53323], [-7.00136, 43.55666], [-6.94423, 43.56594], [-6.77082, 43.56862], [-6.70372, 43.55756], [-6.64836, 43.57902], [-6.59737, 43.57513], [-6.51012, 43.54747], [-6.48852, 43.55508], [-6.46296, 43.55496], [-6.46909, 43.57537], [-6.41763, 43.56114], [-6.36612, 43.56862], [-6.31461, 43.56863], [-6.24999, 43.58405], [-6.23639, 43.5943], [-6.22277, 43.59588], [-6.17805, 43.57538], [-6.10041, 43.5692], [-6.08495, 43.57537], [-6.06916, 43.56969], [-6.0235, 43.58843], [-5.90738, 43.58845], [-5.90217, 43.59752], [-5.91306, 43.61286], [-5.90062, 43.62324], [-5.90736, 43.63682], [-5.87515, 43.63679], [-5.86352, 43.64142], [-5.85191, 43.66294], [-5.83634, 43.66221], [-5.80363, 43.65038], [-5.78218, 43.63689], [-5.70885, 43.56863], [-5.70197, 43.56863], [-5.69676, 43.58281], [-5.67748, 43.56114], [-5.6256, 43.55496], [-5.42423, 43.56113], [-5.39388, 43.55524], [-5.39075, 43.54133], [-5.42081, 43.51337], [-5.41393, 43.50654], [-5.37243, 43.52021], [-5.35679, 43.53859], [-5.29988, 43.53766], [-5.2119, 43.49836], [-5.17789, 43.48937], [-5.09167, 43.48626], [-5.06771, 43.48138], [-5.05704, 43.46861], [-5.04503, 43.4743], [-4.97517, 43.45877], [-4.94103, 43.47174], [-4.90762, 43.46064], [-4.83654, 43.44976], [-4.73493, 43.4171], [-4.50817, 43.40244], [-4.48168, 43.38361], [-4.4608, 43.3987], [-4.43253, 43.40261], [-4.4049, 43.39699], [-4.37926, 43.38361], [-4.36875, 43.39618], [-4.35936, 43.39967], [-4.31281, 43.39578], [-4.18859, 43.40538], [-4.16095, 43.42116], [-4.09795, 43.43556], [-4.0292, 43.43826], [-4.02089, 43.45038], [-4.01277, 43.45249], [-3.98144, 43.43826], [-3.97647, 43.44294], [-3.96101, 43.4451], [-3.97459, 43.45249], [-3.97459, 43.45876], [-3.94004, 43.47711], [-3.92272, 43.4826], [-3.90632, 43.47919], [-3.89379, 43.48488], [-3.88585, 43.47919], [-3.8568, 43.49237], [-3.82673, 43.497], [-3.79703, 43.49273], [-3.76917, 43.47919], [-3.81265, 43.46487], [-3.84431, 43.44509], [-3.82386, 43.43077], [-3.83153, 43.42906], [-3.83129, 43.42459], [-3.81119, 43.42548], [-3.7965, 43.43077], [-3.77228, 43.45249], [-3.74498, 43.43826], [-3.74303, 43.45136], [-3.75552, 43.47174], [-3.72887, 43.46552], [-3.72142, 43.47175], [-3.72859, 43.47928], [-3.68838, 43.48424], [-3.65607, 43.50067], [-3.57912, 43.51824], [-3.55437, 43.5169], [-3.55626, 43.4997], [-3.53906, 43.49896], [-3.50536, 43.47919], [-3.43152, 43.46686], [-3.42863, 43.44685], [-3.44699, 43.4451], [-3.47004, 43.45417], [-3.478, 43.4429], [-3.5017, 43.43077], [-3.48182, 43.42805], [-3.46109, 43.41246], [-3.44701, 43.43075], [-3.43619, 43.41901], [-3.39249, 43.42458], [-3.33031, 43.41035], [-3.26896, 43.40411], [-3.21053, 43.38983], [-3.17691, 43.36624], [-3.1315, 43.35578], [-3.11237, 43.35407], [-3.08951, 43.36688], [-3.00817, 43.32091], [-3.02927, 43.37616], [-2.99913, 43.39448], [-2.93993, 43.4171], [-2.94667, 43.43077], [-2.93008, 43.43792], [-2.9055, 43.43987], [-2.807, 43.44168], [-2.76862, 43.45249], [-2.7556, 43.45012], [-2.71521, 43.4245], [-2.69494, 43.38862], [-2.69103, 43.36754], [-2.67927, 43.38984], [-2.67779, 43.40619], [-2.6612, 43.41192], [-2.4838, 43.37072], [-2.46443, 43.34923], [-2.36742, 43.3157], [-2.32706, 43.30683], [-2.28466, 43.30349], [-2.19628, 43.31475], [-2.17447, 43.29743], [-2.16222, 43.29426], [-2.14485, 43.30108], [-2.1278, 43.28742], [-2.09886, 43.30413], [-1.99462, 43.32844], [-1.96035, 43.34307], [-1.94537, 43.34249], [-1.91869, 43.32099], [-1.90465, 43.32844], [-1.92568, 43.34263], [-1.88492, 43.35602], [-1.84739, 43.38091], [-1.81127, 43.39507], [-1.7755, 43.37617], [-1.76796, 43.3836], [-1.74962, 43.38921], [-1.661, 43.39968], [-1.6378, 43.42377], [-1.59675, 43.44253], [-1.56207, 43.49339], [-1.47688, 43.58006], [-1.46991, 43.61182], [-1.44595, 43.66844], [-1.405, 43.8321], [-1.38117, 43.88959], [-1.3461, 44.01919], [-1.28157, 44.30219], [-1.2473, 44.50454], [-1.25722, 44.55605], [-1.23078, 44.58356], [-1.20627, 44.64789], [-1.18651, 44.66546], [-1.16145, 44.66615], [-1.10021, 44.65534], [-1.06501, 44.65912], [-1.04475, 44.66942], [-1.04442, 44.68464], [-1.06914, 44.70319], [-1.05549, 44.70319], [-1.0653, 44.71747], [-1.14086, 44.76813], [-1.17223, 44.77827], [-1.23363, 44.70685], [-1.26035, 44.62748], [-1.19948, 45.12062], [-1.15787, 45.27912], [-1.13994, 45.49006], [-1.08526, 45.56903], [-1.06916, 45.5733], [-1.05859, 45.56964], [-1.06233, 45.53242], [-1.03995, 45.50727], [-0.97297, 45.47053], [-0.91528, 45.45041], [-0.79447, 45.35565], [-0.7662, 45.32607], [-0.73863, 45.23848], [-0.71597, 45.13451], [-0.6822, 45.07648], [-0.64818, 45.04491], [-0.60985, 45.01846], [-0.56896, 44.99799], [-0.55919, 44.97614], [-0.55651, 44.91852], [-0.54817, 44.90229], [-0.53466, 44.89496], [-0.54845, 44.94953], [-0.53897, 44.97651], [-0.55036, 44.9982], [-0.59616, 45.02463], [-0.53942, 45.01952], [-0.49376, 44.99799], [-0.51895, 45.02945], [-0.60238, 45.05357], [-0.63776, 45.07307], [-0.65598, 45.09911], [-0.66875, 45.13111], [-0.70665, 45.32241], [-0.71972, 45.36107], [-0.7731, 45.45209], [-0.79548, 45.47712], [-0.84179, 45.51455], [-0.9835, 45.58699], [-0.99088, 45.61005], [-0.99722, 45.61433], [-1.03025, 45.62288], [-1.08381, 45.66039], [-1.149, 45.67876], [-1.1942, 45.71019], [-1.22936, 45.70479], [-1.24729, 45.70991], [-1.23028, 45.79242], [-1.16381, 45.80669], [-1.14427, 45.8061], [-1.08056, 45.7534], [-1.05724, 45.74022], [-0.98717, 45.71735], [-1.00963, 45.73518], [-1.09948, 45.78604], [-1.12536, 45.80768], [-1.13659, 45.84325], [-1.1517, 45.86815], [-1.11229, 45.89576], [-1.09703, 45.90228], [-1.07335, 45.90436], [-1.07042, 45.92634], [-1.08973, 45.95075], [-1.06916, 45.96434], [-1.08555, 45.972], [-1.0964, 45.9852], [-1.11072, 46.01835], [-1.08975, 46.0082], [-1.07299, 46.00747], [-1.05972, 46.01577], [-1.0487, 46.0388], [-1.06518, 46.05158], [-1.0842, 46.05655], [-1.09704, 46.10155], [-1.129, 46.1158], [-1.11701, 46.12824], [-1.15207, 46.14387], [-1.15172, 46.1562], [-1.20018, 46.15914], [-1.20969, 46.16617], [-1.21079, 46.17454], [-1.18517, 46.19717], [-1.19052, 46.21629], [-1.17958, 46.22947], [-1.11075, 46.25922], [-1.10265, 46.27196], [-1.11075, 46.30268], [-1.13248, 46.32412], [-1.17724, 46.32616], [-1.21435, 46.3107], [-1.21322, 46.27913], [-1.24009, 46.28426], [-1.27741, 46.31952], [-1.30345, 46.32389], [-1.37023, 46.35419], [-1.42333, 46.34248], [-1.44871, 46.34342], [-1.46548, 46.38996], [-1.48143, 46.40819], [-1.50447, 46.41934], [-1.59878, 46.42504], [-1.62562, 46.43114], [-1.61718, 46.44355], [-1.63345, 46.45429], [-1.68675, 46.46089], [-1.72029, 46.48127], [-1.76113, 46.49202], [-1.78917, 46.53295], [-1.78173, 46.49543], [-1.78601, 46.49097], [-1.79539, 46.49454], [-1.80478, 46.50361], [-1.82699, 46.57676], [-1.82266, 46.59439], [-1.83868, 46.59908], [-1.85741, 46.63532], [-1.89975, 46.66625], [-1.9099, 46.6918], [-1.92317, 46.69916], [-1.95644, 46.7043], [-1.99462, 46.75202], [-2.05028, 46.79206], [-2.11886, 46.82018], [-2.13005, 46.85489], [-2.12866, 46.89364], [-2.12198, 46.90371], [-2.09634, 46.91649], [-2.10215, 46.93065], [-2.04922, 46.95746], [-2.00843, 47.02615], [-1.99071, 47.03539], [-1.99258, 47.05231], [-2.00377, 47.07001], [-2.03002, 47.09211], [-2.09016, 47.11518], [-2.20547, 47.12911], [-2.24109, 47.14248], [-2.20539, 47.16119], [-2.16519, 47.16787], [-2.15868, 47.2045], [-2.17208, 47.23548], [-2.16038, 47.27135], [-2.15167, 47.27968], [-2.12767, 47.2868], [-2.03563, 47.29328], [-2.01456, 47.3001], [-1.99913, 47.28856], [-1.94786, 47.27936], [-1.93248, 47.27969], [-1.93934, 47.28644], [-1.91706, 47.28417], [-1.89844, 47.27343], [-1.91885, 47.27342], [-1.91885, 47.26602], [-1.87784, 47.24551], [-1.83625, 47.23994], [-1.80394, 47.21898], [-1.781, 47.21198], [-1.72704, 47.21076], [-1.74722, 47.21992], [-1.78824, 47.22557], [-1.83593, 47.25975], [-1.90563, 47.29393], [-1.94956, 47.30019], [-1.97216, 47.31216], [-2.01012, 47.31973], [-2.1481, 47.31322], [-2.17956, 47.30012], [-2.2063, 47.27343], [-2.23607, 47.26748], [-2.25944, 47.25162], [-2.27839, 47.24642], [-2.31606, 47.25166], [-2.35534, 47.2801], [-2.37141, 47.28644], [-2.4049, 47.28644], [-2.41283, 47.28172], [-2.41919, 47.26603], [-2.44839, 47.2666], [-2.54197, 47.30012], [-2.54197, 47.30694], [-2.51904, 47.30462], [-2.47606, 47.29068], [-2.45336, 47.29328], [-2.43619, 47.30703], [-2.44538, 47.32038], [-2.48062, 47.34789], [-2.49425, 47.34174], [-2.48893, 47.33043], [-2.49426, 47.32064], [-2.50168, 47.32063], [-2.50333, 47.3496], [-2.5148, 47.36494], [-2.55636, 47.38325], [-2.47679, 47.41566], [-2.43907, 47.40998], [-2.4464, 47.40253], [-2.43904, 47.39631], [-2.39501, 47.41698], [-2.39183, 47.42365], [-2.44813, 47.43061], [-2.43904, 47.44477], [-2.4889, 47.45918], [-2.48062, 47.47822], [-2.49472, 47.4912], [-2.48363, 47.49794], [-2.36392, 47.50617], [-2.38012, 47.50922], [-2.42536, 47.50617], [-2.51749, 47.52839], [-2.56323, 47.51986], [-2.6007, 47.51984], [-2.62169, 47.51343], [-2.63197, 47.51985], [-2.59935, 47.52912], [-2.57681, 47.55394], [-2.59227, 47.54365], [-2.63825, 47.54027], [-2.62393, 47.53718], [-2.61779, 47.52668], [-2.64332, 47.52648], [-2.66552, 47.53351], [-2.66712, 47.5096], [-2.68074, 47.50423], [-2.71402, 47.5124], [-2.78317, 47.49939], [-2.81684, 47.49919], [-2.83018, 47.50362], [-2.86897, 47.54218], [-2.89292, 47.54768], [-2.89208, 47.55394], [-2.90922, 47.55842], [-2.89256, 47.56658], [-2.86532, 47.56662], [-2.85057, 47.54654], [-2.83243, 47.55401], [-2.8164, 47.54654], [-2.80955, 47.56759], [-2.79402, 47.55512], [-2.76867, 47.54955], [-2.74144, 47.55134], [-2.7202, 47.56078], [-2.72763, 47.56761], [-2.68863, 47.6044], [-2.68399, 47.62299], [-2.70653, 47.64273], [-2.69563, 47.62336], [-2.71402, 47.61603], [-2.69978, 47.6092], [-2.70861, 47.60228], [-2.7202, 47.60176], [-2.77535, 47.62909], [-2.73449, 47.62226], [-2.74633, 47.63386], [-2.78913, 47.64273], [-2.77538, 47.63654], [-2.79606, 47.62988], [-2.84773, 47.62617], [-2.86678, 47.60717], [-2.91941, 47.59554], [-2.91267, 47.6092], [-2.93993, 47.60175], [-2.94481, 47.62409], [-2.9331, 47.63654], [-2.9475, 47.63691], [-2.958, 47.64216], [-2.96719, 47.6638], [-2.97468, 47.6638], [-2.96361, 47.60261], [-2.93311, 47.57445], [-2.93993, 47.5608], [-2.95295, 47.57445], [-2.96129, 47.57056], [-2.9945, 47.59553], [-2.9886, 47.58226], [-2.99422, 47.57609], [-3.00341, 47.5787], [-3.01179, 47.60716], [-3.01822, 47.60566], [-3.02172, 47.59455], [-3.0157, 47.58125], [-3.03549, 47.58325], [-3.04239, 47.58808], [-3.07418, 47.57646], [-3.08975, 47.57552], [-3.10375, 47.58124], [-3.09073, 47.58808], [-3.11205, 47.59919], [-3.12328, 47.59878], [-3.1317, 47.58808], [-3.11803, 47.58124], [-3.1289, 47.54759], [-3.12328, 47.51899], [-3.10676, 47.4958], [-3.08457, 47.47823], [-3.11913, 47.48261], [-3.13169, 47.47823], [-3.14536, 47.5161], [-3.1317, 47.55744], [-3.14118, 47.59805], [-3.16649, 47.62226], [-3.19667, 47.6335], [-3.20057, 47.6396], [-3.18635, 47.68061], [-3.1112, 47.70417], [-3.11803, 47.73212], [-3.13915, 47.72469], [-3.13915, 47.75259], [-3.14538, 47.75259], [-3.15318, 47.74202], [-3.17736, 47.74852], [-3.19319, 47.74641], [-3.16967, 47.73542], [-3.15911, 47.71101], [-3.1665, 47.70419], [-3.17838, 47.71003], [-3.19327, 47.69993], [-3.20739, 47.69733], [-3.19319, 47.68374], [-3.20714, 47.67915], [-3.21508, 47.66059], [-3.22419, 47.65641], [-3.26207, 47.68374], [-3.33153, 47.69672], [-3.35823, 47.69734], [-3.3402, 47.7023], [-3.32242, 47.701], [-3.28262, 47.69115], [-3.28262, 47.69733], [-3.29845, 47.70384], [-3.35827, 47.71104], [-3.35827, 47.71845], [-3.34512, 47.72126], [-3.34057, 47.73949], [-3.31729, 47.73896], [-3.2954, 47.77302], [-3.28262, 47.77993], [-3.28262, 47.78734], [-3.33178, 47.75251], [-3.38317, 47.73705], [-3.36925, 47.7298], [-3.36449, 47.71845], [-3.44644, 47.70459], [-3.46067, 47.7076], [-3.49464, 47.73876], [-3.52831, 47.77993], [-3.53964, 47.77375], [-3.62515, 47.77994], [-3.64904, 47.79361], [-3.68692, 47.79231], [-3.70616, 47.79695], [-3.71459, 47.81061], [-3.72322, 47.81338], [-3.77538, 47.79362], [-3.78991, 47.80321], [-3.8517, 47.80102], [-3.87222, 47.82832], [-3.88659, 47.83769], [-3.88585, 47.85505], [-3.91318, 47.86246], [-3.91633, 47.87336], [-3.93513, 47.88788], [-3.96182, 47.89997], [-3.98827, 47.90347], [-3.97925, 47.883], [-3.9865, 47.86791], [-4.00891, 47.85128], [-4.0292, 47.85505], [-4.01122, 47.85594], [-4.00194, 47.86929], [-4.03157, 47.86372], [-4.03669, 47.85506], [-4.06493, 47.87079], [-4.10656, 47.88011], [-4.12914, 47.90762], [-4.13219, 47.9239], [-4.14273, 47.91201], [-4.13683, 47.89692], [-4.11119, 47.87547], [-4.11119, 47.86932], [-4.13362, 47.8662], [-4.15274, 47.85505], [-4.17162, 47.87702], [-4.18562, 47.87442], [-4.18847, 47.86213], [-4.1739, 47.85505], [-4.18004, 47.84199], [-4.15274, 47.84177], [-4.15276, 47.83446], [-4.18522, 47.81339], [-4.22517, 47.80245], [-4.3718, 47.80721], [-4.3718, 47.83445], [-4.34765, 47.83832], [-4.34732, 47.86294], [-4.37198, 47.91584], [-4.43464, 47.97565], [-4.53327, 48.02631], [-4.57201, 48.00594], [-4.60196, 48.02558], [-4.65298, 48.02633], [-4.72811, 48.0406], [-4.70079, 48.07476], [-4.6837, 48.06733], [-4.36193, 48.1157], [-4.30476, 48.10407], [-4.28991, 48.10822], [-4.28539, 48.11538], [-4.27571, 48.14362], [-4.29443, 48.16727], [-4.30236, 48.19636], [-4.31583, 48.20551], [-4.36611, 48.21516], [-4.37926, 48.23237], [-4.40437, 48.22615], [-4.45763, 48.24897], [-4.48546, 48.24262], [-4.53166, 48.1831], [-4.55746, 48.17721], [-4.54377, 48.20506], [-4.56361, 48.23237], [-4.55865, 48.2442], [-4.54719, 48.25259], [-4.55407, 48.26276], [-4.62631, 48.26656], [-4.62632, 48.28705], [-4.61538, 48.29107], [-4.58788, 48.28706], [-4.57519, 48.29002], [-4.57715, 48.30772], [-4.55947, 48.33869], [-4.54672, 48.34682], [-4.53016, 48.34161], [-4.5432, 48.30467], [-4.51553, 48.29584], [-4.42651, 48.30002], [-4.38899, 48.28706], [-4.3297, 48.29701], [-4.26262, 48.30003], [-4.27522, 48.29401], [-4.28991, 48.29385], [-4.26936, 48.2884], [-4.18749, 48.30004], [-4.18749, 48.30752], [-4.21882, 48.30606], [-4.23055, 48.30991], [-4.23473, 48.32172], [-4.24397, 48.31391], [-4.25772, 48.31135], [-4.27016, 48.31469], [-4.27571, 48.32486], [-4.32467, 48.32173], [-4.2694, 48.36274], [-4.28629, 48.36254], [-4.32469, 48.34847], [-4.3247, 48.35529], [-4.31729, 48.35529], [-4.31729, 48.36274], [-4.3247, 48.36274], [-4.3377, 48.34847], [-4.35261, 48.35273], [-4.38419, 48.33813], [-4.4066, 48.33541], [-4.39916, 48.34162], [-4.40661, 48.34846], [-4.42651, 48.33887], [-4.45371, 48.33541], [-4.45371, 48.34162], [-4.39634, 48.3879], [-4.28991, 48.43159], [-4.35896, 48.41112], [-4.4265, 48.40371], [-4.52063, 48.36832], [-4.56957, 48.3603], [-4.59936, 48.35018], [-4.61918, 48.3485], [-4.69054, 48.36274], [-4.69568, 48.34496], [-4.7045, 48.34163], [-4.76837, 48.34541], [-4.78334, 48.3764], [-4.76476, 48.37763], [-4.76635, 48.39045], [-4.78333, 48.41739], [-4.78488, 48.43618], [-4.77984, 48.4549], [-4.76805, 48.46865], [-4.74926, 48.4726], [-4.74926, 48.47883], [-4.77463, 48.49128], [-4.76454, 48.52021], [-4.72199, 48.56817], [-4.70079, 48.56074], [-4.70824, 48.56818], [-4.67311, 48.5796], [-4.64249, 48.58184], [-4.58983, 48.56574], [-4.57726, 48.56818], [-4.60048, 48.58935], [-4.60772, 48.60301], [-4.59463, 48.60911], [-4.53014, 48.60171], [-4.55748, 48.60912], [-4.5526, 48.61652], [-4.56361, 48.62345], [-4.56361, 48.62961], [-4.48546, 48.62962], [-4.4298, 48.64281], [-4.40661, 48.64326], [-4.42649, 48.65009], [-4.42649, 48.65753], [-4.39806, 48.66096], [-4.34325, 48.67885], [-4.3173, 48.67803], [-4.29916, 48.66364], [-4.30651, 48.64155], [-4.28311, 48.64326], [-4.24205, 48.65753], [-4.19376, 48.65009], [-4.19376, 48.65754], [-4.213, 48.6612], [-4.20774, 48.67137], [-4.17389, 48.6911], [-4.13146, 48.69916], [-4.10872, 48.69814], [-4.09069, 48.69111], [-4.07959, 48.69694], [-4.07022, 48.68488], [-4.06404, 48.68488], [-4.05329, 48.69554], [-4.05653, 48.71214], [-3.97399, 48.7328], [-3.96778, 48.72956], [-3.97273, 48.70771], [-3.96102, 48.70473], [-3.96776, 48.69111], [-3.95103, 48.67931], [-3.95474, 48.65754], [-3.91224, 48.68111], [-3.89203, 48.67804], [-3.90632, 48.6706], [-3.90632, 48.66437], [-3.85171, 48.62962], [-3.84431, 48.63646], [-3.85172, 48.64326], [-3.84431, 48.65009], [-3.85788, 48.68487], [-3.85172, 48.68488], [-3.83747, 48.6706], [-3.83713, 48.70726], [-3.82925, 48.71844], [-3.81697, 48.71214], [-3.81011, 48.73319], [-3.79711, 48.72118], [-3.77843, 48.71735], [-3.73193, 48.71897], [-3.68664, 48.69855], [-3.63819, 48.70473], [-3.63854, 48.68781], [-3.614, 48.68269], [-3.58479, 48.68281], [-3.57055, 48.68797], [-3.58449, 48.72618], [-3.58046, 48.73321], [-3.52831, 48.73949], [-3.54284, 48.74567], [-3.57737, 48.77424], [-3.58151, 48.79059], [-3.57139, 48.79905], [-3.54259, 48.80781], [-3.51528, 48.84194], [-3.49983, 48.83698], [-3.46813, 48.83567], [-3.43358, 48.82221], [-3.41978, 48.82143], [-3.43334, 48.80781], [-3.39761, 48.80732], [-3.37181, 48.82249], [-3.27578, 48.84934], [-3.25951, 48.84772], [-3.22972, 48.87225], [-3.21393, 48.86987], [-3.20716, 48.85541], [-3.20775, 48.83592], [-3.21496, 48.81786], [-3.2279, 48.80781], [-3.22053, 48.79413], [-3.20873, 48.81635], [-3.17881, 48.841], [-3.14537, 48.86236], [-3.135, 48.8592], [-3.11643, 48.87408], [-3.10375, 48.87664], [-3.08436, 48.86221], [-3.09073, 48.83568], [-3.07707, 48.82826], [-3.09752, 48.79413], [-3.12548, 48.7674], [-3.12548, 48.75996], [-3.11803, 48.75996], [-3.06551, 48.82395], [-3.04918, 48.82144], [-3.039, 48.82702], [-3.01823, 48.82696], [-3.00819, 48.82144], [-3.0157, 48.8146], [-3.00939, 48.81371], [-3.00818, 48.80781], [-3.04239, 48.79413], [-3.04239, 48.78791], [-3.00365, 48.77387], [-2.95296, 48.77227], [-2.93311, 48.76739], [-2.93311, 48.74633], [-2.94669, 48.73949], [-2.94669, 48.73322], [-2.91433, 48.7167], [-2.89208, 48.69477], [-2.82691, 48.65734], [-2.81255, 48.61821], [-2.83851, 48.55288], [-2.8593, 48.5205], [-2.91501, 48.46023], [-3.00385, 48.39539], [-2.8912, 48.2635], [-2.84469, 48.22572], [-2.80323, 48.20937], [-2.7603, 48.21005], [-2.67364, 48.22825], [-2.47313, 48.25812], [-2.39502, 48.26448], [-2.3611, 48.26284], [-2.3426, 48.25741], [-2.3286, 48.2473], [-2.27666, 48.18016], [-2.24895, 48.17164], [-2.22219, 48.18125], [-2.16499, 48.21797], [-1.96215, 48.27404], [-1.95634, 48.28466], [-2.00862, 48.33967], [-2.03062, 48.37176], [-2.06017, 48.43986], [-2.06913, 48.50958], [-2.05283, 48.595], [-2.06124, 48.64949], [-2.05237, 48.65008], [-2.02872, 48.6197], [-2.02204, 48.59894], [-2.00088, 48.58869], [-2.00829, 48.57502], [-1.98249, 48.54898], [-1.97639, 48.53563], [-1.98029, 48.51358], [-1.93936, 48.534], [-1.96728, 48.54706], [-1.9619, 48.55492], [-1.97663, 48.5727], [-1.98029, 48.58869], [-1.9735, 48.58869], [-1.95295, 48.57502], [-1.96939, 48.59276], [-1.99112, 48.59544], [-2.00048, 48.6013], [-2.02872, 48.64326], [-2.01812, 48.66034], [-1.9877, 48.67377], [-1.9859, 48.68789], [-1.93936, 48.69111], [-1.94561, 48.69855], [-1.84377, 48.71213], [-1.84691, 48.70344], [-1.83635, 48.69111], [-1.86119, 48.66421], [-1.86095, 48.64085], [-1.83821, 48.62377], [-1.79601, 48.61591], [-1.72281, 48.6153], [-1.64395, 48.62344], [-1.5797, 48.64325], [-1.50056, 48.63646], [-1.39314, 48.65241], [-1.35656, 48.64326], [-1.3723, 48.66059], [-1.3946, 48.66828], [-1.43285, 48.6706], [-1.44326, 48.66284], [-1.4558, 48.68342], [-1.50266, 48.69551], [-1.51647, 48.72516], [-1.5536, 48.74714], [-1.56206, 48.77082], [-1.56676, 48.82217], [-1.57885, 48.83784], [-1.60292, 48.84195], [-1.60292, 48.84934], [-1.57852, 48.86262], [-1.56369, 48.9221], [-1.55703, 48.93231], [-1.54841, 48.92381], [-1.54279, 48.93525], [-1.54703, 48.94969], [-1.55898, 48.95182], [-1.56304, 48.95759], [-1.54577, 49.03034], [-1.53234, 49.03514], [-1.50797, 49.02753], [-1.50797, 49.03368], [-1.52725, 49.03978], [-1.54971, 49.03978], [-1.56843, 49.03266], [-1.57946, 49.01319], [-1.59356, 49.029], [-1.59595, 49.06101], [-1.58934, 49.0821], [-1.60341, 49.08398], [-1.60772, 49.10273], [-1.59592, 49.12848], [-1.56949, 49.14354], [-1.58178, 49.14985], [-1.58946, 49.14375], [-1.60441, 49.17802], [-1.61042, 49.21589], [-1.60265, 49.22541], [-1.58446, 49.22626], [-1.54841, 49.21931], [-1.54841, 49.22549], [-1.59529, 49.23786], [-1.61685, 49.23823], [-1.62466, 49.21932], [-1.64052, 49.23152], [-1.65709, 49.26838], [-1.67184, 49.2801], [-1.65819, 49.28754], [-1.6992, 49.31377], [-1.70664, 49.32917], [-1.68619, 49.32917], [-1.69913, 49.35586], [-1.70665, 49.35586], [-1.71475, 49.33854], [-1.77549, 49.37011], [-1.76797, 49.38373], [-1.80679, 49.37687], [-1.81646, 49.38374], [-1.81941, 49.45205], [-1.83819, 49.47582], [-1.84374, 49.4936], [-1.88466, 49.53091], [-1.87839, 49.54486], [-1.85017, 49.56171], [-1.84374, 49.57184], [-1.83951, 49.61978], [-1.8695, 49.66169], [-1.94561, 49.67797], [-1.9352, 49.7241], [-1.90836, 49.72638], [-1.8673, 49.71271], [-1.83943, 49.71539], [-1.82463, 49.70844], [-1.81648, 49.69164], [-1.70776, 49.68015], [-1.63305, 49.66352], [-1.61719, 49.66428], [-1.61392, 49.65225], [-1.60668, 49.65005], [-1.57286, 49.66428], [-1.5404, 49.65778], [-1.51146, 49.66254], [-1.45596, 49.7021], [-1.40949, 49.71156], [-1.39095, 49.71268], [-1.26307, 49.69549], [-1.22779, 49.6241], [-1.25333, 49.61225], [-1.26404, 49.58927], [-1.2862, 49.58894], [-1.30142, 49.58177], [-1.30626, 49.55809], [-1.26159, 49.49315], [-1.1853, 49.43036], [-1.17582, 49.41543], [-1.17228, 49.39313], [-1.18517, 49.3664], [-1.182, 49.35619], [-1.15173, 49.36269], [-1.12287, 49.34544], [-1.10342, 49.34903], [-1.11374, 49.36579], [-1.10634, 49.37946], [-1.08958, 49.39154], [-1.07225, 49.39679], [-0.94042, 49.39227], [-0.82213, 49.3627], [-0.65118, 49.35588], [-0.58336, 49.34589], [-0.54694, 49.35894], [-0.47948, 49.34276], [-0.41113, 49.34275], [-0.36343, 49.32502], [-0.31311, 49.31732], [-0.21947, 49.2801], [-0.19407, 49.29522], [-0.03384, 49.32005], [0.01287, 49.33462], [0.0403, 49.3504], [0.06308, 49.35448], [0.09597, 49.38373], [0.16237, 49.41518], [0.41131, 49.45205], [0.45729, 49.46743], [0.49317, 49.4936], [0.42213, 49.46442], [0.33961, 49.45673], [0.25685, 49.46407], [0.18531, 49.47997], [0.12474, 49.48571], [0.10443, 49.49361], [0.09278, 49.50926], [0.07864, 49.51554], [0.0797, 49.54218], [0.13087, 49.6035], [0.17093, 49.69163], [0.18589, 49.70318], [0.23586, 49.72931], [0.24675, 49.72944], [0.25712, 49.73599], [0.38746, 49.77505], [0.39794, 49.78449], [0.59696, 49.85731], [0.67482, 49.87579], [0.76092, 49.87507], [1.17262, 49.96101], [1.19696, 49.97357], [1.2212, 49.97899], [1.261, 50.00751], [1.39129, 50.07518], [1.45582, 50.1236], [1.48684, 50.18504], [1.52102, 50.21466], [1.55535, 50.21771], [1.65431, 50.18659], [1.67254, 50.19253], [1.67254, 50.19937], [1.65528, 50.20051], [1.64456, 50.21239], [1.66505, 50.21239], [1.66505, 50.21979], [1.62526, 50.22444], [1.61005, 50.23225], [1.59392, 50.25629], [1.55113, 50.26969], [1.54153, 50.2779], [1.55169, 50.34928], [1.57204, 50.37567], [1.61036, 50.37067], [1.61036, 50.3769], [1.55519, 50.405], [1.5735, 50.44538], [1.57929, 50.53314], [1.61036, 50.54816], [1.58336, 50.5747], [1.57797, 50.58841], [1.56315, 50.6786], [1.56765, 50.71674], [1.60011, 50.77098], [1.60229, 50.80219], [1.71572, 50.81881], [1.82738, 50.82032], [1.88251, 50.81584], [1.9887, 50.79681], [2.08756, 50.76475], [2.17457, 50.721], [2.24573, 50.66777], [2.16144, 50.65977], [2.1514, 50.65424], [2.17205, 50.57558], [2.18898, 50.5697], [2.23515, 50.5839], [2.33618, 50.60304], [2.62044, 50.81649], [2.60659, 50.83483], [2.58675, 50.84542], [2.59667, 50.86765], [2.57693, 50.91152], [2.58271, 50.92067], [2.61165, 50.94123], [2.60845, 50.96113], [2.59274, 50.97611], [2.55698, 51.00118], [2.54706, 51.02048], [2.53703, 51.06461], [2.5218, 51.08754], [2.77155, 51.17362], [2.76677, 51.18846], [2.9236, 51.24649], [3.12485, 51.32965], [3.54135, 51.41672], [3.60467, 51.39106], [3.70215, 51.37359], [3.73422, 51.35578], [3.75554, 51.35008], [3.79591, 51.35007], [3.834, 51.34325], [3.85817, 51.34544], [3.95582, 51.37177], [3.96925, 51.38166], [3.97464, 51.40159], [3.98415, 51.41046], [4.00533, 51.40983], [4.04345, 51.3985], [4.07016, 51.37055], [4.10547, 51.36611], [4.12192, 51.35936], [4.1565, 51.35757], [4.18003, 51.37742], [4.19955, 51.37603], [4.22217, 51.36773], [4.24105, 51.3566], [4.25611, 51.32844], [4.30299, 51.29609], [4.30812, 51.28364], [4.29672, 51.26756], [4.30836, 51.27123], [4.33082, 51.29609], [4.28932, 51.30915], [4.28305, 51.35008], [4.25696, 51.37269], [4.24899, 51.38442], [4.24488, 51.4145], [4.23471, 51.41901], [4.22298, 51.4095], [4.20102, 51.40535], [4.1111, 51.40698], [4.07017, 51.41902], [4.01515, 51.44892], [3.95704, 51.4558], [3.94313, 51.45038], [3.9021, 51.40494], [3.82716, 51.39107], [3.78907, 51.41218], [3.72878, 51.43082], [3.68971, 51.45429], [3.674, 51.45539], [3.63258, 51.44572], [3.61004, 51.44506], [3.53572, 51.45911], [3.4948, 51.50092], [3.45104, 51.52974], [3.44705, 51.54596], [3.45754, 51.55507], [3.5604, 51.59462], [3.82858, 51.61272], [3.85075, 51.61081], [3.88216, 51.59609], [3.90575, 51.56925], [3.87159, 51.55557], [3.87159, 51.54938], [3.96729, 51.54311], [4.01587, 51.53082], [4.05713, 51.50836], [4.09002, 51.45824], [4.10483, 51.4457], [4.12875, 51.44135], [4.18083, 51.44586], [4.20045, 51.43952], [4.28321, 51.4477], [4.29672, 51.47053], [4.28858, 51.49213], [4.26775, 51.50829], [4.23976, 51.5185], [4.19468, 51.5236], [4.15333, 51.53506], [4.09132, 51.53507], [4.06695, 51.54418], [3.98816, 51.59027], [4.0681, 51.61065], [4.15724, 51.6079], [4.18336, 51.60293], [4.20729, 51.59028], [4.20265, 51.60912], [4.18995, 51.61668], [4.136, 51.62043], [4.11802, 51.63069], [4.11294, 51.63948], [4.11264, 51.6708], [4.14256, 51.68406], [4.17693, 51.68586], [4.14112, 51.70392], [4.07155, 51.7172], [4.05716, 51.7303], [4.05079, 51.76349], [4.03395, 51.78425], [3.98146, 51.81], [3.96218, 51.80114], [3.87161, 51.78828], [3.86233, 51.81606], [3.89138, 51.82826], [3.95411, 51.84016], [3.96267, 51.84735], [4.01532, 51.84362], [4.04762, 51.83369], [4.07765, 51.84357], [4.03692, 51.87859], [4.30331, 51.92267], [4.41543, 51.93465], [4.52831, 51.93279], [4.58434, 51.92667], [4.69273, 51.90414], [4.73907, 51.88947], [4.69427, 51.85548], [4.69213, 51.84853], [4.73256, 51.78287], [4.76122, 51.69698], [4.81575, 51.6434], [5.03753, 51.69041], [5.18262, 51.73897], [5.23146, 51.75085], [5.3036, 51.76062], [5.41552, 51.76777], [5.52795, 51.78278], [5.92804, 51.80674], [5.95078, 51.79591], [5.96411, 51.77656], [5.96235, 51.75635], [5.94013, 51.74263], [5.93931, 51.73188], [5.97827, 51.72979], [6.01207, 51.71586], [6.02199, 51.70951], [6.00855, 51.68119], [6.0315, 51.663], [6.09919, 51.64447], [6.08214, 51.60781], [6.08648, 51.59553], [6.15304, 51.53843], [6.19335, 51.50934], [6.20534, 51.45844], [6.56665, 51.4755], [6.57871, 51.46367], [6.62556, 51.38668], [6.67426, 51.32817], [6.69399, 51.28861], [6.6962, 51.22516], [6.67398, 51.12431], [6.67268, 51.07077], [6.66043, 51.01261], [6.6652, 50.99369], [6.70287, 50.95072], [6.68009, 50.89301], [6.69537, 50.84474], [6.68609, 50.74422], [6.70914, 50.70731], [6.75708, 50.67493], [6.90619, 50.60548], [6.94412, 50.56727], [6.96816, 50.50656], [7.01289, 50.48126], [7.04084, 50.47513], [7.16338, 50.47171], [7.3654, 50.45386], [7.49378, 50.45495], [7.53474, 50.44797], [7.60017, 50.41859], [7.65084, 50.37565], [7.82203, 50.17879], [7.91537, 50.08995], [8.00761, 50.02], [8.25484, 49.85431], [8.37793, 49.75749], [8.58084, 49.60921], [8.79086, 49.44414], [8.83056, 49.40735], [8.85074, 49.37166], [8.8452, 49.33529], [8.72734, 49.21877], [8.69148, 49.16704], [8.67255, 49.11934], [8.67134, 49.0956], [8.68184, 49.05006], [8.74188, 48.92903], [8.75253, 48.89146], [8.74533, 48.85642], [8.70108, 48.76269], [8.6838, 48.73672], [8.64012, 48.69289], [8.58458, 48.65501], [8.46945, 48.59064], [8.41214, 48.54775], [8.38436, 48.51241], [8.35048, 48.42867], [8.34244, 48.38029], [8.34751, 48.35195], [8.37274, 48.30601], [8.43272, 48.22252], [8.45268, 48.17685], [8.45572, 48.15589], [8.44879, 48.11205], [8.40329, 48.01012], [8.55822, 47.80117], [8.58312, 47.80024], [8.60162, 47.7946], [8.60762, 47.76225], [8.61744, 47.75732], [8.62984, 47.7628], [8.63501, 47.7846], [8.6441, 47.79101], [8.65702, 47.78812], [8.68193, 47.75874], [8.71314, 47.75742], [8.71976, 47.74732], [8.70043, 47.7235], [8.71263, 47.70869], [8.71707, 47.69456], [8.76988, 47.69507], [8.76172, 47.70125], [8.77071, 47.72086], [8.79758, 47.72003], [8.83024, 47.70719], [8.85608, 47.69068], [8.83768, 47.68779], [8.83779, 47.68084], [8.88171, 47.65614], [8.90621, 47.6518], [8.94538, 47.6543], [8.98176, 47.66216], [8.99767, 47.67384], [9.01659, 47.6789], [9.1281, 47.67042], [9.1834, 47.67042], [9.19694, 47.65614], [9.23435, 47.65616], [9.27321, 47.65009], [9.46499, 47.56941], [9.61128, 47.6963], [9.63417, 47.68976], [9.68514, 47.68321], [9.73397, 47.68465], [9.78525, 47.69721], [9.81186, 47.71284], [9.85177, 47.7607], [9.88706, 47.85419], [9.89041, 47.90539], [9.88395, 47.94412], [9.83234, 48.13925], [9.81705, 48.25541], [9.8258, 48.31167], [9.84246, 48.34756], [9.86662, 48.37703], [9.9, 48.40127], [10.00583, 48.4645], [10.08843, 48.50239], [10.17968, 48.5519], [10.44752, 48.70829], [10.5087, 48.73626], [10.57644, 48.75827], [10.86469, 48.82225], [10.93537, 48.84308], [11.00001, 48.86924], [11.17782, 48.96263], [11.41021, 49.05112], [11.65763, 49.1669], [11.75592, 49.20543], [11.90913, 49.24758], [12.00395, 49.26179], [12.24198, 49.30751], [12.28447, 49.31948], [12.32613, 49.33805], [12.63243, 49.44364], [12.64355, 49.42949], [12.66308, 49.4189], [12.70918, 49.40474], [12.72933, 49.39115], [12.76209, 49.34324], [12.77791, 49.33254], [12.79775, 49.32784], [12.85666, 49.32221], [12.87537, 49.32386], [12.87092, 49.33673], [12.88467, 49.33957], [12.93986, 49.32676], [12.98244, 49.29963], [12.99981, 49.29493], [13.01128, 49.2678], [13.04321, 49.24289], [13.05582, 49.23818], [13.14946, 49.15483], [13.1785, 49.11835], [13.20682, 49.1075], [13.26728, 49.10563], [13.28733, 49.10057], [13.29953, 49.09364], [13.32991, 49.06693], [13.37239, 49.03851], [13.38355, 49.02109], [13.38418, 48.99303], [13.39854, 48.97768], [13.42727, 48.95996], [13.48226, 48.93763], [13.5021, 48.96606], [13.51595, 48.97024], [13.53889, 48.96704], [13.59047, 48.94482], [13.60866, 48.94616], [13.61114, 48.92725], [13.62178, 48.90906], [13.63739, 48.89345], [13.65444, 48.88224], [13.67336, 48.87635], [13.71061, 48.87247], [13.72467, 48.8673], [13.74792, 48.84338], [14.05653, 48.94757], [14.12638, 48.96485], [14.27641, 48.98403], [14.32794, 48.98364], [14.37527, 48.97522], [14.52237, 48.9284], [14.80037, 48.77651], [14.81546, 48.78033], [14.86765, 48.77558], [14.91933, 48.76157], [14.93958, 48.76281], [14.95106, 48.78033], [14.93814, 48.80281], [14.96821, 48.88503], [14.9646, 48.97174], [14.97824, 48.99282], [14.97886, 49.00626], [15.00397, 49.00977], [15.05958, 48.99722], [15.1374, 48.99303], [15.14898, 48.96533], [15.14856, 48.95174], [15.14195, 48.93748], [15.16179, 48.93722], [15.23807, 48.95076], [15.25708, 48.96389], [15.26287, 48.98259], [15.2669, 48.98668], [15.27455, 48.98673], [15.28871, 48.97536], [15.33553, 48.975], [15.35785, 48.97081], [15.40591, 48.95469], [15.45035, 48.94482], [15.47185, 48.9367], [15.52125, 48.90849], [15.60373, 48.88735], [15.68135, 48.85847], [15.72682, 48.85495], [15.77922, 48.87087], [15.8185, 48.87232], [15.82428, 48.86942], [15.82831, 48.85712], [15.83328, 48.85201], [15.85922, 48.84916], [15.87761, 48.84167], [15.88599, 48.84203], [15.87575, 48.83309], [15.89963, 48.83475], [15.90707, 48.83025], [15.9081, 48.81971], [15.92505, 48.8226], [15.93032, 48.81831], [15.93177, 48.80643], [16.03233, 48.75806], [16.08535, 48.74287], [16.17775, 48.74653], [16.31759, 48.73284], [16.3395, 48.73558], [16.35831, 48.72726], [16.37402, 48.73031], [16.53089, 48.52608], [16.60413, 48.51023], [16.68661, 48.50282], [16.8223, 48.51751], [16.89452, 48.51523], [17.00187, 48.4915], [17.17091, 48.43821], [17.24704, 48.429], [17.44814, 48.41982], [17.53307, 48.42262], [17.61521, 48.43309], [17.97392, 48.50825], [18.05162, 48.51508], [18.13154, 48.51167], [18.32629, 48.48331], [18.50542, 48.44089], [18.6579, 48.41326], [18.8116, 48.39441], [19.13149, 48.36538], [19.20416, 48.34797], [19.51398, 48.20396], [19.50303, 48.18941], [19.49362, 48.1507], [19.48122, 48.13396], [19.4838, 48.12177], [19.48174, 48.11133], [19.4282, 48.08585], [19.29322, 48.08776], [19.23348, 48.06208], [19.37516, 47.8479], [19.37506, 47.76467], [19.39048, 47.6674], [19.38484, 47.63316], [19.36521, 47.59452], [19.31752, 47.54062], [19.26076, 47.50071], [19.1277, 47.43517], [19.08495, 47.38687], [19.01603, 47.2488], [18.999, 47.19328], [18.96585, 47.12976], [18.95885, 47.03483], [18.94582, 46.99834], [18.84293, 46.81198], [18.67616, 46.56523], [18.64372, 46.50898], [18.62953, 46.44882], [18.63749, 46.40238], [18.66895, 46.36732], [18.69118, 46.35384], [18.74787, 46.33108], [18.82965, 46.30936], [18.9318, 46.29804], [19.05163, 46.27045], [19.16211, 46.25096], [19.48752, 46.13424], [19.50199, 46.14561], [19.54995, 46.16416], [19.58974, 46.16597], [19.64782, 46.17388], [19.6901, 46.1684], [19.77298, 46.13155], [19.79045, 46.12907], [19.78321, 45.89605], [19.95407, 45.80336], [20.07845, 45.69724], [20.18209, 45.63122], [20.26337, 45.59538], [20.38647, 45.56859], [20.42617, 45.55618], [20.75804, 45.58926], [20.78739, 45.55366], [20.80021, 45.5305], [20.79762, 45.5165], [20.76073, 45.49335], [20.76713, 45.47934], [20.81602, 45.46286], [20.83039, 45.45252], [20.86305, 45.41873], [20.92764, 45.37749], [20.96619, 45.34158], [20.7219, 45.18198], [20.67252, 45.17416], [20.61735, 45.15829], [20.56879, 45.13377], [20.30489, 44.91625], [20.28568, 44.88592], [20.26338, 44.87892], [20.25065, 44.84156], [20.1855, 44.72131], [20.16547, 44.6934], [20.1107, 44.64378], [20.09769, 44.58484], [20.07208, 44.55107], [20.07049, 44.51115], [20.09794, 44.41819], [20.11894, 44.31376], [20.1653, 44.17032], [20.17283, 44.11099], [20.16404, 44.05684], [20.11951, 43.93559], [20.11278, 43.85638], [20.09604, 43.78782], [20.09116, 43.65561], [20.06493, 43.53307], [20.06306, 43.34991], [20.03633, 43.22968], [19.99126, 42.85489], [19.95997, 42.75765], [19.95267, 42.65272], [19.90825, 42.55288], [19.89948, 42.51686], [19.90089, 42.48546], [19.93014, 42.34083], [19.90459, 42.1863], [19.90157, 42.08758], [19.88923, 42.04519], [19.86037, 42.01671], [19.81299, 42.00282], [19.77889, 42.00165], [19.67094, 42.01709], [19.37104, 41.98656], [19.3542, 42.0087], [19.35058, 42.02782], [19.35172, 42.04762], [19.35658, 42.0648], [19.37487, 42.09467], [19.37249, 42.10425], [19.35502, 42.12004], [19.29777, 42.15167], [19.28206, 42.16456], [19.27203, 42.18068], [19.27493, 42.19128], [19.30459, 42.2151], [19.4004, 42.32589], [19.40267, 42.35202], [19.41573, 42.37244], [19.1091, 42.52702], [19.03667, 42.61698], [19.01285, 42.6271], [18.94271, 42.62068], [18.92035, 42.62263], [18.90834, 42.63436], [18.89392, 42.6704], [18.88078, 42.68172], [18.84271, 42.68877], [18.70028, 42.69704], [18.50232, 42.76491], [18.45118, 42.69171], [18.39422, 42.63586], [18.32323, 42.58891], [18.2533, 42.5522], [18.23895, 42.55908], [18.22057, 42.57917], [18.22348, 42.61469], [18.21754, 42.6201], [18.16603, 42.62695], [18.12485, 42.6446], [18.07629, 42.65126], [18.06423, 42.65749], [18.0574, 42.66791], [18.07732, 42.66791], [18.04804, 42.69045], [18.04322, 42.70205], [18.02807, 42.69141], [18.00327, 42.70068], [17.96119, 42.7294], [17.90163, 42.75189], [17.88072, 42.76875], [17.89283, 42.79084], [17.86509, 42.78996], [17.83497, 42.8072], [17.80665, 42.81192], [17.78565, 42.80516], [17.78011, 42.79695], [17.72096, 42.82624], [17.74871, 42.80341], [17.76179, 42.77891], [17.76165, 42.7742], [17.74872, 42.77205], [17.74887, 42.79084], [17.72877, 42.80077], [17.67856, 42.81623], [17.63348, 42.82296], [17.58009, 42.84125], [17.52496, 42.8487], [17.44045, 42.87336], [17.44272, 42.89863], [17.41725, 42.9112], [17.35093, 42.92179], [17.27133, 42.96336], [17.23749, 42.97139], [17.20723, 42.98271], [17.09539, 42.98444], [17.06251, 42.99006], [17.02753, 43.00358], [17.01793, 43.01382], [17.02817, 43.02416], [17.02817, 43.03099], [17.01882, 43.03409], [17.00167, 43.05149], [17.02312, 43.04864], [17.05568, 43.02896], [17.07325, 43.02416], [17.1587, 43.03098], [17.24024, 43.02277], [17.39071, 42.97761], [17.4541, 42.94228], [17.46022, 42.92178], [17.48145, 42.92177], [17.51215, 42.90942], [17.51993, 42.91001], [17.52614, 42.92177], [17.55898, 42.91281], [17.64161, 42.88447], [17.65268, 42.87336], [17.67368, 42.87507], [17.71599, 42.84418], [17.74147, 42.83926], [17.71095, 42.85664], [17.70191, 42.86848], [17.71363, 42.8808], [17.70737, 42.88703], [17.67872, 42.87938], [17.55652, 42.93476], [17.57399, 42.93427], [17.61793, 42.92178], [17.60304, 42.93256], [17.54965, 42.95531], [17.53452, 42.95064], [17.49883, 42.97194], [17.47475, 43.00098], [17.47089, 43.01341], [17.47918, 43.02241], [17.50196, 43.03099], [17.48797, 43.03498], [17.43374, 43.01744], [17.46022, 43.03099], [17.43231, 43.03621], [17.42613, 43.04464], [17.4336, 43.0515], [17.42612, 43.06517], [17.40455, 43.05151], [17.37068, 43.07405], [17.31625, 43.12726], [17.17238, 43.18184], [17.11395, 43.21321], [17.10027, 43.23168], [17.07351, 43.23897], [17.05635, 43.25699], [17.04949, 43.27802], [17.02818, 43.28425], [16.93393, 43.3736], [16.88063, 43.40595], [16.75245, 43.41951], [16.69386, 43.4383], [16.62583, 43.44905], [16.53485, 43.49714], [16.52467, 43.51081], [16.5044, 43.50399], [16.46656, 43.51081], [16.39146, 43.51082], [16.39146, 43.51764], [16.43425, 43.52188], [16.4734, 43.53815], [16.43385, 43.54975], [16.33676, 43.55117], [16.29959, 43.53822], [16.23959, 43.52657], [16.11769, 43.52448], [16.11769, 43.51765], [16.15073, 43.51138], [16.16487, 43.50409], [16.17235, 43.4897], [16.11085, 43.48969], [16.11311, 43.47892], [16.06617, 43.48969], [16.03957, 43.4908], [16.01401, 43.50397], [16.00782, 43.50397], [16.00782, 43.49715], [15.99578, 43.50336], [15.97348, 43.50313], [15.96632, 43.51081], [15.96437, 43.50391], [15.9595, 43.50398], [15.96129, 43.51503], [15.98365, 43.52106], [15.98699, 43.52729], [15.98227, 43.5373], [15.98732, 43.54491], [15.95949, 43.53817], [15.95623, 43.54792], [15.94809, 43.55288], [15.92534, 43.55858], [15.94191, 43.56], [15.94418, 43.56672], [15.9354, 43.57294], [15.91799, 43.57291], [15.91799, 43.57908], [15.93214, 43.58658], [15.918, 43.59333], [15.9253, 43.59956], [15.918, 43.60639], [15.9253, 43.61384], [15.91897, 43.62873], [15.92953, 43.63422], [15.96632, 43.63373], [15.96632, 43.64118], [15.90484, 43.64803], [15.91676, 43.65362], [15.94239, 43.64802], [15.95297, 43.65086], [15.95143, 43.65742], [15.93216, 43.66845], [15.94597, 43.67231], [15.9524, 43.67976], [15.95045, 43.68854], [15.93897, 43.69644], [15.93971, 43.67764], [15.93116, 43.6765], [15.89291, 43.70051], [15.87078, 43.70319], [15.85511, 43.71897], [15.87384, 43.78972], [15.90402, 43.84476], [15.90106, 43.85302], [15.88868, 43.85557], [15.78367, 43.82945], [15.73558, 43.8235], [15.6627, 43.82139], [15.63885, 43.83613], [15.57407, 43.85953], [15.54519, 43.87764], [15.51222, 43.91108], [15.47326, 43.91926], [15.4551, 43.92805], [15.43873, 43.94965], [15.35808, 44.0257], [15.33961, 44.03937], [15.31952, 44.04524], [15.27833, 44.0856], [15.23325, 44.12092], [15.21291, 44.13106], [15.20885, 44.13817], [15.21274, 44.14826], [15.15184, 44.19042], [15.11461, 44.20517], [14.96471, 44.28944], [14.80555, 44.36223], [14.81119, 44.35005], [14.80103, 44.3431], [14.78491, 44.347], [14.75621, 44.364], [14.76539, 44.38059], [14.7268, 44.39824], [14.7654, 44.38882], [14.76345, 44.41534], [14.78289, 44.41892], [14.79449, 44.4146], [14.80322, 44.4055], [14.80501, 44.39574], [14.79678, 44.38115], [14.9572, 44.34199], [15.02823, 44.32092], [15.03094, 44.32672], [15.0656, 44.32078], [15.08611, 44.30878], [15.09743, 44.30968], [15.13721, 44.28831], [15.11738, 44.28185], [15.12892, 44.27544], [15.14064, 44.28246], [15.15755, 44.28033], [15.1699, 44.25649], [15.17661, 44.24994], [15.19793, 44.25731], [15.20777, 44.27277], [15.18541, 44.28539], [15.19459, 44.2888], [15.20655, 44.28539], [15.19811, 44.30165], [15.24756, 44.27797], [15.27955, 44.25178], [15.29526, 44.25068], [15.28177, 44.28538], [15.29493, 44.29023], [15.30274, 44.29914], [15.27818, 44.30981], [15.26126, 44.33258], [15.28052, 44.32753], [15.3086, 44.30927], [15.33692, 44.30166], [15.42449, 44.26797], [15.50359, 44.25922], [15.52524, 44.26069], [15.52866, 44.2718], [15.51482, 44.27851], [15.44923, 44.2854], [15.40602, 44.32062], [15.30796, 44.3544], [15.15505, 44.46671], [15.08009, 44.53608], [15.05202, 44.54549], [15.01531, 44.56908], [15.00735, 44.56974], [14.90156, 44.68997], [14.88381, 44.72362], [14.89519, 44.73615], [14.88379, 44.78898], [14.88376, 44.86117], [14.92164, 44.95881], [14.91432, 44.98143], [14.85647, 45.07649], [14.8465, 45.09869], [14.83294, 45.10953], [14.76597, 45.13736], [14.6579, 45.19661], [14.6067, 45.24437], [14.57604, 45.26226], [14.56863, 45.27595], [14.5822, 45.28535], [14.53435, 45.31269], [14.55543, 45.29588], [14.55193, 45.28807], [14.5433, 45.28385], [14.53306, 45.28389], [14.49869, 45.304], [14.40235, 45.33861], [14.32976, 45.35399], [14.31153, 45.34398], [14.27198, 45.29011], [14.25847, 45.25576], [14.24772, 45.18647], [14.23258, 45.14936], [14.20923, 45.12638], [14.17937, 45.13451], [14.19532, 45.12059], [14.19311, 45.10562], [14.16439, 45.07991], [14.15821, 45.08735], [14.15406, 45.07197], [14.1582, 45.05322], [14.14389, 45.05939], [14.14389, 45.05321], [14.15942, 45.04035], [14.16617, 45.01895], [14.16373, 44.99576], [14.15151, 44.97768], [14.1399, 44.97135], [14.11329, 44.97748], [14.09661, 44.96972], [14.07568, 44.94954], [14.06887, 44.94954], [14.07162, 44.96906], [14.08383, 44.9864], [14.07569, 45.00483], [14.05453, 45.01846], [14.05193, 45.03803], [14.04029, 45.03897], [14.04428, 45.00141], [14.07154, 44.99335], [14.07569, 44.98371], [14.04444, 44.95141], [14.03468, 44.95637], [14.03905, 44.93183], [14.03467, 44.92232], [14.02247, 44.92349], [14.02783, 44.90864], [14.0215, 44.90738], [14.02051, 44.90113], [14.01059, 44.90526], [13.97267, 44.90111], [13.99288, 44.8815], [13.98618, 44.88129], [13.98618, 44.87507], [13.993, 44.87507], [13.99301, 44.86784], [13.97267, 44.84715], [13.97267, 44.82665], [13.98942, 44.82509], [13.99999, 44.81307], [13.96356, 44.81187], [13.93165, 44.8205], [13.92481, 44.81307], [13.91871, 44.82905], [13.89959, 44.82905], [13.89015, 44.83348], [13.88315, 44.82665], [13.90431, 44.81729], [13.90935, 44.80899], [13.90447, 44.79877], [13.91796, 44.77827], [13.90318, 44.77242], [13.89698, 44.81306], [13.84915, 44.82665], [13.85597, 44.84028], [13.84232, 44.84028], [13.84913, 44.84715], [13.8423, 44.85464], [13.81569, 44.8566], [13.78714, 44.87507], [13.79462, 44.88128], [13.80486, 44.87059], [13.81959, 44.86766], [13.83375, 44.87336], [13.8423, 44.88813], [13.81528, 44.88353], [13.80486, 44.8854], [13.79462, 44.89497], [13.79663, 44.89802], [13.79461, 44.90111], [13.80812, 44.91543], [13.79674, 44.92488], [13.7741, 44.96381], [13.73306, 44.99471], [13.66082, 45.06122], [13.64381, 45.0705], [13.62324, 45.07307], [13.63689, 45.09357], [13.61258, 45.11786], [13.63852, 45.13003], [13.72625, 45.13451], [13.6836, 45.14338], [13.60048, 45.13749], [13.59597, 45.14541], [13.59938, 45.17129], [13.58914, 45.17549], [13.59441, 45.18732], [13.58229, 45.19682], [13.5823, 45.20282], [13.59449, 45.21263], [13.58914, 45.2307], [13.5952, 45.25071], [13.57547, 45.26488], [13.58425, 45.27606], [13.60271, 45.27912], [13.60271, 45.28535], [13.58466, 45.29321], [13.57547, 45.30646], [13.60955, 45.32014], [13.56179, 45.32637], [13.54128, 45.34614], [13.54055, 45.35675], [13.55494, 45.36107], [13.55494, 45.36734], [13.54316, 45.37617], [13.51337, 45.43622], [13.52076, 45.44302], [13.51565, 45.44814], [13.52076, 45.45726], [13.50153, 45.49836], [13.5071, 45.5119], [13.51335, 45.5119], [13.56861, 45.49079], [13.58953, 45.48884], [13.59596, 45.51813], [13.57863, 45.52339], [13.56864, 45.53924], [13.58961, 45.53579], [13.75294, 45.55288], [13.74236, 45.56977], [13.71194, 45.5934], [13.73016, 45.61309], [13.78688, 45.61115], [13.80812, 45.61432], [13.79558, 45.61701], [13.77711, 45.63544], [13.7393, 45.64911], [13.75766, 45.65498], [13.75367, 45.67231], [13.73911, 45.6916], [13.62892, 45.77261], [13.57423, 45.78962], [13.55128, 45.79243], [13.53443, 45.78205], [13.52418, 45.76008], [13.52833, 45.74055], [13.5549, 45.7372], [13.5184, 45.72484], [13.50781, 45.71443], [13.46925, 45.70686], [13.42798, 45.68115], [13.4017, 45.67545], [13.37676, 45.68317], [13.40919, 45.69131], [13.43141, 45.70686], [13.42262, 45.72407], [13.38169, 45.73006], [13.3694, 45.74462], [13.35182, 45.74031], [13.2549, 45.75606], [13.2155, 45.7788], [13.16944, 45.76874], [13.14967, 45.75154], [13.13982, 45.75487], [13.13136, 45.76887], [13.11931, 45.77196], [13.11085, 45.76765], [13.10817, 45.7582], [13.11183, 45.74885], [13.12288, 45.74462], [13.12288, 45.73722], [13.1006, 45.73623], [13.08058, 45.72761], [13.06959, 45.71369], [13.07504, 45.69684], [13.09148, 45.6892], [13.11166, 45.69135], [13.14964, 45.70374], [13.13802, 45.6894], [13.10304, 45.66901], [13.08496, 45.64192], [13.06055, 45.63667], [12.9817, 45.63483], [12.94386, 45.62857], [12.78039, 45.5534], [12.61195, 45.49626], [12.51271, 45.47044], [12.4878, 45.45674], [12.45143, 45.45043], [12.41033, 45.43623], [12.4358, 45.47492], [12.43094, 45.48403], [12.44728, 45.48432], [12.45144, 45.49824], [12.45818, 45.49824], [12.46697, 45.48558], [12.47193, 45.48591], [12.47869, 45.49079], [12.46503, 45.50445], [12.49732, 45.50673], [12.5066, 45.49824], [12.49293, 45.49824], [12.49293, 45.49079], [12.51515, 45.49274], [12.52151, 45.51898], [12.53048, 45.52558], [12.56251, 45.53164], [12.58172, 45.55288], [12.53728, 45.53583], [12.51065, 45.5589], [12.5066, 45.57331], [12.45851, 45.54833], [12.44191, 45.53034], [12.45143, 45.51191], [12.43491, 45.51236], [12.41774, 45.52359], [12.40358, 45.51813], [12.39674, 45.53925], [12.38413, 45.52302], [12.39039, 45.51398], [12.424, 45.50446], [12.42397, 45.49822], [12.3934, 45.49165], [12.38056, 45.49479], [12.38307, 45.50446], [12.35043, 45.50487], [12.30958, 45.48892], [12.27272, 45.46361], [12.2527, 45.43623], [12.2527, 45.43], [12.25894, 45.43], [12.2461, 45.41132], [12.24855, 45.40253], [12.25894, 45.39521], [12.2492, 45.38548], [12.24528, 45.36108], [12.22381, 45.35395], [12.23217, 45.34056], [12.21631, 45.31623], [12.20873, 45.30907], [12.18755, 45.30647], [12.16293, 45.31623], [12.15447, 45.31346], [12.1491, 45.29218], [12.15983, 45.2831], [12.16879, 45.26215], [12.18068, 45.25804], [12.19166, 45.26288], [12.19939, 45.2746], [12.19746, 45.29962], [12.21728, 45.29384], [12.22485, 45.25117], [12.21111, 45.24299], [12.22485, 45.23069], [12.22137, 45.21625], [12.23048, 45.20425], [12.24732, 45.19693], [12.26637, 45.1966], [12.25898, 45.20282], [12.30727, 45.23068], [12.29802, 45.2154], [12.32104, 45.17235], [12.32845, 45.10102], [12.3073, 45.10786], [12.3073, 45.12836], [12.29737, 45.10635], [12.29672, 45.08857], [12.30665, 45.07856], [12.32846, 45.0799], [12.32106, 45.09357], [12.341, 45.08124], [12.37623, 45.03897], [12.37623, 45.03217], [12.35515, 45.02464], [12.36883, 45.01097], [12.38356, 45.02643], [12.38657, 45.03876], [12.36885, 45.06559], [12.41341, 45.04287], [12.41033, 45.03217], [12.44458, 45.01096], [12.48618, 44.97651], [12.4992, 44.98371], [12.48609, 44.98371], [12.48609, 44.99114], [12.50261, 44.99143], [12.51701, 44.98746], [12.53385, 44.97004], [12.52312, 44.95002], [12.52701, 44.94335], [12.5127, 44.92232], [12.49903, 44.92145], [12.4873, 44.86225], [12.44459, 44.82052], [12.424, 44.85464], [12.43922, 44.87759], [12.44304, 44.89008], [12.43832, 44.90111], [12.42693, 44.90498], [12.40691, 44.8913], [12.3921, 44.86839], [12.39161, 44.85883], [12.41652, 44.85114], [12.40821, 44.83625], [12.39674, 44.83348], [12.39674, 44.82665], [12.424, 44.82049], [12.41592, 44.80315], [12.39795, 44.79378], [12.37567, 44.79223], [12.30299, 44.84292], [12.29233, 44.84325], [12.26637, 44.82665], [12.26637, 44.8205], [12.28002, 44.8205], [12.25359, 44.75129], [12.24659, 44.71162], [12.2527, 44.6684], [12.28577, 44.60292], [12.28004, 44.53189], [12.2837, 44.48762], [12.31821, 44.36115], [12.34211, 44.32949], [12.35027, 44.28815], [12.36883, 44.25068], [12.38998, 44.22272], [12.41717, 44.19546], [12.45801, 44.1664], [12.47877, 44.13935], [12.54737, 44.09345], [12.57422, 44.08559], [12.63136, 44.0301], [12.69158, 43.99063], [12.75611, 43.97187], [12.80396, 43.96685], [12.86215, 43.93537], [12.92887, 43.91583], [12.94728, 43.89761], [13.25327, 43.70319], [13.38981, 43.64459], [13.39967, 43.63565], [13.44662, 43.62371], [13.4734, 43.61201], [13.50441, 43.63275], [13.51611, 43.63173], [13.52101, 43.62271], [13.54321, 43.61322], [13.57887, 43.5729], [13.59791, 43.56952], [13.61556, 43.56048], [13.62451, 43.54719], [13.61695, 43.53132], [13.76026, 43.26374], [13.78027, 43.23652], [13.79078, 43.19208], [13.83487, 43.1271], [13.8487, 43.09145], [13.86541, 43.00731], [13.94467, 42.79828], [13.98048, 42.73037], [14.00123, 42.69843], [14.06323, 42.62482], [14.07537, 42.59882], [14.22055, 42.47016], [14.28419, 42.42829], [14.38737, 42.37294], [14.42905, 42.32172], [14.56023, 42.22565], [14.59588, 42.20856], [14.65349, 42.19107], [14.69369, 42.18536], [14.70923, 42.17548], [14.71704, 42.16006], [14.7295, 42.09911], [14.74073, 42.08462], [14.78041, 42.07513], [14.83546, 42.04414], [14.8711, 42.03181], [14.95156, 42.02112], [14.99365, 42.01064], [15.03452, 41.9746], [15.12338, 41.93427], [15.16537, 41.9278], [15.28175, 41.92803], [15.40056, 41.90778], [15.44606, 41.90693], [15.61134, 41.92803], [15.77442, 41.92121], [16.02711, 41.94407], [16.14046, 41.9199], [16.1609, 41.89265], [16.17919, 41.89329], [16.17604, 41.87739], [16.19304, 41.80854], [16.19287, 41.79092], [16.18446, 41.77977], [16.14575, 41.74886], [16.10719, 41.73762], [16.06315, 41.70149], [16.02751, 41.67993], [15.9253, 41.64004], [15.90008, 41.61465], [15.89137, 41.57685], [15.89633, 41.53644], [15.91179, 41.50288], [15.9336, 41.47944], [15.96111, 41.45946], [16.02166, 41.4278], [16.08513, 41.41266], [16.11411, 41.39289], [16.30127, 41.32793], [16.4603, 41.26264], [16.52067, 41.25014], [16.59392, 41.20698], [16.83031, 41.14638], [16.85141, 41.13296], [16.85816, 41.13296], [16.85816, 41.14035], [16.86442, 41.14036], [16.88526, 41.12397], [17.05739, 41.08175], [17.2028, 41.02112], [17.2762, 40.98031], [17.31006, 40.95477], [17.34791, 40.9121], [17.37769, 40.90228], [17.4134, 40.8812], [17.47608, 40.83015], [17.51221, 40.82029], [17.54835, 40.80195], [17.63453, 40.78497], [17.74837, 40.74761], [17.84392, 40.69416], [17.92188, 40.683], [17.95557, 40.67057], [17.95493, 40.64692], [17.99195, 40.65313], [18.007, 40.65069], [18.0158, 40.62519], [18.04321, 40.60199], [18.03745, 40.55695], [18.11996, 40.50458], [18.21168, 40.46475], [18.23828, 40.45766], [18.2588, 40.43065], [18.30322, 40.39988], [18.34376, 40.35163], [18.37044, 40.33868], [18.43707, 40.2681], [18.50001, 40.15249], [18.51611, 40.13922], [18.51108, 40.12759], [18.51611, 40.10448], [18.49187, 40.08466], [18.48356, 40.05517], [18.43409, 40.02253], [18.41139, 39.97883], [18.39259, 39.91608], [18.40007, 39.87881], [18.38648, 39.82534], [18.38916, 39.81709], [18.36833, 39.79663], [18.34653, 39.79806], [18.33042, 39.80342], [18.28207, 39.8332], [18.26564, 39.83759], [18.21128, 39.83935], [18.16189, 39.86055], [18.13063, 39.88349], [18.07155, 39.91153], [17.99539, 39.99527], [17.99539, 40.00266], [18.01108, 40.00336], [18.02027, 40.0102], [18.02215, 40.02167], [18.0158, 40.0362], [18.00514, 40.04487], [17.96748, 40.05732], [18.00294, 40.07445], [18.011, 40.09602], [17.99724, 40.12043], [17.92605, 40.17626], [17.91962, 40.19074], [17.917, 40.22687], [17.91114, 40.2403], [17.89969, 40.24909], [17.91277, 40.24909], [17.91277, 40.25532], [17.86313, 40.28563], [17.84767, 40.29003], [17.51175, 40.30376], [17.49391, 40.30745], [17.44044, 40.331], [17.39943, 40.33101], [17.36818, 40.35151], [17.21291, 40.4062], [17.20023, 40.42039], [17.22348, 40.42841], [17.24301, 40.44139], [17.24789, 40.45734], [17.22758, 40.47444], [17.24741, 40.48028], [17.29575, 40.47321], [17.31625, 40.48188], [17.32325, 40.49848], [17.30405, 40.49946], [17.26175, 40.48872], [17.26856, 40.49616], [17.24741, 40.50283], [17.18995, 40.48189], [17.18182, 40.4853], [17.16619, 40.50918], [17.15602, 40.5124], [17.04957, 40.51911], [16.97609, 40.49262], [16.91212, 40.44522], [16.78273, 40.30158], [16.7614, 40.2696], [16.73071, 40.20068], [16.71599, 40.19359], [16.67944, 40.14607], [16.62452, 40.10798], [16.60475, 40.08446], [16.59693, 40.04678], [16.59938, 40.03413], [16.63159, 39.96621], [16.60548, 39.94294], [16.58919, 39.91983], [16.54225, 39.8854], [16.49171, 39.80549], [16.48976, 39.77521], [16.50213, 39.74706], [16.52856, 39.7215], [16.51564, 39.6896], [16.54591, 39.66087], [16.59148, 39.63679], [16.62485, 39.62531], [16.74976, 39.62001], [16.78248, 39.61163], [16.81626, 39.59088], [16.8462, 39.55268], [16.906, 39.52972], [16.95297, 39.49921], [16.99537, 39.49273], [17.01148, 39.48614], [17.05714, 39.44164], [17.08855, 39.42259], [17.1242, 39.409], [17.15868, 39.40619], [17.12224, 39.33832], [17.11492, 39.28278], [17.11769, 39.25601], [17.14567, 39.21068], [17.12224, 39.12104], [17.12452, 39.09089], [17.15846, 39.04047], [17.20636, 39.02948], [17.17661, 39.01211], [17.17237, 39.00519], [17.17236, 38.96052], [17.1277, 38.92878], [17.10402, 38.8991], [17.09498, 38.91913], [17.07057, 38.9228], [17.04225, 38.91625], [17.02199, 38.90596], [16.99635, 38.92951], [16.98129, 38.9372], [16.93507, 38.93871], [16.83855, 38.9182], [16.72779, 38.87885], [16.68776, 38.85586], [16.67074, 38.84065], [16.61061, 38.81656], [16.58562, 38.79784], [16.57439, 38.78506], [16.56372, 38.75675], [16.53883, 38.72333], [16.53484, 38.6999], [16.54907, 38.68992], [16.55885, 38.59602], [16.57698, 38.52855], [16.56961, 38.42972], [16.56148, 38.41651], [16.50814, 38.37154], [16.49757, 38.36929], [16.46705, 38.34871], [16.43507, 38.33999], [16.33985, 38.30085], [16.30633, 38.27709], [16.16944, 38.14322], [16.15187, 38.11083], [16.12549, 38.00483], [16.10154, 37.9608], [16.06316, 37.93269], [16.00099, 37.91902], [15.94215, 37.93309], [15.76149, 37.92525], [15.73465, 37.93106], [15.6846, 37.95342], [15.66579, 37.96687], [15.64567, 37.98819], [15.63512, 38.0091], [15.63837, 38.02773], [15.65846, 38.04255], [15.62405, 38.09211], [15.62746, 38.10736], [15.6478, 38.14313], [15.63284, 38.22028], [15.65057, 38.24103], [15.6846, 38.2532], [15.78647, 38.27802], [15.81284, 38.3006], [15.82989, 38.35124], [15.9048, 38.47394], [15.91721, 38.52832], [15.91603, 38.55036], [15.90008, 38.57827], [15.83548, 38.62825], [15.83661, 38.64899], [15.8445, 38.66038], [15.9048, 38.67939], [15.96803, 38.71259], [16.00262, 38.7254], [16.04884, 38.72772], [16.12086, 38.72093], [16.1526, 38.7309], [16.17921, 38.74828], [16.20094, 38.77644], [16.2151, 38.81415], [16.22169, 38.85659], [16.22006, 38.89908], [16.2046, 38.93407], [16.18963, 38.94355], [16.16896, 38.94686], [16.15454, 38.95489], [16.13987, 38.97352], [16.08303, 39.07527], [16.03403, 39.34524], [15.9954, 39.43877], [15.95808, 39.47757], [15.93312, 39.51366], [15.87624, 39.55147], [15.86753, 39.56391], [15.8366, 39.65266], [15.80642, 39.6955], [15.78875, 39.79662], [15.78875, 39.7904], [15.78395, 39.81], [15.76972, 39.83015], [15.78191, 39.8686], [15.77442, 39.8911], [15.74156, 39.9296], [15.72804, 39.96418], [15.6789, 40.00886], [15.65162, 40.04365], [15.63039, 40.05769], [15.62428, 40.07779], [15.6102, 40.0732], [15.53492, 40.07779], [15.51313, 40.06768], [15.4953, 40.04673], [15.45981, 40.02936], [15.42959, 39.9998], [15.4101, 39.99398], [15.34317, 40.00416], [15.3143, 40.03376], [15.30274, 40.0362], [15.28305, 40.02986], [15.26126, 40.02937], [15.26125, 40.0362], [15.27914, 40.04768], [15.26344, 40.07372], [15.2339, 40.1], [15.18996, 40.11913], [15.12721, 40.16962], [15.1128, 40.17479], [15.06568, 40.16658], [15.04722, 40.16894], [15.03493, 40.17537], [15.0228, 40.19563], [15.00312, 40.21026], [14.97591, 40.21932], [14.95709, 40.23155], [14.93814, 40.22785], [14.91116, 40.24165], [14.90693, 40.25861], [14.9319, 40.28555], [14.93914, 40.30707], [14.9324, 40.33372], [14.99449, 40.35843], [15.00043, 40.36883], [14.99827, 40.39756], [14.88885, 40.57306], [14.83546, 40.63264], [14.78199, 40.66987], [14.75221, 40.6767], [14.71998, 40.66682], [14.69015, 40.64906], [14.62574, 40.64908], [14.61329, 40.6459], [14.57129, 40.61775], [14.54448, 40.61364], [14.51638, 40.61987], [14.48658, 40.63264], [14.47136, 40.62467], [14.42205, 40.61555], [14.40153, 40.60213], [14.3558, 40.58364], [14.34262, 40.57064], [14.32983, 40.58466], [14.32799, 40.60541], [14.33775, 40.62441], [14.38738, 40.63695], [14.44422, 40.68598], [14.47637, 40.6951], [14.47975, 40.71149], [14.47413, 40.72968], [14.44264, 40.75507], [14.42129, 40.75094], [14.39444, 40.76157], [14.2942, 40.83877], [14.24838, 40.83771], [14.22364, 40.83137], [14.20316, 40.80121], [14.18221, 40.80093], [14.1656, 40.81575], [14.13524, 40.81857], [14.09596, 40.83381], [14.08253, 40.83128], [14.07618, 40.82221], [14.08251, 40.78353], [14.04771, 40.7896], [14.04117, 40.79649], [14.05226, 40.83759], [14.04447, 40.87421], [14.02134, 40.92183], [13.96534, 40.99641], [13.91799, 41.02367], [13.91066, 41.06464], [13.85173, 41.14732], [13.79049, 41.20586], [13.72185, 41.25239], [13.70851, 41.25641], [13.66335, 41.25069], [13.65659, 41.25959], [13.59441, 41.25312], [13.56365, 41.23798], [13.57543, 41.20808], [13.54396, 41.20662], [13.53422, 41.20824], [13.51442, 41.22968], [13.50711, 41.22176], [13.49969, 41.22176], [13.48024, 41.23916], [13.32439, 41.29483], [13.28582, 41.29572], [13.18702, 41.27802], [13.15121, 41.26021], [13.11451, 41.25088], [13.0905, 41.22656], [13.06821, 41.22176], [13.04462, 41.22753], [13.02369, 41.27359], [12.9795, 41.331], [12.92384, 41.37979], [12.89356, 41.39932], [12.84156, 41.4184], [12.74855, 41.42374], [12.67856, 41.45795], [12.65398, 41.46564], [12.63526, 41.44751], [12.61921, 41.45934], [12.54558, 41.54413], [12.44801, 41.63076], [12.32716, 41.71137], [12.30064, 41.71744], [12.285, 41.7272], [12.23903, 41.73628], [12.2235, 41.75069], [12.2152, 41.76814], [12.20623, 41.82734], [12.17018, 41.87958], [12.14747, 41.90347], [12.03884, 41.96516], [12.02036, 41.99307], [11.9822, 41.99975], [11.95265, 42.02228], [11.91684, 42.03791], [11.82749, 42.03418], [11.80942, 42.06635], [11.75018, 42.12792], [11.73618, 42.16889], [11.68214, 42.25214], [11.65821, 42.27936], [11.53907, 42.34886], [11.48898, 42.35948], [11.39618, 42.39298], [11.39617, 42.40038], [11.37664, 42.40689], [11.35467, 42.40721], [11.36206, 42.40039], [11.33302, 42.40059], [11.25904, 42.42084], [11.21127, 42.41889], [11.20092, 42.39546], [11.18629, 42.3793], [11.18384, 42.36629], [11.16472, 42.36933], [11.15593, 42.36629], [11.13453, 42.38418], [11.10663, 42.39127], [11.08677, 42.41836], [11.08695, 42.42945], [11.09897, 42.44268], [11.11302, 42.44635], [11.14182, 42.4388], [11.16419, 42.43983], [11.17969, 42.4565], [11.18845, 42.48027], [11.18686, 42.52082], [11.16605, 42.54622], [11.15846, 42.56403], [11.12868, 42.55806], [11.09742, 42.60688], [11.08092, 42.61271], [11.07781, 42.63223], [11.00572, 42.66792], [10.99, 42.71027], [10.94361, 42.74299], [10.89088, 42.7639], [10.73132, 42.80443], [10.75538, 42.81916], [10.7649, 42.83527], [10.76565, 42.8771], [10.77768, 42.89472], [10.76352, 42.91828], [10.68141, 42.94904], [10.6325, 42.95848], [10.58801, 42.95958], [10.59879, 42.93268], [10.6073, 42.88996], [10.60804, 42.84913], [10.60124, 42.81999], [10.59778, 42.8187], [10.5504, 42.87588], [10.5248, 42.88385], [10.45948, 42.89246], [10.44502, 42.89804], [10.43388, 42.90692], [10.43235, 42.92455], [10.46293, 42.99721], [10.47911, 42.98657], [10.47757, 42.99005], [10.5027, 43.00556], [10.5171, 43.02391], [10.53907, 43.07941], [10.5357, 43.11289], [10.54656, 43.14712], [10.53448, 43.18505], [10.52817, 43.24677], [10.43702, 43.38858], [10.37338, 43.45319], [10.35914, 43.46528], [10.32636, 43.47688], [10.31724, 43.49262], [10.29474, 43.56882], [10.26401, 43.80939], [10.25164, 43.84663], [10.21013, 43.92023], [10.18068, 43.95527], [10.1365, 43.97871], [10.1058, 44.01675], [10.09059, 44.02538], [10.07204, 44.02954], [10.03533, 44.04784], [9.98854, 44.05976], [9.98071, 44.04988], [9.96274, 44.04468], [9.88795, 44.093], [9.8768, 44.08785], [9.84474, 44.10863], [9.82643, 44.10725], [9.83325, 44.09985], [9.81959, 44.093], [9.83058, 44.07884], [9.84749, 44.07249], [9.84749, 44.06632], [9.83326, 44.05207], [9.84634, 44.04629], [9.84253, 44.04117], [9.8323, 44.04231], [9.81983, 44.06338], [9.77183, 44.07942], [9.68263, 44.13654], [9.62111, 44.14827], [9.57994, 44.17895], [9.57301, 44.1916], [9.49904, 44.22184], [9.48439, 44.24384], [9.45418, 44.23773], [9.43679, 44.2395], [9.42237, 44.25678], [9.37453, 44.2718], [9.36769, 44.29442], [9.26308, 44.33626], [9.23064, 44.3537], [9.21371, 44.33344], [9.21069, 44.30534], [9.16506, 44.31831], [9.14667, 44.32856], [9.14861, 44.34003], [9.13006, 44.36335], [9.10206, 44.37397], [9.00123, 44.38728], [8.92368, 44.41157], [8.86873, 44.40973], [8.84567, 44.41343], [8.827, 44.42845], [8.76238, 44.43212], [8.73715, 44.42878], [8.67855, 44.39469], [8.65512, 44.39468], [8.59376, 44.36275], [8.56479, 44.35716], [8.54029, 44.34004], [8.46607, 44.30427], [8.44451, 44.28388], [8.4497, 44.26435], [8.43538, 44.24043], [8.41188, 44.22704], [8.40651, 44.21503], [8.4082, 44.19351], [8.39427, 44.18226], [8.31349, 44.16047], [8.28468, 44.14826], [8.25652, 44.12836], [8.23316, 44.10358], [8.22998, 44.0725], [8.21631, 44.04524], [8.16912, 44.00666], [8.15268, 43.98322], [8.16797, 43.9565], [8.1447, 43.95258], [8.11524, 43.92769], [8.0892, 43.91987], [8.06771, 43.89668], [8.03142, 43.88752], [7.95972, 43.85286], [7.78582, 43.82197], [7.73631, 43.7982], [7.695, 43.79122], [7.57203, 43.79133], [7.54378, 43.78449], [7.50229, 43.79222], [7.47641, 43.78449], [7.4764, 43.76464], [7.45435, 43.75712], [7.40431, 43.71798], [7.36575, 43.72273], [7.35318, 43.71569], [7.3423, 43.70783], [7.33052, 43.68643], [7.30117, 43.68765], [7.28025, 43.69333], [7.25727, 43.69165], [7.22851, 43.6742], [7.2318, 43.66347], [7.2038, 43.64438], [7.19668, 43.65692], [7.17765, 43.66011], [7.15162, 43.65477], [7.13657, 43.64118], [7.12615, 43.60583], [7.1389, 43.55403], [7.12552, 43.54778], [7.11294, 43.56454], [7.08843, 43.56867], [7.03721, 43.53627], [7.03063, 43.54789], [6.9756, 43.54695], [6.9452, 43.52725], [6.94089, 43.51246], [6.95429, 43.50011], [6.92508, 43.47276], [6.92036, 43.44902], [6.89824, 43.438], [6.89402, 43.42764], [6.87107, 43.42609], [6.86296, 43.43936], [6.8561, 43.42873], [6.86012, 43.41588], [6.84667, 43.41259], [6.81884, 43.41607], [6.78306, 43.40865], [6.77297, 43.41845], [6.75709, 43.42269], [6.7465, 43.41791], [6.73115, 43.40785], [6.73281, 43.38208], [6.71778, 43.36689], [6.71782, 43.35061], [6.67457, 43.34638], [6.66108, 43.32215], [6.62462, 43.29592], [6.59724, 43.28401], [6.59089, 43.2689], [6.61167, 43.26429], [6.67236, 43.27619], [6.69336, 43.27296], [6.698, 43.26546], [6.68553, 43.24823], [6.66836, 43.23954], [6.6654, 43.22129], [6.67978, 43.20156], [6.64065, 43.18194], [6.60987, 43.17342], [6.59947, 43.175], [6.59327, 43.18773], [6.53991, 43.1822], [6.5267, 43.16057], [6.50568, 43.15098], [6.47916, 43.15606], [6.42202, 43.15234], [6.40168, 43.14694], [6.37854, 43.13608], [6.36608, 43.11864], [6.37535, 43.09085], [6.34226, 43.09077], [6.32569, 43.10419], [6.28037, 43.11867], [6.25347, 43.12088], [6.1932, 43.10877], [6.16293, 43.0926], [6.15317, 43.07197], [6.15277, 43.04811], [6.17133, 43.04232], [6.1854, 43.04543], [6.18006, 43.03593], [6.09797, 43.03127], [6.08878, 43.03475], [6.13207, 43.05264], [6.12909, 43.07136], [6.10966, 43.08432], [6.02702, 43.07821], [6.01652, 43.09894], [5.95866, 43.10218], [5.93411, 43.1136], [5.94093, 43.13402], [5.90854, 43.13129], [5.8794, 43.12043], [5.89623, 43.11543], [5.91061, 43.0932], [5.95136, 43.07997], [5.94028, 43.07092], [5.88796, 43.07223], [5.87534, 43.06879], [5.85632, 43.04489], [5.81897, 43.05348], [5.78189, 43.07911], [5.81808, 43.09909], [5.81146, 43.10672], [5.78342, 43.11461], [5.77613, 43.13081], [5.74102, 43.13208], [5.69631, 43.14688], [5.68767, 43.16885], [5.67392, 43.17989], [5.63421, 43.18723], [5.61241, 43.16044], [5.57271, 43.16916], [5.53784, 43.20739], [5.52495, 43.21263], [5.50417, 43.20567], [5.39531, 43.21234], [5.37034, 43.20787], [5.34725, 43.2158], [5.35378, 43.2438], [5.36915, 43.27041], [5.35736, 43.28035], [5.33888, 43.33429], [5.29417, 43.35547], [5.23827, 43.32805], [5.16324, 43.32931], [5.1249, 43.32578], [5.0648, 43.32803], [5.03403, 43.33548], [5.01395, 43.35793], [5.00559, 43.38163], [5.02613, 43.40933], [5.05714, 43.42207], [5.14617, 43.42206], [5.17384, 43.42829], [5.21355, 43.45783], [5.22633, 43.48029], [5.22283, 43.50397], [5.1936, 43.48995], [5.16554, 43.4825], [5.13999, 43.48579], [5.11843, 43.50398], [5.10572, 43.53303], [5.08497, 43.53815], [5.05373, 43.53816], [5.02914, 43.55858], [5.00929, 43.51765], [5.01466, 43.49872], [5.05029, 43.4767], [5.06217, 43.45185], [5.05112, 43.42927], [5.0276, 43.41698], [4.99847, 43.41471], [4.98309, 43.41707], [4.92848, 43.44013], [4.89258, 43.42537], [4.86818, 43.42145], [4.85027, 43.40143], [4.86753, 43.36511], [4.90097, 43.36695], [4.85579, 43.3418], [4.85082, 43.35893], [4.83326, 43.38198], [4.79176, 43.39912], [4.75782, 43.42235], [4.74244, 43.44872], [4.74244, 43.52448], [4.72584, 43.55679], [4.71192, 43.57152], [4.69459, 43.57909], [4.69459, 43.5729], [4.72877, 43.5279], [4.72877, 43.4562], [4.74252, 43.42255], [4.82302, 43.36717], [4.82027, 43.34637], [4.66589, 43.34755], [4.59234, 43.3599], [4.5663, 43.3711], [4.56556, 43.38795], [4.5857, 43.40424], [4.58804, 43.41689], [4.57959, 43.43007], [4.55521, 43.44327], [4.51303, 43.4558], [4.40942, 43.44775], [4.18165, 43.46378], [4.1327, 43.48723], [4.11722, 43.51048], [4.1312, 43.53624], [4.10532, 43.55187], [4.04745, 43.55614], [3.9909, 43.55085], [3.95297, 43.53994], [3.73991, 43.41284], [3.62216, 43.3749], [3.58969, 43.35488], [3.51335, 43.28108], [3.49236, 43.27433], [3.4524, 43.28876], [3.38543, 43.28392], [3.31772, 43.26309], [3.24431, 43.21943], [3.22095, 43.19522], [3.17872, 43.16523], [3.15446, 43.13529], [3.11402, 43.10631], [3.0704, 43.02692], [3.03899, 42.94278], [3.04184, 42.93281], [3.05468, 42.9271], [3.05607, 42.90731], [3.04046, 42.79019], [3.04329, 42.72459], [3.03761, 42.68321], [3.05185, 42.55488], [3.06609, 42.54206], [3.13737, 42.52492], [3.14591, 42.51496], [3.14308, 42.49213], [3.17586, 42.45648], [3.18151, 42.43532], [3.17018, 42.39659], [3.17449, 42.3638], [3.18735, 42.34951], [3.20419, 42.33959], [3.24984, 42.3432], [3.26303, 42.32921], [3.28061, 42.33685], [3.29371, 42.33498], [3.3177, 42.32298], [3.29404, 42.28803], [3.28702, 42.26293], [3.26303, 42.23987], [3.24716, 42.24571], [3.21014, 42.23974], [3.17873, 42.24971], [3.17018, 42.25967], [3.15162, 42.25682], [3.1303, 42.23973], [3.11883, 42.21833], [3.11647, 42.15843], [3.12249, 42.14049], [3.1386, 42.12763], [3.1731, 42.112], [3.21448, 42.06833], [3.21299, 42.05599], [3.19986, 42.04619], [3.1959, 42.03312], [3.20786, 41.99002], [3.23567, 41.96552], [3.23217, 41.94603], [3.1949, 41.8883], [3.15016, 41.84536], [3.11683, 41.84757], [3.07863, 41.82662], [3.06905, 41.79908], [3.04034, 41.78689], [2.95094, 41.73428], [2.93298, 41.71247], [2.84018, 41.69465], [2.82016, 41.68195], [2.81315, 41.67032], [2.792, 41.66901], [2.77849, 41.64559], [2.44947, 41.53522], [2.42896, 41.51896], [2.37134, 41.48921], [2.29672, 41.46532], [2.26735, 41.44864], [2.19172, 41.35656], [2.16325, 41.32665], [2.13033, 41.30357], [2.06031, 41.27462], [2.01996, 41.26591], [1.95135, 41.26069], [1.88412, 41.2475], [1.85401, 41.236], [1.81984, 41.23713], [1.62436, 41.19218], [1.53924, 41.18745], [1.2885, 41.11639], [1.21778, 41.10468], [1.18378, 41.06277], [1.17294, 41.05867], [1.14169, 41.07172], [1.09767, 41.07087], [1.05568, 41.06489], [0.99041, 41.0397], [0.87745, 40.95478], [0.8225, 40.89939], [0.7142, 40.81521], [0.69483, 40.786], [0.75017, 40.76557], [0.76238, 40.76606], [0.76726, 40.77102], [0.75021, 40.78599], [0.76693, 40.78501], [0.78072, 40.77935], [0.84181, 40.73212], [0.87369, 40.72792], [0.87239, 40.7071], [0.85789, 40.68605], [0.84831, 40.67537], [0.78403, 40.66096], [0.75636, 40.64224], [0.70703, 40.58341], [0.6768, 40.56509], [0.6159, 40.55346], [0.59248, 40.58209], [0.64063, 40.58685], [0.66318, 40.57473], [0.69622, 40.59036], [0.73268, 40.63373], [0.68222, 40.63422], [0.59978, 40.61371], [0.56349, 40.59003], [0.54851, 40.57233], [0.5013, 40.48421], [0.45265, 40.43407], [0.44612, 40.40844], [0.42026, 40.38825], [0.35058, 40.28491], [0.29884, 40.24677], [0.26473, 40.20979], [0.20525, 40.17154], [0.14453, 40.07885], [0.11703, 40.05635], [0.06617, 40.03193], [0.0405, 40.00288], [-0.00315, 39.93169], [-0.02868, 39.9018], [-0.0913, 39.84793], [-0.19449, 39.71544], [-0.20894, 39.66409], [-0.25744, 39.61624], [-0.2815, 39.56937], [-0.32335, 39.51622], [-0.33059, 39.48041], [-0.32747, 39.43067], [-0.30134, 39.32201], [-0.21551, 39.18184], [-0.24218, 39.16628], [-0.2267, 39.11178], [-0.21003, 39.07869], [-0.15803, 39.00214], [-0.10595, 38.93651], [-0.00975, 38.8697], [0.06308, 38.86078], [0.1107, 38.84999], [0.15397, 38.83099], [0.18529, 38.80353], [0.17091, 38.79609], [0.21787, 38.76813], [0.2277, 38.7702], [0.23453, 38.74226], [0.2277, 38.73458], [0.19207, 38.73041], [0.17677, 38.72403], [0.16261, 38.71353], [0.14502, 38.68636], [0.11858, 38.68281], [0.08302, 38.66096], [0.07313, 38.64521], [0.08056, 38.63102], [0.06043, 38.63483], [0.01526, 38.62478], [-0.01476, 38.62442], [-0.04296, 38.61172], [-0.05476, 38.59528], [-0.05364, 38.56696], [-0.05995, 38.55294], [-0.07544, 38.53996], [-0.0902, 38.53536], [-0.13174, 38.53535], [-0.17699, 38.52725], [-0.20214, 38.5196], [-0.23425, 38.50156], [-0.32942, 38.47004], [-0.34455, 38.46162], [-0.35083, 38.45003], [-0.39517, 38.41376], [-0.40608, 38.39887], [-0.41369, 38.36482], [-0.46019, 38.36005], [-0.47057, 38.35187], [-0.47437, 38.33675], [-0.50984, 38.33836], [-0.51879, 38.29865], [-0.50403, 38.20722], [-0.51572, 38.19545], [-0.53287, 38.19218], [-0.56884, 38.1942], [-0.59138, 38.18964], [-0.62369, 38.16242], [-0.64501, 38.11603], [-0.65454, 37.98933], [-0.66341, 37.9803], [-0.68993, 37.97215], [-0.71841, 37.94302], [-0.75862, 37.86335], [-0.7561, 37.80606], [-0.76074, 37.79615], [-0.78799, 37.82282], [-0.81242, 37.77009], [-0.82556, 37.76139], [-0.84781, 37.75609], [-0.85611, 37.7425], [-0.85261, 37.72378], [-0.80993, 37.6669], [-0.75479, 37.6413], [-0.73485, 37.63935], [-0.72646, 37.65151], [-0.70801, 37.643], [-0.70126, 37.63133], [-0.70532, 37.61954], [-0.73665, 37.59945], [-0.75451, 37.60431], [-0.83642, 37.57641], [-0.88671, 37.57429], [-0.92516, 37.55591], [-0.9735, 37.5764], [-0.98996, 37.57893], [-1.00642, 37.58145], [-1.08776, 37.58088], [-1.10342, 37.5764], [-1.11999, 37.55903], [-1.10579, 37.53215], [-1.16705, 37.54376], [-1.17858, 37.56388], [-1.2427, 37.5792], [-1.25767, 37.56701], [-1.26168, 37.55767], [-1.32373, 37.56199], [-1.36917, 37.54137], [-1.41394, 37.50641], [-1.45556, 37.4927], [-1.4709, 37.48224], [-1.48836, 37.43322], [-1.49672, 37.42794], [-1.515, 37.43321], [-1.54374, 37.41499], [-1.61872, 37.39228], [-1.64162, 37.38104], [-1.65285, 37.36127], [-1.67089, 37.36331], [-1.68016, 37.35444], [-1.69879, 37.3167], [-1.72836, 37.28258], [-1.78722, 37.23522], [-1.81273, 37.20706], [-1.83035, 37.16637], [-1.85533, 37.07638], [-1.88501, 37.01549], [-1.90612, 36.98762], [-1.90035, 36.94119], [-1.91261, 36.93362], [-1.9414, 36.92988], [-1.98892, 36.9005], [-2.0028, 36.88703], [-2.01306, 36.84578], [-2.05687, 36.81008], [-2.07117, 36.77534], [-2.10082, 36.76516], [-2.11108, 36.74613], [-2.12694, 36.73632], [-2.16613, 36.72758], [-2.20364, 36.73714], [-2.28279, 36.81009], [-2.31835, 36.82791], [-2.36168, 36.83678], [-2.43309, 36.81628], [-2.48143, 36.82994], [-2.56078, 36.81879], [-2.57689, 36.81131], [-2.61738, 36.72825], [-2.65889, 36.69482], [-2.68436, 36.68599], [-2.71825, 36.68205], [-2.73619, 36.68741], [-2.75666, 36.68038], [-2.82099, 36.71389], [-2.84825, 36.70023], [-2.85874, 36.70495], [-2.8861, 36.7344], [-2.91397, 36.75031], [-2.93326, 36.75165], [-2.98772, 36.73712], [-3.07645, 36.74976], [-3.15671, 36.74453], [-3.2279, 36.75483], [-3.32958, 36.7449], [-3.41542, 36.69552], [-3.4776, 36.69611], [-3.51596, 36.72105], [-3.54983, 36.71238], [-3.58639, 36.72659], [-3.6011, 36.74255], [-3.66567, 36.73937], [-3.67983, 36.72882], [-3.73128, 36.72411], [-3.83854, 36.75197], [-3.96096, 36.7268], [-4.05671, 36.74799], [-4.07996, 36.74356], [-4.11018, 36.72574], [-4.22472, 36.7124], [-4.40319, 36.72386], [-4.42032, 36.71988], [-4.43326, 36.71068], [-4.49112, 36.63666], [-4.49537, 36.62056], [-4.52483, 36.58073], [-4.5878, 36.57382], [-4.61503, 36.53056], [-4.65925, 36.50764], [-4.723, 36.49299], [-4.90266, 36.50654], [-4.99417, 36.45711], [-5.06249, 36.45222], [-5.10901, 36.42894], [-5.15762, 36.42194], [-5.18655, 36.4112], [-5.22712, 36.35794], [-5.25366, 36.29711], [-5.27385, 36.28269], [-5.2906, 36.27741], [-5.28532, 36.26081], [-5.33406, 36.18781], [-5.34204, 36.11052], [-5.35024, 36.11929], [-5.36661, 36.16315], [-5.40608, 36.17923], [-5.42545, 36.17975], [-5.44233, 36.14879], [-5.4349, 36.12153], [-5.43989, 36.1142], [-5.43716, 36.0987], [-5.42871, 36.0808], [-5.43184, 36.06957], [-5.44551, 36.05745]], [[15.08729, 44.29856], [15.11646, 44.28236], [15.11195, 44.2894], [15.08729, 44.29856]]], [[[-1.21941, 45.95075], [-1.22436, 45.93505], [-1.18518, 45.91595], [-1.17614, 45.89895], [-1.18431, 45.85605], [-1.19458, 45.83007], [-1.20922, 45.81417], [-1.22686, 45.81978], [-1.24097, 45.854], [-1.26036, 45.88182], [-1.319, 45.92813], [-1.34034, 45.93881], [-1.37816, 45.97579], [-1.37165, 45.99531], [-1.40491, 46.05316], [-1.37389, 46.05023], [-1.33992, 46.03782], [-1.28515, 46.00165], [-1.27383, 45.99763], [-1.24764, 46.00176], [-1.23364, 45.99168], [-1.23046, 45.9582], [-1.21941, 45.95075]]], [[[-1.26594, 46.18115], [-1.25416, 46.16243], [-1.2814, 46.15621], [-1.29068, 46.16132], [-1.33608, 46.16723], [-1.43285, 46.21084], [-1.48892, 46.20337], [-1.50425, 46.20768], [-1.5558, 46.24556], [-1.5558, 46.25177], [-1.49783, 46.26186], [-1.4801, 46.25921], [-1.4679, 46.2499], [-1.47387, 46.2381], [-1.50797, 46.24555], [-1.49055, 46.22443], [-1.46418, 46.22492], [-1.41114, 46.23809], [-1.41114, 46.23127], [-1.42536, 46.23127], [-1.42536, 46.22382], [-1.40876, 46.21825], [-1.3081, 46.20692], [-1.28475, 46.19643], [-1.26594, 46.18115]]], [[[-2.38291, 46.72264], [-2.37514, 46.73163], [-2.35716, 46.73375], [-2.29821, 46.72015], [-2.2797, 46.71027], [-2.26898, 46.69743], [-2.29137, 46.7036], [-2.3714, 46.7043], [-2.38291, 46.72264]]], [[[-2.19481, 46.96186], [-2.2202, 46.97386], [-2.2473, 46.96431], [-2.26315, 46.97981], [-2.27868, 47.01813], [-2.29562, 47.03318], [-2.23823, 47.0353], [-2.22045, 47.03318], [-2.20004, 47.02435], [-2.2001, 46.98542], [-2.14486, 46.95746], [-2.13771, 46.92341], [-2.14256, 46.90987], [-2.15907, 46.9165], [-2.19481, 46.96186]]], [[[-3.11465, 47.33149], [-3.10269, 47.32734], [-3.07275, 47.3283], [-3.06283, 47.32062], [-3.06702, 47.30195], [-3.09362, 47.29663], [-3.1717, 47.30159], [-3.24069, 47.32049], [-3.23762, 47.33637], [-3.26206, 47.38324], [-3.24975, 47.39501], [-3.17651, 47.37148], [-3.11465, 47.33149]]], [[[-5.03663, 48.46516], [-5.10552, 48.44466], [-5.10554, 48.45148], [-5.09187, 48.45148], [-5.09777, 48.46133], [-5.10741, 48.46337], [-5.13279, 48.45833], [-5.13279, 48.46515], [-5.069, 48.48504], [-5.03663, 48.47259], [-5.03663, 48.46516]]], [[[-2.16544, 48.78503], [-2.1767, 48.82412], [-2.17711, 48.87194], [-2.17276, 48.89399], [-2.16505, 48.91202], [-2.1537, 48.924], [-2.13701, 48.9295], [-2.11717, 48.92869], [-1.986, 48.88906], [-1.97455, 48.87521], [-1.90382, 48.81263], [-1.89401, 48.79822], [-1.89291, 48.7846], [-1.90322, 48.77184], [-1.92938, 48.75763], [-1.96158, 48.74775], [-1.99771, 48.74211], [-2.03548, 48.74077], [-2.07256, 48.74372], [-2.10651, 48.75073], [-2.13507, 48.76115], [-2.15622, 48.77351], [-2.16544, 48.78503]]], [[[-2.1687, 49.1783], [-2.18969, 49.18911], [-2.20262, 49.1906], [-2.21663, 49.26051], [-2.19628, 49.2534], [-2.17235, 49.25625], [-2.15168, 49.26702], [-2.11067, 49.2534], [-2.10356, 49.25828], [-2.08268, 49.26023], [-2.06786, 49.25068], [-2.02068, 49.23525], [-2.02196, 49.22549], [-2.00831, 49.21247], [-2.02099, 49.20075], [-2.02454, 49.17134], [-2.0967, 49.18357], [-2.13793, 49.20563], [-2.15294, 49.19994], [-2.1687, 49.1783]]], [[[-2.46136, 49.45626], [-2.44636, 49.44957], [-2.41793, 49.41935], [-2.36299, 49.31817], [-2.43842, 49.28154], [-2.47065, 49.27303], [-2.48485, 49.27389], [-2.51452, 49.28772], [-2.54866, 49.31303], [-2.57618, 49.34193], [-2.58385, 49.35542], [-2.5855, 49.36708], [-2.58014, 49.38349], [-2.5696, 49.40043], [-2.53787, 49.43139], [-2.49915, 49.45231], [-2.47965, 49.45686], [-2.46136, 49.45626]]], [[[-2.21848, 49.71869], [-2.17832, 49.73094], [-2.17033, 49.72874], [-2.17034, 49.72322], [-2.18791, 49.71065], [-2.21686, 49.70304], [-2.22621, 49.70783], [-2.21848, 49.71869]]], [[[3.81422, 51.74822], [3.84376, 51.74282], [3.96175, 51.73809], [4.03663, 51.68586], [4.07837, 51.67861], [4.09734, 51.67023], [4.09938, 51.65412], [4.08907, 51.64406], [4.05516, 51.63271], [3.9776, 51.62329], [3.92311, 51.63248], [3.90156, 51.642], [3.88559, 51.66836], [3.83059, 51.68587], [3.80926, 51.69953], [3.79591, 51.70014], [3.76538, 51.67842], [3.72055, 51.67683], [3.70005, 51.68062], [3.68671, 51.6927], [3.68948, 51.72504], [3.72585, 51.73972], [3.81422, 51.74822]]], [[[4.83277, 52.91132], [4.87379, 52.90396], [4.9131, 52.90558], [4.93042, 52.91154], [4.96928, 52.90029], [5.06566, 52.86081], [5.10878, 52.8368], [5.18255, 52.78127], [5.23608, 52.71879], [5.25508, 52.68525], [5.27635, 52.61514], [5.21177, 52.59262], [5.16883, 52.42176], [5.124, 52.32802], [5.05442, 52.20726], [4.98883, 52.17029], [4.85923, 52.11931], [4.7497, 52.09025], [4.66615, 52.07368], [4.54235, 52.0577], [4.45394, 52.05492], [4.34457, 52.06087], [4.23976, 52.07926], [4.28468, 52.11294], [4.40691, 52.22346], [4.50815, 52.33637], [4.56861, 52.44526], [4.57734, 52.48094], [4.59693, 52.50658], [4.6394, 52.70085], [4.66946, 52.79657], [4.71168, 52.8631], [4.72783, 52.94215], [4.81213, 52.93516], [4.80942, 52.92959], [4.83277, 52.91132]]], [[[10.88778, 33.64016], [10.87107, 33.65434], [10.87076, 33.67184], [10.87692, 33.68822], [10.85899, 33.71106], [10.82618, 33.7298], [10.80893, 33.73432], [10.79035, 33.71857], [10.78191, 33.70371], [10.76368, 33.70021], [10.74007, 33.71568], [10.72781, 33.7584], [10.72833, 33.78456], [10.74759, 33.81275], [10.73549, 33.85376], [10.73603, 33.88474], [10.77296, 33.8963], [10.85426, 33.88166], [10.8978, 33.87934], [10.92994, 33.89629], [10.99147, 33.8417], [11.0485, 33.81476], [11.0603, 33.80073], [10.99419, 33.7499], [10.97104, 33.73872], [10.95671, 33.69775], [10.95045, 33.69778], [10.95672, 33.73249], [10.94109, 33.72822], [10.92847, 33.69663], [10.89371, 33.65825], [10.88778, 33.64016]]], [[[8.34605, 39.0909], [8.34605, 39.09772], [8.36037, 39.11814], [8.38592, 39.10505], [8.41765, 39.10658], [8.44453, 39.10274], [8.46315, 39.06525], [8.47919, 39.0722], [8.48388, 39.06977], [8.45932, 39.04979], [8.46337, 39.04247], [8.45395, 39.02814], [8.43701, 38.9672], [8.42217, 38.96058], [8.40985, 38.96183], [8.40138, 38.98102], [8.36493, 39.02949], [8.3494, 39.06195], [8.35353, 39.09089], [8.34605, 39.0909]]], [[[8.30582, 39.19329], [8.31201, 39.12031], [8.30583, 39.10457], [8.28975, 39.09884], [8.26938, 39.10017], [8.25475, 39.10713], [8.25734, 39.12442], [8.23269, 39.14412], [8.22464, 39.15705], [8.23023, 39.17293], [8.2453, 39.18097], [8.30582, 39.19329]]], [[[8.42188, 40.83877], [8.47787, 40.82616], [8.52052, 40.82697], [8.5984, 40.85297], [8.63429, 40.88158], [8.64097, 40.89646], [8.70916, 40.92063], [8.73419, 40.92126], [8.76441, 40.9138], [8.83961, 40.96162], [8.87535, 41.00811], [8.88795, 41.01626], [8.88114, 41.02366], [8.9227, 41.03677], [8.94013, 41.06118], [8.97985, 41.08806], [9.00555, 41.12189], [9.02475, 41.12884], [9.10776, 41.13947], [9.13559, 41.16029], [9.14186, 41.15278], [9.15756, 41.16889], [9.16342, 41.18415], [9.16285, 41.22541], [9.17106, 41.24289], [9.23063, 41.26263], [9.23829, 41.24885], [9.25782, 41.24965], [9.26806, 41.23664], [9.26743, 41.20197], [9.27833, 41.19501], [9.27491, 41.21239], [9.27833, 41.22175], [9.28532, 41.22174], [9.2893, 41.20873], [9.28533, 41.19501], [9.31251, 41.20123], [9.33302, 41.18757], [9.33524, 41.21165], [9.35205, 41.20725], [9.38819, 41.18073], [9.38819, 41.18757], [9.42237, 41.18072], [9.42236, 41.17451], [9.4087, 41.1603], [9.42017, 41.15643], [9.44287, 41.13297], [9.43678, 41.11538], [9.44288, 41.09199], [9.46043, 41.12047], [9.47006, 41.12613], [9.45657, 41.14036], [9.46909, 41.14617], [9.50807, 41.14037], [9.52393, 41.14971], [9.53222, 41.14037], [9.52475, 41.13296], [9.54615, 41.12092], [9.55957, 41.12611], [9.5664, 41.11932], [9.56225, 41.09712], [9.5459, 41.07772], [9.53907, 41.09199], [9.52125, 41.03168], [9.51189, 41.01626], [9.53224, 41.01626], [9.52475, 41.0305], [9.54314, 41.03692], [9.5542, 41.03461], [9.55755, 41.02527], [9.55275, 41.00947], [9.55779, 41.00943], [9.55958, 41.01626], [9.57325, 41.00947], [9.58815, 41.02069], [9.61544, 41.01961], [9.66259, 41.00263], [9.65121, 40.99113], [9.60426, 41.00263], [9.58758, 40.99579], [9.57886, 40.96199], [9.56642, 40.94864], [9.57112, 40.93489], [9.55742, 40.93122], [9.51189, 40.93431], [9.51254, 40.92796], [9.50424, 40.92691], [9.51197, 40.91519], [9.53907, 40.92064], [9.57325, 40.9064], [9.59278, 40.9099], [9.62257, 40.92376], [9.64208, 40.92063], [9.63151, 40.90486], [9.61411, 40.8996], [9.61411, 40.89338], [9.65576, 40.87604], [9.66326, 40.85822], [9.68311, 40.86541], [9.69939, 40.85004], [9.72394, 40.84492], [9.681, 40.82978], [9.68978, 40.81079], [9.67449, 40.81391], [9.66179, 40.80903], [9.65789, 40.79987], [9.66879, 40.79035], [9.66977, 40.80146], [9.67579, 40.78864], [9.70394, 40.75942], [9.7142, 40.72724], [9.74446, 40.68048], [9.75652, 40.59516], [9.76157, 40.58735], [9.7819, 40.58197], [9.79225, 40.55695], [9.82641, 40.5296], [9.80875, 40.47077], [9.77809, 40.42723], [9.76172, 40.3907], [9.74935, 40.37727], [9.71241, 40.3664], [9.68311, 40.32421], [9.64552, 40.29609], [9.62615, 40.26309], [9.63111, 40.19619], [9.65463, 40.1446], [9.66505, 40.13158], [9.68758, 40.12085], [9.71022, 40.09634], [9.73226, 40.08393], [9.73023, 40.06836], [9.69337, 39.99291], [9.68727, 39.96117], [9.69662, 39.93378], [9.71, 39.94032], [9.71566, 39.94012], [9.71777, 39.93378], [9.71452, 39.92451], [9.69662, 39.9195], [9.68434, 39.89423], [9.68977, 39.87173], [9.68312, 39.87173], [9.68312, 39.86555], [9.69661, 39.85805], [9.69661, 39.85188], [9.68426, 39.83991], [9.67026, 39.79377], [9.67622, 39.71783], [9.65113, 39.65249], [9.65303, 39.56707], [9.62843, 39.50178], [9.64483, 39.48374], [9.63899, 39.45246], [9.61411, 39.39936], [9.60206, 39.35566], [9.60353, 39.32624], [9.6346, 39.30316], [9.6346, 39.29695], [9.60727, 39.28901], [9.58188, 39.2663], [9.56756, 39.2381], [9.57324, 39.21382], [9.5656, 39.20506], [9.57991, 39.18708], [9.56641, 39.14924], [9.55778, 39.13972], [9.52272, 39.1249], [9.51856, 39.10458], [9.5071, 39.1114], [9.51189, 39.12442], [9.49635, 39.13361], [9.48072, 39.13557], [9.44289, 39.12443], [9.438, 39.13337], [9.40871, 39.14616], [9.34506, 39.19644], [9.31191, 39.2081], [9.29217, 39.22126], [9.28533, 39.21383], [9.25245, 39.22516], [9.21632, 39.22801], [9.19744, 39.22114], [9.16602, 39.18709], [9.1369, 39.19433], [9.07301, 39.24852], [9.06373, 39.24307], [9.03875, 39.26219], [9.01393, 39.2639], [9.01254, 39.26057], [9.02573, 39.25601], [9.02101, 39.24042], [9.03785, 39.22712], [9.07496, 39.22989], [9.07985, 39.2246], [9.07894, 39.21235], [9.03859, 39.17902], [9.02622, 39.16523], [9.01832, 39.14614], [9.01873, 39.10395], [9.03199, 39.06977], [9.04492, 39.05126], [9.02931, 39.03026], [9.01832, 38.99531], [9.0257, 38.99531], [9.01515, 38.98966], [9.00465, 38.99531], [8.99615, 38.98265], [8.89489, 38.90243], [8.87745, 38.89908], [8.85328, 38.87801], [8.84126, 38.8807], [8.80543, 38.90595], [8.80542, 38.88547], [8.79103, 38.90445], [8.76661, 38.9204], [8.73951, 38.93065], [8.71656, 38.9326], [8.66879, 38.91059], [8.65162, 38.89155], [8.65511, 38.87117], [8.64096, 38.86434], [8.63479, 38.87116], [8.64283, 38.88996], [8.63315, 38.89557], [8.59988, 38.89908], [8.59988, 38.90595], [8.615, 38.923], [8.61549, 38.94758], [8.60328, 38.96491], [8.5801, 38.96053], [8.55958, 39.05671], [8.54428, 39.05127], [8.50442, 39.06294], [8.51808, 39.08344], [8.5044, 39.09089], [8.48277, 39.08039], [8.4651, 39.11945], [8.45427, 39.1249], [8.44224, 39.11816], [8.43539, 39.16596], [8.41879, 39.17731], [8.41261, 39.17573], [8.4157, 39.16598], [8.40952, 39.16934], [8.39869, 39.20116], [8.38015, 39.20759], [8.37283, 39.22208], [8.37673, 39.23785], [8.42644, 39.28327], [8.43214, 39.30183], [8.41572, 39.32368], [8.41725, 39.33902], [8.3821, 39.35969], [8.37405, 39.37885], [8.40138, 39.41242], [8.40504, 39.42719], [8.38691, 39.46979], [8.43531, 39.52521], [8.46339, 39.57685], [8.45592, 39.58438], [8.46388, 39.59789], [8.44225, 39.71467], [8.44646, 39.73086], [8.44403, 39.75702], [8.44607, 39.76251], [8.46858, 39.75494], [8.49977, 39.71621], [8.51694, 39.70214], [8.53826, 39.69603], [8.56577, 39.70108], [8.5145, 39.71369], [8.5044, 39.7215], [8.50686, 39.73847], [8.54526, 39.78294], [8.53858, 39.78294], [8.53053, 39.77041], [8.51811, 39.76254], [8.5298, 39.77253], [8.54884, 39.8072], [8.55519, 39.85269], [8.54526, 39.87857], [8.52345, 39.89887], [8.49415, 39.91242], [8.46306, 39.91413], [8.43539, 39.89899], [8.44223, 39.89281], [8.44557, 39.8981], [8.46336, 39.89899], [8.44467, 39.88361], [8.43539, 39.85808], [8.42874, 39.86555], [8.43751, 39.87678], [8.3983, 39.90535], [8.39455, 39.91267], [8.40138, 39.94001], [8.39452, 39.98817], [8.40651, 40.00983], [8.40707, 40.0222], [8.39454, 40.0362], [8.38014, 40.03011], [8.37722, 40.03376], [8.40138, 40.04986], [8.43482, 40.05101], [8.4686, 40.06216], [8.48731, 40.08954], [8.49, 40.10448], [8.46731, 40.14472], [8.45966, 40.21601], [8.47641, 40.26215], [8.47609, 40.29214], [8.4629, 40.31452], [8.44125, 40.33145], [8.4157, 40.34528], [8.40821, 40.33785], [8.38601, 40.3518], [8.38357, 40.37177], [8.39454, 40.42381], [8.37989, 40.4687], [8.36557, 40.49213], [8.33173, 40.51069], [8.31202, 40.57807], [8.29151, 40.59536], [8.26734, 40.59406], [8.21632, 40.57064], [8.19599, 40.57808], [8.21632, 40.61221], [8.19337, 40.6175], [8.17661, 40.60659], [8.16179, 40.56382], [8.14738, 40.59303], [8.14065, 40.62518], [8.17384, 40.64159], [8.18531, 40.65656], [8.1885, 40.68048], [8.19744, 40.69123], [8.17385, 40.69698], [8.14584, 40.72602], [8.13382, 40.72892], [8.21028, 40.86722], [8.21632, 40.8996], [8.20973, 40.91445], [8.1789, 40.92817], [8.18231, 40.9453], [8.20217, 40.97528], [8.20963, 40.97528], [8.21258, 40.96345], [8.22901, 40.96254], [8.23616, 40.95478], [8.22926, 40.92158], [8.23316, 40.9101], [8.27784, 40.86542], [8.31023, 40.85065], [8.42188, 40.83877]]], [[[9.71399, 40.87348], [9.73414, 40.87632], [9.74462, 40.86916], [9.73404, 40.85811], [9.71934, 40.86376], [9.71399, 40.87348]]], [[[9.73633, 40.92429], [9.74007, 40.9123], [9.70037, 40.89062], [9.69134, 40.8883], [9.67606, 40.89022], [9.73633, 40.92429]]], [[[8.22131, 41.01352], [8.22886, 41.04173], [8.26054, 41.06451], [8.27565, 41.06977], [8.27786, 41.10565], [8.30209, 41.10505], [8.32617, 41.1261], [8.32797, 41.11249], [8.34202, 41.09764], [8.34114, 41.07394], [8.33236, 41.06465], [8.27475, 41.05728], [8.25115, 41.04377], [8.24642, 40.99365], [8.20967, 40.9958], [8.22131, 41.01352]]], [[[9.40235, 41.19021], [9.39552, 41.1896], [9.39438, 41.19507], [9.40821, 41.20742], [9.41748, 41.20042], [9.40781, 41.18513], [9.40235, 41.19021]]], [[[9.47038, 41.17212], [9.44874, 41.18553], [9.44166, 41.18306], [9.43702, 41.18594], [9.44776, 41.20506], [9.44353, 41.21149], [9.44646, 41.2204], [9.45998, 41.24237], [9.47477, 41.23606], [9.47948, 41.22419], [9.47038, 41.17212]]], [[[9.39186, 41.24071], [9.39797, 41.25604], [9.41424, 41.26242], [9.42188, 41.26088], [9.4305, 41.24628], [9.42905, 41.2294], [9.43531, 41.21703], [9.39527, 41.2106], [9.37697, 41.21333], [9.37306, 41.22987], [9.39186, 41.24071]]], [[[9.14674, 41.23002], [9.13748, 41.24087], [9.14162, 41.24643], [9.15837, 41.24216], [9.14674, 41.23002]]], [[[9.35302, 41.24782], [9.35075, 41.23221], [9.34221, 41.22815], [9.3297, 41.23758], [9.33287, 41.25079], [9.35302, 41.24782]]], [[[9.35123, 41.27612], [9.34466, 41.27482], [9.33108, 41.28104], [9.33499, 41.28559], [9.3506, 41.28872], [9.35123, 41.27612]]], [[[9.3789, 41.29585], [9.36475, 41.28792], [9.35825, 41.2969], [9.37679, 41.30779], [9.3789, 41.29585]]], [[[9.33702, 41.30739], [9.35328, 41.29934], [9.35418, 41.29287], [9.33702, 41.2945], [9.33092, 41.30471], [9.33702, 41.30739]]], [[[9.25157, 41.37115], [9.26481, 41.37213], [9.26755, 41.36707], [9.27001, 41.36762], [9.26262, 41.3608], [9.25043, 41.36547], [9.25157, 41.37115]]], [[[9.22151, 41.37185], [9.20671, 41.36592], [9.19387, 41.36914], [9.16912, 41.38618], [9.09646, 41.40352], [9.10728, 41.42926], [9.12135, 41.43464], [9.06659, 41.46191], [9.07985, 41.47614], [9.07985, 41.48237], [9.03875, 41.46192], [9.03199, 41.46874], [9.03875, 41.47614], [9.01832, 41.46875], [9.00099, 41.48306], [8.95102, 41.49189], [8.93572, 41.48921], [8.90691, 41.50731], [8.88365, 41.51119], [8.87371, 41.52338], [8.83963, 41.53083], [8.85328, 41.53766], [8.85328, 41.54385], [8.83334, 41.55073], [8.80991, 41.55269], [8.79177, 41.56123], [8.7964, 41.58055], [8.79322, 41.58731], [8.77811, 41.59163], [8.80177, 41.63905], [8.81902, 41.63264], [8.87257, 41.65107], [8.88111, 41.65713], [8.88577, 41.67088], [8.9227, 41.69465], [8.78884, 41.71256], [8.77615, 41.7224], [8.78492, 41.7425], [8.7601, 41.74266], [8.71908, 41.73071], [8.69559, 41.72945], [8.70297, 41.7425], [8.68873, 41.74177], [8.65516, 41.74991], [8.6963, 41.7582], [8.71754, 41.77204], [8.72022, 41.79169], [8.70917, 41.79707], [8.70917, 41.8045], [8.75229, 41.8098], [8.78492, 41.82441], [8.77231, 41.8404], [8.75088, 41.84553], [8.79176, 41.85912], [8.78175, 41.87368], [8.77811, 41.8728], [8.80543, 41.90693], [8.79177, 41.91377], [8.78142, 41.92878], [8.76441, 41.93427], [8.74439, 41.93281], [8.68907, 41.91384], [8.62989, 41.90864], [8.61427, 41.9008], [8.60728, 41.91376], [8.61866, 41.93049], [8.61443, 41.94408], [8.5863, 41.96897], [8.63551, 41.97264], [8.65504, 41.9787], [8.66879, 41.99632], [8.65612, 42.00288], [8.66457, 42.01446], [8.68434, 42.02557], [8.74342, 42.04414], [8.74496, 42.05659], [8.72349, 42.0721], [8.69923, 42.10932], [8.68881, 42.11115], [8.6609, 42.10547], [8.64772, 42.12202], [8.62957, 42.13007], [8.58629, 42.1335], [8.59376, 42.14655], [8.57814, 42.1542], [8.55975, 42.15402], [8.59376, 42.16706], [8.59376, 42.17451], [8.56578, 42.17452], [8.56578, 42.18129], [8.57765, 42.18488], [8.5818, 42.19452], [8.57781, 42.20441], [8.56578, 42.20857], [8.57407, 42.21992], [8.54527, 42.23286], [8.54978, 42.24231], [8.58627, 42.24335], [8.61086, 42.25461], [8.65113, 42.2604], [8.68775, 42.27294], [8.68873, 42.28095], [8.63479, 42.30484], [8.62517, 42.31916], [8.60515, 42.31064], [8.59988, 42.32192], [8.63478, 42.33894], [8.6128, 42.35244], [8.59156, 42.35114], [8.55213, 42.33896], [8.55958, 42.34638], [8.54909, 42.3771], [8.5521, 42.38669], [8.57049, 42.38178], [8.58628, 42.39296], [8.59864, 42.3876], [8.61844, 42.41942], [8.65089, 42.42328], [8.65952, 42.42988], [8.6614, 42.45189], [8.67677, 42.47248], [8.65709, 42.48005], [8.6675, 42.50971], [8.68044, 42.52105], [8.71656, 42.53071], [8.7108, 42.54011], [8.71632, 42.562], [8.70917, 42.57915], [8.71973, 42.57598], [8.72348, 42.5655], [8.74, 42.57232], [8.77125, 42.55805], [8.78696, 42.562], [8.80746, 42.58511], [8.81284, 42.5996], [8.80546, 42.60642], [8.84303, 42.60806], [8.90651, 42.63246], [9.01832, 42.65013], [9.04998, 42.66218], [9.053, 42.68158], [9.11814, 42.73204], [9.16521, 42.73516], [9.23682, 42.72255], [9.26465, 42.70888], [9.28533, 42.67475], [9.29217, 42.67475], [9.32789, 42.72004], [9.34254, 42.74909], [9.33303, 42.77094], [9.34099, 42.79011], [9.33546, 42.8076], [9.30569, 42.83926], [9.33302, 42.86713], [9.32634, 42.88552], [9.33027, 42.90355], [9.3602, 42.92862], [9.35574, 42.93651], [9.3602, 42.94912], [9.34996, 42.95723], [9.34345, 42.97309], [9.34661, 43.0035], [9.36305, 43.01153], [9.40431, 43.01166], [9.42237, 43.01739], [9.43556, 43.00373], [9.46403, 42.99005], [9.45387, 42.96381], [9.47005, 42.94229], [9.4655, 42.92353], [9.48437, 42.83242], [9.48268, 42.80208], [9.45037, 42.70889], [9.45037, 42.65363], [9.44288, 42.64057], [9.45655, 42.63443], [9.46168, 42.61982], [9.45655, 42.60643], [9.4646, 42.60162], [9.4769, 42.57917], [9.51189, 42.5655], [9.50912, 42.57998], [9.48964, 42.61255], [9.52814, 42.56329], [9.53338, 42.45624], [9.5459, 42.43513], [9.53541, 42.40819], [9.53224, 42.37372], [9.55957, 42.29458], [9.55226, 42.17015], [9.55957, 42.14655], [9.55281, 42.11326], [9.54573, 42.10417], [9.51856, 42.08511], [9.4923, 42.0476], [9.40317, 41.95295], [9.3943, 41.84797], [9.403, 41.77949], [9.40161, 41.70645], [9.37224, 41.6839], [9.36704, 41.67422], [9.38069, 41.67421], [9.37785, 41.65623], [9.37304, 41.64518], [9.36387, 41.64018], [9.34522, 41.64033], [9.34667, 41.61958], [9.31821, 41.62714], [9.29217, 41.62641], [9.29394, 41.61762], [9.27858, 41.59838], [9.29217, 41.59162], [9.34504, 41.60448], [9.35416, 41.5954], [9.35065, 41.5814], [9.32693, 41.56125], [9.29965, 41.55329], [9.28198, 41.53328], [9.26466, 41.53083], [9.26986, 41.51679], [9.26466, 41.50287], [9.2762, 41.49941], [9.27913, 41.49165], [9.26512, 41.47663], [9.27083, 41.46874], [9.22803, 41.45003], [9.2107, 41.44823], [9.2107, 41.44086], [9.22332, 41.42731], [9.2107, 41.40729], [9.25032, 41.42778], [9.23885, 41.39606], [9.22151, 41.37185]]], [[[10.92333, 42.31874], [10.87194, 42.35387], [10.86185, 42.36628], [10.87637, 42.37444], [10.87604, 42.38695], [10.88299, 42.39214], [10.91359, 42.37503], [10.92956, 42.34056], [10.93975, 42.33066], [10.92333, 42.31874]]], [[[10.05032, 42.58194], [10.05285, 42.5891], [10.06276, 42.59203], [10.08431, 42.61468], [10.0979, 42.58796], [10.09538, 42.57698], [10.08578, 42.57247], [10.05861, 42.576], [10.05032, 42.58194]]], [[[10.38136, 42.83242], [10.39993, 42.86883], [10.41236, 42.87335], [10.42204, 42.87082], [10.44335, 42.84545], [10.43116, 42.82787], [10.43668, 42.80443], [10.42025, 42.77644], [10.38884, 42.7635], [10.40794, 42.75728], [10.42494, 42.74099], [10.43066, 42.72212], [10.41554, 42.70891], [10.41098, 42.71796], [10.38137, 42.72257], [10.36427, 42.74982], [10.3379, 42.76484], [10.32504, 42.76484], [10.31373, 42.74301], [10.30454, 42.75975], [10.26539, 42.74459], [10.24537, 42.75727], [10.23519, 42.73592], [10.14754, 42.73728], [10.12486, 42.74312], [10.1068, 42.7574], [10.10145, 42.7838], [10.11167, 42.80125], [10.13272, 42.81178], [10.17953, 42.81874], [10.22438, 42.80443], [10.26588, 42.80443], [10.25906, 42.81191], [10.27215, 42.81875], [10.27216, 42.82733], [10.32682, 42.82623], [10.32211, 42.81171], [10.33277, 42.80598], [10.34734, 42.80585], [10.38136, 42.83242]]], [[[6.25099, 43.01729], [6.25219, 43.00264], [6.20249, 42.98714], [6.1662, 42.99967], [6.16474, 43.00507], [6.17514, 43.00897], [6.20297, 43.008], [6.21531, 43.01478], [6.23339, 43.01558], [6.24188, 43.02564], [6.25099, 43.01729]]], [[[6.49016, 43.0443], [6.4817, 43.03832], [6.46647, 43.01936], [6.43297, 43.00968], [6.43467, 43.0272], [6.45087, 43.03158], [6.47267, 43.05068], [6.50155, 43.05588], [6.50659, 43.05162], [6.50578, 43.04618], [6.49016, 43.0443]]], [[[9.78461, 43.02844], [9.80909, 43.06735], [9.82578, 43.07462], [9.84749, 43.05857], [9.85479, 43.04428], [9.84212, 43.02496], [9.82295, 43.00847], [9.80151, 43.00782], [9.78461, 43.02844]]], [[[9.90058, 43.44383], [9.90813, 43.44659], [9.91569, 43.44293], [9.90845, 43.42692], [9.89423, 43.43253], [9.90058, 43.44383]]], [[[7.03241, 43.52249], [7.04896, 43.52409], [7.07279, 43.51571], [7.03669, 43.51647], [7.03241, 43.52249]]], [[[11.48263, 33.71847], [11.25727, 33.74495], [11.31387, 33.75774], [11.31818, 33.76538], [11.30357, 33.81309], [11.30459, 33.82784], [11.3098, 33.8324], [11.34313, 33.83418], [11.40961, 33.82173], [11.44869, 33.80694], [11.46246, 33.79849], [11.47636, 33.77792], [11.48263, 33.71847]]], [[[11.26882, 33.86754], [11.24868, 33.90432], [11.23711, 33.91745], [11.21774, 33.92164], [11.16903, 33.92329], [11.15464, 33.93016], [11.14883, 33.94324], [11.14451, 33.97529], [11.14831, 34.05516], [11.25241, 34.04161], [11.30998, 34.02819], [11.36158, 34.00392], [11.39814, 33.98158], [11.42112, 33.95956], [11.42337, 33.95001], [11.41756, 33.93598], [11.40545, 33.92191], [11.36803, 33.89535], [11.32255, 33.87393], [11.28069, 33.86147], [11.26882, 33.86754]]], [[[10.96414, 34.65668], [10.98716, 34.67177], [11.10107, 34.67097], [11.11083, 34.65952], [11.0557, 34.62097], [11.0365, 34.62432], [10.96414, 34.65668]]], [[[11.26824, 34.78535], [11.2658, 34.77338], [11.27484, 34.77037], [11.30478, 34.74229], [11.29702, 34.7287], [11.19966, 34.69472], [11.13075, 34.6633], [11.12232, 34.68042], [11.17065, 34.72859], [11.17304, 34.758], [11.18094, 34.76177], [11.18312, 34.75218], [11.19819, 34.74402], [11.22211, 34.74765], [11.2243, 34.77006], [11.21752, 34.78162], [11.25427, 34.82581], [11.27076, 34.81786], [11.29947, 34.81417], [11.30415, 34.80529], [11.27809, 34.79768], [11.26824, 34.78535]]], [[[14.53248, 35.82197], [14.5275, 35.80123], [14.50709, 35.80866], [14.47267, 35.81144], [14.42425, 35.82379], [14.38153, 35.84297], [14.35987, 35.8697], [14.34572, 35.87593], [14.33823, 35.94697], [14.33253, 35.96284], [14.32205, 35.97313], [14.36121, 35.99234], [14.37728, 35.99363], [14.37728, 35.98624], [14.36232, 35.98241], [14.34938, 35.97313], [14.42847, 35.96572], [14.44507, 35.96034], [14.47869, 35.93696], [14.50781, 35.92853], [14.51393, 35.90082], [14.54802, 35.89003], [14.56315, 35.87002], [14.56713, 35.84561], [14.56177, 35.82984], [14.54802, 35.83601], [14.53248, 35.82197]]], [[[14.35058, 36.00951], [14.32465, 36.00346], [14.3218, 36.017], [14.34359, 36.01556], [14.35058, 36.00951]]], [[[14.33422, 36.03437], [14.32203, 36.02717], [14.30445, 36.0266], [14.26002, 36.01351], [14.22125, 36.01911], [14.18492, 36.03462], [14.188, 36.0454], [14.18362, 36.06476], [14.2566, 36.07558], [14.28256, 36.06785], [14.3145, 36.05124], [14.33422, 36.03437]]], [[[12.7046, 38.11083], [12.72535, 38.12592], [12.71992, 38.17548], [12.73178, 38.19275], [12.7378, 38.18098], [12.76091, 38.18097], [12.79078, 38.11709], [12.81837, 38.07795], [12.86889, 38.05133], [12.86964, 38.04255], [12.90113, 38.02806], [12.94418, 38.03286], [13.02735, 38.0624], [13.06137, 38.08348], [13.0713, 38.09553], [13.06617, 38.12303], [13.05471, 38.14183], [13.08937, 38.166], [13.08377, 38.17471], [13.10093, 38.19008], [13.11248, 38.19276], [13.15699, 38.17967], [13.2072, 38.17609], [13.23032, 38.18464], [13.23903, 38.207], [13.2544, 38.20254], [13.31812, 38.22064], [13.32324, 38.21796], [13.32838, 38.20018], [13.37191, 38.17279], [13.3733, 38.14069], [13.39137, 38.10318], [13.51352, 38.11053], [13.54126, 38.09406], [13.53932, 38.07685], [13.54737, 38.05622], [13.58708, 38.03912], [13.65113, 38.00096], [13.69799, 37.99351], [13.71191, 37.98793], [13.70509, 37.98046], [13.79078, 37.97362], [13.81267, 37.97793], [13.85719, 37.99672], [13.89829, 38.00446], [13.93849, 38.02887], [14.00717, 38.03828], [14.02052, 38.04937], [14.08326, 38.02383], [14.10629, 38.02143], [14.15138, 38.02886], [14.2732, 38.01512], [14.33123, 38.01801], [14.38461, 38.02953], [14.4319, 38.04937], [14.46412, 38.03718], [14.51173, 38.04438], [14.63461, 38.08149], [14.66774, 38.09919], [14.73399, 38.15771], [14.7448, 38.16135], [14.79811, 38.16035], [14.87403, 38.17569], [14.90708, 38.18768], [14.94474, 38.1819], [14.96974, 38.15925], [15.00734, 38.1518], [15.04899, 38.15179], [15.0687, 38.13129], [15.0879, 38.12824], [15.17742, 38.15632], [15.2033, 38.1833], [15.23861, 38.23788], [15.23718, 38.26479], [15.24317, 38.26479], [15.24633, 38.25434], [15.24073, 38.23029], [15.24537, 38.21723], [15.28114, 38.20801], [15.32106, 38.21088], [15.39967, 38.23257], [15.43377, 38.25315], [15.47291, 38.26781], [15.51288, 38.29758], [15.52866, 38.30263], [15.55925, 38.3001], [15.61598, 38.28022], [15.6516, 38.27529], [15.64242, 38.26228], [15.62428, 38.26166], [15.58375, 38.24042], [15.56967, 38.22696], [15.55991, 38.19977], [15.57592, 38.20017], [15.52703, 38.13679], [15.50033, 38.08495], [15.39259, 37.97614], [15.26645, 37.81211], [15.24122, 37.79556], [15.21306, 37.76146], [15.20655, 37.74775], [15.22021, 37.70673], [15.21606, 37.69673], [15.20216, 37.68537], [15.19677, 37.6551], [15.16391, 37.5679], [15.1159, 37.52228], [15.09669, 37.49445], [15.08953, 37.45946], [15.09205, 37.36054], [15.09669, 37.34369], [15.11069, 37.32185], [15.18002, 37.29076], [15.21745, 37.28497], [15.23666, 37.27472], [15.25195, 37.25771], [15.26122, 37.23386], [15.24488, 37.24616], [15.23561, 37.24193], [15.22024, 37.22019], [15.22169, 37.23745], [15.21583, 37.2447], [15.20541, 37.2447], [15.19288, 37.23998], [15.19905, 37.22761], [15.18344, 37.20747], [15.19467, 37.17634], [15.21648, 37.15522], [15.23325, 37.16485], [15.24756, 37.15867], [15.24756, 37.15185], [15.22918, 37.14964], [15.23178, 37.13491], [15.24659, 37.11823], [15.30322, 37.10122], [15.30786, 37.08666], [15.30274, 37.0625], [15.28793, 37.069], [15.28199, 37.06086], [15.2837, 37.04841], [15.29184, 37.04198], [15.31226, 37.044], [15.32105, 37.04022], [15.33235, 37.01163], [15.32472, 37.0085], [15.30893, 37.01777], [15.26808, 37.00043], [15.2749, 36.9936], [15.26385, 36.98713], [15.26806, 36.9731], [15.24448, 36.97207], [15.17465, 36.94408], [15.15838, 36.92422], [15.10768, 36.82014], [15.10661, 36.80858], [15.09401, 36.79955], [15.09889, 36.77945], [15.11726, 36.74693], [15.13493, 36.68769], [15.13428, 36.6752], [15.11451, 36.65991], [15.09392, 36.65494], [15.07358, 36.65913], [15.03305, 36.69391], [15.00717, 36.70279], [14.99781, 36.70222], [14.98243, 36.68888], [14.95729, 36.69783], [14.91863, 36.71988], [14.88217, 36.73066], [14.84685, 36.72626], [14.78078, 36.69938], [14.77345, 36.71003], [14.76092, 36.70622], [14.74431, 36.71914], [14.68459, 36.72603], [14.65895, 36.75381], [14.58221, 36.78132], [14.56593, 36.77832], [14.48732, 36.79337], [14.47562, 36.80517], [14.39454, 36.94501], [14.36988, 36.97309], [14.27882, 37.04401], [14.20851, 37.08112], [14.12631, 37.11225], [14.08863, 37.11774], [13.97633, 37.1103], [13.93849, 37.09594], [13.89467, 37.10078], [13.83269, 37.13955], [13.71584, 37.17138], [13.68345, 37.18936], [13.59881, 37.25674], [13.56918, 37.2735], [13.45265, 37.29883], [13.32961, 37.36628], [13.31129, 37.38084], [13.27802, 37.39371], [13.25327, 37.43179], [13.22536, 37.44604], [13.20606, 37.46393], [13.18923, 37.46972], [13.17408, 37.48701], [13.05152, 37.50068], [13.02638, 37.49324], [13.01054, 37.50673], [13.00001, 37.53547], [12.97413, 37.55744], [12.94264, 37.56851], [12.86215, 37.5764], [12.78093, 37.57421], [12.69776, 37.56274], [12.65936, 37.56514], [12.63625, 37.58223], [12.59474, 37.63788], [12.57781, 37.652], [12.56349, 37.65778], [12.52361, 37.65836], [12.50621, 37.66552], [12.48916, 37.68255], [12.46503, 37.7198], [12.45631, 37.75975], [12.42703, 37.79703], [12.42741, 37.80905], [12.44459, 37.81597], [12.44606, 37.81184], [12.46502, 37.82282], [12.47869, 37.88117], [12.46413, 37.91291], [12.49049, 37.95401], [12.50294, 37.99706], [12.50416, 38.01122], [12.49295, 38.02143], [12.52345, 38.03144], [12.57635, 38.07171], [12.60841, 38.0624], [12.65162, 38.0915], [12.66245, 38.11627], [12.7046, 38.11083]]], [[[12.35767, 37.91406], [12.34239, 37.91325], [12.31422, 37.92524], [12.29965, 37.91927], [12.28778, 37.92155], [12.27322, 37.93951], [12.31422, 37.94634], [12.33676, 37.93305], [12.3688, 37.92523], [12.35767, 37.91406]]], [[[12.05133, 37.95863], [12.06172, 37.98753], [12.07788, 37.96011], [12.07926, 37.95027], [12.06479, 37.95084], [12.05133, 37.95863]]], [[[14.21014, 40.56097], [14.25719, 40.55674], [14.26212, 40.55398], [14.25471, 40.54638], [14.20834, 40.53796], [14.19599, 40.54117], [14.19859, 40.55849], [14.21014, 40.56097]]], [[[13.88315, 40.76239], [13.94606, 40.74525], [13.96581, 40.73505], [13.96581, 40.71528], [13.94467, 40.70162], [13.93482, 40.70563], [13.90893, 40.70153], [13.86578, 40.73651], [13.86203, 40.74433], [13.87013, 40.74872], [13.8631, 40.7624], [13.88315, 40.76239]]], [[[14.01708, 40.73727], [14.00587, 40.74689], [14.001, 40.74397], [14.00413, 40.76213], [14.01767, 40.77028], [14.03531, 40.75984], [14.02182, 40.75719], [14.02588, 40.75032], [14.01352, 40.74754], [14.01708, 40.73727]]], [[[11.11246, 42.25288], [11.10239, 42.2543], [11.10644, 42.2378], [11.09511, 42.24349], [11.09385, 42.26015], [11.11051, 42.26121], [11.11246, 42.25288]]], [[[14.67214, 44.41207], [14.70166, 44.40159], [14.70208, 44.37796], [14.72225, 44.36351], [14.72306, 44.35172], [14.71372, 44.35127], [14.69298, 44.35986], [14.67986, 44.3887], [14.66758, 44.39221], [14.66148, 44.39981], [14.67214, 44.41207]]], [[[14.28242, 44.52227], [14.2908, 44.52183], [14.31121, 44.50947], [14.32077, 44.50918], [14.29868, 44.49642], [14.28242, 44.52227]]], [[[14.42262, 44.57388], [14.40406, 44.57966], [14.39697, 44.56917], [14.38657, 44.56563], [14.36306, 44.57344], [14.36307, 44.57966], [14.36988, 44.57966], [14.36477, 44.58722], [14.38258, 44.60326], [14.37599, 44.62303], [14.3493, 44.65554], [14.3358, 44.71676], [14.38111, 44.69864], [14.39747, 44.68561], [14.39039, 44.66218], [14.41, 44.60098], [14.44557, 44.56598], [14.52661, 44.50372], [14.53434, 44.48408], [14.51198, 44.48226], [14.48504, 44.50064], [14.45191, 44.53189], [14.43818, 44.53865], [14.43818, 44.54547], [14.46607, 44.53864], [14.42262, 44.57388]]], [[[14.25668, 44.63703], [14.27115, 44.61254], [14.23957, 44.62002], [14.23261, 44.62605], [14.24416, 44.66144], [14.2658, 44.6795], [14.28043, 44.67755], [14.28003, 44.6678], [14.27417, 44.6617], [14.25734, 44.65672], [14.25668, 44.63703]]], [[[14.45192, 44.8509], [14.46655, 44.80484], [14.45192, 44.79877], [14.4729, 44.7652], [14.46608, 44.7298], [14.47218, 44.70795], [14.51391, 44.66218], [14.50856, 44.64533], [14.51498, 44.64216], [14.52751, 44.64788], [14.53434, 44.63426], [14.51335, 44.61885], [14.473, 44.62028], [14.42792, 44.65657], [14.39454, 44.70759], [14.39723, 44.75161], [14.38356, 44.75776], [14.37453, 44.75387], [14.36819, 44.76106], [14.36158, 44.81598], [14.34605, 44.82051], [14.32986, 44.83394], [14.31422, 44.89349], [14.29422, 44.90864], [14.30152, 44.92231], [14.29251, 44.94033], [14.30152, 44.94342], [14.32546, 44.93635], [14.35963, 44.90864], [14.38738, 44.909], [14.39723, 44.9291], [14.39032, 44.96038], [14.40406, 44.94953], [14.41139, 44.95637], [14.39145, 44.96943], [14.37673, 44.98689], [14.34083, 45.05561], [14.27851, 45.11335], [14.2777, 45.128], [14.28849, 45.14865], [14.29944, 45.16217], [14.31366, 45.17242], [14.33188, 45.17584], [14.3562, 45.16925], [14.36409, 45.15762], [14.36305, 45.09357], [14.38771, 45.03905], [14.41765, 44.99799], [14.43084, 44.9903], [14.46606, 44.9837], [14.47348, 44.97142], [14.47093, 44.95369], [14.45192, 44.92231], [14.45922, 44.91543], [14.44996, 44.89802], [14.45192, 44.8509]]], [[[13.77832, 44.91079], [13.77769, 44.90251], [13.76108, 44.90351], [13.7561, 44.88992], [13.74734, 44.88761], [13.75009, 44.91315], [13.737, 44.92], [13.73546, 44.92393], [13.74789, 44.9251], [13.77384, 44.91526], [13.77832, 44.91079]]], [[[14.52767, 44.98598], [14.54582, 44.96804], [14.54297, 44.95544], [14.51711, 44.9626], [14.48578, 44.98362], [14.52767, 44.98598]]], [[[14.53456, 45.2377], [14.54885, 45.24871], [14.56336, 45.24973], [14.59585, 45.23754], [14.58221, 45.23753], [14.62377, 45.17549], [14.59742, 45.16645], [14.61256, 45.15925], [14.64373, 45.15681], [14.66528, 45.1618], [14.6709, 45.14346], [14.65895, 45.10834], [14.66529, 45.08735], [14.67807, 45.07746], [14.69597, 45.07343], [14.74047, 45.07305], [14.74, 45.04434], [14.7998, 45.00519], [14.81493, 44.97749], [14.78468, 44.96932], [14.76092, 44.97748], [14.74724, 44.97004], [14.74724, 44.96381], [14.76074, 44.95514], [14.75684, 44.94873], [14.7234, 44.94336], [14.70672, 44.94666], [14.65789, 44.97004], [14.62893, 44.97818], [14.6238, 45.00122], [14.62631, 45.03726], [14.62086, 45.0456], [14.60328, 45.03897], [14.60328, 45.03217], [14.61695, 45.02464], [14.59031, 45.0233], [14.51026, 45.03223], [14.48537, 45.03804], [14.45993, 45.05256], [14.42508, 45.08735], [14.44159, 45.09979], [14.46266, 45.10102], [14.46707, 45.12408], [14.47608, 45.12825], [14.51401, 45.12906], [14.53012, 45.13483], [14.52127, 45.14883], [14.53956, 45.1704], [14.53689, 45.20172], [14.54802, 45.21027], [14.54981, 45.22142], [14.54379, 45.23574], [14.53456, 45.2377]]], [[[12.43085, 45.41571], [12.41644, 45.42061], [12.37623, 45.42255], [12.32147, 45.34804], [12.32802, 45.37244], [12.37184, 45.42487], [12.38917, 45.43354], [12.40748, 45.43065], [12.43085, 45.41571]]], [[[12.36207, 45.43814], [12.33725, 45.42741], [12.32066, 45.42984], [12.31659, 45.44306], [12.32985, 45.4588], [12.34717, 45.4588], [12.36378, 45.44965], [12.36207, 45.43814]]], [[[12.41839, 45.46874], [12.40878, 45.45661], [12.38536, 45.44571], [12.37518, 45.45379], [12.39731, 45.46003], [12.41409, 45.47308], [12.41839, 45.46874]]], [[[14.94827, 38.39644], [14.94534, 38.41226], [14.95884, 38.43292], [14.96631, 38.43292], [14.96632, 38.41869], [14.99365, 38.40302], [15.00724, 38.37789], [14.98683, 38.3641], [14.94827, 38.39644]]], [[[14.90969, 38.51532], [14.92482, 38.52236], [14.95963, 38.52079], [14.96606, 38.51626], [14.95883, 38.50186], [14.97933, 38.48753], [14.97933, 38.4814], [14.95265, 38.48139], [14.96631, 38.45345], [14.94874, 38.45093], [14.90774, 38.47395], [14.89944, 38.48168], [14.90066, 38.49868], [14.90969, 38.51532]]], [[[17.91578, 42.71342], [17.90544, 42.7006], [17.84508, 42.73209], [17.85076, 42.734], [17.8367, 42.75307], [17.84823, 42.75392], [17.89859, 42.73298], [17.91578, 42.71342]]], [[[17.67937, 42.72988], [17.73047, 42.71344], [17.74884, 42.69458], [17.38592, 42.77094], [17.37379, 42.76001], [17.35378, 42.76668], [17.32376, 42.79083], [17.37379, 42.80263], [17.39232, 42.80169], [17.37159, 42.79084], [17.39332, 42.79116], [17.41245, 42.784], [17.41993, 42.79083], [17.43686, 42.78262], [17.48601, 42.78216], [17.52369, 42.76484], [17.57447, 42.7575], [17.59749, 42.74982], [17.59067, 42.74299], [17.6482, 42.73851], [17.65894, 42.74298], [17.67937, 42.72988]]], [[[16.80984, 42.74982], [16.82228, 42.75511], [16.82407, 42.76406], [16.81886, 42.76936], [16.80301, 42.7635], [16.81024, 42.77533], [16.85816, 42.78399], [16.92107, 42.77715], [16.93392, 42.77094], [16.93636, 42.75552], [16.92464, 42.74141], [16.90544, 42.73177], [16.88495, 42.72941], [16.88217, 42.7364], [16.85816, 42.74299], [16.84766, 42.7336], [16.83432, 42.73095], [16.82082, 42.73608], [16.80984, 42.74982]]], [[[16.67261, 42.92179], [16.63846, 42.93476], [16.7068, 42.9621], [16.7068, 42.96955], [16.63171, 42.98261], [16.65269, 42.99236], [16.72047, 42.99005], [16.76857, 42.97224], [16.82407, 42.9621], [16.87867, 42.9621], [16.91554, 42.9745], [17.03207, 42.98261], [17.11492, 42.96527], [17.13183, 42.96955], [17.15804, 42.9469], [17.20019, 42.92178], [17.19438, 42.91541], [17.23952, 42.91497], [17.25087, 42.90662], [17.25829, 42.8805], [17.25459, 42.86584], [17.24958, 42.86235], [17.19232, 42.8518], [17.12233, 42.8472], [16.93744, 42.84962], [16.87154, 42.85741], [16.85377, 42.86402], [16.83976, 42.87334], [16.83627, 42.88006], [16.84543, 42.89438], [16.85612, 42.90122], [16.69142, 42.92821], [16.67286, 42.92674], [16.67261, 42.92179]], [[17.01531, 42.92862], [16.97291, 42.9267], [16.93491, 42.91602], [16.98645, 42.90504], [17.04162, 42.90572], [17.19115, 42.91521], [17.17798, 42.92054], [17.16431, 42.92086], [17.10743, 42.9143], [17.01531, 42.92862]]], [[[16.19971, 43.0794], [16.19288, 43.07197], [16.21583, 43.07916], [16.2282, 43.07867], [16.24122, 43.07197], [16.24985, 43.0794], [16.25487, 43.06855], [16.21029, 43.03328], [16.16498, 43.02315], [16.12241, 43.08726], [16.1705, 43.08762], [16.19971, 43.0794]]], [[[16.68222, 43.09955], [16.69777, 43.09573], [16.72551, 43.09649], [16.73795, 43.09235], [16.73852, 43.08683], [16.71973, 43.08187], [16.67351, 43.0845], [16.66002, 43.08947], [16.68222, 43.09955]]], [[[16.58326, 43.21597], [16.61612, 43.22354], [16.65951, 43.21596], [16.69311, 43.18866], [16.6936, 43.18401], [16.68629, 43.18183], [16.72771, 43.16462], [16.84815, 43.16234], [16.86443, 43.16884], [16.87843, 43.15884], [16.89674, 43.15477], [16.95875, 43.1524], [17.01856, 43.14086], [17.10942, 43.14377], [17.15494, 43.14035], [17.19332, 43.12727], [16.67018, 43.12549], [16.55983, 43.14298], [16.47535, 43.16649], [16.44517, 43.17081], [16.42726, 43.17988], [16.37161, 43.19551], [16.3761, 43.20006], [16.39145, 43.20233], [16.40398, 43.19717], [16.41529, 43.19847], [16.43979, 43.20977], [16.44606, 43.20234], [16.4603, 43.21595], [16.4603, 43.20978], [16.49643, 43.21807], [16.55494, 43.18793], [16.58326, 43.18867], [16.52055, 43.22898], [16.56275, 43.22898], [16.58326, 43.21597]]], [[[16.80982, 43.34638], [16.79615, 43.34638], [16.81625, 43.34024], [16.83033, 43.34637], [16.85817, 43.32518], [16.88509, 43.32196], [16.89233, 43.3122], [16.87939, 43.29379], [16.87232, 43.288], [16.86443, 43.29169], [16.8459, 43.27333], [16.81285, 43.26776], [16.62827, 43.26375], [16.56398, 43.27009], [16.50075, 43.28426], [16.4219, 43.31758], [16.40582, 43.33267], [16.42628, 43.32518], [16.42677, 43.33147], [16.43979, 43.33271], [16.43492, 43.34642], [16.45346, 43.35318], [16.4263, 43.3941], [16.44703, 43.39483], [16.49391, 43.38231], [16.68801, 43.37696], [16.80981, 43.35317], [16.80982, 43.34638]]], [[[16.28175, 43.36937], [16.23227, 43.38447], [16.20706, 43.38728], [16.20641, 43.39181], [16.21323, 43.39411], [16.20046, 43.40705], [16.20939, 43.41352], [16.27702, 43.41192], [16.29818, 43.40363], [16.30275, 43.38727], [16.32984, 43.3897], [16.39143, 43.34638], [16.37598, 43.33345], [16.34895, 43.33863], [16.28175, 43.36937]]], [[[16.1345, 43.45616], [16.14942, 43.459], [16.16536, 43.44973], [16.1704, 43.43607], [16.1648, 43.43302], [16.14812, 43.43537], [16.14144, 43.4294], [16.11501, 43.42944], [16.12165, 43.44792], [16.1359, 43.44954], [16.1345, 43.45616]]], [[[16.25221, 43.49994], [16.24807, 43.50828], [16.26442, 43.51287], [16.31031, 43.50775], [16.37523, 43.49017], [16.37077, 43.48433], [16.33334, 43.4814], [16.28199, 43.48794], [16.24643, 43.48144], [16.21145, 43.49006], [16.21205, 43.49564], [16.2435, 43.49494], [16.25221, 43.49994]]], [[[15.86338, 43.66268], [15.85393, 43.67281], [15.8537, 43.69676], [15.86841, 43.66259], [15.86338, 43.66268]]], [[[15.42676, 43.92206], [15.44604, 43.88754], [15.40708, 43.89616], [15.39772, 43.90811], [15.35866, 43.91939], [15.34996, 43.92915], [15.35678, 43.93537], [15.30959, 43.95845], [15.29713, 43.9781], [15.26126, 44.01105], [15.29607, 44.00571], [15.34995, 43.9763], [15.38405, 43.97015], [15.39085, 43.9441], [15.42676, 43.92206]]], [[[15.07294, 44.08074], [15.1001, 44.0685], [15.10849, 44.05402], [15.14722, 44.02561], [15.15941, 43.99896], [15.07758, 44.05309], [15.07075, 44.07579], [15.07294, 44.08074]]], [[[15.22332, 44.05028], [15.20656, 44.04524], [15.19907, 44.05882], [15.18914, 44.04781], [15.12185, 44.09224], [15.08709, 44.12372], [15.06871, 44.13398], [15.07553, 44.14082], [15.06254, 44.1619], [15.22575, 44.06622], [15.24707, 44.04669], [15.2544, 44.01791], [15.22332, 44.05028]]], [[[14.84964, 44.1756], [14.85963, 44.17601], [14.93912, 44.12714], [14.95107, 44.10789], [14.86814, 44.15067], [14.84964, 44.1756]]], [[[14.76596, 44.26504], [14.75993, 44.25985], [14.74856, 44.26167], [14.73814, 44.27212], [14.73956, 44.27996], [14.75318, 44.28352], [14.7532, 44.29099], [14.75977, 44.29205], [14.79166, 44.27252], [14.78971, 44.26692], [14.76596, 44.26504]]], [[[14.8886, 44.45607], [14.95516, 44.41335], [14.96086, 44.40011], [14.95411, 44.40778], [14.93337, 44.41072], [14.89315, 44.44166], [14.8886, 44.45607]]], [[[14.87763, 44.55134], [14.87696, 44.55976], [14.76149, 44.65864], [14.74368, 44.68049], [14.73367, 44.70318], [14.74121, 44.7016], [14.77972, 44.6697], [14.84522, 44.60053], [14.8838, 44.57966], [14.88015, 44.60919], [14.90406, 44.61], [14.93823, 44.59413], [14.96607, 44.57361], [15.00392, 44.53608], [15.04118, 44.52748], [15.0755, 44.48409], [15.05592, 44.48623], [15.02817, 44.50316], [15.00734, 44.50454], [15.01417, 44.51874], [14.97291, 44.53612], [14.92856, 44.55231], [14.91114, 44.55231], [14.91114, 44.54548], [14.96599, 44.52387], [15.04802, 44.43944], [15.09669, 44.41519], [15.06495, 44.43793], [15.04153, 44.47662], [15.08326, 44.46185], [15.17661, 44.3913], [15.19906, 44.38104], [15.25439, 44.34003], [15.23512, 44.33625], [15.16505, 44.36738], [15.16505, 44.36054], [15.18287, 44.35786], [15.21583, 44.33812], [15.22704, 44.32637], [15.20655, 44.32636], [15.21095, 44.31733], [15.22018, 44.31275], [15.15455, 44.331], [15.13087, 44.33259], [15.13087, 44.32636], [15.17236, 44.30532], [15.17236, 44.29915], [15.12875, 44.312], [15.09671, 44.34004], [15.09672, 44.34626], [15.11036, 44.34626], [15.11036, 44.3537], [15.09719, 44.36132], [15.08923, 44.3742], [15.10694, 44.37519], [15.1172, 44.38719], [15.08302, 44.40152], [15.04901, 44.39469], [15.02076, 44.43], [14.95883, 44.4667], [14.89749, 44.49092], [14.89749, 44.49705], [14.91863, 44.50454], [14.87763, 44.55134]]], [[[14.73902, 44.85341], [14.75325, 44.84585], [14.7561, 44.83568], [14.74049, 44.82665], [14.74049, 44.8205], [14.82264, 44.7712], [14.85132, 44.7371], [14.85904, 44.71735], [14.84962, 44.70321], [14.82025, 44.72509], [14.81916, 44.72255], [14.77296, 44.76032], [14.74049, 44.77827], [14.74293, 44.76577], [14.75403, 44.75779], [14.72495, 44.76765], [14.69948, 44.76522], [14.65792, 44.79877], [14.68287, 44.79876], [14.70574, 44.79255], [14.69949, 44.81305], [14.71998, 44.79877], [14.72682, 44.79877], [14.70582, 44.82685], [14.69208, 44.83349], [14.68582, 44.84714], [14.72682, 44.84028], [14.72, 44.85463], [14.73902, 44.85341]]], [[[14.83577, 44.88684], [14.77858, 44.90848], [14.76801, 44.9178], [14.76793, 44.92853], [14.77329, 44.93365], [14.7778, 44.93307], [14.80725, 44.92033], [14.82877, 44.90338], [14.83577, 44.88684]]]]}}]}