{"type": "FeatureCollection", "features": [{"type": "Feature", "properties": {"name": "아르헨티나", "name_en": "Argentina", "period": "1816년 독립", "kind": "국가", "legend": "아르헨티나(1816)", "map_title": "라틴 아메리카의 독립", "source": "미래엔 세계사 교과서 3권 148쪽", "volume": 3, "page": 148, "coast_snap": "Natural Earth 10m 해안선에 맞춤", "border_snap": "현대 국경(Natural Earth 10m)에 맞춘 구간 약 2824 km", "group": "아르헨티나", "map_folder": "3권_p148_라틴 아메리카의 독립"}, "geometry": {"type": "MultiPolygon", "coordinates": [[[[-74.628, -52.06162], [-74.61779, -52.05935], [-74.60181, -52.06407], [-74.59925, -52.07024], [-74.6222, -52.09389], [-74.65678, -52.08136], [-74.63256, -52.07399], [-74.628, -52.06162]]], [[[-74.50965, -51.94061], [-74.4998, -51.95208], [-74.4939, -51.99228], [-74.51408, -52.00529], [-74.62588, -52.04274], [-74.65738, -52.06471], [-74.68234, -52.07129], [-74.72296, -52.05219], [-74.70713, -52.02631], [-74.62678, -51.98056], [-74.54382, -51.92069], [-74.50965, -51.94061]]], [[[-74.681, -51.96845], [-74.69539, -51.98811], [-74.72631, -52.00726], [-74.74685, -52.03845], [-74.82993, -51.97756], [-74.77989, -51.87168], [-74.74643, -51.83146], [-74.73389, -51.83319], [-74.72836, -51.8388], [-74.73558, -51.85858], [-74.72875, -51.87225], [-74.71324, -51.8686], [-74.66047, -51.86883], [-74.65269, -51.85785], [-74.59848, -51.83751], [-74.64078, -51.89804], [-74.66588, -51.91139], [-74.69092, -51.94402], [-74.72794, -51.96885], [-74.73558, -51.98211], [-74.681, -51.96845]]], [[[-74.79084, -51.78973], [-74.78467, -51.80633], [-74.7876, -51.81927], [-74.80249, -51.85735], [-74.82632, -51.88152], [-74.83434, -51.94736], [-74.8489, -51.95827], [-74.88816, -51.90784], [-74.90971, -51.86482], [-74.88492, -51.86876], [-74.86535, -51.87908], [-74.83186, -51.8375], [-74.85411, -51.83806], [-74.86749, -51.8318], [-74.86814, -51.82], [-74.85228, -51.8034], [-74.87445, -51.79198], [-74.88636, -51.77305], [-74.88206, -51.76492], [-74.84484, -51.76238], [-74.84484, -51.75555], [-74.85996, -51.7483], [-74.86448, -51.73553], [-74.85228, -51.70721], [-74.86412, -51.70135], [-74.90003, -51.70093], [-74.88638, -51.67303], [-74.92221, -51.65585], [-74.92514, -51.636], [-74.90342, -51.62104], [-74.86555, -51.61852], [-74.87279, -51.62518], [-74.85635, -51.63812], [-74.838, -51.64568], [-74.82282, -51.63325], [-74.80725, -51.63422], [-74.7835, -51.65915], [-74.79035, -51.67938], [-74.77723, -51.7138], [-74.79084, -51.7282], [-74.776, -51.73797], [-74.76295, -51.78289], [-74.79084, -51.78973]]], [[[-74.57556, -51.62251], [-74.60841, -51.59474], [-74.58724, -51.58947], [-74.55167, -51.60345], [-74.54027, -51.62064], [-74.51997, -51.62622], [-74.51591, -51.63524], [-74.5492, -51.63224], [-74.57556, -51.62251]]], [[[-74.68362, -51.57648], [-74.71619, -51.56553], [-74.75723, -51.56021], [-74.76601, -51.54904], [-74.74457, -51.5438], [-74.68742, -51.56449], [-74.68362, -51.57648]]], [[[-74.90154, -51.52467], [-74.88318, -51.53422], [-74.8939, -51.54675], [-74.91848, -51.55285], [-74.97026, -51.54016], [-74.98553, -51.5317], [-74.96835, -51.48366], [-74.9266, -51.46826], [-74.90336, -51.476], [-74.91291, -51.5084], [-74.90154, -51.52467]]], [[[-75.00672, -51.40471], [-75.01619, -51.4135], [-75.07079, -51.40065], [-75.08114, -51.42693], [-75.10611, -51.44703], [-75.10954, -51.47095], [-75.11596, -51.47323], [-75.1306, -51.46803], [-75.14196, -51.43922], [-75.16076, -51.42669], [-75.1507, -51.4696], [-75.20614, -51.39078], [-75.18741, -51.37542], [-75.19026, -51.36793], [-75.208, -51.36496], [-75.22076, -51.32681], [-75.21982, -51.30544], [-75.1424, -51.26386], [-75.12606, -51.2702], [-75.1424, -51.34002], [-75.15453, -51.3637], [-75.14883, -51.36712], [-75.12975, -51.36175], [-75.11002, -51.29852], [-75.10241, -51.29617], [-75.07489, -51.31016], [-75.05773, -51.33099], [-75.0236, -51.331], [-74.99818, -51.34987], [-74.99726, -51.37488], [-75.00672, -51.40471]]], [[[-74.79307, -51.21121], [-74.76036, -51.21404], [-74.71507, -51.19379], [-74.65925, -51.2042], [-74.64305, -51.19697], [-74.60193, -51.20599], [-74.55575, -51.25042], [-74.549, -51.28434], [-74.62633, -51.26214], [-74.62389, -51.28094], [-74.57996, -51.3183], [-74.57795, -51.33782], [-74.55672, -51.34662], [-74.54383, -51.36516], [-74.59424, -51.3995], [-74.62315, -51.40698], [-74.64621, -51.39251], [-74.64306, -51.36175], [-74.67935, -51.32817], [-74.68716, -51.2833], [-74.70763, -51.30901], [-74.71793, -51.31405], [-74.73558, -51.29616], [-74.74071, -51.31658], [-74.72468, -51.34146], [-74.7388, -51.36832], [-74.79084, -51.41969], [-74.78338, -51.42669], [-74.83155, -51.43868], [-74.86632, -51.44134], [-74.90632, -51.45329], [-74.94555, -51.44891], [-74.98577, -51.47455], [-75.00047, -51.4747], [-75.01589, -51.46768], [-75.02414, -51.45623], [-75.01792, -51.44281], [-75.00315, -51.43134], [-74.96764, -51.42213], [-74.87027, -51.37754], [-74.79833, -51.33001], [-74.79084, -51.31748], [-74.92179, -51.36369], [-74.95127, -51.36174], [-74.96376, -51.34368], [-74.96278, -51.32936], [-74.93418, -51.30365], [-74.91026, -51.29226], [-74.838, -51.27581], [-74.83611, -51.25486], [-74.8176, -51.22975], [-74.79307, -51.21121]]], [[[-74.87861, -51.11022], [-74.86536, -51.12152], [-74.86024, -51.14381], [-74.87695, -51.15845], [-74.94196, -51.16139], [-75.0039, -51.17595], [-75.02048, -51.17278], [-75.02268, -51.16188], [-74.99953, -51.12518], [-74.96898, -51.10443], [-74.91003, -51.10313], [-74.87861, -51.11022]]], [[[-74.4239, -51.20516], [-74.44463, -51.20146], [-74.47509, -51.1819], [-74.52042, -51.16872], [-74.55121, -51.16582], [-74.57436, -51.15487], [-74.59145, -51.12898], [-74.60521, -51.08026], [-74.50284, -51.02191], [-74.48577, -51.02134], [-74.45889, -51.03411], [-74.45442, -51.04583], [-74.4602, -51.0619], [-74.47378, -51.06902], [-74.4874, -51.06535], [-74.49543, -51.04925], [-74.51268, -51.0595], [-74.52115, -51.07822], [-74.51952, -51.09637], [-74.50626, -51.10442], [-74.47298, -51.11062], [-74.45421, -51.11981], [-74.42028, -51.11127], [-74.39454, -51.12225], [-74.38545, -51.14353], [-74.39001, -51.16956], [-74.40516, -51.19263], [-74.4239, -51.20516]]], [[[-74.43456, -50.92571], [-74.41834, -50.93418], [-74.40405, -50.95013], [-74.37944, -51.00346], [-74.38029, -51.02752], [-74.38928, -51.03833], [-74.40722, -51.02191], [-74.39515, -51.06326], [-74.39299, -51.08025], [-74.39831, -51.08683], [-74.42162, -51.06249], [-74.4322, -51.03094], [-74.44473, -51.01442], [-74.47549, -50.99456], [-74.48941, -50.99733], [-74.53637, -51.02191], [-74.63439, -51.04013], [-74.62633, -51.08708], [-74.70833, -51.10442], [-74.73931, -51.10157], [-74.74997, -51.09254], [-74.75599, -51.07644], [-74.74136, -51.07334], [-74.73693, -51.06463], [-74.74985, -51.04242], [-74.69152, -51.02662], [-74.68098, -51.00823], [-74.74478, -51.01001], [-74.77457, -50.99334], [-74.78027, -51.03899], [-74.81233, -51.07398], [-74.83185, -51.07642], [-74.88963, -51.05768], [-74.8932, -51.04925], [-74.838, -50.97422], [-74.85277, -50.97064], [-74.86534, -50.9742], [-74.90046, -50.95875], [-74.91369, -50.96054], [-74.94522, -50.98283], [-74.96152, -50.97421], [-74.96641, -50.94988], [-74.95469, -50.92572], [-74.93128, -50.91925], [-74.90005, -50.91953], [-74.93088, -50.89462], [-74.92796, -50.8878], [-74.8783, -50.88639], [-74.69592, -50.91767], [-74.66047, -50.9332], [-74.64452, -50.91921], [-74.62548, -50.9249], [-74.58479, -50.88543], [-74.64044, -50.88542], [-74.65672, -50.87476], [-74.64306, -50.84785], [-74.62091, -50.83767], [-74.569, -50.83294], [-74.55809, -50.81707], [-74.59008, -50.82147], [-74.60674, -50.81161], [-74.63256, -50.77614], [-74.67795, -50.74627], [-74.67929, -50.73529], [-74.66047, -50.72773], [-74.55066, -50.75165], [-74.53889, -50.76336], [-74.48731, -50.78217], [-74.46622, -50.82383], [-74.41931, -50.8297], [-74.39979, -50.84442], [-74.39503, -50.87002], [-74.40422, -50.89031], [-74.43456, -50.92571]]], [[[-74.72746, -50.83376], [-74.71817, -50.8615], [-74.67332, -50.81042], [-74.66049, -50.82391], [-74.67846, -50.87168], [-74.69303, -50.89006], [-74.78228, -50.88196], [-74.84483, -50.87118], [-74.89322, -50.85125], [-74.93125, -50.851], [-74.94162, -50.83758], [-74.92436, -50.83078], [-74.85912, -50.82391], [-74.92609, -50.8108], [-74.94144, -50.79674], [-74.90632, -50.79656], [-74.94773, -50.77995], [-74.96155, -50.76922], [-74.94786, -50.76246], [-74.95896, -50.72829], [-74.92634, -50.72537], [-74.84484, -50.74822], [-74.85411, -50.73113], [-74.89455, -50.71588], [-74.9063, -50.70037], [-74.9011, -50.67605], [-74.8776, -50.68182], [-74.83186, -50.70721], [-74.82238, -50.69549], [-74.82846, -50.66515], [-74.80452, -50.66629], [-74.74244, -50.70721], [-74.75341, -50.72015], [-74.75601, -50.75506], [-74.7151, -50.80282], [-74.77721, -50.80283], [-74.72746, -50.83376]]], [[[-74.99649, -50.79209], [-74.98137, -50.80006], [-75.00549, -50.81356], [-75.03709, -50.80592], [-75.08388, -50.78362], [-75.11252, -50.73251], [-75.11313, -50.72129], [-75.10585, -50.71234], [-75.09244, -50.70722], [-75.05525, -50.7208], [-75.04406, -50.70721], [-75.08038, -50.67107], [-75.08168, -50.65489], [-75.05121, -50.65269], [-75.02009, -50.67295], [-74.99225, -50.65554], [-74.98544, -50.65717], [-74.98269, -50.67641], [-74.99625, -50.7243], [-74.99914, -50.78118], [-74.99649, -50.79209]]], [[[-75.30794, -50.78947], [-75.32505, -50.78898], [-75.31761, -50.66549], [-75.29488, -50.60134], [-75.27088, -50.62054], [-75.29043, -50.64577], [-75.29735, -50.63836], [-75.30476, -50.64577], [-75.27231, -50.65753], [-75.26319, -50.66627], [-75.28303, -50.68621], [-75.27751, -50.70916], [-75.28215, -50.71587], [-75.30476, -50.71404], [-75.30476, -50.72088], [-75.27933, -50.73962], [-75.2747, -50.75428], [-75.27894, -50.77011], [-75.29061, -50.78183], [-75.30794, -50.78947]]], [[[-74.42711, -50.6526], [-74.40258, -50.66432], [-74.34398, -50.67205], [-74.29817, -50.69208], [-74.28797, -50.69769], [-74.27807, -50.72039], [-74.24242, -50.71406], [-74.22243, -50.72182], [-74.20335, -50.74012], [-74.18132, -50.78232], [-74.18606, -50.8329], [-74.19922, -50.84831], [-74.23671, -50.84107], [-74.24266, -50.80535], [-74.25642, -50.78973], [-74.26936, -50.78655], [-74.3155, -50.80071], [-74.31043, -50.83416], [-74.32218, -50.84587], [-74.348, -50.84204], [-74.37375, -50.8274], [-74.3968, -50.79144], [-74.41696, -50.77595], [-74.42477, -50.76149], [-74.39977, -50.74822], [-74.48302, -50.74195], [-74.51706, -50.73162], [-74.50284, -50.70037], [-74.5438, -50.69019], [-74.58119, -50.63356], [-74.57021, -50.62006], [-74.53014, -50.60418], [-74.51341, -50.57693], [-74.46532, -50.57], [-74.46117, -50.56569], [-74.4684, -50.53574], [-74.4464, -50.52793], [-74.42028, -50.5285], [-74.444, -50.51556], [-74.45686, -50.51531], [-74.46866, -50.52223], [-74.50145, -50.50921], [-74.56053, -50.507], [-74.57928, -50.50149], [-74.59511, -50.49081], [-74.60521, -50.47381], [-74.63964, -50.48185], [-74.65827, -50.48055], [-74.67348, -50.4738], [-74.61058, -50.43857], [-74.55281, -50.42403], [-74.53719, -50.42458], [-74.51727, -50.43957], [-74.48917, -50.47381], [-74.43082, -50.47381], [-74.38313, -50.456], [-74.36565, -50.47382], [-74.34742, -50.51192], [-74.33267, -50.57732], [-74.27126, -50.62412], [-74.23902, -50.6762], [-74.24926, -50.6801], [-74.34455, -50.66627], [-74.40876, -50.6469], [-74.42711, -50.6526]]], [[[-75.2809, -50.57727], [-75.22345, -50.50792], [-75.20763, -50.50644], [-75.19453, -50.49429], [-75.16216, -50.49238], [-75.09742, -50.49725], [-75.12934, -50.54255], [-75.13965, -50.549], [-75.17447, -50.55299], [-75.18066, -50.56998], [-75.19636, -50.55967], [-75.2154, -50.55641], [-75.20248, -50.59294], [-75.24608, -50.59733], [-75.2689, -50.58977], [-75.2809, -50.57727]]], [[[-74.67347, -50.57691], [-74.67138, -50.5569], [-74.68452, -50.53179], [-74.68097, -50.51483], [-74.66649, -50.50312], [-74.60872, -50.51483], [-74.58412, -50.53094], [-74.60266, -50.56308], [-74.64046, -50.58635], [-74.67347, -50.57691]]], [[[-74.64086, -50.44931], [-74.68448, -50.45778], [-74.73038, -50.49309], [-74.77676, -50.49333], [-74.78529, -50.48943], [-74.76743, -50.44569], [-74.73558, -50.41237], [-74.76291, -50.39869], [-74.73671, -50.37185], [-74.69595, -50.36241], [-74.60872, -50.36395], [-74.58007, -50.37607], [-74.5494, -50.3782], [-74.5446, -50.3821], [-74.54383, -50.39186], [-74.55501, -50.40373], [-74.57893, -50.40983], [-74.62633, -50.41237], [-74.62297, -50.42803], [-74.64086, -50.44931]]], [[[-75.03878, -50.36935], [-74.99032, -50.33062], [-74.99296, -50.30095], [-74.97026, -50.28753], [-74.9266, -50.27544], [-74.88928, -50.29493], [-74.92854, -50.33675], [-74.96251, -50.3583], [-74.95446, -50.38815], [-74.97628, -50.43288], [-75.04429, -50.47584], [-75.16616, -50.46276], [-75.0812, -50.41529], [-75.03878, -50.36935]]], [[[-74.79086, -50.1456], [-74.79366, -50.16961], [-74.81591, -50.19549], [-74.81129, -50.21379], [-74.83385, -50.21949], [-74.94237, -50.22015], [-74.95128, -50.22405], [-74.95224, -50.25676], [-74.9947, -50.2729], [-74.99151, -50.23777], [-74.96691, -50.16526], [-74.94824, -50.1653], [-74.92805, -50.17278], [-74.92022, -50.16091], [-74.90079, -50.15256], [-74.86946, -50.1583], [-74.86046, -50.15521], [-74.84484, -50.13877], [-74.8591, -50.11762], [-74.81502, -50.11892], [-74.79973, -50.12543], [-74.79086, -50.1456]]], [[[-75.03502, -49.81902], [-75.04345, -49.82635], [-75.01221, -49.83734], [-75.00993, -49.89852], [-75.05784, -49.8893], [-75.04977, -49.81054], [-75.01158, -49.67443], [-74.96524, -49.63162], [-74.95289, -49.64089], [-74.95877, -49.66241], [-74.98251, -49.69911], [-75.01325, -49.72568], [-75.02257, -49.74212], [-75.01618, -49.76133], [-74.99283, -49.73762], [-74.98108, -49.73985], [-74.96574, -49.76061], [-74.96155, -49.78525], [-74.99255, -49.80852], [-75.03502, -49.81902]]], [[[-74.50367, -49.5875], [-74.50698, -49.59359], [-74.55435, -49.62103], [-74.55809, -49.6583], [-74.60383, -49.69354], [-74.60521, -49.71356], [-74.59325, -49.72422], [-74.56188, -49.6994], [-74.53856, -49.66872], [-74.52669, -49.62785], [-74.50829, -49.6203], [-74.48396, -49.62316], [-74.4445, -49.64178], [-74.42297, -49.67333], [-74.42367, -49.74488], [-74.45816, -49.74699], [-74.49543, -49.73398], [-74.53637, -49.747], [-74.5135, -49.75758], [-74.45435, -49.77265], [-74.43458, -49.78867], [-74.43198, -49.81001], [-74.44441, -49.87012], [-74.45441, -49.88483], [-74.46548, -49.85133], [-74.47549, -49.84319], [-74.47667, -49.86386], [-74.48941, -49.86939], [-74.5233, -49.85687], [-74.52489, -49.8707], [-74.51618, -49.88421], [-74.47107, -49.907], [-74.46843, -49.92588], [-74.47416, -49.94429], [-74.48547, -49.95305], [-74.53153, -49.96053], [-74.55065, -49.95306], [-74.61213, -49.91155], [-74.54773, -49.97319], [-74.53639, -49.99472], [-74.56322, -50.00416], [-74.62634, -50.0424], [-74.66098, -50.05055], [-74.67992, -50.05022], [-74.69438, -50.04256], [-74.70066, -50.0285], [-74.67349, -49.99472], [-74.7272, -50.01653], [-74.74057, -50.04094], [-74.75281, -50.05038], [-74.76842, -50.05331], [-74.80426, -50.03948], [-74.81627, -50.02402], [-74.81713, -50.00555], [-74.80451, -49.98724], [-74.82144, -49.98935], [-74.83336, -49.99798], [-74.83772, -50.01149], [-74.83186, -50.02889], [-74.86773, -50.0162], [-74.85626, -49.99131], [-74.82232, -49.96478], [-74.73965, -49.92182], [-74.72191, -49.91904], [-74.70714, -49.9236], [-74.66047, -49.95306], [-74.7049, -49.90862], [-74.73461, -49.8991], [-74.77033, -49.90537], [-74.83899, -49.94264], [-74.88121, -49.95891], [-74.90004, -49.95028], [-74.91339, -49.91676], [-74.90219, -49.87689], [-74.89121, -49.86786], [-74.8557, -49.86436], [-74.80224, -49.87851], [-74.72875, -49.84319], [-74.79182, -49.85198], [-74.82265, -49.85116], [-74.83798, -49.83636], [-74.83432, -49.82589], [-74.81455, -49.80056], [-74.77123, -49.7719], [-74.77375, -49.76751], [-74.80696, -49.76442], [-74.81819, -49.76751], [-74.85583, -49.80136], [-74.87896, -49.80168], [-74.88999, -49.74945], [-74.88288, -49.74236], [-74.86535, -49.74147], [-74.86535, -49.73398], [-74.90151, -49.71168], [-74.91729, -49.69394], [-74.9205, -49.67938], [-74.90616, -49.67158], [-74.84484, -49.69362], [-74.84484, -49.68621], [-74.89768, -49.6456], [-74.89194, -49.61445], [-74.86686, -49.61485], [-74.77009, -49.64471], [-74.73424, -49.63299], [-74.70832, -49.63836], [-74.71837, -49.62526], [-74.75084, -49.62607], [-74.76658, -49.62102], [-74.7704, -49.61191], [-74.75601, -49.57635], [-74.78903, -49.60066], [-74.82795, -49.6023], [-74.8642, -49.58928], [-74.87909, -49.57617], [-74.89068, -49.5484], [-74.88694, -49.53461], [-74.80785, -49.49749], [-74.78295, -49.47871], [-74.74332, -49.51873], [-74.74242, -49.49066], [-74.75254, -49.4577], [-74.73554, -49.44596], [-74.7174, -49.44069], [-74.67809, -49.43874], [-74.66047, -49.43231], [-74.67951, -49.42694], [-74.73558, -49.4323], [-74.71616, -49.41042], [-74.66271, -49.37591], [-74.64623, -49.34979], [-74.67089, -49.35589], [-74.74698, -49.39804], [-74.7838, -49.39528], [-74.81127, -49.3777], [-74.78881, -49.40496], [-74.75293, -49.41864], [-74.74889, -49.4249], [-74.85163, -49.49814], [-74.88023, -49.50358], [-74.88638, -49.47389], [-74.90005, -49.48846], [-74.92261, -49.5328], [-74.94473, -49.54216], [-74.96425, -49.5315], [-74.96361, -49.5021], [-74.939, -49.4236], [-74.90641, -49.36847], [-74.89322, -49.36403], [-74.89106, -49.34869], [-74.83651, -49.29511], [-74.7993, -49.26795], [-74.71744, -49.22167], [-74.69962, -49.06153], [-74.68059, -48.98954], [-74.64036, -48.92194], [-74.61258, -48.89025], [-74.53015, -48.82513], [-74.53026, -48.86711], [-74.53793, -48.88176], [-74.56387, -48.90097], [-74.55809, -48.91839], [-74.52867, -48.90595], [-74.50586, -48.9057], [-74.48853, -48.91888], [-74.47558, -48.94619], [-74.47413, -48.97438], [-74.48658, -48.99626], [-74.53014, -49.02825], [-74.50693, -49.03969], [-74.4618, -49.11932], [-74.47346, -49.14821], [-74.46866, -49.1723], [-74.45239, -49.19204], [-74.44483, -49.21307], [-74.44812, -49.32215], [-74.46654, -49.37982], [-74.47693, -49.4429], [-74.49544, -49.47389], [-74.53637, -49.50799], [-74.53942, -49.5193], [-74.52702, -49.52826], [-74.52013, -49.54892], [-74.50603, -49.56374], [-74.50367, -49.5875]]], [[[-74.52275, -48.75107], [-74.56019, -48.71019], [-74.54382, -48.70616], [-74.52548, -48.72304], [-74.52275, -48.75107]]], [[[-74.6171, -48.63412], [-74.63268, -48.59986], [-74.64798, -48.52903], [-74.64751, -48.49272], [-74.63389, -48.43261], [-74.61804, -48.44208], [-74.60523, -48.45917], [-74.60342, -48.54949], [-74.59146, -48.57537], [-74.54743, -48.61598], [-74.53063, -48.62176], [-74.5233, -48.60711], [-74.5265, -48.58344], [-74.49914, -48.5832], [-74.48715, -48.59043], [-74.48305, -48.60711], [-74.49219, -48.6405], [-74.51408, -48.6661], [-74.52775, -48.67489], [-74.58024, -48.687], [-74.6171, -48.63412]]], [[[-74.58692, -48.40341], [-74.62394, -48.40819], [-74.5954, -48.35867], [-74.58481, -48.37656], [-74.58692, -48.40341]]], [[[-74.52818, -48.12811], [-74.50285, -48.14374], [-74.47411, -48.17978], [-74.40958, -48.21307], [-74.38173, -48.23528], [-74.37272, -48.25338], [-74.3907, -48.28131], [-74.40393, -48.28996], [-74.44099, -48.29681], [-74.45442, -48.30884], [-74.48917, -48.31569], [-74.51941, -48.33318], [-74.5344, -48.33561], [-74.55002, -48.30716], [-74.5257, -48.28317], [-74.53832, -48.22031], [-74.52188, -48.19451], [-74.539, -48.19779], [-74.52818, -48.12811]]], [[[-73.74909, -52.39985], [-73.72518, -52.40473], [-73.70702, -52.44012], [-73.6779, -52.47332], [-73.67701, -52.48512], [-73.69568, -52.50757], [-73.72423, -52.51784], [-73.73967, -52.5455], [-73.78734, -52.5543], [-73.76985, -52.57318], [-73.73691, -52.59287], [-73.74868, -52.62808], [-73.77507, -52.66539], [-73.80705, -52.69295], [-73.8374, -52.70085], [-73.8579, -52.70086], [-73.87219, -52.71509], [-73.89269, -52.7077], [-73.9132, -52.72136], [-73.93614, -52.72038], [-73.95473, -52.70769], [-73.95138, -52.68817], [-73.94002, -52.67626], [-73.90978, -52.65643], [-73.84488, -52.59783], [-73.87633, -52.60996], [-73.95898, -52.65617], [-73.98203, -52.653], [-73.98214, -52.63248], [-73.96695, -52.61647], [-73.88418, -52.56512], [-73.87218, -52.55006], [-73.90933, -52.56015], [-73.994, -52.61188], [-74.03818, -52.65668], [-74.12281, -52.70625], [-74.14136, -52.69137], [-74.12778, -52.66592], [-74.18153, -52.64794], [-74.18953, -52.61697], [-74.18435, -52.58681], [-74.14383, -52.57455], [-74.04971, -52.56374], [-73.97704, -52.49834], [-73.944, -52.48279], [-73.94812, -52.47002], [-73.98709, -52.46679], [-74.0342, -52.47597], [-74.04224, -52.45119], [-74.02972, -52.42993], [-73.93774, -52.42485], [-73.89488, -52.40815], [-73.85518, -52.41966], [-73.78966, -52.42783], [-73.77455, -52.40798], [-73.74909, -52.39985]]], [[[-73.7594, -52.34808], [-73.74936, -52.35768], [-73.76986, -52.37932], [-73.78638, -52.38794], [-73.82868, -52.39364], [-73.88213, -52.36955], [-73.88588, -52.362], [-73.8775, -52.35639], [-73.82445, -52.34466], [-73.82445, -52.33847], [-73.83845, -52.33611], [-73.8579, -52.31797], [-73.90391, -52.30738], [-73.9427, -52.2789], [-74.00255, -52.25579], [-74.0537, -52.20135], [-74.09288, -52.18523], [-74.09274, -52.1666], [-74.07887, -52.1476], [-74.05685, -52.13914], [-74.04224, -52.1413], [-74.01623, -52.1596], [-73.98958, -52.15961], [-73.95031, -52.19736], [-73.92688, -52.20339], [-73.89269, -52.22178], [-73.81535, -52.24115], [-73.78028, -52.27484], [-73.77601, -52.28655], [-73.79605, -52.31902], [-73.7965, -52.33164], [-73.7814, -52.34197], [-73.7594, -52.34808]]], [[[-74.03942, -52.34417], [-74.03606, -52.35817], [-74.05799, -52.3746], [-74.09041, -52.39055], [-74.12255, -52.39771], [-74.18732, -52.36736], [-74.19809, -52.35296], [-74.18749, -52.32415], [-74.22565, -52.32642], [-74.24533, -52.31658], [-74.23838, -52.30544], [-74.20531, -52.29534], [-74.19372, -52.28004], [-74.23593, -52.2483], [-74.2071, -52.22635], [-74.17077, -52.23382], [-74.13427, -52.24847], [-74.10497, -52.2483], [-74.12951, -52.22796], [-74.20302, -52.20288], [-74.22164, -52.18695], [-74.1459, -52.19378], [-74.21451, -52.16937], [-74.25519, -52.16325], [-74.28344, -52.14593], [-74.34302, -52.16593], [-74.34204, -52.14224], [-74.34763, -52.13618], [-74.41631, -52.13241], [-74.40163, -52.11812], [-74.34455, -52.09076], [-74.32246, -52.08473], [-74.29736, -52.08458], [-74.26456, -52.10174], [-74.23669, -52.10948], [-74.11932, -52.1817], [-74.08292, -52.21201], [-74.02302, -52.24831], [-73.99572, -52.2763], [-73.95106, -52.30707], [-73.93572, -52.32489], [-73.9397, -52.33195], [-73.98204, -52.33164], [-73.96779, -52.34465], [-73.99035, -52.34872], [-74.03942, -52.34417]]], [[[-74.1123, -51.99463], [-74.09797, -52.00189], [-74.08385, -51.99456], [-74.04353, -52.00888], [-74.0526, -51.99472], [-74.09813, -51.98211], [-74.1102, -51.96892], [-74.10975, -51.95892], [-74.09876, -51.95392], [-74.07771, -51.95477], [-74.09453, -51.93963], [-74.09437, -51.92702], [-74.08072, -51.92149], [-74.0572, -51.92694], [-74.06418, -51.91091], [-74.05329, -51.90847], [-74.02001, -51.92354], [-73.9886, -51.94883], [-73.93633, -51.96659], [-73.78383, -52.05982], [-73.7589, -52.08115], [-73.70889, -52.16058], [-73.70767, -52.18694], [-73.68787, -52.20811], [-73.69409, -52.24227], [-73.71943, -52.23071], [-73.75145, -52.1902], [-73.79649, -52.1596], [-73.81078, -52.13909], [-73.87125, -52.0949], [-73.91026, -52.08326], [-73.96496, -52.05047], [-74.01963, -52.03801], [-74.08997, -52.01013], [-74.1123, -51.99463]]], [[[-74.3878, -52.07723], [-74.4033, -52.06487], [-74.4072, -52.04308], [-74.35974, -52.05683], [-74.34727, -52.06623], [-74.35751, -52.07424], [-74.3878, -52.07723]]], [[[-73.76953, -51.82761], [-73.73917, -51.83235], [-73.71835, -51.84886], [-73.69769, -51.90776], [-73.69979, -51.94306], [-73.72075, -51.93832], [-73.7038, -51.97602], [-73.71347, -51.996], [-73.7384, -52.01124], [-73.76705, -52.00529], [-73.80527, -51.9803], [-73.83709, -51.94388], [-73.83865, -51.91684], [-73.87683, -51.90139], [-73.91313, -51.90006], [-73.9436, -51.89287], [-73.95098, -51.86813], [-73.97934, -51.83854], [-73.96585, -51.81857], [-73.9371, -51.80813], [-73.90048, -51.80373], [-73.87784, -51.81436], [-73.81514, -51.86406], [-73.79043, -51.85352], [-73.76953, -51.82761]]], [[[-74.41112, -51.82098], [-74.40966, -51.80869], [-74.4435, -51.79851], [-74.45737, -51.78753], [-74.4614, -51.77598], [-74.44815, -51.76922], [-74.44815, -51.76238], [-74.46787, -51.75253], [-74.49401, -51.72275], [-74.50961, -51.71461], [-74.50283, -51.70722], [-74.41589, -51.72716], [-74.37586, -51.74229], [-74.3719, -51.76922], [-74.3179, -51.7624], [-74.33019, -51.78021], [-74.31165, -51.78656], [-74.31412, -51.8139], [-74.29727, -51.82187], [-74.239, -51.81708], [-74.22876, -51.8196], [-74.21491, -51.8375], [-74.17391, -51.83751], [-74.1633, -51.85573], [-74.17741, -51.86597], [-74.22167, -51.87225], [-74.1608, -51.88641], [-74.13907, -51.88535], [-74.10221, -51.87348], [-74.09655, -51.87721], [-74.10515, -51.89988], [-74.13599, -51.9397], [-74.14591, -51.94735], [-74.19508, -51.95024], [-74.24217, -51.9406], [-74.25976, -51.92099], [-74.28376, -51.91326], [-74.30637, -51.91285], [-74.31363, -51.8987], [-74.33031, -51.89332], [-74.36945, -51.89128], [-74.38099, -51.88437], [-74.39208, -51.86346], [-74.43454, -51.8449], [-74.41112, -51.82098]]], [[[-73.85059, -51.68386], [-73.8446, -51.70233], [-73.85172, -51.7282], [-73.83983, -51.73309], [-73.80655, -51.72846], [-73.78968, -51.73505], [-73.77124, -51.76572], [-73.77157, -51.78102], [-73.78283, -51.78972], [-73.79845, -51.77996], [-73.81696, -51.77662], [-73.7948, -51.80544], [-73.79542, -51.81389], [-73.82071, -51.81706], [-73.83876, -51.81258], [-73.85537, -51.80144], [-73.89916, -51.72234], [-73.92983, -51.70875], [-73.93869, -51.69492], [-73.94048, -51.66318], [-73.93041, -51.65644], [-73.87218, -51.68043], [-73.85059, -51.68386]]], [[[-74.03583, -51.58435], [-74.0255, -51.63006], [-73.99269, -51.66319], [-73.98894, -51.67783], [-74.00772, -51.70257], [-74.00878, -51.71461], [-74.0017, -51.72088], [-73.97526, -51.72146], [-73.93685, -51.74392], [-73.92806, -51.75823], [-73.92856, -51.7763], [-73.97985, -51.79712], [-74.01455, -51.79973], [-74.04962, -51.79338], [-74.23224, -51.7072], [-74.24061, -51.6985], [-74.23565, -51.68212], [-74.21879, -51.67143], [-74.19372, -51.68043], [-74.18333, -51.66775], [-74.15355, -51.67099], [-74.13907, -51.66676], [-74.13248, -51.65456], [-74.1341, -51.63991], [-74.14963, -51.615], [-74.14963, -51.60419], [-74.07144, -51.60475], [-74.10495, -51.55332], [-74.09812, -51.53901], [-74.08215, -51.53819], [-74.04958, -51.5571], [-74.03583, -51.58435]]], [[[-74.34449, -51.56512], [-74.3575, -51.58948], [-74.3815, -51.59075], [-74.4176, -51.58374], [-74.37599, -51.54443], [-74.35743, -51.54693], [-74.34449, -51.56512]]], [[[-74.39647, -51.41307], [-74.40122, -51.39214], [-74.39348, -51.37355], [-74.412, -51.36704], [-74.38427, -51.3362], [-74.34485, -51.34254], [-74.29653, -51.39539], [-74.30626, -51.41778], [-74.33558, -51.42678], [-74.39647, -51.41307]]], [[[-74.23858, -51.4096], [-74.24045, -51.39398], [-74.22167, -51.37884], [-74.24815, -51.37134], [-74.25998, -51.35312], [-74.26261, -51.3002], [-74.25462, -51.2908], [-74.20425, -51.29274], [-74.17797, -51.28347], [-74.16512, -51.28705], [-74.1459, -51.33782], [-74.11237, -51.37906], [-74.10968, -51.4278], [-74.11939, -51.44743], [-74.13792, -51.44751], [-74.16706, -51.41351], [-74.17642, -51.41326], [-74.18665, -51.42391], [-74.19713, -51.42668], [-74.22207, -51.42164], [-74.23858, -51.4096]]], [[[-74.33283, -51.03236], [-74.33097, -50.99486], [-74.32177, -50.96478], [-74.3247, -50.95371], [-74.34681, -50.93694], [-74.35194, -50.92572], [-74.32275, -50.92166], [-74.30135, -50.93923], [-74.28821, -50.9682], [-74.27624, -51.02386], [-74.24349, -51.06927], [-74.22737, -51.13079], [-74.19695, -51.17539], [-74.20057, -51.20013], [-74.2094, -51.20915], [-74.24933, -51.23499], [-74.27598, -51.24333], [-74.28456, -51.23561], [-74.28539, -51.19647], [-74.3162, -51.1099], [-74.33283, -51.03236]]], [[[-74.43527, -49.60279], [-74.43761, -49.52516], [-74.4686, -49.50115], [-74.44811, -49.47389], [-74.43653, -49.42723], [-74.42704, -49.42654], [-74.41351, -49.43555], [-74.40856, -49.44801], [-74.37182, -49.45339], [-74.35315, -49.46527], [-74.28801, -49.54843], [-74.37182, -49.59368], [-74.37956, -49.60613], [-74.39701, -49.61841], [-74.41539, -49.62378], [-74.43527, -49.60279]]], [[[-74.3417, -48.50026], [-74.40006, -48.52548], [-74.42902, -48.5258], [-74.46169, -48.4798], [-74.4667, -48.46234], [-74.50624, -48.4284], [-74.51023, -48.40831], [-74.47688, -48.40554], [-74.40722, -48.41814], [-74.30701, -48.46593], [-74.30314, -48.47972], [-74.31412, -48.49382], [-74.3417, -48.50026]]], [[[-74.05419, -48.45496], [-74.06847, -48.47946], [-74.09068, -48.47958], [-74.17906, -48.44312], [-74.2008, -48.42213], [-74.24551, -48.39422], [-74.25078, -48.37803], [-74.23511, -48.36808], [-74.19372, -48.36346], [-74.16381, -48.37396], [-74.12043, -48.40488], [-74.08728, -48.41132], [-74.05747, -48.42542], [-74.05419, -48.45496]]], [[[-74.29846, -48.30397], [-74.31041, -48.33245], [-74.30232, -48.36338], [-74.28222, -48.38543], [-74.23225, -48.42156], [-74.22331, -48.44492], [-74.24304, -48.45923], [-74.27171, -48.46265], [-74.3391, -48.42295], [-74.46083, -48.38444], [-74.49541, -48.34987], [-74.45791, -48.34081], [-74.42407, -48.34662], [-74.3588, -48.37029], [-74.39515, -48.33017], [-74.39316, -48.31317], [-74.37188, -48.29519], [-74.34544, -48.28331], [-74.31412, -48.28095], [-74.29824, -48.28789], [-74.29846, -48.30397]]], [[[-73.88415, -47.87998], [-73.8369, -47.85688], [-73.81844, -47.8664], [-73.80892, -47.88739], [-73.8108, -47.91171], [-73.83121, -47.93825], [-73.82675, -47.94695], [-73.83703, -47.95386], [-73.90978, -47.95599], [-73.923, -47.96362], [-73.92999, -47.95769], [-73.9343, -47.93826], [-73.93078, -47.9402], [-73.92227, -47.92694], [-73.92488, -47.91595], [-73.96337, -47.92693], [-73.99573, -47.94588], [-74.02453, -47.95386], [-74.13024, -47.94704], [-74.16707, -47.9594], [-74.31847, -47.98122], [-74.34455, -47.97242], [-74.38875, -47.9425], [-74.29797, -47.85835], [-74.24893, -47.87689], [-74.26089, -47.86094], [-74.28372, -47.84617], [-74.26777, -47.82997], [-74.30162, -47.81163], [-74.2899, -47.8074], [-74.24523, -47.80642], [-74.07482, -47.84783], [-73.99548, -47.85362], [-73.93139, -47.88014], [-73.90758, -47.88388], [-73.88415, -47.87998]]], [[[-74.35133, -47.0566], [-74.34634, -47.0479], [-74.32454, -47.05409], [-74.31641, -47.06488], [-74.3158, -47.07806], [-74.33093, -47.1023], [-74.39297, -47.12957], [-74.44079, -47.16374], [-74.46694, -47.16618], [-74.47153, -47.15936], [-74.46247, -47.14756], [-74.48038, -47.128], [-74.40689, -47.08206], [-74.35133, -47.0566]]], [[[-74.09508, -47.04762], [-74.07456, -47.02029], [-74.02294, -47.02892], [-73.97526, -47.04763], [-74.02326, -47.08115], [-74.036, -47.1067], [-74.06737, -47.13746], [-74.14591, -47.17115], [-74.17272, -47.16902], [-74.18283, -47.15976], [-74.17657, -47.15066], [-74.15339, -47.15065], [-74.17251, -47.13397], [-74.21922, -47.12867], [-74.22646, -47.122], [-74.23068, -47.10215], [-74.21253, -47.05806], [-74.17735, -47.01654], [-74.16677, -47.01293], [-74.12537, -47.02566], [-74.11866, -47.03021], [-74.11119, -47.05389], [-74.09508, -47.04762]]], [[[-74.06405, -45.96453], [-74.08007, -45.98187], [-74.10753, -45.99465], [-74.16706, -46.00555], [-74.16706, -46.01295], [-74.15176, -46.01832], [-74.10127, -46.01304], [-74.08601, -46.01784], [-74.08387, -46.02972], [-74.09851, -46.08082], [-74.11803, -46.10231], [-74.16706, -46.13641], [-74.13948, -46.13112], [-74.10534, -46.1159], [-74.07628, -46.09612], [-74.06404, -46.07781], [-74.05639, -46.02793], [-74.06924, -46.0119], [-74.06971, -45.99533], [-74.06135, -45.98089], [-74.04354, -45.97879], [-74.03002, -46.0084], [-73.98206, -46.02973], [-73.96778, -46.07439], [-73.98959, -46.11598], [-74.02132, -46.1482], [-74.0636, -46.17204], [-74.1813, -46.21465], [-74.21726, -46.15389], [-74.26865, -45.98573], [-74.2788, -45.91787], [-74.27048, -45.85035], [-74.25493, -45.80761], [-74.17002, -45.79187], [-74.10316, -45.83685], [-74.11556, -45.8536], [-74.13549, -45.86711], [-74.1459, -45.86549], [-74.15411, -45.87186], [-74.19278, -45.88193], [-74.11866, -45.89626], [-74.1459, -45.9236], [-74.1459, -45.93043], [-74.07995, -45.92117], [-74.05921, -45.92987], [-74.06405, -45.96453]]], [[[-74.01561, -45.91398], [-74.02988, -45.90308], [-74.04971, -45.85467], [-74.0687, -45.83863], [-74.07224, -45.82977], [-74.06404, -45.81504], [-74.09096, -45.81462], [-74.10239, -45.78883], [-74.09458, -45.76394], [-74.06404, -45.76653], [-74.05967, -45.74441], [-74.04458, -45.73847], [-73.98811, -45.747], [-73.92686, -45.74538], [-73.96687, -45.76979], [-73.97525, -45.78021], [-73.96346, -45.78688], [-73.96205, -45.79567], [-73.96778, -45.81805], [-73.98204, -45.83473], [-73.96784, -45.85854], [-73.976, -45.88054], [-73.99462, -45.90258], [-74.01561, -45.91398]]], [[[-73.94498, -45.57236], [-73.91024, -45.591], [-73.90067, -45.62816], [-73.90528, -45.66961], [-73.92066, -45.69768], [-73.95458, -45.71395], [-73.99973, -45.72156], [-74.04356, -45.7155], [-74.07143, -45.69085], [-74.1008, -45.64226], [-74.11464, -45.5997], [-74.1124, -45.58783], [-74.03059, -45.53314], [-73.96777, -45.55365], [-73.94498, -45.57236]]], [[[-73.95617, -45.53533], [-74.02965, -45.51735], [-74.07266, -45.52264], [-74.10871, -45.53997], [-74.12608, -45.57479], [-74.14264, -45.57495], [-74.145, -45.55804], [-74.13296, -45.51966], [-74.11449, -45.50058], [-74.10658, -45.47186], [-74.09308, -45.45199], [-74.06403, -45.42328], [-73.98941, -45.4275], [-73.93171, -45.45762], [-73.88589, -45.47112], [-73.84414, -45.45291], [-73.82503, -45.45209], [-73.81698, -45.47479], [-73.82154, -45.49261], [-73.87048, -45.56169], [-73.89859, -45.55884], [-73.95617, -45.53533]]], [[[-73.94103, -45.36631], [-73.89078, -45.37664], [-73.85582, -45.37136], [-73.82825, -45.37234], [-73.82447, -45.39593], [-73.83804, -45.40986], [-73.89371, -45.42742], [-73.92174, -45.43042], [-73.98306, -45.42067], [-74.01122, -45.41123], [-74.023, -45.39267], [-74.00893, -45.3808], [-73.97667, -45.37071], [-73.94103, -45.36631]]], [[[-73.98005, -45.34938], [-74.01227, -45.3536], [-74.08849, -45.33187], [-74.09112, -45.28543], [-74.08005, -45.21779], [-74.07038, -45.20429], [-74.05432, -45.21454], [-74.0299, -45.25262], [-73.98607, -45.27077], [-73.87279, -45.26085], [-73.82445, -45.26629], [-73.79226, -45.30219], [-73.78125, -45.32415], [-73.78626, -45.33391], [-73.82821, -45.34759], [-73.98005, -45.34938]]], [[[-73.7146, -45.1142], [-73.70152, -45.13613], [-73.70692, -45.18133], [-73.74218, -45.23561], [-73.73186, -45.26727], [-73.74186, -45.27995], [-73.76797, -45.28459], [-73.83015, -45.2431], [-73.86962, -45.23821], [-73.96251, -45.2491], [-73.98957, -45.24577], [-74.00738, -45.2321], [-74.02697, -45.19207], [-74.06078, -45.17133], [-74.03034, -45.12197], [-74.00518, -45.09234], [-73.88931, -44.99188], [-73.84558, -45.00125], [-73.77816, -45.03876], [-73.75961, -45.06211], [-73.76985, -45.07757], [-73.7146, -45.1142]]], [[[-70.50525, -54.90616], [-70.49205, -54.90001], [-70.35045, -54.89374], [-70.31568, -54.90057], [-70.31568, -54.90797], [-70.44543, -54.9384], [-70.49401, -54.9423], [-70.50525, -54.90616]]], [[[-70.52765, -54.8339], [-70.4215, -54.84608], [-70.40199, -54.85964], [-70.401, -54.8733], [-70.51309, -54.8809], [-70.52765, -54.8339]]], [[[-70.64435, -54.36797], [-70.64971, -54.33114], [-70.61049, -54.3388], [-70.64435, -54.36797]]], [[[-70.33646, -54.00721], [-70.34281, -54.02806], [-70.38447, -54.0502], [-70.43925, -54.0604], [-70.49564, -54.03322], [-70.60243, -53.95438], [-70.64895, -53.93869], [-70.66996, -53.95034], [-70.67113, -53.96771], [-70.5934, -54.03282], [-70.56894, -54.06512], [-70.56788, -54.08798], [-70.58259, -54.0993], [-70.54842, -54.12054], [-70.53877, -54.13444], [-70.5354, -54.15768], [-70.54906, -54.19549], [-70.53482, -54.20745], [-70.51368, -54.21542], [-70.54044, -54.2216], [-70.59341, -54.21379], [-70.66985, -54.19229], [-70.69324, -53.97982], [-70.68966, -53.91919], [-70.86717, -53.84076], [-70.78865, -53.8318], [-70.77657, -53.82469], [-70.71806, -53.84226], [-70.67209, -53.84971], [-70.6344, -53.87334], [-70.60611, -53.86512], [-70.60054, -53.82915], [-70.69927, -53.7872], [-70.70611, -53.74635], [-70.69929, -53.73122], [-70.71286, -53.70143], [-70.70058, -53.69061], [-70.66367, -53.68561], [-70.56645, -53.62605], [-70.54659, -53.59678], [-70.54747, -53.57699], [-70.53554, -53.56049], [-70.51061, -53.55805], [-70.46955, -53.56632], [-70.45505, -53.6116], [-70.47316, -53.66534], [-70.47119, -53.67869], [-70.44534, -53.76285], [-70.42166, -53.80253], [-70.43132, -53.8266], [-70.41974, -53.87122], [-70.45222, -53.8869], [-70.44432, -53.90521], [-70.42614, -53.92116], [-70.39583, -53.9363], [-70.33646, -54.00721]]], [[[-71.8418, -53.23504], [-71.81652, -53.36248], [-71.78844, -53.41904], [-71.78919, -53.44134], [-71.82796, -53.47234], [-71.85473, -53.4843], [-71.9099, -53.49505], [-72.20606, -53.44134], [-72.09252, -53.42262], [-72.04893, -53.38984], [-72.02286, -53.3952], [-72.01513, -53.393], [-72.00446, -53.35027], [-72.0217, -53.24733], [-71.98094, -53.22227], [-71.92577, -53.23528], [-71.88132, -53.2223], [-71.85563, -53.22536], [-71.8418, -53.23504]]], [[[-72.13573, -53.37127], [-72.14857, -53.39666], [-72.1687, -53.41155], [-72.21768, -53.42409], [-72.23958, -53.43503], [-72.4486, -53.39542], [-72.44488, -53.38592], [-72.40648, -53.36159], [-72.42345, -53.32421], [-72.41254, -53.31116], [-72.39184, -53.30413], [-72.30125, -53.2488], [-72.28261, -53.24287], [-72.15909, -53.25644], [-72.11462, -53.25678], [-72.09726, -53.26776], [-72.07731, -53.35027], [-72.09067, -53.38274], [-72.09961, -53.39006], [-72.10993, -53.39128], [-72.13573, -53.37127]]], [[[-73.42205, -53.15244], [-73.43342, -53.16709], [-73.40812, -53.16669], [-73.3986, -53.171], [-73.39246, -53.18076], [-73.40128, -53.18518], [-73.48886, -53.16313], [-73.49769, -53.14325], [-73.48179, -53.13292], [-73.45955, -53.13292], [-73.43514, -53.14024], [-73.42205, -53.15244]]], [[[-73.60485, -53.10036], [-73.60131, -53.10906], [-73.57055, -53.1124], [-73.57053, -53.09935], [-73.5512, -53.11843], [-73.54412, -53.1481], [-73.63881, -53.11239], [-73.65996, -53.0578], [-73.62364, -53.05978], [-73.60824, -53.06659], [-73.59791, -53.07887], [-73.60485, -53.10036]]], [[[-73.38534, -52.89764], [-73.37879, -52.91033], [-73.3817, -52.92676], [-73.40321, -52.95251], [-73.41931, -52.95768], [-73.45679, -52.95312], [-73.4765, -52.94507], [-73.49248, -52.92197], [-73.48907, -52.9127], [-73.47838, -52.90732], [-73.46068, -52.90692], [-73.46068, -52.90008], [-73.50194, -52.88592], [-73.57721, -52.88933], [-73.59683, -52.87916], [-73.63264, -52.87957], [-73.67298, -52.89327], [-73.72883, -52.89332], [-73.78735, -52.91317], [-73.81075, -52.91374], [-73.79807, -52.89862], [-73.76317, -52.89245], [-73.74185, -52.87957], [-73.74818, -52.86924], [-73.70466, -52.86224], [-73.68456, -52.84972], [-73.60131, -52.86541], [-73.59244, -52.86061], [-73.63261, -52.83123], [-73.61172, -52.82172], [-73.55236, -52.8532], [-73.52961, -52.83808], [-73.4785, -52.86631], [-73.4497, -52.87274], [-73.43342, -52.86542], [-73.38534, -52.89764]]], [[[-70.67628, -52.89482], [-70.72516, -52.9136], [-70.76444, -52.91547], [-70.78972, -52.90054], [-70.68706, -52.84751], [-70.63174, -52.83267], [-70.61927, -52.84338], [-70.63498, -52.8536], [-70.64925, -52.87695], [-70.67628, -52.89482]]], [[[-73.38858, -52.73739], [-73.39979, -52.7282], [-73.36289, -52.70331], [-73.33098, -52.69404], [-73.3312, -52.70103], [-73.38858, -52.73739]]], [[[-73.79369, -51.37101], [-73.81509, -51.35996], [-73.81696, -51.3515], [-73.8435, -51.36092], [-73.87218, -51.35833], [-73.89015, -51.34583], [-73.89267, -51.32416], [-73.87995, -51.3283], [-73.85945, -51.3244], [-73.82445, -51.30364], [-73.8754, -51.31357], [-73.90002, -51.31373], [-73.92062, -51.30364], [-73.90012, -51.2807], [-73.86473, -51.25873], [-73.82535, -51.24799], [-73.79309, -51.25873], [-73.75489, -51.29762], [-73.77894, -51.36345], [-73.79369, -51.37101]]], [[[-73.77579, -46.19943], [-73.80871, -46.19092], [-73.822, -46.1814], [-73.83103, -46.16375], [-73.82917, -46.15177], [-73.80968, -46.13812], [-73.84235, -46.12956], [-73.94048, -46.06813], [-73.90993, -46.01655], [-73.87562, -46.01021], [-73.8374, -46.01296], [-73.79182, -46.04225], [-73.77941, -46.04705], [-73.73889, -46.04267], [-73.68669, -46.07285], [-73.68043, -46.08807], [-73.68409, -46.1054], [-73.70865, -46.12672], [-73.71756, -46.14232], [-73.7318, -46.14593], [-73.74533, -46.18698], [-73.75805, -46.19703], [-73.77579, -46.19943]]], [[[-73.70596, -45.97161], [-73.68319, -46.01767], [-73.71264, -46.02157], [-73.8196, -45.9985], [-73.8263, -45.98577], [-73.82161, -45.96868], [-73.78628, -45.91383], [-73.75553, -45.88887], [-73.74812, -45.9236], [-73.70768, -45.92361], [-73.70596, -45.97161]]], [[[-73.85639, -45.96733], [-73.88285, -45.98075], [-73.91096, -45.98259], [-73.9343, -45.97193], [-73.94483, -45.92252], [-73.92838, -45.89327], [-73.89264, -45.86078], [-73.83654, -45.84954], [-73.80207, -45.83587], [-73.74185, -45.79389], [-73.71631, -45.81219], [-73.70783, -45.86395], [-73.6941, -45.88884], [-73.76317, -45.87135], [-73.78966, -45.87575], [-73.82467, -45.93056], [-73.84488, -45.9236], [-73.83741, -45.94402], [-73.85639, -45.96733]]], [[[-73.6115, -45.62932], [-73.62906, -45.63583], [-73.64671, -45.63485], [-73.68041, -45.62249], [-73.66316, -45.65472], [-73.6189, -45.67946], [-73.6115, -45.69085], [-73.61402, -45.71481], [-73.62988, -45.73756], [-73.65393, -45.75269], [-73.6804, -45.75285], [-73.72142, -45.70517], [-73.78641, -45.67045], [-73.81825, -45.64251], [-73.74185, -45.60898], [-73.74185, -45.60149], [-73.78619, -45.56992], [-73.77089, -45.51198], [-73.72223, -45.45779], [-73.66617, -45.43695], [-73.63143, -45.44396], [-73.60319, -45.4577], [-73.58614, -45.47998], [-73.58424, -45.51263], [-73.59606, -45.53338], [-73.5979, -45.5748], [-73.62279, -45.61891], [-73.6115, -45.62932]]], [[[-73.77844, -44.90168], [-73.76234, -44.92986], [-73.77848, -44.94619], [-73.79459, -44.95679], [-73.8134, -44.9608], [-73.83966, -44.95858], [-73.84801, -44.95246], [-73.77844, -44.90168]]], [[[-73.61629, -44.73432], [-73.60491, -44.74472], [-73.6049, -44.75807], [-73.6223, -44.78021], [-73.61341, -44.81268], [-73.62732, -44.82976], [-73.65242, -44.83911], [-73.67731, -44.84025], [-73.70127, -44.83374], [-73.72825, -44.82105], [-73.74748, -44.80435], [-73.75121, -44.77181], [-73.74167, -44.75465], [-73.68961, -44.75319], [-73.65026, -44.73447], [-73.63305, -44.73154], [-73.61629, -44.73432]]], [[[-73.00756, -44.81325], [-73.02002, -44.82781], [-73.03922, -44.83506], [-73.05485, -44.85808], [-73.14746, -44.91187], [-73.19006, -44.92741], [-73.25699, -44.94003], [-73.27578, -44.93937], [-73.2914, -44.93238], [-73.30305, -44.91619], [-73.39288, -44.84165], [-73.40757, -44.82244], [-73.40309, -44.81394], [-73.35998, -44.81504], [-73.34459, -44.81023], [-73.30748, -44.78592], [-73.28845, -44.78982], [-73.25524, -44.81374], [-73.20743, -44.80006], [-73.20743, -44.79266], [-73.29963, -44.75856], [-73.35876, -44.78898], [-73.38247, -44.79265], [-73.39341, -44.78866], [-73.40941, -44.74651], [-73.43354, -44.7248], [-73.45568, -44.66172], [-73.46811, -44.64251], [-73.42695, -44.60088], [-73.41661, -44.59467], [-73.38248, -44.58784], [-73.35143, -44.61517], [-73.31046, -44.60151], [-73.2412, -44.63934], [-73.22619, -44.62054], [-73.25522, -44.60149], [-73.27963, -44.56292], [-73.28049, -44.54177], [-73.25865, -44.53266], [-73.23673, -44.53559], [-73.15917, -44.57041], [-73.149, -44.57171], [-73.13915, -44.56666], [-73.13158, -44.54518], [-73.13695, -44.53631], [-73.22361, -44.52001], [-73.24129, -44.51226], [-73.26121, -44.47723], [-73.24623, -44.43719], [-73.21031, -44.40888], [-73.16711, -44.40912], [-73.13915, -44.44329], [-73.13451, -44.43386], [-73.11116, -44.43255], [-73.09996, -44.42768], [-73.08463, -44.43026], [-73.0362, -44.4848], [-73.0548, -44.41863], [-73.08014, -44.41303], [-73.09079, -44.40227], [-73.0838, -44.38454], [-73.0205, -44.37412], [-73.00202, -44.36127], [-72.95353, -44.39447], [-72.93323, -44.41693], [-72.92628, -44.43711], [-72.98095, -44.51214], [-72.95556, -44.5136], [-72.90582, -44.45274], [-72.8723, -44.43712], [-72.78629, -44.45681], [-72.76913, -44.46644], [-72.74657, -44.50921], [-72.72127, -44.52821], [-72.74539, -44.56972], [-72.81335, -44.63631], [-72.90078, -44.63095], [-72.94126, -44.62036], [-72.98095, -44.6015], [-72.97745, -44.62233], [-72.96255, -44.63291], [-72.90233, -44.66155], [-72.84741, -44.66759], [-72.8313, -44.67653], [-72.83765, -44.71013], [-72.87679, -44.74138], [-72.96817, -44.78769], [-73.00756, -44.81325]]], [[[-73.60294, -44.71574], [-73.64598, -44.71819], [-73.71325, -44.73707], [-73.7525, -44.74138], [-73.74282, -44.66025], [-73.73047, -44.62671], [-73.68371, -44.55209], [-73.68322, -44.54351], [-73.65317, -44.57366], [-73.67357, -44.57366], [-73.63338, -44.60809], [-73.62517, -44.622], [-73.62688, -44.64055], [-73.65998, -44.67653], [-73.61466, -44.67686], [-73.60132, -44.68719], [-73.59156, -44.70672], [-73.60294, -44.71574]]], [[[-73.67871, -44.4345], [-73.68604, -44.43645], [-73.68138, -44.40701], [-73.67365, -44.41984], [-73.67871, -44.4345]]], [[[-73.66352, -44.34897], [-73.65414, -44.35085], [-73.65137, -44.35882], [-73.66, -44.3855], [-73.67755, -44.38846], [-73.66352, -44.34897]]], [[[-73.26281, -44.38843], [-73.28319, -44.38152], [-73.29848, -44.36809], [-73.30271, -44.34971], [-73.2827, -44.32196], [-73.24902, -44.30675], [-73.21057, -44.32384], [-73.17717, -44.36777], [-73.17676, -44.37492], [-73.26281, -44.38843]]], [[[-73.1516, -44.0158], [-73.17333, -44.02556], [-73.20295, -44.02367], [-73.21846, -44.0181], [-73.23982, -44.0014], [-73.27513, -43.99406], [-73.28261, -43.98131], [-73.28416, -43.93573], [-73.27238, -43.9192], [-73.21781, -43.88825], [-73.18472, -43.8795], [-73.15966, -43.88153], [-73.14429, -43.89252], [-73.1408, -43.90358], [-73.14873, -43.94504], [-73.1671, -43.98154], [-73.1516, -44.0158]]], [[[-72.99581, -42.69995], [-72.98166, -42.73385], [-72.95832, -42.73716], [-72.95534, -42.72372], [-72.94392, -42.71625], [-72.93046, -42.72335], [-72.91883, -42.78653], [-72.93698, -42.7929], [-72.95652, -42.80779], [-72.9843, -42.76192], [-73.0336, -42.71388], [-73.03071, -42.6968], [-73.0089, -42.69536], [-72.99581, -42.69995]]], [[[-72.52962, -42.05375], [-72.51477, -42.06049], [-72.50927, -42.07334], [-72.50803, -42.1387], [-72.51844, -42.15055], [-72.60772, -42.11203], [-72.61777, -42.10361], [-72.59422, -42.07147], [-72.55972, -42.0517], [-72.52962, -42.05375]]], [[[-72.57212, -41.70658], [-72.58698, -41.7094], [-72.54689, -41.68979], [-72.46201, -41.66049], [-72.40759, -41.64761], [-72.42618, -41.66399], [-72.45861, -41.67343], [-72.52098, -41.6819], [-72.57212, -41.70658]]], [[[-67.52462, -55.80746], [-67.51362, -55.80958], [-67.50162, -55.82106], [-67.49812, -55.81258], [-67.48158, -55.8077], [-67.47162, -55.81771], [-67.47204, -55.84258], [-67.50729, -55.83031], [-67.53155, -55.84083], [-67.52934, -55.85721], [-67.54387, -55.88984], [-67.56813, -55.89893], [-67.5945, -55.88454], [-67.60985, -55.89085], [-67.60896, -55.90864], [-67.62185, -55.91849], [-67.64077, -55.91411], [-67.64689, -55.90411], [-67.63203, -55.8594], [-67.6753, -55.8611], [-67.69592, -55.88022], [-67.69358, -55.88951], [-67.71251, -55.88651], [-67.7313, -55.8771], [-67.72102, -55.86861], [-67.73209, -55.85428], [-67.74841, -55.8492], [-67.75498, -55.8591], [-67.79328, -55.87236], [-67.80282, -55.89794], [-67.83657, -55.87989], [-67.87728, -55.88523], [-67.90356, -55.87431], [-67.91392, -55.83657], [-67.89874, -55.82838], [-67.8477, -55.8237], [-67.80066, -55.81245], [-67.78817, -55.82051], [-67.73523, -55.82656], [-67.6884, -55.82407], [-67.6704, -55.81575], [-67.65801, -55.82287], [-67.61877, -55.82611], [-67.5835, -55.84051], [-67.56062, -55.83799], [-67.58905, -55.80209], [-67.55191, -55.81194], [-67.52462, -55.80746]]], [[[-67.16356, -55.84201], [-67.14006, -55.81716], [-67.12116, -55.80756], [-67.10123, -55.80548], [-67.08066, -55.81244], [-67.0974, -55.83904], [-67.0724, -55.90293], [-67.07846, -55.91008], [-67.10108, -55.91478], [-67.11432, -55.91268], [-67.13927, -55.89153], [-67.16489, -55.87964], [-67.1718, -55.86182], [-67.16356, -55.84201]]], [[[-67.40221, -55.83667], [-67.41704, -55.83359], [-67.40346, -55.81862], [-67.38299, -55.8118], [-67.35813, -55.81054], [-67.28198, -55.82098], [-67.25611, -55.82888], [-67.24511, -55.83961], [-67.21742, -55.85174], [-67.21497, -55.86102], [-67.22525, -55.87379], [-67.2042, -55.88063], [-67.22412, -55.89754], [-67.25812, -55.89104], [-67.33844, -55.86491], [-67.35839, -55.8366], [-67.37133, -55.83196], [-67.40221, -55.83667]]], [[[-67.17992, -55.78459], [-67.20417, -55.77825], [-67.21168, -55.79533], [-67.2285, -55.79842], [-67.24008, -55.78972], [-67.23209, -55.77142], [-67.21397, -55.76199], [-67.18781, -55.75694], [-67.16492, -55.76085], [-67.15699, -55.77825], [-67.17992, -55.78459]]], [[[-66.18892, -55.78437], [-66.19589, -55.76427], [-66.19128, -55.75908], [-66.14628, -55.74545], [-65.9344, -55.69971], [-65.63697, -55.64881], [-65.36691, -55.63962], [-65.39824, -55.68477], [-65.41348, -55.69458], [-65.43817, -55.70131], [-65.55307, -55.72273], [-65.69616, -55.74157], [-65.8327, -55.73848], [-65.89746, -55.75742], [-66.02648, -55.80151], [-66.10422, -55.82315], [-66.13317, -55.82726], [-66.14385, -55.82499], [-66.16834, -55.80827], [-66.18892, -55.78437]]], [[[-67.34817, -55.60058], [-67.3452, -55.6334], [-67.32089, -55.65406], [-67.35001, -55.67197], [-67.36181, -55.70623], [-67.34911, -55.71063], [-67.26994, -55.71625], [-67.2799, -55.74082], [-67.2753, -55.74684], [-67.25587, -55.75303], [-67.25255, -55.76393], [-67.26477, -55.77776], [-67.34136, -55.79191], [-67.34301, -55.75856], [-67.39395, -55.74293], [-67.40343, -55.74424], [-67.43042, -55.7638], [-67.44554, -55.76262], [-67.46483, -55.74424], [-67.51329, -55.74423], [-67.55181, -55.7356], [-67.58151, -55.71624], [-67.58151, -55.70941], [-67.55069, -55.70615], [-67.53903, -55.6601], [-67.50585, -55.65408], [-67.43532, -55.68271], [-67.42064, -55.70745], [-67.40681, -55.6994], [-67.40343, -55.64788], [-67.43283, -55.62379], [-67.43198, -55.59548], [-67.41945, -55.58701], [-67.35912, -55.57392], [-67.34907, -55.57556], [-67.36181, -55.59336], [-67.34817, -55.60058]]], [[[-67.5952, -55.5722], [-67.58778, -55.58586], [-67.61531, -55.58807], [-67.66105, -55.60865], [-67.73118, -55.6215], [-67.73857, -55.61687], [-67.72467, -55.58881], [-67.70149, -55.58408], [-67.68668, -55.57269], [-67.68383, -55.55218], [-67.69761, -55.53118], [-67.69942, -55.50567], [-67.68545, -55.49384], [-67.66052, -55.49099], [-67.61785, -55.51271], [-67.59559, -55.53314], [-67.58534, -55.55413], [-67.5952, -55.5722]]], [[[-69.65563, -55.38579], [-69.68847, -55.37363], [-69.70645, -55.37689], [-69.67148, -55.40146], [-69.68603, -55.40731], [-69.80172, -55.4078], [-69.78379, -55.38373], [-69.7744, -55.38047], [-69.80172, -55.33263], [-69.71451, -55.34499], [-69.67468, -55.35525], [-69.64058, -55.37688], [-69.63765, -55.38712], [-69.65563, -55.38579]]], [[[-70.08819, -55.30901], [-70.11019, -55.29226], [-70.05501, -55.28486], [-70.01403, -55.30592], [-69.9715, -55.28827], [-69.94784, -55.28388], [-69.94516, -55.29851], [-69.97985, -55.32635], [-69.9867, -55.36614], [-70.00645, -55.37443], [-70.02611, -55.34148], [-70.04131, -55.33262], [-70.02766, -55.32635], [-70.02766, -55.31894], [-70.04833, -55.31146], [-70.08819, -55.30901]]], [[[-68.44116, -54.93972], [-68.4167, -54.94857], [-68.33509, -55.01043], [-68.32836, -55.0459], [-68.33485, -55.06243], [-68.34871, -55.07316], [-68.37271, -55.07495], [-68.41267, -55.0525], [-68.43126, -55.04461], [-68.4414, -55.04567], [-68.43129, -55.07879], [-68.51082, -55.11239], [-68.53058, -55.10979], [-68.5736, -55.07676], [-68.60261, -55.06609], [-68.62304, -55.07879], [-68.62023, -55.0866], [-68.58212, -55.09979], [-68.56947, -55.13543], [-68.61643, -55.15233], [-68.64663, -55.153], [-68.69131, -55.1408], [-68.7534, -55.13395], [-68.82591, -55.11516], [-68.89053, -55.07879], [-68.96557, -55.05446], [-68.99299, -55.05202], [-69.02798, -55.02459], [-69.05191, -55.01922], [-69.06188, -55.04461], [-69.057, -55.0608], [-69.04621, -55.06316], [-69.02026, -55.05829], [-69.00495, -55.06325], [-68.98616, -55.0862], [-68.94848, -55.11093], [-68.78661, -55.16522], [-68.76244, -55.16904], [-68.67858, -55.1684], [-68.60916, -55.17535], [-68.56404, -55.19199], [-68.41405, -55.17996], [-68.38348, -55.18445], [-68.35753, -55.21307], [-68.29704, -55.22065], [-68.2743, -55.23015], [-68.32885, -55.23699], [-68.20924, -55.26288], [-68.2081, -55.28281], [-68.22761, -55.29175], [-68.23916, -55.29224], [-68.27473, -55.27972], [-68.30493, -55.28923], [-68.43117, -55.29849], [-68.46654, -55.2907], [-68.47673, -55.30396], [-68.50044, -55.31146], [-68.59252, -55.31276], [-68.6168, -55.30591], [-68.6494, -55.26393], [-68.66096, -55.2575], [-68.70173, -55.25506], [-68.72216, -55.25856], [-68.74596, -55.27117], [-68.68004, -55.26718], [-68.67148, -55.28143], [-68.68033, -55.29656], [-68.64802, -55.30511], [-68.65038, -55.31894], [-68.6317, -55.32659], [-68.56162, -55.32635], [-68.59582, -55.34922], [-68.60253, -55.35996], [-68.58381, -55.35882], [-68.51294, -55.33272], [-68.44761, -55.32639], [-68.41077, -55.33262], [-68.3911, -55.34442], [-68.34534, -55.34402], [-68.33122, -55.36313], [-68.33507, -55.3873], [-68.32437, -55.39951], [-68.28755, -55.38059], [-68.27623, -55.37917], [-68.25745, -55.38397], [-68.23957, -55.39853], [-68.21172, -55.39401], [-68.1691, -55.39724], [-68.14649, -55.4044], [-68.15007, -55.44182], [-68.17736, -55.46234], [-68.15681, -55.47047], [-68.07873, -55.46235], [-68.05751, -55.46901], [-68.06487, -55.48406], [-68.09545, -55.51002], [-68.10139, -55.5276], [-68.05111, -55.55511], [-68.04044, -55.57871], [-68.02721, -55.58587], [-67.98014, -55.58759], [-67.96519, -55.59336], [-67.9796, -55.59759], [-67.99927, -55.62753], [-68.03336, -55.66155], [-67.9982, -55.66043], [-67.98519, -55.66406], [-67.9856, -55.67522], [-68.03677, -55.69573], [-68.06192, -55.71317], [-68.07193, -55.71622], [-68.09828, -55.71208], [-68.13589, -55.68096], [-68.14994, -55.66175], [-68.14322, -55.64105], [-68.15687, -55.62371], [-68.15331, -55.59629], [-68.16373, -55.59336], [-68.17667, -55.59588], [-68.21155, -55.61369], [-68.23534, -55.61744], [-68.26748, -55.61784], [-68.28976, -55.61012], [-68.28378, -55.58954], [-68.24865, -55.54176], [-68.25251, -55.52451], [-68.26985, -55.51653], [-68.329, -55.50318], [-68.35363, -55.47527], [-68.38012, -55.4804], [-68.42504, -55.50383], [-68.4575, -55.50309], [-68.50047, -55.49097], [-68.53825, -55.47237], [-68.55417, -55.45232], [-68.55578, -55.42352], [-68.57185, -55.42132], [-68.58561, -55.43482], [-68.59509, -55.43563], [-68.60302, -55.4118], [-68.61681, -55.40781], [-68.61514, -55.43743], [-68.60255, -55.46232], [-68.68468, -55.45794], [-68.71178, -55.46607], [-68.73151, -55.46493], [-68.7733, -55.42881], [-68.80114, -55.42132], [-68.77448, -55.45127], [-68.77223, -55.46379], [-68.80114, -55.46234], [-68.76832, -55.4926], [-68.83292, -55.50806], [-68.85269, -55.51001], [-68.86558, -55.50516], [-68.89767, -55.48186], [-68.90925, -55.46299], [-68.93618, -55.45324], [-68.96734, -55.42994], [-68.96567, -55.40782], [-68.90382, -55.38726], [-68.82795, -55.3873], [-68.75341, -55.38047], [-68.80865, -55.35995], [-68.80867, -55.35312], [-68.76024, -55.33262], [-68.786, -55.33196], [-68.95044, -55.3811], [-68.96304, -55.38225], [-68.97128, -55.37713], [-68.92763, -55.34011], [-68.89786, -55.32781], [-68.89678, -55.29225], [-68.85582, -55.2575], [-68.87009, -55.24383], [-68.86422, -55.2335], [-68.84381, -55.21885], [-68.83161, -55.21648], [-68.80114, -55.18865], [-68.82478, -55.18759], [-68.90421, -55.22274], [-68.94909, -55.23219], [-68.95946, -55.23699], [-68.96912, -55.26091], [-68.98715, -55.2652], [-69.03717, -55.26229], [-69.05651, -55.25364], [-69.08853, -55.22275], [-69.11661, -55.20566], [-69.12267, -55.19606], [-69.12267, -55.14764], [-69.15144, -55.17083], [-69.1444, -55.19638], [-69.10906, -55.24382], [-69.1341, -55.24772], [-69.16519, -55.24199], [-69.19358, -55.23056], [-69.2127, -55.21648], [-69.23253, -55.16497], [-69.24974, -55.1443], [-69.23998, -55.12713], [-69.27384, -55.14079], [-69.32095, -55.13958], [-69.35245, -55.15228], [-69.41454, -55.15643], [-69.43863, -55.16188], [-69.4195, -55.16611], [-69.36661, -55.15814], [-69.35212, -55.16424], [-69.28787, -55.16815], [-69.30085, -55.17498], [-69.27214, -55.21348], [-69.26735, -55.23014], [-69.29613, -55.22226], [-69.3772, -55.24382], [-69.40905, -55.24683], [-69.42495, -55.24585], [-69.4381, -55.23065], [-69.45254, -55.22943], [-69.4796, -55.23699], [-69.4796, -55.24383], [-69.45167, -55.27118], [-69.44982, -55.28729], [-69.4591, -55.30592], [-69.44685, -55.30348], [-69.41843, -55.28498], [-69.40584, -55.28445], [-69.3801, -55.29285], [-69.3356, -55.31894], [-69.29406, -55.31228], [-69.28041, -55.31894], [-69.31509, -55.33262], [-69.31509, -55.33945], [-69.30234, -55.34661], [-69.30826, -55.35996], [-69.24063, -55.36978], [-69.24341, -55.38388], [-69.2989, -55.41375], [-69.30085, -55.42815], [-69.25366, -55.42816], [-69.23868, -55.44647], [-69.22948, -55.44931], [-69.19497, -55.43565], [-69.13707, -55.44183], [-69.17797, -55.46982], [-69.15064, -55.49375], [-69.16162, -55.51432], [-69.18638, -55.50408], [-69.22639, -55.46982], [-69.24909, -55.46917], [-69.29939, -55.49032], [-69.31883, -55.4869], [-69.3392, -55.47486], [-69.34918, -55.45263], [-69.34923, -55.40781], [-69.36286, -55.38893], [-69.37609, -55.3904], [-69.38622, -55.40488], [-69.40333, -55.48805], [-69.41813, -55.49715], [-69.43706, -55.4913], [-69.44235, -55.47243], [-69.43863, -55.4319], [-69.45153, -55.40887], [-69.50803, -55.40861], [-69.52056, -55.39398], [-69.50404, -55.38048], [-69.39769, -55.35996], [-69.41609, -55.35312], [-69.48703, -55.35995], [-69.48705, -55.35312], [-69.46593, -55.33945], [-69.49376, -55.33611], [-69.52295, -55.35946], [-69.54479, -55.36613], [-69.60765, -55.36548], [-69.63042, -55.35996], [-69.60652, -55.34791], [-69.62019, -55.32952], [-69.67881, -55.32634], [-69.70987, -55.30828], [-69.78805, -55.30591], [-69.77724, -55.29421], [-69.72964, -55.29111], [-69.67081, -55.27418], [-69.56896, -55.27117], [-69.59301, -55.26328], [-69.66828, -55.26434], [-69.67396, -55.26035], [-69.6577, -55.23699], [-69.63914, -55.22878], [-69.53112, -55.19915], [-69.50007, -55.17498], [-69.50788, -55.17181], [-69.55158, -55.17498], [-69.62361, -55.20965], [-69.65819, -55.20566], [-69.68049, -55.23065], [-69.71691, -55.24374], [-69.84805, -55.2579], [-69.86683, -55.25408], [-69.86315, -55.23699], [-69.91055, -55.22917], [-69.92463, -55.22276], [-69.87609, -55.22145], [-69.85241, -55.21551], [-69.83528, -55.20232], [-69.89403, -55.20109], [-69.91159, -55.19605], [-69.90159, -55.18614], [-69.84268, -55.16814], [-69.86734, -55.16375], [-69.95958, -55.1618], [-70.0021, -55.17114], [-70.01999, -55.16423], [-70.03147, -55.15325], [-70.03106, -55.14764], [-69.98669, -55.11291], [-69.97716, -55.1251], [-69.96593, -55.12664], [-69.95645, -55.11883], [-69.94756, -55.0871], [-69.93558, -55.07946], [-69.88597, -55.06358], [-69.82217, -55.06512], [-69.77302, -55.05341], [-69.65026, -55.05169], [-69.61681, -55.04145], [-69.58787, -55.0412], [-69.57528, -55.06634], [-69.56151, -55.12713], [-69.58202, -55.15447], [-69.54149, -55.14512], [-69.54619, -55.03754], [-69.52757, -55.03201], [-69.4796, -55.03094], [-69.43863, -55.01671], [-69.42595, -55.02305], [-69.42652, -55.03134], [-69.44546, -55.04461], [-69.4298, -55.05267], [-69.3902, -55.03835], [-69.32876, -55.05202], [-69.33764, -55.03899], [-69.38338, -55.0167], [-69.31965, -54.99334], [-69.28563, -54.98709], [-69.25402, -54.99061], [-69.21329, -55.01344], [-69.19872, -55.0167], [-69.18554, -55.01328], [-69.18883, -55.00547], [-69.21269, -54.99067], [-69.09642, -54.99063], [-69.05102, -55.00359], [-69.01349, -54.98318], [-68.83438, -54.98154], [-68.73546, -54.94965], [-68.68472, -54.94216], [-68.57527, -54.94215], [-68.52707, -54.92849], [-68.44116, -54.93972]]], [[[-67.00947, -55.31375], [-66.83804, -55.29938], [-66.86768, -55.32219], [-66.89599, -55.3325], [-66.93767, -55.33455], [-67.06015, -55.32634], [-67.0505, -55.30622], [-67.00947, -55.31375]]], [[[-70.4224, -55.17119], [-70.43367, -55.13533], [-70.3844, -55.14447], [-70.37029, -55.16188], [-70.39062, -55.16903], [-70.4224, -55.17119]]], [[[-67.43033, -55.2278], [-67.42325, -55.21649], [-67.444, -55.18231], [-67.50292, -55.17213], [-67.56847, -55.17718], [-67.6088, -55.18865], [-67.62975, -55.21217], [-67.64397, -55.25888], [-67.66345, -55.26432], [-67.73526, -55.25628], [-67.80065, -55.26433], [-67.88314, -55.24383], [-67.8605, -55.23237], [-67.7386, -55.23699], [-67.75792, -55.22438], [-67.86269, -55.20232], [-67.8981, -55.16871], [-67.91419, -55.19523], [-67.92322, -55.19498], [-67.93102, -55.18239], [-67.93782, -55.18239], [-67.95736, -55.21054], [-67.98559, -55.22355], [-68.08186, -55.23307], [-68.1105, -55.23023], [-68.13507, -55.21884], [-68.15687, -55.19606], [-68.11596, -55.17498], [-68.15688, -55.15447], [-68.18808, -55.10442], [-68.18174, -55.07708], [-68.16393, -55.05486], [-68.18635, -54.9782], [-68.22583, -54.98991], [-68.26293, -54.99528], [-68.30126, -54.99553], [-68.32885, -54.99066], [-68.35678, -54.95362], [-68.36047, -54.93115], [-68.34528, -54.92109], [-68.25487, -54.92392], [-68.22582, -54.92107], [-68.21153, -54.90798], [-67.94869, -54.90553], [-67.55618, -55.08572], [-67.19129, -55.266], [-67.22559, -55.2911], [-67.27062, -55.30689], [-67.35228, -55.30298], [-67.41331, -55.29273], [-67.45664, -55.26677], [-67.45359, -55.24147], [-67.43033, -55.2278]]], [[[-70.37751, -55.08831], [-70.41808, -55.07879], [-70.3976, -55.10661], [-70.44372, -55.1033], [-70.46122, -55.04742], [-70.40811, -55.05202], [-70.36343, -55.03095], [-70.30944, -55.02794], [-70.29517, -55.03095], [-70.27776, -55.04851], [-70.34293, -55.06911], [-70.33552, -55.07838], [-70.30239, -55.07805], [-70.29235, -55.0958], [-70.26727, -55.11288], [-70.3116, -55.12663], [-70.33844, -55.1285], [-70.35847, -55.10076], [-70.37751, -55.08831]]], [[[-69.60245, -55.0036], [-69.63729, -55.02409], [-69.77644, -55.03459], [-69.79698, -55.02971], [-69.81603, -55.0167], [-69.83708, -55.03288], [-69.86258, -55.03899], [-69.91778, -55.03833], [-69.91778, -55.03094], [-69.90233, -55.01751], [-69.90416, -54.99676], [-69.91222, -54.98455], [-69.94883, -54.97258], [-69.95033, -54.9529], [-69.91608, -54.94639], [-69.84268, -54.94842], [-69.84268, -54.94215], [-69.90875, -54.92546], [-69.92466, -54.91424], [-69.92827, -54.89764], [-69.91523, -54.88679], [-69.83634, -54.87226], [-69.82561, -54.87641], [-69.80517, -54.90057], [-69.78565, -54.90651], [-69.7744, -54.95582], [-69.75049, -54.93804], [-69.73734, -54.93664], [-69.71349, -54.94883], [-69.7036, -54.94598], [-69.69835, -54.93939], [-69.70246, -54.93133], [-69.73344, -54.91424], [-69.7128, -54.90797], [-69.69188, -54.91424], [-69.7058, -54.90097], [-69.72289, -54.89373], [-69.76772, -54.88794], [-69.77438, -54.87949], [-69.76011, -54.86835], [-69.72834, -54.86452], [-69.67146, -54.86648], [-69.51375, -54.89374], [-69.5066, -54.89805], [-69.5093, -54.90797], [-69.53002, -54.94606], [-69.50219, -54.94671], [-69.46364, -54.91406], [-69.44732, -54.9044], [-69.42596, -54.89961], [-69.37181, -54.90643], [-69.30085, -54.92848], [-69.23493, -54.9319], [-69.16463, -54.95593], [-69.20841, -54.97014], [-69.2593, -54.97087], [-69.35607, -54.95582], [-69.33192, -54.97967], [-69.33902, -54.98317], [-69.44253, -54.99846], [-69.4737, -54.97918], [-69.48518, -54.97519], [-69.50007, -54.97633], [-69.48486, -54.99552], [-69.499, -55.00585], [-69.54784, -55.01042], [-69.60245, -55.0036]]], [[[-70.18528, -54.33879], [-70.1989, -54.32036], [-70.19285, -54.31163], [-70.13988, -54.29664], [-70.12654, -54.27611], [-70.09019, -54.2532], [-70.07264, -54.24882], [-70.03426, -54.25704], [-69.99981, -54.27257], [-69.97303, -54.2973], [-69.97395, -54.34531], [-69.95257, -54.35264], [-69.96687, -54.37981], [-69.92437, -54.37393], [-69.9115, -54.38004], [-69.90429, -54.41074], [-69.87488, -54.421], [-69.87063, -54.43535], [-69.87289, -54.44931], [-69.88402, -54.46087], [-69.88366, -54.50335], [-69.82485, -54.46837], [-69.78524, -54.48415], [-69.78479, -54.50286], [-69.80175, -54.53753], [-69.79028, -54.54095], [-69.77538, -54.55486], [-69.76757, -54.55486], [-69.75414, -54.5429], [-69.76378, -54.51971], [-69.74031, -54.48968], [-69.74132, -54.47796], [-69.76081, -54.45566], [-69.81553, -54.42115], [-69.82215, -54.40407], [-69.80801, -54.38437], [-69.8212, -54.36858], [-69.84429, -54.36003], [-69.857, -54.32529], [-69.88193, -54.31267], [-69.87681, -54.2973], [-69.85911, -54.28038], [-69.83512, -54.27997], [-69.77679, -54.29267], [-69.74714, -54.30478], [-69.6919, -54.31781], [-69.65225, -54.34117], [-69.63807, -54.35589], [-69.64342, -54.3668], [-69.6372, -54.37607], [-69.58879, -54.40098], [-69.5786, -54.42449], [-69.55858, -54.43646], [-69.536, -54.44207], [-69.52204, -54.43646], [-69.52798, -54.41465], [-69.57085, -54.37282], [-69.56533, -54.35628], [-69.5436, -54.34125], [-69.52294, -54.33751], [-69.5002, -54.34233], [-69.28783, -54.42767], [-69.2496, -54.43647], [-69.23984, -54.44153], [-69.22795, -54.46358], [-69.22669, -54.47698], [-69.25914, -54.48854], [-69.30822, -54.53131], [-69.35607, -54.5512], [-69.3803, -54.58928], [-69.41747, -54.62331], [-69.39021, -54.64739], [-69.39509, -54.66823], [-69.37719, -54.68157], [-69.36824, -54.66318], [-69.37302, -54.6159], [-69.33165, -54.5997], [-69.28797, -54.54519], [-69.26943, -54.53241], [-69.24754, -54.5255], [-69.22444, -54.52729], [-69.20215, -54.5412], [-69.18163, -54.57285], [-69.16991, -54.57822], [-69.15746, -54.55853], [-69.17488, -54.47623], [-69.15744, -54.45307], [-69.14753, -54.44867], [-69.08271, -54.44863], [-69.04076, -54.46933], [-69.00967, -54.47145], [-68.99494, -54.46844], [-68.989, -54.43141], [-69.04076, -54.40716], [-69.09138, -54.39137], [-69.17173, -54.38241], [-69.27961, -54.32155], [-69.50691, -54.26002], [-69.53111, -54.25692], [-69.56851, -54.22479], [-69.61713, -54.22219], [-69.88365, -54.1613], [-69.91234, -54.14284], [-69.97322, -54.11875], [-70.01402, -54.11353], [-70.05674, -54.087], [-70.10338, -53.9695], [-70.14707, -53.92229], [-70.15591, -53.87371], [-70.18527, -53.81129], [-70.17514, -53.76052], [-70.13694, -53.73871], [-70.05884, -53.71216], [-69.98036, -53.6876], [-69.92546, -53.67886], [-69.91576, -53.66148], [-69.87928, -53.6579], [-69.80676, -53.66548], [-69.65144, -53.63623], [-69.40468, -53.53905], [-69.31699, -53.61774], [-68.63423, -53.63226], [-68.64142, -54.71367], [-68.33022, -54.725], [-68.12438, -54.82394], [-68.21898, -54.81861], [-68.30207, -54.79217], [-68.31518, -54.80136], [-68.3147, -54.83261], [-68.32825, -54.84237], [-68.52033, -54.85221], [-68.54629, -54.84831], [-68.56461, -54.8388], [-68.6361, -54.78444], [-68.70006, -54.76784], [-68.71239, -54.77093], [-68.70547, -54.78069], [-68.64354, -54.79811], [-68.57179, -54.86296], [-68.56825, -54.87835], [-68.58727, -54.88534], [-68.66584, -54.8864], [-68.68614, -54.87932], [-68.73982, -54.8471], [-68.92858, -54.7785], [-68.96569, -54.78444], [-68.96569, -54.7907], [-68.88296, -54.80771], [-68.86058, -54.83506], [-68.83845, -54.85101], [-68.79434, -54.8733], [-68.74451, -54.88641], [-68.73789, -54.89609], [-68.76025, -54.91122], [-68.788, -54.92017], [-69.06735, -54.94879], [-69.13011, -54.94214], [-69.2827, -54.8991], [-69.50593, -54.8615], [-69.5615, -54.84595], [-69.60245, -54.82488], [-69.6483, -54.82251], [-69.67441, -54.80478], [-69.6788, -54.78769], [-69.67233, -54.778], [-69.63044, -54.77093], [-69.62438, -54.76084], [-69.63044, -54.73675], [-69.62706, -54.69207], [-69.63915, -54.69769], [-69.66358, -54.75351], [-69.67881, -54.76473], [-69.69213, -54.74969], [-69.69774, -54.6998], [-69.71605, -54.68906], [-69.7213, -54.69818], [-69.71299, -54.7845], [-69.71981, -54.7981], [-69.73048, -54.80302], [-69.76129, -54.80363], [-69.76755, -54.79453], [-69.76171, -54.72731], [-69.7744, -54.71559], [-69.79084, -54.72145], [-69.79491, -54.78769], [-69.809, -54.81096], [-69.84216, -54.82105], [-69.9116, -54.81861], [-69.95044, -54.79633], [-69.96662, -54.77842], [-69.97301, -54.71933], [-69.95808, -54.69378], [-69.95938, -54.68157], [-69.96955, -54.67685], [-69.99523, -54.71217], [-70.00036, -54.73333], [-69.97992, -54.80413], [-69.98227, -54.83114], [-70.0797, -54.8498], [-70.09283, -54.84905], [-70.09828, -54.83538], [-70.08292, -54.79453], [-70.08715, -54.77858], [-70.09655, -54.78094], [-70.10595, -54.7942], [-70.11022, -54.8112], [-70.13878, -54.79713], [-70.14442, -54.82757], [-70.16522, -54.84605], [-70.20031, -54.85474], [-70.23973, -54.85783], [-70.2779, -54.85311], [-70.30942, -54.83855], [-70.32665, -54.81707], [-70.32381, -54.79758], [-70.2386, -54.71445], [-70.22631, -54.69508], [-70.24454, -54.68906], [-70.26309, -54.71526], [-70.32242, -54.74652], [-70.35045, -54.77703], [-70.35528, -54.82732], [-70.36535, -54.83521], [-70.38459, -54.82488], [-70.505, -54.79959], [-70.54283, -54.78409], [-70.56441, -54.70579], [-70.54556, -54.69769], [-70.45287, -54.63372], [-70.49104, -54.61386], [-70.54308, -54.62347], [-70.58168, -54.64292], [-70.63512, -54.41449], [-70.61045, -54.39903], [-70.58519, -54.39057], [-70.56584, -54.39724], [-70.55923, -54.41465], [-70.52888, -54.43076], [-70.49447, -54.44135], [-70.43977, -54.47845], [-70.39575, -54.4866], [-70.34602, -54.50708], [-70.28063, -54.5617], [-70.24942, -54.57537], [-70.23314, -54.5512], [-70.27598, -54.5324], [-70.30196, -54.49653], [-70.26016, -54.50498], [-70.17577, -54.54046], [-70.13073, -54.54502], [-70.15355, -54.52996], [-70.20873, -54.5123], [-70.25251, -54.4861], [-70.42763, -54.43767], [-70.44914, -54.42463], [-70.45835, -54.40717], [-70.4591, -54.38323], [-70.51364, -54.35931], [-70.49812, -54.341], [-70.51032, -54.3209], [-70.55248, -54.28737], [-70.57771, -54.27484], [-70.65943, -54.26414], [-70.66719, -54.21057], [-70.54043, -54.25652], [-70.32288, -54.32517], [-70.28881, -54.34938], [-70.24597, -54.3572], [-70.19213, -54.40097], [-70.13687, -54.42767], [-70.14462, -54.39138], [-70.08605, -54.38323], [-70.07291, -54.37762], [-70.07482, -54.36981], [-70.09594, -54.35931], [-70.16575, -54.34929], [-70.18528, -54.33879]]], [[[-70.52111, -54.17441], [-70.49168, -54.14838], [-70.45577, -54.15353], [-70.38459, -54.18808], [-70.31322, -54.18468], [-70.28776, -54.18809], [-70.26724, -54.20916], [-70.22632, -54.21543], [-70.21868, -54.23463], [-70.25423, -54.26653], [-70.26944, -54.27108], [-70.33975, -54.26579], [-70.3817, -54.24969], [-70.45909, -54.23593], [-70.47885, -54.22485], [-70.51141, -54.1928], [-70.52111, -54.17441]]], [[[-70.46711, -54.12409], [-70.51367, -54.09128], [-70.50482, -54.07305], [-70.48082, -54.06927], [-70.43608, -54.08506], [-70.36018, -54.07092], [-70.34001, -54.05792], [-70.31326, -54.05276], [-70.29332, -54.06848], [-70.29125, -54.0933], [-70.29816, -54.12595], [-70.32289, -54.15072], [-70.34966, -54.15586], [-70.40513, -54.15043], [-70.46711, -54.12409]]], [[[-70.11644, -53.4345], [-70.17957, -53.46395], [-70.20271, -53.46867], [-70.25698, -53.46091], [-70.30175, -53.43468], [-70.34472, -53.39178], [-70.39373, -53.38363], [-70.44252, -53.36247], [-70.45922, -53.3449], [-70.47352, -53.30926], [-70.46176, -53.27214], [-70.4625, -53.2204], [-70.44718, -53.18156], [-70.43478, -53.16864], [-70.44018, -53.10606], [-70.43225, -53.04474], [-70.41897, -53.01172], [-70.33973, -52.96955], [-70.32811, -52.96484], [-70.31488, -52.96806], [-70.31373, -52.98014], [-70.34293, -53.00628], [-70.31573, -53.02643], [-70.31806, -53.04149], [-70.33524, -53.0513], [-70.32394, -53.06154], [-70.29696, -53.05793], [-70.24345, -53.06172], [-70.18348, -53.02939], [-70.13423, -53.01195], [-70.09809, -52.94618], [-70.08918, -52.91106], [-70.11042, -52.88779], [-70.13073, -52.87957], [-70.1549, -52.88591], [-70.17789, -52.87273], [-70.21939, -52.86517], [-70.2445, -52.87916], [-70.27548, -52.90626], [-70.30088, -52.91491], [-70.30364, -52.9018], [-70.28635, -52.88313], [-70.2572, -52.8683], [-70.26713, -52.82587], [-70.28266, -52.79845], [-70.33585, -52.77703], [-70.42551, -52.77662], [-70.42588, -52.76637], [-70.41612, -52.75808], [-70.36835, -52.74564], [-70.27473, -52.73562], [-70.19866, -52.7373], [-70.15833, -52.72996], [-70.07308, -52.85565], [-69.99667, -52.99411], [-69.92837, -53.07065], [-69.7712, -53.27324], [-69.65851, -53.3582], [-69.80497, -53.38242], [-69.89782, -53.38664], [-69.95029, -53.39943], [-70.02161, -53.43631], [-70.0587, -53.42702], [-70.11644, -53.4345]]], [[[-65.99226, -45.0904], [-65.98476, -45.09842], [-65.96981, -45.09775], [-65.94416, -45.10954], [-65.94937, -45.11833], [-65.968, -45.11115], [-65.99015, -45.11057], [-66.02047, -45.08519], [-65.99226, -45.0904]]], [[[-65.56664, -45.06276], [-65.60134, -45.06086], [-65.61413, -45.06391], [-65.62631, -45.05357], [-65.61326, -45.04493], [-65.60069, -45.04523], [-65.56664, -45.06276]]], [[[-62.19382, -40.5226], [-62.22117, -40.52243], [-62.23731, -40.50995], [-62.19903, -40.46347], [-62.19347, -40.42349], [-62.17254, -40.37503], [-62.094, -40.37743], [-62.06674, -40.39947], [-62.02853, -40.45488], [-62.0376, -40.48436], [-62.06671, -40.51185], [-62.08589, -40.5432], [-62.10898, -40.56407], [-62.13633, -40.56486], [-62.16133, -40.55709], [-62.15466, -40.52662], [-62.16573, -40.5094], [-62.19382, -40.5226]]], [[[-62.01479, -40.32836], [-62.02117, -40.34352], [-62.04194, -40.29682], [-62.11098, -40.21947], [-62.13316, -40.18109], [-62.11895, -40.13073], [-62.10001, -40.12995], [-62.04059, -40.14646], [-62.01467, -40.17517], [-62.0205, -40.27315], [-62.01479, -40.32836]]], [[[-62.08604, -39.12297], [-62.09702, -39.10361], [-62.098, -39.08783], [-62.07848, -39.08556], [-62.04009, -39.09994], [-61.94181, -39.11778], [-61.91926, -39.15252], [-61.90941, -39.14723], [-61.90339, -39.13211], [-61.8805, -39.16058], [-61.86179, -39.20971], [-61.85938, -39.22519], [-61.86828, -39.23943], [-61.8885, -39.24065], [-61.91046, -39.23405], [-61.94099, -39.2116], [-62.00401, -39.19409], [-62.0443, -39.16968], [-62.08604, -39.12297]]], [[[-62.00268, -39.01475], [-61.97233, -39.03396], [-61.96729, -39.04697], [-61.97546, -39.0577], [-61.99161, -39.06405], [-62.01024, -39.06437], [-62.03001, -39.05754], [-62.08593, -39.02337], [-62.10046, -39.03508], [-62.11998, -39.03288], [-62.13075, -39.0206], [-62.11945, -39.00222], [-62.03996, -39.00552], [-62.00268, -39.01475]]], [[[-74.39354, -47.59319], [-74.38442, -47.58718], [-74.37191, -47.58897], [-74.34457, -47.63665], [-74.37414, -47.65618], [-74.45588, -47.67156], [-74.48176, -47.69883], [-74.35637, -47.66992], [-74.34456, -47.67084], [-74.32878, -47.67556], [-74.3247, -47.69883], [-74.29589, -47.72536], [-74.25329, -47.74717], [-74.20507, -47.75661], [-74.15966, -47.74652], [-74.25268, -47.73968], [-74.26977, -47.7326], [-74.30357, -47.67833], [-74.27261, -47.66336], [-74.17382, -47.67425], [-74.13288, -47.664], [-74.16072, -47.65667], [-74.21418, -47.66326], [-74.24218, -47.65781], [-74.26258, -47.64202], [-74.25388, -47.63129], [-74.16332, -47.61632], [-74.12238, -47.62982], [-74.07453, -47.62811], [-74.0537, -47.62217], [-74.04353, -47.60947], [-74.10496, -47.60946], [-74.13999, -47.58619], [-74.09057, -47.56658], [-74.0572, -47.53428], [-74.07689, -47.54616], [-74.13907, -47.56162], [-74.16809, -47.58456], [-74.18131, -47.58895], [-74.22509, -47.58213], [-74.26448, -47.59352], [-74.2836, -47.60376], [-74.31411, -47.59579], [-74.32835, -47.5857], [-74.34455, -47.51995], [-74.36897, -47.53484], [-74.39232, -47.53475], [-74.43432, -47.50721], [-74.4535, -47.48105], [-74.44204, -47.47064], [-74.38557, -47.45916], [-74.3944, -47.44655], [-74.44077, -47.44548], [-74.45519, -47.42156], [-74.46532, -47.41814], [-74.46618, -47.43157], [-74.48459, -47.45605], [-74.50658, -47.46964], [-74.52856, -47.43154], [-74.52886, -47.4223], [-74.50284, -47.41302], [-74.48175, -47.37665], [-74.46726, -47.3629], [-74.40722, -47.34246], [-74.41615, -47.32139], [-74.36653, -47.2907], [-74.32469, -47.21894], [-74.31408, -47.21951], [-74.28376, -47.24627], [-74.27862, -47.22419], [-74.26663, -47.21229], [-74.25586, -47.21641], [-74.23225, -47.23944], [-74.22167, -47.2361], [-74.22507, -47.20876], [-74.21542, -47.20466], [-74.17761, -47.20527], [-74.16773, -47.21576], [-74.15966, -47.28102], [-74.13516, -47.31683], [-74.11242, -47.33554], [-74.10497, -47.31512], [-74.13671, -47.26963], [-74.14013, -47.25661], [-74.13905, -47.22235], [-74.13232, -47.20475], [-74.11538, -47.19297], [-74.07458, -47.18484], [-74.04703, -47.19012], [-74.04002, -47.17833], [-74.01625, -47.17742], [-73.9735, -47.25498], [-73.96776, -47.22918], [-73.98957, -47.16741], [-74.05717, -47.15691], [-73.94734, -47.04762], [-73.94127, -47.02793], [-73.94896, -47.01556], [-74.02009, -46.97829], [-74.0406, -46.97186], [-74.06404, -46.97259], [-74.1029, -46.98674], [-74.11864, -46.98804], [-74.15336, -46.96708], [-74.20643, -46.90789], [-74.20863, -46.89398], [-74.20042, -46.88153], [-74.1813, -46.86941], [-74.15014, -46.8681], [-74.14045, -46.8445], [-74.12609, -46.83538], [-74.12609, -46.82855], [-74.1813, -46.84222], [-74.20906, -46.865], [-74.22167, -46.86939], [-74.24331, -46.86467], [-74.26089, -46.83776], [-74.22212, -46.7807], [-74.1941, -46.75111], [-74.12705, -46.69599], [-74.1338, -46.64794], [-74.12571, -46.57197], [-74.18241, -46.4134], [-74.19596, -46.34416], [-74.18982, -46.27423], [-74.17882, -46.23853], [-74.04972, -46.19111], [-74.04355, -46.19793], [-74.07144, -46.23268], [-74.03895, -46.24701], [-74.04167, -46.27076], [-74.07771, -46.32204], [-74.06176, -46.31707], [-74.02643, -46.28673], [-73.94153, -46.30496], [-73.90636, -46.33514], [-73.89244, -46.33978], [-73.84488, -46.34197], [-73.9452, -46.26571], [-73.95814, -46.24944], [-73.95299, -46.23154], [-73.9746, -46.22226], [-74.01621, -46.21843], [-74.01926, -46.20436], [-74.0115, -46.18563], [-73.98574, -46.15358], [-73.96816, -46.14472], [-73.89611, -46.13642], [-73.88184, -46.14179], [-73.8579, -46.18426], [-73.76986, -46.23456], [-73.76237, -46.27383], [-73.77308, -46.32089], [-73.79419, -46.36158], [-73.85775, -46.43062], [-73.91251, -46.46885], [-73.92773, -46.49716], [-73.97525, -46.53997], [-73.98917, -46.55975], [-73.98375, -46.5665], [-73.96631, -46.57099], [-73.92455, -46.59694], [-73.89965, -46.60272], [-73.87389, -46.60223], [-73.85172, -46.59515], [-73.83161, -46.57789], [-73.78733, -46.49717], [-73.78208, -46.49483], [-73.76024, -46.50652], [-73.74185, -46.53379], [-73.7386, -46.50799], [-73.74397, -46.49676], [-73.76549, -46.48626], [-73.76638, -46.47236], [-73.74233, -46.421], [-73.69073, -46.37311], [-73.6013, -46.31847], [-73.58045, -46.31034], [-73.51431, -46.30755], [-73.48864, -46.30096], [-73.55053, -46.29559], [-73.5637, -46.28671], [-73.56829, -46.27066], [-73.54328, -46.23268], [-73.52392, -46.17523], [-73.50646, -46.15537], [-73.47436, -46.15016], [-73.48178, -46.14267], [-73.42373, -46.07139], [-73.35765, -46.04217], [-73.34459, -46.02654], [-73.38634, -46.02012], [-73.41173, -46.02158], [-73.43029, -46.02972], [-73.46948, -46.08928], [-73.57615, -46.20165], [-73.61148, -46.21844], [-73.59986, -46.24676], [-73.62425, -46.2763], [-73.68785, -46.32202], [-73.70151, -46.29355], [-73.69185, -46.25664], [-73.66636, -46.22626], [-73.63264, -46.21844], [-73.64809, -46.19476], [-73.61901, -46.10231], [-73.62645, -46.07106], [-73.64972, -46.05047], [-73.65315, -45.99554], [-73.6606, -45.9759], [-73.62194, -45.95037], [-73.6096, -45.90309], [-73.58626, -45.88567], [-73.55484, -45.87762], [-73.52278, -45.87575], [-73.54926, -45.86348], [-73.55914, -45.85369], [-73.5637, -45.84157], [-73.56019, -45.82977], [-73.53681, -45.80398], [-73.40208, -45.70193], [-73.35631, -45.6881], [-73.1975, -45.67718], [-73.18855, -45.67213], [-73.18578, -45.66253], [-73.18887, -45.65586], [-73.1975, -45.66009], [-73.29621, -45.64982], [-73.31183, -45.64397], [-73.32726, -45.61907], [-73.37817, -45.64372], [-73.42032, -45.64984], [-73.48966, -45.72665], [-73.53279, -45.74114], [-73.56551, -45.77645], [-73.59164, -45.78019], [-73.57519, -45.72324], [-73.56537, -45.63278], [-73.54231, -45.58148], [-73.52134, -45.47194], [-73.51085, -45.45176], [-73.47508, -45.42458], [-73.44587, -45.41352], [-73.42247, -45.41955], [-73.41291, -45.45127], [-73.40608, -45.45127], [-73.39906, -45.38787], [-73.39243, -45.37559], [-73.37068, -45.36697], [-73.35335, -45.37266], [-73.32356, -45.39593], [-73.32769, -45.34092], [-73.28693, -45.32294], [-73.25813, -45.31902], [-73.22643, -45.30089], [-73.20865, -45.30219], [-73.19296, -45.31179], [-73.16198, -45.36566], [-73.08788, -45.40667], [-73.0448, -45.4162], [-73.01431, -45.44476], [-72.90404, -45.46478], [-72.85953, -45.46445], [-72.85801, -45.44378], [-72.83064, -45.41806], [-72.83438, -45.40618], [-72.8452, -45.39642], [-72.87434, -45.38616], [-72.89281, -45.38926], [-72.92492, -45.40731], [-72.94021, -45.40955], [-72.98151, -45.40096], [-73.07908, -45.35474], [-73.17667, -45.28167], [-73.2163, -45.25888], [-73.25666, -45.24822], [-73.29621, -45.25945], [-73.32898, -45.28394], [-73.34643, -45.29061], [-73.39833, -45.29178], [-73.44806, -45.27947], [-73.46067, -45.26629], [-73.46262, -45.24619], [-73.45015, -45.1997], [-73.43734, -45.19076], [-73.38272, -45.19402], [-73.35595, -45.19069], [-73.33096, -45.1775], [-73.33233, -45.16188], [-73.30443, -45.14479], [-73.31387, -45.12567], [-73.33774, -45.10174], [-73.33707, -45.0831], [-73.37018, -45.07544], [-73.39923, -45.04339], [-73.40606, -45.02605], [-73.40525, -45.00612], [-73.3858, -44.97373], [-73.37193, -44.96405], [-73.34825, -44.95779], [-73.23436, -44.96526], [-73.20995, -44.96022], [-73.18008, -44.94412], [-73.1171, -44.94834], [-73.02929, -44.88942], [-73.00706, -44.8655], [-72.99828, -44.8616], [-72.93566, -44.85768], [-72.91478, -44.84783], [-72.81004, -44.76777], [-72.76635, -44.75068], [-72.72765, -44.75856], [-72.70718, -44.72503], [-72.72754, -44.69424], [-72.73145, -44.67401], [-72.7036, -44.63437], [-72.67982, -44.54356], [-72.66901, -44.532], [-72.64439, -44.5194], [-72.59797, -44.5053], [-72.61814, -44.46505], [-72.61594, -44.42156], [-72.59113, -44.34075], [-72.63207, -44.39544], [-72.64258, -44.40544], [-72.66641, -44.41302], [-72.66246, -44.43989], [-72.68677, -44.48845], [-72.6997, -44.49846], [-72.72191, -44.50139], [-72.73449, -44.49481], [-72.74132, -44.46063], [-72.75023, -44.44899], [-72.77107, -44.43939], [-72.81334, -44.43026], [-72.84846, -44.40244], [-72.92462, -44.3737], [-72.93373, -44.36468], [-72.92658, -44.32057], [-72.93993, -44.30674], [-72.96133, -44.29876], [-73.0139, -44.29216], [-73.05158, -44.27337], [-73.15953, -44.26042], [-73.18349, -44.24814], [-73.19203, -44.22683], [-73.13915, -44.21054], [-73.11864, -44.1832], [-73.11848, -44.15911], [-73.12808, -44.14577], [-73.13976, -44.1452], [-73.15332, -44.17734], [-73.17275, -44.18901], [-73.22075, -44.19685], [-73.26731, -44.18742], [-73.28358, -44.17408], [-73.29001, -44.15244], [-73.28692, -44.12347], [-73.27773, -44.11005], [-73.2626, -44.1085], [-73.24182, -44.11484], [-73.22301, -44.12705], [-73.22108, -44.07733], [-73.21539, -44.06797], [-73.20177, -44.06146], [-73.17334, -44.05968], [-73.15282, -44.08758], [-73.12719, -44.09686], [-73.11612, -44.08571], [-73.11579, -44.06854], [-73.13284, -44.0484], [-73.13913, -43.98512], [-73.12009, -43.95182], [-73.09446, -43.92654], [-73.07042, -43.91448], [-73.06347, -43.90203], [-73.05731, -43.8612], [-73.02001, -43.80828], [-73.01267, -43.77216], [-72.99455, -43.78591], [-72.98371, -43.81455], [-72.96728, -43.82008], [-72.92708, -43.78743], [-72.89891, -43.77696], [-72.87231, -43.77908], [-72.85676, -43.80853], [-72.84407, -43.81325], [-72.82461, -43.80788], [-72.84959, -43.75921], [-72.85058, -43.71697], [-72.84228, -43.68971], [-72.84716, -43.67946], [-72.85407, -43.67889], [-72.86144, -43.71356], [-72.87533, -43.74342], [-72.8859, -43.75114], [-72.93375, -43.75115], [-72.97093, -43.76538], [-72.97935, -43.76116], [-72.98868, -43.74188], [-73.04603, -43.72826], [-73.05523, -43.71559], [-73.04356, -43.69598], [-72.98786, -43.66644], [-72.973, -43.62136], [-72.90583, -43.60768], [-72.9171, -43.58864], [-72.93297, -43.58587], [-72.9781, -43.59415], [-73.00719, -43.5927], [-73.02602, -43.58667], [-73.03871, -43.57415], [-73.07994, -43.49627], [-73.11131, -43.46103], [-73.1118, -43.4435], [-73.08528, -43.3825], [-73.08457, -43.31634], [-73.07591, -43.30137], [-73.05547, -43.28856], [-72.95497, -43.24729], [-72.93004, -43.24407], [-72.91218, -43.23545], [-72.90632, -43.21494], [-72.90811, -43.19012], [-72.93442, -43.09824], [-72.90746, -43.07757], [-72.86485, -43.01874], [-72.84805, -43.01093], [-72.82506, -43.00751], [-72.80469, -43.01394], [-72.78987, -43.05446], [-72.77453, -43.06764], [-72.73449, -43.07968], [-72.75656, -43.03509], [-72.76104, -43.00905], [-72.75007, -42.97894], [-72.74714, -42.90976], [-72.76862, -42.88844], [-72.82143, -42.85751], [-72.84218, -42.83806], [-72.86485, -42.75123], [-72.86002, -42.71168], [-72.86484, -42.69655], [-72.83556, -42.68808], [-72.82702, -42.68027], [-72.82384, -42.6653], [-72.82909, -42.6526], [-72.86487, -42.62065], [-72.867, -42.59023], [-72.84031, -42.52484], [-72.82383, -42.50417], [-72.79552, -42.49384], [-72.75357, -42.49189], [-72.71108, -42.496], [-72.67985, -42.50417], [-72.63915, -42.53411], [-72.60657, -42.54267], [-72.57966, -42.56129], [-72.56314, -42.56569], [-72.53942, -42.55828], [-72.54133, -42.5416], [-72.55846, -42.52483], [-72.60241, -42.51422], [-72.65875, -42.49113], [-72.67845, -42.47844], [-72.71784, -42.43237], [-72.72222, -42.42246], [-72.71613, -42.40057], [-72.72142, -42.38812], [-72.76243, -42.38127], [-72.77292, -42.36602], [-72.79284, -42.3056], [-72.83105, -42.30329], [-72.81457, -42.29385], [-72.8097, -42.24326], [-72.76585, -42.227], [-72.673, -42.2094], [-72.61994, -42.18476], [-72.59456, -42.18207], [-72.57219, -42.19061], [-72.55786, -42.21128], [-72.45617, -42.44085], [-72.44034, -42.45892], [-72.42601, -42.46299], [-72.41979, -42.43963], [-72.4265, -42.39617], [-72.4403, -42.3541], [-72.47617, -42.30779], [-72.4813, -42.28851], [-72.47349, -42.2698], [-72.41234, -42.2374], [-72.46003, -42.2343], [-72.4754, -42.22307], [-72.48126, -42.19938], [-72.47673, -42.1736], [-72.46515, -42.16351], [-72.42602, -42.14723], [-72.47589, -42.13892], [-72.48803, -42.12754], [-72.48805, -42.06488], [-72.46255, -41.98553], [-72.46435, -41.97617], [-72.48469, -41.95924], [-72.5172, -41.95094], [-72.541, -41.9778], [-72.56067, -42.01344], [-72.58056, -42.03117], [-72.61778, -42.03117], [-72.63305, -42.00954], [-72.65465, -42.02059], [-72.66758, -42.01571], [-72.68668, -41.99717], [-72.71012, -42.01555], [-72.73729, -42.01392], [-72.78688, -41.992], [-72.78006, -41.94227], [-72.75577, -41.87484], [-72.7368, -41.84215], [-72.68752, -41.78278], [-72.61288, -41.72492], [-72.56949, -41.73056], [-72.53425, -41.71365], [-72.49494, -41.71657], [-72.4838, -41.71356], [-72.46076, -41.70225], [-72.41609, -41.69231], [-72.3509, -41.64822], [-72.30309, -41.64821], [-72.32645, -41.63664], [-71.92594, -41.6356], [-71.92597, -41.62294], [-71.91186, -41.61022], [-71.8777, -41.59493], [-71.86349, -41.58449], [-71.85326, -41.56733], [-71.85688, -41.55596], [-71.8807, -41.52971], [-71.88809, -41.51276], [-71.88871, -41.50015], [-71.87884, -41.45106], [-71.87982, -41.43669], [-71.90395, -41.36765], [-71.90225, -41.33593], [-71.8777, -41.26978], [-71.87336, -41.24921], [-71.87594, -41.23361], [-71.88845, -41.20033], [-71.88943, -41.17976], [-71.87135, -41.16674], [-71.86587, -41.15041], [-71.86261, -41.11465], [-71.85398, -41.07889], [-71.85285, -41.05718], [-71.86716, -41.02018], [-71.86768, -40.99899], [-71.85145, -40.95765], [-71.85145, -40.93833], [-71.85987, -40.91342], [-71.87088, -40.89575], [-71.91067, -40.85006], [-71.92121, -40.82774], [-71.95558, -40.72036], [-71.94964, -40.7093], [-71.87336, -40.64708], [-71.8531, -40.61638], [-71.84773, -40.57959], [-71.85093, -40.57029], [-71.8606, -40.55943], [-71.86184, -40.54972], [-71.84086, -40.51603], [-71.80416, -40.42642], [-71.79641, -40.41453], [-71.78474, -40.41133], [-71.72929, -40.42136], [-71.71905, -40.41298], [-71.67849, -40.34022], [-71.67404, -40.3241], [-71.67518, -40.30395], [-71.6867, -40.28855], [-71.70546, -40.28193], [-71.71849, -40.28627], [-71.72996, -40.29857], [-71.74267, -40.29651], [-71.77073, -40.26715], [-71.80194, -40.24235], [-71.816, -40.22716], [-71.82375, -40.2101], [-71.81207, -40.18468], [-71.81672, -40.17455], [-71.81646, -40.16442], [-71.80287, -40.11605], [-71.81455, -40.09962], [-71.81404, -40.0929], [-71.8007, -40.07967], [-71.76675, -40.07688], [-71.72169, -40.09383], [-71.68371, -40.099], [-71.67094, -40.06076], [-71.68283, -40.01807], [-71.6805, -40.0095], [-71.66205, -39.99513], [-71.62485, -39.93105], [-71.61663, -39.90986], [-71.62118, -39.89508], [-71.66924, -39.85922], [-71.67937, -39.84785], [-71.68459, -39.83349], [-71.69198, -39.78997], [-71.71048, -39.74749], [-71.71435, -39.72631], [-71.69404, -39.67349], [-71.71606, -39.64476], [-71.71874, -39.62337], [-71.71435, -39.60135], [-71.70541, -39.58358], [-71.68975, -39.56838], [-71.6774, -39.56849], [-71.63239, -39.60756], [-71.61782, -39.61665], [-71.60077, -39.61954], [-71.55498, -39.61283], [-71.52, -39.615], [-71.50351, -39.60166], [-71.49566, -39.56559], [-71.54196, -39.53231], [-71.50144, -39.48829], [-71.46165, -39.43382], [-71.47762, -39.40219], [-71.47654, -39.38297], [-71.46057, -39.36716], [-71.42021, -39.34214], [-71.41205, -39.31796], [-71.40197, -39.236], [-71.41267, -39.10061], [-71.43101, -39.02599], [-71.43024, -38.99912], [-71.41576, -38.93535], [-71.3999, -38.91054], [-71.3707, -38.88801], [-71.67822, -38.54489], [-71.68316, -38.52759], [-71.7872, -38.37006], [-71.61396, -38.34425], [-71.60596, -38.33959], [-71.54001, -38.16014], [-71.02305, -38.12289], [-71.02352, -38.1046], [-71.00742, -38.08227], [-71.00998, -38.06553], [-71.03744, -38.03659], [-71.04646, -38.02026], [-71.06114, -37.9784], [-71.08759, -37.94016], [-71.09491, -37.89738], [-71.13325, -37.83846], [-71.18503, -37.70607], [-71.19227, -37.6609], [-71.19077, -37.64003], [-71.18389, -37.62587], [-71.15718, -37.60251], [-71.1331, -37.59062], [-71.12793, -37.58442], [-71.12731, -37.57264], [-71.13956, -37.55486], [-71.14172, -37.54391], [-71.12085, -37.48634], [-71.1177, -37.4665], [-71.12307, -37.44324], [-71.16829, -37.39157], [-71.19474, -37.34351], [-71.20462, -37.3154], [-71.2056, -37.29266], [-71.19723, -37.27488], [-71.15759, -37.23571], [-71.14648, -37.21483], [-71.14762, -37.15478], [-71.1393, -37.13329], [-71.12514, -37.12006], [-71.08912, -37.10342], [-71.12689, -37.07758], [-71.13956, -37.06166], [-71.14865, -37.0135], [-71.15604, -37.00275], [-71.18741, -36.98684], [-71.20715, -36.97237], [-71.16147, -36.97547], [-71.14333, -36.96544], [-71.13568, -36.95149], [-71.14018, -36.93754], [-71.16906, -36.92193], [-71.15878, -36.88266], [-71.16524, -36.87211], [-71.17309, -36.86612], [-71.19164, -36.85837], [-71.19686, -36.84824], [-71.19516, -36.83915], [-71.17671, -36.81486], [-71.15154, -36.76049], [-71.14684, -36.74106], [-71.14891, -36.70396], [-71.14534, -36.68825], [-71.12994, -36.67688], [-71.11, -36.67853], [-71.07302, -36.69683], [-71.05744, -36.68763], [-71.05532, -36.6713], [-71.06997, -36.60381], [-71.06891, -36.5664], [-71.06142, -36.5204], [-71.04328, -36.48433], [-71.00998, -36.47751], [-70.97104, -36.48547], [-70.95316, -36.48248], [-70.93497, -36.47255], [-70.92332, -36.45674], [-70.91626, -36.41933], [-70.90779, -36.40517], [-70.89037, -36.40041], [-70.86859, -36.40465], [-70.82882, -36.41984], [-70.8072, -36.43338], [-70.71865, -36.41457], [-70.70891, -36.4032], [-70.7086, -36.37995], [-70.72911, -36.34688], [-70.73221, -36.33427], [-70.72968, -36.32548], [-70.71266, -36.30026], [-70.71488, -36.27525], [-70.71051, -36.26585], [-71.09293, -35.99085], [-71.13788, -35.91096], [-71.11463, -35.58606], [-71.25506, -35.03924], [-71.14846, -35.03457], [-71.14012, -35.03079], [-71.11788, -34.88097], [-71.12366, -34.87377], [-71.30376, -34.79461], [-71.37314, -34.36388], [-71.20471, -33.89324], [-71.12685, -33.95561], [-71.11678, -33.95787], [-70.96961, -33.84499], [-71.01596, -33.71676], [-70.95324, -33.5296], [-70.74522, -33.07901], [-70.60786, -33.12078], [-70.10977, -33.14945], [-70.09218, -33.09178], [-70.09548, -33.07131], [-70.11119, -33.03845], [-70.10295, -33.01829], [-70.08892, -33.00827], [-70.05649, -33.00134], [-70.04249, -32.99266], [-70.03425, -32.97695], [-70.01714, -32.91659], [-70.00017, -32.889], [-70.00022, -32.8766], [-70.01435, -32.8675], [-70.05432, -32.85076], [-70.08727, -32.82327], [-70.14003, -32.76828], [-70.15574, -32.73841], [-70.18044, -32.6302], [-70.18109, -32.60757], [-70.17876, -32.58897], [-70.17057, -32.57274], [-70.14711, -32.57212], [-70.13773, -32.56902], [-70.15788, -32.54246], [-70.16083, -32.4853], [-70.17248, -32.46494], [-70.18853, -32.45357], [-70.22726, -32.43466], [-70.24532, -32.40396], [-70.24237, -32.33027], [-70.26919, -32.29906], [-70.30971, -32.28831], [-70.3218, -32.28015], [-70.32973, -32.25555], [-70.32725, -32.21969], [-70.34309, -32.18692], [-70.34552, -32.17473], [-70.33524, -32.14], [-70.33896, -32.13339], [-70.3556, -32.12264], [-70.35991, -32.11303], [-70.3612, -32.08584], [-70.38461, -32.06197], [-70.38908, -32.05308], [-70.38748, -32.04171], [-70.37332, -32.0304], [-70.35232, -32.03334], [-70.31004, -32.04771], [-70.2847, -32.04678], [-70.27542, -32.03779], [-70.2672, -32.00094], [-70.24767, -31.97459], [-70.2417, -31.96146], [-70.24447, -31.94224], [-70.25568, -31.9257], [-70.27501, -31.90699], [-70.31333, -31.88208], [-70.35723, -31.8765], [-70.39399, -31.87764], [-70.42828, -31.8701], [-70.46414, -31.83826], [-70.48399, -31.79765], [-70.48848, -31.77387], [-70.48631, -31.73119], [-70.49678, -31.71455], [-70.52722, -31.68427], [-70.58026, -31.59228], [-70.58977, -31.56768], [-70.59137, -31.5496], [-70.58137, -31.50567], [-70.57791, -31.46888], [-70.579, -31.43198], [-70.57538, -31.41296], [-70.55778, -31.38175], [-70.55466, -31.36294], [-70.56721, -31.32305], [-70.56897, -31.30424], [-70.5468, -31.26455], [-70.5429, -31.24677], [-70.5414, -31.18817], [-70.53592, -31.17257], [-70.4798, -31.0967], [-70.46779, -31.08937], [-70.4481, -31.09764], [-70.43562, -31.14135], [-70.4234, -31.15376], [-70.40864, -31.15004], [-70.39306, -31.13763], [-70.38089, -31.12161], [-70.37239, -31.09216], [-70.3625, -31.07304], [-70.33979, -31.04172], [-70.32095, -31.03366], [-70.27832, -31.03945], [-70.26656, -31.03645], [-70.26759, -31.02384], [-70.32513, -30.97165], [-70.33521, -30.95604], [-70.33922, -30.93816], [-70.31948, -30.80081], [-70.30503, -30.76546], [-70.28229, -30.73776], [-70.27617, -30.72556], [-70.27987, -30.69311], [-70.27599, -30.67306], [-70.2354, -30.59162], [-70.2171, -30.51514], [-70.19698, -30.48682], [-70.16377, -30.47018], [-70.15119, -30.45974], [-70.14393, -30.43959], [-70.14871, -30.41871], [-70.17377, -30.38223], [-70.17341, -30.36466], [-70.14693, -30.35391], [-70.06427, -30.38925], [-70.03019, -30.39711], [-69.99446, -30.38812], [-69.96459, -30.37479], [-69.93803, -30.35556], [-69.91214, -30.32952], [-69.90281, -30.31267], [-69.89808, -30.25655], [-69.88625, -30.221], [-69.87707, -30.21314], [-69.84896, -30.19909], [-69.83576, -30.16188], [-69.84974, -30.12663], [-69.88072, -30.09976], [-69.91867, -30.08778], [-69.95766, -30.09274], [-69.97324, -30.08943], [-69.98037, -30.07248], [-69.97562, -30.05863], [-69.94128, -30.01305], [-69.92798, -29.97677], [-69.92219, -29.93957], [-69.9156, -29.80562], [-69.45213, -29.7554], [-69.43113, -29.68725], [-69.3275, -29.57645], [-69.27647, -29.34555], [-69.12535, -29.25348], [-69.00801, -29.36497], [-68.99871, -29.36085], [-68.93728, -29.27642], [-68.73687, -29.28051], [-68.73085, -29.27502], [-68.67944, -29.1422], [-68.97116, -28.53679], [-68.94866, -28.27987], [-68.77394, -28.14728], [-68.77041, -28.14026], [-68.77274, -28.12285], [-69.17301, -27.92408], [-69.12433, -27.73443], [-69.1182, -27.72213], [-69.0811, -27.70384], [-69.07583, -27.69619], [-69.08002, -27.68151], [-69.09322, -27.6565], [-69.09234, -27.64017], [-69.08555, -27.62932], [-69.05387, -27.59966], [-69.02857, -27.55129], [-69.01901, -27.52431], [-69.01627, -27.50013], [-69.02051, -27.47336], [-69.01741, -27.46044], [-69.01015, -27.44887], [-68.95863, -27.42106], [-68.94264, -27.40887], [-68.93145, -27.39523], [-68.88305, -27.29497], [-68.8793, -27.27854], [-68.87972, -27.22149], [-68.87075, -27.19844], [-68.82902, -27.13602], [-68.81432, -27.12031], [-68.80109, -27.11276], [-68.7643, -27.1046], [-68.71862, -27.10666], [-68.68286, -27.12692], [-68.64947, -27.15121], [-68.61072, -27.16568], [-68.58586, -27.16278], [-68.57537, -27.14935], [-68.56917, -27.12951], [-68.55739, -27.10739], [-68.53976, -27.09033], [-68.51801, -27.0769], [-68.49424, -27.06863], [-68.44308, -27.06667], [-68.42215, -27.06202], [-68.37735, -27.04445], [-68.33048, -27.04496], [-68.32913, -27.00011], [-68.3021, -26.92662], [-68.30536, -26.89799], [-68.32014, -26.87009], [-68.54421, -26.58928], [-68.57015, -26.55063], [-68.58741, -26.50825], [-68.59532, -26.4573], [-68.59392, -26.37865], [-68.58736, -26.33803], [-68.57516, -26.30351], [-68.54612, -26.26909], [-68.41988, -26.17928], [-68.40902, -26.14424], [-68.41708, -26.0936], [-68.48638, -25.83656], [-68.49729, -25.7629], [-68.05627, -25.70504], [-67.56859, -25.52522], [-67.39231, -24.8954], [-67.27544, -24.45044], [-67.42566, -24.0603], [-67.36237, -24.03037], [-67.33979, -24.0006], [-67.0474, -23.11607], [-66.61724, -23.23145], [-66.54364, -23.21574], [-66.45217, -22.81545], [-66.1742, -23.0283], [-65.95951, -23.27839], [-65.14453, -23.39726], [-64.6833, -23.70146], [-64.58756, -24.1773], [-64.46993, -24.48025], [-64.46321, -24.48592], [-64.45134, -24.47964], [-64.35604, -24.16597], [-64.03606, -23.43699], [-62.8824, -23.56928], [-62.64802, -23.87529], [-62.25051, -24.3146], [-61.9547, -24.97837], [-61.49128, -25.41024], [-61.02394, -25.84006], [-60.91587, -26.09107], [-60.41781, -26.31205], [-60.06456, -26.45527], [-59.85207, -26.43741], [-59.26744, -26.85528], [-59.09326, -27.02268], [-58.65329, -27.15627], [-58.6584, -27.18511], [-58.65236, -27.19803], [-58.61401, -27.22666], [-58.60156, -27.24567], [-58.59991, -27.26614], [-58.6042, -27.31626], [-58.51076, -27.27844], [-58.23822, -27.25704], [-58.12882, -27.26965], [-58.05353, -27.25901], [-58.02196, -27.25983], [-57.94403, -27.27461], [-57.91338, -27.28629], [-57.85478, -27.29756], [-57.81158, -27.31068], [-57.70937, -27.3298], [-57.53568, -27.40721], [-57.51336, -27.41414], [-57.49585, -27.41569], [-57.52989, -27.82228], [-57.35269, -28.02995], [-57.25232, -28.17162], [-57.30937, -28.38786], [-57.49854, -28.54129], [-57.59574, -28.93324], [-57.86063, -29.24395], [-57.97328, -29.53257], [-57.96251, -29.78966], [-58.12805, -30.12895], [-58.27067, -30.22621], [-58.45646, -30.54412], [-58.41002, -30.68961], [-58.34963, -30.68153], [-57.88579, -30.58986], [-57.86331, -30.62862], [-57.84853, -30.64795], [-57.82621, -30.6897], [-57.81766, -30.7129], [-57.39926, -30.29913], [-57.3666, -30.27722], [-57.35383, -30.27195], [-57.3343, -30.27267], [-57.31099, -30.28828], [-57.29647, -30.29334], [-57.28862, -30.29076], [-57.27038, -30.27515], [-57.24505, -30.29334], [-57.2126, -30.28735], [-57.06199, -30.67086], [-56.83653, -30.68737], [-56.81936, -30.67826], [-56.4946, -30.37929], [-56.44128, -30.40879], [-56.42464, -30.42357], [-56.38598, -30.47576], [-56.3726, -30.48589], [-56.32653, -30.50832], [-56.26796, -30.55111], [-56.23509, -30.56537], [-56.20274, -30.59469], [-55.82651, -30.33038], [-55.64707, -30.29196], [-55.56183, -30.38393], [-55.54853, -30.38496], [-55.37079, -30.25157], [-55.34283, -30.04559], [-55.16927, -29.74915], [-54.90909, -29.68869], [-54.83406, -29.51482], [-54.55113, -29.23213], [-54.38348, -28.68303], [-54.38903, -28.46414], [-54.31973, -28.34915], [-54.35628, -28.03477], [-54.30283, -27.92214], [-54.1884, -27.96135], [-53.85107, -27.75464], [-53.6445, -27.80811], [-53.58819, -28.22671], [-53.4492, -28.50354], [-53.5285, -28.75321], [-53.55138, -29.27049], [-53.68464, -29.58666], [-53.77543, -29.61288], [-54.19256, -30.06382], [-54.61931, -30.29355], [-54.93285, -30.73966], [-55.00342, -30.77561], [-55.36858, -31.03738], [-55.35385, -31.05629], [-55.34843, -31.07273], [-55.34496, -31.10849], [-55.33804, -31.12564], [-55.2937, -31.15365], [-55.28223, -31.16905], [-55.25998, -31.22869], [-55.24435, -31.2446], [-55.59404, -31.51873], [-55.73582, -31.54174], [-55.74273, -31.54572], [-55.80122, -31.67373], [-56.15425, -32.12459], [-56.29289, -32.42611], [-56.49998, -32.59212], [-56.62318, -32.86607], [-57.03208, -33.41952], [-57.25863, -33.55249], [-57.335, -33.77669], [-57.61076, -34.05311], [-57.60986, -34.06157], [-57.60197, -34.06557], [-57.42929, -34.07133], [-57.39078, -34.11446], [-57.37016, -34.14532], [-57.34014, -34.21177], [-57.32641, -34.2814], [-57.32931, -34.35195], [-57.337, -34.38672], [-57.35642, -34.43669], [-57.3652, -34.43044], [-57.41143, -34.43151], [-57.43697, -34.44456], [-57.44913, -34.43154], [-57.47466, -34.42954], [-57.53791, -34.4536], [-57.56947, -34.4265], [-57.595, -34.42547], [-57.62418, -34.43045], [-57.7203, -34.46336], [-57.73853, -34.46132], [-57.76412, -34.47428], [-57.82251, -34.4751], [-57.85533, -34.47096], [-57.84558, -34.46298], [-57.85405, -34.44788], [-57.88201, -34.44071], [-57.90018, -34.41652], [-57.8976, -34.37634], [-58.01692, -34.25311], [-58.04979, -34.24], [-58.07698, -34.19199], [-58.09459, -34.17783], [-58.11937, -34.1692], [-58.19619, -34.15943], [-58.20872, -34.14763], [-58.23184, -34.0888], [-58.31652, -33.9865], [-58.37261, -33.95422], [-58.38881, -33.94206], [-58.40269, -33.92278], [-58.43466, -33.78464], [-58.43935, -33.6985], [-58.42577, -33.61289], [-58.43833, -33.55145], [-58.43321, -33.52777], [-58.38536, -33.47031], [-58.37857, -33.44866], [-58.38488, -33.42913], [-58.41258, -33.40959], [-58.41892, -33.38991], [-58.41266, -33.37189], [-58.3612, -33.32578], [-58.35074, -33.30576], [-58.34923, -33.28281], [-58.36598, -33.19638], [-58.36692, -33.15374], [-58.35138, -33.12169], [-58.31029, -33.10883], [-58.21736, -33.11354], [-58.17443, -33.11045], [-58.13777, -33.09515], [-58.08373, -33.04754], [-58.04849, -32.91172], [-58.05712, -32.88177], [-58.12046, -32.81926], [-58.13084, -32.80241], [-58.13775, -32.76367], [-58.13769, -32.69557], [-58.14516, -32.67816], [-58.13777, -32.67067], [-58.15722, -32.57513], [-58.1771, -32.54501], [-58.20043, -32.44459], [-58.22008, -32.48952], [-58.22281, -32.53427], [-58.21158, -32.65732], [-58.19295, -32.7261], [-58.17935, -32.8283], [-58.13778, -32.90032], [-58.15949, -32.97975], [-58.14681, -33.04998], [-58.1928, -33.08818], [-58.20446, -33.09188], [-58.24144, -33.09515], [-58.38317, -33.07545], [-58.41894, -33.08831], [-58.43017, -33.10263], [-58.432, -33.11159], [-58.41284, -33.11875], [-58.43322, -33.23235], [-58.41236, -33.29827], [-58.45995, -33.33473], [-58.48786, -33.36956], [-58.52172, -33.44931], [-58.53563, -33.53395], [-58.52881, -33.57903], [-58.54084, -33.60898], [-58.54922, -33.70534], [-58.54068, -33.74521], [-58.52432, -33.77776], [-58.46957, -33.84225], [-58.46106, -33.85947], [-58.43937, -33.97967], [-58.44717, -34.01051], [-58.4027, -34.02598], [-58.38782, -34.04648], [-58.38536, -34.10973], [-58.39224, -34.15407], [-58.37858, -34.18824], [-58.4121, -34.21868], [-58.42598, -34.24688], [-58.4602, -34.27287], [-58.48013, -34.27743], [-58.50642, -34.26898], [-58.54308, -34.26767], [-58.55834, -34.28541], [-58.57042, -34.28818], [-58.51207, -34.31584], [-58.46662, -34.34799], [-58.45462, -34.36618], [-58.47322, -34.39814], [-58.51146, -34.43594], [-58.50322, -34.46313], [-58.4772, -34.48353], [-58.47419, -34.52158], [-58.37861, -34.57265], [-58.345, -34.60786], [-58.31503, -34.6572], [-58.23648, -34.70062], [-58.19012, -34.73516], [-58.15487, -34.7504], [-58.09393, -34.75775], [-58.06354, -34.77293], [-58.0002, -34.78727], [-57.96503, -34.82453], [-57.93822, -34.83367], [-57.87104, -34.82993], [-57.85157, -34.84805], [-57.80644, -34.87233], [-57.75884, -34.90966], [-57.68682, -34.93388], [-57.60357, -34.9877], [-57.53168, -35.01016], [-57.55828, -35.07307], [-57.57898, -35.10556], [-57.6319, -35.16454], [-57.74509, -35.24807], [-57.81973, -35.28426], [-57.8403, -35.29111], [-57.90997, -35.24835], [-57.96283, -35.22866], [-58.03449, -35.19028], [-58.04644, -35.19186], [-58.18798, -35.51413], [-58.33624, -35.6425], [-58.33444, -35.6526], [-58.23978, -35.72051], [-58.34607, -35.95636], [-58.49921, -36.08912], [-58.5571, -36.40505], [-58.4977, -36.51409], [-58.63189, -36.7065], [-58.69429, -37.26468], [-58.79918, -37.37763], [-58.81186, -37.37529], [-58.8532, -37.38227], [-58.90864, -37.40113], [-58.95487, -37.42506], [-58.99437, -37.4736], [-59.05846, -37.58191], [-59.19943, -37.84761], [-59.23933, -37.94976], [-59.2641, -38.03006], [-59.26758, -38.07631], [-59.26213, -38.15014], [-59.23339, -38.3094], [-59.22178, -38.31583], [-59.17047, -38.30502], [-59.17827, -38.32308], [-59.16954, -38.33152], [-59.09007, -38.3058], [-58.88012, -38.24854], [-58.74103, -38.22101], [-58.68655, -38.1979], [-58.5693, -38.16402], [-58.48208, -38.14731], [-58.37298, -38.11109], [-58.3201, -38.07905], [-58.25356, -38.04982], [-58.17985, -38.07662], [-58.14179, -38.09605], [-58.01448, -38.18126], [-57.95406, -38.23433], [-57.92911, -38.26413], [-57.89967, -38.31193], [-58.01871, -38.36793], [-58.06607, -38.37819], [-58.11792, -38.41325], [-58.15535, -38.42997], [-58.2755, -38.46852], [-58.33074, -38.49269], [-58.4195, -38.50416], [-58.49364, -38.52435], [-58.56701, -38.55884], [-58.72924, -38.58847], [-58.9403, -38.64609], [-58.99715, -38.67603], [-59.06323, -38.69377], [-59.6324, -38.78379], [-59.79687, -38.83847], [-59.88931, -38.83847], [-60.34493, -38.90668], [-60.65909, -38.94305], [-60.86571, -38.97567], [-60.97826, -38.97437], [-61.01647, -38.96819], [-61.02855, -38.96998], [-61.05066, -38.98251], [-61.14338, -39.00106], [-61.33776, -38.98138], [-61.42805, -38.98252], [-61.49307, -38.9992], [-61.51806, -39.01148], [-61.67515, -38.9939], [-61.68859, -38.98455], [-61.70652, -38.98039], [-61.72281, -38.96819], [-61.79052, -38.98251], [-61.83902, -38.98087], [-62.02648, -38.93765], [-62.06403, -38.92294], [-62.09316, -38.90194], [-62.13003, -38.8366], [-62.14293, -38.81829], [-62.15734, -38.81048], [-62.31871, -38.80054], [-62.35847, -38.78729], [-62.37975, -38.79844], [-62.39021, -38.81471], [-62.38021, -38.82415], [-62.38634, -38.84515], [-62.36808, -38.88277], [-62.37393, -38.9], [-62.36018, -38.8904], [-62.34651, -38.88992], [-62.33602, -38.89691], [-62.33179, -38.91009], [-62.33446, -38.94736], [-62.33178, -38.95452], [-62.32046, -38.96071], [-62.27405, -38.95453], [-62.28661, -38.98805], [-62.28394, -39.0022], [-62.3085, -39.01263], [-62.31851, -39.02207], [-62.33187, -39.05774], [-62.35782, -39.10223], [-62.33919, -39.1264], [-62.34704, -39.17571], [-62.33918, -39.19411], [-62.25726, -39.25554], [-62.28463, -39.2526], [-62.31127, -39.24188], [-62.32559, -39.25465], [-62.3164, -39.26523], [-62.29434, -39.27272], [-62.16788, -39.28339], [-62.08924, -39.31414], [-62.04663, -39.33865], [-62.02393, -39.36484], [-62.02312, -39.37681], [-62.03467, -39.39934], [-62.05726, -39.41148], [-62.09853, -39.39185], [-62.15574, -39.35232], [-62.18834, -39.31072], [-62.22785, -39.30722], [-62.28392, -39.31072], [-62.27253, -39.33864], [-62.26415, -39.34547], [-62.22815, -39.34638], [-62.21483, -39.37615], [-62.19542, -39.39715], [-62.1542, -39.42742], [-62.13557, -39.43572], [-62.06144, -39.44737], [-62.0557, -39.45214], [-62.05062, -39.4747], [-62.07234, -39.50319], [-62.07508, -39.5735], [-62.08666, -39.59596], [-62.11168, -39.73252], [-62.11436, -39.82123], [-62.11947, -39.8383], [-62.12536, -39.83766], [-62.16418, -39.85881], [-62.23931, -39.84876], [-62.30504, -39.81113], [-62.30875, -39.82187], [-62.30456, -39.83221], [-62.28395, -39.85263], [-62.30867, -39.8615], [-62.31456, -39.8694], [-62.31128, -39.90709], [-62.31537, -39.92428], [-62.33561, -39.99431], [-62.36632, -40.05413], [-62.3392, -40.11273], [-62.34042, -40.13372], [-62.3597, -40.19183], [-62.36873, -40.21119], [-62.4348, -40.23626], [-62.45177, -40.24961], [-62.4842, -40.28753], [-62.49006, -40.30788], [-62.45593, -40.3659], [-62.44066, -40.42498], [-62.41491, -40.46209], [-62.32869, -40.49628], [-62.32604, -40.52508], [-62.28368, -40.56439], [-62.26416, -40.55155], [-62.2505, -40.59678], [-62.25064, -40.62204], [-62.2672, -40.63348], [-62.31504, -40.62662], [-62.34602, -40.5993], [-62.34537, -40.61647], [-62.32886, -40.64056], [-62.33057, -40.64869], [-62.33918, -40.65398], [-62.32974, -40.66912], [-62.32238, -40.67295], [-62.24425, -40.63698], [-62.21382, -40.62811], [-62.18158, -40.62665], [-62.22924, -40.65862], [-62.23681, -40.67132], [-62.25428, -40.74635], [-62.31128, -40.84579], [-62.33781, -40.87272], [-62.48644, -40.93255], [-62.60676, -40.98983], [-62.67447, -41.011], [-62.71034, -41.03389], [-62.75092, -41.04414], [-62.81094, -41.04404], [-62.86385, -41.08513], [-62.93513, -41.0997], [-63.05358, -41.14714], [-63.09952, -41.15487], [-63.31701, -41.14804], [-63.38415, -41.16105], [-63.47948, -41.15423], [-63.62205, -41.1609], [-63.77909, -41.15879], [-63.8242, -41.1508], [-63.86668, -41.13371], [-63.96687, -41.06023], [-64.01134, -41.04502], [-64.05288, -41.04598], [-64.06284, -41.04127], [-64.0654, -41.03143], [-64.05232, -41.00709], [-64.06212, -40.99944], [-64.13427, -41.01701], [-64.1743, -41.00895], [-64.4171, -40.91074], [-64.55207, -40.8829], [-64.64477, -40.84645], [-64.73493, -40.83034], [-64.78332, -40.82741], [-64.85353, -40.83292], [-64.8854, -40.83098], [-64.91119, -40.82382], [-64.91196, -40.80878], [-64.89362, -40.79845], [-64.86799, -40.79218], [-64.84994, -40.79511], [-64.85424, -40.81219], [-64.83312, -40.80536], [-64.7552, -40.8043], [-64.74498, -40.7973], [-64.75357, -40.77654], [-64.80026, -40.75888], [-64.77164, -40.7365], [-64.79621, -40.72332], [-64.89045, -40.70599], [-64.94652, -40.71136], [-64.98184, -40.72332], [-64.99136, -40.72967], [-64.9733, -40.73154], [-64.94066, -40.72487], [-64.9225, -40.72967], [-64.93639, -40.74472], [-64.93236, -40.75351], [-64.90887, -40.7701], [-65.01085, -40.76727], [-65.02863, -40.7737], [-65.1317, -40.84238], [-65.13449, -40.87395], [-65.16369, -40.92303], [-65.17569, -40.96917], [-65.17512, -41.01019], [-65.1468, -41.1806], [-65.10692, -41.29854], [-65.10489, -41.32977], [-65.07971, -41.38633], [-65.06119, -41.44842], [-65.00627, -41.49343], [-64.99138, -41.5241], [-65.0018, -41.58627], [-65.02863, -41.63738], [-65.03722, -41.66513], [-65.02676, -41.70094], [-64.99821, -41.7575], [-64.99992, -41.79339], [-65.01782, -41.83659], [-65.05968, -41.90838], [-65.07453, -41.95094], [-65.06957, -41.98577], [-65.00499, -42.09319], [-64.9724, -42.12689], [-64.93546, -42.1539], [-64.85729, -42.19362], [-64.81115, -42.19542], [-64.78661, -42.20965], [-64.73729, -42.22666], [-64.64416, -42.23464], [-64.6029, -42.25823], [-64.53148, -42.24425], [-64.50363, -42.24562], [-64.48113, -42.25449], [-64.46424, -42.27532], [-64.49112, -42.28428], [-64.51089, -42.29876], [-64.58747, -42.38128], [-64.60228, -42.42205], [-64.59553, -42.4306], [-64.56627, -42.43597], [-64.48575, -42.43126], [-64.44506, -42.44671], [-64.37609, -42.44158], [-64.31554, -42.42304], [-64.12755, -42.43271], [-64.10359, -42.42783], [-64.09324, -42.41172], [-64.05972, -42.38812], [-64.05158, -42.37225], [-64.05321, -42.34873], [-64.05971, -42.3366], [-64.04548, -42.32269], [-64.06843, -42.26963], [-64.08902, -42.26279], [-64.13427, -42.2584], [-64.24291, -42.26229], [-64.29635, -42.25761], [-64.33968, -42.2374], [-64.30655, -42.22422], [-64.16218, -42.2094], [-64.03899, -42.15754], [-63.95786, -42.1135], [-63.8713, -42.08385], [-63.80996, -42.07019], [-63.76865, -42.07773], [-63.73226, -42.10524], [-63.70975, -42.13421], [-63.67905, -42.19438], [-63.66832, -42.22861], [-63.62028, -42.26394], [-63.59793, -42.3002], [-63.5905, -42.34124], [-63.59751, -42.44163], [-63.57935, -42.59295], [-63.59213, -42.63347], [-63.61701, -42.67474], [-63.63329, -42.71461], [-63.62029, -42.75123], [-63.67151, -42.80217], [-63.73665, -42.82479], [-63.94163, -42.85958], [-64.02562, -42.86224], [-64.07, -42.87859], [-64.1079, -42.88371], [-64.13853, -42.86695], [-64.16189, -42.84711], [-64.21398, -42.79217], [-64.25132, -42.77507], [-64.25088, -42.75187], [-64.2186, -42.65594], [-64.19567, -42.64422], [-64.20238, -42.63543], [-64.24404, -42.61345], [-64.25772, -42.60036], [-64.29441, -42.5857], [-64.30735, -42.57439], [-64.31237, -42.55576], [-64.32262, -42.54241], [-64.38805, -42.51727], [-64.43773, -42.50693], [-64.54223, -42.50628], [-64.63964, -42.52174], [-64.68835, -42.54712], [-64.73473, -42.55788], [-64.80403, -42.62151], [-64.92248, -42.64137], [-64.94603, -42.65423], [-64.98083, -42.70623], [-65.0122, -42.73187], [-65.01891, -42.74684], [-65.01187, -42.77109], [-64.99714, -42.78484], [-64.95678, -42.79259], [-64.92447, -42.81129], [-64.86047, -42.82635], [-64.73811, -42.87095], [-64.6455, -42.92539], [-64.5799, -42.94305], [-64.50317, -42.93728], [-64.43346, -42.97633], [-64.40811, -42.97617], [-64.3158, -42.95047], [-64.30213, -42.98089], [-64.30673, -42.99358], [-64.32821, -43.00985], [-64.44759, -43.06861], [-64.56559, -43.10416], [-64.76525, -43.14739], [-64.94392, -43.23944], [-64.99467, -43.28315], [-65.03234, -43.29941], [-65.04336, -43.32155], [-65.03235, -43.37811], [-65.03907, -43.3956], [-65.07413, -43.4157], [-65.15526, -43.47812], [-65.20984, -43.54631], [-65.27538, -43.58733], [-65.3308, -43.66334], [-65.33239, -43.73073], [-65.30607, -43.77907], [-65.31823, -43.83221], [-65.29651, -43.84808], [-65.2753, -43.89889], [-65.27196, -43.96404], [-65.25813, -43.96754], [-65.23934, -43.96332], [-65.22863, -43.97525], [-65.25186, -43.98813], [-65.24198, -44.02727], [-65.22237, -44.0369], [-65.18675, -44.03555], [-65.23208, -44.06744], [-65.23786, -44.08416], [-65.23387, -44.1135], [-65.22125, -44.11888], [-65.21483, -44.13743], [-65.28257, -44.15452], [-65.29877, -44.16648], [-65.30871, -44.20008], [-65.30472, -44.24009], [-65.28461, -44.26208], [-65.268, -44.27227], [-65.27196, -44.2824], [-65.26587, -44.30141], [-65.25236, -44.30733], [-65.2582, -44.32316], [-65.2462, -44.33467], [-65.22912, -44.33408], [-65.22143, -44.33845], [-65.2169, -44.3664], [-65.22885, -44.3704], [-65.2354, -44.3867], [-65.25974, -44.38857], [-65.2703, -44.40571], [-65.28566, -44.41242], [-65.27884, -44.42193], [-65.2895, -44.42642], [-65.28242, -44.42937], [-65.28582, -44.43258], [-65.30457, -44.42612], [-65.30991, -44.42836], [-65.30591, -44.4399], [-65.32866, -44.45379], [-65.33159, -44.46076], [-65.3117, -44.47102], [-65.32191, -44.4885], [-65.31359, -44.49429], [-65.29629, -44.48949], [-65.28262, -44.49258], [-65.28829, -44.50325], [-65.27929, -44.51625], [-65.30297, -44.51578], [-65.32013, -44.53279], [-65.32571, -44.50828], [-65.33747, -44.50709], [-65.34867, -44.5092], [-65.35281, -44.51473], [-65.3731, -44.51618], [-65.3746, -44.52131], [-65.3615, -44.53387], [-65.36124, -44.54039], [-65.38089, -44.54137], [-65.39331, -44.55192], [-65.39056, -44.56094], [-65.38027, -44.56726], [-65.35635, -44.57413], [-65.36845, -44.58593], [-65.37393, -44.58547], [-65.37551, -44.57606], [-65.38277, -44.57638], [-65.39471, -44.59394], [-65.40819, -44.58569], [-65.41044, -44.57627], [-65.42926, -44.56976], [-65.46181, -44.57656], [-65.46574, -44.59102], [-65.46094, -44.60098], [-65.49995, -44.60436], [-65.54274, -44.61959], [-65.5783, -44.64787], [-65.59852, -44.64274], [-65.64321, -44.668], [-65.68554, -44.71253], [-65.69583, -44.73481], [-65.6932, -44.76274], [-65.70428, -44.80124], [-65.7271, -44.8096], [-65.72678, -44.83026], [-65.71848, -44.83564], [-65.72826, -44.84758], [-65.71544, -44.86996], [-65.68583, -44.87351], [-65.67414, -44.87847], [-65.66473, -44.88993], [-65.64816, -44.88985], [-65.63401, -44.88457], [-65.59813, -44.89922], [-65.57292, -44.89584], [-65.55295, -44.91102], [-65.53527, -44.91564], [-65.52142, -44.93189], [-65.53409, -44.93397], [-65.57379, -44.9617], [-65.58688, -44.95814], [-65.60544, -44.97274], [-65.60001, -44.98459], [-65.58784, -44.99378], [-65.58383, -45.00746], [-65.61191, -44.99887], [-65.62223, -45.00707], [-65.60266, -45.02768], [-65.64338, -45.04738], [-65.66441, -45.04268], [-65.68506, -45.04454], [-65.69063, -45.0627], [-65.75138, -45.02365], [-65.80319, -45.02757], [-65.81766, -45.04018], [-65.83067, -45.03474], [-65.82857, -45.01653], [-65.84159, -45.00322], [-65.87237, -45.00332], [-65.88981, -45.00808], [-65.88768, -45.03943], [-65.9086, -45.03893], [-65.93624, -45.04867], [-65.96421, -45.04187], [-65.98535, -45.02219], [-66.01636, -45.00311], [-66.04471, -45.00408], [-66.11031, -44.98841], [-66.16857, -44.99638], [-66.20037, -44.99292], [-66.22135, -45.01581], [-66.28158, -45.05759], [-66.31529, -45.04445], [-66.34971, -45.04345], [-66.36717, -45.04729], [-66.37256, -45.05494], [-66.39335, -45.0526], [-66.40408, -45.06362], [-66.46772, -45.07702], [-66.49659, -45.08838], [-66.52387, -45.10897], [-66.5253, -45.13188], [-66.45478, -45.14935], [-66.47331, -45.16866], [-66.5878, -45.13934], [-66.58821, -45.16666], [-66.54311, -45.1742], [-66.52259, -45.19319], [-66.52401, -45.21609], [-66.66952, -45.21459], [-66.86892, -45.2356], [-66.92927, -45.25653], [-67.00927, -45.30389], [-67.0648, -45.34995], [-67.09639, -45.3918], [-67.16735, -45.46144], [-67.22334, -45.52867], [-67.26981, -45.56083], [-67.3076, -45.60135], [-67.33192, -45.61349], [-67.35628, -45.65896], [-67.35443, -45.7058], [-67.33513, -45.71885], [-67.34627, -45.73397], [-67.3639, -45.73568], [-67.36968, -45.7623], [-67.36065, -45.77666], [-67.36461, -45.7866], [-67.37707, -45.79411], [-67.39709, -45.79103], [-67.45587, -45.825], [-67.47404, -45.86221], [-67.50474, -45.87835], [-67.51512, -45.89735], [-67.54773, -45.93345], [-67.53313, -45.95826], [-67.55757, -45.96752], [-67.57848, -45.99285], [-67.61352, -46.07187], [-67.62442, -46.13006], [-67.62247, -46.16375], [-67.5747, -46.32204], [-67.54088, -46.4013], [-67.42322, -46.56742], [-67.3365, -46.62519], [-67.25628, -46.64343], [-67.23209, -46.67099], [-67.19364, -46.691], [-67.15244, -46.69715], [-67.13001, -46.7066], [-67.11539, -46.73602], [-67.08195, -46.75727], [-67.03319, -46.81911], [-66.99984, -46.82489], [-66.99022, -46.83904], [-66.97169, -46.84857], [-66.88336, -46.91847], [-66.82457, -46.98138], [-66.78645, -47.00661], [-66.69925, -47.03774], [-66.66107, -47.0357], [-66.6288, -47.05122], [-66.5878, -47.0408], [-66.56749, -47.04803], [-66.50524, -47.04079], [-66.44066, -47.06129], [-66.38565, -47.0578], [-66.35822, -47.06699], [-66.20049, -47.08959], [-66.0858, -47.08262], [-66.04621, -47.072], [-66.0429, -47.13969], [-66.05777, -47.2147], [-66.11439, -47.31688], [-66.15607, -47.37002], [-66.2173, -47.42651], [-66.29395, -47.474], [-66.33763, -47.49389], [-66.4308, -47.52387], [-66.48112, -47.53423], [-66.53207, -47.54106], [-66.63066, -47.54436], [-66.56404, -47.5245], [-66.43397, -47.50226], [-66.34619, -47.45023], [-66.34604, -47.43763], [-66.4547, -47.42073], [-66.577, -47.40896], [-66.6466, -47.41074], [-66.74694, -47.40188], [-66.89844, -47.3709], [-67.00948, -47.33412], [-67.17114, -47.36382], [-67.24563, -47.38209], [-67.3037, -47.40078], [-67.35411, -47.42319], [-67.56586, -47.5379], [-67.82364, -47.69472], [-67.82671, -47.70232], [-67.8077, -47.77092], [-67.81766, -47.79172], [-67.90015, -47.82763], [-68.20892, -47.92113], [-68.40542, -48.02174], [-68.50883, -48.08378], [-68.56868, -48.1387], [-68.77335, -48.3488], [-68.94299, -48.46692], [-68.97214, -48.50958], [-69.02887, -48.62184], [-69.05675, -48.66365], [-69.13066, -48.72722], [-69.34311, -48.88904], [-69.41077, -48.95001], [-69.45298, -49.02945], [-69.47545, -49.09818], [-69.48869, -49.17406], [-69.47411, -49.22422], [-69.38264, -49.39533], [-69.31426, -49.47113], [-69.2728, -49.50703], [-69.21071, -49.53092], [-69.19622, -49.52852], [-69.12192, -49.47044], [-69.03774, -49.42659], [-68.94233, -49.39422], [-68.8393, -49.37456], [-68.73254, -49.36834], [-68.60835, -49.37689], [-68.50816, -49.39688], [-68.38596, -49.43378], [-68.37698, -49.42565], [-68.37882, -49.37124], [-68.3611, -49.3694], [-68.31461, -49.33134], [-68.23429, -49.28449], [-67.87546, -49.14538], [-67.70993, -49.10675], [-67.59031, -49.08585], [-67.59637, -49.10679], [-67.63256, -49.12998], [-67.6352, -49.15554], [-67.61538, -49.16115], [-67.60995, -49.1781], [-67.65014, -49.19598], [-67.66834, -49.22404], [-67.67539, -49.24881], [-67.70251, -49.2675], [-67.73233, -49.27467], [-67.70418, -49.3039], [-67.71192, -49.3156], [-67.72631, -49.31813], [-67.7578, -49.33478], [-67.74538, -49.34243], [-67.74579, -49.35569], [-67.77432, -49.3744], [-67.83088, -49.37957], [-67.83251, -49.38543], [-67.81428, -49.39129], [-67.72518, -49.39075], [-67.6979, -49.37196], [-67.68289, -49.33648], [-67.6847, -49.30996], [-67.66908, -49.29606], [-67.66319, -49.26716], [-67.63683, -49.24726], [-67.62219, -49.25076], [-67.60767, -49.26507], [-67.61142, -49.32319], [-67.65331, -49.37713], [-67.70006, -49.53428], [-67.718, -49.67055], [-67.71255, -49.68555], [-67.73198, -49.78112], [-67.77173, -49.87086], [-67.83322, -49.95453], [-67.89527, -49.99706], [-67.98234, -50.04328], [-68.07636, -50.08726], [-68.17012, -50.11402], [-68.25837, -50.12464], [-68.34186, -50.1176], [-68.37662, -50.08343], [-68.39948, -50.07531], [-68.42177, -50.05139], [-68.46245, -49.98039], [-68.48664, -49.95947], [-68.5211, -49.94034], [-68.54184, -49.91562], [-68.56907, -49.85882], [-68.59467, -49.83463], [-68.65404, -49.75791], [-68.69579, -49.73561], [-68.73974, -49.72772], [-68.67711, -49.75579], [-68.66405, -49.76751], [-68.65811, -49.78265], [-68.59578, -49.85831], [-68.57782, -49.90283], [-68.57729, -49.92761], [-68.62617, -49.95293], [-68.67439, -49.96835], [-68.70144, -49.97038], [-68.74299, -49.96415], [-68.80357, -49.96831], [-68.87538, -49.96249], [-68.91366, -49.9812], [-68.94597, -49.99122], [-68.97492, -49.99188], [-69.0135, -50.00774], [-69.0135, -50.01523], [-69.00837, -50.01556], [-68.91501, -50.01127], [-68.8819, -49.99262], [-68.84215, -49.98105], [-68.80107, -49.98453], [-68.76905, -49.98195], [-68.67084, -49.99473], [-68.58318, -49.97041], [-68.55962, -49.97969], [-68.55211, -49.99969], [-68.51887, -50.01567], [-68.5115, -50.06077], [-68.49375, -50.08011], [-68.44526, -50.10967], [-68.41892, -50.11205], [-68.40299, -50.11698], [-68.39111, -50.12901], [-68.36314, -50.13425], [-68.34989, -50.14881], [-68.36211, -50.1693], [-68.3959, -50.17783], [-68.43811, -50.20077], [-68.73665, -50.29142], [-68.76733, -50.28867], [-68.79168, -50.30388], [-68.79467, -50.31752], [-68.83991, -50.32569], [-68.85622, -50.32219], [-68.87643, -50.33057], [-68.88095, -50.35275], [-68.89989, -50.36199], [-68.97508, -50.42891], [-69.07652, -50.56017], [-69.07993, -50.60453], [-69.12267, -50.67986], [-69.14997, -50.74212], [-69.14753, -50.75872], [-69.13259, -50.78401], [-69.12728, -50.84657], [-69.12808, -50.87806], [-69.13681, -50.90348], [-69.20587, -50.93558], [-69.2605, -50.97421], [-69.34781, -51.01865], [-69.39013, -51.04852], [-69.41072, -51.08392], [-69.28833, -51.01589], [-69.19666, -50.98037], [-69.16779, -50.97824], [-69.10418, -51.21486], [-69.08692, -51.23529], [-69.06265, -51.32147], [-68.95622, -51.52223], [-68.95448, -51.5429], [-68.96245, -51.55992], [-68.98185, -51.57154], [-69.01977, -51.56316], [-69.0476, -51.56316], [-69.06876, -51.57236], [-69.10132, -51.59921], [-69.11962, -51.60474], [-69.17186, -51.59937], [-69.28433, -51.55975], [-69.3601, -51.55576], [-69.38878, -51.55967], [-69.41813, -51.57056], [-69.49991, -51.58025], [-69.54556, -51.60589], [-69.61681, -51.62518], [-69.39841, -51.59257], [-69.35299, -51.58838], [-69.30457, -51.5935], [-69.157, -51.63489], [-69.16479, -51.65175], [-69.2189, -51.68043], [-69.2189, -51.6867], [-69.18065, -51.68157], [-69.09808, -51.65313], [-69.02891, -51.6142], [-69.00067, -51.61136], [-68.97352, -51.61996], [-68.95469, -51.63277], [-69.00221, -51.74076], [-69.21055, -52.1383], [-69.48529, -52.13248], [-69.95275, -52.00742], [-70.3879, -52.00355], [-70.38687, -52.41553], [-70.37215, -52.43041], [-70.21776, -52.6476], [-70.24213, -52.63939], [-70.27472, -52.6394], [-70.29165, -52.63461], [-70.32179, -52.63815], [-70.33056, -52.64504], [-70.33302, -52.6601], [-70.36614, -52.65553], [-70.38353, -52.67138], [-70.51774, -52.72324], [-70.54825, -52.7225], [-70.54979, -52.70274], [-70.50177, -52.6775], [-70.50599, -52.66129], [-70.52588, -52.65993], [-70.58304, -52.672], [-70.59216, -52.68797], [-70.56958, -52.7025], [-70.58683, -52.71427], [-70.608, -52.70482], [-70.63318, -52.70838], [-70.65885, -52.721], [-70.68402, -52.72457], [-70.69819, -52.73942], [-70.7164, -52.73706], [-70.72346, -52.70428], [-70.73404, -52.70143], [-70.76475, -52.72142], [-70.82274, -52.7282], [-70.8522, -52.71844], [-70.86376, -52.72137], [-70.85684, -52.73398], [-70.80233, -52.74929], [-70.80232, -52.76979], [-70.79149, -52.77606], [-70.74276, -52.77843], [-70.73886, -52.78387], [-70.74768, -52.79705], [-70.79548, -52.81072], [-70.81212, -52.82138], [-70.83703, -52.87273], [-70.84126, -52.90342], [-70.87821, -52.90143], [-70.88921, -52.91363], [-70.81047, -52.92719], [-70.80917, -52.96175], [-70.81691, -52.99244], [-70.86612, -53.04974], [-70.88702, -53.11367], [-70.93879, -53.17685], [-70.95759, -53.22283], [-70.96368, -53.32648], [-70.98693, -53.36419], [-70.99478, -53.40439], [-70.9829, -53.46771], [-70.94948, -53.54722], [-70.94017, -53.6137], [-70.95557, -53.65935], [-70.97948, -53.6793], [-70.97364, -53.75603], [-70.99341, -53.78385], [-71.02151, -53.77161], [-71.27592, -53.71175], [-71.51608, -53.62298], [-71.58795, -53.59051], [-71.80416, -53.51401], [-71.75447, -53.4625], [-71.76867, -53.42083], [-71.76057, -53.38535], [-71.77548, -53.3415], [-71.74222, -53.22324], [-71.72862, -53.2121], [-71.67186, -53.20111], [-71.62999, -53.19801], [-71.5844, -53.1668], [-71.54361, -53.15797], [-71.47984, -53.13552], [-71.40494, -53.13291], [-71.36022, -53.11614], [-71.31965, -53.08815], [-71.28891, -53.04413], [-71.26171, -53.02597], [-71.23483, -52.95583], [-71.19879, -52.92409], [-71.17248, -52.93066], [-71.11876, -52.91964], [-71.12049, -52.88029], [-71.16928, -52.81281], [-71.21015, -52.81551], [-71.24918, -52.78876], [-71.30928, -52.8057], [-71.3521, -52.8071], [-71.38117, -52.76824], [-71.39879, -52.7282], [-71.40429, -52.78851], [-71.39865, -52.83171], [-71.42143, -52.83727], [-71.48396, -52.82488], [-71.53081, -52.86665], [-71.57721, -52.88997], [-71.61199, -52.89273], [-71.64223, -52.91644], [-71.66671, -52.91698], [-71.70466, -52.93433], [-71.73577, -52.94207], [-71.77841, -52.96665], [-71.83878, -52.98335], [-71.86274, -53.00236], [-71.90623, -53.01089], [-71.92311, -53.03427], [-71.99523, -53.09124], [-72.02197, -53.12541], [-72.05964, -53.12176], [-72.08561, -53.13436], [-72.11704, -53.12858], [-72.16507, -53.09945], [-72.19327, -53.06463], [-72.21496, -53.04876], [-72.25413, -53.04192], [-72.286, -53.02988], [-72.31363, -53.03338], [-72.26898, -53.07146], [-72.30718, -53.06859], [-72.38004, -53.05039], [-72.49478, -53.05592], [-72.53498, -53.06455], [-72.56314, -53.07887], [-72.5428, -53.08554], [-72.47444, -53.07147], [-72.41271, -53.08538], [-72.395, -53.07514], [-72.3671, -53.06813], [-72.32164, -53.13209], [-72.22685, -53.15027], [-72.21004, -53.15684], [-72.19141, -53.1806], [-72.19369, -53.19085], [-72.2063, -53.20109], [-72.25307, -53.20679], [-72.27854, -53.20223], [-72.29874, -53.18255], [-72.36457, -53.18076], [-72.36457, -53.1876], [-72.32828, -53.19118], [-72.31581, -53.20672], [-72.32764, -53.22128], [-72.36421, -53.22225], [-72.45206, -53.18963], [-72.48803, -53.1876], [-72.43531, -53.21641], [-72.44032, -53.22845], [-72.46198, -53.22991], [-72.51537, -53.19427], [-72.5382, -53.19736], [-72.5371, -53.20745], [-72.52164, -53.2195], [-72.5017, -53.22845], [-72.42664, -53.24229], [-72.41237, -53.25644], [-72.44702, -53.2819], [-72.46694, -53.28313], [-72.51696, -53.2619], [-72.53588, -53.27012], [-72.51551, -53.28631], [-72.50386, -53.3137], [-72.50477, -53.34368], [-72.52222, -53.3663], [-72.55768, -53.37448], [-72.59373, -53.36386], [-72.62385, -53.34254], [-72.64513, -53.3178], [-72.65148, -53.34075], [-72.63525, -53.35974], [-73.20754, -53.23368], [-73.2521, -53.18418], [-73.29278, -53.1657], [-73.30301, -53.15344], [-73.18236, -53.1858], [-73.13915, -53.1876], [-73.08482, -53.1697], [-72.95638, -53.16059], [-72.94051, -53.16645], [-72.90608, -53.19541], [-72.87951, -53.19363], [-72.77611, -53.23309], [-72.75871, -53.23529], [-72.75237, -53.24212], [-72.75685, -53.25739], [-72.77603, -53.28314], [-72.75683, -53.29485], [-72.74523, -53.29363], [-72.73447, -53.28315], [-72.71955, -53.29258], [-72.71329, -53.2903], [-72.7245, -53.2667], [-72.6892, -53.24033], [-72.75437, -53.212], [-72.78208, -53.19158], [-72.79594, -53.17328], [-72.77819, -53.17304], [-72.72765, -53.1876], [-72.7379, -53.16953], [-72.76327, -53.14569], [-72.74815, -53.1391], [-72.65258, -53.15342], [-72.66071, -53.14178], [-72.70717, -53.12542], [-72.71398, -53.10556], [-72.72545, -53.10516], [-72.74133, -53.11857], [-72.78751, -53.11582], [-72.80338, -53.11858], [-72.84508, -53.15015], [-72.93373, -53.10475], [-72.93002, -53.08815], [-72.89102, -53.05682], [-72.87609, -53.03639], [-72.87849, -53.01678], [-72.90454, -53.0363], [-72.91323, -53.03727], [-72.92643, -53.02454], [-72.91723, -52.98944], [-72.94766, -52.92636], [-72.92398, -52.88641], [-72.93004, -52.87615], [-72.9686, -52.85125], [-72.97634, -52.83901], [-72.96036, -52.82496], [-72.87816, -52.81308], [-72.83401, -52.78706], [-72.76244, -52.76979], [-72.74446, -52.75742], [-72.70349, -52.70771], [-72.68195, -52.71252], [-72.65876, -52.7282], [-72.61158, -52.74188], [-72.61132, -52.77387], [-72.6975, -52.82708], [-72.72142, -52.85174], [-72.71483, -52.8694], [-72.6699, -52.84141], [-72.62755, -52.82293], [-72.5882, -52.79601], [-72.56317, -52.80389], [-72.59366, -52.8244], [-72.59585, -52.83424], [-72.57681, -52.83807], [-72.52594, -52.81073], [-72.49063, -52.80439], [-72.47434, -52.80637], [-72.46093, -52.84051], [-72.44701, -52.85491], [-72.43126, -52.85662], [-72.41979, -52.83807], [-72.42588, -52.8248], [-72.42005, -52.80829], [-72.39805, -52.78347], [-72.30394, -52.74651], [-72.286, -52.73187], [-72.26894, -52.70087], [-72.24742, -52.69461], [-72.1986, -52.69329], [-72.1796, -52.68035], [-72.17753, -52.65774], [-72.16087, -52.65213], [-72.11458, -52.65857], [-72.07766, -52.65363], [-72.06385, -52.65773], [-72.0429, -52.67433], [-72.01451, -52.67273], [-72.00037, -52.64611], [-71.98014, -52.64547], [-71.96431, -52.64962], [-71.94947, -52.66728], [-71.92031, -52.68162], [-71.85053, -52.69471], [-71.62944, -52.68378], [-71.59821, -52.67482], [-71.58499, -52.6604], [-71.51952, -52.65607], [-71.4781, -52.64614], [-71.49181, -52.61256], [-71.53484, -52.58038], [-71.57161, -52.56128], [-71.63111, -52.57439], [-71.68682, -52.56309], [-71.72913, -52.56193], [-71.75989, -52.5684], [-71.91121, -52.54197], [-71.97535, -52.56085], [-72.00283, -52.55145], [-72.0281, -52.55923], [-72.04776, -52.55741], [-72.09765, -52.51653], [-72.12483, -52.51328], [-72.2032, -52.52336], [-72.28156, -52.51385], [-72.30993, -52.51653], [-72.34557, -52.54046], [-72.37394, -52.58814], [-72.41853, -52.6067], [-72.43346, -52.61891], [-72.41515, -52.61256], [-72.39808, -52.61891], [-72.41927, -52.653], [-72.43162, -52.65097], [-72.46076, -52.63201], [-72.54912, -52.59156], [-72.54132, -52.57704], [-72.48716, -52.5389], [-72.46887, -52.53509], [-72.42662, -52.53639], [-72.40172, -52.53102], [-72.38769, -52.5193], [-72.38964, -52.50758], [-72.41267, -52.50221], [-72.45328, -52.51652], [-72.5017, -52.51653], [-72.54743, -52.53436], [-72.55908, -52.55266], [-72.56998, -52.55689], [-72.61244, -52.54712], [-72.63002, -52.53834], [-72.63207, -52.53021], [-72.65612, -52.52166], [-72.77909, -52.54382], [-72.7947, -52.54125], [-72.80956, -52.51653], [-72.85802, -52.50221], [-72.85737, -52.52993], [-72.88988, -52.58856], [-72.90453, -52.62965], [-72.98835, -52.70428], [-72.97265, -52.71705], [-72.93716, -52.69061], [-72.86432, -52.61192], [-72.84104, -52.59434], [-72.81921, -52.58654], [-72.79874, -52.61541], [-72.77343, -52.6242], [-72.68701, -52.63422], [-72.67404, -52.65274], [-72.71298, -52.69236], [-72.79085, -52.75269], [-72.84512, -52.75937], [-72.86042, -52.78883], [-72.88435, -52.79518], [-72.93993, -52.79705], [-73.01561, -52.84173], [-73.00739, -52.85589], [-72.96761, -52.87901], [-72.95361, -52.89333], [-72.96939, -52.90749], [-72.97252, -52.92474], [-72.96728, -52.95843], [-72.94738, -52.98577], [-72.9536, -53.02361], [-72.97958, -53.05478], [-72.9951, -53.06412], [-73.00202, -53.05438], [-73.01049, -53.05625], [-73.11629, -53.09693], [-73.13971, -53.0992], [-73.1634, -53.08815], [-73.18468, -53.06463], [-73.187, -53.05779], [-73.15868, -53.03631], [-73.15966, -53.02361], [-73.17667, -53.01523], [-73.1949, -53.03037], [-73.20816, -53.05316], [-73.21056, -53.06805], [-73.18269, -53.08408], [-73.18008, -53.09124], [-73.18726, -53.10246], [-73.19848, -53.1049], [-73.22132, -53.0992], [-73.25292, -53.08148], [-73.32725, -53.07146], [-73.35825, -53.05095], [-73.38622, -53.01678], [-73.42625, -53.01774], [-73.4368, -53.01325], [-73.45594, -52.98651], [-73.44395, -52.98204], [-73.40395, -52.98077], [-73.39235, -52.98207], [-73.36636, -52.99652], [-73.35143, -52.99578], [-73.37179, -52.96504], [-73.36627, -52.95673], [-73.32356, -52.95534], [-73.3209, -52.93744], [-73.31387, -52.93427], [-73.27836, -52.94396], [-73.24157, -52.9616], [-73.26205, -52.92744], [-73.22794, -52.93426], [-73.23264, -52.91375], [-73.22354, -52.90146], [-73.20474, -52.8969], [-73.21386, -52.88779], [-73.28872, -52.9021], [-73.30785, -52.87379], [-73.33569, -52.88453], [-73.35142, -52.88591], [-73.38264, -52.84482], [-73.40298, -52.83807], [-73.49236, -52.82554], [-73.54185, -52.81243], [-73.56369, -52.79705], [-73.54087, -52.78005], [-73.4945, -52.77533], [-73.45887, -52.78485], [-73.46813, -52.81072], [-73.44799, -52.80682], [-73.42462, -52.78241], [-73.4095, -52.77664], [-73.39624, -52.78265], [-73.38418, -52.80381], [-73.3545, -52.79238], [-73.34252, -52.7912], [-73.32486, -52.79754], [-73.29621, -52.78347], [-73.25377, -52.79119], [-73.23306, -52.79062], [-73.2211, -52.77663], [-73.24413, -52.77703], [-73.24901, -52.76287], [-73.26085, -52.754], [-73.28759, -52.76164], [-73.30304, -52.75554], [-73.31044, -52.74163], [-73.30662, -52.71544], [-73.28258, -52.72137], [-73.24938, -52.70387], [-73.22794, -52.6736], [-73.22598, -52.64935], [-73.16332, -52.643], [-73.1527, -52.63397], [-73.12213, -52.55007], [-73.04866, -52.55462], [-73.02302, -52.56406], [-73.00398, -52.55828], [-73.00886, -52.55006], [-73.01675, -52.54827], [-73.04979, -52.55006], [-73.11797, -52.5328], [-73.09162, -52.49383], [-73.06224, -52.4909], [-73.00886, -52.49603], [-72.92883, -52.51345], [-72.89928, -52.53021], [-72.88585, -52.52565], [-72.88736, -52.51531], [-72.90583, -52.49603], [-73.05578, -52.47145], [-73.10058, -52.48935], [-73.12263, -52.49284], [-73.14354, -52.48999], [-73.15964, -52.4817], [-73.19498, -52.42986], [-73.20059, -52.43743], [-73.19446, -52.47551], [-73.22818, -52.48235], [-73.23534, -52.49603], [-73.19653, -52.50092], [-73.1811, -52.51464], [-73.15968, -52.56373], [-73.20297, -52.60547], [-73.23884, -52.62005], [-73.25623, -52.66041], [-73.26892, -52.67359], [-73.29108, -52.67294], [-73.31829, -52.66289], [-73.33774, -52.64666], [-73.33436, -52.62884], [-73.30492, -52.60182], [-73.30846, -52.58465], [-73.33776, -52.59156], [-73.36244, -52.58806], [-73.37523, -52.5582], [-73.39362, -52.54412], [-73.40298, -52.54697], [-73.40697, -52.56439], [-73.38539, -52.60557], [-73.38623, -52.62574], [-73.39734, -52.63648], [-73.43712, -52.63201], [-73.4497, -52.63519], [-73.4576, -52.66333], [-73.47325, -52.66431], [-73.49352, -52.65635], [-73.5087, -52.65602], [-73.50912, -52.68034], [-73.53478, -52.6749], [-73.55793, -52.68532], [-73.5979, -52.72136], [-73.61636, -52.72096], [-73.6115, -52.7387], [-73.61645, -52.7491], [-73.65315, -52.7282], [-73.69952, -52.71453], [-73.69781, -52.70428], [-73.6707, -52.67995], [-73.65998, -52.67361], [-73.60827, -52.66269], [-73.58438, -52.65325], [-73.57055, -52.63201], [-73.64631, -52.64624], [-73.66957, -52.64323], [-73.68784, -52.59784], [-73.64444, -52.5844], [-73.63584, -52.56317], [-73.61148, -52.56374], [-73.60029, -52.55132], [-73.58398, -52.55121], [-73.57429, -52.5569], [-73.55338, -52.55104], [-73.55626, -52.53639], [-73.61923, -52.52044], [-73.58422, -52.50221], [-73.56525, -52.47878], [-73.55996, -52.47553], [-73.49486, -52.47552], [-73.5309, -52.45696], [-73.53016, -52.44427], [-73.51529, -52.42034], [-73.53295, -52.4153], [-73.56201, -52.44068], [-73.58113, -52.44833], [-73.6544, -52.43075], [-73.66615, -52.424], [-73.66025, -52.38389], [-73.64903, -52.37478], [-73.6289, -52.37201], [-73.60692, -52.38698], [-73.59789, -52.38616], [-73.58519, -52.36972], [-73.5842, -52.34832], [-73.56298, -52.32285], [-73.60452, -52.29698], [-73.61264, -52.27744], [-73.58422, -52.2348], [-73.58056, -52.20843], [-73.59138, -52.20045], [-73.63262, -52.19377], [-73.6433, -52.16367], [-73.68039, -52.14592], [-73.68834, -52.12233], [-73.74497, -52.06538], [-73.735, -52.02997], [-73.71589, -52.02061], [-73.69898, -52.02631], [-73.67701, -52.04307], [-73.61457, -52.14471], [-73.58138, -52.13439], [-73.55012, -52.18694], [-73.52888, -52.19557], [-73.46833, -52.16904], [-73.52274, -52.1391], [-73.49572, -52.13194], [-73.46297, -52.13837], [-73.43172, -52.15302], [-73.36197, -52.20794], [-73.33385, -52.21868], [-73.30305, -52.22177], [-73.2716, -52.21608], [-73.24283, -52.20208], [-73.22179, -52.17986], [-73.21369, -52.14951], [-73.21616, -52.1251], [-73.20408, -52.10809], [-73.19131, -52.10377], [-73.17342, -52.10712], [-73.14538, -52.12558], [-73.08656, -52.08232], [-73.05259, -52.06912], [-72.9978, -52.06488], [-72.98768, -52.06928], [-72.98097, -52.09806], [-72.98747, -52.143], [-72.99455, -52.15292], [-73.00349, -52.15422], [-73.0327, -52.14593], [-73.04088, -52.14886], [-73.08153, -52.21087], [-73.07925, -52.23707], [-73.06749, -52.23211], [-73.02744, -52.19297], [-73.01431, -52.18744], [-72.99454, -52.18696], [-72.922, -52.21397], [-72.91639, -52.22519], [-72.92211, -52.23846], [-72.91283, -52.24481], [-72.8859, -52.24831], [-72.86644, -52.25677], [-72.83483, -52.23398], [-72.82803, -52.20085], [-72.80956, -52.17018], [-72.80668, -52.14635], [-72.7543, -52.07513], [-72.75487, -52.05682], [-72.76838, -52.0512], [-72.84118, -52.10573], [-72.85058, -52.12558], [-72.85462, -52.17848], [-72.86857, -52.19719], [-72.88369, -52.19832], [-72.9077, -52.18992], [-72.94736, -52.16643], [-72.94099, -52.1513], [-72.94883, -52.12176], [-72.94017, -52.09564], [-72.95029, -52.06463], [-72.94742, -52.04996], [-72.93273, -52.0395], [-72.90233, -52.06406], [-72.89452, -52.05706], [-72.87474, -51.99961], [-72.86484, -51.95477], [-72.83492, -51.94214], [-72.80281, -51.93744], [-72.74132, -51.96844], [-72.6958, -51.98139], [-72.68668, -51.98838], [-72.68879, -52.00747], [-72.71508, -52.03729], [-72.70348, -52.06032], [-72.65878, -52.08458], [-72.64403, -52.10662], [-72.63207, -52.11191], [-72.62239, -52.09809], [-72.60141, -52.11192], [-72.57683, -52.14252], [-72.56851, -52.16432], [-72.53655, -52.19557], [-72.5359, -52.22177], [-72.5594, -52.24131], [-72.57422, -52.30918], [-72.5848, -52.32708], [-72.60173, -52.33928], [-72.6367, -52.34392], [-72.67903, -52.32301], [-72.69666, -52.34832], [-72.71477, -52.36301], [-72.74007, -52.37492], [-72.76537, -52.37786], [-72.78287, -52.36566], [-72.77522, -52.38257], [-72.78161, -52.38697], [-72.80338, -52.38616], [-72.8313, -52.4135], [-72.85216, -52.42523], [-72.87938, -52.43467], [-72.93375, -52.44085], [-72.93053, -52.44817], [-72.9217, -52.45322], [-72.88899, -52.45184], [-72.83943, -52.43743], [-72.79076, -52.42986], [-72.74595, -52.41172], [-72.72142, -52.40668], [-72.61465, -52.42034], [-72.58995, -52.42791], [-72.55142, -52.45355], [-72.52221, -52.44834], [-72.50569, -52.43369], [-72.52098, -52.42523], [-72.60631, -52.41709], [-72.63207, -52.40667], [-72.63754, -52.39764], [-72.61156, -52.38616], [-72.54578, -52.34127], [-72.49714, -52.31536], [-72.46695, -52.20428], [-72.47566, -52.18743], [-72.57974, -52.09694], [-72.60845, -52.08362], [-72.6488, -52.04884], [-72.65874, -52.03623], [-72.66965, -51.96104], [-72.64598, -51.94542], [-72.63208, -51.94737], [-72.61229, -51.97332], [-72.59797, -51.97527], [-72.58755, -51.96844], [-72.58241, -51.94549], [-72.57372, -51.94062], [-72.52904, -51.95477], [-72.50402, -51.95143], [-72.46898, -51.9293], [-72.45328, -51.91326], [-72.46642, -51.89642], [-72.49811, -51.87411], [-72.50791, -51.85857], [-72.50837, -51.83731], [-72.46695, -51.78973], [-72.49493, -51.76922], [-72.50984, -51.7282], [-72.52204, -51.71307], [-72.56321, -51.70272], [-72.62439, -51.66693], [-72.66967, -51.60817], [-72.68904, -51.59344], [-72.7377, -51.57464], [-72.76244, -51.57057], [-72.82754, -51.57056], [-72.86856, -51.54949], [-72.89928, -51.54897], [-72.92594, -51.54278], [-72.94738, -51.50848], [-72.96947, -51.49847], [-73.05354, -51.48748], [-73.06793, -51.47861], [-73.08438, -51.43564], [-73.07714, -51.41969], [-73.09097, -51.42083], [-73.13916, -51.44703], [-73.24547, -51.46502], [-73.26036, -51.47112], [-73.26765, -51.48056], [-73.26207, -51.49489], [-73.24559, -51.50661], [-73.22712, -51.50791], [-73.14062, -51.48757], [-73.10513, -51.50221], [-73.05434, -51.50262], [-73.04359, -51.5119], [-73.03889, -51.53533], [-73.05411, -51.55169], [-73.10611, -51.58392], [-73.11075, -51.59336], [-73.09826, -51.60475], [-73.02465, -51.56064], [-73.02184, -51.54266], [-73.00177, -51.5294], [-72.98917, -51.52664], [-72.94367, -51.56316], [-72.92297, -51.56749], [-72.85802, -51.59734], [-72.79382, -51.59613], [-72.77234, -51.60818], [-72.75812, -51.62326], [-72.70295, -51.69801], [-72.6355, -51.70722], [-72.61779, -51.72145], [-72.56296, -51.72474], [-72.55526, -51.72967], [-72.55155, -51.75731], [-72.56242, -51.77825], [-72.57805, -51.79599], [-72.64514, -51.8313], [-72.6997, -51.83131], [-72.7241, -51.83814], [-72.7379, -51.81707], [-72.78628, -51.8108], [-72.79979, -51.80265], [-72.82974, -51.768], [-72.85802, -51.76238], [-72.89931, -51.77604], [-72.90941, -51.75774], [-72.91796, -51.75742], [-72.97667, -51.76921], [-72.98835, -51.76238], [-72.98314, -51.73333], [-72.98835, -51.72145], [-73.0294, -51.71672], [-73.04882, -51.69687], [-73.07022, -51.69354], [-73.15106, -51.70294], [-73.17331, -51.69353], [-73.18469, -51.67025], [-73.18244, -51.63747], [-73.22842, -51.62908], [-73.24201, -51.6115], [-73.25524, -51.60475], [-73.28002, -51.60621], [-73.29621, -51.61834], [-73.23755, -51.6474], [-73.22796, -51.66676], [-73.23302, -51.69752], [-73.22448, -51.71087], [-73.19953, -51.72047], [-73.07006, -51.72455], [-73.0267, -51.74408], [-72.99457, -51.7897], [-73.02758, -51.77744], [-73.0668, -51.75506], [-73.10603, -51.74489], [-73.13915, -51.76922], [-73.11644, -51.77646], [-73.08422, -51.76133], [-73.06037, -51.76922], [-73.04922, -51.77793], [-73.0457, -51.7973], [-73.04981, -51.83131], [-73.08232, -51.85359], [-73.17414, -51.8598], [-73.20743, -51.87908], [-73.19042, -51.88738], [-73.16804, -51.88982], [-73.14566, -51.88616], [-73.11832, -51.87103], [-73.07714, -51.87225], [-73.00861, -51.83222], [-72.9724, -51.82172], [-72.9408, -51.82774], [-72.91944, -51.85857], [-72.93762, -51.86939], [-73.00202, -51.88535], [-73.06136, -51.9161], [-73.12682, -51.92848], [-73.14533, -51.94004], [-73.17333, -52.02256], [-73.17668, -52.08123], [-73.19445, -52.09075], [-73.2237, -52.09147], [-73.24192, -52.07903], [-73.2726, -52.03964], [-73.26822, -51.97194], [-73.30305, -51.89959], [-73.29528, -51.87168], [-73.29971, -51.83196], [-73.32677, -51.72698], [-73.3568, -51.67645], [-73.38622, -51.65252], [-73.38671, -51.67083], [-73.35827, -51.70721], [-73.3413, -51.7527], [-73.31146, -51.95753], [-73.30797, -52.02207], [-73.28501, -52.10472], [-73.2826, -52.14251], [-73.29285, -52.16569], [-73.31623, -52.1661], [-73.39439, -52.13445], [-73.41942, -52.10084], [-73.45186, -52.0942], [-73.53975, -52.05539], [-73.56328, -52.04014], [-73.58127, -52.0219], [-73.57291, -51.98366], [-73.61145, -51.93435], [-73.59313, -51.93402], [-73.57799, -51.92693], [-73.62223, -51.88146], [-73.64562, -51.84851], [-73.64971, -51.8279], [-73.62092, -51.8122], [-73.59929, -51.82269], [-73.56371, -51.86541], [-73.52729, -51.89498], [-73.51403, -51.93857], [-73.50422, -51.95013], [-73.46422, -51.96738], [-73.43643, -52.01523], [-73.39981, -52.01572], [-73.48178, -51.91327], [-73.4545, -51.90643], [-73.46117, -51.89568], [-73.48862, -51.88534], [-73.49303, -51.85491], [-73.51983, -51.84644], [-73.53061, -51.83473], [-73.53147, -51.81927], [-73.52278, -51.8034], [-73.57981, -51.76864], [-73.58916, -51.74961], [-73.53401, -51.73602], [-73.50349, -51.72275], [-73.47566, -51.70501], [-73.46068, -51.6867], [-73.48819, -51.68759], [-73.5501, -51.72144], [-73.55012, -51.68043], [-73.59167, -51.72144], [-73.61163, -51.71997], [-73.63573, -51.6867], [-73.65486, -51.68857], [-73.68375, -51.74188], [-73.68043, -51.76922], [-73.69946, -51.78524], [-73.71889, -51.7758], [-73.76232, -51.73504], [-73.76277, -51.7151], [-73.81198, -51.68857], [-73.80677, -51.66989], [-73.7863, -51.65991], [-73.73717, -51.65097], [-73.71459, -51.63885], [-73.73648, -51.63738], [-73.78417, -51.64495], [-73.81892, -51.62884], [-73.85143, -51.63257], [-73.88581, -51.6181], [-73.89963, -51.62497], [-73.90322, -51.60514], [-73.89121, -51.58669], [-73.86539, -51.57741], [-73.81696, -51.53655], [-73.88145, -51.53679], [-73.90923, -51.52694], [-73.92062, -51.49831], [-73.90632, -51.47877], [-73.92869, -51.43935], [-73.92829, -51.41522], [-73.9343, -51.40602], [-73.93409, -51.39919], [-73.89927, -51.37518], [-73.88036, -51.36793], [-73.86144, -51.39284], [-73.81405, -51.3922], [-73.78075, -51.43304], [-73.69934, -51.48032], [-73.65453, -51.56658], [-73.6306, -51.59612], [-73.62084, -51.62819], [-73.61189, -51.62542], [-73.60448, -51.61142], [-73.60473, -51.59108], [-73.63881, -51.53657], [-73.6046, -51.51295], [-73.60814, -51.50848], [-73.63915, -51.50936], [-73.65115, -51.50564], [-73.65998, -51.49489], [-73.65557, -51.46845], [-73.59968, -51.45127], [-73.59789, -51.43279], [-73.63793, -51.44647], [-73.66909, -51.43865], [-73.69206, -51.41464], [-73.72136, -51.34805], [-73.71768, -51.28851], [-73.74578, -51.26331], [-73.74812, -51.25189], [-73.78285, -51.23459], [-73.77954, -51.21534], [-73.75959, -51.19502], [-73.70466, -51.23821], [-73.70104, -51.26832], [-73.69408, -51.27581], [-73.68273, -51.27597], [-73.6926, -51.21453], [-73.68918, -51.20231], [-73.67357, -51.19378], [-73.67357, -51.18768], [-73.7049, -51.19059], [-73.72881, -51.17962], [-73.69408, -51.13926], [-73.70629, -51.13152], [-73.73501, -51.14543], [-73.76985, -51.1181], [-73.774, -51.12835], [-73.76232, -51.14544], [-73.76286, -51.16383], [-73.87939, -51.23788], [-73.89757, -51.23853], [-73.91396, -51.23153], [-73.97502, -51.18787], [-73.98205, -51.15228], [-74.00829, -51.11859], [-74.02331, -51.11102], [-74.0299, -51.12803], [-74.01702, -51.19085], [-74.02991, -51.20761], [-74.05402, -51.21232], [-74.12949, -51.18767], [-74.13596, -51.17693], [-74.13459, -51.09295], [-74.14977, -51.08002], [-74.15298, -51.06124], [-74.0984, -51.00183], [-74.07771, -50.98789], [-74.08682, -50.97389], [-74.07144, -50.96054], [-74.07144, -50.95371], [-74.10216, -50.96453], [-74.184, -51.03394], [-74.19665, -51.03768], [-74.23192, -51.0356], [-74.23935, -51.02792], [-74.24216, -50.97422], [-74.22452, -50.96575], [-74.22521, -50.95582], [-74.2564, -50.93938], [-74.23234, -50.90734], [-74.19554, -50.88503], [-74.15103, -50.87283], [-74.10497, -50.8712], [-73.95173, -50.89316], [-73.93297, -50.88641], [-73.92682, -50.86437], [-73.87427, -50.8891], [-73.85548, -50.9096], [-73.8579, -50.9332], [-73.80333, -50.96054], [-73.78966, -50.91953], [-73.81696, -50.87802], [-73.8579, -50.84442], [-73.87705, -50.84188], [-73.87969, -50.83416], [-73.86758, -50.82383], [-73.8546, -50.7973], [-73.82999, -50.79706], [-73.76163, -50.83001], [-73.74791, -50.82936], [-73.74185, -50.82049], [-73.74787, -50.81268], [-73.78964, -50.79657], [-73.76985, -50.74505], [-73.78255, -50.70015], [-73.78281, -50.68678], [-73.77293, -50.67067], [-73.73542, -50.6544], [-73.7001, -50.65032], [-73.66782, -50.6405], [-73.63671, -50.63992], [-73.59168, -50.65887], [-73.55321, -50.70721], [-73.53336, -50.70648], [-73.5296, -50.68679], [-73.51992, -50.67686], [-73.50866, -50.67278], [-73.47436, -50.67246], [-73.48713, -50.66009], [-73.55011, -50.65259], [-73.55997, -50.62835], [-73.56774, -50.62444], [-73.59821, -50.62467], [-73.63563, -50.6183], [-73.66867, -50.60262], [-73.72515, -50.55927], [-73.72793, -50.54783], [-73.70933, -50.52029], [-73.69782, -50.51483], [-73.65933, -50.51295], [-73.62515, -50.50115], [-73.607, -50.48349], [-73.56371, -50.40496], [-73.58755, -50.40342], [-73.65833, -50.48223], [-73.75939, -50.51572], [-73.77601, -50.57691], [-73.8002, -50.60068], [-73.79834, -50.64519], [-73.82551, -50.67946], [-73.81081, -50.74173], [-73.82263, -50.7579], [-73.87092, -50.78965], [-73.89802, -50.79241], [-73.92066, -50.81707], [-73.93742, -50.82716], [-73.98522, -50.83], [-74.04236, -50.82208], [-74.11237, -50.77821], [-74.12607, -50.76247], [-74.0572, -50.72772], [-74.06017, -50.71201], [-74.11864, -50.68678], [-74.11244, -50.71404], [-74.13411, -50.73299], [-74.14711, -50.72868], [-74.16706, -50.68678], [-74.23593, -50.60418], [-74.20263, -50.57204], [-74.19872, -50.55902], [-74.22167, -50.54274], [-74.25864, -50.53476], [-74.26623, -50.50612], [-74.29733, -50.48065], [-74.20801, -50.46365], [-74.19433, -50.49538], [-74.16039, -50.5407], [-74.14135, -50.57977], [-74.12609, -50.59051], [-74.1079, -50.58782], [-74.11579, -50.56943], [-74.1459, -50.5359], [-74.12609, -50.51483], [-74.14857, -50.50607], [-74.15679, -50.49358], [-74.1498, -50.4831], [-74.12582, -50.48076], [-74.10767, -50.48838], [-74.07128, -50.51621], [-74.05346, -50.52223], [-73.89729, -50.54909], [-73.87971, -50.54274], [-73.90709, -50.53004], [-73.97509, -50.51149], [-74.00568, -50.50855], [-74.01649, -50.50269], [-74.01809, -50.47448], [-74.00918, -50.45534], [-74.015, -50.44915], [-74.02465, -50.44671], [-74.05721, -50.46704], [-74.07335, -50.4694], [-74.12874, -50.42314], [-74.08666, -50.41082], [-74.06438, -50.37984], [-74.01623, -50.36395], [-74.06725, -50.35459], [-74.08385, -50.35719], [-74.09069, -50.38445], [-74.18097, -50.41231], [-74.22875, -50.40545], [-74.25256, -50.44051], [-74.28766, -50.42635], [-74.31785, -50.39934], [-74.32123, -50.38468], [-74.2897, -50.3402], [-74.26293, -50.31707], [-74.27695, -50.3025], [-74.26985, -50.28069], [-74.2827, -50.26491], [-74.3011, -50.25856], [-74.31041, -50.26531], [-74.31482, -50.28435], [-74.33397, -50.31178], [-74.35486, -50.35954], [-74.39379, -50.36589], [-74.43931, -50.3571], [-74.47547, -50.34417], [-74.45442, -50.32985], [-74.46788, -50.32431], [-74.50962, -50.323], [-74.53618, -50.29651], [-74.48176, -50.24863], [-74.4969, -50.24928], [-74.52156, -50.26084], [-74.53636, -50.26148], [-74.54912, -50.25449], [-74.5233, -50.22064], [-74.59252, -50.24032], [-74.61887, -50.23495], [-74.60839, -50.21461], [-74.59162, -50.20078], [-74.59846, -50.19329], [-74.62385, -50.20623], [-74.65567, -50.21444], [-74.68311, -50.20919], [-74.69463, -50.18304], [-74.6913, -50.16856], [-74.62795, -50.11481], [-74.55715, -50.09717], [-74.53675, -50.10118], [-74.53014, -50.13128], [-74.51871, -50.13437], [-74.50438, -50.13193], [-74.49519, -50.12469], [-74.50791, -50.09433], [-74.49543, -50.07661], [-74.46182, -50.0971], [-74.46866, -50.0971], [-74.46032, -50.0984], [-74.34765, -50.08612], [-74.33578, -50.09011], [-74.32551, -50.11224], [-74.28993, -50.13128], [-74.3247, -50.17278], [-74.30224, -50.1653], [-74.27698, -50.16531], [-74.2626, -50.17962], [-74.22517, -50.19691], [-74.20915, -50.21071], [-74.20297, -50.22772], [-74.21492, -50.24863], [-74.19441, -50.2597], [-74.17736, -50.25319], [-74.14589, -50.22748], [-74.12145, -50.22309], [-74.09613, -50.22793], [-73.95857, -50.28777], [-73.906, -50.29811], [-73.8579, -50.28948], [-73.87678, -50.27451], [-73.97524, -50.25481], [-73.99891, -50.24192], [-74.0213, -50.22478], [-74.02548, -50.21234], [-73.99572, -50.2138], [-74.00609, -50.20192], [-74.06432, -50.20695], [-74.09069, -50.19329], [-74.11376, -50.19938], [-74.15877, -50.2023], [-74.17497, -50.19834], [-74.20468, -50.176], [-74.21492, -50.13877], [-74.23883, -50.09775], [-74.24218, -50.08001], [-74.25103, -50.08087], [-74.30043, -50.05925], [-74.34666, -50.01523], [-74.36472, -49.99052], [-74.3588, -49.97357], [-74.36484, -49.95111], [-74.34942, -49.93532], [-74.32844, -49.92752], [-74.31787, -49.9293], [-74.31265, -49.94964], [-74.29971, -49.94866], [-74.26604, -49.93261], [-74.22815, -49.94053], [-74.19839, -49.96004], [-74.14965, -50.01141], [-74.13948, -50.01588], [-74.11241, -50.00157], [-74.07772, -50.01524], [-74.06298, -50.03167], [-74.04894, -50.03704], [-73.95417, -50.02606], [-73.93435, -50.0289], [-73.91956, -50.04071], [-73.90368, -50.06943], [-73.88589, -50.07659], [-73.88903, -50.03558], [-73.89794, -50.01849], [-73.9132, -50.00774], [-73.94591, -50.01767], [-73.9837, -50.01083], [-74.00766, -49.99139], [-73.99914, -49.96331], [-73.95986, -49.93043], [-73.95103, -49.92589], [-73.91381, -49.92604], [-73.87971, -49.91904], [-73.90416, -49.9157], [-73.91013, -49.90162], [-73.90636, -49.85687], [-73.94734, -49.90536], [-73.98957, -49.90537], [-73.99572, -49.93939], [-74.01472, -49.95957], [-74.03596, -49.96476], [-74.11045, -49.95468], [-74.1459, -49.91155], [-74.18855, -49.89813], [-74.28892, -49.89348], [-74.32468, -49.87118], [-74.34233, -49.8298], [-74.34824, -49.79209], [-74.33576, -49.78705], [-74.29735, -49.79551], [-74.24722, -49.76337], [-74.19713, -49.74897], [-74.09317, -49.74822], [-74.07144, -49.74147], [-74.07529, -49.72821], [-74.06404, -49.71356], [-74.09887, -49.71258], [-74.16698, -49.71885], [-74.20165, -49.72844], [-74.24893, -49.72772], [-74.27893, -49.74089], [-74.2899, -49.74146], [-74.31633, -49.71928], [-74.32675, -49.67718], [-74.32223, -49.6325], [-74.30356, -49.6037], [-74.26232, -49.58709], [-74.23387, -49.56602], [-74.14696, -49.55584], [-74.07886, -49.53694], [-74.05383, -49.53933], [-74.03297, -49.55243], [-74.02855, -49.56902], [-74.03515, -49.60573], [-74.02302, -49.61785], [-73.99912, -49.55927], [-73.98351, -49.55292], [-73.96183, -49.55349], [-73.94076, -49.55968], [-73.92706, -49.56935], [-73.93391, -49.5827], [-73.91838, -49.60028], [-73.90136, -49.65], [-73.89269, -49.6583], [-73.80884, -49.68842], [-73.7965, -49.7029], [-73.75554, -49.72772], [-73.73958, -49.74505], [-73.72785, -49.78167], [-73.71198, -49.76556], [-73.68786, -49.72031], [-73.73473, -49.70687], [-73.75182, -49.68279], [-73.77269, -49.66855], [-73.83739, -49.6583], [-73.85477, -49.65101], [-73.87873, -49.58836], [-73.87971, -49.5285], [-73.91527, -49.51051], [-74.07732, -49.50118], [-74.09124, -49.49704], [-74.10967, -49.48357], [-74.10778, -49.43719], [-74.12351, -49.42262], [-74.09069, -49.32236], [-74.08384, -49.27809], [-74.07444, -49.26166], [-74.0524, -49.25857], [-74.02747, -49.26459], [-74.00878, -49.27467], [-73.96353, -49.32977], [-73.92736, -49.33799], [-73.89953, -49.34979], [-73.84488, -49.34979], [-73.84488, -49.34352], [-73.92455, -49.32122], [-73.94733, -49.30876], [-73.9851, -49.27337], [-74.00242, -49.2492], [-74.00876, -49.22625], [-73.98204, -49.18662], [-73.97973, -49.16424], [-74.00255, -49.11696], [-74.04353, -49.08294], [-73.9776, -49.03737], [-73.94225, -49.02353], [-73.89953, -49.02826], [-73.85473, -49.05706], [-73.83739, -49.05625], [-73.82185, -49.04225], [-73.83288, -49.03216], [-73.88923, -49.00742], [-73.91275, -49.00726], [-74.03059, -49.02287], [-74.05748, -49.01247], [-74.06404, -49.04192], [-74.04353, -49.07977], [-74.05309, -49.13112], [-74.03606, -49.14495], [-74.07878, -49.19866], [-74.10645, -49.22128], [-74.13288, -49.22624], [-74.16706, -49.19964], [-74.18668, -49.20273], [-74.19286, -49.20819], [-74.19066, -49.2164], [-74.16344, -49.23008], [-74.15978, -49.23669], [-74.14592, -49.26784], [-74.15396, -49.28509], [-74.14592, -49.30202], [-74.15673, -49.32586], [-74.16297, -49.36728], [-74.1813, -49.39471], [-74.19473, -49.46999], [-74.18751, -49.48756], [-74.21493, -49.52312], [-74.24111, -49.52791], [-74.27026, -49.51009], [-74.30721, -49.47673], [-74.33715, -49.43499], [-74.35196, -49.42547], [-74.39487, -49.41317], [-74.42274, -49.3847], [-74.42413, -49.37119], [-74.39468, -49.33318], [-74.39354, -49.31748], [-74.4127, -49.21885], [-74.40403, -49.19354], [-74.3719, -49.18662], [-74.40125, -49.15764], [-74.41086, -49.14056], [-74.41339, -49.11671], [-74.39977, -49.07977], [-74.40551, -49.0678], [-74.41836, -49.07041], [-74.44079, -49.09041], [-74.46264, -49.06634], [-74.46864, -49.03167], [-74.46132, -49.01972], [-74.41344, -49.00091], [-74.40315, -48.98724], [-74.40054, -48.97479], [-74.42246, -48.935], [-74.40632, -48.92881], [-74.36563, -48.93206], [-74.38052, -48.92108], [-74.42685, -48.90485], [-74.43463, -48.89568], [-74.43564, -48.87421], [-74.42028, -48.8707], [-74.42028, -48.86321], [-74.44594, -48.85149], [-74.45346, -48.83099], [-74.44789, -48.8078], [-74.43455, -48.78802], [-74.39977, -48.76084], [-74.38263, -48.72764], [-74.3719, -48.71919], [-74.33483, -48.75506], [-74.33837, -48.74034], [-74.30687, -48.74993], [-74.20055, -48.71917], [-74.11864, -48.72666], [-74.07575, -48.74358], [-74.0572, -48.74033], [-74.0572, -48.73284], [-74.08922, -48.71722], [-74.12816, -48.70721], [-74.16934, -48.7033], [-74.208, -48.70615], [-74.27278, -48.72503], [-74.30622, -48.72771], [-74.3309, -48.71298], [-74.31281, -48.69753], [-74.28991, -48.69248], [-74.29796, -48.68288], [-74.31469, -48.67506], [-74.31786, -48.66448], [-74.32921, -48.6781], [-74.34716, -48.68473], [-74.36432, -48.6823], [-74.37188, -48.66806], [-74.3719, -48.63104], [-74.37906, -48.62461], [-74.39622, -48.62077], [-74.39976, -48.61053], [-74.39195, -48.59889], [-74.32798, -48.54902], [-74.30844, -48.54136], [-74.27009, -48.53484], [-74.28326, -48.52353], [-74.27036, -48.51093], [-74.21627, -48.47978], [-74.19713, -48.47333], [-74.16576, -48.49066], [-74.13688, -48.50019], [-74.08385, -48.54168], [-74.04375, -48.55522], [-74.02302, -48.58945], [-73.99348, -48.59726], [-73.97541, -48.58408], [-73.97183, -48.56504], [-73.98575, -48.55535], [-74.00987, -48.54908], [-74.02061, -48.53362], [-74.02854, -48.44802], [-74.01984, -48.43842], [-73.89269, -48.41131], [-73.90368, -48.39959], [-73.93529, -48.39569], [-73.99552, -48.41415], [-74.02989, -48.4113], [-74.0572, -48.3908], [-74.09068, -48.39079], [-74.10927, -48.38566], [-74.13907, -48.36346], [-74.15494, -48.35784], [-74.23789, -48.35076], [-74.22167, -48.33563], [-74.20556, -48.33066], [-74.15339, -48.32936], [-74.08385, -48.31569], [-74.10717, -48.30609], [-74.13561, -48.3034], [-74.18749, -48.30885], [-74.27008, -48.33562], [-74.27862, -48.32684], [-74.2626, -48.30145], [-74.26716, -48.28134], [-74.31968, -48.23105], [-74.31786, -48.21209], [-74.39826, -48.19931], [-74.44249, -48.18239], [-74.50177, -48.10564], [-74.51206, -48.08994], [-74.46866, -48.05576], [-74.47328, -48.0407], [-74.46866, -48.02776], [-74.47493, -48.02924], [-74.42855, -47.97992], [-74.4154, -47.98366], [-74.38557, -48.00791], [-74.34455, -48.02093], [-74.3087, -48.07171], [-74.29674, -48.12868], [-74.27648, -48.1845], [-74.27237, -48.18816], [-74.25268, -48.18533], [-74.24585, -48.18825], [-74.22692, -48.22869], [-74.20564, -48.23105], [-74.17199, -48.2186], [-74.18505, -48.21893], [-74.19602, -48.21347], [-74.20092, -48.19297], [-74.21824, -48.18173], [-74.23449, -48.15941], [-74.23386, -48.14642], [-74.22256, -48.14284], [-74.22167, -48.1369], [-74.2259, -48.13161], [-74.24217, -48.13013], [-74.25762, -48.11394], [-74.2626, -48.09287], [-74.32787, -48.01523], [-74.3309, -48.00043], [-74.30997, -47.99041], [-74.24535, -47.99969], [-74.20417, -47.98993], [-74.06062, -48.00043], [-74.04957, -48.0058], [-74.04149, -48.02923], [-74.03295, -48.03444], [-74.01561, -48.02647], [-74.00256, -48.02778], [-73.96158, -48.04811], [-73.89111, -48.02224], [-73.87645, -48.03883], [-73.85792, -48.04193], [-73.86017, -48.05362], [-73.88288, -48.0866], [-73.87971, -48.09596], [-73.86685, -48.09238], [-73.82163, -48.05691], [-73.79027, -48.04437], [-73.78058, -48.02924], [-73.76985, -48.02778], [-73.75891, -48.04128], [-73.76234, -48.06243], [-73.80419, -48.10809], [-73.79308, -48.1159], [-73.76207, -48.0875], [-73.74812, -48.08173], [-73.70153, -48.1028], [-73.63623, -48.1129], [-73.60132, -48.13015], [-73.59172, -48.14072], [-73.59139, -48.16465], [-73.60473, -48.20582], [-73.58734, -48.21228], [-73.55626, -48.24684], [-73.52945, -48.19883], [-73.5163, -48.1856], [-73.48639, -48.17255], [-73.46752, -48.17108], [-73.43359, -48.1767], [-73.35143, -48.2195], [-73.34924, -48.1917], [-73.34106, -48.18194], [-73.31583, -48.17376], [-73.27668, -48.13836], [-73.28181, -48.07928], [-73.29003, -48.06243], [-73.29459, -48.12705], [-73.37483, -48.16252], [-73.40029, -48.16203], [-73.43546, -48.13991], [-73.48179, -48.1233], [-73.5122, -48.08978], [-73.5309, -48.08366], [-73.59165, -48.04192], [-73.58096, -48.01287], [-73.64219, -47.98357], [-73.64719, -47.97373], [-73.63264, -47.96624], [-73.63264, -47.95941], [-73.64581, -47.9511], [-73.65524, -47.9323], [-73.65854, -47.9118], [-73.65313, -47.89805], [-73.64239, -47.89664], [-73.57561, -47.90985], [-73.54015, -47.96282], [-73.50707, -47.97796], [-73.4261, -47.98838], [-73.34471, -47.97894], [-73.31461, -47.98008], [-73.27318, -48.00115], [-73.24596, -48.00726], [-73.22785, -48.00408], [-73.23534, -47.98675], [-73.25731, -47.9765], [-73.31355, -47.97194], [-73.35558, -47.95566], [-73.44083, -47.96623], [-73.4813, -47.96306], [-73.52618, -47.93206], [-73.5091, -47.89804], [-73.51684, -47.87851], [-73.53702, -47.87005], [-73.54094, -47.8842], [-73.5498, -47.89022], [-73.56121, -47.88865], [-73.61899, -47.86386], [-73.61301, -47.84841], [-73.5931, -47.83114], [-73.55012, -47.80804], [-73.57824, -47.79974], [-73.67357, -47.79436], [-73.69838, -47.78589], [-73.70969, -47.77605], [-73.73191, -47.74309], [-73.74094, -47.70306], [-73.6691, -47.64707], [-73.66617, -47.61631], [-73.70152, -47.6298], [-73.70839, -47.60947], [-73.70278, -47.5932], [-73.67357, -47.56846], [-73.69286, -47.55478], [-73.71478, -47.56145], [-73.72794, -47.54656], [-73.72143, -47.52744], [-73.73632, -47.53533], [-73.75497, -47.57577], [-73.77599, -47.58896], [-73.77599, -47.5958], [-73.73096, -47.62372], [-73.74325, -47.65838], [-73.77526, -47.69769], [-73.78966, -47.73968], [-73.76994, -47.77057], [-73.77295, -47.77947], [-73.80188, -47.80705], [-73.87971, -47.8222], [-73.9237, -47.8427], [-73.9957, -47.83534], [-74.02301, -47.82854], [-74.03521, -47.82125], [-74.06774, -47.77077], [-74.1975, -47.78923], [-74.22166, -47.78817], [-74.26415, -47.77304], [-74.29137, -47.76816], [-74.31799, -47.78972], [-74.35103, -47.78842], [-74.40488, -47.76719], [-74.34386, -47.76051], [-74.33837, -47.754], [-74.35497, -47.7444], [-74.43215, -47.75421], [-74.4407, -47.75013], [-74.51444, -47.70269], [-74.57282, -47.64687], [-74.59588, -47.61616], [-74.61521, -47.58225], [-74.61212, -47.56846], [-74.55671, -47.55008], [-74.53328, -47.54796], [-74.52234, -47.56032], [-74.52066, -47.6032], [-74.50284, -47.5958], [-74.48175, -47.55479], [-74.47118, -47.55056], [-74.43766, -47.55479], [-74.41993, -47.56342], [-74.41218, -47.60361], [-74.39977, -47.61631], [-74.39354, -47.59319]], [[-66.06207, -44.55942], [-66.06971, -44.55404], [-66.21534, -44.58981], [-66.2942, -44.6004], [-66.2944, -44.59682], [-66.15978, -44.54708], [-66.15581, -44.53685], [-66.1682, -44.53104], [-66.2569, -44.53432], [-66.35387, -44.54872], [-66.37666, -44.55592], [-66.41571, -44.5805], [-66.46075, -44.62017], [-66.51888, -44.68034], [-66.52772, -44.69639], [-66.51687, -44.70296], [-66.48997, -44.69809], [-66.40523, -44.66419], [-66.36037, -44.65173], [-66.27808, -44.63769], [-66.20465, -44.67389], [-66.16836, -44.69784], [-66.11864, -44.74044], [-66.10788, -44.74397], [-66.08499, -44.73764], [-65.9926, -44.68518], [-65.98851, -44.67828], [-66.03782, -44.61194], [-66.06207, -44.55942]], [[-73.18133, -47.41566], [-73.15435, -47.40279], [-73.15069, -47.39295], [-73.19863, -47.30625], [-73.31327, -47.28093], [-73.32001, -47.28604], [-73.31893, -47.29365], [-73.24087, -47.36024], [-73.19542, -47.41324], [-73.18133, -47.41566]]], [[[-58.334, -34.17094], [-58.34327, -34.14809], [-58.33842, -34.13558], [-58.30854, -34.18999], [-58.28777, -34.20271], [-58.28237, -34.23631], [-58.28735, -34.26232], [-58.29852, -34.23716], [-58.3108, -34.22921], [-58.32714, -34.24947], [-58.3356, -34.24236], [-58.34495, -34.22581], [-58.32863, -34.20598], [-58.334, -34.17094]]]]}}]}