{"type": "FeatureCollection", "features": [{"type": "Feature", "properties": {"map_title": "제1차 세계 대전의 전개", "source": "미래엔 세계사 교과서 4권 181쪽", "volume": 4, "page": 181, "legend": "동맹국", "name": "독일", "name_en": "Germany", "period": "1914–1918", "kind": "국가", "alliance": "동맹국", "coast_snap": "Natural Earth 10m 해안선에 맞춤", "border_snap": "현대 국경(Natural Earth 10m)에 맞춘 구간 약 2366 km", "group": "독일", "map_folder": "4권_p181_제1차 세계 대전의 전개"}, "geometry": {"type": "MultiPolygon", "coordinates": [[[[6.60602, 53.54775], [6.5857, 53.53336], [6.57051, 53.53812], [6.58329, 53.54794], [6.60602, 53.54775]]], [[[6.44119, 53.55662], [6.45509, 53.55808], [6.50976, 53.5437], [6.49609, 53.53627], [6.46032, 53.54351], [6.44306, 53.55], [6.44119, 53.55662]]], [[[6.66336, 53.58735], [6.65954, 53.5991], [6.74693, 53.61828], [6.78467, 53.62005], [6.79808, 53.60445], [6.72242, 53.59077], [6.72242, 53.58462], [6.74218, 53.57835], [6.75649, 53.56291], [6.72609, 53.57713], [6.69508, 53.57031], [6.67711, 53.57564], [6.66336, 53.58735]]], [[[6.867, 53.64736], [6.89519, 53.65142], [6.92178, 53.64195], [6.89372, 53.62321], [6.86599, 53.63378], [6.867, 53.64736]]], [[[6.87387, 53.67277], [6.91082, 53.68365], [7.04664, 53.69413], [7.08539, 53.687], [6.87387, 53.67277]]], [[[7.29574, 53.71101], [7.17397, 53.70143], [7.13319, 53.70808], [7.17897, 53.72406], [7.23257, 53.7294], [7.34619, 53.72796], [7.34669, 53.72323], [7.29574, 53.71101]]], [[[8.17481, 53.737], [8.19593, 53.72798], [8.17172, 53.72557], [8.15089, 53.71431], [8.13071, 53.71845], [8.12014, 53.71432], [8.13267, 53.73403], [8.15271, 53.73913], [8.17481, 53.737]]], [[[7.42261, 53.73419], [7.43554, 53.72797], [7.42124, 53.72115], [7.3666, 53.72798], [7.39135, 53.73561], [7.42261, 53.73419]]], [[[7.60661, 53.76259], [7.6267, 53.75527], [7.62719, 53.75093], [7.5477, 53.75043], [7.51393, 53.74551], [7.51123, 53.72798], [7.48195, 53.72713], [7.47301, 53.73188], [7.46959, 53.74535], [7.48122, 53.75927], [7.60661, 53.76259]]], [[[7.72793, 53.78652], [7.81282, 53.78314], [7.81282, 53.77636], [7.7986, 53.77635], [7.74821, 53.76095], [7.7195, 53.75992], [7.695, 53.76952], [7.67709, 53.75781], [7.66092, 53.76211], [7.6863, 53.78098], [7.72793, 53.78652]]], [[[7.87378, 53.77637], [7.85452, 53.78458], [7.85891, 53.79091], [7.91407, 53.79534], [7.9555, 53.78292], [7.87525, 53.7884], [7.87378, 53.77637]]], [[[8.68295, 54.06611], [8.69286, 54.05679], [8.68612, 54.04224], [8.67345, 54.04471], [8.66273, 54.05375], [8.65889, 54.06428], [8.66596, 54.07603], [8.68196, 54.08042], [8.68295, 54.06611]]], [[[8.69889, 54.55857], [8.69287, 54.52326], [8.66976, 54.50191], [8.64128, 54.49239], [8.61853, 54.49277], [8.5959, 54.51366], [8.60208, 54.52976], [8.63484, 54.54271], [8.69889, 54.55857]]], [[[8.36035, 54.71482], [8.36043, 54.70985], [8.33237, 54.69379], [8.38233, 54.63915], [8.40135, 54.63296], [8.35369, 54.61898], [8.33027, 54.63142], [8.29154, 54.66706], [8.3384, 54.71014], [8.36035, 54.71482]]], [[[8.45282, 54.69384], [8.39457, 54.71483], [8.43679, 54.74847], [8.46413, 54.75478], [8.55323, 54.75445], [8.57592, 54.7464], [8.59374, 54.72167], [8.56576, 54.68757], [8.53517, 54.68619], [8.51124, 54.69379], [8.4852, 54.68807], [8.45282, 54.69384]]], [[[8.37373, 55.03497], [8.41579, 55.06532], [8.46333, 55.05069], [8.40235, 55.04877], [8.39454, 55.04385], [8.42221, 55.04218], [8.43041, 55.03001], [8.42154, 55.01627], [8.38087, 55.00308], [8.36199, 54.9868], [8.35157, 54.96674], [8.36035, 54.94819], [8.3545, 54.91275], [8.38836, 54.89423], [8.43653, 54.88727], [8.65447, 54.89362], [8.6294, 54.88216], [8.5044, 54.88618], [8.44569, 54.86628], [8.37713, 54.86629], [8.36199, 54.87694], [8.34392, 54.8791], [8.30201, 54.86262], [8.29493, 54.83153], [8.29579, 54.75938], [8.28444, 54.74239], [8.27703, 54.7826], [8.28868, 54.89151], [8.37373, 55.03497]]], [[[6.09919, 51.64447], [6.0315, 51.663], [6.00855, 51.68119], [6.02199, 51.70951], [6.01207, 51.71586], [5.97827, 51.72979], [5.93931, 51.73188], [5.94013, 51.74263], [5.96235, 51.75635], [5.96411, 51.77656], [5.95078, 51.79591], [5.92804, 51.80674], [5.93145, 51.81565], [5.69368, 51.99137], [5.67913, 52.00668], [5.85988, 52.09971], [6.08594, 52.06958], [6.46984, 52.15179], [6.57167, 52.23307], [6.56507, 52.23963], [6.43608, 52.29069], [6.71481, 52.46155], [6.69507, 52.47561], [6.68898, 52.49052], [6.68401, 52.52599], [6.67172, 52.54168], [6.68825, 52.54258], [6.74375, 52.55971], [6.70396, 52.58307], [6.70365, 52.59139], [6.71016, 52.60865], [6.70261, 52.61948], [6.49345, 52.81318], [6.50033, 52.84714], [6.82889, 52.85214], [6.83858, 52.85837], [6.86564, 52.92611], [6.73589, 52.97375], [6.66175, 53.01138], [6.59572, 53.0363], [6.53985, 53.06383], [6.46742, 53.05273], [6.45368, 53.1272], [6.45988, 53.18124], [6.40335, 53.25349], [6.37179, 53.31514], [6.36063, 53.35553], [6.35737, 53.41473], [6.49487, 53.43875], [6.72984, 53.4606], [6.82911, 53.45058], [6.86685, 53.43427], [6.90056, 53.35179], [6.93001, 53.34007], [6.94858, 53.32608], [7.02003, 53.30614], [7.03777, 53.30963], [7.05828, 53.30195], [7.08544, 53.30963], [7.08544, 53.30281], [7.0735, 53.29564], [7.08074, 53.26679], [7.1111, 53.25633], [7.19459, 53.24502], [7.21583, 53.2556], [7.23357, 53.27363], [7.23699, 53.28555], [7.22952, 53.29657], [7.25477, 53.31954], [7.29151, 53.32392], [7.36655, 53.3028], [7.34254, 53.32404], [7.30291, 53.33275], [7.07521, 53.3376], [7.03827, 53.34859], [7.02363, 53.37641], [7.0233, 53.45051], [7.05146, 53.5126], [7.05975, 53.5217], [7.11964, 53.5163], [7.14178, 53.53718], [7.13999, 53.54979], [7.13111, 53.55695], [7.08889, 53.57372], [7.08678, 53.58686], [7.10094, 53.59788], [7.13315, 53.61127], [7.2261, 53.66648], [7.30503, 53.68479], [7.45883, 53.69512], [7.48024, 53.68203], [7.50392, 53.67866], [7.65162, 53.69699], [7.95143, 53.7219], [8.03141, 53.70807], [8.02491, 53.67255], [8.05291, 53.6363], [8.09409, 53.60472], [8.1276, 53.59076], [8.11915, 53.57193], [8.15674, 53.56366], [8.16796, 53.55321], [8.16487, 53.53523], [8.15516, 53.5259], [8.11573, 53.51074], [8.07634, 53.50861], [8.05877, 53.50202], [8.08619, 53.45612], [8.09978, 53.44741], [8.12387, 53.454], [8.15234, 53.44977], [8.18668, 53.4295], [8.20533, 53.41071], [8.2365, 53.40672], [8.25945, 53.4123], [8.29282, 53.4405], [8.31511, 53.47492], [8.32049, 53.50922], [8.29151, 53.52936], [8.25221, 53.52311], [8.23123, 53.52522], [8.24889, 53.59027], [8.27069, 53.61285], [8.32969, 53.61802], [8.34847, 53.61285], [8.38771, 53.57714], [8.42807, 53.56477], [8.51343, 53.55475], [8.55209, 53.54361], [8.55209, 53.5362], [8.5062, 53.50796], [8.49, 53.4864], [8.48504, 53.40119], [8.4909, 53.37645], [8.50441, 53.35806], [8.49757, 53.47476], [8.51287, 53.49649], [8.55665, 53.51822], [8.56577, 53.5467], [8.50846, 53.6249], [8.4871, 53.66694], [8.48611, 53.70042], [8.57327, 53.85765], [8.60712, 53.88153], [8.65187, 53.89247], [8.68457, 53.88848], [8.74464, 53.85415], [8.78248, 53.84248], [8.86069, 53.831], [8.90357, 53.83173], [8.97625, 53.84242], [9.01629, 53.84052], [9.03502, 53.85357], [9.11452, 53.86513], [9.19361, 53.86469], [9.2107, 53.87196], [9.22429, 53.86591], [9.27467, 53.86514], [9.30535, 53.84455], [9.40268, 53.74242], [9.48469, 53.69009], [9.49838, 53.65986], [9.56707, 53.5996], [9.60092, 53.58633], [9.63722, 53.581], [9.69662, 53.55663], [9.81902, 53.54035], [9.83204, 53.54361], [9.81959, 53.55663], [9.78207, 53.56973], [9.69239, 53.57591], [9.65577, 53.58462], [9.58367, 53.61245], [9.55079, 53.63459], [9.53224, 53.71117], [9.46023, 53.73543], [9.43582, 53.74869], [9.41237, 53.77892], [9.39668, 53.81102], [9.39519, 53.831], [9.35875, 53.83956], [9.29558, 53.87189], [9.25782, 53.88557], [9.22047, 53.89077], [9.09344, 53.89249], [9.02996, 53.90713], [9.00782, 53.8925], [8.98503, 53.89696], [8.94949, 53.91292], [8.91605, 53.93741], [8.83337, 54.03644], [8.87184, 54.04693], [8.89063, 54.04779], [8.97535, 54.02408], [8.99724, 54.03022], [9.01303, 54.06098], [9.01832, 54.09789], [8.97448, 54.12808], [8.97731, 54.1457], [8.95289, 54.15009], [8.91798, 54.14631], [8.8607, 54.1252], [8.81285, 54.18049], [8.84669, 54.23355], [8.83963, 54.25556], [8.92205, 54.27424], [8.96314, 54.31761], [8.94028, 54.31501], [8.90259, 54.29585], [8.88114, 54.29029], [8.88795, 54.30394], [8.77504, 54.2903], [8.73894, 54.29389], [8.67848, 54.2692], [8.65188, 54.27486], [8.62369, 54.28994], [8.60273, 54.31208], [8.59988, 54.33808], [8.61403, 54.34837], [8.64137, 54.35566], [8.69557, 54.35859], [8.69557, 54.36542], [8.65065, 54.378], [8.63479, 54.36543], [8.62625, 54.37641], [8.6291, 54.38744], [8.64845, 54.40639], [8.66977, 54.40082], [8.75083, 54.4138], [8.86069, 54.4138], [8.88608, 54.41779], [8.94948, 54.44733], [9.00473, 54.46589], [9.01149, 54.48212], [9.01157, 54.50633], [8.9861, 54.52928], [8.90448, 54.58064], [8.88795, 54.60187], [8.87875, 54.60651], [8.85816, 54.60615], [8.82568, 54.59833], [8.81904, 54.60561], [8.85328, 54.61929], [8.80543, 54.68757], [8.72267, 54.72553], [8.68875, 54.7353], [8.69435, 54.76024], [8.64847, 54.81786], [8.64278, 54.84418], [8.66879, 54.91352], [8.66141, 54.92032], [8.67482, 54.94794], [8.64098, 55.02338], [8.64476, 55.05553], [8.6819, 55.1332], [8.56365, 55.14338], [8.55737, 55.09638], [8.55111, 55.09138], [8.54135, 55.09028], [8.51481, 55.0708], [8.49936, 55.06559], [8.48391, 55.06762], [8.47013, 55.0788], [8.45885, 55.10346], [8.46028, 55.12764], [8.47025, 55.17755], [8.48896, 55.19716], [8.53094, 55.20068], [8.57259, 55.19366], [8.59373, 55.18098], [8.56951, 55.17377], [8.55209, 55.16055], [8.55519, 55.14936], [8.66928, 55.13691], [8.68946, 55.14159], [8.65598, 55.23734], [8.65025, 55.29076], [8.78011, 55.2823], [9.09879, 55.23895], [9.21111, 55.21003], [9.2797, 55.18465], [9.44384, 55.18388], [9.5509, 55.17771], [9.48634, 55.15624], [9.48634, 55.14741], [9.49464, 55.14008], [9.51187, 55.14007], [9.51187, 55.13321], [9.48243, 55.13378], [9.45655, 55.12572], [9.52132, 55.11586], [9.55956, 55.0854], [9.5166, 55.05655], [9.4524, 55.04536], [9.43434, 55.03754], [9.44288, 55.02338], [9.51189, 55.03636], [9.54591, 55.03636], [9.57992, 55.05067], [9.60156, 55.04539], [9.66261, 55.00971], [9.71754, 55.00117], [9.73095, 54.99542], [9.76317, 54.90046], [9.75161, 54.89301], [9.71144, 54.89859], [9.70346, 54.88618], [9.73779, 54.87352], [9.75023, 54.84626], [9.74593, 54.83601], [9.73121, 54.83154], [9.71959, 54.83585], [9.69663, 54.85887], [9.65504, 54.85709], [9.62332, 54.86531], [9.63461, 54.87934], [9.61038, 54.90322], [9.64422, 54.91327], [9.63885, 54.92475], [9.615, 54.93269], [9.58676, 54.92772], [9.5459, 54.87935], [9.52215, 54.8793], [9.45639, 54.84382], [9.44288, 54.83153], [9.43629, 54.81045], [9.45143, 54.81037], [9.511, 54.82783], [9.52997, 54.84149], [9.55437, 54.84711], [9.57991, 54.86626], [9.58318, 54.83027], [9.6316, 54.81989], [9.69304, 54.81801], [9.73462, 54.80731], [9.80175, 54.78339], [9.82374, 54.75674], [9.89536, 54.76948], [9.89147, 54.79026], [9.91504, 54.79119], [9.94773, 54.77937], [9.97045, 54.76264], [9.99049, 54.72053], [10.01821, 54.70124], [10.00538, 54.69551], [9.97047, 54.70124], [9.9463, 54.68765], [9.93238, 54.68525], [9.92945, 54.6739], [9.99632, 54.67878], [10.0114, 54.66706], [10.03353, 54.67291], [10.0389, 54.66701], [10.03191, 54.65278], [10.03758, 54.61886], [10.02694, 54.56021], [10.01026, 54.53419], [9.96557, 54.50618], [9.92495, 54.49304], [9.8401, 54.48212], [9.8401, 54.47529], [9.88331, 54.4621], [10.12432, 54.4957], [10.14368, 54.49171], [10.20384, 54.461], [10.18393, 54.44937], [10.19703, 54.4101], [10.19125, 54.39671], [10.15933, 54.37546], [10.14178, 54.37226], [10.14826, 54.36518], [10.14177, 54.35859], [10.15553, 54.34341], [10.14178, 54.32441], [10.16375, 54.32917], [10.18035, 54.34113], [10.22439, 54.4138], [10.27215, 54.42007], [10.3069, 54.4411], [10.31837, 54.44329], [10.36117, 54.44101], [10.44337, 54.4064], [10.60107, 54.36541], [10.6902, 54.31623], [10.73129, 54.31021], [10.77711, 54.31513], [10.8108, 54.32738], [10.86822, 54.3587], [10.93532, 54.37953], [11.01879, 54.38588], [11.01879, 54.3791], [10.97584, 54.3784], [10.99318, 54.37385], [11.01051, 54.37718], [11.03395, 54.36762], [11.05396, 54.37482], [11.06977, 54.3871], [11.08762, 54.38692], [11.10418, 54.39288], [11.13548, 54.38589], [11.12462, 54.37813], [11.15052, 54.36541], [11.17588, 54.34814], [11.19681, 54.32896], [11.21118, 54.3097], [11.21681, 54.29213], [11.21152, 54.27807], [11.18627, 54.2651], [11.15555, 54.26731], [11.12309, 54.28097], [11.08747, 54.30763], [11.09448, 54.28352], [11.08709, 54.2709], [11.09448, 54.22508], [11.09016, 54.208], [11.06656, 54.18391], [10.95045, 54.13947], [10.91031, 54.10921], [10.89322, 54.10267], [10.83611, 54.09001], [10.82228, 54.09736], [10.80543, 54.09488], [10.75262, 54.05012], [10.76588, 54.02436], [10.79965, 54.00056], [10.82692, 53.99543], [10.87548, 53.99542], [10.88738, 53.96394], [10.92262, 53.96137], [10.9647, 53.98541], [11.00025, 53.9916], [11.05348, 54.00848], [11.17506, 54.018], [11.19075, 54.01032], [11.20436, 53.98924], [11.23991, 53.98346], [11.24535, 53.97842], [11.24293, 53.94522], [11.25563, 53.94086], [11.29371, 53.94086], [11.33416, 53.96136], [11.35825, 53.94086], [11.3999, 53.94085], [11.43873, 53.90912], [11.45769, 53.90616], [11.47682, 53.9527], [11.47242, 53.96882], [11.4979, 53.98184], [11.49171, 54.00235], [11.52589, 54.02277], [11.51907, 54.03643], [11.55323, 54.03022], [11.5735, 54.03905], [11.59133, 54.06561], [11.6128, 54.0729], [11.62452, 54.08364], [11.62957, 54.09602], [11.62208, 54.09957], [11.62526, 54.10981], [11.6579, 54.14223], [11.68971, 54.15521], [11.72877, 54.1585], [11.81227, 54.14981], [12.05063, 54.17992], [12.08813, 54.19406], [12.09164, 54.114], [12.115, 54.09789], [12.09506, 54.1457], [12.10548, 54.15737], [12.13429, 54.16698], [12.14283, 54.18049], [12.12086, 54.18], [12.10133, 54.17365], [12.1089, 54.18301], [12.1631, 54.21992], [12.18687, 54.24335], [12.2894, 54.27509], [12.34213, 54.30394], [12.37846, 54.34515], [12.43832, 54.39582], [12.4861, 54.44733], [12.50198, 54.47357], [12.53385, 54.48825], [12.53385, 54.48212], [12.52703, 54.48212], [12.54835, 54.46206], [12.59148, 54.45173], [12.8191, 54.45172], [12.85662, 54.44111], [12.87965, 54.44879], [12.90837, 54.44464], [12.92113, 54.4335], [12.89639, 54.4201], [12.87078, 54.41683], [12.76368, 54.4222], [12.69459, 54.43366], [12.67042, 54.42007], [12.6242, 54.42292], [12.61451, 54.41974], [12.6084, 54.40641], [12.60222, 54.4138], [12.58172, 54.4064], [12.58766, 54.39403], [12.6022, 54.39208], [12.59472, 54.3859], [12.57553, 54.392], [12.55405, 54.39082], [12.53598, 54.38373], [12.52704, 54.37227], [12.51075, 54.38426], [12.49098, 54.39008], [12.45476, 54.39208], [12.43849, 54.38752], [12.41847, 54.36066], [12.42398, 54.34493], [12.39674, 54.35175], [12.3899, 54.34492], [12.39648, 54.33295], [12.3916, 54.32112], [12.37907, 54.31245], [12.36256, 54.31021], [12.38012, 54.27709], [12.36883, 54.26919], [12.41245, 54.25141], [12.43678, 54.24771], [12.45818, 54.25556], [12.44264, 54.25519], [12.41035, 54.26919], [12.4263, 54.28961], [12.47242, 54.31021], [12.4787, 54.33185], [12.56056, 54.35859], [12.54081, 54.36542], [12.54078, 54.37226], [12.55934, 54.37629], [12.57423, 54.37226], [12.57423, 54.3791], [12.59295, 54.36933], [12.62273, 54.37393], [12.67726, 54.39208], [12.67044, 54.4064], [12.68084, 54.41088], [12.71752, 54.4138], [12.71752, 54.40641], [12.70248, 54.40412], [12.69239, 54.39619], [12.68409, 54.37226], [12.7046, 54.3996], [12.72381, 54.38125], [12.73504, 54.37816], [12.74611, 54.38588], [12.75782, 54.37979], [12.76856, 54.38007], [12.78711, 54.39205], [12.79469, 54.37714], [12.81804, 54.35798], [12.85467, 54.35786], [12.87599, 54.36542], [12.90383, 54.3996], [12.92937, 54.41437], [12.9691, 54.42938], [13.0088, 54.43805], [13.03416, 54.43366], [13.0215, 54.42646], [13.02858, 54.40184], [13.04038, 54.39208], [13.09553, 54.37226], [13.07667, 54.35252], [13.08074, 54.33714], [13.1092, 54.3102], [13.11492, 54.28001], [13.12599, 54.2766], [13.17065, 54.27659], [13.17066, 54.26919], [13.1434, 54.26301], [13.17612, 54.26484], [13.22836, 54.24738], [13.28881, 54.23427], [13.32179, 54.19452], [13.34887, 54.18048], [13.32154, 54.16682], [13.34653, 54.16694], [13.3838, 54.17812], [13.40347, 54.17365], [13.38299, 54.15314], [13.39479, 54.14891], [13.4087, 54.15461], [13.41772, 54.15313], [13.45908, 54.1054], [13.48357, 54.0913], [13.50709, 54.09105], [13.50709, 54.09789], [13.47928, 54.11836], [13.47928, 54.12518], [13.60271, 54.13947], [13.68345, 54.16803], [13.71192, 54.17364], [13.71467, 54.16406], [13.69825, 54.15933], [13.69825, 54.15314], [13.72902, 54.14374], [13.80812, 54.10468], [13.7732, 54.04633], [13.7461, 54.03644], [13.79762, 53.99893], [13.83862, 53.98631], [13.84864, 53.95555], [13.86722, 53.95457], [13.90602, 53.94306], [13.90756, 53.93354], [13.89014, 53.91291], [13.81834, 53.87776], [13.80812, 53.86514], [13.81707, 53.85293], [13.8628, 53.84125], [13.86915, 53.83031], [13.89991, 53.80915], [13.91065, 53.81048], [13.98422, 53.77399], [14.01734, 53.76951], [14.03745, 53.75528], [14.06851, 53.75533], [14.10613, 53.74335], [14.18653, 53.73981], [14.21469, 53.74486], [14.23415, 53.76177], [14.25016, 53.75995], [14.26448, 53.75161], [14.26743, 53.73542], [14.21274, 53.70807], [14.22535, 53.70376], [14.27369, 53.70063], [14.30486, 53.71255], [14.30616, 53.72069], [14.2886, 53.72798], [14.30161, 53.73485], [14.28858, 53.74164], [14.29421, 53.74907], [14.3304, 53.73419], [14.34205, 53.71491], [14.38355, 53.70062], [14.41456, 53.68236], [14.45898, 53.67782], [14.51237, 53.66644], [14.53072, 53.65792], [14.59059, 53.59838], [14.60159, 53.62665], [14.62379, 53.63923], [14.62379, 53.65282], [14.57595, 53.65966], [14.54495, 53.70405], [14.57595, 53.7695], [14.58741, 53.7635], [14.62379, 53.76952], [14.61673, 53.79475], [14.63063, 53.85151], [14.62379, 53.85151], [14.61354, 53.83161], [14.58961, 53.81733], [14.59586, 53.81051], [14.58741, 53.81257], [14.56912, 53.82416], [14.58961, 53.83784], [14.57586, 53.8548], [14.55209, 53.86278], [14.44118, 53.86963], [14.42556, 53.87982], [14.43816, 53.89932], [14.4319, 53.90616], [14.42205, 53.89614], [14.3851, 53.89728], [14.36305, 53.87938], [14.40919, 53.87157], [14.41765, 53.86514], [14.41548, 53.85282], [14.39292, 53.84082], [14.38356, 53.84467], [14.35621, 53.83447], [14.3283, 53.831], [14.3283, 53.82416], [14.34203, 53.82099], [14.3283, 53.81734], [14.27468, 53.8308], [14.22657, 53.87197], [14.20314, 53.87832], [14.08741, 53.87044], [14.06512, 53.87239], [14.04835, 53.87938], [14.02506, 53.86385], [13.99615, 53.85385], [13.93848, 53.84468], [13.87525, 53.84406], [13.8401, 53.85029], [13.82179, 53.86514], [13.85548, 53.87739], [13.88771, 53.88154], [13.93165, 53.89932], [13.93898, 53.92821], [13.90188, 53.9698], [13.90449, 53.99542], [13.95484, 53.99358], [13.97264, 53.98924], [13.96583, 53.98184], [13.959, 53.94087], [13.97462, 53.95734], [13.98785, 53.96141], [14.02782, 53.96136], [14.01433, 53.94709], [14.04835, 53.94086], [14.04029, 53.95384], [14.05307, 53.97842], [14.05128, 54.00507], [14.03745, 54.02172], [14.01435, 54.01603], [13.9817, 54.05634], [13.94606, 54.0666], [13.92612, 54.06403], [13.91586, 54.05638], [13.9248, 54.03645], [13.90724, 54.02749], [13.89088, 54.01016], [13.85599, 54.00236], [13.8581, 54.01577], [13.87631, 54.03644], [13.8711, 54.04865], [13.86362, 54.04999], [13.82301, 54.03791], [13.79418, 54.01814], [13.7741, 54.02277], [13.78207, 54.04214], [13.80925, 54.0751], [13.81495, 54.10126], [13.80616, 54.11664], [13.75297, 54.15312], [13.77761, 54.17401], [13.79615, 54.17828], [13.81494, 54.17364], [13.85597, 54.11835], [13.8825, 54.10244], [14.0166, 54.06], [14.20948, 53.93862], [14.26808, 53.92182], [14.36704, 53.91698], [14.40675, 53.92182], [14.51772, 53.96534], [14.78192, 54.03461], [15.0101, 54.06981], [15.28884, 54.13894], [15.66578, 54.19843], [15.85972, 54.24998], [16.02084, 54.26179], [16.13149, 54.28351], [16.1189, 54.27604], [16.06935, 54.26301], [16.09108, 54.25397], [16.17921, 54.26301], [16.17239, 54.27659], [16.22006, 54.2766], [16.21323, 54.28352], [16.21518, 54.29963], [16.19215, 54.30028], [16.1378, 54.29029], [16.21355, 54.31611], [16.27537, 54.35855], [16.23178, 54.32258], [16.27491, 54.33047], [16.28883, 54.34024], [16.3239, 54.34992], [16.33676, 54.35859], [16.32488, 54.37311], [16.30502, 54.37348], [16.28162, 54.35862], [16.3243, 54.40155], [16.43979, 54.48825], [16.43442, 54.47236], [16.44451, 54.46988], [16.4734, 54.48212], [16.47975, 54.49555], [16.47389, 54.49966], [16.44606, 54.48827], [16.46685, 54.51232], [16.50133, 54.5324], [16.5696, 54.55718], [16.77849, 54.57514], [16.85964, 54.59393], [16.93995, 54.60602], [17.03583, 54.66705], [17.33742, 54.749], [17.71567, 54.79043], [17.88543, 54.82411], [18.15201, 54.83831], [18.3169, 54.83832], [18.33952, 54.83347], [18.37582, 54.81513], [18.41051, 54.80818], [18.75171, 54.69008], [18.81378, 54.64336], [18.83434, 54.61644], [18.83528, 54.6031], [18.81764, 54.59814], [18.80226, 54.61603], [18.78404, 54.62353], [18.77182, 54.64228], [18.70777, 54.70124], [18.65456, 54.71016], [18.64503, 54.71955], [18.61672, 54.72525], [18.55698, 54.74901], [18.49823, 54.76538], [18.44777, 54.78998], [18.42921, 54.78168], [18.41505, 54.75312], [18.4131, 54.73192], [18.44755, 54.7184], [18.47444, 54.68757], [18.47039, 54.66673], [18.48192, 54.65961], [18.47592, 54.64008], [18.48731, 54.63178], [18.50636, 54.6341], [18.52293, 54.64652], [18.5171, 54.62995], [18.57063, 54.55036], [18.56756, 54.48786], [18.57407, 54.45038], [18.58806, 54.43366], [18.63429, 54.41694], [18.69433, 54.40452], [18.7173, 54.38203], [18.88592, 54.35016], [18.92319, 54.34854], [18.95435, 54.35857], [18.97462, 54.34976], [19.00208, 54.34492], [19.37721, 54.37763], [19.45998, 54.40102], [19.53102, 54.41494], [19.59255, 54.45237], [19.62647, 54.461], [19.6265, 54.46845], [19.73406, 54.5257], [19.83188, 54.59813], [19.88317, 54.65619], [19.89633, 54.66218], [19.90018, 54.68756], [19.93019, 54.71943], [19.96168, 54.77318], [19.95232, 54.81631], [19.92068, 54.88959], [19.94078, 54.93439], [19.97646, 54.96441], [19.99585, 54.96807], [20.0337, 54.94819], [20.07496, 54.9544], [20.14356, 54.95181], [20.20582, 54.95843], [20.36557, 54.94619], [20.40699, 54.95161], [20.48243, 54.97553], [20.63404, 55.04877], [20.80822, 55.17609], [20.82228, 55.18098], [20.99952, 55.357], [21.04151, 55.41608], [21.08237, 55.49763], [21.09938, 55.5987], [21.09068, 55.63313], [21.09352, 55.69554], [21.08524, 55.72283], [21.11744, 55.69977], [21.13152, 55.65558], [21.13351, 55.56805], [21.11988, 55.52705], [21.11987, 55.48945], [21.08717, 55.44107], [21.10619, 55.42743], [21.10619, 55.42121], [21.0735, 55.39179], [21.03798, 55.3288], [20.98894, 55.29133], [20.9895, 55.27042], [20.94109, 55.24868], [20.93701, 55.23775], [20.9131, 55.23322], [20.90333, 55.22582], [20.90551, 55.21858], [20.89064, 55.21259], [20.88403, 55.19807], [20.82373, 55.14314], [20.77361, 55.11449], [20.68783, 55.05069], [20.55851, 54.98197], [20.53338, 54.97358], [20.53093, 54.96467], [20.55812, 54.94082], [20.76368, 54.94769], [20.80518, 54.94081], [20.86036, 54.91132], [20.96909, 54.89981], [21.03932, 54.904], [21.05592, 54.91444], [21.07895, 54.89981], [21.09067, 54.90156], [21.10622, 54.91351], [21.19028, 54.92691], [21.23015, 54.93891], [21.24342, 54.96125], [21.21937, 55.01345], [21.19508, 55.1354], [21.18134, 55.17109], [21.18141, 55.19366], [21.18883, 55.20831], [21.20167, 55.21441], [21.22291, 55.20148], [21.23683, 55.20063], [21.25904, 55.20498], [21.26759, 55.21174], [21.27328, 55.23265], [21.26443, 55.284], [21.27085, 55.28802], [21.28533, 55.28706], [21.29119, 55.29706], [21.27418, 55.32734], [21.25947, 55.33625], [21.25709, 55.36937], [21.24659, 55.37018], [21.18882, 55.33863], [21.18338, 55.34618], [21.2243, 55.39932], [21.2483, 55.41787], [21.24838, 55.44233], [21.22291, 55.52021], [21.19518, 55.54697], [21.19508, 55.58511], [21.15756, 55.64175], [21.14723, 55.67817], [21.09938, 55.72907], [21.07441, 55.74494], [21.04469, 55.87396], [21.04474, 55.91796], [21.05876, 55.96819], [21.2161, 55.97371], [21.36774, 55.9855], [21.45265, 55.98615], [21.57674, 55.97578], [21.69805, 55.9509], [21.68638, 55.8751], [21.74613, 55.80001], [21.84338, 55.59291], [21.87236, 55.50009], [21.88006, 55.43196], [21.91368, 55.35259], [21.68078, 55.16536], [21.71622, 55.14945], [21.73338, 55.13633], [21.75064, 55.12795], [21.81989, 55.11932], [21.87322, 55.09493], [21.90856, 55.08987], [21.93295, 55.08046], [21.94277, 55.07829], [21.9775, 55.09199], [22.00344, 55.09349], [22.01543, 55.08842], [22.01864, 55.06093], [22.02773, 55.04439], [22.04995, 55.03354], [22.07682, 55.02858], [22.09987, 55.02992], [22.11847, 55.03778], [22.14266, 55.05462], [22.25128, 55.07085], [22.43628, 55.05778], [22.54108, 55.07576], [22.56547, 55.0678], [22.58067, 55.05762], [22.59162, 55.03762], [22.60837, 54.99241], [22.6217, 54.97003], [22.63348, 54.95794], [22.64991, 54.95287], [22.71554, 54.95138], [22.7388, 54.93412], [22.75213, 54.93112], [22.74097, 54.91763], [22.74924, 54.90988], [22.80887, 54.89376], [22.82127, 54.88549], [22.82933, 54.87272], [22.84835, 54.81381], [22.84577, 54.79614], [22.83285, 54.77867], [22.78665, 54.75599], [22.76484, 54.73712], [22.72484, 54.72338], [22.72278, 54.71857], [22.72702, 54.70534], [22.70087, 54.67956], [22.7081, 54.63563], [22.70366, 54.61755], [22.68175, 54.5699], [22.67462, 54.49228], [22.6804, 54.45322], [22.70696, 54.41875], [22.72842, 54.39653], [22.68709, 54.36503], [22.69617, 54.22466], [22.60957, 54.08938], [22.52467, 54.24899], [22.5156, 54.25467], [22.50106, 54.25357], [22.49471, 54.24673], [22.50889, 54.08205], [22.2236, 54.17131], [22.20791, 54.17084], [22.20118, 54.16427], [22.20455, 54.15771], [22.43783, 54.01935], [21.98658, 53.95195], [21.80967, 53.653], [21.71774, 53.81299], [21.7085, 53.81854], [21.69415, 53.81721], [21.6882, 53.81026], [21.71058, 53.64411], [21.42397, 53.72932], [21.40847, 53.72862], [21.40209, 53.72195], [21.4057, 53.71544], [21.64356, 53.57984], [21.25998, 53.51488], [21.25029, 53.5098], [21.25149, 53.50136], [21.26245, 53.49733], [21.69162, 53.46811], [21.62115, 53.35801], [21.56099, 53.34492], [21.42889, 53.32712], [21.29833, 53.32168], [21.17314, 53.32996], [21.07985, 53.34537], [20.87094, 53.39342], [20.80622, 53.39869], [20.74061, 53.39307], [20.66501, 53.37327], [20.57452, 53.3354], [20.37389, 53.23523], [20.26937, 53.20182], [20.20932, 53.19223], [20.14165, 53.18867], [20.08446, 53.1912], [19.86455, 53.22644], [19.75223, 53.23729], [19.69364, 53.23516], [19.63538, 53.22565], [19.57267, 53.20817], [19.44167, 53.15524], [19.31829, 53.09016], [19.02684, 52.89845], [18.82865, 52.77459], [18.44852, 52.56741], [18.35203, 52.50926], [18.26405, 52.44821], [18.18913, 52.38416], [18.1308, 52.31575], [18.09285, 52.24334], [18.09075, 52.21856], [18.09861, 52.1968], [18.1151, 52.17719], [18.20175, 52.1044], [18.26438, 52.03894], [18.31464, 51.97214], [18.44093, 51.77861], [18.55374, 51.63673], [18.64485, 51.54929], [18.87356, 51.38395], [18.91501, 51.34404], [18.94674, 51.30338], [18.99028, 51.21044], [19.04429, 51.01693], [19.07296, 50.96655], [19.10635, 50.93226], [19.14556, 50.90673], [19.30055, 50.82904], [19.362, 50.78603], [19.40376, 50.74411], [19.43258, 50.69793], [19.45193, 50.6498], [19.49449, 50.50042], [19.51588, 50.45463], [19.5486, 50.41132], [19.59964, 50.37064], [19.65666, 50.34788], [19.71731, 50.34079], [19.77948, 50.34512], [19.82282, 50.35289], [19.85765, 50.33836], [19.77689, 50.28781], [19.69263, 50.25233], [19.6103, 50.2302], [19.37148, 50.19552], [19.2967, 50.17915], [19.22353, 50.15233], [19.1384, 50.10017], [19.07215, 50.0385], [18.9393, 49.88005], [18.59383, 49.8522], [18.56727, 49.86145], [18.56293, 49.8737], [18.56541, 49.88905], [18.55921, 49.90719], [18.54443, 49.91298], [18.50505, 49.8967], [18.4818, 49.89664], [18.40749, 49.92316], [18.36883, 49.93204], [18.32852, 49.92884], [18.33493, 49.92543], [18.30692, 49.90967], [18.29245, 49.90781], [18.27261, 49.9183], [18.25587, 49.94605], [18.24398, 49.95173], [18.20874, 49.95829], [18.16202, 49.98124], [18.09815, 49.98904], [18.08513, 49.99876], [18.09164, 50.01721], [18.03324, 50.0418], [18.00245, 50.04676], [18.00689, 50.02413], [18.0287, 50.02413], [18.03573, 50.01721], [18.03748, 50.00723], [18.03242, 50.00284], [17.99986, 49.99659], [17.94157, 49.99276], [17.91212, 49.97581], [17.87573, 49.96868], [17.83936, 49.97364], [17.76329, 50.02522], [17.74303, 50.06056], [17.72257, 50.07514], [17.71947, 50.08087], [17.72267, 50.08635], [17.73197, 50.09147], [17.73197, 50.09488], [17.67761, 50.10774], [17.64836, 50.1018], [17.63275, 50.10635], [17.58418, 50.14588], [17.58211, 50.15317], [17.58945, 50.16324], [17.6004, 50.16681], [17.64867, 50.168], [17.67533, 50.17472], [17.71791, 50.1911], [17.73817, 50.20236], [17.74758, 50.2175], [17.73197, 50.236], [17.72143, 50.24272], [17.71916, 50.2528], [17.72112, 50.26195], [17.73425, 50.2838], [17.73445, 50.28949], [17.70799, 50.31104], [17.69104, 50.31507], [17.68453, 50.31238], [17.67637, 50.2974], [17.64671, 50.27109], [17.62955, 50.2621], [17.6064, 50.25822], [17.517, 50.26835], [17.46935, 50.26556], [17.44, 50.24272], [17.42419, 50.24055], [17.41912, 50.24272], [17.40982, 50.26133], [17.38801, 50.27264], [17.3659, 50.27156], [17.35504, 50.25326], [17.34171, 50.25972], [17.33479, 50.27001], [17.33406, 50.29569], [17.31908, 50.30825], [17.33747, 50.313], [17.3168, 50.31863], [17.26988, 50.31776], [17.24611, 50.32215], [17.21087, 50.33641], [17.20105, 50.34323], [17.19505, 50.35192], [17.18544, 50.37569], [17.18761, 50.37848], [17.17593, 50.38075], [17.1317, 50.37682], [17.08467, 50.39796], [16.98194, 50.41636], [16.95879, 50.4146], [16.91579, 50.43108], [16.89295, 50.43294], [16.86577, 50.4224], [16.86587, 50.40845], [16.89791, 50.37822], [16.90928, 50.35992], [16.92654, 50.31926], [16.94525, 50.3069], [16.96964, 50.29776], [16.98783, 50.28494], [16.99837, 50.26701], [16.99982, 50.24272], [17.01284, 50.23166], [17.01481, 50.21849], [17.0084, 50.20996], [16.99631, 50.2129], [16.98101, 50.22918], [16.96034, 50.23197], [16.95527, 50.21347], [16.919, 50.21709], [16.90701, 50.21177], [16.88096, 50.19156], [16.85761, 50.18774], [16.81771, 50.18676], [16.79528, 50.17441], [16.75425, 50.13229], [16.73203, 50.12196], [16.70123, 50.09493], [16.66062, 50.09302], [16.61865, 50.10702], [16.58424, 50.12743], [16.56667, 50.14221], [16.55726, 50.15472], [16.54589, 50.18882], [16.53504, 50.20774], [16.50476, 50.22799], [16.43779, 50.29797], [16.41557, 50.30794], [16.37102, 50.31838], [16.35324, 50.33352], [16.35076, 50.36065], [16.34374, 50.36995], [16.28865, 50.37186], [16.2625, 50.36442], [16.24493, 50.37682], [16.23201, 50.40261], [16.19956, 50.40628], [16.19015, 50.42416], [16.19801, 50.44002], [16.21795, 50.43713], [16.21124, 50.45129], [16.23201, 50.45677], [16.26498, 50.47165], [16.27997, 50.47987], [16.28772, 50.49278], [16.30343, 50.49604], [16.33547, 50.49036], [16.35262, 50.49278], [16.39118, 50.52183], [16.38838, 50.52126], [16.38962, 50.53485], [16.39831, 50.54849], [16.39448, 50.55934], [16.4259, 50.56756], [16.41681, 50.58663], [16.33164, 50.64404], [16.30095, 50.6551], [16.26829, 50.66042], [16.23201, 50.66089], [16.21909, 50.65913], [16.20452, 50.63634], [16.19232, 50.62658], [16.17548, 50.62409], [16.12866, 50.64404], [16.08649, 50.64678], [16.02448, 50.60859], [15.982, 50.60363], [15.98004, 50.61298], [15.99637, 50.62368], [15.99864, 50.63557], [15.99316, 50.64936], [15.97146, 50.67861], [15.95802, 50.68688], [15.94149, 50.68838], [15.88226, 50.67422], [15.84816, 50.67515], [15.79762, 50.72977], [15.79225, 50.74269], [15.76744, 50.74419], [15.68435, 50.73143], [15.6738, 50.73355], [15.65324, 50.75096], [15.64187, 50.75577], [15.44177, 50.80021], [15.40012, 50.79799], [15.37026, 50.77261], [15.3561, 50.77545], [15.34969, 50.78372], [15.35299, 50.81297], [15.34101, 50.83173], [15.28778, 50.85488], [15.26535, 50.88227], [15.25605, 50.89989], [15.25305, 50.9141], [15.26008, 50.9325], [15.26876, 50.94299], [15.2698, 50.95265], [15.25378, 50.96904], [15.22711, 50.97741], [15.17016, 50.97798], [15.16076, 50.99265], [15.15611, 51.00784], [15.14443, 51.01156], [15.13151, 51.00583], [15.11921, 50.98247], [15.10795, 50.98102], [15.08211, 50.99275], [15.07363, 51.00262], [15.02299, 51.00965], [15.00397, 51.02068], [14.99653, 51.00784], [14.96098, 50.99265], [14.96522, 50.98133], [14.98144, 50.97322], [14.99664, 50.95922], [14.99777, 50.93017], [14.98485, 50.91808], [14.98137, 50.91049], [14.88766, 50.91439], [14.83248, 50.84978], [14.73941, 50.87913], [14.63106, 50.90131], [14.63459, 50.9094], [14.62922, 50.92072], [14.61712, 50.92087], [14.56183, 50.90635], [14.55036, 50.91209], [14.55584, 50.92428], [14.57558, 50.95069], [14.57744, 50.96573], [14.57433, 50.97549], [14.55459, 50.99265], [14.5423, 50.99875], [14.51532, 51.00304], [14.50292, 51.00852], [14.49351, 51.01671], [14.48214, 51.0372], [14.47346, 51.02337], [14.46209, 51.01965], [14.42582, 51.02094], [14.39781, 51.01312], [14.3759, 51.01699], [14.35657, 51.03234], [14.31936, 51.04001], [14.28753, 51.03683], [14.26355, 51.02143], [14.2495, 50.99265], [14.23834, 50.98247], [14.25001, 50.97761], [14.28381, 50.97482], [14.30376, 50.96971], [14.29373, 50.96397], [14.2928, 50.95348], [14.31833, 50.93751], [14.35523, 50.93064], [14.38189, 50.92087], [14.3759, 50.89596], [14.34654, 50.8802], [14.2681, 50.88413], [14.23213, 50.87938], [14.19079, 50.8479], [14.03494, 50.80258], [13.97913, 50.80476], [13.95959, 50.80207], [13.92332, 50.77995], [13.89252, 50.78042], [13.88332, 50.77323], [13.87908, 50.76352], [13.88218, 50.74274], [13.87536, 50.73654], [13.86347, 50.73515], [13.83454, 50.72368], [13.81655, 50.72135], [13.77066, 50.7246], [13.74906, 50.72321], [13.69175, 50.71184], [13.60194, 50.71215], [13.55657, 50.70673], [13.51564, 50.69102], [13.52722, 50.67567], [13.52329, 50.66218], [13.50995, 50.65123], [13.49332, 50.64322], [13.4991, 50.63521], [13.49817, 50.62916], [13.44794, 50.59727], [13.42934, 50.59433], [13.40702, 50.60131], [13.38097, 50.62549], [13.36877, 50.62833], [13.35937, 50.61934], [13.32185, 50.60239], [13.30563, 50.57578], [13.28465, 50.56896], [13.25178, 50.58089], [13.23235, 50.58203], [13.19907, 50.52534], [13.1847, 50.50875], [13.16011, 50.49702], [13.1074, 50.49899], [13.06037, 50.49061], [13.02626, 50.49764], [13.00962, 50.49268], [13.00311, 50.45191], [12.9966, 50.43367], [12.95257, 50.40416], [12.91836, 50.4054], [12.81739, 50.44302], [12.78814, 50.43434], [12.75424, 50.43532], [12.73791, 50.43155], [12.69181, 50.39465], [12.62536, 50.39992], [12.55053, 50.39636], [12.51022, 50.38876], [12.47508, 50.36943], [12.46681, 50.35491], [12.46899, 50.34556], [12.46681, 50.34189], [12.45018, 50.33936], [12.39819, 50.31517], [12.36718, 50.27905], [12.33649, 50.25859], [12.3338, 50.24272], [12.31406, 50.2265], [12.30868, 50.21709], [12.30558, 50.19931], [12.31437, 50.17622], [12.31437, 50.16733], [12.30042, 50.16082], [12.28336, 50.16221], [12.27323, 50.17234], [12.25432, 50.2174], [12.22993, 50.23482], [12.22983, 50.23905], [12.24244, 50.24836], [12.23965, 50.25657], [12.20378, 50.25957], [12.18921, 50.26246], [12.17805, 50.26877], [12.17412, 50.27657], [12.17443, 50.29373], [12.16854, 50.30298], [12.14932, 50.31171], [12.07614, 50.31517], [12.09919, 50.29977], [12.10725, 50.29089], [12.11097, 50.27662], [12.10911, 50.26381], [12.09206, 50.25482], [12.07955, 50.24272], [12.08989, 50.23084], [12.13929, 50.21104], [12.17505, 50.18262], [12.1827, 50.17074], [12.18559, 50.1557], [12.17856, 50.13296], [12.17918, 50.11798], [12.18786, 50.10283], [12.23251, 50.08051], [12.2414, 50.07064], [12.24688, 50.04496], [12.39922, 49.99276], [12.41452, 49.98305], [12.45131, 49.98057], [12.46816, 49.97023], [12.47074, 49.95561], [12.46382, 49.94212], [12.46268, 49.93127], [12.51787, 49.9122], [12.52407, 49.90497], [12.52097, 49.88554], [12.51291, 49.87024], [12.48986, 49.8427], [12.48252, 49.82724], [12.46247, 49.83122], [12.45638, 49.81712], [12.45266, 49.7797], [12.43674, 49.76926], [12.3954, 49.75789], [12.38362, 49.74286], [12.39891, 49.7195], [12.41958, 49.70022], [12.44925, 49.68503], [12.49637, 49.66999], [12.50464, 49.6594], [12.50536, 49.64612], [12.49689, 49.63387], [12.50743, 49.62999], [12.50195, 49.61971], [12.51219, 49.61165], [12.53606, 49.60312], [12.5466, 49.59558], [12.55363, 49.58473], [12.56231, 49.55083], [12.58288, 49.52241], [12.59373, 49.51502], [12.61554, 49.51378], [12.62298, 49.50985], [12.62722, 49.46019], [12.63218, 49.44396], [12.64355, 49.42949], [12.66308, 49.4189], [12.70918, 49.40474], [12.72933, 49.39115], [12.76209, 49.34324], [12.77791, 49.33255], [12.79775, 49.32784], [12.85666, 49.32221], [12.87537, 49.32386], [12.87093, 49.33673], [12.88467, 49.33957], [12.93986, 49.32676], [12.98244, 49.29963], [12.99981, 49.29492], [13.01128, 49.2678], [13.04321, 49.24289], [13.05582, 49.23818], [13.14946, 49.15483], [13.1785, 49.11835], [13.20682, 49.10749], [13.26728, 49.10563], [13.28733, 49.10057], [13.29953, 49.09364], [13.32991, 49.06693], [13.37239, 49.03851], [13.38356, 49.02109], [13.38418, 48.99303], [13.39854, 48.97768], [13.42727, 48.95996], [13.48226, 48.93763], [13.5021, 48.96606], [13.51595, 48.97024], [13.53889, 48.96704], [13.59047, 48.94482], [13.60866, 48.94616], [13.61114, 48.92725], [13.62178, 48.90906], [13.63739, 48.89345], [13.65444, 48.88224], [13.67336, 48.87635], [13.71061, 48.87247], [13.72467, 48.8673], [13.74792, 48.84338], [13.78622, 48.79296], [13.84805, 48.7607], [13.7957, 48.73852], [13.78586, 48.72478], [13.78358, 48.71527], [13.78875, 48.71651], [13.79939, 48.70261], [13.81686, 48.69558], [13.80353, 48.68716], [13.80094, 48.67522], [13.80622, 48.64292], [13.80239, 48.61171], [13.79619, 48.59859], [13.77428, 48.56921], [13.75805, 48.56148], [13.73387, 48.55978], [13.72539, 48.54838], [13.71651, 48.52169], [13.67336, 48.53549], [13.65806, 48.55109], [13.62437, 48.56536], [13.5207, 48.58458], [13.48722, 48.58158], [13.45456, 48.57344], [13.44009, 48.56097], [13.44774, 48.53482], [13.45704, 48.52518], [13.45921, 48.51639], [13.45642, 48.50665], [13.43823, 48.47854], [13.43616, 48.43058], [13.42717, 48.41854], [13.41952, 48.39216], [13.40557, 48.37658], [13.3078, 48.31964], [13.27421, 48.3071], [13.13644, 48.29106], [13.03277, 48.26357], [12.97944, 48.23202], [12.9317, 48.21163], [12.93304, 48.20926], [12.87764, 48.20205], [12.86255, 48.19665], [12.82214, 48.16068], [12.78235, 48.14202], [12.76406, 48.12376], [12.74504, 48.12063], [12.73894, 48.11345], [12.73698, 48.09996], [12.74204, 48.08678], [12.76023, 48.06487], [12.83062, 48.01547], [12.8456, 47.99314], [12.85398, 47.97048], [12.86204, 47.96255], [12.88601, 47.95289], [12.93108, 47.92488], [12.96498, 47.87196], [12.99123, 47.84711], [12.92674, 47.7774], [12.92126, 47.76954], [12.91723, 47.75016], [12.89201, 47.72355], [12.90834, 47.71236], [12.96405, 47.70536], [13.00435, 47.71461], [13.01986, 47.71293], [13.04456, 47.69657], [13.06409, 47.67399], [13.07205, 47.65947], [13.07484, 47.64665], [13.07205, 47.62242], [13.05706, 47.59766], [13.04094, 47.58335], [13.03825, 47.58402], [13.03908, 47.56134], [13.04125, 47.5619], [13.02812, 47.54165], [13.02895, 47.51803], [13.03701, 47.50136], [13.03732, 47.49304], [13.00187, 47.46602], [12.99112, 47.46568], [12.96973, 47.47573], [12.94255, 47.47049], [12.93159, 47.47351], [12.8826, 47.49858], [12.82845, 47.53726], [12.80364, 47.54134], [12.77894, 47.55482], [12.77367, 47.5795], [12.78586, 47.60268], [12.81315, 47.61182], [12.79331, 47.62479], [12.76736, 47.63637], [12.75165, 47.64939], [12.76199, 47.66686], [12.74483, 47.66536], [12.68871, 47.67513], [12.65306, 47.67513], [12.6174, 47.66934], [12.59838, 47.66288], [12.55384, 47.63601], [12.53823, 47.63133], [12.49658, 47.6289], [12.48252, 47.63358], [12.4447, 47.65629], [12.42413, 47.69156], [12.4077, 47.69373], [12.35147, 47.68169], [12.2937, 47.69001], [12.27189, 47.68789], [12.23872, 47.6789], [12.22879, 47.68487], [12.22332, 47.6959], [12.23303, 47.70887], [12.24223, 47.73202], [12.22518, 47.72737], [12.19241, 47.71016], [12.1766, 47.70582], [12.18177, 47.69213], [12.20233, 47.67779], [12.20512, 47.67228], [12.20678, 47.64557], [12.20213, 47.62983], [12.1736, 47.60508], [11.93589, 47.61074], [11.85197, 47.59916], [11.8407, 47.59461], [11.83068, 47.57761], [11.82034, 47.57529], [11.76402, 47.58312], [11.68257, 47.58335], [11.62046, 47.58965], [11.58914, 47.57038], [11.5694, 47.52738], [11.55121, 47.51369], [11.52951, 47.50785], [11.48259, 47.50258], [11.43535, 47.50971], [11.41262, 47.50609], [11.36549, 47.46933], [11.38864, 47.46222], [11.39246, 47.45478], [11.38388, 47.44486], [11.36766, 47.44013], [11.32425, 47.43943], [11.30564, 47.4354], [11.25883, 47.40073], [11.23702, 47.39396], [11.21304, 47.39582], [11.21521, 47.423], [11.19382, 47.42894], [11.1686, 47.42426], [11.10328, 47.39357], [11.08375, 47.38951], [10.97946, 47.39055], [10.96551, 47.39608], [10.95528, 47.40961], [10.96313, 47.42124], [10.95983, 47.43251], [10.90991, 47.46899], [10.85844, 47.48516], [10.85162, 47.4931], [10.88386, 47.50801], [10.89223, 47.51488], [10.85864, 47.53067], [10.8448, 47.53131], [10.79033, 47.51607], [10.76077, 47.51364], [10.75219, 47.5154], [10.73989, 47.52847], [10.60791, 47.56227], [10.58373, 47.56247], [10.56988, 47.55594], [10.54962, 47.53679], [10.53691, 47.52987], [10.52512, 47.52847], [10.48254, 47.53286], [10.46694, 47.53772], [10.4535, 47.54625], [10.45174, 47.55482], [10.46156, 47.56991], [10.45712, 47.57924], [10.4536, 47.5811], [10.42921, 47.57702], [10.41423, 47.57302], [10.41567, 47.56438], [10.43097, 47.54216], [10.4196, 47.49305], [10.43366, 47.48785], [10.44761, 47.47258], [10.45174, 47.4602], [10.45195, 47.43876], [10.44286, 47.41628], [10.42828, 47.39605], [10.41164, 47.38104], [10.37165, 47.36739], [10.34343, 47.33076], [10.32545, 47.31432], [10.30591, 47.30218], [10.26116, 47.2835], [10.23935, 47.27774], [10.15988, 47.27112], [10.15543, 47.27288], [10.16866, 47.29042], [10.19078, 47.29825], [10.19326, 47.30492], [10.19047, 47.31748], [10.20856, 47.35448], [10.20928, 47.37248], [10.19088, 47.37923], [10.14696, 47.3738], [10.13083, 47.36267], [10.11037, 47.36739], [10.08288, 47.35907], [10.07316, 47.36548], [10.06779, 47.37504], [10.06417, 47.39618], [10.05322, 47.40486], [10.07595, 47.41687], [10.0806, 47.42739], [10.07182, 47.43912], [10.02262, 47.48796], [9.99358, 47.47659], [9.98263, 47.48103], [9.98076, 47.49294], [9.97167, 47.5064], [9.94873, 47.52423], [9.94593, 47.54077], [9.93384, 47.53421], [9.91875, 47.53219], [9.88899, 47.53379], [9.85891, 47.54134], [9.83349, 47.53462], [9.81313, 47.54175], [9.8093, 47.55232], [9.81127, 47.56449], [9.80796, 47.57632], [9.79628, 47.58495], [9.78212, 47.58841], [9.76714, 47.58728], [9.75266, 47.58206], [9.73086, 47.5649], [9.51595, 47.54789], [9.27321, 47.65009], [9.23435, 47.65616], [9.19694, 47.65614], [9.1834, 47.67042], [9.1281, 47.67042], [9.01659, 47.6789], [8.99767, 47.67383], [8.98176, 47.66216], [8.94538, 47.6543], [8.9062, 47.6518], [8.88171, 47.65614], [8.83779, 47.68084], [8.83768, 47.68779], [8.85608, 47.69068], [8.83024, 47.70719], [8.79758, 47.72003], [8.77071, 47.72086], [8.76172, 47.70125], [8.76988, 47.69507], [8.71707, 47.69456], [8.71263, 47.70869], [8.70043, 47.7235], [8.71976, 47.74732], [8.71314, 47.75742], [8.68193, 47.75874], [8.65702, 47.78812], [8.6441, 47.79101], [8.63501, 47.7846], [8.62984, 47.7628], [8.61744, 47.75732], [8.60762, 47.76225], [8.60162, 47.7946], [8.58312, 47.80024], [8.55822, 47.80117], [8.5423, 47.79502], [8.5516, 47.77926], [8.53651, 47.77409], [8.4715, 47.76706], [8.46365, 47.76391], [8.44546, 47.74318], [8.43791, 47.72319], [8.40195, 47.70709], [8.39213, 47.69952], [8.39099, 47.69213], [8.39771, 47.67629], [8.3913, 47.66546], [8.41197, 47.66104], [8.45827, 47.63988], [8.47605, 47.6404], [8.51967, 47.65735], [8.56824, 47.66293], [8.60731, 47.65629], [8.60162, 47.6326], [8.59511, 47.63482], [8.59356, 47.64257], [8.58033, 47.639], [8.57806, 47.63348], [8.5825, 47.62159], [8.58064, 47.60017], [8.57413, 47.59244], [8.5607, 47.5894], [8.53775, 47.61213], [8.52235, 47.6219], [8.49238, 47.61983], [8.46179, 47.60614], [8.44887, 47.58428], [8.41807, 47.58077], [8.35409, 47.58102], [8.30634, 47.59219], [8.28857, 47.6158], [8.25105, 47.622], [8.23297, 47.62195], [8.17902, 47.6158], [8.16207, 47.60376], [8.14377, 47.60007], [8.1139, 47.58785], [8.09695, 47.57185], [8.08724, 47.56738], [8.04228, 47.56056], [7.91216, 47.56056], [7.9043, 47.58356], [7.89821, 47.58785], [7.83371, 47.59048], [7.81966, 47.59534], [7.78529, 47.76125], [7.76269, 47.77037], [7.56255, 47.72311], [7.48385, 47.7572], [7.47231, 47.75813], [7.37077, 47.6974], [7.26635, 47.65289], [7.18083, 47.48827], [7.15365, 47.4864], [7.10373, 47.49628], [7.05392, 47.49038], [7.02797, 47.49294], [7.00978, 47.49925], [6.9733, 47.48909], [6.65872, 47.58927], [6.61027, 47.67202], [6.55795, 47.78023], [6.49152, 47.97887], [6.47651, 48.07526], [6.48013, 48.12235], [6.49408, 48.1678], [6.52039, 48.21108], [6.64948, 48.3664], [6.69931, 48.44953], [6.71581, 48.49551], [6.72468, 48.54579], [6.71525, 48.65913], [6.69742, 48.71354], [6.67049, 48.77468], [6.59659, 48.88336], [6.52574, 48.95416], [6.49734, 48.98246], [6.37822, 49.06625], [6.25033, 49.12824], [6.10324, 49.16727], [5.95435, 49.17556], [5.93165, 49.31617], [5.90249, 49.3823], [5.85262, 49.44293], [5.69559, 49.54448], [5.66857, 49.56788], [5.64818, 49.5942], [5.63598, 49.62496], [5.63605, 49.69662], [5.83323, 49.63562], [5.91932, 49.6161], [5.99603, 49.60539], [6.05997, 49.60512], [6.11208, 49.61722], [6.14611, 49.64275], [6.16178, 49.68477], [6.18413, 49.91854], [6.24111, 50.09113], [6.23534, 50.09772], [6.08624, 50.16639], [6.0322, 50.19709], [5.8934, 50.32511], [5.88897, 50.45768], [6.10332, 50.65849], [6.09985, 50.79866], [6.08907, 50.80632], [5.94572, 50.81844], [5.99071, 50.93302], [5.83773, 51.00626], [5.77756, 51.02355], [5.76402, 51.03518], [5.77146, 51.05812], [5.77963, 51.0613], [5.7913, 51.055], [5.80433, 51.06859], [5.81177, 51.08231], [5.80495, 51.09662], [5.82665, 51.09691], [5.84598, 51.10339], [5.82324, 51.11874], [5.82644, 51.13016], [5.8405, 51.13892], [5.82913, 51.15646], [5.81208, 51.15732], [5.78138, 51.15241], [5.76805, 51.15946], [5.74717, 51.1776], [5.73084, 51.18375], [5.65901, 51.17907], [5.62501, 51.1969], [5.56837, 51.20765], [5.54553, 51.21992], [5.54233, 51.24266], [5.5352, 51.26204], [5.51775, 51.27636], [5.81974, 51.42287], [6.12323, 51.56403], [6.08648, 51.59553], [6.08214, 51.60781], [6.09919, 51.64447]]], [[[21.79333, 53.41473], [21.79602, 53.40368], [21.76882, 53.39571], [21.79333, 53.41473]]], [[[22.13954, 53.54477], [22.03648, 53.56822], [22.39842, 53.79073], [22.31378, 53.6689], [22.20412, 53.5781], [22.13954, 53.54477]]], [[[21.95888, 53.64791], [22.00053, 53.94644], [22.48115, 53.90777], [22.40013, 53.79317], [21.95888, 53.64791]]], [[[11.42662, 54.02293], [11.46803, 54.03094], [11.4979, 54.02277], [11.46827, 53.97069], [11.45771, 53.96139], [11.44534, 53.96114], [11.45143, 53.98554], [11.44703, 53.99714], [11.43873, 53.99726], [11.43328, 53.98876], [11.43776, 53.975], [11.4231, 53.96773], [11.40708, 53.96822], [11.37568, 53.98184], [11.39068, 54.00473], [11.42662, 54.02293]]], [[[11.61585, 54.11209], [11.55274, 54.07306], [11.53396, 54.05696], [11.52851, 54.0751], [11.53396, 54.08486], [11.6019, 54.10415], [11.61585, 54.11209]]], [[[13.21168, 54.37908], [13.22332, 54.3725], [13.26686, 54.38589], [13.25115, 54.38691], [13.23929, 54.39363], [13.23441, 54.40339], [13.23902, 54.42007], [13.22536, 54.42085], [13.2116, 54.4311], [13.20143, 54.43366], [13.15702, 54.42684], [13.18182, 54.45302], [13.25953, 54.46845], [13.25955, 54.47529], [13.27312, 54.48212], [13.23326, 54.49308], [13.22537, 54.50195], [13.23276, 54.51626], [13.1854, 54.5083], [13.16604, 54.51912], [13.15886, 54.54068], [13.14347, 54.54292], [13.16674, 54.54942], [13.24293, 54.55598], [13.25953, 54.55378], [13.28826, 54.53994], [13.29786, 54.51968], [13.30925, 54.53482], [13.30106, 54.55036], [13.33367, 54.57307], [13.36939, 54.58514], [13.34205, 54.55036], [13.35385, 54.54987], [13.36313, 54.54291], [13.34889, 54.52367], [13.37485, 54.52558], [13.3838, 54.53189], [13.38982, 54.54291], [13.36313, 54.55036], [13.36313, 54.5572], [13.37671, 54.56463], [13.41731, 54.52456], [13.4109, 54.50943], [13.43068, 54.49274], [13.45558, 54.48749], [13.50709, 54.48827], [13.4997, 54.49575], [13.52076, 54.51626], [13.52076, 54.52367], [13.49968, 54.5572], [13.52076, 54.56464], [13.52076, 54.57079], [13.50831, 54.57038], [13.48658, 54.5572], [13.44142, 54.55721], [13.42384, 54.57453], [13.39902, 54.57977], [13.36915, 54.61213], [13.3318, 54.58784], [13.27358, 54.56107], [13.25327, 54.56464], [13.24978, 54.57648], [13.25687, 54.59491], [13.26988, 54.6118], [13.28395, 54.61929], [13.29347, 54.64228], [13.29054, 54.64655], [13.22516, 54.63489], [13.23098, 54.6533], [13.25401, 54.6651], [13.39047, 54.68812], [13.41871, 54.68841], [13.44506, 54.68007], [13.44506, 54.6739], [13.39088, 54.65054], [13.38299, 54.63638], [13.39187, 54.61182], [13.40278, 54.59915], [13.42457, 54.58515], [13.46632, 54.57689], [13.59596, 54.59136], [13.64046, 54.58567], [13.67065, 54.56623], [13.67705, 54.54028], [13.65112, 54.51627], [13.58481, 54.48652], [13.57545, 54.47187], [13.5879, 54.43757], [13.60955, 54.4138], [13.67741, 54.40081], [13.69797, 54.39219], [13.74195, 54.35049], [13.76641, 54.34491], [13.74008, 54.32982], [13.73015, 54.31684], [13.72314, 54.2784], [13.69098, 54.28352], [13.71192, 54.28657], [13.71192, 54.30394], [13.67945, 54.29401], [13.65115, 54.29719], [13.65115, 54.30393], [13.68824, 54.3133], [13.70362, 54.32046], [13.71192, 54.33186], [13.65992, 54.32978], [13.61722, 54.31772], [13.69093, 54.34492], [13.69093, 54.35175], [13.65008, 54.35244], [13.62681, 54.33911], [13.59929, 54.35175], [13.49969, 54.34492], [13.42888, 54.31094], [13.40609, 54.28523], [13.35963, 54.27546], [13.35572, 54.24873], [13.3694, 54.25556], [13.36313, 54.26301], [13.41772, 54.26605], [13.42307, 54.23296], [13.40723, 54.22823], [13.34745, 54.23736], [13.31156, 54.25113], [13.33521, 54.2835], [13.30787, 54.26919], [13.31471, 54.26301], [13.28419, 54.26284], [13.26791, 54.2565], [13.24244, 54.26919], [13.21015, 54.27583], [13.19925, 54.28441], [13.20484, 54.29719], [13.19028, 54.29975], [13.14969, 54.29027], [13.14285, 54.298], [13.14895, 54.30475], [13.16228, 54.30769], [13.1775, 54.30394], [13.1775, 54.31021], [13.11551, 54.33808], [13.14895, 54.37726], [13.17433, 54.38397], [13.20484, 54.37226], [13.21168, 54.37908]]], [[[11.05812, 54.45527], [11.0325, 54.44734], [11.02573, 54.45881], [11.00849, 54.45467], [11.00573, 54.46845], [11.03372, 54.50885], [11.07265, 54.53104], [11.12126, 54.53595], [11.20685, 54.51432], [11.23999, 54.49555], [11.31419, 54.41382], [11.18849, 54.42617], [11.17018, 54.42007], [11.17902, 54.41422], [11.11265, 54.41524], [11.10135, 54.42349], [11.09864, 54.45165], [11.05812, 54.45527]]], [[[8.84451, 54.51971], [8.87932, 54.52903], [8.9192, 54.53045], [8.96312, 54.52367], [8.95686, 54.50943], [8.9113, 54.4755], [8.88794, 54.46846], [8.84411, 54.46658], [8.82392, 54.47086], [8.81286, 54.48212], [8.82374, 54.48554], [8.82553, 54.4912], [8.81286, 54.50194], [8.84451, 54.51971]]], [[[13.10253, 54.52994], [13.07504, 54.50943], [13.06819, 54.46846], [13.06139, 54.46846], [13.06424, 54.50511], [13.10232, 54.59609], [13.10999, 54.60315], [13.15104, 54.60492], [13.15708, 54.58818], [13.14967, 54.59138], [13.14965, 54.57771], [13.1434, 54.57773], [13.1434, 54.59813], [13.11891, 54.58641], [13.10253, 54.52994]]], [[[10.74285, 54.75659], [10.73128, 54.74006], [10.69387, 54.73531], [10.68191, 54.74482], [10.66911, 54.77441], [10.74285, 54.75659]]], [[[10.46363, 54.88247], [10.45025, 54.89977], [10.49893, 54.87476], [10.49871, 54.85887], [10.51852, 54.852], [10.44011, 54.8415], [10.40626, 54.8247], [10.38349, 54.83077], [10.21145, 54.93936], [10.18925, 54.97745], [10.20387, 54.96808], [10.28837, 54.94086], [10.31372, 54.92771], [10.34962, 54.89672], [10.36427, 54.89301], [10.39137, 54.89545], [10.39584, 54.90347], [10.38888, 54.92027], [10.40307, 54.90839], [10.41521, 54.87848], [10.42604, 54.8725], [10.46095, 54.8745], [10.46363, 54.88247]]], [[[9.96093, 55.01503], [10.02588, 54.95978], [10.06501, 54.891], [10.06445, 54.88102], [10.02198, 54.87934], [9.96803, 54.85954], [9.8743, 54.88618], [9.87428, 54.89301], [9.90089, 54.9007], [9.99155, 54.8725], [9.99155, 54.87934], [9.9437, 54.90363], [9.88795, 54.91352], [9.85384, 54.89983], [9.81439, 54.90122], [9.78093, 54.91682], [9.76124, 54.94306], [9.76441, 54.97553], [9.75815, 54.97553], [9.75815, 54.98174], [9.8274, 54.94546], [9.8475, 54.94819], [9.83279, 54.96515], [9.84213, 54.97028], [9.79354, 54.99237], [9.78682, 55.00015], [9.79908, 55.00971], [9.79908, 55.01655], [9.72055, 55.01227], [9.67416, 55.02106], [9.66895, 55.03041], [9.69663, 55.05069], [9.64552, 55.04488], [9.62843, 55.05069], [9.62845, 55.05804], [9.71665, 55.08221], [9.7523, 55.08536], [9.79346, 55.08075], [9.85304, 55.04011], [9.88478, 55.03022], [9.92904, 55.02618], [9.96093, 55.01503]]], [[[10.14615, 55.12958], [10.23297, 55.10467], [10.328, 55.06302], [10.31276, 55.06368], [10.23422, 55.09223], [10.20525, 55.0937], [10.1976, 55.08609], [10.19701, 55.0643], [10.14178, 55.09223], [10.08351, 55.08699], [10.06596, 55.09223], [10.14615, 55.12958]]], [[[10.02913, 55.1424], [10.02563, 55.12572], [9.98554, 55.12776], [9.98976, 55.14338], [9.98694, 55.15468], [10.01854, 55.15169], [10.02913, 55.1424]]]]}}, {"type": "Feature", "properties": {"map_title": "참전국의 사상자 수", "source": "미래엔 세계사 교과서 4권 183쪽", "volume": 4, "page": 183, "legend": "동맹국", "name": "독일", "name_en": "Germany", "period": "1914–1918", "kind": "국가", "alliance": "동맹국", "soldiers": 13250000, "casualties": 1950000, "coast_snap": "Natural Earth 10m 해안선에 맞춤", "border_snap": "현대 국경(Natural Earth 10m)에 맞춘 구간 약 944 km", "group": "독일", "map_folder": "4권_p183_참전국의 사상자 수"}, "geometry": {"type": "MultiPolygon", "coordinates": [[[[5.82286, 53.47167], [5.91382, 53.47385], [5.95456, 53.46109], [5.85564, 53.44743], [5.8062, 53.44744], [5.82286, 53.47167]]], [[[6.1854, 53.50486], [6.31043, 53.51413], [6.33872, 53.50864], [6.3387, 53.50203], [6.15317, 53.46882], [6.13331, 53.45362], [6.12715, 53.46308], [6.13331, 53.46792], [6.12283, 53.48163], [6.14797, 53.49485], [6.1854, 53.50486]]], [[[6.5857, 53.53336], [6.57051, 53.53812], [6.58329, 53.54794], [6.60602, 53.54775], [6.5857, 53.53336]]], [[[6.45509, 53.55808], [6.50976, 53.5437], [6.49609, 53.53627], [6.44306, 53.55], [6.44119, 53.55662], [6.45509, 53.55808]]], [[[6.65954, 53.5991], [6.74693, 53.61828], [6.78467, 53.62005], [6.79808, 53.60445], [6.72242, 53.59077], [6.72242, 53.58462], [6.74218, 53.57835], [6.75649, 53.56291], [6.72608, 53.57714], [6.69508, 53.57031], [6.67711, 53.57564], [6.66336, 53.58735], [6.65954, 53.5991]]], [[[6.867, 53.64736], [6.89519, 53.65142], [6.92178, 53.64195], [6.89372, 53.62321], [6.86599, 53.63378], [6.867, 53.64736]]], [[[6.91082, 53.68365], [7.04705, 53.69415], [7.08539, 53.687], [6.87387, 53.67277], [6.91082, 53.68365]]], [[[7.13319, 53.70808], [7.17897, 53.72406], [7.23257, 53.7294], [7.34619, 53.72796], [7.34669, 53.72323], [7.29574, 53.71101], [7.17397, 53.70143], [7.13319, 53.70808]]], [[[8.19593, 53.72798], [8.17172, 53.72557], [8.15089, 53.71431], [8.13071, 53.71845], [8.12014, 53.71432], [8.13246, 53.73383], [8.15271, 53.73913], [8.17481, 53.737], [8.19593, 53.72798]]], [[[7.42261, 53.73419], [7.43554, 53.72797], [7.42124, 53.72115], [7.3666, 53.72798], [7.39621, 53.73605], [7.42261, 53.73419]]], [[[7.48328, 53.76004], [7.60661, 53.76259], [7.6267, 53.75527], [7.62719, 53.75093], [7.5477, 53.75043], [7.51393, 53.74551], [7.51123, 53.72798], [7.48195, 53.72713], [7.47301, 53.73188], [7.46959, 53.74535], [7.47463, 53.75682], [7.48328, 53.76004]]], [[[7.66092, 53.76211], [7.69293, 53.78187], [7.72828, 53.78656], [7.81246, 53.78316], [7.81282, 53.77636], [7.79859, 53.77635], [7.74779, 53.76092], [7.7195, 53.75992], [7.695, 53.76952], [7.67738, 53.75793], [7.66864, 53.75789], [7.66092, 53.76211]]], [[[7.85891, 53.79091], [7.91407, 53.79534], [7.9555, 53.78292], [7.87526, 53.7884], [7.87378, 53.77637], [7.85452, 53.78458], [7.85891, 53.79091]]], [[[8.68612, 54.04224], [8.67345, 54.04471], [8.66273, 54.05375], [8.65889, 54.06428], [8.66626, 54.0762], [8.68196, 54.08042], [8.68295, 54.06611], [8.69286, 54.05679], [8.68612, 54.04224]]], [[[7.87993, 54.19391], [7.89453, 54.19464], [7.90414, 54.18043], [7.89919, 54.17818], [7.87993, 54.19391]]], [[[8.69287, 54.52326], [8.66976, 54.50191], [8.64128, 54.49239], [8.61853, 54.49277], [8.5959, 54.51366], [8.60208, 54.52976], [8.63484, 54.54271], [8.69889, 54.55857], [8.69287, 54.52326]]], [[[8.36035, 54.71482], [8.36044, 54.70985], [8.33237, 54.69379], [8.38233, 54.63915], [8.40135, 54.63296], [8.35369, 54.61898], [8.33027, 54.63142], [8.29154, 54.66706], [8.33814, 54.70999], [8.36035, 54.71482]]], [[[8.39457, 54.71483], [8.41425, 54.73578], [8.43679, 54.74847], [8.46413, 54.75478], [8.49813, 54.7564], [8.55323, 54.75445], [8.57592, 54.7464], [8.59374, 54.72167], [8.56576, 54.68757], [8.53517, 54.68619], [8.51124, 54.69379], [8.48485, 54.68812], [8.45282, 54.69384], [8.39457, 54.71483]]], [[[8.37373, 55.03497], [8.41579, 55.06532], [8.46333, 55.05069], [8.40235, 55.04877], [8.39454, 55.04385], [8.42221, 55.04218], [8.43041, 55.03001], [8.42154, 55.01627], [8.38087, 55.00308], [8.36199, 54.9868], [8.35157, 54.96674], [8.36035, 54.94819], [8.3545, 54.91275], [8.38836, 54.89423], [8.43653, 54.88727], [8.65447, 54.89362], [8.6294, 54.88216], [8.5044, 54.88618], [8.44569, 54.86628], [8.37713, 54.86629], [8.36199, 54.87694], [8.34392, 54.8791], [8.30201, 54.86262], [8.29493, 54.83153], [8.29579, 54.75938], [8.28444, 54.74239], [8.27703, 54.7826], [8.28868, 54.89151], [8.37373, 55.03497]]], [[[8.45021, 55.39338], [8.47638, 55.34545], [8.45168, 55.33976], [8.42514, 55.35572], [8.389, 55.40023], [8.45482, 55.43193], [8.46337, 55.42743], [8.46304, 55.41572], [8.45021, 55.39338]]], [[[5.74338, 52.10474], [5.77943, 52.23965], [5.61753, 52.35114], [5.84549, 52.49819], [5.81766, 52.55827], [5.91855, 52.77958], [5.68485, 53.06793], [5.84058, 53.15903], [5.79136, 53.23953], [5.77318, 53.31002], [5.77347, 53.34916], [5.98081, 53.40606], [6.27393, 53.41266], [6.31153, 53.39899], [6.34556, 53.41266], [6.49393, 53.43863], [6.73063, 53.4606], [6.82911, 53.45058], [6.84977, 53.44488], [6.86685, 53.43427], [6.90056, 53.35179], [6.93001, 53.34007], [6.94858, 53.32608], [7.02003, 53.30614], [7.03777, 53.30963], [7.05828, 53.30195], [7.08544, 53.30963], [7.08544, 53.30281], [7.0735, 53.29564], [7.08074, 53.26679], [7.11109, 53.25633], [7.19459, 53.24502], [7.21583, 53.2556], [7.23357, 53.27363], [7.23699, 53.28555], [7.22952, 53.29657], [7.25477, 53.31954], [7.29152, 53.32392], [7.36655, 53.3028], [7.34254, 53.32404], [7.30291, 53.33275], [7.07521, 53.3376], [7.03827, 53.34859], [7.02363, 53.37641], [7.0233, 53.45051], [7.05146, 53.5126], [7.05975, 53.5217], [7.11964, 53.5163], [7.14178, 53.53718], [7.13999, 53.54979], [7.13111, 53.55695], [7.08889, 53.57372], [7.08678, 53.58686], [7.10094, 53.59788], [7.13315, 53.61127], [7.2261, 53.66648], [7.30503, 53.68479], [7.45883, 53.69512], [7.48024, 53.68203], [7.50392, 53.67866], [7.65162, 53.69699], [7.95143, 53.7219], [8.03141, 53.70807], [8.02491, 53.67255], [8.05291, 53.6363], [8.09409, 53.60472], [8.1276, 53.59076], [8.11915, 53.57193], [8.15674, 53.56366], [8.16796, 53.55321], [8.16487, 53.53523], [8.15516, 53.5259], [8.11573, 53.51074], [8.07634, 53.50861], [8.05877, 53.50202], [8.08619, 53.45612], [8.09978, 53.44741], [8.12387, 53.454], [8.15234, 53.44977], [8.18668, 53.4295], [8.20533, 53.41071], [8.2365, 53.40672], [8.25945, 53.4123], [8.29282, 53.4405], [8.31511, 53.47492], [8.32049, 53.50922], [8.29151, 53.52936], [8.25221, 53.52311], [8.23123, 53.52522], [8.24889, 53.59027], [8.27069, 53.61285], [8.32969, 53.61802], [8.34847, 53.61285], [8.38771, 53.57713], [8.42807, 53.56476], [8.51343, 53.55475], [8.55209, 53.54361], [8.55209, 53.5362], [8.5062, 53.50796], [8.49, 53.4864], [8.48504, 53.40119], [8.4909, 53.37645], [8.50441, 53.35806], [8.49757, 53.47476], [8.51287, 53.49649], [8.55665, 53.51822], [8.56577, 53.5467], [8.50846, 53.6249], [8.4871, 53.66694], [8.48611, 53.70042], [8.57327, 53.85765], [8.60712, 53.88153], [8.65187, 53.89247], [8.68457, 53.88848], [8.74464, 53.85415], [8.78248, 53.84248], [8.86069, 53.831], [8.90357, 53.83173], [8.97625, 53.84242], [9.01629, 53.84052], [9.03502, 53.85357], [9.11452, 53.86513], [9.19361, 53.86469], [9.2107, 53.87196], [9.22429, 53.86591], [9.27467, 53.86514], [9.30535, 53.84455], [9.40268, 53.74242], [9.48469, 53.69009], [9.49838, 53.65986], [9.56707, 53.59959], [9.60092, 53.58633], [9.63722, 53.581], [9.69663, 53.55663], [9.81902, 53.54035], [9.83204, 53.54361], [9.81959, 53.55663], [9.78207, 53.56973], [9.69239, 53.57591], [9.65577, 53.58462], [9.58367, 53.61245], [9.55079, 53.63459], [9.53224, 53.71117], [9.46023, 53.73543], [9.43582, 53.74869], [9.41237, 53.77892], [9.39668, 53.81102], [9.39519, 53.831], [9.35875, 53.83956], [9.29558, 53.87189], [9.25782, 53.88556], [9.22047, 53.89077], [9.09344, 53.89249], [9.02996, 53.90713], [9.00782, 53.8925], [8.98503, 53.89696], [8.94949, 53.91292], [8.91605, 53.93741], [8.83337, 54.03644], [8.87184, 54.04693], [8.89063, 54.04779], [8.97535, 54.02408], [8.99724, 54.03022], [9.01303, 54.06098], [9.01832, 54.09789], [8.97448, 54.12808], [8.97731, 54.1457], [8.95289, 54.15009], [8.91798, 54.14631], [8.8607, 54.1252], [8.81285, 54.18049], [8.84669, 54.23355], [8.83963, 54.25556], [8.92205, 54.27424], [8.96315, 54.31761], [8.94028, 54.31501], [8.90259, 54.29585], [8.88114, 54.29029], [8.88795, 54.30394], [8.77504, 54.2903], [8.73894, 54.29389], [8.67848, 54.2692], [8.65188, 54.27486], [8.62369, 54.28994], [8.60273, 54.31208], [8.59988, 54.33808], [8.61403, 54.34837], [8.64137, 54.35566], [8.69557, 54.35859], [8.69557, 54.36542], [8.65064, 54.378], [8.63479, 54.36543], [8.62625, 54.37641], [8.6291, 54.38744], [8.64845, 54.40639], [8.66977, 54.40082], [8.75083, 54.4138], [8.86069, 54.4138], [8.88608, 54.41779], [8.94948, 54.44733], [9.00473, 54.46589], [9.01157, 54.50633], [8.98609, 54.52928], [8.90448, 54.58064], [8.87875, 54.60651], [8.85816, 54.60615], [8.82586, 54.59815], [8.81904, 54.60561], [8.85328, 54.61929], [8.80543, 54.68757], [8.72267, 54.72553], [8.68875, 54.7353], [8.69435, 54.76024], [8.64847, 54.81786], [8.64278, 54.84418], [8.66879, 54.91352], [8.66141, 54.92032], [8.67482, 54.94794], [8.64098, 55.02338], [8.64476, 55.05553], [8.6819, 55.1332], [8.56365, 55.14338], [8.55737, 55.09638], [8.55111, 55.09138], [8.54135, 55.09028], [8.51481, 55.0708], [8.49936, 55.06559], [8.48391, 55.06762], [8.47013, 55.0788], [8.45885, 55.10346], [8.46028, 55.12764], [8.47025, 55.17755], [8.48896, 55.19716], [8.53094, 55.20068], [8.57259, 55.19366], [8.59373, 55.18098], [8.56951, 55.17377], [8.55209, 55.16055], [8.55519, 55.14936], [8.66928, 55.13691], [8.68946, 55.14159], [8.65591, 55.23765], [8.64847, 55.28026], [8.66139, 55.31444], [8.63209, 55.41877], [8.61769, 55.43793], [8.59254, 55.44929], [8.51149, 55.45499], [8.59528, 55.48976], [8.73268, 55.52691], [8.70632, 55.60405], [8.70196, 55.63964], [8.71162, 55.70935], [8.7454, 55.77707], [8.75837, 55.79333], [8.77136, 55.80959], [8.83895, 55.86875], [8.9254, 55.91901], [9.02607, 55.95817], [9.03195, 55.93818], [9.05066, 55.93417], [9.14098, 55.98629], [9.20518, 55.99596], [9.32923, 56.00358], [9.45455, 55.99736], [9.6281, 55.97874], [9.77222, 55.9533], [9.86287, 55.95516], [9.97785, 55.94727], [10.11115, 55.96423], [10.25055, 55.96479], [10.24547, 55.91483], [10.21753, 55.88985], [10.18336, 55.87372], [10.19937, 55.85074], [10.18213, 55.83369], [10.17234, 55.83154], [10.15106, 55.83813], [10.12379, 55.87328], [10.10182, 55.88239], [10.00465, 55.87987], [9.99171, 55.87735], [9.97046, 55.85945], [9.94484, 55.85366], [9.89177, 55.85537], [9.86744, 55.852], [9.89259, 55.83625], [10.03531, 55.81847], [10.04573, 55.81395], [10.01734, 55.76557], [10.01979, 55.75788], [10.05981, 55.7564], [10.05981, 55.7495], [10.01881, 55.73627], [10.00685, 55.72504], [10.01822, 55.70857], [10.00522, 55.70113], [9.9817, 55.70942], [9.87184, 55.69123], [9.82178, 55.67598], [9.79225, 55.67447], [9.73098, 55.68814], [9.68653, 55.70856], [9.58302, 55.70889], [9.55958, 55.7154], [9.55641, 55.71158], [9.55274, 55.70112], [9.57358, 55.69546], [9.64552, 55.69489], [9.65853, 55.69037], [9.71028, 55.66014], [9.73829, 55.62971], [9.85373, 55.62664], [9.78549, 55.59195], [9.75765, 55.57161], [9.71241, 55.56029], [9.70689, 55.53732], [9.64389, 55.52831], [9.60727, 55.5168], [9.55958, 55.52363], [9.5664, 55.5168], [9.55192, 55.50512], [9.5149, 55.4982], [9.49806, 55.48945], [9.51564, 55.48314], [9.53443, 55.48383], [9.60238, 55.49578], [9.66015, 55.47797], [9.66417, 55.46649], [9.64892, 55.44107], [9.58676, 55.42744], [9.6079, 55.39326], [9.60084, 55.36591], [9.64526, 55.34272], [9.64827, 55.33292], [9.63461, 55.32502], [9.63461, 55.31757], [9.6819, 55.27464], [9.70605, 55.26508], [9.71027, 55.24868], [9.68412, 55.19746], [9.6421, 55.18843], [9.58334, 55.19465], [9.56984, 55.19253], [9.54589, 55.17415], [9.48634, 55.15624], [9.48634, 55.14741], [9.49464, 55.14008], [9.51187, 55.14007], [9.51187, 55.13321], [9.48243, 55.13378], [9.45655, 55.12572], [9.52132, 55.11586], [9.55956, 55.0854], [9.5166, 55.05655], [9.4524, 55.04536], [9.43434, 55.03754], [9.44288, 55.02338], [9.45525, 55.02318], [9.51189, 55.03636], [9.54591, 55.03636], [9.57992, 55.05067], [9.60156, 55.04539], [9.66261, 55.00971], [9.71754, 55.00117], [9.73095, 54.99542], [9.73862, 54.98086], [9.76317, 54.90046], [9.75161, 54.89301], [9.71144, 54.89859], [9.70346, 54.88618], [9.72787, 54.87946], [9.74459, 54.86603], [9.75015, 54.84602], [9.74593, 54.83601], [9.73121, 54.83154], [9.71959, 54.83585], [9.69663, 54.85887], [9.65504, 54.85709], [9.62332, 54.86531], [9.63461, 54.87934], [9.61038, 54.90322], [9.64422, 54.91327], [9.63884, 54.92475], [9.615, 54.93269], [9.58676, 54.92772], [9.5459, 54.87935], [9.52215, 54.8793], [9.45639, 54.84382], [9.44288, 54.83153], [9.43629, 54.81045], [9.45143, 54.81037], [9.511, 54.82783], [9.52997, 54.84149], [9.55437, 54.84711], [9.57991, 54.86626], [9.58318, 54.83027], [9.6316, 54.81989], [9.69304, 54.81801], [9.73462, 54.80731], [9.80175, 54.78339], [9.82374, 54.75674], [9.89536, 54.76948], [9.89147, 54.79026], [9.91504, 54.79119], [9.94773, 54.77937], [9.97045, 54.76264], [9.99049, 54.72053], [10.01821, 54.70124], [10.00538, 54.69551], [9.97047, 54.70124], [9.9463, 54.68765], [9.93238, 54.68525], [9.92945, 54.6739], [9.99632, 54.67878], [10.0114, 54.66706], [10.03353, 54.67291], [10.0389, 54.66701], [10.03191, 54.65278], [10.03758, 54.61886], [10.02694, 54.56021], [10.01026, 54.53419], [9.96557, 54.50618], [9.92495, 54.49304], [9.8401, 54.48212], [9.8401, 54.47529], [9.88331, 54.4621], [10.12432, 54.4957], [10.14368, 54.49171], [10.20384, 54.461], [10.18393, 54.44937], [10.19703, 54.4101], [10.19125, 54.39671], [10.15933, 54.37546], [10.14177, 54.37226], [10.14826, 54.36518], [10.14178, 54.35859], [10.15553, 54.34341], [10.14178, 54.32441], [10.16375, 54.32917], [10.18035, 54.34113], [10.22439, 54.4138], [10.27215, 54.42007], [10.3069, 54.4411], [10.31837, 54.44329], [10.36117, 54.44101], [10.44337, 54.4064], [10.60107, 54.36541], [10.6902, 54.31623], [10.73129, 54.31021], [10.77711, 54.31513], [10.8108, 54.32738], [10.86822, 54.3587], [10.93532, 54.37953], [11.01879, 54.38588], [11.01879, 54.3791], [10.97584, 54.3784], [10.99318, 54.37385], [11.01051, 54.37718], [11.03395, 54.36762], [11.10418, 54.39288], [11.13548, 54.38589], [11.08773, 54.35176], [11.06658, 54.35859], [11.0774, 54.34223], [11.09448, 54.28352], [11.08709, 54.2709], [11.09448, 54.22508], [11.09016, 54.208], [11.06656, 54.18391], [10.95045, 54.13947], [10.90997, 54.10906], [10.83611, 54.09001], [10.82228, 54.09736], [10.80144, 54.09223], [10.75261, 54.05012], [10.76588, 54.02436], [10.79965, 54.00056], [10.82691, 53.99543], [10.87548, 53.99542], [10.88738, 53.96393], [10.91765, 53.96076], [10.9647, 53.98541], [11.00025, 53.9916], [11.05348, 54.00848], [11.17506, 54.018], [11.19075, 54.01032], [11.20436, 53.98924], [11.23991, 53.98346], [11.24535, 53.97842], [11.24293, 53.94522], [11.25563, 53.94086], [11.29371, 53.94086], [11.33416, 53.96136], [11.35825, 53.94086], [11.3999, 53.94085], [11.43873, 53.90912], [11.45769, 53.90616], [11.47682, 53.9527], [11.47242, 53.96882], [11.49789, 53.98184], [11.49171, 54.00235], [11.52589, 54.02277], [11.51907, 54.03643], [11.55323, 54.03022], [11.5735, 54.03905], [11.59133, 54.06561], [11.6128, 54.0729], [11.62452, 54.08364], [11.62957, 54.09602], [11.62208, 54.09957], [11.62525, 54.10981], [11.6579, 54.14223], [11.68971, 54.15521], [11.72877, 54.1585], [11.81227, 54.14981], [12.05063, 54.17992], [12.08813, 54.19406], [12.09165, 54.114], [12.115, 54.09789], [12.09506, 54.1457], [12.10548, 54.15738], [12.13429, 54.16698], [12.14283, 54.18049], [12.12086, 54.18], [12.10133, 54.17365], [12.1089, 54.18301], [12.1631, 54.21992], [12.18687, 54.24335], [12.2894, 54.27509], [12.34213, 54.30394], [12.37846, 54.34515], [12.43832, 54.39582], [12.4861, 54.44733], [12.50198, 54.47357], [12.53385, 54.48825], [12.53385, 54.48212], [12.52703, 54.48212], [12.54835, 54.46206], [12.59148, 54.45173], [12.8191, 54.45172], [12.85662, 54.44111], [12.87965, 54.44879], [12.90837, 54.44464], [12.92113, 54.4335], [12.89639, 54.4201], [12.87078, 54.41683], [12.76368, 54.4222], [12.69459, 54.43366], [12.67042, 54.42007], [12.6242, 54.42292], [12.61451, 54.41974], [12.6084, 54.40641], [12.60222, 54.4138], [12.58172, 54.4064], [12.58766, 54.39403], [12.6022, 54.39208], [12.59472, 54.3859], [12.57553, 54.392], [12.55405, 54.39082], [12.53598, 54.38373], [12.52704, 54.37227], [12.51075, 54.38426], [12.49098, 54.39008], [12.45476, 54.39208], [12.43849, 54.38752], [12.41847, 54.36066], [12.42398, 54.34493], [12.39674, 54.35175], [12.3899, 54.34492], [12.39648, 54.33295], [12.3916, 54.32112], [12.37907, 54.31245], [12.36256, 54.31021], [12.38012, 54.27709], [12.36883, 54.26919], [12.41245, 54.25141], [12.43678, 54.24771], [12.45818, 54.25556], [12.44264, 54.25519], [12.41035, 54.26919], [12.4263, 54.28961], [12.47242, 54.31021], [12.4787, 54.33185], [12.56056, 54.35859], [12.54081, 54.36542], [12.54078, 54.37226], [12.55934, 54.37629], [12.57423, 54.37226], [12.57423, 54.3791], [12.59295, 54.36933], [12.62273, 54.37393], [12.67726, 54.39208], [12.67044, 54.4064], [12.68084, 54.41088], [12.71752, 54.4138], [12.71752, 54.40641], [12.70249, 54.40412], [12.69239, 54.39619], [12.68409, 54.37226], [12.7046, 54.3996], [12.72381, 54.38125], [12.73504, 54.37816], [12.74611, 54.38588], [12.75782, 54.37979], [12.76856, 54.38007], [12.78711, 54.39205], [12.79469, 54.37714], [12.81804, 54.35798], [12.85467, 54.35786], [12.87599, 54.36542], [12.90383, 54.3996], [12.92937, 54.41437], [12.9691, 54.42938], [13.0088, 54.43805], [13.03416, 54.43366], [13.0215, 54.42646], [13.02857, 54.40184], [13.04038, 54.39208], [13.09553, 54.37226], [13.07667, 54.35252], [13.08074, 54.33714], [13.1092, 54.3102], [13.11492, 54.28001], [13.12599, 54.2766], [13.17065, 54.27659], [13.17066, 54.26919], [13.1434, 54.26301], [13.17612, 54.26484], [13.22836, 54.24738], [13.28881, 54.23427], [13.32179, 54.19453], [13.34887, 54.18048], [13.32154, 54.16682], [13.34653, 54.16694], [13.3838, 54.17812], [13.40347, 54.17365], [13.38299, 54.15314], [13.39479, 54.14891], [13.4087, 54.15461], [13.41772, 54.15313], [13.4651, 54.09846], [13.48357, 54.0913], [13.50709, 54.09105], [13.50709, 54.09789], [13.47928, 54.11836], [13.47928, 54.12518], [13.60271, 54.13947], [13.68345, 54.16803], [13.71192, 54.17364], [13.71467, 54.16406], [13.69825, 54.15933], [13.69825, 54.15314], [13.72902, 54.14374], [13.80812, 54.10468], [13.7732, 54.04633], [13.7461, 54.03644], [13.79762, 53.99893], [13.83862, 53.98631], [13.84864, 53.95555], [13.86722, 53.95457], [13.90602, 53.94306], [13.90756, 53.93354], [13.89014, 53.91291], [13.81853, 53.878], [13.80812, 53.86514], [13.81707, 53.85293], [13.8628, 53.84125], [13.86915, 53.83031], [13.89991, 53.80915], [13.91065, 53.81048], [13.98422, 53.77399], [14.01734, 53.76951], [14.03745, 53.75528], [14.06851, 53.75533], [14.10613, 53.74335], [14.18653, 53.73981], [14.21469, 53.74486], [14.23415, 53.76177], [14.25016, 53.75995], [14.26448, 53.75161], [14.26743, 53.73542], [14.21274, 53.70807], [14.22535, 53.70376], [14.27369, 53.70063], [14.30486, 53.71255], [14.30616, 53.72069], [14.2886, 53.72798], [14.30161, 53.73485], [14.28859, 53.74164], [14.29421, 53.74907], [14.3304, 53.73419], [14.34205, 53.71491], [14.38355, 53.70062], [14.41456, 53.68236], [14.45898, 53.67782], [14.51237, 53.66644], [14.53072, 53.65792], [14.59059, 53.59838], [14.60159, 53.62665], [14.62379, 53.63923], [14.62379, 53.65282], [14.57595, 53.65966], [14.54495, 53.70405], [14.57595, 53.7695], [14.58741, 53.76349], [14.62379, 53.76952], [14.61673, 53.79475], [14.63063, 53.85151], [14.62379, 53.85151], [14.61354, 53.83161], [14.58961, 53.81733], [14.59586, 53.81051], [14.58741, 53.81257], [14.56912, 53.82416], [14.58961, 53.83784], [14.57586, 53.8548], [14.55209, 53.86278], [14.44118, 53.86963], [14.42556, 53.87982], [14.43816, 53.89932], [14.43189, 53.90616], [14.42205, 53.89614], [14.3851, 53.89728], [14.36305, 53.87938], [14.40919, 53.87157], [14.41765, 53.86514], [14.41548, 53.85282], [14.39292, 53.84082], [14.38356, 53.84467], [14.35621, 53.83447], [14.3283, 53.831], [14.3283, 53.82416], [14.34203, 53.82099], [14.3283, 53.81734], [14.27468, 53.8308], [14.22657, 53.87198], [14.20314, 53.87832], [14.08741, 53.87044], [14.06512, 53.87239], [14.04835, 53.87938], [14.02506, 53.86385], [13.99615, 53.85385], [13.93848, 53.84468], [13.87526, 53.84406], [13.8401, 53.85029], [13.82179, 53.86514], [13.85548, 53.87739], [13.88771, 53.88154], [13.93165, 53.89932], [13.93898, 53.92821], [13.90188, 53.9698], [13.90449, 53.99542], [13.95484, 53.99358], [13.97264, 53.98924], [13.96583, 53.98184], [13.95899, 53.94086], [13.97462, 53.95734], [13.98785, 53.96141], [14.02782, 53.96136], [14.01433, 53.94709], [14.04835, 53.94086], [14.04029, 53.95384], [14.05307, 53.97842], [14.05128, 54.00507], [14.03745, 54.02172], [14.01435, 54.01603], [13.9817, 54.05634], [13.94606, 54.0666], [13.92612, 54.06403], [13.91586, 54.05638], [13.9248, 54.03645], [13.90724, 54.02749], [13.89088, 54.01016], [13.85599, 54.00236], [13.8581, 54.01577], [13.87631, 54.03644], [13.8711, 54.04865], [13.86362, 54.04999], [13.82301, 54.03791], [13.79418, 54.01814], [13.7741, 54.02277], [13.78207, 54.04214], [13.80925, 54.0751], [13.81495, 54.10126], [13.80616, 54.11664], [13.75297, 54.15312], [13.77761, 54.17401], [13.79615, 54.17828], [13.81494, 54.17364], [13.85597, 54.11835], [13.8825, 54.10244], [14.0166, 54.06], [14.20948, 53.93863], [14.26808, 53.92182], [14.36703, 53.91698], [14.40675, 53.92182], [14.51772, 53.96534], [14.78192, 54.03461], [15.0101, 54.06981], [15.28884, 54.13894], [15.66578, 54.19843], [15.85972, 54.24998], [16.02084, 54.26179], [16.13149, 54.28351], [16.1189, 54.27604], [16.06935, 54.26301], [16.09108, 54.25397], [16.17921, 54.26301], [16.17239, 54.27659], [16.22006, 54.2766], [16.21323, 54.28352], [16.21518, 54.29963], [16.19215, 54.30028], [16.1378, 54.29029], [16.21355, 54.31611], [16.27537, 54.35855], [16.23178, 54.32258], [16.27491, 54.33047], [16.28883, 54.34024], [16.3239, 54.34992], [16.33676, 54.35859], [16.32488, 54.37311], [16.30502, 54.37348], [16.28162, 54.35862], [16.3243, 54.40155], [16.43979, 54.48825], [16.43442, 54.47236], [16.44451, 54.46987], [16.4734, 54.48212], [16.47975, 54.49555], [16.47389, 54.49966], [16.44606, 54.48827], [16.46685, 54.51232], [16.50133, 54.5324], [16.5696, 54.55718], [16.77849, 54.57514], [16.85964, 54.59393], [16.93995, 54.60602], [17.03583, 54.66705], [17.33742, 54.749], [17.71567, 54.79043], [17.88543, 54.82411], [18.1527, 54.83832], [18.3169, 54.83832], [18.33952, 54.83347], [18.37582, 54.81513], [18.41051, 54.80818], [18.75171, 54.69008], [18.81378, 54.64336], [18.83434, 54.61644], [18.83528, 54.6031], [18.81764, 54.59814], [18.80226, 54.61603], [18.78404, 54.62353], [18.77182, 54.64228], [18.70777, 54.70124], [18.65456, 54.71016], [18.64503, 54.71955], [18.61672, 54.72525], [18.55698, 54.74901], [18.49823, 54.76538], [18.44776, 54.78998], [18.42921, 54.78168], [18.41505, 54.75312], [18.4131, 54.73192], [18.44755, 54.7184], [18.47444, 54.68757], [18.47039, 54.66673], [18.48192, 54.65961], [18.47592, 54.64008], [18.48731, 54.63178], [18.50636, 54.6341], [18.52293, 54.64652], [18.5171, 54.62995], [18.57063, 54.55036], [18.56756, 54.48786], [18.57407, 54.45038], [18.58806, 54.43366], [18.63429, 54.41694], [18.69433, 54.40452], [18.7173, 54.38203], [18.88592, 54.35016], [18.92319, 54.34854], [18.95435, 54.35857], [18.97462, 54.34976], [19.00208, 54.34492], [19.37721, 54.37763], [19.45998, 54.40102], [19.53102, 54.41494], [19.59255, 54.45237], [19.62647, 54.461], [19.6265, 54.46845], [19.73406, 54.5257], [19.83188, 54.59813], [19.88317, 54.65619], [19.89633, 54.66218], [19.90018, 54.68756], [19.95631, 54.7569], [19.95883, 54.79682], [19.92068, 54.88959], [19.94078, 54.93439], [19.97675, 54.96458], [19.99585, 54.96807], [20.0337, 54.94819], [20.07496, 54.9544], [20.14356, 54.95181], [20.20582, 54.95843], [20.36557, 54.94619], [20.40699, 54.95161], [20.48243, 54.97553], [20.63404, 55.04877], [20.80822, 55.17609], [20.82228, 55.18098], [20.99952, 55.357], [21.04152, 55.41608], [21.08237, 55.49763], [21.09938, 55.5987], [21.09068, 55.63313], [21.09053, 55.71874], [21.11744, 55.69977], [21.13152, 55.65558], [21.13351, 55.56805], [21.11988, 55.52705], [21.11987, 55.48945], [21.08717, 55.44107], [21.10619, 55.42743], [21.10619, 55.42121], [21.0735, 55.39179], [21.03784, 55.3286], [20.98894, 55.29133], [20.9895, 55.27042], [20.94109, 55.24868], [20.93701, 55.23775], [20.9131, 55.23322], [20.90333, 55.22582], [20.90551, 55.21858], [20.89064, 55.21259], [20.88403, 55.19807], [20.82373, 55.14314], [20.77361, 55.11449], [20.68783, 55.05069], [20.55851, 54.98197], [20.53338, 54.97358], [20.53094, 54.96467], [20.55812, 54.94082], [20.76368, 54.94769], [20.80518, 54.94081], [20.86036, 54.91132], [20.96909, 54.89981], [21.03932, 54.904], [21.05592, 54.91444], [21.07895, 54.89981], [21.09067, 54.90156], [21.10622, 54.91351], [21.19028, 54.92691], [21.23015, 54.93891], [21.24342, 54.96125], [21.21937, 55.01345], [21.19508, 55.1354], [21.18134, 55.17109], [21.18141, 55.19366], [21.18883, 55.20831], [21.20167, 55.21441], [21.22291, 55.20148], [21.23683, 55.20063], [21.25904, 55.20498], [21.26759, 55.21174], [21.27329, 55.23265], [21.26443, 55.284], [21.27085, 55.28802], [21.28533, 55.28706], [21.29119, 55.29706], [21.27418, 55.32734], [21.25947, 55.33625], [21.25709, 55.36937], [21.24659, 55.37018], [21.18882, 55.33863], [21.18338, 55.34618], [21.2243, 55.39932], [21.2483, 55.41787], [21.24838, 55.44233], [21.22291, 55.52021], [21.19518, 55.54697], [21.19508, 55.58511], [21.15756, 55.64175], [21.14723, 55.67817], [21.10842, 55.72014], [21.20505, 55.72392], [21.42185, 55.72283], [21.60202, 55.71597], [21.72273, 55.69846], [21.80936, 55.67575], [21.86134, 55.54031], [21.87845, 55.47051], [21.88022, 55.43179], [21.89329, 55.4086], [21.91049, 55.40463], [22.13406, 55.52039], [22.19466, 55.5747], [22.29749, 55.73274], [22.30142, 55.74771], [22.28974, 55.78271], [22.21555, 55.85639], [22.21104, 55.87412], [22.22123, 55.87816], [22.26943, 55.873], [22.32027, 55.85299], [22.3462, 55.83054], [22.36767, 55.80373], [22.39669, 55.74679], [22.41089, 55.66812], [22.394, 55.65007], [22.32886, 55.61111], [22.29058, 55.55675], [22.24757, 55.51636], [22.07275, 55.38327], [22.05943, 55.36456], [22.06478, 55.35195], [22.08924, 55.34256], [22.1258, 55.33834], [22.3056, 55.33224], [22.42649, 55.2988], [22.57491, 55.28819], [22.67517, 55.28886], [22.76379, 55.29766], [22.81136, 55.30771], [22.86603, 55.32748], [22.8852, 55.34107], [22.89165, 55.3571], [22.8854, 55.37275], [22.75026, 55.48186], [22.70501, 55.54439], [22.65228, 55.64459], [22.608, 55.70387], [22.51975, 55.78314], [22.41585, 55.86092], [22.19403, 55.99832], [22.23081, 56.00174], [22.31076, 55.99193], [22.55915, 55.98673], [22.68831, 55.97524], [22.81829, 55.94935], [22.94283, 55.91451], [23.0609, 55.87258], [23.2719, 55.77628], [23.6682, 55.54511], [23.80057, 55.43573], [23.94104, 55.36447], [23.99901, 55.35152], [24.11458, 55.35011], [24.17727, 55.34377], [24.38508, 55.29652], [24.47826, 55.28663], [24.6625, 55.27541], [24.67153, 55.26115], [24.72206, 55.22751], [24.73693, 55.21065], [24.7419, 55.17927], [24.72985, 55.10237], [24.72264, 55.08846], [24.69522, 55.06481], [24.6884, 55.02161], [24.65337, 54.97436], [24.63306, 54.89726], [24.62429, 54.81972], [24.63332, 54.7399], [24.69004, 54.57317], [24.71007, 54.47891], [24.70928, 54.37853], [24.70514, 54.362], [24.85598, 54.14672], [24.82156, 54.13453], [24.81753, 54.12822], [24.81815, 54.11013], [24.79945, 54.10321], [24.79056, 54.0966], [24.78425, 54.09623], [24.7825, 54.09288], [24.78715, 54.07763], [24.81247, 54.03892], [24.82136, 54.01991], [24.81939, 53.99257], [24.80637, 53.97531], [24.7887, 53.96968], [24.7056, 53.9642], [24.69082, 53.97283], [24.6779, 53.99231], [24.66684, 53.99386], [24.64297, 53.98301], [24.5791, 53.97562], [24.52866, 53.95836], [24.41404, 53.89769], [24.37787, 53.88684], [24.25705, 53.89402], [24.24641, 53.90364], [24.22915, 53.93237], [24.20114, 53.95247], [24.16961, 53.95893], [24.13675, 53.95542], [24.07494, 53.93573], [24.04538, 53.93087], [23.98131, 53.9304], [23.96487, 53.93273], [23.91981, 53.94777], [23.90472, 53.94606], [23.82834, 53.92007], [23.81212, 53.92084], [23.78721, 53.92792], [23.75445, 53.91676], [23.69192, 53.91149], [23.64262, 53.89898], [23.62712, 53.89821], [23.58931, 53.90923], [23.54454, 53.88875], [23.29686, 53.88461], [23.18575, 53.88679], [23.03175, 53.89702], [22.95242, 53.89609], [22.66378, 53.85445], [22.55929, 53.85185], [22.45187, 53.85704], [22.12203, 53.88655], [22.01239, 53.89024], [21.90154, 53.88568], [21.77167, 53.86394], [21.55433, 53.80882], [21.14047, 53.7838], [20.95461, 53.77024], [20.89573, 53.76222], [20.71626, 53.71834], [20.59081, 53.69368], [20.5204, 53.65908], [20.40964, 53.62465], [20.26675, 53.56823], [20.1494, 53.51514], [19.99296, 53.48402], [19.62961, 53.37696], [19.46461, 53.30552], [19.38849, 53.28684], [19.22603, 53.19297], [19.077, 53.11426], [19.0577, 53.10603], [19.01849, 53.10217], [19.00615, 53.09593], [19.01019, 53.07913], [19.0752, 53.007], [19.26398, 52.84367], [19.30406, 52.79917], [19.39414, 52.67621], [19.49401, 52.57888], [19.63395, 52.46715], [19.74017, 52.39959], [19.94734, 52.28366], [19.99818, 52.24589], [20.03741, 52.20791], [20.09241, 52.12238], [20.16112, 51.94648], [20.19597, 51.89897], [20.23529, 51.8668], [20.28136, 51.8422], [20.46172, 51.76671], [20.53303, 51.72582], [20.58116, 51.68664], [20.61397, 51.64431], [20.63589, 51.60001], [20.68273, 51.46348], [20.70637, 51.42152], [20.74189, 51.38223], [20.80027, 51.34333], [20.86535, 51.32121], [20.9344, 51.31356], [21.05422, 51.32205], [21.09343, 51.30812], [20.99959, 51.26435], [20.90263, 51.23415], [20.80839, 51.21588], [20.53685, 51.18952], [20.45165, 51.17618], [20.36837, 51.1532], [20.27238, 51.10773], [20.19683, 51.05258], [20.07063, 50.93035], [20.00451, 50.87398], [19.92571, 50.82752], [19.82641, 50.79595], [19.69755, 50.78399], [19.62172, 50.79091], [19.54335, 50.81009], [19.46352, 50.83874], [19.38462, 50.87349], [19.09893, 51.01748], [18.86, 50.97774], [18.73288, 51.08129], [18.59578, 51.15319], [18.70716, 51.24256], [18.70342, 51.25467], [18.67832, 51.26189], [18.60191, 51.2724], [18.52881, 51.27133], [18.40903, 51.25927], [18.34125, 51.30403], [18.27484, 51.33913], [18.20469, 51.36839], [18.06119, 51.41142], [17.85151, 51.45909], [17.83734, 51.45645], [17.83492, 51.44658], [17.97598, 51.29311], [17.619, 51.12322], [17.49605, 51.21221], [17.33603, 51.38726], [17.08836, 51.49906], [17.34531, 51.63701], [17.34352, 51.64553], [17.2305, 51.74147], [17.21619, 51.74267], [16.94646, 51.67387], [16.68203, 51.83689], [16.38521, 51.8833], [16.14188, 51.99332], [16.12353, 52.09], [16.11151, 52.09697], [15.85412, 52.11978], [15.84554, 52.11154], [15.84649, 52.00403], [15.65978, 52.00914], [15.60353, 51.94392], [15.4821, 51.98132], [15.37566, 52.13612], [15.12527, 52.20646], [15.11081, 52.20228], [15.06757, 52.14262], [15.20356, 52.05587], [15.12346, 52.04013], [14.7614, 52.07667], [14.73536, 52.05403], [14.72606, 52.02644], [14.69908, 51.99251], [14.69557, 51.93146], [14.68709, 51.9119], [14.67169, 51.89389], [14.6533, 51.87862], [14.59594, 51.84242], [14.58281, 51.82508], [14.58581, 51.80389], [14.20633, 51.76179], [14.12643, 51.77473], [13.94727, 51.67939], [13.78767, 51.66556], [13.69362, 51.56788], [13.51228, 51.60457], [13.15288, 51.54784], [12.97965, 51.38727], [12.83579, 51.48928], [12.77096, 51.5028], [12.75691, 51.49982], [12.75452, 51.49069], [12.90319, 51.25778], [13.21095, 51.11486], [13.08014, 50.93475], [13.16328, 50.82557], [13.36878, 50.62833], [13.38097, 50.62549], [13.40702, 50.6013], [13.42934, 50.59433], [13.44794, 50.59727], [13.46489, 50.60709], [13.71756, 50.43866], [13.91596, 50.27772], [14.07627, 50.20197], [14.19516, 50.08071], [14.20707, 50.07791], [14.34056, 50.08822], [14.56578, 49.89052], [14.74511, 49.80304], [14.58794, 49.87939], [14.57226, 49.87983], [14.5657, 49.87233], [14.56259, 49.73634], [14.45424, 49.62136], [14.20665, 49.68121], [14.19476, 49.68051], [14.18813, 49.67407], [14.15298, 49.51646], [13.99299, 49.42334], [13.72679, 49.38701], [13.49949, 49.28626], [13.28733, 49.10057], [13.29953, 49.09364], [13.32992, 49.06693], [13.37239, 49.03851], [13.38355, 49.02109], [13.38418, 48.99303], [13.39854, 48.97768], [13.42727, 48.95996], [13.48226, 48.93763], [13.5021, 48.96606], [13.51595, 48.97024], [13.53889, 48.96704], [13.59047, 48.94482], [13.60866, 48.94616], [13.61114, 48.92725], [13.62178, 48.90906], [13.63739, 48.89345], [13.65444, 48.88224], [13.67336, 48.87635], [13.71062, 48.87247], [13.72467, 48.8673], [13.74793, 48.84338], [13.79619, 48.77981], [13.75902, 48.75122], [13.70599, 48.60671], [13.47907, 48.72062], [13.42111, 48.82366], [13.30176, 48.84628], [13.17959, 48.79098], [13.07119, 48.86427], [12.85407, 48.91036], [12.84032, 48.90214], [12.84179, 48.83169], [12.21404, 48.84668], [11.98064, 48.72025], [11.52152, 48.69065], [11.41783, 48.84139], [10.92197, 48.90758], [10.91112, 48.89934], [10.91774, 48.78155], [10.67906, 48.65413], [10.61531, 48.75426], [10.33858, 48.9168], [10.14689, 48.97679], [10.01471, 48.92263], [9.87707, 48.96368], [9.4236, 49.12111], [9.11365, 49.12549], [8.76875, 49.27514], [8.59112, 49.25674], [8.58142, 49.25239], [8.59531, 49.07736], [8.46714, 49.10131], [8.20031, 48.95856], [8.18873, 48.96575], [8.09044, 48.97918], [7.9319, 49.03484], [7.85686, 49.03225], [7.77367, 49.04812], [7.72695, 49.03566], [7.68509, 49.0428], [7.64881, 49.03572], [7.63496, 49.03778], [7.62566, 49.043], [7.60861, 49.06197], [7.58639, 49.06956], [7.54267, 49.07458], [7.52086, 49.08367], [7.4851, 49.11871], [7.47105, 49.12832], [7.48273, 49.13705], [7.47611, 49.15152], [7.45803, 49.15586], [7.41482, 49.15778], [7.41048, 49.16894], [7.39105, 49.17002], [7.35095, 49.15917], [7.334, 49.13416], [7.2971, 49.12811], [7.27437, 49.10501], [7.24119, 49.1139], [7.15499, 49.11442], [7.12357, 49.12331], [7.07986, 49.14201], [7.07076, 49.13612], [7.07479, 49.12537], [7.07324, 49.12031], [7.04255, 49.1076], [6.90882, 48.89885], [6.77722, 48.85332], [6.72918, 48.91638], [6.80907, 49.14584], [6.77011, 49.15529], [6.72556, 49.15555], [6.71378, 49.15886], [6.70097, 49.17286], [6.70882, 49.19777], [6.70252, 49.21364], [6.6806, 49.20749], [6.66376, 49.24387], [6.6403, 49.25276], [6.63968, 49.27115], [6.55643, 49.3264], [6.55012, 49.33802], [6.5556, 49.34717], [6.57338, 49.34774], [6.57772, 49.3558], [6.57431, 49.36179], [6.52573, 49.39549], [6.51881, 49.40215], [6.52056, 49.40815], [6.51167, 49.42474], [6.49452, 49.43554], [6.40097, 49.46566], [6.34911, 49.52678], [6.35075, 49.56659], [6.35644, 49.57759], [6.39757, 49.61387], [6.41793, 49.63914], [6.417, 49.64576], [6.40274, 49.65578], [6.41824, 49.66989], [6.49173, 49.70079], [6.48294, 49.70808], [6.48635, 49.71294], [6.49969, 49.71221], [6.4878, 49.7256], [6.48553, 49.73376], [6.48625, 49.7427], [6.49597, 49.74823], [6.49379, 49.76363], [6.5001, 49.79448], [6.50258, 49.79567], [6.4972, 49.79944], [6.65622, 50.00065], [6.61176, 50.08843], [6.58713, 50.11731], [6.36202, 50.30696], [6.37453, 50.31548], [6.37246, 50.32944], [6.33773, 50.36809], [6.33639, 50.37992], [6.35044, 50.41687], [6.35117, 50.43356], [6.34021, 50.43785], [6.33163, 50.4469], [6.32326, 50.46602], [6.32574, 50.47403], [6.3369, 50.481], [6.27541, 50.48803], [6.25557, 50.49459], [6.2072, 50.48632], [6.1826, 50.50658], [6.19056, 50.51521], [6.17082, 50.51795], [5.8055, 50.47782], [5.79938, 50.52401], [5.79316, 50.75215], [5.76247, 50.77101], [5.96876, 50.79463], [5.98395, 50.7922], [5.99832, 50.80072], [6.00359, 50.81261], [6.00049, 50.83044], [6.00928, 50.84046], [6.02302, 50.84543], [6.04555, 50.84418], [6.05671, 50.85266], [6.06281, 50.86294], [6.06312, 50.8709], [6.05465, 50.89147], [6.06374, 50.90754], [6.03108, 50.91472], [5.99987, 50.9294], [5.99584, 50.95178], [6.00576, 50.96852], [6.0037, 50.97374], [5.96783, 50.971], [5.92773, 50.97767], [5.87461, 50.96537], [5.87357, 50.99058], [5.85817, 51.01934], [5.85249, 51.04275], [5.8805, 51.05205], [5.89435, 51.04714], [5.91957, 51.0297], [5.93796, 51.03094], [5.95026, 51.03947], [5.96949, 51.06492], [5.98292, 51.07469], [6.07542, 51.12037], [6.13237, 51.13982], [6.14725, 51.15225], [6.12627, 51.16458], [6.15707, 51.17925], [6.13413, 51.18422], [6.08431, 51.16269], [6.06085, 51.17091], [6.05372, 51.18938], [6.05661, 51.21171], [6.06519, 51.23163], [6.09651, 51.25881], [6.14777, 51.31816], [6.18363, 51.3357], [6.19355, 51.34452], [6.19893, 51.35697], [6.20203, 51.37888], [6.20782, 51.38767], [6.19273, 51.39896], [6.19407, 51.41738], [6.20534, 51.45844], [6.19335, 51.50934], [6.15304, 51.53843], [6.08648, 51.59553], [6.08214, 51.60781], [6.09919, 51.64447], [6.0315, 51.663], [6.00855, 51.68119], [6.02199, 51.70951], [6.01207, 51.71586], [5.97827, 51.72979], [5.93931, 51.73188], [5.94013, 51.74263], [5.96235, 51.75635], [5.96411, 51.77656], [5.95078, 51.79591], [5.92804, 51.80674], [5.93145, 51.81565], [5.94809, 51.82296], [5.98892, 51.82746], [6.04328, 51.84686], [6.084, 51.85366], [6.15614, 51.84206], [6.1427, 51.85518], [6.09299, 51.88531], [5.83443, 52.06139], [5.74338, 52.10474]]], [[[11.46803, 54.03094], [11.4979, 54.02277], [11.46827, 53.97069], [11.45771, 53.96139], [11.44534, 53.96114], [11.45143, 53.98554], [11.44703, 53.99714], [11.43873, 53.99726], [11.43328, 53.98876], [11.43776, 53.975], [11.4231, 53.96773], [11.40708, 53.96822], [11.37568, 53.98184], [11.39068, 54.00473], [11.42662, 54.02293], [11.46803, 54.03094]]], [[[11.6019, 54.10415], [11.61585, 54.11209], [11.55275, 54.07306], [11.53955, 54.05696], [11.53396, 54.05696], [11.52851, 54.0751], [11.53396, 54.08486], [11.6019, 54.10415]]], [[[13.23929, 54.39363], [13.23441, 54.40339], [13.23902, 54.42007], [13.22536, 54.42085], [13.2116, 54.4311], [13.20143, 54.43366], [13.15702, 54.42684], [13.18182, 54.45302], [13.25953, 54.46845], [13.25955, 54.47529], [13.27312, 54.48212], [13.23326, 54.49308], [13.22537, 54.50195], [13.23276, 54.51626], [13.1854, 54.5083], [13.16604, 54.51912], [13.15887, 54.54068], [13.14347, 54.54292], [13.16674, 54.54942], [13.24293, 54.55598], [13.25953, 54.55378], [13.28826, 54.53994], [13.29786, 54.51968], [13.30926, 54.53482], [13.30107, 54.55036], [13.33367, 54.57307], [13.36939, 54.58514], [13.34205, 54.55036], [13.35385, 54.54987], [13.36313, 54.54291], [13.34889, 54.52367], [13.37485, 54.52558], [13.3838, 54.53189], [13.38982, 54.54291], [13.36313, 54.55036], [13.36313, 54.5572], [13.37671, 54.56463], [13.41731, 54.52456], [13.4109, 54.50943], [13.43068, 54.49274], [13.45558, 54.48749], [13.50709, 54.48827], [13.4997, 54.49575], [13.52076, 54.51626], [13.52076, 54.52367], [13.49969, 54.5572], [13.52076, 54.56464], [13.52076, 54.57079], [13.50831, 54.57038], [13.48658, 54.5572], [13.44142, 54.55721], [13.42384, 54.57453], [13.39902, 54.57977], [13.36915, 54.61213], [13.3318, 54.58784], [13.27358, 54.56107], [13.25327, 54.56464], [13.24978, 54.57648], [13.25687, 54.59491], [13.26988, 54.6118], [13.28395, 54.61929], [13.29347, 54.64228], [13.29054, 54.64655], [13.22516, 54.63489], [13.23098, 54.6533], [13.25401, 54.6651], [13.39047, 54.68812], [13.41871, 54.68841], [13.44506, 54.68007], [13.44506, 54.6739], [13.39088, 54.65054], [13.38299, 54.63638], [13.39454, 54.60444], [13.42457, 54.58515], [13.46632, 54.57689], [13.59596, 54.59136], [13.64046, 54.58567], [13.67065, 54.56623], [13.67705, 54.54028], [13.65112, 54.51627], [13.58481, 54.48652], [13.57545, 54.47187], [13.5879, 54.43757], [13.60955, 54.4138], [13.67741, 54.40081], [13.69797, 54.39219], [13.74195, 54.35049], [13.76641, 54.34491], [13.74008, 54.32982], [13.73015, 54.31684], [13.72314, 54.2784], [13.69098, 54.28352], [13.71192, 54.28657], [13.71193, 54.30394], [13.67945, 54.29401], [13.65115, 54.29719], [13.65115, 54.30393], [13.68824, 54.3133], [13.70362, 54.32046], [13.71193, 54.33186], [13.65992, 54.32978], [13.61722, 54.31772], [13.69093, 54.34492], [13.69093, 54.35175], [13.65008, 54.35244], [13.62681, 54.33911], [13.59929, 54.35175], [13.49968, 54.34492], [13.42888, 54.31094], [13.40609, 54.28523], [13.35963, 54.27546], [13.35572, 54.24872], [13.3694, 54.25556], [13.36313, 54.26301], [13.41772, 54.26605], [13.42307, 54.23296], [13.40723, 54.22823], [13.34745, 54.23736], [13.31156, 54.25113], [13.33522, 54.28351], [13.30787, 54.26919], [13.31471, 54.26301], [13.28419, 54.26284], [13.26791, 54.2565], [13.24244, 54.26919], [13.21015, 54.27583], [13.19925, 54.28441], [13.20484, 54.29719], [13.19028, 54.29975], [13.14969, 54.29027], [13.14285, 54.298], [13.14931, 54.30484], [13.16228, 54.30768], [13.1775, 54.30394], [13.1775, 54.31021], [13.11551, 54.33808], [13.14895, 54.37726], [13.17433, 54.38397], [13.20484, 54.37226], [13.21168, 54.37908], [13.22332, 54.3725], [13.26686, 54.38589], [13.25115, 54.38691], [13.23929, 54.39363]]], [[[11.10135, 54.42349], [11.09864, 54.45165], [11.05812, 54.45527], [11.0325, 54.44734], [11.02573, 54.45881], [11.00849, 54.45467], [11.00585, 54.46866], [11.03372, 54.50885], [11.07294, 54.53118], [11.12126, 54.53595], [11.20654, 54.51446], [11.23999, 54.49555], [11.31419, 54.41382], [11.18849, 54.42617], [11.17018, 54.42007], [11.17902, 54.41422], [11.11265, 54.41524], [11.10135, 54.42349]]], [[[8.87965, 54.52911], [8.9192, 54.53045], [8.96312, 54.52367], [8.95686, 54.50943], [8.9113, 54.4755], [8.88794, 54.46846], [8.84411, 54.46658], [8.82392, 54.47086], [8.81286, 54.48212], [8.82374, 54.48554], [8.82553, 54.4912], [8.81286, 54.50194], [8.84451, 54.51971], [8.87965, 54.52911]]], [[[13.07504, 54.50943], [13.06819, 54.46846], [13.06139, 54.46846], [13.06432, 54.50533], [13.10232, 54.59609], [13.10999, 54.60315], [13.15104, 54.60492], [13.15708, 54.58818], [13.14967, 54.59138], [13.14965, 54.57771], [13.1434, 54.57773], [13.1434, 54.59813], [13.11891, 54.58641], [13.10253, 54.52994], [13.07504, 54.50943]]], [[[11.33887, 54.91913], [11.36891, 54.88109], [11.59474, 54.8111], [11.57279, 54.84796], [11.59474, 54.85886], [11.62208, 54.85887], [11.65626, 54.86628], [11.64483, 54.88943], [11.64944, 54.9135], [11.72576, 54.87336], [11.73194, 54.85887], [11.75563, 54.84113], [11.78728, 54.83153], [11.77296, 54.82469], [11.78761, 54.80687], [11.84864, 54.77318], [11.85548, 54.7436], [11.83406, 54.72471], [11.81471, 54.7187], [11.80698, 54.70799], [11.84643, 54.69781], [11.84262, 54.67622], [11.81071, 54.65511], [11.76612, 54.64657], [11.61053, 54.66641], [11.56007, 54.65961], [11.51222, 54.64655], [11.47437, 54.62614], [11.45184, 54.62837], [11.35874, 54.66056], [11.2977, 54.69156], [11.18775, 54.73224], [11.03054, 54.76066], [11.0093, 54.77164], [10.99922, 54.78677], [11.00572, 54.80365], [11.03078, 54.81215], [11.08969, 54.81061], [11.10816, 54.83153], [11.0784, 54.84114], [11.01883, 54.88618], [11.01883, 54.90339], [11.0322, 54.91902], [11.07399, 54.94818], [11.08815, 54.94416], [11.2317, 54.96124], [11.33887, 54.91913]]], [[[10.46363, 54.88247], [10.45025, 54.89977], [10.49893, 54.87476], [10.49871, 54.85887], [10.51852, 54.852], [10.44012, 54.8415], [10.40626, 54.8247], [10.38349, 54.83077], [10.21145, 54.93936], [10.18925, 54.97745], [10.20387, 54.96808], [10.28837, 54.94086], [10.31372, 54.92771], [10.34962, 54.89672], [10.36427, 54.89301], [10.39137, 54.89545], [10.39584, 54.90347], [10.38888, 54.92027], [10.40307, 54.90839], [10.41521, 54.87848], [10.42604, 54.8725], [10.46095, 54.8745], [10.46363, 54.88247]]], [[[10.79819, 54.99657], [10.85499, 55.04385], [10.86201, 55.07209], [10.89541, 55.12136], [10.93426, 55.15964], [10.9567, 55.15371], [10.90882, 55.03], [10.88966, 54.9971], [10.83774, 54.93724], [10.74121, 54.75268], [10.73128, 54.74006], [10.71754, 54.73579], [10.69387, 54.73531], [10.68191, 54.74482], [10.65642, 54.80366], [10.63209, 54.82343], [10.60113, 54.83832], [10.64088, 54.84321], [10.66928, 54.86628], [10.68443, 54.88783], [10.6989, 54.88117], [10.72446, 54.88618], [10.71778, 54.90729], [10.70037, 54.90157], [10.68297, 54.9073], [10.69705, 54.93134], [10.7738, 54.98636], [10.79819, 54.99657]]], [[[11.54814, 54.98497], [11.56046, 54.97947], [11.56402, 54.97345], [11.56296, 54.96801], [11.53899, 54.94763], [11.49792, 54.97943], [11.5189, 54.98496], [11.54814, 54.98497]]], [[[10.02588, 54.95978], [10.06501, 54.891], [10.06445, 54.88102], [10.02198, 54.87934], [9.96803, 54.85954], [9.8743, 54.88618], [9.87428, 54.89301], [9.90089, 54.9007], [9.99155, 54.8725], [9.99155, 54.87934], [9.9437, 54.90363], [9.88795, 54.91352], [9.85384, 54.89983], [9.81439, 54.90122], [9.78094, 54.91682], [9.76124, 54.94306], [9.76441, 54.97553], [9.75815, 54.97553], [9.75815, 54.98174], [9.8274, 54.94546], [9.8475, 54.94819], [9.83279, 54.96515], [9.84213, 54.97028], [9.79354, 54.99237], [9.78682, 55.00015], [9.79908, 55.00971], [9.79908, 55.01655], [9.72055, 55.01227], [9.67416, 55.02106], [9.66895, 55.03041], [9.69662, 55.05069], [9.64552, 55.04488], [9.62843, 55.05069], [9.62845, 55.05804], [9.71665, 55.08221], [9.75196, 55.08539], [9.7931, 55.0808], [9.85304, 55.04011], [9.88478, 55.03022], [9.92904, 55.02618], [9.96093, 55.01503], [10.02588, 54.95978]]], [[[12.28128, 55.00715], [12.2942, 55.01655], [12.2942, 55.02338], [12.25272, 55.04386], [12.24767, 55.05406], [12.26198, 55.06426], [12.28003, 55.06427], [12.30177, 55.04206], [12.3353, 55.03327], [12.4177, 55.03016], [12.50472, 55.01975], [12.53759, 55.00238], [12.55371, 54.96808], [12.55175, 54.95718], [12.54264, 54.95117], [12.50278, 54.9482], [12.38461, 54.96308], [12.3484, 54.96003], [12.31398, 54.95087], [12.28004, 54.93456], [12.2268, 54.89265], [12.20777, 54.88619], [12.17873, 54.88899], [12.11502, 54.90729], [12.11502, 54.91351], [12.12916, 54.91352], [12.12893, 54.93162], [12.1491, 54.94082], [12.12919, 54.95441], [12.16404, 54.97254], [12.17701, 54.96808], [12.18434, 54.97553], [12.17704, 54.98919], [12.19312, 54.98834], [12.23219, 54.97553], [12.28688, 54.9892], [12.28128, 55.00715]]], [[[11.84832, 54.95913], [11.88282, 54.97553], [11.88282, 54.98176], [11.84181, 55.03022], [11.75563, 55.0507], [11.72877, 55.06428], [11.66554, 55.0664], [11.64642, 55.07246], [11.61594, 55.09222], [11.6696, 55.08563], [11.77524, 55.05744], [11.82748, 55.05069], [11.80535, 55.07388], [11.74343, 55.10054], [11.71765, 55.12571], [11.80397, 55.13483], [11.80698, 55.14688], [11.78541, 55.15721], [11.72854, 55.15478], [11.71146, 55.16791], [11.73471, 55.18867], [11.73308, 55.20014], [11.71762, 55.20832], [11.69508, 55.20807], [11.64942, 55.18099], [11.50603, 55.20832], [11.49236, 55.20418], [11.42319, 55.22191], [11.3689, 55.20833], [11.29998, 55.20832], [11.29998, 55.20148], [11.32045, 55.19466], [11.26101, 55.2006], [11.24539, 55.21479], [11.23856, 55.24241], [11.2531, 55.23627], [11.26783, 55.23591], [11.28004, 55.24234], [11.28631, 55.25609], [11.26539, 55.24946], [11.24195, 55.24868], [11.24155, 55.27851], [11.16192, 55.31936], [11.15286, 55.32844], [11.18824, 55.33527], [11.19011, 55.34544], [11.16798, 55.35277], [11.14235, 55.35228], [11.12354, 55.33187], [11.10817, 55.33187], [11.08775, 55.35855], [11.08776, 55.36594], [11.12892, 55.36518], [11.1592, 55.38128], [11.20436, 55.39183], [11.2142, 55.4038], [11.21315, 55.41576], [11.20096, 55.42121], [11.20484, 55.43134], [11.19646, 55.45384], [11.16391, 55.5019], [11.13559, 55.51512], [11.115, 55.51679], [11.08579, 55.50757], [11.08092, 55.51309], [11.08857, 55.53383], [11.13795, 55.54291], [11.14845, 55.55732], [11.14539, 55.57654], [11.13328, 55.59363], [11.21609, 55.6102], [11.27907, 55.6178], [11.40811, 55.6219], [11.51228, 55.61683], [11.58231, 55.60807], [11.69064, 55.58545], [11.79155, 55.55563], [11.8781, 55.52249], [11.99815, 55.46159], [12.10043, 55.39432], [12.16644, 55.33316], [12.19566, 55.29617], [12.34818, 55.31234], [12.36897, 55.32595], [12.41533, 55.37693], [12.43472, 55.36367], [12.465, 55.29027], [12.44458, 55.27656], [12.39242, 55.25533], [12.18279, 55.2272], [12.14137, 55.20799], [12.1211, 55.19107], [12.10906, 55.17072], [12.11498, 55.15371], [12.09897, 55.14142], [12.08076, 55.14687], [12.08814, 55.16836], [12.07667, 55.18195], [12.05641, 55.1857], [12.0192, 55.16945], [12.01246, 55.15713], [12.04664, 55.14008], [12.13054, 55.13588], [12.16862, 55.12848], [12.17699, 55.10529], [12.17138, 55.09545], [12.1185, 55.07355], [12.16332, 55.02338], [12.16226, 55.00438], [12.14892, 54.99414], [12.10499, 54.9892], [12.05591, 54.97078], [12.03297, 54.9681], [11.99807, 54.97652], [11.94386, 55.00609], [11.91017, 55.00971], [11.91682, 55.00288], [11.89715, 54.99543], [11.90152, 54.97639], [11.88502, 54.95515], [11.88282, 54.94082], [11.90333, 54.923], [11.91847, 54.92194], [11.93116, 54.92772], [11.9237, 54.94081], [11.95785, 54.94817], [11.98219, 54.92032], [12.02394, 54.89802], [12.04038, 54.89301], [12.09647, 54.89809], [12.17016, 54.84455], [12.17016, 54.83833], [12.06715, 54.78681], [12.0227, 54.7353], [11.97527, 54.70799], [11.9607, 54.69408], [11.97143, 54.60562], [11.96899, 54.56978], [11.94908, 54.5686], [11.92825, 54.58397], [11.92368, 54.59813], [11.87646, 54.64725], [11.86917, 54.65961], [11.87062, 54.68036], [11.91017, 54.72167], [11.87584, 54.72973], [11.87232, 54.73994], [11.88282, 54.75641], [11.80909, 54.80492], [11.79347, 54.84455], [11.74968, 54.87311], [11.74226, 54.92387], [11.73194, 54.93529], [11.71145, 54.94083], [11.71146, 54.94818], [11.75929, 54.96807], [11.7736, 54.96502], [11.80397, 54.94819], [11.83758, 54.96612], [11.84832, 54.95913]]], [[[15.13159, 55.14544], [15.15136, 55.1332], [15.13771, 55.11953], [15.14766, 55.09581], [15.14469, 55.08711], [15.10662, 55.04466], [15.11322, 55.0183], [15.07266, 54.99165], [14.9825, 55.0011], [14.92727, 55.0137], [14.85861, 55.03823], [14.78084, 55.05114], [14.69957, 55.08919], [14.68419, 55.10135], [14.69704, 55.12265], [14.70916, 55.23559], [14.73707, 55.26667], [14.74987, 55.29318], [14.85124, 55.22803], [14.90731, 55.22477], [14.9268, 55.2158], [14.95435, 55.21924], [14.97339, 55.21612], [15.0005, 55.18842], [15.08454, 55.15458], [15.13159, 55.14544]]], [[[10.80545, 55.25025], [10.81331, 55.23558], [10.81516, 55.21378], [10.81266, 55.19428], [10.80608, 55.17759], [10.78978, 55.15245], [10.78661, 55.12946], [10.7588, 55.10529], [10.73364, 55.07185], [10.70558, 55.06258], [10.60475, 55.06257], [10.56886, 55.04987], [10.53825, 55.02974], [10.51686, 55.03133], [10.47755, 55.04385], [10.38924, 55.05062], [10.36256, 55.06273], [10.31276, 55.06368], [10.23422, 55.09223], [10.20525, 55.0937], [10.1976, 55.08609], [10.19701, 55.0643], [10.14178, 55.09223], [10.08351, 55.08699], [10.06596, 55.09223], [10.14259, 55.1258], [10.15602, 55.14008], [10.11297, 55.18378], [10.094, 55.18842], [10.05583, 55.17977], [10.03933, 55.18099], [10.00359, 55.19733], [9.99155, 55.18842], [9.99448, 55.1728], [10.02913, 55.1424], [10.02569, 55.12593], [9.98554, 55.12776], [9.98878, 55.15184], [9.97205, 55.18472], [9.9795, 55.21284], [9.9114, 55.22851], [9.88387, 55.25372], [9.88387, 55.26538], [9.89536, 55.28026], [9.8817, 55.31444], [9.88478, 55.34886], [9.87452, 55.35334], [9.82985, 55.35229], [9.80243, 55.36238], [9.77812, 55.38027], [9.83009, 55.3889], [9.8401, 55.40009], [9.78558, 55.41375], [9.81959, 55.41376], [9.80926, 55.42548], [9.79103, 55.43183], [9.73733, 55.43819], [9.70348, 55.46215], [9.70348, 55.46839], [9.78631, 55.4372], [9.81218, 55.44107], [9.71339, 55.49103], [9.6763, 55.49568], [9.68395, 55.50604], [9.71778, 55.51679], [9.75515, 55.54412], [9.80946, 55.55024], [9.82739, 55.5484], [9.8401, 55.52363], [9.88819, 55.50869], [9.94028, 55.51923], [10.03933, 55.55776], [10.16863, 55.58226], [10.21267, 55.60064], [10.23699, 55.60547], [10.27215, 55.60552], [10.27955, 55.58511], [10.29363, 55.58808], [10.29381, 55.61611], [10.30763, 55.61822], [10.40739, 55.58295], [10.44418, 55.55317], [10.48853, 55.54547], [10.51871, 55.53346], [10.48683, 55.53718], [10.47527, 55.53197], [10.47071, 55.52021], [10.48909, 55.50909], [10.486, 55.49479], [10.45704, 55.48945], [10.41961, 55.45881], [10.43605, 55.44213], [10.47153, 55.44306], [10.49123, 55.46526], [10.50245, 55.46357], [10.60914, 55.49258], [10.60231, 55.50625], [10.56693, 55.52363], [10.56985, 55.5324], [10.60109, 55.51679], [10.61378, 55.5279], [10.59428, 55.57825], [10.61459, 55.5646], [10.60859, 55.61297], [10.62761, 55.61358], [10.6569, 55.59487], [10.7041, 55.55028], [10.70924, 55.52705], [10.73811, 55.50934], [10.74234, 55.4875], [10.70394, 55.47114], [10.65748, 55.4597], [10.5713, 55.46125], [10.55942, 55.45531], [10.55405, 55.44257], [10.56332, 55.43622], [10.57944, 55.43586], [10.59425, 55.44107], [10.58857, 55.44943], [10.59596, 55.45966], [10.68294, 55.44789], [10.69758, 55.44043], [10.79662, 55.35854], [10.80296, 55.34991], [10.8343, 55.29028], [10.79689, 55.30768], [10.78028, 55.30492], [10.77296, 55.2871], [10.80545, 55.25025]]], [[[14.0881, 55.26773], [14.05659, 55.26422], [14.02665, 55.25569], [13.91272, 55.20634], [13.88285, 55.19889], [13.85118, 55.19682], [13.82354, 55.20154], [13.80199, 55.21255], [13.78556, 55.22842], [13.76403, 55.26874], [13.74419, 55.32644], [13.71464, 55.37825], [13.70632, 55.40639], [13.70933, 55.42412], [13.62957, 55.41828], [13.59595, 55.39326], [13.58082, 55.38883], [13.53785, 55.39326], [13.50343, 55.38837], [13.41045, 55.35219], [13.38135, 55.34602], [13.31251, 55.34269], [13.28015, 55.34553], [13.11549, 55.38028], [13.06154, 55.38127], [13.03078, 55.38643], [13.00001, 55.40009], [12.97918, 55.40327], [12.95834, 55.40009], [12.93228, 55.38796], [12.91077, 55.38748], [12.88673, 55.39326], [12.84742, 55.38204], [12.83279, 55.38256], [12.82881, 55.40009], [12.8594, 55.43487], [12.90463, 55.41796], [12.9297, 55.41877], [12.95289, 55.42499], [12.96583, 55.43488], [12.96324, 55.45424], [12.98569, 55.4479], [12.97584, 55.47504], [12.92838, 55.52024], [12.91751, 55.54719], [12.92939, 55.57892], [12.95836, 55.59812], [13.02735, 55.62665], [13.05678, 55.65879], [13.13316, 55.66319], [13.27169, 55.6596], [13.40206, 55.64589], [13.53775, 55.65623], [13.59916, 55.65607], [13.71822, 55.64595], [13.77698, 55.63589], [13.89849, 55.60372], [13.99473, 55.56421], [14.07653, 55.51484], [14.11448, 55.48035], [14.12946, 55.47115], [14.14217, 55.45518], [14.16648, 55.43309], [14.23306, 55.42833], [14.19971, 55.399], [14.15801, 55.38719], [14.13839, 55.38795], [14.13912, 55.36873], [14.15004, 55.34855], [14.17751, 55.32033], [14.21176, 55.29495], [14.30444, 55.24162], [14.31341, 55.23258], [14.31547, 55.22481], [14.31098, 55.21954], [14.28915, 55.2129], [14.21954, 55.20436], [14.13985, 55.2521], [14.10472, 55.26585], [14.0881, 55.26773]], [[14.06812, 55.39068], [13.92499, 55.4328], [13.95783, 55.4036], [14.01077, 55.34343], [14.02017, 55.33876], [14.03091, 55.33808], [14.04332, 55.34248], [14.05777, 55.35305], [14.06911, 55.36758], [14.0714, 55.38132], [14.06812, 55.39068]]], [[[10.326, 55.76236], [10.31984, 55.74529], [10.31275, 55.74237], [10.2453, 55.74874], [10.23807, 55.75276], [10.24213, 55.75787], [10.29477, 55.76337], [10.30634, 55.78668], [10.31315, 55.78838], [10.326, 55.76236]]], [[[10.51728, 55.84552], [10.55942, 55.86628], [10.57923, 55.89087], [10.64425, 55.8575], [10.62827, 55.84577], [10.62434, 55.79434], [10.61472, 55.77706], [10.5822, 55.75976], [10.54714, 55.76521], [10.52029, 55.78856], [10.51159, 55.82526], [10.51728, 55.84552]]]]}}, {"type": "Feature", "properties": {"map_title": "1939~1941년 사이 유럽에서의 전쟁 상황", "source": "미래엔 세계사 교과서 4권 190쪽", "volume": 4, "page": 190, "legend": "추축국 영토(1939년 9월)", "name": "독일", "name_en": "Germany", "period": "1939–1941", "kind": "국가", "group": "독일", "coast_snap": "Natural Earth 10m 해안선에 맞춤", "border_snap": "현대 국경(Natural Earth 10m)에 맞춘 구간 약 1412 km", "map_folder": "4권_p190_1939~1941년 사이 유럽에서의 전쟁 상황"}, "geometry": {"type": "MultiPolygon", "coordinates": [[[[5.38446, 53.41976], [5.40724, 53.42255], [5.43703, 53.43646], [5.58526, 53.45358], [5.56201, 53.43432], [5.5337, 53.42838], [5.47543, 53.42695], [5.48137, 53.41256], [5.42701, 53.40644], [5.38105, 53.39447], [5.38446, 53.41976]]], [[[5.64646, 53.46564], [5.65887, 53.47186], [5.674, 53.46792], [5.91382, 53.47385], [5.95456, 53.46109], [5.85564, 53.44743], [5.75278, 53.44741], [5.67896, 53.43013], [5.65359, 53.43375], [5.6361, 53.44868], [5.64646, 53.46564]]], [[[6.1851, 53.50479], [6.31043, 53.51413], [6.33872, 53.50864], [6.3387, 53.50203], [6.15317, 53.46882], [6.13331, 53.45362], [6.12715, 53.46308], [6.13331, 53.46792], [6.12283, 53.48163], [6.14797, 53.49485], [6.1851, 53.50479]]], [[[6.60602, 53.54775], [6.5857, 53.53336], [6.57051, 53.53812], [6.58359, 53.54807], [6.60602, 53.54775]]], [[[6.44119, 53.55662], [6.45509, 53.55808], [6.50976, 53.5437], [6.49609, 53.53627], [6.46032, 53.5435], [6.44306, 53.55], [6.44119, 53.55662]]], [[[6.66336, 53.58735], [6.65954, 53.5991], [6.74733, 53.61834], [6.78467, 53.62005], [6.79808, 53.60445], [6.72242, 53.59077], [6.72242, 53.58462], [6.74218, 53.57835], [6.75649, 53.56291], [6.72608, 53.57714], [6.69508, 53.57031], [6.67711, 53.57564], [6.66336, 53.58735]]], [[[6.86713, 53.64756], [6.89519, 53.65142], [6.92178, 53.64195], [6.89372, 53.62321], [6.86599, 53.63378], [6.86713, 53.64756]]], [[[6.87387, 53.67277], [6.91082, 53.68365], [7.04705, 53.69415], [7.08539, 53.687], [6.87387, 53.67277]]], [[[7.29574, 53.71101], [7.17397, 53.70143], [7.13319, 53.70808], [7.17897, 53.72406], [7.23257, 53.7294], [7.34619, 53.72796], [7.34669, 53.72323], [7.29574, 53.71101]]], [[[8.17481, 53.737], [8.19593, 53.72798], [8.17172, 53.72557], [8.15089, 53.71431], [8.13071, 53.71845], [8.12014, 53.71432], [8.13267, 53.73403], [8.15271, 53.73913], [8.17481, 53.737]]], [[[7.42124, 53.72115], [7.3666, 53.72798], [7.40103, 53.7365], [7.42261, 53.73419], [7.43554, 53.72797], [7.43237, 53.72407], [7.42124, 53.72115]]], [[[7.47463, 53.75682], [7.60661, 53.76259], [7.6267, 53.75527], [7.62719, 53.75093], [7.5477, 53.75043], [7.51393, 53.74551], [7.51123, 53.72798], [7.48195, 53.72713], [7.47301, 53.73188], [7.46959, 53.74535], [7.47463, 53.75682]]], [[[7.72828, 53.78656], [7.81282, 53.78314], [7.81282, 53.77636], [7.79859, 53.77635], [7.74821, 53.76095], [7.7195, 53.75992], [7.695, 53.76952], [7.67709, 53.75781], [7.66092, 53.76211], [7.6863, 53.78098], [7.72828, 53.78656]]], [[[7.87378, 53.77637], [7.85452, 53.78458], [7.85891, 53.79091], [7.91407, 53.79534], [7.9555, 53.78292], [7.87526, 53.7884], [7.87378, 53.77637]]], [[[7.89919, 54.17818], [7.87993, 54.19391], [7.89453, 54.19464], [7.90414, 54.18043], [7.89919, 54.17818]]], [[[8.27703, 54.7826], [8.28264, 54.83554], [8.29776, 54.83901], [8.29831, 54.77665], [8.29078, 54.74552], [8.28444, 54.74239], [8.27703, 54.7826]]], [[[5.16054, 51.75274], [5.16442, 51.79741], [5.14567, 51.80118], [5.13042, 51.78843], [4.98279, 51.96574], [5.11742, 52.05696], [5.29108, 52.04247], [5.59092, 52.14081], [5.67408, 52.229], [5.66743, 52.23538], [5.56606, 52.27494], [5.84982, 52.48489], [5.81772, 52.65182], [5.56593, 52.65049], [5.57734, 52.78849], [5.84887, 52.82248], [5.8594, 52.83215], [5.90525, 52.94358], [5.89816, 52.95187], [5.79166, 52.97971], [5.65556, 53.02928], [5.55982, 53.0831], [5.46525, 53.1647], [5.43518, 53.20246], [5.44746, 53.22089], [5.50395, 53.25687], [5.54103, 53.26659], [5.59157, 53.30279], [5.65968, 53.31196], [5.6946, 53.33005], [5.85475, 53.3688], [5.89081, 53.38425], [5.91375, 53.3854], [5.98081, 53.40606], [6.27393, 53.41266], [6.31153, 53.39899], [6.34556, 53.41266], [6.49393, 53.43863], [6.73023, 53.46063], [6.82911, 53.45058], [6.84977, 53.44488], [6.86685, 53.43427], [6.90056, 53.35179], [6.93001, 53.34007], [6.94858, 53.32608], [7.02003, 53.30614], [7.03777, 53.30963], [7.05828, 53.30195], [7.08544, 53.30963], [7.08544, 53.30281], [7.0735, 53.29564], [7.08074, 53.26679], [7.1111, 53.25633], [7.19459, 53.24502], [7.21583, 53.2556], [7.23357, 53.27363], [7.23699, 53.28555], [7.22952, 53.29657], [7.25477, 53.31954], [7.29152, 53.32392], [7.36655, 53.3028], [7.34254, 53.32404], [7.30291, 53.33275], [7.07521, 53.3376], [7.03827, 53.34859], [7.02363, 53.37641], [7.0233, 53.45051], [7.05146, 53.5126], [7.05975, 53.5217], [7.11964, 53.5163], [7.14177, 53.53718], [7.13998, 53.54979], [7.13111, 53.55695], [7.08889, 53.57372], [7.08678, 53.58686], [7.10094, 53.59788], [7.13315, 53.61127], [7.2261, 53.66648], [7.30503, 53.68479], [7.45883, 53.69512], [7.48023, 53.68203], [7.50392, 53.67866], [7.65162, 53.69699], [7.95143, 53.7219], [8.03141, 53.70807], [8.02491, 53.67255], [8.05291, 53.6363], [8.09409, 53.60472], [8.1276, 53.59076], [8.11915, 53.57193], [8.15674, 53.56366], [8.16796, 53.55321], [8.16487, 53.53523], [8.15516, 53.5259], [8.11573, 53.51074], [8.07635, 53.50861], [8.05877, 53.50202], [8.08619, 53.45612], [8.09978, 53.44741], [8.12387, 53.454], [8.15234, 53.44977], [8.18668, 53.4295], [8.20533, 53.41071], [8.2365, 53.40672], [8.25945, 53.4123], [8.29282, 53.4405], [8.31512, 53.47492], [8.32049, 53.50922], [8.29151, 53.52936], [8.25221, 53.52311], [8.23123, 53.52522], [8.24889, 53.59027], [8.27069, 53.61285], [8.32969, 53.61802], [8.34847, 53.61285], [8.38771, 53.57714], [8.42807, 53.56477], [8.51343, 53.55475], [8.55209, 53.54361], [8.55209, 53.5362], [8.5062, 53.50796], [8.49, 53.4864], [8.48504, 53.40119], [8.4909, 53.37645], [8.50441, 53.35806], [8.49757, 53.47476], [8.51287, 53.49649], [8.55665, 53.51822], [8.56577, 53.5467], [8.50846, 53.6249], [8.4871, 53.66694], [8.48611, 53.70042], [8.57327, 53.85765], [8.60712, 53.88153], [8.65187, 53.89247], [8.68457, 53.88848], [8.74464, 53.85415], [8.78248, 53.84248], [8.86069, 53.831], [8.90358, 53.83173], [8.97625, 53.84242], [9.01629, 53.84052], [9.03502, 53.85357], [9.11452, 53.86513], [9.19361, 53.86469], [9.2107, 53.87196], [9.22429, 53.86591], [9.27467, 53.86514], [9.30535, 53.84455], [9.40268, 53.74242], [9.48469, 53.69009], [9.49838, 53.65986], [9.56707, 53.5996], [9.60092, 53.58633], [9.63722, 53.581], [9.69662, 53.55663], [9.81902, 53.54035], [9.83204, 53.54361], [9.81959, 53.55663], [9.78207, 53.56973], [9.69239, 53.57591], [9.65577, 53.58462], [9.58367, 53.61245], [9.55079, 53.63459], [9.53224, 53.71117], [9.46023, 53.73543], [9.43582, 53.74869], [9.41237, 53.77892], [9.39668, 53.81102], [9.39519, 53.831], [9.35875, 53.83956], [9.29558, 53.87189], [9.25782, 53.88557], [9.22047, 53.89077], [9.09344, 53.89249], [9.02996, 53.90713], [9.00782, 53.8925], [8.98503, 53.89696], [8.94949, 53.91292], [8.91584, 53.93763], [8.83337, 54.03644], [8.87184, 54.04693], [8.89063, 54.04779], [8.97535, 54.02408], [8.99724, 54.03022], [9.01303, 54.06098], [9.01832, 54.09789], [8.97448, 54.12808], [8.97731, 54.1457], [8.95289, 54.15009], [8.91798, 54.14631], [8.8607, 54.1252], [8.81285, 54.18049], [8.84669, 54.23355], [8.83963, 54.25556], [8.92205, 54.27424], [8.96314, 54.31761], [8.94028, 54.31501], [8.90259, 54.29585], [8.88114, 54.29029], [8.88795, 54.30394], [8.77504, 54.29029], [8.73894, 54.29389], [8.67848, 54.2692], [8.65188, 54.27486], [8.6234, 54.29012], [8.60273, 54.31208], [8.59988, 54.33808], [8.61403, 54.34837], [8.64137, 54.35566], [8.69557, 54.35859], [8.69557, 54.36542], [8.65065, 54.378], [8.63479, 54.36543], [8.62625, 54.37641], [8.6291, 54.38744], [8.64845, 54.40639], [8.66977, 54.40082], [8.75083, 54.4138], [8.86069, 54.4138], [8.88608, 54.41779], [8.94948, 54.44733], [9.00473, 54.46589], [9.01157, 54.50633], [8.9861, 54.52928], [8.90448, 54.58064], [8.87875, 54.60651], [8.85816, 54.60615], [8.82586, 54.59815], [8.81904, 54.60561], [8.85328, 54.61929], [8.81837, 54.67365], [8.80543, 54.68757], [8.72267, 54.72553], [8.68875, 54.7353], [8.69435, 54.76024], [8.64847, 54.81786], [8.64493, 54.8554], [8.67259, 54.8506], [8.7035, 54.88979], [8.73278, 54.88905], [8.80089, 54.90383], [8.82425, 54.9059], [8.90414, 54.89794], [8.98269, 54.87934], [9.19477, 54.8504], [9.21151, 54.84182], [9.21905, 54.81779], [9.22639, 54.80591], [9.24407, 54.80177], [9.33202, 54.80322], [9.36695, 54.81702], [9.38504, 54.81939], [9.40519, 54.80839], [9.42214, 54.80725], [9.51909, 54.57541], [9.53738, 54.5039], [9.6083, 54.46796], [9.68516, 54.41361], [9.74219, 54.35153], [9.78092, 54.27441], [9.85854, 54.23187], [9.94635, 54.19943], [9.95911, 54.20026], [9.96599, 54.20565], [9.98045, 54.27684], [10.0176, 54.34384], [10.07653, 54.40528], [10.17883, 54.47377], [10.20384, 54.461], [10.18393, 54.44937], [10.19703, 54.4101], [10.17708, 54.38427], [10.14178, 54.37226], [10.14826, 54.36518], [10.14178, 54.35859], [10.15553, 54.34341], [10.14178, 54.32441], [10.16375, 54.32917], [10.18035, 54.34113], [10.22439, 54.4138], [10.27215, 54.42007], [10.3069, 54.4411], [10.31837, 54.44329], [10.36117, 54.44101], [10.44337, 54.4064], [10.60107, 54.36541], [10.6902, 54.31623], [10.73129, 54.31021], [10.77711, 54.31513], [10.8108, 54.32738], [10.86822, 54.3587], [10.93532, 54.37953], [11.01879, 54.38588], [11.01879, 54.3791], [10.97584, 54.3784], [10.99317, 54.37385], [11.01051, 54.37718], [11.03395, 54.36762], [11.10418, 54.39288], [11.13548, 54.38589], [11.08773, 54.35176], [11.06658, 54.35859], [11.0774, 54.34223], [11.09448, 54.28352], [11.08709, 54.2709], [11.09448, 54.22508], [11.09016, 54.208], [11.06656, 54.18391], [10.95045, 54.13947], [10.91031, 54.10921], [10.89322, 54.10267], [10.83611, 54.09001], [10.82228, 54.09736], [10.80543, 54.09488], [10.75262, 54.05012], [10.78045, 54.00996], [10.79965, 54.00056], [10.82691, 53.99543], [10.87548, 53.99542], [10.88738, 53.96393], [10.90211, 53.96137], [10.92262, 53.96137], [10.9647, 53.98541], [11.00025, 53.9916], [11.05348, 54.00848], [11.17506, 54.018], [11.19075, 54.01032], [11.20436, 53.98924], [11.23991, 53.98346], [11.24535, 53.97842], [11.24293, 53.94522], [11.25563, 53.94086], [11.29371, 53.94086], [11.33416, 53.96136], [11.35825, 53.94086], [11.3999, 53.94085], [11.43873, 53.90912], [11.45769, 53.90616], [11.47682, 53.9527], [11.47242, 53.96882], [11.4979, 53.98184], [11.49171, 54.00235], [11.52589, 54.02277], [11.51907, 54.03643], [11.55323, 54.03022], [11.5735, 54.03905], [11.59133, 54.06561], [11.6128, 54.0729], [11.62452, 54.08364], [11.62957, 54.09602], [11.62208, 54.09957], [11.62526, 54.10981], [11.6579, 54.14223], [11.68971, 54.15521], [11.72877, 54.1585], [11.81227, 54.14981], [12.05063, 54.17992], [12.08813, 54.19406], [12.09164, 54.114], [12.115, 54.09789], [12.09506, 54.1457], [12.10548, 54.15737], [12.13429, 54.16698], [12.14283, 54.18049], [12.12086, 54.18], [12.10133, 54.17365], [12.1089, 54.18301], [12.1631, 54.21992], [12.18687, 54.24335], [12.2894, 54.27509], [12.34213, 54.30394], [12.37846, 54.34515], [12.43832, 54.39582], [12.48609, 54.44733], [12.50198, 54.47357], [12.53385, 54.48825], [12.53385, 54.48212], [12.52703, 54.48212], [12.54835, 54.46206], [12.59148, 54.45173], [12.8191, 54.45172], [12.85662, 54.44111], [12.87965, 54.44879], [12.90837, 54.44464], [12.92113, 54.4335], [12.89639, 54.4201], [12.87078, 54.41683], [12.76368, 54.4222], [12.69459, 54.43366], [12.67042, 54.42007], [12.6242, 54.42292], [12.61451, 54.41974], [12.6084, 54.40641], [12.60222, 54.4138], [12.58172, 54.4064], [12.58766, 54.39403], [12.6022, 54.39208], [12.59472, 54.3859], [12.57553, 54.392], [12.55405, 54.39082], [12.53598, 54.38373], [12.52704, 54.37227], [12.51075, 54.38426], [12.49098, 54.39008], [12.45476, 54.39208], [12.43849, 54.38752], [12.41847, 54.36066], [12.42398, 54.34493], [12.39674, 54.35175], [12.3899, 54.34492], [12.39648, 54.33295], [12.3916, 54.32112], [12.37907, 54.31245], [12.36256, 54.31021], [12.38012, 54.27709], [12.36883, 54.26919], [12.41245, 54.25141], [12.43678, 54.24771], [12.45818, 54.25556], [12.44264, 54.25519], [12.41035, 54.26919], [12.4263, 54.28961], [12.47242, 54.31021], [12.4787, 54.33185], [12.56056, 54.35859], [12.54081, 54.36542], [12.54078, 54.37226], [12.55934, 54.37629], [12.57423, 54.37226], [12.57423, 54.3791], [12.59295, 54.36933], [12.62273, 54.37393], [12.67726, 54.39208], [12.67044, 54.4064], [12.68084, 54.41088], [12.71752, 54.4138], [12.71752, 54.40641], [12.70248, 54.40412], [12.69239, 54.39619], [12.68409, 54.37226], [12.7046, 54.3996], [12.72381, 54.38125], [12.73504, 54.37816], [12.74611, 54.38588], [12.75782, 54.37979], [12.76857, 54.38007], [12.78711, 54.39205], [12.79469, 54.37714], [12.81804, 54.35798], [12.85467, 54.35786], [12.87599, 54.36542], [12.90383, 54.3996], [12.92937, 54.41437], [12.9691, 54.42938], [13.0088, 54.43805], [13.03416, 54.43366], [13.0215, 54.42646], [13.02858, 54.40184], [13.04038, 54.39208], [13.09553, 54.37226], [13.07667, 54.35252], [13.08074, 54.33714], [13.1092, 54.3102], [13.11492, 54.28002], [13.12599, 54.2766], [13.17065, 54.27659], [13.17066, 54.26919], [13.1434, 54.26301], [13.17612, 54.26484], [13.22836, 54.24738], [13.28881, 54.23427], [13.32179, 54.19452], [13.34887, 54.18048], [13.32154, 54.16682], [13.34653, 54.16694], [13.3838, 54.17812], [13.40347, 54.17365], [13.38299, 54.15314], [13.39479, 54.14891], [13.4087, 54.15461], [13.41772, 54.15313], [13.4651, 54.09846], [13.48357, 54.0913], [13.50709, 54.09105], [13.50709, 54.09789], [13.47928, 54.11836], [13.47928, 54.12518], [13.60271, 54.13947], [13.68345, 54.16803], [13.71192, 54.17364], [13.71467, 54.16406], [13.69825, 54.15933], [13.69825, 54.15314], [13.72902, 54.14374], [13.80812, 54.10468], [13.7732, 54.04633], [13.7461, 54.03644], [13.79762, 53.99893], [13.83862, 53.98631], [13.84864, 53.95555], [13.86722, 53.95457], [13.90602, 53.94306], [13.90756, 53.93354], [13.89014, 53.91291], [13.81853, 53.878], [13.80812, 53.86514], [13.81707, 53.85293], [13.8628, 53.84125], [13.86915, 53.83031], [13.89991, 53.80915], [13.91065, 53.81048], [13.98422, 53.77399], [14.01734, 53.76951], [14.03745, 53.75528], [14.06851, 53.75533], [14.10613, 53.74335], [14.18653, 53.73981], [14.21469, 53.74486], [14.23415, 53.76177], [14.25016, 53.75995], [14.26448, 53.75161], [14.26743, 53.73542], [14.21274, 53.70807], [14.22535, 53.70376], [14.27369, 53.70063], [14.30486, 53.71255], [14.30616, 53.72069], [14.2886, 53.72798], [14.30161, 53.73485], [14.28858, 53.74165], [14.29421, 53.74907], [14.3304, 53.73419], [14.34205, 53.71491], [14.38355, 53.70062], [14.41456, 53.68236], [14.45898, 53.67782], [14.51237, 53.66644], [14.53072, 53.65792], [14.59059, 53.59838], [14.60159, 53.62665], [14.62379, 53.63923], [14.62379, 53.65282], [14.57595, 53.65966], [14.54495, 53.70405], [14.57595, 53.7695], [14.58741, 53.76349], [14.62379, 53.76952], [14.61673, 53.79475], [14.63063, 53.85151], [14.62379, 53.85151], [14.61354, 53.83161], [14.58961, 53.81733], [14.59586, 53.81051], [14.58741, 53.81257], [14.56912, 53.82416], [14.58961, 53.83784], [14.57586, 53.8548], [14.55209, 53.86278], [14.44118, 53.86963], [14.42556, 53.87982], [14.43816, 53.89932], [14.4319, 53.90616], [14.42205, 53.89614], [14.3851, 53.89728], [14.36305, 53.87938], [14.40919, 53.87157], [14.41765, 53.86514], [14.41548, 53.85282], [14.39292, 53.84082], [14.38356, 53.84467], [14.35621, 53.83447], [14.3283, 53.831], [14.3283, 53.82416], [14.34203, 53.82099], [14.3283, 53.81734], [14.27468, 53.8308], [14.22657, 53.87198], [14.20314, 53.87832], [14.08741, 53.87044], [14.06512, 53.87239], [14.04835, 53.87938], [14.02506, 53.86385], [13.99615, 53.85385], [13.93848, 53.84468], [13.87525, 53.84406], [13.8401, 53.85029], [13.82179, 53.86514], [13.85548, 53.87739], [13.88771, 53.88154], [13.93165, 53.89932], [13.93898, 53.92821], [13.90188, 53.9698], [13.90449, 53.99542], [13.95484, 53.99358], [13.97264, 53.98924], [13.96583, 53.98184], [13.95899, 53.94086], [13.97462, 53.95734], [13.98785, 53.96141], [14.02782, 53.96136], [14.01433, 53.94709], [14.04835, 53.94086], [14.04029, 53.95384], [14.05307, 53.97842], [14.05128, 54.00507], [14.03745, 54.02171], [14.01435, 54.01603], [13.9817, 54.05634], [13.94606, 54.0666], [13.92612, 54.06403], [13.91586, 54.05638], [13.9248, 54.03645], [13.90724, 54.02749], [13.89088, 54.01016], [13.85599, 54.00236], [13.8581, 54.01577], [13.87631, 54.03644], [13.8711, 54.04865], [13.86362, 54.04999], [13.82301, 54.03791], [13.79418, 54.01814], [13.7741, 54.02277], [13.78207, 54.04214], [13.80925, 54.0751], [13.81495, 54.10126], [13.80616, 54.11664], [13.75297, 54.15312], [13.76223, 54.16445], [13.77761, 54.17401], [13.79615, 54.17828], [13.81494, 54.17364], [13.85597, 54.11835], [13.8825, 54.10244], [14.0166, 54.06], [14.19239, 53.94611], [14.26808, 53.92182], [14.36704, 53.91698], [14.40675, 53.92182], [14.51772, 53.96534], [14.78163, 54.03454], [15.0101, 54.06981], [15.07662, 54.08639], [15.02479, 53.98761], [14.90995, 53.80916], [14.89525, 53.77642], [14.90446, 53.74136], [14.96173, 53.61875], [14.9699, 53.58339], [14.96864, 53.5134], [14.95938, 53.47857], [14.92376, 53.41095], [14.86759, 53.34952], [14.83163, 53.32102], [14.81079, 53.30875], [14.44163, 53.25184], [14.41559, 53.22099], [14.38778, 53.20208], [14.38065, 53.18986], [14.37786, 53.17655], [14.38954, 53.13167], [14.35678, 53.06668], [14.34334, 53.04862], [14.31264, 53.02922], [14.25373, 53.00088], [14.19286, 52.98165], [14.14449, 52.95992], [14.16495, 52.89566], [14.16082, 52.87675], [14.15049, 52.86463], [14.12392, 52.85065], [13.79518, 52.74215], [13.78663, 52.71386], [13.78527, 52.65324], [13.80977, 52.56744], [13.84587, 52.50424], [13.92875, 52.42536], [14.01384, 52.36735], [14.11143, 52.3149], [14.21642, 52.26671], [14.58415, 52.29123], [14.60658, 52.27575], [14.64048, 52.26505], [14.69691, 52.25348], [14.71241, 52.23591], [14.7121, 52.21544], [14.69257, 52.19958], [14.69257, 52.19338], [14.70704, 52.17945], [14.70322, 52.16516], [14.69247, 52.14697], [14.68637, 52.12103], [14.69639, 52.10669], [14.7614, 52.07667], [14.73536, 52.05403], [14.72606, 52.02644], [14.69908, 51.99251], [14.69574, 51.93446], [15.07737, 51.91681], [15.56474, 51.72907], [15.60793, 51.64624], [15.68681, 51.54568], [15.70021, 51.54538], [15.70822, 51.55209], [15.72395, 51.66728], [15.97821, 51.5773], [16.24424, 51.49668], [16.5268, 51.42594], [17.05281, 51.31384], [17.17829, 51.27888], [17.29768, 51.23717], [17.40907, 51.18648], [17.50919, 51.12485], [17.59305, 51.0517], [17.62375, 51.01466], [17.66595, 50.93976], [17.74925, 50.6978], [17.66634, 50.67232], [17.58966, 50.64124], [17.52223, 50.60515], [17.44849, 50.55036], [17.18761, 50.37848], [17.17593, 50.38075], [17.1317, 50.37682], [17.08467, 50.39796], [16.98194, 50.41636], [16.95879, 50.4146], [16.91579, 50.43108], [16.89295, 50.43294], [16.86577, 50.4224], [16.86587, 50.40845], [16.89791, 50.37822], [16.90928, 50.35992], [16.92654, 50.31926], [16.94525, 50.3069], [16.96964, 50.29776], [16.98783, 50.28494], [16.99837, 50.26701], [16.99982, 50.24272], [17.01284, 50.23166], [17.01481, 50.21849], [17.0084, 50.20996], [17.22151, 50.02072], [17.23369, 49.91854], [17.2441, 49.88022], [17.26198, 49.83601], [17.30201, 49.77317], [16.92782, 49.66389], [16.63633, 49.46416], [16.54457, 49.19288], [16.43879, 49.16929], [16.37282, 49.0547], [16.19202, 48.98514], [15.92505, 48.8226], [15.9081, 48.81971], [15.90707, 48.83025], [15.89963, 48.83475], [15.87575, 48.83309], [15.88599, 48.84203], [15.87761, 48.84167], [15.85922, 48.84916], [15.83328, 48.85201], [15.82832, 48.85712], [15.82428, 48.86942], [15.8185, 48.87232], [15.7879, 48.87226], [15.72682, 48.85495], [15.70378, 48.85495], [15.68135, 48.85847], [15.62995, 48.8776], [15.45805, 48.6674], [15.45127, 48.65125], [15.38938, 48.41096], [15.80378, 48.00477], [15.7403, 47.83743], [15.79082, 47.68885], [15.53784, 47.63127], [15.31637, 47.71871], [15.17095, 47.63231], [15.17731, 47.62115], [15.46534, 47.52012], [15.41949, 47.37391], [15.27776, 47.3391], [15.27028, 47.33111], [15.39316, 47.04883], [15.41706, 46.90608], [15.21336, 46.90432], [15.19168, 46.87343], [15.14744, 46.64323], [15.06195, 46.64956], [15.00439, 46.63684], [14.96718, 46.60026], [14.94795, 46.61927], [14.93359, 46.62114], [14.89773, 46.60555], [14.863, 46.60483], [14.85039, 46.60114], [14.83365, 46.58439], [14.82228, 46.56755], [14.80719, 46.53602], [14.78858, 46.50665], [14.76089, 46.49628], [14.73525, 46.49334], [14.72637, 46.49771], [14.70973, 46.49251], [14.68709, 46.47122], [14.67996, 46.45887], [14.66208, 46.4597], [14.6317, 46.44058], [14.59015, 46.43443], [14.57537, 46.41973], [14.5577, 46.38394], [14.54033, 46.37864], [14.5271, 46.38823], [14.51584, 46.40536], [14.50219, 46.41836], [14.46768, 46.41267], [14.45093, 46.41448], [14.42003, 46.42435], [14.40649, 46.43934], [14.39584, 46.44099], [14.36215, 46.43588], [14.14986, 46.44006], [14.13726, 46.44244], [14.08103, 46.47595], [14.06636, 46.48104], [14.03246, 46.48471], [13.99876, 46.48052], [13.98233, 46.48192], [13.85876, 46.3232], [13.61153, 46.3526], [13.34463, 46.43368], [13.28742, 46.55314], [13.27142, 46.55078], [13.23111, 46.55217], [13.21002, 46.55801], [13.14646, 46.58496], [13.0645, 46.59804], [12.83041, 46.60964], [12.77357, 46.63519], [12.73987, 46.64299], [12.70659, 46.63775], [12.66959, 46.65302], [12.62019, 46.65648], [12.54733, 46.65219], [12.49989, 46.67214], [12.44563, 46.6787], [12.40501, 46.69012], [12.37039, 46.71116], [12.35147, 46.74325], [12.34269, 46.76513], [12.32605, 46.77249], [12.2844, 46.77999], [12.2691, 46.78857], [12.00108, 46.65989], [11.8488, 46.72952], [11.74645, 46.97246], [11.73487, 46.97062], [11.71616, 46.97548], [11.68381, 46.99191], [11.64971, 46.993], [11.59648, 47.00044], [11.57271, 46.99892], [11.52444, 46.98835], [11.50698, 46.993], [11.48941, 47.00421], [11.47184, 47.00708], [11.45292, 47.00088], [11.41117, 46.97049], [11.38058, 46.97155], [11.34947, 46.98194], [11.31381, 46.98726], [11.24374, 46.97925], [11.17449, 46.96385], [11.15661, 46.95652], [11.09191, 46.91244], [11.08364, 46.90014], [11.0731, 46.86497], [11.05429, 46.83415], [11.05284, 46.81492], [11.03331, 46.80557], [11.01088, 46.77921], [10.99693, 46.76911], [10.98267, 46.76774], [10.93089, 46.77399], [10.87043, 46.76407], [10.83415, 46.78025], [10.79508, 46.77689], [10.75478, 46.79076], [10.72294, 46.78645], [10.58168, 46.70912], [10.4274, 46.7174], [10.30811, 46.78642], [10.28447, 46.78801], [10.20142, 46.86683], [10.15781, 46.85161], [10.13197, 46.84657], [10.1113, 46.84712], [10.0681, 46.85662], [10.04557, 46.86556], [10.00691, 46.89076], [9.89994, 46.9144], [9.87514, 46.92742], [9.86243, 46.93977], [9.57409, 46.85302], [9.53186, 46.86949], [9.50219, 46.96207], [9.22193, 47.01953], [9.0647, 47.25788], [9.18118, 47.35969], [9.18193, 47.37776], [9.14269, 47.42335], [9.19694, 47.65614], [9.1834, 47.67042], [9.1281, 47.67042], [9.01659, 47.6789], [8.99767, 47.67384], [8.98176, 47.66216], [8.94538, 47.6543], [8.9062, 47.6518], [8.88171, 47.65614], [8.83779, 47.68084], [8.83768, 47.68779], [8.85608, 47.69068], [8.83024, 47.70719], [8.79758, 47.72003], [8.77071, 47.72086], [8.76172, 47.70125], [8.76988, 47.69507], [8.71707, 47.69456], [8.71263, 47.70869], [8.70043, 47.7235], [8.71976, 47.74732], [8.71314, 47.75742], [8.68193, 47.75874], [8.65702, 47.78812], [8.6441, 47.79101], [8.63501, 47.7846], [8.62984, 47.7628], [8.61744, 47.75732], [8.60762, 47.76225], [8.60162, 47.7946], [8.58312, 47.80024], [8.55822, 47.80117], [8.5423, 47.79502], [8.5516, 47.77926], [8.53651, 47.77409], [8.4715, 47.76706], [8.46365, 47.76391], [8.44546, 47.74318], [8.43791, 47.72319], [8.40195, 47.70709], [8.39213, 47.69952], [8.39099, 47.69213], [8.39771, 47.67629], [8.3913, 47.66546], [8.41197, 47.66105], [8.45827, 47.63988], [8.47605, 47.6404], [8.51967, 47.65735], [8.56824, 47.66293], [8.60731, 47.65629], [8.60162, 47.6326], [8.59511, 47.63482], [8.59356, 47.64257], [8.58033, 47.639], [8.57806, 47.63348], [8.5825, 47.62159], [8.58064, 47.60017], [8.57413, 47.59244], [8.5607, 47.5894], [8.53775, 47.61213], [8.52235, 47.6219], [8.49238, 47.61983], [8.46179, 47.60614], [8.44887, 47.58428], [8.41807, 47.58077], [8.35409, 47.58102], [8.31616, 47.58785], [8.30634, 47.59219], [8.28857, 47.6158], [8.25105, 47.622], [8.18601, 47.6166], [8.11184, 47.84102], [8.07042, 47.86181], [7.93483, 47.83193], [7.92396, 47.82045], [7.97399, 47.62731], [7.76321, 47.66821], [7.49253, 47.62213], [7.3998, 47.66002], [7.2249, 47.61255], [7.13682, 47.65118], [7.03651, 47.79973], [7.07917, 48.07271], [6.98959, 48.18613], [7.06456, 48.46184], [7.11069, 48.79073], [7.19603, 48.88087], [7.26806, 49.10563], [7.24119, 49.1139], [7.15499, 49.11442], [7.12358, 49.12331], [7.07986, 49.14201], [7.07076, 49.13612], [7.07479, 49.12537], [7.07324, 49.12031], [7.04255, 49.1076], [7.02053, 49.11897], [7.00896, 49.14641], [7.00947, 49.1817], [6.98787, 49.18243], [6.92545, 49.20558], [6.91439, 49.20666], [6.88524, 49.2048], [6.84349, 49.21105], [6.83346, 49.20945], [6.82768, 49.19555], [6.83904, 49.16279], [6.82178, 49.14775], [6.80907, 49.14584], [6.77011, 49.15529], [6.72556, 49.15555], [6.71378, 49.15886], [6.70097, 49.17287], [6.70882, 49.19777], [6.70252, 49.21364], [6.68061, 49.20749], [6.66376, 49.24387], [6.6403, 49.25276], [6.63968, 49.27115], [6.55643, 49.3264], [6.55012, 49.33802], [6.5556, 49.34717], [6.57338, 49.34774], [6.57772, 49.3558], [6.57431, 49.36179], [6.52573, 49.39549], [6.51881, 49.40215], [6.52056, 49.40815], [6.51167, 49.42474], [6.49452, 49.43554], [6.40274, 49.46546], [6.39168, 49.4667], [6.35386, 49.45476], [6.32229, 49.35067], [6.29553, 49.3505], [6.11448, 49.45052], [6.0988, 49.44503], [6.07243, 49.38463], [5.96224, 49.40097], [5.87072, 49.52553], [5.83223, 49.55752], [5.84691, 49.57672], [5.82996, 49.58276], [5.84122, 49.58969], [5.862, 49.62276], [5.87988, 49.63485], [5.88546, 49.64353], [5.87988, 49.65775], [5.87264, 49.66172], [5.85259, 49.66322], [5.84577, 49.66658], [5.84226, 49.67392], [5.84877, 49.69273], [5.85735, 49.70043], [5.856, 49.70808], [5.85022, 49.71402], [5.83172, 49.71361], [5.80536, 49.72188], [5.80205, 49.74286], [5.77849, 49.77303], [5.77188, 49.77939], [5.75916, 49.78446], [5.73829, 49.78885], [5.72774, 49.80022], [5.72164, 49.81277], [5.7202, 49.82471], [5.72464, 49.83427], [5.73653, 49.83944], [5.72692, 49.84523], [5.73188, 49.85996], [5.75813, 49.8582], [5.74883, 49.86729], [5.71493, 49.88187], [5.71896, 49.89137], [5.75358, 49.93018], [5.76371, 49.94682], [5.77156, 49.95354], [5.79337, 49.95881], [5.80164, 49.96382], [5.8126, 49.97757], [5.80154, 49.98868], [5.80267, 50.00248], [5.48809, 50.11386], [5.44011, 50.12479], [5.26859, 50.29015], [5.2487, 50.42727], [5.40793, 50.64586], [5.38835, 50.79055], [5.37698, 50.79858], [5.25545, 50.80605], [5.2819, 50.92618], [5.08736, 51.02614], [5.08867, 51.04251], [5.21542, 51.25873], [5.21491, 51.29434], [5.19734, 51.30834], [5.14018, 51.30739], [5.12292, 51.31338], [5.10256, 51.35066], [5.06814, 51.37454], [5.06174, 51.38426], [5.06525, 51.40591], [5.07641, 51.4219], [5.07993, 51.43854], [5.06029, 51.46198], [5.02753, 51.47681], [5.17093, 51.68982], [5.1837, 51.72374], [5.16054, 51.75274]]], [[[11.42662, 54.02293], [11.46803, 54.03094], [11.4979, 54.02277], [11.46827, 53.97069], [11.45771, 53.96139], [11.44534, 53.96114], [11.45143, 53.98554], [11.44703, 53.99714], [11.43873, 53.99726], [11.43328, 53.98876], [11.43776, 53.975], [11.4231, 53.96773], [11.40708, 53.96822], [11.37568, 53.98184], [11.39068, 54.00473], [11.42662, 54.02293]]], [[[8.68295, 54.06611], [8.69286, 54.05679], [8.68612, 54.04224], [8.67345, 54.04471], [8.66287, 54.05354], [8.65889, 54.06428], [8.66444, 54.07478], [8.68196, 54.08042], [8.68295, 54.06611]]], [[[11.6019, 54.10415], [11.61585, 54.11209], [11.55275, 54.07306], [11.53396, 54.05696], [11.52851, 54.0751], [11.53396, 54.08486], [11.6019, 54.10415]]], [[[16.17239, 54.27659], [16.22006, 54.2766], [16.21323, 54.28351], [16.21518, 54.29963], [16.19215, 54.30028], [16.1378, 54.29029], [16.21355, 54.31611], [16.27537, 54.35855], [16.23178, 54.32258], [16.27491, 54.33047], [16.28883, 54.34024], [16.3239, 54.34992], [16.33676, 54.35859], [16.32488, 54.37311], [16.30502, 54.37348], [16.28162, 54.35862], [16.3243, 54.40155], [16.43979, 54.48825], [16.43442, 54.47236], [16.44451, 54.46988], [16.4734, 54.48212], [16.47975, 54.49555], [16.47389, 54.49966], [16.44606, 54.48827], [16.46685, 54.51232], [16.50133, 54.5324], [16.5696, 54.55718], [16.77849, 54.57514], [16.85964, 54.59393], [16.93995, 54.60602], [17.03583, 54.66705], [17.33742, 54.749], [17.71567, 54.79043], [17.88543, 54.82411], [18.15201, 54.83831], [18.3169, 54.83832], [18.33952, 54.83347], [18.37582, 54.81513], [18.41051, 54.80818], [18.75171, 54.69008], [18.81378, 54.64336], [18.83434, 54.61644], [18.83528, 54.6031], [18.81764, 54.59814], [18.80226, 54.61603], [18.78404, 54.62353], [18.77182, 54.64228], [18.70777, 54.70124], [18.65456, 54.71016], [18.64503, 54.71955], [18.61672, 54.72525], [18.55698, 54.74901], [18.49823, 54.76538], [18.44776, 54.78998], [18.42921, 54.78168], [18.41505, 54.75312], [18.4131, 54.73192], [18.44755, 54.7184], [18.47444, 54.68757], [18.47039, 54.66673], [18.48192, 54.65961], [18.47592, 54.64008], [18.48731, 54.63178], [18.50636, 54.6341], [18.52293, 54.64652], [18.5171, 54.62995], [18.57063, 54.55036], [18.56756, 54.48786], [18.57407, 54.45038], [18.58806, 54.43366], [18.63429, 54.41694], [18.69433, 54.40452], [18.7173, 54.38202], [18.88592, 54.35016], [18.92319, 54.34854], [18.95435, 54.35857], [18.97462, 54.34976], [19.00208, 54.34492], [19.37721, 54.37763], [19.45998, 54.40102], [19.53102, 54.41494], [19.59255, 54.45237], [19.62648, 54.46101], [19.6265, 54.46845], [19.73406, 54.5257], [19.83188, 54.59813], [19.88317, 54.65619], [19.89633, 54.66218], [19.90018, 54.68756], [19.95631, 54.7569], [19.95883, 54.79682], [19.92068, 54.88959], [19.94078, 54.93439], [19.97646, 54.96441], [19.99585, 54.96807], [20.0337, 54.94819], [20.07496, 54.9544], [20.14357, 54.95181], [20.20582, 54.95843], [20.36557, 54.94619], [20.40699, 54.95161], [20.48243, 54.97553], [20.63404, 55.04877], [20.80822, 55.17609], [20.82228, 55.18098], [20.95682, 55.31467], [21.00006, 55.29983], [20.98894, 55.29133], [20.9895, 55.27042], [20.94109, 55.24868], [20.93701, 55.23775], [20.9131, 55.23322], [20.90333, 55.22582], [20.90551, 55.21858], [20.89064, 55.21259], [20.88403, 55.19807], [20.83461, 55.15188], [20.77361, 55.11449], [20.68783, 55.05069], [20.55851, 54.98197], [20.53338, 54.97358], [20.53094, 54.96467], [20.55047, 54.94477], [20.57692, 54.93891], [20.76368, 54.94769], [20.80518, 54.94081], [20.86036, 54.91132], [20.96909, 54.89981], [21.03932, 54.904], [21.05592, 54.91444], [21.07895, 54.89981], [21.09067, 54.90156], [21.10622, 54.91351], [21.19028, 54.92691], [21.23015, 54.93891], [21.24342, 54.96125], [21.21937, 55.01345], [21.19508, 55.1354], [21.18134, 55.17109], [21.18141, 55.19366], [21.18883, 55.20831], [21.20167, 55.21441], [21.22291, 55.20148], [21.25904, 55.20498], [21.27133, 55.22028], [21.27276, 55.23893], [21.39366, 55.17995], [21.46449, 55.12777], [21.52123, 55.06339], [21.55458, 54.9989], [21.56637, 54.93259], [21.56314, 54.87891], [21.53228, 54.79886], [21.47181, 54.71289], [21.36547, 54.61224], [21.33171, 54.38545], [20.45404, 54.41266], [20.40845, 54.18607], [20.20214, 54.13581], [19.77023, 54.039], [19.72364, 54.04514], [19.53304, 54.03701], [19.31965, 54.00601], [19.09464, 53.95979], [18.8668, 53.90451], [18.27058, 53.74285], [17.87917, 53.62476], [17.71883, 53.5856], [17.61161, 53.56876], [17.54094, 53.56256], [17.47168, 53.56248], [17.39913, 53.57264], [17.35521, 53.5857], [17.28086, 53.62216], [17.15312, 53.70802], [17.0965, 53.7367], [17.03513, 53.75945], [16.9674, 53.77704], [16.82368, 53.79584], [16.66644, 53.79671], [16.45793, 53.78759], [16.36238, 53.79857], [16.29195, 53.82221], [16.24328, 53.85638], [16.21524, 53.89572], [16.20361, 53.90039], [16.13624, 53.89564], [16.01706, 53.89713], [15.93447, 53.87562], [15.88991, 53.89898], [15.81362, 53.95257], [15.7556, 54.01466], [15.71957, 54.08136], [15.70993, 54.11617], [15.70613, 54.1518], [15.7142, 54.21134], [15.85972, 54.24998], [16.02084, 54.26179], [16.13149, 54.28351], [16.1189, 54.27604], [16.06935, 54.26301], [16.09108, 54.25397], [16.17921, 54.26301], [16.17239, 54.27659]]], [[[13.26686, 54.38589], [13.25115, 54.38691], [13.23929, 54.39363], [13.23441, 54.40339], [13.23902, 54.42007], [13.22536, 54.42085], [13.2116, 54.4311], [13.20143, 54.43366], [13.15702, 54.42684], [13.18182, 54.45302], [13.25953, 54.46845], [13.25955, 54.47529], [13.27312, 54.48212], [13.23326, 54.49308], [13.22537, 54.50195], [13.23276, 54.51626], [13.1854, 54.5083], [13.16604, 54.51912], [13.15887, 54.54068], [13.14347, 54.54292], [13.16674, 54.54942], [13.24293, 54.55598], [13.25953, 54.55378], [13.28826, 54.53994], [13.29786, 54.51968], [13.30925, 54.53482], [13.30106, 54.55036], [13.33367, 54.57307], [13.36939, 54.58514], [13.34205, 54.55036], [13.35385, 54.54987], [13.36313, 54.54291], [13.34889, 54.52367], [13.37485, 54.52558], [13.3838, 54.53189], [13.38982, 54.54291], [13.36313, 54.55036], [13.36313, 54.5572], [13.37671, 54.56463], [13.41731, 54.52456], [13.4109, 54.50943], [13.43068, 54.49274], [13.45558, 54.48749], [13.50709, 54.48827], [13.4997, 54.49575], [13.52076, 54.51626], [13.52076, 54.52367], [13.49968, 54.5572], [13.52076, 54.56464], [13.52076, 54.57079], [13.50831, 54.57038], [13.48658, 54.5572], [13.44142, 54.55721], [13.42384, 54.57453], [13.39902, 54.57977], [13.36915, 54.61213], [13.3318, 54.58784], [13.27358, 54.56107], [13.25327, 54.56464], [13.24978, 54.57648], [13.25687, 54.59491], [13.26988, 54.6118], [13.28395, 54.61929], [13.29347, 54.64228], [13.29054, 54.64655], [13.22516, 54.63489], [13.23098, 54.6533], [13.25401, 54.6651], [13.39047, 54.68812], [13.41871, 54.68841], [13.44506, 54.68007], [13.44506, 54.6739], [13.39088, 54.65054], [13.38299, 54.63638], [13.39454, 54.60444], [13.42457, 54.58515], [13.46632, 54.57689], [13.59596, 54.59136], [13.64046, 54.58567], [13.67065, 54.56623], [13.67705, 54.54028], [13.65112, 54.51627], [13.58481, 54.48652], [13.57545, 54.47187], [13.5879, 54.43757], [13.60955, 54.4138], [13.67741, 54.40081], [13.69797, 54.39219], [13.74195, 54.35049], [13.76641, 54.34491], [13.74008, 54.32982], [13.73015, 54.31684], [13.72314, 54.2784], [13.69098, 54.28352], [13.71193, 54.28657], [13.71193, 54.30394], [13.67945, 54.29401], [13.65115, 54.29719], [13.65115, 54.30393], [13.68824, 54.3133], [13.70362, 54.32046], [13.71192, 54.33186], [13.65992, 54.32978], [13.61722, 54.31772], [13.69093, 54.34492], [13.69093, 54.35175], [13.65008, 54.35244], [13.62682, 54.33911], [13.59929, 54.35175], [13.49968, 54.34492], [13.42888, 54.31094], [13.40609, 54.28523], [13.35963, 54.27546], [13.35572, 54.24872], [13.36939, 54.25556], [13.36313, 54.26301], [13.41772, 54.26605], [13.42307, 54.23296], [13.40723, 54.22823], [13.34745, 54.23736], [13.31156, 54.25113], [13.33522, 54.28352], [13.30787, 54.26919], [13.31471, 54.26301], [13.28419, 54.26284], [13.26791, 54.2565], [13.24244, 54.26919], [13.21015, 54.27583], [13.19925, 54.28441], [13.20485, 54.29719], [13.19028, 54.29975], [13.14969, 54.29027], [13.14285, 54.298], [13.14875, 54.30455], [13.16228, 54.30768], [13.1775, 54.30394], [13.1775, 54.31021], [13.11551, 54.33808], [13.14895, 54.37726], [13.17433, 54.38397], [13.20484, 54.37226], [13.21168, 54.37908], [13.22332, 54.3725], [13.26686, 54.38589]]], [[[11.10135, 54.42349], [11.09864, 54.45165], [11.05812, 54.45527], [11.0325, 54.44734], [11.02573, 54.45881], [11.00849, 54.45467], [11.00573, 54.46845], [11.03355, 54.50864], [11.07294, 54.53118], [11.12126, 54.53595], [11.20654, 54.51446], [11.23999, 54.49555], [11.31419, 54.41382], [11.18849, 54.42617], [11.17018, 54.42007], [11.17902, 54.41422], [11.11265, 54.41524], [11.10135, 54.42349]]], [[[8.84451, 54.51971], [8.87932, 54.52903], [8.9192, 54.53045], [8.96312, 54.52367], [8.95686, 54.50943], [8.9113, 54.4755], [8.88794, 54.46846], [8.84411, 54.46658], [8.82392, 54.47086], [8.81286, 54.48212], [8.82374, 54.48554], [8.82553, 54.4912], [8.81286, 54.50194], [8.84451, 54.51971]]], [[[8.69889, 54.55857], [8.69287, 54.52326], [8.66976, 54.50191], [8.64128, 54.49239], [8.61853, 54.49277], [8.5959, 54.51366], [8.60208, 54.52976], [8.63484, 54.54271], [8.69889, 54.55857]]], [[[13.10253, 54.52994], [13.07504, 54.50943], [13.06819, 54.46846], [13.06139, 54.46846], [13.06424, 54.50511], [13.10232, 54.59609], [13.10999, 54.60315], [13.15104, 54.60492], [13.15708, 54.58818], [13.14967, 54.59138], [13.14965, 54.57771], [13.1434, 54.57773], [13.1434, 54.59813], [13.11891, 54.58641], [13.10253, 54.52994]]], [[[11.44991, 54.56226], [11.45531, 54.57337], [11.46302, 54.58062], [11.49112, 54.59537], [11.54541, 54.61276], [11.57441, 54.61672], [11.58938, 54.61481], [11.61631, 54.60363], [11.64831, 54.57691], [11.68431, 54.5325], [11.69963, 54.53125], [11.72304, 54.54986], [11.73408, 54.56522], [11.73769, 54.57801], [11.73557, 54.58884], [11.72943, 54.59833], [11.70443, 54.6247], [11.69986, 54.63472], [11.70031, 54.65083], [11.70306, 54.65461], [11.61053, 54.66641], [11.56007, 54.65961], [11.51222, 54.64655], [11.47437, 54.62614], [11.45184, 54.62837], [11.35874, 54.66056], [11.2977, 54.69156], [11.18775, 54.73224], [11.03054, 54.76066], [11.0093, 54.77164], [10.99922, 54.78677], [11.00572, 54.80365], [11.03044, 54.81205], [11.08969, 54.81061], [11.10591, 54.82896], [11.23125, 54.81305], [11.33764, 54.8176], [11.39799, 54.81569], [11.51623, 54.80172], [11.62745, 54.77469], [11.69265, 54.75129], [11.74637, 54.72767], [11.83689, 54.67244], [11.80635, 54.65427], [11.79102, 54.58121], [11.79684, 54.56518], [11.80745, 54.55139], [11.82866, 54.53422], [11.87776, 54.51201], [11.89699, 54.50016], [11.9015, 54.49347], [11.90092, 54.48629], [11.89602, 54.47986], [11.87749, 54.46779], [11.8225, 54.44273], [11.78328, 54.46642], [11.75925, 54.47651], [11.73416, 54.47686], [11.70902, 54.46746], [11.58832, 54.38979], [11.56399, 54.3791], [11.5391, 54.37378], [11.51832, 54.3757], [11.50319, 54.38434], [11.49265, 54.39801], [11.48566, 54.41504], [11.47189, 54.48424], [11.4495, 54.53897], [11.44991, 54.56226]]], [[[11.94908, 54.5686], [11.92825, 54.58397], [11.92368, 54.59813], [11.87041, 54.65751], [11.96274, 54.64783], [11.97143, 54.60562], [11.96899, 54.56978], [11.94908, 54.5686]]], [[[8.36035, 54.71482], [8.36043, 54.70985], [8.33237, 54.69379], [8.38234, 54.63915], [8.40135, 54.63296], [8.35369, 54.61898], [8.33027, 54.63142], [8.29154, 54.66706], [8.33223, 54.70622], [8.36035, 54.71482]]], [[[8.39457, 54.71483], [8.42642, 54.74265], [8.46413, 54.75478], [8.55323, 54.75445], [8.57592, 54.7464], [8.59374, 54.72167], [8.56576, 54.68757], [8.53517, 54.68619], [8.51124, 54.69379], [8.4852, 54.68807], [8.45282, 54.69384], [8.39457, 54.71483]]], [[[10.73128, 54.74006], [10.69387, 54.73531], [10.68191, 54.74482], [10.66342, 54.78755], [10.77188, 54.81214], [10.73128, 54.74006]]], [[[15.14766, 55.09581], [15.14469, 55.08711], [15.10662, 55.04466], [15.11322, 55.0183], [15.07296, 54.9918], [14.9825, 55.0011], [14.92727, 55.0137], [14.85861, 55.03823], [14.78084, 55.05114], [14.69957, 55.08919], [14.68419, 55.10135], [14.69704, 55.12265], [14.7058, 55.22582], [14.76092, 55.30926], [14.85142, 55.2482], [14.9268, 55.2158], [14.95435, 55.21924], [14.97339, 55.21612], [15.0005, 55.18842], [15.08454, 55.15458], [15.13159, 55.14544], [15.15112, 55.13336], [15.13771, 55.11953], [15.14766, 55.09581]]]]}}, {"type": "Feature", "properties": {"name": "독일(통일, 1990)", "name_en": "Germany (reunified 1990)", "period": "1990년", "kind": "국가", "legend": "독일 통일(1990)", "map_title": "소련의 해체와 동유럽의 변화", "source": "미래엔 세계사 교과서 4권 201쪽", "volume": 4, "page": 201, "geometry_source": "Natural Earth 10m 국가 경계", "group": "독일", "map_folder": "4권_p201_소련의 해체와 동유럽의 변화"}, "geometry": {"type": "MultiPolygon", "coordinates": [[[[13.78586, 48.72478], [13.78358, 48.71527], [13.78875, 48.71651], [13.7994, 48.70261], [13.81686, 48.69558], [13.80353, 48.68716], [13.80095, 48.67522], [13.80622, 48.64292], [13.80239, 48.61171], [13.79619, 48.59858], [13.77428, 48.56921], [13.75805, 48.56148], [13.73387, 48.55978], [13.72539, 48.54838], [13.71651, 48.52169], [13.67336, 48.53549], [13.65806, 48.55109], [13.62437, 48.56536], [13.5207, 48.58458], [13.48722, 48.58158], [13.45456, 48.57344], [13.44009, 48.56097], [13.44774, 48.53482], [13.45704, 48.52518], [13.45921, 48.51639], [13.45642, 48.50665], [13.43823, 48.47854], [13.43616, 48.43059], [13.42717, 48.41854], [13.41952, 48.39216], [13.40557, 48.37658], [13.3078, 48.31964], [13.27421, 48.3071], [13.13644, 48.29106], [13.03278, 48.26357], [12.97945, 48.23202], [12.9317, 48.21163], [12.93304, 48.20925], [12.87764, 48.20205], [12.86255, 48.19665], [12.82214, 48.16068], [12.78235, 48.14202], [12.76406, 48.12376], [12.74504, 48.12063], [12.73894, 48.11345], [12.73698, 48.09996], [12.74204, 48.08678], [12.76023, 48.06487], [12.83062, 48.01547], [12.8456, 47.99314], [12.85398, 47.97048], [12.86204, 47.96255], [12.88601, 47.95289], [12.93108, 47.92488], [12.96498, 47.87196], [12.99123, 47.84711], [12.92674, 47.77739], [12.92126, 47.76954], [12.91723, 47.75016], [12.89201, 47.72355], [12.90834, 47.71236], [12.96405, 47.70536], [13.00435, 47.71461], [13.01986, 47.71293], [13.04456, 47.69657], [13.06409, 47.67399], [13.07205, 47.65947], [13.07484, 47.64665], [13.07205, 47.62242], [13.05706, 47.59766], [13.04094, 47.58335], [13.03825, 47.58402], [13.03908, 47.56134], [13.04125, 47.5619], [13.02812, 47.54165], [13.02895, 47.51803], [13.03701, 47.50136], [13.03732, 47.49305], [13.00187, 47.46602], [12.99112, 47.46568], [12.96973, 47.47573], [12.94255, 47.47049], [12.93159, 47.47351], [12.8826, 47.49858], [12.82845, 47.53726], [12.80364, 47.54134], [12.77894, 47.55483], [12.77367, 47.5795], [12.78586, 47.60268], [12.81315, 47.61182], [12.79331, 47.62479], [12.76736, 47.63637], [12.75165, 47.64939], [12.76199, 47.66686], [12.74483, 47.66536], [12.68871, 47.67513], [12.65306, 47.67513], [12.6174, 47.66934], [12.59838, 47.66288], [12.55384, 47.63601], [12.53823, 47.63133], [12.49658, 47.6289], [12.48252, 47.63358], [12.4447, 47.65629], [12.42413, 47.69156], [12.4077, 47.69373], [12.35147, 47.68169], [12.2937, 47.69001], [12.27189, 47.68789], [12.23871, 47.6789], [12.22879, 47.68487], [12.22331, 47.6959], [12.23303, 47.70887], [12.24223, 47.73202], [12.22518, 47.72737], [12.19241, 47.71016], [12.1766, 47.70582], [12.18177, 47.69213], [12.20233, 47.67779], [12.20513, 47.67229], [12.20678, 47.64557], [12.20213, 47.62983], [12.1736, 47.60508], [11.93589, 47.61074], [11.85197, 47.59916], [11.8407, 47.59461], [11.83068, 47.57761], [11.82034, 47.57529], [11.76402, 47.58312], [11.68257, 47.58335], [11.62046, 47.58965], [11.58914, 47.57038], [11.5694, 47.52738], [11.55121, 47.51369], [11.52951, 47.50785], [11.48259, 47.50258], [11.43535, 47.50971], [11.41262, 47.50609], [11.36549, 47.46933], [11.38864, 47.46222], [11.39246, 47.45478], [11.38388, 47.44486], [11.36766, 47.44013], [11.32425, 47.43943], [11.30565, 47.4354], [11.25883, 47.40073], [11.23702, 47.39396], [11.21304, 47.39582], [11.21521, 47.423], [11.19382, 47.42894], [11.1686, 47.42426], [11.10328, 47.39357], [11.08375, 47.38951], [10.97946, 47.39055], [10.96551, 47.39608], [10.95528, 47.40961], [10.96313, 47.42124], [10.95983, 47.43251], [10.90991, 47.46899], [10.85844, 47.48517], [10.85162, 47.4931], [10.88386, 47.50801], [10.89223, 47.51488], [10.85864, 47.53067], [10.84479, 47.53131], [10.79033, 47.51607], [10.76077, 47.51364], [10.75219, 47.51539], [10.73989, 47.52847], [10.60791, 47.56227], [10.58373, 47.56247], [10.56988, 47.55594], [10.54962, 47.53679], [10.53691, 47.52987], [10.52512, 47.52847], [10.48254, 47.53286], [10.46694, 47.53772], [10.4535, 47.54625], [10.45174, 47.55483], [10.46156, 47.56991], [10.45712, 47.57924], [10.4536, 47.5811], [10.42921, 47.57702], [10.41423, 47.57301], [10.41567, 47.56439], [10.43097, 47.54216], [10.4196, 47.49305], [10.43366, 47.48785], [10.44761, 47.47258], [10.45174, 47.46021], [10.45195, 47.43876], [10.44286, 47.41628], [10.42828, 47.39605], [10.41164, 47.38104], [10.37165, 47.36739], [10.34343, 47.33076], [10.32545, 47.31432], [10.30591, 47.30218], [10.26116, 47.2835], [10.23935, 47.27773], [10.15988, 47.27112], [10.15543, 47.27288], [10.16866, 47.29042], [10.19078, 47.29825], [10.19326, 47.30492], [10.19047, 47.31748], [10.20856, 47.35448], [10.20928, 47.37248], [10.19088, 47.37923], [10.14696, 47.3738], [10.13083, 47.36267], [10.11037, 47.36739], [10.08288, 47.35907], [10.07316, 47.36548], [10.06779, 47.37504], [10.06417, 47.39618], [10.05321, 47.40486], [10.07595, 47.41687], [10.0806, 47.42739], [10.07182, 47.43912], [10.02262, 47.48795], [9.99358, 47.47659], [9.98263, 47.48103], [9.98076, 47.49294], [9.97167, 47.5064], [9.94873, 47.52423], [9.94594, 47.54077], [9.93384, 47.53421], [9.91875, 47.53219], [9.88899, 47.53379], [9.85891, 47.54134], [9.83349, 47.53462], [9.81313, 47.54175], [9.8093, 47.55232], [9.81127, 47.56449], [9.80796, 47.57632], [9.79628, 47.58495], [9.78212, 47.58841], [9.76713, 47.58728], [9.75267, 47.58206], [9.73086, 47.5649], [9.70399, 47.53142], [9.6767, 47.52263], [9.61262, 47.52188], [9.54989, 47.53353], [9.27321, 47.65009], [9.23435, 47.65616], [9.19694, 47.65614], [9.1834, 47.67043], [9.1281, 47.67043], [9.01659, 47.6789], [8.99767, 47.67383], [8.98176, 47.66216], [8.94538, 47.6543], [8.9062, 47.65179], [8.88171, 47.65614], [8.83779, 47.68084], [8.83768, 47.68779], [8.85608, 47.69068], [8.83024, 47.70719], [8.79758, 47.72003], [8.77071, 47.72086], [8.76172, 47.70125], [8.76988, 47.69507], [8.71707, 47.69456], [8.71262, 47.70869], [8.70043, 47.7235], [8.71976, 47.74732], [8.71314, 47.75742], [8.68193, 47.75874], [8.65702, 47.78812], [8.6441, 47.79101], [8.63501, 47.7846], [8.62984, 47.7628], [8.61744, 47.75732], [8.60762, 47.76225], [8.60162, 47.7946], [8.58312, 47.80024], [8.55822, 47.80117], [8.5423, 47.79502], [8.5516, 47.77925], [8.53651, 47.77409], [8.4715, 47.76706], [8.46365, 47.76391], [8.44546, 47.74318], [8.43791, 47.72319], [8.40195, 47.70709], [8.39213, 47.69952], [8.39099, 47.69213], [8.39771, 47.67629], [8.3913, 47.66546], [8.41197, 47.66105], [8.45827, 47.63988], [8.47605, 47.6404], [8.51967, 47.65735], [8.56824, 47.66293], [8.60731, 47.65629], [8.60162, 47.6326], [8.59511, 47.63482], [8.59356, 47.64257], [8.58033, 47.639], [8.57806, 47.63348], [8.58209, 47.62503], [8.58178, 47.60766], [8.58064, 47.60017], [8.57413, 47.59244], [8.5607, 47.5894], [8.53775, 47.61213], [8.52235, 47.6219], [8.49238, 47.61983], [8.46179, 47.60614], [8.44887, 47.58428], [8.41807, 47.58077], [8.35409, 47.58102], [8.30635, 47.59219], [8.28857, 47.6158], [8.25105, 47.622], [8.23297, 47.62195], [8.17901, 47.6158], [8.16207, 47.60376], [8.14377, 47.60007], [8.1139, 47.58785], [8.09695, 47.57185], [8.08724, 47.56738], [8.04228, 47.56056], [7.91216, 47.56056], [7.9043, 47.58356], [7.8982, 47.58785], [7.83371, 47.59048], [7.81966, 47.59534], [7.78555, 47.5632], [7.76674, 47.55596], [7.68344, 47.54426], [7.66142, 47.54625], [7.60975, 47.56475], [7.63589, 47.56459], [7.64654, 47.57154], [7.65967, 47.59658], [7.63703, 47.59498], [7.58603, 47.58462], [7.59249, 47.59841], [7.59032, 47.60795], [7.57264, 47.622], [7.55011, 47.65244], [7.53657, 47.66521], [7.52179, 47.67043], [7.51787, 47.67502], [7.51187, 47.70732], [7.53781, 47.73182], [7.53833, 47.74815], [7.52593, 47.78316], [7.52862, 47.79703], [7.54288, 47.82943], [7.562, 47.83923], [7.56417, 47.85041], [7.559, 47.86902], [7.559, 47.88271], [7.57895, 47.90633], [7.57957, 47.92705], [7.58494, 47.94041], [7.61161, 47.9594], [7.62112, 47.97144], [7.61895, 48.00265], [7.57574, 48.05371], [7.57264, 48.09497], [7.57895, 48.11448], [7.58567, 48.12973], [7.60479, 48.15257], [7.60675, 48.16698], [7.61336, 48.17921], [7.67662, 48.2384], [7.68716, 48.25292], [7.70245, 48.31119], [7.73697, 48.32666], [7.75072, 48.34137], [7.75196, 48.35534], [7.74038, 48.38144], [7.73718, 48.39348], [7.73832, 48.40661], [7.75072, 48.44441], [7.76922, 48.47007], [7.77129, 48.48911], [7.77646, 48.49818], [7.81346, 48.51947], [7.81346, 48.52634], [7.80167, 48.54758], [7.80178, 48.58236], [7.81025, 48.61502], [7.85242, 48.65868], [7.88063, 48.66773], [7.89593, 48.67651], [7.95918, 48.72137], [7.96363, 48.72928], [7.96487, 48.74834], [7.97014, 48.75728], [8.01727, 48.76183], [8.02295, 48.76509], [8.02729, 48.78002], [8.03876, 48.79077], [8.04755, 48.79103], [8.09034, 48.80751], [8.10274, 48.82131], [8.14811, 48.90373], [8.17933, 48.9427], [8.20031, 48.95856], [8.18873, 48.96575], [8.09044, 48.97918], [7.9319, 49.03484], [7.85686, 49.03225], [7.77367, 49.04812], [7.72695, 49.03566], [7.68509, 49.0428], [7.64881, 49.03572], [7.63497, 49.03778], [7.62566, 49.043], [7.60861, 49.06197], [7.58639, 49.06956], [7.54267, 49.07458], [7.52086, 49.08367], [7.4851, 49.11871], [7.47105, 49.12832], [7.48273, 49.13705], [7.47611, 49.15152], [7.45803, 49.15586], [7.41482, 49.15778], [7.41048, 49.16894], [7.39105, 49.17002], [7.35095, 49.15917], [7.334, 49.13416], [7.29711, 49.12811], [7.27437, 49.10501], [7.24119, 49.1139], [7.15499, 49.11442], [7.12357, 49.12331], [7.07986, 49.14201], [7.07076, 49.13612], [7.07479, 49.12537], [7.07324, 49.12031], [7.04255, 49.1076], [7.02053, 49.11897], [7.00896, 49.14641], [7.00947, 49.1817], [6.98787, 49.18243], [6.92545, 49.20558], [6.91439, 49.20666], [6.88524, 49.2048], [6.84349, 49.21105], [6.83346, 49.20945], [6.82768, 49.19555], [6.83904, 49.16279], [6.82179, 49.14775], [6.80907, 49.14584], [6.77011, 49.1553], [6.72556, 49.15555], [6.71378, 49.15886], [6.70097, 49.17287], [6.70882, 49.19777], [6.70252, 49.21364], [6.6806, 49.20749], [6.66376, 49.24387], [6.6403, 49.25276], [6.63968, 49.27115], [6.55643, 49.3264], [6.55012, 49.33802], [6.5556, 49.34717], [6.57338, 49.34774], [6.57772, 49.3558], [6.57431, 49.36179], [6.51881, 49.40215], [6.52056, 49.40815], [6.51167, 49.42474], [6.49452, 49.43554], [6.40274, 49.46546], [6.39168, 49.4667], [6.3645, 49.4561], [6.34531, 49.45535], [6.34228, 49.493], [6.35075, 49.53491], [6.35075, 49.56659], [6.35644, 49.5776], [6.39757, 49.61387], [6.41793, 49.63914], [6.417, 49.64576], [6.40274, 49.65578], [6.41824, 49.66989], [6.49173, 49.70079], [6.48294, 49.70808], [6.48635, 49.71294], [6.49969, 49.71221], [6.4878, 49.7256], [6.48553, 49.73376], [6.48625, 49.7427], [6.49596, 49.74823], [6.49379, 49.76363], [6.5001, 49.79448], [6.50258, 49.79567], [6.49721, 49.79944], [6.46248, 49.80549], [6.41452, 49.80549], [6.39706, 49.80859], [6.33442, 49.84022], [6.30259, 49.83494], [6.28678, 49.86104], [6.23831, 49.87691], [6.2227, 49.88714], [6.18983, 49.9383], [6.17268, 49.95623], [6.16193, 49.94248], [6.15397, 49.95122], [6.13878, 49.97933], [6.12152, 49.99628], [6.11718, 50.00439], [6.11997, 50.0155], [6.11377, 50.03638], [6.10726, 50.0446], [6.0964, 50.04863], [6.10942, 50.06356], [6.0994, 50.06413], [6.11056, 50.10599], [6.11749, 50.12046], [6.12658, 50.12733], [6.12948, 50.13405], [6.12596, 50.1402], [6.11583, 50.14547], [6.12131, 50.16159], [6.13175, 50.16831], [6.15914, 50.17244], [6.16513, 50.1819], [6.16575, 50.19317], [6.16017, 50.20453], [6.14684, 50.21404], [6.15717, 50.22272], [6.17981, 50.23301], [6.18963, 50.24272], [6.2534, 50.25678], [6.27179, 50.26742], [6.26735, 50.27642], [6.26942, 50.28649], [6.28595, 50.30386], [6.29949, 50.30887], [6.33546, 50.30386], [6.36202, 50.30696], [6.37453, 50.31548], [6.37246, 50.32944], [6.33773, 50.36809], [6.33639, 50.37992], [6.35044, 50.41687], [6.35117, 50.43356], [6.34021, 50.43785], [6.33163, 50.4469], [6.32326, 50.46602], [6.32574, 50.47403], [6.3369, 50.481], [6.27541, 50.48803], [6.25557, 50.49459], [6.2072, 50.48633], [6.1826, 50.50658], [6.19056, 50.51521], [6.17082, 50.51795], [6.16947, 50.5225], [6.17733, 50.5302], [6.16069, 50.54358], [6.17908, 50.56198], [6.23293, 50.58715], [6.23293, 50.59076], [6.25133, 50.60844], [6.24906, 50.61443], [6.18002, 50.61552], [6.15945, 50.62239], [6.14777, 50.63676], [6.1611, 50.64218], [6.10023, 50.7013], [6.081, 50.7135], [6.06436, 50.71448], [6.02478, 50.70755], [6.01155, 50.70853], [6.00762, 50.7169], [6.01134, 50.72745], [6.01083, 50.73706], [5.99419, 50.74259], [5.99264, 50.74626], [5.99708, 50.76295], [5.973, 50.78181], [5.96876, 50.79463], [5.98395, 50.7922], [5.99832, 50.80072], [6.00359, 50.81261], [6.00049, 50.83044], [6.00928, 50.84046], [6.02302, 50.84542], [6.04555, 50.84418], [6.05671, 50.85266], [6.06281, 50.86294], [6.06312, 50.8709], [6.05465, 50.89147], [6.06374, 50.90754], [6.03108, 50.91472], [5.99987, 50.9294], [5.99584, 50.95177], [6.00576, 50.96852], [6.00369, 50.97374], [5.96783, 50.971], [5.92773, 50.97767], [5.87461, 50.96537], [5.87357, 50.99058], [5.85817, 51.01934], [5.85249, 51.04275], [5.8805, 51.05205], [5.89435, 51.04714], [5.91957, 51.0297], [5.93796, 51.03094], [5.95026, 51.03947], [5.96948, 51.06492], [5.98292, 51.07469], [6.07542, 51.12037], [6.13237, 51.13983], [6.14725, 51.15225], [6.12627, 51.16458], [6.15707, 51.17925], [6.13413, 51.18422], [6.08431, 51.16269], [6.06085, 51.17091], [6.05372, 51.18938], [6.05661, 51.21171], [6.06519, 51.23163], [6.09651, 51.25881], [6.14777, 51.31816], [6.18363, 51.3357], [6.19355, 51.34452], [6.19893, 51.35697], [6.20203, 51.37888], [6.20782, 51.38767], [6.19273, 51.39896], [6.19407, 51.41738], [6.20534, 51.45844], [6.19335, 51.50934], [6.15304, 51.53843], [6.08648, 51.59553], [6.08214, 51.60781], [6.09919, 51.64447], [6.0315, 51.663], [6.00855, 51.68119], [6.02199, 51.70951], [6.01207, 51.71586], [5.97827, 51.72979], [5.93931, 51.73188], [5.94013, 51.74263], [5.96235, 51.75635], [5.96411, 51.77656], [5.95078, 51.79591], [5.92804, 51.80674], [5.93145, 51.81565], [5.94809, 51.82296], [5.98892, 51.82746], [6.00824, 51.83257], [6.04328, 51.84686], [6.084, 51.85366], [6.15614, 51.84206], [6.14271, 51.85518], [6.09299, 51.88531], [6.12699, 51.89673], [6.15924, 51.8873], [6.19138, 51.87115], [6.22518, 51.86255], [6.26466, 51.86619], [6.2874, 51.84616], [6.32574, 51.84255], [6.34197, 51.83668], [6.34497, 51.8211], [6.38248, 51.82759], [6.38662, 51.83756], [6.37845, 51.86012], [6.44253, 51.84836], [6.46289, 51.84836], [6.47943, 51.85301], [6.52862, 51.87642], [6.62815, 51.89751], [6.71668, 51.89926], [6.74375, 51.90833], [6.76701, 51.92551], [6.78985, 51.95114], [6.81073, 51.96058], [6.80918, 51.97954], [6.77817, 52.00127], [6.67502, 52.03481], [6.67296, 52.05005], [6.67988, 52.06047], [6.7114, 52.06729], [6.7329, 52.09199], [6.74985, 52.10287], [6.76587, 52.1084], [6.83067, 52.11289], [6.84328, 52.12], [6.8654, 52.1478], [6.88483, 52.16033], [6.92772, 52.17191], [6.94767, 52.18281], [6.98188, 52.214], [7.02632, 52.23064], [7.02911, 52.23578], [7.02074, 52.24526], [7.01185, 52.26663], [7.01247, 52.28495], [7.03976, 52.32862], [7.04823, 52.36507], [7.03418, 52.39078], [6.9733, 52.45137], [6.95149, 52.43747], [6.90023, 52.43192], [6.87201, 52.43473], [6.82034, 52.44683], [6.74117, 52.45367], [6.71481, 52.46155], [6.69507, 52.47561], [6.68898, 52.49052], [6.68401, 52.52599], [6.67172, 52.54168], [6.68825, 52.54258], [6.74375, 52.55971], [6.70396, 52.58307], [6.70365, 52.59139], [6.71016, 52.60865], [6.70179, 52.61912], [6.73703, 52.6347], [6.77052, 52.64103], [6.8654, 52.64196], [6.91842, 52.63219], [6.96772, 52.63666], [7.01846, 52.62599], [7.03665, 52.64738], [7.04399, 52.68263], [7.0533, 52.79058], [7.06198, 52.82401], [7.07986, 52.85442], [7.16192, 52.93264], [7.18362, 52.96612], [7.19282, 52.99801], [7.19437, 53.03384], [7.18507, 53.10544], [7.17267, 53.12575], [7.17194, 53.13771], [7.19541, 53.185], [7.19851, 53.20058], [7.19459, 53.24502], [7.21583, 53.2556], [7.23357, 53.27363], [7.23699, 53.28555], [7.2295, 53.29658], [7.25473, 53.31952], [7.26832, 53.32368], [7.29152, 53.32392], [7.31316, 53.3205], [7.36655, 53.3028], [7.34254, 53.32404], [7.30291, 53.33275], [7.07521, 53.33759], [7.03826, 53.34858], [7.02361, 53.37641], [7.02328, 53.45051], [7.02768, 53.46735], [7.04705, 53.49771], [7.05144, 53.5126], [7.05974, 53.52172], [7.11964, 53.5163], [7.12501, 53.52436], [7.13453, 53.52741], [7.14177, 53.53718], [7.13999, 53.54979], [7.13111, 53.55695], [7.1019, 53.56574], [7.08888, 53.57372], [7.08676, 53.58686], [7.10092, 53.59789], [7.13315, 53.61127], [7.16944, 53.63548], [7.18898, 53.6435], [7.22609, 53.66649], [7.30502, 53.6848], [7.45883, 53.69514], [7.48024, 53.68203], [7.50392, 53.67866], [7.65138, 53.69697], [7.95143, 53.72191], [8.03142, 53.70808], [8.02491, 53.67255], [8.05291, 53.6363], [8.09409, 53.60472], [8.12762, 53.59077], [8.12762, 53.58462], [8.11915, 53.57193], [8.15675, 53.56367], [8.16798, 53.55321], [8.16489, 53.53522], [8.15545, 53.52603], [8.11573, 53.51073], [8.07634, 53.50861], [8.05877, 53.50202], [8.077, 53.46869], [8.08619, 53.45612], [8.09978, 53.44741], [8.12387, 53.45401], [8.14064, 53.4536], [8.15235, 53.44977], [8.1867, 53.42951], [8.20533, 53.41071], [8.21974, 53.40644], [8.2365, 53.40672], [8.25945, 53.4123], [8.27174, 53.4195], [8.29282, 53.4405], [8.31512, 53.47492], [8.32049, 53.50922], [8.29152, 53.52936], [8.25221, 53.5231], [8.23121, 53.52521], [8.24887, 53.59028], [8.25733, 53.60444], [8.27068, 53.61286], [8.28761, 53.61689], [8.32936, 53.61811], [8.34848, 53.61286], [8.38771, 53.57713], [8.42807, 53.56477], [8.51344, 53.55476], [8.55209, 53.54361], [8.55209, 53.5362], [8.52817, 53.52391], [8.5062, 53.50796], [8.49, 53.4864], [8.4839, 53.45734], [8.48504, 53.40119], [8.4909, 53.37645], [8.50441, 53.35806], [8.50733, 53.3828], [8.49676, 53.44526], [8.49757, 53.47476], [8.51287, 53.49649], [8.55665, 53.51821], [8.56577, 53.5467], [8.50831, 53.62515], [8.50123, 53.64419], [8.48707, 53.66694], [8.4839, 53.68358], [8.4861, 53.70043], [8.4922, 53.71516], [8.52963, 53.7707], [8.55616, 53.83096], [8.57325, 53.85765], [8.58758, 53.87043], [8.60711, 53.88154], [8.62924, 53.88939], [8.6727, 53.89159], [8.68458, 53.88849], [8.70916, 53.87197], [8.74464, 53.85415], [8.78248, 53.84248], [8.86069, 53.831], [8.90358, 53.83173], [8.97625, 53.84243], [9.01629, 53.84052], [9.035, 53.85358], [9.11451, 53.86514], [9.19361, 53.86469], [9.2107, 53.87197], [9.22429, 53.86591], [9.27467, 53.86514], [9.28338, 53.86164], [9.30535, 53.84455], [9.40268, 53.74242], [9.44288, 53.7143], [9.47096, 53.70063], [9.48471, 53.69009], [9.49838, 53.65986], [9.56707, 53.5996], [9.58237, 53.5913], [9.63722, 53.581], [9.69662, 53.55663], [9.81902, 53.54035], [9.83204, 53.54361], [9.81959, 53.55663], [9.78207, 53.56973], [9.69239, 53.57591], [9.65577, 53.58462], [9.58367, 53.61245], [9.55079, 53.63459], [9.53907, 53.66649], [9.53224, 53.71117], [9.46022, 53.73542], [9.4358, 53.74868], [9.41245, 53.77875], [9.39666, 53.81102], [9.39519, 53.831], [9.35873, 53.83955], [9.29558, 53.87189], [9.25782, 53.88556], [9.22047, 53.89077], [9.09343, 53.89248], [9.02996, 53.90713], [9.01832, 53.90274], [9.00782, 53.89248], [8.98463, 53.89704], [8.94947, 53.91291], [8.91603, 53.9374], [8.83334, 54.03644], [8.87184, 54.04694], [8.89064, 54.0478], [8.91456, 54.04389], [8.95387, 54.02831], [8.97535, 54.02408], [8.99724, 54.03022], [9.01303, 54.06098], [9.01857, 54.08242], [9.01832, 54.09789], [8.97446, 54.12808], [8.97731, 54.1457], [8.95289, 54.15009], [8.91798, 54.14631], [8.88543, 54.13703], [8.86744, 54.12519], [8.86069, 54.12519], [8.83334, 54.15314], [8.81284, 54.18049], [8.82097, 54.20051], [8.84669, 54.23355], [8.83961, 54.24873], [8.83961, 54.25556], [8.8519, 54.26105], [8.91147, 54.26919], [8.92205, 54.27424], [8.95314, 54.30256], [8.96315, 54.31761], [8.94028, 54.31501], [8.9026, 54.29584], [8.88111, 54.29027], [8.88795, 54.30394], [8.77467, 54.29027], [8.73894, 54.29389], [8.72348, 54.29027], [8.6902, 54.27147], [8.67848, 54.26919], [8.65187, 54.27485], [8.62338, 54.29011], [8.60271, 54.31208], [8.59986, 54.33808], [8.61402, 54.34837], [8.64137, 54.35566], [8.69557, 54.35859], [8.69557, 54.36542], [8.67758, 54.36791], [8.66383, 54.37556], [8.65065, 54.378], [8.63478, 54.36542], [8.62623, 54.37641], [8.62916, 54.38768], [8.64845, 54.4064], [8.66977, 54.40082], [8.75082, 54.4138], [8.86069, 54.4138], [8.88608, 54.41779], [8.94947, 54.44733], [9.00473, 54.46589], [9.01149, 54.48212], [9.01157, 54.50633], [8.9861, 54.52928], [8.90447, 54.58063], [8.89283, 54.59125], [8.88795, 54.60187], [8.87875, 54.60651], [8.85816, 54.60615], [8.82586, 54.59813], [8.81902, 54.60562], [8.85328, 54.61929], [8.81837, 54.67365], [8.80543, 54.68757], [8.7767, 54.69798], [8.72267, 54.72553], [8.68873, 54.7353], [8.69435, 54.76024], [8.68133, 54.78059], [8.64845, 54.81786], [8.64275, 54.84418], [8.64723, 54.86738], [8.66078, 54.89631], [8.69588, 54.88998], [8.73278, 54.88905], [8.80089, 54.90383], [8.82425, 54.9059], [8.90414, 54.89794], [8.98269, 54.87934], [9.19477, 54.8504], [9.21151, 54.84182], [9.21905, 54.81779], [9.22639, 54.80591], [9.24407, 54.80177], [9.33202, 54.80322], [9.36695, 54.81702], [9.38504, 54.81939], [9.40519, 54.80839], [9.45143, 54.81037], [9.511, 54.82783], [9.52996, 54.8415], [9.55437, 54.84711], [9.56691, 54.86017], [9.57993, 54.86628], [9.58318, 54.83027], [9.6316, 54.81989], [9.69304, 54.81802], [9.73463, 54.80732], [9.80177, 54.78339], [9.81218, 54.76606], [9.82374, 54.75674], [9.84986, 54.75935], [9.89536, 54.76948], [9.89145, 54.79027], [9.91505, 54.7912], [9.94752, 54.77953], [9.97047, 54.76264], [9.98414, 54.7285], [9.99049, 54.72053], [10.01824, 54.70124], [10.00538, 54.6955], [9.97047, 54.70124], [9.97104, 54.69904], [9.9463, 54.68765], [9.93238, 54.68525], [9.92945, 54.6739], [9.99635, 54.67878], [10.0114, 54.66706], [10.02215, 54.67243], [10.03354, 54.67292], [10.03907, 54.66681], [10.03191, 54.65278], [10.03696, 54.6389], [10.03761, 54.61909], [10.02687, 54.55996], [10.01043, 54.53433], [9.99781, 54.52367], [9.96559, 54.50617], [9.9253, 54.49311], [9.88201, 54.48485], [9.8401, 54.48212], [9.8401, 54.47529], [9.88331, 54.4621], [10.12468, 54.49575], [10.1434, 54.49185], [10.20387, 54.46101], [10.18393, 54.44937], [10.18385, 54.43842], [10.19703, 54.4101], [10.19125, 54.39672], [10.17709, 54.38426], [10.15903, 54.37531], [10.14178, 54.37226], [10.14828, 54.36518], [10.14178, 54.35859], [10.15252, 54.35179], [10.15553, 54.34341], [10.15162, 54.33397], [10.14178, 54.32441], [10.16375, 54.32917], [10.18035, 54.34113], [10.20387, 54.37226], [10.21713, 54.40542], [10.22438, 54.4138], [10.23439, 54.41771], [10.27215, 54.42007], [10.28582, 54.42475], [10.3069, 54.44111], [10.31837, 54.44331], [10.36085, 54.44111], [10.38282, 54.43476], [10.44337, 54.4064], [10.60108, 54.36542], [10.6902, 54.31623], [10.73129, 54.31021], [10.77711, 54.31513], [10.8108, 54.32738], [10.86793, 54.35859], [10.90089, 54.37104], [10.93531, 54.37954], [11.01881, 54.38589], [11.01881, 54.3791], [10.97584, 54.3784], [10.99318, 54.37385], [11.01051, 54.37718], [11.03395, 54.36762], [11.10418, 54.39289], [11.13551, 54.38589], [11.08774, 54.35175], [11.06658, 54.35859], [11.0774, 54.34223], [11.0866, 54.30244], [11.09449, 54.28352], [11.08709, 54.2709], [11.08774, 54.25389], [11.09449, 54.22508], [11.09018, 54.20799], [11.07097, 54.19257], [11.06658, 54.18391], [10.95045, 54.13947], [10.91033, 54.1092], [10.89283, 54.10252], [10.84457, 54.09447], [10.83611, 54.08999], [10.82228, 54.09736], [10.80543, 54.09488], [10.75262, 54.05012], [10.75262, 54.04389], [10.76588, 54.02436], [10.78045, 54.00995], [10.79965, 54.00056], [10.82691, 53.99543], [10.86557, 53.99779], [10.8755, 53.99543], [10.88258, 53.98505], [10.88738, 53.96393], [10.90211, 53.96137], [10.92262, 53.96137], [10.96469, 53.98542], [11.00025, 53.9916], [11.05348, 54.00849], [11.17506, 54.01801], [11.18385, 54.01602], [11.19077, 54.01032], [11.19728, 53.99624], [11.20436, 53.98924], [11.23992, 53.98347], [11.24537, 53.97842], [11.24073, 53.95563], [11.24293, 53.94522], [11.25563, 53.94086], [11.29371, 53.94086], [11.33416, 53.96137], [11.34181, 53.95832], [11.35206, 53.94416], [11.35825, 53.94086], [11.39991, 53.94086], [11.4004, 53.93773], [11.43873, 53.90913], [11.45769, 53.90615], [11.45899, 53.91669], [11.47682, 53.9527], [11.47242, 53.96882], [11.47983, 53.97614], [11.49789, 53.98184], [11.49171, 54.00235], [11.52589, 54.02277], [11.52589, 54.03022], [11.51905, 54.03022], [11.51905, 54.03644], [11.55323, 54.03022], [11.5735, 54.03905], [11.59132, 54.06562], [11.6128, 54.0729], [11.62452, 54.08364], [11.62957, 54.09602], [11.62208, 54.09956], [11.62525, 54.10981], [11.65789, 54.14224], [11.68971, 54.15522], [11.72877, 54.15852], [11.81227, 54.14981], [12.05063, 54.17992], [12.08815, 54.19408], [12.09327, 54.16543], [12.08953, 54.13764], [12.09164, 54.114], [12.115, 54.09789], [12.10532, 54.11001], [12.10035, 54.13597], [12.09506, 54.1457], [12.10548, 54.15738], [12.13429, 54.16698], [12.14283, 54.18049], [12.12086, 54.18], [12.10133, 54.17365], [12.1089, 54.18301], [12.14283, 54.20917], [12.1631, 54.21992], [12.18686, 54.24335], [12.2894, 54.27509], [12.34213, 54.30394], [12.37818, 54.34492], [12.43832, 54.39582], [12.4861, 54.44733], [12.50196, 54.47358], [12.51344, 54.48224], [12.53387, 54.48827], [12.53387, 54.48212], [12.52703, 54.48212], [12.54835, 54.46206], [12.59148, 54.45173], [12.8191, 54.45173], [12.85662, 54.44111], [12.87965, 54.4488], [12.90838, 54.44465], [12.92115, 54.4335], [12.89633, 54.42007], [12.87078, 54.41681], [12.76368, 54.42219], [12.72096, 54.43159], [12.69459, 54.43366], [12.68678, 54.43163], [12.67042, 54.42007], [12.6242, 54.42292], [12.61451, 54.41974], [12.60841, 54.4064], [12.60222, 54.4138], [12.58172, 54.4064], [12.58351, 54.39785], [12.58766, 54.39403], [12.60222, 54.39208], [12.59588, 54.39151], [12.59474, 54.38589], [12.57553, 54.392], [12.55405, 54.39082], [12.53598, 54.38373], [12.52703, 54.37226], [12.51075, 54.38426], [12.49098, 54.39008], [12.45476, 54.39208], [12.43849, 54.38752], [12.42498, 54.37592], [12.41847, 54.36066], [12.424, 54.34492], [12.39674, 54.35175], [12.3899, 54.34492], [12.39649, 54.33295], [12.39161, 54.32111], [12.37908, 54.31244], [12.36256, 54.31021], [12.37794, 54.28587], [12.38014, 54.27709], [12.36883, 54.26919], [12.41245, 54.25141], [12.43678, 54.24771], [12.45818, 54.25556], [12.44264, 54.25519], [12.41033, 54.26919], [12.41684, 54.28095], [12.42628, 54.28962], [12.45143, 54.30394], [12.47242, 54.31021], [12.47869, 54.33185], [12.49562, 54.34028], [12.56056, 54.35859], [12.54078, 54.36542], [12.54078, 54.37226], [12.55934, 54.37629], [12.57423, 54.37226], [12.57423, 54.3791], [12.59295, 54.36933], [12.62273, 54.37393], [12.67726, 54.39208], [12.67042, 54.4064], [12.68084, 54.41087], [12.71754, 54.4138], [12.71754, 54.4064], [12.70248, 54.40412], [12.69239, 54.39619], [12.68409, 54.37226], [12.69662, 54.38495], [12.7046, 54.3996], [12.72381, 54.38125], [12.73504, 54.37816], [12.7461, 54.38589], [12.75782, 54.37979], [12.76857, 54.38007], [12.78712, 54.39208], [12.79469, 54.37714], [12.81804, 54.35798], [12.85467, 54.35786], [12.87599, 54.36542], [12.90382, 54.3996], [12.92937, 54.41437], [12.96909, 54.42939], [13.0088, 54.43806], [13.03419, 54.43366], [13.02149, 54.42646], [13.02101, 54.41454], [13.02858, 54.40184], [13.04037, 54.39208], [13.08367, 54.37897], [13.09555, 54.37226], [13.07667, 54.35252], [13.08074, 54.33714], [13.10922, 54.31021], [13.11492, 54.28001], [13.12599, 54.2766], [13.17066, 54.2766], [13.17066, 54.26919], [13.1434, 54.26301], [13.17612, 54.26484], [13.22836, 54.24738], [13.26319, 54.2425], [13.28883, 54.23428], [13.32179, 54.19452], [13.34889, 54.18049], [13.32154, 54.16681], [13.34653, 54.16694], [13.3838, 54.17813], [13.40349, 54.17365], [13.39568, 54.16193], [13.38299, 54.15314], [13.39479, 54.14891], [13.4087, 54.15461], [13.41774, 54.15314], [13.45037, 54.11042], [13.4651, 54.09846], [13.48357, 54.0913], [13.50709, 54.09105], [13.50709, 54.09789], [13.47926, 54.11835], [13.47926, 54.12519], [13.60271, 54.13947], [13.63233, 54.14753], [13.68344, 54.16804], [13.71193, 54.17365], [13.71648, 54.16844], [13.71469, 54.16405], [13.69825, 54.15933], [13.69825, 54.15314], [13.72877, 54.14387], [13.80812, 54.10468], [13.80812, 54.09789], [13.79371, 54.0832], [13.78549, 54.06391], [13.7732, 54.04633], [13.7461, 54.03644], [13.75815, 54.03099], [13.79762, 53.99893], [13.83863, 53.98631], [13.84913, 53.9676], [13.84864, 53.95555], [13.86687, 53.95466], [13.90602, 53.94306], [13.90756, 53.93354], [13.90138, 53.92231], [13.89015, 53.91291], [13.81853, 53.878], [13.80812, 53.86514], [13.81707, 53.85293], [13.8628, 53.84125], [13.86915, 53.83031], [13.8838, 53.81769], [13.89991, 53.80915], [13.91066, 53.81049], [13.98422, 53.77399], [14.01735, 53.76952], [14.03745, 53.75528], [14.06886, 53.75528], [14.10613, 53.74335], [14.18653, 53.73981], [14.21469, 53.74486], [14.22657, 53.75869], [14.23414, 53.76179], [14.25017, 53.75995], [14.2645, 53.75161], [14.26743, 53.73542], [14.25953, 53.72797], [14.21274, 53.70808], [14.24, 53.70075], [14.2639, 53.69998], [14.2651, 53.67176], [14.26097, 53.65621], [14.27606, 53.63662], [14.29704, 53.59776], [14.29694, 53.52914], [14.30417, 53.50852], [14.32846, 53.48609], [14.3389, 53.46521], [14.35988, 53.44408], [14.37032, 53.3923], [14.39801, 53.31522], [14.40329, 53.27879], [14.44163, 53.25184], [14.41559, 53.22099], [14.38778, 53.20208], [14.38065, 53.18986], [14.37786, 53.17655], [14.38954, 53.13167], [14.35678, 53.06668], [14.34334, 53.04862], [14.31264, 53.02922], [14.25373, 53.00088], [14.19286, 52.98165], [14.14449, 52.95992], [14.16495, 52.89566], [14.16082, 52.87675], [14.15048, 52.86463], [14.12392, 52.85065], [14.1354, 52.8366], [14.15276, 52.82833], [14.19596, 52.82337], [14.21601, 52.81799], [14.24867, 52.79458], [14.27595, 52.78572], [14.3822, 52.73815], [14.39771, 52.72712], [14.43192, 52.68609], [14.46137, 52.67456], [14.4901, 52.65064], [14.54994, 52.63619], [14.61371, 52.59253], [14.64482, 52.57692], [14.61681, 52.54103], [14.60906, 52.5178], [14.62767, 52.50742], [14.63232, 52.49674], [14.61578, 52.47328], [14.59159, 52.4498], [14.53982, 52.42187], [14.5454, 52.38215], [14.56917, 52.33851], [14.59015, 52.30942], [14.58415, 52.29123], [14.60658, 52.27575], [14.64048, 52.26505], [14.69691, 52.25348], [14.71241, 52.23591], [14.7121, 52.21544], [14.69257, 52.19958], [14.69257, 52.19338], [14.70704, 52.17945], [14.70322, 52.16516], [14.69247, 52.14697], [14.68637, 52.12103], [14.69639, 52.10669], [14.7614, 52.07667], [14.73536, 52.05403], [14.72606, 52.02644], [14.69908, 51.99251], [14.69557, 51.93146], [14.68709, 51.9119], [14.67169, 51.89389], [14.6533, 51.87862], [14.59594, 51.84242], [14.58281, 51.82508], [14.58581, 51.80389], [14.60224, 51.78831], [14.62033, 51.78054], [14.63418, 51.76901], [14.6381, 51.74263], [14.64844, 51.71721], [14.67097, 51.70077], [14.71955, 51.67563], [14.73246, 51.65835], [14.74228, 51.63297], [14.74394, 51.60664], [14.73216, 51.58662], [14.71272, 51.56742], [14.70456, 51.54799], [14.71004, 51.53024], [14.73216, 51.51582], [14.79747, 51.5021], [14.8414, 51.48443], [14.91095, 51.46898], [14.94506, 51.44919], [14.9554, 51.43541], [14.94692, 51.42291], [14.96098, 51.33529], [14.96377, 51.32839], [14.98227, 51.30801], [15.0049, 51.29129], [15.01948, 51.27168], [15.01431, 51.24266], [15.02206, 51.23677], [15.0049, 51.21561], [14.99136, 51.18897], [14.9832, 51.16091], [14.98, 51.1228], [14.96025, 51.10458], [14.95529, 51.06404], [14.86021, 50.91684], [14.82465, 50.89183], [14.8105, 50.87705], [14.81039, 50.85845], [14.79458, 50.83163], [14.77536, 50.81297], [14.75923, 50.81018], [14.70042, 50.81597], [14.64792, 50.83938], [14.61319, 50.84558], [14.60834, 50.85307], [14.61185, 50.87095], [14.63459, 50.9094], [14.62922, 50.92072], [14.61712, 50.92087], [14.56183, 50.90635], [14.55036, 50.91209], [14.55584, 50.92428], [14.57558, 50.95069], [14.57743, 50.96573], [14.57433, 50.97549], [14.55459, 50.99265], [14.54229, 50.99875], [14.51532, 51.00304], [14.50292, 51.00852], [14.49351, 51.01671], [14.48214, 51.0372], [14.47346, 51.02337], [14.46209, 51.01965], [14.42582, 51.02094], [14.39781, 51.01311], [14.3759, 51.01699], [14.35657, 51.03234], [14.31936, 51.04001], [14.28753, 51.03683], [14.26355, 51.02143], [14.2495, 50.99265], [14.23833, 50.98247], [14.25001, 50.97761], [14.28381, 50.97482], [14.30376, 50.96971], [14.29373, 50.96397], [14.2928, 50.95348], [14.31833, 50.93751], [14.35523, 50.93064], [14.38189, 50.92087], [14.3759, 50.89596], [14.34655, 50.8802], [14.2681, 50.88413], [14.23213, 50.87938], [14.19079, 50.8479], [14.03494, 50.80259], [13.97913, 50.80476], [13.95959, 50.80207], [13.92332, 50.77995], [13.89252, 50.78042], [13.88332, 50.77323], [13.87908, 50.76352], [13.88218, 50.74274], [13.87536, 50.73654], [13.86347, 50.73515], [13.83454, 50.72368], [13.81655, 50.72135], [13.77066, 50.7246], [13.74906, 50.72321], [13.69175, 50.71184], [13.60194, 50.71215], [13.55657, 50.70672], [13.51564, 50.69102], [13.52721, 50.67567], [13.52329, 50.66218], [13.50995, 50.65122], [13.49332, 50.64321], [13.4991, 50.6352], [13.49817, 50.62916], [13.44794, 50.59727], [13.42934, 50.59433], [13.40702, 50.60131], [13.38097, 50.62549], [13.36877, 50.62833], [13.35937, 50.61934], [13.32185, 50.60239], [13.30563, 50.57578], [13.28465, 50.56896], [13.25178, 50.58089], [13.23235, 50.58203], [13.19907, 50.52534], [13.1847, 50.50875], [13.16011, 50.49702], [13.1074, 50.49899], [13.06037, 50.49061], [13.02626, 50.49764], [13.00962, 50.49268], [13.00311, 50.45191], [12.9966, 50.43367], [12.95257, 50.40416], [12.91836, 50.4054], [12.81739, 50.44302], [12.78814, 50.43434], [12.75424, 50.43532], [12.73791, 50.43155], [12.69181, 50.39465], [12.62536, 50.39992], [12.55053, 50.39636], [12.51022, 50.38876], [12.47508, 50.36943], [12.46682, 50.35491], [12.46898, 50.34556], [12.46682, 50.34189], [12.45017, 50.33936], [12.39819, 50.31517], [12.36718, 50.27905], [12.33649, 50.25859], [12.3338, 50.24272], [12.31406, 50.2265], [12.30869, 50.21709], [12.30558, 50.19931], [12.31437, 50.17621], [12.31437, 50.16733], [12.30042, 50.16081], [12.28336, 50.16221], [12.27323, 50.17234], [12.25432, 50.2174], [12.22993, 50.23482], [12.22983, 50.23905], [12.24244, 50.24835], [12.23964, 50.25657], [12.20378, 50.25957], [12.18921, 50.26246], [12.17805, 50.26877], [12.17412, 50.27657], [12.17443, 50.29373], [12.16854, 50.30298], [12.14931, 50.31171], [12.07614, 50.31517], [12.09919, 50.29977], [12.10725, 50.29089], [12.11097, 50.27662], [12.10911, 50.26381], [12.09206, 50.25482], [12.07955, 50.24272], [12.08989, 50.23084], [12.13929, 50.21104], [12.17505, 50.18262], [12.1827, 50.17074], [12.18559, 50.1557], [12.17856, 50.13296], [12.17918, 50.11798], [12.18787, 50.10283], [12.23251, 50.08051], [12.2414, 50.07064], [12.24688, 50.04496], [12.39922, 49.99276], [12.41452, 49.98305], [12.45131, 49.98057], [12.46816, 49.97023], [12.47074, 49.95561], [12.46382, 49.94212], [12.46268, 49.93127], [12.51787, 49.9122], [12.52407, 49.90496], [12.52097, 49.88553], [12.51291, 49.87024], [12.48986, 49.84269], [12.48252, 49.82724], [12.46247, 49.83122], [12.45638, 49.81712], [12.45266, 49.7797], [12.43674, 49.76926], [12.3954, 49.75789], [12.38362, 49.74286], [12.39891, 49.7195], [12.41958, 49.70022], [12.44924, 49.68503], [12.49637, 49.66999], [12.50464, 49.6594], [12.50536, 49.64612], [12.49689, 49.63387], [12.50743, 49.63], [12.50196, 49.61971], [12.51219, 49.61165], [12.53606, 49.60312], [12.5466, 49.59558], [12.55363, 49.58473], [12.56231, 49.55083], [12.58288, 49.5224], [12.59373, 49.51501], [12.61554, 49.51378], [12.62298, 49.50985], [12.62722, 49.46019], [12.63218, 49.44396], [12.64355, 49.42949], [12.66308, 49.4189], [12.70918, 49.40474], [12.72933, 49.39115], [12.76209, 49.34324], [12.77791, 49.33255], [12.79775, 49.32784], [12.85666, 49.32221], [12.87537, 49.32386], [12.87092, 49.33673], [12.88467, 49.33957], [12.93986, 49.32676], [12.98244, 49.29963], [12.99981, 49.29492], [13.01128, 49.26779], [13.04321, 49.24289], [13.05582, 49.23818], [13.14946, 49.15483], [13.1785, 49.11835], [13.20682, 49.1075], [13.26728, 49.10563], [13.28733, 49.10057], [13.29953, 49.09365], [13.32991, 49.06693], [13.37239, 49.03851], [13.38355, 49.02109], [13.38418, 48.99303], [13.39854, 48.97768], [13.42727, 48.95996], [13.48226, 48.93763], [13.5021, 48.96606], [13.51595, 48.97024], [13.53889, 48.96704], [13.59047, 48.94482], [13.60866, 48.94616], [13.61114, 48.92725], [13.62178, 48.90906], [13.63739, 48.89345], [13.65444, 48.88224], [13.67336, 48.87635], [13.71062, 48.87247], [13.72467, 48.8673], [13.74793, 48.84338], [13.79619, 48.77981], [13.81573, 48.76643], [13.78586, 48.72478]]], [[[14.19307, 53.91149], [14.17529, 53.90648], [14.19276, 53.89377], [14.20082, 53.87816], [14.08741, 53.87043], [14.06512, 53.87238], [14.04835, 53.87938], [14.02508, 53.86384], [13.99586, 53.85375], [13.93849, 53.84467], [13.87525, 53.84406], [13.8401, 53.85029], [13.82179, 53.86514], [13.85548, 53.87739], [13.88771, 53.88154], [13.92237, 53.89338], [13.93165, 53.89932], [13.93897, 53.92821], [13.90187, 53.96979], [13.90447, 53.99543], [13.95485, 53.9936], [13.97267, 53.98924], [13.96583, 53.98184], [13.96827, 53.97626], [13.9603, 53.95673], [13.95899, 53.94086], [13.97462, 53.95734], [13.98748, 53.96141], [14.02784, 53.96137], [14.01857, 53.95637], [14.01433, 53.94709], [14.04835, 53.94086], [14.04029, 53.95384], [14.05307, 53.97842], [14.05128, 54.00507], [14.03745, 54.02172], [14.01433, 54.01602], [14.0062, 54.03229], [13.9817, 54.05634], [13.96583, 54.06379], [13.94606, 54.0666], [13.92612, 54.06403], [13.91586, 54.05638], [13.92482, 54.04389], [13.92482, 54.03644], [13.90724, 54.02749], [13.89698, 54.01227], [13.89088, 54.01016], [13.85597, 54.00235], [13.85808, 54.01577], [13.87355, 54.02998], [13.87631, 54.03644], [13.8711, 54.04865], [13.86362, 54.04999], [13.82301, 54.03791], [13.7942, 54.01813], [13.7741, 54.02277], [13.78207, 54.04214], [13.80926, 54.0751], [13.81495, 54.10126], [13.80616, 54.11664], [13.76531, 54.14191], [13.75294, 54.15314], [13.76222, 54.16445], [13.7776, 54.17402], [13.79615, 54.17829], [13.81495, 54.17365], [13.85597, 54.11835], [13.8825, 54.10244], [14.01661, 54.06], [14.19239, 53.94611], [14.21005, 53.93846], [14.19307, 53.91149]]], [[[13.72486, 54.36359], [13.74195, 54.35049], [13.76645, 54.34492], [13.74008, 54.32982], [13.73015, 54.31684], [13.72316, 54.27839], [13.69093, 54.28352], [13.71193, 54.28657], [13.71599, 54.29328], [13.71193, 54.30394], [13.67945, 54.29401], [13.65113, 54.29719], [13.65113, 54.30394], [13.68824, 54.3133], [13.70362, 54.32046], [13.71193, 54.33185], [13.65992, 54.32978], [13.63673, 54.32551], [13.61695, 54.31761], [13.67213, 54.34032], [13.69093, 54.34492], [13.69093, 54.35175], [13.65008, 54.35244], [13.6268, 54.3391], [13.59929, 54.35175], [13.49968, 54.34492], [13.42888, 54.31094], [13.4061, 54.28522], [13.3816, 54.28221], [13.35963, 54.27546], [13.35572, 54.24873], [13.3694, 54.25556], [13.36964, 54.26065], [13.36313, 54.26301], [13.4109, 54.26789], [13.41774, 54.26606], [13.42506, 54.24323], [13.42303, 54.23273], [13.40724, 54.22822], [13.34702, 54.23745], [13.31153, 54.25113], [13.31951, 54.25641], [13.33522, 54.28352], [13.32057, 54.27839], [13.30787, 54.26919], [13.31471, 54.26301], [13.28419, 54.26284], [13.26791, 54.2565], [13.24244, 54.26919], [13.21013, 54.27582], [13.19923, 54.28441], [13.20485, 54.29719], [13.19028, 54.29975], [13.14967, 54.29027], [13.14283, 54.298], [13.14894, 54.30476], [13.16228, 54.30768], [13.1775, 54.30394], [13.1775, 54.31021], [13.11549, 54.33808], [13.12924, 54.35957], [13.14894, 54.37727], [13.17433, 54.38398], [13.20485, 54.37226], [13.21168, 54.3791], [13.22332, 54.3725], [13.23715, 54.37397], [13.26686, 54.38589], [13.25115, 54.38691], [13.23927, 54.39362], [13.23439, 54.40339], [13.23902, 54.42007], [13.22535, 54.42084], [13.2116, 54.4311], [13.20143, 54.43366], [13.15699, 54.42683], [13.18181, 54.45303], [13.25953, 54.46845], [13.25953, 54.47529], [13.27312, 54.48212], [13.23325, 54.49307], [13.22535, 54.50194], [13.23365, 54.50922], [13.23276, 54.51626], [13.18539, 54.50829], [13.16603, 54.51911], [13.15887, 54.54068], [13.1434, 54.54291], [13.16635, 54.54938], [13.24293, 54.55598], [13.25953, 54.55378], [13.2649, 54.5478], [13.28826, 54.53994], [13.29786, 54.51968], [13.30551, 54.52342], [13.30926, 54.53482], [13.30104, 54.55036], [13.33367, 54.57306], [13.3694, 54.58515], [13.35825, 54.56477], [13.34205, 54.55036], [13.35385, 54.54987], [13.36313, 54.54291], [13.34889, 54.52367], [13.37485, 54.52558], [13.3838, 54.53189], [13.38982, 54.54291], [13.36313, 54.55036], [13.36313, 54.5572], [13.37672, 54.56464], [13.41733, 54.52456], [13.4109, 54.50943], [13.43068, 54.49274], [13.45558, 54.48749], [13.50709, 54.48827], [13.49968, 54.49575], [13.50929, 54.50898], [13.52076, 54.51626], [13.52076, 54.52367], [13.5075, 54.54466], [13.49968, 54.55036], [13.49968, 54.5572], [13.52076, 54.56464], [13.52076, 54.57079], [13.50831, 54.57038], [13.48658, 54.5572], [13.44142, 54.5572], [13.42384, 54.57453], [13.39926, 54.57958], [13.36915, 54.61213], [13.34791, 54.60082], [13.3318, 54.58784], [13.30836, 54.57958], [13.27328, 54.56094], [13.25327, 54.56464], [13.24977, 54.57648], [13.25685, 54.59492], [13.26987, 54.6118], [13.28395, 54.61929], [13.29347, 54.64228], [13.29054, 54.64655], [13.24586, 54.6398], [13.23121, 54.63386], [13.22478, 54.63495], [13.22535, 54.64655], [13.23097, 54.65331], [13.25359, 54.66502], [13.3908, 54.68818], [13.41871, 54.68842], [13.44508, 54.68008], [13.44508, 54.6739], [13.39088, 54.65054], [13.38299, 54.63638], [13.386, 54.61864], [13.39454, 54.60444], [13.40772, 54.59341], [13.42457, 54.58515], [13.46632, 54.57689], [13.59596, 54.59138], [13.64047, 54.58568], [13.67066, 54.56623], [13.67726, 54.54047], [13.65113, 54.51626], [13.60678, 54.49897], [13.58481, 54.48652], [13.57545, 54.47187], [13.57911, 54.45506], [13.5879, 54.43757], [13.60955, 54.4138], [13.63006, 54.40754], [13.67742, 54.40082], [13.69825, 54.39208], [13.72486, 54.36359]]], [[[13.11891, 54.58641], [13.11313, 54.57005], [13.11215, 54.55069], [13.10255, 54.52993], [13.08107, 54.51716], [13.07504, 54.50943], [13.06959, 54.48965], [13.06821, 54.46845], [13.06137, 54.46845], [13.06422, 54.50511], [13.09555, 54.57079], [13.10231, 54.5961], [13.10963, 54.6031], [13.12599, 54.60562], [13.15105, 54.60493], [13.15724, 54.59907], [13.15707, 54.58796], [13.14967, 54.59138], [13.14967, 54.5777], [13.1434, 54.5777], [13.1434, 54.59813], [13.11891, 54.58641]]], [[[11.52858, 54.07746], [11.53395, 54.08487], [11.6019, 54.10415], [11.6159, 54.11213], [11.59897, 54.09805], [11.55274, 54.07306], [11.53956, 54.05695], [11.53395, 54.05695], [11.52858, 54.07746]]], [[[11.39039, 54.00458], [11.42661, 54.02293], [11.46803, 54.03095], [11.49789, 54.02277], [11.46827, 53.97069], [11.45769, 53.96137], [11.44532, 53.96113], [11.44451, 53.96809], [11.45143, 53.98554], [11.44703, 53.99714], [11.43873, 53.99726], [11.43328, 53.98876], [11.43775, 53.975], [11.42311, 53.96772], [11.40707, 53.96821], [11.37566, 53.98184], [11.39039, 54.00458]]], [[[11.31422, 54.4138], [11.18849, 54.42617], [11.17018, 54.42007], [11.17905, 54.41421], [11.13884, 54.41266], [11.11264, 54.41523], [11.10133, 54.42349], [11.10328, 54.44383], [11.09864, 54.45165], [11.05812, 54.45527], [11.04737, 54.45327], [11.03989, 54.44733], [11.03248, 54.44733], [11.02573, 54.45881], [11.00847, 54.45466], [11.00571, 54.46845], [11.0337, 54.50886], [11.07293, 54.53119], [11.12127, 54.53596], [11.20655, 54.51447], [11.23211, 54.50165], [11.31422, 54.4138]]], [[[8.95851, 54.52245], [8.95688, 54.50943], [8.93849, 54.49909], [8.91131, 54.47549], [8.88795, 54.46845], [8.84449, 54.4665], [8.8239, 54.47085], [8.81284, 54.48212], [8.82374, 54.48554], [8.82553, 54.4912], [8.81284, 54.50194], [8.84449, 54.51972], [8.87965, 54.52912], [8.9192, 54.53046], [8.96315, 54.52367], [8.95851, 54.52245]]], [[[8.6989, 54.55858], [8.70094, 54.54776], [8.69288, 54.52326], [8.66977, 54.5019], [8.64129, 54.49238], [8.61883, 54.49262], [8.60613, 54.49921], [8.59588, 54.51366], [8.60206, 54.52977], [8.62013, 54.53791], [8.6989, 54.55858]]], [[[8.3545, 54.91275], [8.38836, 54.89423], [8.43653, 54.88727], [8.65447, 54.89362], [8.62941, 54.88215], [8.50441, 54.88618], [8.46119, 54.8688], [8.44606, 54.86628], [8.37713, 54.86628], [8.37062, 54.86823], [8.36199, 54.87694], [8.34392, 54.8791], [8.30714, 54.86538], [8.30201, 54.86262], [8.29933, 54.85529], [8.29786, 54.8356], [8.29493, 54.83153], [8.29835, 54.77692], [8.29575, 54.7591], [8.2907, 54.74531], [8.28443, 54.74238], [8.27784, 54.75641], [8.27703, 54.78278], [8.28858, 54.8913], [8.29803, 54.91254], [8.37371, 55.03498], [8.41578, 55.06533], [8.46339, 55.05069], [8.40235, 55.04877], [8.39454, 55.04385], [8.42221, 55.04218], [8.43043, 55.03001], [8.42156, 55.01626], [8.38087, 55.00308], [8.36199, 54.9868], [8.35157, 54.96674], [8.36036, 54.94819], [8.3545, 54.91275]]], [[[8.55323, 54.75446], [8.57594, 54.74641], [8.59376, 54.7285], [8.59376, 54.72167], [8.58546, 54.71361], [8.57407, 54.6944], [8.56577, 54.68757], [8.53517, 54.68618], [8.51124, 54.69379], [8.4852, 54.68806], [8.45281, 54.69383], [8.39454, 54.71483], [8.41424, 54.73578], [8.43678, 54.74848], [8.46412, 54.75479], [8.55323, 54.75446]]], [[[8.38233, 54.63915], [8.40138, 54.63296], [8.38771, 54.62613], [8.35369, 54.61896], [8.33025, 54.63141], [8.29152, 54.66706], [8.32049, 54.69872], [8.33839, 54.71015], [8.36036, 54.71483], [8.36069, 54.71003], [8.33237, 54.69379], [8.38233, 54.63915]]], [[[8.13266, 53.73404], [8.15235, 53.73916], [8.17482, 53.73701], [8.19597, 53.72797], [8.17172, 53.72557], [8.15089, 53.7143], [8.13071, 53.71845], [8.12013, 53.7143], [8.12013, 53.72114], [8.13266, 53.73404]]], [[[7.8545, 53.78457], [7.8589, 53.79092], [7.89763, 53.79629], [7.92897, 53.79255], [7.95558, 53.7829], [7.87526, 53.7884], [7.87379, 53.77635], [7.8545, 53.78457]]], [[[7.92986, 54.1953], [7.93344, 54.18989], [7.91765, 54.187], [7.91236, 54.19229], [7.92986, 54.1953]]], [[[7.89918, 54.17817], [7.89772, 54.18232], [7.87989, 54.19391], [7.89454, 54.19465], [7.90064, 54.19066], [7.90414, 54.18041], [7.89918, 54.17817]]], [[[7.68629, 53.78099], [7.72828, 53.78657], [7.81284, 53.78315], [7.81284, 53.77635], [7.79859, 53.77635], [7.74822, 53.76093], [7.71949, 53.75991], [7.695, 53.76952], [7.67709, 53.7578], [7.66863, 53.75788], [7.6609, 53.76211], [7.68629, 53.78099]]], [[[7.60662, 53.7626], [7.62672, 53.75528], [7.62721, 53.75092], [7.5477, 53.75043], [7.51393, 53.74551], [7.51124, 53.72797], [7.48194, 53.72712], [7.47299, 53.73188], [7.46957, 53.74535], [7.47462, 53.75682], [7.48699, 53.76142], [7.60662, 53.7626]]], [[[7.38307, 53.73485], [7.40349, 53.73672], [7.42262, 53.7342], [7.43556, 53.72797], [7.43238, 53.72407], [7.42124, 53.72114], [7.3812, 53.7285], [7.36655, 53.72797], [7.38307, 53.73485]]], [[[7.17897, 53.72407], [7.23292, 53.72944], [7.3462, 53.72797], [7.34669, 53.72321], [7.29575, 53.71101], [7.17359, 53.7014], [7.13315, 53.70808], [7.17897, 53.72407]]], [[[6.91082, 53.68366], [7.04705, 53.69416], [7.08546, 53.687], [6.87379, 53.67276], [6.91082, 53.68366]]], [[[6.77564, 53.60248], [6.72242, 53.59077], [6.72242, 53.58462], [6.7422, 53.57836], [6.75652, 53.56289], [6.72609, 53.57713], [6.69508, 53.5703], [6.67709, 53.57563], [6.66334, 53.58735], [6.65952, 53.59911], [6.67115, 53.60444], [6.74733, 53.61835], [6.78468, 53.62006], [6.79811, 53.60444], [6.77564, 53.60248]]]]}}, {"type": "Feature", "properties": {"name": "독일", "name_en": "Germany", "period": "1993년 가입", "kind": "국가", "legend": "1993 마스트리흐트 조약으로 유럽 연합 창설(12개국)", "accession_year": 1993, "map_title": "유럽 연합 회원국(2023년 기준)", "source": "미래엔 세계사 교과서 4권 206쪽", "volume": 4, "page": 206, "geometry_source": "Natural Earth 10m 국가 경계", "group": "독일", "map_folder": "4권_p206_유럽 연합 회원국(2023년 기준)"}, "geometry": {"type": "MultiPolygon", "coordinates": [[[[13.78586, 48.72478], [13.78358, 48.71527], [13.78875, 48.71651], [13.7994, 48.70261], [13.81686, 48.69558], [13.80353, 48.68716], [13.80095, 48.67522], [13.80622, 48.64292], [13.80239, 48.61171], [13.79619, 48.59858], [13.77428, 48.56921], [13.75805, 48.56148], [13.73387, 48.55978], [13.72539, 48.54838], [13.71651, 48.52169], [13.67336, 48.53549], [13.65806, 48.55109], [13.62437, 48.56536], [13.5207, 48.58458], [13.48722, 48.58158], [13.45456, 48.57344], [13.44009, 48.56097], [13.44774, 48.53482], [13.45704, 48.52518], [13.45921, 48.51639], [13.45642, 48.50665], [13.43823, 48.47854], [13.43616, 48.43059], [13.42717, 48.41854], [13.41952, 48.39216], [13.40557, 48.37658], [13.3078, 48.31964], [13.27421, 48.3071], [13.13644, 48.29106], [13.03278, 48.26357], [12.97945, 48.23202], [12.9317, 48.21163], [12.93304, 48.20925], [12.87764, 48.20205], [12.86255, 48.19665], [12.82214, 48.16068], [12.78235, 48.14202], [12.76406, 48.12376], [12.74504, 48.12063], [12.73894, 48.11345], [12.73698, 48.09996], [12.74204, 48.08678], [12.76023, 48.06487], [12.83062, 48.01547], [12.8456, 47.99314], [12.85398, 47.97048], [12.86204, 47.96255], [12.88601, 47.95289], [12.93108, 47.92488], [12.96498, 47.87196], [12.99123, 47.84711], [12.92674, 47.77739], [12.92126, 47.76954], [12.91723, 47.75016], [12.89201, 47.72355], [12.90834, 47.71236], [12.96405, 47.70536], [13.00435, 47.71461], [13.01986, 47.71293], [13.04456, 47.69657], [13.06409, 47.67399], [13.07205, 47.65947], [13.07484, 47.64665], [13.07205, 47.62242], [13.05706, 47.59766], [13.04094, 47.58335], [13.03825, 47.58402], [13.03908, 47.56134], [13.04125, 47.5619], [13.02812, 47.54165], [13.02895, 47.51803], [13.03701, 47.50136], [13.03732, 47.49305], [13.00187, 47.46602], [12.99112, 47.46568], [12.96973, 47.47573], [12.94255, 47.47049], [12.93159, 47.47351], [12.8826, 47.49858], [12.82845, 47.53726], [12.80364, 47.54134], [12.77894, 47.55483], [12.77367, 47.5795], [12.78586, 47.60268], [12.81315, 47.61182], [12.79331, 47.62479], [12.76736, 47.63637], [12.75165, 47.64939], [12.76199, 47.66686], [12.74483, 47.66536], [12.68871, 47.67513], [12.65306, 47.67513], [12.6174, 47.66934], [12.59838, 47.66288], [12.55384, 47.63601], [12.53823, 47.63133], [12.49658, 47.6289], [12.48252, 47.63358], [12.4447, 47.65629], [12.42413, 47.69156], [12.4077, 47.69373], [12.35147, 47.68169], [12.2937, 47.69001], [12.27189, 47.68789], [12.23871, 47.6789], [12.22879, 47.68487], [12.22331, 47.6959], [12.23303, 47.70887], [12.24223, 47.73202], [12.22518, 47.72737], [12.19241, 47.71016], [12.1766, 47.70582], [12.18177, 47.69213], [12.20233, 47.67779], [12.20513, 47.67229], [12.20678, 47.64557], [12.20213, 47.62983], [12.1736, 47.60508], [11.93589, 47.61074], [11.85197, 47.59916], [11.8407, 47.59461], [11.83068, 47.57761], [11.82034, 47.57529], [11.76402, 47.58312], [11.68257, 47.58335], [11.62046, 47.58965], [11.58914, 47.57038], [11.5694, 47.52738], [11.55121, 47.51369], [11.52951, 47.50785], [11.48259, 47.50258], [11.43535, 47.50971], [11.41262, 47.50609], [11.36549, 47.46933], [11.38864, 47.46222], [11.39246, 47.45478], [11.38388, 47.44486], [11.36766, 47.44013], [11.32425, 47.43943], [11.30565, 47.4354], [11.25883, 47.40073], [11.23702, 47.39396], [11.21304, 47.39582], [11.21521, 47.423], [11.19382, 47.42894], [11.1686, 47.42426], [11.10328, 47.39357], [11.08375, 47.38951], [10.97946, 47.39055], [10.96551, 47.39608], [10.95528, 47.40961], [10.96313, 47.42124], [10.95983, 47.43251], [10.90991, 47.46899], [10.85844, 47.48517], [10.85162, 47.4931], [10.88386, 47.50801], [10.89223, 47.51488], [10.85864, 47.53067], [10.84479, 47.53131], [10.79033, 47.51607], [10.76077, 47.51364], [10.75219, 47.51539], [10.73989, 47.52847], [10.60791, 47.56227], [10.58373, 47.56247], [10.56988, 47.55594], [10.54962, 47.53679], [10.53691, 47.52987], [10.52512, 47.52847], [10.48254, 47.53286], [10.46694, 47.53772], [10.4535, 47.54625], [10.45174, 47.55483], [10.46156, 47.56991], [10.45712, 47.57924], [10.4536, 47.5811], [10.42921, 47.57702], [10.41423, 47.57301], [10.41567, 47.56439], [10.43097, 47.54216], [10.4196, 47.49305], [10.43366, 47.48785], [10.44761, 47.47258], [10.45174, 47.46021], [10.45195, 47.43876], [10.44286, 47.41628], [10.42828, 47.39605], [10.41164, 47.38104], [10.37165, 47.36739], [10.34343, 47.33076], [10.32545, 47.31432], [10.30591, 47.30218], [10.26116, 47.2835], [10.23935, 47.27773], [10.15988, 47.27112], [10.15543, 47.27288], [10.16866, 47.29042], [10.19078, 47.29825], [10.19326, 47.30492], [10.19047, 47.31748], [10.20856, 47.35448], [10.20928, 47.37248], [10.19088, 47.37923], [10.14696, 47.3738], [10.13083, 47.36267], [10.11037, 47.36739], [10.08288, 47.35907], [10.07316, 47.36548], [10.06779, 47.37504], [10.06417, 47.39618], [10.05321, 47.40486], [10.07595, 47.41687], [10.0806, 47.42739], [10.07182, 47.43912], [10.02262, 47.48795], [9.99358, 47.47659], [9.98263, 47.48103], [9.98076, 47.49294], [9.97167, 47.5064], [9.94873, 47.52423], [9.94594, 47.54077], [9.93384, 47.53421], [9.91875, 47.53219], [9.88899, 47.53379], [9.85891, 47.54134], [9.83349, 47.53462], [9.81313, 47.54175], [9.8093, 47.55232], [9.81127, 47.56449], [9.80796, 47.57632], [9.79628, 47.58495], [9.78212, 47.58841], [9.76713, 47.58728], [9.75267, 47.58206], [9.73086, 47.5649], [9.70399, 47.53142], [9.6767, 47.52263], [9.61262, 47.52188], [9.54989, 47.53353], [9.27321, 47.65009], [9.23435, 47.65616], [9.19694, 47.65614], [9.1834, 47.67043], [9.1281, 47.67043], [9.01659, 47.6789], [8.99767, 47.67383], [8.98176, 47.66216], [8.94538, 47.6543], [8.9062, 47.65179], [8.88171, 47.65614], [8.83779, 47.68084], [8.83768, 47.68779], [8.85608, 47.69068], [8.83024, 47.70719], [8.79758, 47.72003], [8.77071, 47.72086], [8.76172, 47.70125], [8.76988, 47.69507], [8.71707, 47.69456], [8.71262, 47.70869], [8.70043, 47.7235], [8.71976, 47.74732], [8.71314, 47.75742], [8.68193, 47.75874], [8.65702, 47.78812], [8.6441, 47.79101], [8.63501, 47.7846], [8.62984, 47.7628], [8.61744, 47.75732], [8.60762, 47.76225], [8.60162, 47.7946], [8.58312, 47.80024], [8.55822, 47.80117], [8.5423, 47.79502], [8.5516, 47.77925], [8.53651, 47.77409], [8.4715, 47.76706], [8.46365, 47.76391], [8.44546, 47.74318], [8.43791, 47.72319], [8.40195, 47.70709], [8.39213, 47.69952], [8.39099, 47.69213], [8.39771, 47.67629], [8.3913, 47.66546], [8.41197, 47.66105], [8.45827, 47.63988], [8.47605, 47.6404], [8.51967, 47.65735], [8.56824, 47.66293], [8.60731, 47.65629], [8.60162, 47.6326], [8.59511, 47.63482], [8.59356, 47.64257], [8.58033, 47.639], [8.57806, 47.63348], [8.58209, 47.62503], [8.58178, 47.60766], [8.58064, 47.60017], [8.57413, 47.59244], [8.5607, 47.5894], [8.53775, 47.61213], [8.52235, 47.6219], [8.49238, 47.61983], [8.46179, 47.60614], [8.44887, 47.58428], [8.41807, 47.58077], [8.35409, 47.58102], [8.30635, 47.59219], [8.28857, 47.6158], [8.25105, 47.622], [8.23297, 47.62195], [8.17901, 47.6158], [8.16207, 47.60376], [8.14377, 47.60007], [8.1139, 47.58785], [8.09695, 47.57185], [8.08724, 47.56738], [8.04228, 47.56056], [7.91216, 47.56056], [7.9043, 47.58356], [7.8982, 47.58785], [7.83371, 47.59048], [7.81966, 47.59534], [7.78555, 47.5632], [7.76674, 47.55596], [7.68344, 47.54426], [7.66142, 47.54625], [7.60975, 47.56475], [7.63589, 47.56459], [7.64654, 47.57154], [7.65967, 47.59658], [7.63703, 47.59498], [7.58603, 47.58462], [7.59249, 47.59841], [7.59032, 47.60795], [7.57264, 47.622], [7.55011, 47.65244], [7.53657, 47.66521], [7.52179, 47.67043], [7.51787, 47.67502], [7.51187, 47.70732], [7.53781, 47.73182], [7.53833, 47.74815], [7.52593, 47.78316], [7.52862, 47.79703], [7.54288, 47.82943], [7.562, 47.83923], [7.56417, 47.85041], [7.559, 47.86902], [7.559, 47.88271], [7.57895, 47.90633], [7.57957, 47.92705], [7.58494, 47.94041], [7.61161, 47.9594], [7.62112, 47.97144], [7.61895, 48.00265], [7.57574, 48.05371], [7.57264, 48.09497], [7.57895, 48.11448], [7.58567, 48.12973], [7.60479, 48.15257], [7.60675, 48.16698], [7.61336, 48.17921], [7.67662, 48.2384], [7.68716, 48.25292], [7.70245, 48.31119], [7.73697, 48.32666], [7.75072, 48.34137], [7.75196, 48.35534], [7.74038, 48.38144], [7.73718, 48.39348], [7.73832, 48.40661], [7.75072, 48.44441], [7.76922, 48.47007], [7.77129, 48.48911], [7.77646, 48.49818], [7.81346, 48.51947], [7.81346, 48.52634], [7.80167, 48.54758], [7.80178, 48.58236], [7.81025, 48.61502], [7.85242, 48.65868], [7.88063, 48.66773], [7.89593, 48.67651], [7.95918, 48.72137], [7.96363, 48.72928], [7.96487, 48.74834], [7.97014, 48.75728], [8.01727, 48.76183], [8.02295, 48.76509], [8.02729, 48.78002], [8.03876, 48.79077], [8.04755, 48.79103], [8.09034, 48.80751], [8.10274, 48.82131], [8.14811, 48.90373], [8.17933, 48.9427], [8.20031, 48.95856], [8.18873, 48.96575], [8.09044, 48.97918], [7.9319, 49.03484], [7.85686, 49.03225], [7.77367, 49.04812], [7.72695, 49.03566], [7.68509, 49.0428], [7.64881, 49.03572], [7.63497, 49.03778], [7.62566, 49.043], [7.60861, 49.06197], [7.58639, 49.06956], [7.54267, 49.07458], [7.52086, 49.08367], [7.4851, 49.11871], [7.47105, 49.12832], [7.48273, 49.13705], [7.47611, 49.15152], [7.45803, 49.15586], [7.41482, 49.15778], [7.41048, 49.16894], [7.39105, 49.17002], [7.35095, 49.15917], [7.334, 49.13416], [7.29711, 49.12811], [7.27437, 49.10501], [7.24119, 49.1139], [7.15499, 49.11442], [7.12357, 49.12331], [7.07986, 49.14201], [7.07076, 49.13612], [7.07479, 49.12537], [7.07324, 49.12031], [7.04255, 49.1076], [7.02053, 49.11897], [7.00896, 49.14641], [7.00947, 49.1817], [6.98787, 49.18243], [6.92545, 49.20558], [6.91439, 49.20666], [6.88524, 49.2048], [6.84349, 49.21105], [6.83346, 49.20945], [6.82768, 49.19555], [6.83904, 49.16279], [6.82179, 49.14775], [6.80907, 49.14584], [6.77011, 49.1553], [6.72556, 49.15555], [6.71378, 49.15886], [6.70097, 49.17287], [6.70882, 49.19777], [6.70252, 49.21364], [6.6806, 49.20749], [6.66376, 49.24387], [6.6403, 49.25276], [6.63968, 49.27115], [6.55643, 49.3264], [6.55012, 49.33802], [6.5556, 49.34717], [6.57338, 49.34774], [6.57772, 49.3558], [6.57431, 49.36179], [6.51881, 49.40215], [6.52056, 49.40815], [6.51167, 49.42474], [6.49452, 49.43554], [6.40274, 49.46546], [6.39168, 49.4667], [6.3645, 49.4561], [6.34531, 49.45535], [6.34228, 49.493], [6.35075, 49.53491], [6.35075, 49.56659], [6.35644, 49.5776], [6.39757, 49.61387], [6.41793, 49.63914], [6.417, 49.64576], [6.40274, 49.65578], [6.41824, 49.66989], [6.49173, 49.70079], [6.48294, 49.70808], [6.48635, 49.71294], [6.49969, 49.71221], [6.4878, 49.7256], [6.48553, 49.73376], [6.48625, 49.7427], [6.49596, 49.74823], [6.49379, 49.76363], [6.5001, 49.79448], [6.50258, 49.79567], [6.49721, 49.79944], [6.46248, 49.80549], [6.41452, 49.80549], [6.39706, 49.80859], [6.33442, 49.84022], [6.30259, 49.83494], [6.28678, 49.86104], [6.23831, 49.87691], [6.2227, 49.88714], [6.18983, 49.9383], [6.17268, 49.95623], [6.16193, 49.94248], [6.15397, 49.95122], [6.13878, 49.97933], [6.12152, 49.99628], [6.11718, 50.00439], [6.11997, 50.0155], [6.11377, 50.03638], [6.10726, 50.0446], [6.0964, 50.04863], [6.10942, 50.06356], [6.0994, 50.06413], [6.11056, 50.10599], [6.11749, 50.12046], [6.12658, 50.12733], [6.12948, 50.13405], [6.12596, 50.1402], [6.11583, 50.14547], [6.12131, 50.16159], [6.13175, 50.16831], [6.15914, 50.17244], [6.16513, 50.1819], [6.16575, 50.19317], [6.16017, 50.20453], [6.14684, 50.21404], [6.15717, 50.22272], [6.17981, 50.23301], [6.18963, 50.24272], [6.2534, 50.25678], [6.27179, 50.26742], [6.26735, 50.27642], [6.26942, 50.28649], [6.28595, 50.30386], [6.29949, 50.30887], [6.33546, 50.30386], [6.36202, 50.30696], [6.37453, 50.31548], [6.37246, 50.32944], [6.33773, 50.36809], [6.33639, 50.37992], [6.35044, 50.41687], [6.35117, 50.43356], [6.34021, 50.43785], [6.33163, 50.4469], [6.32326, 50.46602], [6.32574, 50.47403], [6.3369, 50.481], [6.27541, 50.48803], [6.25557, 50.49459], [6.2072, 50.48633], [6.1826, 50.50658], [6.19056, 50.51521], [6.17082, 50.51795], [6.16947, 50.5225], [6.17733, 50.5302], [6.16069, 50.54358], [6.17908, 50.56198], [6.23293, 50.58715], [6.23293, 50.59076], [6.25133, 50.60844], [6.24906, 50.61443], [6.18002, 50.61552], [6.15945, 50.62239], [6.14777, 50.63676], [6.1611, 50.64218], [6.10023, 50.7013], [6.081, 50.7135], [6.06436, 50.71448], [6.02478, 50.70755], [6.01155, 50.70853], [6.00762, 50.7169], [6.01134, 50.72745], [6.01083, 50.73706], [5.99419, 50.74259], [5.99264, 50.74626], [5.99708, 50.76295], [5.973, 50.78181], [5.96876, 50.79463], [5.98395, 50.7922], [5.99832, 50.80072], [6.00359, 50.81261], [6.00049, 50.83044], [6.00928, 50.84046], [6.02302, 50.84542], [6.04555, 50.84418], [6.05671, 50.85266], [6.06281, 50.86294], [6.06312, 50.8709], [6.05465, 50.89147], [6.06374, 50.90754], [6.03108, 50.91472], [5.99987, 50.9294], [5.99584, 50.95177], [6.00576, 50.96852], [6.00369, 50.97374], [5.96783, 50.971], [5.92773, 50.97767], [5.87461, 50.96537], [5.87357, 50.99058], [5.85817, 51.01934], [5.85249, 51.04275], [5.8805, 51.05205], [5.89435, 51.04714], [5.91957, 51.0297], [5.93796, 51.03094], [5.95026, 51.03947], [5.96948, 51.06492], [5.98292, 51.07469], [6.07542, 51.12037], [6.13237, 51.13983], [6.14725, 51.15225], [6.12627, 51.16458], [6.15707, 51.17925], [6.13413, 51.18422], [6.08431, 51.16269], [6.06085, 51.17091], [6.05372, 51.18938], [6.05661, 51.21171], [6.06519, 51.23163], [6.09651, 51.25881], [6.14777, 51.31816], [6.18363, 51.3357], [6.19355, 51.34452], [6.19893, 51.35697], [6.20203, 51.37888], [6.20782, 51.38767], [6.19273, 51.39896], [6.19407, 51.41738], [6.20534, 51.45844], [6.19335, 51.50934], [6.15304, 51.53843], [6.08648, 51.59553], [6.08214, 51.60781], [6.09919, 51.64447], [6.0315, 51.663], [6.00855, 51.68119], [6.02199, 51.70951], [6.01207, 51.71586], [5.97827, 51.72979], [5.93931, 51.73188], [5.94013, 51.74263], [5.96235, 51.75635], [5.96411, 51.77656], [5.95078, 51.79591], [5.92804, 51.80674], [5.93145, 51.81565], [5.94809, 51.82296], [5.98892, 51.82746], [6.00824, 51.83257], [6.04328, 51.84686], [6.084, 51.85366], [6.15614, 51.84206], [6.14271, 51.85518], [6.09299, 51.88531], [6.12699, 51.89673], [6.15924, 51.8873], [6.19138, 51.87115], [6.22518, 51.86255], [6.26466, 51.86619], [6.2874, 51.84616], [6.32574, 51.84255], [6.34197, 51.83668], [6.34497, 51.8211], [6.38248, 51.82759], [6.38662, 51.83756], [6.37845, 51.86012], [6.44253, 51.84836], [6.46289, 51.84836], [6.47943, 51.85301], [6.52862, 51.87642], [6.62815, 51.89751], [6.71668, 51.89926], [6.74375, 51.90833], [6.76701, 51.92551], [6.78985, 51.95114], [6.81073, 51.96058], [6.80918, 51.97954], [6.77817, 52.00127], [6.67502, 52.03481], [6.67296, 52.05005], [6.67988, 52.06047], [6.7114, 52.06729], [6.7329, 52.09199], [6.74985, 52.10287], [6.76587, 52.1084], [6.83067, 52.11289], [6.84328, 52.12], [6.8654, 52.1478], [6.88483, 52.16033], [6.92772, 52.17191], [6.94767, 52.18281], [6.98188, 52.214], [7.02632, 52.23064], [7.02911, 52.23578], [7.02074, 52.24526], [7.01185, 52.26663], [7.01247, 52.28495], [7.03976, 52.32862], [7.04823, 52.36507], [7.03418, 52.39078], [6.9733, 52.45137], [6.95149, 52.43747], [6.90023, 52.43192], [6.87201, 52.43473], [6.82034, 52.44683], [6.74117, 52.45367], [6.71481, 52.46155], [6.69507, 52.47561], [6.68898, 52.49052], [6.68401, 52.52599], [6.67172, 52.54168], [6.68825, 52.54258], [6.74375, 52.55971], [6.70396, 52.58307], [6.70365, 52.59139], [6.71016, 52.60865], [6.70179, 52.61912], [6.73703, 52.6347], [6.77052, 52.64103], [6.8654, 52.64196], [6.91842, 52.63219], [6.96772, 52.63666], [7.01846, 52.62599], [7.03665, 52.64738], [7.04399, 52.68263], [7.0533, 52.79058], [7.06198, 52.82401], [7.07986, 52.85442], [7.16192, 52.93264], [7.18362, 52.96612], [7.19282, 52.99801], [7.19437, 53.03384], [7.18507, 53.10544], [7.17267, 53.12575], [7.17194, 53.13771], [7.19541, 53.185], [7.19851, 53.20058], [7.19459, 53.24502], [7.21583, 53.2556], [7.23357, 53.27363], [7.23699, 53.28555], [7.2295, 53.29658], [7.25473, 53.31952], [7.26832, 53.32368], [7.29152, 53.32392], [7.31316, 53.3205], [7.36655, 53.3028], [7.34254, 53.32404], [7.30291, 53.33275], [7.07521, 53.33759], [7.03826, 53.34858], [7.02361, 53.37641], [7.02328, 53.45051], [7.02768, 53.46735], [7.04705, 53.49771], [7.05144, 53.5126], [7.05974, 53.52172], [7.11964, 53.5163], [7.12501, 53.52436], [7.13453, 53.52741], [7.14177, 53.53718], [7.13999, 53.54979], [7.13111, 53.55695], [7.1019, 53.56574], [7.08888, 53.57372], [7.08676, 53.58686], [7.10092, 53.59789], [7.13315, 53.61127], [7.16944, 53.63548], [7.18898, 53.6435], [7.22609, 53.66649], [7.30502, 53.6848], [7.45883, 53.69514], [7.48024, 53.68203], [7.50392, 53.67866], [7.65138, 53.69697], [7.95143, 53.72191], [8.03142, 53.70808], [8.02491, 53.67255], [8.05291, 53.6363], [8.09409, 53.60472], [8.12762, 53.59077], [8.12762, 53.58462], [8.11915, 53.57193], [8.15675, 53.56367], [8.16798, 53.55321], [8.16489, 53.53522], [8.15545, 53.52603], [8.11573, 53.51073], [8.07634, 53.50861], [8.05877, 53.50202], [8.077, 53.46869], [8.08619, 53.45612], [8.09978, 53.44741], [8.12387, 53.45401], [8.14064, 53.4536], [8.15235, 53.44977], [8.1867, 53.42951], [8.20533, 53.41071], [8.21974, 53.40644], [8.2365, 53.40672], [8.25945, 53.4123], [8.27174, 53.4195], [8.29282, 53.4405], [8.31512, 53.47492], [8.32049, 53.50922], [8.29152, 53.52936], [8.25221, 53.5231], [8.23121, 53.52521], [8.24887, 53.59028], [8.25733, 53.60444], [8.27068, 53.61286], [8.28761, 53.61689], [8.32936, 53.61811], [8.34848, 53.61286], [8.38771, 53.57713], [8.42807, 53.56477], [8.51344, 53.55476], [8.55209, 53.54361], [8.55209, 53.5362], [8.52817, 53.52391], [8.5062, 53.50796], [8.49, 53.4864], [8.4839, 53.45734], [8.48504, 53.40119], [8.4909, 53.37645], [8.50441, 53.35806], [8.50733, 53.3828], [8.49676, 53.44526], [8.49757, 53.47476], [8.51287, 53.49649], [8.55665, 53.51821], [8.56577, 53.5467], [8.50831, 53.62515], [8.50123, 53.64419], [8.48707, 53.66694], [8.4839, 53.68358], [8.4861, 53.70043], [8.4922, 53.71516], [8.52963, 53.7707], [8.55616, 53.83096], [8.57325, 53.85765], [8.58758, 53.87043], [8.60711, 53.88154], [8.62924, 53.88939], [8.6727, 53.89159], [8.68458, 53.88849], [8.70916, 53.87197], [8.74464, 53.85415], [8.78248, 53.84248], [8.86069, 53.831], [8.90358, 53.83173], [8.97625, 53.84243], [9.01629, 53.84052], [9.035, 53.85358], [9.11451, 53.86514], [9.19361, 53.86469], [9.2107, 53.87197], [9.22429, 53.86591], [9.27467, 53.86514], [9.28338, 53.86164], [9.30535, 53.84455], [9.40268, 53.74242], [9.44288, 53.7143], [9.47096, 53.70063], [9.48471, 53.69009], [9.49838, 53.65986], [9.56707, 53.5996], [9.58237, 53.5913], [9.63722, 53.581], [9.69662, 53.55663], [9.81902, 53.54035], [9.83204, 53.54361], [9.81959, 53.55663], [9.78207, 53.56973], [9.69239, 53.57591], [9.65577, 53.58462], [9.58367, 53.61245], [9.55079, 53.63459], [9.53907, 53.66649], [9.53224, 53.71117], [9.46022, 53.73542], [9.4358, 53.74868], [9.41245, 53.77875], [9.39666, 53.81102], [9.39519, 53.831], [9.35873, 53.83955], [9.29558, 53.87189], [9.25782, 53.88556], [9.22047, 53.89077], [9.09343, 53.89248], [9.02996, 53.90713], [9.01832, 53.90274], [9.00782, 53.89248], [8.98463, 53.89704], [8.94947, 53.91291], [8.91603, 53.9374], [8.83334, 54.03644], [8.87184, 54.04694], [8.89064, 54.0478], [8.91456, 54.04389], [8.95387, 54.02831], [8.97535, 54.02408], [8.99724, 54.03022], [9.01303, 54.06098], [9.01857, 54.08242], [9.01832, 54.09789], [8.97446, 54.12808], [8.97731, 54.1457], [8.95289, 54.15009], [8.91798, 54.14631], [8.88543, 54.13703], [8.86744, 54.12519], [8.86069, 54.12519], [8.83334, 54.15314], [8.81284, 54.18049], [8.82097, 54.20051], [8.84669, 54.23355], [8.83961, 54.24873], [8.83961, 54.25556], [8.8519, 54.26105], [8.91147, 54.26919], [8.92205, 54.27424], [8.95314, 54.30256], [8.96315, 54.31761], [8.94028, 54.31501], [8.9026, 54.29584], [8.88111, 54.29027], [8.88795, 54.30394], [8.77467, 54.29027], [8.73894, 54.29389], [8.72348, 54.29027], [8.6902, 54.27147], [8.67848, 54.26919], [8.65187, 54.27485], [8.62338, 54.29011], [8.60271, 54.31208], [8.59986, 54.33808], [8.61402, 54.34837], [8.64137, 54.35566], [8.69557, 54.35859], [8.69557, 54.36542], [8.67758, 54.36791], [8.66383, 54.37556], [8.65065, 54.378], [8.63478, 54.36542], [8.62623, 54.37641], [8.62916, 54.38768], [8.64845, 54.4064], [8.66977, 54.40082], [8.75082, 54.4138], [8.86069, 54.4138], [8.88608, 54.41779], [8.94947, 54.44733], [9.00473, 54.46589], [9.01149, 54.48212], [9.01157, 54.50633], [8.9861, 54.52928], [8.90447, 54.58063], [8.89283, 54.59125], [8.88795, 54.60187], [8.87875, 54.60651], [8.85816, 54.60615], [8.82586, 54.59813], [8.81902, 54.60562], [8.85328, 54.61929], [8.81837, 54.67365], [8.80543, 54.68757], [8.7767, 54.69798], [8.72267, 54.72553], [8.68873, 54.7353], [8.69435, 54.76024], [8.68133, 54.78059], [8.64845, 54.81786], [8.64275, 54.84418], [8.64723, 54.86738], [8.66078, 54.89631], [8.69588, 54.88998], [8.73278, 54.88905], [8.80089, 54.90383], [8.82425, 54.9059], [8.90414, 54.89794], [8.98269, 54.87934], [9.19477, 54.8504], [9.21151, 54.84182], [9.21905, 54.81779], [9.22639, 54.80591], [9.24407, 54.80177], [9.33202, 54.80322], [9.36695, 54.81702], [9.38504, 54.81939], [9.40519, 54.80839], [9.45143, 54.81037], [9.511, 54.82783], [9.52996, 54.8415], [9.55437, 54.84711], [9.56691, 54.86017], [9.57993, 54.86628], [9.58318, 54.83027], [9.6316, 54.81989], [9.69304, 54.81802], [9.73463, 54.80732], [9.80177, 54.78339], [9.81218, 54.76606], [9.82374, 54.75674], [9.84986, 54.75935], [9.89536, 54.76948], [9.89145, 54.79027], [9.91505, 54.7912], [9.94752, 54.77953], [9.97047, 54.76264], [9.98414, 54.7285], [9.99049, 54.72053], [10.01824, 54.70124], [10.00538, 54.6955], [9.97047, 54.70124], [9.97104, 54.69904], [9.9463, 54.68765], [9.93238, 54.68525], [9.92945, 54.6739], [9.99635, 54.67878], [10.0114, 54.66706], [10.02215, 54.67243], [10.03354, 54.67292], [10.03907, 54.66681], [10.03191, 54.65278], [10.03696, 54.6389], [10.03761, 54.61909], [10.02687, 54.55996], [10.01043, 54.53433], [9.99781, 54.52367], [9.96559, 54.50617], [9.9253, 54.49311], [9.88201, 54.48485], [9.8401, 54.48212], [9.8401, 54.47529], [9.88331, 54.4621], [10.12468, 54.49575], [10.1434, 54.49185], [10.20387, 54.46101], [10.18393, 54.44937], [10.18385, 54.43842], [10.19703, 54.4101], [10.19125, 54.39672], [10.17709, 54.38426], [10.15903, 54.37531], [10.14178, 54.37226], [10.14828, 54.36518], [10.14178, 54.35859], [10.15252, 54.35179], [10.15553, 54.34341], [10.15162, 54.33397], [10.14178, 54.32441], [10.16375, 54.32917], [10.18035, 54.34113], [10.20387, 54.37226], [10.21713, 54.40542], [10.22438, 54.4138], [10.23439, 54.41771], [10.27215, 54.42007], [10.28582, 54.42475], [10.3069, 54.44111], [10.31837, 54.44331], [10.36085, 54.44111], [10.38282, 54.43476], [10.44337, 54.4064], [10.60108, 54.36542], [10.6902, 54.31623], [10.73129, 54.31021], [10.77711, 54.31513], [10.8108, 54.32738], [10.86793, 54.35859], [10.90089, 54.37104], [10.93531, 54.37954], [11.01881, 54.38589], [11.01881, 54.3791], [10.97584, 54.3784], [10.99318, 54.37385], [11.01051, 54.37718], [11.03395, 54.36762], [11.10418, 54.39289], [11.13551, 54.38589], [11.08774, 54.35175], [11.06658, 54.35859], [11.0774, 54.34223], [11.0866, 54.30244], [11.09449, 54.28352], [11.08709, 54.2709], [11.08774, 54.25389], [11.09449, 54.22508], [11.09018, 54.20799], [11.07097, 54.19257], [11.06658, 54.18391], [10.95045, 54.13947], [10.91033, 54.1092], [10.89283, 54.10252], [10.84457, 54.09447], [10.83611, 54.08999], [10.82228, 54.09736], [10.80543, 54.09488], [10.75262, 54.05012], [10.75262, 54.04389], [10.76588, 54.02436], [10.78045, 54.00995], [10.79965, 54.00056], [10.82691, 53.99543], [10.86557, 53.99779], [10.8755, 53.99543], [10.88258, 53.98505], [10.88738, 53.96393], [10.90211, 53.96137], [10.92262, 53.96137], [10.96469, 53.98542], [11.00025, 53.9916], [11.05348, 54.00849], [11.17506, 54.01801], [11.18385, 54.01602], [11.19077, 54.01032], [11.19728, 53.99624], [11.20436, 53.98924], [11.23992, 53.98347], [11.24537, 53.97842], [11.24073, 53.95563], [11.24293, 53.94522], [11.25563, 53.94086], [11.29371, 53.94086], [11.33416, 53.96137], [11.34181, 53.95832], [11.35206, 53.94416], [11.35825, 53.94086], [11.39991, 53.94086], [11.4004, 53.93773], [11.43873, 53.90913], [11.45769, 53.90615], [11.45899, 53.91669], [11.47682, 53.9527], [11.47242, 53.96882], [11.47983, 53.97614], [11.49789, 53.98184], [11.49171, 54.00235], [11.52589, 54.02277], [11.52589, 54.03022], [11.51905, 54.03022], [11.51905, 54.03644], [11.55323, 54.03022], [11.5735, 54.03905], [11.59132, 54.06562], [11.6128, 54.0729], [11.62452, 54.08364], [11.62957, 54.09602], [11.62208, 54.09956], [11.62525, 54.10981], [11.65789, 54.14224], [11.68971, 54.15522], [11.72877, 54.15852], [11.81227, 54.14981], [12.05063, 54.17992], [12.08815, 54.19408], [12.09327, 54.16543], [12.08953, 54.13764], [12.09164, 54.114], [12.115, 54.09789], [12.10532, 54.11001], [12.10035, 54.13597], [12.09506, 54.1457], [12.10548, 54.15738], [12.13429, 54.16698], [12.14283, 54.18049], [12.12086, 54.18], [12.10133, 54.17365], [12.1089, 54.18301], [12.14283, 54.20917], [12.1631, 54.21992], [12.18686, 54.24335], [12.2894, 54.27509], [12.34213, 54.30394], [12.37818, 54.34492], [12.43832, 54.39582], [12.4861, 54.44733], [12.50196, 54.47358], [12.51344, 54.48224], [12.53387, 54.48827], [12.53387, 54.48212], [12.52703, 54.48212], [12.54835, 54.46206], [12.59148, 54.45173], [12.8191, 54.45173], [12.85662, 54.44111], [12.87965, 54.4488], [12.90838, 54.44465], [12.92115, 54.4335], [12.89633, 54.42007], [12.87078, 54.41681], [12.76368, 54.42219], [12.72096, 54.43159], [12.69459, 54.43366], [12.68678, 54.43163], [12.67042, 54.42007], [12.6242, 54.42292], [12.61451, 54.41974], [12.60841, 54.4064], [12.60222, 54.4138], [12.58172, 54.4064], [12.58351, 54.39785], [12.58766, 54.39403], [12.60222, 54.39208], [12.59588, 54.39151], [12.59474, 54.38589], [12.57553, 54.392], [12.55405, 54.39082], [12.53598, 54.38373], [12.52703, 54.37226], [12.51075, 54.38426], [12.49098, 54.39008], [12.45476, 54.39208], [12.43849, 54.38752], [12.42498, 54.37592], [12.41847, 54.36066], [12.424, 54.34492], [12.39674, 54.35175], [12.3899, 54.34492], [12.39649, 54.33295], [12.39161, 54.32111], [12.37908, 54.31244], [12.36256, 54.31021], [12.37794, 54.28587], [12.38014, 54.27709], [12.36883, 54.26919], [12.41245, 54.25141], [12.43678, 54.24771], [12.45818, 54.25556], [12.44264, 54.25519], [12.41033, 54.26919], [12.41684, 54.28095], [12.42628, 54.28962], [12.45143, 54.30394], [12.47242, 54.31021], [12.47869, 54.33185], [12.49562, 54.34028], [12.56056, 54.35859], [12.54078, 54.36542], [12.54078, 54.37226], [12.55934, 54.37629], [12.57423, 54.37226], [12.57423, 54.3791], [12.59295, 54.36933], [12.62273, 54.37393], [12.67726, 54.39208], [12.67042, 54.4064], [12.68084, 54.41087], [12.71754, 54.4138], [12.71754, 54.4064], [12.70248, 54.40412], [12.69239, 54.39619], [12.68409, 54.37226], [12.69662, 54.38495], [12.7046, 54.3996], [12.72381, 54.38125], [12.73504, 54.37816], [12.7461, 54.38589], [12.75782, 54.37979], [12.76857, 54.38007], [12.78712, 54.39208], [12.79469, 54.37714], [12.81804, 54.35798], [12.85467, 54.35786], [12.87599, 54.36542], [12.90382, 54.3996], [12.92937, 54.41437], [12.96909, 54.42939], [13.0088, 54.43806], [13.03419, 54.43366], [13.02149, 54.42646], [13.02101, 54.41454], [13.02858, 54.40184], [13.04037, 54.39208], [13.08367, 54.37897], [13.09555, 54.37226], [13.07667, 54.35252], [13.08074, 54.33714], [13.10922, 54.31021], [13.11492, 54.28001], [13.12599, 54.2766], [13.17066, 54.2766], [13.17066, 54.26919], [13.1434, 54.26301], [13.17612, 54.26484], [13.22836, 54.24738], [13.26319, 54.2425], [13.28883, 54.23428], [13.32179, 54.19452], [13.34889, 54.18049], [13.32154, 54.16681], [13.34653, 54.16694], [13.3838, 54.17813], [13.40349, 54.17365], [13.39568, 54.16193], [13.38299, 54.15314], [13.39479, 54.14891], [13.4087, 54.15461], [13.41774, 54.15314], [13.45037, 54.11042], [13.4651, 54.09846], [13.48357, 54.0913], [13.50709, 54.09105], [13.50709, 54.09789], [13.47926, 54.11835], [13.47926, 54.12519], [13.60271, 54.13947], [13.63233, 54.14753], [13.68344, 54.16804], [13.71193, 54.17365], [13.71648, 54.16844], [13.71469, 54.16405], [13.69825, 54.15933], [13.69825, 54.15314], [13.72877, 54.14387], [13.80812, 54.10468], [13.80812, 54.09789], [13.79371, 54.0832], [13.78549, 54.06391], [13.7732, 54.04633], [13.7461, 54.03644], [13.75815, 54.03099], [13.79762, 53.99893], [13.83863, 53.98631], [13.84913, 53.9676], [13.84864, 53.95555], [13.86687, 53.95466], [13.90602, 53.94306], [13.90756, 53.93354], [13.90138, 53.92231], [13.89015, 53.91291], [13.81853, 53.878], [13.80812, 53.86514], [13.81707, 53.85293], [13.8628, 53.84125], [13.86915, 53.83031], [13.8838, 53.81769], [13.89991, 53.80915], [13.91066, 53.81049], [13.98422, 53.77399], [14.01735, 53.76952], [14.03745, 53.75528], [14.06886, 53.75528], [14.10613, 53.74335], [14.18653, 53.73981], [14.21469, 53.74486], [14.22657, 53.75869], [14.23414, 53.76179], [14.25017, 53.75995], [14.2645, 53.75161], [14.26743, 53.73542], [14.25953, 53.72797], [14.21274, 53.70808], [14.24, 53.70075], [14.2639, 53.69998], [14.2651, 53.67176], [14.26097, 53.65621], [14.27606, 53.63662], [14.29704, 53.59776], [14.29694, 53.52914], [14.30417, 53.50852], [14.32846, 53.48609], [14.3389, 53.46521], [14.35988, 53.44408], [14.37032, 53.3923], [14.39801, 53.31522], [14.40329, 53.27879], [14.44163, 53.25184], [14.41559, 53.22099], [14.38778, 53.20208], [14.38065, 53.18986], [14.37786, 53.17655], [14.38954, 53.13167], [14.35678, 53.06668], [14.34334, 53.04862], [14.31264, 53.02922], [14.25373, 53.00088], [14.19286, 52.98165], [14.14449, 52.95992], [14.16495, 52.89566], [14.16082, 52.87675], [14.15048, 52.86463], [14.12392, 52.85065], [14.1354, 52.8366], [14.15276, 52.82833], [14.19596, 52.82337], [14.21601, 52.81799], [14.24867, 52.79458], [14.27595, 52.78572], [14.3822, 52.73815], [14.39771, 52.72712], [14.43192, 52.68609], [14.46137, 52.67456], [14.4901, 52.65064], [14.54994, 52.63619], [14.61371, 52.59253], [14.64482, 52.57692], [14.61681, 52.54103], [14.60906, 52.5178], [14.62767, 52.50742], [14.63232, 52.49674], [14.61578, 52.47328], [14.59159, 52.4498], [14.53982, 52.42187], [14.5454, 52.38215], [14.56917, 52.33851], [14.59015, 52.30942], [14.58415, 52.29123], [14.60658, 52.27575], [14.64048, 52.26505], [14.69691, 52.25348], [14.71241, 52.23591], [14.7121, 52.21544], [14.69257, 52.19958], [14.69257, 52.19338], [14.70704, 52.17945], [14.70322, 52.16516], [14.69247, 52.14697], [14.68637, 52.12103], [14.69639, 52.10669], [14.7614, 52.07667], [14.73536, 52.05403], [14.72606, 52.02644], [14.69908, 51.99251], [14.69557, 51.93146], [14.68709, 51.9119], [14.67169, 51.89389], [14.6533, 51.87862], [14.59594, 51.84242], [14.58281, 51.82508], [14.58581, 51.80389], [14.60224, 51.78831], [14.62033, 51.78054], [14.63418, 51.76901], [14.6381, 51.74263], [14.64844, 51.71721], [14.67097, 51.70077], [14.71955, 51.67563], [14.73246, 51.65835], [14.74228, 51.63297], [14.74394, 51.60664], [14.73216, 51.58662], [14.71272, 51.56742], [14.70456, 51.54799], [14.71004, 51.53024], [14.73216, 51.51582], [14.79747, 51.5021], [14.8414, 51.48443], [14.91095, 51.46898], [14.94506, 51.44919], [14.9554, 51.43541], [14.94692, 51.42291], [14.96098, 51.33529], [14.96377, 51.32839], [14.98227, 51.30801], [15.0049, 51.29129], [15.01948, 51.27168], [15.01431, 51.24266], [15.02206, 51.23677], [15.0049, 51.21561], [14.99136, 51.18897], [14.9832, 51.16091], [14.98, 51.1228], [14.96025, 51.10458], [14.95529, 51.06404], [14.86021, 50.91684], [14.82465, 50.89183], [14.8105, 50.87705], [14.81039, 50.85845], [14.79458, 50.83163], [14.77536, 50.81297], [14.75923, 50.81018], [14.70042, 50.81597], [14.64792, 50.83938], [14.61319, 50.84558], [14.60834, 50.85307], [14.61185, 50.87095], [14.63459, 50.9094], [14.62922, 50.92072], [14.61712, 50.92087], [14.56183, 50.90635], [14.55036, 50.91209], [14.55584, 50.92428], [14.57558, 50.95069], [14.57743, 50.96573], [14.57433, 50.97549], [14.55459, 50.99265], [14.54229, 50.99875], [14.51532, 51.00304], [14.50292, 51.00852], [14.49351, 51.01671], [14.48214, 51.0372], [14.47346, 51.02337], [14.46209, 51.01965], [14.42582, 51.02094], [14.39781, 51.01311], [14.3759, 51.01699], [14.35657, 51.03234], [14.31936, 51.04001], [14.28753, 51.03683], [14.26355, 51.02143], [14.2495, 50.99265], [14.23833, 50.98247], [14.25001, 50.97761], [14.28381, 50.97482], [14.30376, 50.96971], [14.29373, 50.96397], [14.2928, 50.95348], [14.31833, 50.93751], [14.35523, 50.93064], [14.38189, 50.92087], [14.3759, 50.89596], [14.34655, 50.8802], [14.2681, 50.88413], [14.23213, 50.87938], [14.19079, 50.8479], [14.03494, 50.80259], [13.97913, 50.80476], [13.95959, 50.80207], [13.92332, 50.77995], [13.89252, 50.78042], [13.88332, 50.77323], [13.87908, 50.76352], [13.88218, 50.74274], [13.87536, 50.73654], [13.86347, 50.73515], [13.83454, 50.72368], [13.81655, 50.72135], [13.77066, 50.7246], [13.74906, 50.72321], [13.69175, 50.71184], [13.60194, 50.71215], [13.55657, 50.70672], [13.51564, 50.69102], [13.52721, 50.67567], [13.52329, 50.66218], [13.50995, 50.65122], [13.49332, 50.64321], [13.4991, 50.6352], [13.49817, 50.62916], [13.44794, 50.59727], [13.42934, 50.59433], [13.40702, 50.60131], [13.38097, 50.62549], [13.36877, 50.62833], [13.35937, 50.61934], [13.32185, 50.60239], [13.30563, 50.57578], [13.28465, 50.56896], [13.25178, 50.58089], [13.23235, 50.58203], [13.19907, 50.52534], [13.1847, 50.50875], [13.16011, 50.49702], [13.1074, 50.49899], [13.06037, 50.49061], [13.02626, 50.49764], [13.00962, 50.49268], [13.00311, 50.45191], [12.9966, 50.43367], [12.95257, 50.40416], [12.91836, 50.4054], [12.81739, 50.44302], [12.78814, 50.43434], [12.75424, 50.43532], [12.73791, 50.43155], [12.69181, 50.39465], [12.62536, 50.39992], [12.55053, 50.39636], [12.51022, 50.38876], [12.47508, 50.36943], [12.46682, 50.35491], [12.46898, 50.34556], [12.46682, 50.34189], [12.45017, 50.33936], [12.39819, 50.31517], [12.36718, 50.27905], [12.33649, 50.25859], [12.3338, 50.24272], [12.31406, 50.2265], [12.30869, 50.21709], [12.30558, 50.19931], [12.31437, 50.17621], [12.31437, 50.16733], [12.30042, 50.16081], [12.28336, 50.16221], [12.27323, 50.17234], [12.25432, 50.2174], [12.22993, 50.23482], [12.22983, 50.23905], [12.24244, 50.24835], [12.23964, 50.25657], [12.20378, 50.25957], [12.18921, 50.26246], [12.17805, 50.26877], [12.17412, 50.27657], [12.17443, 50.29373], [12.16854, 50.30298], [12.14931, 50.31171], [12.07614, 50.31517], [12.09919, 50.29977], [12.10725, 50.29089], [12.11097, 50.27662], [12.10911, 50.26381], [12.09206, 50.25482], [12.07955, 50.24272], [12.08989, 50.23084], [12.13929, 50.21104], [12.17505, 50.18262], [12.1827, 50.17074], [12.18559, 50.1557], [12.17856, 50.13296], [12.17918, 50.11798], [12.18787, 50.10283], [12.23251, 50.08051], [12.2414, 50.07064], [12.24688, 50.04496], [12.39922, 49.99276], [12.41452, 49.98305], [12.45131, 49.98057], [12.46816, 49.97023], [12.47074, 49.95561], [12.46382, 49.94212], [12.46268, 49.93127], [12.51787, 49.9122], [12.52407, 49.90496], [12.52097, 49.88553], [12.51291, 49.87024], [12.48986, 49.84269], [12.48252, 49.82724], [12.46247, 49.83122], [12.45638, 49.81712], [12.45266, 49.7797], [12.43674, 49.76926], [12.3954, 49.75789], [12.38362, 49.74286], [12.39891, 49.7195], [12.41958, 49.70022], [12.44924, 49.68503], [12.49637, 49.66999], [12.50464, 49.6594], [12.50536, 49.64612], [12.49689, 49.63387], [12.50743, 49.63], [12.50196, 49.61971], [12.51219, 49.61165], [12.53606, 49.60312], [12.5466, 49.59558], [12.55363, 49.58473], [12.56231, 49.55083], [12.58288, 49.5224], [12.59373, 49.51501], [12.61554, 49.51378], [12.62298, 49.50985], [12.62722, 49.46019], [12.63218, 49.44396], [12.64355, 49.42949], [12.66308, 49.4189], [12.70918, 49.40474], [12.72933, 49.39115], [12.76209, 49.34324], [12.77791, 49.33255], [12.79775, 49.32784], [12.85666, 49.32221], [12.87537, 49.32386], [12.87092, 49.33673], [12.88467, 49.33957], [12.93986, 49.32676], [12.98244, 49.29963], [12.99981, 49.29492], [13.01128, 49.26779], [13.04321, 49.24289], [13.05582, 49.23818], [13.14946, 49.15483], [13.1785, 49.11835], [13.20682, 49.1075], [13.26728, 49.10563], [13.28733, 49.10057], [13.29953, 49.09365], [13.32991, 49.06693], [13.37239, 49.03851], [13.38355, 49.02109], [13.38418, 48.99303], [13.39854, 48.97768], [13.42727, 48.95996], [13.48226, 48.93763], [13.5021, 48.96606], [13.51595, 48.97024], [13.53889, 48.96704], [13.59047, 48.94482], [13.60866, 48.94616], [13.61114, 48.92725], [13.62178, 48.90906], [13.63739, 48.89345], [13.65444, 48.88224], [13.67336, 48.87635], [13.71062, 48.87247], [13.72467, 48.8673], [13.74793, 48.84338], [13.79619, 48.77981], [13.81573, 48.76643], [13.78586, 48.72478]]], [[[14.19307, 53.91149], [14.17529, 53.90648], [14.19276, 53.89377], [14.20082, 53.87816], [14.08741, 53.87043], [14.06512, 53.87238], [14.04835, 53.87938], [14.02508, 53.86384], [13.99586, 53.85375], [13.93849, 53.84467], [13.87525, 53.84406], [13.8401, 53.85029], [13.82179, 53.86514], [13.85548, 53.87739], [13.88771, 53.88154], [13.92237, 53.89338], [13.93165, 53.89932], [13.93897, 53.92821], [13.90187, 53.96979], [13.90447, 53.99543], [13.95485, 53.9936], [13.97267, 53.98924], [13.96583, 53.98184], [13.96827, 53.97626], [13.9603, 53.95673], [13.95899, 53.94086], [13.97462, 53.95734], [13.98748, 53.96141], [14.02784, 53.96137], [14.01857, 53.95637], [14.01433, 53.94709], [14.04835, 53.94086], [14.04029, 53.95384], [14.05307, 53.97842], [14.05128, 54.00507], [14.03745, 54.02172], [14.01433, 54.01602], [14.0062, 54.03229], [13.9817, 54.05634], [13.96583, 54.06379], [13.94606, 54.0666], [13.92612, 54.06403], [13.91586, 54.05638], [13.92482, 54.04389], [13.92482, 54.03644], [13.90724, 54.02749], [13.89698, 54.01227], [13.89088, 54.01016], [13.85597, 54.00235], [13.85808, 54.01577], [13.87355, 54.02998], [13.87631, 54.03644], [13.8711, 54.04865], [13.86362, 54.04999], [13.82301, 54.03791], [13.7942, 54.01813], [13.7741, 54.02277], [13.78207, 54.04214], [13.80926, 54.0751], [13.81495, 54.10126], [13.80616, 54.11664], [13.76531, 54.14191], [13.75294, 54.15314], [13.76222, 54.16445], [13.7776, 54.17402], [13.79615, 54.17829], [13.81495, 54.17365], [13.85597, 54.11835], [13.8825, 54.10244], [14.01661, 54.06], [14.19239, 53.94611], [14.21005, 53.93846], [14.19307, 53.91149]]], [[[13.72486, 54.36359], [13.74195, 54.35049], [13.76645, 54.34492], [13.74008, 54.32982], [13.73015, 54.31684], [13.72316, 54.27839], [13.69093, 54.28352], [13.71193, 54.28657], [13.71599, 54.29328], [13.71193, 54.30394], [13.67945, 54.29401], [13.65113, 54.29719], [13.65113, 54.30394], [13.68824, 54.3133], [13.70362, 54.32046], [13.71193, 54.33185], [13.65992, 54.32978], [13.63673, 54.32551], [13.61695, 54.31761], [13.67213, 54.34032], [13.69093, 54.34492], [13.69093, 54.35175], [13.65008, 54.35244], [13.6268, 54.3391], [13.59929, 54.35175], [13.49968, 54.34492], [13.42888, 54.31094], [13.4061, 54.28522], [13.3816, 54.28221], [13.35963, 54.27546], [13.35572, 54.24873], [13.3694, 54.25556], [13.36964, 54.26065], [13.36313, 54.26301], [13.4109, 54.26789], [13.41774, 54.26606], [13.42506, 54.24323], [13.42303, 54.23273], [13.40724, 54.22822], [13.34702, 54.23745], [13.31153, 54.25113], [13.31951, 54.25641], [13.33522, 54.28352], [13.32057, 54.27839], [13.30787, 54.26919], [13.31471, 54.26301], [13.28419, 54.26284], [13.26791, 54.2565], [13.24244, 54.26919], [13.21013, 54.27582], [13.19923, 54.28441], [13.20485, 54.29719], [13.19028, 54.29975], [13.14967, 54.29027], [13.14283, 54.298], [13.14894, 54.30476], [13.16228, 54.30768], [13.1775, 54.30394], [13.1775, 54.31021], [13.11549, 54.33808], [13.12924, 54.35957], [13.14894, 54.37727], [13.17433, 54.38398], [13.20485, 54.37226], [13.21168, 54.3791], [13.22332, 54.3725], [13.23715, 54.37397], [13.26686, 54.38589], [13.25115, 54.38691], [13.23927, 54.39362], [13.23439, 54.40339], [13.23902, 54.42007], [13.22535, 54.42084], [13.2116, 54.4311], [13.20143, 54.43366], [13.15699, 54.42683], [13.18181, 54.45303], [13.25953, 54.46845], [13.25953, 54.47529], [13.27312, 54.48212], [13.23325, 54.49307], [13.22535, 54.50194], [13.23365, 54.50922], [13.23276, 54.51626], [13.18539, 54.50829], [13.16603, 54.51911], [13.15887, 54.54068], [13.1434, 54.54291], [13.16635, 54.54938], [13.24293, 54.55598], [13.25953, 54.55378], [13.2649, 54.5478], [13.28826, 54.53994], [13.29786, 54.51968], [13.30551, 54.52342], [13.30926, 54.53482], [13.30104, 54.55036], [13.33367, 54.57306], [13.3694, 54.58515], [13.35825, 54.56477], [13.34205, 54.55036], [13.35385, 54.54987], [13.36313, 54.54291], [13.34889, 54.52367], [13.37485, 54.52558], [13.3838, 54.53189], [13.38982, 54.54291], [13.36313, 54.55036], [13.36313, 54.5572], [13.37672, 54.56464], [13.41733, 54.52456], [13.4109, 54.50943], [13.43068, 54.49274], [13.45558, 54.48749], [13.50709, 54.48827], [13.49968, 54.49575], [13.50929, 54.50898], [13.52076, 54.51626], [13.52076, 54.52367], [13.5075, 54.54466], [13.49968, 54.55036], [13.49968, 54.5572], [13.52076, 54.56464], [13.52076, 54.57079], [13.50831, 54.57038], [13.48658, 54.5572], [13.44142, 54.5572], [13.42384, 54.57453], [13.39926, 54.57958], [13.36915, 54.61213], [13.34791, 54.60082], [13.3318, 54.58784], [13.30836, 54.57958], [13.27328, 54.56094], [13.25327, 54.56464], [13.24977, 54.57648], [13.25685, 54.59492], [13.26987, 54.6118], [13.28395, 54.61929], [13.29347, 54.64228], [13.29054, 54.64655], [13.24586, 54.6398], [13.23121, 54.63386], [13.22478, 54.63495], [13.22535, 54.64655], [13.23097, 54.65331], [13.25359, 54.66502], [13.3908, 54.68818], [13.41871, 54.68842], [13.44508, 54.68008], [13.44508, 54.6739], [13.39088, 54.65054], [13.38299, 54.63638], [13.386, 54.61864], [13.39454, 54.60444], [13.40772, 54.59341], [13.42457, 54.58515], [13.46632, 54.57689], [13.59596, 54.59138], [13.64047, 54.58568], [13.67066, 54.56623], [13.67726, 54.54047], [13.65113, 54.51626], [13.60678, 54.49897], [13.58481, 54.48652], [13.57545, 54.47187], [13.57911, 54.45506], [13.5879, 54.43757], [13.60955, 54.4138], [13.63006, 54.40754], [13.67742, 54.40082], [13.69825, 54.39208], [13.72486, 54.36359]]], [[[13.11891, 54.58641], [13.11313, 54.57005], [13.11215, 54.55069], [13.10255, 54.52993], [13.08107, 54.51716], [13.07504, 54.50943], [13.06959, 54.48965], [13.06821, 54.46845], [13.06137, 54.46845], [13.06422, 54.50511], [13.09555, 54.57079], [13.10231, 54.5961], [13.10963, 54.6031], [13.12599, 54.60562], [13.15105, 54.60493], [13.15724, 54.59907], [13.15707, 54.58796], [13.14967, 54.59138], [13.14967, 54.5777], [13.1434, 54.5777], [13.1434, 54.59813], [13.11891, 54.58641]]], [[[11.52858, 54.07746], [11.53395, 54.08487], [11.6019, 54.10415], [11.6159, 54.11213], [11.59897, 54.09805], [11.55274, 54.07306], [11.53956, 54.05695], [11.53395, 54.05695], [11.52858, 54.07746]]], [[[11.39039, 54.00458], [11.42661, 54.02293], [11.46803, 54.03095], [11.49789, 54.02277], [11.46827, 53.97069], [11.45769, 53.96137], [11.44532, 53.96113], [11.44451, 53.96809], [11.45143, 53.98554], [11.44703, 53.99714], [11.43873, 53.99726], [11.43328, 53.98876], [11.43775, 53.975], [11.42311, 53.96772], [11.40707, 53.96821], [11.37566, 53.98184], [11.39039, 54.00458]]], [[[11.31422, 54.4138], [11.18849, 54.42617], [11.17018, 54.42007], [11.17905, 54.41421], [11.13884, 54.41266], [11.11264, 54.41523], [11.10133, 54.42349], [11.10328, 54.44383], [11.09864, 54.45165], [11.05812, 54.45527], [11.04737, 54.45327], [11.03989, 54.44733], [11.03248, 54.44733], [11.02573, 54.45881], [11.00847, 54.45466], [11.00571, 54.46845], [11.0337, 54.50886], [11.07293, 54.53119], [11.12127, 54.53596], [11.20655, 54.51447], [11.23211, 54.50165], [11.31422, 54.4138]]], [[[8.95851, 54.52245], [8.95688, 54.50943], [8.93849, 54.49909], [8.91131, 54.47549], [8.88795, 54.46845], [8.84449, 54.4665], [8.8239, 54.47085], [8.81284, 54.48212], [8.82374, 54.48554], [8.82553, 54.4912], [8.81284, 54.50194], [8.84449, 54.51972], [8.87965, 54.52912], [8.9192, 54.53046], [8.96315, 54.52367], [8.95851, 54.52245]]], [[[8.6989, 54.55858], [8.70094, 54.54776], [8.69288, 54.52326], [8.66977, 54.5019], [8.64129, 54.49238], [8.61883, 54.49262], [8.60613, 54.49921], [8.59588, 54.51366], [8.60206, 54.52977], [8.62013, 54.53791], [8.6989, 54.55858]]], [[[8.3545, 54.91275], [8.38836, 54.89423], [8.43653, 54.88727], [8.65447, 54.89362], [8.62941, 54.88215], [8.50441, 54.88618], [8.46119, 54.8688], [8.44606, 54.86628], [8.37713, 54.86628], [8.37062, 54.86823], [8.36199, 54.87694], [8.34392, 54.8791], [8.30714, 54.86538], [8.30201, 54.86262], [8.29933, 54.85529], [8.29786, 54.8356], [8.29493, 54.83153], [8.29835, 54.77692], [8.29575, 54.7591], [8.2907, 54.74531], [8.28443, 54.74238], [8.27784, 54.75641], [8.27703, 54.78278], [8.28858, 54.8913], [8.29803, 54.91254], [8.37371, 55.03498], [8.41578, 55.06533], [8.46339, 55.05069], [8.40235, 55.04877], [8.39454, 55.04385], [8.42221, 55.04218], [8.43043, 55.03001], [8.42156, 55.01626], [8.38087, 55.00308], [8.36199, 54.9868], [8.35157, 54.96674], [8.36036, 54.94819], [8.3545, 54.91275]]], [[[8.55323, 54.75446], [8.57594, 54.74641], [8.59376, 54.7285], [8.59376, 54.72167], [8.58546, 54.71361], [8.57407, 54.6944], [8.56577, 54.68757], [8.53517, 54.68618], [8.51124, 54.69379], [8.4852, 54.68806], [8.45281, 54.69383], [8.39454, 54.71483], [8.41424, 54.73578], [8.43678, 54.74848], [8.46412, 54.75479], [8.55323, 54.75446]]], [[[8.38233, 54.63915], [8.40138, 54.63296], [8.38771, 54.62613], [8.35369, 54.61896], [8.33025, 54.63141], [8.29152, 54.66706], [8.32049, 54.69872], [8.33839, 54.71015], [8.36036, 54.71483], [8.36069, 54.71003], [8.33237, 54.69379], [8.38233, 54.63915]]], [[[8.13266, 53.73404], [8.15235, 53.73916], [8.17482, 53.73701], [8.19597, 53.72797], [8.17172, 53.72557], [8.15089, 53.7143], [8.13071, 53.71845], [8.12013, 53.7143], [8.12013, 53.72114], [8.13266, 53.73404]]], [[[7.8545, 53.78457], [7.8589, 53.79092], [7.89763, 53.79629], [7.92897, 53.79255], [7.95558, 53.7829], [7.87526, 53.7884], [7.87379, 53.77635], [7.8545, 53.78457]]], [[[7.92986, 54.1953], [7.93344, 54.18989], [7.91765, 54.187], [7.91236, 54.19229], [7.92986, 54.1953]]], [[[7.89918, 54.17817], [7.89772, 54.18232], [7.87989, 54.19391], [7.89454, 54.19465], [7.90064, 54.19066], [7.90414, 54.18041], [7.89918, 54.17817]]], [[[7.68629, 53.78099], [7.72828, 53.78657], [7.81284, 53.78315], [7.81284, 53.77635], [7.79859, 53.77635], [7.74822, 53.76093], [7.71949, 53.75991], [7.695, 53.76952], [7.67709, 53.7578], [7.66863, 53.75788], [7.6609, 53.76211], [7.68629, 53.78099]]], [[[7.60662, 53.7626], [7.62672, 53.75528], [7.62721, 53.75092], [7.5477, 53.75043], [7.51393, 53.74551], [7.51124, 53.72797], [7.48194, 53.72712], [7.47299, 53.73188], [7.46957, 53.74535], [7.47462, 53.75682], [7.48699, 53.76142], [7.60662, 53.7626]]], [[[7.38307, 53.73485], [7.40349, 53.73672], [7.42262, 53.7342], [7.43556, 53.72797], [7.43238, 53.72407], [7.42124, 53.72114], [7.3812, 53.7285], [7.36655, 53.72797], [7.38307, 53.73485]]], [[[7.17897, 53.72407], [7.23292, 53.72944], [7.3462, 53.72797], [7.34669, 53.72321], [7.29575, 53.71101], [7.17359, 53.7014], [7.13315, 53.70808], [7.17897, 53.72407]]], [[[6.91082, 53.68366], [7.04705, 53.69416], [7.08546, 53.687], [6.87379, 53.67276], [6.91082, 53.68366]]], [[[6.77564, 53.60248], [6.72242, 53.59077], [6.72242, 53.58462], [6.7422, 53.57836], [6.75652, 53.56289], [6.72609, 53.57713], [6.69508, 53.5703], [6.67709, 53.57563], [6.66334, 53.58735], [6.65952, 53.59911], [6.67115, 53.60444], [6.74733, 53.61835], [6.78468, 53.62006], [6.79811, 53.60444], [6.77564, 53.60248]]]]}}]}