{"type": "FeatureCollection", "features": [{"type": "Feature", "properties": {"map_title": "아시리아와 아케메네스 왕조 페르시아의 영역", "source": "미래엔 세계사 교과서 1권 40쪽", "volume": 1, "page": 40, "name": "아케메네스 왕조 페르시아", "name_en": "Achaemenid Empire", "period": "기원전 6세기 후반~기원전 5세기 초(최대)", "kind": "국가", "legend": "아케메네스 왕조 페르시아의 최대 영역", "coast_snap": "Natural Earth 10m 해안선에 맞춤", "border_snap": "현대 국경(Natural Earth 10m)에 맞춘 구간 약 1680 km", "group": "아케메네스 왕조 페르시아", "map_folder": "1권_p040_아시리아와 아케메네스 왕조 페르시아의 영역"}, "geometry": {"type": "MultiPolygon", "coordinates": [[[[25.98373, 36.88428], [25.97165, 36.92336], [25.99024, 36.93073], [25.99839, 36.9389], [26.00586, 36.9389], [26.03541, 36.91299], [26.07422, 36.89801], [26.0747, 36.8933], [26.06739, 36.89119], [26.05014, 36.89696], [26.01596, 36.88948], [26.00587, 36.89118], [25.98082, 36.87315], [25.98373, 36.88428]]], [[[25.81915, 37.13091], [25.83463, 37.13758], [25.82838, 37.12397], [25.84204, 37.11029], [25.83813, 37.10444], [25.81915, 37.13091]]], [[[26.10285, 37.31538], [26.05606, 37.31416], [26.0326, 37.31038], [26.01473, 37.30308], [25.95973, 37.27105], [25.92502, 37.2618], [25.90637, 37.2627], [25.88637, 37.26841], [25.85527, 37.2871], [25.84683, 37.30205], [25.8417, 37.33366], [25.83639, 37.34193], [25.81362, 37.35933], [25.78356, 37.36889], [25.74816, 37.37225], [25.70987, 37.3712], [25.57217, 37.35748], [25.53931, 37.35995], [25.51241, 37.36736], [25.49092, 37.37876], [25.47453, 37.39325], [25.46311, 37.40996], [25.45671, 37.42803], [25.45539, 37.44662], [25.45936, 37.46489], [25.48543, 37.46222], [25.53547, 37.47028], [25.66764, 37.5212], [25.73557, 37.53282], [25.7667, 37.53247], [25.82458, 37.52146], [25.87711, 37.49902], [25.89992, 37.48394], [25.96726, 37.42531], [25.98304, 37.41548], [26.02202, 37.40453], [26.09358, 37.40336], [26.12579, 37.3944], [26.14057, 37.38131], [26.14849, 37.36372], [26.14823, 37.34531], [26.13869, 37.32932], [26.12102, 37.31938], [26.10285, 37.31538]]], [[[25.16481, 37.64581], [25.19285, 37.64122], [25.2456, 37.62421], [25.23878, 37.61738], [25.25277, 37.60871], [25.25702, 37.58755], [25.15877, 37.64001], [25.16481, 37.64581]]], [[[24.94337, 37.84333], [24.98485, 37.81598], [24.9712, 37.80915], [24.97027, 37.79408], [24.85453, 37.82856], [24.76849, 37.87222], [24.68819, 37.93352], [24.69565, 37.93553], [24.69654, 37.94025], [24.69131, 37.95194], [24.69363, 37.96576], [24.70192, 37.97263], [24.75701, 37.99656], [24.77906, 38.00022], [24.7937, 37.99408], [24.79469, 37.97712], [24.8208, 37.97035], [24.83007, 37.96307], [24.83758, 37.92548], [24.8484, 37.91486], [24.87501, 37.90599], [24.95386, 37.90598], [24.96367, 37.89658], [24.94337, 37.84333]]], [[[24.59436, 38.0626], [24.59149, 38.05734], [24.56771, 38.10947], [24.5547, 38.15454], [24.58764, 38.15923], [24.57895, 38.10932], [24.57993, 38.08422], [24.59436, 38.0626]]], [[[25.95558, 38.42821], [25.94386, 38.45344], [25.9319, 38.4632], [25.8901, 38.47385], [25.87548, 38.4834], [25.83477, 38.52836], [25.83279, 38.54409], [25.8489, 38.58038], [25.99537, 38.60422], [26.06396, 38.59002], [26.10825, 38.54279], [26.11541, 38.55516], [26.12192, 38.55646], [26.12135, 38.56232], [26.11575, 38.5633], [26.13071, 38.56719], [26.14356, 38.56439], [26.16357, 38.54279], [26.15089, 38.53042], [26.14437, 38.49291], [26.12192, 38.48754], [26.12973, 38.47846], [26.14242, 38.47394], [26.1364, 38.46772], [26.15405, 38.46726], [26.15454, 38.46089], [26.14243, 38.4466], [26.13933, 38.41889], [26.14991, 38.34357], [26.16357, 38.30265], [26.13705, 38.29963], [26.11354, 38.28425], [26.10222, 38.26171], [26.11206, 38.23749], [26.11206, 38.22261], [26.04005, 38.20018], [26.02572, 38.16693], [26.0197, 38.15926], [26.00978, 38.15674], [25.96462, 38.17187], [25.94239, 38.19497], [25.9341, 38.19551], [25.9245, 38.20312], [25.91041, 38.22696], [25.88984, 38.22067], [25.88982, 38.24799], [25.8733, 38.23974], [25.86607, 38.24568], [25.87625, 38.27529], [25.88615, 38.28196], [25.91725, 38.28897], [25.93426, 38.30263], [25.96437, 38.30264], [25.97561, 38.33722], [25.9922, 38.34357], [25.98701, 38.35481], [25.98536, 38.39204], [25.97805, 38.38517], [25.96746, 38.3985], [25.95071, 38.40567], [25.95631, 38.41454], [25.95558, 38.42821]]], [[[24.94072, 38.36781], [24.88205, 38.30569], [24.85243, 38.28179], [24.83627, 38.27337], [24.81939, 38.26899], [24.80182, 38.26989], [24.78638, 38.27598], [24.76098, 38.29277], [24.74787, 38.30815], [24.74422, 38.32255], [24.74749, 38.33616], [24.78042, 38.38428], [24.78262, 38.41165], [24.77203, 38.46503], [24.75681, 38.49774], [24.73226, 38.52349], [24.71208, 38.53667], [24.5833, 38.60252], [24.57398, 38.61496], [24.56265, 38.66119], [24.67248, 38.6625], [24.7209, 38.65854], [24.77172, 38.65008], [24.82132, 38.63721], [24.86528, 38.62069], [24.89896, 38.6014], [24.93707, 38.56692], [24.96242, 38.53197], [24.97601, 38.49709], [24.97914, 38.4627], [24.9733, 38.4293], [24.95999, 38.39743], [24.94072, 38.36781]]], [[[25.51766, 38.55222], [25.5229, 38.54581], [25.52311, 38.53287], [25.51815, 38.52913], [25.49376, 38.53222], [25.50783, 38.55259], [25.51766, 38.55222]]], [[[25.52322, 38.5974], [25.53297, 38.60687], [25.54664, 38.5974], [25.56007, 38.60931], [25.58082, 38.60423], [25.58082, 38.61171], [25.58887, 38.61171], [25.62231, 38.5838], [25.62263, 38.57892], [25.61492, 38.57697], [25.60498, 38.53536], [25.57154, 38.54125], [25.56081, 38.53536], [25.5608, 38.5633], [25.52322, 38.5974]]], [[[25.1776, 38.73255], [25.08975, 38.75857], [24.75436, 38.82749], [24.77128, 38.82855], [24.88596, 38.81755], [24.86286, 38.82487], [24.79198, 38.83714], [24.68488, 38.85057], [24.6221, 38.85042], [24.66325, 38.82664], [24.68286, 38.80067], [24.68286, 38.78425], [24.67026, 38.78172], [24.65747, 38.76924], [24.65024, 38.76823], [24.64226, 38.77558], [24.62525, 38.76924], [24.6136, 38.77328], [24.60076, 38.79267], [24.59474, 38.79157], [24.57, 38.77814], [24.56665, 38.76254], [24.53242, 38.79608], [24.57399, 38.80976], [24.56381, 38.83857], [24.55698, 38.84569], [24.54039, 38.83699], [24.53696, 38.84821], [24.52833, 38.85155], [24.50515, 38.84449], [24.50522, 38.85505], [24.48261, 38.86279], [24.48122, 38.86718], [24.47618, 38.86947], [24.48026, 38.8702], [24.47779, 38.878], [24.47096, 38.87117], [24.4546, 38.88483], [24.43622, 38.87802], [24.43899, 38.89728], [24.46217, 38.91096], [24.45729, 38.94035], [24.46112, 38.96767], [24.47121, 38.97686], [24.49146, 38.98101], [24.56043, 38.94431], [24.57397, 38.9326], [24.57252, 38.8985], [24.57862, 38.87556], [24.59406, 38.86663], [24.69269, 38.86089], [24.78871, 38.84988], [25.04932, 38.8168], [25.12333, 38.80266], [25.14155, 38.79622], [25.15091, 38.78717], [25.1821, 38.77525], [25.31401, 38.7412], [25.38717, 38.7082], [25.53569, 38.66083], [25.56452, 38.64323], [25.56164, 38.63808], [25.52659, 38.63594], [25.43428, 38.64962], [25.35485, 38.67113], [25.1776, 38.73255]]], [[[24.36972, 38.84308], [24.37174, 38.8337], [24.36769, 38.83499], [24.35775, 38.82752], [24.34264, 38.83406], [24.35588, 38.85052], [24.36972, 38.84308]]], [[[23.88412, 38.97916], [23.89935, 38.98832], [23.91794, 38.98979], [23.92914, 38.98269], [23.92831, 38.97186], [23.91606, 38.96266], [23.8973, 38.96006], [23.87758, 38.965], [23.88412, 38.97916]]], [[[24.13748, 39.10748], [24.13456, 39.0862], [24.12887, 39.07957], [24.11915, 39.07656], [24.11128, 39.07909], [24.08786, 39.11773], [24.08152, 39.12247], [24.07383, 39.11995], [24.06429, 39.10796], [24.04893, 39.05981], [24.04361, 39.05504], [24.03585, 39.05452], [24.02494, 39.05944], [24.01836, 39.06629], [24.01033, 39.10216], [23.98854, 39.12572], [23.98135, 39.13944], [23.98382, 39.18542], [23.96879, 39.24014], [23.965, 39.27091], [23.96868, 39.28325], [23.98299, 39.2933], [23.99332, 39.29007], [24.01666, 39.27208], [24.0346, 39.27028], [24.05226, 39.27782], [24.06437, 39.27872], [24.07428, 39.27335], [24.09341, 39.25491], [24.10352, 39.25103], [24.11605, 39.25504], [24.1582, 39.29084], [24.16682, 39.29408], [24.17298, 39.29185], [24.17543, 39.28236], [24.1689, 39.24936], [24.13691, 39.17118], [24.13423, 39.14667], [24.13748, 39.10748]]], [[[23.49869, 39.19781], [23.43236, 39.1833], [23.47047, 39.2138], [23.49869, 39.19781]]], [[[24.54515, 39.34799], [24.5455, 39.33078], [24.5403, 39.31559], [24.51844, 39.29135], [24.4773, 39.27088], [24.44833, 39.26672], [24.41331, 39.27494], [24.36677, 39.29825], [24.31329, 39.31111], [24.29814, 39.31975], [24.28747, 39.33329], [24.28311, 39.35368], [24.28705, 39.38324], [24.29743, 39.41027], [24.31146, 39.42718], [24.32819, 39.43571], [24.3467, 39.43782], [24.40318, 39.42826], [24.44805, 39.42592], [24.48198, 39.41498], [24.51438, 39.39526], [24.52782, 39.38225], [24.53812, 39.36723], [24.54515, 39.34799]]], [[[24.99789, 39.5502], [24.99449, 39.55817], [25.00319, 39.56321], [25.01221, 39.56386], [25.04736, 39.54535], [25.04036, 39.52058], [24.9917, 39.467], [24.98489, 39.467], [24.97369, 39.51443], [24.97659, 39.53766], [24.99789, 39.5502]]], [[[25.92846, 39.82166], [25.97884, 39.83497], [25.98602, 39.84222], [26.05111, 39.84405], [26.06056, 39.83759], [26.07715, 39.84466], [26.08301, 39.83474], [26.0817, 39.8], [26.07495, 39.78491], [26.0591, 39.78609], [26.02613, 39.80183], [26.02639, 39.78232], [26.01183, 39.73059], [25.99878, 39.70755], [25.99262, 39.70354], [25.97366, 39.70172], [25.92036, 39.70946], [25.90045, 39.77193], [25.89961, 39.79589], [25.90364, 39.80468], [25.92846, 39.82166]]], [[[25.06756, 39.99685], [25.13233, 40.00885], [25.14234, 40.00677], [25.15626, 39.99527], [25.22511, 40.00885], [25.24732, 40.00242], [25.2608, 39.99108], [25.28712, 39.96109], [25.28517, 39.95336], [25.30698, 39.96003], [25.34799, 39.98159], [25.34816, 39.99049], [25.38209, 40.02252], [25.41285, 40.02253], [25.44984, 40.03617], [25.43678, 40.02253], [25.43678, 40.0163], [25.44271, 40.01504], [25.44986, 39.98843], [25.40162, 39.96377], [25.38559, 39.9444], [25.38891, 39.91951], [25.36411, 39.91722], [25.34799, 39.90644], [25.36846, 39.89899], [25.34165, 39.88386], [25.34034, 39.87421], [25.35546, 39.86554], [25.34278, 39.85464], [25.36987, 39.81713], [25.35548, 39.81025], [25.34896, 39.78768], [25.29527, 39.80769], [25.29029, 39.83076], [25.27313, 39.83569], [25.2566, 39.8559], [25.23881, 39.85806], [25.26173, 39.87043], [25.2798, 39.88911], [25.27516, 39.90363], [25.25066, 39.91852], [25.23878, 39.9195], [25.19711, 39.89281], [25.21388, 39.89179], [25.22508, 39.88541], [25.20729, 39.88312], [25.19418, 39.8736], [25.17726, 39.84504], [25.19092, 39.85187], [25.2019, 39.84126], [25.22102, 39.80996], [25.21452, 39.80342], [25.17506, 39.80704], [25.14326, 39.81709], [25.16993, 39.84846], [25.16489, 39.85908], [25.15382, 39.85578], [25.13573, 39.8376], [25.12893, 39.8376], [25.12208, 39.85806], [25.04707, 39.8376], [25.05398, 39.8491], [25.06739, 39.85806], [25.04706, 39.86555], [25.04706, 39.87856], [25.05991, 39.8854], [25.05325, 39.89899], [25.06739, 39.90644], [25.05992, 39.90644], [25.06821, 39.9208], [25.04706, 39.94746], [25.04542, 39.98469], [25.03339, 39.98844], [25.03339, 39.99526], [25.06756, 39.99685]]], [[[24.32528, 39.82905], [24.31523, 39.85874], [24.29047, 39.97653], [24.35063, 40.02704], [24.37402, 40.03897], [24.38287, 40.03828], [24.40536, 40.01839], [24.42814, 39.98286], [24.44519, 39.94006], [24.45075, 39.8988], [24.44085, 39.87198], [24.41955, 39.8469], [24.37523, 39.81296], [24.35554, 39.81078], [24.33452, 39.81894], [24.32528, 39.82905]]], [[[25.96805, 40.13084], [25.9004, 40.12275], [25.85629, 40.10786], [25.76629, 40.09719], [25.74555, 40.09828], [25.72098, 40.1049], [25.70436, 40.1153], [25.66327, 40.12617], [25.66327, 40.13239], [25.68605, 40.16064], [25.71902, 40.18719], [25.75905, 40.20672], [25.82692, 40.21662], [25.92623, 40.2428], [25.93824, 40.24163], [25.95786, 40.22309], [25.97184, 40.22113], [25.9673, 40.19326], [25.97184, 40.17276], [25.96306, 40.15713], [25.97291, 40.15322], [26.0122, 40.16656], [26.0122, 40.14607], [25.96805, 40.13084]]], [[[23.88374, 40.33108], [23.89513, 40.33888], [23.91179, 40.34108], [23.92001, 40.3229], [23.94181, 40.31407], [23.9414, 40.31009], [23.88739, 40.32666], [23.88374, 40.33108]]], [[[25.44355, 40.48187], [25.46455, 40.48287], [25.54637, 40.51525], [25.57611, 40.51466], [25.6565, 40.49615], [25.67218, 40.48728], [25.68864, 40.475], [25.6975, 40.461], [25.69068, 40.4477], [25.69531, 40.43269], [25.68262, 40.42309], [25.58943, 40.39822], [25.56715, 40.3999], [25.53257, 40.41503], [25.46633, 40.45576], [25.44355, 40.48187]]], [[[24.7693, 40.68342], [24.7658, 40.66966], [24.78239, 40.62018], [24.78011, 40.61222], [24.75571, 40.61994], [24.74419, 40.60838], [24.68181, 40.59496], [24.64227, 40.57064], [24.615, 40.59858], [24.60077, 40.59859], [24.60076, 40.61221], [24.58676, 40.62202], [24.55258, 40.63036], [24.53078, 40.63094], [24.51679, 40.63911], [24.51199, 40.66681], [24.51846, 40.69294], [24.53339, 40.7182], [24.56667, 40.75556], [24.64226, 40.80393], [24.67457, 40.79169], [24.73143, 40.78359], [24.74383, 40.75935], [24.77517, 40.74889], [24.78637, 40.73506], [24.76547, 40.73432], [24.75929, 40.72338], [24.76661, 40.71149], [24.78638, 40.70782], [24.78638, 40.68794], [24.7693, 40.68342]]], [[[23.98659, 40.73213], [23.87403, 40.77765], [23.84205, 40.78335], [23.80926, 40.78042], [23.74068, 40.75517], [23.7107, 40.73762], [23.69703, 40.72142], [23.69174, 40.69538], [23.70021, 40.67365], [23.71803, 40.65868], [23.75578, 40.64549], [23.78649, 40.60637], [23.79265, 40.58796], [23.83351, 40.56379], [23.84669, 40.56029], [23.88884, 40.56378], [23.89527, 40.55305], [23.91487, 40.53888], [23.91552, 40.52961], [23.90723, 40.52539], [23.83823, 40.51874], [23.82301, 40.50698], [23.81902, 40.48774], [23.82667, 40.46137], [23.87375, 40.41067], [23.91554, 40.38935], [23.96388, 40.37946], [24.00245, 40.38638], [24.01173, 40.39248], [24.01157, 40.40184], [23.99124, 40.43407], [23.99871, 40.44086], [23.99125, 40.44769], [24.0114, 40.44915], [24.0288, 40.43207], [24.05323, 40.39248], [24.08579, 40.36603], [24.1089, 40.35741], [24.12843, 40.36517], [24.17985, 40.3515], [24.20395, 40.31737], [24.23361, 40.31671], [24.26651, 40.2888], [24.32307, 40.22608], [24.3833, 40.17914], [24.39358, 40.15235], [24.36109, 40.1324], [24.31861, 40.12471], [24.29999, 40.12809], [24.28293, 40.16232], [24.2383, 40.187], [24.16896, 40.2753], [24.12843, 40.29003], [24.04787, 40.30119], [24.01922, 40.3105], [23.99384, 40.32393], [23.95065, 40.35584], [23.92262, 40.36933], [23.88502, 40.36519], [23.83351, 40.37202], [23.78223, 40.3527], [23.75961, 40.3492], [23.73048, 40.35895], [23.69972, 40.32636], [23.69361, 40.30923], [23.69565, 40.29291], [23.71632, 40.25532], [23.75765, 40.23167], [23.76433, 40.2154], [23.77858, 40.2027], [23.86769, 40.17276], [23.88022, 40.17632], [23.89673, 40.17132], [23.94068, 40.14155], [23.98023, 40.13067], [23.99121, 40.11872], [23.98999, 40.11002], [23.97739, 40.10049], [23.97755, 40.09081], [24.00114, 40.07493], [24.00488, 40.06721], [24.00169, 40.05878], [23.98422, 40.05362], [23.98683, 40.04218], [23.99342, 40.03754], [24.01171, 40.04364], [24.01222, 40.02656], [24.0192, 40.0163], [23.99252, 39.99885], [23.98805, 39.98998], [23.9987, 39.98159], [23.9987, 39.97477], [23.97934, 39.97431], [23.9699, 39.96808], [23.97283, 39.96186], [23.9912, 39.96109], [23.99121, 39.95361], [23.93995, 39.95247], [23.9197, 39.95637], [23.92286, 39.97476], [23.90066, 39.97119], [23.89765, 39.97793], [23.90252, 39.98843], [23.86086, 40.00581], [23.85621, 40.01675], [23.8449, 40.02412], [23.83123, 40.02652], [23.82407, 40.02192], [23.82664, 40.00892], [23.78526, 40.06699], [23.7933, 40.09382], [23.77834, 40.10164], [23.7645, 40.12617], [23.67547, 40.21792], [23.64177, 40.23542], [23.5403, 40.24479], [23.48414, 40.2696], [23.43849, 40.2792], [23.39829, 40.27774], [23.365, 40.2617], [23.3401, 40.22797], [23.33766, 40.20844], [23.36362, 40.15046], [23.40083, 40.14383], [23.46925, 40.06708], [23.49887, 40.0423], [23.60271, 39.99848], [23.67025, 39.98606], [23.67596, 39.96109], [23.69728, 39.9405], [23.74787, 39.93048], [23.73998, 39.92318], [23.70314, 39.91268], [23.61647, 39.92333], [23.47096, 39.97162], [23.44654, 39.97476], [23.36063, 39.9611], [23.3816, 40.00267], [23.36069, 40.03263], [23.35271, 40.05707], [23.31659, 40.08886], [23.30593, 40.10448], [23.31959, 40.13679], [23.32456, 40.17495], [23.31861, 40.21052], [23.29908, 40.23542], [23.25864, 40.25312], [23.19956, 40.26627], [23.16619, 40.27985], [23.14894, 40.27645], [23.09693, 40.3061], [23.02916, 40.32576], [23.01092, 40.35122], [22.96388, 40.37946], [22.9275, 40.3885], [22.88822, 40.38631], [22.89772, 40.40204], [22.88966, 40.41836], [22.86022, 40.4477], [22.86744, 40.44945], [22.8672, 40.45392], [22.83092, 40.48579], [22.82164, 40.50214], [22.84352, 40.50917], [22.94158, 40.51716], [22.98317, 40.55268], [22.9769, 40.57062], [22.94176, 40.58735], [22.94956, 40.60541], [22.93377, 40.63093], [22.91049, 40.6446], [22.88307, 40.64728], [22.85402, 40.63947], [22.86108, 40.62055], [22.85864, 40.60529], [22.84033, 40.5843], [22.81592, 40.57063], [22.79567, 40.5708], [22.77833, 40.57807], [22.75856, 40.56778], [22.74594, 40.55524], [22.74252, 40.54035], [22.75032, 40.52278], [22.73666, 40.52961], [22.73665, 40.51534], [22.73048, 40.51534], [22.73048, 40.52277], [22.72316, 40.52277], [22.71871, 40.511], [22.68898, 40.52278], [22.68849, 40.52749], [22.67351, 40.52684], [22.65772, 40.51667], [22.65626, 40.50454], [22.67527, 40.49617], [22.65968, 40.49291], [22.65072, 40.47282], [22.6268, 40.48188], [22.60288, 40.48127], [22.57911, 40.46821], [22.60376, 40.44399], [22.60872, 40.42817], [22.60646, 40.41356], [22.63998, 40.38369], [22.65836, 40.37945], [22.66113, 40.36905], [22.62062, 40.31049], [22.59034, 40.24164], [22.59082, 40.23017], [22.5525, 40.16657], [22.54965, 40.14387], [22.56771, 40.1105], [22.57287, 40.08794], [22.5713, 40.05427], [22.58765, 40.0449], [22.60027, 40.0163], [22.66717, 39.97435], [22.69092, 39.96816], [22.69858, 39.96088], [22.70785, 39.96136], [22.71013, 39.93378], [22.73048, 39.8854], [22.77866, 39.84984], [22.80132, 39.84016], [22.84051, 39.8032], [22.85874, 39.77298], [22.87175, 39.71581], [22.90194, 39.65864], [22.92514, 39.59951], [22.93946, 39.58063], [23.00489, 39.5434], [23.05591, 39.52724], [23.09763, 39.50157], [23.11411, 39.46699], [23.12566, 39.45441], [23.21094, 39.37933], [23.22381, 39.35859], [23.27132, 39.32294], [23.29225, 39.26899], [23.34228, 39.19261], [23.34375, 39.17964], [23.3223, 39.16664], [23.20662, 39.15753], [23.21713, 39.17963], [23.17556, 39.23428], [23.17986, 39.2508], [23.16912, 39.26854], [23.11549, 39.30744], [23.09816, 39.3122], [23.02053, 39.31754], [23.01857, 39.33047], [22.99806, 39.35712], [22.93588, 39.36058], [22.94287, 39.34415], [22.93279, 39.336], [22.92905, 39.3242], [22.93214, 39.3122], [22.94286, 39.30317], [22.84254, 39.28848], [22.83075, 39.27674], [22.75856, 39.30114], [22.72086, 39.31867], [22.6462, 39.3665], [22.61741, 39.39053], [22.5692, 39.44364], [22.52706, 39.51769], [22.51276, 39.55513], [22.50249, 39.60459], [22.49673, 39.6101], [22.42696, 39.60839], [22.39947, 39.62442], [22.39004, 39.61878], [22.39073, 39.60906], [22.33391, 39.59268], [22.25413, 39.58399], [22.20384, 39.58766], [22.13068, 39.60541], [22.03609, 39.64634], [21.8385, 39.75496], [21.7177, 39.81305], [21.66022, 39.84811], [21.60019, 39.90429], [21.56747, 39.95122], [21.5521, 39.99866], [21.54813, 40.0556], [21.55296, 40.14265], [21.56318, 40.19194], [21.57927, 40.23854], [21.62751, 40.32447], [21.69608, 40.40665], [21.77661, 40.48568], [21.90429, 40.59953], [21.99809, 40.66477], [22.04801, 40.69095], [22.09891, 40.71079], [22.18529, 40.73422], [22.32649, 40.76203], [22.40825, 40.78405], [22.64521, 40.87861], [22.88798, 40.95981], [23.12999, 41.0312], [23.35177, 41.08243], [23.64566, 41.13187], [24.04734, 41.24503], [24.18211, 41.27331], [24.31194, 41.28838], [24.35308, 41.28838], [24.58044, 41.44052], [24.59584, 41.42977], [24.64431, 41.42765], [24.63822, 41.41768], [24.6809, 41.41551], [24.6992, 41.40895], [24.71873, 41.39572], [24.75263, 41.36275], [24.77444, 41.34807], [24.79428, 41.3474], [24.80286, 41.36192], [24.80017, 41.37934], [24.80327, 41.39267], [24.84213, 41.39473], [24.87293, 41.40187], [24.88637, 41.40063], [24.91696, 41.38636], [25.08036, 41.33407], [25.10186, 41.33665], [25.11653, 41.32074], [25.15788, 41.30611], [25.1771, 41.29386], [25.21968, 41.24973], [25.23911, 41.2409], [25.26226, 41.2381], [25.28572, 41.2394], [25.45346, 41.28043], [25.4791, 41.28379], [25.50509, 41.28058], [25.51491, 41.28348], [25.52369, 41.29169], [25.53796, 41.31221], [25.55149, 41.31567], [25.63976, 41.31107], [25.67996, 41.29717], [25.69123, 41.29841], [25.71748, 41.31412], [25.72874, 41.31707], [25.76347, 41.31903], [25.81101, 41.34104], [25.83334, 41.33464], [25.86269, 41.31009], [25.88202, 41.30404], [25.89628, 41.30626], [25.92119, 41.31603], [25.95963, 41.315], [25.98253, 41.3234], [26.12279, 41.18753], [26.13272, 41.18999], [26.23539, 41.37266], [26.29921, 41.62922], [26.30359, 41.71657], [26.2891, 41.93456], [26.29306, 42.00516], [26.3105, 42.07982], [26.3466, 42.16216], [26.40743, 42.25738], [26.47574, 42.34103], [26.55495, 42.42224], [26.64269, 42.50152], [27.2781, 43.00202], [27.54538, 43.2317], [27.86001, 43.53464], [27.92489, 43.60533], [28.06027, 43.8151], [28.01481, 43.83004], [27.98101, 43.84934], [27.93585, 43.9644], [27.91207, 43.99334], [28.13279, 44.15583], [28.13655, 44.20767], [28.13128, 44.30986], [28.13842, 44.36576], [28.16552, 44.44368], [28.18874, 44.4847], [28.22994, 44.53663], [28.23124, 44.60015], [28.25728, 44.68576], [28.46685, 44.83559], [28.54777, 44.87479], [28.6373, 44.90198], [28.73192, 44.91637], [28.82928, 44.91759], [28.87435, 44.91156], [28.87467, 44.89912], [28.86354, 44.89155], [28.86647, 44.88264], [28.88152, 44.8697], [28.90405, 44.86273], [28.95238, 44.82665], [28.93971, 44.81688], [28.92498, 44.81306], [28.93873, 44.806], [28.93872, 44.79878], [28.92628, 44.79295], [28.92547, 44.78368], [28.94611, 44.7652], [28.92414, 44.75785], [28.86883, 44.75357], [28.79835, 44.7202], [28.78712, 44.6933], [28.79371, 44.68789], [28.80834, 44.69633], [28.8042, 44.68424], [28.78541, 44.67967], [28.78403, 44.64924], [28.79249, 44.64472], [28.84555, 44.65156], [28.86948, 44.66181], [28.91196, 44.69636], [28.89774, 44.71677], [28.96745, 44.70098], [28.98341, 44.69261], [28.98755, 44.67528], [28.97933, 44.65535], [28.96228, 44.63957], [28.93902, 44.63433], [28.97267, 44.67023], [28.97535, 44.68684], [28.9524, 44.69636], [28.95777, 44.67878], [28.93873, 44.67525], [28.91822, 44.68268], [28.90454, 44.66841], [28.85417, 44.63436], [28.77418, 44.60078], [28.79469, 44.63426], [28.76694, 44.63373], [28.75782, 44.62678], [28.75367, 44.61376], [28.76677, 44.61375], [28.76059, 44.60371], [28.76442, 44.59589], [28.78781, 44.58649], [28.74806, 44.57779], [28.73268, 44.56786], [28.73268, 44.55231], [28.74692, 44.56599], [28.77416, 44.55231], [28.75343, 44.5135], [28.74562, 44.48615], [28.75026, 44.4667], [28.75847, 44.46528], [28.77198, 44.48371], [28.77835, 44.50739], [28.80836, 44.52505], [28.85565, 44.56768], [28.89243, 44.57705], [28.90626, 44.58771], [28.92494, 44.62046], [28.9095, 44.58397], [28.844, 44.49373], [28.79672, 44.46792], [28.70655, 44.38105], [28.69312, 44.34615], [28.68019, 44.35334], [28.6644, 44.34837], [28.65121, 44.34003], [28.6351, 44.31639], [28.63103, 44.26435], [28.66513, 44.19947], [28.66489, 44.1756], [28.67168, 44.16872], [28.65838, 44.17446], [28.64584, 44.17202], [28.63087, 44.15449], [28.67171, 43.99738], [28.66, 43.9798], [28.63769, 43.91865], [28.60939, 43.8745], [28.58448, 43.80085], [28.58919, 43.79133], [28.57618, 43.72752], [28.57309, 43.60615], [28.57553, 43.59333], [28.6027, 43.55272], [28.60351, 43.53815], [28.57832, 43.48057], [28.5603, 43.45385], [28.47926, 43.3968], [28.47314, 43.36688], [28.45948, 43.38068], [28.41457, 43.39888], [28.39381, 43.41429], [28.32163, 43.42829], [28.24317, 43.40779], [28.15724, 43.40778], [28.11883, 43.39155], [28.09156, 43.36396], [28.0312, 43.24916], [28.01758, 43.23274], [28.00017, 43.22322], [27.90398, 43.20234], [27.90398, 43.1955], [27.94555, 43.16885], [27.91137, 43.06518], [27.88771, 43.04214], [27.88356, 43.03099], [27.90397, 42.94229], [27.89845, 42.87466], [27.90397, 42.85969], [27.88396, 42.84838], [27.88356, 42.83194], [27.89714, 42.784], [27.89225, 42.71053], [27.84108, 42.70833], [27.78736, 42.71516], [27.73268, 42.7145], [27.719, 42.69457], [27.71697, 42.67451], [27.73947, 42.66108], [27.64674, 42.64057], [27.62843, 42.62897], [27.63038, 42.60273], [27.65013, 42.55807], [27.63404, 42.56371], [27.54086, 42.5655], [27.51148, 42.55305], [27.48015, 42.48291], [27.46225, 42.48957], [27.45289, 42.48013], [27.45338, 42.46524], [27.46567, 42.45563], [27.46111, 42.44355], [27.46567, 42.42829], [27.47267, 42.46185], [27.50392, 42.43732], [27.51417, 42.43513], [27.54444, 42.46001], [27.56202, 42.44819], [27.57106, 42.45847], [27.59555, 42.44819], [27.62941, 42.45864], [27.64331, 42.45563], [27.63648, 42.44819], [27.65219, 42.41852], [27.66773, 42.41608], [27.69165, 42.42827], [27.69907, 42.41389], [27.71899, 42.41469], [27.71899, 42.40722], [27.69801, 42.40038], [27.70541, 42.39061], [27.71898, 42.3867], [27.70948, 42.37678], [27.71437, 42.34919], [27.72584, 42.33894], [27.74041, 42.3343], [27.78043, 42.33892], [27.77442, 42.32172], [27.78783, 42.31098], [27.76295, 42.2956], [27.75115, 42.27705], [27.75587, 42.25849], [27.78043, 42.24335], [27.77369, 42.23591], [27.80973, 42.2184], [27.83139, 42.19501], [27.85619, 42.1813], [27.84938, 42.16706], [27.87907, 42.15424], [27.88972, 42.13825], [27.87732, 42.12311], [27.85223, 41.99545], [27.808, 41.99348], [27.80273, 41.96005], [27.81828, 41.95287], [27.81534, 41.94679], [27.78981, 41.94269], [27.72397, 41.9676], [27.68707, 41.9686], [27.6093, 41.95349], [27.60336, 41.93863], [27.59054, 41.94289], [27.5722, 41.92985], [27.55075, 41.92421], [27.56067, 41.91768], [27.54889, 41.91088], [27.56274, 41.90644], [27.54641, 41.90116], [27.53318, 41.90806], [27.50946, 41.93318], [27.49432, 41.94284], [27.42084, 41.97372], [27.39686, 41.98932], [27.37484, 42.0087], [27.33247, 42.05743], [27.30529, 42.07759], [27.27335, 42.09175], [27.23821, 42.09792], [27.2164, 42.09562], [27.2038, 42.08813], [27.18158, 42.06588], [27.17816, 42.05836], [27.17382, 42.05707], [27.14959, 42.06183], [27.11605, 42.06183], [27.0837, 42.07842], [27.06551, 42.0827], [27.04654, 42.08294], [27.02262, 42.07389], [27.0004, 42.04281], [26.96717, 42.0285], [26.9389, 41.99622], [26.91146, 41.99679], [26.90108, 41.99348], [26.89033, 41.98542], [26.86077, 41.9879], [26.81943, 41.96566], [26.91424, 41.7424], [26.88489, 41.69915], [26.59546, 41.61245], [26.59629, 41.59754], [26.60228, 41.58516], [26.59784, 41.57328], [26.60166, 41.54734], [26.59546, 41.53741], [26.60611, 41.52305], [26.61592, 41.46853], [26.63639, 41.39959], [26.6366, 41.37846], [26.63174, 41.35753], [26.62264, 41.34037], [26.60972, 41.33071], [26.66677, 41.10949], [26.65115, 41.0588], [26.64358, 41.01496], [26.6555, 41.00899], [26.75909, 41.01997], [26.84872, 41.01801], [26.96724, 40.99555], [27.0093, 41.02652], [27.02089, 41.05515], [27.0797, 41.01086], [27.11974, 41.00369], [27.2206, 41.01399], [27.28513, 41.01086], [27.42983, 41.10016], [27.51272, 41.13287], [27.58267, 41.15179], [27.6326, 41.16017], [27.75392, 41.16537], [27.79446, 41.17811], [27.9013, 41.20037], [28.06188, 41.22177], [28.08449, 41.23038], [28.12994, 41.2622], [28.20639, 41.30067], [28.31556, 41.33599], [28.41189, 41.34919], [28.50882, 41.34737], [28.55696, 41.34087], [28.64989, 41.31684], [28.7452, 41.27646], [28.78153, 41.25471], [28.83644, 41.21175], [28.94398, 41.15929], [29.05643, 41.09414], [29.0315, 41.05386], [29.00554, 41.0445], [28.98951, 41.03107], [28.99235, 41.00821], [28.9822, 41.00171], [28.96047, 41.00301], [28.94614, 41.00947], [28.92839, 40.99581], [28.89926, 40.98429], [28.84995, 40.97529], [28.83374, 40.96395], [28.82203, 40.96163], [28.78599, 40.96565], [28.77019, 40.97932], [28.75774, 40.97975], [28.62526, 40.96842], [28.59524, 40.97798], [28.60353, 41.00947], [28.59181, 41.01887], [28.57553, 41.02367], [28.58253, 41.04637], [28.57244, 41.06647], [28.55193, 41.08051], [28.52784, 41.08515], [28.53289, 41.07062], [28.55454, 41.05366], [28.56251, 41.03677], [28.5602, 41.01205], [28.55355, 40.99836], [28.54135, 40.98958], [28.51247, 40.99267], [28.4607, 41.03286], [28.43531, 41.04291], [28.4022, 41.04732], [28.33277, 41.06655], [28.26401, 41.07088], [28.23666, 41.08515], [28.18165, 41.07772], [28.16529, 41.08515], [28.01303, 41.04072], [27.98658, 41.02367], [27.96437, 40.99628], [27.95922, 40.97529], [27.94125, 40.97111], [27.86069, 40.97847], [27.81528, 41.00263], [27.77613, 41.01097], [27.75697, 41.01181], [27.7378, 41.01264], [27.52418, 40.9892], [27.49318, 40.97529], [27.47169, 40.94184], [27.44653, 40.86172], [27.4248, 40.83129], [27.33082, 40.76097], [27.28792, 40.70357], [27.19825, 40.65314], [27.17774, 40.63265], [27.14283, 40.62739], [27.11524, 40.61373], [27.04754, 40.61221], [26.98975, 40.5638], [26.91163, 40.55073], [26.82105, 40.50313], [26.75945, 40.49616], [26.68336, 40.45547], [26.67432, 40.42569], [26.66382, 40.41357], [26.63152, 40.40005], [26.62485, 40.39248], [26.61669, 40.35953], [26.60132, 40.34596], [26.53995, 40.30382], [26.51043, 40.29816], [26.49724, 40.28994], [26.42682, 40.23048], [26.38019, 40.21143], [26.35914, 40.20816], [26.34555, 40.19977], [26.34881, 40.18134], [26.36134, 40.16258], [26.37561, 40.15336], [26.32771, 40.11857], [26.27312, 40.0926], [26.24269, 40.07067], [26.16701, 40.04988], [26.1575, 40.05533], [26.16002, 40.0672], [26.17363, 40.08442], [26.1902, 40.09422], [26.21471, 40.14606], [26.25978, 40.19448], [26.27198, 40.23041], [26.26694, 40.25776], [26.2479, 40.27912], [26.21813, 40.29686], [26.23178, 40.31013], [26.20999, 40.32193], [26.21889, 40.33124], [26.25043, 40.34959], [26.30145, 40.36468], [26.32114, 40.36518], [26.33612, 40.38531], [26.38575, 40.40986], [26.4328, 40.43983], [26.49171, 40.45653], [26.56483, 40.49959], [26.6229, 40.51532], [26.66977, 40.51081], [26.68377, 40.51533], [26.69728, 40.52643], [26.73276, 40.56377], [26.7562, 40.55484], [26.78826, 40.56293], [26.81666, 40.58096], [26.82895, 40.602], [26.79038, 40.66059], [26.7142, 40.65131], [26.6775, 40.63948], [26.60922, 40.63947], [26.58204, 40.633], [26.50563, 40.59859], [26.47706, 40.6131], [26.44467, 40.61904], [26.39975, 40.60416], [26.37306, 40.61445], [26.3023, 40.60114], [26.11761, 40.602], [26.09132, 40.60542], [26.07692, 40.61181], [26.05374, 40.66059], [26.06088, 40.67585], [26.05812, 40.6977], [26.04811, 40.71963], [26.03324, 40.73505], [26.04689, 40.7425], [26.036, 40.75776], [26.02735, 40.79613], [26.00589, 40.80395], [26.00587, 40.81078], [26.05372, 40.81623], [26.06056, 40.82075], [26.05397, 40.83096], [26.03891, 40.83251], [26.01222, 40.82445], [26.00587, 40.83877], [25.99838, 40.83877], [26.00587, 40.81704], [25.99843, 40.81704], [25.98292, 40.83088], [25.95167, 40.84553], [25.91863, 40.85297], [25.89666, 40.84493], [25.8257, 40.84969], [25.80323, 40.85651], [25.73219, 40.85176], [25.6045, 40.87617], [25.56715, 40.86544], [25.53806, 40.87038], [25.48683, 40.89712], [25.41969, 40.90641], [25.38299, 40.91902], [25.34083, 40.94172], [25.29965, 40.95185], [25.26612, 40.92692], [25.2593, 40.92692], [25.2588, 40.93195], [25.18068, 40.94271], [25.13406, 40.96288], [25.14016, 40.98358], [25.15846, 40.99429], [25.16993, 40.99579], [25.13844, 41.01008], [25.03907, 41.00605], [25.03955, 40.98957], [25.01852, 40.97496], [24.99171, 40.96845], [24.99902, 40.94994], [24.98975, 40.94214], [24.95387, 40.94115], [24.8921, 40.92064], [24.86354, 40.90522], [24.83398, 40.87475], [24.80201, 40.85347], [24.7658, 40.86542], [24.72836, 40.85274], [24.70875, 40.85176], [24.69013, 40.85859], [24.69752, 40.86542], [24.66277, 40.87971], [24.63542, 40.8586], [24.62868, 40.8586], [24.59622, 40.90119], [24.60076, 40.9138], [24.57554, 40.92671], [24.56666, 40.95173], [24.50514, 40.96162], [24.47291, 40.95173], [24.46412, 40.94116], [24.44313, 40.94806], [24.41554, 40.94554], [24.39177, 40.93647], [24.37223, 40.91414], [24.31267, 40.87971], [24.33222, 40.86304], [24.33134, 40.85527], [24.30983, 40.85053], [24.30567, 40.84174], [24.31528, 40.83222], [24.34064, 40.83128], [24.11011, 40.72786], [24.07281, 40.72143], [24.03004, 40.72335], [23.98659, 40.73213]]], [[[27.21502, 35.79003], [27.21193, 35.77733], [27.21875, 35.72615], [27.18979, 35.69741], [27.18033, 35.67293], [27.16098, 35.65131], [27.15675, 35.63398], [27.15854, 35.61205], [27.18457, 35.59576], [27.20875, 35.56004], [27.22086, 35.55101], [27.20871, 35.53691], [27.15047, 35.59011], [27.11176, 35.64012], [27.12795, 35.69334], [27.15414, 35.71796], [27.16179, 35.74689], [27.16245, 35.77729], [27.15676, 35.80121], [27.17133, 35.80866], [27.17775, 35.80865], [27.17775, 35.80122], [27.18458, 35.80121], [27.21351, 35.82789], [27.22665, 35.82718], [27.23242, 35.82233], [27.22892, 35.80922], [27.21502, 35.79003]]], [[[27.41586, 36.38033], [27.39926, 36.37874], [27.37794, 36.38204], [27.36477, 36.39338], [27.35745, 36.41022], [27.3628, 36.42499], [27.34962, 36.43122], [27.33815, 36.42841], [27.32178, 36.41137], [27.31496, 36.41137], [27.29682, 36.42777], [27.30063, 36.47343], [27.31023, 36.45771], [27.3558, 36.47963], [27.36849, 36.47239], [27.37987, 36.44804], [27.3968, 36.43866], [27.38746, 36.42084], [27.39959, 36.41014], [27.42066, 36.40864], [27.43849, 36.41815], [27.44189, 36.4151], [27.44466, 36.40453], [27.42823, 36.38521], [27.41586, 36.38033]]], [[[26.38942, 36.6162], [26.36235, 36.63036], [26.36217, 36.63787], [26.39332, 36.63653], [26.43025, 36.61885], [26.45947, 36.59666], [26.46598, 36.58271], [26.45493, 36.57686], [26.44467, 36.5895], [26.42969, 36.57861], [26.4161, 36.57496], [26.3733, 36.57241], [26.34864, 36.54108], [26.34944, 36.51561], [26.34137, 36.50932], [26.31772, 36.50757], [26.30096, 36.51326], [26.28224, 36.53986], [26.26598, 36.54792], [26.27345, 36.56159], [26.26429, 36.57353], [26.2615, 36.58763], [26.26645, 36.59592], [26.28028, 36.5895], [26.29477, 36.59657], [26.34164, 36.56904], [26.35084, 36.57274], [26.36598, 36.58949], [26.39389, 36.58568], [26.40382, 36.5895], [26.39031, 36.59544], [26.38505, 36.60461], [26.38942, 36.6162]]], [[[27.198, 36.56831], [27.17457, 36.56054], [27.14015, 36.56323], [27.12974, 36.56953], [27.12626, 36.58026], [27.13723, 36.60008], [27.16705, 36.61507], [27.1858, 36.61566], [27.19466, 36.60692], [27.20605, 36.5871], [27.198, 36.56831]]], [[[27.19077, 36.81232], [27.12989, 36.76082], [27.10906, 36.7583], [27.08318, 36.76123], [27.04754, 36.77509], [26.99204, 36.75361], [26.97576, 36.74079], [26.986, 36.71988], [26.97169, 36.71625], [26.96567, 36.70555], [26.97289, 36.67891], [26.95534, 36.68172], [26.93752, 36.69262], [26.91785, 36.71594], [26.92027, 36.75116], [26.92629, 36.7656], [26.93767, 36.76081], [26.95875, 36.7813], [26.98601, 36.76765], [27.0075, 36.78783], [27.02077, 36.80857], [27.06122, 36.83933], [27.16424, 36.89117], [27.28093, 36.90789], [27.29152, 36.89183], [27.34099, 36.88189], [27.35579, 36.86323], [27.3231, 36.84863], [27.2142, 36.82388], [27.19077, 36.81232]]], [[[27.15195, 36.95888], [27.16293, 36.95697], [27.16748, 36.94859], [27.16179, 36.93716], [27.17511, 36.92252], [27.13267, 36.92508], [27.10899, 36.94872], [27.10867, 36.95372], [27.13421, 36.95864], [27.14438, 36.95376], [27.15195, 36.95888]]], [[[27.43092, 36.99676], [27.49064, 36.97284], [27.49, 36.9659], [27.4743, 36.95882], [27.44582, 36.97], [27.44231, 36.97936], [27.42353, 36.99177], [27.43092, 36.99676]]], [[[27.04037, 36.94506], [27.02361, 36.94503], [26.99342, 36.95262], [26.9834, 36.92952], [26.97608, 36.92594], [26.95191, 36.93163], [26.94508, 36.92595], [26.92986, 36.94278], [26.92115, 36.94709], [26.91165, 36.9458], [26.93141, 36.96686], [26.92532, 36.98168], [26.95118, 37.02119], [26.95192, 37.03514], [26.94361, 37.04072], [26.92457, 37.03516], [26.91739, 37.04146], [26.90349, 37.06249], [26.8856, 37.07559], [26.88982, 37.08978], [26.90162, 37.0773], [26.986, 37.04881], [26.98601, 37.0422], [26.97291, 37.04198], [26.98219, 37.02875], [27.00586, 37.01618], [27.00709, 37.00043], [27.02394, 37.01267], [27.04126, 37.00787], [27.04427, 36.99624], [27.03688, 36.97846], [27.04126, 36.96685], [27.03387, 36.95262], [27.04127, 36.95262], [27.04127, 36.95942], [27.04752, 36.95941], [27.04037, 36.94506]]], [[[27.08432, 37.06404], [27.1092, 37.05784], [27.10637, 37.05391], [27.08831, 37.05399], [27.07791, 37.05724], [27.08432, 37.06404]]], [[[26.85231, 37.12458], [26.84303, 37.12515], [26.82976, 37.11872], [26.81724, 37.11987], [26.81041, 37.12938], [26.8169, 37.14655], [26.7951, 37.15547], [26.77623, 37.16967], [26.77277, 37.18247], [26.78419, 37.19146], [26.79803, 37.19058], [26.80032, 37.19928], [26.80828, 37.20025], [26.84977, 37.18731], [26.85286, 37.18179], [26.84409, 37.16201], [26.86426, 37.1533], [26.87184, 37.1341], [26.88688, 37.1166], [26.88685, 37.10569], [26.8755, 37.1037], [26.86988, 37.09806], [26.84995, 37.09846], [26.83759, 37.10473], [26.83758, 37.11213], [26.85231, 37.12458]]], [[[27.08238, 37.27811], [27.08766, 37.30202], [27.10334, 37.2995], [27.09221, 37.28766], [27.10579, 37.27867], [27.10181, 37.27429], [27.09287, 37.27213], [27.08238, 37.27811]]], [[[26.75929, 37.29295], [26.76555, 37.29328], [26.75929, 37.29768], [26.73895, 37.29423], [26.7352, 37.29955], [26.71958, 37.30131], [26.70982, 37.31412], [26.71397, 37.32127], [26.72242, 37.31794], [26.72023, 37.32798], [26.72966, 37.32737], [26.74969, 37.30911], [26.76808, 37.30443], [26.78451, 37.30885], [26.79248, 37.29601], [26.78451, 37.27701], [26.78012, 37.27397], [26.77483, 37.28115], [26.76727, 37.27738], [26.76274, 37.28077], [26.75929, 37.29295]]], [[[26.5573, 37.27124], [26.54641, 37.27717], [26.54477, 37.2884], [26.53274, 37.29174], [26.52859, 37.30073], [26.53683, 37.33052], [26.5364, 37.3727], [26.56886, 37.37433], [26.59034, 37.36444], [26.60368, 37.34943], [26.60589, 37.33944], [26.60084, 37.33736], [26.58872, 37.34479], [26.57244, 37.34715], [26.56373, 37.3417], [26.55843, 37.32975], [26.54884, 37.32656], [26.56518, 37.30841], [26.56771, 37.27465], [26.5573, 37.27124]]], [[[26.73805, 37.39049], [26.75903, 37.37613], [26.74415, 37.3606], [26.74163, 37.37458], [26.73635, 37.3728], [26.72584, 37.3867], [26.71974, 37.38733], [26.70983, 37.40262], [26.71655, 37.41254], [26.71786, 37.40542], [26.73397, 37.39866], [26.73805, 37.39049]]], [[[26.97901, 37.47564], [27.00765, 37.45693], [27.00724, 37.45165], [26.98829, 37.45881], [26.97429, 37.44641], [26.96461, 37.45409], [26.95834, 37.44393], [26.95005, 37.44718], [26.94296, 37.46263], [26.92695, 37.47419], [26.97226, 37.47215], [26.97901, 37.47564]]], [[[27.18439, 37.55871], [27.16831, 37.57022], [27.16929, 37.56478], [27.14952, 37.59666], [27.15944, 37.59897], [27.16357, 37.59435], [27.15919, 37.58885], [27.18439, 37.55871]]], [[[26.44671, 37.56469], [26.43622, 37.56762], [26.4297, 37.57754], [26.39602, 37.57613], [26.40578, 37.58636], [26.42156, 37.59011], [26.44036, 37.6026], [26.45052, 37.59589], [26.45688, 37.57506], [26.44671, 37.56469]]], [[[26.53068, 37.64179], [26.52825, 37.62596], [26.54069, 37.61668], [26.53133, 37.5974], [26.5166, 37.58361], [26.49912, 37.57526], [26.50131, 37.56118], [26.51092, 37.54924], [26.51115, 37.53653], [26.50294, 37.5275], [26.48887, 37.54036], [26.48601, 37.55309], [26.47405, 37.56883], [26.47488, 37.60478], [26.48486, 37.60313], [26.49195, 37.58633], [26.49806, 37.5854], [26.5031, 37.59486], [26.51116, 37.59561], [26.51271, 37.61709], [26.5101, 37.62434], [26.49709, 37.62743], [26.49644, 37.63768], [26.50523, 37.65049], [26.51352, 37.6533], [26.53068, 37.64179]]], [[[26.34456, 37.6595], [26.3191, 37.63427], [26.23085, 37.5715], [26.21414, 37.56523], [26.12794, 37.55581], [26.10825, 37.54906], [26.06739, 37.5218], [26.0298, 37.5218], [25.99073, 37.51318], [25.97634, 37.51603], [25.97187, 37.53547], [25.97962, 37.54843], [26.01238, 37.57502], [26.02639, 37.60081], [26.04201, 37.61701], [26.07423, 37.63787], [26.09897, 37.63905], [26.15642, 37.6328], [26.17726, 37.63788], [26.19744, 37.63227], [26.22722, 37.63959], [26.25424, 37.652], [26.28078, 37.67543], [26.31365, 37.68316], [26.36213, 37.68625], [26.34456, 37.6595]]], [[[26.99341, 37.79611], [26.99399, 37.784], [27.02101, 37.77717], [27.06784, 37.77439], [27.03387, 37.76138], [27.03224, 37.75316], [27.04754, 37.72724], [27.05877, 37.73378], [27.06526, 37.72907], [27.0612, 37.70674], [27.03696, 37.71288], [27.00082, 37.70661], [26.91, 37.67805], [26.88982, 37.66519], [26.87874, 37.64888], [26.86085, 37.64339], [26.78746, 37.64721], [26.76092, 37.68968], [26.75099, 37.69668], [26.72731, 37.70157], [26.70826, 37.71357], [26.65724, 37.7049], [26.62843, 37.69066], [26.62289, 37.67887], [26.61549, 37.67887], [26.61549, 37.68627], [26.60922, 37.68627], [26.5984, 37.67721], [26.58361, 37.70388], [26.58026, 37.74058], [26.58401, 37.75226], [26.59499, 37.76137], [26.64389, 37.77241], [26.65806, 37.79278], [26.77182, 37.8141], [26.80641, 37.81451], [26.84205, 37.80914], [26.88185, 37.78539], [26.91694, 37.77768], [26.96607, 37.74775], [26.9699, 37.75878], [26.94511, 37.78871], [26.97364, 37.78449], [26.99341, 37.79611]]], [[[26.32912, 38.422], [26.32563, 38.44139], [26.35539, 38.45314], [26.36092, 38.4444], [26.354, 38.42622], [26.32912, 38.422]]], [[[26.73121, 38.49486], [26.74544, 38.4833], [26.74381, 38.46374], [26.73162, 38.45837], [26.72169, 38.46927], [26.69826, 38.47713], [26.69289, 38.48286], [26.70216, 38.54278], [26.72241, 38.53274], [26.72998, 38.52086], [26.73121, 38.49486]]], [[[26.27913, 38.51519], [26.29318, 38.4987], [26.29037, 38.49178], [26.27875, 38.49747], [26.27491, 38.51199], [26.27913, 38.51519]]], [[[26.24122, 38.52639], [26.26807, 38.52048], [26.26995, 38.51305], [26.25245, 38.50203], [26.24806, 38.50938], [26.23626, 38.50671], [26.20387, 38.5147], [26.18506, 38.54215], [26.20743, 38.53975], [26.21469, 38.53319], [26.23056, 38.53346], [26.24122, 38.52639]]], [[[26.06056, 39.2895], [26.0731, 39.3032], [26.09379, 39.31042], [26.16277, 39.32364], [26.17254, 39.3354], [26.1636, 39.37884], [26.34273, 39.383], [26.36188, 39.37891], [26.35475, 39.35651], [26.37338, 39.34691], [26.40023, 39.34124], [26.41747, 39.33047], [26.37965, 39.28266], [26.38217, 39.27709], [26.42416, 39.2451], [26.46631, 39.22923], [26.50473, 39.185], [26.5397, 39.16596], [26.52662, 39.15913], [26.53077, 39.15062], [26.54712, 39.13532], [26.55055, 39.11921], [26.56762, 39.11814], [26.56625, 39.09797], [26.57944, 39.07534], [26.59791, 39.05687], [26.6123, 39.04926], [26.61002, 39.02294], [26.59742, 39.01196], [26.56764, 39.02196], [26.55144, 39.01504], [26.5394, 39.01936], [26.5193, 39.03628], [26.52662, 39.04247], [26.51612, 39.05264], [26.52662, 39.08344], [26.51516, 39.09102], [26.50587, 39.1092], [26.48927, 39.11367], [26.45493, 39.1114], [26.43702, 39.1035], [26.45297, 39.08641], [26.49194, 39.06293], [26.52882, 39.02106], [26.54713, 39.00898], [26.54711, 38.98787], [26.48905, 38.97254], [26.42416, 38.96736], [26.40737, 38.96943], [26.37517, 38.97891], [26.33912, 38.98294], [26.27638, 39.01065], [26.21713, 39.0207], [26.15529, 39.02498], [26.11557, 39.06672], [26.10426, 39.07465], [26.08791, 39.07722], [26.08792, 39.08345], [26.10917, 39.09266], [26.12192, 39.09089], [26.16017, 39.09772], [26.19142, 39.12758], [26.2256, 39.13182], [26.29347, 39.17715], [26.29021, 39.18675], [26.26979, 39.20075], [26.2256, 39.20759], [26.18735, 39.20205], [26.17335, 39.19501], [26.16017, 39.18334], [26.14526, 39.15568], [26.09742, 39.10566], [26.08277, 39.09516], [26.06397, 39.0909], [26.04268, 39.09329], [25.9586, 39.11759], [25.91993, 39.13711], [25.88893, 39.14473], [25.85434, 39.17207], [25.83466, 39.17964], [25.83466, 39.18707], [25.84596, 39.19038], [25.85515, 39.22126], [25.84208, 39.22801], [25.85353, 39.2364], [25.85867, 39.25922], [25.88307, 39.26899], [25.91725, 39.29693], [25.92407, 39.29693], [25.93637, 39.27656], [26.0062, 39.28631], [26.03321, 39.28266], [26.04689, 39.30314], [26.05372, 39.2895], [26.06056, 39.2895]]], [[[36.17004, 22.68377], [36.19434, 22.68532], [36.20678, 22.65986], [36.20086, 22.65168], [36.18531, 22.67292], [36.17004, 22.68377]]], [[[36.05568, 22.74327], [36.0433, 22.73188], [36.04704, 22.72611], [36.04209, 22.72087], [36.03835, 22.73717], [36.05593, 22.76072], [36.06624, 22.76689], [36.0617, 22.7554], [36.06665, 22.72815], [36.0616, 22.72999], [36.05568, 22.74327]]], [[[35.66082, 23.22099], [35.63649, 23.22789], [35.62517, 23.22634], [35.60882, 23.21145], [35.60076, 23.21621], [35.61929, 23.20207], [35.58969, 23.21105], [35.59042, 23.2163], [35.5822, 23.22663], [35.64031, 23.23224], [35.6482, 23.23667], [35.67685, 23.23037], [35.69615, 23.23674], [35.70409, 23.22098], [35.69907, 23.22386], [35.69793, 23.22045], [35.71834, 23.19863], [35.71923, 23.19183], [35.68809, 23.20963], [35.67384, 23.2248], [35.6635, 23.22606], [35.66082, 23.22099]]], [[[33.95509, 26.79003], [33.9757, 26.78982], [34.00286, 26.73185], [34.00358, 26.70822], [33.9896, 26.72029], [33.95509, 26.79003]]], [[[33.9258, 27.53432], [33.96412, 27.53411], [33.99391, 27.51431], [34.02848, 27.50201], [34.03842, 27.46662], [34.05127, 27.45482], [34.05127, 27.44865], [34.0311, 27.45149], [34.00709, 27.47606], [33.97633, 27.48724], [33.95631, 27.50438], [33.93358, 27.49483], [33.9245, 27.50142], [33.9136, 27.52371], [33.9258, 27.53432]]], [[[33.88318, 28.11553], [33.97729, 28.05669], [34.02931, 28.0086], [34.07049, 27.95241], [34.09114, 27.91175], [34.11415, 27.84209], [34.12043, 27.79659], [34.07846, 27.8007], [34.05467, 27.8144], [33.98756, 27.88666], [33.97381, 27.88924], [33.91676, 27.93574], [33.90398, 27.9418], [33.89088, 27.94253], [33.87941, 27.93465], [33.86557, 27.96133], [33.8589, 27.95516], [33.80422, 27.99605], [33.79371, 28.01313], [33.76337, 28.024], [33.76393, 28.04902], [33.71601, 28.07527], [33.71551, 28.09292], [33.68448, 28.12417], [33.67264, 28.14579], [33.67457, 28.16055], [33.66033, 28.17487], [33.65406, 28.17487], [33.65406, 28.1674], [33.64666, 28.1674], [33.63478, 28.18131], [33.61817, 28.2333], [33.6128, 28.24063], [33.60565, 28.23629], [33.56471, 28.2971], [33.43394, 28.36641], [33.40016, 28.41445], [33.369, 28.44233], [33.36915, 28.44794], [33.30519, 28.48974], [33.29478, 28.49942], [33.27882, 28.52753], [33.25621, 28.54414], [33.26246, 28.55158], [33.26246, 28.54414], [33.26979, 28.54414], [33.26295, 28.57705], [33.2461, 28.57949], [33.23764, 28.56611], [33.2562, 28.55158], [33.23944, 28.5566], [33.2287, 28.56941], [33.22321, 28.58765], [33.21901, 28.628], [33.19485, 28.67512], [33.22762, 28.76239], [33.48274, 28.61406], [33.54365, 28.57019], [33.57181, 28.54413], [33.61771, 28.48635], [33.63586, 28.45414], [33.65008, 28.42089], [33.66623, 28.3566], [33.69343, 28.32048], [33.72646, 28.25695], [33.74664, 28.182], [33.77484, 28.15948], [33.88318, 28.11553]]], [[[32.96974, 31.08658], [32.97706, 31.09125], [32.98698, 31.08364], [32.98925, 31.07344], [32.97511, 31.08649], [32.96974, 31.08658]]], [[[33.45436, 31.15469], [33.29868, 31.2128], [33.2723, 31.21671], [33.30111, 31.21588], [33.35255, 31.19489], [33.40601, 31.18446], [33.43295, 31.17206], [33.47584, 31.1418], [33.45436, 31.15469]]], [[[33.06691, 31.21743], [33.10475, 31.24029], [33.26245, 31.22361], [33.25611, 31.21932], [33.2435, 31.21932], [33.15309, 31.23176], [33.11899, 31.22363], [33.10255, 31.22675], [33.07643, 31.21874], [32.9559, 31.16315], [32.93476, 31.14796], [32.94647, 31.16327], [33.06691, 31.21743]]], [[[29.76408, 36.13569], [29.74708, 36.12548], [29.73951, 36.12231], [29.75067, 36.13881], [29.76408, 36.13569]]], [[[29.60213, 36.14781], [29.60302, 36.14163], [29.58554, 36.13414], [29.57753, 36.12531], [29.55919, 36.12105], [29.5696, 36.1509], [29.57943, 36.1617], [29.59529, 36.16668], [29.59327, 36.15217], [29.60213, 36.14781]]], [[[29.50846, 36.15469], [29.49903, 36.1497], [29.48538, 36.1553], [29.49399, 36.16107], [29.50846, 36.15469]]], [[[28.22242, 36.45599], [28.23975, 36.43866], [28.23975, 36.43253], [28.22584, 36.41795], [28.23633, 36.37304], [28.21119, 36.35765], [28.20508, 36.32266], [28.17547, 36.29043], [28.16352, 36.23792], [28.14845, 36.22606], [28.13054, 36.18547], [28.10328, 36.18545], [28.09522, 36.16788], [28.08578, 36.16498], [28.0617, 36.11652], [28.09643, 36.10349], [28.08984, 36.08829], [28.07594, 36.07559], [28.08959, 36.05514], [28.03761, 36.06843], [28.01694, 36.069], [27.99342, 36.06196], [27.94842, 36.03901], [27.9323, 36.02534], [27.86353, 35.94099], [27.8274, 35.91377], [27.78045, 35.89005], [27.73269, 35.91511], [27.71226, 35.9527], [27.72535, 35.96719], [27.76002, 36.06196], [27.75709, 36.08438], [27.70884, 36.12711], [27.71225, 36.14448], [27.70289, 36.15046], [27.69094, 36.14949], [27.68427, 36.15814], [27.73952, 36.18544], [27.77198, 36.19782], [27.76744, 36.20596], [27.77605, 36.21162], [27.78056, 36.23282], [27.80325, 36.2702], [27.83741, 36.28099], [27.89968, 36.34015], [27.95924, 36.35676], [28.11842, 36.42767], [28.18393, 36.42447], [28.21389, 36.45546], [28.22242, 36.45599]]], [[[29.89762, 36.18459], [29.89226, 36.18431], [29.88461, 36.17309], [29.87078, 36.17386], [29.84279, 36.16715], [29.83969, 36.17056], [29.91194, 36.19948], [29.89762, 36.18459]]], [[[27.56536, 36.24492], [27.61646, 36.24261], [27.61865, 36.2281], [27.61011, 36.21651], [27.58286, 36.21256], [27.55055, 36.21589], [27.53151, 36.21175], [27.51887, 36.21709], [27.51744, 36.2309], [27.5268, 36.24012], [27.56536, 36.24492]]], [[[27.69428, 36.28021], [27.71152, 36.28574], [27.71826, 36.28245], [27.7207, 36.27684], [27.71924, 36.26708], [27.70476, 36.24715], [27.69566, 36.25381], [27.70224, 36.26606], [27.68411, 36.2644], [27.69428, 36.28021]]], [[[27.8357, 36.60252], [27.86987, 36.62425], [27.8767, 36.61685], [27.86306, 36.60253], [27.87321, 36.60545], [27.87062, 36.57779], [27.8767, 36.5616], [27.86305, 36.55536], [27.87208, 36.55036], [27.8767, 36.54109], [27.8545, 36.53051], [27.82831, 36.52803], [27.82831, 36.53424], [27.84938, 36.54792], [27.7925, 36.56697], [27.80787, 36.57587], [27.76004, 36.57588], [27.78528, 36.60437], [27.78786, 36.61684], [27.80152, 36.62424], [27.80152, 36.61685], [27.81814, 36.63401], [27.84174, 36.64462], [27.861, 36.6467], [27.86303, 36.63788], [27.82228, 36.62376], [27.81528, 36.61001], [27.8286, 36.61298], [27.8357, 36.60252]]], [[[28.93839, 36.67605], [28.91537, 36.65552], [28.90854, 36.6671], [28.91148, 36.68068], [28.93839, 36.67605]]], [[[27.582, 40.46575], [27.57994, 40.47654], [27.60727, 40.50543], [27.64046, 40.49412], [27.6351, 40.46678], [27.6568, 40.45765], [27.65657, 40.44946], [27.64568, 40.44783], [27.63152, 40.45376], [27.59637, 40.45801], [27.582, 40.46575]]], [[[28.54834, 40.55614], [28.54184, 40.55199], [28.53157, 40.51468], [28.51906, 40.51021], [28.51933, 40.56153], [28.542, 40.56439], [28.54834, 40.55614]]], [[[27.70266, 40.65291], [27.72778, 40.64264], [27.73266, 40.62519], [27.7142, 40.6147], [27.65756, 40.60541], [27.62451, 40.58309], [27.60475, 40.57682], [27.55207, 40.59095], [27.53599, 40.602], [27.53891, 40.62336], [27.52639, 40.63911], [27.53093, 40.64988], [27.54591, 40.66033], [27.55151, 40.65769], [27.55454, 40.64692], [27.60555, 40.66328], [27.63135, 40.66347], [27.65756, 40.65314], [27.67335, 40.65643], [27.70266, 40.65291]]], [[[29.12988, 40.8705], [29.11784, 40.8326], [29.10452, 40.83943], [29.11476, 40.86806], [29.12988, 40.8705]]], [[[28.83782, 44.27227], [28.85918, 44.41629], [28.86403, 44.46794], [28.86415, 44.50822], [28.90389, 44.52346], [28.93157, 44.52678], [28.92394, 44.4966], [28.88295, 44.41986], [28.87913, 44.39867], [28.88874, 44.37979], [28.85693, 44.32304], [28.83782, 44.27227]]], [[[28.97496, 44.74493], [29.09815, 44.77538], [29.12062, 44.78657], [29.13868, 44.80402], [29.14195, 44.81626], [29.18062, 44.79019], [29.1561, 44.78441], [29.05584, 44.73518], [29.02638, 44.71467], [29.00074, 44.68892], [28.99391, 44.69636], [28.99488, 44.71113], [28.97496, 44.74493]]], [[[29.04861, 44.84716], [29.04399, 44.86912], [29.10319, 44.84038], [29.0879, 44.84272], [29.06032, 44.83236], [29.04861, 44.84716]]], [[[37.26449, 20.75], [37.25441, 20.74983], [37.24416, 20.77265], [37.24343, 20.80398], [37.25078, 20.83446], [37.26531, 20.85503], [37.27913, 20.84564], [37.28353, 20.83275], [37.27187, 20.76637], [37.26449, 20.75]]], [[[36.65992, 22.24439], [36.65805, 22.25491], [36.63103, 22.25214], [36.63768, 22.27702], [36.64893, 22.28143], [36.65169, 22.27786], [36.6443, 22.27322], [36.66146, 22.2615], [36.65992, 22.24439]]], [[[36.21795, 22.7934], [36.214, 22.81356], [36.2238, 22.80259], [36.22185, 22.79267], [36.25014, 22.78949], [36.20656, 22.7843], [36.19683, 22.79091], [36.21795, 22.7934]]], [[[67.41326, 24.04877], [67.45802, 24.06273], [67.48527, 24.04849], [67.46518, 24.0406], [67.45395, 24.01341], [67.42693, 24.00753], [67.40968, 24.01341], [67.3933, 24.02822], [67.3755, 24.06273], [67.39039, 24.04926], [67.41326, 24.04877]]], [[[55.2864, 26.26512], [55.28998, 26.27293], [55.3095, 26.28297], [55.32031, 26.27834], [55.32259, 26.25406], [55.313, 26.24849], [55.29494, 26.2502], [55.2864, 26.26512]]], [[[54.52637, 26.25195], [54.50929, 26.25423], [54.49221, 26.26557], [54.48814, 26.29804], [54.49859, 26.31747], [54.50685, 26.32122], [54.51644, 26.31939], [54.5389, 26.30271], [54.54736, 26.29043], [54.52637, 26.25195]]], [[[56.48732, 26.33137], [56.47984, 26.35187], [56.50098, 26.3587], [56.51106, 26.33348], [56.50895, 26.32373], [56.47726, 26.32357], [56.47329, 26.33088], [56.48732, 26.33137]]], [[[53.92735, 26.55997], [53.94549, 26.56508], [53.96462, 26.56413], [54.03304, 26.55043], [54.03647, 26.52676], [54.05045, 26.51776], [54.05241, 26.50581], [54.04802, 26.49385], [54.03687, 26.48844], [53.95542, 26.49259], [53.92311, 26.50654], [53.90286, 26.5362], [53.91286, 26.55019], [53.92735, 26.55997]]], [[[55.90202, 26.66885], [55.90397, 26.64525], [55.88965, 26.62377], [55.86931, 26.61303], [55.85321, 26.62104], [55.85549, 26.64411], [55.86835, 26.66644], [55.88454, 26.67767], [55.89429, 26.67942], [55.90202, 26.66885]]], [[[53.60126, 26.67959], [53.60923, 26.69049], [53.62939, 26.69106], [53.65121, 26.68382], [53.65909, 26.66904], [53.64625, 26.65718], [53.62868, 26.65934], [53.61139, 26.66721], [53.60126, 26.67959]]], [[[55.74684, 26.78327], [55.77418, 26.79694], [55.76679, 26.81053], [55.78207, 26.82616], [55.78565, 26.84496], [55.78102, 26.88963], [55.7732, 26.90672], [55.73261, 26.9409], [55.75799, 26.95404], [55.89772, 26.90681], [55.93556, 26.91478], [56.04103, 26.97565], [56.17294, 27.0023], [56.2122, 27.00299], [56.2579, 26.98855], [56.27946, 26.97382], [56.28743, 26.95515], [56.25521, 26.9388], [56.19353, 26.92455], [56.1714, 26.90681], [56.1372, 26.84468], [56.09588, 26.80687], [56.08097, 26.78549], [56.04282, 26.76813], [55.9764, 26.71159], [55.94703, 26.69629], [55.92401, 26.70503], [55.87664, 26.74291], [55.80982, 26.71206], [55.77271, 26.68839], [55.70582, 26.69452], [55.68556, 26.6905], [55.66424, 26.68154], [55.61035, 26.64693], [55.55445, 26.62564], [55.50294, 26.59488], [55.44117, 26.58861], [55.39731, 26.57783], [55.36948, 26.56412], [55.33961, 26.569], [55.33073, 26.55363], [55.29835, 26.54366], [55.29055, 26.5485], [55.28062, 26.58466], [55.28924, 26.61359], [55.27379, 26.6498], [55.28468, 26.66021], [55.33555, 26.64684], [55.34279, 26.64979], [55.3519, 26.64745], [55.40503, 26.67409], [55.57423, 26.72069], [55.6404, 26.76055], [55.70559, 26.78319], [55.74684, 26.78327]]], [[[53.26246, 26.83365], [53.33741, 26.82867], [53.36068, 26.82049], [53.38199, 26.80313], [53.36752, 26.79964], [53.32911, 26.80256], [53.29882, 26.79072], [53.22283, 26.79956], [53.19005, 26.81502], [53.14944, 26.84789], [53.17807, 26.85687], [53.26246, 26.83365]]], [[[56.40918, 26.86225], [56.37915, 26.8387], [56.34099, 26.82763], [56.32229, 26.83442], [56.32684, 26.86107], [56.34117, 26.87933], [56.36655, 26.88978], [56.40414, 26.89304], [56.40918, 26.86225]]], [[[56.47299, 27.10601], [56.50464, 27.08893], [56.50846, 27.07437], [56.50472, 27.06168], [56.49528, 27.05232], [56.46616, 27.04394], [56.43459, 27.05484], [56.437, 27.08019], [56.45542, 27.10276], [56.47299, 27.10601]]], [[[50.30664, 29.21545], [50.28328, 29.26894], [50.295, 29.27521], [50.33464, 29.25866], [50.33011, 29.24137], [50.333, 29.22403], [50.32642, 29.20894], [50.31653, 29.20758], [50.30664, 29.21545]]], [[[48.38899, 29.42487], [48.39945, 29.39764], [48.39735, 29.38751], [48.37302, 29.39393], [48.33593, 29.42059], [48.31687, 29.42701], [48.26925, 29.4297], [48.27004, 29.45596], [48.2811, 29.47109], [48.29851, 29.47312], [48.35407, 29.45726], [48.38899, 29.42487]]], [[[48.1937, 29.91645], [48.19744, 29.92536], [48.18133, 29.93513], [48.16993, 29.93647], [48.15675, 29.93115], [48.14724, 29.93513], [48.14045, 29.95195], [48.14039, 29.96979], [48.12274, 29.96968], [48.11672, 29.97407], [48.13356, 29.98968], [48.16212, 29.99566], [48.18889, 29.98335], [48.34436, 29.79076], [48.35954, 29.75446], [48.3527, 29.70979], [48.33369, 29.67911], [48.30306, 29.64521], [48.26647, 29.6161], [48.22901, 29.59993], [48.18581, 29.60396], [48.16163, 29.62971], [48.12692, 29.70191], [48.08513, 29.76781], [48.07221, 29.78048], [48.05373, 29.79003], [48.04609, 29.80044], [48.10955, 29.83332], [48.11329, 29.8391], [48.11915, 29.8736], [48.08516, 29.87988], [48.09507, 29.89471], [48.10922, 29.89361], [48.13356, 29.87987], [48.1587, 29.87922], [48.16652, 29.88593], [48.16083, 29.90155], [48.1937, 29.91645]]], [[[48.10921, 30.02798], [48.10612, 30.01765], [48.07887, 30.00406], [48.05835, 29.98356], [48.02369, 29.96989], [48.01077, 29.98046], [48.0093, 29.98688], [48.0547, 30.02448], [48.09376, 30.02928], [48.10921, 30.02798]]], [[[49.06217, 30.50125], [49.05804, 30.49018], [49.06421, 30.4646], [49.04013, 30.46556], [49.03842, 30.46971], [49.02931, 30.45779], [49.02678, 30.46621], [49.02182, 30.46149], [49.00847, 30.46593], [49.0115, 30.49881], [49.02915, 30.50198], [49.03533, 30.49816], [49.03981, 30.50263], [49.06217, 30.50125]]], [[[26.39635, 40.17276], [26.40798, 40.19366], [26.44142, 40.1966], [26.50074, 40.21296], [26.51938, 40.22516], [26.56366, 40.27016], [26.6076, 40.29043], [26.71442, 40.39043], [26.73561, 40.40354], [26.77713, 40.40548], [26.86305, 40.39989], [26.89723, 40.40614], [26.93442, 40.39248], [26.99147, 40.38862], [27.01336, 40.39248], [27.09637, 40.45229], [27.14308, 40.45391], [27.21534, 40.4477], [27.23756, 40.45185], [27.2715, 40.46783], [27.28695, 40.4682], [27.30354, 40.45824], [27.32861, 40.41356], [27.31492, 40.40616], [27.30323, 40.41096], [27.29444, 40.40616], [27.33758, 40.37031], [27.39291, 40.34211], [27.45232, 40.32201], [27.52329, 40.30878], [27.55441, 40.31015], [27.59702, 40.32831], [27.61297, 40.33099], [27.688, 40.31379], [27.71225, 40.32419], [27.73259, 40.31729], [27.76271, 40.31538], [27.78981, 40.32046], [27.81325, 40.3471], [27.86736, 40.36888], [27.88356, 40.3863], [27.86525, 40.38679], [27.81528, 40.39989], [27.79177, 40.3929], [27.78582, 40.41291], [27.76765, 40.42025], [27.75637, 40.43261], [27.75017, 40.45759], [27.72585, 40.46138], [27.68427, 40.49616], [27.68427, 40.50234], [27.72243, 40.52626], [27.73316, 40.53057], [27.75017, 40.52473], [27.76002, 40.53704], [27.78045, 40.51533], [27.7894, 40.51423], [27.79519, 40.52089], [27.8047, 40.52276], [27.9699, 40.50299], [28.01416, 40.49115], [28.03442, 40.47443], [28.01677, 40.45108], [27.92994, 40.41694], [27.90398, 40.39989], [27.90846, 40.37421], [27.94467, 40.36603], [28.02752, 40.37202], [28.11199, 40.39605], [28.34769, 40.40403], [28.4004, 40.39741], [28.48677, 40.39988], [28.46754, 40.39435], [28.45883, 40.37946], [28.49949, 40.39109], [28.54542, 40.39129], [28.59278, 40.38189], [28.63771, 40.36518], [28.64381, 40.37123], [28.65805, 40.36518], [28.6854, 40.37945], [28.74187, 40.38642], [28.77199, 40.40252], [28.88404, 40.38629], [28.93873, 40.36518], [29.05161, 40.36734], [29.06568, 40.37572], [29.09011, 40.42722], [29.11899, 40.42365], [29.15154, 40.43407], [29.13356, 40.45075], [29.0879, 40.47748], [29.06568, 40.48188], [29.011, 40.48188], [28.96949, 40.46138], [28.91668, 40.47091], [28.82846, 40.51301], [28.7742, 40.52278], [28.79266, 40.55328], [28.82684, 40.57061], [28.89772, 40.59174], [28.92774, 40.60643], [28.97007, 40.63946], [28.98634, 40.64475], [29.28159, 40.66592], [29.32325, 40.67674], [29.39185, 40.70782], [29.41684, 40.68675], [29.46144, 40.70417], [29.47007, 40.71893], [29.47927, 40.72406], [29.50087, 40.72886], [29.52751, 40.7215], [29.54223, 40.70966], [29.54884, 40.69098], [29.55991, 40.69107], [29.75352, 40.72456], [29.8672, 40.7289], [29.90358, 40.71625], [29.92416, 40.71646], [29.9393, 40.73505], [29.92921, 40.75804], [29.89015, 40.7635], [29.7754, 40.74873], [29.73756, 40.76984], [29.66619, 40.78351], [29.42872, 40.77607], [29.37778, 40.75655], [29.35695, 40.76241], [29.33953, 40.78758], [29.32914, 40.79035], [29.34344, 40.7978], [29.33953, 40.80781], [29.32521, 40.82005], [29.31544, 40.82445], [29.31105, 40.8182], [29.30177, 40.82445], [29.2932, 40.8186], [29.25458, 40.81079], [29.25458, 40.81703], [29.27076, 40.82185], [29.2746, 40.83876], [29.28826, 40.83129], [29.28842, 40.83779], [29.29493, 40.83877], [29.26393, 40.86978], [29.24098, 40.88255], [29.22047, 40.87972], [29.20135, 40.89395], [29.14479, 40.91414], [29.08318, 40.95966], [29.0281, 40.98213], [29.03484, 40.98957], [29.0233, 40.99336], [29.00758, 41.0305], [29.02605, 41.03828], [29.04615, 41.05549], [29.0665, 41.08776], [29.16252, 41.00352], [29.20504, 40.99934], [29.21347, 41.00305], [29.28578, 41.07961], [29.3482, 41.1222], [29.44479, 41.16671], [29.54167, 41.19254], [29.61883, 41.1789], [29.88461, 41.14899], [30.13689, 41.14378], [30.16521, 41.14663], [30.21705, 41.16714], [30.24049, 41.19231], [30.2483, 41.18757], [30.27126, 41.21116], [30.28248, 41.21551], [30.29558, 41.20742], [30.33668, 41.20082], [30.36996, 41.18134], [30.69895, 41.12158], [30.74806, 41.09199], [30.83326, 41.0799], [31.09059, 41.08515], [31.12477, 41.09812], [31.16944, 41.09199], [31.21046, 41.09812], [31.23121, 41.09199], [31.23878, 41.09369], [31.24888, 41.10565], [31.29021, 41.11786], [31.32358, 41.13386], [31.39275, 41.18842], [31.40105, 41.20209], [31.40801, 41.24817], [31.41961, 41.28034], [31.39608, 41.29569], [31.39285, 41.30365], [31.40358, 41.31647], [31.42514, 41.32257], [31.47104, 41.32477], [31.49831, 41.35203], [31.65895, 41.39794], [31.87194, 41.50471], [31.99334, 41.54951], [32.03941, 41.57558], [32.13412, 41.59943], [32.16188, 41.61201], [32.1784, 41.6369], [32.24342, 41.69294], [32.26337, 41.72015], [32.29705, 41.72735], [32.35182, 41.72944], [32.3537, 41.73574], [32.37233, 41.7425], [32.38258, 41.75608], [32.39967, 41.7425], [32.41725, 41.74893], [32.45429, 41.77724], [32.53505, 41.81082], [32.56283, 41.81687], [32.57781, 41.81135], [32.58938, 41.82696], [32.61257, 41.83953], [32.63966, 41.84389], [32.6631, 41.83495], [32.67921, 41.83633], [32.75538, 41.85911], [32.79851, 41.85969], [32.82749, 41.86469], [32.84457, 41.87278], [32.85564, 41.86831], [32.92612, 41.88182], [32.96193, 41.89411], [33.00807, 41.9173], [33.16554, 41.95698], [33.32479, 42.01904], [33.36085, 42.02064], [33.43434, 42.01065], [33.54054, 42.01064], [33.61346, 41.99372], [33.82716, 41.97769], [33.84522, 41.98264], [33.87355, 41.97443], [34.00392, 41.98262], [34.33131, 41.94794], [34.4452, 41.97278], [34.48268, 41.97524], [34.56178, 41.95185], [34.69418, 41.94595], [34.74635, 41.95038], [34.7986, 41.96223], [34.88901, 42.0078], [34.91879, 42.03555], [34.94191, 42.06928], [34.9481, 42.09877], [34.99073, 42.09112], [35.00343, 42.08511], [35.00613, 42.09146], [35.02393, 42.0925], [35.04882, 42.06513], [35.04444, 42.05158], [35.08155, 42.0292], [35.1045, 42.02188], [35.1338, 42.02363], [35.17124, 42.04413], [35.18647, 42.04235], [35.2163, 42.02362], [35.21631, 42.0168], [35.16261, 42.02172], [35.13754, 42.01952], [35.11671, 42.0069], [35.09303, 41.94668], [35.09213, 41.92805], [35.09864, 41.91266], [35.12574, 41.87531], [35.15577, 41.84569], [35.20947, 41.81134], [35.20947, 41.80452], [35.19581, 41.80451], [35.22478, 41.76187], [35.25358, 41.75063], [35.29819, 41.71515], [35.35768, 41.69685], [35.40105, 41.69154], [35.44907, 41.66055], [35.48585, 41.64509], [35.53012, 41.63426], [35.57667, 41.62971], [35.6198, 41.63264], [35.67873, 41.65692], [35.74057, 41.66498], [35.84621, 41.69871], [35.89381, 41.70746], [35.93483, 41.7324], [35.95679, 41.73626], [35.94679, 41.71723], [35.92897, 41.70893], [35.93051, 41.69383], [35.91163, 41.66279], [35.91529, 41.64623], [35.9227, 41.64623], [35.92482, 41.67023], [35.93434, 41.69212], [35.94793, 41.71003], [35.97288, 41.72856], [35.97787, 41.72967], [36.0381, 41.68781], [36.0381, 41.70146], [36.04492, 41.70147], [36.12044, 41.62775], [36.13444, 41.59906], [36.13444, 41.55817], [36.12078, 41.52704], [36.11996, 41.49433], [36.13445, 41.4619], [36.17888, 41.41999], [36.20475, 41.40647], [36.23683, 41.35887], [36.3034, 41.32852], [36.33187, 41.32318], [36.33732, 41.31835], [36.34376, 41.28872], [36.37451, 41.27699], [36.39503, 41.25641], [36.42383, 41.25169], [36.45102, 41.24042], [36.47608, 41.24494], [36.51791, 41.26264], [36.57936, 41.30732], [36.6019, 41.34374], [36.60672, 41.36628], [36.61989, 41.37506], [36.67172, 41.36628], [36.75831, 41.36623], [36.83668, 41.35076], [36.98487, 41.29449], [37.0153, 41.2746], [37.03179, 41.24306], [37.03386, 41.1988], [37.03972, 41.18154], [37.07748, 41.17083], [37.13551, 41.14663], [37.26344, 41.14784], [37.29932, 41.14036], [37.33351, 41.11933], [37.39535, 41.10846], [37.43653, 41.0777], [37.47754, 41.06777], [37.50473, 41.04291], [37.52475, 41.03718], [37.56471, 41.04046], [37.58058, 41.03677], [37.60792, 41.05044], [37.64033, 41.10175], [37.67183, 41.13108], [37.68978, 41.14035], [37.6985, 41.12409], [37.7151, 41.11473], [37.73422, 41.11465], [37.75123, 41.12611], [37.75807, 41.11933], [37.78385, 41.12261], [37.78517, 41.06], [37.80275, 41.04291], [37.86792, 41.01556], [37.89576, 40.98212], [37.93501, 40.99508], [37.9817, 40.99021], [38.10222, 40.9597], [38.1613, 40.95209], [38.20143, 40.94135], [38.22413, 40.94115], [38.2686, 40.95034], [38.28736, 40.9472], [38.3309, 40.91787], [38.35125, 40.91787], [38.38933, 40.9269], [38.45232, 40.91673], [38.46372, 40.92376], [38.5394, 40.92691], [38.59188, 40.96269], [38.63706, 40.97601], [38.64947, 40.97515], [38.67791, 40.94864], [38.71762, 40.95478], [38.74334, 40.97247], [38.75514, 40.97529], [38.78371, 41.00177], [38.8488, 41.01462], [38.89661, 40.96309], [38.91804, 40.9312], [38.9475, 40.86472], [38.96204, 40.79582], [39.1658, 40.77461], [39.27183, 40.77462], [39.28111, 40.77943], [39.26997, 40.87329], [39.27329, 40.90848], [39.29327, 40.9768], [39.33066, 41.04119], [39.36455, 41.08079], [39.40284, 41.09813], [39.41851, 41.11007], [39.43019, 41.11248], [39.49292, 41.10101], [39.53256, 41.06464], [39.59205, 41.02509], [39.63006, 41.00849], [39.66969, 41.00263], [39.72999, 41.01715], [39.75709, 41.00235], [39.79916, 41.0003], [39.85874, 40.96426], [39.89568, 40.95478], [39.91215, 40.96384], [39.97495, 40.98028], [39.99936, 40.98211], [40.05681, 40.94135], [40.0857, 40.92646], [40.12599, 40.92064], [40.19557, 40.93635], [40.23146, 40.94684], [40.25466, 40.95867], [40.30104, 40.96845], [40.46486, 41.05043], [40.49968, 41.03876], [40.52914, 41.03628], [40.55738, 41.04247], [40.62616, 41.08217], [40.68588, 41.09199], [40.69825, 41.09813], [40.75759, 41.15834], [40.82749, 41.19793], [40.85375, 41.19932], [40.89682, 41.18757], [40.92205, 41.19062], [40.96013, 41.21074], [41.02027, 41.2237], [41.04274, 41.23249], [41.12136, 41.28554], [41.19077, 41.29572], [41.28501, 41.35381], [41.34226, 41.37243], [41.39039, 41.37934], [41.40895, 41.39033], [41.42416, 41.40786], [41.43818, 41.45135], [41.50709, 41.49543], [41.5865, 41.60296], [41.61574, 41.63263], [41.67604, 41.66218], [41.69289, 41.69229], [41.73976, 41.7499], [41.74393, 41.77863], [41.77182, 41.81257], [41.77395, 41.86723], [41.8637, 41.85038], [41.95014, 41.82252], [42.02764, 41.7825], [42.09322, 41.73187], [42.08346, 41.5001], [42.11178, 41.49349], [42.1432, 41.50026], [42.15839, 41.4999], [42.18929, 41.48171], [42.26246, 41.48233], [42.43785, 41.43086], [42.46307, 41.43184], [42.48385, 41.44217], [42.51382, 41.47623], [42.53552, 41.49349], [42.54555, 41.50961], [42.55495, 41.55033], [42.56518, 41.56713], [42.58524, 41.57876], [42.61056, 41.58506], [42.66099, 41.58826], [42.80093, 41.57922], [42.81995, 41.57235], [42.8122, 41.56299], [42.80682, 41.54299], [42.80269, 41.53411], [42.77489, 41.51426], [42.76652, 41.50434], [42.79215, 41.49287], [42.81116, 41.47716], [42.82997, 41.47251], [42.85457, 41.4938], [42.86801, 41.50021], [42.87514, 41.4937], [42.88899, 41.46998], [42.92609, 41.45907], [42.95772, 41.43701], [42.98759, 41.39468], [43.00206, 41.38269], [43.07564, 41.34487], [43.12391, 41.31293], [43.15476, 41.30187], [43.18401, 41.29898], [43.18535, 41.29381], [43.17187, 41.27934], [43.15724, 41.26973], [43.10314, 41.2488], [43.13032, 41.24229], [43.17202, 41.24234], [43.19223, 41.22498], [43.2162, 41.18054], [43.23062, 41.17263], [43.32261, 41.19206], [43.35175, 41.19361], [43.38327, 41.1872], [43.41958, 41.16883], [43.56662, 41.12405], [43.72971, 41.10669], [43.75416, 41.10824], [43.77374, 41.11449], [43.82035, 41.1455], [43.86324, 41.15899], [43.95585, 41.16049], [44.00112, 41.16886], [44.04132, 41.18255], [44.06127, 41.18415], [44.10364, 41.17516], [44.12473, 41.17806], [44.14436, 41.18607], [44.16007, 41.1979], [44.16845, 41.22358], [44.18033, 41.22994], [44.19098, 41.23004], [44.21811, 41.22157], [44.26648, 41.1962], [44.28498, 41.19087], [44.30849, 41.19382], [44.33309, 41.21035], [44.34492, 41.21325], [44.35727, 41.21216], [44.4106, 41.18772], [44.43246, 41.18167], [44.45494, 41.18048], [44.47923, 41.18581], [44.50589, 41.20658], [44.51664, 41.20684], [44.53101, 41.18147], [44.55152, 41.17702], [44.69642, 40.97444], [44.78457, 40.95179], [44.91872, 40.92313], [45.05449, 40.89856], [45.7304, 40.79577], [46.64459, 40.61554], [46.87476, 40.58567], [47.22233, 40.55543], [47.44291, 40.5232], [48.5569, 40.21868], [48.87776, 40.13688], [48.95821, 40.1202], [48.97169, 40.12481], [48.99628, 40.19192], [49.07376, 40.3146], [49.12221, 40.37398], [49.17366, 40.41959], [49.26416, 40.42559], [49.51026, 40.40647], [49.81343, 40.41215], [50.20674, 40.42712], [50.31828, 40.42047], [50.33595, 40.40595], [50.36051, 40.36518], [50.37078, 40.28262], [50.39107, 40.23521], [50.38786, 40.22117], [50.34791, 40.2744], [50.32309, 40.29658], [50.25262, 40.33633], [50.1277, 40.35895], [50.0936, 40.35152], [50.05519, 40.35151], [50.03761, 40.34577], [50.00375, 40.32422], [49.98374, 40.32422], [49.95582, 40.35151], [49.91961, 40.35815], [49.8934, 40.36904], [49.84034, 40.33784], [49.84716, 40.31416], [49.81901, 40.29207], [49.77833, 40.27583], [49.71192, 40.26435], [49.65365, 40.23844], [49.57716, 40.21674], [49.50359, 40.16494], [49.49252, 40.154], [49.49041, 40.13239], [49.49658, 40.09456], [49.44264, 40.07844], [49.43263, 40.06297], [49.43507, 40.04279], [49.44874, 40.02253], [49.47958, 39.99913], [49.48388, 39.98868], [49.4354, 39.95767], [49.42368, 39.93549], [49.42823, 39.90644], [49.44311, 39.87336], [49.43847, 39.86177], [49.41651, 39.84374], [49.42138, 39.81025], [49.40089, 39.79662], [49.39479, 39.78246], [49.40087, 39.76927], [49.39633, 39.75617], [49.40203, 39.7425], [49.4248, 39.71808], [49.42358, 39.70955], [49.38396, 39.69013], [49.33725, 39.64643], [49.31804, 39.62141], [49.31901, 39.6042], [49.29713, 39.56558], [49.28492, 39.5222], [49.28582, 39.49518], [49.29575, 39.47671], [49.38854, 39.41101], [49.40893, 39.38642], [49.39731, 39.34516], [49.40704, 39.3237], [49.38559, 39.33495], [49.37306, 39.35098], [49.36687, 39.35098], [49.37908, 39.31981], [49.39137, 39.30549], [49.40706, 39.29694], [49.40706, 39.28951], [49.38454, 39.2937], [49.35768, 39.32014], [49.30641, 39.3465], [49.27312, 39.33658], [49.24732, 39.3107], [49.23707, 39.27896], [49.23779, 39.1695], [49.21078, 39.09077], [49.20328, 39.03413], [49.19385, 39.01635], [49.1185, 38.97523], [49.07928, 38.96334], [49.05154, 38.98103], [49.05585, 39.00751], [49.0652, 39.01511], [49.11012, 39.02196], [49.1255, 39.02814], [49.13868, 39.04344], [49.14682, 39.06342], [49.14772, 39.08344], [49.1364, 39.10228], [49.11638, 39.1103], [49.06863, 39.11141], [49.05893, 39.1728], [49.04119, 39.18439], [49.02223, 39.18822], [48.96762, 39.18382], [48.94955, 39.15127], [48.94694, 39.12752], [48.93482, 39.12442], [48.93295, 39.0777], [48.93637, 39.05313], [48.95263, 39.03164], [48.94852, 39.00706], [48.92181, 38.9357], [48.89868, 38.89306], [48.86793, 38.86385], [48.8318, 38.87116], [48.83253, 38.83564], [48.8392, 38.80353], [48.86314, 38.75646], [48.8772, 38.34642], [48.8659, 38.31688], [48.87288, 38.29556], [48.87485, 38.24274], [48.89371, 38.20579], [48.90772, 38.08348], [48.94905, 37.96686], [48.94117, 37.94774], [48.94451, 37.90339], [48.98746, 37.84247], [48.98316, 37.81598], [48.99366, 37.77676], [49.0145, 37.73916], [49.0652, 37.67886], [49.1325, 37.62336], [49.20558, 37.58169], [49.36687, 37.51496], [49.44174, 37.49486], [49.82618, 37.45356], [49.86744, 37.45856], [49.90155, 37.4697], [49.93377, 37.47442], [49.96946, 37.4597], [49.94313, 37.46162], [49.93531, 37.45356], [50.01873, 37.42772], [50.14838, 37.40395], [50.19564, 37.38934], [50.22729, 37.36542], [50.22332, 37.32933], [50.24513, 37.27928], [50.26884, 37.24664], [50.29225, 37.19282], [50.32228, 37.15327], [50.35719, 37.12653], [50.42944, 37.08294], [50.47885, 37.03498], [50.51368, 37.02313], [50.62403, 36.96328], [50.65869, 36.95432], [50.70314, 36.91844], [50.86056, 36.84968], [51.00473, 36.76765], [51.08863, 36.73701], [51.36762, 36.69261], [51.54607, 36.65095], [51.73124, 36.62419], [51.90903, 36.58271], [52.09409, 36.60252], [52.25885, 36.651], [52.43066, 36.68515], [52.77931, 36.74038], [53.11594, 36.82229], [53.44746, 36.88188], [53.49266, 36.8879], [53.88592, 36.90583], [53.95777, 36.91962], [54.00651, 36.9526], [54.00423, 36.91463], [53.9476, 36.89876], [53.87648, 36.89167], [53.8182, 36.87524], [53.77711, 36.88373], [53.719, 36.87069], [53.66041, 36.8769], [53.60914, 36.8769], [53.61695, 36.86567], [53.63103, 36.86197], [53.66379, 36.86323], [53.636, 36.857], [53.66017, 36.8312], [53.70102, 36.8166], [53.85645, 36.80547], [53.88917, 36.79361], [54.01433, 36.82111], [54.02622, 36.82909], [54.03305, 36.84577], [54.03354, 36.94912], [54.02809, 36.96621], [53.99441, 36.97916], [53.99726, 36.99372], [54.02003, 37.02774], [53.99628, 37.05732], [53.98043, 37.09379], [53.95802, 37.17853], [53.92324, 37.25783], [53.89967, 37.46841], [53.88982, 37.50812], [53.86529, 37.56712], [53.86061, 37.61131], [53.82489, 37.74486], [53.80715, 38.03174], [53.8589, 38.20649], [53.855, 38.23371], [53.86647, 38.26508], [53.86305, 38.38142], [53.84811, 38.41267], [53.82828, 38.5039], [53.83619, 38.60643], [53.86294, 38.67917], [53.90984, 38.7377], [53.92693, 38.77367], [53.91702, 38.80353], [53.93198, 38.81306], [53.94567, 38.8515], [53.98276, 38.916], [53.97292, 38.91341], [53.97136, 38.93427], [53.95802, 38.94452], [53.9232, 38.95434], [53.917, 38.96735], [53.89667, 38.9742], [53.87094, 39.02839], [53.85971, 39.03522], [53.82081, 39.0363], [53.78736, 39.04247], [53.76727, 39.03101], [53.74781, 39.05443], [53.72185, 39.1114], [53.71217, 39.10432], [53.73211, 39.05672], [53.71601, 39.06343], [53.70152, 39.07852], [53.69467, 39.09711], [53.70533, 39.12421], [53.69801, 39.15233], [53.73211, 39.1728], [53.70242, 39.17512], [53.70217, 39.19623], [53.72462, 39.24168], [53.67628, 39.21621], [53.66, 39.20039], [53.67407, 39.1933], [53.68377, 39.08346], [53.63601, 39.13866], [53.62338, 39.19164], [53.60175, 39.19331], [53.61036, 39.22191], [53.60857, 39.23578], [53.59832, 39.24168], [53.56765, 39.19333], [53.564, 39.2167], [53.56865, 39.24602], [53.58814, 39.30317], [53.56083, 39.28268], [53.58131, 39.33047], [53.55398, 39.32369], [53.56495, 39.34516], [53.56202, 39.35334], [53.54982, 39.34833], [53.53346, 39.33049], [53.52613, 39.33788], [53.51482, 39.33272], [53.47145, 39.33047], [53.4522, 39.31808], [53.44338, 39.3188], [53.4441, 39.33788], [53.43727, 39.33788], [53.41878, 39.31807], [53.40512, 39.31128], [53.3897, 39.31063], [53.40317, 39.33788], [53.37517, 39.33788], [53.36159, 39.33048], [53.34791, 39.34414], [53.30909, 39.33077], [53.29332, 39.33048], [53.29689, 39.34907], [53.26466, 39.35286], [53.23862, 39.36465], [53.21852, 39.36384], [53.14991, 39.34414], [53.19774, 39.32367], [53.17954, 39.30126], [53.17026, 39.27216], [53.18408, 39.21381], [53.18148, 39.18936], [53.17188, 39.17749], [53.16148, 39.1796], [53.13689, 39.32144], [53.08873, 39.38325], [53.08523, 39.40046], [53.0949, 39.42004], [53.13282, 39.45059], [53.14537, 39.48395], [53.16554, 39.49673], [53.17823, 39.51569], [53.2145, 39.59326], [53.24172, 39.63629], [53.2759, 39.66485], [53.3137, 39.65884], [53.27735, 39.63923], [53.24855, 39.6079], [53.23519, 39.57071], [53.21127, 39.5502], [53.21697, 39.52505], [53.25408, 39.52119], [53.36354, 39.53806], [53.42677, 39.53595], [53.44678, 39.53058], [53.47828, 39.48871], [53.4922, 39.48078], [53.55054, 39.4745], [53.56788, 39.46772], [53.57716, 39.46784], [53.58131, 39.47793], [53.5774, 39.49527], [53.56082, 39.50178], [53.57375, 39.52728], [53.5861, 39.52386], [53.61541, 39.49494], [53.63445, 39.49531], [53.66359, 39.51731], [53.68377, 39.52219], [53.71599, 39.50926], [53.72462, 39.50861], [53.73618, 39.51789], [53.73316, 39.52798], [53.7116, 39.5434], [53.64715, 39.55826], [53.62919, 39.5707], [53.65463, 39.5821], [53.65553, 39.59292], [53.63307, 39.61831], [53.57163, 39.61641], [53.56446, 39.65266], [53.54566, 39.67487], [53.53346, 39.68049], [53.53971, 39.63216], [53.53347, 39.63216], [53.49708, 39.67646], [53.47104, 39.69636], [53.4441, 39.70108], [53.45775, 39.67311], [53.42986, 39.68671], [53.43043, 39.66771], [53.44922, 39.64858], [53.45092, 39.63217], [53.41677, 39.64998], [53.41286, 39.6857], [53.42986, 39.76252], [53.41822, 39.75739], [53.39373, 39.75747], [53.38202, 39.76252], [53.38202, 39.76927], [53.41521, 39.78205], [53.46734, 39.83847], [53.49928, 39.86555], [53.48506, 39.8854], [53.53712, 39.89631], [53.53696, 39.90375], [53.52615, 39.91267], [53.56707, 39.94953], [53.57447, 39.96792], [53.56081, 39.96109], [53.54363, 39.97431], [53.49159, 39.97483], [53.47495, 39.97924], [53.43727, 40.00267], [53.40211, 40.00678], [53.36891, 39.99527], [53.32683, 39.95869], [53.28272, 39.94002], [53.23757, 39.95776], [53.17237, 39.99746], [53.15528, 39.99238], [53.12546, 39.97473], [53.05358, 39.96793], [53.06511, 39.98404], [53.08172, 39.99527], [53.01246, 39.97802], [52.97457, 39.97438], [52.94371, 39.9816], [52.9275, 40.01118], [52.91358, 40.02167], [52.89601, 40.00886], [52.89584, 39.99828], [52.92001, 39.9643], [52.93019, 39.89594], [52.97485, 39.85187], [53.01254, 39.79727], [53.05355, 39.76927], [53.05354, 39.76253], [53.00587, 39.78294], [53.04687, 39.74824], [53.04005, 39.74203], [52.9949, 39.78023], [52.96632, 39.83295], [52.95265, 39.8465], [52.91703, 39.85852], [52.90522, 39.87477], [52.89283, 39.93423], [52.88412, 39.94489], [52.78814, 40.00416], [52.75328, 40.03197], [52.7385, 40.05385], [52.74618, 40.09722], [52.76832, 40.1538], [52.75807, 40.17251], [52.73099, 40.20067], [52.74342, 40.20954], [52.73894, 40.21939], [52.7178, 40.23543], [52.69909, 40.27365], [52.70204, 40.31261], [52.73655, 40.48439], [52.75018, 40.51747], [52.77248, 40.55072], [52.84745, 40.63579], [52.91073, 40.63827], [53.00177, 40.6297], [53.0893, 40.60758], [53.13095, 40.59147], [53.20555, 40.55103], [53.23916, 40.52634], [53.29492, 40.47101], [53.32817, 40.423], [53.41076, 40.39482], [53.45123, 40.37541], [53.48842, 40.35321], [53.55758, 40.30002], [53.75218, 40.303], [53.99347, 40.32075], [54.26051, 40.34849], [55.36489, 40.47168], [55.89194, 40.51415], [56.67973, 40.54888], [56.96592, 40.56813], [57.24856, 40.60076], [57.51947, 40.65211], [57.7721, 40.7283], [57.99709, 40.83487], [58.18799, 40.97824], [58.3363, 41.16342], [58.40905, 41.32042], [58.44658, 41.48383], [58.45322, 41.65032], [58.43387, 41.81786], [58.39252, 41.98695], [58.36923, 42.05323], [58.41393, 42.28476], [58.47822, 42.29199], [58.49062, 42.29757], [58.49414, 42.30571], [58.48959, 42.31452], [58.43791, 42.3577], [58.3637, 42.44707], [58.33704, 42.49371], [58.30624, 42.52867], [58.271, 42.54903], [58.14573, 42.59257], [58.12702, 42.605], [58.12134, 42.62425], [58.13064, 42.63885], [58.14883, 42.649], [57.98146, 42.8441], [57.93303, 42.93897], [57.86073, 43.0994], [57.80125, 43.26169], [57.75873, 43.42622], [57.73777, 43.59254], [57.74297, 43.76044], [57.7607, 43.85175], [57.83671, 43.8052], [57.90442, 43.78367], [57.92702, 43.78676], [57.98431, 43.80627], [58.04784, 43.83776], [58.0956, 43.87171], [58.1081, 43.89024], [58.09463, 43.90686], [57.99831, 43.9587], [57.99495, 43.9682], [58.00172, 43.97816], [58.0358, 43.99633], [58.08282, 44.00932], [58.13973, 44.0117], [58.18233, 43.9819], [58.28278, 43.88119], [58.32515, 43.85149], [58.34073, 43.8546], [58.39595, 43.8955], [58.58464, 43.92333], [58.6585, 43.92412], [58.68338, 43.91844], [58.69574, 43.9074], [58.70526, 43.8879], [58.73225, 43.77879], [58.75195, 43.7446], [58.79937, 43.73119], [58.94407, 43.71955], [58.99371, 43.70672], [59.00434, 43.68663], [59.0063, 43.65316], [59.00097, 43.61913], [58.98983, 43.59734], [58.97016, 43.5969], [58.9009, 43.61779], [58.89052, 43.61368], [58.88073, 43.59629], [58.85854, 43.53705], [58.84316, 43.46814], [58.84485, 43.41368], [58.85999, 43.39581], [58.87495, 43.39214], [58.89921, 43.39492], [58.93206, 43.40491], [58.99994, 43.43677], [59.07154, 43.4851], [59.11177, 43.54013], [59.18658, 43.67677], [59.26906, 43.515], [59.35418, 43.39523], [59.47742, 43.26482], [59.66421, 43.09144], [59.86383, 42.92767], [59.96702, 42.84975], [60.17805, 42.70174], [60.62669, 42.43235], [61.10253, 42.20524], [61.60441, 42.02125], [62.12135, 41.88585], [62.65154, 41.8018], [63.1886, 41.77368], [63.72359, 41.80555], [64.25329, 41.9011], [64.54479, 41.98133], [64.83279, 42.07444], [65.69162, 42.37449], [65.98117, 42.46245], [66.275, 42.53495], [66.57468, 42.58627], [66.88426, 42.60558], [67.14975, 42.58874], [67.19801, 42.58562], [67.50658, 42.52612], [67.79855, 42.42684], [68.06327, 42.28746], [68.29037, 42.10723], [68.46882, 41.88546], [68.58716, 41.62217], [68.63822, 41.33297], [68.63839, 41.29931], [68.77377, 41.08726], [68.74627, 41.0638], [68.70953, 40.98375], [68.68938, 40.96494], [68.62793, 40.94453], [68.60013, 40.93006], [68.58918, 40.9066], [68.57088, 40.91352], [68.57187, 40.87048], [68.56541, 40.85916], [68.55342, 40.85043], [68.5497, 40.83503], [68.55977, 40.75131], [68.56634, 40.7325], [68.58422, 40.72036], [68.60943, 40.71581], [68.6085, 40.70336], [68.61212, 40.69054], [68.62742, 40.66713], [68.62545, 40.66041], [68.60111, 40.63003], [68.62039, 40.62222], [68.61424, 40.6091], [68.593, 40.59949], [68.6489, 40.18494], [68.60199, 40.17543], [68.58112, 40.16422], [68.60695, 40.14231], [68.65171, 40.12076], [68.68705, 40.11032], [68.93066, 40.1468], [68.97727, 40.12102], [68.98698, 40.09171], [68.98543, 40.07714], [68.97727, 40.06489], [68.95453, 40.06205], [68.88177, 40.07084], [68.86151, 40.06582], [68.82606, 40.04205], [68.81314, 40.0389], [68.79041, 40.07017], [68.7747, 40.07988], [68.76172, 40.06148], [68.76384, 40.05249], [68.78162, 40.04154], [68.78503, 40.03394], [68.78291, 40.01342], [68.78937, 39.99399], [68.87743, 39.90056], [68.88079, 39.87834], [68.83826, 39.86465], [68.81536, 39.89188], [68.80012, 39.93514], [68.77976, 39.96945], [68.75888, 39.98056], [68.75201, 39.97275], [68.75557, 39.95405], [68.78761, 39.89576], [68.78736, 39.8817], [68.77521, 39.86253], [68.75754, 39.85752], [68.75041, 39.84248], [68.74834, 39.82615], [68.74162, 39.81964], [68.72819, 39.82496], [68.70152, 39.85845], [68.68509, 39.86801], [68.65109, 39.8447], [68.62618, 39.84961], [68.61584, 39.82811], [68.60582, 39.66688], [68.60034, 39.64285], [68.58701, 39.62316], [68.57701, 39.61504], [68.78547, 39.46074], [68.86757, 39.35899], [68.94054, 39.302], [69.01849, 39.25249], [69.10024, 39.20815], [69.35451, 39.08624], [69.51709, 38.9948], [69.70968, 38.83387], [69.85763, 38.63974], [69.96515, 38.41911], [70.0376, 38.17696], [70.04315, 38.1428], [70.17213, 37.94608], [70.1605, 37.92066], [70.1652, 37.88991], [70.17916, 37.86079], [70.196, 37.83991], [70.24034, 37.82756], [70.24716, 37.81917], [70.24985, 37.80488], [70.25652, 37.7918], [70.27512, 37.77418], [70.26959, 37.76263], [70.28189, 37.71956], [70.28308, 37.70483], [70.27512, 37.67548], [70.25357, 37.65458], [70.25393, 37.63081], [70.24096, 37.61714], [70.21647, 37.61714], [70.19942, 37.57928], [70.1927, 37.57603], [70.15787, 37.54143], [70.12914, 37.53228], [70.08239, 37.30297], [70.068, 37.12861], [70.01135, 36.61406], [69.9924, 36.34908], [69.9893, 36.08473], [70.00923, 35.82344], [70.05944, 35.56932], [70.14749, 35.32557], [70.28077, 35.09676], [70.34347, 35.02117], [70.41496, 34.95237], [70.74327, 34.69058], [70.96867, 34.54973], [70.95699, 34.532], [70.95565, 34.51001], [70.96123, 34.48761], [70.97084, 34.46888], [71.01983, 34.41444], [71.05094, 34.38979], [71.12205, 34.35682], [71.12639, 34.33222], [71.09709, 34.26246], [71.09688, 34.24435], [71.10949, 34.18921], [71.10809, 34.16523], [71.10179, 34.15182], [71.07388, 34.12526], [71.06277, 34.10531], [71.06727, 34.07301], [71.06262, 34.05425], [71.0467, 34.04188], [71.12274, 33.82161], [71.13551, 33.73689], [71.05327, 33.71764], [71.04623, 33.71248], [71.05647, 33.59714], [71.03627, 33.5867], [71.00744, 33.58148], [70.86305, 33.57881], [70.83407, 33.57403], [70.81137, 33.56309], [70.79489, 33.54431], [70.78265, 33.51899], [70.75262, 33.39191], [70.73117, 33.34225], [70.68074, 33.29883], [70.53937, 33.20464], [70.5132, 33.18185], [70.49618, 33.15997], [70.48862, 33.13289], [70.48516, 33.08954], [70.48018, 32.85882], [70.47423, 32.8162], [70.46363, 32.79097], [70.41783, 32.76102], [70.26014, 32.69035], [70.21967, 32.64808], [70.17263, 32.5743], [70.11369, 32.45166], [70.09157, 32.38104], [70.09467, 32.33], [70.1286, 32.20317], [70.12865, 32.15123], [70.11585, 32.12208], [70.07036, 32.05429], [69.93784, 31.88819], [69.84212, 31.72351], [69.67486, 31.41299], [69.65555, 31.36931], [69.61452, 31.23787], [69.58085, 31.08419], [69.57579, 30.99949], [69.59617, 30.94468], [69.67816, 30.81725], [69.6985, 30.76258], [69.68621, 30.70057], [69.62367, 30.55327], [69.61415, 30.5206], [69.61176, 30.49147], [69.63035, 30.45176], [69.70891, 30.36184], [69.72913, 30.32175], [69.71979, 30.27207], [69.66722, 30.15234], [69.65871, 30.10247], [69.68031, 30.04467], [69.77962, 29.88059], [69.79484, 29.82868], [69.80062, 29.7659], [69.79694, 29.66412], [69.78439, 29.60952], [69.74335, 29.54559], [69.61989, 29.39756], [69.59877, 29.36367], [69.58728, 29.33248], [69.58892, 29.31224], [69.59863, 29.29021], [69.68702, 29.16905], [69.6957, 29.14852], [69.71895, 28.99522], [69.71992, 28.91144], [69.70687, 28.84424], [69.67626, 28.80438], [69.62397, 28.76325], [69.51185, 28.69871], [69.48105, 28.69351], [69.40175, 28.69417], [69.37247, 28.68584], [69.35779, 28.66333], [69.34494, 28.59671], [69.33305, 28.57151], [69.23803, 28.48923], [69.0824, 28.37776], [69.0176, 28.34175], [68.7977, 28.258], [68.73123, 28.22213], [68.69346, 28.17674], [68.62796, 28.05165], [68.60953, 28.02627], [68.58835, 28.00702], [68.51727, 27.97468], [68.32454, 27.91857], [68.24659, 27.89103], [67.97896, 27.75741], [67.84382, 27.68104], [67.81957, 27.65316], [67.8005, 27.61476], [67.78983, 27.57493], [67.79036, 27.5427], [67.79739, 27.53124], [67.81164, 27.52069], [67.87387, 27.48832], [67.90372, 27.46694], [67.90741, 27.45632], [67.88997, 27.43946], [67.83037, 27.42292], [67.77325, 27.41954], [67.73237, 27.43204], [67.66377, 27.46681], [67.62026, 27.48368], [67.60036, 27.48585], [67.56934, 27.48207], [67.49311, 27.46316], [67.3793, 27.42207], [67.31951, 27.39541], [67.26226, 27.3604], [67.20623, 27.31373], [67.18323, 27.28425], [67.17926, 27.25598], [67.19199, 27.18318], [67.18893, 27.15423], [67.16624, 27.13163], [67.09332, 27.0843], [67.06968, 27.06181], [67.04963, 27.01328], [67.01831, 26.89402], [66.99621, 26.84779], [66.9615, 26.81966], [66.88387, 26.77552], [66.84178, 26.74632], [66.82831, 26.72987], [66.8138, 26.68459], [66.80818, 26.62594], [66.81057, 26.56698], [66.81942, 26.51797], [66.85111, 26.46678], [66.92952, 26.37659], [66.94314, 26.26777], [66.95865, 26.22609], [66.97119, 26.21036], [67.01813, 26.18566], [67.18457, 26.13328], [67.23302, 26.10321], [67.42063, 25.9201], [67.65897, 25.74065], [67.69051, 25.71034], [67.71116, 25.68313], [67.71559, 25.66534], [67.71072, 25.64637], [67.69927, 25.6272], [67.65048, 25.56958], [67.63302, 25.53506], [67.64681, 25.446], [67.71631, 25.15152], [67.7237, 25.09778], [67.72006, 25.06793], [67.70338, 25.05485], [67.67615, 25.04556], [67.49961, 25.01903], [67.48089, 25.01023], [67.4691, 24.9983], [67.45102, 24.96276], [67.44697, 24.94538], [67.45363, 24.93751], [67.54529, 24.91459], [67.6196, 24.87783], [67.64133, 24.81401], [67.64738, 24.77823], [67.64743, 24.70745], [67.63757, 24.65742], [67.64595, 24.58618], [67.68837, 24.53686], [67.70842, 24.50641], [67.72488, 24.47477], [67.74573, 24.41354], [67.70764, 24.36152], [67.66086, 24.3165], [67.66672, 24.22164], [67.66219, 24.14435], [67.65153, 24.0933], [67.62821, 24.02807], [67.61109, 23.99687], [67.56799, 23.94095], [67.54161, 23.91571], [67.49532, 23.8822], [67.47855, 23.8915], [67.50262, 23.89289], [67.51254, 23.89826], [67.54054, 23.93928], [67.50904, 23.92326], [67.49888, 23.92561], [67.49696, 23.93586], [67.50636, 23.97403], [67.4512, 23.9877], [67.46811, 24.02196], [67.4782, 24.03242], [67.4922, 24.02802], [67.51987, 24.04507], [67.5298, 24.05492], [67.53305, 24.07026], [67.50978, 24.05207], [67.48911, 24.0541], [67.44068, 24.07026], [67.38356, 24.0668], [67.35402, 24.07088], [67.34133, 24.08638], [67.33709, 24.11896], [67.29565, 24.19903], [67.29233, 24.26187], [67.27916, 24.28124], [67.29282, 24.30296], [67.28599, 24.32957], [67.30592, 24.34284], [67.33644, 24.34642], [67.36248, 24.34394], [67.32537, 24.35761], [67.28297, 24.35762], [67.27167, 24.36909], [67.27362, 24.39509], [67.28663, 24.43952], [67.25881, 24.41911], [67.25685, 24.44497], [67.24684, 24.46796], [67.21096, 24.50845], [67.23081, 24.52509], [67.22674, 24.53238], [67.20412, 24.53511], [67.19471, 24.54711], [67.18362, 24.5903], [67.21811, 24.58242], [67.25262, 24.59032], [67.209, 24.61376], [67.19044, 24.61766], [67.15992, 24.61226], [67.15212, 24.61572], [67.1496, 24.63508], [67.15693, 24.66267], [67.17541, 24.68851], [67.20011, 24.71074], [67.25294, 24.74038], [67.25554, 24.74799], [67.23268, 24.77074], [67.17628, 24.75776], [67.16734, 24.76017], [67.15602, 24.79157], [67.13966, 24.80329], [67.09995, 24.79708], [67.08123, 24.80329], [67.07374, 24.7958], [67.08251, 24.77417], [67.06374, 24.7817], [67.02296, 24.81005], [66.98732, 24.82222], [66.9651, 24.84357], [66.95769, 24.84357], [66.95786, 24.82543], [66.96508, 24.81006], [66.94118, 24.81258], [66.88209, 24.85102], [66.85377, 24.85224], [66.8025, 24.83956], [66.77963, 24.85102], [66.71632, 24.84154], [66.6797, 24.83056], [66.65416, 24.83919], [66.65691, 24.85887], [66.67702, 24.87954], [66.70444, 24.89204], [66.70444, 24.89887], [66.68134, 24.91055], [66.68134, 24.94888], [66.69703, 25.02546], [66.69961, 25.08548], [66.71346, 25.12058], [66.73227, 25.14326], [66.73797, 25.15949], [66.73715, 25.1811], [66.72146, 25.2126], [66.71754, 25.23119], [66.71022, 25.23924], [66.67408, 25.26903], [66.64805, 25.2834], [66.59522, 25.33023], [66.56073, 25.34968], [66.54787, 25.36563], [66.55373, 25.38543], [66.57928, 25.37938], [66.59116, 25.3996], [66.58709, 25.42622], [66.56423, 25.43945], [66.55056, 25.4571], [66.53102, 25.51813], [66.51271, 25.50838], [66.50587, 25.52204], [66.49285, 25.51806], [66.47787, 25.5493], [66.44411, 25.58251], [66.43702, 25.59772], [66.41212, 25.59057], [66.38771, 25.59245], [66.37258, 25.60391], [66.3755, 25.62568], [66.35869, 25.61451], [66.33855, 25.60811], [66.30323, 25.60458], [66.25815, 25.61201], [66.23975, 25.59993], [66.20395, 25.59321], [66.18344, 25.58161], [66.16717, 25.56607], [66.13737, 25.51383], [66.10963, 25.49543], [66.09441, 25.47484], [66.1211, 25.47516], [66.21306, 25.49136], [66.24156, 25.51845], [66.2588, 25.52485], [66.25816, 25.54311], [66.30912, 25.55399], [66.33643, 25.55336], [66.34831, 25.5462], [66.35271, 25.53555], [66.38851, 25.52203], [66.42319, 25.48102], [66.43727, 25.49127], [66.45623, 25.49603], [66.47584, 25.4933], [66.49218, 25.48102], [66.45753, 25.45376], [66.49789, 25.43048], [66.51155, 25.41421], [66.49838, 25.39852], [66.48367, 25.40068], [66.43702, 25.43325], [66.35955, 25.46524], [66.31186, 25.47492], [66.27866, 25.46736], [66.2518, 25.47289], [66.15919, 25.44694], [66.06902, 25.44623], [66.00434, 25.42959], [65.92471, 25.41864], [65.85841, 25.41755], [65.76539, 25.37801], [65.72438, 25.37116], [65.67164, 25.34741], [65.65211, 25.34448], [65.46778, 25.38544], [65.40073, 25.36669], [65.38235, 25.37117], [65.39536, 25.39228], [65.33619, 25.38532], [65.29233, 25.36499], [65.25978, 25.38044], [65.23227, 25.37067], [65.21111, 25.34785], [65.18779, 25.31082], [65.17998, 25.30357], [65.15528, 25.2961], [65.08961, 25.30558], [65.05885, 25.31452], [64.98064, 25.31661], [64.92066, 25.32705], [64.88966, 25.32835], [64.86109, 25.31661], [64.83912, 25.32534], [64.8073, 25.32852], [64.7444, 25.32404], [64.71852, 25.3144], [64.69597, 25.29759], [64.67856, 25.2768], [64.66863, 25.25511], [64.66277, 25.22907], [64.66863, 25.20673], [64.70915, 25.19065], [64.7102, 25.1794], [64.65504, 25.16573], [64.60037, 25.17317], [64.62696, 25.21162], [64.6277, 25.22846], [64.61061, 25.2517], [64.56544, 25.27025], [64.5184, 25.27558], [64.5066, 25.26691], [64.49203, 25.24568], [64.4393, 25.23461], [64.4175, 25.24092], [64.38282, 25.27147], [64.36069, 25.28303], [64.26601, 25.29859], [64.24464, 25.3166], [64.18393, 25.31868], [64.0945, 25.33589], [64.09475, 25.34992], [64.10694, 25.38544], [64.08352, 25.40351], [64.07961, 25.4162], [64.08376, 25.42674], [64.10621, 25.43325], [64.14088, 25.42886], [64.15089, 25.43212], [64.15528, 25.44693], [64.15073, 25.4514], [64.12729, 25.45376], [64.05649, 25.44173], [64.04542, 25.45034], [63.98959, 25.42544], [63.97657, 25.41279], [63.99708, 25.41962], [64.00424, 25.40205], [64.01173, 25.39728], [64.03517, 25.41619], [64.04883, 25.41648], [64.07959, 25.36498], [64.06674, 25.34627], [64.05974, 25.34456], [63.98733, 25.33833], [63.96974, 25.34447], [63.94387, 25.33495], [63.90659, 25.34122], [63.80494, 25.37499], [63.7378, 25.38532], [63.66993, 25.38361], [63.60467, 25.37442], [63.57252, 25.36498], [63.53761, 25.34447], [63.51051, 25.3166], [63.49577, 25.29141], [63.4852, 25.28434], [63.46949, 25.28925], [63.4817, 25.26016], [63.51872, 25.22085], [63.51172, 25.20027], [63.5005, 25.19368], [63.46877, 25.19906], [63.41114, 25.22248], [63.37696, 25.22777], [63.30789, 25.2204], [63.17848, 25.25804], [63.14405, 25.26093], [63.11313, 25.25511], [63.05095, 25.2242], [63.02784, 25.22037], [62.9421, 25.22783], [62.77052, 25.26191], [62.60496, 25.266], [62.47718, 25.25906], [62.46502, 25.23725], [62.46762, 25.22354], [62.4894, 25.21418], [62.46949, 25.20674], [62.44435, 25.21394], [62.41383, 25.20653], [62.3659, 25.17939], [62.34311, 25.15546], [62.33619, 25.13984], [62.33912, 25.12474], [62.35199, 25.11283], [62.38723, 25.10157], [62.38104, 25.08758], [62.29022, 25.09], [62.25608, 25.09863], [62.29079, 25.12474], [62.31528, 25.13019], [62.31813, 25.14183], [62.29748, 25.18513], [62.25422, 25.21203], [62.19181, 25.22008], [62.14519, 25.21841], [62.08003, 25.19715], [62.05899, 25.16164], [62.07308, 25.15057], [62.07783, 25.12771], [62.09716, 25.10713], [62.07555, 25.10076], [61.9295, 25.10956], [61.88111, 25.10301], [61.85743, 25.06684], [61.84733, 25.03792], [61.83522, 25.0384], [61.79047, 25.01778], [61.75487, 25.01348], [61.72956, 25.02179], [61.72008, 25.03744], [61.72577, 25.0589], [61.73585, 25.06952], [61.72854, 25.08308], [61.73234, 25.09142], [61.76002, 25.11538], [61.76678, 25.14565], [61.78012, 25.16254], [61.7837, 25.17316], [61.77955, 25.19107], [61.74952, 25.17318], [61.69418, 25.20051], [61.6242, 25.20441], [61.61243, 25.20052], [61.58823, 25.2021], [61.57976, 25.23347], [61.55445, 25.2541], [61.54469, 25.24828], [61.53728, 25.22036], [61.55833, 25.20052], [61.50424, 25.20881], [61.4826, 25.19367], [61.50642, 25.18672], [61.52407, 25.17297], [61.50318, 25.14525], [61.4974, 25.12544], [61.48951, 25.11861], [61.42058, 25.09687], [61.43505, 25.08771], [61.41171, 25.05942], [61.24353, 25.11189], [61.18508, 25.12326], [61.18548, 25.13961], [61.17027, 25.16444], [61.03061, 25.20978], [60.86688, 25.23458], [60.72771, 25.26439], [60.63327, 25.27507], [60.61697, 25.28319], [60.63234, 25.29609], [60.60811, 25.3278], [60.60157, 25.40595], [60.5652, 25.43862], [60.54965, 25.44693], [60.51417, 25.44733], [60.44565, 25.42817], [60.42848, 25.41962], [60.39527, 25.37788], [60.40203, 25.34467], [60.43766, 25.33392], [60.45219, 25.31739], [60.44109, 25.3166], [60.47005, 25.30308], [60.46724, 25.29029], [60.36256, 25.33055], [60.31923, 25.32986], [60.29031, 25.35131], [60.30397, 25.37116], [60.27125, 25.37958], [60.23504, 25.378], [60.20151, 25.37116], [60.19256, 25.36201], [60.19256, 25.35615], [60.21596, 25.33828], [60.2092, 25.3197], [60.18198, 25.3199], [60.16188, 25.33198], [60.11671, 25.33984], [60.09791, 25.35814], [60.08204, 25.36595], [59.94082, 25.35491], [59.9038, 25.32987], [59.8617, 25.34307], [59.81987, 25.3792], [59.77487, 25.38987], [59.61427, 25.38377], [59.538, 25.39976], [59.49044, 25.44347], [59.4539, 25.46161], [59.19532, 25.42292], [59.13835, 25.39852], [59.1172, 25.3942], [59.09409, 25.4064], [59.0669, 25.39852], [59.04396, 25.39961], [59.00756, 25.40965], [58.99432, 25.41963], [58.94809, 25.48652], [58.92351, 25.51337], [58.88445, 25.52949], [58.84962, 25.52881], [58.84056, 25.53281], [58.82521, 25.56037], [58.81373, 25.56362], [58.72804, 25.56363], [58.5464, 25.59366], [58.48414, 25.58468], [58.43051, 25.58797], [58.41181, 25.59602], [58.41896, 25.61201], [58.3576, 25.60456], [58.32105, 25.58081], [58.30592, 25.57731], [58.2907, 25.58373], [58.26075, 25.56575], [58.25197, 25.56685], [58.2483, 25.57388], [58.20728, 25.54931], [58.17021, 25.54413], [58.07309, 25.56363], [58.04624, 25.57495], [58.02419, 25.60188], [57.99431, 25.65917], [57.96323, 25.69318], [57.9253, 25.70132], [57.88404, 25.69164], [57.84352, 25.67284], [57.78744, 25.63545], [57.77175, 25.63558], [57.7759, 25.67967], [57.78305, 25.69977], [57.77125, 25.73045], [57.75563, 25.74274], [57.70973, 25.74852], [57.63185, 25.73494], [57.58717, 25.74852], [57.54582, 25.74179], [57.52096, 25.74354], [57.4525, 25.76289], [57.45997, 25.76903], [57.32619, 25.77702], [57.31154, 25.78413], [57.30446, 25.79955], [57.29868, 25.8487], [57.27456, 25.89912], [57.25359, 25.95897], [57.21974, 25.99502], [57.19859, 25.99503], [57.16677, 26.083], [57.16458, 26.09492], [57.17092, 26.11562], [57.202, 26.14623], [57.2129, 26.16625], [57.19923, 26.19819], [57.13308, 26.26374], [57.13844, 26.29043], [57.13105, 26.29662], [57.11817, 26.36432], [57.10711, 26.38227], [57.08791, 26.399], [57.08043, 26.41505], [57.07635, 26.44745], [57.09344, 26.57221], [57.09002, 26.6188], [57.02491, 26.85098], [57.01124, 26.86888], [56.97731, 26.89534], [56.96532, 26.91094], [56.96648, 26.92723], [56.92558, 26.95513], [56.94012, 26.95429], [56.97332, 26.96882], [56.96488, 26.97564], [56.96357, 26.98505], [56.97332, 27.003], [56.93238, 26.98934], [56.92311, 26.99141], [56.89088, 27.01704], [56.87135, 27.00846], [56.8655, 27.01188], [56.86346, 27.03026], [56.8506, 27.02767], [56.84377, 27.03291], [56.8441, 27.04022], [56.85841, 27.04743], [56.88461, 27.07062], [56.88461, 27.07807], [56.85532, 27.0817], [56.8314, 27.09614], [56.81521, 27.11701], [56.80885, 27.13955], [56.7972, 27.12935], [56.7847, 27.1254], [56.75734, 27.12524], [56.74237, 27.12959], [56.7256, 27.14883], [56.71607, 27.15314], [56.61232, 27.15425], [56.58969, 27.16063], [56.58285, 27.15316], [56.5586, 27.16519], [56.43676, 27.17882], [56.38412, 27.1975], [56.35304, 27.20161], [56.29119, 27.19847], [56.25961, 27.19123], [56.21518, 27.16788], [56.12371, 27.16063], [56.09889, 27.14102], [56.0935, 27.12556], [55.98732, 27.06635], [55.9393, 27.02669], [55.84213, 27.00972], [55.79835, 27.00975], [55.76368, 26.99617], [55.72633, 26.99618], [55.68482, 27.003], [55.66586, 26.99543], [55.60857, 26.95368], [55.55445, 26.89989], [55.58236, 26.91355], [55.58642, 26.88907], [55.5804, 26.85912], [55.55445, 26.81054], [55.52155, 26.78449], [55.48406, 26.76753], [55.44202, 26.75992], [55.39731, 26.76216], [55.31674, 26.7871], [55.27084, 26.79255], [55.23292, 26.77644], [55.2059, 26.72639], [55.16212, 26.71914], [55.10328, 26.70132], [55.03809, 26.64904], [54.93067, 26.57266], [54.82203, 26.51577], [54.80152, 26.49824], [54.79103, 26.49585], [54.74968, 26.50894], [54.66383, 26.50203], [54.61997, 26.50826], [54.60289, 26.531], [54.59059, 26.55996], [54.56129, 26.58466], [54.51661, 26.59251], [54.42563, 26.58935], [54.38963, 26.60504], [54.33774, 26.69343], [54.30812, 26.71499], [54.28688, 26.71865], [54.24731, 26.71083], [54.15062, 26.70818], [54.05394, 26.73157], [54.03452, 26.74531], [54.0158, 26.74946], [53.99513, 26.74559], [53.92937, 26.71801], [53.84278, 26.70211], [53.82081, 26.70133], [53.77613, 26.71426], [53.75172, 26.71605], [53.72828, 26.70475], [53.7163, 26.70849], [53.66383, 26.74909], [53.5884, 26.78892], [53.49135, 26.85453], [53.47724, 26.87011], [53.47152, 26.8894], [53.46909, 26.9372], [53.46111, 26.9571], [53.4441, 26.97565], [53.41212, 26.99356], [53.07203, 27.09687], [53.02866, 27.10408], [52.9922, 27.14696], [52.93264, 27.16036], [52.92336, 27.17024], [52.91472, 27.19196], [52.8943, 27.20307], [52.84832, 27.21528], [52.76775, 27.27973], [52.73219, 27.30134], [52.60134, 27.35294], [52.58075, 27.37226], [52.57924, 27.39294], [52.58856, 27.4055], [52.60524, 27.41204], [52.66651, 27.41535], [52.67897, 27.42528], [52.6701, 27.44863], [52.65414, 27.46088], [52.61354, 27.47469], [52.59841, 27.48583], [52.56764, 27.54072], [52.49252, 27.60944], [52.45965, 27.63264], [52.42311, 27.64663], [52.24469, 27.68147], [52.20721, 27.69824], [52.0892, 27.7954], [52.05258, 27.81737], [52.01124, 27.83271], [51.96372, 27.83845], [51.8943, 27.83089], [51.85963, 27.84589], [51.82386, 27.8436], [51.7228, 27.82513], [51.65588, 27.83572], [51.64001, 27.91893], [51.63676, 27.96817], [51.62976, 27.97516], [51.52778, 27.94134], [51.46282, 27.932], [51.45208, 27.94752], [51.42816, 27.96115], [51.4204, 27.93321], [51.39988, 27.93172], [51.38027, 27.99142], [51.36062, 28.01638], [51.34522, 28.05267], [51.30753, 28.10713], [51.26977, 28.14046], [51.26483, 28.16055], [51.28688, 28.2143], [51.28533, 28.24091], [51.26482, 28.27045], [51.21783, 28.31121], [51.18238, 28.35977], [51.14199, 28.4006], [51.08082, 28.53376], [51.07252, 28.5655], [51.07154, 28.69269], [51.05885, 28.73591], [51.03639, 28.77253], [51.01092, 28.79914], [50.97869, 28.81664], [50.87616, 28.83203], [50.86004, 28.86245], [50.81301, 28.91471], [50.80494, 28.9334], [50.79885, 28.96113], [50.80259, 28.98582], [50.82325, 28.99664], [50.84278, 28.99066], [50.86247, 28.97613], [50.88868, 28.94139], [50.89926, 28.94945], [50.8934, 28.96503], [50.89488, 28.97614], [50.92897, 29.00967], [50.92994, 29.05463], [50.92018, 29.06904], [50.90171, 29.0649], [50.89332, 29.0939], [50.87436, 29.11327], [50.85085, 29.10547], [50.84034, 29.14061], [50.81642, 29.14419], [50.73829, 29.14008], [50.72022, 29.13719], [50.69369, 29.12345], [50.66587, 29.12642], [50.64382, 29.14346], [50.63492, 29.17156], [50.63576, 29.2077], [50.65839, 29.24994], [50.66731, 29.25712], [50.68263, 29.24307], [50.68946, 29.29084], [50.6738, 29.29943], [50.66148, 29.31879], [50.66863, 29.34333], [50.66822, 29.38227], [50.65528, 29.44912], [50.62273, 29.49307], [50.60743, 29.4995], [50.60693, 29.46967], [50.57276, 29.51801], [50.52004, 29.55598], [50.49668, 29.59573], [50.45606, 29.6341], [50.39699, 29.65474], [50.38788, 29.66511], [50.3816, 29.685], [50.31348, 29.76379], [50.24383, 29.86685], [50.18385, 29.90315], [50.14474, 29.93822], [50.13398, 29.98354], [50.14967, 29.98518], [50.15333, 29.99103], [50.13398, 30.00406], [50.14479, 30.03791], [50.12185, 30.09455], [50.1277, 30.12067], [50.09774, 30.14876], [50.07342, 30.19575], [50.05885, 30.20458], [50.0241, 30.21625], [49.98829, 30.21992], [49.95102, 30.21503], [49.91456, 30.20392], [49.60075, 30.0301], [49.56446, 30.01684], [49.53224, 30.02294], [49.50409, 30.05866], [49.50123, 30.12006], [49.47983, 30.15607], [49.45932, 30.16519], [49.42823, 30.16852], [49.38369, 30.16174], [49.34995, 30.17528], [49.32928, 30.17227], [49.29159, 30.15847], [49.27125, 30.15486], [49.24513, 30.15649], [49.2357, 30.16511], [49.23707, 30.20637], [49.21601, 30.22379], [49.2212, 30.26455], [49.20916, 30.27147], [49.19287, 30.23775], [49.17847, 30.22591], [49.16139, 30.22379], [49.14333, 30.23355], [49.12403, 30.25641], [49.08351, 30.26485], [49.01735, 30.2983], [49.00368, 30.3094], [48.99708, 30.34162], [48.9795, 30.36176], [48.9533, 30.37352], [48.92117, 30.38077], [48.93181, 30.39716], [48.94831, 30.401], [49.01075, 30.39594], [49.06202, 30.4081], [49.08236, 30.40378], [49.12338, 30.38508], [49.17643, 30.37274], [49.20289, 30.34663], [49.22772, 30.38922], [49.25717, 30.42186], [49.26385, 30.44965], [49.24318, 30.44604], [49.22829, 30.45442], [49.21902, 30.4698], [49.21119, 30.50633], [49.16824, 30.47702], [49.17506, 30.49746], [49.16676, 30.50878], [49.13405, 30.49747], [49.11012, 30.51797], [49.08937, 30.51115], [49.03435, 30.51927], [49.01735, 30.51114], [48.98146, 30.51561], [48.95297, 30.50019], [48.94565, 30.47972], [48.97267, 30.46947], [49.0044, 30.46402], [49.02947, 30.45026], [49.03727, 30.43252], [49.01734, 30.41494], [48.94646, 30.42158], [48.93482, 30.41865], [48.88014, 30.37458], [48.86232, 30.34561], [48.87369, 30.33665], [48.85963, 30.31623], [48.86704, 30.29475], [48.92114, 30.25043], [48.93596, 30.21041], [48.94163, 30.16538], [48.92799, 30.12067], [48.93481, 30.07997], [48.92863, 30.06023], [48.91528, 30.04219], [48.89722, 30.02946], [48.87672, 30.02449], [48.80885, 30.03144], [48.79135, 30.02449], [48.77198, 30.03238], [48.702, 30.03194], [48.65952, 30.05223], [48.64332, 30.05541], [48.64064, 30.03807], [48.65893, 30.00727], [48.66162, 29.99348], [48.65137, 29.97501], [48.63379, 29.96305], [48.61085, 29.95703], [48.53745, 29.96304], [48.53745, 29.96987], [48.53077, 29.9562], [48.55494, 29.95649], [48.55924, 29.9466], [48.54688, 29.93473], [48.52029, 29.92892], [48.41159, 29.93851], [48.33547, 29.96142], [48.29957, 29.98452], [48.26466, 29.99397], [48.20924, 30.02448], [48.16578, 30.03754], [48.11915, 30.04499], [48.07634, 30.04564], [48.03826, 30.03685], [47.96901, 30.00407], [47.95167, 30.08832], [47.93482, 30.10708], [47.9485, 30.06232], [47.94093, 30.02652], [47.9485, 30.01765], [47.94801, 29.99405], [47.97532, 29.94232], [47.98268, 29.86066], [47.99562, 29.8277], [48.02174, 29.77973], [48.05242, 29.74299], [48.07887, 29.74395], [48.11915, 29.65453], [48.16129, 29.60162], [48.18082, 29.56242], [48.17675, 29.54192], [48.1543, 29.53917], [48.11323, 29.5548], [48.09255, 29.56583], [48.08595, 29.57502], [48.02386, 29.58481], [47.96553, 29.5763], [47.91061, 29.5318], [47.84926, 29.50198], [47.80704, 29.46762], [47.76386, 29.41294], [47.71839, 29.3942], [47.70472, 29.36363], [47.727, 29.36193], [47.79174, 29.37248], [47.8373, 29.38749], [47.85113, 29.3802], [47.82261, 29.36343], [47.81643, 29.33756], [47.84093, 29.32293], [47.8579, 29.32303], [47.89919, 29.33525], [47.9054, 29.35926], [47.9202, 29.36486], [47.93933, 29.35943], [47.95937, 29.37244], [47.96989, 29.38723], [47.98574, 29.39375], [48.02524, 29.35489], [48.06327, 29.34337], [48.10025, 29.34994], [48.09207, 29.28723], [48.09538, 29.25775], [48.10613, 29.21352], [48.12843, 29.17389], [48.13376, 29.15377], [48.15846, 29.01728], [48.17604, 28.98379], [48.22592, 28.91828], [48.24098, 28.90567], [48.27946, 28.89443], [48.28239, 28.87938], [48.27687, 28.83959], [48.28517, 28.81989], [48.32879, 28.75996], [48.39355, 28.74339], [48.3838, 28.72801], [48.37965, 28.71035], [48.38671, 28.67513], [48.36622, 28.68871], [48.36598, 28.67573], [48.37988, 28.66767], [48.3677, 28.65673], [48.35271, 28.66144], [48.35182, 28.64053], [48.36101, 28.63556], [48.37468, 28.64167], [48.38672, 28.65399], [48.39356, 28.59565], [48.40528, 28.56989], [48.45639, 28.51846], [48.49463, 28.50014], [48.50765, 28.44916], [48.50457, 28.40747], [48.46509, 28.40815], [48.43278, 28.54048], [47.85906, 28.53527], [47.84615, 28.76956], [47.80418, 28.83214], [47.77209, 28.89646], [47.75052, 28.9693], [47.68288, 28.98994], [47.64193, 29.00727], [47.59415, 29.01637], [47.60453, 29.09127], [47.6349, 29.16686], [47.63017, 29.17611], [47.5266, 29.22029], [47.2423, 29.3563], [46.65126, 29.62346], [46.04154, 29.90813], [45.73476, 30.05644], [45.12626, 30.36014], [44.87656, 30.47581], [44.62264, 30.57644], [44.11983, 30.75784], [43.8771, 30.85234], [43.64562, 30.95795], [43.4279, 31.08159], [43.22785, 31.22947], [43.10612, 31.34089], [42.99455, 31.45591], [42.88984, 31.57321], [42.59217, 31.91943], [42.4896, 32.0272], [42.38061, 32.12872], [42.20096, 32.26434], [42.02615, 32.35843], [41.85438, 32.41698], [41.68417, 32.4455], [41.51373, 32.44891], [41.3439, 32.43204], [41.17297, 32.39958], [41.00019, 32.35618], [40.65501, 32.2583], [40.41666, 32.1982], [40.31435, 32.17786], [40.24512, 31.95911], [40.02901, 31.99448], [39.44333, 32.0798], [39.4511, 32.22277], [39.32968, 32.23932], [39.22778, 32.24431], [39.04068, 32.22678], [38.86851, 32.178], [38.91432, 31.98228], [37.83879, 31.71595], [37.89884, 31.49104], [37.80902, 31.42704], [37.63494, 31.32225], [37.45407, 31.23072], [37.26606, 31.15163], [37.07314, 31.08539], [36.87636, 31.03175], [36.67588, 30.99031], [36.47251, 30.96091], [36.21914, 30.94038], [35.96363, 30.93701], [35.6497, 30.94914], [35.38526, 30.96328], [35.3741, 30.94514], [35.33493, 30.91259], [35.32222, 30.88995], [35.31664, 30.82282], [35.31085, 30.81331], [35.28614, 30.79233], [35.27953, 30.78024], [35.02272, 30.86239], [34.85992, 30.83261], [34.69743, 30.80846], [34.50617, 30.78723], [34.30592, 30.77098], [33.88265, 30.74723], [33.66507, 30.73938], [33.34825, 30.73433], [33.19577, 30.72531], [33.06783, 30.72919], [32.88002, 30.72204], [32.755, 30.71162], [32.64777, 30.6944], [32.55403, 30.66777], [32.47496, 30.6313], [32.4054, 30.58268], [32.34145, 30.51891], [32.26491, 30.41262], [32.17905, 30.26825], [32.12645, 30.14977], [32.13682, 30.14156], [32.20999, 30.1557], [32.29134, 30.15715], [32.37139, 30.14482], [32.44704, 30.11917], [32.51534, 30.08121], [32.57366, 30.0324], [32.61975, 29.97464], [32.65169, 29.91058], [32.66873, 29.84145], [32.66904, 29.76352], [32.65644, 29.77709], [32.64845, 29.79462], [32.6255, 29.81525], [32.60452, 29.82417], [32.60956, 29.83388], [32.6255, 29.84634], [32.62534, 29.87425], [32.61248, 29.89374], [32.57156, 29.9289], [32.58432, 29.93871], [32.57781, 29.9488], [32.58546, 29.95246], [32.56162, 29.97639], [32.57781, 29.98355], [32.57781, 30.01142], [32.57154, 30.01142], [32.55746, 29.97647], [32.57049, 29.95576], [32.57154, 29.94257], [32.56415, 29.94258], [32.56178, 29.95523], [32.55397, 29.9621], [32.54274, 29.96255], [32.53004, 29.95622], [32.51344, 29.96158], [32.49391, 29.95063], [32.46795, 29.91523], [32.46681, 29.89688], [32.47291, 29.88198], [32.48699, 29.87157], [32.50951, 29.86684], [32.49155, 29.85407], [32.39283, 29.73436], [32.36394, 29.68822], [32.35808, 29.67194], [32.35736, 29.63036], [32.35156, 29.61368], [32.33766, 29.59992], [32.33766, 29.59248], [32.34845, 29.58486], [32.36855, 29.55738], [32.3768, 29.53608], [32.45119, 29.48741], [32.49732, 29.44009], [32.52873, 29.42351], [32.55717, 29.39762], [32.58122, 29.36912], [32.59138, 29.34971], [32.60548, 29.29194], [32.61866, 29.26118], [32.63232, 29.24307], [32.62867, 29.21894], [32.65895, 29.11055], [32.65967, 29.0891], [32.63892, 29.06135], [32.62818, 29.05703], [32.62469, 29.04816], [32.63232, 29.03758], [32.6255, 28.97272], [32.67334, 28.92153], [32.68084, 28.88056], [32.70752, 28.85634], [32.7492, 28.80484], [32.78451, 28.79938], [32.80689, 28.77814], [32.82073, 28.74761], [32.86891, 28.57892], [32.92725, 28.55157], [32.96336, 28.51794], [32.97291, 28.49982], [33.00293, 28.48948], [33.01303, 28.46304], [33.04176, 28.41413], [33.05078, 28.40692], [33.04957, 28.40135], [33.04322, 28.40078], [33.08757, 28.36859], [33.10654, 28.34729], [33.10532, 28.32563], [33.11971, 28.30894], [33.12648, 28.2875], [33.20052, 28.21136], [33.21217, 28.18993], [33.24194, 28.17486], [33.24936, 28.14289], [33.28321, 28.13238], [33.31642, 28.09638], [33.33813, 28.08543], [33.33611, 28.05679], [33.3436, 28.0506], [33.36605, 28.05067], [33.37468, 28.03587], [33.44192, 28.0164], [33.51253, 27.95905], [33.53541, 27.91641], [33.55418, 27.89675], [33.57616, 27.85049], [33.59204, 27.79126], [33.57155, 27.79126], [33.56007, 27.81342], [33.48894, 27.84589], [33.48219, 27.84589], [33.47348, 27.82319], [33.48219, 27.80492], [33.51172, 27.77509], [33.52272, 27.7519], [33.55144, 27.76161], [33.55786, 27.75991], [33.55249, 27.73188], [33.53679, 27.70808], [33.55047, 27.69505], [33.57495, 27.68137], [33.59204, 27.65347], [33.59204, 27.64665], [33.55787, 27.68138], [33.55047, 27.68138], [33.55786, 27.65966], [33.55048, 27.65966], [33.5442, 27.67919], [33.52654, 27.67756], [33.50717, 27.66372], [33.49635, 27.64663], [33.51984, 27.63565], [33.56469, 27.57152], [33.55828, 27.55711], [33.55787, 27.53677], [33.61817, 27.50811], [33.63297, 27.49583], [33.64039, 27.45482], [33.67114, 27.42039], [33.68483, 27.3557], [33.69166, 27.34186], [33.72478, 27.31371], [33.82519, 27.25983], [33.83838, 27.24258], [33.83838, 27.19416], [33.82472, 27.18049], [33.83676, 27.12075], [33.84718, 27.107], [33.88314, 27.08079], [33.90137, 27.05874], [33.90868, 27.04215], [33.89373, 27.04393], [33.89389, 27.0279], [33.90089, 27.01423], [33.921, 26.98917], [33.95167, 26.93098], [33.99097, 26.90741], [33.996, 26.89677], [34.00358, 26.84917], [33.99623, 26.83807], [33.97967, 26.83712], [33.95965, 26.8498], [33.94825, 26.831], [33.94581, 26.79999], [33.9519, 26.74336], [33.93214, 26.6826], [33.94142, 26.65351], [33.95541, 26.64301], [34.00335, 26.62576], [34.014, 26.61163], [34.02394, 26.58072], [34.0564, 26.5423], [34.07054, 26.51508], [34.10483, 26.42666], [34.17749, 26.31484], [34.26197, 26.13947], [34.30102, 26.08779], [34.33871, 26.00178], [34.41729, 25.9034], [34.43474, 25.86188], [34.5018, 25.77163], [34.54672, 25.72475], [34.59013, 25.64709], [34.63346, 25.5694], [34.64715, 25.52204], [34.67139, 25.47972], [34.6819, 25.4287], [34.69996, 25.40103], [34.74333, 25.3513], [34.76499, 25.29609], [34.79492, 25.25438], [34.80689, 25.21161], [34.93913, 25.00336], [34.94304, 24.97126], [34.95373, 24.94414], [34.98974, 24.90501], [34.99391, 24.84931], [35.00221, 24.81562], [35.01027, 24.80443], [35.06361, 24.7639], [35.08072, 24.73541], [35.10955, 24.64379], [35.14601, 24.5859], [35.16026, 24.57461], [35.16064, 24.5585], [35.14445, 24.52768], [35.14456, 24.50021], [35.18571, 24.48565], [35.23546, 24.40013], [35.3704, 24.30625], [35.39172, 24.28294], [35.42864, 24.18595], [35.45592, 24.15874], [35.49383, 24.1089], [35.51051, 24.11123], [35.49378, 24.13896], [35.5039, 24.14053], [35.52419, 24.12127], [35.55205, 24.11049], [35.58836, 24.07583], [35.60272, 24.0481], [35.60526, 24.01882], [35.63563, 24.00186], [35.66685, 24.00724], [35.71729, 23.99341], [35.73856, 23.98331], [35.75374, 23.96865], [35.77483, 23.92391], [35.79252, 23.90229], [35.78578, 23.89306], [35.75036, 23.93242], [35.73601, 23.93321], [35.68452, 23.91093], [35.64575, 23.92556], [35.59854, 23.92943], [35.57999, 23.93636], [35.56178, 23.95718], [35.55145, 23.9604], [35.55055, 23.96548], [35.51393, 23.97712], [35.50492, 23.971], [35.49122, 23.94758], [35.48387, 23.91779], [35.49064, 23.87], [35.47477, 23.79792], [35.48322, 23.77249], [35.50171, 23.76869], [35.51014, 23.75638], [35.50611, 23.73456], [35.51021, 23.68392], [35.50368, 23.55589], [35.48943, 23.49702], [35.49334, 23.48237], [35.52432, 23.43872], [35.54742, 23.39427], [35.55143, 23.37751], [35.5503, 23.33023], [35.57468, 23.21256], [35.62097, 23.13948], [35.65463, 23.07375], [35.66782, 22.98261], [35.69531, 22.93213], [35.73707, 22.88398], [35.76368, 22.87043], [35.72342, 22.93186], [35.74293, 22.93129], [35.7557, 22.9223], [35.77105, 22.89059], [35.78492, 22.8332], [35.80127, 22.82257], [35.84755, 22.76299], [35.88596, 22.7357], [35.94019, 22.71661], [35.96949, 22.69798], [36.12031, 22.67574], [36.19777, 22.65168], [36.22608, 22.63543], [36.27466, 22.59235], [36.2904, 22.56839], [36.29637, 22.522], [36.31342, 22.49161], [36.37452, 22.44526], [36.40476, 22.43288], [36.40157, 22.44856], [36.40685, 22.44857], [36.42809, 22.42604], [36.42282, 22.39761], [36.43982, 22.35644], [36.50791, 22.32794], [36.56262, 22.29681], [36.6233, 22.24957], [36.71372, 22.16914], [36.73276, 22.15961], [36.74757, 22.16096], [36.75685, 22.17689], [36.78208, 22.16455], [36.79565, 22.15078], [36.81821, 22.10883], [36.87194, 22.07411], [36.89537, 22.06612], [36.89844, 22.01749], [36.8838, 21.99665], [36.88051, 21.98049], [36.8737, 21.97408], [36.8401, 21.96613], [36.86393, 21.94936], [36.87353, 21.9361], [36.8742, 21.81525], [36.89681, 21.67788], [36.88787, 21.65013], [36.90202, 21.64105], [36.90594, 21.61709], [36.93053, 21.5857], [36.98406, 21.46581], [37.11362, 21.27806], [37.1992, 21.20188], [37.3053, 21.0746], [37.31299, 21.05768], [37.30396, 21.02091], [37.29135, 21.01265], [37.27215, 21.02017], [37.25179, 21.00619], [37.2339, 21.02026], [37.19234, 21.08591], [37.18931, 21.09723], [37.1963, 21.10211], [37.20931, 21.09861], [37.22706, 21.07168], [37.25001, 21.055], [37.26352, 21.04975], [37.27215, 21.05427], [37.27003, 21.06257], [37.24538, 21.08906], [37.22975, 21.12783], [37.21892, 21.14175], [37.20314, 21.13688], [37.17514, 21.15672], [37.167, 21.1462], [37.1592, 21.14803], [37.14862, 21.17097], [37.15952, 21.20645], [37.14861, 21.21874], [37.12143, 21.22427], [37.10499, 21.20751], [37.0984, 21.18089], [37.10076, 21.15672], [37.1058, 21.15111], [37.11817, 21.15033], [37.1206, 21.1437], [37.11378, 21.12324], [37.11784, 21.08613], [37.11377, 21.07478], [37.10394, 21.06549], [37.08668, 21.05712], [37.08644, 21.0406], [37.12061, 20.99969], [37.1473, 20.94086], [37.16002, 20.87796], [37.16912, 20.74641], [37.1836, 20.68439], [37.22803, 20.56501], [37.23047, 20.49999], [37.22241, 20.46825], [37.21273, 20.4587], [37.1823, 20.46284], [37.17888, 20.44994], [37.18261, 20.42023], [37.17514, 20.34919], [37.18263, 20.29393], [37.19424, 20.2651], [37.0634, 20.24017], [36.88508, 20.22005], [36.70534, 20.21205], [36.52515, 20.21571], [36.34407, 20.23052], [36.16201, 20.25597], [35.97889, 20.29155], [35.79497, 20.3367], [35.06279, 20.57277], [34.35511, 20.86982], [33.67121, 21.215], [33.01102, 21.59939], [32.76397, 21.76316], [32.75127, 21.9954], [32.10847, 21.99541], [32.09665, 22.22679], [31.77125, 22.46773], [31.20072, 22.94623], [30.66933, 23.45183], [30.41617, 23.72349], [30.18542, 23.99812], [29.97243, 24.27614], [29.77368, 24.55653], [29.58502, 24.83925], [29.19706, 25.45026], [28.83332, 26.01376], [28.40162, 26.62738], [27.96368, 27.2387], [27.75061, 27.54267], [27.54427, 27.84863], [27.34707, 28.15807], [27.24621, 28.33314], [27.03806, 28.72213], [26.94182, 28.89022], [26.79947, 29.11204], [26.66025, 29.28838], [26.50264, 29.44289], [26.32349, 29.5679], [26.17325, 29.63783], [25.99608, 29.69695], [25.79943, 29.74713], [25.59134, 29.79028], [24.79984, 29.92806], [23.94443, 30.09629], [23.51619, 30.18563], [23.08798, 30.28251], [22.66005, 30.38935], [22.23424, 30.50794], [21.81375, 30.63977], [21.40337, 30.78561], [21.27251, 30.84019], [21.14155, 30.90472], [21.01371, 30.97754], [20.89048, 31.05787], [20.7745, 31.14436], [20.66799, 31.23597], [20.5725, 31.33227], [20.49021, 31.43201], [20.43032, 31.52076], [20.38107, 31.61205], [20.34211, 31.70711], [20.31419, 31.80561], [20.3052, 31.85474], [20.20031, 31.87361], [20.12393, 31.90105], [20.05591, 31.94016], [20.02568, 31.9637], [19.97565, 32.01592], [20.04787, 32.14578], [20.07155, 32.17641], [20.26173, 32.33954], [20.32546, 32.40981], [20.38551, 32.43464], [20.56268, 32.55784], [20.79656, 32.64301], [20.9338, 32.72243], [21.05096, 32.77228], [21.09669, 32.78106], [21.28679, 32.77114], [21.33188, 32.77464], [21.41481, 32.7934], [21.4546, 32.81257], [21.60847, 32.93059], [21.62322, 32.93674], [21.67172, 32.93989], [21.71632, 32.95037], [21.74366, 32.93085], [21.78745, 32.91596], [21.87745, 32.90322], [22.0962, 32.92308], [22.11672, 32.94415], [22.14958, 32.94793], [22.16943, 32.93821], [22.17506, 32.91625], [22.2068, 32.88813], [22.24732, 32.88084], [22.33984, 32.88208], [22.37915, 32.87034], [22.47731, 32.80707], [22.51385, 32.79096], [22.57915, 32.78454], [22.81251, 32.7245], [22.86671, 32.69416], [22.92921, 32.6767], [22.9769, 32.67669], [23.04135, 32.65253], [23.08643, 32.64646], [23.10612, 32.63983], [23.11865, 32.62934], [23.12093, 32.61522], [23.09441, 32.57738], [23.10385, 32.51634], [23.11329, 32.5008], [23.14892, 32.47809], [23.12842, 32.39551], [23.10866, 32.40234], [23.10987, 32.42031], [23.09441, 32.43647], [23.07911, 32.35444], [23.08058, 32.33405], [23.09555, 32.32355], [23.17896, 32.29995], [23.19507, 32.29164], [23.23065, 32.25084], [23.2435, 32.22061], [23.28543, 32.20374], [23.3025, 32.17072], [23.31218, 32.16275], [23.2991, 32.22417], [23.31837, 32.21784], [23.36222, 32.21703], [23.40528, 32.19066], [23.5311, 32.18138], [23.66969, 32.18325], [23.84014, 32.14916], [23.99869, 32.0939], [23.97071, 32.0666], [24.00489, 32.05292], [24.06788, 32.01118], [24.09067, 32.00576], [24.28115, 32.00754], [24.54607, 31.99144], [24.63624, 32.01488], [24.67026, 32.03241], [24.71062, 32.02558], [24.73373, 32.03314], [24.79176, 32.00776], [24.82439, 32.00299], [24.86541, 31.98933], [24.98195, 31.96779], [25.0179, 31.94903], [25.03336, 31.91633], [25.02223, 31.85468], [25.02955, 31.8369], [25.06391, 31.80388], [25.1167, 31.73819], [25.13673, 31.69257], [25.15625, 31.66307], [25.14942, 31.64887], [25.16179, 31.58356], [25.17286, 31.55158], [25.19093, 31.53148], [25.21258, 31.52635], [25.26343, 31.52366], [25.30209, 31.50654], [25.3685, 31.51226], [25.40187, 31.50316], [25.42041, 31.51224], [25.47389, 31.52049], [25.63649, 31.5607], [25.82407, 31.61493], [25.86883, 31.6209], [25.96652, 31.61662], [26.36215, 31.52192], [26.6504, 31.48878], [26.68312, 31.47622], [26.75318, 31.47748], [26.82472, 31.44782], [26.86573, 31.43684], [26.91163, 31.43651], [26.94793, 31.44822], [26.9655, 31.44964], [26.99643, 31.4287], [27.02702, 31.42226], [27.05437, 31.40864], [27.11736, 31.39045], [27.1853, 31.38429], [27.20997, 31.37811], [27.22625, 31.36766], [27.24611, 31.38128], [27.32748, 31.37921], [27.34228, 31.36823], [27.3423, 31.35399], [27.3623, 31.33051], [27.36378, 31.3155], [27.39357, 31.25471], [27.4463, 31.22321], [27.58774, 31.1931], [27.60987, 31.20318], [27.66033, 31.18024], [27.71949, 31.18928], [27.83547, 31.23784], [27.85287, 31.24029], [27.86328, 31.23354], [27.86841, 31.21964], [27.86988, 31.19977], [27.8903, 31.15542], [27.89715, 31.11441], [27.92693, 31.09903], [27.97511, 31.09308], [28.15455, 31.09332], [28.20387, 31.0705], [28.23387, 31.0734], [28.31837, 31.0598], [28.33863, 31.06411], [28.3821, 31.08274], [28.40496, 31.08648], [28.42432, 31.08343], [28.44243, 31.07628], [28.47853, 31.05183], [28.5276, 31.05011], [28.73247, 30.98414], [28.78777, 30.95966], [28.81202, 30.95676], [28.81803, 30.95115], [28.82887, 30.91519], [28.8357, 30.91079], [28.85456, 30.90585], [29.02809, 30.82705], [29.18922, 30.83324], [29.21892, 30.83804], [29.50327, 30.95669], [29.55633, 30.99091], [29.60377, 31.01203], [29.61889, 31.02942], [29.76596, 31.12157], [29.78151, 31.14792], [29.80934, 31.14232], [29.83839, 31.15412], [29.88461, 31.18952], [29.87566, 31.20087], [29.86356, 31.19637], [29.87697, 31.21356], [29.88477, 31.21376], [29.89088, 31.20319], [29.8982, 31.20319], [29.95623, 31.25006], [29.98316, 31.26325], [30.0033, 31.28723], [30.02508, 31.29487], [30.04908, 31.31306], [30.04169, 31.31548], [30.04226, 31.3205], [30.06958, 31.33346], [30.06666, 31.30488], [30.0949, 31.28559], [30.136, 31.27485], [30.17262, 31.27143], [30.1447, 31.25161], [30.14405, 31.24657], [30.15209, 31.24413], [30.14015, 31.23725], [30.14373, 31.22948], [30.16521, 31.21678], [30.20678, 31.23792], [30.20167, 31.22651], [30.2072, 31.22089], [30.22047, 31.2202], [30.25457, 31.25161], [30.2614, 31.24413], [30.26881, 31.26529], [30.27506, 31.26529], [30.27662, 31.24641], [30.28875, 31.23794], [30.30299, 31.27143], [30.28761, 31.27822], [30.24091, 31.2653], [30.2409, 31.27143], [30.25457, 31.27143], [30.25457, 31.27827], [30.23846, 31.27399], [30.17972, 31.27144], [30.17945, 31.27823], [30.21656, 31.28644], [30.25172, 31.30341], [30.31284, 31.35057], [30.33448, 31.38101], [30.3484, 31.42133], [30.35239, 31.4632], [30.34394, 31.49798], [30.35076, 31.49799], [30.36459, 31.46011], [30.37843, 31.44668], [30.39861, 31.44334], [30.37062, 31.46162], [30.35572, 31.49112], [30.36216, 31.50872], [30.42563, 31.47362], [30.45639, 31.46271], [30.49252, 31.45921], [30.53582, 31.46385], [30.67652, 31.49616], [30.97389, 31.58672], [30.97388, 31.57991], [30.86638, 31.54828], [30.7361, 31.48871], [30.69337, 31.46386], [30.66603, 31.45702], [30.6281, 31.43432], [30.55787, 31.42219], [30.54265, 31.40241], [30.54265, 31.39497], [30.56324, 31.3902], [30.58323, 31.39497], [30.59864, 31.38736], [30.62672, 31.38866], [30.65382, 31.39582], [30.66603, 31.4055], [30.67507, 31.42156], [30.69507, 31.41689], [30.72755, 31.38813], [30.73439, 31.38813], [30.74074, 31.4055], [30.75621, 31.42299], [30.77467, 31.43683], [30.79851, 31.44647], [30.83741, 31.42914], [30.87371, 31.43451], [30.88574, 31.42914], [30.87843, 31.42699], [30.87892, 31.42227], [30.89243, 31.41909], [30.90943, 31.42381], [30.93971, 31.44334], [30.93329, 31.44514], [30.93971, 31.457], [30.97396, 31.44407], [30.98072, 31.43651], [30.99692, 31.45112], [31.00807, 31.47134], [31.00231, 31.47984], [31.02174, 31.49799], [31.0233, 31.51382], [31.02915, 31.51849], [31.07154, 31.51724], [31.09742, 31.50483], [31.10157, 31.4925], [31.11915, 31.49311], [31.12924, 31.50446], [31.11111, 31.51227], [31.13038, 31.517], [31.11109, 31.53974], [31.07081, 31.56538], [31.0232, 31.58299], [30.97804, 31.5843], [31.01238, 31.5969], [31.09742, 31.60789], [31.12892, 31.60486], [31.22124, 31.57979], [31.37831, 31.51861], [31.41961, 31.49116], [31.52369, 31.44965], [31.55681, 31.44334], [31.59742, 31.44448], [31.7483, 31.48159], [31.83791, 31.52533], [31.87436, 31.53558], [31.91293, 31.53489], [31.94483, 31.52093], [31.9642, 31.48241], [31.99577, 31.44574], [32.00904, 31.41718], [32.02491, 31.40005], [32.05698, 31.37515], [32.10425, 31.36147], [32.12916, 31.33739], [32.19953, 31.29509], [32.16876, 31.30083], [32.07011, 31.35399], [32.08009, 31.35399], [32.09059, 31.34715], [32.08351, 31.35883], [32.05601, 31.36287], [32.04396, 31.37515], [32.0066, 31.39533], [31.99498, 31.39498], [31.98569, 31.42036], [31.9683, 31.4365], [31.9935, 31.43781], [31.91798, 31.52399], [31.8895, 31.53205], [31.87891, 31.51851], [31.86524, 31.52534], [31.86523, 31.51228], [31.85092, 31.5185], [31.84474, 31.49799], [31.86523, 31.49799], [31.85971, 31.48688], [31.875, 31.46332], [31.87208, 31.44961], [31.8789, 31.44961], [31.8789, 31.44335], [31.87208, 31.44334], [31.8789, 31.42915], [31.87208, 31.42914], [31.86207, 31.45059], [31.8519, 31.45612], [31.8379, 31.45702], [31.84164, 31.4645], [31.83041, 31.45881], [31.82423, 31.44334], [31.83375, 31.44379], [31.8379, 31.44961], [31.85841, 31.44334], [31.85841, 31.43651], [31.85092, 31.43651], [31.85483, 31.42316], [31.8789, 31.41608], [31.86166, 31.40763], [31.8379, 31.41608], [31.83855, 31.41083], [31.83041, 31.40864], [31.84472, 31.39497], [31.83074, 31.37979], [31.82789, 31.36835], [31.83693, 31.36188], [31.8584, 31.36147], [31.8584, 31.354], [31.82504, 31.36066], [31.81056, 31.354], [31.80388, 31.36005], [31.79721, 31.35952], [31.79021, 31.34345], [31.80273, 31.33129], [31.79021, 31.32665], [31.79589, 31.31099], [31.76905, 31.29877], [31.76694, 31.28465], [31.7732, 31.27587], [31.78419, 31.27338], [31.7964, 31.27827], [31.79023, 31.28509], [31.82079, 31.27815], [31.82861, 31.27411], [31.83416, 31.25161], [31.86101, 31.24237], [31.88575, 31.22362], [31.89355, 31.24013], [31.90624, 31.25159], [31.90064, 31.23607], [31.90625, 31.22362], [31.89259, 31.22362], [31.89259, 31.21678], [31.90624, 31.21678], [31.89845, 31.20991], [31.89943, 31.20319], [31.91293, 31.21064], [31.91977, 31.20319], [31.91977, 31.21063], [31.9266, 31.21063], [31.92164, 31.19648], [31.92644, 31.187], [31.93474, 31.18757], [31.94027, 31.20318], [31.95192, 31.20458], [31.98658, 31.23028], [32.00925, 31.22362], [31.99496, 31.22362], [31.99497, 31.21678], [32.00929, 31.21064], [32.0228, 31.22361], [32.03711, 31.21678], [32.02963, 31.18952], [32.04394, 31.19635], [32.04036, 31.18232], [32.02963, 31.17585], [32.03688, 31.1503], [32.01612, 31.13491], [32.01612, 31.12808], [32.03517, 31.12971], [32.04396, 31.14175], [32.05013, 31.14174], [32.05453, 31.12299], [32.07007, 31.1144], [32.07007, 31.10693], [32.05258, 31.10078], [32.04396, 31.08649], [32.05698, 31.07966], [32.06683, 31.08499], [32.08378, 31.0844], [32.09059, 31.07966], [32.09059, 31.07345], [32.08375, 31.07343], [32.08375, 31.06599], [32.10646, 31.05337], [32.1198, 31.05292], [32.13209, 31.0598], [32.13209, 31.06599], [32.11744, 31.06631], [32.10744, 31.07283], [32.098, 31.09332], [32.14633, 31.07966], [32.13837, 31.09332], [32.15943, 31.09333], [32.15943, 31.10078], [32.15286, 31.10659], [32.16627, 31.1144], [32.16684, 31.10834], [32.17994, 31.10692], [32.17604, 31.11781], [32.18386, 31.12493], [32.19483, 31.12579], [32.20574, 31.1092], [32.23414, 31.10489], [32.24822, 31.10692], [32.27223, 31.11888], [32.28346, 31.13654], [32.28053, 31.15498], [32.26249, 31.16961], [32.28981, 31.16962], [32.2951, 31.21337], [32.28981, 31.23046], [32.27297, 31.24885], [32.27053, 31.25755], [32.28297, 31.26529], [32.24676, 31.27924], [32.22633, 31.28205], [32.21413, 31.27828], [32.20705, 31.29506], [32.30023, 31.28148], [32.31381, 31.27269], [32.33138, 31.27142], [32.33383, 31.25471], [32.34425, 31.24189], [32.35914, 31.23347], [32.39009, 31.22635], [32.42018, 31.19636], [32.4812, 31.14886], [32.50953, 31.10692], [32.56568, 31.07054], [32.60157, 31.06098], [32.64552, 31.0598], [32.68751, 31.06444], [32.76197, 31.0812], [32.85076, 31.1188], [32.92042, 31.15541], [32.92726, 31.15541], [32.92726, 31.14794], [32.89536, 31.1374], [32.8396, 31.10123], [32.80714, 31.09333], [32.75245, 31.07137], [32.66651, 31.05231], [32.715, 31.05231], [32.71502, 31.04556], [32.70069, 31.03872], [32.73129, 31.03876], [32.74285, 31.04263], [32.7492, 31.0523], [32.75537, 31.0523], [32.7562, 31.04654], [32.76954, 31.04556], [32.83107, 31.07965], [32.88282, 31.09357], [32.89308, 31.10076], [32.91774, 31.09223], [32.9144, 31.08731], [32.90675, 31.08649], [32.90675, 31.07966], [32.91725, 31.08283], [32.94093, 31.09333], [32.94093, 31.10078], [32.91358, 31.10078], [32.9136, 31.10691], [32.92709, 31.11179], [32.94421, 31.10778], [32.95948, 31.09846], [32.96876, 31.08649], [32.97511, 31.06599], [32.96127, 31.06599], [32.99448, 31.05557], [33.00994, 31.0563], [33.02345, 31.06599], [33.02345, 31.07343], [33.00914, 31.07966], [33.00914, 31.0865], [33.05746, 31.10078], [33.05251, 31.1083], [33.0643, 31.13491], [33.05747, 31.13491], [33.03028, 31.11441], [33.02377, 31.10773], [33.03027, 31.10077], [32.99415, 31.09846], [32.95446, 31.10691], [32.98463, 31.10952], [33.03029, 31.16217], [33.07862, 31.17585], [33.09784, 31.19155], [33.10939, 31.19643], [33.12646, 31.19635], [33.12646, 31.18953], [33.09864, 31.18952], [33.09864, 31.18329], [33.1111, 31.17536], [33.15771, 31.11787], [33.15357, 31.11238], [33.12648, 31.10078], [33.12403, 31.10757], [33.11899, 31.10692], [33.11899, 31.10078], [33.13574, 31.09076], [33.14469, 31.07786], [33.1443, 31.06257], [33.13331, 31.04556], [33.18767, 31.06167], [33.22145, 31.0598], [33.22145, 31.06599], [33.20777, 31.07343], [33.20094, 31.07343], [33.20094, 31.06599], [33.19483, 31.06599], [33.19485, 31.07342], [33.2479, 31.09125], [33.26247, 31.10077], [33.26979, 31.10078], [33.26246, 31.09333], [33.26979, 31.08649], [33.28541, 31.09272], [33.29656, 31.07966], [33.30397, 31.07966], [33.30323, 31.0998], [33.31764, 31.10078], [33.30812, 31.10513], [33.27723, 31.10691], [33.38649, 31.11441], [33.37771, 31.13255], [33.40642, 31.13727], [33.40644, 31.15542], [33.42066, 31.14794], [33.44093, 31.15119], [33.49952, 31.12808], [33.57252, 31.12156], [33.59205, 31.11441], [33.59206, 31.12127], [33.61476, 31.11538], [33.64796, 31.11726], [33.85434, 31.16348], [34.04705, 31.22919], [34.22267, 31.32665], [34.28142, 31.3767], [34.30162, 31.40769], [34.3484, 31.43765], [34.36818, 31.46816], [34.44337, 31.53457], [34.47877, 31.57827], [34.48952, 31.6004], [34.51393, 31.62714], [34.60963, 31.76553], [34.69313, 31.92631], [34.71192, 31.95161], [34.74334, 32.03986], [34.74335, 32.06036], [34.75701, 32.0666], [34.83766, 32.28071], [34.9041, 32.56042], [34.90984, 32.57026], [34.92091, 32.62824], [34.91914, 32.64297], [34.94207, 32.72451], [34.94753, 32.81415], [34.9555, 32.83418], [34.97047, 32.84137], [35.00343, 32.82754], [35.02768, 32.82661], [35.06707, 32.86685], [35.0796, 32.90583], [35.07781, 32.91787], [35.06545, 32.92309], [35.07154, 32.93793], [35.07843, 32.99858], [35.0962, 33.05036], [35.09215, 33.06769], [35.10646, 33.08076], [35.09963, 33.08759], [35.10523, 33.08902], [35.10646, 33.09504], [35.10046, 33.09567], [35.09963, 33.10126], [35.12532, 33.13237], [35.14763, 33.14033], [35.16782, 33.17015], [35.16181, 33.17694], [35.17107, 33.17658], [35.17465, 33.17015], [35.20476, 33.2248], [35.20916, 33.25462], [35.18834, 33.28001], [35.20973, 33.2934], [35.22478, 33.312], [35.24366, 33.3557], [35.25051, 33.40973], [35.27508, 33.44497], [35.27102, 33.4575], [35.32301, 33.49091], [35.34913, 33.51386], [35.36258, 33.55657], [35.40064, 33.64313], [35.3944, 33.64997], [35.40992, 33.66128], [35.42165, 33.70233], [35.43849, 33.71137], [35.43795, 33.7236], [35.47731, 33.8039], [35.48325, 33.87246], [35.47048, 33.90208], [35.47585, 33.90997], [35.48658, 33.91298], [35.51734, 33.90253], [35.57203, 33.90998], [35.59311, 33.94477], [35.59197, 33.95043], [35.58572, 33.95092], [35.6134, 33.99296], [35.63673, 33.99531], [35.64088, 33.99942], [35.64039, 34.00853], [35.62722, 34.01985], [35.62698, 34.04426], [35.64332, 34.08808], [35.64772, 34.11913], [35.63033, 34.15304], [35.62722, 34.20112], [35.64772, 34.22215], [35.65296, 34.28459], [35.66512, 34.31114], [35.68873, 34.3283], [35.70582, 34.3166], [35.75075, 34.38979], [35.80616, 34.41498], [35.82358, 34.43452], [35.80544, 34.45869], [35.80544, 34.4649], [35.82398, 34.46084], [35.90333, 34.47797], [35.98317, 34.53864], [35.98878, 34.55272], [35.98683, 34.6208], [35.93118, 34.74096], [35.92897, 34.79072], [35.90847, 34.82177], [35.86689, 34.92422], [35.8729, 34.92691], [35.88136, 34.94497], [35.87356, 34.95832], [35.87892, 34.97016], [35.87356, 34.97883], [35.89536, 35.00678], [35.90056, 35.02192], [35.88788, 35.06135], [35.88788, 35.1092], [35.9411, 35.18037], [35.96241, 35.19794], [35.9533, 35.2248], [35.91531, 35.28791], [35.92897, 35.32148], [35.91671, 35.40306], [35.91896, 35.41767], [35.86061, 35.47907], [35.8301, 35.49348], [35.81837, 35.50894], [35.78126, 35.49959], [35.77053, 35.50422], [35.77809, 35.54116], [35.73709, 35.56168], [35.74334, 35.5821], [35.72341, 35.57593], [35.72341, 35.58209], [35.76336, 35.59829], [35.77849, 35.61274], [35.78435, 35.63056], [35.77118, 35.66779], [35.77663, 35.67511], [35.80006, 35.68146], [35.84034, 35.74746], [35.83595, 35.78998], [35.81186, 35.8354], [35.79862, 35.84967], [35.84685, 35.84724], [35.87086, 35.85179], [35.88103, 35.86668], [35.88528, 35.88597], [35.96608, 35.99363], [35.97674, 36.00096], [35.97543, 36.0185], [35.94842, 36.08784], [35.85234, 36.21337], [35.84099, 36.24453], [35.79861, 36.28169], [35.78738, 36.30427], [35.78876, 36.32025], [35.82448, 36.36106], [35.85678, 36.36978], [35.87356, 36.39769], [35.90846, 36.41816], [35.91872, 36.44818], [35.9424, 36.46433], [35.99024, 36.47964], [36.04494, 36.53765], [36.05543, 36.53828], [36.18914, 36.60399], [36.21616, 36.65778], [36.21559, 36.67048], [36.20246, 36.69963], [36.20249, 36.76919], [36.18898, 36.80174], [36.12989, 36.86929], [36.09547, 36.89712], [36.0586, 36.91844], [36.02027, 36.92634], [35.98504, 36.9156], [35.95086, 36.89102], [35.8938, 36.83491], [35.85385, 36.81582], [35.80543, 36.7751], [35.7671, 36.76774], [35.68409, 36.76463], [35.64772, 36.75397], [35.62452, 36.72602], [35.61355, 36.71988], [35.61818, 36.73164], [35.6067, 36.74038], [35.57301, 36.70067], [35.57944, 36.68513], [35.59448, 36.70172], [35.61687, 36.69623], [35.6198, 36.71239], [35.62916, 36.70824], [35.63404, 36.69937], [35.64047, 36.71337], [35.63404, 36.72671], [35.6481, 36.73321], [35.66481, 36.71239], [35.69606, 36.72393], [35.70913, 36.71987], [35.65016, 36.69782], [35.62257, 36.68073], [35.6067, 36.65778], [35.60865, 36.64688], [35.62208, 36.65424], [35.66676, 36.69611], [35.69554, 36.7062], [35.65797, 36.6752], [35.63315, 36.63093], [35.63134, 36.60717], [35.62376, 36.60265], [35.59855, 36.59144], [35.55714, 36.58748], [35.54467, 36.58952], [35.50367, 36.61685], [35.49, 36.61392], [35.47869, 36.59854], [35.53095, 36.58273], [35.44549, 36.59634], [35.41326, 36.58369], [35.40446, 36.57193], [35.37403, 36.56159], [35.34603, 36.5411], [35.33579, 36.54561], [35.32016, 36.56468], [35.29449, 36.57259], [34.98227, 36.72077], [34.94646, 36.72797], [34.90042, 36.71989], [34.90789, 36.74038], [34.89357, 36.74601], [34.85255, 36.78132], [34.77076, 36.81607], [34.76498, 36.80859], [34.73585, 36.82168], [34.69288, 36.81387], [34.62672, 36.78877], [34.58513, 36.78132], [34.5547, 36.76765], [34.53405, 36.74053], [34.50318, 36.72671], [34.41521, 36.66292], [34.30746, 36.60859], [34.27622, 36.58698], [34.19044, 36.49852], [34.17773, 36.47338], [34.14747, 36.45917], [34.11198, 36.4296], [34.07732, 36.41389], [34.07788, 36.32885], [34.05779, 36.31591], [33.99977, 36.30292], [33.98927, 36.28168], [33.99828, 36.28602], [33.99585, 36.27953], [33.96876, 36.24689], [33.95899, 36.21358], [33.94143, 36.21338], [33.95094, 36.2377], [33.94597, 36.2652], [33.93092, 36.29047], [33.8711, 36.31489], [33.85548, 36.30492], [33.82788, 36.27172], [33.81105, 36.2674], [33.8247, 36.25992], [33.79907, 36.23067], [33.74285, 36.21337], [33.70525, 36.18171], [33.68825, 36.13705], [33.66034, 36.17488], [33.65659, 36.18867], [33.64723, 36.19257], [33.61988, 36.18545], [33.55225, 36.12752], [33.53055, 36.13081], [33.5442, 36.13703], [33.5442, 36.14448], [33.45826, 36.15815], [33.4367, 36.15469], [33.38649, 36.13704], [33.32683, 36.15009], [33.30835, 36.13224], [33.24195, 36.1308], [33.21214, 36.12407], [33.18865, 36.12581], [33.15691, 36.13703], [33.13404, 36.13178], [33.11198, 36.10323], [33.08773, 36.08284], [33.07114, 36.08926], [33.02687, 36.08927], [32.94093, 36.1035], [32.86524, 36.07185], [32.85669, 36.06099], [32.80372, 36.02718], [32.76059, 36.02949], [32.67038, 36.04681], [32.63205, 36.06211], [32.56788, 36.0961], [32.51324, 36.10311], [32.43727, 36.13867], [32.41961, 36.15949], [32.3655, 36.17797], [32.3187, 36.22858], [32.31032, 36.22949], [32.2873, 36.24483], [32.27613, 36.28783], [32.2527, 36.31533], [32.19216, 36.35839], [32.17433, 36.40241], [32.14845, 36.43366], [32.1321, 36.43867], [32.10206, 36.48615], [32.08718, 36.49332], [32.01881, 36.54654], [31.98781, 36.54996], [31.96827, 36.56159], [31.90798, 36.56266], [31.88803, 36.58112], [31.86248, 36.58869], [31.83465, 36.59235], [31.81675, 36.58952], [31.80738, 36.59683], [31.76906, 36.61002], [31.73658, 36.64228], [31.70323, 36.6437], [31.62762, 36.67085], [31.5962, 36.69571], [31.40756, 36.76341], [31.3786, 36.76766], [31.37631, 36.79194], [31.34083, 36.80858], [30.93971, 36.857], [30.77589, 36.84957], [30.74784, 36.85577], [30.68653, 36.89118], [30.62859, 36.85957], [30.60174, 36.83812], [30.56984, 36.78132], [30.56577, 36.70018], [30.57666, 36.6789], [30.56267, 36.66254], [30.55616, 36.63788], [30.55787, 36.61962], [30.57667, 36.5895], [30.58349, 36.59633], [30.58105, 36.57518], [30.56723, 36.53986], [30.56982, 36.52803], [30.52084, 36.48973], [30.50879, 36.4543], [30.48699, 36.42695], [30.48795, 36.41816], [30.47462, 36.4016], [30.47633, 36.38422], [30.48715, 36.37027], [30.50162, 36.36359], [30.49415, 36.34931], [30.51985, 36.34186], [30.47877, 36.30858], [30.46681, 36.28783], [30.4782, 36.2923], [30.48794, 36.28782], [30.45167, 36.26179], [30.44075, 36.23933], [30.42726, 36.22627], [30.39862, 36.20598], [30.4004, 36.24811], [30.39601, 36.26553], [30.38429, 36.27424], [30.36053, 36.26863], [30.25457, 36.3083], [30.23374, 36.3089], [30.17734, 36.30122], [30.15854, 36.29865], [30.14926, 36.28986], [30.14469, 36.25435], [30.13844, 36.25435], [30.13103, 36.27424], [30.12476, 36.24691], [30.11061, 36.25434], [30.1106, 36.24007], [30.07301, 36.2469], [30.04819, 36.25878], [30.03484, 36.25434], [30.05592, 36.25434], [30.05589, 36.24689], [29.98845, 36.21777], [29.9734, 36.21963], [29.961, 36.21387], [29.91652, 36.21906], [29.88136, 36.19843], [29.83009, 36.18545], [29.83758, 36.18285], [29.83692, 36.17796], [29.80258, 36.17182], [29.80258, 36.16498], [29.82307, 36.16498], [29.7955, 36.14536], [29.77978, 36.13944], [29.76173, 36.13703], [29.76173, 36.14448], [29.7754, 36.15815], [29.76238, 36.15656], [29.75489, 36.1507], [29.74342, 36.16096], [29.71925, 36.16266], [29.70704, 36.15815], [29.69995, 36.14615], [29.6893, 36.14448], [29.67238, 36.12338], [29.66822, 36.14378], [29.63397, 36.15706], [29.62397, 36.17776], [29.63738, 36.17243], [29.64324, 36.17792], [29.6421, 36.18696], [29.63453, 36.19164], [29.58352, 36.18546], [29.58352, 36.19163], [29.59254, 36.19579], [29.62387, 36.19912], [29.60222, 36.20702], [29.5215, 36.20597], [29.49475, 36.21095], [29.43214, 36.24006], [29.42042, 36.23063], [29.41163, 36.2674], [29.40578, 36.26017], [29.39186, 36.2674], [29.3816, 36.2639], [29.3571, 36.23567], [29.34963, 36.23262], [29.34084, 36.23738], [29.32936, 36.2541], [29.32228, 36.24691], [29.25687, 36.29688], [29.23463, 36.32429], [29.17499, 36.33984], [29.15846, 36.35676], [29.14471, 36.34933], [29.14081, 36.36245], [29.1447, 36.37718], [29.11689, 36.37719], [29.12428, 36.38345], [29.1128, 36.38939], [29.09638, 36.39095], [29.10907, 36.40647], [29.13038, 36.41136], [29.12429, 36.41815], [29.13014, 36.43651], [29.1242, 36.4536], [29.11134, 36.46678], [29.09638, 36.47346], [29.09657, 36.47978], [29.12428, 36.49331], [29.11492, 36.55268], [29.09637, 36.54793], [29.08432, 36.56025], [29.03639, 36.54533], [29.01447, 36.54792], [29.03273, 36.55182], [29.03688, 36.56147], [29.02053, 36.5895], [29.04176, 36.62424], [29.05584, 36.61424], [29.08091, 36.63861], [29.09637, 36.6441], [29.09059, 36.6271], [29.09881, 36.6236], [29.11061, 36.62637], [29.11687, 36.63422], [29.10922, 36.652], [29.09636, 36.66523], [29.03419, 36.701], [28.95632, 36.72753], [28.93898, 36.75129], [28.89088, 36.71239], [28.8977, 36.69938], [28.86354, 36.69257], [28.86246, 36.66792], [28.84995, 36.66523], [28.86352, 36.65094], [28.85678, 36.64411], [28.87037, 36.63052], [28.87664, 36.63052], [28.88803, 36.64842], [28.89015, 36.65762], [28.88405, 36.67143], [28.9017, 36.65827], [28.89534, 36.64143], [28.86354, 36.61685], [28.86962, 36.60664], [28.85848, 36.60129], [28.82888, 36.60254], [28.81863, 36.61173], [28.81863, 36.62079], [28.82717, 36.62774], [28.84254, 36.63052], [28.84254, 36.63788], [28.80502, 36.65526], [28.78786, 36.65096], [28.78273, 36.67739], [28.74635, 36.6977], [28.70167, 36.70506], [28.6649, 36.69258], [28.65992, 36.711], [28.64918, 36.71833], [28.63592, 36.7145], [28.62338, 36.69938], [28.60354, 36.73355], [28.61256, 36.74714], [28.61671, 36.767], [28.61411, 36.78535], [28.60353, 36.79499], [28.60304, 36.79963], [28.61036, 36.80174], [28.60621, 36.81013], [28.61036, 36.81607], [28.60353, 36.81607], [28.59669, 36.795], [28.57586, 36.81952], [28.54615, 36.82343], [28.52442, 36.8133], [28.52783, 36.78879], [28.51775, 36.79564], [28.48685, 36.80175], [28.5005, 36.80858], [28.5005, 36.81607], [28.46389, 36.81876], [28.45623, 36.82831], [28.45266, 36.84955], [28.46632, 36.85334], [28.452, 36.88361], [28.44744, 36.88304], [28.4362, 36.86474], [28.37672, 36.85444], [28.39064, 36.83592], [28.41472, 36.83709], [28.4248, 36.82909], [28.396, 36.78951], [28.37697, 36.78878], [28.31495, 36.81607], [28.30877, 36.81607], [28.31493, 36.795], [28.27818, 36.79646], [28.27395, 36.80516], [28.27834, 36.81415], [28.31495, 36.82225], [28.31495, 36.82909], [28.27312, 36.852], [28.25717, 36.84618], [28.24318, 36.82978], [28.23666, 36.81322], [28.23951, 36.79881], [28.25341, 36.78876], [28.24887, 36.76683], [28.28857, 36.74257], [28.29508, 36.7199], [28.26726, 36.7309], [28.2531, 36.72785], [28.24658, 36.7124], [28.23357, 36.71988], [28.22543, 36.7062], [28.23356, 36.69937], [28.1819, 36.68464], [28.16228, 36.67268], [28.1115, 36.60419], [28.08814, 36.58907], [28.0617, 36.59634], [28.05502, 36.58658], [28.04184, 36.58271], [28.04801, 36.56904], [28.0359, 36.56477], [28.01832, 36.56704], [28.01384, 36.57586], [28.00366, 36.56193], [27.9909, 36.55977], [27.97797, 36.56563], [27.96609, 36.57587], [27.97291, 36.5895], [27.95926, 36.60252], [28.03443, 36.60252], [28.0578, 36.61331], [28.08961, 36.64411], [28.07594, 36.65778], [28.04804, 36.6379], [28.06121, 36.66474], [28.05795, 36.67666], [28.03793, 36.69062], [28.02963, 36.67037], [28.00017, 36.6789], [27.98016, 36.67586], [27.97023, 36.67984], [27.96609, 36.68879], [28.00701, 36.69937], [28.00019, 36.70619], [28.02752, 36.7062], [28.04185, 36.71987], [28.07976, 36.72207], [28.08959, 36.7267], [28.08595, 36.7106], [28.1006, 36.70962], [28.11638, 36.71882], [28.11687, 36.73355], [28.10743, 36.7392], [28.08768, 36.74087], [28.08222, 36.74714], [28.08417, 36.75372], [28.11004, 36.77508], [28.13054, 36.75397], [28.11842, 36.8006], [28.09498, 36.80142], [28.06909, 36.7751], [28.04721, 36.76334], [28.03932, 36.76448], [28.03443, 36.77509], [28.0197, 36.76314], [27.96607, 36.74715], [27.95925, 36.74715], [27.95411, 36.75959], [27.91766, 36.7404], [27.91245, 36.75414], [27.89031, 36.7404], [27.87037, 36.75259], [27.86304, 36.74039], [27.8565, 36.74038], [27.82618, 36.75747], [27.80649, 36.76081], [27.78785, 36.75399], [27.78785, 36.76081], [27.77605, 36.75594], [27.73609, 36.76081], [27.71941, 36.75625], [27.69848, 36.73421], [27.68426, 36.72671], [27.68685, 36.71113], [27.67311, 36.67963], [27.67114, 36.6578], [27.61988, 36.67646], [27.60304, 36.6789], [27.55975, 36.67464], [27.55454, 36.68513], [27.48634, 36.66523], [27.47267, 36.65096], [27.44842, 36.66523], [27.41578, 36.66901], [27.40432, 36.66524], [27.40203, 36.67748], [27.39405, 36.68415], [27.38299, 36.68476], [27.3703, 36.67892], [27.36915, 36.68448], [27.36283, 36.68513], [27.36866, 36.69741], [27.35582, 36.70621], [27.35582, 36.71237], [27.38478, 36.70502], [27.40162, 36.70474], [27.41432, 36.7093], [27.42311, 36.71967], [27.42727, 36.73566], [27.44985, 36.75403], [27.48317, 36.75397], [27.55665, 36.76267], [27.59246, 36.76081], [27.6115, 36.76533], [27.62339, 36.80174], [27.64508, 36.80641], [27.69117, 36.78433], [27.70541, 36.78875], [27.7212, 36.78168], [27.74822, 36.7844], [27.76002, 36.78132], [27.79909, 36.80662], [27.88648, 36.80882], [27.89714, 36.81231], [27.90366, 36.80581], [27.93995, 36.79564], [27.99444, 36.79834], [28.0105, 36.79433], [28.02752, 36.78132], [28.03077, 36.79173], [28.05543, 36.80858], [28.04908, 36.82062], [28.03956, 36.82665], [28.00703, 36.8291], [28.01386, 36.83592], [28.02328, 36.83324], [28.02459, 36.8391], [28.00704, 36.857], [28.02125, 36.86321], [28.02866, 36.86018], [28.05543, 36.87067], [28.05543, 36.8769], [28.02127, 36.91159], [28.03443, 36.9042], [28.04184, 36.91161], [28.02754, 36.92592], [28.0617, 36.92593], [28.0617, 36.93212], [28.04184, 36.93212], [28.04185, 36.9389], [28.06568, 36.93923], [28.08221, 36.93212], [28.09352, 36.93788], [28.10328, 36.93212], [28.12013, 36.93768], [28.14194, 36.9287], [28.15724, 36.93212], [28.16529, 36.91161], [28.16814, 36.93342], [28.15724, 36.93891], [28.15725, 36.94578], [28.17449, 36.94598], [28.18523, 36.93891], [28.21241, 36.97309], [28.21241, 36.98054], [28.19892, 36.98054], [28.21242, 37.00042], [28.22853, 36.99055], [28.24464, 36.98819], [28.2531, 36.99372], [28.24661, 37.00787], [28.3296, 37.03046], [28.32936, 37.03677], [28.31495, 37.04881], [28.3047, 37.05085], [28.17433, 37.03515], [28.12623, 37.03587], [28.10727, 37.03213], [28.11002, 37.01412], [28.09295, 37.02143], [27.98658, 37.03514], [27.95183, 37.02148], [27.91139, 37.02774], [27.88624, 37.02619], [27.8047, 37.0046], [27.78785, 37.00788], [27.78044, 36.99361], [27.76287, 36.9973], [27.73952, 36.99361], [27.71974, 37.00519], [27.68767, 37.00544], [27.65577, 36.99653], [27.63648, 36.98055], [27.59034, 36.99828], [27.56715, 36.99665], [27.56201, 36.97311], [27.52833, 36.99128], [27.47267, 36.9936], [27.43849, 37.02774], [27.42351, 37.02717], [27.40805, 37.01685], [27.40431, 37.02774], [27.39682, 37.02774], [27.38331, 36.99362], [27.37893, 37.00072], [27.38331, 37.00788], [27.37649, 37.01412], [27.38168, 37.01895], [27.37647, 37.02774], [27.32862, 37.01411], [27.33268, 36.99706], [27.3265, 36.986], [27.30063, 36.97309], [27.30809, 36.95943], [27.28696, 36.95943], [27.28094, 36.96686], [27.2632, 36.96338], [27.25271, 36.97834], [27.2461, 37.01777], [27.22878, 37.06183], [27.23912, 37.08294], [27.26417, 37.08902], [27.29444, 37.1103], [27.27906, 37.11758], [27.26043, 37.11031], [27.25296, 37.12395], [27.26043, 37.11774], [27.27166, 37.12884], [27.30299, 37.11957], [27.32179, 37.12397], [27.3218, 37.15866], [27.3396, 37.15053], [27.3423, 37.13011], [27.34897, 37.13011], [27.36159, 37.14862], [27.36931, 37.15069], [27.37647, 37.14444], [27.3833, 37.15182], [27.38657, 37.13007], [27.4043, 37.1301], [27.42547, 37.11961], [27.43846, 37.12395], [27.431, 37.11774], [27.44557, 37.09699], [27.45981, 37.0895], [27.47511, 37.09252], [27.54152, 37.12595], [27.56512, 37.12564], [27.57553, 37.13011], [27.57553, 37.1376], [27.55454, 37.13011], [27.54721, 37.16181], [27.53956, 37.17829], [27.52786, 37.18538], [27.52786, 37.19281], [27.57472, 37.20115], [27.58766, 37.1988], [27.57553, 37.17853], [27.59474, 37.18594], [27.60987, 37.19965], [27.59425, 37.20429], [27.58857, 37.2111], [27.58936, 37.2305], [27.60987, 37.24746], [27.61598, 37.27473], [27.59441, 37.28384], [27.58936, 37.27474], [27.55323, 37.27293], [27.54307, 37.24966], [27.53052, 37.23632], [27.51466, 37.22933], [27.50003, 37.23384], [27.51775, 37.246], [27.51987, 37.2591], [27.5088, 37.26805], [27.48634, 37.26789], [27.46364, 37.25204], [27.45885, 37.258], [27.46145, 37.26752], [27.48634, 37.29523], [27.49138, 37.32734], [27.48015, 37.34369], [27.47267, 37.34369], [27.46852, 37.31563], [27.44613, 37.30562], [27.41831, 37.30949], [27.39683, 37.32315], [27.3887, 37.34528], [27.39675, 37.36562], [27.41522, 37.38165], [27.43849, 37.39081], [27.42652, 37.40595], [27.40724, 37.41275], [27.38657, 37.41206], [27.37029, 37.4051], [27.35644, 37.37914], [27.3462, 37.3706], [27.32179, 37.37092], [27.32179, 37.36351], [27.33642, 37.3557], [27.33033, 37.35164], [27.27149, 37.34858], [27.24611, 37.33618], [27.2317, 37.34809], [27.21877, 37.34371], [27.21193, 37.35733], [27.20135, 37.35229], [27.19079, 37.35733], [27.20753, 37.37641], [27.20511, 37.39826], [27.22625, 37.4051], [27.21748, 37.4313], [27.2225, 37.47675], [27.20509, 37.47274], [27.19939, 37.47858], [27.19264, 37.47866], [27.17777, 37.46657], [27.19044, 37.51268], [27.1846, 37.52802], [27.18824, 37.53449], [27.18044, 37.54458], [27.18458, 37.55589], [27.20037, 37.54755], [27.20932, 37.5633], [27.20851, 37.59687], [27.13624, 37.63105], [27.04885, 37.65015], [27.0115, 37.66572], [27.02102, 37.68632], [27.03834, 37.69012], [27.10548, 37.68626], [27.12721, 37.68854], [27.21314, 37.71345], [27.24952, 37.74433], [27.2566, 37.75951], [27.26157, 37.80353], [27.26043, 37.81598], [27.23717, 37.84545], [27.23909, 37.8642], [27.26043, 37.88422], [27.26539, 37.90168], [27.26044, 37.91901], [27.27475, 37.92902], [27.26629, 37.95136], [27.23911, 37.98794], [27.21372, 37.98094], [27.14084, 37.98612], [27.11639, 37.99409], [27.1019, 38.01268], [27.07017, 38.02001], [27.06471, 38.0406], [27.05592, 38.04572], [27.02703, 38.0494], [26.97543, 38.06525], [26.94923, 38.06737], [26.8934, 38.05622], [26.88151, 38.03841], [26.87306, 38.03511], [26.86493, 38.04036], [26.84207, 38.07608], [26.84645, 38.10342], [26.83522, 38.13129], [26.79363, 38.17227], [26.77606, 38.16524], [26.77151, 38.17748], [26.77369, 38.20702], [26.76026, 38.21674], [26.70826, 38.20703], [26.63592, 38.2036], [26.62288, 38.13875], [26.60922, 38.14497], [26.61214, 38.11787], [26.6071, 38.10831], [26.59498, 38.10396], [26.56764, 38.14497], [26.56715, 38.12398], [26.5569, 38.12231], [26.52378, 38.14741], [26.51551, 38.16552], [26.5193, 38.17967], [26.49171, 38.17403], [26.44223, 38.21198], [26.41749, 38.22065], [26.42414, 38.20019], [26.4175, 38.20019], [26.39016, 38.22383], [26.39487, 38.25165], [26.39015, 38.26166], [26.38331, 38.26166], [26.37501, 38.23481], [26.35401, 38.22827], [26.32863, 38.23506], [26.28663, 38.26105], [26.23464, 38.27384], [26.23879, 38.29579], [26.26539, 38.28669], [26.28591, 38.31866], [26.30763, 38.32307], [26.30763, 38.33051], [26.28892, 38.34065], [26.28616, 38.35895], [26.29412, 38.36984], [26.30763, 38.35786], [26.31175, 38.37111], [26.32113, 38.37765], [26.32592, 38.35493], [26.3143, 38.33674], [26.34636, 38.3288], [26.35613, 38.31688], [26.38502, 38.31843], [26.39186, 38.32502], [26.38332, 38.34355], [26.39894, 38.33552], [26.41749, 38.33674], [26.47592, 38.36689], [26.47706, 38.38687], [26.46803, 38.40762], [26.45152, 38.41869], [26.45152, 38.42608], [26.47689, 38.41668], [26.48911, 38.4062], [26.4979, 38.40729], [26.51303, 38.43293], [26.44077, 38.4728], [26.431, 38.47394], [26.42205, 38.46971], [26.41423, 38.45629], [26.40723, 38.45345], [26.38788, 38.45426], [26.40382, 38.48754], [26.39991, 38.49958], [26.36974, 38.53524], [26.37582, 38.52855], [26.3592, 38.57675], [26.34896, 38.63528], [26.3563, 38.66168], [26.40335, 38.67738], [26.44036, 38.6777], [26.4653, 38.67273], [26.50532, 38.65285], [26.55569, 38.60558], [26.5608, 38.59003], [26.58399, 38.56094], [26.63037, 38.51923], [26.64331, 38.46772], [26.62916, 38.46089], [26.61085, 38.46841], [26.58814, 38.46088], [26.60523, 38.45358], [26.60498, 38.44477], [26.58814, 38.41869], [26.61182, 38.41624], [26.62207, 38.40534], [26.65707, 38.3288], [26.67311, 38.3072], [26.69459, 38.31318], [26.69996, 38.32575], [26.67751, 38.34358], [26.67068, 38.38516], [26.68715, 38.41956], [26.70241, 38.43015], [26.71909, 38.42609], [26.71909, 38.43291], [26.72535, 38.43292], [26.74807, 38.40492], [26.76686, 38.36408], [26.78736, 38.37151], [26.79509, 38.35863], [26.84547, 38.37152], [26.92457, 38.37767], [26.98976, 38.39887], [27.01336, 38.41249], [27.04249, 38.40762], [27.06121, 38.41249], [27.08863, 38.40225], [27.11183, 38.41401], [27.13544, 38.43365], [27.16424, 38.4466], [27.16424, 38.45344], [27.15447, 38.45942], [27.14309, 38.45345], [27.13624, 38.46088], [27.11695, 38.45393], [27.08334, 38.45673], [27.07472, 38.45345], [27.04908, 38.4632], [27.02231, 38.46247], [26.93542, 38.43489], [26.94508, 38.4466], [26.92792, 38.45605], [26.89763, 38.4947], [26.84906, 38.51254], [26.82693, 38.5262], [26.81476, 38.54274], [26.8742, 38.50747], [26.88982, 38.50804], [26.88982, 38.51488], [26.87778, 38.52635], [26.83523, 38.54901], [26.84889, 38.5974], [26.83424, 38.60822], [26.81373, 38.59765], [26.79365, 38.59741], [26.80104, 38.61172], [26.77931, 38.61774], [26.7532, 38.61792], [26.75945, 38.63841], [26.74643, 38.63867], [26.7191, 38.65266], [26.73366, 38.66363], [26.75318, 38.66633], [26.73306, 38.68983], [26.7191, 38.72093], [26.73756, 38.73077], [26.78891, 38.73941], [26.81821, 38.75543], [26.83058, 38.74726], [26.85157, 38.74566], [26.88852, 38.73404], [26.90349, 38.73457], [26.89724, 38.74827], [26.92303, 38.76214], [26.93141, 38.75507], [26.93507, 38.77045], [26.93141, 38.78925], [26.92458, 38.78173], [26.89725, 38.81655], [26.93766, 38.83021], [26.94386, 38.80874], [26.96078, 38.80614], [26.97145, 38.81916], [26.95877, 38.84446], [26.9909, 38.85505], [27.01336, 38.87115], [27.03354, 38.8605], [27.05502, 38.87108], [27.06267, 38.88687], [27.04129, 38.89168], [27.05787, 38.91852], [27.05779, 38.92976], [27.04127, 38.94009], [27.01286, 38.92207], [26.98288, 38.91963], [26.96241, 38.94009], [26.93426, 38.9309], [26.92457, 38.94009], [26.87938, 38.9163], [26.86622, 38.91341], [26.85565, 38.91756], [26.8401, 38.93586], [26.8065, 38.95015], [26.79722, 38.97313], [26.79915, 38.99815], [26.81471, 39.01512], [26.81471, 39.02196], [26.79366, 39.02197], [26.82881, 39.04717], [26.87306, 39.06293], [26.88315, 39.0716], [26.87526, 39.09089], [26.82374, 39.14908], [26.77097, 39.1732], [26.73782, 39.19721], [26.73902, 39.20759], [26.71876, 39.26288], [26.70143, 39.26899], [26.62908, 39.26839], [26.60924, 39.27522], [26.61931, 39.28315], [26.63259, 39.31341], [26.64552, 39.31756], [26.65478, 39.31321], [26.65382, 39.30646], [26.63592, 39.30317], [26.63592, 39.29694], [26.65602, 39.29426], [26.67066, 39.28266], [26.66481, 39.29808], [26.67026, 39.30598], [26.69117, 39.31623], [26.70901, 39.33705], [26.81471, 39.39936], [26.80105, 39.4062], [26.80105, 39.43353], [26.85084, 39.43977], [26.86305, 39.44717], [26.85208, 39.46182], [26.86773, 39.47138], [26.92986, 39.48774], [26.94508, 39.53962], [26.93767, 39.57477], [26.92221, 39.58218], [26.8934, 39.58438], [26.83286, 39.55684], [26.80787, 39.57071], [26.4568, 39.52119], [26.36215, 39.48136], [26.28663, 39.48762], [26.26295, 39.48135], [26.24927, 39.46566], [26.23178, 39.47451], [26.15284, 39.45922], [26.11297, 39.45918], [26.07419, 39.47472], [26.07001, 39.49628], [26.09498, 39.54857], [26.1107, 39.59788], [26.1482, 39.62604], [26.15675, 39.64924], [26.16358, 39.70417], [26.13642, 39.75568], [26.13788, 39.76455], [26.14991, 39.77611], [26.15496, 39.82616], [26.1517, 39.83515], [26.13642, 39.8376], [26.1548, 39.89312], [26.15062, 39.92503], [26.15252, 39.94235], [26.1864, 39.99874], [26.19777, 40.00884], [26.25115, 39.99486], [26.31105, 40.01948], [26.36215, 40.06346], [26.36941, 40.10293], [26.39324, 40.10822], [26.40349, 40.13898], [26.39635, 40.17276]], [[53.37061, 40.38366], [53.26491, 40.40939], [53.22294, 40.41014], [53.19166, 40.38207], [53.18759, 40.36644], [53.1962, 40.35637], [53.26533, 40.35034], [53.3702, 40.36536], [53.37936, 40.37444], [53.37061, 40.38366]], [[26.93895, 39.94287], [27.02434, 39.9333], [27.01363, 39.92907], [27.03718, 39.92631], [27.22422, 39.9878], [27.23687, 39.99436], [27.23945, 40.00168], [27.23448, 40.007], [27.22923, 40.00408], [27.12942, 40.04295], [27.04822, 40.03106], [26.93554, 40.03062], [26.88367, 39.99877], [26.83034, 39.95498], [26.83105, 39.94656], [26.83937, 39.94237], [26.93895, 39.94287]]], [[[53.02997, 39.06135], [53.04031, 39.08099], [53.05764, 39.09442], [53.08143, 39.09768], [53.08789, 39.08345], [53.05885, 39.06708], [53.05397, 39.0268], [53.07944, 38.86347], [53.10205, 38.78172], [53.09799, 38.76923], [53.10204, 38.75508], [53.09475, 38.75508], [53.09213, 38.7788], [53.063, 38.86469], [53.04023, 38.90669], [53.03785, 38.97016], [53.0264, 39.03915], [53.02997, 39.06135]]], [[[53.51294, 39.59119], [53.5193, 39.56387], [53.53971, 39.53962], [53.52219, 39.51629], [53.50619, 39.50862], [53.49188, 39.50862], [53.46292, 39.5738], [53.46853, 39.58494], [53.49187, 39.59795], [53.50864, 39.58552], [53.51294, 39.59119]]], [[[50.35369, 40.39989], [50.35651, 40.41364], [50.39122, 40.40411], [50.37354, 40.39908], [50.35369, 40.39989]]]]}}, {"type": "Feature", "properties": {"map_title": "그리스·페르시아 전쟁", "source": "미래엔 세계사 교과서 1권 45쪽", "volume": 1, "page": 45, "name": "아케메네스 왕조 페르시아", "name_en": "Achaemenid Empire", "period": "기원전 492–479", "kind": "국가", "legend": "페르시아의 영토", "coast_snap": "Natural Earth 10m 해안선에 맞춤", "border_snap": "현대 국경(Natural Earth 10m)에 맞춘 구간 약 220 km", "group": "아케메네스 왕조 페르시아", "map_folder": "1권_p045_그리스·페르시아 전쟁"}, "geometry": {"type": "MultiPolygon", "coordinates": [[[[26.45052, 37.59589], [26.45688, 37.57506], [26.44671, 37.56469], [26.43622, 37.56762], [26.4297, 37.57754], [26.41783, 37.57872], [26.43672, 37.55927], [26.43416, 37.55203], [26.42274, 37.5492], [26.3631, 37.55132], [26.33667, 37.53439], [26.32864, 37.53357], [26.30707, 37.54683], [26.29369, 37.56335], [26.28925, 37.57515], [26.29137, 37.58657], [26.29951, 37.59686], [26.31363, 37.60446], [26.33361, 37.60749], [26.35671, 37.60622], [26.38015, 37.60075], [26.41002, 37.58449], [26.44036, 37.6026], [26.45052, 37.59589]]], [[[26.25424, 37.652], [26.28078, 37.67543], [26.31365, 37.68316], [26.36213, 37.68625], [26.34456, 37.6595], [26.31909, 37.63427], [26.23085, 37.5715], [26.21387, 37.56514], [26.12794, 37.55581], [26.10825, 37.54906], [26.06739, 37.5218], [26.05105, 37.51947], [26.0298, 37.5218], [25.99073, 37.51318], [25.97634, 37.51603], [25.97187, 37.53547], [25.97976, 37.54864], [26.01238, 37.57502], [26.02639, 37.60081], [26.04186, 37.61687], [26.07423, 37.63787], [26.15642, 37.6328], [26.17726, 37.63787], [26.19744, 37.63227], [26.22722, 37.63959], [26.25424, 37.652]]], [[[25.95071, 38.40567], [25.95631, 38.41454], [25.95558, 38.42821], [25.94386, 38.45344], [25.93189, 38.4632], [25.88959, 38.4741], [25.84314, 38.51552], [25.83466, 38.52855], [25.83279, 38.54409], [25.8489, 38.58038], [25.99569, 38.6042], [26.00396, 38.6033], [26.06396, 38.59002], [26.10825, 38.54279], [26.11541, 38.55516], [26.12192, 38.55646], [26.12135, 38.56232], [26.11575, 38.5633], [26.13071, 38.56719], [26.14377, 38.56424], [26.16357, 38.54279], [26.15089, 38.53042], [26.14437, 38.49291], [26.12192, 38.48754], [26.12973, 38.47846], [26.14241, 38.47394], [26.1364, 38.46772], [26.15405, 38.46726], [26.15454, 38.46089], [26.14243, 38.4466], [26.13933, 38.41889], [26.14991, 38.34357], [26.16357, 38.30265], [26.13706, 38.29963], [26.11354, 38.28425], [26.10222, 38.2617], [26.11206, 38.23749], [26.11206, 38.22261], [26.04005, 38.20018], [26.02572, 38.16692], [26.01943, 38.15918], [26.00978, 38.15674], [25.97461, 38.16615], [25.96462, 38.17187], [25.94239, 38.19497], [25.9341, 38.19551], [25.9245, 38.20312], [25.91041, 38.22696], [25.88984, 38.22067], [25.88982, 38.24799], [25.8733, 38.23974], [25.86607, 38.24568], [25.87624, 38.27529], [25.88615, 38.28196], [25.91725, 38.28897], [25.93426, 38.30263], [25.96437, 38.30264], [25.97561, 38.33722], [25.9922, 38.34357], [25.98701, 38.35481], [25.98536, 38.39204], [25.97805, 38.38517], [25.96746, 38.3985], [25.95071, 38.40567]]], [[[26.36092, 38.4444], [26.354, 38.42622], [26.32912, 38.422], [26.32538, 38.4413], [26.35539, 38.45314], [26.36092, 38.4444]]], [[[26.27875, 38.49747], [26.27491, 38.51199], [26.27914, 38.51519], [26.29329, 38.49848], [26.29037, 38.49178], [26.27875, 38.49747]]], [[[25.3333, 38.46614], [25.32342, 38.46718], [25.30854, 38.47539], [25.28356, 38.507], [25.23415, 38.53409], [25.23043, 38.53916], [25.22838, 38.5547], [25.23702, 38.56565], [25.25356, 38.57253], [25.29902, 38.57612], [25.34142, 38.56996], [25.35391, 38.56476], [25.36374, 38.55441], [25.37013, 38.54036], [25.37283, 38.50762], [25.36901, 38.49203], [25.36142, 38.47897], [25.34966, 38.46985], [25.3333, 38.46614]]], [[[26.18506, 38.54214], [26.20354, 38.54106], [26.21469, 38.53319], [26.23056, 38.53346], [26.24122, 38.52639], [26.26807, 38.52048], [26.26995, 38.51305], [26.25245, 38.50203], [26.24806, 38.50938], [26.23626, 38.50671], [26.20388, 38.5147], [26.18459, 38.53865], [26.18506, 38.54214]]], [[[25.51837, 38.52928], [25.49376, 38.53222], [25.50783, 38.55259], [25.51766, 38.55222], [25.52303, 38.54564], [25.52311, 38.53287], [25.51837, 38.52928]]], [[[25.5608, 38.5633], [25.52322, 38.5974], [25.5294, 38.6055], [25.53923, 38.60463], [25.54664, 38.5974], [25.56007, 38.60931], [25.58082, 38.60423], [25.58082, 38.61171], [25.58887, 38.61171], [25.62231, 38.5838], [25.62262, 38.57892], [25.61492, 38.57697], [25.60498, 38.53536], [25.57154, 38.54125], [25.56081, 38.53536], [25.5608, 38.5633]]], [[[26.03321, 39.28266], [26.04689, 39.30314], [26.05372, 39.2895], [26.06056, 39.2895], [26.0731, 39.3032], [26.09379, 39.31042], [26.16277, 39.32364], [26.17254, 39.3354], [26.1636, 39.37884], [26.34274, 39.383], [26.36214, 39.37884], [26.35475, 39.35651], [26.37338, 39.34691], [26.40023, 39.34124], [26.41747, 39.33047], [26.37965, 39.28266], [26.38217, 39.27709], [26.42416, 39.2451], [26.46631, 39.22923], [26.50473, 39.185], [26.5397, 39.16596], [26.52662, 39.15913], [26.53077, 39.15062], [26.54712, 39.13532], [26.55055, 39.11921], [26.56762, 39.11814], [26.56625, 39.09797], [26.57944, 39.07534], [26.6123, 39.04926], [26.61002, 39.02294], [26.59742, 39.01196], [26.56764, 39.02196], [26.55144, 39.01504], [26.5394, 39.01935], [26.5193, 39.03628], [26.52662, 39.04247], [26.51612, 39.05264], [26.52662, 39.08344], [26.51516, 39.09102], [26.50587, 39.1092], [26.48927, 39.11367], [26.45493, 39.1114], [26.43702, 39.1035], [26.45297, 39.08641], [26.49194, 39.06293], [26.52882, 39.02106], [26.54713, 39.00898], [26.54711, 38.98787], [26.48927, 38.97257], [26.42416, 38.96736], [26.37517, 38.97891], [26.33912, 38.98294], [26.27638, 39.01065], [26.21713, 39.0207], [26.15529, 39.02498], [26.12008, 39.06198], [26.10426, 39.07465], [26.08791, 39.07722], [26.08792, 39.08345], [26.10917, 39.09266], [26.16017, 39.09772], [26.19142, 39.12758], [26.2256, 39.13182], [26.29347, 39.17715], [26.28366, 39.19124], [26.27439, 39.1976], [26.2256, 39.20759], [26.18735, 39.20205], [26.16017, 39.18334], [26.14526, 39.15568], [26.09742, 39.10566], [26.08277, 39.09516], [26.06397, 39.0909], [26.04269, 39.09329], [25.95859, 39.11759], [25.91993, 39.13711], [25.88893, 39.14473], [25.85434, 39.17206], [25.83466, 39.17964], [25.83492, 39.18716], [25.84596, 39.19038], [25.84995, 39.19941], [25.85515, 39.22126], [25.84207, 39.22801], [25.84917, 39.23321], [25.85867, 39.25921], [25.88307, 39.26899], [25.91725, 39.29693], [25.92408, 39.29693], [25.93637, 39.27656], [26.0062, 39.28631], [26.03321, 39.28266]]], [[[24.8261, 39.58238], [24.86417, 39.61373], [24.89094, 39.62618], [24.90442, 39.62899], [24.92119, 39.62503], [24.92545, 39.61182], [24.91798, 39.5933], [24.91, 39.58326], [24.88614, 39.56422], [24.84324, 39.54659], [24.80294, 39.54507], [24.8081, 39.55752], [24.8261, 39.58238]]], [[[26.08301, 39.83474], [26.0817, 39.8], [26.07495, 39.78491], [26.0591, 39.78609], [25.98366, 39.8221], [25.97805, 39.83417], [25.98602, 39.84222], [26.05111, 39.84405], [26.06056, 39.83759], [26.07715, 39.84466], [26.08301, 39.83474]]], [[[25.34816, 39.99049], [25.38209, 40.02252], [25.41285, 40.02253], [25.44984, 40.03617], [25.43678, 40.02253], [25.43678, 40.0163], [25.44271, 40.01504], [25.44986, 39.98843], [25.40162, 39.96377], [25.38559, 39.9444], [25.38891, 39.91951], [25.36411, 39.91722], [25.34799, 39.90644], [25.36846, 39.89899], [25.34164, 39.88386], [25.34034, 39.87421], [25.35546, 39.86554], [25.34278, 39.85464], [25.36987, 39.81713], [25.35548, 39.81025], [25.34896, 39.78768], [25.29527, 39.80769], [25.29029, 39.83076], [25.27313, 39.83569], [25.2566, 39.8559], [25.23881, 39.85806], [25.26173, 39.87043], [25.2798, 39.88911], [25.27516, 39.90363], [25.25066, 39.91852], [25.23878, 39.9195], [25.19711, 39.89281], [25.21388, 39.89179], [25.22508, 39.88541], [25.20729, 39.88312], [25.19418, 39.8736], [25.17726, 39.84504], [25.19092, 39.85187], [25.2019, 39.84126], [25.22102, 39.80996], [25.21452, 39.80342], [25.17506, 39.80704], [25.14326, 39.81709], [25.16993, 39.84846], [25.16489, 39.85908], [25.15382, 39.85578], [25.13573, 39.8376], [25.12893, 39.8376], [25.12208, 39.85806], [25.04707, 39.8376], [25.05398, 39.8491], [25.06739, 39.85806], [25.04706, 39.86555], [25.04706, 39.87856], [25.05991, 39.8854], [25.05325, 39.89899], [25.06739, 39.90644], [25.05992, 39.90644], [25.06821, 39.9208], [25.04706, 39.94746], [25.04542, 39.98469], [25.03339, 39.98844], [25.03338, 39.99504], [25.06861, 39.99689], [25.13233, 40.00885], [25.14234, 40.00677], [25.15626, 39.99527], [25.22511, 40.00885], [25.24732, 40.00242], [25.2608, 39.99108], [25.28712, 39.96109], [25.28517, 39.95336], [25.30698, 39.96003], [25.34799, 39.98159], [25.34816, 39.99049]]], [[[25.67941, 40.42658], [25.81141, 40.29494], [25.85054, 40.25903], [25.8777, 40.23932], [25.88991, 40.23529], [25.91334, 40.24127], [25.93824, 40.24163], [25.95786, 40.22309], [25.97184, 40.22113], [25.96982, 40.20873], [25.97469, 40.20659], [26.0728, 40.20989], [26.08775, 40.20598], [26.09154, 40.20042], [26.08743, 40.19415], [26.06498, 40.18228], [26.01987, 40.17192], [25.97035, 40.17011], [25.96306, 40.15713], [25.97291, 40.15322], [26.0122, 40.16656], [26.0122, 40.14607], [25.96805, 40.13084], [25.90956, 40.12385], [25.85629, 40.10786], [25.76629, 40.09719], [25.74529, 40.0983], [25.72098, 40.1049], [25.70436, 40.1153], [25.66327, 40.12617], [25.66327, 40.13239], [25.68605, 40.16064], [25.71902, 40.18719], [25.75905, 40.20672], [25.8266, 40.21931], [25.76061, 40.27063], [25.72744, 40.28778], [25.66776, 40.3103], [25.64874, 40.33172], [25.64123, 40.35754], [25.64421, 40.39604], [25.65003, 40.41415], [25.65895, 40.42776], [25.6681, 40.43176], [25.67941, 40.42658]]], [[[23.88374, 40.33108], [23.88955, 40.33699], [23.91179, 40.34108], [23.92001, 40.3229], [23.94181, 40.31407], [23.9414, 40.31009], [23.88739, 40.32666], [23.88374, 40.33108]]], [[[22.11322, 40.52521], [22.14283, 40.60481], [22.15525, 40.62695], [22.20406, 40.68722], [22.2344, 40.71456], [22.28286, 40.75089], [22.40201, 40.82181], [22.47534, 40.85579], [22.51858, 40.89224], [22.54925, 41.11852], [22.57126, 41.11951], [22.59018, 41.12514], [22.60733, 41.13599], [22.62449, 41.15263], [22.62935, 41.17707], [22.64454, 41.18023], [22.65611, 41.17806], [22.6741, 41.15661], [22.69188, 41.14457], [22.7049, 41.13966], [22.71575, 41.1456], [22.72722, 41.16581], [22.73673, 41.20441], [22.74086, 41.28358], [22.7513, 41.31521], [22.78097, 41.33489], [22.82603, 41.34099], [22.91362, 41.33597], [22.9307, 41.27084], [23.04837, 41.26358], [23.30127, 41.23525], [23.23962, 41.16321], [23.19502, 41.12032], [23.0409, 40.99807], [23.04717, 40.98917], [23.11485, 40.96959], [23.15946, 40.95109], [23.26877, 40.888], [23.27988, 40.89177], [23.33596, 40.95842], [23.39409, 41.0059], [23.44243, 41.03743], [23.53164, 41.08123], [23.6677, 41.12424], [23.75343, 41.13811], [23.86898, 41.14295], [23.97214, 41.13177], [24.09384, 41.21734], [24.13444, 41.23946], [24.23879, 41.27998], [24.35711, 41.30345], [24.4457, 41.30333], [24.56303, 41.29242], [24.63014, 41.27564], [24.69399, 41.25413], [24.73406, 41.23483], [24.80431, 41.18863], [24.81972, 41.17498], [24.83512, 41.16133], [24.88438, 41.10166], [24.9176, 41.03502], [24.92745, 41.00038], [24.93338, 40.9348], [24.8921, 40.92064], [24.86354, 40.90522], [24.89661, 40.90454], [24.88375, 40.89822], [24.84802, 40.88922], [24.83398, 40.87475], [24.80201, 40.85347], [24.7658, 40.86542], [24.72836, 40.85274], [24.70875, 40.85176], [24.69013, 40.85859], [24.69752, 40.86542], [24.67559, 40.87444], [24.68422, 40.85751], [24.68482, 40.84603], [24.67967, 40.82962], [24.65099, 40.8121], [24.64566, 40.80264], [24.67457, 40.79169], [24.73169, 40.78351], [24.74383, 40.75935], [24.77517, 40.74889], [24.78637, 40.73506], [24.76547, 40.73432], [24.75929, 40.72337], [24.76661, 40.71149], [24.78638, 40.70782], [24.78638, 40.68794], [24.7693, 40.68342], [24.76638, 40.66701], [24.62364, 40.59222], [24.615, 40.59858], [24.60077, 40.59859], [24.60076, 40.61221], [24.58025, 40.62519], [24.53078, 40.63094], [24.51679, 40.63911], [24.51199, 40.66681], [24.51834, 40.69269], [24.53339, 40.7182], [24.56667, 40.75556], [24.59211, 40.77184], [24.56211, 40.80992], [24.53648, 40.82937], [24.51048, 40.83673], [24.46883, 40.83561], [24.44112, 40.84786], [24.4145, 40.87682], [24.40089, 40.90312], [24.40104, 40.90848], [24.40611, 40.91462], [24.41496, 40.91849], [24.48538, 40.92102], [24.49536, 40.92694], [24.49969, 40.93691], [24.56973, 40.92798], [24.5499, 40.93675], [24.5731, 40.93358], [24.56666, 40.95173], [24.50514, 40.96162], [24.47291, 40.95173], [24.46412, 40.94116], [24.44313, 40.94806], [24.41554, 40.94554], [24.39177, 40.93647], [24.37223, 40.91414], [24.31267, 40.87971], [24.33222, 40.86304], [24.33134, 40.85527], [24.30983, 40.85053], [24.30568, 40.84174], [24.31528, 40.83222], [24.34064, 40.83128], [24.11011, 40.72786], [24.07281, 40.72143], [24.03004, 40.72335], [23.98667, 40.7321], [23.87403, 40.77766], [23.84205, 40.78335], [23.80925, 40.78042], [23.75408, 40.76301], [23.7107, 40.73762], [23.69703, 40.72142], [23.69174, 40.69538], [23.70021, 40.67365], [23.71803, 40.65868], [23.75562, 40.64565], [23.78649, 40.60637], [23.79265, 40.58796], [23.83351, 40.56379], [23.84669, 40.56029], [23.88884, 40.56378], [23.89527, 40.55305], [23.91487, 40.53888], [23.91552, 40.52961], [23.90723, 40.52539], [23.83823, 40.51874], [23.82301, 40.50698], [23.81902, 40.48774], [23.82667, 40.46137], [23.86818, 40.41352], [23.91554, 40.38935], [23.96388, 40.37946], [24.00245, 40.38638], [24.01173, 40.39248], [24.01157, 40.40184], [23.99124, 40.43407], [23.99871, 40.44086], [23.99125, 40.44769], [24.0114, 40.44915], [24.0288, 40.43207], [24.05323, 40.39248], [24.08578, 40.36603], [24.1089, 40.35741], [24.12843, 40.36517], [24.17985, 40.3515], [24.20395, 40.31737], [24.23361, 40.31671], [24.26651, 40.2888], [24.32065, 40.22797], [24.3833, 40.17914], [24.39372, 40.15271], [24.36109, 40.1324], [24.31861, 40.12471], [24.29999, 40.12809], [24.28614, 40.16055], [24.2383, 40.187], [24.16896, 40.2753], [24.12843, 40.29003], [24.04787, 40.30119], [24.01922, 40.3105], [23.93653, 40.36518], [23.92262, 40.36933], [23.88502, 40.36519], [23.83351, 40.37202], [23.78223, 40.3527], [23.75961, 40.3492], [23.73048, 40.35895], [23.69972, 40.32636], [23.69361, 40.30923], [23.69565, 40.29291], [23.71632, 40.25532], [23.75765, 40.23167], [23.76433, 40.2154], [23.77858, 40.2027], [23.86769, 40.17276], [23.88022, 40.17632], [23.89673, 40.17132], [23.94068, 40.14155], [23.98023, 40.13067], [23.99121, 40.11872], [23.98999, 40.11002], [23.97739, 40.10049], [23.97755, 40.09081], [24.00114, 40.07493], [24.00488, 40.06721], [24.00169, 40.05878], [23.98422, 40.05362], [23.98683, 40.04218], [23.99342, 40.03754], [24.01171, 40.04364], [24.01222, 40.02656], [24.0192, 40.0163], [23.99252, 39.99885], [23.98805, 39.98998], [23.9987, 39.98159], [23.9987, 39.97477], [23.97934, 39.97431], [23.9699, 39.96809], [23.97283, 39.96186], [23.9912, 39.96109], [23.99121, 39.95361], [23.93995, 39.95247], [23.9197, 39.95637], [23.92286, 39.97476], [23.90066, 39.97119], [23.89765, 39.97793], [23.90252, 39.98843], [23.86086, 40.00581], [23.85621, 40.01675], [23.8449, 40.02412], [23.83123, 40.02652], [23.82407, 40.02192], [23.82664, 40.00892], [23.78526, 40.06699], [23.7933, 40.09382], [23.77834, 40.10164], [23.7645, 40.12617], [23.67547, 40.21792], [23.64178, 40.23542], [23.5403, 40.24479], [23.48414, 40.2696], [23.43849, 40.2792], [23.39828, 40.27774], [23.365, 40.26171], [23.3401, 40.22797], [23.33766, 40.20844], [23.36362, 40.15046], [23.40083, 40.14383], [23.46925, 40.06708], [23.49887, 40.0423], [23.60271, 39.99848], [23.67025, 39.98606], [23.67596, 39.96109], [23.69728, 39.9405], [23.74787, 39.93048], [23.73998, 39.92318], [23.70314, 39.91268], [23.61647, 39.92333], [23.47096, 39.97162], [23.44654, 39.97476], [23.36063, 39.9611], [23.3816, 40.00267], [23.36069, 40.03263], [23.35271, 40.05707], [23.31659, 40.08886], [23.30593, 40.10448], [23.31959, 40.13679], [23.32456, 40.17495], [23.31861, 40.21052], [23.29908, 40.23542], [23.25864, 40.25312], [23.19956, 40.26627], [23.16619, 40.27985], [23.14894, 40.27645], [23.09693, 40.3061], [23.02916, 40.32576], [23.01092, 40.35122], [22.96388, 40.37946], [22.9275, 40.3885], [22.88822, 40.38631], [22.89772, 40.40205], [22.88966, 40.41836], [22.86022, 40.4477], [22.86744, 40.44945], [22.8672, 40.45392], [22.83092, 40.48579], [22.82164, 40.50214], [22.84352, 40.50917], [22.94158, 40.51716], [22.98316, 40.55268], [22.9769, 40.57062], [22.94176, 40.58735], [22.94956, 40.60541], [22.93377, 40.63093], [22.91049, 40.6446], [22.88307, 40.64728], [22.85402, 40.63947], [22.86108, 40.62055], [22.85058, 40.59342], [22.81592, 40.57063], [22.79567, 40.5708], [22.77833, 40.57807], [22.75856, 40.56778], [22.74594, 40.55524], [22.74252, 40.54035], [22.75032, 40.52278], [22.73666, 40.52961], [22.73665, 40.51534], [22.73048, 40.51534], [22.73048, 40.52277], [22.72316, 40.52277], [22.719, 40.51098], [22.71095, 40.51163], [22.68898, 40.52278], [22.68849, 40.52749], [22.67351, 40.52684], [22.65772, 40.51667], [22.65626, 40.50454], [22.67527, 40.49617], [22.65968, 40.49291], [22.65072, 40.47282], [22.6268, 40.48188], [22.60288, 40.48127], [22.57911, 40.46821], [22.60376, 40.44399], [22.60872, 40.42817], [22.60646, 40.41356], [22.63998, 40.38369], [22.65836, 40.37945], [22.66113, 40.36905], [22.62062, 40.31049], [22.59034, 40.24165], [22.59082, 40.23017], [22.55138, 40.16661], [22.46661, 40.17689], [22.38043, 40.19854], [22.30121, 40.23243], [22.23187, 40.27731], [22.17499, 40.33154], [22.1327, 40.3931], [22.10844, 40.44926], [22.11322, 40.52521]]], [[[25.54684, 40.52809], [25.528, 40.50081], [25.51919, 40.49437], [25.51177, 40.49342], [25.50145, 40.50437], [25.48091, 40.57164], [25.46619, 40.59939], [25.36302, 40.71874], [25.29824, 40.81188], [25.28391, 40.84174], [25.27661, 40.86937], [25.27876, 40.88953], [25.31953, 40.88366], [25.37389, 40.84153], [25.39599, 40.83022], [25.40526, 40.82963], [25.41764, 40.83445], [25.44595, 40.86397], [25.62855, 40.83748], [25.62664, 40.81705], [25.57608, 40.60473], [25.56379, 40.56665], [25.54684, 40.52809]]], [[[27.39015, 36.38345], [27.37794, 36.38204], [27.3659, 36.39241], [27.37591, 36.40219], [27.35967, 36.40512], [27.3628, 36.42499], [27.34962, 36.43122], [27.33814, 36.42841], [27.32383, 36.41403], [27.3108, 36.41788], [27.2969, 36.42756], [27.29517, 36.45535], [27.30063, 36.47343], [27.31023, 36.45771], [27.3558, 36.47963], [27.36849, 36.47239], [27.38168, 36.44416], [27.3968, 36.43866], [27.38746, 36.42084], [27.39959, 36.41014], [27.42066, 36.40864], [27.43848, 36.41814], [27.44466, 36.40453], [27.42823, 36.38521], [27.41586, 36.38033], [27.40431, 36.38345], [27.39926, 36.37874], [27.39015, 36.38345]]], [[[26.50225, 36.45109], [26.39842, 36.50014], [26.45919, 36.45388], [26.48402, 36.42965], [26.47844, 36.43173], [26.42874, 36.46636], [26.36458, 36.52212], [26.25038, 36.60106], [26.37247, 36.54627], [26.37773, 36.54088], [26.37344, 36.53287], [26.39796, 36.51661], [26.44595, 36.49526], [26.52765, 36.46549], [26.54163, 36.45776], [26.54431, 36.45054], [26.53394, 36.44477], [26.50225, 36.45109]]], [[[27.1858, 36.61566], [27.19466, 36.60692], [27.20605, 36.5871], [27.198, 36.56831], [27.17457, 36.56054], [27.14015, 36.56323], [27.12974, 36.56953], [27.12626, 36.58027], [27.13723, 36.60008], [27.16676, 36.61505], [27.1858, 36.61566]]], [[[27.06458, 36.58901], [27.04402, 36.61104], [26.99787, 36.67194], [26.96928, 36.69222], [26.97289, 36.67891], [26.95534, 36.68172], [26.93752, 36.69262], [26.92336, 36.70621], [26.91775, 36.71613], [26.92027, 36.75116], [26.92629, 36.7656], [26.93767, 36.76081], [26.94608, 36.76899], [26.94434, 36.79942], [26.95116, 36.79432], [26.95688, 36.77948], [26.95875, 36.7813], [26.98601, 36.76765], [27.0075, 36.78783], [27.02077, 36.80857], [27.06122, 36.83933], [27.16424, 36.89117], [27.28093, 36.90789], [27.29152, 36.89183], [27.34099, 36.88189], [27.35579, 36.86323], [27.3231, 36.84863], [27.2142, 36.82388], [27.19077, 36.81232], [27.12989, 36.76082], [27.10906, 36.7583], [27.08318, 36.76123], [27.04754, 36.77509], [26.99204, 36.75361], [26.97828, 36.74277], [27.00239, 36.72158], [27.07726, 36.67069], [27.11144, 36.64197], [27.11965, 36.62925], [27.11936, 36.61839], [27.11315, 36.61743], [27.08724, 36.62713], [27.08697, 36.58317], [27.08304, 36.58037], [27.07603, 36.58186], [27.06458, 36.58901]]], [[[27.13421, 36.95864], [27.14438, 36.95376], [27.15195, 36.95888], [27.16293, 36.95697], [27.16748, 36.94859], [27.16179, 36.93716], [27.17511, 36.92252], [27.13267, 36.92508], [27.10899, 36.94872], [27.10867, 36.95372], [27.13421, 36.95864]]], [[[27.04127, 36.95262], [27.04127, 36.95942], [27.04752, 36.95941], [27.04037, 36.94506], [26.99342, 36.95262], [26.9834, 36.92952], [26.97608, 36.92594], [26.95192, 36.93163], [26.94508, 36.92595], [26.92986, 36.94278], [26.92115, 36.94709], [26.91165, 36.9458], [26.93141, 36.96686], [26.92532, 36.98168], [26.95132, 37.02378], [26.95168, 37.03064], [26.94361, 37.04072], [26.92457, 37.03516], [26.91739, 37.04146], [26.90349, 37.06249], [26.8856, 37.07559], [26.88982, 37.08978], [26.90441, 37.07636], [26.986, 37.04881], [26.98599, 37.04198], [26.97291, 37.04198], [26.98219, 37.02875], [27.00586, 37.01618], [27.00709, 37.00043], [27.02394, 37.01267], [27.04126, 37.00787], [27.04427, 36.99624], [27.03688, 36.97846], [27.04126, 36.96685], [27.03386, 36.95262], [27.04127, 36.95262]]], [[[27.08432, 37.06404], [27.1092, 37.05784], [27.10637, 37.05391], [27.08831, 37.05399], [27.07791, 37.05724], [27.08432, 37.06404]]], [[[26.89077, 37.09501], [26.89262, 37.10872], [26.89753, 37.11815], [26.89883, 37.10632], [26.89077, 37.09501]]], [[[26.83759, 37.10473], [26.83758, 37.11213], [26.85231, 37.12458], [26.84303, 37.12515], [26.82976, 37.11872], [26.81724, 37.11987], [26.81041, 37.12938], [26.8169, 37.14655], [26.7951, 37.15547], [26.77623, 37.16967], [26.77273, 37.18268], [26.78419, 37.19146], [26.79802, 37.19058], [26.80032, 37.19928], [26.80828, 37.20025], [26.84977, 37.18731], [26.85286, 37.18179], [26.84409, 37.16201], [26.86426, 37.1533], [26.87184, 37.1341], [26.88688, 37.1166], [26.88688, 37.1057], [26.8755, 37.1037], [26.86988, 37.09806], [26.84995, 37.09846], [26.83759, 37.10473]]], [[[27.10334, 37.2995], [27.09221, 37.28766], [27.10579, 37.27867], [27.09287, 37.27213], [27.08238, 37.27811], [27.08214, 37.29234], [27.08766, 37.30202], [27.10334, 37.2995]]], [[[26.58395, 37.34548], [26.56989, 37.34504], [26.56249, 37.33891], [26.55843, 37.32975], [26.54884, 37.32656], [26.56518, 37.30841], [26.56771, 37.27465], [26.5573, 37.27124], [26.54641, 37.27717], [26.54477, 37.2884], [26.53274, 37.29174], [26.52868, 37.30051], [26.53831, 37.33547], [26.53372, 37.36066], [26.5364, 37.3727], [26.56861, 37.37441], [26.58057, 37.37009], [26.59668, 37.35919], [26.60368, 37.34943], [26.60612, 37.33955], [26.60084, 37.33736], [26.58395, 37.34548]]], [[[26.72501, 37.28811], [26.68943, 37.30699], [26.64922, 37.33539], [26.61069, 37.37036], [26.58174, 37.40996], [26.57677, 37.43209], [26.58793, 37.44354], [26.61103, 37.44569], [26.6415, 37.43978], [26.67511, 37.42658], [26.71074, 37.40396], [26.7194, 37.41286], [26.71786, 37.40542], [26.73397, 37.39866], [26.73805, 37.39049], [26.75903, 37.37613], [26.74765, 37.36425], [26.76108, 37.34459], [26.77235, 37.31133], [26.77121, 37.30556], [26.78451, 37.30885], [26.78955, 37.30463], [26.79215, 37.28742], [26.78012, 37.27397], [26.77483, 37.28116], [26.76727, 37.27738], [26.76298, 37.2806], [26.76232, 37.28704], [26.75188, 37.28189], [26.72501, 37.28811]], [[26.74079, 37.3743], [26.742, 37.37253], [26.74163, 37.37458], [26.74079, 37.3743]]], [[[27.00724, 37.45165], [26.98829, 37.45881], [26.97429, 37.44641], [26.96461, 37.45409], [26.95834, 37.44393], [26.95005, 37.44718], [26.94296, 37.46263], [26.92695, 37.47419], [26.98617, 37.47332], [27.00765, 37.45693], [27.00724, 37.45165]]], [[[27.18439, 37.55872], [27.16831, 37.57021], [27.16929, 37.56478], [27.14952, 37.59666], [27.15944, 37.59898], [27.16357, 37.59435], [27.15919, 37.58885], [27.18439, 37.55872]]], [[[26.50523, 37.65049], [26.51352, 37.6533], [26.53068, 37.64179], [26.52825, 37.62596], [26.54069, 37.61668], [26.53133, 37.5974], [26.5166, 37.58361], [26.49912, 37.57526], [26.50131, 37.56118], [26.51092, 37.54924], [26.51115, 37.53653], [26.50294, 37.5275], [26.48887, 37.54036], [26.48601, 37.55309], [26.47495, 37.56658], [26.47399, 37.60261], [26.47844, 37.60556], [26.48486, 37.60313], [26.49195, 37.58633], [26.49806, 37.5854], [26.50309, 37.59486], [26.51376, 37.59858], [26.5101, 37.62433], [26.49709, 37.62743], [26.49644, 37.63768], [26.50523, 37.65049]]], [[[26.62289, 37.67887], [26.61549, 37.67887], [26.61549, 37.68626], [26.60922, 37.68626], [26.5984, 37.67721], [26.58361, 37.70388], [26.58026, 37.74079], [26.58401, 37.75226], [26.59499, 37.76137], [26.64389, 37.77241], [26.6496, 37.78522], [26.65806, 37.79278], [26.77152, 37.81406], [26.80641, 37.81451], [26.84205, 37.80914], [26.88185, 37.78539], [26.91694, 37.77768], [26.96607, 37.74776], [26.9699, 37.75878], [26.94511, 37.78871], [26.97364, 37.78449], [26.99341, 37.79611], [26.99399, 37.784], [27.02101, 37.77717], [27.06784, 37.77439], [27.03386, 37.76138], [27.03224, 37.75316], [27.04754, 37.72724], [27.05877, 37.73378], [27.06526, 37.72907], [27.06657, 37.71833], [27.0612, 37.70674], [27.03696, 37.71288], [26.99997, 37.70634], [26.91, 37.67805], [26.86931, 37.64469], [26.79738, 37.64469], [26.78746, 37.64721], [26.76092, 37.68968], [26.75099, 37.69668], [26.72731, 37.70157], [26.70826, 37.71357], [26.65025, 37.70145], [26.62843, 37.69066], [26.62289, 37.67887]]], [[[26.69826, 38.47713], [26.69289, 38.48286], [26.69355, 38.51243], [26.70216, 38.54278], [26.72241, 38.53274], [26.72997, 38.52086], [26.73121, 38.49486], [26.74544, 38.4833], [26.74756, 38.47586], [26.74381, 38.46374], [26.73162, 38.45837], [26.72169, 38.46926], [26.69826, 38.47713]]], [[[29.74254, 36.13165], [29.75067, 36.13881], [29.76408, 36.13569], [29.74154, 36.12315], [29.74254, 36.13165]]], [[[29.59327, 36.15217], [29.60213, 36.14781], [29.60302, 36.14163], [29.58554, 36.13414], [29.57753, 36.12531], [29.55919, 36.12105], [29.5696, 36.1509], [29.57943, 36.1617], [29.59529, 36.16668], [29.59327, 36.15217]]], [[[29.49399, 36.16107], [29.50845, 36.15469], [29.49903, 36.1497], [29.48538, 36.1553], [29.49399, 36.16107]]], [[[28.22242, 36.45599], [28.23974, 36.43866], [28.23974, 36.43253], [28.22584, 36.41795], [28.23633, 36.37304], [28.21119, 36.35765], [28.20508, 36.32266], [28.17547, 36.29043], [28.16352, 36.23792], [28.14845, 36.22606], [28.13054, 36.18547], [28.10328, 36.18545], [28.09522, 36.16788], [28.08578, 36.16498], [28.0617, 36.11652], [28.09643, 36.10349], [28.08984, 36.08829], [28.07594, 36.07559], [28.08959, 36.05514], [28.03761, 36.06843], [28.01694, 36.069], [27.99342, 36.06196], [27.94842, 36.03901], [27.9323, 36.02534], [27.86353, 35.94099], [27.8274, 35.91377], [27.78045, 35.89005], [27.73269, 35.91511], [27.71226, 35.9527], [27.72535, 35.96719], [27.76002, 36.06196], [27.75709, 36.08438], [27.70884, 36.12711], [27.71225, 36.14448], [27.70289, 36.15046], [27.69094, 36.14949], [27.68427, 36.15814], [27.73952, 36.18544], [27.77198, 36.19782], [27.76744, 36.20596], [27.77605, 36.21161], [27.78056, 36.23282], [27.80325, 36.2702], [27.83741, 36.28099], [27.89968, 36.34015], [27.95924, 36.35676], [28.11842, 36.42767], [28.18393, 36.42446], [28.21389, 36.45546], [28.22242, 36.45599]]], [[[29.88461, 36.17309], [29.84279, 36.16715], [29.83969, 36.17056], [29.91194, 36.19948], [29.88461, 36.17309]]], [[[27.61646, 36.24261], [27.61865, 36.2281], [27.61011, 36.21651], [27.58286, 36.21256], [27.55055, 36.21589], [27.53151, 36.21175], [27.51887, 36.21709], [27.51744, 36.2309], [27.5268, 36.24012], [27.56536, 36.24492], [27.61646, 36.24261]]], [[[27.69566, 36.25381], [27.70224, 36.26606], [27.68411, 36.2644], [27.70046, 36.28367], [27.71152, 36.28574], [27.71826, 36.28245], [27.71931, 36.26727], [27.70476, 36.24715], [27.69566, 36.25381]]], [[[28.91537, 36.65552], [28.90854, 36.6671], [28.91588, 36.68273], [28.93839, 36.67605], [28.91537, 36.65552]]], [[[27.4743, 36.95882], [27.44582, 36.97], [27.44231, 36.97936], [27.42353, 36.99177], [27.43092, 36.99676], [27.49064, 36.97284], [27.49023, 36.96602], [27.4743, 36.95882]]], [[[26.26295, 39.48135], [26.24927, 39.46566], [26.23178, 39.47451], [26.15249, 39.45921], [26.11297, 39.45918], [26.07424, 39.47452], [26.07001, 39.49628], [26.1107, 39.59788], [26.1482, 39.62604], [26.15803, 39.65956], [26.16358, 39.70417], [26.13642, 39.75568], [26.13788, 39.76455], [26.14991, 39.77611], [26.15496, 39.82616], [26.1517, 39.83515], [26.13642, 39.8376], [26.15675, 39.89899], [26.15062, 39.92504], [26.15252, 39.94235], [26.16779, 39.97376], [26.18852, 40.00161], [26.19777, 40.00884], [26.25115, 39.99486], [26.31105, 40.01948], [26.3577, 40.05963], [26.36309, 40.06859], [26.36941, 40.10293], [26.39069, 40.10765], [26.39536, 40.11457], [26.40194, 40.14633], [26.39635, 40.17276], [26.40798, 40.19366], [26.44142, 40.1966], [26.50074, 40.21296], [26.51938, 40.22516], [26.56366, 40.27016], [26.6076, 40.29043], [26.71442, 40.39043], [26.73561, 40.40354], [26.77713, 40.40548], [26.86305, 40.39989], [26.89723, 40.40614], [26.93442, 40.39248], [26.99147, 40.38862], [27.01336, 40.39248], [27.09637, 40.45228], [27.14308, 40.45391], [27.21534, 40.4477], [27.23756, 40.45185], [27.2715, 40.46783], [27.28695, 40.4682], [27.30354, 40.45824], [27.32861, 40.41356], [27.31492, 40.40616], [27.30323, 40.41096], [27.29445, 40.40615], [27.33758, 40.37031], [27.40796, 40.33702], [27.45232, 40.32201], [27.52328, 40.30878], [27.55128, 40.30882], [27.59702, 40.32831], [27.61297, 40.33099], [27.688, 40.31379], [27.71225, 40.32419], [27.73259, 40.31729], [27.76271, 40.31538], [27.78981, 40.32046], [27.81325, 40.3471], [27.86736, 40.36888], [27.88356, 40.3863], [27.86524, 40.38679], [27.81528, 40.39989], [27.79177, 40.3929], [27.78582, 40.41291], [27.76765, 40.42025], [27.75637, 40.43261], [27.75017, 40.45759], [27.72585, 40.46138], [27.68442, 40.49597], [27.68427, 40.50234], [27.70606, 40.51191], [27.72243, 40.52626], [27.73316, 40.53057], [27.75017, 40.52473], [27.76002, 40.53704], [27.78045, 40.51533], [27.7894, 40.51423], [27.79519, 40.52089], [27.8047, 40.52276], [27.81673, 40.52132], [27.80056, 40.8396], [27.80099, 40.95134], [27.8065, 40.97974], [27.82027, 40.99568], [27.82518, 40.99736], [27.81528, 41.00263], [27.77613, 41.01097], [27.7378, 41.01264], [27.52418, 40.9892], [27.49317, 40.97529], [27.47169, 40.94184], [27.44653, 40.86172], [27.42495, 40.83148], [27.33082, 40.76097], [27.28792, 40.70357], [27.19825, 40.65314], [27.17774, 40.63265], [27.14283, 40.62739], [27.11524, 40.61373], [27.04754, 40.61221], [26.98975, 40.5638], [26.91163, 40.55073], [26.82105, 40.50313], [26.75945, 40.49616], [26.70833, 40.46574], [26.68336, 40.45547], [26.67432, 40.42569], [26.66382, 40.41357], [26.63152, 40.40005], [26.62485, 40.39248], [26.61669, 40.35953], [26.60132, 40.34596], [26.53995, 40.30382], [26.51043, 40.29816], [26.49724, 40.28994], [26.42682, 40.23048], [26.38019, 40.21143], [26.35914, 40.20816], [26.34555, 40.19977], [26.34881, 40.18134], [26.36134, 40.16258], [26.37561, 40.15336], [26.32771, 40.11857], [26.27312, 40.0926], [26.24269, 40.07067], [26.23092, 40.06502], [26.16701, 40.04988], [26.1575, 40.05533], [26.16002, 40.0672], [26.17363, 40.08442], [26.1902, 40.09422], [26.21471, 40.14606], [26.25978, 40.19448], [26.27198, 40.23041], [26.26694, 40.25776], [26.2479, 40.27912], [26.21813, 40.29686], [26.23178, 40.31013], [26.20999, 40.32193], [26.21889, 40.33124], [26.25043, 40.34959], [26.30145, 40.36468], [26.32114, 40.36518], [26.33612, 40.38531], [26.38575, 40.40986], [26.4328, 40.43983], [26.49171, 40.45653], [26.56483, 40.49959], [26.6229, 40.51532], [26.66977, 40.51081], [26.68377, 40.51533], [26.73276, 40.56377], [26.7562, 40.55484], [26.78826, 40.56293], [26.81666, 40.58096], [26.82895, 40.602], [26.79037, 40.66059], [26.7142, 40.65131], [26.6775, 40.63948], [26.60922, 40.63947], [26.58204, 40.633], [26.50563, 40.59859], [26.47706, 40.6131], [26.44467, 40.61904], [26.39975, 40.60416], [26.37306, 40.61445], [26.3023, 40.60114], [26.11761, 40.602], [26.09132, 40.60542], [26.07692, 40.61181], [26.05374, 40.66059], [26.06088, 40.67585], [26.05812, 40.6977], [26.04998, 40.71554], [26.03324, 40.73505], [26.04689, 40.7425], [26.036, 40.75776], [26.02735, 40.79613], [26.00589, 40.80395], [26.00587, 40.81078], [26.05372, 40.81623], [26.06056, 40.82075], [26.05397, 40.83096], [26.03891, 40.83251], [26.01222, 40.82445], [26.00587, 40.83877], [25.99838, 40.83877], [26.00587, 40.81704], [25.99843, 40.81704], [25.98292, 40.83088], [25.95167, 40.84553], [25.91863, 40.85297], [25.89666, 40.84493], [25.8257, 40.84969], [25.80323, 40.85651], [25.73219, 40.85176], [25.6045, 40.87617], [25.56715, 40.86544], [25.53806, 40.87038], [25.48683, 40.89712], [25.41969, 40.90641], [25.38299, 40.91902], [25.34083, 40.94172], [25.29965, 40.95185], [25.26612, 40.92692], [25.2593, 40.92692], [25.2588, 40.93195], [25.18068, 40.94271], [25.13406, 40.96288], [25.14016, 40.98358], [25.15846, 40.99429], [25.16993, 40.9958], [25.13844, 41.01008], [25.11903, 41.01014], [25.23911, 41.2409], [25.26226, 41.2381], [25.28572, 41.2394], [25.45346, 41.28043], [25.4791, 41.28379], [25.50509, 41.28058], [25.51491, 41.28348], [25.52369, 41.29169], [25.53796, 41.31221], [25.55149, 41.31567], [25.63976, 41.31107], [25.67045, 41.29919], [25.69123, 41.29841], [25.71748, 41.31412], [25.76347, 41.31903], [25.81101, 41.34104], [25.83334, 41.33464], [25.86269, 41.31009], [25.88202, 41.30404], [25.89628, 41.30626], [25.92119, 41.31603], [25.95963, 41.315], [26.31734, 41.1252], [26.31734, 41.1223], [26.33233, 41.11904], [26.33946, 41.11449], [26.3224, 41.08855], [26.32509, 41.07408], [26.34762, 41.04096], [26.37418, 41.03114], [26.37501, 41.01946], [26.69102, 41.01199], [26.75913, 41.01999], [26.84932, 41.01798], [26.96844, 40.99575], [27.00991, 41.0273], [27.04366, 41.09881], [27.09819, 41.17547], [27.30321, 41.23989], [27.3934, 41.25738], [27.44058, 41.26107], [27.53352, 41.25792], [27.59248, 41.3035], [27.65408, 41.33849], [27.69004, 41.37054], [27.73856, 41.37565], [27.74047, 41.38479], [27.72326, 41.40186], [27.78548, 41.46143], [27.83061, 41.49407], [27.86893, 41.54606], [27.94073, 41.614], [28.05984, 41.70647], [28.07845, 41.69196], [28.08838, 41.6769], [28.08708, 41.66707], [28.07667, 41.66682], [28.07594, 41.66055], [28.09718, 41.62669], [28.11329, 41.61156], [28.14185, 41.59894], [28.17775, 41.55817], [28.23276, 41.51899], [28.38429, 41.44746], [28.60094, 41.37747], [28.90846, 41.26655], [29.00715, 41.24973], [29.02426, 41.24283], [29.04518, 41.2564], [29.06838, 41.25377], [29.09391, 41.2464], [29.10921, 41.23529], [29.08676, 41.19188], [29.06935, 41.17471], [29.04078, 41.16429], [29.07065, 41.13019], [29.04217, 41.06635], [29.0315, 41.05386], [29.00188, 41.04143], [28.98981, 41.02846], [28.99219, 41.00804], [28.98194, 41.00166], [28.96047, 41.00301], [28.94614, 41.00947], [28.92839, 40.99581], [28.89926, 40.98429], [28.84995, 40.97529], [28.83374, 40.96395], [28.82203, 40.96163], [28.78599, 40.96565], [28.77019, 40.97932], [28.62526, 40.96842], [28.59524, 40.97798], [28.60353, 41.00947], [28.59181, 41.01887], [28.57553, 41.02367], [28.58253, 41.04637], [28.57244, 41.06647], [28.55193, 41.08051], [28.52784, 41.08515], [28.53289, 41.07062], [28.55454, 41.05366], [28.56251, 41.03677], [28.5602, 41.01204], [28.55355, 40.99836], [28.54135, 40.98958], [28.51247, 40.99267], [28.4607, 41.03286], [28.43531, 41.04291], [28.4022, 41.04732], [28.33277, 41.06656], [28.26401, 41.07088], [28.23666, 41.08515], [28.18165, 41.07772], [28.16529, 41.08515], [28.01303, 41.04072], [27.98658, 41.02367], [27.96437, 40.99628], [27.95922, 40.97529], [27.94125, 40.97111], [27.91203, 40.97378], [27.92099, 40.9636], [27.93349, 40.9314], [27.94034, 40.89302], [27.94105, 40.8512], [27.93664, 40.80174], [27.89808, 40.57901], [27.88365, 40.51331], [27.9699, 40.50299], [28.01416, 40.49115], [28.03442, 40.47443], [28.01677, 40.45108], [27.92994, 40.41694], [27.90398, 40.39989], [27.90846, 40.37421], [27.94467, 40.36603], [28.02752, 40.37202], [28.11199, 40.39605], [28.34769, 40.40403], [28.4004, 40.39741], [28.48677, 40.39988], [28.46754, 40.39435], [28.45883, 40.37946], [28.49949, 40.39109], [28.54542, 40.39129], [28.59278, 40.38189], [28.63771, 40.36518], [28.64381, 40.37123], [28.65805, 40.36518], [28.6854, 40.37945], [28.74187, 40.38642], [28.77199, 40.40252], [28.88404, 40.38629], [28.93873, 40.36518], [29.03395, 40.36445], [29.05161, 40.36734], [29.06568, 40.37572], [29.09011, 40.42722], [29.11899, 40.42365], [29.15154, 40.43407], [29.1115, 40.46613], [29.0879, 40.47748], [29.06568, 40.48188], [29.011, 40.48188], [28.96921, 40.46142], [28.91668, 40.47091], [28.82846, 40.51301], [28.7742, 40.52278], [28.79266, 40.55328], [28.82684, 40.57061], [28.89772, 40.59174], [28.92774, 40.60643], [28.97007, 40.63946], [28.98664, 40.64478], [29.28159, 40.66592], [29.30889, 40.67301], [29.39185, 40.70782], [29.41684, 40.68675], [29.46144, 40.70417], [29.47007, 40.71893], [29.47927, 40.72406], [29.50115, 40.7289], [29.5277, 40.72135], [29.54223, 40.70966], [29.54884, 40.69099], [29.75352, 40.72456], [29.8672, 40.7289], [29.90358, 40.71625], [29.92416, 40.71646], [29.9393, 40.73505], [29.92921, 40.75804], [29.89015, 40.7635], [29.7754, 40.74873], [29.73756, 40.76984], [29.66619, 40.78351], [29.42872, 40.77607], [29.37778, 40.75655], [29.35695, 40.76241], [29.33953, 40.78758], [29.32914, 40.79035], [29.34344, 40.7978], [29.33953, 40.80781], [29.31544, 40.82445], [29.31105, 40.8182], [29.30177, 40.82445], [29.2932, 40.8186], [29.25458, 40.81079], [29.25458, 40.81703], [29.27076, 40.82185], [29.2746, 40.83876], [29.28826, 40.83129], [29.28842, 40.8378], [29.29493, 40.83877], [29.26393, 40.86978], [29.24098, 40.88255], [29.22047, 40.87972], [29.20134, 40.89395], [29.14479, 40.91414], [29.08318, 40.95966], [29.0281, 40.98213], [29.03484, 40.98957], [29.0233, 40.99336], [29.00758, 41.0305], [29.02605, 41.03828], [29.06235, 41.07632], [29.09059, 41.14094], [29.06911, 41.15277], [29.09262, 41.18036], [29.12983, 41.21171], [29.16969, 41.23309], [29.20623, 41.22919], [29.21616, 41.2394], [29.23178, 41.2407], [29.41974, 41.21428], [29.61883, 41.1789], [29.88461, 41.14899], [30.13689, 41.14378], [30.16521, 41.14663], [30.21705, 41.16714], [30.24049, 41.19231], [30.2483, 41.18757], [30.27126, 41.21116], [30.28248, 41.21551], [30.29558, 41.20742], [30.33668, 41.20082], [30.36996, 41.18134], [30.55532, 41.14779], [30.56281, 41.01464], [30.56101, 40.97921], [30.54585, 40.91462], [30.56175, 40.84912], [30.56305, 40.76064], [30.49033, 40.78915], [30.41995, 40.80196], [30.40943, 40.79897], [30.41269, 40.74463], [30.40603, 40.67519], [30.3959, 40.64053], [30.36306, 40.57509], [30.32544, 40.52604], [30.26741, 40.46891], [30.23349, 40.44436], [30.19585, 40.4218], [30.1557, 40.40263], [30.07549, 40.37549], [30.06909, 40.36889], [30.0219, 39.82789], [29.95881, 38.96159], [29.90839, 38.48927], [29.86616, 38.19746], [29.81641, 37.91034], [29.63705, 37.01763], [29.56302, 36.61291], [29.56857, 36.6047], [29.61591, 36.58776], [29.66502, 36.56369], [29.73745, 36.55038], [29.82127, 36.57082], [29.87235, 36.59008], [29.88058, 36.58173], [29.90463, 36.55162], [29.94048, 36.48764], [29.96039, 36.41839], [29.96312, 36.34777], [29.9386, 36.21761], [29.91651, 36.21906], [29.88136, 36.19843], [29.83009, 36.18545], [29.83758, 36.18285], [29.83692, 36.17797], [29.80258, 36.17182], [29.80258, 36.16498], [29.82307, 36.16498], [29.7955, 36.14536], [29.77955, 36.13936], [29.76173, 36.13703], [29.76173, 36.14448], [29.7754, 36.15815], [29.76238, 36.15656], [29.75489, 36.1507], [29.74342, 36.16096], [29.71925, 36.16266], [29.70704, 36.15815], [29.69995, 36.14615], [29.6893, 36.14448], [29.67238, 36.12338], [29.66822, 36.14378], [29.63397, 36.15706], [29.62397, 36.17776], [29.63738, 36.17243], [29.64324, 36.17792], [29.6421, 36.18696], [29.63453, 36.19164], [29.58352, 36.18546], [29.58352, 36.19163], [29.59254, 36.19579], [29.62387, 36.19912], [29.60222, 36.20702], [29.5215, 36.20598], [29.49448, 36.21102], [29.43214, 36.24006], [29.42042, 36.23063], [29.41163, 36.2674], [29.40578, 36.26017], [29.39186, 36.2674], [29.3816, 36.2639], [29.3571, 36.23567], [29.34963, 36.23262], [29.34084, 36.23738], [29.32936, 36.2541], [29.32228, 36.24691], [29.25687, 36.29688], [29.23463, 36.32429], [29.17499, 36.33984], [29.15846, 36.35676], [29.14471, 36.34933], [29.14081, 36.36245], [29.1447, 36.37718], [29.11689, 36.37719], [29.12428, 36.38345], [29.1128, 36.38939], [29.09638, 36.39095], [29.10907, 36.40647], [29.13038, 36.41136], [29.12429, 36.41815], [29.13014, 36.43651], [29.1242, 36.4536], [29.11134, 36.46678], [29.09638, 36.47346], [29.09657, 36.47978], [29.12428, 36.49331], [29.11492, 36.55268], [29.09637, 36.54793], [29.08432, 36.56025], [29.03639, 36.54533], [29.01447, 36.54792], [29.03272, 36.55182], [29.03688, 36.56147], [29.02053, 36.5895], [29.04176, 36.62424], [29.05584, 36.61424], [29.08091, 36.63861], [29.09636, 36.6441], [29.09059, 36.6271], [29.09881, 36.6236], [29.11061, 36.62637], [29.11687, 36.63422], [29.10922, 36.652], [29.09636, 36.66523], [29.03419, 36.701], [28.95632, 36.72753], [28.93898, 36.75129], [28.89088, 36.71239], [28.8977, 36.69938], [28.86354, 36.69257], [28.86246, 36.66792], [28.84995, 36.66523], [28.86352, 36.65094], [28.85678, 36.64411], [28.87037, 36.63052], [28.87664, 36.63052], [28.88803, 36.64842], [28.89015, 36.65762], [28.88405, 36.67143], [28.9017, 36.65827], [28.89534, 36.64143], [28.86354, 36.61685], [28.86962, 36.60664], [28.85848, 36.60129], [28.82888, 36.60254], [28.81863, 36.61173], [28.81863, 36.62079], [28.82717, 36.62774], [28.84254, 36.63052], [28.84254, 36.63788], [28.80502, 36.65526], [28.78786, 36.65096], [28.78273, 36.67739], [28.74635, 36.6977], [28.70167, 36.70506], [28.6649, 36.69258], [28.65992, 36.711], [28.64918, 36.71833], [28.63592, 36.7145], [28.62338, 36.69938], [28.61623, 36.70596], [28.60354, 36.73355], [28.61256, 36.74714], [28.61671, 36.767], [28.61411, 36.78535], [28.60353, 36.79499], [28.60304, 36.79963], [28.61036, 36.80174], [28.60621, 36.81013], [28.61036, 36.81607], [28.60353, 36.81607], [28.59669, 36.795], [28.57586, 36.81952], [28.54615, 36.82343], [28.52443, 36.8133], [28.52783, 36.78879], [28.51775, 36.79564], [28.48685, 36.80175], [28.5005, 36.80858], [28.5005, 36.81607], [28.46389, 36.81876], [28.45608, 36.82852], [28.45266, 36.84955], [28.46632, 36.85334], [28.452, 36.88361], [28.44744, 36.88304], [28.4362, 36.86474], [28.37672, 36.85444], [28.39064, 36.83592], [28.41472, 36.83709], [28.4248, 36.82909], [28.396, 36.78951], [28.37697, 36.78878], [28.31495, 36.81607], [28.30877, 36.81607], [28.31494, 36.795], [28.27818, 36.79646], [28.27395, 36.80516], [28.27834, 36.81415], [28.31495, 36.82225], [28.31495, 36.82909], [28.27312, 36.852], [28.25717, 36.84618], [28.24318, 36.82978], [28.23666, 36.81322], [28.23951, 36.79881], [28.25341, 36.78876], [28.24887, 36.76683], [28.28857, 36.74257], [28.29508, 36.7199], [28.26726, 36.7309], [28.2531, 36.72785], [28.24658, 36.7124], [28.23357, 36.71988], [28.22543, 36.7062], [28.23356, 36.69937], [28.1819, 36.68464], [28.16228, 36.67268], [28.1115, 36.60419], [28.08814, 36.58907], [28.0617, 36.59634], [28.05502, 36.58658], [28.04184, 36.58271], [28.04801, 36.56904], [28.0359, 36.56477], [28.01832, 36.56704], [28.01384, 36.57587], [28.00366, 36.56193], [27.9909, 36.55977], [27.97796, 36.56563], [27.96609, 36.57587], [27.97291, 36.5895], [27.95926, 36.60252], [28.03443, 36.60252], [28.05397, 36.60961], [28.08961, 36.64411], [28.07594, 36.65778], [28.04804, 36.63791], [28.06121, 36.66474], [28.05795, 36.67666], [28.03793, 36.69062], [28.02963, 36.67037], [28.00017, 36.6789], [27.98016, 36.67586], [27.97023, 36.67984], [27.96609, 36.68878], [28.00701, 36.69937], [28.00019, 36.70619], [28.02752, 36.7062], [28.04185, 36.71987], [28.07976, 36.72207], [28.08959, 36.7267], [28.08595, 36.7106], [28.1006, 36.70962], [28.11638, 36.71882], [28.11687, 36.73355], [28.10743, 36.7392], [28.08768, 36.74087], [28.08222, 36.74714], [28.08417, 36.75372], [28.11004, 36.77508], [28.13054, 36.75397], [28.11842, 36.8006], [28.09498, 36.80142], [28.06909, 36.7751], [28.04721, 36.76334], [28.03932, 36.76448], [28.03443, 36.77509], [28.0197, 36.76314], [27.96607, 36.74715], [27.95925, 36.74715], [27.95411, 36.75959], [27.91766, 36.7404], [27.91245, 36.75414], [27.89031, 36.7404], [27.87037, 36.75259], [27.86304, 36.74039], [27.85649, 36.74038], [27.82618, 36.75747], [27.80649, 36.76081], [27.78785, 36.75399], [27.78785, 36.76081], [27.77605, 36.75594], [27.75698, 36.75826], [27.77133, 36.74843], [27.78577, 36.72913], [27.79081, 36.71464], [27.79408, 36.68662], [27.79371, 36.62001], [27.80152, 36.62424], [27.80152, 36.61685], [27.81814, 36.63401], [27.84174, 36.64462], [27.861, 36.6467], [27.86303, 36.63788], [27.82228, 36.62376], [27.81528, 36.61001], [27.8286, 36.61298], [27.8357, 36.60252], [27.86987, 36.62425], [27.8767, 36.61685], [27.86305, 36.60252], [27.87321, 36.60545], [27.87062, 36.57779], [27.8767, 36.5616], [27.86306, 36.55536], [27.87208, 36.55036], [27.8767, 36.54109], [27.8545, 36.53051], [27.82831, 36.52803], [27.82831, 36.53424], [27.84938, 36.54792], [27.7925, 36.56697], [27.80787, 36.57587], [27.76004, 36.57588], [27.77479, 36.59253], [27.76818, 36.59924], [27.7625, 36.61416], [27.7638, 36.64915], [27.75748, 36.67393], [27.747, 36.6917], [27.71753, 36.72356], [27.70806, 36.7443], [27.69848, 36.73421], [27.68425, 36.72671], [27.68685, 36.71113], [27.67311, 36.67963], [27.67114, 36.6578], [27.61988, 36.67646], [27.60304, 36.6789], [27.55975, 36.67464], [27.55454, 36.68513], [27.48634, 36.66523], [27.47267, 36.65096], [27.44842, 36.66523], [27.41578, 36.66901], [27.40432, 36.66524], [27.40203, 36.67748], [27.39405, 36.68415], [27.38299, 36.68476], [27.3703, 36.67892], [27.36915, 36.68448], [27.36283, 36.68513], [27.36866, 36.69741], [27.35582, 36.70621], [27.35582, 36.71237], [27.3869, 36.70533], [27.41432, 36.7093], [27.42311, 36.71967], [27.42727, 36.73566], [27.44956, 36.75396], [27.48316, 36.75397], [27.55665, 36.76267], [27.59246, 36.76081], [27.6115, 36.76533], [27.62339, 36.80174], [27.64535, 36.80645], [27.69117, 36.78433], [27.70541, 36.78875], [27.7212, 36.78168], [27.74822, 36.7844], [27.76002, 36.78132], [27.79909, 36.80662], [27.88649, 36.80882], [27.89714, 36.81231], [27.90366, 36.80581], [27.93995, 36.79564], [27.99443, 36.79834], [28.0105, 36.79433], [28.02752, 36.78132], [28.03077, 36.79173], [28.05543, 36.80858], [28.04908, 36.82062], [28.03956, 36.82665], [28.00703, 36.8291], [28.01386, 36.83592], [28.02328, 36.83324], [28.02459, 36.8391], [28.00704, 36.85699], [28.02125, 36.86321], [28.02866, 36.86018], [28.05543, 36.87067], [28.05543, 36.8769], [28.02127, 36.91159], [28.03443, 36.9042], [28.04184, 36.91161], [28.02754, 36.92592], [28.0617, 36.92593], [28.0617, 36.93212], [28.04184, 36.93212], [28.04185, 36.9389], [28.06567, 36.93923], [28.0822, 36.93212], [28.09352, 36.93788], [28.10328, 36.93212], [28.12013, 36.93768], [28.14194, 36.9287], [28.15724, 36.93212], [28.16529, 36.91161], [28.16814, 36.93342], [28.15724, 36.93891], [28.15725, 36.94578], [28.17449, 36.94598], [28.18523, 36.93891], [28.21241, 36.97309], [28.21241, 36.98054], [28.19892, 36.98054], [28.21242, 37.00042], [28.22853, 36.99055], [28.24464, 36.98819], [28.2531, 36.99372], [28.24661, 37.00787], [28.3296, 37.03046], [28.32936, 37.03677], [28.31495, 37.04881], [28.3047, 37.05085], [28.17433, 37.03515], [28.12623, 37.03588], [28.10727, 37.03213], [28.11002, 37.01412], [28.09295, 37.02143], [27.98658, 37.03514], [27.95183, 37.02148], [27.91139, 37.02774], [27.88624, 37.02619], [27.8047, 37.0046], [27.78785, 37.00788], [27.78044, 36.99361], [27.76287, 36.9973], [27.73952, 36.99361], [27.71974, 37.00519], [27.68767, 37.00544], [27.65577, 36.99653], [27.63648, 36.98055], [27.59034, 36.99828], [27.56715, 36.99665], [27.56201, 36.97311], [27.53079, 36.98995], [27.47267, 36.9936], [27.43849, 37.02774], [27.42351, 37.02717], [27.40805, 37.01684], [27.40431, 37.02774], [27.39682, 37.02774], [27.38331, 36.99362], [27.37893, 37.00072], [27.38331, 37.00788], [27.37649, 37.01412], [27.38168, 37.01895], [27.37647, 37.02774], [27.32862, 37.01411], [27.33268, 36.99706], [27.3265, 36.986], [27.30063, 36.97309], [27.30809, 36.95943], [27.28696, 36.95943], [27.28094, 36.96686], [27.2632, 36.96338], [27.25271, 36.97834], [27.2461, 37.01777], [27.22878, 37.06183], [27.23912, 37.08294], [27.2727, 37.09502], [27.29444, 37.1103], [27.27906, 37.11758], [27.26043, 37.11031], [27.25296, 37.12395], [27.26043, 37.11774], [27.27166, 37.12884], [27.30299, 37.11957], [27.32179, 37.12397], [27.3218, 37.15866], [27.3396, 37.15053], [27.3423, 37.13011], [27.35028, 37.13204], [27.36159, 37.14862], [27.36931, 37.15069], [27.37647, 37.14444], [27.3833, 37.15182], [27.38657, 37.13007], [27.4043, 37.1301], [27.42547, 37.11962], [27.43846, 37.12395], [27.431, 37.11774], [27.44557, 37.09699], [27.45981, 37.0895], [27.47511, 37.09252], [27.54152, 37.12595], [27.56511, 37.12564], [27.57553, 37.13011], [27.57553, 37.1376], [27.55454, 37.13011], [27.54721, 37.16181], [27.53956, 37.17829], [27.52786, 37.18538], [27.52786, 37.19281], [27.57472, 37.20115], [27.58766, 37.1988], [27.57553, 37.17853], [27.59474, 37.18594], [27.60987, 37.19965], [27.59425, 37.20429], [27.58857, 37.2111], [27.58936, 37.23049], [27.60987, 37.24746], [27.61598, 37.27473], [27.59441, 37.28384], [27.58936, 37.27474], [27.55323, 37.27293], [27.54306, 37.24965], [27.53052, 37.23632], [27.51466, 37.22933], [27.50004, 37.23384], [27.51775, 37.246], [27.51987, 37.2591], [27.5088, 37.26805], [27.48634, 37.26789], [27.46364, 37.25204], [27.45885, 37.258], [27.46145, 37.26752], [27.48634, 37.29523], [27.49138, 37.32734], [27.48015, 37.34369], [27.47267, 37.34369], [27.46852, 37.31563], [27.44613, 37.30562], [27.41831, 37.30949], [27.39683, 37.32315], [27.3887, 37.34528], [27.39675, 37.36562], [27.41522, 37.38165], [27.43849, 37.39081], [27.42652, 37.40595], [27.40724, 37.41275], [27.38657, 37.41206], [27.37029, 37.4051], [27.35644, 37.37914], [27.3462, 37.3706], [27.32179, 37.37092], [27.32179, 37.36351], [27.33642, 37.3557], [27.33033, 37.35164], [27.27149, 37.34858], [27.24611, 37.33618], [27.2317, 37.34809], [27.21877, 37.34371], [27.21192, 37.35733], [27.20135, 37.35229], [27.19079, 37.35733], [27.20753, 37.37641], [27.2051, 37.39826], [27.22625, 37.4051], [27.21748, 37.4313], [27.2225, 37.47675], [27.20509, 37.47274], [27.19264, 37.47866], [27.17777, 37.46657], [27.19044, 37.51268], [27.1846, 37.52802], [27.18824, 37.53449], [27.18044, 37.54458], [27.18458, 37.55589], [27.20037, 37.54755], [27.20932, 37.5633], [27.20851, 37.59687], [27.13624, 37.63105], [27.04885, 37.65015], [27.0115, 37.66572], [27.02102, 37.68632], [27.03834, 37.69012], [27.12647, 37.68855], [27.21314, 37.71345], [27.24952, 37.74433], [27.26157, 37.80353], [27.26043, 37.81598], [27.23717, 37.84545], [27.23908, 37.8642], [27.26043, 37.88422], [27.26539, 37.90168], [27.26044, 37.91901], [27.27475, 37.92902], [27.26629, 37.95136], [27.23911, 37.98794], [27.21372, 37.98094], [27.14084, 37.98612], [27.11639, 37.99409], [27.1019, 38.01268], [27.07017, 38.02001], [27.06471, 38.04059], [27.05592, 38.04572], [27.02703, 38.0494], [26.97543, 38.06525], [26.94923, 38.06737], [26.8934, 38.05622], [26.88151, 38.03841], [26.87306, 38.03511], [26.86493, 38.04036], [26.84207, 38.07608], [26.84645, 38.10342], [26.83522, 38.13129], [26.79363, 38.17227], [26.77606, 38.16524], [26.77151, 38.17748], [26.77369, 38.20702], [26.76414, 38.21393], [26.75126, 38.21506], [26.70826, 38.20703], [26.63592, 38.2036], [26.62288, 38.13875], [26.60922, 38.14496], [26.61214, 38.11787], [26.6071, 38.10831], [26.59498, 38.10396], [26.56764, 38.14496], [26.56715, 38.12398], [26.5569, 38.12231], [26.52378, 38.14741], [26.51551, 38.16552], [26.5193, 38.17967], [26.49171, 38.17403], [26.44223, 38.21198], [26.41749, 38.22065], [26.42415, 38.20019], [26.4175, 38.20019], [26.39016, 38.22383], [26.39487, 38.25165], [26.39015, 38.26166], [26.38331, 38.26166], [26.37501, 38.23481], [26.35401, 38.22827], [26.32863, 38.23506], [26.28663, 38.26105], [26.23464, 38.27384], [26.2331, 38.28026], [26.23879, 38.29579], [26.26539, 38.28669], [26.28591, 38.31866], [26.30763, 38.32307], [26.30763, 38.33051], [26.28892, 38.34065], [26.28616, 38.35895], [26.29412, 38.36984], [26.30763, 38.35786], [26.31175, 38.37111], [26.32113, 38.37765], [26.32592, 38.35493], [26.3143, 38.33674], [26.34635, 38.32879], [26.35613, 38.31688], [26.38502, 38.31843], [26.39186, 38.32502], [26.38332, 38.34355], [26.39894, 38.33552], [26.41749, 38.33674], [26.47592, 38.36689], [26.47706, 38.38687], [26.46803, 38.40762], [26.45152, 38.41869], [26.45152, 38.42608], [26.47689, 38.41668], [26.48911, 38.4062], [26.4979, 38.40729], [26.51303, 38.43293], [26.44077, 38.4728], [26.42205, 38.46971], [26.41423, 38.45629], [26.40723, 38.45345], [26.38788, 38.45426], [26.40382, 38.48754], [26.39991, 38.49958], [26.36974, 38.53524], [26.37582, 38.52855], [26.3592, 38.57674], [26.34865, 38.62133], [26.349, 38.63569], [26.3563, 38.66168], [26.41378, 38.67933], [26.46558, 38.67266], [26.50532, 38.65285], [26.53978, 38.62344], [26.55569, 38.60558], [26.55853, 38.59694], [26.584, 38.56094], [26.63037, 38.51923], [26.6359, 38.50804], [26.6433, 38.46772], [26.62916, 38.46089], [26.61085, 38.46841], [26.58815, 38.46088], [26.60523, 38.45358], [26.60498, 38.44477], [26.58815, 38.41869], [26.61182, 38.41624], [26.62207, 38.40533], [26.65707, 38.3288], [26.67311, 38.3072], [26.69459, 38.31318], [26.69996, 38.32575], [26.67751, 38.34358], [26.67068, 38.38516], [26.68714, 38.41955], [26.70241, 38.43015], [26.71909, 38.42609], [26.71909, 38.43291], [26.72535, 38.43292], [26.73666, 38.42291], [26.74807, 38.40492], [26.76686, 38.36408], [26.78736, 38.37151], [26.7951, 38.35863], [26.84547, 38.37152], [26.92457, 38.37767], [26.98976, 38.39887], [27.01336, 38.41249], [27.04249, 38.40762], [27.06121, 38.41249], [27.08863, 38.40225], [27.11183, 38.41401], [27.13544, 38.43365], [27.16424, 38.4466], [27.16424, 38.45344], [27.15447, 38.45942], [27.14309, 38.45345], [27.13624, 38.46088], [27.11695, 38.45394], [27.08334, 38.45673], [27.07472, 38.45345], [27.04908, 38.4632], [27.02231, 38.46247], [26.93542, 38.43489], [26.94508, 38.4466], [26.92792, 38.45605], [26.89763, 38.4947], [26.84906, 38.51254], [26.82692, 38.5262], [26.81476, 38.54274], [26.8742, 38.50747], [26.88982, 38.50804], [26.88982, 38.51488], [26.87402, 38.52835], [26.83523, 38.54901], [26.84889, 38.5974], [26.83424, 38.60822], [26.81373, 38.59765], [26.79365, 38.59741], [26.80104, 38.61172], [26.77931, 38.61774], [26.7532, 38.61792], [26.75945, 38.63841], [26.74643, 38.63867], [26.71911, 38.65266], [26.73366, 38.66363], [26.75318, 38.66633], [26.73306, 38.68983], [26.7191, 38.72093], [26.73756, 38.73077], [26.78891, 38.73941], [26.81821, 38.75543], [26.83058, 38.74726], [26.85157, 38.74566], [26.88852, 38.73404], [26.90349, 38.73457], [26.89724, 38.74827], [26.92303, 38.76214], [26.93141, 38.75507], [26.93507, 38.77045], [26.93141, 38.78925], [26.92458, 38.78173], [26.89725, 38.81655], [26.93766, 38.83021], [26.94386, 38.80874], [26.96078, 38.80614], [26.97145, 38.81916], [26.95877, 38.84446], [26.9909, 38.85505], [27.01336, 38.87115], [27.03354, 38.8605], [27.05502, 38.87108], [27.06267, 38.88687], [27.04129, 38.89168], [27.05787, 38.91852], [27.05779, 38.92976], [27.04127, 38.94009], [27.01286, 38.92207], [26.98294, 38.91963], [26.96241, 38.94009], [26.93426, 38.9309], [26.92457, 38.94009], [26.87916, 38.91621], [26.86622, 38.91341], [26.85565, 38.91756], [26.8401, 38.93586], [26.8065, 38.95015], [26.79722, 38.97313], [26.79915, 38.99815], [26.81471, 39.01512], [26.81471, 39.02196], [26.79366, 39.02197], [26.82881, 39.04717], [26.87306, 39.06293], [26.88315, 39.0716], [26.87525, 39.09089], [26.82374, 39.14908], [26.77097, 39.1732], [26.73782, 39.19721], [26.73902, 39.20759], [26.71876, 39.26288], [26.70143, 39.26899], [26.62908, 39.26839], [26.60924, 39.27522], [26.61931, 39.28315], [26.63244, 39.31324], [26.64552, 39.31756], [26.65478, 39.31321], [26.65382, 39.30646], [26.63592, 39.30317], [26.63592, 39.29694], [26.65602, 39.29426], [26.67066, 39.28266], [26.66481, 39.29808], [26.67026, 39.30598], [26.69117, 39.31623], [26.70901, 39.33705], [26.81471, 39.39936], [26.80105, 39.4062], [26.80105, 39.43353], [26.85084, 39.43977], [26.86305, 39.44717], [26.85208, 39.46182], [26.86773, 39.47138], [26.92986, 39.48774], [26.94508, 39.53962], [26.93767, 39.57477], [26.92221, 39.58218], [26.8934, 39.58438], [26.83286, 39.55684], [26.80787, 39.57071], [26.4568, 39.52119], [26.36215, 39.48136], [26.28663, 39.48762], [26.26295, 39.48135]]], [[[27.6351, 40.46678], [27.6568, 40.45765], [27.65657, 40.44946], [27.64568, 40.44783], [27.63152, 40.45376], [27.59637, 40.45801], [27.58206, 40.46553], [27.57994, 40.47654], [27.60727, 40.50543], [27.64046, 40.49412], [27.6351, 40.46678]]], [[[28.51614, 40.51785], [28.52272, 40.54499], [28.5191, 40.56125], [28.542, 40.56439], [28.54834, 40.55614], [28.54184, 40.55199], [28.53157, 40.51468], [28.51906, 40.51021], [28.51614, 40.51785]]], [[[27.65756, 40.60541], [27.62451, 40.58309], [27.60475, 40.57682], [27.55207, 40.59095], [27.53599, 40.602], [27.53891, 40.62336], [27.52639, 40.63911], [27.53121, 40.65026], [27.54591, 40.66033], [27.55151, 40.65769], [27.55454, 40.64692], [27.60555, 40.66328], [27.63135, 40.66347], [27.65756, 40.65314], [27.67335, 40.65643], [27.7024, 40.65301], [27.72778, 40.64264], [27.73266, 40.62519], [27.7142, 40.6147], [27.65756, 40.60541]]], [[[29.10452, 40.83943], [29.10531, 40.85412], [29.11152, 40.8655], [29.12988, 40.8705], [29.11784, 40.8326], [29.10452, 40.83943]]], [[[28.70749, 41.52842], [28.71764, 41.52545], [28.70425, 41.52934], [28.70749, 41.52842]]]]}}]}