{"type": "FeatureCollection", "features": [{"type": "Feature", "properties": {"map_title": "참전국의 사상자 수", "source": "미래엔 세계사 교과서 4권 183쪽", "volume": 4, "page": 183, "legend": "연합국", "name": "연합국", "name_en": "Allied Powers", "period": "1914–1918", "kind": "세력권", "coast_snap": "Natural Earth 10m 해안선에 맞춤", "border_snap": "현대 국경(Natural Earth 10m)에 맞춘 구간 약 3934 km"}, "geometry": {"type": "MultiPolygon", "coordinates": [[[[-7.90396, 36.97484], [-7.88402, 36.98086], [-7.8601, 37.00043], [-7.85328, 36.98677], [-7.8785, 36.97087], [-7.90388, 36.9659], [-7.93138, 36.96651], [-7.95571, 36.9731], [-7.95571, 36.98052], [-7.90396, 36.97484]]], [[[-7.87881, 36.99283], [-7.89497, 36.98937], [-7.90598, 36.9963], [-7.90461, 36.99933], [-7.88117, 37.0006], [-7.88785, 36.99531], [-7.87881, 36.99283]]], [[[-8.83988, 38.4738], [-8.84724, 38.48656], [-8.84024, 38.48754], [-8.83463, 38.48249], [-8.83988, 38.4738]]], [[[-9.07295, 38.81834], [-9.07964, 38.82014], [-9.06139, 38.85224], [-9.03527, 38.87054], [-9.04158, 38.84898], [-9.07295, 38.81834]]], [[[-9.00121, 38.87059], [-9.00276, 38.8614], [-9.01916, 38.85917], [-9.02603, 38.86477], [-9.02001, 38.87853], [-9.01244, 38.88219], [-9.00121, 38.87059]]], [[[-9.01806, 38.91991], [-9.0135, 38.91401], [-9.0205, 38.8944], [-9.02757, 38.88899], [-9.01806, 38.91991]]], [[[-9.35407, 39.31623], [-9.36583, 39.33601], [-9.40927, 39.37518], [-9.39782, 39.37799], [-9.35292, 39.36793], [-9.2608, 39.41843], [-9.24032, 39.41999], [-9.22789, 39.40843], [-9.2176, 39.4062], [-9.20592, 39.41547], [-9.21353, 39.42862], [-9.22974, 39.44093], [-9.18286, 39.49258], [-9.13569, 39.51618], [-9.09043, 39.57927], [-9.09033, 39.61564], [-9.07795, 39.64248], [-9.07158, 39.68068], [-8.99303, 39.84317], [-8.86814, 40.12482], [-8.85325, 40.13922], [-8.84162, 40.12596], [-8.82506, 40.12006], [-8.78498, 40.11872], [-8.78498, 40.12617], [-8.81615, 40.14655], [-8.87938, 40.15624], [-8.89646, 40.16475], [-8.90659, 40.17939], [-8.90842, 40.20067], [-8.86539, 40.27546], [-8.79857, 40.47443], [-8.75299, 40.64081], [-8.74463, 40.64691], [-8.74462, 40.61904], [-8.72472, 40.64447], [-8.71027, 40.65346], [-8.69001, 40.64692], [-8.69879, 40.66795], [-8.69614, 40.67364], [-8.68639, 40.67791], [-8.67199, 40.66682], [-8.6621, 40.66987], [-8.64159, 40.69416], [-8.65745, 40.70141], [-8.66618, 40.713], [-8.66363, 40.72406], [-8.60387, 40.73578], [-8.57266, 40.75556], [-8.58951, 40.75471], [-8.63988, 40.74006], [-8.6686, 40.74764], [-8.68371, 40.78311], [-8.64558, 40.82368], [-8.65526, 40.84492], [-8.6632, 40.81493], [-8.67052, 40.81118], [-8.67569, 40.82445], [-8.68981, 40.8041], [-8.70055, 40.77798], [-8.7144, 40.70876], [-8.73833, 40.66467], [-8.75078, 40.65316], [-8.6551, 40.9938], [-8.65526, 41.0305], [-8.6671, 41.09756], [-8.66613, 41.13255], [-8.64835, 41.14663], [-8.64835, 41.15278], [-8.68577, 41.1595], [-8.73716, 41.24966], [-8.73229, 41.26293], [-8.74461, 41.29743], [-8.74446, 41.32811], [-8.74914, 41.33779], [-8.75612, 41.34055], [-8.78379, 41.39387], [-8.78555, 41.43488], [-8.77485, 41.46834], [-8.78646, 41.49107], [-8.79542, 41.54255], [-8.82859, 41.64816], [-8.8305, 41.67159], [-8.82704, 41.68281], [-8.74328, 41.69697], [-8.69616, 41.72199], [-8.82999, 41.69465], [-8.8611, 41.70438], [-8.87736, 41.73191], [-8.8265, 41.75601], [-8.74007, 41.78302], [-8.64765, 41.79694], [-8.59992, 41.79872], [-8.50668, 41.79184], [-8.41648, 41.77131], [-8.37334, 41.75595], [-8.29518, 41.71655], [-8.22349, 41.66092], [-8.2553, 41.57968], [-8.30026, 41.51803], [-8.29658, 41.4547], [-8.27031, 41.37251], [-8.22446, 41.31779], [-8.20736, 41.28946], [-8.19754, 41.28498], [-8.1794, 41.29548], [-7.98798, 41.34657], [-7.91061, 41.32775], [-7.73101, 41.33664], [-7.56837, 41.43817], [-7.49825, 41.59444], [-7.4037, 41.57975], [-7.17708, 41.67535], [-7.08235, 41.65866], [-6.9593, 41.70702], [-6.91376, 41.38355], [-6.66897, 41.24561], [-6.69377, 41.21738], [-6.70695, 41.19433], [-6.74225, 41.17144], [-6.75522, 41.15883], [-6.75899, 41.15175], [-6.75651, 41.12705], [-6.76478, 41.10886], [-6.80436, 41.06442], [-6.818, 41.05414], [-6.84529, 41.05191], [-6.90683, 41.0561], [-6.92787, 41.04794], [-6.93179, 41.02913], [-6.94249, 41.016], [-6.94042, 41.00339], [-6.89924, 40.96675], [-6.88518, 40.94892], [-6.85526, 40.88722], [-6.84704, 40.8789], [-6.82115, 40.87007], [-6.81619, 40.85683], [-6.82033, 40.84423], [-6.83666, 40.84025], [-6.83805, 40.81493], [-6.83351, 40.79782], [-6.83914, 40.77689], [-6.83914, 40.75751], [-6.81625, 40.67716], [-6.81428, 40.64718], [-6.82131, 40.63018], [-6.84446, 40.59778], [-6.85046, 40.58223], [-7.15697, 40.55893], [-7.25363, 40.51921], [-7.25957, 40.51315], [-7.20381, 40.40097], [-7.01577, 40.2255], [-7.02476, 40.2162], [-7.03458, 40.19305], [-7.0431, 40.18137], [-7.03484, 40.16675], [-7.02765, 40.13264], [-7.01577, 40.11905], [-6.97717, 40.11342], [-6.95572, 40.10293], [-6.91991, 40.06489], [-6.8797, 40.00919], [-6.89691, 39.98712], [-6.90161, 39.97648], [-6.89975, 39.96562], [-6.90952, 39.93198], [-6.92523, 39.91793], [-6.92177, 39.89715], [-6.92766, 39.86191], [-6.95283, 39.83287], [-6.98523, 39.82114], [-6.99303, 39.81607], [-7.00027, 39.80253], [-6.99303, 39.77421], [-7.01334, 39.73892], [-7.00962, 39.71546], [-7.02114, 39.69401], [-7.03577, 39.68926], [-7.18289, 39.6751], [-7.21405, 39.67618], [-7.23575, 39.68652], [-7.25286, 39.68233], [-7.29275, 39.68332], [-7.34143, 39.67184], [-7.55729, 39.6798], [-7.51584, 39.59376], [-7.49786, 39.58105], [-7.46809, 39.55025], [-7.45135, 39.53785], [-7.41755, 39.5242], [-7.40892, 39.51557], [-7.39941, 39.49366], [-7.38417, 39.484], [-7.36293, 39.47609], [-7.32092, 39.46741], [-7.31353, 39.45744], [-7.31363, 39.4361], [-7.31885, 39.41325], [-7.33193, 39.38473], [-7.33141, 39.36261], [-7.32665, 39.34132], [-7.31926, 39.32954], [-7.30045, 39.31791], [-7.25085, 39.27063], [-7.26433, 39.25233], [-7.26578, 39.23135], [-7.25808, 39.2113], [-7.24413, 39.19565], [-7.21932, 39.18484], [-7.16806, 39.17063], [-7.15581, 39.15151], [-7.15793, 39.14138], [-7.16889, 39.12185], [-7.16749, 39.11348], [-7.15721, 39.10544], [-7.12729, 39.09748], [-7.09127, 39.11245], [-7.06491, 39.11477], [-7.03882, 39.10914], [-7.01577, 39.09681], [-6.9997, 39.0847], [-6.98569, 39.06676], [-6.97939, 39.04718], [-6.98631, 39.03007], [-6.97489, 39.02302], [-6.97329, 39.01395], [-7.02212, 38.94287], [-7.0445, 38.91863], [-7.06605, 38.9046], [-7.0522, 38.88499], [-7.05726, 38.86944], [-7.05608, 38.85515], [-7.08868, 38.83337], [-7.10486, 38.82719], [-7.15101, 38.81928], [-7.16062, 38.8129], [-7.1662, 38.80342], [-7.17974, 38.79089], [-7.19643, 38.77999], [-7.21152, 38.77536], [-7.27043, 38.73751], [-7.28407, 38.71324], [-7.57561, 38.77931], [-7.81185, 38.71385], [-7.81949, 38.70503], [-7.626, 38.55885], [-7.34562, 38.49414], [-7.3341, 38.48101], [-7.33518, 38.46944], [-7.35921, 38.44636], [-7.31715, 38.42458], [-7.21136, 38.31753], [-7.19633, 38.29216], [-7.16718, 38.27208], [-7.12687, 38.1909], [-7.10351, 38.17359], [-7.06305, 38.17754], [-7.03871, 38.18622], [-7.02641, 38.19963], [-7.01815, 38.19803], [-6.9921, 38.20428], [-6.9642, 38.20614], [-6.9475, 38.19664], [-6.97898, 38.11995], [-6.99763, 38.08961], [-7.00636, 38.05933], [-7.01577, 38.04683], [-7.02398, 38.02256], [-7.04936, 38.02021], [-7.10594, 38.03866], [-7.12326, 38.04], [-7.13199, 38.03238], [-7.14191, 38.01158], [-7.15974, 37.9968], [-7.18527, 37.98869], [-7.2233, 37.99383], [-7.23405, 37.98807], [-7.26583, 37.98295], [-7.2727, 37.97701], [-7.26862, 37.94924], [-7.27389, 37.93154], [-7.2958, 37.88487], [-7.30686, 37.85077], [-7.33441, 37.81193], [-7.42634, 37.75062], [-7.44401, 37.73015], [-7.45755, 37.70008], [-7.47161, 37.6369], [-7.50489, 37.60639], [-7.51434, 37.6014], [-7.51253, 37.59037], [-7.51584, 37.58094], [-7.52969, 37.56717], [-7.52912, 37.5567], [-7.52367, 37.55567], [-7.51543, 37.52934], [-7.50633, 37.51812], [-7.47595, 37.49425], [-7.46292, 37.45113], [-7.16584, 37.47491], [-7.12555, 37.47253], [-7.0389, 37.45665], [-7.01077, 37.44783], [-6.9198, 37.40792], [-6.85239, 37.36041], [-6.79879, 37.30393], [-6.77712, 37.2722], [-6.74667, 37.20564], [-6.73771, 37.17067], [-6.73347, 37.09484], [-6.77147, 37.11278], [-6.81175, 37.12373], [-6.85302, 37.15111], [-6.89288, 37.16658], [-6.91088, 37.18895], [-6.91752, 37.21529], [-6.85269, 37.29523], [-6.90347, 37.24958], [-6.93091, 37.23401], [-6.96255, 37.23383], [-6.96255, 37.22761], [-6.93008, 37.18317], [-6.92847, 37.17236], [-6.94164, 37.1711], [-7.02937, 37.20551], [-7.10104, 37.22425], [-7.12735, 37.21475], [-7.08558, 37.2065], [-7.32787, 37.20156], [-7.36291, 37.18172], [-7.38142, 37.17993], [-7.41442, 37.19282], [-7.40022, 37.17853], [-7.40763, 37.16488], [-7.42431, 37.17504], [-7.44571, 37.17963], [-7.49014, 37.17853], [-7.51179, 37.17178], [-7.62735, 37.11396], [-7.63543, 37.10527], [-7.78661, 37.02269], [-7.81957, 36.99873], [-7.87072, 37.00788], [-7.93244, 37.00854], [-7.94953, 37.01411], [-7.95839, 37.00266], [-7.9912, 37.01411], [-7.97681, 36.9868], [-7.99926, 37.01325], [-8.03527, 37.0375], [-8.10656, 37.06928], [-8.14747, 37.07654], [-8.17915, 37.0881], [-8.2932, 37.07771], [-8.36538, 37.098], [-8.39522, 37.08715], [-8.43883, 37.08274], [-8.48425, 37.09418], [-8.53746, 37.11783], [-8.58015, 37.12397], [-8.64159, 37.11774], [-8.68628, 37.08296], [-8.74767, 37.08295], [-8.79858, 37.06249], [-8.83722, 37.05659], [-8.85916, 37.04081], [-8.87892, 37.04721], [-8.90488, 37.02788], [-8.94603, 37.00789], [-8.9829, 37.0266], [-8.99786, 37.02149], [-8.98557, 37.06338], [-8.94179, 37.11871], [-8.91356, 37.16991], [-8.9227, 37.19965], [-8.88137, 37.23248], [-8.86709, 37.27673], [-8.88275, 37.30993], [-8.86667, 37.33515], [-8.83866, 37.36032], [-8.83335, 37.38459], [-8.81599, 37.41791], [-8.79786, 37.4896], [-8.7955, 37.53536], [-8.80131, 37.55906], [-8.82436, 37.58756], [-8.82651, 37.60057], [-8.7993, 37.69757], [-8.75764, 37.70673], [-8.75219, 37.73078], [-8.75219, 37.73456], [-8.76183, 37.72777], [-8.78372, 37.7232], [-8.8087, 37.7229], [-8.81697, 37.74052], [-8.79718, 37.84487], [-8.80482, 37.90187], [-8.82067, 37.92727], [-8.85387, 37.93229], [-8.89483, 37.95254], [-8.89004, 37.96092], [-8.8675, 37.97362], [-8.81568, 38.06212], [-8.79706, 38.13299], [-8.7744, 38.18695], [-8.79507, 38.35923], [-8.82094, 38.39882], [-8.87829, 38.44916], [-8.91466, 38.47285], [-8.94259, 38.48139], [-8.92732, 38.4938], [-8.90454, 38.48638], [-8.8675, 38.46088], [-8.80017, 38.43911], [-8.79857, 38.42609], [-8.75699, 38.4273], [-8.65689, 38.40595], [-8.6068, 38.41869], [-8.66275, 38.42451], [-8.73635, 38.45204], [-8.74511, 38.46047], [-8.7525, 38.48798], [-8.75087, 38.50063], [-8.73717, 38.51488], [-8.73717, 38.52237], [-8.75145, 38.52644], [-8.76121, 38.53808], [-8.76423, 38.55207], [-8.75764, 38.5633], [-8.77335, 38.56533], [-8.79297, 38.5336], [-8.81286, 38.52855], [-8.81286, 38.52237], [-8.79065, 38.51992], [-8.78028, 38.50544], [-8.78003, 38.48909], [-8.78841, 38.4814], [-8.83227, 38.48705], [-8.90583, 38.5124], [-8.95489, 38.50514], [-8.99976, 38.46425], [-8.99189, 38.45948], [-9.0486, 38.44068], [-9.14566, 38.43138], [-9.18215, 38.41564], [-9.20036, 38.41249], [-9.23061, 38.4187], [-9.23105, 38.43768], [-9.19003, 38.47253], [-9.18387, 38.50413], [-9.18379, 38.55154], [-9.20807, 38.59742], [-9.23845, 38.63542], [-9.25266, 38.66548], [-9.23439, 38.67335], [-9.14504, 38.68106], [-9.12414, 38.67097], [-9.11392, 38.65888], [-9.10774, 38.65888], [-9.11391, 38.67938], [-9.0524, 38.69367], [-9.05238, 38.69989], [-9.02141, 38.72634], [-8.94262, 38.77558], [-8.97022, 38.83522], [-8.96312, 38.85065], [-8.98631, 38.84944], [-8.99682, 38.86555], [-9.01155, 38.9134], [-8.96911, 38.98395], [-8.94323, 39.0152], [-8.90844, 39.03628], [-8.84553, 39.04291], [-8.82653, 39.04926], [-8.79035, 39.07062], [-8.76513, 39.09772], [-8.83642, 39.05671], [-8.92272, 39.04926], [-8.93586, 39.04072], [-9.00353, 38.95775], [-9.05891, 38.87141], [-9.10025, 38.83023], [-9.10656, 38.81379], [-9.09826, 38.73786], [-9.11251, 38.71419], [-9.16366, 38.70162], [-9.22017, 38.6939], [-9.28521, 38.69876], [-9.32178, 38.67034], [-9.36059, 38.68952], [-9.40478, 38.70409], [-9.42919, 38.70726], [-9.47167, 38.70247], [-9.49142, 38.70752], [-9.49127, 38.72773], [-9.48473, 38.7447], [-9.49745, 38.78824], [-9.49745, 38.80976], [-9.4555, 38.85047], [-9.42273, 38.9314], [-9.42536, 38.99164], [-9.43662, 39.02949], [-9.42665, 39.05172], [-9.42254, 39.07862], [-9.3837, 39.13403], [-9.35086, 39.19731], [-9.34059, 39.26683], [-9.35407, 39.31623]]], [[[-8.82795, 40.12364], [-8.84142, 40.13418], [-8.84821, 40.14684], [-8.82771, 40.14374], [-8.79609, 40.13084], [-8.81664, 40.12311], [-8.82795, 40.12364]]], [[[-9.5287, 51.42837], [-9.51935, 51.4377], [-9.49217, 51.44879], [-9.47673, 51.4481], [-9.47645, 51.43891], [-9.48543, 51.43127], [-9.4978, 51.42716], [-9.50886, 51.42902], [-9.52195, 51.42021], [-9.5287, 51.42837]]], [[[-9.79933, 51.63678], [-9.81355, 51.62764], [-9.89216, 51.61128], [-9.91787, 51.61939], [-9.91552, 51.62906], [-9.88166, 51.64106], [-9.8072, 51.64028], [-9.79933, 51.63678]]], [[[-5.33114, 51.87584], [-5.33357, 51.85999], [-5.34203, 51.85289], [-5.35048, 51.8573], [-5.34978, 51.87413], [-5.34137, 51.87847], [-5.33114, 51.87584]]], [[[-9.84977, 52.88033], [-9.87005, 52.87419], [-9.88934, 52.8741], [-9.9525, 52.89217], [-9.92967, 52.90431], [-9.90401, 52.92324], [-9.81447, 53.00324], [-9.80771, 53.00015], [-9.79455, 52.97723], [-9.7884, 52.95827], [-9.8014, 52.92562], [-9.82042, 52.90131], [-9.84977, 52.88033]]], [[[-9.65885, 52.98517], [-9.66753, 52.9882], [-9.64653, 52.99957], [-9.62852, 53.01599], [-9.64588, 52.9934], [-9.65885, 52.98517]]], [[[-9.67106, 53.13051], [-9.66346, 53.1232], [-9.67154, 53.1092], [-9.64096, 53.10154], [-9.64246, 53.09383], [-9.66051, 53.09066], [-9.77871, 53.12349], [-9.81141, 53.1376], [-9.80083, 53.14647], [-9.7775, 53.14679], [-9.75219, 53.1354], [-9.71569, 53.13824], [-9.67106, 53.13051]]], [[[-9.74991, 53.2322], [-9.73639, 53.24562], [-9.72411, 53.24156], [-9.72567, 53.22567], [-9.76063, 53.22742], [-9.76015, 53.23175], [-9.74991, 53.2322]]], [[[-9.72006, 53.26606], [-9.69888, 53.28067], [-9.67146, 53.28075], [-9.63834, 53.25104], [-9.65867, 53.23259], [-9.69237, 53.2264], [-9.71036, 53.23859], [-9.72006, 53.26606]]], [[[-9.70112, 53.28559], [-9.71221, 53.29824], [-9.68964, 53.30724], [-9.63936, 53.29661], [-9.64169, 53.29166], [-9.67504, 53.28518], [-9.70112, 53.28559]]], [[[-9.84579, 53.28735], [-9.85395, 53.29702], [-9.87318, 53.30575], [-9.85582, 53.31037], [-9.84523, 53.29702], [-9.84579, 53.28735]]], [[[-6.17823, 53.33825], [-6.18569, 53.34259], [-6.16913, 53.35675], [-6.14736, 53.36471], [-6.12598, 53.36612], [-6.17081, 53.34662], [-6.17823, 53.33825]]], [[[-9.82649, 52.24824], [-9.81005, 52.24213], [-9.73766, 52.24824], [-9.75341, 52.25829], [-9.79918, 52.2613], [-9.84679, 52.27497], [-9.86188, 52.26815], [-9.86935, 52.27315], [-9.88107, 52.29603], [-9.85961, 52.28474], [-9.84923, 52.28474], [-9.83389, 52.28921], [-9.86189, 52.29605], [-9.86187, 52.30344], [-9.82649, 52.30964], [-9.83762, 52.3264], [-9.83446, 52.37523], [-9.85098, 52.38544], [-9.90371, 52.39156], [-9.93144, 52.39975], [-9.94992, 52.41209], [-9.93496, 52.42153], [-9.91588, 52.4256], [-9.84838, 52.42841], [-9.74893, 52.45673], [-9.7206, 52.47723], [-9.70352, 52.48354], [-9.6774, 52.48314], [-9.63463, 52.47358], [-9.63878, 52.48713], [-9.6505, 52.49384], [-9.68307, 52.49462], [-9.6752, 52.50483], [-9.68309, 52.51536], [-9.67321, 52.53388], [-9.67553, 52.54608], [-9.6483, 52.57037], [-9.64281, 52.56733], [-9.61791, 52.5772], [-9.57698, 52.57038], [-9.49747, 52.57037], [-9.47033, 52.56184], [-9.43878, 52.57709], [-9.35041, 52.5738], [-9.33584, 52.57802], [-9.27213, 52.57722], [-9.23001, 52.58403], [-9.19237, 52.60049], [-9.07063, 52.62417], [-9.0524, 52.63181], [-9.04418, 52.62084], [-9.0056, 52.62084], [-8.99112, 52.62499], [-8.97101, 52.6485], [-8.95994, 52.65228], [-8.78498, 52.66596], [-8.75117, 52.67296], [-8.76936, 52.67316], [-8.8675, 52.6933], [-8.93269, 52.68709], [-8.96083, 52.69368], [-8.96205, 52.70002], [-8.94937, 52.70694], [-8.95206, 52.73432], [-8.9545, 52.7447], [-8.96985, 52.74849], [-8.94262, 52.77521], [-9.00023, 52.76044], [-9.02359, 52.74714], [-9.0258, 52.73428], [-9.05823, 52.69677], [-9.1468, 52.62376], [-9.16576, 52.61758], [-9.25479, 52.6114], [-9.2858, 52.59081], [-9.3107, 52.59064], [-9.33305, 52.59773], [-9.27868, 52.62572], [-9.27896, 52.63931], [-9.31062, 52.62726], [-9.38334, 52.61317], [-9.43488, 52.61205], [-9.47544, 52.61958], [-9.49071, 52.6341], [-9.52488, 52.63704], [-9.53844, 52.64545], [-9.53327, 52.66096], [-9.54418, 52.66665], [-9.58072, 52.66596], [-9.58072, 52.65912], [-9.56338, 52.65306], [-9.55282, 52.63932], [-9.62841, 52.61759], [-9.69441, 52.60562], [-9.70687, 52.58023], [-9.71451, 52.57861], [-9.73082, 52.58405], [-9.75748, 52.57198], [-9.93633, 52.55672], [-9.93633, 52.56293], [-9.87563, 52.58681], [-9.82409, 52.59516], [-9.62165, 52.71377], [-9.62839, 52.72744], [-9.59325, 52.74111], [-9.5382, 52.74226], [-9.49865, 52.75251], [-9.4838, 52.78266], [-9.48931, 52.78734], [-9.4838, 52.79572], [-9.49126, 52.80316], [-9.4698, 52.81318], [-9.45035, 52.83047], [-9.43747, 52.85345], [-9.42919, 52.85773], [-9.42746, 52.87775], [-9.36531, 52.91413], [-9.35408, 52.9335], [-9.37287, 52.93716], [-9.4514, 52.93465], [-9.47762, 52.94034], [-9.3876, 53.00861], [-9.39492, 53.01564], [-9.34161, 53.07697], [-9.30333, 53.1079], [-9.27219, 53.14666], [-9.25109, 53.15191], [-9.18053, 53.11677], [-9.1586, 53.11103], [-9.09667, 53.12701], [-9.07287, 53.11848], [-9.07006, 53.13447], [-9.08434, 53.14346], [-9.12815, 53.15193], [-9.12815, 53.1594], [-9.06957, 53.16619], [-9.02343, 53.14716], [-9.00406, 53.14574], [-9.00406, 53.15192], [-9.04564, 53.1662], [-9.04563, 53.17372], [-9.00963, 53.16608], [-8.98668, 53.17698], [-8.97888, 53.17576], [-8.9842, 53.1662], [-8.97423, 53.15795], [-8.93639, 53.14574], [-8.95685, 53.17987], [-8.92821, 53.20588], [-8.89485, 53.22089], [-8.93269, 53.21467], [-9.03148, 53.21663], [-9.04561, 53.22089], [-9.02769, 53.22758], [-8.96312, 53.23518], [-8.96312, 53.24193], [-8.9911, 53.24193], [-8.9911, 53.24819], [-8.94262, 53.26179], [-8.94262, 53.26862], [-9.02208, 53.27546], [-9.07748, 53.26396], [-9.40144, 53.24799], [-9.44821, 53.23182], [-9.5117, 53.22835], [-9.53294, 53.23445], [-9.5664, 53.26179], [-9.54727, 53.27912], [-9.55456, 53.29072], [-9.57136, 53.29047], [-9.58521, 53.25044], [-9.59684, 53.23771], [-9.61229, 53.23616], [-9.62841, 53.2482], [-9.62841, 53.2556], [-9.60912, 53.27631], [-9.61728, 53.32149], [-9.59742, 53.33005], [-9.57697, 53.32392], [-9.56078, 53.34121], [-9.60115, 53.36489], [-9.55281, 53.3854], [-9.60656, 53.38471], [-9.62165, 53.37848], [-9.60851, 53.3666], [-9.6066, 53.34938], [-9.61547, 53.33466], [-9.63463, 53.33008], [-9.65248, 53.34126], [-9.63777, 53.37751], [-9.63842, 53.3854], [-9.65266, 53.39281], [-9.68472, 53.37523], [-9.74308, 53.31441], [-9.7904, 53.30159], [-9.8067, 53.30159], [-9.84293, 53.32331], [-9.88654, 53.31721], [-9.90223, 53.32392], [-9.88691, 53.35936], [-9.8413, 53.36791], [-9.78551, 53.39277], [-9.78551, 53.39899], [-9.82022, 53.39901], [-9.82022, 53.40644], [-9.79918, 53.41266], [-9.79918, 53.4195], [-9.82518, 53.41669], [-9.86054, 53.39426], [-9.87538, 53.39522], [-9.88107, 53.40644], [-9.87572, 53.41543], [-9.85607, 53.42377], [-9.84752, 53.43374], [-9.86034, 53.43252], [-9.88475, 53.4195], [-9.91145, 53.42597], [-9.92268, 53.4195], [-9.92565, 53.40974], [-9.92237, 53.38923], [-9.96181, 53.37958], [-10.01446, 53.38136], [-10.02597, 53.38558], [-10.04931, 53.40982], [-10.06322, 53.41266], [-10.1272, 53.40984], [-10.14175, 53.4195], [-10.15803, 53.41284], [-10.17648, 53.41268], [-10.15718, 53.43943], [-10.14224, 53.4457], [-10.06798, 53.44383], [-10.05297, 53.4536], [-10.05297, 53.46109], [-10.07419, 53.46577], [-10.08713, 53.48151], [-10.02058, 53.47044], [-10.01207, 53.48151], [-10.06941, 53.48477], [-10.10728, 53.49446], [-10.12814, 53.50886], [-10.13476, 53.52709], [-10.15266, 53.54361], [-10.19346, 53.53804], [-10.20321, 53.54361], [-10.18028, 53.55548], [-10.10765, 53.54979], [-10.11508, 53.57029], [-10.07067, 53.57001], [-10.02576, 53.56288], [-10.00524, 53.54361], [-9.97106, 53.56289], [-10.03188, 53.58715], [-10.04675, 53.59926], [-10.00865, 53.60442], [-9.93073, 53.5998], [-9.90225, 53.60444], [-9.86791, 53.61738], [-9.8544, 53.61811], [-9.82287, 53.60643], [-9.69677, 53.59821], [-9.69677, 53.60444], [-9.7141, 53.60985], [-9.78376, 53.60627], [-9.82726, 53.6162], [-9.9081, 53.64594], [-9.92266, 53.69074], [-9.89953, 53.74384], [-9.90842, 53.76211], [-9.89891, 53.76605], [-9.81021, 53.77806], [-9.78886, 53.78664], [-9.75202, 53.77635], [-9.5664, 53.79629], [-9.5664, 53.80366], [-9.62162, 53.81733], [-9.60114, 53.82416], [-9.60544, 53.83918], [-9.59503, 53.84804], [-9.56021, 53.86514], [-9.58687, 53.87198], [-9.57283, 53.88223], [-9.5664, 53.89932], [-9.58689, 53.89249], [-9.61547, 53.89883], [-9.7401, 53.89928], [-9.6275, 53.92416], [-9.50158, 53.93555], [-9.49006, 53.94197], [-9.56687, 54.0258], [-9.60602, 54.10081], [-9.61549, 54.1392], [-9.61785, 54.17846], [-9.60871, 54.23699], [-9.57748, 54.31204], [-9.53539, 54.31021], [-9.49438, 54.3176], [-9.46398, 54.30394], [-9.38451, 54.29719], [-9.36262, 54.30272], [-9.33421, 54.31829], [-9.26843, 54.30393], [-9.24767, 54.2766], [-9.2176, 54.28349], [-9.2112, 54.27585], [-9.2176, 54.24873], [-9.19587, 54.24227], [-9.19589, 54.23506], [-9.21508, 54.22712], [-9.21036, 54.21784], [-9.14932, 54.18061], [-9.14122, 54.1457], [-9.135, 54.1457], [-9.1289, 54.19306], [-9.13498, 54.20774], [-9.11254, 54.21332], [-9.0902, 54.22663], [-9.05089, 54.28952], [-9.01749, 54.29189], [-8.95686, 54.28352], [-8.93904, 54.28997], [-8.8566, 54.26301], [-8.80736, 54.26301], [-8.78563, 54.26683], [-8.76513, 54.27658], [-8.73746, 54.26411], [-8.67642, 54.2713], [-8.64836, 54.263], [-8.63329, 54.23237], [-8.60479, 54.2255], [-8.57266, 54.20034], [-8.54385, 54.20864], [-8.51122, 54.20775], [-8.51122, 54.21455], [-8.55922, 54.22774], [-8.57213, 54.24653], [-8.58731, 54.25235], [-8.621, 54.25557], [-8.621, 54.26299], [-8.59374, 54.2835], [-8.55822, 54.27521], [-8.54076, 54.28436], [-8.47029, 54.2766], [-8.50414, 54.29719], [-8.5698, 54.30574], [-8.56719, 54.32416], [-8.53173, 54.31021], [-8.51171, 54.31737], [-8.51915, 54.32673], [-8.56212, 54.33808], [-8.66136, 54.33805], [-8.66825, 54.35152], [-8.66387, 54.35927], [-8.47411, 54.43], [-8.46669, 54.47498], [-8.44302, 54.44733], [-8.38418, 54.46824], [-8.28734, 54.47944], [-8.2421, 54.49775], [-8.21019, 54.50194], [-8.21019, 54.50943], [-8.24328, 54.5102], [-8.27096, 54.52367], [-8.21638, 54.55036], [-8.21884, 54.56977], [-8.17252, 54.59447], [-8.17538, 54.61928], [-8.13756, 54.60562], [-8.12084, 54.64655], [-8.12768, 54.65278], [-8.16666, 54.63615], [-8.23493, 54.62938], [-8.29209, 54.60563], [-8.28034, 54.62962], [-8.28726, 54.63679], [-8.30175, 54.6398], [-8.31676, 54.63544], [-8.34237, 54.61616], [-8.36783, 54.60863], [-8.42774, 54.57184], [-8.4566, 54.56466], [-8.4566, 54.57078], [-8.43227, 54.58779], [-8.38476, 54.60566], [-8.38769, 54.61986], [-8.40005, 54.62857], [-8.42185, 54.6193], [-8.41869, 54.6413], [-8.43163, 54.6413], [-8.44831, 54.62763], [-8.46154, 54.60287], [-8.48175, 54.61596], [-8.48616, 54.63129], [-8.49413, 54.63296], [-8.55346, 54.62263], [-8.56405, 54.60884], [-8.59691, 54.61929], [-8.67259, 54.61946], [-8.68999, 54.62613], [-8.68196, 54.63581], [-8.6914, 54.6413], [-8.77416, 54.65986], [-8.79179, 54.65962], [-8.77815, 54.68008], [-8.79774, 54.69196], [-8.79551, 54.69842], [-8.7552, 54.70576], [-8.7446, 54.72508], [-8.73325, 54.7326], [-8.66209, 54.76263], [-8.63658, 54.76845], [-8.5362, 54.76691], [-8.48371, 54.75678], [-8.45661, 54.75641], [-8.45661, 54.76264], [-8.5266, 54.77277], [-8.54537, 54.78376], [-8.52989, 54.78806], [-8.48493, 54.78937], [-8.47338, 54.78681], [-8.44469, 54.76313], [-8.42667, 54.75723], [-8.40819, 54.76264], [-8.46129, 54.79352], [-8.49889, 54.80122], [-8.53498, 54.81647], [-8.5584, 54.81787], [-8.55433, 54.82753], [-8.52489, 54.83153], [-8.49071, 54.85198], [-8.47102, 54.84052], [-8.40197, 54.84454], [-8.34626, 54.83169], [-8.32567, 54.83153], [-8.32567, 54.83832], [-8.36539, 54.8454], [-8.38132, 54.85595], [-8.38083, 54.8725], [-8.3667, 54.88109], [-8.32738, 54.87702], [-8.31265, 54.87934], [-8.32584, 54.88581], [-8.33703, 54.90363], [-8.37401, 54.90729], [-8.38085, 54.88618], [-8.40928, 54.88704], [-8.43259, 54.90156], [-8.45094, 54.92228], [-8.46343, 54.94082], [-8.45043, 54.94626], [-8.41845, 54.93456], [-8.39135, 54.93867], [-8.36657, 54.94819], [-8.39614, 54.95528], [-8.41829, 54.9679], [-8.4566, 54.99543], [-8.45659, 55.00287], [-8.43773, 55.00982], [-8.41503, 55.00288], [-8.40197, 55.01655], [-8.40817, 55.01655], [-8.40317, 55.03066], [-8.37401, 55.03636], [-8.3474, 55.06426], [-8.33787, 55.05837], [-8.33507, 55.03506], [-8.32567, 55.03022], [-8.31998, 55.03433], [-8.31359, 55.05268], [-8.30517, 55.05805], [-8.3204, 55.10492], [-8.30435, 55.11921], [-8.27846, 55.16054], [-8.26301, 55.16107], [-8.20653, 55.14688], [-8.14128, 55.16054], [-8.15958, 55.13874], [-8.15648, 55.1245], [-8.11485, 55.15472], [-8.02098, 55.18879], [-7.99957, 55.21962], [-7.9768, 55.2219], [-7.95021, 55.21027], [-7.95873, 55.19917], [-8.00414, 55.18098], [-8.00414, 55.17414], [-7.96198, 55.1872], [-7.94904, 55.17984], [-7.90857, 55.18841], [-7.89491, 55.17414], [-7.89879, 55.1564], [-7.8601, 55.1679], [-7.87287, 55.1516], [-7.89489, 55.14688], [-7.89489, 55.14008], [-7.85644, 55.13898], [-7.83471, 55.16498], [-7.83755, 55.17585], [-7.86008, 55.19465], [-7.8661, 55.21491], [-7.7987, 55.25607], [-7.79126, 55.24867], [-7.81574, 55.19465], [-7.7987, 55.18098], [-7.77074, 55.18842], [-7.7176, 55.16657], [-7.69563, 55.1332], [-7.7025, 55.09907], [-7.6682, 55.1472], [-7.69506, 55.20747], [-7.7036, 55.21845], [-7.71605, 55.22191], [-7.72395, 55.21459], [-7.72199, 55.20026], [-7.70931, 55.17415], [-7.72313, 55.17573], [-7.75023, 55.19465], [-7.77965, 55.19965], [-7.79174, 55.206], [-7.78816, 55.21857], [-7.76084, 55.25608], [-7.72509, 55.25267], [-7.67348, 55.27386], [-7.66088, 55.27654], [-7.64397, 55.27276], [-7.61141, 55.2414], [-7.61994, 55.2049], [-7.61449, 55.19599], [-7.57276, 55.18097], [-7.56412, 55.15575], [-7.52784, 55.13255], [-7.5258, 55.11616], [-7.54142, 55.09224], [-7.55639, 55.08975], [-7.58643, 55.07112], [-7.64102, 55.05069], [-7.64102, 55.04385], [-7.58117, 55.05043], [-7.56186, 55.0445], [-7.57274, 55.02338], [-7.63418, 54.99543], [-7.68139, 54.96125], [-7.68139, 54.95441], [-7.64338, 54.96528], [-7.54849, 55.01843], [-7.53799, 55.01992], [-7.52935, 55.0307], [-7.46911, 55.04385], [-7.45617, 55.05614], [-7.45002, 55.07233], [-7.45442, 55.08625], [-7.47751, 55.09638], [-7.46288, 55.11953], [-7.46288, 55.14346], [-7.51008, 55.18098], [-7.54139, 55.19807], [-7.54946, 55.21516], [-7.54937, 55.22516], [-7.52709, 55.23676], [-7.51622, 55.25414], [-7.51358, 55.27436], [-7.5243, 55.29026], [-7.47859, 55.28392], [-7.46288, 55.29027], [-7.46908, 55.30387], [-7.42797, 55.28657], [-7.40591, 55.28693], [-7.36778, 55.3106], [-7.34752, 55.31428], [-7.3275, 55.3085], [-7.3121, 55.29029], [-7.33996, 55.29027], [-7.32087, 55.28217], [-7.2766, 55.27582], [-7.25674, 55.284], [-7.32067, 55.3133], [-7.35045, 55.33501], [-7.35302, 55.35855], [-7.40019, 55.38027], [-7.38442, 55.38637], [-7.24731, 55.35716], [-7.2092, 55.34523], [-7.12906, 55.28583], [-7.07934, 55.27265], [-7.04148, 55.26876], [-6.9757, 55.24868], [-6.95353, 55.25433], [-6.93958, 55.23908], [-6.9428, 55.21858], [-6.97256, 55.20832], [-7.03409, 55.19685], [-7.09977, 55.16548], [-7.15949, 55.15078], [-7.17284, 55.1435], [-7.23229, 55.09186], [-7.25674, 55.05069], [-7.17785, 55.05697], [-7.1339, 55.04385], [-7.09948, 55.04096], [-7.06505, 55.04385], [-7.0537, 55.04873], [-7.0172, 55.07111], [-7.0098, 55.1024], [-6.97492, 55.13544], [-6.96722, 55.17224], [-6.96971, 55.17294], [-6.96253, 55.19465], [-6.94669, 55.19537], [-6.88378, 55.17414], [-6.75451, 55.1778], [-6.64045, 55.20831], [-6.57128, 55.21125], [-6.51984, 55.24066], [-6.47595, 55.24867], [-6.41592, 55.23188], [-6.37816, 55.24623], [-6.35324, 55.24267], [-6.23982, 55.20832], [-6.16002, 55.2219], [-6.10099, 55.21238], [-6.03712, 55.16791], [-6.04066, 55.11205], [-6.06208, 55.07412], [-6.05435, 55.06513], [-5.98869, 55.05947], [-5.96827, 55.04385], [-5.98624, 54.98176], [-5.95678, 54.97884], [-5.93034, 54.97088], [-5.90662, 54.95794], [-5.88661, 54.94105], [-5.86925, 54.91039], [-5.83952, 54.89323], [-5.82096, 54.87506], [-5.80053, 54.82075], [-5.7456, 54.80459], [-5.72183, 54.78376], [-5.71565, 54.78376], [-5.72675, 54.79693], [-5.7976, 54.84455], [-5.78172, 54.86171], [-5.75162, 54.85687], [-5.72062, 54.841], [-5.70199, 54.82469], [-5.68993, 54.79332], [-5.69275, 54.76499], [-5.70691, 54.74299], [-5.72908, 54.72866], [-5.84537, 54.70124], [-5.89074, 54.67231], [-5.92723, 54.63296], [-5.91517, 54.62823], [-5.90738, 54.60562], [-5.89489, 54.6048], [-5.83901, 54.64972], [-5.74795, 54.68039], [-5.71662, 54.66987], [-5.69469, 54.66869], [-5.5747, 54.68007], [-5.55671, 54.66279], [-5.53663, 54.65745], [-5.51439, 54.59789], [-5.50255, 54.58348], [-5.48572, 54.5777], [-5.47893, 54.56948], [-5.46862, 54.51626], [-5.4308, 54.48517], [-5.43757, 54.47565], [-5.43385, 54.46101], [-5.46426, 54.42524], [-5.4574, 54.40868], [-5.46119, 54.39208], [-5.48912, 54.36957], [-5.47487, 54.35859], [-5.48957, 54.35371], [-5.50204, 54.33968], [-5.51577, 54.33809], [-5.52766, 54.34528], [-5.54711, 54.3791], [-5.55899, 54.38264], [-5.57664, 54.40278], [-5.57182, 54.42536], [-5.5487, 54.44282], [-5.54369, 54.45783], [-5.55801, 54.51191], [-5.57531, 54.529], [-5.64489, 54.56778], [-5.67186, 54.57681], [-5.70198, 54.5777], [-5.69736, 54.55142], [-5.71565, 54.53669], [-5.70153, 54.53632], [-5.67406, 54.52367], [-5.63696, 54.52203], [-5.62563, 54.51627], [-5.66393, 54.5102], [-5.67032, 54.50568], [-5.63998, 54.49575], [-5.6446, 54.47211], [-5.6385, 54.46357], [-5.62562, 54.461], [-5.63313, 54.44733], [-5.62562, 54.44111], [-5.66145, 54.37958], [-5.69791, 54.36229], [-5.70885, 54.35175], [-5.62213, 54.37665], [-5.5797, 54.38369], [-5.55053, 54.36542], [-5.5407, 54.32734], [-5.55306, 54.29853], [-5.57931, 54.27586], [-5.61263, 54.25557], [-5.63313, 54.25556], [-5.63998, 54.23506], [-5.65575, 54.22969], [-5.66339, 54.23087], [-5.67882, 54.24616], [-5.73689, 54.24909], [-5.77945, 54.24653], [-5.86205, 54.23054], [-5.86803, 54.21849], [-5.86858, 54.16113], [-5.89381, 54.10469], [-5.91199, 54.0913], [-5.95385, 54.07868], [-5.98498, 54.0592], [-6.04052, 54.03645], [-6.09544, 54.03637], [-6.11288, 54.04388], [-6.11288, 54.05011], [-6.08495, 54.05695], [-6.17429, 54.0743], [-6.18586, 54.09268], [-6.26366, 54.10468], [-6.26989, 54.09793], [-6.20702, 54.06171], [-6.18433, 54.05377], [-6.16991, 54.03962], [-6.1338, 54.03333], [-6.10731, 54.01361], [-6.11101, 54.00129], [-6.14356, 53.97843], [-6.16076, 53.97445], [-6.22277, 53.99543], [-6.23705, 53.99385], [-6.30704, 54.01187], [-6.35985, 54.01602], [-6.35985, 54.00849], [-6.34783, 54.00361], [-6.37296, 53.96442], [-6.37898, 53.9169], [-6.37296, 53.89932], [-6.35082, 53.88142], [-6.31729, 53.87108], [-6.24325, 53.86513], [-6.25499, 53.82221], [-6.24499, 53.80687], [-6.22279, 53.79629], [-6.24328, 53.78254], [-6.24844, 53.75576], [-6.24132, 53.68561], [-6.22989, 53.65656], [-6.22277, 53.64606], [-6.1871, 53.63007], [-6.16979, 53.60566], [-6.09241, 53.57713], [-6.07732, 53.55463], [-6.07496, 53.53974], [-6.08155, 53.52595], [-6.13315, 53.46127], [-6.14086, 53.47114], [-6.15836, 53.47285], [-6.19481, 53.46109], [-6.13062, 53.44261], [-6.12222, 53.41987], [-6.11292, 53.41266], [-6.12654, 53.39899], [-6.11026, 53.39403], [-6.06909, 53.39251], [-6.05087, 53.3854], [-6.06188, 53.36758], [-6.07461, 53.3669], [-6.12279, 53.39277], [-6.13231, 53.39159], [-6.15697, 53.3854], [-6.21532, 53.35806], [-6.21817, 53.34715], [-6.15518, 53.29938], [-6.09701, 53.28554], [-6.10546, 53.2652], [-6.10489, 53.22944], [-6.09923, 53.21467], [-6.07105, 53.18427], [-6.07811, 53.1662], [-6.03041, 53.11103], [-6.0371, 53.1048], [-6.03386, 53.06391], [-6.05162, 53.00926], [-5.99354, 52.95743], [-6.01183, 52.94965], [-6.02186, 52.9309], [-6.03795, 52.91966], [-6.07193, 52.87202], [-6.06446, 52.86457], [-6.10729, 52.83979], [-6.13012, 52.81598], [-6.15388, 52.76838], [-6.14787, 52.74616], [-6.21532, 52.66596], [-6.22057, 52.64728], [-6.20651, 52.58885], [-6.20911, 52.54585], [-6.28267, 52.46739], [-6.31774, 52.44794], [-6.35619, 52.409], [-6.36555, 52.3935], [-6.36613, 52.34446], [-6.39005, 52.35883], [-6.44807, 52.35591], [-6.46886, 52.36001], [-6.46296, 52.378], [-6.49649, 52.36432], [-6.49649, 52.3581], [-6.48144, 52.35464], [-6.45615, 52.33584], [-6.44866, 52.3227], [-6.45499, 52.31224], [-6.42375, 52.30792], [-6.40917, 52.28925], [-6.37297, 52.32267], [-6.38976, 52.2956], [-6.36978, 52.27261], [-6.31837, 52.24079], [-6.35986, 52.18619], [-6.37707, 52.17822], [-6.39947, 52.1855], [-6.38097, 52.20759], [-6.38231, 52.21198], [-6.39403, 52.21284], [-6.42561, 52.1938], [-6.46909, 52.1936], [-6.46911, 52.19977], [-6.44864, 52.19977], [-6.46231, 52.20718], [-6.47256, 52.20698], [-6.48966, 52.19978], [-6.53746, 52.19359], [-6.57975, 52.17822], [-6.59715, 52.1796], [-6.64143, 52.20279], [-6.71557, 52.21662], [-6.78628, 52.21004], [-6.80557, 52.21284], [-6.80557, 52.22036], [-6.77599, 52.23322], [-6.76586, 52.24575], [-6.76403, 52.2613], [-6.79296, 52.24042], [-6.81265, 52.2353], [-6.83226, 52.24079], [-6.8391, 52.23456], [-6.8391, 52.21284], [-6.81859, 52.22036], [-6.83226, 52.19359], [-6.81862, 52.19359], [-6.81861, 52.18619], [-6.83226, 52.18618], [-6.8248, 52.17935], [-6.89708, 52.15204], [-6.93212, 52.12467], [-6.94894, 52.13093], [-6.93975, 52.14321], [-6.90392, 52.1623], [-6.90372, 52.17219], [-6.92101, 52.21284], [-6.93668, 52.22907], [-6.97012, 52.24738], [-6.98473, 52.27863], [-6.99738, 52.28921], [-6.9899, 52.25165], [-6.96949, 52.22036], [-6.98229, 52.19562], [-6.97997, 52.18594], [-6.95517, 52.18617], [-6.95517, 52.17935], [-7.01689, 52.13852], [-7.106, 52.13094], [-7.07185, 52.16572], [-7.10635, 52.173], [-7.12023, 52.17194], [-7.12023, 52.16572], [-7.10603, 52.15204], [-7.13732, 52.15888], [-7.14965, 52.15632], [-7.16748, 52.13838], [-7.18737, 52.13277], [-7.24376, 52.13837], [-7.43546, 52.12568], [-7.50431, 52.1027], [-7.54141, 52.0974], [-7.5553, 52.08492], [-7.56529, 52.08374], [-7.58263, 52.10423], [-7.59997, 52.10102], [-7.61901, 52.09223], [-7.63109, 52.07905], [-7.62735, 52.06269], [-7.61758, 52.07022], [-7.60216, 52.07167], [-7.5468, 52.05926], [-7.54518, 52.055], [-7.55103, 52.0428], [-7.58263, 52.02851], [-7.58993, 51.99116], [-7.63541, 51.97676], [-7.68847, 51.98037], [-7.7093, 51.97386], [-7.7233, 51.94458], [-7.82933, 51.95345], [-7.83849, 51.9759], [-7.84984, 51.98013], [-7.85669, 51.94286], [-7.86971, 51.92966], [-7.90119, 51.91266], [-7.92223, 51.91181], [-7.88063, 51.89199], [-7.89128, 51.88208], [-8.00817, 51.85578], [-8.02306, 51.84357], [-8.00416, 51.8299], [-8.02059, 51.82393], [-8.0961, 51.81411], [-8.13419, 51.80476], [-8.24619, 51.80273], [-8.24794, 51.81342], [-8.22326, 51.82368], [-8.23007, 51.83673], [-8.20165, 51.84199], [-8.1754, 51.85716], [-8.20277, 51.86401], [-8.1953, 51.87702], [-8.18224, 51.88451], [-8.18708, 51.89313], [-8.19376, 51.89541], [-8.21018, 51.88452], [-8.24356, 51.89289], [-8.28464, 51.89201], [-8.2932, 51.90331], [-8.3474, 51.892], [-8.40884, 51.89179], [-8.42935, 51.88451], [-8.35416, 51.87298], [-8.32927, 51.86131], [-8.3474, 51.8299], [-8.29835, 51.82989], [-8.30516, 51.81623], [-8.29213, 51.81], [-8.31949, 51.80256], [-8.28468, 51.80255], [-8.30516, 51.78213], [-8.29737, 51.76602], [-8.34571, 51.72469], [-8.37255, 51.71553], [-8.41002, 51.70978], [-8.43553, 51.69272], [-8.44176, 51.70393], [-8.4558, 51.71231], [-8.47191, 51.71625], [-8.48396, 51.71381], [-8.46923, 51.70661], [-8.46418, 51.69501], [-8.469, 51.68407], [-8.48395, 51.67843], [-8.49112, 51.69868], [-8.51244, 51.70604], [-8.55842, 51.70637], [-8.55842, 51.70014], [-8.54833, 51.69636], [-8.51749, 51.69269], [-8.50211, 51.70034], [-8.49755, 51.69269], [-8.50642, 51.68249], [-8.52115, 51.67841], [-8.53917, 51.64838], [-8.53175, 51.61081], [-8.54441, 51.61791], [-8.55871, 51.63801], [-8.57266, 51.64496], [-8.5891, 51.6459], [-8.63817, 51.63745], [-8.75764, 51.64496], [-8.74328, 51.6352], [-8.72655, 51.63133], [-8.69001, 51.63129], [-8.69003, 51.62385], [-8.70295, 51.61701], [-8.68255, 51.61078], [-8.69978, 51.59724], [-8.69618, 51.57666], [-8.734, 51.57978], [-8.74279, 51.57564], [-8.76513, 51.59028], [-8.80199, 51.59028], [-8.82665, 51.59516], [-8.83337, 51.59029], [-8.85387, 51.59593], [-8.88802, 51.55558], [-8.92894, 51.54597], [-8.93319, 51.53536], [-8.9532, 51.54938], [-8.99112, 51.56297], [-9.07286, 51.54939], [-9.12076, 51.56297], [-9.12076, 51.55557], [-9.10774, 51.54938], [-9.11597, 51.53773], [-9.14331, 51.52388], [-9.19253, 51.5246], [-9.18962, 51.50838], [-9.20397, 51.508], [-9.22379, 51.4873], [-9.25304, 51.49116], [-9.26474, 51.48731], [-9.27212, 51.50837], [-9.29947, 51.4975], [-9.30176, 51.48872], [-9.3153, 51.48762], [-9.34924, 51.47404], [-9.38137, 51.47363], [-9.36071, 51.48383], [-9.34667, 51.50092], [-9.3729, 51.49128], [-9.37684, 51.49464], [-9.35709, 51.51716], [-9.31994, 51.53506], [-9.32746, 51.54255], [-9.36779, 51.52509], [-9.40184, 51.50094], [-9.41387, 51.51114], [-9.40184, 51.54597], [-9.42504, 51.55756], [-9.44327, 51.55952], [-9.45653, 51.55557], [-9.44801, 51.54365], [-9.47656, 51.53508], [-9.54748, 51.52529], [-9.55631, 51.50813], [-9.58072, 51.50837], [-9.61132, 51.49385], [-9.62839, 51.4941], [-9.62963, 51.50406], [-9.65591, 51.52017], [-9.66268, 51.51147], [-9.71719, 51.48041], [-9.70355, 51.47362], [-9.77184, 51.45312], [-9.76895, 51.4643], [-9.77794, 51.46223], [-9.80663, 51.44572], [-9.81339, 51.45311], [-9.8202, 51.44572], [-9.81338, 51.47362], [-9.82631, 51.47774], [-9.83387, 51.48729], [-9.79381, 51.49966], [-9.74005, 51.52976], [-9.68309, 51.54255], [-9.62138, 51.58296], [-9.54589, 51.61079], [-9.59203, 51.61372], [-9.78503, 51.55249], [-9.84747, 51.5494], [-9.78637, 51.57347], [-9.77032, 51.59222], [-9.73119, 51.6009], [-9.60798, 51.6424], [-9.59454, 51.65549], [-9.56188, 51.65815], [-9.45861, 51.68399], [-9.45652, 51.70014], [-9.44294, 51.72004], [-9.45727, 51.72459], [-9.48981, 51.71456], [-9.51281, 51.7259], [-9.52546, 51.72687], [-9.52546, 51.7473], [-9.56021, 51.76162], [-9.55663, 51.7309], [-9.5459, 51.72005], [-9.56607, 51.7167], [-9.62683, 51.68505], [-9.71349, 51.67646], [-9.74796, 51.66743], [-9.87414, 51.6562], [-9.93008, 51.63744], [-9.94189, 51.62134], [-10.01397, 51.60395], [-10.02624, 51.67229], [-10.00377, 51.67805], [-9.95686, 51.70637], [-9.95686, 51.71381], [-9.99776, 51.71382], [-9.98069, 51.73187], [-9.94904, 51.74712], [-9.88888, 51.76157], [-9.90225, 51.74116], [-9.86791, 51.7486], [-9.85652, 51.75861], [-9.85439, 51.77528], [-9.8238, 51.76781], [-9.78551, 51.7685], [-9.78551, 51.77529], [-9.81335, 51.78212], [-9.81337, 51.78827], [-9.75451, 51.81908], [-9.73766, 51.83674], [-9.70352, 51.83674], [-9.67105, 51.843], [-9.58072, 51.87018], [-9.58072, 51.87767], [-9.65315, 51.87177], [-9.75805, 51.84699], [-9.77717, 51.83975], [-9.79175, 51.82682], [-9.84008, 51.82368], [-9.83391, 51.81623], [-9.86422, 51.80421], [-9.87484, 51.80257], [-9.86803, 51.82368], [-9.88219, 51.82368], [-9.90226, 51.81001], [-9.94994, 51.80256], [-10.01251, 51.77581], [-9.97684, 51.87402], [-9.92661, 51.97231], [-10.01179, 52.01625], [-10.0451, 52.03951], [-9.99267, 52.05589], [-9.97105, 52.0899], [-9.96363, 52.0899], [-9.96373, 52.07197], [-9.95433, 52.06415], [-9.92638, 52.06269], [-9.92958, 52.07192], [-9.90842, 52.13092], [-9.87751, 52.11953], [-9.77184, 52.1247], [-9.79294, 52.13838], [-9.7582, 52.15204], [-9.95686, 52.14521], [-9.94378, 52.1247], [-9.95465, 52.10882], [-9.9606, 52.12494], [-9.98841, 52.13608], [-10.03857, 52.13801], [-10.13127, 52.1236], [-10.16014, 52.1681], [-10.17239, 52.20218], [-10.19557, 52.21739], [-10.25705, 52.2715], [-10.17187, 52.2868], [-10.1561, 52.27863], [-10.16625, 52.23456], [-10.10082, 52.24079], [-10.07144, 52.25129], [-10.04491, 52.26927], [-10.03604, 52.29035], [-10.05944, 52.30964], [-10.02477, 52.31011], [-10.01356, 52.30634], [-10.0183, 52.29605], [-10.00878, 52.25336], [-9.9475, 52.23762], [-9.87222, 52.23265], [-9.82559, 52.25825], [-9.81338, 52.25507], [-9.82649, 52.24824]], [[-8.9294, 53.79213], [-8.89021, 53.79056], [-8.78102, 53.82795], [-8.74918, 53.83416], [-8.72163, 53.82545], [-8.6685, 53.79737], [-8.65644, 53.79565], [-8.63607, 53.80894], [-8.62729, 53.83615], [-8.63827, 53.84299], [-8.76596, 53.85864], [-8.85277, 53.82714], [-8.93292, 53.80594], [-8.93673, 53.79854], [-8.9294, 53.79213]], [[-8.97943, 52.19824], [-9.01616, 52.09232], [-9.05138, 52.02937], [-9.02462, 51.98604], [-9.00708, 51.98518], [-8.97677, 52.00674], [-8.95163, 52.04302], [-8.89852, 52.09691], [-8.87745, 52.0804], [-8.85758, 52.08365], [-8.82238, 52.14574], [-8.8144, 52.17665], [-8.81802, 52.19463], [-8.8305, 52.20655], [-8.8568, 52.20251], [-8.92072, 52.15784], [-8.93504, 52.15305], [-8.95423, 52.19913], [-8.96797, 52.20308], [-8.97943, 52.19824]]], [[[-6.00476, 53.49454], [-5.99912, 53.48872], [-6.0107, 53.47725], [-6.03366, 53.48721], [-6.02773, 53.49379], [-6.00476, 53.49454]]], [[[-8.48398, 54.97554], [-8.52742, 54.96753], [-8.5493, 54.96842], [-8.56581, 54.97554], [-8.5658, 54.99542], [-8.5454, 55.00288], [-8.55221, 55.00971], [-8.53637, 55.01658], [-8.49658, 55.00067], [-8.48398, 54.97554]]], [[[-6.18798, 55.284], [-6.21109, 55.29532], [-6.28352, 55.29707], [-6.26105, 55.30762], [-6.2364, 55.31134], [-6.17432, 55.30389], [-6.178, 55.28077], [-6.19479, 55.26296], [-6.18798, 55.284]]], [[[-6.94503, 55.83421], [-6.95172, 55.81914], [-6.99649, 55.75565], [-7.00229, 55.74062], [-7.00209, 55.72667], [-6.99267, 55.71682], [-6.96023, 55.70237], [-6.94904, 55.68793], [-6.95242, 55.67824], [-6.96674, 55.66291], [-6.98825, 55.65177], [-7.0263, 55.63982], [-7.09725, 55.59309], [-7.10641, 55.59336], [-7.15545, 55.53767], [-7.17696, 55.52318], [-7.18372, 55.52461], [-7.18747, 55.53229], [-7.18176, 55.59237], [-7.18658, 55.61733], [-7.20146, 55.63625], [-7.21366, 55.64148], [-7.22956, 55.6429], [-7.24884, 55.63884], [-7.26684, 55.62933], [-7.33342, 55.56933], [-7.35121, 55.55709], [-7.3708, 55.54919], [-7.37077, 55.57738], [-7.3525, 55.63795], [-7.34842, 55.67071], [-7.26325, 55.7069], [-7.23867, 55.7216], [-7.17948, 55.78805], [-7.15407, 55.80497], [-7.12612, 55.81191], [-7.11796, 55.80962], [-7.09813, 55.78941], [-7.09078, 55.78751], [-7.05685, 55.80848], [-7.03954, 55.81296], [-6.99402, 55.85209], [-6.96799, 55.86809], [-6.95762, 55.86878], [-6.94961, 55.86268], [-6.94422, 55.84838], [-6.94503, 55.83421]]], [[[-6.29697, 55.86717], [-6.26479, 55.8854], [-6.22907, 55.89728], [-6.20424, 55.91656], [-6.16222, 55.92845], [-6.14012, 55.94134], [-6.13013, 55.93939], [-6.12024, 55.92943], [-6.09923, 55.80101], [-6.07909, 55.78148], [-6.04981, 55.76634], [-6.05826, 55.74274], [-6.0304, 55.72907], [-6.03234, 55.70637], [-6.02353, 55.68188], [-6.04573, 55.67426], [-6.05827, 55.66016], [-6.06444, 55.66763], [-6.08267, 55.65196], [-6.13228, 55.63175], [-6.16003, 55.62666], [-6.20255, 55.63056], [-6.21532, 55.62665], [-6.22718, 55.60161], [-6.26188, 55.58382], [-6.28734, 55.57845], [-6.31132, 55.58345], [-6.32517, 55.60554], [-6.31923, 55.62824], [-6.29746, 55.64247], [-6.24324, 55.66014], [-6.2648, 55.6955], [-6.27709, 55.70401], [-6.32513, 55.71561], [-6.32093, 55.73346], [-6.24999, 55.77684], [-6.30045, 55.78579], [-6.32873, 55.78315], [-6.34903, 55.77342], [-6.3866, 55.72232], [-6.41857, 55.70962], [-6.46297, 55.67447], [-6.49095, 55.67183], [-6.50351, 55.68135], [-6.50242, 55.69766], [-6.48965, 55.7154], [-6.50387, 55.72285], [-6.4934, 55.73899], [-6.44864, 55.77684], [-6.48214, 55.79047], [-6.4608, 55.80321], [-6.44521, 55.84882], [-6.40908, 55.86358], [-6.35448, 55.87743], [-6.33101, 55.88987], [-6.31838, 55.8867], [-6.33821, 55.84577], [-6.33072, 55.82783], [-6.32323, 55.8205], [-6.3109, 55.81843], [-6.31843, 55.84492], [-6.29697, 55.86717]]], [[[-6.65872, 55.94568], [-6.7044, 55.92024], [-6.77995, 55.89122], [-6.84102, 55.87472], [-6.86298, 55.87258], [-6.87625, 55.87614], [-6.87788, 55.88678], [-6.86789, 55.90096], [-6.81803, 55.93606], [-6.68942, 56.00223], [-6.63172, 56.03651], [-6.58019, 56.08347], [-6.51006, 56.15487], [-6.44949, 56.20052], [-6.41016, 56.22188], [-6.3722, 56.23486], [-6.29219, 56.25117], [-6.24527, 56.25572], [-6.22726, 56.25476], [-6.2198, 56.25092], [-6.23145, 56.23607], [-6.25419, 56.21907], [-6.45208, 56.1028], [-6.59483, 55.99044], [-6.65872, 55.94568]]], [[[-6.23264, 56.08161], [-6.19823, 56.10626], [-6.18261, 56.10261], [-6.17431, 56.10643], [-6.18177, 56.11944], [-6.13803, 56.12469], [-6.13339, 56.11262], [-6.16564, 56.08149], [-6.17715, 56.06147], [-6.17433, 56.04377], [-6.19467, 56.03525], [-6.24917, 56.03133], [-6.26985, 56.03754], [-6.2543, 56.04462], [-6.23264, 56.08161]]], [[[-5.6939, 56.16876], [-5.74911, 56.16109], [-5.73833, 56.17747], [-5.68831, 56.20204], [-5.67368, 56.17894], [-5.6939, 56.16876]]], [[[-5.64532, 56.25592], [-5.63311, 56.26349], [-5.62296, 56.25764], [-5.61262, 56.2635], [-5.61058, 56.24942], [-5.63745, 56.1893], [-5.66663, 56.22248], [-5.64532, 56.25592]]], [[[-5.62169, 56.27607], [-5.64027, 56.28279], [-5.64478, 56.29395], [-5.63311, 56.31874], [-5.62075, 56.32419], [-5.59789, 56.32185], [-5.58463, 56.32557], [-5.60534, 56.29694], [-5.59899, 56.28392], [-5.62169, 56.27607]]], [[[-7.34768, 56.29709], [-7.36951, 56.28955], [-7.37901, 56.29248], [-7.38424, 56.30099], [-7.38307, 56.32451], [-7.37481, 56.34178], [-7.35415, 56.36608], [-7.3353, 56.37956], [-7.31515, 56.38612], [-7.29438, 56.388], [-7.21127, 56.37994], [-7.30734, 56.31883], [-7.34768, 56.29709]]], [[[-5.5362, 56.39224], [-5.55798, 56.38647], [-5.58422, 56.38702], [-5.55796, 56.41428], [-5.52652, 56.41356], [-5.50278, 56.4211], [-5.5362, 56.39224]]], [[[-6.19103, 56.6448], [-6.11905, 56.65386], [-6.05828, 56.6402], [-6.06444, 56.62035], [-6.0335, 56.61882], [-6.00887, 56.59878], [-5.96818, 56.54449], [-5.96255, 56.52611], [-5.85221, 56.52415], [-5.82946, 56.51081], [-5.81403, 56.51666], [-5.79435, 56.51666], [-5.75666, 56.49006], [-5.72184, 56.49005], [-5.71037, 56.48484], [-5.68572, 56.46424], [-5.6809, 56.45185], [-5.64845, 56.44773], [-5.65357, 56.42797], [-5.6883, 56.4348], [-5.65793, 56.39994], [-5.67033, 56.3938], [-5.70303, 56.39338], [-5.71743, 56.39738], [-5.72167, 56.41234], [-5.74234, 56.41429], [-5.73908, 56.40119], [-5.75109, 56.38939], [-5.78393, 56.37336], [-5.78393, 56.36591], [-5.74999, 56.37714], [-5.71223, 56.38019], [-5.69598, 56.37543], [-5.70293, 56.36442], [-5.71997, 56.35278], [-5.80906, 56.31887], [-5.84821, 56.31364], [-5.88009, 56.32559], [-5.8535, 56.3437], [-5.8522, 56.35285], [-5.86042, 56.35834], [-5.87267, 56.35773], [-5.89721, 56.35285], [-5.91514, 56.3354], [-5.95787, 56.32807], [-6.03746, 56.30524], [-6.06599, 56.28922], [-6.10237, 56.29824], [-6.14697, 56.28393], [-6.23982, 56.28392], [-6.25648, 56.26668], [-6.26684, 56.26351], [-6.30003, 56.26802], [-6.32749, 56.27726], [-6.35998, 56.30341], [-6.3661, 56.32217], [-6.35699, 56.33632], [-6.33577, 56.34442], [-6.29041, 56.34539], [-6.24722, 56.31167], [-6.22891, 56.31875], [-6.22891, 56.32559], [-6.24997, 56.33234], [-6.23176, 56.33689], [-6.18663, 56.33124], [-6.15392, 56.34479], [-6.08495, 56.35285], [-6.02082, 56.38203], [-6.02697, 56.38703], [-6.04695, 56.38398], [-6.10546, 56.36591], [-6.15404, 56.35895], [-6.17894, 56.35994], [-6.19854, 56.36962], [-6.20322, 56.38032], [-6.18918, 56.39776], [-6.15722, 56.40738], [-6.12653, 56.44842], [-6.08153, 56.44843], [-6.02184, 56.4641], [-6.00984, 56.46955], [-6.00328, 56.48941], [-6.01667, 56.50365], [-6.12743, 56.47436], [-6.17431, 56.51667], [-6.2076, 56.52491], [-6.18915, 56.50529], [-6.18751, 56.48966], [-6.17056, 56.48115], [-6.16005, 56.46956], [-6.19522, 56.46976], [-6.20523, 56.45558], [-6.24903, 56.42663], [-6.32208, 56.39489], [-6.7363, 56.27452], [-6.83729, 56.24985], [-6.84905, 56.25039], [-6.85478, 56.25608], [-6.85523, 56.26557], [-6.84325, 56.29061], [-6.81879, 56.31474], [-6.80372, 56.32313], [-6.74572, 56.33797], [-6.60485, 56.3544], [-6.54646, 56.36849], [-6.53409, 56.37544], [-6.52814, 56.38347], [-6.52685, 56.39227], [-6.53321, 56.42011], [-6.53272, 56.4288], [-6.52783, 56.43666], [-6.43299, 56.47404], [-6.43129, 56.47744], [-6.46088, 56.48946], [-6.61947, 56.51944], [-6.63557, 56.52663], [-6.64392, 56.53588], [-6.64189, 56.54319], [-6.60739, 56.56867], [-6.57443, 56.58269], [-6.5363, 56.58922], [-6.49443, 56.59034], [-6.41068, 56.58195], [-6.31309, 56.56252], [-6.29039, 56.57197], [-6.31919, 56.59398], [-6.32516, 56.6061], [-6.28844, 56.60798], [-6.25626, 56.62033], [-6.23864, 56.60859], [-6.23021, 56.60859], [-6.22277, 56.61294], [-6.22027, 56.63227], [-6.19103, 56.6448]]], [[[-6.84112, 56.53472], [-6.7672, 56.54856], [-6.74186, 56.54783], [-6.72926, 56.53034], [-6.74333, 56.51782], [-6.80382, 56.51362], [-6.80588, 56.49675], [-6.82552, 56.4873], [-6.86929, 56.47964], [-6.88752, 56.4621], [-6.8816, 56.44429], [-6.90245, 56.44376], [-6.96519, 56.45987], [-6.98987, 56.50364], [-6.96812, 56.51048], [-6.90207, 56.51653], [-6.84112, 56.53472]]], [[[-6.50584, 56.68536], [-6.46231, 56.69122], [-6.45257, 56.68842], [-6.49746, 56.63421], [-6.52725, 56.62653], [-6.56413, 56.59871], [-6.61633, 56.57519], [-6.63305, 56.57198], [-6.66893, 56.57779], [-6.6779, 56.55828], [-6.70187, 56.58563], [-6.67447, 56.58845], [-6.64951, 56.60208], [-6.59109, 56.65196], [-6.50584, 56.68536]]], [[[-7.70786, 56.9182], [-7.65821, 56.97109], [-7.56663, 56.99526], [-7.53753, 56.99994], [-7.53117, 56.99853], [-7.51377, 56.96367], [-7.50771, 56.91743], [-7.51684, 56.86767], [-7.52804, 56.84417], [-7.54407, 56.82305], [-7.57885, 56.80442], [-7.63776, 56.78397], [-7.69899, 56.76797], [-7.74883, 56.76263], [-7.76063, 56.7713], [-7.76541, 56.78451], [-7.7599, 56.8195], [-7.72914, 56.88892], [-7.70786, 56.9182]]], [[[-6.54107, 56.92089], [-6.48727, 56.9458], [-6.4547, 56.95485], [-6.42983, 56.95531], [-6.40346, 56.95121], [-6.33473, 56.93105], [-6.43088, 56.8877], [-6.48919, 56.86952], [-6.51274, 56.86937], [-6.53796, 56.87412], [-6.56838, 56.88949], [-6.57102, 56.89805], [-6.5658, 56.90432], [-6.54107, 56.92089]]], [[[-6.27295, 57.04022], [-6.25099, 57.02656], [-6.26989, 57.01756], [-6.26989, 57.0102], [-6.24326, 57.01019], [-6.25676, 56.97378], [-6.27604, 56.95312], [-6.30362, 56.944], [-6.34186, 56.94189], [-6.35975, 56.94734], [-6.37613, 56.97118], [-6.45544, 57.00398], [-6.36424, 57.05564], [-6.32519, 57.05857], [-6.27295, 57.04022]]], [[[-7.58249, 57.08865], [-7.4978, 57.09295], [-7.48073, 57.08625], [-7.4617, 57.05048], [-7.62554, 57.01208], [-7.6737, 57.00585], [-7.6854, 57.00871], [-7.69709, 57.02254], [-7.69539, 57.04212], [-7.68969, 57.0522], [-7.66878, 57.06938], [-7.63231, 57.08056], [-7.58249, 57.08865]]], [[[-6.53747, 57.07281], [-6.48969, 57.05858], [-6.51595, 57.0507], [-6.54825, 57.04761], [-6.60631, 57.05175], [-6.53747, 57.07281]]], [[[-7.33761, 57.18693], [-7.35714, 57.16082], [-7.38542, 57.13622], [-7.40878, 57.12249], [-7.42473, 57.11723], [-7.49349, 57.11109], [-7.76827, 57.11381], [-7.81776, 57.11774], [-7.82426, 57.11988], [-7.82543, 57.12401], [-7.79092, 57.14977], [-7.71414, 57.18848], [-7.63987, 57.21], [-7.50012, 57.24057], [-7.37353, 57.24023], [-7.34501, 57.23717], [-7.33038, 57.23123], [-7.32715, 57.21268], [-7.33761, 57.18693]]], [[[-5.99002, 57.32549], [-5.95573, 57.32159], [-5.92937, 57.30719], [-5.92547, 57.2917], [-5.95861, 57.28449], [-5.98485, 57.29043], [-6.00778, 57.30362], [-6.01384, 57.31747], [-5.99002, 57.32549]]], [[[-6.50371, 57.09396], [-6.53647, 57.10391], [-6.54895, 57.11141], [-6.54942, 57.11783], [-6.54162, 57.12667], [-6.47092, 57.17999], [-6.46845, 57.18701], [-6.47736, 57.19241], [-6.51714, 57.19769], [-6.57038, 57.19667], [-6.59192, 57.19262], [-6.6488, 57.16332], [-6.67105, 57.1567], [-6.74814, 57.15332], [-6.8114, 57.15501], [-6.85959, 57.16065], [-6.87974, 57.17015], [-6.89093, 57.18927], [-6.88951, 57.21232], [-6.88236, 57.22335], [-6.87, 57.23302], [-6.8517, 57.24051], [-6.83026, 57.24285], [-6.79232, 57.23593], [-6.72207, 57.21237], [-6.70565, 57.21197], [-6.69387, 57.21548], [-6.67748, 57.22824], [-6.67324, 57.24278], [-6.69555, 57.30508], [-6.68961, 57.31861], [-6.65967, 57.33326], [-6.63676, 57.3367], [-6.59797, 57.33632], [-6.45983, 57.31954], [-6.41641, 57.33453], [-6.3899, 57.33008], [-6.38198, 57.33455], [-6.37976, 57.33868], [-6.40616, 57.35155], [-6.46291, 57.34659], [-6.44864, 57.35277], [-6.44864, 57.36026], [-6.47591, 57.36709], [-6.46296, 57.37393], [-6.47885, 57.38191], [-6.47594, 57.40119], [-6.49083, 57.39899], [-6.50718, 57.38812], [-6.49785, 57.4746], [-6.48366, 57.52473], [-6.46492, 57.51252], [-6.42077, 57.51788], [-6.44347, 57.4881], [-6.4335, 57.48648], [-6.4121, 57.50137], [-6.40025, 57.52097], [-6.38695, 57.51728], [-6.32547, 57.4731], [-6.31987, 57.47548], [-6.32519, 57.4831], [-6.32462, 57.49681], [-6.37291, 57.53154], [-6.38953, 57.55248], [-6.35985, 57.59296], [-6.38336, 57.59293], [-6.40024, 57.5998], [-6.39586, 57.61347], [-6.41456, 57.63423], [-6.41343, 57.64923], [-6.35985, 57.66812], [-6.33795, 57.69915], [-6.32519, 57.69599], [-6.3109, 57.7028], [-6.29332, 57.68602], [-6.26075, 57.66884], [-6.23265, 57.64142], [-6.16919, 57.60785], [-6.154, 57.58977], [-6.13341, 57.47608], [-6.14483, 57.43345], [-6.13329, 57.42284], [-6.12864, 57.40841], [-6.11793, 57.39777], [-6.13058, 57.38418], [-6.13654, 57.36176], [-6.13524, 57.35737], [-6.09923, 57.33234], [-6.10663, 57.32346], [-6.15108, 57.30581], [-6.06813, 57.31183], [-6.04542, 57.30829], [-6.04111, 57.30012], [-6.05289, 57.291], [-6.07811, 57.28449], [-6.07811, 57.27766], [-6.00845, 57.28677], [-5.97667, 57.27033], [-5.9382, 57.2709], [-5.92326, 57.2669], [-5.90062, 57.24291], [-5.88622, 57.24209], [-5.86583, 57.25714], [-5.82433, 57.25617], [-5.79579, 57.27178], [-5.76789, 57.2774], [-5.73851, 57.27729], [-5.72183, 57.26464], [-5.64739, 57.26463], [-5.66389, 57.23981], [-5.65909, 57.22248], [-5.67064, 57.20466], [-5.69091, 57.18952], [-5.74199, 57.16855], [-5.78205, 57.16625], [-5.80038, 57.12373], [-5.85206, 57.10302], [-5.87968, 57.078], [-5.93466, 57.04135], [-6.00327, 57.00333], [-6.02048, 56.9979], [-6.07249, 56.98859], [-6.09602, 56.9906], [-6.07405, 57.01557], [-6.02934, 57.0506], [-6.02729, 57.06194], [-6.00023, 57.08393], [-6.00302, 57.09955], [-5.97889, 57.1247], [-5.9975, 57.13644], [-6.01097, 57.13733], [-6.03006, 57.13127], [-6.10825, 57.0792], [-6.14261, 57.06501], [-6.15482, 57.06894], [-6.1704, 57.09158], [-6.18299, 57.09928], [-6.21991, 57.0959], [-6.33847, 57.07548], [-6.40449, 57.07838], [-6.50371, 57.09396]], [[-6.02569, 57.19938], [-5.99762, 57.19761], [-6.01928, 57.2176], [-6.04402, 57.22993], [-6.02569, 57.19938]]], [[[-6.0548, 57.3264], [-6.07192, 57.33236], [-6.06444, 57.34658], [-6.07711, 57.3715], [-6.069, 57.43629], [-6.06133, 57.45285], [-6.04551, 57.46063], [-6.01667, 57.46263], [-6.03708, 57.48993], [-6.01586, 57.49677], [-5.9956, 57.48994], [-6.0098, 57.51104], [-5.99332, 57.50703], [-5.98255, 57.49746], [-6.01765, 57.4182], [-6.01667, 57.3876], [-5.99514, 57.36371], [-5.98951, 57.34732], [-6.0548, 57.3264]]], [[[-5.98251, 57.56631], [-5.96191, 57.57728], [-5.95521, 57.57249], [-5.96827, 57.51791], [-5.98383, 57.52257], [-5.98733, 57.54609], [-5.9757, 57.55882], [-5.98251, 57.56631]]], [[[-6.98855, 57.51229], [-6.96835, 57.52777], [-6.97539, 57.53271], [-7.02207, 57.53214], [-7.21369, 57.50845], [-7.27188, 57.50604], [-7.27791, 57.51037], [-7.27417, 57.51816], [-7.21906, 57.56253], [-7.20957, 57.57183], [-7.20758, 57.57856], [-7.22668, 57.58601], [-7.30893, 57.59885], [-7.3131, 57.6032], [-7.31043, 57.60922], [-7.27632, 57.63482], [-7.20688, 57.66514], [-7.16558, 57.67506], [-7.01512, 57.70104], [-6.93104, 57.71958], [-6.87531, 57.7363], [-6.86699, 57.74143], [-6.86604, 57.74763], [-6.87354, 57.75326], [-6.91735, 57.76858], [-6.93523, 57.7796], [-6.9321, 57.78608], [-6.91577, 57.79554], [-6.86085, 57.81743], [-6.70922, 57.87195], [-6.61431, 57.93226], [-6.36281, 58.05722], [-6.27904, 58.09388], [-6.21417, 58.09709], [-6.21056, 58.03037], [-6.21524, 58.00298], [-6.22125, 57.99104], [-6.25286, 57.95832], [-6.37341, 57.85967], [-6.394, 57.83982], [-6.40003, 57.82881], [-6.40331, 57.8028], [-6.36798, 57.72061], [-6.36744, 57.70671], [-6.37201, 57.6939], [-6.38931, 57.687], [-6.48783, 57.6702], [-6.49693, 57.66098], [-6.49932, 57.63395], [-6.52512, 57.62078], [-6.61173, 57.59013], [-6.73123, 57.55389], [-6.85494, 57.52692], [-6.88103, 57.51706], [-6.88383, 57.51181], [-6.87941, 57.50668], [-6.84709, 57.49156], [-6.83392, 57.48128], [-6.83707, 57.476], [-6.84903, 57.46968], [-7.01148, 57.42218], [-7.07807, 57.38223], [-7.10707, 57.36902], [-7.145, 57.36375], [-7.22896, 57.36094], [-7.29677, 57.36324], [-7.32819, 57.36816], [-7.341, 57.37658], [-7.3384, 57.38232], [-7.31323, 57.39845], [-7.26864, 57.41723], [-7.02947, 57.49576], [-6.98855, 57.51229]]], [[[10.32221, 41.42028], [10.33294, 41.39751], [10.33115, 41.38555], [10.31681, 41.35748], [10.27635, 41.29964], [10.26806, 41.28014], [10.26268, 41.22111], [10.25685, 41.19296], [10.16841, 40.83944], [10.15513, 40.79861], [10.10136, 40.67109], [10.08695, 40.62693], [10.08667, 40.60475], [10.09521, 40.55131], [10.09387, 40.52935], [10.05693, 40.39243], [10.04283, 40.35613], [10.02554, 40.32514], [10.00447, 40.30256], [9.979, 40.29155], [9.94392, 40.29448], [9.90803, 40.3107], [9.87176, 40.33633], [9.76481, 40.43086], [9.7311, 40.45537], [9.69897, 40.4701], [9.67951, 40.47282], [9.65584, 40.47185], [9.60161, 40.46163], [9.54759, 40.44497], [9.49427, 40.4215], [9.45935, 40.39087], [9.43949, 40.36631], [9.42821, 40.34437], [9.4273, 40.33141], [9.45102, 40.24976], [9.45208, 40.23496], [9.44879, 40.22229], [9.41475, 40.16743], [9.36572, 40.10367], [9.31026, 40.04509], [9.28279, 40.02226], [9.25691, 40.00622], [9.24124, 40.00298], [9.22378, 40.00619], [9.13111, 40.05711], [9.11571, 40.0619], [9.09592, 40.05718], [9.04791, 40.03505], [9.03253, 40.0362], [9.01349, 40.07483], [8.98835, 40.18165], [8.97401, 40.22379], [8.94352, 40.2661], [8.86128, 40.36172], [8.84517, 40.38447], [8.83393, 40.40566], [8.83242, 40.41577], [8.83769, 40.44216], [8.86002, 40.50987], [8.8588, 40.68038], [8.86403, 40.72881], [8.8769, 40.75232], [8.92241, 40.80402], [8.93733, 40.82676], [8.94768, 40.86905], [8.96224, 40.9712], [8.97318, 41.01277], [8.98263, 41.02315], [9.02136, 41.04704], [9.03444, 41.06275], [9.07457, 41.12226], [9.08727, 41.15168], [9.08694, 41.17389], [9.0744, 41.19599], [9.05447, 41.21696], [9.03197, 41.23205], [9.02126, 41.23592], [9.01338, 41.23471], [8.9548, 41.19284], [8.9505, 41.19494], [8.94174, 41.23046], [8.94422, 41.30069], [8.95538, 41.345], [8.96341, 41.36272], [8.98513, 41.37987], [9.03985, 41.40215], [9.07001, 41.41785], [9.07775, 41.42686], [9.0869, 41.45329], [9.09827, 41.51809], [9.09767, 41.62152], [9.07919, 41.7079], [9.03403, 41.81733], [8.98977, 41.88648], [8.96446, 41.91519], [8.93762, 41.9379], [8.92215, 41.94244], [8.90045, 41.9406], [8.79183, 41.90964], [8.76953, 41.90654], [8.75333, 41.90959], [8.74699, 41.91742], [8.75178, 41.94433], [8.77678, 41.99525], [8.78564, 42.02245], [8.76107, 42.12044], [8.76309, 42.21589], [8.77413, 42.26574], [8.78559, 42.28706], [8.8021, 42.30404], [8.81423, 42.30799], [8.826, 42.30349], [8.88636, 42.23674], [8.89954, 42.22964], [8.96938, 42.21271], [9.02692, 42.20187], [9.07968, 42.19764], [9.10065, 42.19996], [9.13889, 42.21115], [9.26878, 42.26884], [9.41702, 42.35262], [9.48294, 42.40287], [9.59198, 42.49817], [9.69234, 42.50709], [9.72927, 42.51475], [9.74204, 42.52087], [9.75154, 42.53065], [9.7583, 42.54432], [9.77198, 42.59605], [9.78514, 42.62655], [9.79563, 42.63665], [9.81327, 42.63824], [9.8632, 42.6207], [10.12833, 42.49921], [10.18994, 42.46235], [10.19948, 42.45241], [10.21267, 42.42402], [10.21972, 42.3904], [10.2227, 42.34627], [10.21618, 42.32736], [10.19095, 42.28277], [10.19073, 42.26451], [10.21247, 42.2464], [10.29715, 42.2054], [10.3065, 42.1968], [10.32543, 42.16058], [10.36413, 42.0275], [10.41041, 41.91787], [10.42025, 41.87331], [10.41867, 41.85493], [10.40637, 41.82538], [10.38614, 41.7938], [10.27492, 41.66036], [10.25196, 41.62849], [10.23601, 41.59853], [10.23316, 41.58735], [10.23483, 41.55938], [10.25351, 41.50099], [10.26506, 41.47978], [10.32221, 41.42028]]], [[[10.12764, 43.61985], [10.04448, 43.54424], [10.02985, 43.52575], [10.02242, 43.50782], [10.02042, 43.47281], [10.02409, 43.43097], [10.05255, 43.23857], [10.05327, 43.19565], [10.0482, 43.15962], [10.04188, 43.1489], [10.02972, 43.13936], [9.95739, 43.10696], [9.93204, 43.08937], [9.92091, 43.0609], [9.9065, 42.97031], [9.86541, 42.8915], [9.83235, 42.84409], [9.81345, 42.8246], [9.79315, 42.81016], [9.77156, 42.80251], [9.75802, 42.80483], [9.74753, 42.81529], [9.7392, 42.83164], [9.71811, 42.89355], [9.70935, 42.91084], [9.69825, 42.9226], [9.6496, 42.94415], [9.51862, 42.98018], [9.46776, 42.99857], [9.42747, 43.02806], [9.40208, 43.05432], [9.38566, 43.07988], [9.38294, 43.09092], [9.38647, 43.10306], [9.45542, 43.17319], [9.46156, 43.18564], [9.45911, 43.19648], [9.44357, 43.20723], [9.41864, 43.2146], [9.29296, 43.23068], [9.27137, 43.23752], [9.25999, 43.24831], [9.25965, 43.26738], [9.27055, 43.28945], [9.35086, 43.38639], [9.36121, 43.40808], [9.36019, 43.42704], [9.34935, 43.43528], [9.32892, 43.43811], [9.2152, 43.42974], [9.19434, 43.43185], [9.18259, 43.43954], [9.17997, 43.45575], [9.18648, 43.47494], [9.24661, 43.56153], [9.25604, 43.58111], [9.25762, 43.5982], [9.24992, 43.61367], [9.23485, 43.63004], [9.15021, 43.69792], [9.13482, 43.71398], [9.12629, 43.72907], [9.12652, 43.74014], [9.13232, 43.75259], [9.1755, 43.80593], [9.18222, 43.81789], [9.18363, 43.82848], [9.17864, 43.83656], [9.16807, 43.84443], [9.10987, 43.87509], [9.101, 43.88271], [9.09806, 43.89042], [9.10194, 43.89868], [9.11114, 43.9068], [9.17056, 43.93785], [9.19178, 43.95275], [9.20551, 43.98091], [9.22808, 44.0528], [9.23657, 44.06773], [9.24765, 44.07911], [9.29786, 44.10325], [9.4381, 44.14798], [9.49415, 44.17187], [9.52262, 44.19771], [9.5658, 44.25206], [9.59702, 44.28188], [9.61382, 44.2904], [9.63557, 44.29307], [9.66322, 44.2901], [9.78643, 44.26342], [9.80815, 44.26417], [9.82121, 44.27257], [9.83341, 44.30498], [9.83773, 44.34424], [9.83628, 44.38817], [9.81157, 44.5958], [9.90788, 44.56967], [9.94121, 44.55471], [9.95112, 44.54598], [9.96089, 44.52967], [9.97367, 44.48734], [9.98125, 44.41635], [9.98045, 44.35759], [9.95184, 44.23219], [9.95086, 44.20914], [9.95421, 44.18935], [9.96164, 44.17713], [9.97495, 44.16434], [10.06376, 44.09837], [10.07284, 44.08635], [10.08136, 44.06544], [10.09391, 44.01309], [10.11315, 43.8768], [10.14793, 43.73518], [10.15397, 43.67838], [10.15127, 43.65571], [10.14289, 43.6381], [10.12764, 43.61985]]], [[[14.30787, 44.51089], [14.32077, 44.50918], [14.29868, 44.49642], [14.28242, 44.52227], [14.30218, 44.51797], [14.30787, 44.51089]]], [[[14.36988, 44.57966], [14.36477, 44.58722], [14.38258, 44.60326], [14.37599, 44.62303], [14.3493, 44.65554], [14.3358, 44.71676], [14.38111, 44.69864], [14.39747, 44.68561], [14.39039, 44.66218], [14.41, 44.60098], [14.44557, 44.56598], [14.52661, 44.50372], [14.53434, 44.48408], [14.51198, 44.48226], [14.48504, 44.50064], [14.45191, 44.53189], [14.43818, 44.53865], [14.43818, 44.54547], [14.46608, 44.53864], [14.42262, 44.57388], [14.40406, 44.57966], [14.39697, 44.56917], [14.38657, 44.56563], [14.36306, 44.57344], [14.36307, 44.57966], [14.36988, 44.57966]]], [[[14.23976, 44.61987], [14.23261, 44.62605], [14.24436, 44.66161], [14.2658, 44.6795], [14.28043, 44.67755], [14.27417, 44.6617], [14.25734, 44.65672], [14.25668, 44.63703], [14.27115, 44.61254], [14.23976, 44.61987]]], [[[14.46655, 44.80484], [14.45192, 44.79877], [14.4729, 44.7652], [14.46608, 44.7298], [14.47218, 44.70795], [14.51391, 44.66218], [14.50856, 44.64533], [14.51498, 44.64216], [14.52751, 44.64788], [14.53434, 44.63426], [14.51335, 44.61885], [14.473, 44.62028], [14.42792, 44.65657], [14.39454, 44.70759], [14.39723, 44.75161], [14.38356, 44.75776], [14.37453, 44.75387], [14.36819, 44.76106], [14.36158, 44.81598], [14.34605, 44.82051], [14.32986, 44.83394], [14.31414, 44.89379], [14.29422, 44.90864], [14.30152, 44.92231], [14.29251, 44.94033], [14.30152, 44.94342], [14.32546, 44.93635], [14.35963, 44.90864], [14.38738, 44.909], [14.39723, 44.9291], [14.39032, 44.96038], [14.40406, 44.94953], [14.41139, 44.95637], [14.39145, 44.96943], [14.37673, 44.98689], [14.34083, 45.05561], [14.27851, 45.11335], [14.2777, 45.128], [14.29976, 45.16248], [14.31366, 45.17242], [14.33188, 45.17584], [14.3562, 45.16925], [14.36409, 45.15762], [14.36305, 45.09357], [14.38771, 45.03905], [14.41765, 44.99799], [14.43084, 44.9903], [14.46606, 44.9837], [14.47348, 44.97142], [14.47093, 44.95369], [14.45192, 44.92231], [14.45922, 44.91543], [14.44996, 44.89802], [14.45192, 44.8509], [14.46655, 44.80484]]], [[[13.76191, 44.92057], [13.77832, 44.91079], [13.77769, 44.90251], [13.76108, 44.90351], [13.7581, 44.89434], [13.74734, 44.88761], [13.75009, 44.91315], [13.737, 44.92], [13.73546, 44.92393], [13.74098, 44.92576], [13.76191, 44.92057]]], [[[14.54314, 44.95562], [14.53476, 44.95568], [14.48578, 44.98362], [14.52767, 44.98598], [14.54566, 44.96821], [14.54314, 44.95562]]], [[[-4.67345, 48.57956], [-4.64249, 48.58184], [-4.58983, 48.56574], [-4.57726, 48.56818], [-4.60048, 48.58935], [-4.60772, 48.60301], [-4.59463, 48.60911], [-4.53014, 48.60171], [-4.55749, 48.60912], [-4.5526, 48.61652], [-4.56361, 48.62345], [-4.56361, 48.62961], [-4.48546, 48.62962], [-4.4298, 48.64281], [-4.40661, 48.64326], [-4.42649, 48.65009], [-4.42649, 48.65753], [-4.39806, 48.66096], [-4.34325, 48.67885], [-4.3173, 48.67803], [-4.29916, 48.66364], [-4.30651, 48.64155], [-4.28311, 48.64326], [-4.24205, 48.65753], [-4.19376, 48.65009], [-4.19376, 48.65754], [-4.213, 48.6612], [-4.20774, 48.67137], [-4.17389, 48.6911], [-4.13146, 48.69916], [-4.10872, 48.69814], [-4.09069, 48.69111], [-4.07959, 48.69694], [-4.07022, 48.68488], [-4.06404, 48.68488], [-4.05329, 48.69554], [-4.05653, 48.71214], [-3.97399, 48.7328], [-3.96778, 48.72956], [-3.97273, 48.70771], [-3.96102, 48.70473], [-3.96776, 48.69111], [-3.95103, 48.67931], [-3.95474, 48.65754], [-3.91224, 48.68111], [-3.89203, 48.67804], [-3.90632, 48.6706], [-3.90632, 48.66437], [-3.85172, 48.62962], [-3.84431, 48.63646], [-3.85171, 48.64326], [-3.84431, 48.65009], [-3.85788, 48.68487], [-3.85171, 48.68488], [-3.83747, 48.6706], [-3.83713, 48.70726], [-3.82925, 48.71844], [-3.81697, 48.71214], [-3.81011, 48.73319], [-3.79711, 48.72118], [-3.77843, 48.71735], [-3.73193, 48.71897], [-3.68664, 48.69855], [-3.63819, 48.70473], [-3.63854, 48.68781], [-3.614, 48.68269], [-3.58479, 48.68281], [-3.57055, 48.68797], [-3.58449, 48.72618], [-3.58046, 48.73321], [-3.52831, 48.73949], [-3.54284, 48.74567], [-3.57737, 48.77424], [-3.58151, 48.79059], [-3.57139, 48.79905], [-3.54259, 48.80781], [-3.51528, 48.84194], [-3.49983, 48.83698], [-3.46813, 48.83567], [-3.43358, 48.82221], [-3.41978, 48.82143], [-3.43334, 48.80781], [-3.39761, 48.80732], [-3.37181, 48.82249], [-3.27578, 48.84934], [-3.25951, 48.84772], [-3.22972, 48.87225], [-3.21362, 48.86981], [-3.20716, 48.85541], [-3.21495, 48.81786], [-3.22789, 48.80781], [-3.22053, 48.79414], [-3.20873, 48.81635], [-3.14537, 48.86236], [-3.135, 48.8592], [-3.11643, 48.87408], [-3.10375, 48.87664], [-3.09147, 48.87128], [-3.08374, 48.85193], [-3.09073, 48.83568], [-3.07707, 48.82826], [-3.09752, 48.79413], [-3.12548, 48.7674], [-3.12548, 48.75996], [-3.11803, 48.75996], [-3.06551, 48.82395], [-3.04918, 48.82144], [-3.02872, 48.82879], [-3.00819, 48.82144], [-3.0157, 48.8146], [-3.00939, 48.81371], [-3.00818, 48.80781], [-3.04239, 48.79413], [-3.04239, 48.78791], [-3.00365, 48.77387], [-2.95296, 48.77227], [-2.93311, 48.76739], [-2.93311, 48.74633], [-2.94669, 48.73949], [-2.94669, 48.73322], [-2.91366, 48.71626], [-2.89208, 48.69477], [-2.82699, 48.65753], [-2.8115, 48.61479], [-2.81298, 48.59858], [-2.77107, 48.57917], [-2.71404, 48.56073], [-2.72104, 48.54463], [-2.73449, 48.534], [-2.71314, 48.53009], [-2.68236, 48.50902], [-2.67613, 48.54022], [-2.63634, 48.5388], [-2.62003, 48.54361], [-2.56911, 48.58885], [-2.47362, 48.62596], [-2.45954, 48.63646], [-2.45954, 48.64326], [-2.48742, 48.65009], [-2.44286, 48.65907], [-2.42106, 48.65696], [-2.41226, 48.64326], [-2.38622, 48.65009], [-2.32999, 48.68036], [-2.31608, 48.69852], [-2.30533, 48.67963], [-2.28199, 48.67803], [-2.28199, 48.67061], [-2.33031, 48.62962], [-2.31265, 48.62018], [-2.27358, 48.64263], [-2.25097, 48.65008], [-2.23729, 48.61591], [-2.22595, 48.61236], [-2.21924, 48.60366], [-2.21369, 48.58185], [-2.19555, 48.59345], [-2.1926, 48.61583], [-2.18297, 48.58877], [-2.17406, 48.58295], [-2.15909, 48.58869], [-2.15909, 48.59544], [-2.17211, 48.60171], [-2.16081, 48.61314], [-2.14929, 48.61888], [-2.13703, 48.61799], [-2.12434, 48.60912], [-2.14483, 48.63645], [-2.1002, 48.6469], [-2.05237, 48.65008], [-2.02872, 48.6197], [-2.02204, 48.59894], [-2.00089, 48.58869], [-2.00829, 48.57502], [-1.98249, 48.54898], [-1.97639, 48.53563], [-1.98029, 48.51358], [-1.93936, 48.534], [-1.96727, 48.54706], [-1.9619, 48.55492], [-1.97663, 48.5727], [-1.98029, 48.58869], [-1.9735, 48.58869], [-1.95295, 48.57502], [-1.96939, 48.59276], [-1.99112, 48.59544], [-2.00048, 48.6013], [-2.02872, 48.64326], [-2.01812, 48.66034], [-1.9877, 48.67377], [-1.9859, 48.68789], [-1.93936, 48.69111], [-1.94561, 48.69855], [-1.84377, 48.71213], [-1.84691, 48.70344], [-1.83635, 48.69111], [-1.86119, 48.66421], [-1.86095, 48.64085], [-1.83821, 48.62377], [-1.79601, 48.61591], [-1.72281, 48.6153], [-1.64395, 48.62344], [-1.5797, 48.64325], [-1.50056, 48.63646], [-1.39314, 48.65241], [-1.35656, 48.64326], [-1.3723, 48.66059], [-1.3946, 48.66828], [-1.43285, 48.6706], [-1.44326, 48.66284], [-1.4558, 48.68342], [-1.50266, 48.69551], [-1.51647, 48.72516], [-1.5536, 48.74714], [-1.56206, 48.77082], [-1.56676, 48.82217], [-1.57885, 48.83784], [-1.60292, 48.84195], [-1.60292, 48.84934], [-1.57852, 48.86262], [-1.56369, 48.9221], [-1.55703, 48.93231], [-1.54841, 48.92381], [-1.5428, 48.93525], [-1.54703, 48.94969], [-1.55898, 48.95182], [-1.56304, 48.95759], [-1.54577, 49.03034], [-1.53234, 49.03514], [-1.50797, 49.02753], [-1.50797, 49.03368], [-1.52725, 49.03978], [-1.54971, 49.03978], [-1.56843, 49.03266], [-1.57946, 49.01319], [-1.59356, 49.029], [-1.59595, 49.06101], [-1.58935, 49.0821], [-1.60341, 49.08398], [-1.60772, 49.10273], [-1.59592, 49.12848], [-1.56949, 49.14354], [-1.58178, 49.14985], [-1.58946, 49.14375], [-1.60441, 49.17802], [-1.61042, 49.21589], [-1.60265, 49.22541], [-1.58446, 49.22626], [-1.54841, 49.21931], [-1.54841, 49.22549], [-1.59529, 49.23786], [-1.61685, 49.23823], [-1.62466, 49.21932], [-1.64052, 49.23152], [-1.65709, 49.26838], [-1.67184, 49.2801], [-1.65819, 49.28754], [-1.69919, 49.31377], [-1.70664, 49.32917], [-1.68619, 49.32917], [-1.69913, 49.35586], [-1.70665, 49.35586], [-1.71475, 49.33854], [-1.77549, 49.37011], [-1.76797, 49.38373], [-1.80679, 49.37687], [-1.81646, 49.38374], [-1.81941, 49.45205], [-1.83819, 49.47582], [-1.84374, 49.4936], [-1.88466, 49.53091], [-1.87839, 49.54486], [-1.85017, 49.56171], [-1.84374, 49.57185], [-1.83951, 49.61978], [-1.8695, 49.66169], [-1.94561, 49.67797], [-1.9352, 49.7241], [-1.90836, 49.72638], [-1.8673, 49.71271], [-1.83943, 49.71539], [-1.82463, 49.70844], [-1.81648, 49.69164], [-1.70776, 49.68015], [-1.63305, 49.66352], [-1.61719, 49.66428], [-1.61392, 49.65225], [-1.60668, 49.65005], [-1.57286, 49.66428], [-1.5404, 49.65778], [-1.51146, 49.66254], [-1.45596, 49.7021], [-1.40949, 49.71156], [-1.39095, 49.71268], [-1.26307, 49.69549], [-1.22779, 49.6241], [-1.25333, 49.61225], [-1.26404, 49.58927], [-1.2862, 49.58894], [-1.30142, 49.58177], [-1.30626, 49.55809], [-1.26159, 49.49315], [-1.1853, 49.43036], [-1.17582, 49.41543], [-1.17228, 49.39313], [-1.18517, 49.3664], [-1.182, 49.35619], [-1.15173, 49.36269], [-1.12287, 49.34544], [-1.10342, 49.34903], [-1.11374, 49.36579], [-1.10634, 49.37946], [-1.08958, 49.39154], [-1.07225, 49.39679], [-0.94042, 49.39227], [-0.82213, 49.3627], [-0.65119, 49.35588], [-0.58336, 49.34589], [-0.54694, 49.35894], [-0.47948, 49.34276], [-0.41113, 49.34275], [-0.36343, 49.32502], [-0.31311, 49.31732], [-0.21947, 49.2801], [-0.19407, 49.29522], [-0.03384, 49.32005], [0.01287, 49.33462], [0.0403, 49.3504], [0.06308, 49.35448], [0.09597, 49.38373], [0.16237, 49.41518], [0.41131, 49.45205], [0.45729, 49.46743], [0.49317, 49.4936], [0.42213, 49.46442], [0.33961, 49.45673], [0.25685, 49.46407], [0.18531, 49.47997], [0.12474, 49.48571], [0.10443, 49.49361], [0.09278, 49.50926], [0.07864, 49.51554], [0.0797, 49.54218], [0.13087, 49.6035], [0.17093, 49.69163], [0.18589, 49.70318], [0.23586, 49.72931], [0.24675, 49.72944], [0.25712, 49.73599], [0.38746, 49.77505], [0.39794, 49.78449], [0.59696, 49.85731], [0.67482, 49.87579], [0.76092, 49.87507], [1.17262, 49.961], [1.19696, 49.97357], [1.2212, 49.97899], [1.261, 50.00751], [1.39129, 50.07518], [1.45582, 50.1236], [1.48684, 50.18504], [1.52102, 50.21466], [1.55535, 50.21771], [1.65431, 50.18659], [1.67254, 50.19253], [1.67254, 50.19937], [1.65528, 50.20051], [1.64456, 50.21239], [1.66505, 50.21239], [1.66505, 50.21979], [1.62526, 50.22444], [1.61005, 50.23225], [1.59392, 50.25629], [1.55113, 50.26969], [1.54153, 50.2779], [1.55169, 50.34928], [1.57204, 50.37567], [1.61036, 50.37067], [1.61036, 50.3769], [1.5552, 50.40478], [1.5735, 50.44538], [1.57929, 50.53314], [1.61036, 50.54816], [1.58336, 50.5747], [1.57797, 50.58841], [1.56269, 50.69896], [1.60564, 50.79002], [1.5806, 50.8688], [1.60512, 50.88113], [1.65333, 50.88911], [1.72984, 50.9439], [1.92106, 50.99668], [1.9393, 50.99445], [1.97349, 51.00714], [2.13404, 51.01996], [2.31649, 51.05907], [2.38445, 51.05532], [2.46608, 51.06879], [2.54201, 51.09686], [2.57993, 51.1048], [2.71602, 51.16963], [2.92359, 51.24649], [3.12485, 51.32965], [3.51092, 51.40794], [3.52573, 51.41559], [3.54135, 51.41672], [3.60467, 51.39106], [3.70215, 51.37359], [3.73422, 51.35578], [3.75554, 51.35008], [3.79591, 51.35007], [3.834, 51.34325], [3.85817, 51.34544], [3.95582, 51.37177], [3.96925, 51.38166], [3.97464, 51.40159], [3.98415, 51.41046], [4.02936, 51.40408], [4.04345, 51.3985], [4.07016, 51.37055], [4.10547, 51.36611], [4.12192, 51.35936], [4.15651, 51.35757], [4.18003, 51.37742], [4.19955, 51.37603], [4.24106, 51.35659], [4.25611, 51.32844], [4.30299, 51.29609], [4.30812, 51.28364], [4.29672, 51.26756], [4.31642, 51.27684], [4.33082, 51.29609], [4.28932, 51.30915], [4.28305, 51.35008], [4.25696, 51.37269], [4.24899, 51.38442], [4.24488, 51.4145], [4.23471, 51.41901], [4.22298, 51.4095], [4.20102, 51.40535], [4.1111, 51.40698], [4.07017, 51.41902], [4.01515, 51.44892], [3.95704, 51.4558], [3.94313, 51.45038], [3.9021, 51.40494], [3.82716, 51.39107], [3.78907, 51.41218], [3.72878, 51.43082], [3.68971, 51.45429], [3.674, 51.45539], [3.63258, 51.44572], [3.61004, 51.44506], [3.53542, 51.45922], [3.4948, 51.50092], [3.46174, 51.51917], [3.45104, 51.52974], [3.44705, 51.54596], [3.45754, 51.55507], [3.5604, 51.59462], [3.82857, 51.61272], [3.85074, 51.61081], [3.88216, 51.59609], [3.90575, 51.56925], [3.87159, 51.55557], [3.87159, 51.54938], [3.96729, 51.54311], [4.01587, 51.53082], [4.05713, 51.50836], [4.09002, 51.45824], [4.10483, 51.4457], [4.12875, 51.44135], [4.18083, 51.44586], [4.20045, 51.43952], [4.28321, 51.4477], [4.29672, 51.47053], [4.28858, 51.49213], [4.26775, 51.50829], [4.23976, 51.5185], [4.19468, 51.5236], [4.15333, 51.53506], [4.09132, 51.53507], [4.06695, 51.54418], [3.98816, 51.59027], [4.06811, 51.61065], [4.15724, 51.6079], [4.18336, 51.60293], [4.20729, 51.59028], [4.20265, 51.60912], [4.18995, 51.61668], [4.136, 51.62043], [4.11802, 51.63069], [4.11295, 51.63947], [4.11264, 51.6708], [4.14256, 51.68406], [4.17693, 51.68586], [4.14112, 51.70392], [4.07155, 51.7172], [4.05716, 51.7303], [4.05079, 51.7635], [4.03395, 51.78425], [3.98146, 51.81], [3.96218, 51.80114], [3.87194, 51.78827], [3.86233, 51.81606], [3.89138, 51.82826], [3.95411, 51.84016], [3.96267, 51.84735], [4.01531, 51.84362], [4.04762, 51.83369], [4.07765, 51.84357], [4.03199, 51.88224], [4.03201, 51.89606], [4.04347, 51.90868], [4.01004, 51.98013], [4.01543, 51.98742], [4.02248, 51.99436], [4.06902, 51.98794], [4.10768, 51.99189], [4.14186, 52.0056], [4.28468, 52.11294], [4.40691, 52.22346], [4.50815, 52.33637], [4.56861, 52.44526], [4.57734, 52.48094], [4.59693, 52.50658], [4.6394, 52.70085], [4.66946, 52.79657], [4.71168, 52.8631], [4.73391, 52.95889], [4.74546, 52.96759], [4.80698, 52.96182], [4.8169, 52.96758], [4.82437, 52.96015], [4.80942, 52.92959], [4.83277, 52.91132], [4.87379, 52.90396], [4.9131, 52.90558], [4.97829, 52.93569], [5.03891, 52.94351], [5.07814, 52.95401], [5.15375, 52.995], [5.25613, 52.93883], [5.324, 52.88029], [5.40971, 52.75325], [5.43648, 52.6685], [5.37159, 52.64178], [5.21457, 52.59598], [5.20175, 52.54564], [5.21703, 52.54058], [5.3089, 52.55378], [5.3982, 52.48753], [5.44064, 52.48075], [5.58369, 52.43399], [5.60604, 52.40766], [5.62443, 52.34647], [5.71596, 52.28344], [5.74479, 52.18427], [5.74592, 52.10445], [5.83744, 52.06111], [6.09299, 51.88531], [6.1427, 51.85518], [6.15614, 51.84206], [6.084, 51.85366], [6.04328, 51.84686], [6.00824, 51.83257], [5.94809, 51.82296], [5.93145, 51.81565], [5.92804, 51.80674], [5.95078, 51.79591], [5.96411, 51.77656], [5.96235, 51.75635], [5.94013, 51.74263], [5.93931, 51.73188], [5.97827, 51.72979], [6.02199, 51.70951], [6.00855, 51.68119], [6.01743, 51.67416], [5.73352, 51.52983], [5.70508, 51.5066], [5.68317, 51.47931], [5.49324, 51.28654], [5.5167, 51.27723], [5.5352, 51.26204], [5.54233, 51.24266], [5.54553, 51.21992], [5.56837, 51.20765], [5.62501, 51.1969], [5.65901, 51.17907], [5.73084, 51.18375], [5.74717, 51.1776], [5.76805, 51.15946], [5.78138, 51.15241], [5.81208, 51.15732], [5.82913, 51.15646], [5.8405, 51.13892], [5.82644, 51.13016], [5.82324, 51.11874], [5.84598, 51.10339], [5.82665, 51.09691], [5.80495, 51.09662], [5.81177, 51.08231], [5.79885, 51.06148], [5.79131, 51.055], [5.77963, 51.0613], [5.77146, 51.05812], [5.76402, 51.03518], [5.77756, 51.02355], [5.76175, 50.99916], [5.72237, 50.95942], [5.74469, 50.96325], [5.76402, 50.95942], [5.72237, 50.91167], [5.69446, 50.90366], [5.62232, 50.85266], [5.62449, 50.83028], [5.64072, 50.81504], [5.66325, 50.80507], [5.70046, 50.79556], [5.6987, 50.78377], [5.68837, 50.76083], [5.70656, 50.75422], [5.72785, 50.75416], [5.74356, 50.7691], [5.75244, 50.77344], [5.76247, 50.77101], [5.79316, 50.75215], [5.80085, 50.52471], [5.80834, 50.47953], [6.17082, 50.51795], [6.19056, 50.51521], [6.1826, 50.50658], [6.2072, 50.48632], [6.25557, 50.49459], [6.27541, 50.48803], [6.3369, 50.481], [6.32574, 50.47403], [6.32326, 50.46602], [6.33163, 50.4469], [6.34021, 50.43785], [6.35117, 50.43356], [6.35044, 50.41687], [6.33639, 50.37992], [6.33773, 50.36809], [6.37246, 50.32944], [6.37452, 50.31548], [6.36202, 50.30696], [6.58702, 50.11763], [6.6114, 50.08905], [6.65613, 50.00073], [6.4972, 49.79944], [6.50258, 49.79567], [6.5001, 49.79448], [6.49379, 49.76363], [6.49596, 49.74823], [6.48625, 49.7427], [6.48553, 49.73376], [6.4878, 49.7256], [6.49969, 49.71221], [6.48635, 49.71294], [6.48294, 49.70808], [6.49173, 49.70079], [6.41824, 49.66989], [6.40274, 49.65578], [6.417, 49.64576], [6.41793, 49.63914], [6.39757, 49.61387], [6.35644, 49.57759], [6.35075, 49.56659], [6.34895, 49.52599], [6.40122, 49.46563], [6.49452, 49.43554], [6.51167, 49.42474], [6.52056, 49.40815], [6.51881, 49.40215], [6.52573, 49.39549], [6.57431, 49.36179], [6.57772, 49.3558], [6.57338, 49.34774], [6.5556, 49.34717], [6.55012, 49.33802], [6.55643, 49.3264], [6.63968, 49.27115], [6.6403, 49.25276], [6.66376, 49.24387], [6.6806, 49.20749], [6.70252, 49.21364], [6.70882, 49.19777], [6.70096, 49.17287], [6.71378, 49.15886], [6.72556, 49.15555], [6.77011, 49.15529], [6.80907, 49.14584], [6.72507, 48.92277], [6.77175, 48.86029], [6.78899, 48.85695], [6.90191, 48.8957], [6.73552, 48.78455], [6.5465, 48.64389], [6.33148, 48.5731], [6.35007, 48.42117], [6.00106, 48.21717], [5.96839, 48.06628], [6.07001, 48.00874], [6.04635, 47.92413], [5.90386, 47.87539], [5.90332, 47.78104], [5.91855, 47.77818], [6.25235, 47.86353], [6.25542, 47.87391], [6.1706, 47.97147], [6.43578, 48.09659], [6.80531, 48.03048], [6.8441, 47.77637], [6.94644, 47.72164], [7.00978, 47.49925], [7.02797, 47.49294], [7.05392, 47.49038], [7.10373, 47.49627], [7.15365, 47.4864], [7.18083, 47.48826], [7.16264, 47.4599], [7.16833, 47.44357], [7.19003, 47.43473], [7.21938, 47.42848], [7.23034, 47.41902], [7.23809, 47.4168], [7.28264, 47.42889], [7.30909, 47.43266], [7.37855, 47.43065], [7.40635, 47.43824], [7.42609, 47.45576], [7.42929, 47.46511], [7.42764, 47.47075], [7.41441, 47.48403], [7.41431, 47.49018], [7.42599, 47.4925], [7.46743, 47.48191], [7.48583, 47.49578], [7.4756, 47.51173], [7.47694, 47.51488], [7.50112, 47.51731], [7.50544, 47.52388], [7.60975, 47.56475], [7.66142, 47.54625], [7.68344, 47.54426], [7.76674, 47.55596], [7.78555, 47.5632], [7.81966, 47.59534], [7.83371, 47.59048], [7.89821, 47.58785], [7.9043, 47.58356], [7.91216, 47.56056], [8.04228, 47.56056], [8.08724, 47.56738], [8.09695, 47.57185], [8.1139, 47.58785], [8.14377, 47.60007], [8.16206, 47.60376], [8.17902, 47.6158], [8.23297, 47.62195], [8.25105, 47.622], [8.28857, 47.6158], [8.30635, 47.59219], [8.35409, 47.58102], [8.41807, 47.58077], [8.44887, 47.58428], [8.46179, 47.60614], [8.49238, 47.61983], [8.52235, 47.6219], [8.53775, 47.61213], [8.5607, 47.5894], [8.57413, 47.59244], [8.58064, 47.60017], [8.58178, 47.60766], [8.58209, 47.62503], [8.57806, 47.63348], [8.58033, 47.639], [8.59356, 47.64257], [8.59511, 47.63482], [8.60162, 47.6326], [8.60731, 47.65629], [8.56824, 47.66293], [8.51967, 47.65735], [8.47605, 47.6404], [8.45827, 47.63988], [8.41197, 47.66104], [8.3913, 47.66546], [8.39771, 47.67629], [8.39099, 47.69213], [8.39213, 47.69952], [8.40195, 47.70709], [8.43791, 47.72319], [8.44546, 47.74318], [8.46365, 47.76391], [8.4715, 47.76706], [8.53651, 47.77409], [8.5516, 47.77926], [8.5423, 47.79502], [8.55822, 47.80117], [8.58312, 47.80024], [8.60162, 47.7946], [8.60762, 47.76225], [8.61744, 47.75732], [8.62984, 47.7628], [8.63501, 47.7846], [8.6441, 47.79101], [8.65702, 47.78812], [8.68193, 47.75874], [8.71314, 47.75742], [8.71976, 47.74732], [8.70043, 47.7235], [8.71262, 47.70869], [8.71707, 47.69456], [8.76988, 47.69507], [8.76172, 47.70125], [8.77071, 47.72086], [8.79758, 47.72003], [8.83024, 47.70719], [8.85608, 47.69068], [8.83768, 47.68779], [8.83779, 47.68084], [8.85267, 47.67079], [8.88171, 47.65614], [8.90621, 47.6518], [8.94538, 47.6543], [8.98176, 47.66216], [8.99767, 47.67383], [9.01659, 47.6789], [9.1281, 47.67042], [9.1834, 47.67042], [9.19694, 47.65614], [9.23435, 47.65616], [9.27321, 47.65009], [9.40661, 47.59403], [9.24591, 47.39483], [9.26048, 47.36288], [9.27343, 47.35655], [9.42775, 47.39099], [9.43604, 47.39646], [9.43409, 47.40501], [9.34866, 47.48027], [9.55895, 47.71312], [9.61971, 47.96743], [9.82738, 47.95659], [9.87255, 47.82728], [10.02228, 47.75702], [10.38118, 47.81764], [10.51704, 47.65739], [10.52829, 47.65576], [10.64783, 47.67512], [10.65642, 47.68153], [10.65394, 47.68918], [10.57307, 47.74582], [10.65505, 47.82653], [10.65606, 47.83554], [10.4916, 47.89088], [10.54277, 48.01375], [10.71206, 48.03612], [10.75647, 47.97094], [10.95682, 47.94561], [10.96787, 47.94756], [10.97161, 47.95796], [10.89987, 48.07172], [10.94766, 48.24077], [11.19347, 48.20992], [11.30964, 48.14021], [11.48778, 48.11764], [11.50911, 48.09846], [11.5346, 48.06024], [11.55789, 48.0035], [11.56153, 47.95482], [11.55193, 47.92205], [11.50545, 47.86504], [11.42188, 47.78786], [11.35364, 47.73562], [11.41262, 47.50609], [11.43535, 47.50971], [11.48258, 47.50258], [11.52951, 47.50785], [11.55121, 47.51369], [11.5694, 47.52738], [11.58914, 47.57038], [11.62046, 47.58965], [11.68257, 47.58335], [11.76402, 47.58312], [11.82034, 47.57529], [11.83068, 47.57761], [12.00681, 47.37239], [12.03892, 47.3533], [12.07838, 47.3402], [12.13863, 47.3273], [12.20117, 47.32051], [12.26993, 47.32753], [12.34396, 47.34532], [12.41803, 47.36984], [12.50174, 47.40343], [12.51715, 47.62854], [12.55384, 47.63601], [12.59838, 47.66288], [12.6174, 47.66934], [12.65306, 47.67513], [12.68871, 47.67513], [12.74483, 47.66536], [12.76199, 47.66686], [12.75165, 47.64939], [12.76736, 47.63637], [12.79331, 47.62479], [12.81315, 47.61182], [12.78586, 47.60268], [12.77367, 47.5795], [12.77894, 47.55482], [12.80364, 47.54134], [12.82845, 47.53726], [12.8826, 47.49857], [12.93159, 47.47351], [12.94255, 47.47049], [12.96973, 47.47573], [12.99112, 47.46568], [13.00187, 47.46602], [13.0088, 47.4701], [13.03732, 47.49305], [13.03701, 47.50137], [13.02895, 47.51803], [13.02812, 47.54165], [13.04125, 47.5619], [13.03908, 47.56134], [13.03825, 47.58402], [13.04094, 47.58335], [13.05706, 47.59766], [13.07205, 47.62242], [13.07484, 47.64665], [13.07205, 47.65947], [13.06409, 47.67399], [13.04456, 47.69657], [13.01986, 47.71293], [13.00435, 47.71461], [12.96405, 47.70536], [12.90834, 47.71236], [12.89201, 47.72355], [12.91723, 47.75016], [12.92126, 47.76954], [12.92673, 47.77739], [12.99123, 47.84711], [13.34162, 47.82864], [13.70178, 47.76332], [13.85929, 47.74251], [14.11173, 47.72371], [14.40189, 47.67603], [14.38394, 47.60222], [14.09439, 47.51735], [14.10451, 47.4349], [14.11318, 47.42833], [14.34665, 47.37429], [14.19127, 47.28807], [14.18935, 47.22605], [14.19923, 47.22064], [14.32937, 47.21384], [14.26561, 47.13556], [14.2672, 47.12655], [14.60412, 46.95675], [14.53556, 46.89325], [14.52806, 46.93228], [14.49851, 46.96869], [14.41725, 47.01009], [14.34098, 47.03654], [14.28538, 47.04361], [14.21077, 47.01179], [14.18082, 47.00625], [14.12692, 47.0151], [13.9776, 47.05483], [13.938, 47.05946], [13.90063, 47.05847], [13.84744, 47.05138], [13.82693, 47.04059], [13.83095, 47.02784], [13.87162, 46.98076], [13.85075, 46.97026], [13.66677, 46.9621], [13.37259, 46.89025], [13.27889, 46.87453], [13.2743, 46.88431], [13.301, 46.92738], [13.29581, 46.93523], [13.28461, 46.93675], [13.17362, 46.9096], [13.039, 46.86172], [12.9723, 46.82927], [12.93662, 46.60443], [13.0645, 46.59804], [13.14646, 46.58496], [13.21002, 46.55801], [13.24457, 46.55171], [13.22242, 46.39278], [13.19931, 46.36379], [13.15242, 46.32378], [13.10443, 46.29737], [13.08935, 46.29636], [13.07198, 46.30151], [13.01367, 46.33291], [12.97895, 46.34577], [12.96252, 46.34463], [12.94845, 46.33578], [12.93133, 46.2908], [12.92077, 46.11584], [12.93485, 46.10777], [13.0474, 46.128], [13.09613, 46.13136], [13.40164, 46.21666], [13.41012, 46.20798], [13.4374, 46.21093], [13.42283, 46.2286], [13.4683, 46.22343], [13.48226, 46.2179], [13.51016, 46.21398], [13.55905, 46.18411], [13.58447, 46.18132], [13.61393, 46.18354], [13.63739, 46.18039], [13.64504, 46.16173], [13.61641, 46.12504], [13.5051, 46.06603], [13.48226, 46.04484], [13.49032, 46.03895], [13.4928, 46.03249], [13.49001, 46.02556], [13.46179, 46.00639], [13.50944, 45.96743], [13.53941, 45.96903], [13.57166, 45.97983], [13.60587, 45.98541], [13.62282, 45.96639], [13.60824, 45.92655], [13.56928, 45.86454], [13.56597, 45.83033], [13.58127, 45.80925], [13.60917, 45.7986], [13.66033, 45.79204], [13.70948, 45.76532], [13.77872, 45.74341], [13.85841, 45.64936], [13.86916, 45.64114], [13.89314, 45.63468], [14.20749, 45.49487], [14.2187, 45.49717], [14.24061, 45.49335], [14.2804, 45.4811], [14.3268, 45.4749], [14.3728, 45.47784], [14.41124, 45.49319], [14.46891, 45.52559], [14.48214, 45.54244], [14.49227, 45.58342], [14.49858, 45.59618], [14.5331, 45.62569], [14.54364, 45.63644], [14.55615, 45.6567], [14.5639, 45.66269], [14.58095, 45.66781], [14.5919, 45.66336], [14.59387, 45.61618], [14.60307, 45.60357], [14.61599, 45.59407], [14.66404, 45.57004], [14.66983, 45.56456], [14.67169, 45.55681], [14.66849, 45.53397], [14.68833, 45.52203], [14.78125, 45.49335], [14.79716, 45.46518], [14.80691, 45.46373], [14.7511, 45.23705], [14.80926, 45.12088], [14.76597, 45.13736], [14.6579, 45.19661], [14.6067, 45.24437], [14.57604, 45.26226], [14.56863, 45.27595], [14.5822, 45.28535], [14.53435, 45.31269], [14.55543, 45.29588], [14.5433, 45.28385], [14.53306, 45.28389], [14.51051, 45.29975], [14.40235, 45.33861], [14.32976, 45.35399], [14.31153, 45.34398], [14.27198, 45.29011], [14.25847, 45.25576], [14.24772, 45.18647], [14.23258, 45.14936], [14.20923, 45.12638], [14.17937, 45.13451], [14.19532, 45.12059], [14.19311, 45.10562], [14.16439, 45.07991], [14.15821, 45.08735], [14.15406, 45.07197], [14.1582, 45.05322], [14.14389, 45.05939], [14.14389, 45.05321], [14.15942, 45.04035], [14.16617, 45.01895], [14.16373, 44.99576], [14.15151, 44.97768], [14.1399, 44.97135], [14.11329, 44.97748], [14.10133, 44.97427], [14.07568, 44.94954], [14.06887, 44.94954], [14.07162, 44.96906], [14.08383, 44.9864], [14.07569, 45.00483], [14.05454, 45.01846], [14.05193, 45.03803], [14.04029, 45.03897], [14.04428, 45.00141], [14.07154, 44.99335], [14.07569, 44.98371], [14.04444, 44.95141], [14.03468, 44.95637], [14.03905, 44.93183], [14.03467, 44.92232], [14.02247, 44.92349], [14.02783, 44.90864], [14.0215, 44.90738], [14.02051, 44.90113], [14.01059, 44.90526], [13.97267, 44.90111], [13.99288, 44.8815], [13.98618, 44.88129], [13.98618, 44.87507], [13.993, 44.87507], [13.99301, 44.86784], [13.97267, 44.84715], [13.97267, 44.82665], [13.98942, 44.82509], [13.99999, 44.81307], [13.96356, 44.81187], [13.93165, 44.8205], [13.92481, 44.81307], [13.91871, 44.82905], [13.89959, 44.82905], [13.89015, 44.83348], [13.88315, 44.82665], [13.90431, 44.81729], [13.90935, 44.80899], [13.90447, 44.79877], [13.91796, 44.77827], [13.90318, 44.77242], [13.89698, 44.81306], [13.84915, 44.82665], [13.85597, 44.84028], [13.84232, 44.84028], [13.84913, 44.84715], [13.8423, 44.85464], [13.81569, 44.8566], [13.78714, 44.87507], [13.79462, 44.88128], [13.80486, 44.87059], [13.81959, 44.86766], [13.83375, 44.87336], [13.8423, 44.88813], [13.81528, 44.88353], [13.80486, 44.8854], [13.79462, 44.89497], [13.80812, 44.91543], [13.79674, 44.92488], [13.7741, 44.96381], [13.73306, 44.99471], [13.66082, 45.06122], [13.64381, 45.0705], [13.62324, 45.07307], [13.63689, 45.09357], [13.61258, 45.11786], [13.63852, 45.13003], [13.72625, 45.13451], [13.6836, 45.14338], [13.60061, 45.13728], [13.59597, 45.14541], [13.59938, 45.17129], [13.58914, 45.17549], [13.59441, 45.18732], [13.58229, 45.19682], [13.5823, 45.20282], [13.59449, 45.21263], [13.58914, 45.2307], [13.59522, 45.2508], [13.57547, 45.26488], [13.58425, 45.27606], [13.60271, 45.27912], [13.60271, 45.28535], [13.58466, 45.29321], [13.57547, 45.30646], [13.60955, 45.32014], [13.56179, 45.32637], [13.55049, 45.33447], [13.54055, 45.35675], [13.55494, 45.36107], [13.55494, 45.36734], [13.54316, 45.37617], [13.51337, 45.43622], [13.52076, 45.44302], [13.51565, 45.44814], [13.52076, 45.45726], [13.50453, 45.48406], [13.50149, 45.4986], [13.5071, 45.5119], [13.56861, 45.49079], [13.58953, 45.48884], [13.59596, 45.51813], [13.57863, 45.52339], [13.56864, 45.53924], [13.58961, 45.53579], [13.75294, 45.55288], [13.74236, 45.56977], [13.71194, 45.5934], [13.73016, 45.61309], [13.78688, 45.61115], [13.80812, 45.61432], [13.79558, 45.61701], [13.77711, 45.63544], [13.7393, 45.64911], [13.75766, 45.65498], [13.75367, 45.67231], [13.73911, 45.6916], [13.62892, 45.77261], [13.57423, 45.78962], [13.55128, 45.79243], [13.53443, 45.78205], [13.52418, 45.76008], [13.52833, 45.74055], [13.5549, 45.7372], [13.5184, 45.72484], [13.50781, 45.71443], [13.46925, 45.70686], [13.42798, 45.68115], [13.4017, 45.67545], [13.37676, 45.68317], [13.40919, 45.69131], [13.43141, 45.70686], [13.42262, 45.72407], [13.38169, 45.73006], [13.36939, 45.74461], [13.35182, 45.74031], [13.2549, 45.75606], [13.2155, 45.7788], [13.16944, 45.76874], [13.14967, 45.75154], [13.13982, 45.75487], [13.13136, 45.76887], [13.11931, 45.77196], [13.11085, 45.76765], [13.10816, 45.7582], [13.11183, 45.74885], [13.12288, 45.74462], [13.12288, 45.73722], [13.1006, 45.73623], [13.08058, 45.72761], [13.06959, 45.71369], [13.07504, 45.69684], [13.09148, 45.6892], [13.11166, 45.69135], [13.14964, 45.70374], [13.13802, 45.6894], [13.10304, 45.66901], [13.08496, 45.64192], [13.06055, 45.63667], [12.9817, 45.63483], [12.94386, 45.62857], [12.78039, 45.5534], [12.61194, 45.49626], [12.51271, 45.47044], [12.4878, 45.45674], [12.45143, 45.45043], [12.41033, 45.43622], [12.4358, 45.47492], [12.43094, 45.48403], [12.44728, 45.48432], [12.45144, 45.49824], [12.45818, 45.49824], [12.46697, 45.48558], [12.47193, 45.48591], [12.47869, 45.49079], [12.46503, 45.50445], [12.49732, 45.50673], [12.5066, 45.49824], [12.49293, 45.49824], [12.49293, 45.49079], [12.51515, 45.49274], [12.52151, 45.51898], [12.53048, 45.52558], [12.56251, 45.53164], [12.58172, 45.55288], [12.53728, 45.53583], [12.51065, 45.5589], [12.5066, 45.57331], [12.45851, 45.54833], [12.44191, 45.53034], [12.45143, 45.51191], [12.43491, 45.51236], [12.41774, 45.52359], [12.40358, 45.51813], [12.39674, 45.53925], [12.38412, 45.52302], [12.39039, 45.51398], [12.424, 45.50446], [12.42399, 45.49824], [12.3934, 45.49165], [12.38056, 45.49479], [12.38307, 45.50446], [12.35043, 45.50487], [12.30958, 45.48892], [12.27272, 45.46361], [12.2527, 45.43622], [12.2527, 45.43], [12.25894, 45.43], [12.2461, 45.41132], [12.24855, 45.40253], [12.25894, 45.39521], [12.2492, 45.38548], [12.24528, 45.36108], [12.22381, 45.35395], [12.23217, 45.34056], [12.21631, 45.31623], [12.20873, 45.30907], [12.18755, 45.30647], [12.16293, 45.31623], [12.15447, 45.31346], [12.1491, 45.29218], [12.15983, 45.2831], [12.16879, 45.26215], [12.18068, 45.25804], [12.19166, 45.26288], [12.19939, 45.2746], [12.19746, 45.29962], [12.21728, 45.29384], [12.22485, 45.25117], [12.21111, 45.24299], [12.22485, 45.23069], [12.22136, 45.21625], [12.23048, 45.20425], [12.24732, 45.19693], [12.26637, 45.1966], [12.25898, 45.20282], [12.30727, 45.23068], [12.29802, 45.2154], [12.32104, 45.17235], [12.32845, 45.10102], [12.3073, 45.10786], [12.3073, 45.12836], [12.29737, 45.10635], [12.29672, 45.08857], [12.30665, 45.07856], [12.32846, 45.0799], [12.32106, 45.09357], [12.341, 45.08124], [12.37623, 45.03897], [12.37623, 45.03217], [12.35515, 45.02464], [12.36883, 45.01097], [12.38356, 45.02644], [12.38657, 45.03876], [12.36885, 45.06559], [12.41341, 45.04287], [12.41033, 45.03217], [12.44458, 45.01096], [12.48618, 44.97651], [12.4992, 44.98371], [12.48609, 44.98371], [12.48609, 44.99114], [12.50261, 44.99143], [12.51701, 44.98746], [12.53385, 44.97004], [12.52312, 44.95002], [12.52701, 44.94335], [12.5127, 44.92232], [12.49903, 44.92145], [12.4873, 44.86225], [12.44459, 44.82052], [12.424, 44.85464], [12.43922, 44.87759], [12.44304, 44.89008], [12.43832, 44.90111], [12.42693, 44.90498], [12.40691, 44.8913], [12.3921, 44.86839], [12.39161, 44.85883], [12.41651, 44.85114], [12.40821, 44.83625], [12.39674, 44.83348], [12.39674, 44.82665], [12.424, 44.82049], [12.41592, 44.80315], [12.39795, 44.79378], [12.37567, 44.79223], [12.30299, 44.84292], [12.29233, 44.84325], [12.26637, 44.82665], [12.26637, 44.8205], [12.28002, 44.8205], [12.25359, 44.75129], [12.24659, 44.71161], [12.2527, 44.6684], [12.28577, 44.60292], [12.28004, 44.53189], [12.2837, 44.48762], [12.31821, 44.36115], [12.34211, 44.32949], [12.35027, 44.28815], [12.36883, 44.25068], [12.38998, 44.22272], [12.41717, 44.19546], [12.45801, 44.1664], [12.47877, 44.13935], [12.54737, 44.09345], [12.57422, 44.08559], [12.63136, 44.0301], [12.69158, 43.99063], [12.75611, 43.97187], [12.80396, 43.96685], [12.86215, 43.93537], [12.92887, 43.91583], [12.94728, 43.89761], [13.25327, 43.70319], [13.38981, 43.64459], [13.39967, 43.63565], [13.44662, 43.62371], [13.4734, 43.61201], [13.50441, 43.63275], [13.51611, 43.63173], [13.52101, 43.62271], [13.54321, 43.61322], [13.57887, 43.5729], [13.59791, 43.56952], [13.61556, 43.56048], [13.62451, 43.54719], [13.61695, 43.53132], [13.76026, 43.26374], [13.78027, 43.23652], [13.79078, 43.19208], [13.83487, 43.1271], [13.8487, 43.09145], [13.86541, 43.00731], [13.94467, 42.79828], [14.00123, 42.69843], [14.06323, 42.62482], [14.07537, 42.59882], [14.22055, 42.47016], [14.28419, 42.42829], [14.38737, 42.37294], [14.42905, 42.32172], [14.56023, 42.22565], [14.59588, 42.20856], [14.65349, 42.19107], [14.69369, 42.18536], [14.70923, 42.17548], [14.71704, 42.16006], [14.7295, 42.09911], [14.74073, 42.08462], [14.78041, 42.07513], [14.83546, 42.04414], [14.8711, 42.03181], [14.95156, 42.02112], [14.99365, 42.01064], [15.04518, 41.96898], [15.06316, 41.96429], [15.12338, 41.93427], [15.16538, 41.9278], [15.28175, 41.92803], [15.40056, 41.90778], [15.44606, 41.90693], [15.61134, 41.92803], [15.77443, 41.92121], [16.02711, 41.94407], [16.14046, 41.9199], [16.1609, 41.89265], [16.17919, 41.89329], [16.17604, 41.87739], [16.19217, 41.82163], [16.19287, 41.79092], [16.14575, 41.74886], [16.10719, 41.73762], [16.06315, 41.70149], [16.02751, 41.67993], [15.9253, 41.64004], [15.90008, 41.61465], [15.89137, 41.57685], [15.89633, 41.53644], [15.91179, 41.50288], [15.9336, 41.47944], [15.96111, 41.45946], [16.02166, 41.4278], [16.08513, 41.41266], [16.11411, 41.39289], [16.30127, 41.32793], [16.4603, 41.26264], [16.52067, 41.25014], [16.59392, 41.20698], [16.83031, 41.14638], [16.85141, 41.13296], [16.85816, 41.13296], [16.85816, 41.14035], [16.86442, 41.14036], [16.88527, 41.12397], [17.05739, 41.08175], [17.2028, 41.02112], [17.2762, 40.98031], [17.31006, 40.95477], [17.34791, 40.9121], [17.37769, 40.90228], [17.4134, 40.8812], [17.47609, 40.83015], [17.51221, 40.82029], [17.54835, 40.80195], [17.63453, 40.78497], [17.74837, 40.74761], [17.84392, 40.69416], [17.92188, 40.683], [17.95557, 40.67057], [17.95493, 40.64692], [17.99195, 40.65313], [18.007, 40.65069], [18.0158, 40.62519], [18.04321, 40.60199], [18.03745, 40.55695], [18.11996, 40.50458], [18.21168, 40.46475], [18.23828, 40.45766], [18.2588, 40.43065], [18.30322, 40.39988], [18.34376, 40.35163], [18.37026, 40.33883], [18.39704, 40.31052], [18.39713, 40.24412], [18.42568, 40.1917], [18.44923, 40.12815], [18.45527, 40.09485], [18.45562, 40.03515], [18.43409, 40.02253], [18.41139, 39.97883], [18.39259, 39.91608], [18.3998, 39.8775], [18.36601, 39.83076], [18.33737, 39.80055], [18.28207, 39.8332], [18.26564, 39.83759], [18.21128, 39.83935], [18.16189, 39.86055], [18.13063, 39.88349], [18.07155, 39.91153], [17.99539, 39.99527], [17.99539, 40.00266], [18.01108, 40.00336], [18.02027, 40.0102], [18.02215, 40.02167], [18.0158, 40.0362], [18.00514, 40.04487], [17.96748, 40.05732], [18.00294, 40.07445], [18.011, 40.09602], [17.99724, 40.12043], [17.92605, 40.17626], [17.91962, 40.19074], [17.917, 40.22687], [17.91114, 40.2403], [17.89969, 40.24909], [17.91277, 40.24909], [17.91277, 40.25532], [17.86313, 40.28563], [17.84767, 40.29003], [17.51175, 40.30376], [17.49391, 40.30745], [17.44044, 40.331], [17.39943, 40.33101], [17.36817, 40.35151], [17.21291, 40.4062], [17.20023, 40.42039], [17.22348, 40.42841], [17.24301, 40.44139], [17.24789, 40.45734], [17.22758, 40.47444], [17.24741, 40.48028], [17.29575, 40.47321], [17.31625, 40.48188], [17.32325, 40.49848], [17.30405, 40.49946], [17.26175, 40.48872], [17.26857, 40.49616], [17.24741, 40.50283], [17.18995, 40.48189], [17.18182, 40.4853], [17.16619, 40.50918], [17.15602, 40.5124], [17.04957, 40.51911], [16.97609, 40.49262], [16.91212, 40.44522], [16.78272, 40.30158], [16.7614, 40.2696], [16.73071, 40.20068], [16.71599, 40.19359], [16.67944, 40.14607], [16.62452, 40.10798], [16.60475, 40.08446], [16.59693, 40.04678], [16.59938, 40.03412], [16.63159, 39.96621], [16.60548, 39.94294], [16.58919, 39.91983], [16.54225, 39.8854], [16.49171, 39.80549], [16.48976, 39.77521], [16.50213, 39.74706], [16.52856, 39.7215], [16.51564, 39.6896], [16.54591, 39.66087], [16.59148, 39.63679], [16.62485, 39.62531], [16.74976, 39.62001], [16.78248, 39.61163], [16.81626, 39.59088], [16.8462, 39.55268], [16.906, 39.52972], [16.95297, 39.49921], [16.99537, 39.49273], [17.01148, 39.48614], [17.05714, 39.44164], [17.08855, 39.42259], [17.1242, 39.409], [17.15868, 39.40619], [17.12224, 39.33832], [17.11451, 39.26935], [17.11769, 39.25601], [17.14567, 39.21068], [17.12224, 39.12104], [17.12452, 39.09089], [17.15846, 39.04047], [17.20636, 39.02948], [17.17661, 39.01211], [17.17237, 39.00519], [17.17236, 38.96052], [17.1277, 38.92878], [17.10402, 38.8991], [17.09498, 38.91913], [17.07057, 38.9228], [17.04225, 38.91625], [17.02199, 38.90596], [16.99635, 38.92951], [16.98129, 38.9372], [16.95729, 38.94009], [16.83855, 38.9182], [16.72779, 38.87885], [16.68776, 38.85586], [16.67074, 38.84065], [16.61061, 38.81656], [16.58562, 38.79784], [16.57439, 38.78506], [16.56372, 38.75675], [16.53883, 38.72333], [16.53484, 38.6999], [16.54907, 38.68992], [16.55885, 38.59602], [16.577, 38.52832], [16.56958, 38.42951], [16.54976, 38.40775], [16.4711, 38.41225], [16.35141, 38.42613], [16.23078, 38.45033], [16.11052, 38.49715], [16.0071, 38.56324], [15.95482, 38.6066], [15.89495, 38.67676], [16.00262, 38.7254], [16.04884, 38.72772], [16.12086, 38.72093], [16.1526, 38.7309], [16.17921, 38.74828], [16.20094, 38.77644], [16.2151, 38.81415], [16.22169, 38.85659], [16.21469, 38.91901], [16.2046, 38.93407], [16.18963, 38.94355], [16.16896, 38.94686], [16.15416, 38.95522], [16.15066, 38.96113], [16.12204, 38.91738], [16.07367, 38.85606], [16.00841, 38.79951], [15.81087, 38.64838], [15.7725, 38.61113], [15.7607, 38.59354], [15.75269, 38.57047], [15.74807, 38.54224], [15.74274, 38.4114], [15.73324, 38.35898], [15.71427, 38.33366], [15.65265, 38.28113], [15.63383, 38.25549], [15.62795, 38.22289], [15.6275, 38.18276], [15.6353, 38.11235], [15.64658, 38.09072], [15.68457, 38.04365], [15.69769, 38.02247], [15.75325, 37.89706], [15.77516, 37.82614], [15.77861, 37.79408], [15.77468, 37.76645], [15.76112, 37.74599], [15.73687, 37.72672], [15.5981, 37.65504], [15.56984, 37.63659], [15.55119, 37.61712], [15.54277, 37.59095], [15.5423, 37.55724], [15.55774, 37.4392], [15.55799, 37.4038], [15.55042, 37.37531], [15.53177, 37.35672], [15.50096, 37.34947], [15.4638, 37.35342], [15.42226, 37.36583], [15.21818, 37.45811], [15.00283, 37.51474], [14.92082, 37.54498], [14.8909, 37.56247], [14.86925, 37.58352], [14.84974, 37.61167], [14.7819, 37.75105], [14.74692, 37.80614], [14.70133, 37.85142], [14.64106, 37.90237], [14.5771, 37.94798], [14.54711, 37.96542], [14.52012, 37.97759], [14.48696, 37.98597], [14.40323, 37.99216], [14.26998, 37.99223], [14.23244, 37.99497], [14.20194, 38.0014], [14.17518, 38.01355], [14.14702, 38.03159], [14.03269, 38.12378], [13.98226, 38.15625], [13.95509, 38.16073], [13.88389, 38.15894], [13.85745, 38.16369], [13.80303, 38.19974], [13.68234, 38.29677], [13.62819, 38.33273], [13.54541, 38.36842], [13.44432, 38.4017], [13.3855, 38.41422], [13.36074, 38.41486], [13.19347, 38.39116], [13.16452, 38.39133], [13.14149, 38.39651], [13.1146, 38.41028], [13.05493, 38.45451], [12.99807, 38.5123], [12.95735, 38.57251], [12.94738, 38.59994], [12.94387, 38.6339], [12.94562, 38.67453], [12.95199, 38.71946], [12.97601, 38.813], [13.01066, 38.89585], [13.03018, 38.92744], [13.07946, 38.97699], [13.15126, 39.02785], [13.228, 39.06534], [13.26323, 39.07499], [13.29374, 39.07642], [13.31431, 39.06693], [13.33008, 39.04644], [13.34252, 39.01848], [13.37476, 38.92525], [13.38901, 38.90272], [13.40764, 38.89025], [13.42614, 38.8891], [13.44799, 38.89478], [13.49664, 38.92034], [13.54346, 38.95454], [13.5784, 38.9851], [13.59445, 39.01379], [13.61792, 39.0895], [13.62675, 39.1037], [13.63843, 39.11303], [13.6886, 39.12811], [13.75202, 39.13573], [13.8152, 39.13625], [13.86468, 39.12965], [13.87591, 39.12322], [13.88529, 39.11196], [13.91563, 39.04948], [13.93457, 39.02904], [13.95218, 39.03084], [13.99954, 39.05265], [14.01724, 39.05477], [14.03997, 39.03546], [14.08042, 38.97608], [14.10265, 38.95727], [14.16824, 38.94109], [14.24936, 38.93373], [14.29515, 38.93579], [14.3155, 38.94116], [14.43934, 39.00078], [14.4826, 39.01238], [14.54535, 39.00452], [14.6947, 38.96186], [14.75903, 38.95056], [14.90926, 38.95637], [15.08243, 38.97351], [15.17689, 38.98782], [15.18932, 38.99284], [15.25848, 39.06241], [15.29165, 39.07061], [15.37417, 39.06876], [15.48143, 39.05346], [15.52471, 39.03895], [15.62623, 38.99673], [15.66865, 38.98718], [15.70261, 38.99286], [15.80574, 39.03949], [15.90105, 39.03594], [15.95243, 39.03931], [15.98706, 39.05116], [16.08006, 39.0918], [16.03619, 39.33589], [16.10591, 39.36818], [16.15912, 39.38463], [16.16472, 39.39007], [16.12261, 39.47671], [16.10662, 39.53135], [16.10159, 39.60383], [16.11545, 39.67545], [16.14963, 39.75688], [16.20253, 39.82933], [16.26491, 39.88969], [16.3399, 39.94986], [16.30649, 40.06924], [16.26623, 40.34055], [16.3112, 40.37691], [16.34205, 40.43321], [16.39427, 40.50543], [16.52262, 40.64885], [16.57244, 40.69593], [16.53826, 40.84002], [16.40251, 40.87853], [16.2968, 40.92586], [16.23385, 40.94713], [16.08962, 41.00625], [15.79172, 41.1134], [15.65929, 41.18167], [15.57122, 41.24611], [15.49718, 41.32496], [15.44466, 41.41893], [15.42879, 41.4608], [15.41482, 41.54084], [15.40888, 41.54698], [15.3417, 41.55108], [15.25229, 41.56453], [15.24484, 41.6009], [15.23556, 41.60727], [15.1418, 41.59872], [15.04174, 41.59844], [14.93481, 41.61392], [14.86272, 41.63226], [14.72571, 41.69378], [14.65765, 41.74744], [14.62961, 41.77769], [14.58981, 41.83411], [14.54094, 41.85113], [14.46551, 41.88735], [14.40062, 41.933], [14.34444, 41.98782], [14.30134, 42.04094], [14.27234, 42.09268], [14.22392, 42.23288], [14.20693, 42.25398], [14.12902, 42.25881], [14.0048, 42.28112], [13.92228, 42.3074], [13.85734, 42.33344], [13.74011, 42.33537], [13.65231, 42.42184], [13.54145, 42.57445], [13.47469, 42.70115], [13.41865, 42.84193], [13.34971, 42.84852], [13.25112, 42.88215], [13.23712, 42.87965], [13.20934, 42.86549], [13.19952, 42.86582], [13.15433, 42.91361], [13.03086, 43.06994], [12.97958, 43.12283], [12.94323, 43.14042], [12.84462, 43.1684], [12.80735, 43.18767], [12.77757, 43.23229], [12.72929, 43.34859], [12.70032, 43.39461], [12.68115, 43.41244], [12.56053, 43.49253], [12.47266, 43.53878], [12.45135, 43.54228], [12.4022, 43.54005], [12.38476, 43.54533], [12.32831, 43.613], [12.20838, 43.78411], [12.14689, 43.85415], [12.05763, 43.91312], [11.98033, 43.95128], [11.90848, 43.9806], [11.86062, 43.99462], [11.79888, 43.99727], [11.72259, 43.99029], [11.64739, 43.95244], [11.62212, 43.95572], [11.592, 43.97159], [11.57661, 43.98438], [11.56716, 44.00406], [11.58797, 44.02779], [11.67457, 44.08624], [11.6799, 44.10081], [11.66888, 44.12969], [11.62261, 44.18005], [11.4954, 44.2826], [11.41316, 44.33237], [11.37091, 44.34296], [11.27144, 44.3562], [11.23265, 44.37142], [11.23087, 44.3938], [11.26766, 44.46904], [11.26504, 44.48142], [11.24287, 44.50333], [11.19858, 44.53096], [11.14986, 44.55068], [11.1187, 44.55619], [11.09145, 44.54621], [11.01638, 44.49209], [11.00395, 44.49288], [10.99837, 44.52631], [11.00002, 44.56584], [11.04046, 44.7852], [11.03465, 44.83864], [10.99406, 44.90818], [10.92351, 44.99229], [10.84183, 45.03918], [10.81877, 45.05922], [10.80029, 45.12743], [10.77513, 45.34471], [10.76027, 45.417], [10.72352, 45.47605], [10.63444, 45.56386], [10.58876, 45.59782], [10.56663, 45.60655], [10.47722, 45.62102], [10.33676, 45.65175], [10.29925, 45.65176], [10.28995, 45.64664], [10.28989, 45.62946], [10.30202, 45.59786], [10.30184, 45.5921], [10.29668, 45.59115], [10.2255, 45.61581], [10.00678, 45.72003], [9.70429, 45.83084], [9.66021, 45.84089], [9.62152, 45.81596], [9.60647, 45.81189], [9.59688, 45.81889], [9.58524, 45.84616], [9.57135, 45.86068], [9.39329, 45.9105], [9.0631, 45.89896], [9.05927, 45.88196], [9.03436, 45.84811], [9.00243, 45.82072], [8.97235, 45.82465], [8.93959, 45.83483], [8.9, 45.8264], [8.77925, 45.61151], [8.71889, 45.54298], [8.69339, 45.49553], [8.57761, 45.43224], [8.45608, 45.37931], [8.08772, 45.28819], [7.87674, 45.20443], [7.74637, 45.16764], [7.69797, 45.14892], [7.67782, 45.12909], [7.68921, 45.05472], [7.6813, 45.03273], [7.64581, 45.02184], [7.54249, 45.01546], [7.50544, 45.00577], [7.48305, 44.97935], [7.45472, 44.90258], [7.43311, 44.87574], [7.40273, 44.86958], [7.31801, 44.87092], [7.0071, 44.82207], [6.99842, 44.79375], [7.00978, 44.7721], [7.01898, 44.73887], [7.04937, 44.69789], [7.05516, 44.68487], [7.03728, 44.68461], [7.0012, 44.69226], [6.98281, 44.69216], [6.95986, 44.68317], [6.94147, 44.66699], [6.93434, 44.64668], [6.9456, 44.62544], [6.93165, 44.61795], [6.89734, 44.57542], [6.84638, 44.54746], [6.83574, 44.53403], [6.83884, 44.50292], [6.86127, 44.47491], [6.9178, 44.43631], [6.88421, 44.42303], [6.87718, 44.4144], [6.86633, 44.37712], [6.54272, 44.37882], [6.53027, 44.38163], [6.52224, 44.38985], [6.50093, 44.46119], [6.49119, 44.46905], [6.44687, 44.48067], [6.38709, 44.48859], [6.308, 44.49132], [6.27255, 44.48538], [6.18978, 44.43014], [6.15702, 44.41848], [6.14523, 44.43107], [6.13887, 44.46277], [6.12911, 44.47633], [6.00024, 44.5354], [5.89031, 44.57527], [5.82581, 44.5891], [5.61322, 44.5978], [5.5776, 44.60305], [5.5469, 44.61291], [5.53151, 44.62681], [5.52212, 44.64679], [5.50582, 44.74573], [5.49735, 44.76553], [5.47725, 44.78337], [5.44756, 44.78966], [5.36522, 44.78404], [5.20218, 44.74693], [5.17091, 44.74581], [5.14042, 44.7655], [5.08866, 44.82629], [5.07459, 44.83435], [5.05883, 44.83548], [5.04422, 44.82927], [5.03024, 44.81587], [4.96781, 44.71907], [4.93994, 44.70361], [4.90533, 44.70152], [4.86819, 44.70595], [4.81721, 44.71897], [4.73856, 44.77031], [4.71196, 44.77988], [4.65006, 44.77429], [4.50895, 44.74645], [4.45336, 44.74465], [4.43319, 44.75677], [4.37816, 44.81522], [4.36828, 44.82014], [4.3341, 44.81736], [4.29665, 44.80302], [4.24587, 44.77476], [4.21251, 44.74832], [4.0536, 44.58459], [3.99464, 44.48222], [3.97136, 44.472], [3.88184, 44.49017], [3.84896, 44.48624], [3.77633, 44.43396], [3.69829, 44.36425], [3.65868, 44.32373], [3.62589, 44.2722], [3.58012, 44.17193], [3.56343, 44.10412], [3.54581, 43.90033], [3.54417, 43.81021], [3.55939, 43.746], [3.63229, 43.6692], [3.65262, 43.64086], [3.55561, 43.66277], [3.45342, 43.70313], [3.05559, 43.55966], [2.73463, 43.65368], [2.58946, 43.56198], [2.29127, 43.72184], [1.98593, 43.63794], [1.94885, 43.84495], [1.88312, 43.95469], [1.87316, 43.95665], [1.66862, 43.93244], [1.5977, 44.04538], [1.16206, 44.10512], [1.14967, 44.0963], [1.14459, 43.91066], [0.77804, 43.91022], [0.61323, 43.93929], [0.38395, 43.86322], [0.23735, 43.97153], [0.07064, 44.01619], [-0.23035, 43.92707], [-0.4761, 44.09822], [-0.68192, 44.07291], [-0.81364, 44.09933], [-0.82332, 44.09205], [-0.85714, 43.94971], [-0.90636, 43.78374], [-0.96153, 43.75589], [-1.00717, 43.73861], [-1.05441, 43.72497], [-1.15271, 43.70849], [-1.25432, 43.7067], [-1.43366, 43.71759], [-1.405, 43.8321], [-1.38117, 43.88959], [-1.3461, 44.01919], [-1.28157, 44.30219], [-1.2473, 44.50454], [-1.25722, 44.55605], [-1.23078, 44.58356], [-1.20627, 44.64789], [-1.18651, 44.66546], [-1.16145, 44.66615], [-1.10021, 44.65534], [-1.06501, 44.65913], [-1.04475, 44.66942], [-1.04442, 44.68464], [-1.06914, 44.70319], [-1.05549, 44.70319], [-1.0653, 44.71747], [-1.14086, 44.76813], [-1.17223, 44.77827], [-1.23363, 44.70685], [-1.26035, 44.62748], [-1.19948, 45.12062], [-1.15787, 45.27912], [-1.13994, 45.49006], [-1.08526, 45.56903], [-1.06916, 45.5733], [-1.05859, 45.56964], [-1.06233, 45.53242], [-1.03995, 45.50727], [-0.97297, 45.47053], [-0.91528, 45.45041], [-0.79447, 45.35565], [-0.7662, 45.32607], [-0.73863, 45.23848], [-0.71597, 45.13451], [-0.6822, 45.07648], [-0.64818, 45.04491], [-0.60985, 45.01846], [-0.56896, 44.99799], [-0.55919, 44.97614], [-0.55651, 44.91852], [-0.54817, 44.90229], [-0.53466, 44.89496], [-0.54845, 44.94953], [-0.53897, 44.97651], [-0.55036, 44.9982], [-0.59616, 45.02463], [-0.53942, 45.01952], [-0.49376, 44.99799], [-0.51895, 45.02945], [-0.60238, 45.05357], [-0.63776, 45.07307], [-0.65587, 45.09892], [-0.66875, 45.13111], [-0.70665, 45.32241], [-0.71972, 45.36107], [-0.75304, 45.42406], [-0.79548, 45.47712], [-0.84179, 45.51455], [-0.9835, 45.58699], [-0.99088, 45.61005], [-1.03025, 45.62288], [-1.08381, 45.66039], [-1.149, 45.67876], [-1.1942, 45.71019], [-1.22936, 45.70479], [-1.24729, 45.70991], [-1.23028, 45.79242], [-1.16381, 45.80669], [-1.14427, 45.8061], [-1.08056, 45.7534], [-1.05724, 45.74022], [-0.98717, 45.71735], [-1.00963, 45.73518], [-1.09948, 45.78604], [-1.12536, 45.80768], [-1.13659, 45.84325], [-1.1517, 45.86815], [-1.11229, 45.89576], [-1.09703, 45.90228], [-1.07335, 45.90436], [-1.07042, 45.92634], [-1.08973, 45.95075], [-1.06916, 45.96434], [-1.08555, 45.972], [-1.0964, 45.9852], [-1.11072, 46.01835], [-1.08975, 46.0082], [-1.07299, 46.00747], [-1.05972, 46.01577], [-1.04869, 46.0388], [-1.06518, 46.05158], [-1.0842, 46.05655], [-1.09703, 46.10155], [-1.129, 46.1158], [-1.11701, 46.12824], [-1.15207, 46.14387], [-1.15172, 46.1562], [-1.20018, 46.15914], [-1.20969, 46.16617], [-1.21079, 46.17454], [-1.18517, 46.19717], [-1.19052, 46.21629], [-1.17958, 46.22947], [-1.11075, 46.25922], [-1.10265, 46.27196], [-1.11075, 46.30268], [-1.13248, 46.32412], [-1.17724, 46.32616], [-1.21434, 46.3107], [-1.21322, 46.27913], [-1.24009, 46.28426], [-1.27741, 46.31952], [-1.30345, 46.32389], [-1.37023, 46.35419], [-1.42333, 46.34248], [-1.44871, 46.34342], [-1.46548, 46.38996], [-1.48144, 46.40819], [-1.50446, 46.41934], [-1.59878, 46.42504], [-1.62562, 46.43114], [-1.61718, 46.44355], [-1.63345, 46.45429], [-1.68675, 46.46089], [-1.72029, 46.48127], [-1.73203, 46.48347], [-1.72829, 46.51085], [-1.70387, 46.57921], [-1.66079, 46.64258], [-1.63212, 46.67232], [-1.56397, 46.72431], [-1.48175, 46.76641], [-1.39032, 46.79624], [-1.36166, 46.76513], [-1.33821, 46.7598], [-1.32637, 46.76391], [-1.3548, 46.86205], [-1.34295, 46.90538], [-1.3192, 46.9188], [-1.30281, 46.91961], [-1.27692, 46.91305], [-1.24635, 46.88209], [-1.23005, 46.87263], [-1.19638, 46.86828], [-1.13712, 46.87154], [-1.10517, 46.80573], [-1.08462, 46.78027], [-1.0332, 46.74048], [-0.89035, 46.67879], [-0.78291, 46.61248], [-0.71226, 46.57568], [-0.68421, 46.56935], [-0.66628, 46.5758], [-0.66004, 46.59538], [-0.66886, 46.62619], [-0.6894, 46.66394], [-0.74844, 46.74439], [-0.85291, 46.85512], [-0.91459, 46.90493], [-1.01717, 46.97241], [-1.0849, 47.00591], [-1.13614, 47.02182], [-1.18539, 47.02865], [-1.23462, 47.02937], [-1.37362, 47.02021], [-1.41882, 47.02162], [-1.49083, 47.03889], [-1.51929, 47.06067], [-1.52529, 47.08361], [-1.51682, 47.11112], [-1.49318, 47.12747], [-1.45009, 47.14299], [-1.43553, 47.15707], [-1.41931, 47.24438], [-1.41542, 47.31256], [-1.42118, 47.37485], [-1.43918, 47.41181], [-1.55983, 47.47632], [-1.58685, 47.50339], [-1.57554, 47.53754], [-1.5079, 47.6234], [-1.49988, 47.64155], [-1.50446, 47.65745], [-1.52377, 47.65828], [-1.60638, 47.62082], [-1.64222, 47.60938], [-1.6639, 47.61353], [-1.70961, 47.63502], [-1.73087, 47.6393], [-1.75319, 47.63352], [-1.80334, 47.60775], [-1.82423, 47.60314], [-1.85203, 47.61261], [-1.90841, 47.64845], [-1.93468, 47.65898], [-1.95253, 47.65791], [-2.01556, 47.64105], [-2.09519, 47.64667], [-2.18181, 47.65866], [-2.22348, 47.67123], [-2.2415, 47.68289], [-2.3205, 47.7786], [-2.35401, 47.80762], [-2.39996, 47.8224], [-2.55088, 47.84963], [-2.58263, 47.86242], [-2.60541, 47.87978], [-2.62498, 47.90192], [-2.63511, 47.93449], [-2.62037, 47.95212], [-2.53902, 48.01129], [-2.49213, 48.0904], [-2.4774, 48.13118], [-2.47725, 48.14828], [-2.48442, 48.15926], [-2.50098, 48.16494], [-2.55954, 48.16253], [-2.6643, 48.14968], [-2.69104, 48.15023], [-2.70805, 48.15585], [-2.71322, 48.1657], [-2.69459, 48.21503], [-2.64426, 48.28525], [-2.56997, 48.34494], [-2.56829, 48.35188], [-2.57444, 48.35742], [-2.59539, 48.35577], [-2.64485, 48.3319], [-2.73174, 48.23988], [-2.74671, 48.22718], [-2.77294, 48.21496], [-2.84947, 48.23648], [-2.96536, 48.21567], [-3.00539, 48.22598], [-3.03983, 48.24351], [-3.04817, 48.25712], [-2.96583, 48.3228], [-2.95856, 48.35425], [-2.96071, 48.37586], [-2.97046, 48.39059], [-2.97917, 48.39423], [-3.00979, 48.38851], [-3.04991, 48.37161], [-3.26115, 48.26914], [-3.30036, 48.25424], [-3.33401, 48.25371], [-3.36067, 48.26341], [-3.35895, 48.27295], [-3.34661, 48.27973], [-3.24876, 48.30374], [-3.22031, 48.31846], [-3.20519, 48.34445], [-3.19984, 48.37725], [-3.20712, 48.40411], [-3.21569, 48.41006], [-3.22914, 48.41058], [-3.26882, 48.38998], [-3.36131, 48.31298], [-3.4021, 48.2858], [-3.49201, 48.25433], [-3.54036, 48.24422], [-3.577, 48.24199], [-3.60235, 48.25066], [-3.63024, 48.27291], [-3.64751, 48.27162], [-3.66746, 48.20168], [-3.58869, 48.161], [-3.64659, 48.11778], [-3.68723, 48.09473], [-3.77591, 48.05779], [-3.82475, 48.04356], [-3.9262, 48.02524], [-4.03039, 48.0204], [-4.1347, 48.02918], [-4.20458, 48.04286], [-4.31854, 48.07657], [-4.4006, 48.10994], [-4.36193, 48.1157], [-4.30476, 48.10407], [-4.28991, 48.10822], [-4.27571, 48.14362], [-4.29443, 48.16727], [-4.30236, 48.19636], [-4.31583, 48.20551], [-4.36611, 48.21516], [-4.37926, 48.23237], [-4.40437, 48.22615], [-4.45763, 48.24897], [-4.48546, 48.24262], [-4.53166, 48.1831], [-4.55746, 48.17721], [-4.54377, 48.20506], [-4.56361, 48.23237], [-4.55865, 48.2442], [-4.54719, 48.25259], [-4.55407, 48.26276], [-4.62631, 48.26656], [-4.62632, 48.28705], [-4.61538, 48.29107], [-4.58788, 48.28705], [-4.57519, 48.29002], [-4.57715, 48.30772], [-4.55947, 48.33869], [-4.54672, 48.34682], [-4.53016, 48.34161], [-4.5432, 48.30467], [-4.51553, 48.29584], [-4.42651, 48.30002], [-4.38899, 48.28705], [-4.3297, 48.29701], [-4.26262, 48.30003], [-4.27522, 48.29401], [-4.28991, 48.29385], [-4.26936, 48.2884], [-4.18749, 48.30004], [-4.18749, 48.30752], [-4.21882, 48.30606], [-4.23053, 48.30989], [-4.23473, 48.32172], [-4.24397, 48.31391], [-4.25772, 48.31135], [-4.27016, 48.31469], [-4.27571, 48.32486], [-4.32467, 48.32173], [-4.2694, 48.36274], [-4.28629, 48.36254], [-4.32469, 48.34847], [-4.3247, 48.35529], [-4.31729, 48.35529], [-4.31729, 48.36274], [-4.3247, 48.36274], [-4.3377, 48.34847], [-4.35261, 48.35273], [-4.38419, 48.33813], [-4.4066, 48.33541], [-4.39916, 48.34162], [-4.40661, 48.34846], [-4.42651, 48.33887], [-4.45371, 48.33541], [-4.45371, 48.34162], [-4.39634, 48.3879], [-4.28991, 48.43159], [-4.35896, 48.41112], [-4.4265, 48.40371], [-4.52063, 48.36833], [-4.56957, 48.3603], [-4.59974, 48.35013], [-4.61918, 48.3485], [-4.69054, 48.36274], [-4.69568, 48.34496], [-4.7045, 48.34163], [-4.75527, 48.34206], [-4.76837, 48.34541], [-4.77699, 48.35541], [-4.78329, 48.37619], [-4.76476, 48.37763], [-4.78333, 48.41739], [-4.78488, 48.43618], [-4.77984, 48.4549], [-4.76805, 48.46865], [-4.74926, 48.4726], [-4.74926, 48.47883], [-4.77463, 48.49128], [-4.76454, 48.52021], [-4.72199, 48.56817], [-4.70079, 48.56074], [-4.70824, 48.56818], [-4.67345, 48.57956]], [[16.52034, 39.24045], [16.53423, 39.23368], [16.55514, 39.25483], [16.55825, 39.26442], [16.55021, 39.27101], [16.52214, 39.27312], [16.51625, 39.26591], [16.52034, 39.24045]]], [[[12.37623, 45.42255], [12.32147, 45.34804], [12.32802, 45.37244], [12.37184, 45.42487], [12.38917, 45.43354], [12.40748, 45.43065], [12.43085, 45.41571], [12.40887, 45.42169], [12.37623, 45.42255]]], [[[12.31659, 45.44306], [12.32985, 45.4588], [12.34717, 45.4588], [12.36378, 45.44965], [12.36207, 45.43814], [12.33751, 45.42751], [12.32066, 45.42984], [12.31659, 45.44306]]], [[[12.41839, 45.46874], [12.40878, 45.45661], [12.38536, 45.44571], [12.37518, 45.45379], [12.39731, 45.46003], [12.41409, 45.47308], [12.41839, 45.46874]]], [[[-1.18518, 45.91595], [-1.17614, 45.89895], [-1.18431, 45.85605], [-1.19458, 45.83007], [-1.20922, 45.81417], [-1.22686, 45.81978], [-1.2412, 45.85456], [-1.26037, 45.88182], [-1.319, 45.92813], [-1.34034, 45.93881], [-1.37816, 45.97579], [-1.37165, 45.99531], [-1.40491, 46.05316], [-1.37389, 46.05023], [-1.33992, 46.03782], [-1.28515, 46.00165], [-1.27383, 45.99763], [-1.24764, 46.00176], [-1.23364, 45.99168], [-1.23046, 45.9582], [-1.21941, 45.95075], [-1.22435, 45.93504], [-1.18518, 45.91595]]], [[[-1.2814, 46.15621], [-1.29068, 46.16132], [-1.33608, 46.16723], [-1.43285, 46.21084], [-1.48892, 46.20337], [-1.50425, 46.20768], [-1.5558, 46.24556], [-1.5558, 46.25177], [-1.49783, 46.26186], [-1.4801, 46.25921], [-1.4679, 46.2499], [-1.47387, 46.2381], [-1.50797, 46.24555], [-1.49055, 46.22443], [-1.46418, 46.22492], [-1.41114, 46.23809], [-1.41114, 46.23127], [-1.42536, 46.23127], [-1.42536, 46.22382], [-1.40876, 46.21825], [-1.3081, 46.20692], [-1.28475, 46.19643], [-1.26594, 46.18114], [-1.25416, 46.16243], [-1.2814, 46.15621]]], [[[-5.09777, 48.46133], [-5.10741, 48.46336], [-5.13279, 48.45833], [-5.13279, 48.46515], [-5.069, 48.48504], [-5.03663, 48.47259], [-5.03663, 48.46516], [-5.10552, 48.44466], [-5.10554, 48.45148], [-5.09187, 48.45148], [-5.09777, 48.46133]]], [[[7.2501, 49.02699], [7.42056, 49.07809], [7.52718, 49.1229], [7.57246, 49.10214], [7.33712, 49.04012], [7.2501, 49.02699]]], [[[-2.15294, 49.19994], [-2.1687, 49.1783], [-2.2001, 49.19196], [-2.23361, 49.18453], [-2.22647, 49.206], [-2.2411, 49.26023], [-2.22936, 49.26299], [-2.19628, 49.2534], [-2.18273, 49.25406], [-2.15168, 49.26702], [-2.11067, 49.2534], [-2.10356, 49.25828], [-2.08268, 49.26023], [-2.06786, 49.25068], [-2.02068, 49.23525], [-2.02196, 49.22549], [-2.00831, 49.21247], [-2.02099, 49.20075], [-2.02454, 49.17134], [-2.0967, 49.18357], [-2.13793, 49.20563], [-2.15294, 49.19994]]], [[[-2.37546, 49.43545], [-2.36376, 49.44683], [-2.35442, 49.4278], [-2.37353, 49.41158], [-2.37806, 49.41275], [-2.37546, 49.43545]]], [[[-2.65184, 49.44522], [-2.65655, 49.45941], [-2.65025, 49.46368], [-2.62462, 49.46572], [-2.58022, 49.49359], [-2.51822, 49.51552], [-2.50172, 49.50666], [-2.52213, 49.47997], [-2.5341, 49.43623], [-2.55179, 49.42682], [-2.57311, 49.43089], [-2.66934, 49.4309], [-2.67334, 49.43371], [-2.66319, 49.44364], [-2.65184, 49.44522]]], [[[-2.45432, 49.47874], [-2.44784, 49.48394], [-2.44524, 49.4746], [-2.45335, 49.46218], [-2.45432, 49.47874]]], [[[-2.17033, 49.72874], [-2.17034, 49.72322], [-2.18791, 49.71065], [-2.21686, 49.70304], [-2.22621, 49.70783], [-2.21848, 49.71869], [-2.17832, 49.73094], [-2.17033, 49.72874]]], [[[-2.33396, 50.21181], [-2.32146, 50.20651], [-2.31611, 50.20008], [-2.32024, 50.19228], [-2.33659, 50.18166], [-2.3866, 50.16319], [-2.47586, 50.14443], [-2.52148, 50.14033], [-2.53241, 50.14199], [-2.54305, 50.14645], [-2.56073, 50.16125], [-2.56897, 50.17975], [-2.56778, 50.1888], [-2.56208, 50.1969], [-2.53482, 50.20995], [-2.42131, 50.22906], [-2.33396, 50.21181]]], [[[-2.87235, 50.2145], [-2.90707, 50.1901], [-2.93335, 50.1822], [-2.96556, 50.1773], [-2.99322, 50.17736], [-3.00207, 50.17987], [-3.00585, 50.18435], [-2.99956, 50.20752], [-2.98005, 50.23799], [-2.95301, 50.26717], [-2.92389, 50.28674], [-2.89739, 50.28966], [-2.82047, 50.26443], [-2.87235, 50.2145]]], [[[-1.15636, 50.65078], [-1.1647, 50.64094], [-1.16846, 50.60347], [-1.27921, 50.58252], [-1.31587, 50.58933], [-1.48595, 50.66934], [-1.49743, 50.67231], [-1.53515, 50.66938], [-1.56945, 50.65805], [-1.54531, 50.6861], [-1.50592, 50.7077], [-1.41872, 50.73377], [-1.42536, 50.72012], [-1.40087, 50.72199], [-1.34322, 50.76117], [-1.31851, 50.77215], [-1.29577, 50.77317], [-1.14428, 50.73379], [-1.10913, 50.73285], [-1.09705, 50.72695], [-1.09704, 50.71332], [-1.08277, 50.71331], [-1.0625, 50.69299], [-1.06234, 50.6853], [-1.07532, 50.67854], [-1.12865, 50.66645], [-1.15636, 50.65078]]], [[[-1.02074, 50.79514], [-0.99869, 50.80101], [-0.97255, 50.82977], [-0.95987, 50.82933], [-0.9503, 50.82378], [-0.95011, 50.81438], [-0.95987, 50.80825], [-0.95987, 50.80207], [-0.93885, 50.78839], [-0.93884, 50.78096], [-1.02073, 50.78841], [-1.02074, 50.79514]]], [[[-4.67048, 51.16012], [-4.67852, 51.16706], [-4.67641, 51.19309], [-4.67122, 51.19504], [-4.66403, 51.17733], [-4.6635, 51.16487], [-4.67048, 51.16012]]], [[[0.79477, 51.37055], [0.77508, 51.37531], [0.7339, 51.41218], [0.74684, 51.43964], [0.76241, 51.44716], [0.90098, 51.41734], [0.93245, 51.39769], [0.94213, 51.383], [0.93636, 51.37105], [0.91147, 51.36441], [0.79477, 51.37055]]], [[[-4.68148, 51.63029], [-4.69078, 51.62923], [-4.70446, 51.63429], [-4.70702, 51.64289], [-4.67779, 51.63552], [-4.68148, 51.63029]]], [[[3.96175, 51.73809], [4.03663, 51.68586], [4.07837, 51.67861], [4.09734, 51.67023], [4.09938, 51.65412], [4.08907, 51.64406], [4.05516, 51.63271], [3.9776, 51.62329], [3.92311, 51.63248], [3.90156, 51.642], [3.88559, 51.66836], [3.83059, 51.68587], [3.80925, 51.69953], [3.79591, 51.70014], [3.76538, 51.67842], [3.72055, 51.67683], [3.70005, 51.68062], [3.68671, 51.6927], [3.68948, 51.72504], [3.72585, 51.73972], [3.81422, 51.74822], [3.84376, 51.74283], [3.96175, 51.73809]]], [[[-5.27142, 51.73525], [-5.30052, 51.72701], [-5.31491, 51.73725], [-5.29316, 51.74314], [-5.27142, 51.73525]]], [[[-4.77995, 52.76264], [-4.78557, 52.75386], [-4.80226, 52.74547], [-4.79349, 52.76825], [-4.77995, 52.76264]]], [[[4.78683, 53.06239], [4.87565, 53.05991], [4.81813, 53.02676], [4.79565, 53.00032], [4.76197, 52.99434], [4.72683, 53.00309], [4.70784, 53.02827], [4.71609, 53.05792], [4.78683, 53.06239]]], [[[-4.57101, 53.39276], [-4.55309, 53.40066], [-4.42536, 53.42669], [-4.3247, 53.41949], [-4.27699, 53.40118], [-4.26692, 53.36896], [-4.23475, 53.35805], [-4.23518, 53.34007], [-4.21485, 53.32391], [-4.20324, 53.29849], [-4.19058, 53.29658], [-4.14249, 53.3028], [-4.12198, 53.31707], [-4.09813, 53.30964], [-4.05505, 53.30853], [-4.0429, 53.3028], [-4.06339, 53.28929], [-4.0981, 53.25013], [-4.17199, 53.23139], [-4.19555, 53.22028], [-4.22037, 53.20148], [-4.22203, 53.18212], [-4.26456, 53.16694], [-4.28014, 53.15498], [-4.34386, 53.13207], [-4.36628, 53.13137], [-4.39241, 53.13833], [-4.39903, 53.13266], [-4.41282, 53.13207], [-4.41198, 53.15558], [-4.38512, 53.18244], [-4.39574, 53.18671], [-4.41088, 53.1822], [-4.43284, 53.16292], [-4.44757, 53.15942], [-4.48168, 53.17988], [-4.49533, 53.17989], [-4.49962, 53.21125], [-4.51987, 53.22285], [-4.57103, 53.27546], [-4.55867, 53.36335], [-4.57101, 53.39276]]], [[[-4.69394, 53.30963], [-4.6673, 53.32391], [-4.65567, 53.31977], [-4.6263, 53.32086], [-4.59044, 53.29755], [-4.57726, 53.27204], [-4.55846, 53.25275], [-4.56364, 53.24194], [-4.57222, 53.23957], [-4.60239, 53.25308], [-4.63256, 53.28294], [-4.67665, 53.28511], [-4.69394, 53.30963]]], [[[-4.71216, 53.65649], [-4.6833, 53.61035], [-4.67628, 53.58808], [-4.67679, 53.53866], [-4.68967, 53.4861], [-4.70977, 53.43967], [-4.7316, 53.40818], [-4.74708, 53.40471], [-4.76935, 53.41271], [-4.80343, 53.43411], [-4.85486, 53.48055], [-4.87424, 53.50419], [-4.89226, 53.54372], [-4.89771, 53.57393], [-4.89283, 53.58775], [-4.86263, 53.60924], [-4.85151, 53.62517], [-4.84369, 53.65738], [-4.84152, 53.70449], [-4.83741, 53.72785], [-4.83009, 53.73684], [-4.81701, 53.73845], [-4.79411, 53.73261], [-4.76039, 53.70872], [-4.73977, 53.68989], [-4.71216, 53.65649]]], [[[-2.49722, 51.03055], [-2.44087, 51.01496], [-2.53546, 50.98771], [-2.58906, 50.97776], [-2.70777, 50.96754], [-2.79587, 50.93291], [-2.84878, 50.91806], [-2.96027, 50.89782], [-3.06646, 50.89207], [-3.12072, 50.89397], [-3.22527, 50.90711], [-3.30847, 50.92435], [-3.42831, 50.83874], [-3.51554, 50.79574], [-3.56395, 50.77835], [-3.61542, 50.76388], [-3.72174, 50.74512], [-3.87477, 50.74003], [-3.88182, 50.73278], [-3.87401, 50.67115], [-3.87723, 50.63548], [-3.89957, 50.56689], [-3.9186, 50.53375], [-3.97171, 50.47144], [-4.09827, 50.37923], [-4.11448, 50.37026], [-4.14141, 50.36906], [-4.1655, 50.37638], [-4.19148, 50.41763], [-4.15954, 50.45942], [-4.17943, 50.45307], [-4.20055, 50.45942], [-4.2124, 50.44148], [-4.23473, 50.4383], [-4.23473, 50.43212], [-4.22022, 50.42584], [-4.21614, 50.41572], [-4.22851, 50.39737], [-4.28991, 50.39737], [-4.27302, 50.3819], [-4.21622, 50.38776], [-4.19377, 50.37691], [-4.2285, 50.37067], [-4.22851, 50.36384], [-4.20057, 50.36384], [-4.208, 50.35639], [-4.18006, 50.35638], [-4.18006, 50.35017], [-4.19799, 50.34223], [-4.19546, 50.33062], [-4.21515, 50.32334], [-4.2351, 50.34955], [-4.25235, 50.35639], [-4.33772, 50.37067], [-4.3837, 50.3675], [-4.45621, 50.33821], [-4.49536, 50.32845], [-4.65982, 50.32225], [-4.66813, 50.31534], [-4.67344, 50.31543], [-4.68716, 50.34272], [-4.75211, 50.33031], [-4.7633, 50.32209], [-4.75546, 50.30175], [-4.77986, 50.28433], [-4.78336, 50.2779], [-4.77654, 50.26081], [-4.79016, 50.23656], [-4.80017, 50.22957], [-4.84972, 50.23456], [-4.86872, 50.22944], [-4.90446, 50.20856], [-4.94726, 50.19937], [-5.00243, 50.14413], [-5.01454, 50.15657], [-5.02038, 50.19196], [-5.03319, 50.19937], [-5.05297, 50.19579], [-5.05188, 50.17553], [-5.06457, 50.15839], [-5.04348, 50.14412], [-5.05846, 50.14273], [-5.08031, 50.13272], [-5.08505, 50.10994], [-5.12597, 50.09634], [-5.0708, 50.08949], [-5.05664, 50.06042], [-5.09806, 50.0144], [-5.13964, 50.01439], [-5.17614, 49.98794], [-5.18304, 49.97403], [-5.20771, 49.96537], [-5.24521, 49.99311], [-5.25975, 50.03766], [-5.2884, 50.06769], [-5.32396, 50.0895], [-5.38419, 50.10798], [-5.42471, 50.11275], [-5.47484, 50.13044], [-5.49568, 50.12962], [-5.52184, 50.12373], [-5.54092, 50.11347], [-5.53468, 50.08234], [-5.54558, 50.06892], [-5.56318, 50.05979], [-5.61946, 50.04622], [-5.66739, 50.04288], [-5.70513, 50.05232], [-5.71563, 50.0827], [-5.6988, 50.0854], [-5.69441, 50.09577], [-5.70196, 50.10318], [-5.7092, 50.13263], [-5.67698, 50.16492], [-5.54943, 50.20352], [-5.51097, 50.21946], [-5.48913, 50.21978], [-5.45812, 50.20075], [-5.43798, 50.19432], [-5.41739, 50.20246], [-5.38755, 50.24029], [-5.35192, 50.2403], [-5.31485, 50.25361], [-5.2003, 50.33075], [-5.14989, 50.35016], [-5.14566, 50.36689], [-5.15366, 50.39948], [-5.1424, 50.40447], [-5.11974, 50.40477], [-5.05028, 50.4287], [-5.03873, 50.4479], [-5.02524, 50.52423], [-5.0156, 50.53802], [-4.99559, 50.54815], [-4.97517, 50.54816], [-4.94726, 50.56243], [-4.93712, 50.54532], [-4.93358, 50.52025], [-4.92052, 50.52764], [-4.90241, 50.52058], [-4.86095, 50.51919], [-4.84484, 50.51406], [-4.85582, 50.52741], [-4.90624, 50.54198], [-4.92186, 50.55488], [-4.91519, 50.5725], [-4.92051, 50.58917], [-4.89566, 50.58592], [-4.8212, 50.58918], [-4.79247, 50.5952], [-4.74926, 50.64444], [-4.75543, 50.65937], [-4.75193, 50.67006], [-4.74193, 50.67486], [-4.72814, 50.67231], [-4.6573, 50.71113], [-4.63779, 50.74115], [-4.57726, 50.77473], [-4.55012, 50.80956], [-4.5549, 50.89777], [-4.54375, 50.93919], [-4.52269, 50.97272], [-4.53044, 50.99497], [-4.52643, 51.01495], [-4.43733, 51.01495], [-4.39574, 51.00068], [-4.33772, 50.99665], [-4.30232, 51.00751], [-4.208, 51.07636], [-4.23192, 51.1267], [-4.25574, 51.15151], [-4.21483, 51.15152], [-4.20983, 51.17284], [-4.22849, 51.18623], [-4.22849, 51.19244], [-4.15233, 51.21161], [-3.96947, 51.2224], [-3.9132, 51.23338], [-3.84089, 51.23338], [-3.76916, 51.24769], [-3.63976, 51.22639], [-3.55932, 51.22809], [-3.43456, 51.20984], [-3.40437, 51.19204], [-3.385, 51.18622], [-3.27074, 51.1894], [-3.16309, 51.2067], [-3.09675, 51.20454], [-3.05753, 51.20816], [-3.02929, 51.22039], [-3.02184, 51.21357], [-3.03555, 51.19929], [-3.02184, 51.19245], [-3.00479, 51.21312], [-2.99958, 51.23322], [-3.00815, 51.25454], [-3.01061, 51.31098], [-3.02181, 51.32281], [-3.00243, 51.31908], [-2.99218, 51.32193], [-2.98777, 51.34666], [-2.95958, 51.37425], [-2.97466, 51.38422], [-2.95295, 51.39849], [-2.92101, 51.39444], [-2.79857, 51.48261], [-2.71642, 51.49958], [-2.69616, 51.51264], [-2.60781, 51.60736], [-2.58043, 51.61864], [-2.55637, 51.65924], [-2.49918, 51.69676], [-2.46498, 51.72589], [-2.4049, 51.74116], [-2.38854, 51.75043], [-2.38077, 51.76191], [-2.38337, 51.77326], [-2.39806, 51.78213], [-2.40241, 51.76358], [-2.4204, 51.75312], [-2.48209, 51.74287], [-2.52213, 51.70637], [-2.5817, 51.68171], [-2.69352, 51.59635], [-2.71313, 51.58662], [-2.76049, 51.57978], [-2.8164, 51.55558], [-2.85872, 51.54614], [-2.94335, 51.54256], [-2.95628, 51.54573], [-2.97468, 51.56297], [-3.01571, 51.53165], [-3.10562, 51.49722], [-3.1317, 51.48041], [-3.14539, 51.45995], [-3.17272, 51.45311], [-3.16008, 51.43183], [-3.16716, 51.41047], [-3.18481, 51.39762], [-3.21886, 51.40278], [-3.28942, 51.38423], [-3.53879, 51.39848], [-3.55743, 51.40511], [-3.60473, 51.4457], [-3.6632, 51.47622], [-3.67699, 51.47704], [-3.69542, 51.47152], [-3.7376, 51.49088], [-3.74802, 51.50093], [-3.7494, 51.50535], [-3.74185, 51.50837], [-3.77013, 51.5633], [-3.78222, 51.57665], [-3.81675, 51.59633], [-3.83267, 51.61555], [-3.85489, 51.62385], [-3.96239, 51.61563], [-3.98998, 51.60651], [-3.99877, 51.60029], [-3.99991, 51.59089], [-3.97463, 51.56298], [-4.01618, 51.56297], [-4.02651, 51.55404], [-4.03197, 51.56314], [-4.04646, 51.56843], [-4.05313, 51.56924], [-4.07022, 51.55558], [-4.08727, 51.56192], [-4.12165, 51.56598], [-4.16641, 51.54256], [-4.19677, 51.54938], [-4.20091, 51.53877], [-4.2899, 51.55558], [-4.29733, 51.56924], [-4.27831, 51.57819], [-4.28969, 51.60155], [-4.28989, 51.617], [-4.25577, 51.62385], [-4.23473, 51.64495], [-4.22852, 51.63744], [-4.23473, 51.63744], [-4.23473, 51.63129], [-4.22102, 51.62385], [-4.0913, 51.63988], [-4.07022, 51.6623], [-4.07055, 51.67597], [-4.07543, 51.6778], [-4.09541, 51.66512], [-4.10684, 51.66427], [-4.14635, 51.66707], [-4.20055, 51.68586], [-4.21496, 51.67968], [-4.29332, 51.6723], [-4.31529, 51.67749], [-4.36621, 51.70831], [-4.37924, 51.72686], [-4.31998, 51.72484], [-4.31046, 51.73371], [-4.34716, 51.73579], [-4.36252, 51.74287], [-4.3718, 51.75479], [-4.35802, 51.77314], [-4.3651, 51.78905], [-4.39916, 51.76163], [-4.40932, 51.76318], [-4.4265, 51.7753], [-4.44579, 51.77326], [-4.44933, 51.7663], [-4.42653, 51.7473], [-4.46077, 51.73579], [-4.49889, 51.73486], [-4.57421, 51.74116], [-4.64538, 51.73212], [-4.67821, 51.71743], [-4.6803, 51.6927], [-4.69164, 51.68989], [-4.71231, 51.65009], [-4.73493, 51.65925], [-4.75919, 51.64498], [-4.86351, 51.64411], [-4.87898, 51.63744], [-4.90479, 51.61385], [-4.9237, 51.60863], [-4.94103, 51.59651], [-5.02159, 51.61604], [-5.04548, 51.62677], [-5.03661, 51.63744], [-5.05118, 51.65693], [-5.10048, 51.66471], [-5.11972, 51.67841], [-5.11342, 51.68528], [-5.03661, 51.67841], [-5.04341, 51.69269], [-4.98819, 51.68586], [-4.94103, 51.70014], [-4.89265, 51.70637], [-4.86819, 51.7168], [-4.85806, 51.71833], [-4.84484, 51.71381], [-4.84484, 51.72004], [-4.8734, 51.73774], [-4.87902, 51.76203], [-4.86254, 51.78238], [-4.82433, 51.78828], [-4.82433, 51.79572], [-4.86498, 51.78327], [-4.9213, 51.78001], [-4.93358, 51.77529], [-4.90518, 51.77119], [-4.90054, 51.76211], [-4.90624, 51.7473], [-4.89208, 51.73941], [-4.89567, 51.72818], [-4.91055, 51.71821], [-4.98784, 51.70691], [-5.14924, 51.71808], [-5.1669, 51.71381], [-5.15699, 51.69758], [-5.16862, 51.68892], [-5.18283, 51.68929], [-5.18065, 51.70637], [-5.23013, 51.73005], [-5.24942, 51.7337], [-5.21394, 51.73575], [-5.17682, 51.75966], [-5.12597, 51.7685], [-5.11026, 51.77851], [-5.11339, 51.8288], [-5.12588, 51.85602], [-5.13964, 51.864], [-5.14647, 51.85718], [-5.16438, 51.86677], [-5.20376, 51.87019], [-5.22159, 51.87767], [-5.23614, 51.871], [-5.31092, 51.86401], [-5.29735, 51.87018], [-5.30254, 51.88524], [-5.29052, 51.892], [-5.29809, 51.91111], [-5.28892, 51.91693], [-5.2342, 51.92304], [-5.19114, 51.94659], [-5.11954, 51.95893], [-5.08804, 51.97602], [-5.08501, 52.00185], [-5.07079, 52.00186], [-5.07079, 52.00804], [-5.08273, 52.01448], [-5.08119, 52.02118], [-5.07021, 52.02634], [-5.02622, 52.02734], [-4.96174, 52.00751], [-4.94253, 52.00747], [-4.91369, 52.01484], [-4.9205, 52.0285], [-4.84142, 52.01484], [-4.83226, 52.01899], [-4.83799, 52.04901], [-4.79699, 52.05646], [-4.77758, 52.06489], [-4.72028, 52.11334], [-4.70654, 52.11346], [-4.67345, 52.0974], [-4.67567, 52.12693], [-4.63752, 52.13848], [-4.51382, 52.13569], [-4.50227, 52.13837], [-4.48427, 52.15631], [-4.4348, 52.17036], [-4.38528, 52.20356], [-4.37087, 52.20936], [-4.31583, 52.2163], [-4.19713, 52.27928], [-4.13907, 52.33023], [-4.10961, 52.3653], [-4.09626, 52.38788], [-4.07905, 52.45282], [-4.05655, 52.48786], [-4.06402, 52.50918], [-4.05654, 52.52944], [-4.01618, 52.52196], [-3.94734, 52.54926], [-3.94734, 52.55671], [-3.97448, 52.55654], [-4.05313, 52.54243], [-4.11391, 52.58843], [-4.12546, 52.60391], [-4.1222, 52.62873], [-4.10609, 52.65329], [-4.08482, 52.67267], [-4.06355, 52.68309], [-4.05654, 52.70066], [-4.00109, 52.72411], [-3.98827, 52.73428], [-4.01472, 52.73233], [-4.04881, 52.72159], [-4.12513, 52.77831], [-4.14893, 52.81186], [-4.14622, 52.82021], [-4.11734, 52.83076], [-4.13217, 52.86832], [-4.12986, 52.88922], [-4.06404, 52.91918], [-4.07763, 52.92666], [-4.10049, 52.91413], [-4.11057, 52.91568], [-4.11856, 52.92666], [-4.14475, 52.91476], [-4.22851, 52.91918], [-4.30069, 52.90559], [-4.33731, 52.89204], [-4.40661, 52.89252], [-4.4462, 52.87592], [-4.48168, 52.8509], [-4.47551, 52.84415], [-4.49136, 52.8382], [-4.50097, 52.82681], [-4.50133, 52.81391], [-4.48915, 52.80317], [-4.51647, 52.78951], [-4.52855, 52.79048], [-4.54247, 52.80069], [-4.59464, 52.8168], [-4.60652, 52.81509], [-4.62634, 52.80318], [-4.64859, 52.79964], [-4.7045, 52.80317], [-4.74742, 52.78345], [-4.76282, 52.7895], [-4.75251, 52.79877], [-4.75542, 52.80931], [-4.73492, 52.83046], [-4.59605, 52.92841], [-4.524, 52.94424], [-4.44343, 52.98216], [-4.42368, 53.00262], [-4.35823, 53.02847], [-4.34569, 53.05948], [-4.34087, 53.11273], [-4.33436, 53.11676], [-4.32762, 53.11468], [-4.32067, 53.10151], [-4.3036, 53.12531], [-4.26354, 53.15453], [-4.23453, 53.16401], [-4.17797, 53.2176], [-4.12222, 53.23347], [-4.09074, 53.23517], [-4.06688, 53.22907], [-4.0089, 53.24445], [-3.97425, 53.26187], [-3.8653, 53.28912], [-3.83129, 53.28913], [-3.84142, 53.30744], [-3.87074, 53.32564], [-3.87838, 53.33758], [-3.84058, 53.33282], [-3.81013, 53.31708], [-3.79052, 53.32342], [-3.76888, 53.31915], [-3.7163, 53.28693], [-3.6022, 53.28889], [-3.56233, 53.29442], [-3.37205, 53.35089], [-3.33068, 53.35179], [-3.29208, 53.34038], [-3.27133, 53.33054], [-3.2508, 53.31257], [-3.12223, 53.26227], [-3.08776, 53.23469], [-3.08454, 53.27546], [-3.13541, 53.33381], [-3.18505, 53.37709], [-3.18633, 53.39276], [-3.17551, 53.40273], [-3.15759, 53.40866], [-3.09423, 53.41738], [-3.05825, 53.43475], [-3.03555, 53.43374], [-3.0122, 53.41669], [-2.95295, 53.32392], [-2.91055, 53.29633], [-2.8815, 53.2884], [-2.85057, 53.28913], [-2.83755, 53.30279], [-2.80614, 53.29658], [-2.7755, 53.29987], [-2.74812, 53.30964], [-2.75363, 53.32253], [-2.74315, 53.33853], [-2.73449, 53.34443], [-2.71744, 53.34272], [-2.69978, 53.35179], [-2.76439, 53.34516], [-2.77538, 53.34101], [-2.78239, 53.32637], [-2.7998, 53.32104], [-2.84366, 53.32393], [-2.88616, 53.3335], [-2.92494, 53.35001], [-2.98082, 53.39277], [-3.10189, 53.55805], [-3.08782, 53.58747], [-3.02206, 53.6526], [-2.95172, 53.70807], [-2.91145, 53.72504], [-2.89904, 53.73542], [-2.98485, 53.73608], [-3.02146, 53.7458], [-3.04917, 53.76952], [-3.05636, 53.80305], [-3.04491, 53.87848], [-3.05661, 53.90615], [-3.04066, 53.92352], [-3.01756, 53.93194], [-2.92569, 53.9527], [-2.90926, 53.95383], [-2.88854, 53.94603], [-2.88173, 53.9567], [-2.85798, 53.9676], [-2.86923, 53.97883], [-2.83446, 53.99982], [-2.83007, 54.01602], [-2.86485, 54.0043], [-2.89549, 54.00236], [-2.91818, 54.03433], [-2.89208, 54.05012], [-2.85887, 54.08099], [-2.82677, 54.08881], [-2.79597, 54.12519], [-2.85424, 54.19408], [-2.83287, 54.19904], [-2.81029, 54.2119], [-2.79524, 54.22948], [-2.79597, 54.24872], [-2.8028, 54.24872], [-2.80663, 54.23371], [-2.82087, 54.22175], [-2.90465, 54.18765], [-2.92042, 54.16206], [-2.9392, 54.15511], [-2.9842, 54.15315], [-2.9977, 54.15958], [-3.01724, 54.18987], [-3.00817, 54.20034], [-3.01537, 54.2119], [-3.03576, 54.22598], [-3.04918, 54.22207], [-3.04473, 54.20806], [-3.06092, 54.16213], [-3.09073, 54.13947], [-3.11792, 54.10884], [-3.14525, 54.10004], [-3.14539, 54.06382], [-3.18977, 54.09789], [-3.21955, 54.10079], [-3.24094, 54.11213], [-3.23314, 54.15917], [-3.24838, 54.16682], [-3.24838, 54.17364], [-3.2152, 54.17984], [-3.20678, 54.20893], [-3.20739, 54.26301], [-3.22313, 54.25764], [-3.23135, 54.24722], [-3.24096, 54.22207], [-3.23217, 54.20254], [-3.30679, 54.19189], [-3.32851, 54.20474], [-3.40736, 54.27774], [-3.41289, 54.29377], [-3.40412, 54.31855], [-3.41344, 54.34296], [-3.44016, 54.35176], [-3.47427, 54.3935], [-3.49796, 54.40603], [-3.59187, 54.4831], [-3.61292, 54.49147], [-3.63416, 54.51289], [-3.61156, 54.52993], [-3.59032, 54.56464], [-3.56381, 54.64276], [-3.50935, 54.72145], [-3.46813, 54.7353], [-3.43957, 54.76146], [-3.43098, 54.78046], [-3.44015, 54.79743], [-3.38769, 54.88354], [-3.36448, 54.8998], [-3.34534, 54.90248], [-3.30647, 54.88618], [-3.25463, 54.89981], [-3.31726, 54.92032], [-3.27651, 54.94342], [-3.21361, 54.95441], [-3.18017, 54.94082], [-3.12279, 54.93268], [-3.03954, 54.94717], [-3.02184, 54.95441], [-3.09073, 54.95463], [-3.09071, 54.96125], [-3.04092, 54.97248], [-3.02184, 54.96808], [-3.02184, 54.97553], [-3.04629, 54.98212], [-3.13574, 54.9681], [-3.45346, 54.98174], [-3.50105, 54.9925], [-3.51529, 54.9892], [-3.5092, 54.98176], [-3.52603, 54.97713], [-3.57055, 54.99543], [-3.58361, 54.96808], [-3.57562, 54.95715], [-3.56878, 54.91626], [-3.58171, 54.88362], [-3.59838, 54.87801], [-3.69176, 54.8832], [-3.71764, 54.88084], [-3.73926, 54.85982], [-3.81013, 54.86628], [-3.80335, 54.85888], [-3.81237, 54.85518], [-3.83129, 54.86628], [-3.81998, 54.87857], [-3.81013, 54.8725], [-3.81697, 54.88618], [-3.84431, 54.86628], [-3.83748, 54.85201], [-3.8579, 54.84455], [-3.82387, 54.82469], [-3.88573, 54.80646], [-3.96419, 54.77193], [-4.01131, 54.76825], [-4.04286, 54.76949], [-4.04288, 54.77692], [-4.05576, 54.78252], [-4.04772, 54.81306], [-4.04996, 54.82323], [-4.06359, 54.82685], [-4.06404, 54.83153], [-4.0786, 54.82412], [-4.09008, 54.80976], [-4.0935, 54.79267], [-4.08387, 54.77693], [-4.12295, 54.77303], [-4.17393, 54.79231], [-4.20912, 54.82624], [-4.20055, 54.86628], [-4.23975, 54.84301], [-4.25577, 54.83834], [-4.27073, 54.83944], [-4.35691, 54.86555], [-4.38679, 54.90477], [-4.4029, 54.90729], [-4.4265, 54.86945], [-4.41723, 54.84593], [-4.4029, 54.82469], [-4.37285, 54.82191], [-4.35936, 54.81644], [-4.34766, 54.80731], [-4.34449, 54.7945], [-4.35814, 54.77098], [-4.34388, 54.75641], [-4.35652, 54.74189], [-4.34815, 54.70197], [-4.37163, 54.68247], [-4.3824, 54.68009], [-4.42609, 54.68746], [-4.46117, 54.70124], [-4.49704, 54.70077], [-4.56363, 54.75642], [-4.59667, 54.7753], [-4.71447, 54.81786], [-4.78106, 54.83308], [-4.79963, 54.86127], [-4.82103, 54.86664], [-4.85912, 54.86628], [-4.89166, 54.85622], [-4.89392, 54.85989], [-4.90339, 54.81808], [-4.9177, 54.78942], [-4.93909, 54.76346], [-5.00637, 54.70163], [-5.08965, 54.63787], [-5.13128, 54.6111], [-5.16984, 54.59143], [-5.20302, 54.58179], [-5.22555, 54.58776], [-5.2345, 54.60491], [-5.23707, 54.63133], [-5.22861, 54.69897], [-5.21192, 54.76447], [-5.19798, 54.80224], [-5.1436, 54.86554], [-5.15711, 54.8791], [-5.17556, 54.91486], [-5.17759, 54.99055], [-5.17079, 55.00869], [-5.15672, 55.01653], [-5.12458, 55.01679], [-5.11513, 55.03154], [-5.07762, 54.99407], [-5.07331, 55.00843], [-5.01895, 55.10224], [-5.00778, 55.14117], [-4.94726, 55.16791], [-4.88237, 55.21856], [-4.86726, 55.22248], [-4.8648, 55.24136], [-4.838, 55.284], [-4.83972, 55.31577], [-4.83269, 55.33092], [-4.7731, 55.36937], [-4.74924, 55.41376], [-4.71702, 55.43048], [-4.6505, 55.44847], [-4.62633, 55.46841], [-4.61779, 55.49559], [-4.62678, 55.51972], [-4.65079, 55.53706], [-4.68714, 55.54414], [-4.66625, 55.5622], [-4.67113, 55.58442], [-4.69274, 55.60521], [-4.722, 55.61921], [-4.77652, 55.63288], [-4.81808, 55.6372], [-4.81062, 55.654], [-4.86879, 55.67572], [-4.9205, 55.70856], [-4.87633, 55.73526], [-4.86107, 55.75674], [-4.8653, 55.79047], [-4.88275, 55.82156], [-4.89263, 55.89289], [-4.88644, 55.91966], [-4.87212, 55.93719], [-4.84967, 55.94808], [-4.79939, 55.9579], [-4.72232, 55.94009], [-4.69396, 55.94134], [-4.67251, 55.93378], [-4.50597, 55.91909], [-4.48168, 55.92829], [-4.63004, 55.94628], [-4.67343, 55.96187], [-4.72452, 55.99836], [-4.76504, 56.00707], [-4.78344, 56.01765], [-4.81062, 56.04377], [-4.82433, 56.07852], [-4.83918, 56.08063], [-4.84431, 56.07298], [-4.83755, 56.0506], [-4.79015, 56.0102], [-4.77894, 55.99209], [-4.78532, 55.98405], [-4.80362, 55.98209], [-4.82803, 55.98234], [-4.85154, 55.98803], [-4.86233, 56.00237], [-4.86539, 56.06672], [-4.82632, 56.12421], [-4.75544, 56.18838], [-4.75552, 56.20653], [-4.77994, 56.19147], [-4.85167, 56.11262], [-4.87313, 56.11202], [-4.88061, 56.11986], [-4.87898, 56.15054], [-4.89354, 56.17426], [-4.90709, 56.17707], [-4.92052, 56.16791], [-4.88622, 56.08039], [-4.88915, 56.06485], [-4.90193, 56.06192], [-4.90437, 56.05435], [-4.89267, 55.98974], [-4.90644, 55.98575], [-4.9547, 55.99657], [-4.9547, 55.98973], [-4.9185, 55.97337], [-4.9137, 55.96186], [-4.9174, 55.94746], [-4.94725, 55.92084], [-4.96931, 55.87967], [-4.99474, 55.86983], [-5.02635, 55.87373], [-5.04245, 55.88476], [-5.07079, 55.95869], [-5.11083, 55.98896], [-5.12361, 56.00991], [-5.13964, 56.00275], [-5.08568, 55.93187], [-5.07824, 55.91096], [-5.08655, 55.90128], [-5.10562, 55.90498], [-5.17152, 55.93554], [-5.18065, 55.94843], [-5.18065, 55.96931], [-5.19962, 55.94855], [-5.21264, 55.91714], [-5.24205, 55.89289], [-5.2011, 55.8315], [-5.21938, 55.83146], [-5.29669, 55.8527], [-5.30687, 55.86024], [-5.31339, 55.88544], [-5.33455, 55.89649], [-5.33826, 55.90376], [-5.3382, 55.93168], [-5.32396, 55.95869], [-5.33827, 55.99657], [-5.31363, 56.01236], [-5.2045, 56.11945], [-5.14647, 56.13312], [-5.1046, 56.15152], [-5.04345, 56.2163], [-4.94009, 56.25141], [-4.92052, 56.27778], [-4.97509, 56.24799], [-4.99193, 56.24299], [-5.0327, 56.24116], [-5.06457, 56.22932], [-5.10888, 56.17471], [-5.22814, 56.12922], [-5.31096, 56.05806], [-5.34569, 56.05122], [-5.35625, 56.01997], [-5.36865, 56.00943], [-5.39029, 56.00569], [-5.43383, 56.0102], [-5.43712, 56.03002], [-5.44441, 56.02757], [-5.45499, 55.95563], [-5.43079, 55.94818], [-5.41251, 55.8996], [-5.4004, 55.89289], [-5.40722, 55.87987], [-5.39292, 55.87373], [-5.40722, 55.86628], [-5.35158, 55.83222], [-5.3268, 55.80857], [-5.31788, 55.78282], [-5.32459, 55.76924], [-5.38756, 55.75031], [-5.43346, 55.72102], [-5.46117, 55.68814], [-5.46863, 55.654], [-5.4901, 55.6446], [-5.48231, 55.63288], [-5.48388, 55.61005], [-5.46265, 55.60203], [-5.45508, 55.59174], [-5.46111, 55.57881], [-5.48876, 55.56908], [-5.48231, 55.55028], [-5.50963, 55.51679], [-5.51099, 55.48445], [-5.52326, 55.48265], [-5.56128, 55.43573], [-5.58463, 55.42744], [-5.58462, 55.42121], [-5.5622, 55.4199], [-5.54371, 55.40692], [-5.52668, 55.38028], [-5.51498, 55.37368], [-5.52507, 55.35863], [-5.57398, 55.32224], [-5.61629, 55.3066], [-5.63996, 55.30391], [-5.6809, 55.31135], [-5.72558, 55.29708], [-5.77228, 55.30126], [-5.78293, 55.31377], [-5.79664, 55.37932], [-5.79139, 55.39862], [-5.76342, 55.41206], [-5.71565, 55.4479], [-5.72189, 55.51386], [-5.70775, 55.54336], [-5.72181, 55.5646], [-5.67333, 55.64061], [-5.66942, 55.66071], [-5.68087, 55.67446], [-5.62654, 55.70063], [-5.61301, 55.72598], [-5.58121, 55.75764], [-5.53917, 55.77094], [-5.50463, 55.78937], [-5.4735, 55.81566], [-5.45499, 55.84577], [-5.55175, 55.78364], [-5.59944, 55.76423], [-5.61259, 55.76387], [-5.60578, 55.77684], [-5.64642, 55.7874], [-5.66038, 55.79735], [-5.67404, 55.84577], [-5.63199, 55.88178], [-5.61937, 55.90314], [-5.57103, 55.93452], [-5.59349, 55.92797], [-5.62759, 55.90534], [-5.67171, 55.88692], [-5.68089, 55.88672], [-5.68797, 55.89338], [-5.69638, 55.91596], [-5.58682, 56.01203], [-5.57844, 56.02448], [-5.58267, 56.02896], [-5.57103, 56.03754], [-5.58389, 56.04072], [-5.59445, 56.03661], [-5.62042, 56.01194], [-5.62829, 56.01634], [-5.63175, 56.0059], [-5.67487, 55.97773], [-5.67406, 55.95563], [-5.69449, 55.93452], [-5.70749, 55.94257], [-5.69629, 55.98234], [-5.65203, 56.02961], [-5.71055, 56.06232], [-5.73403, 56.08077], [-5.74022, 56.07648], [-5.78033, 56.02057], [-5.82187, 55.97426], [-5.77336, 55.96985], [-5.75549, 55.95461], [-5.74332, 55.93836], [-5.72679, 55.89987], [-5.72441, 55.87935], [-5.72758, 55.85915], [-5.73759, 55.84015], [-5.75588, 55.82328], [-5.77534, 55.81587], [-5.8491, 55.80271], [-6.01666, 55.7891], [-6.04748, 55.79164], [-6.06789, 55.79917], [-6.08279, 55.81067], [-6.09814, 55.84126], [-6.09973, 55.85824], [-6.09439, 55.89032], [-6.08281, 55.91078], [-6.037, 55.93926], [-5.97598, 55.97023], [-5.98069, 55.96992], [-5.99558, 55.98603], [-5.98325, 56.00885], [-5.95547, 56.03448], [-5.92406, 56.05613], [-5.90395, 56.06484], [-5.87369, 56.07014], [-5.74648, 56.14174], [-5.71593, 56.15314], [-5.69451, 56.1474], [-5.69041, 56.11913], [-5.68281, 56.12085], [-5.60284, 56.11214], [-5.5572, 56.0986], [-5.55106, 56.09326], [-5.53161, 56.08633], [-5.53474, 56.09854], [-5.55053, 56.10643], [-5.55869, 56.1308], [-5.52253, 56.16576], [-5.50963, 56.18838], [-5.53991, 56.18342], [-5.58269, 56.15059], [-5.60576, 56.13998], [-5.58658, 56.18088], [-5.55053, 56.2163], [-5.55941, 56.22956], [-5.54722, 56.24017], [-5.49474, 56.25312], [-5.49926, 56.26765], [-5.51269, 56.27094], [-5.55427, 56.2635], [-5.58235, 56.24878], [-5.59216, 56.24984], [-5.59805, 56.25861], [-5.57258, 56.32807], [-5.54367, 56.35284], [-5.52522, 56.34663], [-5.4982, 56.34833], [-5.44811, 56.35969], [-5.44811, 56.36591], [-5.51537, 56.35684], [-5.53748, 56.35968], [-5.50963, 56.40062], [-5.47802, 56.41291], [-5.48229, 56.42113], [-5.45666, 56.44096], [-5.42357, 56.45001], [-5.32286, 56.45498], [-5.24205, 56.44221], [-5.20873, 56.44684], [-5.18187, 56.45966], [-5.11852, 56.50776], [-5.08568, 56.54877], [-5.06456, 56.56513], [-5.08654, 56.5585], [-5.12597, 56.51048], [-5.1669, 56.49006], [-5.20108, 56.4621], [-5.24376, 56.45922], [-5.35017, 56.47297], [-5.37808, 56.45897], [-5.39426, 56.46549], [-5.41055, 56.50365], [-5.43594, 56.49116], [-5.45499, 56.46957], [-5.46859, 56.47574], [-5.42763, 56.53782], [-5.4038, 56.5246], [-5.37926, 56.51919], [-5.35668, 56.51968], [-5.26504, 56.55121], [-5.24205, 56.56513], [-5.27562, 56.55362], [-5.31094, 56.55207], [-5.37243, 56.53034], [-5.4005, 56.54365], [-5.41393, 56.54466], [-5.3607, 56.60627], [-5.31086, 56.63361], [-5.29845, 56.64643], [-5.31776, 56.65388], [-5.31776, 56.66132], [-5.28677, 56.67498], [-5.2482, 56.67406], [-5.21889, 56.68865], [-5.15331, 56.68122], [-5.09337, 56.69904], [-5.01281, 56.7093], [-4.9956, 56.71597], [-5.16055, 56.69587], [-5.23827, 56.71664], [-5.22842, 56.73648], [-5.15465, 56.78229], [-5.11974, 56.81843], [-5.17907, 56.78925], [-5.20226, 56.76911], [-5.23347, 56.76069], [-5.24205, 56.73648], [-5.26817, 56.71327], [-5.3098, 56.70649], [-5.31918, 56.6975], [-5.34016, 56.69306], [-5.38806, 56.65523], [-5.4344, 56.64289], [-5.44874, 56.62459], [-5.48257, 56.61327], [-5.59961, 56.52905], [-5.67406, 56.49691], [-5.69469, 56.51386], [-5.74083, 56.52327], [-5.77024, 56.53783], [-5.74914, 56.57197], [-5.75666, 56.57197], [-5.79386, 56.54329], [-5.85435, 56.55049], [-6.00341, 56.61872], [-6.00815, 56.64228], [-5.98351, 56.65281], [-5.93322, 56.65469], [-5.89904, 56.65081], [-5.86685, 56.64155], [-5.83918, 56.62653], [-5.8317, 56.63398], [-5.86559, 56.65144], [-5.86581, 56.66132], [-5.76, 56.70075], [-5.7355, 56.70234], [-5.6726, 56.68415], [-5.64737, 56.68122], [-5.59415, 56.68334], [-5.54369, 56.69546], [-5.63654, 56.68867], [-5.65856, 56.69074], [-5.70885, 56.70856], [-5.74999, 56.71454], [-5.85904, 56.68122], [-5.8968, 56.67512], [-5.95556, 56.68867], [-6.02489, 56.6857], [-6.09862, 56.69697], [-6.12385, 56.69562], [-6.16174, 56.67822], [-6.18697, 56.68122], [-6.22275, 56.69547], [-6.23533, 56.71239], [-6.23453, 56.72836], [-6.21532, 56.72964], [-6.18052, 56.75461], [-6.02697, 56.76374], [-5.9652, 56.78484], [-5.94824, 56.78253], [-5.91364, 56.76374], [-5.8522, 56.74698], [-5.85814, 56.76846], [-5.8684, 56.77586], [-5.88632, 56.77742], [-5.88632, 56.78485], [-5.86181, 56.78509], [-5.83918, 56.77741], [-5.8246, 56.78758], [-5.80207, 56.79182], [-5.75666, 56.78486], [-5.83168, 56.80537], [-5.8508, 56.81802], [-5.85117, 56.82892], [-5.83746, 56.83661], [-5.73388, 56.84479], [-5.69274, 56.85493], [-5.66039, 56.87299], [-5.69201, 56.87531], [-5.70849, 56.87055], [-5.72436, 56.85383], [-5.7445, 56.85415], [-5.7839, 56.85994], [-5.7355, 56.89411], [-5.78059, 56.89875], [-5.87487, 56.88716], [-5.92107, 56.89411], [-5.8522, 56.90034], [-5.8522, 56.9077], [-5.88009, 56.92202], [-5.86254, 56.93374], [-5.83168, 56.99713], [-5.78636, 57.02045], [-5.75524, 57.02656], [-5.72933, 57.02382], [-5.6883, 56.98969], [-5.65856, 56.97948], [-5.6256, 56.97663], [-5.57128, 56.98383], [-5.52326, 56.99714], [-5.52326, 57.00397], [-5.57128, 56.99331], [-5.58462, 56.99714], [-5.60709, 56.98851], [-5.62881, 56.99189], [-5.68554, 57.00959], [-5.68004, 57.0362], [-5.70198, 57.04491], [-5.74234, 57.03807], [-5.78017, 57.05175], [-5.7911, 57.05927], [-5.77618, 57.07583], [-5.71564, 57.12005], [-5.6737, 57.11905], [-5.64586, 57.12946], [-5.55826, 57.10041], [-5.45983, 57.0998], [-5.44742, 57.11017], [-5.40038, 57.10639], [-5.40038, 57.11384], [-5.42003, 57.12067], [-5.54064, 57.10639], [-5.58462, 57.13369], [-5.66843, 57.14766], [-5.68088, 57.15791], [-5.67377, 57.17503], [-5.6256, 57.21625], [-5.64415, 57.23322], [-5.62009, 57.25214], [-5.57824, 57.26675], [-5.5437, 57.27089], [-5.44628, 57.22305], [-5.40722, 57.22993], [-5.40722, 57.23672], [-5.45812, 57.24665], [-5.50192, 57.27766], [-5.46483, 57.30663], [-5.44066, 57.31184], [-5.44066, 57.31928], [-5.465, 57.32494], [-5.50617, 57.29816], [-5.57844, 57.27766], [-5.65697, 57.29133], [-5.70007, 57.28361], [-5.72057, 57.28449], [-5.7293, 57.29816], [-5.70196, 57.33234], [-5.65437, 57.35393], [-5.63654, 57.33979], [-5.61319, 57.34199], [-5.50129, 57.371], [-5.45665, 57.39354], [-5.44811, 57.4217], [-5.46508, 57.4239], [-5.53751, 57.37393], [-5.56347, 57.3631], [-5.63992, 57.37393], [-5.60709, 57.38911], [-5.61962, 57.41669], [-5.63996, 57.40803], [-5.70719, 57.35977], [-5.73242, 57.35278], [-5.78457, 57.34859], [-5.80775, 57.35493], [-5.82484, 57.39435], [-5.81119, 57.40119], [-5.82475, 57.41527], [-5.82526, 57.42869], [-5.81119, 57.44221], [-5.85902, 57.45271], [-5.87263, 57.49349], [-5.8522, 57.52412], [-5.8472, 57.55869], [-5.83169, 57.55882], [-5.83916, 57.57929], [-5.8214, 57.58319], [-5.80327, 57.58124], [-5.73257, 57.54523], [-5.71565, 57.5384], [-5.70703, 57.54229], [-5.68977, 57.5279], [-5.63996, 57.51105], [-5.65353, 57.53156], [-5.58153, 57.53839], [-5.51683, 57.53486], [-5.51268, 57.54149], [-5.54312, 57.55536], [-5.58837, 57.56102], [-5.63272, 57.55768], [-5.66038, 57.54459], [-5.69446, 57.56631], [-5.6809, 57.57929], [-5.71421, 57.58272], [-5.76281, 57.63398], [-5.80588, 57.64265], [-5.81117, 57.6551], [-5.80551, 57.66698], [-5.78502, 57.67951], [-5.79074, 57.69598], [-5.75356, 57.70746], [-5.73449, 57.70794], [-5.70499, 57.69013], [-5.69249, 57.69107], [-5.67406, 57.70966], [-5.68516, 57.71142], [-5.72053, 57.73339], [-5.8038, 57.74385], [-5.80126, 57.80044], [-5.81109, 57.83346], [-5.79994, 57.8537], [-5.77651, 57.86789], [-5.75074, 57.87336], [-5.69864, 57.86908], [-5.67408, 57.8605], [-5.67479, 57.82709], [-5.66039, 57.79222], [-5.63736, 57.77424], [-5.60578, 57.77049], [-5.62558, 57.79221], [-5.60326, 57.79108], [-5.58462, 57.78482], [-5.59115, 57.80443], [-5.58528, 57.83145], [-5.59899, 57.84687], [-5.65017, 57.87757], [-5.63996, 57.88784], [-5.65353, 57.89468], [-5.61262, 57.92876], [-5.58731, 57.91511], [-5.55055, 57.9151], [-5.55626, 57.88776], [-5.5279, 57.86758], [-5.48705, 57.85586], [-5.45499, 57.8537], [-5.46116, 57.86049], [-5.44905, 57.86913], [-5.4371, 57.89765], [-5.42763, 57.90826], [-5.41532, 57.90815], [-5.3695, 57.89753], [-5.3275, 57.87328], [-5.29385, 57.86205], [-5.22159, 57.84687], [-5.24755, 57.86701], [-5.27676, 57.87417], [-5.32067, 57.8985], [-5.39288, 57.91819], [-5.39288, 57.9356], [-5.37173, 57.93106], [-5.36619, 57.94304], [-5.34717, 57.9367], [-5.31916, 57.91474], [-5.29735, 57.90827], [-5.25626, 57.9151], [-5.1988, 57.89777], [-5.16226, 57.87849], [-5.11998, 57.86799], [-5.09113, 57.84032], [-5.07079, 57.8332], [-5.09716, 57.87092], [-5.19726, 57.91787], [-5.22159, 57.92133], [-5.22157, 57.92877], [-5.20189, 57.92866], [-5.19396, 57.93598], [-5.2045, 57.96015], [-5.29262, 57.98063], [-5.33389, 58.00853], [-5.35934, 58.01139], [-5.35192, 58.01752], [-5.36693, 58.02888], [-5.38659, 58.03254], [-5.42761, 58.03121], [-5.41393, 58.05231], [-5.44699, 58.08438], [-5.42808, 58.09796], [-5.39006, 58.09218], [-5.3662, 58.06599], [-5.3443, 58.07549], [-5.30077, 58.07014], [-5.27676, 58.08641], [-5.28305, 58.08641], [-5.2788, 58.10537], [-5.29049, 58.12055], [-5.27676, 58.12055], [-5.27676, 58.12739], [-5.29732, 58.13483], [-5.24205, 58.1479], [-5.24206, 58.15534], [-5.29115, 58.15644], [-5.30477, 58.1621], [-5.29735, 58.1684], [-5.3048, 58.17333], [-5.33143, 58.18204], [-5.32396, 58.20311], [-5.34678, 58.20686], [-5.39266, 58.24451], [-5.39206, 58.26137], [-5.37548, 58.26413], [-5.29385, 58.24091], [-5.21605, 58.26141], [-5.19433, 58.25999], [-5.17321, 58.25092], [-5.15252, 58.2647], [-5.12938, 58.27138], [-5.0677, 58.25092], [-5.00244, 58.25091], [-4.93358, 58.22305], [-4.94343, 58.23359], [-4.982, 58.25092], [-4.92675, 58.26459], [-5.00992, 58.27139], [-5.02937, 58.25971], [-5.05012, 58.25991], [-5.09642, 58.27676], [-5.1362, 58.30557], [-5.16013, 58.32661], [-5.17319, 58.35394], [-5.15331, 58.35395], [-5.16289, 58.3745], [-5.14647, 58.39496], [-5.14305, 58.41477], [-5.05797, 58.38727], [-5.01618, 58.38813], [-5.05329, 58.40659], [-5.05704, 58.42219], [-5.07617, 58.4145], [-5.09805, 58.41478], [-5.09803, 58.42218], [-5.08503, 58.42219], [-5.08503, 58.42902], [-5.10551, 58.43651], [-5.05012, 58.4538], [-4.99559, 58.43651], [-5.10552, 58.48738], [-5.10562, 58.50529], [-5.09584, 58.51886], [-5.02798, 58.54409], [-5.01618, 58.55939], [-5.02292, 58.5594], [-5.00493, 58.61774], [-4.98818, 58.62831], [-4.85949, 58.61322], [-4.83594, 58.60504], [-4.81812, 58.59292], [-4.80382, 58.55939], [-4.81811, 58.52464], [-4.79182, 58.54165], [-4.78576, 58.57705], [-4.7716, 58.5904], [-4.77649, 58.60714], [-4.72802, 58.57746], [-4.66004, 58.55585], [-4.66733, 58.53206], [-4.71447, 58.5056], [-4.76098, 58.44798], [-4.74242, 58.44953], [-4.67345, 58.48737], [-4.66684, 58.50291], [-4.61213, 58.52464], [-4.58493, 58.57416], [-4.5601, 58.57986], [-4.47551, 58.56561], [-4.42653, 58.54637], [-4.42653, 58.52465], [-4.44994, 58.5102], [-4.49535, 58.44953], [-4.46117, 58.46247], [-4.43391, 58.48363], [-4.43423, 58.49628], [-4.38238, 58.52464], [-4.34385, 58.53888], [-4.307, 58.54636], [-4.28719, 58.5429], [-4.25731, 58.52798], [-4.23473, 58.52464], [-4.24893, 58.53205], [-4.22101, 58.55194], [-4.17699, 58.54637], [-4.16054, 58.56256], [-4.14932, 58.56561], [-4.08145, 58.56184], [-4.06151, 58.57282], [-4.0488, 58.58958], [-4.02905, 58.59514], [-4.00377, 58.57062], [-3.98143, 58.57306], [-3.89574, 58.56562], [-3.81013, 58.57306], [-3.76696, 58.58373], [-3.69796, 58.61125], [-3.6599, 58.62083], [-3.59756, 58.62713], [-3.56551, 58.6266], [-3.54263, 58.62083], [-3.55626, 58.614], [-3.53205, 58.60212], [-3.44701, 58.61399], [-3.39147, 58.60065], [-3.36408, 58.60082], [-3.35082, 58.62084], [-3.38605, 58.63175], [-3.41289, 58.65558], [-3.37486, 58.67706], [-3.35828, 58.67547], [-3.34057, 58.64814], [-3.30989, 58.64814], [-3.24425, 58.65899], [-3.2041, 58.66111], [-3.15193, 58.64126], [-3.05289, 58.64813], [-3.01914, 58.64032], [-3.0492, 58.58674], [-3.08456, 58.55195], [-3.11803, 58.53205], [-3.12926, 58.51264], [-3.1293, 58.49641], [-3.11872, 58.48444], [-3.09752, 58.47748], [-3.06445, 58.48297], [-3.05688, 58.47766], [-3.05761, 58.45709], [-3.07706, 58.44953], [-3.08636, 58.41422], [-3.12954, 58.36955], [-3.18249, 58.32866], [-3.22093, 58.30545], [-3.385, 58.26459], [-3.4381, 58.23603], [-3.47325, 58.19361], [-3.5153, 58.16841], [-3.73466, 58.07233], [-3.80919, 58.05191], [-3.8275, 58.04206], [-3.85198, 58.00374], [-3.88562, 57.99141], [-3.91731, 57.98745], [-3.99096, 57.9604], [-4.00196, 57.93562], [-4.02306, 57.94306], [-4.01618, 57.94929], [-4.05578, 57.95498], [-4.08438, 57.96418], [-4.0891, 57.96015], [-4.07763, 57.94306], [-4.06265, 57.93696], [-4.01618, 57.9322], [-3.98829, 57.90827], [-4.00894, 57.88959], [-4.00937, 57.86792], [-4.07022, 57.87417], [-4.10512, 57.85371], [-4.13292, 57.85415], [-4.21817, 57.87417], [-4.2989, 57.86278], [-4.32095, 57.87104], [-4.35318, 57.89521], [-4.39241, 57.90827], [-4.33959, 57.86571], [-4.30773, 57.85147], [-4.2694, 57.84687], [-4.20824, 57.8592], [-4.14973, 57.82982], [-4.13345, 57.83015], [-4.13905, 57.84686], [-4.07506, 57.82319], [-4.03991, 57.81818], [-3.9835, 57.84234], [-3.9515, 57.83831], [-3.93373, 57.82567], [-3.94734, 57.81269], [-3.91478, 57.80769], [-3.87768, 57.81672], [-3.84187, 57.83491], [-3.79844, 57.86651], [-3.78606, 57.86541], [-3.77949, 57.85541], [-3.79029, 57.83053], [-3.98828, 57.696], [-4.00805, 57.69379], [-4.02364, 57.69781], [-4.02862, 57.70771], [-4.01618, 57.72333], [-4.04296, 57.73729], [-4.07795, 57.73029], [-4.16823, 57.68952], [-4.25927, 57.67871], [-4.29479, 57.68016], [-4.30885, 57.65486], [-4.33821, 57.64509], [-4.40319, 57.60952], [-4.42846, 57.57754], [-4.37987, 57.58934], [-4.32873, 57.62629], [-4.28311, 57.64142], [-4.24446, 57.66305], [-4.20189, 57.67499], [-4.18232, 57.67281], [-4.16902, 57.66376], [-4.09679, 57.65811], [-4.0678, 57.67241], [-4.00935, 57.68854], [-4.00453, 57.67597], [-4.02527, 57.65522], [-4.0834, 57.62336], [-4.11856, 57.59296], [-4.10499, 57.5793], [-4.15136, 57.57685], [-4.17064, 57.57075], [-4.18749, 57.55882], [-4.17812, 57.54955], [-4.18493, 57.54817], [-4.208, 57.55207], [-4.2626, 57.55207], [-4.2626, 57.54458], [-4.23396, 57.54511], [-4.20802, 57.53841], [-4.24893, 57.49746], [-4.19481, 57.4916], [-4.1739, 57.49746], [-4.14931, 57.51788], [-4.1162, 57.5218], [-4.08298, 57.54441], [-4.03498, 57.55687], [-4.04646, 57.56786], [-4.08383, 57.58612], [-3.96434, 57.59295], [-3.86828, 57.58788], [-3.83747, 57.59296], [-3.68479, 57.65444], [-3.62555, 57.66188], [-3.64562, 57.64142], [-3.63248, 57.63565], [-3.59097, 57.64142], [-3.61155, 57.6681], [-3.57478, 57.66112], [-3.53576, 57.66193], [-3.50544, 57.67866], [-3.49596, 57.69135], [-3.50167, 57.70282], [-3.49184, 57.71311], [-3.46068, 57.70966], [-3.40917, 57.72332], [-3.28475, 57.72043], [-3.21007, 57.694], [-3.07868, 57.66942], [-3.0349, 57.66861], [-2.9945, 57.67552], [-2.91608, 57.70282], [-2.75805, 57.70281], [-2.73107, 57.68854], [-2.70353, 57.69472], [-2.69294, 57.68854], [-2.65892, 57.69744], [-2.57339, 57.68146], [-2.54199, 57.68235], [-2.52611, 57.66861], [-2.49795, 57.68235], [-2.43285, 57.66812], [-2.42552, 57.67572], [-2.39806, 57.66812], [-2.36051, 57.68235], [-2.32897, 57.67406], [-2.31337, 57.68992], [-2.29564, 57.69598], [-2.20995, 57.67552], [-2.18407, 57.67845], [-2.12433, 57.70282], [-2.10852, 57.70493], [-1.99769, 57.70282], [-1.9735, 57.67552], [-1.96129, 57.67471], [-1.94473, 57.68255], [-1.9325, 57.68235], [-1.91421, 57.66474], [-1.86032, 57.6319], [-1.9161, 57.54519], [-2.05813, 57.37928], [-2.13135, 57.32105], [-2.22392, 57.27161], [-2.33301, 57.23261], [-2.45313, 57.20599], [-2.58039, 57.19248], [-2.73208, 57.19435], [-2.68996, 57.31767], [-2.74589, 57.32949], [-2.79828, 57.33153], [-2.85003, 57.32343], [-2.86111, 57.31229], [-2.89745, 57.23294], [-3.03814, 57.08693], [-3.06766, 57.0655], [-3.09574, 57.05466], [-3.17026, 57.03411], [-3.29083, 56.99072], [-3.33961, 56.9555], [-3.36096, 56.93013], [-3.35449, 56.9207], [-3.33609, 56.92048], [-3.20174, 56.9911], [-3.16411, 57.0007], [-3.13814, 57.00209], [-3.13106, 56.99638], [-3.13988, 56.96071], [-3.13465, 56.95101], [-3.11646, 56.94622], [-3.0493, 56.94397], [-3.03123, 56.93646], [-3.02744, 56.92526], [-3.01445, 56.92088], [-3.00049, 56.92424], [-2.94509, 56.97047], [-2.80328, 56.97703], [-2.68533, 56.97304], [-2.57049, 56.95746], [-2.46227, 56.93065], [-2.33524, 56.88358], [-2.26836, 56.84661], [-2.33582, 56.79102], [-2.39184, 56.77119], [-2.42642, 56.75129], [-2.44075, 56.73485], [-2.45167, 56.69099], [-2.48746, 56.65388], [-2.48064, 56.62653], [-2.50406, 56.60883], [-2.51457, 56.5915], [-2.53003, 56.58076], [-2.62377, 56.5434], [-2.64096, 56.52237], [-2.69978, 56.50365], [-2.72766, 56.46956], [-2.73729, 56.46704], [-2.7648, 56.47573], [-3.06062, 56.45173], [-3.09927, 56.44188], [-3.1339, 56.42695], [-3.23819, 56.36774], [-3.28018, 56.3579], [-3.32348, 56.36591], [-3.31151, 56.35651], [-3.29402, 56.35277], [-3.23062, 56.35602], [-2.95027, 56.43187], [-2.93065, 56.44806], [-2.90909, 56.45572], [-2.885, 56.45799], [-2.85009, 56.44204], [-2.81478, 56.44041], [-2.80283, 56.42796], [-2.80828, 56.39106], [-2.83755, 56.36591], [-2.81298, 56.3659], [-2.80281, 56.3454], [-2.77527, 56.33941], [-2.76862, 56.33234], [-2.67716, 56.32843], [-2.65559, 56.32226], [-2.57683, 56.28392], [-2.57683, 56.27778], [-2.63012, 56.24852], [-2.64836, 56.22871], [-2.7202, 56.2163], [-2.78402, 56.1919], [-2.80614, 56.18839], [-2.83071, 56.19075], [-2.89208, 56.20889], [-2.96435, 56.20563], [-2.98243, 56.18912], [-3.03555, 56.16791], [-3.09107, 56.13228], [-3.12755, 56.12287], [-3.16358, 56.06388], [-3.17838, 56.0581], [-3.24844, 56.05598], [-3.34269, 56.02718], [-3.42096, 56.0249], [-3.58259, 56.05174], [-3.67193, 56.05093], [-3.71002, 56.0581], [-3.74543, 56.07221], [-3.81701, 56.11225], [-3.83747, 56.11262], [-3.83747, 56.10643], [-3.76085, 56.07246], [-3.72143, 56.03071], [-3.68665, 56.0307], [-3.66828, 56.01276], [-3.65624, 56.0102], [-3.57738, 56.01703], [-3.40543, 55.98973], [-3.35827, 55.98973], [-3.33105, 55.99408], [-3.30346, 55.97761], [-3.12182, 55.9693], [-3.09073, 55.94819], [-3.07824, 55.94684], [-3.0157, 55.95051], [-2.93993, 55.96931], [-2.91666, 55.98062], [-2.88287, 56.00848], [-2.85798, 56.0102], [-2.87094, 56.03071], [-2.82314, 56.05975], [-2.80316, 56.06476], [-2.6348, 56.05797], [-2.61597, 56.05316], [-2.58755, 56.03095], [-2.56943, 56.02448], [-2.58365, 56.00275], [-2.56957, 55.99994], [-2.54406, 56.00266], [-2.52896, 55.99657], [-2.50792, 56.01018], [-2.4525, 55.98526], [-2.41439, 55.97833], [-2.35094, 55.94819], [-2.30777, 55.935], [-2.13803, 55.91461], [-2.12877, 55.8898], [-2.09949, 55.88177], [-2.0802, 55.86937], [-2.00967, 55.79084], [-1.87786, 55.69489], [-1.8531, 55.65933], [-1.83154, 55.6507], [-1.81648, 55.63288], [-1.79258, 55.64654], [-1.78101, 55.64554], [-1.75651, 55.63361], [-1.74767, 55.61921], [-1.76797, 55.61921], [-1.76797, 55.61298], [-1.75597, 55.60887], [-1.72085, 55.61456], [-1.69913, 55.61297], [-1.63087, 55.5851], [-1.63467, 55.5644], [-1.6172, 55.55028], [-1.63085, 55.54414], [-1.63085, 55.5373], [-1.60295, 55.52362], [-1.61132, 55.50804], [-1.58936, 55.49567], [-1.58497, 55.48371], [-1.58139, 55.41695], [-1.58934, 55.37653], [-1.58332, 55.35472], [-1.5586, 55.32892], [-1.55586, 55.31161], [-1.56823, 55.27961], [-1.55647, 55.25503], [-1.52101, 55.22939], [-1.52916, 55.21625], [-1.50799, 55.19465], [-1.52212, 55.16747], [-1.51793, 55.15713], [-1.49598, 55.13459], [-1.48009, 55.0854], [-1.4596, 55.07859], [-1.41291, 55.00031], [-1.37024, 54.97553], [-1.36268, 54.96479], [-1.35582, 54.90428], [-1.29678, 54.77993], [-1.27546, 54.74844], [-1.24047, 54.72167], [-1.17225, 54.70123], [-1.17225, 54.6938], [-1.19262, 54.69379], [-1.19245, 54.68928], [-1.16472, 54.65276], [-1.18248, 54.63923], [-1.20629, 54.63296], [-1.20372, 54.62572], [-1.18212, 54.61929], [-1.17224, 54.62612], [-1.1647, 54.6118], [-1.15266, 54.61319], [-1.13805, 54.64654], [-1.10363, 54.62466], [-1.04207, 54.61708], [-0.99348, 54.59813], [-0.78792, 54.56077], [-0.56299, 54.47735], [-0.53468, 54.461], [-0.52287, 54.44709], [-0.52042, 54.42007], [-0.46277, 54.38898], [-0.44795, 54.37341], [-0.41854, 54.32423], [-0.41454, 54.29731], [-0.40119, 54.28563], [-0.39076, 54.28351], [-0.39757, 54.26919], [-0.37047, 54.24771], [-0.36278, 54.2425], [-0.32202, 54.23606], [-0.2771, 54.21775], [-0.26037, 54.17699], [-0.23388, 54.16047], [-0.11145, 54.13157], [-0.07554, 54.11213], [-0.16393, 54.0834], [-0.19469, 54.06232], [-0.21947, 54.02277], [-0.19743, 53.99481], [-0.15111, 53.89932], [0.13346, 53.64264], [0.14924, 53.6096], [0.13156, 53.57367], [0.10967, 53.56292], [0.136, 53.61066], [0.12021, 53.61811], [0.03452, 53.64606], [-0.04503, 53.62556], [-0.0926, 53.63115], [-0.13002, 53.64607], [-0.22533, 53.71992], [-0.26036, 53.73542], [-0.30516, 53.73969], [-0.43114, 53.7143], [-0.51049, 53.7143], [-0.54442, 53.70947], [-0.57917, 53.72797], [-0.63703, 53.732], [-0.65836, 53.72797], [-0.72647, 53.70063], [-0.69245, 53.687], [-0.67748, 53.70283], [-0.64986, 53.71059], [-0.61954, 53.71184], [-0.59619, 53.70807], [-0.52994, 53.67768], [-0.48595, 53.69453], [-0.30724, 53.71425], [-0.27938, 53.70709], [-0.18863, 53.62043], [-0.14404, 53.60663], [-0.09594, 53.57714], [-0.04663, 53.57037], [9e-05, 53.53535], [0.09596, 53.48835], [0.15186, 53.47581], [0.1678, 53.4645], [0.17579, 53.43769], [0.21947, 53.4195], [0.21193, 53.41266], [0.22957, 53.40457], [0.25596, 53.37529], [0.34197, 53.22657], [0.35619, 53.18854], [0.35651, 53.14547], [0.32983, 53.0865], [0.28248, 53.07486], [0.19303, 53.0201], [0.16082, 53.00898], [0.08193, 52.93854], [0.06116, 52.92501], [0.02215, 52.91258], [0.00856, 52.89863], [0.01026, 52.88646], [0.04066, 52.88508], [0.09254, 52.89251], [0.10563, 52.88934], [0.1709, 52.86212], [0.24675, 52.79572], [0.26486, 52.80373], [0.32552, 52.80316], [0.34179, 52.79742], [0.36988, 52.77302], [0.38453, 52.76838], [0.37926, 52.79083], [0.43865, 52.84072], [0.44417, 52.86537], [0.47246, 52.9166], [0.48571, 52.93349], [0.52028, 52.95526], [0.56989, 52.96934], [0.62338, 52.97564], [0.67189, 52.97443], [0.66442, 52.98187], [0.68475, 52.98638], [0.7505, 52.97443], [0.83601, 52.97438], [0.96844, 52.9475], [1.01393, 52.96015], [0.99155, 52.96748], [0.96609, 52.96761], [0.96609, 52.97442], [1.27506, 52.92906], [1.39627, 52.8913], [1.64393, 52.77596], [1.67334, 52.75568], [1.69702, 52.73102], [1.74723, 52.62519], [1.74073, 52.60391], [1.74686, 52.58833], [1.74757, 52.53278], [1.77115, 52.48591], [1.7544, 52.46735], [1.72926, 52.4156], [1.72785, 52.39631], [1.68379, 52.32483], [1.63054, 52.27045], [1.63081, 52.19955], [1.58248, 52.08169], [1.50367, 52.06098], [1.48682, 52.04903], [1.47202, 52.05622], [1.46386, 52.03515], [1.42481, 52.00186], [1.3435, 51.94287], [1.33229, 51.9401], [1.26442, 51.99437], [1.23487, 52.00031], [1.18523, 52.02509], [1.15789, 52.02851], [1.15789, 52.02167], [1.21437, 51.99144], [1.27076, 51.98151], [1.27101, 51.95645], [1.25074, 51.95962], [1.20574, 51.95344], [1.16529, 51.96703], [1.0691, 51.95344], [1.09547, 51.94575], [1.26206, 51.93915], [1.28198, 51.94659], [1.27848, 51.92793], [1.19955, 51.87767], [1.22788, 51.86738], [1.26441, 51.864], [1.28662, 51.88164], [1.28824, 51.86058], [1.27636, 51.8448], [1.21924, 51.81184], [1.16781, 51.79024], [1.13542, 51.78173], [1.06544, 51.77531], [1.0373, 51.78218], [0.97983, 51.84357], [0.97706, 51.82461], [0.96233, 51.81396], [0.92514, 51.80256], [0.88697, 51.78213], [0.8737, 51.74731], [0.8357, 51.73371], [0.79176, 51.74116], [0.7671, 51.73945], [0.69858, 51.72004], [0.74927, 51.70847], [0.76075, 51.69269], [0.78908, 51.71014], [0.85304, 51.7189], [0.88356, 51.72687], [0.91237, 51.74151], [0.93027, 51.74344], [0.94555, 51.7337], [0.93816, 51.70637], [0.95181, 51.67841], [0.938, 51.6645], [0.93471, 51.63587], [0.91147, 51.62385], [0.93849, 51.62499], [0.95181, 51.61701], [0.92448, 51.58833], [0.87304, 51.55937], [0.81625, 51.53718], [0.77157, 51.52833], [0.69207, 51.53632], [0.65056, 51.53579], [0.62337, 51.52205], [0.58229, 51.51655], [0.56886, 51.50838], [0.55274, 51.51797], [0.45607, 51.50556], [0.44166, 51.47704], [0.42848, 51.46711], [0.38453, 51.45311], [0.44842, 51.45995], [0.46954, 51.48039], [0.53484, 51.49167], [0.69483, 51.47703], [0.70964, 51.47035], [0.72314, 51.44671], [0.71314, 51.44124], [0.69239, 51.43953], [0.64096, 51.44416], [0.60938, 51.42513], [0.57276, 51.41958], [0.55454, 51.41218], [0.57651, 51.39362], [0.67188, 51.39105], [0.7129, 51.38422], [0.70039, 51.40982], [0.70535, 51.41949], [0.72641, 51.41901], [0.73927, 51.38793], [0.76441, 51.36441], [0.97722, 51.34919], [1.10129, 51.37326], [1.42346, 51.39205], [1.44823, 51.38287], [1.43913, 51.35009], [1.42532, 51.33311], [1.37761, 51.32624], [1.38063, 51.30476], [1.40428, 51.26138], [1.41308, 51.22175], [1.40478, 51.18354], [1.38443, 51.15169], [1.35718, 51.13102], [1.29037, 51.11652], [1.26294, 51.10327], [1.21811, 51.10098], [1.19173, 51.0825], [1.17221, 51.07739], [1.08717, 51.07298], [1.0276, 51.04165], [0.96648, 50.98273], [0.97981, 50.91816], [0.94516, 50.90938], [0.80226, 50.93919], [0.76246, 50.93089], [0.66439, 50.87031], [0.62455, 50.85881], [0.40748, 50.82933], [0.36525, 50.819], [0.34228, 50.79516], [0.30812, 50.78095], [0.271, 50.74739], [0.2336, 50.74704], [0.1683, 50.75983], [0.12209, 50.76082], [0.09555, 50.77505], [0.03421, 50.78102], [-0.17317, 50.82901], [-0.20612, 50.83104], [-0.23314, 50.82194], [-0.26968, 50.83129], [-0.39757, 50.80208], [-0.56896, 50.80207], [-0.73274, 50.76729], [-0.75821, 50.77709], [-0.76757, 50.77473], [-0.7731, 50.76602], [-0.76628, 50.74714], [-0.771, 50.73689], [-0.78995, 50.73006], [-0.81281, 50.73478], [-0.90437, 50.77208], [-0.91147, 50.77782], [-0.90586, 50.78802], [-0.86364, 50.80207], [-0.86364, 50.80825], [-0.90469, 50.82933], [-0.9217, 50.82161], [-0.92894, 50.82283], [-0.91902, 50.83617], [-0.9392, 50.84325], [-0.97077, 50.84699], [-1.02074, 50.84366], [-1.05624, 50.78304], [-1.08275, 50.78096], [-1.10302, 50.79548], [-1.06916, 50.84366], [-1.08731, 50.8498], [-1.1647, 50.84366], [-1.12378, 50.81879], [-1.12492, 50.78873], [-1.13806, 50.78096], [-1.15111, 50.78141], [-1.18561, 50.79243], [-1.19929, 50.80793], [-1.2552, 50.83194], [-1.30141, 50.84366], [-1.33894, 50.87271], [-1.46642, 50.91816], [-1.46642, 50.91193], [-1.42561, 50.90009], [-1.32334, 50.82594], [-1.3143, 50.81216], [-1.31731, 50.80025], [-1.41869, 50.7884], [-1.40496, 50.78097], [-1.40495, 50.77473], [-1.45051, 50.76936], [-1.48755, 50.75773], [-1.52473, 50.76105], [-1.56119, 50.71899], [-1.60212, 50.73176], [-1.69302, 50.73994], [-1.77172, 50.72013], [-1.85741, 50.72696], [-1.89635, 50.71629], [-1.94001, 50.69084], [-1.94929, 50.71332], [-1.9877, 50.72012], [-2.02196, 50.72012], [-2.03897, 50.73994], [-2.08267, 50.69896], [-2.05773, 50.70283], [-2.03563, 50.71331], [-2.00251, 50.6813], [-1.95281, 50.67658], [-1.94589, 50.66885], [-1.95295, 50.65184], [-1.93251, 50.64443], [-1.96728, 50.61709], [-1.96522, 50.60221], [-1.98372, 50.59664], [-2.06558, 50.59558], [-2.15734, 50.62051], [-2.34264, 50.63378], [-2.37707, 50.64753], [-2.39835, 50.64557], [-2.4359, 50.63752], [-2.46007, 50.60651], [-2.46565, 50.58515], [-2.45645, 50.57551], [-2.43124, 50.57025], [-2.42872, 50.55756], [-2.45337, 50.52767], [-2.45953, 50.52767], [-2.46036, 50.5655], [-2.48351, 50.5904], [-2.69294, 50.69282], [-2.86482, 50.73379], [-2.93408, 50.72751], [-2.89422, 50.7882], [-2.86233, 50.82261], [-2.7933, 50.87627], [-2.70961, 50.92022], [-2.61334, 50.95334], [-2.50845, 50.97408], [-2.41412, 50.98486], [-2.24804, 50.98581], [-2.05138, 51.04043], [-1.89545, 51.06183], [-1.78075, 51.06267], [-1.70127, 51.05596], [-1.58154, 51.03166], [-1.51348, 51.00889], [-1.42852, 50.97022], [-1.35643, 50.92244], [-1.29483, 50.86331], [-1.2246, 50.86229], [-1.21497, 50.86689], [-1.17179, 50.92984], [-1.12337, 50.98479], [-1.0306, 51.06826], [-0.97298, 51.10811], [-0.91442, 51.13993], [-0.79239, 51.18942], [-0.65892, 51.15638], [-0.49887, 51.16127], [-0.40708, 51.17994], [-0.29012, 51.19014], [-0.15215, 51.18841], [-0.00315, 51.1746], [0.0007, 51.18717], [-0.0717, 51.23647], [-0.10402, 51.26595], [-0.14556, 51.31774], [-0.11443, 51.31346], [-0.10238, 51.31844], [-0.07615, 51.39247], [-0.03057, 51.45674], [0.03447, 51.51425], [0.19033, 51.6261], [0.32007, 51.70192], [0.35615, 51.76932], [0.4218, 51.84515], [0.47523, 51.96755], [0.52878, 52.06929], [0.52786, 52.08463], [0.56562, 52.13432], [0.5964, 52.16379], [0.64496, 52.19976], [0.7063, 52.25648], [0.78702, 52.30638], [0.83304, 52.32741], [0.93352, 52.36044], [1.07314, 52.38502], [1.1503, 52.47874], [1.16025, 52.5061], [1.15481, 52.55096], [1.06531, 52.59028], [0.96196, 52.58657], [0.93521, 52.56372], [0.84862, 52.50754], [0.49394, 52.30513], [0.47953, 52.28831], [0.47464, 52.27172], [0.47311, 52.19701], [0.45401, 52.1716], [0.40819, 52.15276], [0.26717, 52.13261], [0.24241, 52.12384], [0.20099, 52.08945], [0.13278, 52.01861], [-0.18574, 51.8467], [-0.21546, 51.81574], [-0.26732, 51.74092], [-0.30037, 51.717], [-0.34943, 51.70912], [-0.48451, 51.72572], [-0.53009, 51.72708], [-0.67693, 51.72308], [-0.76518, 51.7138], [-1.05809, 51.66154], [-1.26814, 51.63653], [-1.37952, 51.61664], [-1.40023, 51.60273], [-1.431, 51.55522], [-1.45411, 51.55051], [-1.47929, 51.55747], [-1.50307, 51.57035], [-1.5399, 51.59485], [-1.58295, 51.63396], [-1.616, 51.64682], [-1.67487, 51.6459], [-1.71231, 51.63641], [-1.72282, 51.62295], [-1.72658, 51.58036], [-1.73704, 51.57167], [-1.79488, 51.56843], [-1.88774, 51.5947], [-1.90022, 51.59414], [-1.90746, 51.58592], [-1.89844, 51.56103], [-1.92403, 51.53779], [-1.8574, 51.53006], [-1.81725, 51.51957], [-1.80688, 51.51195], [-1.80702, 51.47817], [-1.82118, 51.45718], [-1.8827, 51.41576], [-1.92053, 51.40227], [-1.95805, 51.39779], [-1.99532, 51.40014], [-2.09709, 51.42434], [-2.11226, 51.40926], [-2.16, 51.37348], [-2.23943, 51.29455], [-2.34777, 51.22401], [-2.43083, 51.18694], [-2.45777, 51.10911], [-2.50387, 51.03804], [-2.49722, 51.03055]], [[-3.2309, 56.80955], [-3.22469, 56.80282], [-3.2129, 56.80093], [-3.18188, 56.80468], [-3.17341, 56.81366], [-3.19121, 56.82569], [-3.20421, 56.82806], [-3.21971, 56.82232], [-3.2309, 56.80955]], [[-3.68199, 52.08549], [-3.71863, 52.07126], [-3.74016, 52.04875], [-3.76918, 51.9856], [-3.75586, 51.97811], [-3.62723, 51.95554], [-3.61391, 51.95792], [-3.57489, 52.00167], [-3.52549, 52.04472], [-3.35934, 52.13013], [-3.31112, 52.18342], [-3.26777, 52.24676], [-3.2523, 52.27949], [-3.25614, 52.28739], [-3.27654, 52.29309], [-3.29808, 52.28881], [-3.35155, 52.21349], [-3.42395, 52.16985], [-3.54402, 52.11626], [-3.68199, 52.08549]], [[-3.52978, 56.5992], [-3.50337, 56.58199], [-3.48224, 56.58488], [-3.48144, 56.6277], [-3.48875, 56.63441], [-3.51128, 56.63386], [-3.52915, 56.62604], [-3.53694, 56.61351], [-3.52978, 56.5992]], [[-3.91019, 55.29724], [-3.90743, 55.30792], [-3.98604, 55.33822], [-4.01711, 55.34728], [-4.02934, 55.34643], [-4.07294, 55.29575], [-4.13467, 55.23923], [-4.12798, 55.23168], [-4.08357, 55.21886], [-4.0553, 55.22375], [-3.986, 55.26455], [-3.91019, 55.29724]], [[-5.88795, 55.97536], [-5.88634, 55.97614], [-5.90032, 55.97522], [-5.88795, 55.97536]]], [[[-4.37755, 54.36188], [-4.3756, 54.34833], [-4.35822, 54.31761], [-4.32471, 54.3102], [-4.31194, 54.28718], [-4.32673, 54.28034], [-4.35128, 54.25558], [-4.37383, 54.28615], [-4.44163, 54.32235], [-4.51736, 54.37367], [-4.44234, 54.40425], [-4.36779, 54.419], [-4.35133, 54.4138], [-4.37755, 54.36188]]], [[[-5.07826, 55.45531], [-5.09204, 55.44612], [-5.16356, 55.43489], [-5.21735, 55.43799], [-5.26346, 55.44734], [-5.34568, 55.48266], [-5.35936, 55.53068], [-5.34569, 55.55028], [-5.38905, 55.59024], [-5.39784, 55.6142], [-5.39288, 55.64655], [-5.37936, 55.66811], [-5.3552, 55.6896], [-5.32432, 55.70502], [-5.29052, 55.70856], [-5.29733, 55.72284], [-5.26318, 55.72284], [-5.19832, 55.70432], [-5.18066, 55.69489], [-5.14587, 55.65469], [-5.12599, 55.60554], [-5.13744, 55.59203], [-5.09425, 55.56655], [-5.09189, 55.54414], [-5.12523, 55.53693], [-5.11974, 55.52363], [-5.07083, 55.50934], [-5.09301, 55.50043], [-5.07826, 55.45531]]], [[[-5.10554, 55.88671], [-5.08121, 55.87972], [-5.07519, 55.85692], [-5.05029, 55.84577], [-5.02177, 55.80539], [-5.01151, 55.77426], [-5.02977, 55.7495], [-5.01136, 55.73769], [-5.01619, 55.72286], [-5.02879, 55.72334], [-5.05028, 55.7495], [-5.11557, 55.78437], [-5.13964, 55.84199], [-5.17421, 55.85538], [-5.1805, 55.86261], [-5.20077, 55.8955], [-5.19953, 55.91108], [-5.1669, 55.92084], [-5.10554, 55.88671]]], [[[-2.96719, 58.81265], [-2.96719, 58.82005], [-3.03553, 58.82006], [-3.03553, 58.82631], [-2.95254, 58.83998], [-2.90698, 58.83807], [-2.88368, 58.83217], [-2.88539, 58.82006], [-2.91942, 58.80646], [-2.91399, 58.78486], [-2.92634, 58.77912], [-2.91106, 58.74868], [-2.91785, 58.73836], [-2.93993, 58.73071], [-2.98776, 58.7574], [-2.98776, 58.76483], [-2.97436, 58.77204], [-3.01566, 58.81263], [-2.99132, 58.80663], [-2.96719, 58.81265]]], [[[-3.15633, 58.78678], [-3.20593, 58.77905], [-3.29929, 58.77913], [-3.32779, 58.81831], [-3.35825, 58.83316], [-3.37876, 58.85359], [-3.37353, 58.86799], [-3.37877, 58.87409], [-3.38573, 58.87539], [-3.39761, 58.86955], [-3.41198, 58.87499], [-3.43015, 58.87483], [-3.43331, 58.88495], [-3.41631, 58.90827], [-3.39321, 58.92022], [-3.33715, 58.92869], [-3.28759, 58.90595], [-3.2461, 58.89618], [-3.19321, 58.85358], [-3.20739, 58.8474], [-3.20739, 58.83999], [-3.18726, 58.83648], [-3.17272, 58.82027], [-3.21548, 58.81428], [-3.23668, 58.80573], [-3.2484, 58.79218], [-3.21849, 58.79328], [-3.16015, 58.80801], [-3.13174, 58.80646], [-3.15633, 58.78678]]], [[[-3.37767, 59.26108], [-3.3666, 59.26998], [-3.3296, 59.28791], [-3.26077, 59.31161], [-3.17445, 59.33429], [-3.10028, 59.34738], [-3.06225, 59.34536], [-3.06305, 59.3387], [-3.13803, 59.26723], [-3.14509, 59.25746], [-3.14198, 59.25357], [-3.09015, 59.26648], [-2.91146, 59.33389], [-2.93109, 59.31258], [-2.8776, 59.30707], [-2.86264, 59.30127], [-2.86081, 59.29659], [-2.87794, 59.26532], [-2.9011, 59.23842], [-2.92835, 59.21564], [-2.94618, 59.20683], [-2.97373, 59.20322], [-3.04304, 59.21416], [-3.07493, 59.2102], [-3.11438, 59.1892], [-3.18049, 59.14424], [-3.15653, 59.14231], [-3.12157, 59.12397], [-3.08454, 59.128], [-3.04922, 59.1081], [-3.0703, 59.10126], [-3.05142, 59.09015], [-2.99453, 59.07331], [-3.00817, 59.06656], [-2.99453, 59.05972], [-3.05371, 59.04728], [-3.06282, 59.04946], [-3.07122, 59.03344], [-3.09096, 59.01875], [-3.1317, 59.00507], [-3.09732, 58.99404], [-3.05972, 58.9914], [-3.01195, 59.01739], [-2.97444, 58.99909], [-2.9331, 59.01129], [-2.89538, 58.99103], [-2.87844, 58.99821], [-2.88537, 58.97712], [-2.86474, 58.97484], [-2.83071, 58.98779], [-2.79015, 58.99225], [-2.7754, 58.98395], [-2.78189, 58.97394], [-2.83755, 58.95038], [-2.82624, 58.93741], [-2.79479, 58.92609], [-2.77538, 58.9287], [-2.79597, 58.95669], [-2.77758, 58.95751], [-2.72765, 58.97088], [-2.71363, 58.96686], [-2.70765, 58.95897], [-2.70656, 58.93244], [-2.7334, 58.92025], [-2.78502, 58.91071], [-2.80803, 58.88802], [-2.82385, 58.88155], [-2.91467, 58.89904], [-2.92644, 58.90466], [-2.98119, 58.96011], [-2.99376, 58.95881], [-3.02384, 58.94051], [-3.04239, 58.94302], [-3.05271, 58.9388], [-3.08454, 58.94302], [-3.07032, 58.92871], [-3.10123, 58.93012], [-3.11319, 58.92666], [-3.11804, 58.91573], [-3.14265, 58.92121], [-3.20278, 58.91593], [-3.22788, 58.9287], [-3.23849, 58.95092], [-3.23534, 58.97256], [-3.20739, 59.00507], [-3.2279, 59.03856], [-3.24584, 59.0305], [-3.24097, 59.01131], [-3.25919, 59.01582], [-3.27579, 59.0113], [-3.26659, 59.00715], [-3.25699, 58.97834], [-3.28942, 58.95669], [-3.28944, 58.9504], [-3.32021, 58.95658], [-3.35486, 58.93911], [-3.39657, 58.92361], [-3.44797, 58.92789], [-3.47944, 58.93887], [-3.49057, 58.94667], [-3.49691, 58.95586], [-3.49717, 58.96627], [-3.47587, 58.98958], [-3.40789, 59.03553], [-3.36381, 59.05711], [-3.34491, 59.05959], [-3.35019, 59.09797], [-3.32378, 59.12742], [-3.27928, 59.14353], [-3.25897, 59.14559], [-3.25927, 59.16399], [-3.2672, 59.16962], [-3.28279, 59.16503], [-3.41829, 59.08805], [-3.43637, 59.08333], [-3.44359, 59.09578], [-3.44526, 59.11403], [-3.43471, 59.16187], [-3.41023, 59.21485], [-3.37767, 59.26108]]], [[[-2.59948, 59.09589], [-2.61437, 59.10724], [-2.63443, 59.10863], [-2.65184, 59.10126], [-2.64918, 59.08552], [-2.67072, 59.08154], [-2.68608, 59.08918], [-2.6655, 59.10809], [-2.62243, 59.11644], [-2.61779, 59.128], [-2.66548, 59.15522], [-2.61332, 59.16156], [-2.61779, 59.14842], [-2.5937, 59.1488], [-2.58457, 59.14286], [-2.5952, 59.12954], [-2.58365, 59.12055], [-2.55594, 59.12167], [-2.54239, 59.10297], [-2.52083, 59.09035], [-2.53263, 59.08357], [-2.57604, 59.08006], [-2.5973, 59.07333], [-2.59948, 59.09589]]], [[[-3.12041, 59.17658], [-3.10239, 59.19024], [-3.0742, 59.19748], [-3.0492, 59.19684], [-3.04255, 59.18635], [-3.02912, 59.18236], [-2.9803, 59.18745], [-2.95297, 59.18317], [-2.95386, 59.17675], [-2.97716, 59.1634], [-2.97527, 59.13378], [-3.00479, 59.12801], [-3.06558, 59.13361], [-3.09177, 59.14282], [-3.11472, 59.15857], [-3.12041, 59.17658]]], [[[-2.78596, 59.19684], [-2.79188, 59.23695], [-2.73282, 59.21738], [-2.7611, 59.1931], [-2.75894, 59.16421], [-2.75109, 59.15607], [-2.73451, 59.15521], [-2.73451, 59.14843], [-2.78092, 59.14146], [-2.78884, 59.14518], [-2.80163, 59.16816], [-2.83005, 59.17577], [-2.83005, 59.19682], [-2.80712, 59.1918], [-2.78596, 59.19684]]], [[[-2.87232, 59.2571], [-2.84883, 59.25214], [-2.88534, 59.23045], [-2.87232, 59.2571]]], [[[20.87866, 38.58443], [20.87063, 38.58252], [20.87007, 38.60327], [20.90383, 38.64276], [20.94516, 38.65248], [20.95166, 38.64923], [20.95288, 38.63886], [20.94165, 38.6274], [20.89812, 38.60602], [20.87866, 38.58443]]], [[[20.80002, 38.59547], [20.78713, 38.59981], [20.75173, 38.62605], [20.73699, 38.65217], [20.7467, 38.66352], [20.78305, 38.67498], [20.80501, 38.66567], [20.78858, 38.64473], [20.76287, 38.63911], [20.75961, 38.62739], [20.80002, 38.59547]]], [[[20.69532, 38.63841], [20.69704, 38.63461], [20.63296, 38.71367], [20.60256, 38.78172], [20.61215, 38.78583], [20.64528, 38.82819], [20.68628, 38.85007], [20.6902, 38.84138], [20.70215, 38.83697], [20.71778, 38.8227], [20.72933, 38.78172], [20.72389, 38.76996], [20.72971, 38.73564], [20.69695, 38.68985], [20.69874, 38.68281], [20.70606, 38.68041], [20.72249, 38.70725], [20.72073, 38.63862], [20.71598, 38.62703], [20.70949, 38.62569], [20.70216, 38.63841], [20.69532, 38.63841]]], [[[20.3362, 40.48732], [20.35349, 40.45019], [20.40131, 40.38456], [20.45038, 40.27785], [20.47128, 40.24895], [20.48312, 40.24204], [20.56906, 40.22824], [20.59923, 40.21589], [20.64541, 40.15483], [20.65642, 40.13086], [20.65646, 40.11631], [20.62588, 40.11962], [20.5648, 40.1431], [20.49913, 40.17747], [20.41895, 40.23036], [20.39539, 40.25943], [20.34639, 40.3542], [20.20626, 40.4679], [20.13797, 40.56456], [20.12464, 40.59416], [20.12566, 40.6096], [20.14575, 40.63996], [20.17389, 40.65097], [20.23592, 40.65603], [20.2805, 40.65474], [20.31827, 40.64868], [20.33304, 40.64208], [20.36734, 40.61573], [20.38948, 40.58323], [20.38123, 40.56044], [20.34096, 40.51466], [20.33443, 40.5034], [20.33218, 40.49226], [20.33777, 40.47511], [20.33219, 40.49226], [20.34098, 40.51466], [20.37196, 40.54896], [20.38125, 40.56045], [20.38758, 40.57188], [20.3895, 40.58323], [20.38912, 40.58512], [20.38115, 40.60015], [20.39301, 40.58075], [20.39158, 40.56701], [20.34498, 40.50975], [20.3362, 40.48732]]], [[[19.26126, 40.50552], [19.26402, 40.51202], [19.27105, 40.51313], [19.27491, 40.50694], [19.29154, 40.49468], [19.27175, 40.48913], [19.26126, 40.50552]]], [[[19.72551, 41.09474], [19.68948, 41.01114], [19.65217, 40.95899], [19.61727, 40.9204], [19.59943, 40.79312], [19.5653, 40.70538], [19.53413, 40.65834], [19.48314, 40.60062], [19.44451, 40.56944], [19.4157, 40.58348], [19.39161, 40.57831], [19.3864, 40.55076], [19.37924, 40.56615], [19.30439, 40.65314], [19.30935, 40.66502], [19.35157, 40.69416], [19.36052, 40.70978], [19.36884, 40.80215], [19.37779, 40.81296], [19.40675, 40.82075], [19.39326, 40.84492], [19.41424, 40.86884], [19.38121, 40.90827], [19.40496, 40.91816], [19.42458, 40.93963], [19.44089, 40.9486], [19.42701, 40.93684], [19.43538, 40.9134], [19.42726, 40.89338], [19.42726, 40.87226], [19.43474, 40.87226], [19.43783, 40.88653], [19.44093, 40.87226], [19.45412, 40.8858], [19.5066, 40.9051], [19.52345, 40.92064], [19.52516, 40.94526], [19.50147, 40.98298], [19.49545, 41.00263], [19.49203, 40.97696], [19.47965, 40.95393], [19.45387, 40.92399], [19.44776, 40.93431], [19.46998, 40.95673], [19.47722, 40.975], [19.47495, 40.99579], [19.44777, 41.00947], [19.44062, 41.02066], [19.45639, 41.10668], [19.44192, 41.14386], [19.46372, 41.15131], [19.46877, 41.18756], [19.50953, 41.23729], [19.51661, 41.25641], [19.51336, 41.27668], [19.50294, 41.29414], [19.48805, 41.30646], [19.43166, 41.31372], [19.41897, 41.32258], [19.41424, 41.3828], [19.41082, 41.39167], [19.39602, 41.40205], [19.39326, 41.41348], [19.40642, 41.40038], [19.42872, 41.40131], [19.44516, 41.41519], [19.44094, 41.44086], [19.48927, 41.46613], [19.50864, 41.48688], [19.51661, 41.51341], [19.51417, 41.52998], [19.46823, 41.55412], [19.44096, 41.58538], [19.52809, 41.57657], [19.5652, 41.58511], [19.57307, 41.59892], [19.63353, 41.49837], [19.69487, 41.37003], [19.72906, 41.26274], [19.73607, 41.15632], [19.72551, 41.09474]]], [[[19.08254, 42.08121], [19.07528, 42.09652], [19.13131, 42.06805], [19.21923, 42.00391], [19.27002, 41.94836], [19.30011, 41.89826], [19.22023, 41.91886], [19.17027, 41.93798], [19.1623, 41.94795], [19.16033, 41.96898], [19.13797, 41.9853], [19.14357, 41.99307], [19.13917, 42.04243], [19.08254, 42.08121]]], [[[15.49284, 42.12384], [15.49674, 42.11603], [15.48471, 42.10144], [15.47773, 42.10412], [15.47819, 42.11326], [15.49284, 42.12384]]], [[[18.23895, 42.55908], [18.23087, 42.56791], [18.31345, 42.52335], [18.23895, 42.55908]]], [[[17.84654, 42.73381], [17.91133, 42.70634], [17.91089, 42.70511], [17.90544, 42.7006], [17.84654, 42.73381]]], [[[17.74884, 42.69458], [17.38592, 42.77094], [17.37379, 42.76001], [17.35378, 42.76668], [17.32376, 42.79083], [17.37348, 42.80255], [17.39232, 42.80169], [17.37159, 42.79084], [17.39332, 42.79116], [17.41245, 42.784], [17.41993, 42.79083], [17.43686, 42.78262], [17.48601, 42.78216], [17.52369, 42.76484], [17.57447, 42.7575], [17.59749, 42.74982], [17.59067, 42.74299], [17.6482, 42.73851], [17.65894, 42.74298], [17.67937, 42.72988], [17.73047, 42.71344], [17.74884, 42.69458]]], [[[16.81886, 42.76935], [16.80301, 42.7635], [16.81024, 42.77533], [16.85816, 42.78399], [16.92107, 42.77715], [16.93392, 42.77094], [16.93636, 42.75552], [16.92464, 42.74141], [16.90544, 42.73177], [16.88495, 42.72941], [16.88217, 42.7364], [16.85816, 42.74299], [16.84766, 42.7336], [16.83432, 42.73095], [16.82082, 42.73608], [16.80984, 42.74982], [16.82228, 42.75511], [16.82407, 42.76406], [16.81886, 42.76935]]], [[[16.51856, 42.77345], [16.53417, 42.76288], [16.52556, 42.75704], [16.51043, 42.75975], [16.48936, 42.74671], [16.48619, 42.75165], [16.50694, 42.77158], [16.51856, 42.77345]]], [[[17.24024, 43.02277], [17.39021, 42.97781], [17.4541, 42.94228], [17.45813, 42.92493], [17.45026, 42.91414], [17.455, 42.90729], [17.6379, 42.82229], [17.58009, 42.84125], [17.52524, 42.84863], [17.44045, 42.87336], [17.44272, 42.89863], [17.41725, 42.9112], [17.35093, 42.92179], [17.27133, 42.96337], [17.23749, 42.97139], [17.21388, 42.98261], [17.09539, 42.98444], [17.04615, 42.99506], [17.02753, 43.00358], [17.01808, 43.01399], [17.02817, 43.02416], [17.02817, 43.03099], [17.01882, 43.03409], [17.00167, 43.05149], [17.02312, 43.04864], [17.05567, 43.02896], [17.07325, 43.02416], [17.1587, 43.03098], [17.24024, 43.02277]]], [[[16.89869, 42.90584], [16.85141, 42.90071], [16.69142, 42.92821], [16.67286, 42.92674], [16.67261, 42.92179], [16.63846, 42.93476], [16.7068, 42.9621], [16.7068, 42.96955], [16.63171, 42.98261], [16.65269, 42.99236], [16.72047, 42.99005], [16.76856, 42.97224], [16.82407, 42.9621], [16.87867, 42.9621], [16.91554, 42.9745], [17.03207, 42.98261], [17.1111, 42.9643], [17.13183, 42.96955], [17.16432, 42.94147], [17.20019, 42.92178], [17.19337, 42.91431], [17.17433, 42.92202], [17.10743, 42.9143], [17.01531, 42.92862], [16.97291, 42.9267], [16.89869, 42.90584]]], [[[16.00279, 42.99261], [16.02034, 42.98594], [16.01807, 42.95728], [16.00945, 42.96101], [15.99295, 42.95231], [16.00279, 42.99261]]], [[[15.76391, 43.02286], [15.73813, 43.01461], [15.72138, 43.01814], [15.72569, 43.02516], [15.75001, 43.03322], [15.76587, 43.03139], [15.76391, 43.02286]]], [[[16.07911, 43.05329], [16.06317, 43.05151], [16.04902, 43.065], [16.09254, 43.08274], [16.13057, 43.08844], [16.1705, 43.08762], [16.19971, 43.0794], [16.19288, 43.07197], [16.21583, 43.07916], [16.2282, 43.07867], [16.24122, 43.07197], [16.24985, 43.0794], [16.25487, 43.06855], [16.21029, 43.03328], [16.12135, 43.01339], [16.08717, 43.01147], [16.06319, 43.0174], [16.08448, 43.02595], [16.08709, 43.04141], [16.07911, 43.05329]]], [[[16.66002, 43.08947], [16.68222, 43.09955], [16.69777, 43.09573], [16.72551, 43.09649], [16.73795, 43.09235], [16.73852, 43.08683], [16.71973, 43.08187], [16.67351, 43.0845], [16.66002, 43.08947]]], [[[16.68629, 43.18183], [16.72771, 43.16462], [16.84815, 43.16234], [16.86443, 43.16884], [16.87843, 43.15884], [16.89674, 43.15477], [16.95875, 43.1524], [17.01856, 43.14086], [17.10942, 43.14377], [17.15494, 43.14035], [17.19332, 43.12727], [16.67018, 43.12549], [16.55983, 43.14298], [16.47535, 43.16649], [16.44517, 43.17081], [16.42726, 43.17988], [16.37161, 43.19551], [16.38069, 43.20198], [16.41529, 43.19847], [16.43979, 43.20977], [16.44606, 43.20234], [16.4603, 43.21595], [16.4603, 43.20978], [16.49643, 43.21807], [16.55494, 43.18793], [16.58326, 43.18867], [16.52055, 43.22898], [16.56275, 43.22898], [16.58326, 43.21597], [16.61612, 43.22354], [16.65951, 43.21596], [16.69311, 43.18866], [16.6936, 43.18401], [16.68629, 43.18183]]], [[[16.89233, 43.3122], [16.87232, 43.288], [16.86443, 43.29169], [16.8459, 43.27333], [16.81285, 43.26776], [16.62827, 43.26375], [16.56398, 43.27009], [16.50075, 43.28426], [16.4219, 43.31758], [16.40582, 43.33268], [16.41944, 43.32518], [16.42628, 43.32518], [16.42678, 43.33148], [16.43979, 43.33271], [16.43492, 43.34642], [16.45346, 43.35318], [16.4263, 43.3941], [16.44703, 43.39483], [16.49391, 43.38231], [16.688, 43.37696], [16.80981, 43.35317], [16.80982, 43.34638], [16.79615, 43.34638], [16.81625, 43.34024], [16.83033, 43.34637], [16.85817, 43.32518], [16.88509, 43.32196], [16.89233, 43.3122]]], [[[16.29792, 43.40374], [16.30275, 43.38727], [16.32984, 43.3897], [16.39143, 43.34638], [16.37598, 43.33345], [16.34895, 43.33863], [16.28175, 43.36937], [16.23227, 43.38447], [16.20706, 43.38728], [16.20641, 43.39181], [16.21323, 43.39411], [16.20047, 43.40705], [16.20559, 43.4129], [16.27702, 43.41192], [16.29792, 43.40374]]], [[[16.1648, 43.43302], [16.14812, 43.43537], [16.14144, 43.4294], [16.11501, 43.42944], [16.12165, 43.44792], [16.13754, 43.44973], [16.1345, 43.45616], [16.14942, 43.459], [16.16536, 43.44973], [16.1704, 43.43607], [16.1648, 43.43302]]], [[[16.24807, 43.50828], [16.26442, 43.51287], [16.31031, 43.50775], [16.37523, 43.49017], [16.37077, 43.48433], [16.33363, 43.48141], [16.28199, 43.48794], [16.24643, 43.48144], [16.21145, 43.49006], [16.21178, 43.49554], [16.2435, 43.49494], [16.25221, 43.49994], [16.24807, 43.50828]]], [[[16.03685, 43.85149], [16.25347, 43.79015], [16.32195, 43.78233], [16.56187, 43.93298], [16.6048, 43.90107], [16.63736, 43.86841], [16.6786, 43.84068], [16.69824, 43.78808], [16.7126, 43.77152], [16.82381, 43.70731], [16.98194, 43.58969], [17.03052, 43.54848], [17.08457, 43.51324], [17.14276, 43.48934], [17.2395, 43.47841], [17.2705, 43.46321], [17.28642, 43.43738], [17.26761, 43.35332], [17.28993, 43.30343], [17.32869, 43.26036], [17.36941, 43.23256], [17.40021, 43.21604], [17.42677, 43.16571], [17.44207, 43.15243], [17.5757, 43.08779], [17.52385, 43.02324], [17.49766, 42.97307], [17.47475, 43.00098], [17.47089, 43.01341], [17.47918, 43.02241], [17.50196, 43.03099], [17.48797, 43.03498], [17.43374, 43.01744], [17.46022, 43.03099], [17.43231, 43.03621], [17.42613, 43.04464], [17.4336, 43.0515], [17.42612, 43.06517], [17.40455, 43.05151], [17.37087, 43.07389], [17.31625, 43.12726], [17.17266, 43.18172], [17.11417, 43.21307], [17.10027, 43.23168], [17.07377, 43.23886], [17.06695, 43.24461], [17.05621, 43.25725], [17.04949, 43.27802], [17.02818, 43.28425], [16.93393, 43.3736], [16.88063, 43.40595], [16.75245, 43.41951], [16.69386, 43.4383], [16.62583, 43.44905], [16.53485, 43.49714], [16.52467, 43.51081], [16.5044, 43.50399], [16.46656, 43.51081], [16.39146, 43.51082], [16.39146, 43.51764], [16.43426, 43.52188], [16.4734, 43.53815], [16.43385, 43.54975], [16.33676, 43.55117], [16.29959, 43.53822], [16.23959, 43.52657], [16.11769, 43.52448], [16.11769, 43.51765], [16.15073, 43.51138], [16.16487, 43.50409], [16.17235, 43.4897], [16.11085, 43.48969], [16.11311, 43.47892], [16.06617, 43.48969], [16.03957, 43.4908], [16.01401, 43.50397], [16.00782, 43.50397], [16.00782, 43.49715], [15.99578, 43.50336], [15.97348, 43.50313], [15.96632, 43.51081], [15.96437, 43.50391], [15.9595, 43.50398], [15.96129, 43.51503], [15.98365, 43.52106], [15.98699, 43.52729], [15.98227, 43.5373], [15.98731, 43.54491], [15.95949, 43.53817], [15.95623, 43.54792], [15.94809, 43.55288], [15.92534, 43.55858], [15.94191, 43.56], [15.94418, 43.56672], [15.9354, 43.57294], [15.91799, 43.57291], [15.91799, 43.57908], [15.93214, 43.58658], [15.918, 43.59333], [15.9253, 43.59956], [15.918, 43.60639], [15.9253, 43.61384], [15.91897, 43.62873], [15.92954, 43.63422], [15.96632, 43.63373], [15.96632, 43.64118], [15.90484, 43.64803], [15.91676, 43.65362], [15.94239, 43.64802], [15.95297, 43.65086], [15.95143, 43.65742], [15.93216, 43.66845], [15.94597, 43.67231], [15.9524, 43.67976], [15.95045, 43.68854], [15.93898, 43.69644], [15.93971, 43.67764], [15.93116, 43.6765], [15.89291, 43.70051], [15.87078, 43.70319], [15.84401, 43.72993], [15.79217, 43.75446], [15.77101, 43.75996], [15.70632, 43.76342], [15.69265, 43.77461], [15.68214, 43.79719], [15.63299, 43.81045], [15.61745, 43.8255], [15.6631, 43.81297], [15.67888, 43.81184], [15.67888, 43.81928], [15.66578, 43.81928], [15.63885, 43.83613], [15.57407, 43.85953], [15.54519, 43.87764], [15.51222, 43.91108], [15.47326, 43.91926], [15.4551, 43.92805], [15.43873, 43.94965], [15.35808, 44.0257], [15.33961, 44.03937], [15.31952, 44.04524], [15.27833, 44.0856], [15.23325, 44.12092], [15.21291, 44.13106], [15.20885, 44.13817], [15.21274, 44.14826], [15.14456, 44.19546], [15.16041, 44.2132], [15.15219, 44.2353], [15.13152, 44.25462], [15.11038, 44.26435], [15.13246, 44.27906], [15.16501, 44.26128], [15.17661, 44.24994], [15.18343, 44.2521], [15.41076, 44.13612], [15.54209, 44.04126], [15.69149, 44.00396], [15.78864, 43.96989], [15.86343, 43.93148], [15.94036, 43.87306], [16.03685, 43.85149]]], [[[15.65015, 43.67303], [15.67888, 43.64802], [15.74029, 43.62754], [15.68133, 43.64033], [15.67205, 43.63745], [15.60379, 43.67471], [15.61134, 43.6821], [15.61549, 43.67699], [15.65015, 43.67303]]], [[[15.84166, 43.70729], [15.86187, 43.68939], [15.86841, 43.66259], [15.86338, 43.66268], [15.82604, 43.69225], [15.82408, 43.70001], [15.84166, 43.70729]]], [[[15.68313, 43.6997], [15.67329, 43.71386], [15.68242, 43.71733], [15.71355, 43.69196], [15.72631, 43.69], [15.7198, 43.67281], [15.69696, 43.68143], [15.69469, 43.68547], [15.70379, 43.68907], [15.68313, 43.6997]]], [[[15.66601, 43.76647], [15.65984, 43.76395], [15.63112, 43.77144], [15.6089, 43.79381], [15.59963, 43.79415], [15.58091, 43.80875], [15.56749, 43.83201], [15.58627, 43.82294], [15.59473, 43.83144], [15.60483, 43.8242], [15.61004, 43.80911], [15.62794, 43.7982], [15.64096, 43.79784], [15.66601, 43.76647]]], [[[15.22781, 43.87445], [15.24073, 43.88075], [15.26123, 43.86709], [15.26637, 43.857], [15.34217, 43.81201], [15.39556, 43.77247], [15.30894, 43.80562], [15.28842, 43.82551], [15.24763, 43.84927], [15.22781, 43.87445]]], [[[15.3897, 43.94696], [15.39763, 43.9372], [15.42676, 43.92206], [15.44604, 43.88754], [15.40708, 43.89616], [15.39772, 43.90811], [15.35866, 43.91939], [15.34996, 43.92915], [15.35678, 43.93537], [15.30959, 43.95845], [15.29713, 43.9781], [15.26126, 44.01105], [15.29607, 44.00571], [15.34995, 43.9763], [15.38405, 43.97015], [15.3897, 43.94696]]], [[[15.22021, 43.9012], [15.19549, 43.89521], [15.14552, 43.9239], [15.13331, 43.92121], [15.14454, 43.90811], [15.17555, 43.89094], [15.19677, 43.88638], [15.1945, 43.87264], [15.13627, 43.90316], [15.10685, 43.92524], [15.04283, 43.99043], [15.0031, 44.05231], [14.98308, 44.06631], [14.9551, 44.0756], [14.87013, 44.14082], [14.86297, 44.16104], [14.84964, 44.1756], [14.86328, 44.17559], [14.88282, 44.15917], [14.93912, 44.12714], [14.95444, 44.10322], [14.99383, 44.08784], [15.00731, 44.09298], [15.0005, 44.07941], [15.01441, 44.07794], [15.0227, 44.0722], [15.03191, 44.03636], [15.04135, 44.02644], [15.08823, 43.98965], [15.11377, 43.98378], [15.14454, 43.94965], [15.2168, 43.91278], [15.22021, 43.9012]]], [[[15.10849, 44.05402], [15.14722, 44.02561], [15.15941, 43.99896], [15.07758, 44.05309], [15.07075, 44.07579], [15.07294, 44.08074], [15.1001, 44.0685], [15.10849, 44.05402]]], [[[15.12185, 44.09224], [15.08709, 44.12373], [15.06871, 44.13398], [15.07553, 44.14082], [15.06254, 44.1619], [15.22575, 44.06622], [15.24707, 44.04669], [15.2544, 44.01791], [15.22332, 44.05028], [15.20656, 44.04524], [15.19907, 44.05882], [15.18914, 44.04781], [15.12185, 44.09224]]], [[[14.84278, 44.14826], [14.85727, 44.15204], [14.86915, 44.14053], [14.85613, 44.13688], [14.83522, 44.14168], [14.81985, 44.15303], [14.82244, 44.16865], [14.8274, 44.1579], [14.84278, 44.14826]]], [[[14.75993, 44.25985], [14.74856, 44.26167], [14.73814, 44.27212], [14.73956, 44.27996], [14.75318, 44.28351], [14.7532, 44.29099], [14.75977, 44.29205], [14.79166, 44.27252], [14.78971, 44.26692], [14.76596, 44.26504], [14.75993, 44.25985]]], [[[15.08782, 44.29894], [15.06934, 44.28588], [15.04348, 44.28967], [15.03046, 44.29813], [15.0255, 44.31509], [15.03094, 44.32672], [15.04549, 44.32566], [15.11159, 44.30296], [15.12825, 44.28381], [15.11689, 44.28169], [15.11061, 44.29149], [15.08782, 44.29894]]], [[[14.64377, 44.32556], [14.66137, 44.30866], [14.6574, 44.30526], [14.59912, 44.3389], [14.59509, 44.34709], [14.64377, 44.32556]]], [[[14.81119, 44.35005], [14.80103, 44.3431], [14.78491, 44.347], [14.75621, 44.364], [14.76776, 44.38732], [14.76345, 44.41534], [14.78289, 44.41892], [14.80327, 44.4053], [14.80501, 44.39574], [14.79672, 44.38129], [14.81119, 44.35005]]], [[[14.69298, 44.35986], [14.67986, 44.3887], [14.66758, 44.39221], [14.66148, 44.39981], [14.6726, 44.41219], [14.70166, 44.40159], [14.70208, 44.37796], [14.72225, 44.36351], [14.72306, 44.35172], [14.71372, 44.35127], [14.69298, 44.35986]]], [[[14.93337, 44.41072], [14.89315, 44.44166], [14.88837, 44.45622], [14.96241, 44.40456], [14.96086, 44.40011], [14.95411, 44.40778], [14.93337, 44.41072]]], [[[15.04671, 44.4408], [15.062, 44.39587], [15.04901, 44.39469], [15.02076, 44.43], [14.95883, 44.4667], [14.89749, 44.49092], [14.89749, 44.49705], [14.91863, 44.50454], [14.87763, 44.55134], [14.87696, 44.55976], [14.76149, 44.65864], [14.74368, 44.68049], [14.73367, 44.70318], [14.7414, 44.70146], [14.78016, 44.66929], [14.84522, 44.60053], [14.8838, 44.57966], [14.88015, 44.60919], [14.90406, 44.61], [14.93849, 44.59396], [14.9663, 44.57342], [14.98911, 44.54662], [15.0154, 44.53342], [15.02561, 44.50334], [15.00733, 44.50454], [15.01417, 44.51874], [14.92856, 44.55231], [14.91114, 44.55231], [14.91114, 44.54548], [14.96599, 44.52387], [15.04671, 44.4408]]], [[[15.00241, 44.57694], [14.90156, 44.68997], [14.88382, 44.72362], [14.89519, 44.73615], [14.88384, 44.78855], [14.8814, 44.84435], [14.89653, 44.89888], [14.95986, 44.73038], [15.00241, 44.57694]]], [[[14.85132, 44.7371], [14.85904, 44.71735], [14.84962, 44.70321], [14.77296, 44.76032], [14.74049, 44.77827], [14.74293, 44.76577], [14.75403, 44.75779], [14.72495, 44.76765], [14.69948, 44.76522], [14.65792, 44.79877], [14.68287, 44.79876], [14.70574, 44.79255], [14.69949, 44.81304], [14.71998, 44.79877], [14.72682, 44.79877], [14.70582, 44.82685], [14.69208, 44.83349], [14.68582, 44.84714], [14.72682, 44.84028], [14.72, 44.85463], [14.73902, 44.85341], [14.753, 44.84599], [14.7561, 44.83568], [14.74049, 44.82665], [14.74049, 44.8205], [14.82264, 44.7712], [14.85132, 44.7371]]], [[[14.80705, 44.92047], [14.82858, 44.90355], [14.83577, 44.88684], [14.7784, 44.90863], [14.76801, 44.9178], [14.76793, 44.92853], [14.77329, 44.93365], [14.80705, 44.92047]]], [[[14.74724, 44.97004], [14.74724, 44.96381], [14.76074, 44.95514], [14.75655, 44.94864], [14.7234, 44.94336], [14.70672, 44.94666], [14.65789, 44.97004], [14.62893, 44.97818], [14.6238, 45.00123], [14.62631, 45.03726], [14.62086, 45.0456], [14.60328, 45.03897], [14.60328, 45.03217], [14.61695, 45.02464], [14.59031, 45.0233], [14.51026, 45.03223], [14.48537, 45.03804], [14.46014, 45.0524], [14.42508, 45.08735], [14.44159, 45.09979], [14.46266, 45.10102], [14.46707, 45.12408], [14.47608, 45.12825], [14.51401, 45.12906], [14.53012, 45.13483], [14.52127, 45.14883], [14.53956, 45.1704], [14.53689, 45.20172], [14.54802, 45.21027], [14.54981, 45.22142], [14.54379, 45.23575], [14.53456, 45.2377], [14.54885, 45.24871], [14.56336, 45.24973], [14.59585, 45.23754], [14.5822, 45.23753], [14.62377, 45.17549], [14.59742, 45.16645], [14.61256, 45.15925], [14.64373, 45.15681], [14.66528, 45.1618], [14.6709, 45.14346], [14.65895, 45.10834], [14.66529, 45.08735], [14.67807, 45.07746], [14.69597, 45.07343], [14.74047, 45.07305], [14.74, 45.04434], [14.79992, 45.005], [14.81493, 44.97749], [14.78468, 44.96932], [14.76092, 44.97748], [14.74724, 44.97004]]], [[[24.13525, 34.82176], [24.13525, 34.81502], [24.10858, 34.81657], [24.04641, 34.84907], [24.04641, 34.85528], [24.0669, 34.85847], [24.08058, 34.86895], [24.12842, 34.86273], [24.12143, 34.83613], [24.12574, 34.82689], [24.13525, 34.82176]]], [[[23.60474, 35.61258], [23.60816, 35.5517], [23.61988, 35.52408], [23.63948, 35.51898], [23.64178, 35.50702], [23.65943, 35.50121], [23.70297, 35.50288], [23.71843, 35.51284], [23.72787, 35.52985], [23.73048, 35.55418], [23.71279, 35.60678], [23.72364, 35.61689], [23.7112, 35.64887], [23.71599, 35.66172], [23.74181, 35.68695], [23.75001, 35.68658], [23.77897, 35.67153], [23.77897, 35.66405], [23.76783, 35.65388], [23.77897, 35.60944], [23.77898, 35.57591], [23.79949, 35.54462], [23.81715, 35.53482], [23.90138, 35.52716], [23.92905, 35.5207], [23.94419, 35.52496], [24.0254, 35.5207], [24.04469, 35.52765], [24.05764, 35.55292], [24.09409, 35.55419], [24.08181, 35.58991], [24.11525, 35.60129], [24.16041, 35.59706], [24.18294, 35.58559], [24.20329, 35.54181], [24.18294, 35.51326], [24.14259, 35.50703], [24.08123, 35.51496], [24.0669, 35.50702], [24.07195, 35.49836], [24.1867, 35.45181], [24.2225, 35.46117], [24.25244, 35.47905], [24.26403, 35.43286], [24.26547, 35.36986], [24.3401, 35.34833], [24.42807, 35.36968], [24.46412, 35.36245], [24.48537, 35.37213], [24.5936, 35.39118], [24.67657, 35.42339], [24.72069, 35.42723], [24.82015, 35.41302], [24.84083, 35.404], [24.89552, 35.42449], [24.95753, 35.404], [24.96957, 35.41576], [24.97146, 35.42445], [25.01872, 35.41502], [25.02963, 35.40327], [25.05322, 35.40399], [25.04705, 35.38044], [25.05535, 35.35521], [25.077, 35.34447], [25.10678, 35.34248], [25.19685, 35.34936], [25.22137, 35.33568], [25.30698, 35.34316], [25.34636, 35.33609], [25.36166, 35.34315], [25.3685, 35.33568], [25.37599, 35.34315], [25.4253, 35.29955], [25.45362, 35.29413], [25.48194, 35.29743], [25.65964, 35.3493], [25.70777, 35.33568], [25.76635, 35.33567], [25.74788, 35.31076], [25.72478, 35.29413], [25.73219, 35.28791], [25.72609, 35.27875], [25.72926, 35.26455], [25.73902, 35.26], [25.7378, 35.27741], [25.74284, 35.28533], [25.75072, 35.28417], [25.75895, 35.27432], [25.75367, 35.26748], [25.75895, 35.25999], [25.75326, 35.25261], [25.74464, 35.25715], [25.73219, 35.24632], [25.7351, 35.2375], [25.71949, 35.21137], [25.72477, 35.19111], [25.71274, 35.18285], [25.72853, 35.13337], [25.75318, 35.13311], [25.79526, 35.11514], [25.81764, 35.11595], [25.83033, 35.12238], [25.84768, 35.15057], [25.88307, 35.16445], [25.89667, 35.18487], [25.97853, 35.19546], [26.03322, 35.2258], [26.05502, 35.22712], [26.06056, 35.23329], [26.06739, 35.23329], [26.08139, 35.22358], [26.11962, 35.21531], [26.10825, 35.20539], [26.12973, 35.19587], [26.15512, 35.19794], [26.17945, 35.20718], [26.19777, 35.21906], [26.19094, 35.22581], [26.25933, 35.28434], [26.29396, 35.28791], [26.28649, 35.30096], [26.30079, 35.30097], [26.29398, 35.31524], [26.32112, 35.31524], [26.31234, 35.29695], [26.26596, 35.26], [26.28386, 35.20824], [26.29949, 35.18553], [26.32111, 35.19792], [26.285, 35.1507], [26.29394, 35.13646], [26.28695, 35.11843], [26.25099, 35.06306], [26.24096, 35.03906], [26.13331, 34.9994], [26.10524, 34.99934], [26.08172, 35.01976], [26.02028, 35.02095], [25.98487, 35.03913], [25.9603, 35.02897], [25.92408, 35.03408], [25.88152, 35.02709], [25.80811, 35.00577], [25.60125, 35.01358], [25.50619, 34.98457], [25.41521, 34.99372], [25.34767, 34.99152], [25.30397, 34.98477], [25.27952, 34.97251], [25.22315, 34.95418], [25.20769, 34.95149], [25.15089, 34.95572], [25.12892, 34.95148], [25.10776, 34.9379], [25.0774, 34.94473], [25.04493, 34.94074], [25.01905, 34.93164], [24.98374, 34.93871], [24.73855, 34.93164], [24.73855, 34.93789], [24.75172, 34.94648], [24.75522, 34.95791], [24.75214, 34.99592], [24.75896, 35.04149], [24.74285, 35.07722], [24.71811, 35.09398], [24.61899, 35.09741], [24.59474, 35.10152], [24.58025, 35.1092], [24.56463, 35.10616], [24.5324, 35.13646], [24.50074, 35.15241], [24.48121, 35.15591], [24.46412, 35.15014], [24.40383, 35.17504], [24.40211, 35.19111], [24.2929, 35.18232], [24.21779, 35.19112], [24.20395, 35.20539], [24.1827, 35.19794], [24.11134, 35.19796], [24.08465, 35.20453], [24.08057, 35.19454], [24.04982, 35.19112], [24.03143, 35.19771], [24.00327, 35.22671], [23.98764, 35.2333], [23.90162, 35.23122], [23.8602, 35.23632], [23.82667, 35.25259], [23.81226, 35.24479], [23.79949, 35.24632], [23.78207, 35.2347], [23.71168, 35.23672], [23.68336, 35.22583], [23.66912, 35.23729], [23.61027, 35.23498], [23.58718, 35.2395], [23.58033, 35.26], [23.553, 35.26684], [23.53102, 35.28848], [23.51826, 35.29414], [23.52564, 35.30097], [23.5193, 35.30174], [23.51824, 35.30754], [23.54615, 35.31525], [23.54819, 35.32148], [23.55299, 35.32148], [23.54185, 35.33637], [23.54615, 35.35619], [23.5386, 35.37409], [23.5735, 35.43476], [23.55984, 35.45182], [23.57846, 35.50056], [23.5661, 35.50703], [23.5726, 35.52045], [23.56611, 35.52749], [23.58123, 35.55268], [23.58448, 35.56452], [23.58035, 35.57591], [23.60474, 35.61258]]], [[[23.34181, 35.93287], [23.32151, 35.92996], [23.30059, 35.93236], [23.28053, 35.93969], [23.26287, 35.95158], [23.24912, 35.96768], [23.24082, 35.9876], [23.23947, 36.01104], [23.27071, 36.10224], [23.29284, 36.19672], [23.30248, 36.21703], [23.314, 36.23063], [23.32675, 36.23801], [23.35331, 36.2364], [23.37703, 36.21682], [23.3869, 36.20089], [23.39544, 36.17162], [23.39363, 36.13792], [23.38702, 36.1148], [23.36074, 36.05455], [23.35784, 36.03919], [23.36156, 35.99672], [23.37337, 35.95641], [23.36709, 35.94376], [23.34181, 35.93287]]], [[[22.99074, 36.13705], [22.98756, 36.15156], [22.94957, 36.16499], [22.95004, 36.17626], [22.92922, 36.17797], [22.90871, 36.20596], [22.91619, 36.2851], [22.89968, 36.32819], [22.90158, 36.33811], [22.93264, 36.38125], [22.94459, 36.38938], [22.95638, 36.38344], [23.01173, 36.3083], [23.0769, 36.27073], [23.0944, 36.25433], [23.10384, 36.23721], [23.06625, 36.22639], [23.05844, 36.21646], [23.052, 36.14485], [23.01442, 36.14834], [23.00245, 36.14663], [22.99074, 36.13705]]], [[[23.29762, 36.41823], [23.29834, 36.39228], [23.29226, 36.36784], [23.28234, 36.35004], [23.27186, 36.3396], [23.26128, 36.3356], [23.25101, 36.33717], [23.24149, 36.34347], [23.22629, 36.36688], [23.21919, 36.39566], [23.22103, 36.43016], [23.22977, 36.45441], [23.24468, 36.47527], [23.25242, 36.4794], [23.26764, 36.47703], [23.28133, 36.46332], [23.2915, 36.44286], [23.29762, 36.41823]]], [[[22.94034, 36.46605], [22.93165, 36.46476], [22.92507, 36.46907], [22.92939, 36.48411], [22.96242, 36.5099], [22.97674, 36.50747], [22.98934, 36.47044], [22.98601, 36.45826], [22.96583, 36.47606], [22.95159, 36.47525], [22.94034, 36.46605]]], [[[21.77783, 36.69939], [21.76796, 36.70826], [21.76417, 36.71988], [21.75051, 36.71241], [21.75954, 36.75189], [21.76417, 36.75396], [21.78003, 36.7475], [21.77783, 36.69939]]], [[[21.71655, 36.77094], [21.69582, 36.74043], [21.70087, 36.79108], [21.70949, 36.80173], [21.72676, 36.79484], [21.72933, 36.78877], [21.71632, 36.78132], [21.71655, 36.77094]]], [[[23.46723, 36.90662], [23.46388, 36.90401], [23.45778, 36.90645], [23.44974, 36.92913], [23.459, 36.92253], [23.46723, 36.90662]]], [[[24.44909, 36.99459], [24.51881, 36.95386], [24.53505, 36.9491], [24.55572, 36.94901], [24.58849, 36.95973], [24.65555, 37.01528], [24.67207, 37.0254], [24.69035, 37.03333], [24.72972, 37.04297], [24.78672, 37.04248], [24.8181, 37.03109], [24.82761, 37.02202], [24.83176, 37.01156], [24.8309, 37.00016], [24.8254, 36.9883], [24.80163, 36.96533], [24.784, 36.95533], [24.66197, 36.91231], [24.56394, 36.86233], [24.52247, 36.85097], [24.5013, 36.85182], [24.47972, 36.85871], [24.44732, 36.8764], [24.41363, 36.90314], [24.40074, 36.91955], [24.39294, 36.93763], [24.39212, 36.957], [24.40021, 36.97722], [24.41543, 36.99296], [24.43186, 36.99782], [24.44909, 36.99459]]], [[[21.55867, 37.05382], [21.54665, 37.03237], [21.549, 37.04536], [21.5373, 37.05744], [21.55282, 37.06438], [21.55867, 37.05382]]], [[[23.13132, 37.24367], [23.09443, 37.27473], [23.10955, 37.28534], [23.12842, 37.28839], [23.15825, 37.27154], [23.16471, 37.25381], [23.16235, 37.24422], [23.15203, 37.23999], [23.13132, 37.24367]]], [[[24.92171, 37.22836], [24.87933, 37.25745], [24.85463, 37.2664], [24.81407, 37.26075], [24.80518, 37.27052], [24.8089, 37.29141], [24.82933, 37.30964], [24.86044, 37.32362], [24.89613, 37.33185], [24.93051, 37.3325], [24.95792, 37.32332], [24.97286, 37.30171], [24.96995, 37.26498], [24.96485, 37.25018], [24.9594, 37.23897], [24.94688, 37.22637], [24.93949, 37.22448], [24.92171, 37.22836]]], [[[23.55299, 37.37091], [23.58714, 37.37091], [23.57113, 37.35835], [23.5477, 37.34985], [23.52329, 37.34664], [23.50514, 37.34984], [23.50878, 37.3299], [23.49683, 37.32002], [23.37429, 37.30269], [23.37429, 37.30951], [23.46364, 37.35732], [23.48764, 37.3635], [23.53256, 37.36392], [23.55299, 37.37091]]], [[[24.90179, 37.59121], [24.90597, 37.57746], [24.90581, 37.55841], [24.89388, 37.50547], [24.88762, 37.49724], [24.8547, 37.47608], [24.80918, 37.43909], [24.78158, 37.42394], [24.77174, 37.42688], [24.76657, 37.43294], [24.76644, 37.45131], [24.7793, 37.49175], [24.78301, 37.51827], [24.75753, 37.54346], [24.74494, 37.56379], [24.73989, 37.58036], [24.74167, 37.59316], [24.74943, 37.60243], [24.7623, 37.6085], [24.79963, 37.61293], [24.86519, 37.6095], [24.89351, 37.60053], [24.90179, 37.59121]]], [[[23.49204, 37.53913], [23.51157, 37.52904], [23.52563, 37.52801], [23.52563, 37.5218], [23.50635, 37.51285], [23.48121, 37.5096], [23.4559, 37.51252], [23.4363, 37.52179], [23.43629, 37.52802], [23.46461, 37.53376], [23.4759, 37.54457], [23.47732, 37.55588], [23.48178, 37.55645], [23.49204, 37.53913]]], [[[23.95337, 37.6568], [23.95971, 37.65139], [23.95971, 37.64282], [23.9411, 37.64217], [23.93577, 37.64576], [23.93866, 37.65708], [23.95337, 37.6568]]], [[[24.32066, 37.6726], [24.32066, 37.67885], [24.33019, 37.68387], [24.33997, 37.68622], [24.36109, 37.67886], [24.36166, 37.68503], [24.37476, 37.68625], [24.4025, 37.65575], [24.40007, 37.64453], [24.2961, 37.65174], [24.30568, 37.66082], [24.32065, 37.65835], [24.33383, 37.67259], [24.32066, 37.6726]]], [[[24.09988, 37.65941], [24.12641, 37.74302], [24.14315, 37.7527], [24.15112, 37.73408], [24.1486, 37.72265], [24.1431, 37.71859], [24.10516, 37.64527], [24.09988, 37.65941]]], [[[23.42591, 37.76822], [23.54615, 37.77439], [23.56314, 37.76825], [23.54493, 37.74506], [23.54614, 37.73347], [23.53207, 37.72533], [23.52563, 37.69246], [23.48414, 37.67887], [23.45738, 37.69246], [23.45738, 37.69928], [23.469, 37.70502], [23.46827, 37.7145], [23.45932, 37.72333], [23.43443, 37.7336], [23.42704, 37.74802], [23.42591, 37.76822]]], [[[23.76335, 37.76399], [23.75385, 37.76517], [23.75157, 37.76951], [23.75523, 37.77512], [23.76351, 37.77597], [23.76335, 37.76399]]], [[[25.07591, 37.86904], [25.08007, 37.84729], [25.07662, 37.82138], [25.0656, 37.7977], [25.04692, 37.78261], [25.0204, 37.78273], [25.0137, 37.78653], [25.00689, 37.8005], [25.00726, 37.8189], [25.01694, 37.84412], [25.04441, 37.87392], [25.06406, 37.88009], [25.07591, 37.86904]]], [[[24.70192, 37.97263], [24.75701, 37.99656], [24.77879, 38.00018], [24.7937, 37.99408], [24.79469, 37.97712], [24.8208, 37.97035], [24.83008, 37.96307], [24.83166, 37.95658], [24.84124, 37.94844], [24.84289, 37.91813], [24.85831, 37.91155], [24.79864, 37.82249], [24.79436, 37.84306], [24.75659, 37.79987], [24.74472, 37.77998], [24.72745, 37.72995], [24.71702, 37.70885], [24.68913, 37.69024], [24.67488, 37.68989], [24.66653, 37.69867], [24.66249, 37.71413], [24.65819, 37.79476], [24.62413, 37.86891], [24.62066, 37.89923], [24.62539, 37.91593], [24.64998, 37.94477], [24.69684, 37.96565], [24.70192, 37.97263]]], [[[23.53932, 37.93952], [23.54345, 37.92886], [23.52174, 37.91397], [23.51823, 37.8986], [23.50131, 37.90607], [23.48145, 37.88972], [23.46705, 37.88423], [23.4214, 37.89298], [23.40212, 37.906], [23.40882, 37.92176], [23.42287, 37.933], [23.43949, 37.93959], [23.46852, 37.93203], [23.48896, 37.9531], [23.49773, 37.96686], [23.48561, 37.96625], [23.46045, 37.95255], [23.42208, 37.96004], [23.45737, 37.97362], [23.42945, 37.98794], [23.45173, 37.98821], [23.47047, 37.98046], [23.47486, 37.98941], [23.47048, 37.99408], [23.47821, 37.99884], [23.49529, 38.00184], [23.53052, 37.99457], [23.53687, 37.98801], [23.53342, 37.9743], [23.54712, 37.95888], [23.54615, 37.95254], [23.57347, 37.95254], [23.53932, 37.93952]]], [[[24.25387, 38.01982], [24.2634, 38.01863], [24.28284, 37.99859], [24.27783, 37.9851], [24.26475, 37.97854], [24.25416, 37.98163], [24.2396, 37.97774], [24.2287, 37.98282], [24.22789, 37.98835], [24.24286, 38.01296], [24.25387, 38.01982]]], [[[24.28631, 38.08625], [24.2693, 38.0954], [24.24871, 38.09687], [24.23146, 38.09033], [24.21778, 38.09687], [24.20396, 38.09034], [24.20477, 38.09682], [24.21078, 38.09781], [24.21078, 38.12446], [24.20281, 38.13007], [24.18605, 38.1274], [24.18297, 38.135], [24.21078, 38.166], [24.20875, 38.17862], [24.19403, 38.19213], [24.18531, 38.21796], [24.1727, 38.22655], [24.15699, 38.22956], [24.14259, 38.22695], [24.14875, 38.21322], [24.12625, 38.21748], [24.13113, 38.23582], [24.1631, 38.26781], [24.15349, 38.28132], [24.14552, 38.28091], [24.12843, 38.26781], [24.12574, 38.25609], [24.1094, 38.2563], [24.11476, 38.2753], [24.10094, 38.2753], [24.12159, 38.30948], [24.07944, 38.32538], [24.02546, 38.33052], [24.05974, 38.34125], [24.0669, 38.35102], [24.05904, 38.36029], [24.05942, 38.37767], [24.04225, 38.40152], [24.03891, 38.39542], [23.98081, 38.39887], [23.91236, 38.39204], [23.87591, 38.39928], [23.8703, 38.38763], [23.84883, 38.36478], [23.8215, 38.34808], [23.79602, 38.34144], [23.78572, 38.34468], [23.77754, 38.35757], [23.78037, 38.37764], [23.79472, 38.39865], [23.70997, 38.4125], [23.66334, 38.40421], [23.64918, 38.40567], [23.63852, 38.41551], [23.61443, 38.46088], [23.60743, 38.4538], [23.594, 38.45344], [23.63575, 38.50092], [23.6281, 38.51511], [23.62812, 38.52236], [23.63551, 38.52237], [23.63551, 38.52855], [23.59995, 38.57136], [23.53976, 38.58235], [23.50534, 38.59727], [23.49773, 38.63101], [23.45315, 38.65803], [23.44597, 38.67674], [23.38161, 38.70727], [23.35336, 38.73139], [23.33767, 38.73896], [23.32301, 38.76252], [23.20232, 38.8299], [23.14356, 38.85065], [23.06911, 38.84659], [23.03639, 38.87446], [22.96941, 38.88911], [22.95639, 38.88544], [22.95639, 38.878], [22.9839, 38.87352], [22.99194, 38.86469], [22.99072, 38.85066], [22.98153, 38.84497], [22.8558, 38.83295], [22.83303, 38.82276], [22.83743, 38.85447], [22.87485, 38.8749], [22.90748, 38.88231], [22.95281, 38.90159], [22.98292, 38.90766], [23.03565, 38.92642], [23.04592, 38.94684], [23.08676, 38.95433], [23.09734, 38.97207], [23.09443, 38.98785], [23.10906, 38.99177], [23.12746, 39.0058], [23.13803, 39.00897], [23.19972, 39.00898], [23.27296, 39.03876], [23.29908, 39.04246], [23.32984, 39.02196], [23.37158, 39.01031], [23.38159, 39.00153], [23.37436, 38.98249], [23.38461, 38.96752], [23.40455, 38.95783], [23.42562, 38.95432], [23.45069, 38.87458], [23.48048, 38.83808], [23.52466, 38.82318], [23.56788, 38.79385], [23.59399, 38.78924], [23.594, 38.77021], [23.60759, 38.77557], [23.61997, 38.76553], [23.66228, 38.75507], [23.6727, 38.76043], [23.68336, 38.75507], [23.70265, 38.76507], [23.72266, 38.76194], [23.73844, 38.74941], [23.75359, 38.71918], [23.813, 38.69367], [23.8576, 38.68252], [23.90633, 38.67932], [23.94776, 38.66942], [23.96656, 38.67011], [23.98423, 38.68621], [24.00571, 38.67805], [24.07309, 38.67938], [24.15537, 38.65277], [24.13494, 38.64387], [24.12623, 38.6352], [24.1211, 38.6081], [24.12648, 38.59858], [24.21607, 38.53953], [24.23144, 38.52237], [24.20655, 38.50682], [24.18816, 38.47411], [24.18434, 38.43964], [24.20393, 38.41868], [24.20395, 38.41272], [24.18507, 38.40762], [24.18816, 38.39883], [24.21077, 38.37767], [24.21485, 38.33641], [24.25244, 38.29238], [24.25262, 38.26557], [24.25781, 38.25898], [24.24513, 38.24116], [24.26025, 38.22252], [24.27842, 38.20984], [24.32699, 38.18593], [24.33758, 38.16283], [24.34441, 38.15925], [24.39258, 38.164], [24.42066, 38.14737], [24.47779, 38.13874], [24.49692, 38.1463], [24.58764, 38.15923], [24.57895, 38.10932], [24.57993, 38.08422], [24.59448, 38.0624], [24.56665, 37.98795], [24.55185, 37.97807], [24.50957, 37.96263], [24.47717, 37.96241], [24.47096, 37.98046], [24.44776, 38.01057], [24.4297, 38.02119], [24.40309, 38.01191], [24.3864, 37.99653], [24.4021, 37.98794], [24.4021, 37.98046], [24.38689, 37.97038], [24.37152, 37.97205], [24.33864, 37.99674], [24.31382, 38.02925], [24.31399, 38.0351], [24.327, 38.04255], [24.31479, 38.06489], [24.30568, 38.07176], [24.29226, 38.0699], [24.28631, 38.08625]]], [[[20.8939, 38.55646], [20.93214, 38.60301], [20.94093, 38.60405], [20.90935, 38.56293], [20.90755, 38.54903], [20.8939, 38.54903], [20.8939, 38.55646]]], [[[24.35588, 38.85052], [24.36971, 38.84307], [24.37174, 38.8337], [24.35775, 38.82752], [24.34264, 38.83406], [24.35588, 38.85052]]], [[[24.56548, 38.97955], [24.5477, 38.99956], [24.5159, 39.01191], [24.42623, 39.02621], [24.38333, 39.03666], [24.30363, 39.07338], [24.27582, 39.07319], [24.25984, 39.07726], [24.20106, 39.10443], [24.15976, 39.13108], [24.13426, 39.15512], [24.13355, 39.1638], [24.12537, 39.17444], [24.1208, 39.19003], [24.1139, 39.25159], [24.1048, 39.27431], [23.98933, 39.33344], [23.90031, 39.37014], [23.67303, 39.42188], [23.636, 39.42219], [23.60606, 39.41828], [23.51348, 39.39411], [23.47083, 39.3903], [23.45273, 39.39414], [23.45992, 39.41898], [23.47214, 39.43547], [23.4884, 39.44567], [23.57221, 39.46339], [23.60339, 39.47857], [23.66251, 39.528], [23.69614, 39.56376], [23.72301, 39.59829], [23.74356, 39.59794], [23.76058, 39.59081], [23.77155, 39.57792], [23.77397, 39.56025], [23.80356, 39.56007], [23.83502, 39.56759], [23.86513, 39.58047], [23.936, 39.62725], [23.94715, 39.62379], [23.98362, 39.59357], [24.03612, 39.57632], [24.05404, 39.56291], [24.06614, 39.53993], [24.0839, 39.47631], [24.09133, 39.46602], [24.10211, 39.46002], [24.17346, 39.44196], [24.43271, 39.3962], [24.45894, 39.39381], [24.60142, 39.39384], [24.63506, 39.39028], [24.66322, 39.38288], [24.71343, 39.34744], [24.73165, 39.32516], [24.73534, 39.31323], [24.73421, 39.30115], [24.72738, 39.28926], [24.71396, 39.27781], [24.71486, 39.26118], [24.73841, 39.23024], [24.75835, 39.2143], [24.78116, 39.20238], [24.86778, 39.18002], [24.89204, 39.16296], [24.89847, 39.15032], [24.89877, 39.12631], [24.88412, 39.07285], [24.88243, 39.04451], [24.89552, 38.97006], [24.89433, 38.91131], [24.90066, 38.83547], [24.89935, 38.72222], [24.90762, 38.68395], [24.92409, 38.65563], [24.94601, 38.63335], [24.97729, 38.61488], [25.07376, 38.58138], [25.09604, 38.56105], [25.10109, 38.54576], [25.10113, 38.52582], [25.09544, 38.50046], [25.08331, 38.46896], [25.04436, 38.39579], [25.03097, 38.38136], [25.01368, 38.38147], [24.9822, 38.3909], [24.95872, 38.40595], [24.92042, 38.40424], [24.87944, 38.40972], [24.86172, 38.40117], [24.8424, 38.40332], [24.82438, 38.41674], [24.81148, 38.43842], [24.79537, 38.45395], [24.76382, 38.49604], [24.73366, 38.5479], [24.69506, 38.62846], [24.66979, 38.65882], [24.65089, 38.68954], [24.64723, 38.70805], [24.64977, 38.72271], [24.65773, 38.7345], [24.66887, 38.73853], [24.66956, 38.78103], [24.65747, 38.76924], [24.65024, 38.76823], [24.64226, 38.77558], [24.62525, 38.76924], [24.6136, 38.77328], [24.60076, 38.79267], [24.57, 38.77814], [24.56665, 38.76254], [24.53242, 38.79608], [24.57398, 38.80976], [24.56381, 38.83857], [24.55698, 38.84569], [24.54038, 38.83699], [24.53696, 38.84821], [24.52833, 38.85155], [24.50515, 38.84449], [24.50522, 38.85505], [24.48261, 38.86279], [24.47779, 38.878], [24.47097, 38.87117], [24.4546, 38.88483], [24.43622, 38.87802], [24.43882, 38.89712], [24.46217, 38.91096], [24.45729, 38.94036], [24.46112, 38.96767], [24.47121, 38.97686], [24.49146, 38.98101], [24.56044, 38.94431], [24.57397, 38.9326], [24.57252, 38.8985], [24.57862, 38.87556], [24.66325, 38.82664], [24.66768, 38.82078], [24.66415, 38.84055], [24.64252, 38.88855], [24.59822, 38.92191], [24.58535, 38.9405], [24.56548, 38.97955]]], [[[24.12353, 39.07204], [24.1241, 39.0629], [24.09899, 39.05542], [24.11036, 39.06961], [24.10289, 39.07681], [24.09898, 39.09243], [24.10354, 39.09967], [24.11743, 39.10304], [24.11378, 39.07738], [24.12353, 39.07204]]], [[[23.66969, 39.11815], [23.62142, 39.15554], [23.61744, 39.16914], [23.58719, 39.20758], [23.60132, 39.2138], [23.60222, 39.20864], [23.61442, 39.20758], [23.66554, 39.16966], [23.69662, 39.15534], [23.73046, 39.14614], [23.72674, 39.1315], [23.77302, 39.12927], [23.79264, 39.12441], [23.79264, 39.11815], [23.74122, 39.08028], [23.71681, 39.07723], [23.69256, 39.08893], [23.66603, 39.09277], [23.65806, 39.09773], [23.65847, 39.10431], [23.66969, 39.1114], [23.66969, 39.11815]]], [[[23.50374, 39.19427], [23.51285, 39.17853], [23.50513, 39.15914], [23.48902, 39.16877], [23.47511, 39.15778], [23.46045, 39.13183], [23.4253, 39.14867], [23.39529, 39.14616], [23.39871, 39.16364], [23.42945, 39.17622], [23.44468, 39.19847], [23.47047, 39.2138], [23.50374, 39.19427]]], [[[23.95702, 39.28947], [23.95021, 39.27521], [23.97216, 39.27191], [23.96696, 39.25117], [23.94995, 39.229], [23.93653, 39.22126], [23.9215, 39.19026], [23.89583, 39.16178], [23.86451, 39.144], [23.83353, 39.14615], [23.87306, 39.18016], [23.88952, 39.2177], [23.9398, 39.27976], [23.95702, 39.28947]]], [[[24.26425, 39.78231], [24.23848, 39.75689], [24.21887, 39.74765], [24.21034, 39.74784], [24.16116, 39.77199], [24.12395, 39.80017], [24.09208, 39.83659], [24.08503, 39.86056], [24.08972, 39.8665], [24.10138, 39.86762], [24.2145, 39.83991], [24.25209, 39.81839], [24.27094, 39.80062], [24.26425, 39.78231]]], [[[24.59543, 39.92884], [24.59573, 39.95333], [24.60171, 39.97171], [24.61181, 39.98583], [24.64194, 40.00487], [24.72461, 40.0318], [24.73792, 40.03954], [24.78693, 40.0928], [24.81256, 40.11234], [24.82643, 40.11512], [24.84089, 40.11212], [24.85055, 40.10477], [24.85618, 40.09426], [24.8585, 40.06844], [24.85113, 40.03504], [24.84179, 40.01827], [24.82968, 40.00853], [24.81521, 40.00399], [24.76151, 40.00352], [24.7215, 39.99639], [24.62117, 39.92474], [24.60474, 39.9206], [24.59543, 39.92884]]], [[[23.90618, 40.34234], [23.91829, 40.33425], [23.92001, 40.3229], [23.94181, 40.31407], [23.9414, 40.31009], [23.88739, 40.32666], [23.88374, 40.33108], [23.88975, 40.33717], [23.90618, 40.34234]]], [[[24.78011, 40.61222], [24.75571, 40.61994], [24.74419, 40.60838], [24.68181, 40.59496], [24.64227, 40.57064], [24.615, 40.59858], [24.60077, 40.59859], [24.60076, 40.61221], [24.58676, 40.62202], [24.55258, 40.63036], [24.53078, 40.63094], [24.51679, 40.63911], [24.51203, 40.66705], [24.51834, 40.69269], [24.53339, 40.7182], [24.56667, 40.75555], [24.64226, 40.80393], [24.67457, 40.79169], [24.73169, 40.78351], [24.74383, 40.75935], [24.77517, 40.74888], [24.78637, 40.73506], [24.76547, 40.73432], [24.75929, 40.72337], [24.76661, 40.71149], [24.78638, 40.70782], [24.78637, 40.68794], [24.7693, 40.68342], [24.7658, 40.66966], [24.78239, 40.62018], [24.78011, 40.61222]]], [[[24.1612, 42.42198], [23.9448, 42.37684], [24.0511, 42.43853], [24.1612, 42.42198]]], [[[23.95512, 58.15162], [23.98422, 58.15712], [24.01334, 58.1535], [24.02207, 58.13007], [24.00244, 58.10856], [23.97072, 58.09961], [23.94332, 58.11341], [23.93802, 58.13727], [23.95512, 58.15162]]], [[[23.38177, 58.57973], [23.40021, 58.55541], [23.37989, 58.54755], [23.36215, 58.53247], [23.31373, 58.54466], [23.27858, 58.54637], [23.23487, 58.53466], [23.22382, 58.53548], [23.13461, 58.5799], [23.08326, 58.59052], [23.05936, 58.60346], [23.06286, 58.62457], [23.07511, 58.62969], [23.10613, 58.62421], [23.12094, 58.62832], [23.13463, 58.66181], [23.15465, 58.67592], [23.1758, 58.68109], [23.19811, 58.68056], [23.28834, 58.66648], [23.34347, 58.6449], [23.3475, 58.60716], [23.38177, 58.57973]]], [[[22.94962, 58.97068], [22.94955, 58.93618], [23.01513, 58.89179], [23.02174, 58.86408], [23.03905, 58.86102], [23.04052, 58.84077], [23.03352, 58.83032], [23.01906, 58.8291], [22.9568, 58.8474], [22.94223, 58.83423], [22.92921, 58.83999], [22.87957, 58.83271], [22.8672, 58.82005], [22.88275, 58.81742], [22.88683, 58.81203], [22.88671, 58.79048], [22.84538, 58.77653], [22.81666, 58.77596], [22.79007, 58.781], [22.77835, 58.79218], [22.78933, 58.80263], [22.82692, 58.81916], [22.81935, 58.82966], [22.80226, 58.83039], [22.7776, 58.82437], [22.73666, 58.80646], [22.68098, 58.72407], [22.65494, 58.70279], [22.61117, 58.69051], [22.55568, 58.68701], [22.50173, 58.69478], [22.46309, 58.71646], [22.49724, 58.73754], [22.44949, 58.78681], [22.43979, 58.84138], [22.38209, 58.88227], [22.32496, 58.89663], [22.2269, 58.88647], [22.195, 58.88802], [22.05602, 58.92963], [22.13811, 58.9348], [22.18588, 58.95162], [22.46306, 58.97089], [22.44353, 58.97773], [22.44209, 58.98468], [22.4546, 58.9872], [22.48845, 58.98115], [22.48758, 59.01642], [22.50425, 59.02557], [22.52687, 59.02635], [22.56506, 59.0356], [22.69422, 59.03676], [22.70134, 59.02497], [22.73666, 59.00507], [22.83716, 59.0086], [22.93408, 58.98403], [22.94962, 58.97068]]], [[[23.29908, 58.9709], [23.27858, 58.9707], [23.2234, 58.98395], [23.21077, 58.97298], [23.17416, 58.96834], [23.15242, 58.97264], [23.25153, 59.00367], [23.36769, 59.02587], [23.38964, 59.00751], [23.39038, 58.99038], [23.37427, 58.97554], [23.3401, 58.98395], [23.29908, 58.9709]]], [[[23.52564, 58.98395], [23.46097, 58.99251], [23.43484, 59.00382], [23.40841, 59.02557], [23.43629, 59.02558], [23.43277, 59.03459], [23.56678, 59.0455], [23.61443, 59.0113], [23.58417, 59.00634], [23.55983, 58.9914], [23.55297, 58.9709], [23.5433, 58.96987], [23.52564, 58.98395]]], [[[22.73505, 59.34241], [22.60724, 59.36084], [22.54159, 59.37604], [22.50641, 59.39078], [22.46491, 59.41855], [22.44578, 59.43743], [22.4388, 59.44858], [22.43782, 59.45756], [22.45993, 59.47024], [22.57107, 59.49304], [22.59001, 59.50116], [22.59887, 59.51625], [22.65293, 59.536], [22.72279, 59.53748], [22.7828, 59.53058], [22.83257, 59.51675], [22.87167, 59.49746], [22.89973, 59.4742], [22.91629, 59.44848], [22.92096, 59.42179], [22.91339, 59.39562], [22.90412, 59.38755], [22.86421, 59.35943], [22.83061, 59.34444], [22.80704, 59.34044], [22.73505, 59.34241]]], [[[25.54371, 59.53514], [25.53614, 59.5493], [25.497, 59.57108], [25.48192, 59.61148], [25.47855, 59.65152], [25.48489, 59.66981], [25.50243, 59.66225], [25.53533, 59.62897], [25.57503, 59.61688], [25.62233, 59.58047], [25.67677, 59.56607], [25.7059, 59.56928], [25.71852, 59.58759], [25.71078, 59.60456], [25.68484, 59.62865], [25.69068, 59.64936], [25.6707, 59.65551], [25.69468, 59.67087], [25.72534, 59.66583], [25.7805, 59.63569], [25.77312, 59.62824], [25.79371, 59.59121], [25.80738, 59.58047], [25.82618, 59.57526], [25.84449, 59.57734], [25.86134, 59.58613], [25.87623, 59.6009], [25.86885, 59.60773], [25.88308, 59.63132], [25.90445, 59.624], [25.94451, 59.59467], [25.96502, 59.59732], [25.96439, 59.6214], [25.98899, 59.63429], [26.03669, 59.62309], [26.07445, 59.60431], [26.08172, 59.58731], [26.09099, 59.58564], [26.28004, 59.58729], [26.3401, 59.5705], [26.40169, 59.56304], [26.45769, 59.54589], [26.49781, 59.53998], [26.53647, 59.54267], [26.56939, 59.55639], [26.59738, 59.49365], [26.60296, 59.45809], [26.59368, 59.3883], [26.57901, 59.35387], [26.55753, 59.31993], [26.49693, 59.25723], [26.45728, 59.2279], [26.38228, 59.18588], [26.26295, 59.20086], [26.13449, 59.22674], [26.01362, 59.22895], [25.86925, 59.21694], [25.78947, 59.18899], [25.67118, 59.15783], [25.60711, 59.14649], [25.50282, 59.13557], [25.43305, 59.15589], [25.32735, 59.19928], [25.24013, 59.2519], [25.17357, 59.31245], [25.14884, 59.34532], [25.11998, 59.41071], [25.04049, 59.41263], [24.97802, 59.40887], [24.88553, 59.3819], [24.72757, 59.31604], [24.68075, 59.2828], [24.6542, 59.27141], [24.62221, 59.27224], [24.60468, 59.278], [24.51855, 59.32221], [24.50159, 59.32668], [24.46609, 59.32767], [24.17951, 59.30028], [23.88335, 59.23981], [23.79241, 59.22677], [23.73845, 59.2256], [23.57448, 59.23598], [23.53258, 59.23619], [23.45113, 59.22967], [23.40352, 59.22066], [23.37976, 59.20418], [23.35001, 59.16995], [23.32313, 59.15299], [23.28313, 59.14909], [23.22499, 59.15431], [23.16033, 59.16541], [23.10498, 59.18004], [23.07339, 59.19716], [23.0767, 59.2043], [23.09292, 59.20974], [23.21475, 59.22401], [23.25927, 59.23299], [23.26242, 59.24128], [23.24618, 59.26545], [23.24524, 59.27483], [23.27198, 59.29156], [23.3481, 59.32919], [23.35764, 59.33869], [23.35857, 59.34791], [23.33862, 59.36301], [23.30418, 59.37896], [23.18067, 59.42084], [23.05128, 59.43961], [23.01913, 59.4506], [23.02552, 59.46866], [23.04667, 59.48834], [23.13887, 59.55254], [23.16, 59.57314], [23.16684, 59.59194], [23.15021, 59.61136], [23.10982, 59.62144], [23.06012, 59.62317], [23.00323, 59.61909], [22.76338, 59.58628], [22.70267, 59.58449], [22.64955, 59.59168], [22.61549, 59.5995], [22.58994, 59.61212], [22.59483, 59.61959], [22.61561, 59.63478], [22.70096, 59.6726], [22.6137, 59.72014], [22.56142, 59.7428], [22.52154, 59.75087], [22.4138, 59.73729], [22.37665, 59.73851], [22.3528, 59.74935], [22.29914, 59.79543], [22.27059, 59.80988], [22.23591, 59.80974], [22.15627, 59.79492], [22.12596, 59.79778], [22.0985, 59.81932], [22.04501, 59.90456], [22.02605, 59.92029], [22.00413, 59.93027], [21.98283, 59.93159], [21.96045, 59.92593], [21.87506, 59.88], [21.85852, 59.87426], [21.84316, 59.87591], [21.83439, 59.89185], [21.84036, 59.90887], [21.90897, 59.98249], [22.90345, 59.8065], [23.55897, 59.70631], [23.87636, 59.66885], [24.77118, 59.58273], [25.40399, 59.50725], [25.40237, 59.51431], [25.4158, 59.52708], [25.44012, 59.53212], [25.53321, 59.53205], [25.54371, 59.53514]]], [[[21.72732, 59.96013], [21.69627, 59.94757], [21.66336, 59.94329], [21.62166, 59.95068], [21.57474, 59.96782], [21.52831, 59.99063], [21.48808, 60.015], [21.45308, 60.04381], [21.44645, 60.05793], [21.44642, 60.06837], [21.79488, 60.00354], [21.72732, 59.96013]]], [[[33.34314, 34.29469], [33.32567, 34.29226], [33.28197, 34.30085], [33.26396, 34.30027], [33.23948, 34.28514], [33.21025, 34.25428], [33.19678, 34.22221], [33.18865, 34.19049], [33.18466, 34.15864], [33.18755, 34.13304], [33.20045, 34.1078], [33.29512, 33.98816], [33.31346, 33.95813], [33.32335, 33.92982], [33.32115, 33.90392], [33.30734, 33.88668], [33.28395, 33.87666], [33.21944, 33.87317], [33.09272, 33.89243], [33.05947, 33.90565], [32.98134, 33.94883], [32.96377, 33.95353], [32.94856, 33.95253], [32.93801, 33.94513], [32.92974, 33.93184], [32.90046, 33.83824], [32.89238, 33.82657], [32.86439, 33.80902], [32.80704, 33.78818], [32.6193, 33.73634], [32.56589, 33.7283], [32.45159, 33.73501], [32.41826, 33.72589], [32.38379, 33.70911], [32.36963, 33.69403], [32.36714, 33.68335], [32.37504, 33.58857], [32.3712, 33.57909], [32.36488, 33.57463], [32.34496, 33.57282], [32.31008, 33.58351], [32.29345, 33.59613], [32.27334, 33.63418], [32.23543, 33.73468], [32.22446, 33.75365], [32.21232, 33.76635], [32.20249, 33.76896], [32.19222, 33.76503], [32.14065, 33.71395], [32.13137, 33.71084], [32.11531, 33.71754], [31.99363, 33.82892], [31.96083, 33.8655], [31.93877, 33.90229], [31.92798, 33.94312], [31.90555, 34.16694], [31.90561, 34.24793], [31.91204, 34.29317], [31.92998, 34.25703], [31.93784, 34.25168], [31.94541, 34.25236], [31.95342, 34.2614], [32.00625, 34.35689], [32.01833, 34.36974], [32.03048, 34.37514], [32.04665, 34.37168], [32.06568, 34.36082], [32.13544, 34.30762], [32.18353, 34.27834], [32.20438, 34.27243], [32.21566, 34.27366], [32.24084, 34.2869], [32.27528, 34.32163], [32.28805, 34.34532], [32.29009, 34.36377], [32.28787, 34.38718], [32.27051, 34.49219], [32.27202, 34.51182], [32.27888, 34.52503], [32.28872, 34.52792], [32.30172, 34.52308], [32.38785, 34.45518], [32.41693, 34.44191], [32.79112, 34.36777], [32.8615, 34.35929], [32.92236, 34.36755], [33.06669, 34.41087], [33.1555, 34.40181], [33.18176, 34.4053], [33.41198, 34.47871], [33.4648, 34.50032], [33.50881, 34.54591], [33.52338, 34.55685], [33.63657, 34.57693], [33.83379, 34.67988], [33.89128, 34.70429], [33.9017, 34.70078], [33.91771, 34.68498], [33.81297, 34.64098], [33.79086, 34.62523], [33.7171, 34.54913], [33.69234, 34.53051], [33.4257, 34.38805], [33.4058, 34.36766], [33.36388, 34.31307], [33.34314, 34.29469]]], [[[25.71876, 34.87771], [25.72991, 34.88148], [25.73209, 34.87515], [25.7007, 34.86527], [25.68459, 34.86963], [25.68199, 34.87803], [25.688, 34.88132], [25.71876, 34.87771]]], [[[26.12193, 34.93586], [26.12746, 34.9474], [26.14746, 34.94313], [26.14973, 34.93334], [26.13299, 34.92262], [26.12193, 34.93586]]], [[[25.24609, 35.44973], [25.23667, 35.42745], [25.21583, 35.43692], [25.20867, 35.43347], [25.18687, 35.44128], [25.18647, 35.44779], [25.22258, 35.46372], [25.24609, 35.44973]]], [[[27.1186, 35.69457], [27.12109, 35.7104], [27.13343, 35.74519], [27.11425, 35.79503], [27.11578, 35.81735], [27.14201, 35.90625], [27.16384, 35.96592], [27.18892, 36.02006], [27.21611, 36.06088], [27.22141, 36.06304], [27.22674, 36.05883], [27.23681, 36.03672], [27.2502, 35.96862], [27.24509, 35.93013], [27.21526, 35.84034], [27.22549, 35.7666], [27.23546, 35.75101], [27.27292, 35.70928], [27.2858, 35.68596], [27.28791, 35.6737], [27.28294, 35.65392], [27.24843, 35.61075], [27.22956, 35.56019], [27.21781, 35.53855], [27.17601, 35.55905], [27.13287, 35.5929], [27.11547, 35.61747], [27.11116, 35.64178], [27.12226, 35.67956], [27.1186, 35.69457]]], [[[27.31971, 36.10642], [27.33233, 36.10388], [27.33906, 36.09772], [27.34229, 36.08044], [27.33546, 36.06179], [27.32284, 36.04801], [27.30585, 36.04475], [27.29921, 36.04834], [27.29549, 36.05484], [27.29436, 36.06334], [27.2987, 36.08305], [27.30965, 36.10059], [27.31971, 36.10642]]], [[[28.15822, 36.34422], [28.14232, 36.33388], [28.08987, 36.31357], [28.06133, 36.29733], [28.03554, 36.27775], [28.01317, 36.25384], [27.99495, 36.22472], [27.99136, 36.2102], [27.99961, 36.10649], [27.99692, 36.09059], [27.98948, 36.07987], [27.9802, 36.07862], [27.96784, 36.08448], [27.90782, 36.13435], [27.8949, 36.14192], [27.88456, 36.14271], [27.86885, 36.13185], [27.85451, 36.11446], [27.80283, 36.02208], [27.78928, 36.00362], [27.77464, 35.99111], [27.75416, 35.98381], [27.73364, 35.98339], [27.71391, 35.98903], [27.69578, 35.99997], [27.68005, 36.01543], [27.6675, 36.03459], [27.65888, 36.05669], [27.65495, 36.08093], [27.65664, 36.09735], [27.67097, 36.12607], [27.69947, 36.16523], [27.70546, 36.17898], [27.70622, 36.20923], [27.6998, 36.2246], [27.67468, 36.2382], [27.64006, 36.2737], [27.6405, 36.28477], [27.65558, 36.30975], [27.68205, 36.33688], [27.72003, 36.36332], [27.90668, 36.47026], [27.96717, 36.49258], [27.99905, 36.4979], [28.04355, 36.49832], [28.07453, 36.50747], [28.0974, 36.50316], [28.15386, 36.53998], [28.18962, 36.5539], [28.20854, 36.54797], [28.22704, 36.53715], [28.25817, 36.50529], [28.2684, 36.48627], [28.27344, 36.46645], [28.27199, 36.44672], [28.26277, 36.42804], [28.25516, 36.42094], [28.21047, 36.40573], [28.18812, 36.3938], [28.17443, 36.3756], [28.16724, 36.3543], [28.15822, 36.34422]]], [[[27.28243, 36.67094], [27.2301, 36.65771], [27.20924, 36.6594], [27.20193, 36.66776], [27.19897, 36.68275], [27.20303, 36.70092], [27.2125, 36.72024], [27.24145, 36.75462], [27.25814, 36.76595], [27.27461, 36.77087], [27.28958, 36.76742], [27.29456, 36.76324], [27.29937, 36.75223], [27.30256, 36.72601], [27.31578, 36.70762], [27.32996, 36.70061], [27.37759, 36.69123], [27.38994, 36.68499], [27.39788, 36.67357], [27.39971, 36.6547], [27.39443, 36.63165], [27.38417, 36.6213], [27.3704, 36.62097], [27.35443, 36.62777], [27.29487, 36.66861], [27.28243, 36.67094]]], [[[25.18578, 36.71913], [25.18343, 36.70621], [25.17211, 36.69658], [25.13602, 36.71641], [25.14599, 36.71979], [25.18578, 36.71913]]], [[[25.34799, 36.74714], [25.39942, 36.72797], [25.40313, 36.72219], [25.4146, 36.79562], [25.42405, 36.81836], [25.43104, 36.82561], [25.42312, 36.83251], [25.44716, 36.85752], [25.47096, 36.87066], [25.47834, 36.87066], [25.47096, 36.86323], [25.47851, 36.86001], [25.47756, 36.83503], [25.47383, 36.8331], [25.49989, 36.81868], [25.52089, 36.79058], [25.52532, 36.76664], [25.52012, 36.74359], [25.50725, 36.72242], [25.48866, 36.70408], [25.46633, 36.68958], [25.44222, 36.67993], [25.41829, 36.67618], [25.39645, 36.67941], [25.40141, 36.71119], [25.39698, 36.71052], [25.39015, 36.70368], [25.39518, 36.6789], [25.37322, 36.65373], [25.33815, 36.66818], [25.27297, 36.71988], [25.2798, 36.72671], [25.25182, 36.72672], [25.26272, 36.76764], [25.30697, 36.79497], [25.34799, 36.74714]]], [[[25.80055, 36.80174], [25.82301, 36.80873], [25.84547, 36.80858], [25.86313, 36.83592], [25.85159, 36.83113], [25.84548, 36.83662], [25.84548, 36.84955], [25.91596, 36.87525], [25.887, 36.82409], [25.86215, 36.79233], [25.89875, 36.78475], [25.91422, 36.77786], [25.93413, 36.75989], [25.94774, 36.73633], [25.94976, 36.72477], [25.94733, 36.71455], [25.93949, 36.70661], [25.92531, 36.70179], [25.90017, 36.7055], [25.86428, 36.71784], [25.83019, 36.7334], [25.81042, 36.74692], [25.79897, 36.76784], [25.79961, 36.77304], [25.75555, 36.76998], [25.73905, 36.79497], [25.75327, 36.78876], [25.7741, 36.80711], [25.78865, 36.80919], [25.80055, 36.80174]]], [[[25.64967, 36.91159], [25.6844, 36.89118], [25.67399, 36.87947], [25.60867, 36.88374], [25.6146, 36.89374], [25.64967, 36.91159]]], [[[25.07252, 37.04209], [25.0879, 37.04197], [25.05991, 36.97309], [25.07761, 36.95596], [25.0895, 36.95847], [25.10047, 36.95328], [25.10659, 36.94354], [25.10652, 36.91573], [25.0936, 36.88577], [25.07205, 36.8646], [25.05648, 36.85878], [25.04338, 36.85836], [25.033, 36.86253], [25.02562, 36.87047], [25.02089, 36.89444], [25.03122, 36.92374], [25.0425, 36.93716], [25.07056, 36.95448], [25.04722, 36.9691], [25.03054, 36.98896], [25.0259, 37.00788], [25.03568, 37.02205], [25.07252, 37.04209]]], [[[26.53296, 36.99559], [26.51501, 36.98813], [26.43005, 36.97057], [26.41582, 36.96225], [26.40643, 36.94998], [26.38203, 36.88467], [26.37214, 36.87251], [26.35797, 36.86525], [26.33152, 36.86618], [26.29939, 36.89206], [26.25269, 36.90722], [26.24924, 36.92038], [26.25464, 36.9416], [26.28183, 36.97649], [26.30398, 36.99915], [26.33463, 36.99692], [26.35664, 37.00643], [26.3736, 37.02421], [26.40511, 37.06844], [26.42036, 37.08095], [26.45377, 37.08463], [26.49509, 37.07668], [26.5328, 37.05858], [26.5482, 37.03792], [26.55028, 37.02449], [26.54541, 37.0072], [26.53296, 36.99559]]], [[[27.05053, 37.00924], [26.9779, 36.97022], [26.96421, 36.96723], [26.95164, 36.96966], [26.94069, 36.97819], [26.93284, 36.99065], [26.92596, 37.02125], [26.93044, 37.04896], [26.93699, 37.0577], [26.94652, 37.06084], [27.00701, 37.05168], [27.02628, 37.06462], [27.04105, 37.10334], [27.05198, 37.11649], [27.07013, 37.12264], [27.11274, 37.12315], [27.15178, 37.11158], [27.1692, 37.10043], [27.18475, 37.08514], [27.19793, 37.06536], [27.20815, 37.04069], [27.18976, 37.03217], [27.16205, 37.00729], [27.14467, 36.99877], [27.11619, 36.99938], [27.06412, 37.01053], [27.05053, 37.00924]]], [[[25.49138, 36.93212], [25.44989, 36.91846], [25.43252, 36.93905], [25.42311, 36.96686], [25.38895, 36.98677], [25.39405, 36.99811], [25.38072, 37.01875], [25.38209, 37.03514], [25.36695, 37.05956], [25.35548, 37.07136], [25.34182, 37.07674], [25.34182, 37.08295], [25.35239, 37.08909], [25.36166, 37.08295], [25.37184, 37.08906], [25.40945, 37.12396], [25.47462, 37.16181], [25.49514, 37.1891], [25.52215, 37.19318], [25.5337, 37.20066], [25.57454, 37.17853], [25.58626, 37.16063], [25.59244, 37.14252], [25.59502, 37.09935], [25.58072, 37.01759], [25.55228, 36.96879], [25.52613, 36.95942], [25.49138, 36.93212]]], [[[25.26612, 37.06249], [25.26612, 37.055], [25.27978, 37.055], [25.27978, 37.04882], [25.26881, 37.04613], [25.24453, 37.01439], [25.20443, 36.98897], [25.18849, 36.98531], [25.15285, 36.98677], [25.10338, 37.01289], [25.11298, 37.06273], [25.12514, 37.07435], [25.15626, 37.08979], [25.13577, 37.09382], [25.15009, 37.11053], [25.20956, 37.14391], [25.23875, 37.15182], [25.22397, 37.13435], [25.23194, 37.12751], [25.25929, 37.12397], [25.27296, 37.1376], [25.26614, 37.15183], [25.29329, 37.15183], [25.26295, 37.08983], [25.26287, 37.07559], [25.27978, 37.06927], [25.27978, 37.06249], [25.26612, 37.06249]]], [[[26.0428, 37.30116], [26.10051, 37.31333], [26.12549, 37.3114], [26.14574, 37.30255], [26.16447, 37.28401], [26.16728, 37.2692], [26.15784, 37.25749], [26.13992, 37.24812], [26.07346, 37.22644], [26.05997, 37.21911], [26.0442, 37.1992], [26.0132, 37.14187], [25.98729, 37.11939], [25.87731, 37.06103], [25.82287, 37.04081], [25.80258, 37.03674], [25.77249, 37.03756], [25.76231, 37.04641], [25.76747, 37.06122], [25.80901, 37.10252], [25.80055, 37.09595], [25.78055, 37.12396], [25.80907, 37.12668], [25.83463, 37.13758], [25.82838, 37.12397], [25.83154, 37.12081], [25.86485, 37.14786], [25.9321, 37.23618], [25.96188, 37.26125], [25.9858, 37.27578], [26.0428, 37.30116]]], [[[26.84902, 37.38834], [26.87072, 37.40356], [26.89113, 37.40515], [26.9124, 37.39896], [26.94518, 37.37783], [26.97782, 37.34621], [27.00934, 37.30866], [27.04366, 37.26043], [27.07089, 37.21549], [27.08069, 37.1897], [27.08009, 37.18103], [27.07017, 37.17488], [27.02067, 37.20649], [27.00604, 37.20714], [26.97734, 37.19333], [26.95349, 37.20235], [26.94413, 37.2135], [26.9406, 37.227], [26.94313, 37.2755], [26.94146, 37.29219], [26.93526, 37.30798], [26.9256, 37.3181], [26.85803, 37.36494], [26.84897, 37.37677], [26.84902, 37.38834]]], [[[25.40772, 37.43684], [25.40259, 37.41817], [25.38258, 37.41974], [25.34197, 37.41555], [25.37383, 37.39692], [25.38464, 37.38317], [25.38532, 37.36864], [25.37101, 37.34839], [25.34885, 37.33786], [25.32272, 37.33623], [25.29654, 37.34279], [25.27421, 37.35681], [25.25963, 37.37761], [25.25664, 37.40444], [25.2691, 37.43654], [25.27603, 37.43744], [25.31245, 37.42842], [25.42181, 37.44064], [25.40772, 37.43684]]], [[[26.80927, 37.39386], [26.80476, 37.36682], [26.79131, 37.36027], [26.74768, 37.38808], [26.73368, 37.38996], [26.71038, 37.38644], [26.69694, 37.3901], [26.68098, 37.40139], [26.67735, 37.41129], [26.68312, 37.41978], [26.69535, 37.42674], [26.72775, 37.43554], [26.75235, 37.43718], [26.78049, 37.43203], [26.79488, 37.42448], [26.80609, 37.41105], [26.80927, 37.39386]]], [[[25.51314, 37.46378], [25.53223, 37.50266], [25.57204, 37.55746], [25.60184, 37.59129], [25.61282, 37.59914], [25.61901, 37.59734], [25.62368, 37.55313], [25.63011, 37.54381], [25.64488, 37.54367], [25.67384, 37.56641], [25.69016, 37.57404], [25.69182, 37.55909], [25.68683, 37.52944], [25.66339, 37.47006], [25.65676, 37.44277], [25.65496, 37.33519], [25.64588, 37.29602], [25.63883, 37.28592], [25.6288, 37.2788], [25.61527, 37.2755], [25.60507, 37.27698], [25.57677, 37.28979], [25.54744, 37.30991], [25.52805, 37.33069], [25.52542, 37.33936], [25.5293, 37.3549], [25.56932, 37.41682], [25.57369, 37.4305], [25.57113, 37.44282], [25.55932, 37.45339], [25.51472, 37.45778], [25.51314, 37.46378]]], [[[26.74168, 37.60134], [26.74873, 37.58737], [26.7509, 37.57102], [26.74629, 37.5572], [26.73497, 37.55025], [26.71941, 37.5493], [26.70222, 37.55346], [26.6861, 37.56199], [26.67378, 37.57423], [26.66803, 37.58962], [26.6715, 37.6076], [26.67968, 37.61784], [26.69116, 37.62309], [26.70448, 37.62367], [26.73109, 37.61236], [26.74168, 37.60134]]], [[[25.14453, 37.84007], [25.15571, 37.84774], [25.16888, 37.85076], [25.25163, 37.84061], [25.25782, 37.83324], [25.26366, 37.81633], [25.2668, 37.75995], [25.26094, 37.721], [25.24645, 37.69262], [25.2378, 37.68447], [25.19266, 37.65958], [25.17852, 37.64839], [25.14276, 37.60896], [25.1235, 37.59289], [25.10114, 37.58583], [25.09875, 37.60121], [25.10068, 37.61631], [25.13807, 37.69192], [25.14544, 37.71733], [25.1453, 37.74126], [25.1317, 37.80042], [25.13624, 37.82646], [25.14453, 37.84007]]], [[[26.53916, 37.72685], [26.53266, 37.71621], [26.52124, 37.70821], [26.50824, 37.70486], [26.49793, 37.70711], [26.49057, 37.71369], [26.48636, 37.72325], [26.48817, 37.74611], [26.49451, 37.75679], [26.50465, 37.76522], [26.51671, 37.76911], [26.52688, 37.76697], [26.53468, 37.76022], [26.54131, 37.7387], [26.53916, 37.72685]]], [[[26.47691, 37.94542], [26.49327, 37.93993], [26.48906, 37.92132], [26.46666, 37.88768], [26.45102, 37.87185], [26.43363, 37.8602], [26.41542, 37.85537], [26.39734, 37.85996], [26.43294, 37.92824], [26.44734, 37.9391], [26.4618, 37.94499], [26.47691, 37.94542]]], [[[25.6351, 37.952], [25.63941, 37.94041], [25.6383, 37.92706], [25.6248, 37.89771], [25.58812, 37.84602], [25.54302, 37.84766], [25.49343, 37.861], [25.44239, 37.87973], [25.39644, 37.90433], [25.376, 37.92295], [25.36868, 37.94292], [25.37136, 37.95323], [25.37903, 37.96363], [25.40033, 37.97754], [25.42422, 37.98151], [25.44967, 37.97811], [25.5476, 37.94165], [25.56618, 37.93908], [25.61217, 37.95828], [25.62841, 37.95804], [25.6351, 37.952]]], [[[26.44827, 38.03872], [26.4313, 38.00472], [26.41348, 37.98117], [26.38459, 37.96523], [26.27324, 37.92866], [26.25806, 37.91356], [26.22775, 37.87092], [26.21184, 37.85791], [26.18687, 37.85878], [26.14214, 37.87438], [26.18825, 37.97095], [26.21111, 38.00584], [26.22349, 38.01746], [26.30243, 38.0581], [26.36658, 38.07951], [26.42498, 38.08859], [26.44817, 38.08658], [26.45497, 38.08111], [26.45657, 38.07027], [26.44827, 38.03872]]], [[[25.27329, 38.31805], [25.29613, 38.30444], [25.31298, 38.27669], [25.32322, 38.23532], [25.32763, 38.15051], [25.33456, 38.12011], [25.34895, 38.10184], [25.39004, 38.08123], [25.40054, 38.06576], [25.39983, 38.04543], [25.39213, 38.02839], [25.37917, 38.01467], [25.34465, 37.99724], [25.32663, 37.99365], [25.29818, 37.99702], [25.25492, 38.02629], [25.23704, 38.04923], [25.22369, 38.08002], [25.20668, 38.15553], [25.20125, 38.16158], [25.19172, 38.16416], [25.13768, 38.15627], [25.1177, 38.16264], [25.11395, 38.17053], [25.11417, 38.18105], [25.12593, 38.20853], [25.17621, 38.27068], [25.21253, 38.30141], [25.24516, 38.31716], [25.27329, 38.31805]]], [[[26.2342, 38.96941], [26.22028, 38.99157], [26.21906, 39.01001], [26.23588, 39.06199], [26.36244, 39.05029], [26.38576, 39.04469], [26.40422, 39.03552], [26.41606, 39.02152], [26.42171, 39.00125], [26.42395, 38.95955], [26.41878, 38.91018], [26.40194, 38.83219], [26.39138, 38.81157], [26.35264, 38.75504], [26.30563, 38.70288], [26.27696, 38.6812], [26.26282, 38.67549], [26.24805, 38.67504], [26.23885, 38.67912], [26.22431, 38.69281], [26.21923, 38.7062], [26.22149, 38.71927], [26.22902, 38.73197], [26.26256, 38.76756], [26.27646, 38.79015], [26.29042, 38.83751], [26.29492, 38.87056], [26.29339, 38.89665], [26.28675, 38.91044], [26.2342, 38.96941]]], [[[25.95404, 39.07513], [25.98916, 39.07358], [26.00584, 39.06925], [26.02734, 39.05797], [26.03278, 39.04758], [26.03501, 39.03405], [26.03066, 39.00322], [26.01582, 38.97661], [26.0049, 38.96846], [25.99184, 38.96573], [25.97932, 38.9709], [25.96441, 39.00887], [25.93517, 39.03474], [25.92963, 39.04507], [25.9311, 39.06063], [25.93995, 39.07039], [25.95404, 39.07513]]], [[[26.41747, 39.33047], [26.37965, 39.28266], [26.38217, 39.27709], [26.42416, 39.2451], [26.46631, 39.22923], [26.50473, 39.185], [26.5397, 39.16596], [26.52662, 39.15913], [26.53077, 39.15062], [26.54712, 39.13532], [26.55055, 39.11921], [26.56762, 39.11814], [26.56625, 39.09797], [26.57944, 39.07534], [26.6123, 39.04926], [26.61086, 39.02927], [26.53018, 39.04191], [26.51759, 39.04751], [26.52662, 39.08344], [26.51516, 39.09102], [26.50587, 39.1092], [26.48927, 39.11367], [26.45493, 39.1114], [26.43702, 39.1035], [26.45297, 39.08641], [26.49194, 39.06293], [26.50539, 39.04768], [26.42517, 39.0511], [26.38331, 39.05715], [26.30402, 39.07757], [26.26623, 39.09196], [26.19539, 39.12813], [26.2256, 39.13182], [26.29347, 39.17715], [26.28004, 39.19644], [26.2256, 39.20759], [26.18735, 39.20205], [26.16017, 39.18334], [26.14736, 39.15957], [26.09774, 39.18895], [26.03433, 39.23795], [25.99277, 39.28354], [26.03321, 39.28266], [26.04689, 39.30314], [26.05372, 39.2895], [26.06056, 39.2895], [26.0731, 39.3032], [26.09379, 39.31042], [26.16277, 39.32364], [26.17254, 39.3354], [26.1636, 39.37884], [26.34274, 39.383], [26.36214, 39.37884], [26.35475, 39.35651], [26.37338, 39.34691], [26.40023, 39.34124], [26.41747, 39.33047]]], [[[25.22418, 39.54031], [25.23561, 39.47856], [25.24952, 39.46109], [25.27494, 39.44569], [25.33134, 39.44072], [25.34411, 39.43562], [25.35535, 39.42554], [25.36448, 39.40878], [25.36845, 39.3932], [25.36607, 39.36296], [25.3607, 39.34886], [25.34394, 39.32408], [25.32235, 39.30571], [25.29969, 39.29585], [25.2761, 39.29329], [25.25205, 39.29674], [25.2044, 39.31646], [25.13498, 39.36271], [25.08945, 39.38459], [25.07809, 39.39534], [25.07495, 39.40401], [25.07552, 39.42092], [25.08199, 39.44589], [25.08104, 39.46255], [25.05017, 39.51278], [25.04583, 39.52446], [25.04637, 39.53592], [25.05361, 39.54725], [25.07396, 39.56093], [25.10297, 39.57125], [25.14041, 39.57827], [25.1828, 39.57625], [25.19909, 39.57046], [25.21228, 39.5611], [25.22418, 39.54031]]], [[[26.39466, 40.01169], [26.48192, 40.00819], [26.55974, 40.03508], [26.64909, 40.05151], [26.74035, 40.05419], [26.83164, 40.04292], [26.91537, 40.01901], [26.8322, 39.95721], [26.82949, 39.94985], [26.83416, 39.94402], [26.93938, 39.94289], [27.0521, 39.9282], [27.07333, 39.92263], [27.11625, 39.87544], [27.15386, 39.81153], [27.17472, 39.74277], [27.17816, 39.6811], [27.19955, 39.61672], [27.22093, 39.52365], [27.22328, 39.49055], [27.21647, 39.42574], [27.19652, 39.36242], [27.16416, 39.29601], [27.08516, 39.19686], [27.03428, 39.15208], [26.97503, 39.11018], [26.93832, 39.08977], [26.87307, 39.06294], [26.88315, 39.0716], [26.87525, 39.09089], [26.8519, 39.12128], [26.82374, 39.14908], [26.77097, 39.1732], [26.73782, 39.19721], [26.73902, 39.20759], [26.71876, 39.26288], [26.70143, 39.26899], [26.62908, 39.26839], [26.60924, 39.27522], [26.61931, 39.28315], [26.63259, 39.31341], [26.64552, 39.31756], [26.65478, 39.31321], [26.65382, 39.30646], [26.63592, 39.30317], [26.63592, 39.29694], [26.65602, 39.29426], [26.67066, 39.28266], [26.66481, 39.29808], [26.67026, 39.30598], [26.69117, 39.31623], [26.70901, 39.33705], [26.81471, 39.39936], [26.80105, 39.4062], [26.80105, 39.43353], [26.85084, 39.43976], [26.86305, 39.44717], [26.85208, 39.46182], [26.86773, 39.47138], [26.92986, 39.48774], [26.94508, 39.53962], [26.93767, 39.57477], [26.92221, 39.58218], [26.8934, 39.58438], [26.83286, 39.55684], [26.80787, 39.5707], [26.4568, 39.52119], [26.36215, 39.48136], [26.28663, 39.48762], [26.26295, 39.48135], [26.24927, 39.46566], [26.23178, 39.47451], [26.15249, 39.45921], [26.11297, 39.45918], [26.07424, 39.47452], [26.07001, 39.49628], [26.09498, 39.54857], [26.1107, 39.59788], [26.1482, 39.62604], [26.15675, 39.64924], [26.16358, 39.70417], [26.13642, 39.75568], [26.13788, 39.76455], [26.14991, 39.77611], [26.15496, 39.82616], [26.1517, 39.83515], [26.13642, 39.8376], [26.15675, 39.89899], [26.14993, 39.93378], [26.16057, 39.95458], [26.21748, 39.97908], [26.30425, 40.00216], [26.39466, 40.01169]]], [[[26.07495, 39.78491], [26.0591, 39.78609], [25.99414, 39.8159], [26.01792, 39.84513], [26.05111, 39.84405], [26.06056, 39.83759], [26.07715, 39.84466], [26.08301, 39.83474], [26.0817, 39.8], [26.07495, 39.78491]]], [[[25.58029, 40.10255], [25.5377, 40.09623], [25.51014, 40.09948], [25.51206, 40.10961], [25.52409, 40.12922], [25.54421, 40.14606], [25.56902, 40.15775], [25.59628, 40.162], [25.60755, 40.16044], [25.62136, 40.15127], [25.62351, 40.13709], [25.61397, 40.12142], [25.60445, 40.11376], [25.58029, 40.10255]]], [[[26.03735, 40.40745], [26.06003, 40.35092], [26.06254, 40.33623], [26.0595, 40.32403], [26.04881, 40.31582], [26.02822, 40.31308], [26.0101, 40.31783], [25.94481, 40.37089], [25.9285, 40.3775], [25.91149, 40.37603], [25.89347, 40.36366], [25.88765, 40.35357], [25.87999, 40.31179], [25.87414, 40.30039], [25.86335, 40.29375], [25.84564, 40.29395], [25.8189, 40.30288], [25.8018, 40.31399], [25.78614, 40.34606], [25.7711, 40.36457], [25.71363, 40.39325], [25.69295, 40.40702], [25.68064, 40.44876], [25.63027, 40.48699], [25.62202, 40.4984], [25.62191, 40.50367], [25.63267, 40.51273], [25.65515, 40.51781], [25.75405, 40.50648], [25.82866, 40.51478], [25.86141, 40.51062], [25.92252, 40.49424], [25.94793, 40.49341], [25.97698, 40.50008], [26.03363, 40.51984], [26.06031, 40.52452], [26.07925, 40.51982], [26.08448, 40.50902], [26.08061, 40.48877], [26.04927, 40.4445], [26.0381, 40.42084], [26.03735, 40.40745]]], [[[26.26227, 40.60133], [26.09132, 40.60542], [26.07692, 40.61181], [26.05374, 40.66059], [26.06088, 40.67585], [26.05812, 40.6977], [26.04811, 40.71963], [26.03324, 40.73505], [26.04689, 40.7425], [26.036, 40.75776], [26.02735, 40.79613], [26.00589, 40.80395], [26.00587, 40.81078], [26.05372, 40.81623], [26.06056, 40.82075], [26.05397, 40.83096], [26.03891, 40.83251], [26.01222, 40.82445], [26.00587, 40.83877], [25.99838, 40.83877], [26.00587, 40.81704], [25.99843, 40.81704], [25.98292, 40.83088], [25.95167, 40.84553], [25.91863, 40.85297], [25.89666, 40.84493], [25.8257, 40.84969], [25.80323, 40.85651], [25.73219, 40.85176], [25.61979, 40.87417], [25.60451, 40.9487], [25.6092, 41.01878], [25.61849, 41.05387], [25.63216, 41.08766], [25.672, 41.15103], [25.6984, 41.18074], [25.74686, 41.22196], [25.78002, 41.216], [25.92441, 41.21312], [26.01127, 41.20625], [26.09863, 41.19203], [26.32106, 41.18762], [26.32416, 41.16989], [26.33605, 41.15258], [26.31734, 41.13046], [26.31734, 41.1223], [26.33946, 41.11449], [26.3224, 41.08855], [26.32509, 41.07408], [26.34762, 41.04096], [26.37418, 41.03114], [26.37501, 41.01946], [26.67329, 40.98019], [26.68419, 40.95059], [26.69191, 40.88066], [26.68139, 40.81007], [26.66942, 40.77591], [26.63291, 40.71147], [26.58001, 40.65294], [26.56493, 40.64209], [26.60181, 40.6313], [26.61688, 40.62176], [26.62864, 40.60821], [26.6324, 40.59479], [26.62969, 40.58186], [26.61053, 40.5589], [26.56814, 40.53611], [26.51903, 40.52742], [26.4177, 40.54182], [26.33068, 40.54558], [26.30248, 40.55074], [26.27941, 40.56008], [26.26448, 40.57503], [26.26061, 40.59716], [26.26227, 40.60133]]], [[[26.6016, 41.22502], [26.57549, 41.2881], [26.54933, 41.35118], [26.5658, 41.32067], [26.6016, 41.22502]]], [[[25.79424, 41.54592], [25.79253, 41.54698], [25.79233, 41.54849], [25.79424, 41.54592]]], [[[36.94997, 45.06563], [36.8401, 45.10936], [36.79908, 45.11469], [36.74123, 45.10318], [36.70139, 45.10394], [36.64138, 45.12837], [36.59312, 45.16479], [36.57734, 45.19416], [36.59474, 45.20481], [36.70672, 45.20283], [36.72967, 45.20628], [36.78542, 45.23069], [36.82984, 45.2307], [36.84469, 45.2355], [36.88995, 45.20421], [36.94777, 45.14805], [36.97102, 45.11667], [36.99921, 45.06179], [37.01289, 45.05237], [36.94997, 45.06563]]], [[[36.89527, 45.42999], [36.95466, 45.40365], [36.88507, 45.40923], [36.79553, 45.42772], [36.83326, 45.44301], [36.84516, 45.43563], [36.89527, 45.42999]]], [[[29.80745, 45.61434], [29.73111, 45.59142], [29.80144, 45.62189], [29.81479, 45.64106], [29.8567, 45.64912], [30.0755, 45.7923], [30.12592, 45.81143], [29.90834, 45.66664], [29.80745, 45.61434]]], [[[32.85206, 46.05629], [32.88168, 46.0554], [32.91358, 46.0388], [32.95485, 46.05173], [32.97868, 46.05328], [32.99936, 46.0353], [33.04509, 46.0379], [33.05745, 46.02521], [33.03974, 46.01219], [32.61942, 46.06001], [32.63105, 46.06621], [32.63933, 46.06], [32.78321, 46.04633], [32.85206, 46.05629]]], [[[32.07051, 46.18249], [32.16622, 46.14938], [32.10182, 46.16669], [31.73716, 46.22078], [31.58034, 46.26277], [31.54901, 46.28242], [31.522, 46.31322], [31.50514, 46.35469], [31.50442, 46.37334], [31.52197, 46.36847], [31.54969, 46.305], [31.57797, 46.27558], [31.61818, 46.25922], [32.07051, 46.18249]]], [[[23.37428, 37.55589], [23.39503, 37.54141], [23.42204, 37.53546], [23.42205, 37.52802], [23.39527, 37.5218], [23.39527, 37.51496], [23.43629, 37.50812], [23.47917, 37.49066], [23.52563, 37.4597], [23.51889, 37.45303], [23.5254, 37.43909], [23.44654, 37.41463], [23.30592, 37.41193], [23.31217, 37.39827], [23.26271, 37.40103], [23.2644, 37.39082], [23.23024, 37.38459], [23.22999, 37.37494], [23.23707, 37.37031], [23.25755, 37.3709], [23.25131, 37.35733], [23.27797, 37.34984], [23.26207, 37.34395], [23.18605, 37.34064], [23.18539, 37.33218], [23.20361, 37.30269], [23.16863, 37.29952], [23.14146, 37.30952], [23.14145, 37.31635], [23.16188, 37.31635], [23.16188, 37.32315], [23.12339, 37.32478], [23.11413, 37.33616], [23.13461, 37.32933], [23.12241, 37.34569], [23.1006, 37.35733], [23.09278, 37.35079], [23.0731, 37.35522], [23.07261, 37.40109], [23.09498, 37.38955], [23.10524, 37.39692], [23.11412, 37.42559], [23.14145, 37.41193], [23.13201, 37.44863], [23.09718, 37.46223], [23.06202, 37.45499], [23.04594, 37.45971], [23.05942, 37.46654], [23.04591, 37.48701], [23.01124, 37.46906], [23.0049, 37.45973], [22.9909, 37.49575], [22.98072, 37.50878], [22.96388, 37.5218], [22.94289, 37.52181], [22.93605, 37.53547], [22.92156, 37.54035], [22.90187, 37.54165], [22.91432, 37.5388], [22.92237, 37.52804], [22.90235, 37.53486], [22.88502, 37.53315], [22.85402, 37.51497], [22.81936, 37.53547], [22.82618, 37.54906], [22.80202, 37.56086], [22.79592, 37.56916], [22.79884, 37.5764], [22.77833, 37.59687], [22.73846, 37.58088], [22.72641, 37.56635], [22.72316, 37.54165], [22.73665, 37.51838], [22.73048, 37.49445], [22.75033, 37.46654], [22.75034, 37.44261], [22.76481, 37.43178], [22.75799, 37.39826], [22.81933, 37.34369], [22.81251, 37.32933], [22.82618, 37.32911], [22.81935, 37.31635], [22.82998, 37.3081], [22.86085, 37.25568], [22.9067, 37.19369], [22.91162, 37.18342], [22.9004, 37.17292], [22.89503, 37.13386], [22.90317, 37.12128], [22.92205, 37.11799], [22.95638, 37.12395], [22.96386, 37.1103], [22.9568, 37.10676], [22.96386, 37.10342], [22.95639, 37.09593], [22.97347, 37.09096], [22.98169, 37.08271], [22.97916, 37.07783], [22.96388, 37.08295], [22.99983, 37.03327], [22.99806, 37.02147], [23.01171, 36.98677], [22.99073, 36.98676], [23.00489, 36.96686], [23.01172, 36.97308], [23.01635, 36.95527], [23.01173, 36.93891], [23.04899, 36.8769], [23.04591, 36.86909], [23.09326, 36.81826], [23.09181, 36.79833], [23.08058, 36.79499], [23.08058, 36.78876], [23.11409, 36.78131], [23.09441, 36.76081], [23.0944, 36.74372], [23.08863, 36.73291], [23.07586, 36.73385], [23.05201, 36.74714], [23.03094, 36.72557], [23.02564, 36.71564], [23.03906, 36.7062], [23.03224, 36.69257], [23.05939, 36.69256], [23.03443, 36.67487], [23.03566, 36.64908], [23.08058, 36.57929], [23.1346, 36.55536], [23.14536, 36.54194], [23.15501, 36.54108], [23.14145, 36.53425], [23.14819, 36.51716], [23.13461, 36.50755], [23.15187, 36.48729], [23.20361, 36.45612], [23.19605, 36.43254], [23.16188, 36.44619], [23.15186, 36.43562], [23.13933, 36.43408], [23.09475, 36.44319], [23.07838, 36.46528], [23.06627, 36.47346], [23.07211, 36.49311], [23.06512, 36.5091], [23.05104, 36.52245], [23.03566, 36.52802], [22.97242, 36.52021], [22.92921, 36.59634], [22.87471, 36.63052], [22.88893, 36.64248], [22.88429, 36.65424], [22.83717, 36.68651], [22.81935, 36.66525], [22.81496, 36.67056], [22.81715, 36.71796], [22.80079, 36.77578], [22.78688, 36.79344], [22.76515, 36.80418], [22.68556, 36.80948], [22.62257, 36.80345], [22.5774, 36.78303], [22.5791, 36.74039], [22.54615, 36.72142], [22.53346, 36.70722], [22.52508, 36.68513], [22.54029, 36.68519], [22.5498, 36.67828], [22.55249, 36.65096], [22.54568, 36.65096], [22.53386, 36.67056], [22.52508, 36.67145], [22.51678, 36.66616], [22.51002, 36.64802], [22.531, 36.6328], [22.52604, 36.61238], [22.51271, 36.60279], [22.50465, 36.62425], [22.49, 36.61701], [22.48406, 36.60663], [22.48658, 36.52509], [22.51147, 36.46662], [22.50734, 36.46109], [22.51147, 36.45234], [22.4983, 36.44526], [22.49391, 36.43476], [22.50464, 36.40454], [22.49545, 36.40534], [22.49097, 36.39096], [22.47976, 36.40205], [22.4699, 36.45234], [22.45533, 36.46223], [22.42043, 36.47355], [22.40838, 36.48713], [22.40162, 36.48713], [22.39136, 36.47851], [22.38136, 36.48046], [22.35452, 36.51191], [22.36745, 36.54791], [22.38356, 36.54418], [22.38819, 36.55606], [22.38404, 36.5725], [22.37373, 36.58271], [22.38795, 36.60252], [22.36746, 36.60254], [22.37136, 36.64272], [22.38795, 36.64411], [22.38795, 36.65095], [22.36843, 36.65649], [22.37063, 36.67357], [22.38795, 36.7062], [22.35843, 36.70228], [22.33938, 36.72647], [22.32374, 36.75788], [22.30544, 36.7751], [22.30698, 36.79458], [22.29168, 36.82014], [22.22153, 36.89753], [22.20021, 36.9064], [22.17506, 36.89119], [22.13788, 36.91715], [22.13349, 36.93211], [22.14064, 36.93716], [22.14772, 36.95604], [22.15317, 37.02119], [22.08562, 37.03339], [22.04811, 37.03514], [22.03004, 37.03095], [21.99219, 37.01212], [21.9546, 37.00365], [21.94313, 36.99331], [21.93735, 36.97997], [21.92172, 36.86323], [21.93489, 36.83422], [21.92856, 36.82225], [21.95623, 36.80345], [21.97021, 36.80173], [21.97021, 36.795], [21.94508, 36.78994], [21.93881, 36.78319], [21.94222, 36.77509], [21.93587, 36.76603], [21.88868, 36.72993], [21.87404, 36.72672], [21.82276, 36.80858], [21.78972, 36.80476], [21.76417, 36.795], [21.75229, 36.805], [21.72879, 36.81264], [21.7225, 36.82225], [21.70738, 36.81803], [21.6885, 36.84956], [21.69239, 36.85904], [21.6885, 36.89118], [21.70948, 36.92593], [21.70997, 36.94269], [21.70265, 36.95726], [21.68816, 36.96455], [21.66804, 36.95944], [21.67742, 36.96328], [21.68165, 36.97309], [21.66774, 36.97093], [21.6618, 36.95944], [21.6548, 36.9947], [21.5993, 37.04573], [21.57864, 37.07673], [21.56974, 37.11589], [21.56757, 37.1561], [21.57441, 37.19237], [21.59215, 37.22015], [21.65496, 37.26073], [21.6823, 37.28392], [21.69581, 37.31635], [21.69142, 37.35663], [21.67482, 37.39598], [21.65404, 37.42781], [21.72594, 37.44999], [21.76952, 37.45806], [21.97341, 37.46758], [21.98592, 37.48843], [22.00699, 37.50924], [22.05059, 37.53576], [22.08553, 37.56831], [22.13904, 37.71936], [22.16212, 37.82318], [22.15491, 37.83109], [22.0658, 37.84896], [21.94559, 37.89311], [21.84741, 37.84046], [21.84953, 37.83202], [21.89891, 37.79244], [21.94839, 37.74189], [21.89616, 37.76451], [21.7529, 37.85832], [21.71068, 37.84793], [21.64703, 37.84168], [21.55356, 37.84344], [21.47299, 37.85636], [21.39283, 37.87753], [21.25942, 37.93681], [21.22542, 37.95817], [21.27752, 38.00095], [21.29151, 37.99722], [21.32594, 38.02143], [21.32594, 38.02888], [21.31853, 38.0351], [21.28442, 38.01535], [21.36704, 38.12108], [21.37371, 38.14448], [21.37429, 38.22062], [21.40854, 38.18594], [21.40092, 38.21473], [21.42066, 38.20234], [21.47396, 38.19602], [21.52394, 38.166], [21.60304, 38.1518], [21.62233, 38.15477], [21.67482, 38.17967], [21.70134, 38.20527], [21.74137, 38.26943], [21.76442, 38.29593], [21.84946, 38.34128], [21.91554, 38.33051], [21.93702, 38.33063], [21.9559, 38.33672], [21.97804, 38.32355], [22.02035, 38.31321], [22.03785, 38.28213], [22.04884, 38.27481], [22.08937, 38.26166], [22.11361, 38.2678], [22.14331, 38.24908], [22.16139, 38.2132], [22.20606, 38.20017], [22.21852, 38.18818], [22.25791, 38.18587], [22.31284, 38.17227], [22.33123, 38.17889], [22.36345, 38.15827], [22.41481, 38.13789], [22.43279, 38.14325], [22.51148, 38.12929], [22.62062, 38.08348], [22.68042, 38.06659], [22.77811, 38.00112], [22.7964, 37.97679], [22.82129, 37.96917], [22.8672, 37.93952], [22.88266, 37.93757], [22.92238, 37.94635], [22.9463, 37.94623], [22.97535, 37.97899], [22.95094, 38.00243], [22.92384, 38.01179], [22.89918, 38.02778], [22.88088, 38.02889], [22.88746, 38.03364], [22.85405, 38.03511], [22.87521, 38.04911], [22.91163, 38.06013], [22.94289, 38.08347], [22.96973, 38.08196], [23.01905, 38.06525], [23.03907, 38.06988], [23.06861, 38.05891], [23.10092, 38.0624], [23.17286, 38.0795], [23.18972, 38.09438], [23.21665, 38.10334], [23.2103, 38.11538], [23.19418, 38.12694], [23.17556, 38.1313], [23.17556, 38.14496], [23.2234, 38.1518], [23.2234, 38.15925], [23.12845, 38.17227], [23.14894, 38.18594], [23.12273, 38.20807], [23.10963, 38.21011], [23.07748, 38.18579], [23.06638, 38.1832], [23.03225, 38.18595], [23.03225, 38.19277], [23.05201, 38.19278], [23.02508, 38.21662], [22.95191, 38.22529], [22.93377, 38.22207], [22.92237, 38.20702], [22.95053, 38.20978], [22.96305, 38.20404], [22.96947, 38.19279], [22.92254, 38.19746], [22.90871, 38.19279], [22.89503, 38.24116], [22.88819, 38.24116], [22.88088, 38.22697], [22.87469, 38.24116], [22.82, 38.23298], [22.80568, 38.22697], [22.76484, 38.248], [22.79884, 38.28213], [22.74237, 38.29707], [22.71941, 38.31029], [22.69647, 38.31689], [22.67532, 38.34357], [22.68442, 38.36107], [22.67018, 38.38154], [22.6465, 38.38996], [22.6268, 38.37153], [22.64485, 38.36961], [22.64616, 38.36181], [22.63673, 38.35628], [22.61232, 38.36384], [22.58717, 38.33674], [22.58717, 38.33051], [22.60644, 38.32306], [22.60644, 38.31689], [22.59815, 38.31074], [22.60026, 38.30264], [22.58835, 38.29297], [22.57643, 38.2902], [22.56252, 38.29353], [22.54568, 38.30264], [22.52623, 38.33173], [22.53883, 38.33674], [22.52516, 38.35883], [22.47731, 38.40567], [22.46844, 38.42113], [22.40162, 38.45344], [22.40836, 38.4156], [22.37371, 38.39204], [22.386, 38.38019], [22.39478, 38.38515], [22.3986, 38.37592], [22.39608, 38.3682], [22.38111, 38.35786], [22.38794, 38.35102], [22.38233, 38.34269], [22.36753, 38.34188], [22.32252, 38.35102], [22.28493, 38.34733], [22.26645, 38.35855], [22.22486, 38.36005], [22.20932, 38.35293], [22.19597, 38.33954], [22.18921, 38.32308], [22.16879, 38.35102], [22.14578, 38.354], [22.14772, 38.36408], [22.13258, 38.37275], [22.04908, 38.3985], [22.02955, 38.39924], [22.01124, 38.39205], [21.98764, 38.41059], [21.95786, 38.41169], [21.92897, 38.4029], [21.87924, 38.37801], [21.86385, 38.37778], [21.8405, 38.39887], [21.83123, 38.39667], [21.78224, 38.36367], [21.77459, 38.35261], [21.77164, 38.33365], [21.76254, 38.32837], [21.71632, 38.35786], [21.65797, 38.35786], [21.61354, 38.34497], [21.59962, 38.35102], [21.53541, 38.31395], [21.52393, 38.29581], [21.51776, 38.29581], [21.50847, 38.30223], [21.47609, 38.30607], [21.46925, 38.31293], [21.42843, 38.33051], [21.44532, 38.33404], [21.48976, 38.30948], [21.48268, 38.32461], [21.48976, 38.33674], [21.47609, 38.34379], [21.47608, 38.35102], [21.48976, 38.35786], [21.46999, 38.35786], [21.47608, 38.37153], [21.45856, 38.36637], [21.44264, 38.37153], [21.42215, 38.36409], [21.42848, 38.38373], [21.41627, 38.39411], [21.37746, 38.39888], [21.3699, 38.40819], [21.36012, 38.46772], [21.32579, 38.49455], [21.3086, 38.49437], [21.35328, 38.43293], [21.33904, 38.43293], [21.34645, 38.42609], [21.33659, 38.3957], [21.29119, 38.37767], [21.29866, 38.37153], [21.29119, 38.36409], [21.27768, 38.37092], [21.26954, 38.36786], [21.26637, 38.3614], [21.27221, 38.35444], [21.23926, 38.33113], [21.21263, 38.33052], [21.18963, 38.34138], [21.18133, 38.33051], [21.19993, 38.32307], [21.17506, 38.3133], [21.17448, 38.30265], [21.15562, 38.30391], [21.14039, 38.33674], [21.08525, 38.34358], [21.10572, 38.35297], [21.10939, 38.36042], [21.10621, 38.37153], [21.09256, 38.3641], [21.1062, 38.38513], [21.10328, 38.37816], [21.11354, 38.37393], [21.12501, 38.37995], [21.14014, 38.39857], [21.12241, 38.41035], [21.11085, 38.40471], [21.1062, 38.39888], [21.09497, 38.4029], [21.08677, 38.41048], [21.07896, 38.43293], [21.08522, 38.44035], [21.10678, 38.42544], [21.11622, 38.42805], [21.11988, 38.44038], [21.10621, 38.43293], [21.11085, 38.44611], [21.10142, 38.46475], [21.10621, 38.48139], [21.07897, 38.48754], [21.09938, 38.49437], [21.08523, 38.50186], [21.09474, 38.51789], [21.09596, 38.53193], [21.08668, 38.53644], [21.04692, 38.51126], [21.03582, 38.50692], [21.03054, 38.51142], [21.01687, 38.54589], [21.02467, 38.60847], [21.00369, 38.62646], [20.98813, 38.66401], [20.97902, 38.67255], [20.9269, 38.67666], [20.91441, 38.68623], [20.88315, 38.77936], [20.87338, 38.79532], [20.85987, 38.80353], [20.84522, 38.79963], [20.83058, 38.78779], [20.81137, 38.76254], [20.80405, 38.77338], [20.77329, 38.76095], [20.76368, 38.78172], [20.72934, 38.80353], [20.74927, 38.85705], [20.76735, 38.86431], [20.8003, 38.86457], [20.80519, 38.86774], [20.7942, 38.87979], [20.76451, 38.8918], [20.75605, 38.90689], [20.75745, 38.93987], [20.76978, 38.95895], [20.78159, 38.935], [20.81707, 38.92137], [20.83595, 38.9289], [20.85988, 38.96051], [20.8667, 38.96051], [20.87106, 38.94745], [20.86671, 38.94009], [20.87224, 38.93281], [20.86671, 38.92642], [20.90382, 38.92805], [20.91578, 38.9361], [20.92068, 38.95432], [20.92749, 38.95432], [20.93718, 38.94404], [20.97535, 38.94684], [21.00945, 38.93423], [21.02734, 38.93259], [21.02556, 38.89802], [21.0608, 38.88222], [21.08522, 38.86433], [21.08889, 38.87848], [21.09938, 38.88544], [21.09166, 38.90452], [21.10231, 38.91082], [21.12111, 38.91011], [21.13701, 38.9025], [21.16082, 38.878], [21.17262, 38.87352], [21.17742, 38.87604], [21.18133, 38.88544], [21.16969, 38.89582], [21.16684, 38.91088], [21.15455, 38.9134], [21.14019, 38.94108], [21.14723, 38.95433], [21.14195, 38.96239], [21.14504, 38.97138], [21.15262, 38.9767], [21.16082, 38.97419], [21.15992, 38.99775], [21.13559, 39.02338], [21.08522, 39.06293], [21.07439, 39.05004], [21.07892, 39.0363], [21.06528, 39.04051], [21.05519, 39.0375], [21.03736, 39.02196], [21.05832, 39.00899], [21.0032, 39.01513], [21.00318, 39.02196], [20.9909, 39.02425], [20.96567, 39.03937], [20.95355, 39.03427], [20.9442, 39.03857], [20.93484, 39.05671], [20.9485, 39.06293], [20.9485, 39.06977], [20.92018, 39.06453], [20.90138, 39.07722], [20.89389, 39.07722], [20.88818, 39.06721], [20.87037, 39.05931], [20.86671, 39.05305], [20.87094, 39.04312], [20.88646, 39.03645], [20.84495, 39.03694], [20.85987, 39.04247], [20.85776, 39.05891], [20.85499, 39.0655], [20.84622, 39.06295], [20.8462, 39.07722], [20.83237, 39.07689], [20.82573, 39.06982], [20.83806, 39.09174], [20.83416, 39.10847], [20.82244, 39.11449], [20.81137, 39.10457], [20.80519, 39.1114], [20.79541, 39.09863], [20.77719, 39.09089], [20.77719, 39.08344], [20.79182, 39.08079], [20.78401, 39.04927], [20.76157, 39.03242], [20.7575, 39.02196], [20.74318, 39.02949], [20.74391, 39.01927], [20.74537, 39.01472], [20.7575, 39.01512], [20.80388, 38.9853], [20.82349, 38.97784], [20.83178, 38.96369], [20.82878, 38.96053], [20.82035, 38.96217], [20.80209, 38.97065], [20.76637, 38.97761], [20.7575, 38.97419], [20.74692, 38.95795], [20.73512, 38.95011], [20.70217, 38.99836], [20.71583, 39.01512], [20.70574, 39.04857], [20.68653, 39.07246], [20.64556, 39.09652], [20.69448, 39.18214], [20.75012, 39.23993], [20.81539, 39.2855], [20.84359, 39.31995], [20.90083, 39.37139], [20.96911, 39.4133], [21.02673, 39.43748], [21.06224, 39.42277], [21.13613, 39.42104], [21.18054, 39.41551], [21.26674, 39.39441], [21.30717, 39.37916], [21.38092, 39.34019], [21.46471, 39.27663], [21.508, 39.23713], [21.55806, 39.18089], [21.57971, 39.14854], [21.60971, 39.08001], [21.62209, 38.99108], [21.64134, 38.90993], [21.63867, 38.84108], [21.62206, 38.77379], [21.67559, 38.73615], [21.75108, 38.75229], [21.83995, 38.75804], [21.88797, 38.76622], [21.97059, 38.77085], [21.97788, 38.77614], [21.98208, 38.79351], [21.99179, 38.80076], [22.01694, 38.80135], [22.06471, 38.79034], [22.07256, 38.79846], [22.06628, 38.85448], [22.06719, 38.9108], [21.99834, 38.97116], [21.97939, 38.98149], [21.96036, 38.98485], [21.93876, 38.97952], [21.91518, 38.96545], [21.82311, 38.88935], [21.80147, 38.88125], [21.78021, 38.88385], [21.75706, 38.9014], [21.72922, 38.94527], [21.67769, 39.10507], [21.49789, 39.35246], [21.46353, 39.38837], [21.44049, 39.39445], [21.37898, 39.38965], [21.35707, 39.39657], [21.3403, 39.42399], [21.33384, 39.47142], [21.33737, 39.50002], [21.34625, 39.51533], [21.36369, 39.52084], [21.40978, 39.52328], [21.45385, 39.51793], [21.59064, 39.4898], [21.65243, 39.48739], [21.72775, 39.46981], [21.75822, 39.46963], [21.78301, 39.48016], [21.80706, 39.50909], [21.81577, 39.54358], [21.802, 39.57089], [21.78337, 39.58122], [21.73222, 39.59217], [21.71115, 39.6012], [21.67561, 39.65289], [21.6587, 39.66351], [21.64079, 39.66532], [21.56375, 39.64508], [21.54149, 39.64442], [21.44182, 39.67989], [21.40334, 39.68904], [21.38818, 39.6866], [21.3819, 39.67677], [21.39963, 39.62278], [21.3988, 39.60596], [21.39209, 39.59394], [21.37842, 39.58592], [21.32979, 39.5812], [21.29628, 39.59434], [21.28534, 39.60626], [21.2748, 39.63679], [21.27844, 39.67293], [21.29886, 39.71633], [21.30294, 39.73637], [21.29657, 39.76866], [21.28513, 39.7889], [21.25711, 39.81538], [21.22255, 39.8338], [21.16838, 39.89479], [21.13532, 39.91794], [21.09889, 39.92337], [21.02842, 39.90096], [21.0101, 39.89909], [20.98991, 39.90303], [20.94977, 39.92972], [20.93575, 39.94719], [20.91352, 39.99032], [20.64881, 40.09611], [20.66823, 40.13807], [20.66037, 40.17889], [20.66502, 40.18437], [20.68528, 40.19119], [20.69644, 40.21507], [20.69458, 40.25558], [20.69913, 40.27837], [20.70698, 40.28809], [20.73665, 40.30364], [20.77044, 40.36255], [20.77385, 40.3749], [20.76899, 40.41257], [20.77065, 40.42198], [20.77954, 40.42901], [20.8092, 40.4366], [20.82667, 40.46482], [20.84, 40.47164], [20.86677, 40.47205], [20.91193, 40.45955], [20.93684, 40.47252], [20.95265, 40.49365], [20.95193, 40.50606], [20.95792, 40.51494], [20.98149, 40.52326], [20.98831, 40.5335], [21.01353, 40.5489], [21.0188, 40.55897], [21.02252, 40.58662], [21.03668, 40.63974], [21.03534, 40.65938], [21.02883, 40.67685], [21.01859, 40.6909], [20.99203, 40.7155], [20.9635, 40.73607], [20.95348, 40.75917], [20.7661, 40.89373], [20.78367, 40.89905], [20.81695, 40.92024], [20.83741, 40.92407], [20.89023, 40.91828], [20.93994, 40.90707], [21.05683, 41.12021], [21.13988, 41.39193], [21.28316, 41.42508], [21.3927, 41.53971], [21.39611, 41.67359], [21.30892, 41.73766], [21.35152, 41.85451], [21.28886, 42.08971], [21.2378, 42.09735], [21.2254, 42.10678], [21.19987, 42.14115], [21.16442, 42.16704], [21.12639, 42.18892], [21.11295, 42.1944], [21.09848, 42.19595], [21.08242, 42.18828], [20.9153, 42.39321], [20.9971, 42.48217], [20.93281, 42.62478], [21.02253, 42.67708], [21.02226, 42.72947], [21.25424, 42.89201], [21.23243, 42.9109], [21.22674, 42.94252], [21.2253, 42.97355], [21.2098, 42.99588], [21.19305, 42.99789], [21.16535, 42.9851], [21.14789, 42.99262], [21.13931, 43.00583], [21.12401, 43.05828], [21.10851, 43.08156], [21.09259, 43.09068], [21.02583, 43.09337], [21.00516, 43.09913], [20.83855, 43.17047], [20.83204, 43.17861], [20.83607, 43.17943], [20.84, 43.21209], [20.85147, 43.21982], [20.8647, 43.21734], [20.85509, 43.23144], [21.12262, 43.35357], [21.11513, 43.38763], [21.1067, 43.3939], [20.88547, 43.44035], [20.85987, 43.61185], [20.71544, 43.6949], [20.70445, 43.69489], [20.47106, 43.61073], [20.42421, 43.77971], [20.41696, 43.78539], [20.40628, 43.78485], [20.27472, 43.63592], [20.02843, 43.33794], [19.91729, 43.1169], [19.90714, 43.11326], [19.8722, 43.09037], [19.80513, 43.08996], [19.78177, 43.09647], [19.7612, 43.10874], [19.7428, 43.12652], [19.71356, 43.16561], [19.70549, 43.16618], [19.69733, 43.16021], [19.68462, 43.15672], [19.66302, 43.1585], [19.61868, 43.16824], [19.59811, 43.1762], [19.58085, 43.1878], [19.54995, 43.21752], [19.51243, 43.24064], [19.47305, 43.29328], [19.41404, 43.33839], [19.38957, 43.36527], [19.48173, 43.56083], [19.49176, 43.56861], [19.48173, 43.57812], [19.47688, 43.58868], [19.4775, 43.61698], [19.48174, 43.62891], [19.50737, 43.64718], [19.50571, 43.67364], [19.48174, 43.72922], [19.46168, 43.76214], [19.35947, 43.84221], [19.30593, 43.90474], [19.27544, 43.93326], [19.22935, 43.95768], [19.24072, 43.96574], [19.24289, 43.97282], [19.23803, 43.99251], [19.24351, 44.00202], [19.25208, 44.0075], [19.28733, 44.01302], [19.32588, 43.99659], [19.36464, 43.97329], [19.44711, 43.9798], [19.50406, 43.97566], [19.52855, 43.97721], [19.55222, 43.98341], [19.59336, 44.00558], [19.61041, 44.01928], [19.61888, 44.03571], [19.61144, 44.05452], [19.92478, 44.13515], [19.94612, 44.13732], [19.94815, 44.20897], [19.95758, 44.25688], [19.98065, 44.30027], [20.01819, 44.33388], [20.17981, 44.42595], [20.23892, 44.47188], [20.26102, 44.49654], [20.27097, 44.51704], [20.27199, 44.53608], [20.23282, 44.64595], [20.23245, 44.69699], [20.24089, 44.73107], [20.25725, 44.76251], [20.32602, 44.84898], [20.36013, 44.90921], [20.36506, 44.94127], [20.35966, 44.98094], [20.34512, 45.01184], [20.32204, 45.03678], [20.25257, 45.07532], [20.12674, 45.12268], [19.98944, 45.18906], [19.94403, 45.21862], [19.91123, 45.24743], [19.8887, 45.27656], [19.87379, 45.30738], [19.85625, 45.37915], [19.85105, 45.44002], [19.86545, 45.75227], [19.87866, 45.81561], [19.91469, 45.88326], [19.94157, 45.91163], [19.95618, 45.92265], [20.01814, 45.9501], [20.06273, 45.95504], [20.32975, 46.01219], [20.33863, 45.9928], [20.35393, 45.97668], [20.37098, 45.96779], [20.42907, 45.94671], [20.48167, 45.9127], [20.49986, 45.90666], [20.538, 45.90371], [20.55671, 45.89844], [20.57211, 45.88769], [20.60528, 45.84614], [20.6367, 45.82702], [20.6459, 45.78873], [20.65562, 45.77731], [20.67856, 45.75664], [20.68807, 45.7431], [20.70006, 45.7354], [20.71339, 45.73333], [20.72683, 45.73618], [20.73944, 45.74341], [20.74533, 45.75499], [20.75411, 45.76356], [20.76517, 45.76677], [20.77747, 45.76232], [20.78574, 45.75256], [21.0927, 45.8311], [21.13136, 45.87461], [21.16919, 45.90887], [21.21374, 45.9321], [21.26886, 45.93962], [21.31298, 45.92996], [21.35164, 45.90662], [21.38663, 45.87357], [21.48137, 45.76311], [21.51539, 45.73416], [21.55494, 45.71376], [21.60525, 45.70154], [21.6838, 45.69932], [21.76274, 45.71238], [22.00891, 45.79443], [22.07251, 45.81185], [22.13848, 45.82399], [22.29475, 45.84039], [22.59274, 45.84698], [22.92828, 45.81735], [23.02705, 45.70709], [23.09418, 45.68034], [23.10394, 45.685], [23.23717, 45.85711], [23.45839, 45.92618], [23.72233, 45.81985], [23.76762, 45.83402], [23.85786, 45.88569], [24.09749, 46.05167], [24.16168, 46.08422], [24.23937, 46.11261], [24.33637, 46.13648], [24.44194, 46.15366], [24.54359, 46.16369], [24.64246, 46.16839], [25.03275, 46.17005], [25.13654, 46.17513], [25.24372, 46.1893], [25.34071, 46.21386], [25.58331, 46.30202], [25.66303, 46.32237], [25.74898, 46.33107], [25.84542, 46.32369], [25.98542, 46.29419], [26.04769, 46.28854], [26.14359, 46.29303], [26.31204, 46.30867], [26.42176, 46.30106], [26.50575, 46.27741], [26.58818, 46.23833], [26.75065, 46.1467], [26.83227, 46.11017], [26.91468, 46.09114], [26.99536, 46.09746], [27.08049, 46.13794], [27.10719, 46.16292], [27.13853, 46.22375], [27.17193, 46.32428], [27.18953, 46.35453], [27.21439, 46.38071], [27.27367, 46.41574], [27.36926, 46.45379], [27.42396, 46.48702], [27.44811, 46.51245], [27.47708, 46.56912], [27.48217, 46.62879], [27.46791, 46.68659], [27.4386, 46.74486], [27.39791, 46.80368], [27.20795, 47.03231], [27.15487, 47.11854], [27.12584, 47.22024], [27.13291, 47.39816], [27.11892, 47.45187], [27.0841, 47.49774], [27.03429, 47.54081], [26.97289, 47.58101], [26.83046, 47.6515], [26.62009, 47.73168], [26.69345, 47.77384], [26.77552, 47.80704], [27.1607, 47.92173], [27.17827, 47.93793], [27.17827, 47.94413], [27.15098, 47.9578], [27.16287, 47.96501], [27.16979, 47.97379], [27.16876, 47.98307], [27.15718, 47.99196], [27.14375, 47.98684], [27.12148, 48.01319], [27.09579, 48.0056], [27.08897, 48.01981], [27.10933, 48.02609], [27.10933, 48.0335], [27.08318, 48.04366], [27.05921, 48.05805], [27.04174, 48.07727], [27.0343, 48.10177], [27.04742, 48.1165], [27.04804, 48.12223], [27.26728, 48.2023], [27.2416, 48.3578], [27.25341, 48.45129], [27.29058, 48.53832], [27.42211, 48.74795], [27.44642, 48.79919], [27.46434, 48.85752], [27.46921, 48.91973], [27.45999, 48.98106], [27.44128, 49.04102], [27.36692, 49.21982], [27.34937, 49.28004], [27.34219, 49.34072], [27.34933, 49.40244], [27.36863, 49.46072], [27.46696, 49.65315], [27.48003, 49.70133], [27.48205, 49.75549], [27.46452, 49.83451], [27.4288, 49.91246], [27.37905, 49.99876], [27.317, 50.08794], [27.2348, 50.18361], [27.19598, 50.22074], [27.14329, 50.26281], [27.10057, 50.28881], [27.05713, 50.30779], [26.96863, 50.33006], [26.82063, 50.35035], [26.72863, 50.36895], [26.60868, 50.40746], [26.53363, 50.44115], [26.47537, 50.47885], [26.45486, 50.50031], [26.39335, 50.62213], [26.35427, 50.65975], [26.27561, 50.69268], [26.12549, 50.73077], [26.06208, 50.75827], [25.99547, 50.80661], [25.75754, 51.01907], [25.64747, 51.08737], [25.56759, 51.11511], [25.31497, 51.09807], [25.23249, 51.05811], [25.06286, 51.00228], [25.05982, 50.99043], [25.08055, 50.98306], [25.039, 50.96252], [24.9311, 50.9846], [24.7957, 50.95186], [24.69516, 50.93445], [24.59933, 50.92499], [24.48424, 50.9264], [24.14316, 50.85643], [24.13024, 50.86894], [24.04694, 50.89803], [23.97934, 50.93751], [23.96436, 50.95322], [23.95505, 50.98356], [23.944, 50.9942], [23.91175, 51.00681], [23.91599, 51.02087], [23.90421, 51.06272], [23.89552, 51.07611], [23.86927, 51.10174], [23.85449, 51.12153], [23.85821, 51.13073], [23.87475, 51.13613], [23.86359, 51.14827], [23.81604, 51.17879], [23.7652, 51.19902], [23.74266, 51.21626], [23.68727, 51.2924], [23.67021, 51.29938], [23.65089, 51.29961], [23.63518, 51.3047], [23.62867, 51.32596], [23.63404, 51.3393], [23.26982, 51.39879], [23.14534, 51.38849], [22.9599, 51.35936], [22.85996, 51.3389], [22.74714, 51.30889], [22.35456, 51.18267], [22.21898, 51.14874], [22.08399, 51.1284], [21.95554, 51.12815], [21.83459, 51.15399], [21.7627, 51.18607], [21.70995, 51.22125], [21.62815, 51.29016], [21.58184, 51.31924], [21.51628, 51.34274], [21.43232, 51.35511], [21.3141, 51.35564], [21.23445, 51.34848], [21.00455, 51.31602], [20.93271, 51.31352], [20.86427, 51.32135], [20.80054, 51.34309], [20.74187, 51.3822], [20.70637, 51.4215], [20.68237, 51.46429], [20.63583, 51.6002], [20.61399, 51.64429], [20.58119, 51.68662], [20.53306, 51.72581], [20.46209, 51.76654], [20.28179, 51.84199], [20.2353, 51.86677], [20.19528, 51.89957], [20.16142, 51.94582], [20.09235, 52.12261], [20.03722, 52.20813], [19.99789, 52.2461], [19.94708, 52.28382], [19.68384, 52.43373], [19.53773, 52.54101], [19.39464, 52.67563], [19.3042, 52.79897], [19.26419, 52.84343], [19.08956, 52.99302], [19.00506, 53.08657], [19.01117, 53.10037], [19.06827, 53.11015], [19.19989, 53.17872], [19.37876, 53.28257], [19.48604, 53.31191], [19.62907, 53.37678], [19.99344, 53.48417], [20.15095, 53.51571], [20.26646, 53.56811], [20.40997, 53.62478], [20.52036, 53.65911], [20.59069, 53.69381], [20.71652, 53.7184], [20.89571, 53.76224], [20.95422, 53.77021], [21.14052, 53.7838], [21.52961, 53.80619], [21.68511, 53.82226], [21.83302, 53.84996], [21.96601, 53.88838], [22.12238, 53.88654], [22.4516, 53.85707], [22.55977, 53.85186], [22.66478, 53.85459], [22.95242, 53.89611], [23.03125, 53.89706], [23.18545, 53.88681], [23.29755, 53.88462], [23.53893, 53.88865], [23.58959, 53.90913], [23.62712, 53.89821], [23.64262, 53.89899], [23.69192, 53.91149], [23.75445, 53.91676], [23.78721, 53.92792], [23.81212, 53.92084], [23.82834, 53.92007], [23.90472, 53.94606], [23.91981, 53.94777], [23.96487, 53.93273], [23.98131, 53.9304], [24.04538, 53.93087], [24.07494, 53.93573], [24.13675, 53.95542], [24.16962, 53.95893], [24.20114, 53.95247], [24.22915, 53.93237], [24.24641, 53.90364], [24.25705, 53.89402], [24.37787, 53.88684], [24.41404, 53.89769], [24.52866, 53.95836], [24.5791, 53.97562], [24.64297, 53.98301], [24.67057, 53.99428], [24.6779, 53.99231], [24.69082, 53.97283], [24.7056, 53.9642], [24.7239, 53.96343], [24.7887, 53.96968], [24.80637, 53.97531], [24.81939, 53.99257], [24.82136, 54.01991], [24.81247, 54.03892], [24.78715, 54.07763], [24.7825, 54.09287], [24.78425, 54.09623], [24.79056, 54.0966], [24.79945, 54.10321], [24.81815, 54.11013], [24.81753, 54.12822], [24.82157, 54.13453], [24.85598, 54.14672], [24.70587, 54.36225], [24.70929, 54.37879], [24.71238, 54.44558], [24.69809, 54.54485], [24.64911, 54.6876], [24.62646, 54.85299], [24.65628, 54.98157], [24.68819, 55.02165], [24.69499, 55.06535], [24.72212, 55.08808], [24.72977, 55.10238], [24.74226, 55.18962], [24.72989, 55.22036], [24.67046, 55.2618], [24.66279, 55.2729], [24.38705, 55.29626], [24.33722, 55.31484], [24.2291, 55.33874], [24.10693, 55.3505], [23.99896, 55.35139], [23.94088, 55.36433], [23.85187, 55.41593], [23.63683, 55.56552], [23.46568, 55.66478], [23.2721, 55.77616], [23.06122, 55.87247], [22.94391, 55.91417], [22.81967, 55.94902], [22.68873, 55.97516], [22.55868, 55.98674], [22.30898, 55.99199], [22.24691, 55.99868], [22.12816, 56.02646], [22.04856, 56.06552], [21.98217, 56.11795], [21.79276, 56.33857], [21.68449, 56.3101], [21.59603, 56.30788], [21.55892, 56.29729], [21.34527, 56.48963], [21.25201, 56.50043], [21.13482, 56.52786], [21.08031, 56.54615], [21.00567, 56.57913], [21.05836, 56.68867], [21.0652, 56.77432], [21.05277, 56.82892], [21.06521, 56.84633], [21.14723, 56.87641], [21.15676, 56.88556], [21.22291, 56.9077], [21.28749, 56.95534], [21.36012, 56.98969], [21.3825, 57.00894], [21.40162, 57.0375], [21.41359, 57.07319], [21.41481, 57.11384], [21.40108, 57.15131], [21.41481, 57.18488], [21.41477, 57.27059], [21.44164, 57.31331], [21.54502, 57.32417], [21.60979, 57.32607], [21.73972, 57.31937], [21.86402, 57.29906], [21.97793, 57.26617], [22.03878, 57.24126], [22.0554, 57.24109], [22.10817, 57.26867], [22.09051, 57.33436], [22.09486, 57.4045], [22.1245, 57.47273], [22.17842, 57.53641], [22.25464, 57.59308], [22.35029, 57.64052], [22.4179, 57.66259], [22.38848, 57.67966], [22.37695, 57.69299], [22.38081, 57.71213], [22.40909, 57.78145], [22.41317, 57.80701], [22.41011, 57.83266], [22.39773, 57.85749], [22.37374, 57.88059], [22.32468, 57.90619], [22.16996, 57.95285], [22.09404, 57.98009], [22.06195, 57.99689], [22.03606, 58.01661], [22.03525, 58.02326], [22.04626, 58.02817], [22.13387, 58.04353], [22.14865, 58.04893], [22.15379, 58.05569], [22.14423, 58.07577], [22.12338, 58.09502], [22.04427, 58.14927], [22.03012, 58.16628], [22.03083, 58.18261], [22.04676, 58.19476], [22.01686, 58.23387], [21.99383, 58.2447], [21.92847, 58.24517], [21.89651, 58.25073], [21.86768, 58.26478], [21.84329, 58.30215], [21.85565, 58.30686], [21.90821, 58.29873], [21.87332, 58.34161], [21.89454, 58.34649], [21.94459, 58.31875], [21.96339, 58.32661], [21.95495, 58.34406], [21.96804, 58.35455], [21.99049, 58.35786], [22.01124, 58.35395], [21.99008, 58.38695], [21.94597, 58.43228], [21.90113, 58.46841], [21.83242, 58.51095], [21.88859, 58.49815], [21.91627, 58.50117], [21.92849, 58.51837], [21.99561, 58.51251], [22.02096, 58.49906], [22.06422, 58.45669], [22.07358, 58.42691], [22.08937, 58.42219], [22.09848, 58.42609], [22.09311, 58.44953], [22.1039, 58.48744], [22.12652, 58.50448], [22.17189, 58.52155], [22.19429, 58.54571], [22.21556, 58.54417], [22.22885, 58.51057], [22.24334, 58.50483], [22.2732, 58.50202], [22.28836, 58.56932], [22.32162, 58.58463], [22.46306, 58.59292], [22.55031, 58.62957], [22.58318, 58.6345], [22.61264, 58.6057], [22.64812, 58.58674], [22.68214, 58.60032], [22.73634, 58.58808], [22.75799, 58.59292], [22.81137, 58.62294], [22.84637, 58.61343], [22.89967, 58.62026], [22.92204, 58.61741], [22.98975, 58.60174], [23.01881, 58.59081], [23.09103, 58.57096], [23.12582, 58.5351], [23.14829, 58.52155], [23.18865, 58.5104], [23.25557, 58.49992], [23.31804, 58.47266], [23.33324, 58.45637], [23.32495, 58.4423], [23.2614, 58.46589], [23.23764, 58.45637], [23.26173, 58.45161], [23.27798, 58.43652], [23.23488, 58.4399], [23.19607, 58.45637], [23.18189, 58.47468], [23.1565, 58.47752], [23.13036, 58.43953], [23.10865, 58.42903], [23.08424, 58.42963], [23.08674, 58.39497], [23.02198, 58.36324], [22.97755, 58.38166], [22.95485, 58.38105], [22.94752, 58.37263], [22.96947, 58.36017], [22.90267, 58.31184], [22.88807, 58.30791], [23.03221, 58.28314], [23.34137, 58.18028], [23.4204, 58.14519], [23.43613, 58.13186], [23.43, 58.12375], [23.40847, 58.11984], [23.34466, 58.12073], [23.29504, 58.12849], [23.26633, 58.1228], [23.21816, 58.1034], [23.15251, 58.06663], [23.09855, 58.04741], [23.06678, 58.04605], [22.99205, 58.05229], [22.95962, 58.04694], [22.9329, 58.02705], [22.92056, 57.99799], [22.92209, 57.9644], [22.93597, 57.93157], [22.90852, 57.92771], [22.86603, 57.93103], [22.73303, 57.96596], [22.67173, 57.96972], [22.6205, 57.96584], [22.5951, 57.96046], [22.55316, 57.94234], [22.52559, 57.92595], [22.50782, 57.90899], [22.50521, 57.90093], [22.50812, 57.87831], [22.53119, 57.82276], [22.57751, 57.73424], [22.59001, 57.70131], [22.59099, 57.64476], [22.60076, 57.63011], [22.6561, 57.58576], [22.87863, 57.4814], [22.95037, 57.43281], [23.03142, 57.39448], [23.08334, 57.37824], [23.1302, 57.37079], [23.13803, 57.34317], [23.17467, 57.29711], [23.19874, 57.22419], [23.2224, 57.20701], [23.26092, 57.09894], [23.29264, 57.08893], [23.3401, 57.05858], [23.42286, 57.04023], [23.50855, 57.03123], [23.58513, 56.97907], [23.63201, 56.97093], [23.69516, 56.96727], [23.86606, 56.99018], [23.95289, 57.01325], [23.99122, 57.03124], [24.03567, 57.06899], [24.07456, 57.07494], [24.21078, 57.12373], [24.21927, 57.138], [24.23838, 57.14942], [24.27858, 57.16104], [24.27884, 57.17178], [24.2885, 57.17873], [24.31267, 57.1883], [24.37916, 57.23021], [24.40065, 57.25812], [24.40887, 57.29816], [24.40553, 57.34447], [24.38655, 57.44375], [24.47992, 57.42393], [24.54397, 57.40434], [24.71459, 57.33539], [24.88339, 57.23918], [24.95286, 57.17919], [25.00097, 57.10853], [24.95545, 57.05546], [24.9189, 57.02372], [24.81136, 56.95019], [24.8136, 56.939], [24.87713, 56.92361], [24.91296, 56.92069], [25.01567, 56.93638], [25.14968, 56.9669], [25.17632, 56.97731], [25.1745, 57.01475], [25.28848, 57.10116], [25.3202, 57.13662], [25.32153, 57.15624], [25.28911, 57.19301], [24.8227, 57.49241], [24.76896, 57.5327], [24.66508, 57.52386], [24.53488, 57.52189], [24.40626, 57.53354], [24.36323, 57.54102], [24.35867, 57.55017], [24.37477, 57.61347], [24.36305, 57.67227], [24.35768, 57.68549], [24.29959, 57.74384], [24.28878, 57.84507], [24.32439, 57.88679], [24.33386, 57.92133], [24.38111, 57.98383], [24.3983, 58.02326], [24.46412, 58.07217], [24.46414, 58.12055], [24.47291, 58.15473], [24.45485, 58.1962], [24.46754, 58.21784], [24.4709, 58.25071], [24.49148, 58.26569], [24.54851, 58.28929], [24.5604, 58.31232], [24.55104, 58.33373], [24.52882, 58.35065], [24.44418, 58.38614], [24.40317, 58.39533], [24.36183, 58.39728], [24.327, 58.38813], [24.31593, 58.37995], [24.29575, 58.35497], [24.28686, 58.31855], [24.24332, 58.28023], [24.21078, 58.2714], [24.15602, 58.27684], [24.13893, 58.26797], [24.12084, 58.24519], [24.11166, 58.24105], [24.09445, 58.24462], [24.05323, 58.27827], [23.98024, 58.31843], [23.91383, 58.33332], [23.85508, 58.33957], [23.83351, 58.35395], [23.82447, 58.35456], [23.80567, 58.34652], [23.77711, 58.35497], [23.75562, 58.34004], [23.74129, 58.34292], [23.71892, 58.39956], [23.68361, 58.42198], [23.67745, 58.43525], [23.68434, 58.49966], [23.67897, 58.52416], [23.66383, 58.5362], [23.63494, 58.5284], [23.62241, 58.52913], [23.58458, 58.54474], [23.57338, 58.55217], [23.56121, 58.58316], [23.54615, 58.5799], [23.51637, 58.55465], [23.50149, 58.56249], [23.49808, 58.57221], [23.51824, 58.60375], [23.49321, 58.6736], [23.50654, 58.70538], [23.5359, 58.70279], [23.54664, 58.70962], [23.53006, 58.72285], [23.53307, 58.74745], [23.58448, 58.73794], [23.69703, 58.75115], [23.75522, 58.73359], [23.8025, 58.7307], [23.80486, 58.74799], [23.78339, 58.75585], [23.77962, 58.76623], [23.78549, 58.77798], [23.79949, 58.78535], [23.81617, 58.78461], [23.87436, 58.77167], [23.81568, 58.79995], [23.78419, 58.80097], [23.75766, 58.78536], [23.73951, 58.798], [23.71909, 58.79906], [23.67652, 58.79219], [23.60336, 58.79483], [23.56031, 58.78583], [23.54233, 58.77532], [23.49387, 58.77703], [23.4295, 58.76486], [23.46658, 58.80072], [23.4857, 58.80963], [23.51881, 58.81265], [23.52613, 58.81977], [23.46365, 58.86417], [23.45509, 58.883], [23.42239, 58.90868], [23.42207, 58.92869], [23.44371, 58.94403], [23.5101, 58.9416], [23.53194, 58.95668], [23.56691, 58.95014], [23.58448, 58.95356], [23.62485, 58.9726], [23.62159, 59.01533], [23.60548, 59.03266], [23.57573, 59.04761], [23.69584, 59.07086], [23.84612, 59.08229], [24.16039, 59.08589], [24.29374, 59.07433], [24.32656, 59.06882], [24.35937, 59.0633], [24.48048, 59.03208], [24.54987, 59.00592], [24.46165, 58.97049], [24.45683, 58.96069], [24.50581, 58.91248], [24.54192, 58.8588], [24.66372, 58.83004], [24.76883, 58.8212], [24.85891, 58.82344], [24.88631, 58.84871], [24.90059, 58.90204], [24.90922, 58.91231], [24.92832, 58.92], [24.96342, 58.91247], [25.05379, 58.87256], [25.22136, 58.84586], [25.24582, 58.8472], [25.28787, 58.86953], [25.55795, 58.86431], [25.59867, 58.86787], [25.6192, 58.87964], [25.60692, 58.93274], [25.61672, 58.93685], [25.64667, 58.93119], [25.71374, 58.8975], [25.74326, 58.89302], [25.76061, 58.90783], [25.7597, 58.95934], [25.76606, 58.96699], [25.77987, 58.96945], [25.81208, 58.95773], [25.86186, 58.90196], [25.89085, 58.8876], [25.90992, 58.89112], [25.93724, 58.92733], [25.95818, 58.93602], [26.0351, 58.92259], [26.17209, 58.88781], [26.3531, 58.89169], [26.57018, 58.82889], [26.72234, 58.83326], [26.79771, 58.81288], [26.9697, 58.75561], [27.0482, 58.73646], [27.15559, 58.72535], [27.52111, 58.70274], [27.85176, 58.64154], [27.94948, 58.62981], [27.99837, 58.63386], [28.04477, 58.6461], [28.11932, 58.67744], [28.15112, 58.70185], [28.1717, 58.73193], [28.16673, 58.7648], [28.09566, 58.83952], [28.07071, 58.8747], [28.07007, 58.88833], [28.09158, 58.89839], [28.16334, 58.90483], [28.23154, 58.89953], [28.25783, 58.886], [28.30331, 58.84007], [28.3245, 58.82701], [28.40205, 58.81188], [28.46099, 58.80982], [28.47597, 58.81427], [28.48397, 58.82636], [28.47616, 58.88963], [28.51491, 58.92014], [28.53547, 58.92222], [28.57178, 58.9156], [28.83544, 58.84209], [28.8986, 58.8365], [28.97761, 58.85011], [29.05429, 58.88122], [29.05337, 58.89346], [29.01639, 58.92686], [29.01614, 58.93867], [29.90223, 58.75105], [30.81694, 58.53266], [31.24094, 58.42533], [31.90394, 58.24702], [32.59639, 58.0446], [32.99683, 57.92492], [33.76816, 57.6765], [34.10668, 57.56427], [34.93151, 57.27481], [35.17493, 57.18614], [35.73393, 56.97508], [36.28685, 56.76173], [36.65327, 56.61388], [37.22353, 56.37955], [37.67627, 56.18541], [38.49511, 55.82419], [39.13051, 55.53118], [39.58547, 55.31558], [40.07598, 55.0763], [40.51495, 54.85773], [41.15357, 54.52884], [41.64835, 54.26657], [42.11491, 54.01255], [42.48854, 53.80466], [43.09595, 53.45678], [43.47606, 53.2321], [44.01353, 52.90608], [44.58383, 52.55255], [45.02334, 52.2663], [45.45753, 51.9786], [46.27197, 51.42543], [46.70446, 51.11677], [47.13155, 50.8067], [47.34949, 50.64353], [47.52768, 50.4425], [47.55692, 50.45258], [47.5993, 50.45268], [47.62467, 50.4408], [47.68999, 50.38633], [47.73495, 50.37005], [47.74911, 50.36024], [47.76693, 50.33719], [47.77649, 50.3298], [47.80822, 50.31993], [47.85453, 50.28504], [47.87406, 50.26644], [47.91344, 50.24386], [47.95364, 50.20489], [47.99322, 50.1818], [48.01224, 50.14211], [48.02475, 50.13126], [48.07456, 50.10526], [48.09637, 50.07855], [48.11249, 50.02196], [48.14236, 49.96377], [48.16086, 49.94646], [48.20045, 49.92502], [48.21988, 49.9015], [48.22711, 49.87949], [48.23931, 49.86476], [47.9819, 49.71357], [47.82614, 49.54503], [47.48102, 49.1607], [47.04989, 48.66684], [46.68818, 48.23153], [46.32052, 47.77926], [46.07098, 47.46653], [45.78259, 47.08848], [45.42833, 46.6147], [45.09226, 46.15545], [44.70698, 45.6036], [44.21142, 44.85311], [44.21974, 44.70518], [44.21111, 44.5618], [44.15869, 44.3257], [44.05119, 43.91062], [44.01544, 43.72711], [43.93452, 43.21527], [43.88511, 42.97004], [43.75596, 42.76313], [43.80061, 42.74646], [43.81178, 42.71727], [43.78873, 42.69308], [43.75379, 42.67466], [43.72568, 42.6544], [43.72258, 42.62487], [43.75111, 42.59874], [43.79617, 42.58983], [43.73592, 42.36891], [43.50615, 41.63877], [43.43346, 41.43534], [43.35945, 41.26941], [43.27265, 41.11495], [43.17484, 40.96916], [43.06834, 40.83038], [42.95523, 40.69678], [42.51408, 40.21691], [42.07982, 39.73496], [41.82269, 39.43256], [41.65261, 39.22334], [41.568, 39.11861], [41.44994, 38.95677], [41.43859, 38.978], [41.42254, 38.98666], [41.38136, 38.98961], [41.29765, 38.97951], [41.27286, 38.98662], [41.2517, 39.01162], [41.17336, 39.2434], [41.15435, 39.31877], [41.11928, 39.509], [41.09845, 39.55124], [41.06366, 39.67668], [41.02944, 39.7069], [41.05385, 39.78059], [41.06667, 39.8401], [41.06694, 39.87556], [41.05541, 39.89957], [41.03459, 39.90924], [40.89835, 39.93414], [40.8289, 39.97004], [40.81772, 39.96998], [40.78877, 39.92837], [40.71547, 39.78561], [40.66105, 39.71514], [40.64696, 39.70358], [40.62154, 39.69642], [40.58736, 39.71111], [40.44721, 39.83161], [40.38859, 39.87485], [40.28637, 39.92953], [40.25719, 39.96215], [40.23527, 39.99887], [40.02966, 40.00668], [39.92231, 40.00502], [40.00544, 40.03475], [40.05849, 40.06234], [40.06313, 40.07312], [40.0446, 40.08475], [40.04664, 40.08856], [40.16433, 40.15468], [40.25693, 40.26532], [40.32562, 40.32129], [40.33516, 40.33645], [40.34519, 40.37376], [40.34965, 40.42642], [40.34777, 40.45888], [40.33234, 40.50013], [40.33296, 40.58147], [40.31965, 40.58876], [40.22269, 40.56795], [40.12296, 40.56082], [40.04712, 40.56626], [40.02524, 40.58083], [39.96508, 40.63453], [39.94013, 40.66485], [39.91944, 40.6965], [39.8895, 40.76527], [39.81492, 40.83114], [39.7762, 40.87516], [39.74703, 40.91511], [39.69201, 41.00829], [39.72999, 41.01715], [39.75709, 41.00235], [39.79892, 41.00037], [39.85874, 40.96426], [39.89568, 40.95478], [39.91215, 40.96384], [39.97495, 40.98028], [39.99936, 40.98211], [40.05681, 40.94135], [40.0857, 40.92646], [40.12599, 40.92064], [40.14275, 40.9228], [40.23146, 40.94684], [40.25466, 40.95867], [40.30104, 40.96845], [40.46486, 41.05043], [40.49969, 41.03876], [40.52914, 41.03628], [40.55738, 41.04247], [40.62616, 41.08217], [40.67067, 41.08796], [40.69825, 41.09813], [40.75759, 41.15834], [40.82749, 41.19793], [40.85375, 41.19932], [40.89682, 41.18757], [40.92205, 41.19062], [40.96013, 41.21074], [41.02027, 41.2237], [41.04274, 41.23249], [41.12136, 41.28554], [41.19077, 41.29572], [41.28501, 41.35381], [41.34226, 41.37243], [41.39039, 41.37934], [41.40895, 41.39033], [41.42416, 41.40786], [41.43818, 41.45135], [41.50709, 41.49543], [41.58609, 41.60248], [41.61558, 41.63248], [41.67604, 41.66218], [41.69289, 41.69229], [41.73976, 41.74991], [41.74393, 41.77863], [41.76629, 41.80418], [41.77394, 41.8216], [41.77394, 41.90693], [41.75571, 42.00642], [41.68491, 42.09894], [41.66408, 42.11396], [41.64918, 42.21223], [41.5962, 42.34943], [41.55487, 42.38984], [41.50017, 42.64057], [41.48276, 42.68024], [41.45737, 42.71369], [41.42433, 42.7399], [41.38347, 42.75727], [41.30731, 42.76766], [41.27491, 42.7853], [41.22535, 42.80231], [41.20533, 42.80443], [41.1609, 42.79085], [41.15025, 42.79565], [41.10476, 42.84659], [41.0818, 42.90815], [41.02312, 42.98998], [40.99838, 42.98945], [40.95899, 42.9764], [40.93378, 42.98274], [40.90398, 43.01634], [40.88658, 43.02416], [40.85597, 43.06306], [40.78305, 43.08417], [40.68287, 43.09431], [40.59181, 43.08565], [40.57994, 43.08882], [40.52019, 43.12726], [40.47853, 43.13403], [40.39828, 43.16234], [40.36118, 43.16547], [40.33513, 43.14087], [40.32505, 43.14884], [40.30104, 43.18867], [40.26842, 43.21638], [40.2728, 43.24799], [40.25717, 43.27741], [40.21909, 43.31904], [40.13348, 43.34163], [40.10133, 43.36518], [40.08692, 43.37031], [40.04079, 43.37581], [39.96258, 43.39266], [39.93337, 43.40669], [39.91034, 43.42642], [39.86793, 43.49567], [39.84693, 43.51], [39.75653, 43.54532], [39.71828, 43.56778], [39.69077, 43.61384], [39.61892, 43.64461], [39.57407, 43.68895], [39.45755, 43.77091], [39.39137, 43.84536], [39.32936, 43.89623], [39.11611, 44.02372], [39.08816, 44.04524], [39.06121, 44.07612], [39.04477, 44.08812], [39.02273, 44.09302], [39.01158, 44.10029], [38.97828, 44.14826], [38.93735, 44.16352], [38.87372, 44.17342], [38.8559, 44.18435], [38.75831, 44.27363], [38.69689, 44.29231], [38.59506, 44.33194], [38.30983, 44.36617], [38.28842, 44.38516], [38.21706, 44.38731], [38.17775, 44.406], [38.10808, 44.49706], [38.06302, 44.52406], [38.05616, 44.55899], [38.04493, 44.56118], [38.01189, 44.55233], [37.98456, 44.56428], [37.92808, 44.60595], [37.92263, 44.61376], [37.93621, 44.63426], [37.87485, 44.6894], [37.77849, 44.7298], [37.79054, 44.70588], [37.82242, 44.66816], [37.82015, 44.6479], [37.80005, 44.63525], [37.7693, 44.6324], [37.73624, 44.63575], [37.63185, 44.66901], [37.60108, 44.6684], [37.57716, 44.65535], [37.52522, 44.67066], [37.55876, 44.70835], [37.63026, 44.76491], [37.67278, 44.78922], [37.76483, 44.82735], [37.76949, 44.8366], [37.76181, 44.8429], [37.68531, 44.85662], [37.59498, 44.88582], [37.51428, 44.92691], [37.44628, 44.97836], [37.39386, 45.0378], [37.37365, 45.07057], [37.35827, 45.10416], [37.33407, 45.19509], [37.29705, 45.27347], [37.31918, 45.27167], [37.30274, 45.28632], [37.29044, 45.28971], [37.27775, 45.32692], [37.34801, 45.32762], [37.37044, 45.3222], [37.38136, 45.30646], [37.39382, 45.31732], [37.43141, 45.32233], [37.51928, 45.36927], [37.50473, 45.33381], [37.54266, 45.34739], [37.58399, 45.34055], [37.60083, 45.33136], [37.60792, 45.31269], [37.58912, 45.30313], [37.56674, 45.29963], [37.59108, 45.28937], [37.60955, 45.29682], [37.6351, 45.33378], [37.65162, 45.31269], [37.71022, 45.30028], [37.72047, 45.29963], [37.73601, 45.30614], [37.73829, 45.3107], [37.6999, 45.33918], [37.7064, 45.35126], [37.72047, 45.357], [37.73756, 45.37474], [37.74773, 45.39399], [37.75807, 45.39521], [37.75807, 45.40204], [37.71707, 45.389], [37.72348, 45.41462], [37.70771, 45.43692], [37.70291, 45.45725], [37.74439, 45.44302], [37.74439, 45.45043], [37.68606, 45.48404], [37.70265, 45.54316], [37.69972, 45.56281], [37.64942, 45.58495], [37.64275, 45.6035], [37.6351, 45.6081], [37.62306, 45.60139], [37.6233, 45.58588], [37.6364, 45.57099], [37.66245, 45.56655], [37.66243, 45.55908], [37.6351, 45.55288], [37.65502, 45.50821], [37.65308, 45.50439], [37.64194, 45.50446], [37.64078, 45.45596], [37.61914, 45.41841], [37.60825, 45.41585], [37.58629, 45.43244], [37.59425, 45.47712], [37.5874, 45.60037], [37.59514, 45.63553], [37.60793, 45.66274], [37.62647, 45.66827], [37.63476, 45.66071], [37.6311, 45.649], [37.61459, 45.64228], [37.64193, 45.63543], [37.67091, 45.60969], [37.67888, 45.61078], [37.68232, 45.62799], [37.70289, 45.62177], [37.70069, 45.63467], [37.67605, 45.64912], [37.66685, 45.66901], [37.76337, 45.72458], [37.82944, 45.75316], [37.8611, 45.8061], [37.87485, 45.84101], [37.90197, 45.95051], [37.91873, 45.9914], [37.94013, 46.02033], [37.97186, 46.04002], [38.03785, 46.05654], [38.09748, 46.05781], [38.04705, 46.03856], [38.03248, 46.02521], [38.05486, 46.03266], [38.06623, 46.03254], [38.07397, 46.02521], [38.07226, 46.01374], [38.05144, 45.99262], [38.04184, 45.96109], [38.04615, 45.9536], [38.07797, 45.95208], [38.08033, 45.94636], [38.07301, 45.90876], [38.01531, 45.85761], [38.00123, 45.83259], [38.0145, 45.81843], [38.03956, 45.81607], [38.06031, 45.82661], [38.0469, 45.84089], [38.04983, 45.85488], [38.07398, 45.88182], [38.0975, 45.95074], [38.1211, 45.97134], [38.1312, 45.99006], [38.13894, 46.03009], [38.16277, 46.06], [38.16214, 46.10195], [38.16775, 46.12062], [38.24879, 46.14154], [38.27197, 46.13568], [38.31959, 46.09345], [38.35449, 46.08245], [38.42742, 46.03828], [38.48178, 46.03266], [38.52589, 46.03879], [38.54998, 46.0312], [38.55991, 46.03266], [38.56674, 46.04328], [38.57602, 46.08735], [38.57081, 46.10468], [38.55681, 46.11518], [38.30007, 46.21866], [38.28534, 46.23213], [38.27125, 46.27416], [38.21707, 46.30591], [38.12289, 46.37751], [38.08766, 46.39643], [38.06788, 46.40144], [37.98064, 46.40034], [37.97495, 46.39427], [37.97779, 46.38215], [38.0187, 46.36848], [37.99537, 46.35445], [37.97073, 46.36197], [37.90505, 46.41104], [37.86297, 46.45478], [37.82733, 46.47651], [37.75514, 46.64594], [37.73074, 46.66267], [37.73074, 46.67011], [37.73536, 46.66962], [37.73783, 46.67622], [37.85222, 46.6225], [37.8816, 46.62913], [37.92465, 46.61555], [37.98227, 46.6175], [38.03679, 46.62946], [38.07032, 46.64594], [38.1037, 46.67597], [38.12331, 46.68646], [38.21388, 46.69619], [38.27174, 46.73235], [38.31365, 46.67634], [38.46225, 46.64696], [38.57545, 46.6538], [38.59164, 46.65925], [38.59815, 46.67792], [38.58578, 46.69587], [38.56674, 46.70995], [38.51344, 46.73249], [38.47055, 46.74348], [38.42799, 46.74486], [38.38933, 46.73159], [38.37819, 46.70818], [38.36819, 46.75544], [38.403, 46.77997], [38.40297, 46.82074], [38.41474, 46.83331], [38.45747, 46.85738], [38.47462, 46.86187], [38.55307, 46.84829], [38.60906, 46.85968], [38.69093, 46.86384], [38.76629, 46.88678], [38.80372, 46.89354], [38.86574, 46.94293], [38.93735, 46.94746], [38.99138, 46.97797], [39.03632, 47.01365], [39.06023, 47.02172], [39.07521, 47.03265], [39.09741, 47.02903], [39.10499, 47.01679], [39.11492, 47.01276], [39.12672, 47.01382], [39.15309, 47.02634], [39.26189, 47.00861], [39.28004, 47.01276], [39.2894, 47.02729], [39.30356, 47.0847], [39.32505, 47.09877], [39.36785, 47.10615], [39.38868, 47.11518], [39.35467, 47.13105], [39.32936, 47.12836], [39.28007, 47.08786], [39.26492, 47.09663], [39.26199, 47.10761], [39.2732, 47.13565], [39.25458, 47.14013], [39.24921, 47.14814], [39.25259, 47.18014], [39.25605, 47.18976], [39.27296, 47.1918], [39.28004, 47.19709], [39.28159, 47.20527], [39.28004, 47.23526], [39.26401, 47.26081], [39.18605, 47.26875], [39.1565, 47.27969], [39.13884, 47.27343], [39.08814, 47.28644], [39.01343, 47.25447], [38.97682, 47.2569], [38.94459, 47.25275], [38.93051, 47.22162], [38.93774, 47.18977], [38.93164, 47.18501], [38.88657, 47.18146], [38.84742, 47.16357], [38.77223, 47.16356], [38.64495, 47.13773], [38.55307, 47.13565], [38.56803, 47.12201], [38.56803, 47.11519], [38.51743, 47.11905], [38.49294, 47.12809], [38.47822, 47.1423], [38.49439, 47.14899], [38.50961, 47.17162], [38.53102, 47.18232], [38.55991, 47.21821], [38.59262, 47.22968], [38.77564, 47.24551], [38.80779, 47.26264], [38.82114, 47.27631], [38.82065, 47.28644], [38.81039, 47.28783], [38.78289, 47.2591], [38.59457, 47.24128], [38.5534, 47.2298], [38.51905, 47.21076], [38.5005, 47.18159], [38.46266, 47.16181], [38.44897, 47.14029], [38.42821, 47.13363], [38.26539, 47.1188], [38.22413, 47.10834], [38.1963, 47.0895], [38.14225, 47.03767], [38.10811, 47.02637], [38.13038, 47.05842], [38.13006, 47.07465], [38.10435, 47.08162], [38.07154, 47.0998], [38.02621, 47.08162], [37.96209, 47.09593], [37.95045, 47.09127], [37.8611, 47.10151], [37.75326, 47.07527], [37.71066, 47.07417], [37.58074, 47.0904], [37.5464, 47.08161], [37.48292, 47.03596], [37.37794, 46.9339], [37.3352, 46.88248], [37.31302, 46.87557], [37.31739, 46.90082], [37.29542, 46.92023], [37.26075, 46.93269], [37.22706, 46.937], [37.20818, 46.93358], [37.16228, 46.90909], [37.02882, 46.87556], [36.9846, 46.85238], [36.93881, 46.8395], [36.88623, 46.80403], [36.85369, 46.80048], [36.86237, 46.77673], [36.8296, 46.73188], [36.81215, 46.68039], [36.7937, 46.65364], [36.76929, 46.63741], [36.74384, 46.64217], [36.74384, 46.64959], [36.77166, 46.64346], [36.79029, 46.67129], [36.8025, 46.72476], [36.75807, 46.75886], [36.69606, 46.77997], [36.67921, 46.77303], [36.63396, 46.77998], [36.61704, 46.77668], [36.59001, 46.75887], [36.5241, 46.75886], [36.48267, 46.74169], [36.43246, 46.73485], [36.40016, 46.72394], [36.3711, 46.70844], [36.30348, 46.65925], [36.28435, 46.63642], [36.27832, 46.60742], [36.27086, 46.60742], [36.26759, 46.62556], [36.24789, 46.61905], [36.24578, 46.61085], [36.24075, 46.61994], [36.24431, 46.63532], [36.23065, 46.64216], [36.21665, 46.65868], [36.18946, 46.66901], [36.13445, 46.66268], [36.06202, 46.67011], [35.92589, 46.65233], [35.90162, 46.65274], [35.77117, 46.60126], [35.74195, 46.58442], [35.62866, 46.49849], [35.49147, 46.44798], [35.44527, 46.40585], [35.38014, 46.36848], [35.28465, 46.25937], [35.26352, 46.24226], [35.20969, 46.17014], [35.18445, 46.14528], [35.16179, 46.12825], [35.1211, 46.11848], [35.09652, 46.1042], [35.06227, 46.09862], [34.99972, 46.0737], [34.98212, 46.07783], [34.98538, 46.08747], [35.01711, 46.11277], [35.05193, 46.12824], [35.04446, 46.14191], [35.14894, 46.16413], [35.20045, 46.18301], [35.29136, 46.29336], [35.32781, 46.31924], [35.34213, 46.33576], [35.34604, 46.36103], [35.31153, 46.33764], [35.29176, 46.33642], [35.2676, 46.35107], [35.25861, 46.3736], [35.26451, 46.3998], [35.28452, 46.4374], [35.25051, 46.44356], [35.21457, 46.46267], [35.19142, 46.49429], [35.18832, 46.51244], [35.16668, 46.49315], [35.174, 46.47333], [35.20198, 46.44049], [35.2137, 46.41181], [35.20947, 46.39643], [35.20149, 46.38533], [35.16782, 46.36103], [35.10812, 46.29753], [35.07503, 46.27107], [35.03076, 46.25179], [34.92653, 46.23506], [34.91388, 46.2383], [34.9048, 46.25568], [34.89357, 46.25178], [34.88216, 46.22175], [34.83888, 46.20767], [34.81227, 46.17666], [34.82423, 46.07795], [34.83862, 46.04734], [34.87436, 45.92609], [34.90521, 45.88831], [34.95818, 45.78954], [35.04444, 45.67007], [35.3322, 45.37124], [35.48072, 45.2978], [35.51783, 45.29548], [35.695, 45.33039], [35.71599, 45.34056], [35.74334, 45.36107], [35.75295, 45.38641], [35.76743, 45.38898], [35.78842, 45.40746], [35.80398, 45.44916], [35.81716, 45.46405], [35.83327, 45.47088], [35.85766, 45.46942], [35.86002, 45.45954], [35.84693, 45.42626], [35.85402, 45.41401], [35.94662, 45.37214], [35.98601, 45.36274], [36.02231, 45.36811], [36.05177, 45.39521], [36.06887, 45.42999], [36.11794, 45.45709], [36.13746, 45.46205], [36.25245, 45.46149], [36.28403, 45.47662], [36.29997, 45.47333], [36.30737, 45.46092], [36.29884, 45.44302], [36.3117, 45.44351], [36.34051, 45.45725], [36.41179, 45.43623], [36.48044, 45.44441], [36.47897, 45.43635], [36.533, 45.34872], [36.50245, 45.34687], [36.48927, 45.33633], [36.48439, 45.31639], [36.49723, 45.30073], [36.4821, 45.28881], [36.45037, 45.28535], [36.43727, 45.27204], [36.41798, 45.22993], [36.40887, 45.14948], [36.41481, 45.12836], [36.45532, 45.09162], [36.45336, 45.07649], [36.44011, 45.06746], [36.36785, 45.04879], [36.26775, 45.04369], [36.25782, 45.03897], [36.2443, 45.01098], [36.22462, 45.00752], [36.136, 45.02144], [36.07911, 45.04637], [36.07911, 45.03898], [36.04786, 45.04877], [36.0254, 45.0329], [35.99341, 44.998], [35.91684, 45.00141], [35.84799, 44.99243], [35.82782, 44.99922], [35.813, 45.03164], [35.78321, 45.05752], [35.70639, 45.09467], [35.63404, 45.11469], [35.59059, 45.11986], [35.54737, 45.1197], [35.5062, 45.11351], [35.46957, 45.10102], [35.40805, 45.06249], [35.39731, 45.03506], [35.40064, 45.02464], [35.43538, 45.01097], [35.43538, 45.00483], [35.42213, 45.00045], [35.38942, 45.00194], [35.37403, 44.99799], [35.36215, 44.98656], [35.36718, 44.94337], [35.31935, 44.97004], [35.29819, 44.95638], [35.2732, 44.96699], [35.25603, 44.95869], [35.23315, 44.92569], [35.21509, 44.91438], [35.15431, 44.90111], [35.12973, 44.8686], [35.10839, 44.82494], [35.08081, 44.79378], [35.03762, 44.79878], [35.00571, 44.83519], [34.95249, 44.84154], [34.93019, 44.83613], [34.90788, 44.82051], [34.89023, 44.81814], [34.85719, 44.82372], [34.82651, 44.81185], [34.75701, 44.8205], [34.72096, 44.81098], [34.65064, 44.7773], [34.61335, 44.7653], [34.53321, 44.75292], [34.50001, 44.74262], [34.47527, 44.72363], [34.47332, 44.73029], [34.46901, 44.7298], [34.41432, 44.67377], [34.38022, 44.63133], [34.3313, 44.54549], [34.27101, 44.54548], [34.24292, 44.50748], [34.22982, 44.49991], [34.18246, 44.49283], [34.14746, 44.4499], [34.10254, 44.42513], [34.06577, 44.41962], [33.95815, 44.3831], [33.93776, 44.38106], [33.85206, 44.40152], [33.80733, 44.39469], [33.74122, 44.39592], [33.72033, 44.39987], [33.7695, 44.44952], [33.86715, 44.51683], [33.86607, 44.5236], [33.82776, 44.56199], [33.79322, 44.60812], [33.64335, 44.60593], [33.55683, 44.6163], [33.57154, 44.62055], [33.52516, 44.62886], [33.5163, 44.63427], [33.51483, 44.64911], [33.5442, 44.68268], [33.54835, 44.69868], [33.52516, 44.77241], [33.5163, 44.7851], [33.52768, 44.7932], [33.54597, 44.83668], [33.55939, 44.84958], [33.59832, 44.85932], [33.60922, 44.87173], [33.61988, 44.90864], [33.61964, 44.93146], [33.60564, 44.98745], [33.58513, 45.01868], [33.56251, 45.09394], [33.53745, 45.11738], [33.46909, 45.14884], [33.41342, 45.18452], [33.3965, 45.18977], [33.35515, 45.18574], [33.25962, 45.15609], [33.24008, 45.17963], [33.1736, 45.19661], [33.1233, 45.23786], [33.09248, 45.25419], [33.16039, 45.3345], [33.23088, 45.39167], [33.29976, 45.43267], [33.30072, 45.44334], [33.21199, 45.47402], [33.08962, 45.52378], [32.9549, 45.5913], [32.88517, 45.6381], [32.93701, 45.66258], [33.16342, 45.73627], [33.17612, 45.74311], [33.181, 45.75519], [33.15921, 45.7685], [33.16067, 45.77879], [33.1692, 45.7844], [33.19483, 45.76512], [33.23015, 45.75092], [33.26539, 45.75381], [33.33815, 45.78563], [33.37428, 45.79654], [33.41001, 45.8266], [33.4819, 45.85439], [33.50766, 45.84296], [33.53012, 45.84186], [33.55421, 45.84707], [33.57839, 45.86814], [33.61988, 45.88181], [33.6419, 45.87587], [33.65895, 45.85932], [33.69166, 45.86075], [33.69355, 45.91448], [33.70867, 45.90974], [33.77703, 45.92963], [33.73959, 45.94782], [33.68246, 45.95844], [33.65724, 45.95694], [33.63201, 45.94442], [33.6199, 45.95075], [33.64682, 45.97972], [33.63202, 45.98827], [33.63113, 45.99653], [33.64357, 46.01496], [33.62796, 46.06781], [33.64845, 46.09003], [33.64357, 46.10468], [33.61346, 46.14521], [33.59653, 46.15575], [33.57154, 46.14936], [33.53248, 46.12153], [33.53126, 46.10688], [33.55786, 46.09471], [33.55786, 46.08732], [33.50563, 46.08027], [33.49578, 46.06786], [33.51626, 46.04634], [33.48553, 46.05317], [33.42384, 46.0533], [33.38429, 46.08759], [33.35776, 46.10383], [33.33106, 46.10749], [33.3108, 46.08732], [33.30584, 46.09235], [33.29032, 46.09472], [33.31772, 46.1197], [33.31568, 46.13101], [33.29347, 46.13569], [33.21463, 46.12825], [33.22535, 46.15412], [33.23512, 46.22382], [33.21192, 46.20628], [33.17505, 46.15315], [33.12289, 46.1359], [33.10329, 46.13838], [33.02345, 46.16987], [33.03247, 46.14102], [33.01823, 46.12768], [32.89955, 46.11522], [32.88266, 46.12067], [32.84482, 46.12138], [32.78981, 46.13434], [32.76629, 46.13569], [32.71404, 46.12007], [32.58823, 46.1044], [32.54371, 46.08048], [32.50343, 46.07613], [32.30285, 46.11661], [32.28053, 46.12759], [32.26248, 46.12825], [32.24197, 46.17666], [32.26092, 46.18862], [32.2693, 46.20458], [32.23927, 46.19526], [32.21315, 46.19307], [32.12868, 46.20971], [32.11542, 46.21455], [32.07789, 46.2495], [32.05014, 46.26606], [32.01781, 46.25761], [31.96844, 46.27571], [31.88575, 46.32001], [31.88989, 46.28384], [31.88233, 46.27913], [31.81919, 46.2806], [31.78591, 46.2924], [31.77249, 46.30269], [31.76736, 46.31818], [31.77997, 46.33177], [31.79982, 46.34222], [31.83741, 46.34954], [31.89259, 46.34113], [31.96827, 46.35106], [32.02964, 46.38897], [32.06186, 46.39378], [32.05356, 46.40599], [32.00782, 46.44896], [31.99171, 46.45356], [31.9546, 46.451], [31.91066, 46.45589], [31.74855, 46.49994], [31.72641, 46.50088], [31.7107, 46.49543], [31.69028, 46.47858], [31.68652, 46.42993], [31.66358, 46.47211], [31.6412, 46.48226], [31.52468, 46.56402], [31.50835, 46.58756], [31.58155, 46.54523], [31.75636, 46.55426], [31.79021, 46.54726], [31.86183, 46.51927], [31.94711, 46.51926], [32.03346, 46.50629], [32.11197, 46.51239], [32.22152, 46.49542], [32.27613, 46.47089], [32.31756, 46.46434], [32.36101, 46.46686], [32.39967, 46.47834], [32.42701, 46.49885], [32.40839, 46.51728], [32.43574, 46.54315], [32.52476, 46.59271], [32.57097, 46.59642], [32.58839, 46.60432], [32.6338, 46.63312], [32.64552, 46.6496], [32.56739, 46.61849], [32.54371, 46.62173], [32.40902, 46.56893], [32.33579, 46.56217], [32.26931, 46.5876], [32.24822, 46.60741], [32.21126, 46.5877], [32.16993, 46.58076], [32.14633, 46.56026], [32.13211, 46.5703], [32.11793, 46.60688], [32.10109, 46.6149], [32.02281, 46.62914], [31.97997, 46.67685], [31.97071, 46.71288], [31.94026, 46.75909], [31.93622, 46.80036], [31.95477, 46.83144], [31.9817, 46.86034], [32.00245, 46.89545], [32.0075, 46.91523], [32.00668, 46.93049], [31.99594, 46.94038], [31.94606, 46.94669], [31.9359, 46.95482], [31.93922, 46.96796], [31.9769, 47.00935], [31.97096, 47.01634], [31.9437, 47.01895], [31.88114, 47.01504], [31.86526, 47.02636], [31.89324, 47.06843], [31.89682, 47.09272], [31.88233, 47.1186], [31.84556, 47.13403], [31.83058, 47.18675], [31.81674, 47.19709], [31.75766, 47.21621], [31.74855, 47.22846], [31.75213, 47.25584], [31.74171, 47.2591], [31.72055, 47.23188], [31.72682, 47.22053], [31.76173, 47.20051], [31.80616, 47.19269], [31.81625, 47.18085], [31.8156, 47.12263], [31.82, 47.11709], [31.84473, 47.11297], [31.87428, 47.09382], [31.86645, 47.07706], [31.84474, 47.0537], [31.83741, 47.00845], [31.86899, 46.99885], [31.91407, 47.00308], [31.9471, 46.99908], [31.91774, 46.97626], [31.90431, 46.96052], [31.89943, 46.94383], [31.90773, 46.92646], [31.92563, 46.92292], [31.96827, 46.937], [31.97277, 46.91515], [31.96337, 46.88569], [31.94507, 46.85953], [31.92318, 46.84831], [31.89861, 46.84292], [31.87745, 46.82827], [31.86476, 46.80659], [31.86525, 46.77997], [31.90673, 46.73823], [31.89943, 46.694], [31.90852, 46.66275], [31.89229, 46.64377], [31.8584, 46.62914], [31.81471, 46.62304], [31.7715, 46.62752], [31.67408, 46.65323], [31.61443, 46.6496], [31.59718, 46.64322], [31.57854, 46.6173], [31.55682, 46.61491], [31.53452, 46.62718], [31.49302, 46.62874], [31.48505, 46.63228], [31.48098, 46.64643], [31.4909, 46.6634], [31.54615, 46.72761], [31.56023, 46.74909], [31.55984, 46.75885], [31.61818, 46.81346], [31.60613, 46.8264], [31.584, 46.79365], [31.54933, 46.77997], [31.52276, 46.75015], [31.50831, 46.7452], [31.48162, 46.75886], [31.45607, 46.79605], [31.44068, 46.80048], [31.45582, 46.75458], [31.50211, 46.72772], [31.50585, 46.7204], [31.47819, 46.68379], [31.46266, 46.67524], [31.41618, 46.62914], [31.39666, 46.62604], [31.33766, 46.60128], [31.28297, 46.6149], [31.27556, 46.60742], [31.25668, 46.6164], [31.18686, 46.62914], [31.15952, 46.62897], [31.10816, 46.61775], [30.99138, 46.60126], [30.95923, 46.58341], [30.93914, 46.58771], [30.92604, 46.5843], [30.8666, 46.55574], [30.8545, 46.55342], [30.80258, 46.56025], [30.7907, 46.55292], [30.75489, 46.51586], [30.78207, 46.45722], [30.79817, 46.44644], [30.78354, 46.43085], [30.77246, 46.39643], [30.71452, 46.34798], [30.66065, 46.3509], [30.65187, 46.34455], [30.68652, 46.32001], [30.68238, 46.29955], [30.65349, 46.25959], [30.58351, 46.19033], [30.56161, 46.16145], [30.52328, 46.13378], [30.49414, 46.08048], [30.37127, 45.99795], [30.26168, 45.89575], [30.2046, 45.85569], [30.13846, 45.81979], [30.13526, 45.88915], [30.12745, 45.89134], [30.11061, 45.87507], [30.09457, 45.81485], [30.08671, 45.81355], [30.07244, 45.82099], [30.06121, 45.81348], [30.01466, 45.83967], [29.99073, 45.84707], [29.96852, 45.83894], [29.95288, 45.77199], [29.93238, 45.79243], [29.93914, 45.81045], [29.93507, 45.81615], [29.92628, 45.81379], [29.91871, 45.79987], [29.92237, 45.76944], [29.93929, 45.75153], [29.93238, 45.72422], [29.91969, 45.74055], [29.89822, 45.75154], [29.89617, 45.76362], [29.88771, 45.76512], [29.87403, 45.75154], [29.82374, 45.74763], [29.80242, 45.73749], [29.79575, 45.71735], [29.80323, 45.70417], [29.84302, 45.69065], [29.86499, 45.67234], [29.80958, 45.64859], [29.78907, 45.65526], [29.78386, 45.64663], [29.78907, 45.63544], [29.74594, 45.62263], [29.73375, 45.61435], [29.73504, 45.64057], [29.72397, 45.66743], [29.70525, 45.68842], [29.68264, 45.69685], [29.67922, 45.75153], [29.69386, 45.78132], [29.68043, 45.79828], [29.65333, 45.81387], [29.64283, 45.82722], [29.63819, 45.82632], [29.63136, 45.81354], [29.65185, 45.78901], [29.62957, 45.76349], [29.62273, 45.73623], [29.63752, 45.70991], [29.6032, 45.69131], [29.59718, 45.65229], [29.59936, 45.60444], [29.58969, 45.55907], [29.62908, 45.5467], [29.64845, 45.5454], [29.66684, 45.54816], [29.70695, 45.57323], [29.66162, 45.52587], [29.63803, 45.51386], [29.62671, 45.49507], [29.60515, 45.48701], [29.60572, 45.47818], [29.6211, 45.45441], [29.6408, 45.4418], [29.65187, 45.44302], [29.65632, 45.47424], [29.67236, 45.47711], [29.6753, 45.44961], [29.68653, 45.45356], [29.68589, 45.45725], [29.70215, 45.4566], [29.70867, 45.45279], [29.71323, 45.43622], [29.72447, 45.46816], [29.73227, 45.47572], [29.74739, 45.46344], [29.75585, 45.42789], [29.74779, 45.41429], [29.72771, 45.41568], [29.74187, 45.40453], [29.75016, 45.38581], [29.75615, 45.32091], [29.72975, 45.25812], [29.72973, 45.23774], [29.69211, 45.21669], [29.67449, 45.21358], [29.62387, 45.2165], [29.64975, 45.1778], [29.667, 45.16421], [29.69953, 45.1618], [29.67652, 45.1446], [29.6644, 45.11693], [29.65625, 45.02896], [29.63754, 44.98371], [29.63091, 44.93886], [29.62387, 44.9291], [29.63037, 44.90766], [29.60515, 44.88003], [29.61783, 44.86148], [29.61116, 44.84932], [29.58351, 44.84028], [29.56202, 44.82041], [29.542, 44.82783], [29.51058, 44.82046], [29.31621, 44.79881], [29.19207, 44.79287], [29.1561, 44.78441], [29.05584, 44.73518], [29.02638, 44.71467], [29.00073, 44.68892], [28.99391, 44.69636], [28.99488, 44.71113], [28.97496, 44.74493], [29.09816, 44.77538], [29.12062, 44.78657], [29.13868, 44.80402], [29.1447, 44.82665], [29.13885, 44.83918], [29.09636, 44.87507], [29.10375, 44.84029], [29.0879, 44.84272], [29.06032, 44.83236], [29.04861, 44.84716], [29.0442, 44.86523], [29.04177, 44.92568], [29.0521, 44.94464], [29.09881, 44.95698], [29.11061, 44.97004], [29.10174, 44.98029], [29.05828, 45.00096], [28.98325, 45.01227], [28.97283, 45.01097], [28.96021, 44.98771], [28.91684, 44.97968], [28.8694, 44.94334], [28.86354, 44.92231], [28.87662, 44.90485], [28.86354, 44.89155], [28.86647, 44.88264], [28.88152, 44.8697], [28.90405, 44.86273], [28.95238, 44.82665], [28.93971, 44.81688], [28.92498, 44.81306], [28.93873, 44.806], [28.93872, 44.79878], [28.92628, 44.79295], [28.92547, 44.78368], [28.94611, 44.7652], [28.92414, 44.75785], [28.86883, 44.75357], [28.79835, 44.7202], [28.78712, 44.6933], [28.79371, 44.68789], [28.80834, 44.69633], [28.8042, 44.68424], [28.78541, 44.67967], [28.78403, 44.64924], [28.79249, 44.64472], [28.84555, 44.65156], [28.86948, 44.66181], [28.91196, 44.69636], [28.89774, 44.71677], [28.96745, 44.70098], [28.98341, 44.69261], [28.98755, 44.67528], [28.97933, 44.65535], [28.96228, 44.63957], [28.93876, 44.63428], [28.97267, 44.67023], [28.97535, 44.68684], [28.9524, 44.69636], [28.95777, 44.67878], [28.93873, 44.67525], [28.91822, 44.68268], [28.90454, 44.66841], [28.85417, 44.63436], [28.77418, 44.60077], [28.79469, 44.63426], [28.76694, 44.63373], [28.75782, 44.62678], [28.75367, 44.61376], [28.76677, 44.61375], [28.76059, 44.6037], [28.76442, 44.59589], [28.78781, 44.58649], [28.74806, 44.57779], [28.73268, 44.56786], [28.73268, 44.55231], [28.74692, 44.56598], [28.77416, 44.55231], [28.75343, 44.5135], [28.74562, 44.48615], [28.75026, 44.4667], [28.75847, 44.46528], [28.77198, 44.48371], [28.77835, 44.50739], [28.80836, 44.52505], [28.85565, 44.56768], [28.89243, 44.57705], [28.90626, 44.58771], [28.92494, 44.62046], [28.9095, 44.58397], [28.844, 44.49373], [28.79672, 44.46792], [28.70655, 44.38105], [28.69312, 44.34615], [28.68019, 44.35334], [28.6644, 44.34837], [28.65122, 44.34003], [28.6351, 44.31639], [28.63103, 44.26435], [28.66513, 44.19947], [28.66489, 44.1756], [28.67168, 44.16872], [28.65838, 44.17447], [28.64584, 44.17202], [28.63087, 44.15449], [28.67171, 43.99738], [28.66, 43.9798], [28.63769, 43.91865], [28.60939, 43.8745], [28.58448, 43.80085], [28.58919, 43.79133], [28.57557, 43.70401], [28.55927, 43.71571], [28.54202, 43.73976], [28.43457, 43.73521], [28.22125, 43.76198], [28.01481, 43.83004], [27.98101, 43.84934], [27.93584, 43.9644], [27.91207, 43.99334], [28.13303, 44.15518], [28.13675, 44.20736], [28.13146, 44.30956], [28.14704, 44.39847], [28.18784, 44.48235], [28.18676, 44.49008], [28.11607, 44.51383], [28.06695, 44.53685], [27.9986, 44.58135], [27.93698, 44.6327], [27.7142, 44.85988], [27.65169, 44.9116], [27.5811, 44.95692], [27.48512, 44.99626], [27.3956, 45.00891], [27.31272, 45.00012], [27.23267, 44.97708], [27.06714, 44.91638], [26.97422, 44.89213], [26.86884, 44.88082], [26.82541, 44.88203], [26.74899, 44.89456], [26.6471, 44.92341], [26.57297, 44.93773], [26.34681, 44.95388], [25.89049, 44.96486], [25.58805, 44.98181], [25.37879, 44.97549], [25.09491, 44.94589], [24.88726, 45.00318], [24.78193, 45.02543], [24.68341, 45.03942], [24.58755, 45.04551], [24.48897, 45.04389], [24.38731, 45.03494], [24.27408, 45.0185], [24.08096, 44.98239], [23.98768, 44.97545], [23.92893, 44.98526], [23.90026, 44.99593], [23.84063, 45.02575], [23.80833, 45.05314], [23.80082, 45.0691], [23.80194, 45.08632], [23.81388, 45.10543], [23.88104, 45.14351], [23.90182, 45.17179], [23.90591, 45.19754], [23.89114, 45.24571], [23.87539, 45.27075], [23.81481, 45.34017], [23.76364, 45.38688], [23.66635, 45.461], [23.64314, 45.471], [23.62647, 45.46769], [23.57381, 45.31392], [23.34849, 45.22534], [23.27838, 45.04132], [23.38749, 44.86183], [23.41199, 44.72756], [23.67297, 44.61458], [23.92767, 44.4136], [23.61753, 44.11073], [23.4159, 44.12368], [23.39849, 44.11202], [23.36483, 43.88512], [23.32515, 43.88659], [23.29108, 43.88311], [23.32589, 43.64709], [23.28916, 43.56905], [23.10233, 43.49827], [23.09567, 43.4901], [23.25183, 43.29346], [23.59252, 43.14455], [23.66507, 42.95418], [23.74714, 42.8382], [23.65429, 42.70323], [23.61942, 42.37515], [23.62881, 42.36997], [23.88246, 42.34433], [23.90273, 42.35229], [24.43463, 42.28757], [24.51133, 42.29228], [24.66712, 42.32294], [24.95827, 42.36751], [25.02124, 42.37029], [25.07979, 42.36576], [25.13321, 42.35153], [25.17947, 42.32506], [25.20238, 42.30413], [25.26938, 42.21861], [25.30974, 42.18339], [25.33609, 42.16996], [25.40608, 42.15171], [25.51075, 42.14004], [25.54521, 42.13241], [25.57838, 42.11958], [25.61059, 42.09926], [25.64482, 42.06757], [25.6977, 41.99373], [25.80343, 41.78988], [25.78574, 41.71347], [25.78305, 41.64623], [25.73821, 41.65818], [25.70171, 41.65339], [25.68652, 41.63804], [25.67338, 41.61148], [25.66649, 41.59355], [25.67361, 41.58202], [25.66367, 41.56351], [25.63249, 41.53828], [25.57446, 41.51623], [25.5172, 41.50881], [25.46789, 41.51083], [25.41689, 41.52178], [25.39279, 41.53158], [25.35143, 41.56211], [25.33325, 41.58859], [25.31651, 41.63082], [25.29892, 41.65451], [25.27413, 41.66663], [25.23804, 41.67277], [25.19302, 41.65165], [25.16945, 41.64575], [25.0892, 41.65481], [25.05274, 41.633], [25.02815, 41.60254], [24.88637, 41.40063], [24.91696, 41.38636], [25.08036, 41.33407], [25.10186, 41.33665], [25.11653, 41.32073], [25.15787, 41.30611], [25.1771, 41.29386], [25.21968, 41.24973], [25.23911, 41.2409], [25.26226, 41.2381], [25.28572, 41.2394], [25.38857, 41.26459], [25.49018, 41.04749], [25.50451, 41.03695], [25.5662, 40.96435], [25.586, 40.93397], [25.61181, 40.87513], [25.56715, 40.86544], [25.53778, 40.87044], [25.48683, 40.89712], [25.41969, 40.90641], [25.38299, 40.91902], [25.34083, 40.94172], [25.29965, 40.95185], [25.26612, 40.92692], [25.2593, 40.92692], [25.2588, 40.93195], [25.18068, 40.94271], [25.13406, 40.96288], [25.14016, 40.98358], [25.15846, 40.99429], [25.16993, 40.9958], [25.13844, 41.01008], [25.0573, 41.00947], [25.03907, 41.00605], [25.03955, 40.98957], [25.01905, 40.97525], [24.99171, 40.96845], [24.99902, 40.94994], [24.98975, 40.94213], [24.95387, 40.94115], [24.8921, 40.92064], [24.86354, 40.90522], [24.83398, 40.87475], [24.80201, 40.85347], [24.7658, 40.86542], [24.72836, 40.85274], [24.70875, 40.85176], [24.69013, 40.85859], [24.69752, 40.86542], [24.66277, 40.87971], [24.63542, 40.8586], [24.62868, 40.8586], [24.59622, 40.90119], [24.60076, 40.9138], [24.57554, 40.92671], [24.56666, 40.95173], [24.50514, 40.96162], [24.47291, 40.95173], [24.46412, 40.94116], [24.44313, 40.94806], [24.41554, 40.94554], [24.39177, 40.93647], [24.37223, 40.91414], [24.31267, 40.87971], [24.33222, 40.86304], [24.33134, 40.85527], [24.30982, 40.85053], [24.30567, 40.84174], [24.31528, 40.83222], [24.34064, 40.83128], [24.11011, 40.72786], [24.07281, 40.72143], [24.03004, 40.72335], [23.98667, 40.7321], [23.87403, 40.77766], [23.84205, 40.78335], [23.80926, 40.78042], [23.7317, 40.75186], [23.7107, 40.73762], [23.69703, 40.72142], [23.69174, 40.69538], [23.70021, 40.67365], [23.71803, 40.65868], [23.75562, 40.64565], [23.78649, 40.60636], [23.79265, 40.58796], [23.83351, 40.56379], [23.84669, 40.56029], [23.88884, 40.56378], [23.89527, 40.55305], [23.91487, 40.53888], [23.91552, 40.52961], [23.90723, 40.52539], [23.83823, 40.51874], [23.82301, 40.50698], [23.81902, 40.48774], [23.82667, 40.46137], [23.86817, 40.41352], [23.91554, 40.38935], [23.96388, 40.37946], [24.00245, 40.38638], [24.01173, 40.39248], [24.01157, 40.40184], [23.99124, 40.43407], [23.99871, 40.44086], [23.99125, 40.44769], [24.0114, 40.44915], [24.0288, 40.43207], [24.05323, 40.39248], [24.08578, 40.36603], [24.1089, 40.35741], [24.12843, 40.36517], [24.17985, 40.3515], [24.20395, 40.31737], [24.23361, 40.31671], [24.26651, 40.2888], [24.32065, 40.22797], [24.37179, 40.18812], [24.22799, 40.19893], [24.16896, 40.2753], [24.12843, 40.29003], [24.04787, 40.30119], [24.01922, 40.3105], [23.99383, 40.32393], [23.95737, 40.35261], [23.92262, 40.36933], [23.88502, 40.36519], [23.83351, 40.37202], [23.78223, 40.3527], [23.75961, 40.3492], [23.73048, 40.35895], [23.69972, 40.32636], [23.69361, 40.30923], [23.69565, 40.29291], [23.71632, 40.25532], [23.75765, 40.23167], [23.76433, 40.2154], [23.77857, 40.2027], [23.86769, 40.17276], [23.88022, 40.17632], [23.89673, 40.17132], [23.94068, 40.14155], [23.98023, 40.13067], [23.99121, 40.11872], [23.98999, 40.11002], [23.97739, 40.10049], [23.97755, 40.09081], [24.00114, 40.07493], [24.00488, 40.06721], [24.00169, 40.05878], [23.98422, 40.05362], [23.98683, 40.04218], [23.99342, 40.03754], [24.01171, 40.04364], [24.01222, 40.02656], [24.0192, 40.0163], [23.99252, 39.99885], [23.98805, 39.98998], [23.9987, 39.98159], [23.9987, 39.97477], [23.97934, 39.97431], [23.9699, 39.96808], [23.97283, 39.96186], [23.9912, 39.96109], [23.99121, 39.95361], [23.93995, 39.95247], [23.9197, 39.95637], [23.92286, 39.97476], [23.90066, 39.97119], [23.89765, 39.97793], [23.90252, 39.98843], [23.86086, 40.00581], [23.85621, 40.01675], [23.8449, 40.02412], [23.83123, 40.02652], [23.82407, 40.02192], [23.82664, 40.00892], [23.78526, 40.06699], [23.7933, 40.09382], [23.77834, 40.10164], [23.7645, 40.12617], [23.67547, 40.21792], [23.64178, 40.23542], [23.5403, 40.24479], [23.48414, 40.2696], [23.43849, 40.2792], [23.39829, 40.27774], [23.365, 40.2617], [23.3401, 40.22797], [23.33766, 40.20844], [23.36362, 40.15046], [23.40082, 40.14383], [23.46925, 40.06708], [23.49887, 40.0423], [23.60271, 39.99848], [23.67025, 39.98606], [23.67596, 39.96109], [23.69728, 39.9405], [23.74787, 39.93048], [23.73998, 39.92318], [23.70314, 39.91268], [23.61647, 39.92333], [23.47096, 39.97162], [23.44654, 39.97476], [23.36063, 39.9611], [23.3816, 40.00267], [23.36069, 40.03263], [23.35271, 40.05707], [23.31659, 40.08886], [23.30593, 40.10448], [23.31959, 40.13679], [23.32455, 40.17495], [23.31861, 40.21052], [23.29908, 40.23542], [23.25864, 40.25312], [23.19956, 40.26627], [23.16619, 40.27985], [23.14894, 40.27645], [23.09693, 40.3061], [23.02915, 40.32576], [23.01092, 40.35122], [22.96388, 40.37946], [22.9275, 40.3885], [22.88822, 40.38631], [22.89772, 40.40205], [22.88966, 40.41836], [22.86022, 40.4477], [22.86744, 40.44945], [22.8672, 40.45393], [22.83092, 40.48579], [22.82164, 40.50214], [22.84352, 40.50917], [22.94158, 40.51716], [22.98317, 40.55268], [22.9769, 40.57062], [22.94176, 40.58735], [22.94956, 40.60541], [22.93377, 40.63093], [22.91049, 40.6446], [22.88307, 40.64728], [22.85401, 40.63947], [22.86108, 40.62055], [22.85058, 40.59342], [22.81592, 40.57063], [22.79567, 40.5708], [22.77833, 40.57807], [22.75856, 40.56778], [22.74594, 40.55524], [22.74252, 40.54035], [22.75032, 40.52278], [22.73666, 40.52961], [22.73665, 40.51534], [22.73048, 40.51534], [22.73048, 40.52277], [22.72316, 40.52277], [22.719, 40.51098], [22.71095, 40.51163], [22.68898, 40.52278], [22.68849, 40.52749], [22.67351, 40.52684], [22.65772, 40.51667], [22.65626, 40.50454], [22.67527, 40.49617], [22.65968, 40.49291], [22.65072, 40.47282], [22.6268, 40.48188], [22.60288, 40.48127], [22.57911, 40.46821], [22.60376, 40.44399], [22.60872, 40.42817], [22.60646, 40.41356], [22.63999, 40.38369], [22.65836, 40.37945], [22.66113, 40.36905], [22.62062, 40.31049], [22.59034, 40.24164], [22.59082, 40.23017], [22.5525, 40.16657], [22.54965, 40.14387], [22.56771, 40.1105], [22.57287, 40.08794], [22.5713, 40.05427], [22.58765, 40.0449], [22.60027, 40.0163], [22.66717, 39.97435], [22.69092, 39.96816], [22.69858, 39.96088], [22.70785, 39.96136], [22.71013, 39.93378], [22.73048, 39.8854], [22.77866, 39.84984], [22.80132, 39.84016], [22.84051, 39.8032], [22.85874, 39.77298], [22.87176, 39.71581], [22.90194, 39.65864], [22.92514, 39.59951], [22.93946, 39.58063], [23.00489, 39.5434], [23.05591, 39.52724], [23.09763, 39.50157], [23.11411, 39.46699], [23.12566, 39.45441], [23.21094, 39.37933], [23.22381, 39.35859], [23.27132, 39.32294], [23.29225, 39.26899], [23.34228, 39.19261], [23.34375, 39.17964], [23.30127, 39.15136], [23.20973, 39.13182], [23.23021, 39.12442], [23.23022, 39.11816], [23.20362, 39.10457], [23.1692, 39.10659], [23.14625, 39.10175], [23.11549, 39.0883], [23.05203, 39.09773], [23.07309, 39.12442], [23.06773, 39.138], [23.08107, 39.14719], [23.11409, 39.15911], [23.1006, 39.10456], [23.17172, 39.13496], [23.18238, 39.14614], [23.17557, 39.15546], [23.18133, 39.15867], [23.19093, 39.1581], [23.19923, 39.15143], [23.21713, 39.17963], [23.17556, 39.23428], [23.17986, 39.2508], [23.16912, 39.26854], [23.13461, 39.29694], [23.09816, 39.3122], [23.02053, 39.31754], [23.01857, 39.33047], [22.99806, 39.35712], [22.93588, 39.36058], [22.94287, 39.34415], [22.93279, 39.336], [22.92905, 39.32421], [22.93214, 39.3122], [22.94286, 39.30317], [22.84254, 39.28848], [22.82618, 39.27216], [22.82618, 39.22126], [22.85401, 39.15913], [22.8602, 39.15913], [22.88087, 39.17963], [22.87698, 39.19037], [22.89013, 39.18426], [22.89503, 39.1728], [22.90186, 39.17962], [22.92058, 39.12515], [22.93605, 39.1114], [22.93588, 39.11612], [22.94288, 39.11815], [22.93605, 39.13181], [22.9611, 39.11904], [22.98243, 39.08442], [22.99804, 39.06977], [22.99195, 39.05732], [22.99804, 39.04927], [22.96648, 39.03465], [22.95883, 39.02513], [22.96388, 39.00898], [23.01532, 39.03318], [23.04219, 39.04003], [23.07308, 39.04246], [23.07308, 39.03629], [23.02328, 39.00845], [23.00716, 38.97395], [22.98454, 38.95434], [22.95639, 38.95433], [22.93605, 38.94685], [22.94286, 38.93261], [22.92856, 38.93159], [22.89873, 38.91969], [22.85987, 38.92853], [22.84653, 38.92642], [22.83667, 38.89648], [22.82959, 38.89168], [22.8047, 38.89102], [22.79656, 38.88711], [22.79199, 38.87801], [22.73268, 38.87239], [22.71827, 38.8898], [22.68897, 38.87801], [22.62159, 38.9145], [22.58082, 38.89363], [22.55209, 38.88923], [22.53882, 38.87801], [22.52508, 38.88544], [22.52508, 38.85814], [22.57291, 38.86431], [22.57291, 38.85815], [22.55388, 38.84809], [22.56332, 38.83625], [22.58277, 38.83198], [22.59344, 38.84446], [22.60025, 38.84446], [22.59344, 38.83023], [22.63266, 38.83514], [22.64112, 38.83023], [22.69028, 38.84999], [22.70264, 38.85064], [22.74806, 38.79922], [22.77833, 38.78172], [22.81593, 38.78924], [22.82927, 38.78607], [22.8597, 38.76717], [22.8672, 38.75507], [22.88783, 38.77126], [22.91488, 38.77557], [22.94532, 38.75812], [23.01628, 38.75445], [23.04199, 38.74672], [23.0594, 38.72772], [23.09051, 38.64912], [23.1045, 38.63841], [23.12355, 38.63691], [23.15643, 38.65346], [23.18247, 38.65375], [23.19606, 38.66633], [23.16817, 38.67939], [23.18678, 38.68597], [23.20492, 38.68267], [23.25375, 38.66181], [23.30591, 38.65264], [23.33121, 38.63027], [23.33331, 38.60446], [23.2933, 38.57909], [23.28541, 38.55646], [23.29542, 38.5681], [23.30738, 38.56854], [23.34059, 38.54556], [23.38159, 38.53534], [23.38133, 38.52847], [23.3401, 38.52237], [23.32927, 38.50837], [23.33497, 38.50361], [23.41847, 38.50433], [23.51938, 38.49067], [23.54298, 38.51169], [23.567, 38.50123], [23.60133, 38.47394], [23.5735, 38.46088], [23.5735, 38.45344], [23.5962, 38.44676], [23.60009, 38.44062], [23.594, 38.42609], [23.62501, 38.41401], [23.67286, 38.35643], [23.70997, 38.33674], [23.78199, 38.34356], [23.80502, 38.33251], [23.91245, 38.29824], [23.95101, 38.29091], [23.99122, 38.25422], [24.03858, 38.22394], [24.05063, 38.21068], [24.06901, 38.20473], [24.07308, 38.19648], [24.06951, 38.17353], [24.08055, 38.16601], [24.07, 38.16279], [24.06414, 38.1551], [24.05941, 38.13133], [24.05323, 38.14525], [24.03777, 38.14374], [23.98902, 38.12263], [23.99, 38.10212], [24.00913, 38.0406], [24.03271, 38.00776], [24.01173, 37.96686], [24.01587, 37.93745], [24.01173, 37.92524], [24.03443, 37.92291], [24.04329, 37.91644], [24.04638, 37.90599], [24.04224, 37.90071], [24.01173, 37.89175], [24.02784, 37.88032], [24.05322, 37.87807], [24.0464, 37.87059], [24.06689, 37.8644], [24.05934, 37.84854], [24.06689, 37.83711], [24.05763, 37.83218], [24.05323, 37.82282], [24.07716, 37.8109], [24.08464, 37.80174], [24.0874, 37.78522], [24.08612, 37.76356], [24.08187, 37.75251], [24.05942, 37.73347], [24.07308, 37.72723], [24.07308, 37.7198], [24.05942, 37.71979], [24.05942, 37.71357], [24.06577, 37.7128], [24.06689, 37.69933], [24.06398, 37.70502], [24.05942, 37.69929], [24.0721, 37.68952], [24.06387, 37.67864], [24.03272, 37.65153], [23.99123, 37.66723], [23.94973, 37.67744], [23.94306, 37.68993], [23.94337, 37.72724], [23.92271, 37.72119], [23.90252, 37.78189], [23.88885, 37.77442], [23.8816, 37.79108], [23.86557, 37.80768], [23.8475, 37.8181], [23.83351, 37.816], [23.81918, 37.82966], [23.813, 37.82966], [23.80729, 37.80859], [23.78663, 37.81216], [23.77899, 37.80234], [23.77662, 37.81428], [23.76452, 37.816], [23.77084, 37.82832], [23.76645, 37.83893], [23.74482, 37.85762], [23.7422, 37.87665], [23.70054, 37.9252], [23.69703, 37.93952], [23.68019, 37.94587], [23.62811, 37.9327], [23.62812, 37.93953], [23.6408, 37.94579], [23.64177, 37.95254], [23.62664, 37.9475], [23.61036, 37.96214], [23.5608, 37.9728], [23.55299, 37.98046], [23.58888, 38.00633], [23.59791, 38.02114], [23.59059, 38.0388], [23.58131, 38.04629], [23.52182, 38.04255], [23.49464, 38.02889], [23.44996, 38.02143], [23.41188, 37.99437], [23.39527, 37.98794], [23.42945, 37.98046], [23.40894, 37.97432], [23.30699, 37.97894], [23.22682, 37.97362], [23.18922, 37.95881], [23.14234, 37.93009], [23.09409, 37.91105], [23.05201, 37.92524], [23.04273, 37.92195], [23.01515, 37.92524], [23.01025, 37.89697], [22.99513, 37.88215], [22.99952, 37.8627], [23.01254, 37.84756], [23.03223, 37.85076], [23.04965, 37.84357], [23.0735, 37.84113], [23.09718, 37.84357], [23.1141, 37.85076], [23.14625, 37.82583], [23.18237, 37.80914], [23.17644, 37.78998], [23.18237, 37.77441], [23.12818, 37.76048], [23.12094, 37.74091], [23.14584, 37.72582], [23.17553, 37.71978], [23.16383, 37.68159], [23.17553, 37.64469], [23.16188, 37.64468], [23.16863, 37.61416], [23.19011, 37.60732], [23.23024, 37.58259], [23.23764, 37.59002], [23.27467, 37.56123], [23.29224, 37.55588], [23.32301, 37.53742], [23.33668, 37.53547], [23.36036, 37.54768], [23.35914, 37.57429], [23.34059, 37.60029], [23.3122, 37.61055], [23.3122, 37.61737], [23.34783, 37.63441], [23.39869, 37.63787], [23.40902, 37.62592], [23.40429, 37.59927], [23.39078, 37.57136], [23.37428, 37.55589]], [[38.34538, 45.50724], [38.46475, 45.51266], [38.56817, 45.50564], [38.60314, 45.51455], [38.66884, 45.55302], [38.72372, 45.60826], [38.7535, 45.66597], [38.75299, 45.69168], [38.74009, 45.69587], [38.65662, 45.67928], [38.52571, 45.67085], [38.49434, 45.63394], [38.43483, 45.58034], [38.33359, 45.51899], [38.33497, 45.51141], [38.34538, 45.50724]], [[34.44911, 45.41269], [34.60787, 45.46363], [34.61535, 45.47132], [34.50062, 45.62616], [34.44415, 45.72337], [34.39019, 45.76526], [34.34349, 45.77997], [34.3129, 45.77268], [34.24214, 45.74144], [34.21187, 45.7369], [34.06446, 45.61307], [34.029, 45.58932], [33.94985, 45.54965], [33.90582, 45.53366], [33.81404, 45.51124], [33.6943, 45.49738], [33.69056, 45.49008], [33.69527, 45.48396], [33.88547, 45.38017], [33.94394, 45.3341], [33.98516, 45.29376], [33.99497, 45.29051], [34.20344, 45.37797], [34.28419, 45.4029], [34.38086, 45.39757], [34.44911, 45.41269]], [[23.49763, 40.88157], [23.51022, 40.9598], [23.52174, 40.99447], [23.55727, 41.05922], [23.59173, 41.1002], [23.64836, 41.11749], [23.65513, 41.12499], [23.65078, 41.1326], [23.63548, 41.14025], [23.61244, 41.37102], [23.57895, 41.372], [23.51301, 41.39773], [23.41452, 41.3999], [23.3955, 41.39525], [23.34724, 41.37122], [23.32605, 41.36931], [23.30621, 41.38838], [23.2877, 41.3982], [23.26993, 41.39727], [23.22425, 41.37903], [23.20978, 41.36859], [23.20482, 41.3427], [23.19954, 41.33298], [23.1797, 41.32135], [23.15717, 41.31634], [23.20875, 41.08569], [23.18223, 41.00758], [23.17442, 40.9548], [23.18207, 40.9099], [23.21815, 40.80232], [23.23821, 40.75924], [23.26306, 40.73651], [23.28119, 40.72919], [23.35002, 40.75061], [23.39488, 40.75967], [23.49933, 40.76985], [23.50312, 40.77613], [23.49529, 40.84324], [23.49763, 40.88157]]]]}}]}