{"type": "FeatureCollection", "features": [{"type": "Feature", "properties": {"name": "지중해 교역망", "name_en": "Mediterranean trade network", "period": "신항로 개척 이전(15세기 이전)", "kind": "기타", "legend": "지중해 교역망", "map_title": "신항로 개척 이전의 지역 교역망과 주요 교역로", "source": "미래엔 세계사 교과서 2권 101쪽", "volume": 2, "page": 101, "coast_snap": "Natural Earth 10m 해안선에 맞춤", "border_snap": "현대 국경(Natural Earth 10m)에 맞춘 구간 약 1024 km", "group": "지중해 교역망", "map_folder": "2권_p101_신항로 개척 이전의 지역 교역망과 주요 교역로"}, "geometry": {"type": "MultiPolygon", "coordinates": [[[[10.94109, 33.72822], [10.92847, 33.69663], [10.89371, 33.65825], [10.88778, 33.64016], [10.87107, 33.65434], [10.87076, 33.67184], [10.87692, 33.68822], [10.859, 33.71106], [10.82618, 33.7298], [10.80893, 33.73432], [10.79035, 33.71857], [10.78191, 33.70371], [10.76368, 33.70021], [10.74016, 33.71548], [10.72781, 33.7584], [10.72833, 33.78457], [10.74759, 33.81275], [10.73553, 33.85357], [10.73603, 33.88474], [10.77296, 33.8963], [10.85426, 33.88166], [10.8978, 33.87934], [10.92994, 33.89629], [10.99147, 33.8417], [11.0485, 33.81476], [11.0603, 33.80073], [10.99419, 33.7499], [10.97104, 33.73872], [10.95671, 33.69775], [10.95046, 33.69778], [10.95672, 33.73249], [10.94109, 33.72822]]], [[[10.96414, 34.65668], [10.98716, 34.67177], [11.10148, 34.67079], [11.11083, 34.65951], [11.0557, 34.62097], [11.03629, 34.6244], [10.96414, 34.65668]]], [[[11.27484, 34.77037], [11.30478, 34.74229], [11.29702, 34.7287], [11.19966, 34.69472], [11.13075, 34.6633], [11.12232, 34.68042], [11.17065, 34.72859], [11.17304, 34.758], [11.18094, 34.76177], [11.18312, 34.75218], [11.19819, 34.74402], [11.22211, 34.74765], [11.2243, 34.77006], [11.21752, 34.78162], [11.25427, 34.82581], [11.27076, 34.81786], [11.29947, 34.81417], [11.30415, 34.80529], [11.27809, 34.79767], [11.26824, 34.78535], [11.2658, 34.77338], [11.27484, 34.77037]]], [[[12.62126, 35.51336], [12.62126, 35.49234], [12.61084, 35.48931], [12.52616, 35.51667], [12.53387, 35.52162], [12.62126, 35.51336]]], [[[12.87402, 35.86644], [12.87671, 35.85587], [12.87256, 35.85229], [12.85695, 35.85229], [12.84589, 35.8627], [12.84703, 35.86831], [12.86703, 35.87225], [12.87402, 35.86644]]], [[[11.98732, 36.82416], [11.99953, 36.83591], [12.03777, 36.80644], [12.05151, 36.79035], [12.05346, 36.76765], [12.0306, 36.74137], [11.99611, 36.74495], [11.9612, 36.76521], [11.93753, 36.78858], [11.925, 36.81196], [11.92222, 36.82835], [11.95134, 36.84275], [11.9673, 36.8312], [11.98732, 36.82416]]], [[[10.79031, 37.12718], [10.80575, 37.14068], [10.82291, 37.11832], [10.796, 37.11828], [10.79031, 37.12718]]], [[[8.95287, 37.53953], [8.95865, 37.51912], [8.93735, 37.52131], [8.9157, 37.51261], [8.9005, 37.51854], [8.9463, 37.54278], [8.95287, 37.53953]]], [[[12.29965, 37.91927], [12.28758, 37.92169], [12.27322, 37.93951], [12.28696, 37.93854], [12.31394, 37.94631], [12.33676, 37.93305], [12.3688, 37.92523], [12.35741, 37.91404], [12.34213, 37.91324], [12.31422, 37.92524], [12.29965, 37.91927]]], [[[12.06422, 37.98637], [12.07788, 37.96011], [12.07926, 37.95027], [12.06479, 37.95084], [12.04763, 37.96077], [12.03046, 37.98436], [12.03599, 37.99102], [12.05327, 37.99239], [12.06422, 37.98637]]], [[[13.19742, 38.70832], [13.17676, 38.69303], [13.16521, 38.69108], [13.15351, 38.69478], [13.1531, 38.70229], [13.16907, 38.71713], [13.18572, 38.7175], [13.19742, 38.70832]]], [[[8.36493, 39.02949], [8.34931, 39.06216], [8.35353, 39.09089], [8.34605, 39.09089], [8.36037, 39.11814], [8.38592, 39.10505], [8.41765, 39.10659], [8.44453, 39.10274], [8.45802, 39.06806], [8.4699, 39.06566], [8.47919, 39.0722], [8.48388, 39.06977], [8.45932, 39.04979], [8.46338, 39.04247], [8.45395, 39.02814], [8.44647, 38.99412], [8.43246, 38.96285], [8.40985, 38.96183], [8.40138, 38.98102], [8.36493, 39.02949]]], [[[8.25475, 39.10713], [8.25734, 39.12442], [8.23269, 39.14412], [8.22464, 39.15705], [8.23, 39.17279], [8.30582, 39.19329], [8.31201, 39.12031], [8.30583, 39.10457], [8.29005, 39.09883], [8.26938, 39.10017], [8.25475, 39.10713]]], [[[8.41725, 39.33902], [8.3821, 39.35969], [8.37405, 39.37885], [8.40138, 39.41242], [8.40504, 39.42719], [8.38691, 39.46979], [8.43531, 39.52521], [8.46339, 39.57685], [8.45592, 39.58438], [8.46388, 39.59789], [8.46217, 39.61713], [8.44973, 39.65884], [8.44225, 39.71467], [8.44607, 39.76251], [8.46858, 39.75494], [8.49977, 39.71621], [8.51694, 39.70214], [8.53826, 39.69603], [8.56577, 39.70108], [8.5145, 39.71369], [8.50441, 39.7215], [8.50686, 39.73847], [8.54526, 39.78294], [8.53858, 39.78294], [8.53053, 39.77041], [8.51811, 39.76254], [8.5298, 39.77253], [8.54884, 39.8072], [8.55356, 39.86396], [8.54526, 39.87857], [8.52345, 39.89887], [8.49415, 39.91242], [8.46306, 39.91413], [8.4354, 39.89899], [8.44223, 39.89281], [8.44557, 39.8981], [8.46336, 39.89899], [8.44467, 39.88361], [8.43539, 39.85808], [8.42874, 39.86555], [8.43751, 39.87678], [8.3983, 39.90535], [8.39455, 39.91267], [8.40138, 39.94001], [8.39452, 39.98818], [8.4065, 40.00983], [8.40707, 40.0222], [8.39454, 40.0362], [8.38014, 40.03011], [8.37722, 40.03376], [8.40138, 40.04986], [8.43483, 40.05101], [8.4686, 40.06216], [8.48731, 40.08954], [8.49, 40.10448], [8.46731, 40.14472], [8.46337, 40.16339], [8.45966, 40.21601], [8.47641, 40.26215], [8.47608, 40.29214], [8.4629, 40.31452], [8.44125, 40.33145], [8.4157, 40.34528], [8.40821, 40.33785], [8.38601, 40.3518], [8.38357, 40.37177], [8.39454, 40.42381], [8.37989, 40.4687], [8.36557, 40.49213], [8.33173, 40.51069], [8.31202, 40.57807], [8.29152, 40.59536], [8.26735, 40.59406], [8.21632, 40.57064], [8.19599, 40.57808], [8.21632, 40.61221], [8.19337, 40.6175], [8.17661, 40.60659], [8.16179, 40.56382], [8.14738, 40.59303], [8.14065, 40.62518], [8.17384, 40.64159], [8.18531, 40.65656], [8.1885, 40.68048], [8.19744, 40.69123], [8.17385, 40.69698], [8.14584, 40.72602], [8.13382, 40.72892], [8.21534, 40.88142], [8.21632, 40.8996], [8.20973, 40.91445], [8.1789, 40.92817], [8.18231, 40.9453], [8.20217, 40.97528], [8.20963, 40.97528], [8.21258, 40.96345], [8.22901, 40.96254], [8.23616, 40.95478], [8.22926, 40.92158], [8.23316, 40.9101], [8.27784, 40.86542], [8.31023, 40.85065], [8.42188, 40.83877], [8.47787, 40.82616], [8.52052, 40.82697], [8.5984, 40.85297], [8.63429, 40.88158], [8.64123, 40.89657], [8.70916, 40.92063], [8.73419, 40.92125], [8.76442, 40.9138], [8.82252, 40.94733], [8.83961, 40.96162], [8.87535, 41.00811], [8.88795, 41.01626], [8.88114, 41.02366], [8.9227, 41.03677], [8.94013, 41.06118], [8.95875, 41.07001], [8.99073, 41.09736], [9.00555, 41.12189], [9.02476, 41.12884], [9.10776, 41.13947], [9.13559, 41.16029], [9.14186, 41.15278], [9.15756, 41.16889], [9.16342, 41.18415], [9.16285, 41.22541], [9.17106, 41.24289], [9.23063, 41.26263], [9.23829, 41.24885], [9.25782, 41.24965], [9.26806, 41.23664], [9.26743, 41.20197], [9.27833, 41.19501], [9.27491, 41.21239], [9.27833, 41.22175], [9.28532, 41.22174], [9.2893, 41.20873], [9.28533, 41.19501], [9.31251, 41.20123], [9.33302, 41.18757], [9.33525, 41.21165], [9.35205, 41.20725], [9.38819, 41.18073], [9.38819, 41.18757], [9.42237, 41.18072], [9.42236, 41.17451], [9.4087, 41.1603], [9.42017, 41.15643], [9.44287, 41.13297], [9.43678, 41.11538], [9.44288, 41.09199], [9.46043, 41.12047], [9.47006, 41.12612], [9.45657, 41.14036], [9.46909, 41.14617], [9.50807, 41.14037], [9.52393, 41.14971], [9.53222, 41.14037], [9.52475, 41.13296], [9.54615, 41.12092], [9.55957, 41.12611], [9.5664, 41.11932], [9.56225, 41.09712], [9.5459, 41.07772], [9.53907, 41.09199], [9.52125, 41.03168], [9.51189, 41.01626], [9.53224, 41.01626], [9.52475, 41.0305], [9.54314, 41.03692], [9.5542, 41.03461], [9.55755, 41.02526], [9.55275, 41.00947], [9.55779, 41.00943], [9.55958, 41.01626], [9.57325, 41.00947], [9.58815, 41.02069], [9.61544, 41.01961], [9.66259, 41.00263], [9.65121, 40.99113], [9.60426, 41.00263], [9.58758, 40.9958], [9.57886, 40.96199], [9.56642, 40.94864], [9.57112, 40.93489], [9.55742, 40.93122], [9.51189, 40.93431], [9.51254, 40.92796], [9.50424, 40.92691], [9.51197, 40.91519], [9.53907, 40.92064], [9.57325, 40.9064], [9.59278, 40.9099], [9.62257, 40.92376], [9.64208, 40.92063], [9.63151, 40.90486], [9.61411, 40.8996], [9.61411, 40.89338], [9.65576, 40.87604], [9.66326, 40.85822], [9.68311, 40.86541], [9.69939, 40.85004], [9.72394, 40.84492], [9.681, 40.82978], [9.68978, 40.81079], [9.67449, 40.81391], [9.66179, 40.80903], [9.65789, 40.79987], [9.66879, 40.79035], [9.66977, 40.80146], [9.67579, 40.78864], [9.70394, 40.75942], [9.7142, 40.72724], [9.74446, 40.68048], [9.75652, 40.59516], [9.76157, 40.58735], [9.7819, 40.58197], [9.79225, 40.55695], [9.82641, 40.52961], [9.80875, 40.47077], [9.77809, 40.42723], [9.76172, 40.3907], [9.74935, 40.37727], [9.71241, 40.3664], [9.68311, 40.32421], [9.64552, 40.29609], [9.62615, 40.26309], [9.63111, 40.19619], [9.65463, 40.1446], [9.66505, 40.13158], [9.68758, 40.12085], [9.71022, 40.09634], [9.73226, 40.08393], [9.73023, 40.06837], [9.69337, 39.99291], [9.68727, 39.96117], [9.69662, 39.93378], [9.71, 39.94032], [9.71566, 39.94012], [9.71777, 39.93378], [9.71452, 39.92451], [9.69663, 39.9195], [9.68434, 39.89423], [9.68977, 39.87173], [9.68312, 39.87173], [9.68312, 39.86555], [9.69661, 39.85805], [9.69661, 39.85188], [9.68425, 39.83991], [9.67026, 39.79377], [9.67622, 39.71783], [9.65113, 39.65249], [9.65303, 39.56707], [9.62843, 39.50178], [9.64483, 39.48374], [9.63899, 39.45246], [9.61411, 39.39936], [9.60206, 39.35566], [9.60353, 39.32624], [9.6346, 39.30316], [9.6346, 39.29695], [9.60727, 39.28901], [9.58188, 39.2663], [9.56756, 39.23811], [9.57324, 39.21382], [9.5656, 39.20506], [9.57991, 39.18708], [9.56641, 39.14924], [9.55778, 39.13972], [9.52272, 39.1249], [9.51856, 39.10458], [9.5071, 39.1114], [9.51189, 39.12442], [9.49635, 39.13361], [9.48072, 39.13557], [9.44289, 39.12443], [9.438, 39.13337], [9.40871, 39.14615], [9.34506, 39.19644], [9.31191, 39.2081], [9.29217, 39.22126], [9.28533, 39.21383], [9.25245, 39.22516], [9.21632, 39.22801], [9.19744, 39.22114], [9.16602, 39.18709], [9.1369, 39.19433], [9.07301, 39.24852], [9.06373, 39.24307], [9.03875, 39.26219], [9.01393, 39.2639], [9.01254, 39.26057], [9.02573, 39.25601], [9.02101, 39.24042], [9.03785, 39.22712], [9.07496, 39.22989], [9.07984, 39.2246], [9.07894, 39.21235], [9.03859, 39.17902], [9.02622, 39.16523], [9.01832, 39.14614], [9.01873, 39.10395], [9.03199, 39.06977], [9.04492, 39.05126], [9.02931, 39.03026], [9.01832, 38.99531], [9.0257, 38.99531], [9.01515, 38.98966], [9.00465, 38.99531], [8.99615, 38.98266], [8.89489, 38.90243], [8.87745, 38.89908], [8.85328, 38.87801], [8.84126, 38.8807], [8.80543, 38.90595], [8.80542, 38.88548], [8.79103, 38.90445], [8.76661, 38.9204], [8.73951, 38.93065], [8.71656, 38.9326], [8.66879, 38.91059], [8.65162, 38.89155], [8.65511, 38.87117], [8.64096, 38.86434], [8.63479, 38.87116], [8.64283, 38.88996], [8.63315, 38.89557], [8.59988, 38.89908], [8.59988, 38.90595], [8.615, 38.923], [8.61549, 38.94758], [8.60328, 38.96491], [8.5801, 38.96053], [8.55958, 39.05671], [8.54428, 39.05127], [8.50442, 39.06294], [8.51808, 39.08344], [8.50441, 39.09089], [8.48277, 39.0804], [8.4651, 39.11945], [8.45427, 39.1249], [8.44224, 39.11816], [8.43539, 39.16596], [8.41879, 39.17731], [8.41261, 39.17573], [8.4157, 39.16598], [8.40952, 39.16934], [8.39869, 39.20116], [8.38015, 39.20759], [8.37282, 39.22208], [8.37673, 39.23785], [8.42644, 39.28327], [8.43214, 39.30182], [8.41572, 39.32368], [8.41725, 39.33902]]], [[[13.88315, 40.76239], [13.9463, 40.74518], [13.96581, 40.73505], [13.96581, 40.71528], [13.94467, 40.70162], [13.93483, 40.70563], [13.91977, 40.70449], [13.89015, 40.69417], [13.84915, 40.71528], [13.86137, 40.74383], [13.87013, 40.74872], [13.86282, 40.76239], [13.88315, 40.76239]]], [[[14.00587, 40.74689], [14.001, 40.74397], [14.00782, 40.76427], [14.01767, 40.77028], [14.03531, 40.75984], [14.02182, 40.75719], [14.02588, 40.75032], [14.01352, 40.74754], [14.01708, 40.73727], [14.00587, 40.74689]]], [[[13.41897, 40.79559], [13.43196, 40.80145], [13.42692, 40.79085], [13.41475, 40.7859], [13.41897, 40.79559]]], [[[9.74462, 40.86916], [9.73406, 40.85811], [9.71934, 40.86376], [9.7139, 40.87368], [9.73202, 40.87567], [9.74462, 40.86916]]], [[[9.7339, 40.92474], [9.73983, 40.91216], [9.70012, 40.8905], [9.67606, 40.89022], [9.7339, 40.92474]]], [[[12.952, 40.88155], [12.94208, 40.89981], [12.9546, 40.92187], [12.98219, 40.93756], [12.99177, 40.93318], [12.9686, 40.91946], [12.96095, 40.90322], [12.96647, 40.89305], [12.95834, 40.882], [12.952, 40.88155]]], [[[12.85727, 40.95001], [12.86165, 40.9307], [12.85044, 40.92603], [12.85727, 40.95001]]], [[[8.20967, 40.9958], [8.22902, 41.04187], [8.26054, 41.06451], [8.27565, 41.06977], [8.27785, 41.10565], [8.30209, 41.10505], [8.32617, 41.1261], [8.32797, 41.11249], [8.34196, 41.09784], [8.34472, 41.08625], [8.33254, 41.06482], [8.27475, 41.05728], [8.25115, 41.04377], [8.24642, 40.99365], [8.20967, 40.9958]]], [[[9.39439, 41.19509], [9.40821, 41.20742], [9.41747, 41.20042], [9.40781, 41.18513], [9.40235, 41.19021], [9.39552, 41.1896], [9.39439, 41.19509]]], [[[9.44777, 41.20506], [9.44353, 41.21149], [9.45983, 41.24218], [9.47477, 41.23606], [9.47927, 41.21717], [9.47038, 41.17212], [9.44874, 41.18553], [9.44166, 41.18306], [9.43702, 41.18594], [9.44777, 41.20506]]], [[[9.42905, 41.2294], [9.43531, 41.21703], [9.39527, 41.2106], [9.37697, 41.21333], [9.37326, 41.23006], [9.39186, 41.24071], [9.39797, 41.25604], [9.41424, 41.26242], [9.42161, 41.26095], [9.4305, 41.24628], [9.42905, 41.2294]]], [[[9.14185, 41.24632], [9.15837, 41.24216], [9.14674, 41.23002], [9.13748, 41.24087], [9.14185, 41.24632]]], [[[9.33287, 41.25079], [9.35302, 41.24782], [9.35076, 41.23223], [9.34246, 41.22825], [9.32978, 41.23736], [9.33287, 41.25079]]], [[[9.35097, 41.27605], [9.34466, 41.27482], [9.33108, 41.28104], [9.3506, 41.28872], [9.35097, 41.27605]]], [[[9.36475, 41.28792], [9.35825, 41.2969], [9.37679, 41.30779], [9.3789, 41.29585], [9.36475, 41.28792]]], [[[9.33257, 41.30619], [9.34586, 41.30474], [9.35418, 41.29287], [9.33702, 41.2945], [9.33257, 41.30619]]], [[[9.25043, 41.36547], [9.25157, 41.37115], [9.26481, 41.37213], [9.26433, 41.36636], [9.27001, 41.36762], [9.26262, 41.3608], [9.25043, 41.36547]]], [[[8.59376, 42.16706], [8.59376, 42.17451], [8.56578, 42.17452], [8.56578, 42.18129], [8.57765, 42.18488], [8.5818, 42.19452], [8.57781, 42.20441], [8.56578, 42.20857], [8.57407, 42.21992], [8.54527, 42.23286], [8.5495, 42.24225], [8.58627, 42.24335], [8.61086, 42.25461], [8.66472, 42.26488], [8.68776, 42.27294], [8.68873, 42.28095], [8.63479, 42.30484], [8.62517, 42.31916], [8.60533, 42.31046], [8.59988, 42.32192], [8.63478, 42.33893], [8.6128, 42.35244], [8.59156, 42.35114], [8.55213, 42.33896], [8.55958, 42.34638], [8.54967, 42.36579], [8.5521, 42.38669], [8.57049, 42.38178], [8.58628, 42.39296], [8.59864, 42.3876], [8.61844, 42.41942], [8.65089, 42.42328], [8.65952, 42.42988], [8.6614, 42.45189], [8.67677, 42.47248], [8.65709, 42.48005], [8.6675, 42.50971], [8.68044, 42.52105], [8.71656, 42.53071], [8.7108, 42.54011], [8.71632, 42.562], [8.70917, 42.57915], [8.71973, 42.57598], [8.72348, 42.5655], [8.74, 42.57232], [8.77125, 42.55805], [8.78696, 42.562], [8.80747, 42.58511], [8.81284, 42.5996], [8.80546, 42.60642], [8.84303, 42.60806], [8.90651, 42.63246], [9.01832, 42.65013], [9.04998, 42.66218], [9.053, 42.68158], [9.11814, 42.73204], [9.16521, 42.73516], [9.23682, 42.72255], [9.26465, 42.70888], [9.28533, 42.67475], [9.29217, 42.67475], [9.32789, 42.72004], [9.34254, 42.74909], [9.33303, 42.77094], [9.34099, 42.79011], [9.33546, 42.8076], [9.30569, 42.83926], [9.33302, 42.86713], [9.32634, 42.88552], [9.33027, 42.90355], [9.3602, 42.92862], [9.35574, 42.93651], [9.3602, 42.94912], [9.34996, 42.95723], [9.34345, 42.97309], [9.34661, 43.00351], [9.36305, 43.01153], [9.40431, 43.01166], [9.42237, 43.01739], [9.43556, 43.00373], [9.46403, 42.99005], [9.45387, 42.96381], [9.47005, 42.94229], [9.4655, 42.92353], [9.48437, 42.83242], [9.48268, 42.80209], [9.45037, 42.70889], [9.45037, 42.65363], [9.44288, 42.64057], [9.45655, 42.63443], [9.46168, 42.61982], [9.45655, 42.60643], [9.4646, 42.60162], [9.4769, 42.57917], [9.51189, 42.5655], [9.50912, 42.57998], [9.48964, 42.61255], [9.52814, 42.5633], [9.53338, 42.45624], [9.5459, 42.43513], [9.53541, 42.40819], [9.53224, 42.37373], [9.55957, 42.29458], [9.55226, 42.17015], [9.55957, 42.14655], [9.55281, 42.11326], [9.54573, 42.10417], [9.51857, 42.08511], [9.4923, 42.0476], [9.40317, 41.95295], [9.3943, 41.84797], [9.403, 41.77949], [9.40161, 41.70645], [9.37224, 41.6839], [9.36703, 41.67422], [9.38069, 41.67421], [9.37785, 41.65623], [9.37304, 41.64518], [9.36387, 41.64018], [9.34522, 41.64033], [9.34667, 41.61958], [9.31821, 41.62714], [9.29217, 41.62641], [9.29394, 41.61762], [9.27858, 41.59838], [9.29217, 41.59162], [9.34504, 41.60448], [9.35416, 41.5954], [9.35065, 41.5814], [9.32693, 41.56125], [9.29965, 41.55329], [9.28198, 41.53328], [9.26466, 41.53083], [9.26984, 41.51679], [9.26466, 41.50288], [9.2762, 41.49941], [9.27913, 41.49165], [9.26466, 41.47614], [9.27082, 41.46874], [9.22803, 41.45003], [9.2107, 41.44823], [9.2107, 41.44086], [9.22332, 41.42731], [9.2107, 41.40729], [9.25032, 41.42778], [9.23885, 41.39606], [9.22314, 41.37251], [9.20643, 41.36598], [9.19387, 41.36914], [9.16912, 41.38618], [9.09646, 41.40352], [9.10728, 41.42926], [9.12135, 41.43464], [9.06659, 41.46191], [9.07985, 41.47614], [9.07985, 41.48237], [9.03875, 41.46192], [9.03199, 41.46874], [9.03875, 41.47614], [9.01832, 41.46875], [9.00099, 41.48306], [8.95102, 41.49189], [8.93572, 41.48921], [8.90691, 41.50731], [8.88365, 41.51119], [8.87371, 41.52338], [8.8484, 41.52612], [8.83963, 41.53083], [8.85328, 41.53766], [8.85328, 41.54385], [8.83334, 41.55073], [8.80991, 41.55269], [8.79177, 41.56123], [8.7964, 41.58055], [8.79322, 41.58731], [8.77811, 41.59163], [8.80177, 41.63905], [8.81902, 41.63264], [8.87257, 41.65107], [8.88111, 41.65713], [8.88577, 41.67088], [8.9227, 41.69465], [8.78884, 41.71256], [8.77615, 41.7224], [8.78492, 41.7425], [8.7601, 41.74266], [8.71908, 41.73071], [8.69559, 41.72945], [8.70297, 41.7425], [8.68873, 41.74177], [8.65516, 41.74991], [8.6963, 41.7582], [8.71754, 41.77204], [8.72023, 41.79169], [8.70917, 41.79707], [8.70917, 41.8045], [8.75229, 41.8098], [8.78492, 41.82441], [8.77231, 41.8404], [8.75088, 41.84553], [8.79176, 41.85912], [8.78175, 41.87368], [8.77811, 41.8728], [8.80543, 41.90693], [8.79177, 41.91377], [8.78142, 41.92878], [8.76441, 41.93427], [8.7444, 41.93281], [8.68907, 41.91384], [8.62989, 41.90864], [8.61427, 41.9008], [8.60728, 41.91376], [8.61866, 41.93049], [8.61443, 41.94408], [8.5863, 41.96897], [8.63551, 41.97264], [8.65504, 41.9787], [8.66879, 41.99632], [8.65612, 42.00288], [8.66457, 42.01446], [8.68434, 42.02557], [8.74342, 42.04414], [8.74497, 42.05659], [8.72349, 42.0721], [8.69923, 42.10932], [8.68881, 42.11115], [8.6609, 42.10547], [8.64772, 42.12202], [8.62957, 42.13007], [8.58629, 42.1335], [8.59376, 42.14655], [8.57814, 42.1542], [8.55975, 42.15402], [8.59376, 42.16706]]], [[[11.11246, 42.25288], [11.10239, 42.2543], [11.10644, 42.2378], [11.09524, 42.24328], [11.09134, 42.25178], [11.09385, 42.26015], [11.11057, 42.26101], [11.11246, 42.25288]]], [[[10.31591, 42.34076], [10.31323, 42.32393], [10.29446, 42.32804], [10.29706, 42.34487], [10.3064, 42.35153], [10.31591, 42.34076]]], [[[10.86185, 42.36628], [10.87637, 42.37444], [10.87583, 42.38656], [10.88299, 42.39214], [10.91359, 42.37503], [10.92956, 42.34056], [10.93975, 42.33066], [10.92333, 42.31874], [10.87194, 42.35387], [10.86185, 42.36628]]], [[[10.05032, 42.58194], [10.05259, 42.58901], [10.0726, 42.60041], [10.08431, 42.61468], [10.09791, 42.58775], [10.09538, 42.57698], [10.08578, 42.57247], [10.05886, 42.57593], [10.05032, 42.58194]]], [[[10.43116, 42.82787], [10.43668, 42.80443], [10.42025, 42.77644], [10.38885, 42.7635], [10.40794, 42.75728], [10.42494, 42.74099], [10.43066, 42.72212], [10.41554, 42.70891], [10.41098, 42.71796], [10.38137, 42.72257], [10.36427, 42.74982], [10.3379, 42.76484], [10.32504, 42.76484], [10.31373, 42.74301], [10.30454, 42.75975], [10.26539, 42.74459], [10.24537, 42.75727], [10.23489, 42.73588], [10.14723, 42.7373], [10.12513, 42.74304], [10.1068, 42.7574], [10.10142, 42.784], [10.11167, 42.80125], [10.13272, 42.81178], [10.17953, 42.81874], [10.22438, 42.80443], [10.26588, 42.80443], [10.25906, 42.81191], [10.27215, 42.81875], [10.27216, 42.82733], [10.32682, 42.82623], [10.32211, 42.81171], [10.33277, 42.80598], [10.34734, 42.80585], [10.38136, 42.83242], [10.39992, 42.86883], [10.41237, 42.87335], [10.42174, 42.87092], [10.44335, 42.84545], [10.43116, 42.82787]]], [[[6.20249, 42.98714], [6.1662, 42.99967], [6.16474, 43.00507], [6.17514, 43.00897], [6.19938, 43.00813], [6.21796, 43.01538], [6.23339, 43.01558], [6.24188, 43.02564], [6.25099, 43.01729], [6.25219, 43.00264], [6.20249, 42.98714]]], [[[6.4817, 43.03832], [6.46647, 43.01936], [6.43297, 43.00968], [6.43467, 43.0272], [6.45533, 43.03278], [6.47267, 43.05068], [6.50155, 43.05588], [6.50659, 43.05162], [6.50578, 43.04618], [6.49016, 43.0443], [6.4817, 43.03832]]], [[[9.83985, 43.06534], [9.85479, 43.04428], [9.84224, 43.02513], [9.82295, 43.00847], [9.80151, 43.00782], [9.78461, 43.02844], [9.80682, 43.0662], [9.82578, 43.07462], [9.83985, 43.06534]]], [[[9.89765, 43.44342], [9.91569, 43.44293], [9.90845, 43.42692], [9.89423, 43.43253], [9.89765, 43.44342]]], [[[7.07254, 43.51564], [7.03669, 43.51647], [7.03241, 43.52249], [7.04899, 43.52409], [7.07254, 43.51564]]], [[[13.73546, 44.92393], [13.74098, 44.92576], [13.76191, 44.92056], [13.77832, 44.91079], [13.77769, 44.90251], [13.76108, 44.90351], [13.75663, 44.89101], [13.74734, 44.88761], [13.75009, 44.91315], [13.737, 44.92], [13.73546, 44.92393]]], [[[12.4048, 45.42227], [12.37623, 45.42255], [12.32147, 45.34804], [12.32802, 45.37243], [12.37184, 45.42487], [12.38917, 45.43354], [12.40748, 45.43065], [12.43085, 45.41571], [12.4048, 45.42227]]], [[[12.31659, 45.44306], [12.32985, 45.4588], [12.34717, 45.4588], [12.36378, 45.44965], [12.36207, 45.43814], [12.33725, 45.42741], [12.32066, 45.42984], [12.31659, 45.44306]]], [[[12.40878, 45.45661], [12.38536, 45.44571], [12.37518, 45.45379], [12.39731, 45.46003], [12.41409, 45.47307], [12.41839, 45.46874], [12.40878, 45.45661]]], [[[14.42425, 35.82379], [14.38153, 35.84297], [14.35987, 35.8697], [14.34572, 35.87593], [14.33823, 35.94697], [14.33253, 35.96284], [14.32205, 35.97313], [14.36121, 35.99234], [14.37728, 35.99363], [14.37729, 35.98646], [14.34938, 35.97313], [14.42847, 35.96572], [14.44507, 35.96034], [14.47869, 35.93696], [14.50781, 35.92853], [14.51393, 35.90082], [14.54817, 35.88984], [14.56315, 35.87002], [14.56713, 35.84561], [14.56177, 35.82984], [14.54803, 35.836], [14.53248, 35.82197], [14.5275, 35.80123], [14.50709, 35.80866], [14.47267, 35.81144], [14.42425, 35.82379]]], [[[14.35035, 36.00941], [14.32465, 36.00346], [14.3218, 36.017], [14.33253, 36.01887], [14.35035, 36.00941]]], [[[14.32203, 36.02717], [14.30445, 36.0266], [14.27732, 36.01662], [14.24121, 36.01469], [14.18492, 36.03462], [14.188, 36.0454], [14.18387, 36.06484], [14.2566, 36.07558], [14.28256, 36.06785], [14.31451, 36.05124], [14.33422, 36.03437], [14.32203, 36.02717]]], [[[12.71992, 38.17548], [12.73178, 38.19275], [12.7378, 38.18098], [12.76091, 38.18097], [12.79078, 38.11709], [12.81837, 38.07795], [12.86889, 38.05133], [12.86964, 38.04255], [12.90113, 38.02806], [12.94418, 38.03286], [13.02735, 38.0624], [13.06137, 38.08348], [13.0713, 38.09553], [13.06617, 38.12303], [13.05471, 38.14183], [13.08937, 38.166], [13.08377, 38.17471], [13.10093, 38.19008], [13.11248, 38.19276], [13.15699, 38.17967], [13.2072, 38.17609], [13.23032, 38.18464], [13.23903, 38.207], [13.2544, 38.20254], [13.31812, 38.22064], [13.32324, 38.21796], [13.32838, 38.20018], [13.37191, 38.17279], [13.3733, 38.14069], [13.39137, 38.10318], [13.51352, 38.11053], [13.54126, 38.09406], [13.53932, 38.07685], [13.54737, 38.05622], [13.58708, 38.03912], [13.65113, 38.00096], [13.69799, 37.99351], [13.71191, 37.98793], [13.70509, 37.98046], [13.79078, 37.97362], [13.81267, 37.97793], [13.85719, 37.99672], [13.89828, 38.00446], [13.93849, 38.02887], [14.00717, 38.03828], [14.02052, 38.04937], [14.08326, 38.02383], [14.10629, 38.02143], [14.15138, 38.02886], [14.2732, 38.01512], [14.33123, 38.01801], [14.38461, 38.02953], [14.4319, 38.04937], [14.46412, 38.03718], [14.51173, 38.04438], [14.63461, 38.08149], [14.66774, 38.09919], [14.73399, 38.15771], [14.7448, 38.16135], [14.79811, 38.16035], [14.87403, 38.17569], [14.90708, 38.18768], [14.94474, 38.1819], [14.96974, 38.15925], [15.00734, 38.1518], [15.04899, 38.15179], [15.0687, 38.13129], [15.0879, 38.12824], [15.17742, 38.15632], [15.2033, 38.1833], [15.24073, 38.24116], [15.23718, 38.26479], [15.24317, 38.26479], [15.24633, 38.25434], [15.24073, 38.23029], [15.24537, 38.21723], [15.25758, 38.21019], [15.29184, 38.20702], [15.32106, 38.21088], [15.39967, 38.23257], [15.43377, 38.25315], [15.47291, 38.26781], [15.51288, 38.29758], [15.52866, 38.30263], [15.55925, 38.3001], [15.61598, 38.28022], [15.6516, 38.27529], [15.64242, 38.26228], [15.62428, 38.26166], [15.58375, 38.24042], [15.56967, 38.22696], [15.55991, 38.19977], [15.57592, 38.20017], [15.52703, 38.13679], [15.50033, 38.08495], [15.39259, 37.97614], [15.26645, 37.81211], [15.24122, 37.79556], [15.21306, 37.76146], [15.20655, 37.74775], [15.22021, 37.70673], [15.21606, 37.69673], [15.20216, 37.68537], [15.19677, 37.6551], [15.16391, 37.5679], [15.1159, 37.52228], [15.09669, 37.49445], [15.08953, 37.45946], [15.09205, 37.36054], [15.09669, 37.34369], [15.11069, 37.32185], [15.18002, 37.29076], [15.21745, 37.28497], [15.23666, 37.27472], [15.25195, 37.25771], [15.26122, 37.23386], [15.24488, 37.24616], [15.23561, 37.24193], [15.22024, 37.22019], [15.22169, 37.23745], [15.21583, 37.2447], [15.20541, 37.2447], [15.19288, 37.23998], [15.19905, 37.22761], [15.18344, 37.20746], [15.19467, 37.17634], [15.21648, 37.15522], [15.23325, 37.16485], [15.24756, 37.15867], [15.24756, 37.15185], [15.22918, 37.14964], [15.23178, 37.13491], [15.24659, 37.11823], [15.30322, 37.10122], [15.30786, 37.08666], [15.30274, 37.0625], [15.28793, 37.069], [15.28199, 37.06086], [15.2837, 37.04841], [15.29184, 37.04198], [15.31226, 37.044], [15.32105, 37.04022], [15.33235, 37.01163], [15.32472, 37.0085], [15.30893, 37.01777], [15.26808, 37.00043], [15.2749, 36.9936], [15.26384, 36.98713], [15.26806, 36.9731], [15.24448, 36.97207], [15.17465, 36.94408], [15.15838, 36.92422], [15.10768, 36.82014], [15.10661, 36.80858], [15.094, 36.79955], [15.09889, 36.77945], [15.11726, 36.74693], [15.13493, 36.68769], [15.13428, 36.6752], [15.11451, 36.65991], [15.09392, 36.65494], [15.07358, 36.65913], [15.03305, 36.69391], [15.00717, 36.70279], [14.99781, 36.70222], [14.98243, 36.68888], [14.95729, 36.69783], [14.91863, 36.71988], [14.88217, 36.73066], [14.84685, 36.72626], [14.78078, 36.69938], [14.77345, 36.71003], [14.76092, 36.70622], [14.74431, 36.71914], [14.68459, 36.72603], [14.65895, 36.75381], [14.5822, 36.78132], [14.56593, 36.77832], [14.48732, 36.79337], [14.47562, 36.80516], [14.39454, 36.94501], [14.36988, 36.97309], [14.27882, 37.04401], [14.20851, 37.08112], [14.12631, 37.11225], [14.08863, 37.11774], [13.97633, 37.1103], [13.93849, 37.09594], [13.89467, 37.10078], [13.83269, 37.13955], [13.71584, 37.17138], [13.68345, 37.18936], [13.59881, 37.25674], [13.56918, 37.2735], [13.45265, 37.29883], [13.32961, 37.36628], [13.31129, 37.38084], [13.27802, 37.39371], [13.25327, 37.43179], [13.22536, 37.44604], [13.20606, 37.46393], [13.18923, 37.46972], [13.17408, 37.48701], [13.05152, 37.50068], [13.02638, 37.49324], [13.01054, 37.50673], [13.00001, 37.53547], [12.97413, 37.55744], [12.94264, 37.56851], [12.86215, 37.5764], [12.78093, 37.5742], [12.69776, 37.56274], [12.65936, 37.56514], [12.63625, 37.58223], [12.59474, 37.63788], [12.57781, 37.652], [12.56349, 37.65778], [12.52361, 37.65836], [12.50621, 37.66552], [12.48903, 37.68269], [12.46503, 37.7198], [12.45631, 37.75975], [12.42703, 37.79703], [12.42743, 37.80927], [12.44459, 37.81597], [12.44606, 37.81184], [12.46502, 37.82282], [12.47869, 37.88117], [12.46413, 37.91291], [12.49049, 37.95401], [12.50294, 37.99706], [12.50416, 38.01122], [12.49295, 38.02143], [12.52345, 38.03144], [12.57635, 38.07171], [12.60841, 38.0624], [12.65162, 38.0915], [12.66245, 38.11627], [12.7046, 38.11083], [12.72535, 38.12592], [12.71992, 38.17548]]], [[[14.96631, 38.43292], [14.96632, 38.41869], [14.99365, 38.40302], [15.00732, 38.37768], [14.98683, 38.3641], [14.94827, 38.39644], [14.94534, 38.41226], [14.95884, 38.43292], [14.96631, 38.43292]]], [[[14.97933, 38.48753], [14.97933, 38.4814], [14.95265, 38.48139], [14.96631, 38.45345], [14.94874, 38.45093], [14.89944, 38.48168], [14.90074, 38.49886], [14.90969, 38.51532], [14.91921, 38.51976], [14.95785, 38.52203], [14.96606, 38.51626], [14.95883, 38.50186], [14.97933, 38.48753]]], [[[14.36058, 38.53898], [14.34646, 38.53516], [14.3428, 38.54726], [14.35718, 38.5512], [14.36058, 38.53898]]], [[[14.82399, 38.55183], [14.79382, 38.5716], [14.81496, 38.5838], [14.86695, 38.58111], [14.87695, 38.56953], [14.86165, 38.53931], [14.82399, 38.55183]]], [[[14.57601, 38.57664], [14.58545, 38.55745], [14.55161, 38.5616], [14.54251, 38.58685], [14.56372, 38.58459], [14.57601, 38.57664]]], [[[15.21746, 38.77303], [15.20607, 38.77522], [15.18704, 38.78901], [15.2186, 38.81194], [15.23925, 38.80402], [15.22965, 38.78303], [15.21746, 38.77303]]], [[[14.20834, 40.53796], [14.19599, 40.54117], [14.19859, 40.55849], [14.25749, 40.5567], [14.26212, 40.55398], [14.24618, 40.5439], [14.20834, 40.53796]]], [[[15.47773, 42.10412], [15.47819, 42.11326], [15.49284, 42.12384], [15.49674, 42.11603], [15.48471, 42.10144], [15.47773, 42.10412]]], [[[16.51856, 42.77345], [16.53417, 42.76288], [16.52556, 42.75704], [16.51043, 42.75975], [16.48936, 42.74671], [16.48619, 42.75165], [16.50694, 42.77158], [16.51856, 42.77345]]], [[[16.00945, 42.961], [15.99295, 42.95231], [16.00274, 42.9924], [16.02034, 42.98594], [16.02306, 42.97452], [16.01807, 42.95728], [16.00945, 42.961]]], [[[15.76587, 43.03139], [15.76391, 43.02286], [15.75025, 43.01708], [15.73813, 43.01461], [15.72138, 43.01814], [15.72569, 43.02516], [15.75001, 43.03322], [15.76587, 43.03139]]], [[[16.08709, 43.04141], [16.07911, 43.05329], [16.06317, 43.05151], [16.04886, 43.06517], [16.09254, 43.08274], [16.13057, 43.08844], [16.1705, 43.08762], [16.19971, 43.0794], [16.19288, 43.07197], [16.21583, 43.07916], [16.2282, 43.07867], [16.24122, 43.07197], [16.24985, 43.0794], [16.25487, 43.06855], [16.21029, 43.03328], [16.12135, 43.01339], [16.08717, 43.01147], [16.06319, 43.0174], [16.08448, 43.02595], [16.08709, 43.04141]]], [[[16.73795, 43.09235], [16.73852, 43.08683], [16.71593, 43.08183], [16.67351, 43.0845], [16.66002, 43.08947], [16.67498, 43.09841], [16.72551, 43.09649], [16.73795, 43.09235]]], [[[16.89233, 43.3122], [16.87232, 43.288], [16.86443, 43.29169], [16.8459, 43.27333], [16.81285, 43.26776], [16.62827, 43.26375], [16.56398, 43.27009], [16.50075, 43.28426], [16.4219, 43.31758], [16.40582, 43.33268], [16.41944, 43.32518], [16.43979, 43.33271], [16.43492, 43.34642], [16.45346, 43.35318], [16.4263, 43.3941], [16.44703, 43.39483], [16.49391, 43.38231], [16.688, 43.37696], [16.80981, 43.35317], [16.80982, 43.34638], [16.79615, 43.34638], [16.81625, 43.34024], [16.83033, 43.34637], [16.85816, 43.32518], [16.88509, 43.32196], [16.89233, 43.3122]]], [[[16.27671, 43.41195], [16.29818, 43.40363], [16.30275, 43.38727], [16.32984, 43.3897], [16.39143, 43.34638], [16.37598, 43.33345], [16.34865, 43.3387], [16.28175, 43.36937], [16.23227, 43.38447], [16.20706, 43.38728], [16.20641, 43.39181], [16.21323, 43.39411], [16.20054, 43.40684], [16.20559, 43.4129], [16.27671, 43.41195]]], [[[16.1704, 43.43607], [16.1648, 43.43302], [16.14812, 43.43537], [16.14144, 43.4294], [16.11501, 43.42944], [16.11274, 43.43346], [16.12579, 43.45058], [16.13754, 43.44973], [16.1345, 43.45616], [16.14942, 43.459], [16.16536, 43.44973], [16.1704, 43.43607]]], [[[16.26442, 43.51287], [16.31031, 43.50775], [16.37523, 43.49017], [16.37077, 43.48433], [16.33363, 43.48141], [16.28199, 43.48794], [16.24643, 43.48144], [16.21168, 43.48993], [16.21178, 43.49554], [16.2435, 43.49494], [16.25221, 43.49994], [16.24807, 43.50828], [16.26442, 43.51287]]], [[[15.62276, 43.6752], [15.65015, 43.67303], [15.67888, 43.64802], [15.74029, 43.62754], [15.68133, 43.64033], [15.67205, 43.63745], [15.60379, 43.67471], [15.61134, 43.6821], [15.62276, 43.6752]]], [[[15.82408, 43.70001], [15.84166, 43.70729], [15.86187, 43.68939], [15.86841, 43.66259], [15.86338, 43.66268], [15.82604, 43.69225], [15.82408, 43.70001]]], [[[15.70379, 43.68907], [15.68313, 43.6997], [15.67329, 43.71386], [15.6745, 43.71706], [15.68893, 43.71579], [15.71355, 43.69196], [15.72631, 43.69], [15.7198, 43.67281], [15.69696, 43.68143], [15.69469, 43.68547], [15.70379, 43.68907]]], [[[15.66601, 43.76647], [15.65984, 43.76395], [15.63112, 43.77144], [15.6089, 43.79381], [15.59963, 43.79415], [15.58091, 43.80875], [15.56749, 43.83201], [15.58627, 43.82294], [15.59473, 43.83144], [15.60483, 43.8242], [15.61004, 43.80911], [15.62794, 43.7982], [15.64096, 43.79784], [15.65006, 43.78913], [15.64861, 43.7829], [15.66601, 43.76647]]], [[[15.24763, 43.84927], [15.22781, 43.87445], [15.24073, 43.88075], [15.26123, 43.86709], [15.2652, 43.85931], [15.34217, 43.81201], [15.39556, 43.77247], [15.30894, 43.80562], [15.28842, 43.82551], [15.24763, 43.84927]]], [[[15.39763, 43.9372], [15.42676, 43.92206], [15.44604, 43.88754], [15.40708, 43.89616], [15.39772, 43.90811], [15.35866, 43.91939], [15.34996, 43.92915], [15.35678, 43.93537], [15.30959, 43.95845], [15.29713, 43.9781], [15.26126, 44.01105], [15.29607, 44.00571], [15.34995, 43.9763], [15.38405, 43.97015], [15.38942, 43.94766], [15.39763, 43.9372]]], [[[15.19549, 43.89521], [15.14552, 43.9239], [15.13331, 43.92121], [15.14454, 43.90811], [15.17555, 43.89094], [15.19677, 43.88638], [15.1945, 43.87264], [15.13627, 43.90316], [15.10685, 43.92524], [15.04283, 43.99043], [15.0031, 44.05231], [14.98308, 44.06631], [14.9551, 44.0756], [14.87013, 44.14082], [14.86297, 44.16104], [14.84964, 44.1756], [14.86298, 44.17564], [14.88282, 44.15917], [14.93912, 44.12714], [14.95444, 44.10322], [14.99383, 44.08784], [15.00731, 44.09298], [15.0005, 44.07941], [15.01441, 44.07794], [15.0227, 44.0722], [15.03191, 44.03636], [15.04135, 44.02644], [15.08823, 43.98965], [15.11377, 43.98378], [15.14454, 43.94965], [15.2168, 43.91278], [15.22021, 43.9012], [15.19549, 43.89521]]], [[[15.10849, 44.05402], [15.14722, 44.02561], [15.15941, 43.99895], [15.07758, 44.05309], [15.07075, 44.07579], [15.07294, 44.08074], [15.1001, 44.0685], [15.10849, 44.05402]]], [[[15.18914, 44.04781], [15.12185, 44.09224], [15.08709, 44.12372], [15.06871, 44.13398], [15.07553, 44.14082], [15.06254, 44.1619], [15.22575, 44.06622], [15.24707, 44.04669], [15.2544, 44.01791], [15.22332, 44.05028], [15.20656, 44.04524], [15.19907, 44.05882], [15.18914, 44.04781]]], [[[14.84278, 44.14826], [14.85727, 44.15204], [14.86915, 44.14053], [14.85613, 44.13688], [14.83522, 44.14168], [14.81985, 44.15303], [14.82244, 44.16865], [14.83546, 44.15103], [14.84278, 44.14826]]], [[[14.76596, 44.26504], [14.75993, 44.25985], [14.74856, 44.26167], [14.73817, 44.27233], [14.73961, 44.28017], [14.75318, 44.28351], [14.7532, 44.29099], [14.75977, 44.29205], [14.79166, 44.27252], [14.78971, 44.26692], [14.76596, 44.26504]]], [[[15.06934, 44.28588], [15.04348, 44.28967], [15.03038, 44.29835], [15.0255, 44.31509], [15.03094, 44.32672], [15.0656, 44.32078], [15.08611, 44.30878], [15.09743, 44.30968], [15.13721, 44.28831], [15.11689, 44.28169], [15.11262, 44.28913], [15.08782, 44.29894], [15.06934, 44.28588]]], [[[14.66137, 44.30866], [14.6574, 44.30526], [14.59912, 44.3389], [14.59509, 44.34709], [14.64355, 44.32574], [14.66137, 44.30866]]], [[[14.81119, 44.35005], [14.80103, 44.3431], [14.78491, 44.347], [14.75621, 44.364], [14.76776, 44.38731], [14.76345, 44.41534], [14.78289, 44.41892], [14.80327, 44.4053], [14.80501, 44.39574], [14.79672, 44.38129], [14.81119, 44.35005]]], [[[14.69298, 44.35986], [14.67986, 44.3887], [14.66758, 44.39221], [14.66162, 44.39962], [14.67206, 44.4121], [14.70166, 44.40159], [14.70208, 44.37796], [14.72225, 44.36351], [14.72306, 44.35172], [14.71372, 44.35127], [14.69298, 44.35986]]], [[[14.89315, 44.44166], [14.88837, 44.45622], [14.95516, 44.41335], [14.96086, 44.40011], [14.95411, 44.40778], [14.93337, 44.41072], [14.89315, 44.44166]]], [[[14.76149, 44.65864], [14.74368, 44.68049], [14.73367, 44.70318], [14.74121, 44.7016], [14.77972, 44.6697], [14.84522, 44.60053], [14.8838, 44.57966], [14.88015, 44.60919], [14.90406, 44.61], [14.93823, 44.59413], [14.96607, 44.57361], [15.00392, 44.53608], [15.04118, 44.52748], [15.0755, 44.48409], [15.05592, 44.48623], [15.02817, 44.50316], [15.00734, 44.50454], [15.01417, 44.51874], [14.97291, 44.53612], [14.92856, 44.55231], [14.91114, 44.55231], [14.91114, 44.54548], [14.96599, 44.52387], [15.04803, 44.43944], [15.09669, 44.41519], [15.06495, 44.43793], [15.04154, 44.47662], [15.08326, 44.46185], [15.17661, 44.3913], [15.19906, 44.38104], [15.25439, 44.34003], [15.23512, 44.33625], [15.16505, 44.36738], [15.16505, 44.36054], [15.20045, 44.34951], [15.22704, 44.32637], [15.20655, 44.32636], [15.21095, 44.31733], [15.22018, 44.31275], [15.15455, 44.331], [15.13087, 44.33259], [15.13087, 44.32636], [15.17236, 44.30532], [15.17236, 44.29915], [15.12875, 44.312], [15.11101, 44.32479], [15.09669, 44.34604], [15.11036, 44.34626], [15.11036, 44.3537], [15.09719, 44.36132], [15.08923, 44.3742], [15.10694, 44.37519], [15.1172, 44.38719], [15.08302, 44.40152], [15.04901, 44.39469], [15.02076, 44.43], [14.95883, 44.4667], [14.89749, 44.49092], [14.89749, 44.49705], [14.91863, 44.50454], [14.87763, 44.55134], [14.87696, 44.55976], [14.76149, 44.65864]]], [[[14.32077, 44.50918], [14.29868, 44.49642], [14.28242, 44.52227], [14.302, 44.51817], [14.30787, 44.51089], [14.32077, 44.50918]]], [[[14.38657, 44.56563], [14.36306, 44.57344], [14.36307, 44.57966], [14.36988, 44.57966], [14.36477, 44.58722], [14.38258, 44.60326], [14.37599, 44.62303], [14.3493, 44.65554], [14.3358, 44.71676], [14.38111, 44.69864], [14.39747, 44.68561], [14.39039, 44.66218], [14.41, 44.60098], [14.44557, 44.56598], [14.52661, 44.50372], [14.53434, 44.48408], [14.51198, 44.48226], [14.48504, 44.50064], [14.45191, 44.53189], [14.43818, 44.53865], [14.43818, 44.54547], [14.46607, 44.53864], [14.42262, 44.57388], [14.40406, 44.57966], [14.39697, 44.56917], [14.38657, 44.56563]]], [[[14.23976, 44.61987], [14.23261, 44.62605], [14.24435, 44.66161], [14.2658, 44.6795], [14.28043, 44.67755], [14.27417, 44.6617], [14.25734, 44.65672], [14.25668, 44.63703], [14.27115, 44.61254], [14.23976, 44.61987]]], [[[14.85132, 44.7371], [14.85904, 44.71735], [14.84962, 44.70321], [14.77296, 44.76032], [14.74049, 44.77827], [14.74293, 44.76577], [14.75403, 44.75779], [14.72495, 44.76765], [14.69948, 44.76522], [14.65792, 44.79877], [14.68526, 44.79831], [14.70574, 44.79255], [14.69949, 44.81304], [14.71998, 44.79877], [14.72682, 44.79877], [14.70582, 44.82685], [14.69208, 44.83349], [14.68582, 44.84714], [14.72682, 44.84028], [14.72, 44.85463], [14.73902, 44.85341], [14.753, 44.84599], [14.7561, 44.83568], [14.74049, 44.82665], [14.74049, 44.8205], [14.82264, 44.77119], [14.85132, 44.7371]]], [[[14.31366, 45.17242], [14.33188, 45.17584], [14.3562, 45.16925], [14.36409, 45.15762], [14.36305, 45.09357], [14.38771, 45.03905], [14.41765, 44.99799], [14.43084, 44.9903], [14.46606, 44.9837], [14.47348, 44.97142], [14.47093, 44.95369], [14.45191, 44.92231], [14.45922, 44.91543], [14.44996, 44.89802], [14.45192, 44.8509], [14.46655, 44.80484], [14.45192, 44.79877], [14.4729, 44.7652], [14.46607, 44.7298], [14.47218, 44.70795], [14.51391, 44.66218], [14.50856, 44.64533], [14.51499, 44.64216], [14.52751, 44.64788], [14.53434, 44.63426], [14.51362, 44.61894], [14.473, 44.62028], [14.42778, 44.65676], [14.39454, 44.70759], [14.39723, 44.75161], [14.38356, 44.75776], [14.37453, 44.75387], [14.36819, 44.76106], [14.36158, 44.81598], [14.34605, 44.82051], [14.32986, 44.83394], [14.31414, 44.89379], [14.29422, 44.90864], [14.30152, 44.92231], [14.29251, 44.94033], [14.30152, 44.94342], [14.32546, 44.93635], [14.35963, 44.90864], [14.38738, 44.909], [14.39723, 44.9291], [14.39032, 44.96038], [14.40406, 44.94953], [14.41139, 44.95637], [14.39145, 44.96943], [14.37673, 44.98689], [14.34083, 45.05561], [14.27851, 45.11335], [14.2777, 45.128], [14.29944, 45.16217], [14.31366, 45.17242]]], [[[14.82858, 44.90355], [14.83577, 44.88684], [14.7784, 44.90863], [14.76801, 44.9178], [14.76793, 44.92853], [14.77329, 44.93365], [14.80705, 44.92047], [14.82858, 44.90355]]], [[[14.54297, 44.95544], [14.53476, 44.95568], [14.48578, 44.98362], [14.52767, 44.98598], [14.54683, 44.96385], [14.54297, 44.95544]]], [[[14.76092, 44.97748], [14.74724, 44.97004], [14.74724, 44.96381], [14.76074, 44.95514], [14.75655, 44.94864], [14.7234, 44.94336], [14.70672, 44.94666], [14.65789, 44.97004], [14.62893, 44.97818], [14.6238, 45.00123], [14.62631, 45.03726], [14.62086, 45.0456], [14.60328, 45.03897], [14.60328, 45.03217], [14.61695, 45.02464], [14.59031, 45.0233], [14.51026, 45.03223], [14.48537, 45.03804], [14.46014, 45.0524], [14.42508, 45.08735], [14.44159, 45.09979], [14.46266, 45.10102], [14.46707, 45.12408], [14.47609, 45.12825], [14.51401, 45.12906], [14.53012, 45.13483], [14.52127, 45.14883], [14.53956, 45.1704], [14.53689, 45.20172], [14.54802, 45.21027], [14.54981, 45.22142], [14.54379, 45.23574], [14.53456, 45.2377], [14.54885, 45.24871], [14.56336, 45.24973], [14.59585, 45.23754], [14.5822, 45.23754], [14.62377, 45.17549], [14.59742, 45.16645], [14.61256, 45.15925], [14.64373, 45.15681], [14.66528, 45.1618], [14.6709, 45.14346], [14.65895, 45.10834], [14.66529, 45.08735], [14.67807, 45.07746], [14.69597, 45.07343], [14.74047, 45.07305], [14.74, 45.04434], [14.79992, 45.005], [14.81493, 44.97749], [14.78468, 44.96932], [14.76092, 44.97748]]], [[[24.12143, 34.83613], [24.12574, 34.82689], [24.13525, 34.82176], [24.13525, 34.81502], [24.10858, 34.81657], [24.08584, 34.82648], [24.04641, 34.84907], [24.04641, 34.85528], [24.05579, 34.85539], [24.08058, 34.86895], [24.12842, 34.86273], [24.12143, 34.83613]]], [[[23.31576, 35.87953], [23.33072, 35.86493], [23.33325, 35.82918], [23.32644, 35.82918], [23.29551, 35.85977], [23.27176, 35.90423], [23.278, 35.89745], [23.31576, 35.87953]]], [[[22.92922, 36.17797], [22.90871, 36.20596], [22.91619, 36.2851], [22.89968, 36.32819], [22.90158, 36.33812], [22.93264, 36.38124], [22.94438, 36.38925], [22.95638, 36.38344], [23.01173, 36.3083], [23.0769, 36.27073], [23.0944, 36.25433], [23.10384, 36.23721], [23.06625, 36.22639], [23.05844, 36.21646], [23.052, 36.14485], [23.04713, 36.14329], [23.01442, 36.14834], [23.00245, 36.14663], [22.99074, 36.13705], [22.98756, 36.15156], [22.94957, 36.16499], [22.95004, 36.17626], [22.92922, 36.17797]]], [[[22.93165, 36.46476], [22.92507, 36.46907], [22.92939, 36.48411], [22.96242, 36.5099], [22.97674, 36.50747], [22.98934, 36.47044], [22.98601, 36.45826], [22.96583, 36.47606], [22.95159, 36.47525], [22.94034, 36.46605], [22.93165, 36.46476]]], [[[21.77783, 36.69939], [21.76796, 36.70826], [21.76417, 36.71988], [21.75051, 36.71241], [21.75946, 36.75168], [21.76417, 36.75396], [21.78003, 36.7475], [21.77783, 36.69939]]], [[[21.71632, 36.78132], [21.71655, 36.77094], [21.69582, 36.74043], [21.70087, 36.79108], [21.70949, 36.80173], [21.72613, 36.79481], [21.72933, 36.78877], [21.71632, 36.78132]]], [[[23.46388, 36.90401], [23.45778, 36.90645], [23.44974, 36.92913], [23.45606, 36.92779], [23.46419, 36.91706], [23.46388, 36.90401]]], [[[21.54665, 37.03237], [21.549, 37.04536], [21.5373, 37.05744], [21.55282, 37.06438], [21.55853, 37.05363], [21.55566, 37.04255], [21.54665, 37.03237]]], [[[23.11828, 37.28773], [23.12842, 37.28839], [23.15845, 37.27138], [23.16471, 37.25381], [23.16235, 37.24422], [23.15203, 37.23999], [23.13104, 37.24373], [23.09443, 37.27473], [23.11828, 37.28773]]], [[[23.55299, 37.37091], [23.58714, 37.37091], [23.57113, 37.35835], [23.5477, 37.34985], [23.52329, 37.34664], [23.50514, 37.34984], [23.50878, 37.3299], [23.49683, 37.32002], [23.37429, 37.30269], [23.37429, 37.30951], [23.46388, 37.35739], [23.48764, 37.3635], [23.53256, 37.36392], [23.55299, 37.37091]]], [[[23.91546, 37.48033], [23.89684, 37.49019], [23.89813, 37.49448], [23.93392, 37.4785], [23.94254, 37.46317], [23.92613, 37.46703], [23.91546, 37.48033]]], [[[23.52563, 37.52801], [23.52563, 37.5218], [23.50635, 37.51285], [23.48121, 37.5096], [23.4559, 37.51252], [23.43631, 37.52179], [23.43629, 37.52802], [23.46461, 37.53376], [23.47543, 37.54084], [23.47732, 37.55588], [23.48317, 37.55479], [23.49204, 37.53913], [23.51157, 37.52904], [23.52563, 37.52801]]], [[[23.93557, 37.6459], [23.93866, 37.65708], [23.9531, 37.65681], [23.95971, 37.65139], [23.95971, 37.64282], [23.9411, 37.64217], [23.93557, 37.6459]]], [[[24.1495, 37.73929], [24.1486, 37.72265], [24.13714, 37.71418], [24.10516, 37.64527], [24.09993, 37.6596], [24.12641, 37.74302], [24.14315, 37.7527], [24.1495, 37.73929]]], [[[23.54493, 37.74506], [23.54614, 37.73347], [23.53207, 37.72533], [23.52563, 37.69246], [23.48414, 37.67887], [23.45738, 37.69246], [23.45738, 37.69928], [23.469, 37.70502], [23.46827, 37.7145], [23.45932, 37.72333], [23.43443, 37.7336], [23.42704, 37.74802], [23.42564, 37.76821], [23.54615, 37.77439], [23.56314, 37.76825], [23.54493, 37.74506]]], [[[23.75549, 37.77516], [23.76351, 37.77597], [23.76335, 37.76399], [23.75385, 37.76517], [23.75549, 37.77516]]], [[[20.87916, 37.72822], [20.86328, 37.71061], [20.84352, 37.70156], [20.84376, 37.68993], [20.85302, 37.67259], [20.84685, 37.65331], [20.81512, 37.65153], [20.77719, 37.68627], [20.70453, 37.7382], [20.70216, 37.75454], [20.68044, 37.76997], [20.64243, 37.8111], [20.61949, 37.82282], [20.62648, 37.83442], [20.6221, 37.8513], [20.6277, 37.85761], [20.61949, 37.86441], [20.66002, 37.91054], [20.68572, 37.92958], [20.70898, 37.92523], [20.74195, 37.86229], [20.77719, 37.84333], [20.80885, 37.84954], [20.84986, 37.83649], [20.88578, 37.81409], [20.91798, 37.76529], [20.98682, 37.72988], [20.99633, 37.69932], [20.98308, 37.71231], [20.95436, 37.72386], [20.89389, 37.73347], [20.87916, 37.72822]]], [[[23.48145, 37.88972], [23.46705, 37.88423], [23.4214, 37.89298], [23.40211, 37.90621], [23.40896, 37.92194], [23.42314, 37.93312], [23.43949, 37.93959], [23.46852, 37.93203], [23.4817, 37.94172], [23.49773, 37.96686], [23.48561, 37.96625], [23.46043, 37.95255], [23.42208, 37.96004], [23.45737, 37.97362], [23.42945, 37.98794], [23.4616, 37.98566], [23.47047, 37.98046], [23.47486, 37.98941], [23.47048, 37.99408], [23.48634, 38.0012], [23.51824, 37.99908], [23.53686, 37.98802], [23.53272, 37.97508], [23.54712, 37.95888], [23.54615, 37.95254], [23.57347, 37.95254], [23.53932, 37.93952], [23.54345, 37.92886], [23.52174, 37.91397], [23.51823, 37.8986], [23.50131, 37.90607], [23.48145, 37.88972]]], [[[24.2396, 37.97774], [24.2287, 37.98282], [24.22789, 37.98835], [24.24286, 38.01296], [24.25437, 38.01993], [24.2634, 38.01863], [24.28289, 37.99819], [24.27783, 37.9851], [24.26523, 37.97859], [24.25416, 37.98163], [24.2396, 37.97774]]], [[[20.53095, 38.39202], [20.55128, 38.38516], [20.53781, 38.42589], [20.54363, 38.45917], [20.53778, 38.47393], [20.57178, 38.47393], [20.62769, 38.34357], [20.62602, 38.32826], [20.59913, 38.30264], [20.63054, 38.25796], [20.64291, 38.2534], [20.68162, 38.2821], [20.67481, 38.26781], [20.69352, 38.26462], [20.709, 38.22696], [20.7513, 38.19676], [20.76222, 38.1704], [20.79769, 38.13129], [20.80776, 38.09976], [20.80468, 38.08296], [20.79468, 38.06612], [20.76368, 38.06989], [20.73357, 38.06242], [20.71821, 38.06647], [20.68165, 38.0978], [20.653, 38.11115], [20.61459, 38.11982], [20.58074, 38.11547], [20.56495, 38.09033], [20.5464, 38.10204], [20.50978, 38.11079], [20.49612, 38.12446], [20.48927, 38.15925], [20.46878, 38.19276], [20.48121, 38.19013], [20.50978, 38.17227], [20.50978, 38.17967], [20.49383, 38.19172], [20.44532, 38.27619], [20.43507, 38.2788], [20.42791, 38.26166], [20.43465, 38.19259], [20.42529, 38.17529], [20.39845, 38.16303], [20.38624, 38.15181], [20.38007, 38.15181], [20.37403, 38.16901], [20.3454, 38.18212], [20.33906, 38.20018], [20.35694, 38.22858], [20.35378, 38.25324], [20.37965, 38.27399], [20.3921, 38.30012], [20.39992, 38.36403], [20.40675, 38.34357], [20.41359, 38.34357], [20.42726, 38.36333], [20.45509, 38.32306], [20.46322, 38.33147], [20.47047, 38.31513], [20.47902, 38.30948], [20.5298, 38.33747], [20.53875, 38.35407], [20.53956, 38.37421], [20.53095, 38.39202]]], [[[20.75746, 38.37154], [20.73756, 38.37153], [20.74366, 38.34439], [20.75001, 38.3347], [20.76367, 38.3305], [20.76367, 38.32307], [20.71915, 38.31567], [20.70583, 38.31827], [20.68785, 38.33674], [20.69532, 38.34357], [20.66734, 38.37153], [20.64777, 38.40542], [20.64015, 38.4466], [20.61453, 38.46711], [20.61948, 38.48137], [20.63551, 38.47297], [20.6454, 38.48134], [20.65448, 38.50185], [20.67187, 38.49754], [20.67407, 38.48501], [20.66114, 38.46088], [20.67823, 38.46185], [20.70898, 38.4466], [20.69529, 38.40897], [20.67481, 38.37767], [20.69239, 38.37132], [20.71583, 38.37153], [20.71583, 38.37767], [20.70218, 38.38515], [20.7225, 38.38516], [20.71584, 38.39202], [20.73877, 38.38426], [20.75746, 38.37154]]], [[[23.06911, 38.84659], [23.03639, 38.87446], [22.96941, 38.88911], [22.95639, 38.88544], [22.95639, 38.878], [22.9839, 38.87352], [22.99194, 38.86469], [22.99072, 38.85066], [22.98153, 38.84498], [22.85581, 38.83295], [22.83303, 38.82276], [22.83743, 38.85447], [22.87485, 38.8749], [22.90748, 38.88231], [22.95281, 38.90159], [22.98292, 38.90766], [23.03566, 38.92642], [23.04592, 38.94684], [23.08676, 38.95433], [23.09734, 38.97207], [23.09443, 38.98785], [23.10906, 38.99177], [23.12746, 39.0058], [23.19972, 39.00898], [23.27296, 39.03876], [23.29908, 39.04246], [23.32985, 39.02196], [23.37158, 39.01031], [23.38159, 39.00153], [23.37436, 38.98249], [23.38461, 38.96752], [23.40455, 38.95783], [23.42562, 38.95432], [23.45069, 38.87458], [23.48048, 38.83808], [23.52466, 38.82318], [23.56788, 38.79385], [23.59399, 38.78924], [23.594, 38.77021], [23.60759, 38.77557], [23.61996, 38.76553], [23.66228, 38.75507], [23.6727, 38.76043], [23.68336, 38.75507], [23.70265, 38.76507], [23.72266, 38.76194], [23.73844, 38.74941], [23.75359, 38.71918], [23.813, 38.69367], [23.85759, 38.68252], [23.90634, 38.67932], [23.94776, 38.66942], [23.96656, 38.67011], [23.98423, 38.68621], [24.00571, 38.67805], [24.07309, 38.67938], [24.15537, 38.65277], [24.13494, 38.64387], [24.12623, 38.6352], [24.1211, 38.6081], [24.12648, 38.59858], [24.21607, 38.53953], [24.23144, 38.52237], [24.20655, 38.50682], [24.18816, 38.47411], [24.18434, 38.43964], [24.20393, 38.41868], [24.20395, 38.41272], [24.18507, 38.40762], [24.18816, 38.39883], [24.21077, 38.37767], [24.21485, 38.33641], [24.25244, 38.29238], [24.25262, 38.26557], [24.25781, 38.25898], [24.24513, 38.24116], [24.25245, 38.22797], [24.29225, 38.20018], [24.32699, 38.18593], [24.33758, 38.16283], [24.34441, 38.15925], [24.39258, 38.164], [24.42067, 38.14737], [24.47779, 38.13874], [24.49692, 38.1463], [24.58764, 38.15923], [24.57895, 38.10932], [24.57993, 38.08422], [24.59448, 38.0624], [24.56665, 37.98795], [24.55185, 37.97807], [24.50957, 37.96263], [24.47718, 37.96241], [24.47096, 37.98046], [24.44776, 38.01056], [24.4297, 38.02119], [24.40309, 38.01191], [24.3864, 37.99653], [24.4021, 37.98794], [24.4021, 37.98046], [24.38689, 37.97038], [24.37152, 37.97205], [24.33864, 37.99674], [24.31383, 38.02925], [24.31399, 38.0351], [24.327, 38.04255], [24.31479, 38.06489], [24.30568, 38.07176], [24.29226, 38.0699], [24.28631, 38.08625], [24.2693, 38.0954], [24.24871, 38.09687], [24.23146, 38.09033], [24.21778, 38.09687], [24.20396, 38.09034], [24.20477, 38.09682], [24.21079, 38.0978], [24.21079, 38.12446], [24.20281, 38.13007], [24.18605, 38.1274], [24.18297, 38.135], [24.21078, 38.166], [24.20875, 38.17862], [24.19403, 38.19213], [24.18531, 38.21796], [24.1727, 38.22655], [24.15699, 38.22956], [24.14259, 38.22696], [24.14875, 38.21322], [24.12625, 38.21748], [24.13113, 38.23582], [24.1631, 38.26781], [24.15349, 38.28132], [24.14552, 38.28091], [24.12843, 38.26781], [24.12574, 38.25609], [24.1094, 38.2563], [24.11476, 38.2753], [24.10094, 38.2753], [24.12159, 38.30948], [24.07944, 38.32538], [24.02546, 38.33052], [24.05974, 38.34125], [24.0669, 38.35102], [24.05904, 38.36029], [24.05942, 38.37767], [24.04225, 38.40152], [24.03891, 38.39542], [23.9808, 38.39887], [23.91236, 38.39204], [23.84376, 38.40567], [23.79371, 38.39851], [23.70997, 38.4125], [23.66334, 38.40421], [23.64918, 38.40567], [23.63852, 38.41551], [23.61443, 38.46088], [23.60743, 38.4538], [23.594, 38.45344], [23.63575, 38.50092], [23.62812, 38.52236], [23.63551, 38.52237], [23.63551, 38.52855], [23.59995, 38.57136], [23.53976, 38.58235], [23.50534, 38.59727], [23.49773, 38.63101], [23.45315, 38.65803], [23.44597, 38.67674], [23.38161, 38.70727], [23.35336, 38.73139], [23.33767, 38.73896], [23.32301, 38.76252], [23.20232, 38.8299], [23.14357, 38.85065], [23.06911, 38.84659]]], [[[20.8939, 38.54903], [20.8939, 38.55646], [20.93214, 38.60301], [20.94106, 38.60422], [20.91023, 38.56436], [20.90755, 38.54903], [20.8939, 38.54903]]], [[[20.87063, 38.58252], [20.87014, 38.6035], [20.90383, 38.64276], [20.94516, 38.65248], [20.95166, 38.64923], [20.95288, 38.63886], [20.92905, 38.61933], [20.89812, 38.60602], [20.87866, 38.58443], [20.87063, 38.58252]]], [[[20.80002, 38.59547], [20.78713, 38.59981], [20.75173, 38.62605], [20.73699, 38.65217], [20.74644, 38.66347], [20.78305, 38.67498], [20.80501, 38.66567], [20.78858, 38.64473], [20.76287, 38.63911], [20.75961, 38.62739], [20.80002, 38.59547]]], [[[20.64088, 38.60057], [20.64762, 38.58382], [20.63088, 38.58833], [20.63331, 38.60423], [20.61363, 38.60701], [20.60231, 38.62678], [20.58546, 38.61791], [20.55127, 38.56953], [20.54462, 38.56954], [20.56236, 38.69123], [20.58123, 38.72435], [20.60245, 38.7815], [20.61215, 38.78583], [20.64528, 38.82819], [20.68628, 38.85007], [20.6902, 38.84138], [20.70215, 38.83697], [20.71778, 38.8227], [20.72933, 38.78172], [20.72389, 38.76996], [20.72871, 38.7304], [20.69695, 38.68985], [20.69874, 38.68281], [20.70606, 38.68041], [20.72249, 38.70725], [20.72073, 38.63861], [20.71598, 38.62703], [20.70948, 38.62568], [20.70216, 38.63841], [20.69532, 38.63841], [20.70215, 38.61792], [20.68784, 38.62474], [20.68164, 38.60425], [20.66481, 38.61091], [20.64894, 38.60859], [20.64088, 38.60057]]], [[[24.1241, 39.0629], [24.09899, 39.05542], [24.11036, 39.06961], [24.10289, 39.07681], [24.09898, 39.09243], [24.10354, 39.09967], [24.11743, 39.10304], [24.11378, 39.07738], [24.12353, 39.07204], [24.1241, 39.0629]]], [[[20.25828, 39.13288], [20.24699, 39.12964], [20.22739, 39.14081], [20.21942, 39.14013], [20.21747, 39.15265], [20.22877, 39.15635], [20.24545, 39.14012], [20.25828, 39.13288]]], [[[23.62779, 39.14729], [23.61744, 39.16913], [23.58719, 39.20758], [23.60132, 39.2138], [23.60222, 39.20864], [23.61414, 39.20761], [23.66554, 39.16966], [23.69662, 39.15534], [23.73046, 39.14614], [23.72674, 39.1315], [23.77302, 39.12926], [23.79264, 39.12441], [23.79264, 39.11815], [23.74122, 39.08028], [23.71681, 39.07723], [23.69256, 39.08894], [23.66603, 39.09277], [23.65806, 39.09773], [23.65847, 39.10431], [23.66969, 39.1114], [23.66969, 39.11815], [23.62779, 39.14729]]], [[[23.47047, 39.2138], [23.50374, 39.19427], [23.51285, 39.17853], [23.50513, 39.15914], [23.48902, 39.16877], [23.47511, 39.15778], [23.46045, 39.13183], [23.4253, 39.14867], [23.39529, 39.14616], [23.3987, 39.16364], [23.42351, 39.17243], [23.44468, 39.19847], [23.47047, 39.2138]]], [[[20.2019, 39.17964], [20.16901, 39.18275], [20.15871, 39.18916], [20.12823, 39.22296], [20.12535, 39.23602], [20.14039, 39.24167], [20.19011, 39.20262], [20.2019, 39.17964]]], [[[23.9398, 39.27976], [23.95702, 39.28947], [23.95021, 39.27521], [23.97216, 39.27191], [23.96696, 39.25117], [23.94995, 39.229], [23.93653, 39.22126], [23.9215, 39.19026], [23.89583, 39.16178], [23.86451, 39.144], [23.83353, 39.14615], [23.87306, 39.18016], [23.88951, 39.2177], [23.9398, 39.27976]]], [[[24.09399, 39.33003], [24.08187, 39.30476], [24.06316, 39.29704], [24.05373, 39.30525], [24.05942, 39.31444], [24.04153, 39.33051], [24.05844, 39.36108], [24.06714, 39.36301], [24.06983, 39.34569], [24.08131, 39.35235], [24.09472, 39.34552], [24.09399, 39.33003]]], [[[24.18302, 39.39395], [24.15342, 39.36211], [24.14236, 39.37096], [24.1578, 39.40592], [24.16782, 39.41425], [24.17287, 39.42745], [24.18302, 39.39395]]], [[[19.83912, 39.67988], [19.84767, 39.66999], [19.85864, 39.66624], [19.85864, 39.65884], [19.84498, 39.65884], [19.84498, 39.65266], [19.90382, 39.62905], [19.92749, 39.6253], [19.92331, 39.60335], [19.91715, 39.59887], [19.90016, 39.60419], [19.91187, 39.5834], [19.93653, 39.47297], [19.96144, 39.46296], [20.00247, 39.45408], [20.03273, 39.43928], [20.05047, 39.44033], [20.07407, 39.44895], [20.08187, 39.44732], [20.11792, 39.371], [20.10573, 39.36466], [20.0324, 39.39501], [19.99928, 39.39937], [19.95484, 39.42609], [19.9118, 39.43033], [19.9075, 39.435], [19.92172, 39.43781], [19.9275, 39.44717], [19.87973, 39.46076], [19.87891, 39.45321], [19.85473, 39.48923], [19.84083, 39.55199], [19.82887, 39.57233], [19.80982, 39.58906], [19.74856, 39.62003], [19.71892, 39.67308], [19.68971, 39.67415], [19.68134, 39.68], [19.67434, 39.69355], [19.67701, 39.7167], [19.67172, 39.72407], [19.65318, 39.71469], [19.65016, 39.74177], [19.64161, 39.74795], [19.6265, 39.74825], [19.66491, 39.78905], [19.67693, 39.79514], [19.76971, 39.79808], [19.79908, 39.8028], [19.85182, 39.82452], [19.86557, 39.82102], [19.89283, 39.80341], [19.92872, 39.79218], [19.93434, 39.78294], [19.94117, 39.78294], [19.94117, 39.79034], [19.94799, 39.79034], [19.94629, 39.75923], [19.93376, 39.74116], [19.84156, 39.70417], [19.83595, 39.69245], [19.83912, 39.67988]]], [[[19.53167, 39.75626], [19.5237, 39.75919], [19.5102, 39.77709], [19.51352, 39.78423], [19.53836, 39.75983], [19.53167, 39.75626]]], [[[19.37966, 39.85476], [19.38291, 39.86302], [19.39221, 39.86623], [19.41074, 39.86302], [19.43252, 39.86627], [19.40951, 39.84134], [19.39357, 39.83805], [19.38186, 39.84521], [19.37966, 39.85476]]], [[[19.59253, 39.87955], [19.57521, 39.87581], [19.56562, 39.89122], [19.57456, 39.90008], [19.59434, 39.89113], [19.59253, 39.87955]]], [[[23.94181, 40.31407], [23.9414, 40.31009], [23.91687, 40.31565], [23.88374, 40.33108], [23.89003, 40.33728], [23.91179, 40.34108], [23.92001, 40.3229], [23.94181, 40.31407]]], [[[19.26126, 40.50552], [19.26402, 40.51202], [19.27092, 40.51332], [19.29183, 40.49433], [19.28548, 40.47379], [19.27867, 40.47501], [19.26126, 40.50552]]], [[[17.84508, 42.73209], [17.85076, 42.734], [17.8367, 42.75307], [17.84823, 42.75392], [17.89859, 42.73298], [17.91585, 42.7132], [17.90544, 42.7006], [17.84508, 42.73209]]], [[[17.38592, 42.77094], [17.37379, 42.76001], [17.35378, 42.76668], [17.32376, 42.79083], [17.37379, 42.80263], [17.39204, 42.80172], [17.37159, 42.79084], [17.39332, 42.79116], [17.41245, 42.784], [17.41993, 42.79083], [17.43686, 42.78262], [17.48601, 42.78216], [17.52369, 42.76484], [17.57447, 42.7575], [17.59749, 42.74982], [17.59067, 42.74299], [17.6482, 42.73851], [17.65894, 42.74298], [17.67937, 42.72989], [17.73047, 42.71344], [17.74884, 42.69458], [17.38592, 42.77094]]], [[[16.81886, 42.76936], [16.80301, 42.7635], [16.81024, 42.77533], [16.85816, 42.78399], [16.92107, 42.77715], [16.93392, 42.77094], [16.93636, 42.75552], [16.92464, 42.74141], [16.90544, 42.73177], [16.88495, 42.72941], [16.88217, 42.7364], [16.85816, 42.74299], [16.84766, 42.7336], [16.83432, 42.73095], [16.82082, 42.73608], [16.80984, 42.74982], [16.82228, 42.75511], [16.82407, 42.76406], [16.81886, 42.76936]]], [[[16.7068, 42.9621], [16.7068, 42.96955], [16.63171, 42.98261], [16.65269, 42.99236], [16.72047, 42.99005], [16.76856, 42.97223], [16.82407, 42.9621], [16.87867, 42.9621], [16.91554, 42.9745], [17.03207, 42.98261], [17.1111, 42.9643], [17.13183, 42.96955], [17.14869, 42.95258], [17.20019, 42.92178], [17.19337, 42.91431], [17.17433, 42.92202], [17.10743, 42.9143], [17.01531, 42.92862], [16.97291, 42.9267], [16.89869, 42.90584], [16.85141, 42.90071], [16.69142, 42.92821], [16.67286, 42.92674], [16.67261, 42.92179], [16.63846, 42.93476], [16.7068, 42.9621]]], [[[16.68629, 43.18183], [16.72771, 43.16462], [16.84815, 43.16234], [16.86443, 43.16884], [16.87843, 43.15884], [16.89674, 43.15477], [16.95875, 43.1524], [17.01857, 43.14085], [17.10942, 43.14377], [17.15494, 43.14035], [17.19332, 43.12727], [16.67018, 43.12549], [16.55983, 43.14298], [16.47535, 43.16649], [16.44517, 43.17081], [16.42726, 43.17988], [16.37161, 43.19551], [16.38562, 43.20215], [16.41529, 43.19847], [16.43979, 43.20977], [16.44606, 43.20234], [16.4603, 43.21595], [16.4603, 43.20978], [16.49643, 43.21807], [16.55494, 43.18793], [16.58326, 43.18867], [16.52055, 43.22898], [16.56275, 43.22898], [16.58326, 43.21597], [16.61612, 43.22354], [16.65951, 43.21596], [16.69311, 43.18866], [16.6936, 43.18401], [16.68629, 43.18183]]], [[[28.74529, 40.98017], [28.62526, 40.96842], [28.59524, 40.97798], [28.60353, 41.00947], [28.59181, 41.01887], [28.57553, 41.02367], [28.58253, 41.04637], [28.57244, 41.06647], [28.55193, 41.08051], [28.52784, 41.08515], [28.53289, 41.07062], [28.55454, 41.05366], [28.56251, 41.03677], [28.5602, 41.01204], [28.55355, 40.99836], [28.54135, 40.98958], [28.51247, 40.99267], [28.4607, 41.03286], [28.43531, 41.04291], [28.4022, 41.04732], [28.33277, 41.06656], [28.26401, 41.07088], [28.23666, 41.08515], [28.18165, 41.07772], [28.16529, 41.08515], [28.01303, 41.04072], [27.98658, 41.02367], [27.96437, 40.99628], [27.95922, 40.97529], [27.94125, 40.97111], [27.86069, 40.97847], [27.81528, 41.00263], [27.77613, 41.01097], [27.75697, 41.01181], [27.7378, 41.01264], [27.52418, 40.9892], [27.49317, 40.97529], [27.47169, 40.94184], [27.44653, 40.86172], [27.4248, 40.83129], [27.33082, 40.76097], [27.28792, 40.70357], [27.19825, 40.65314], [27.17774, 40.63265], [27.14283, 40.62739], [27.11524, 40.61373], [27.04754, 40.61221], [26.98975, 40.5638], [26.91163, 40.55073], [26.82105, 40.50313], [26.75945, 40.49616], [26.68336, 40.45547], [26.67432, 40.42569], [26.66382, 40.41357], [26.63152, 40.40005], [26.62485, 40.39248], [26.61669, 40.35953], [26.60132, 40.34596], [26.53995, 40.30382], [26.51043, 40.29816], [26.49724, 40.28994], [26.42682, 40.23048], [26.38019, 40.21143], [26.35914, 40.20816], [26.34555, 40.19977], [26.34881, 40.18134], [26.36134, 40.16258], [26.37561, 40.15336], [26.32771, 40.11857], [26.27312, 40.0926], [26.24269, 40.07067], [26.16727, 40.04989], [26.1575, 40.05533], [26.16002, 40.0672], [26.17363, 40.08442], [26.1902, 40.09422], [26.21471, 40.14606], [26.25978, 40.19448], [26.27198, 40.23041], [26.26694, 40.25776], [26.2479, 40.27912], [26.21813, 40.29686], [26.23178, 40.31013], [26.20999, 40.32193], [26.21889, 40.33124], [26.25043, 40.34959], [26.30145, 40.36468], [26.32114, 40.36518], [26.33612, 40.38531], [26.38575, 40.40986], [26.4328, 40.43983], [26.49171, 40.45653], [26.56483, 40.49959], [26.6229, 40.51532], [26.66977, 40.51081], [26.68377, 40.51533], [26.69728, 40.52643], [26.73276, 40.56377], [26.7562, 40.55484], [26.78826, 40.56293], [26.81666, 40.58096], [26.82895, 40.602], [26.79037, 40.66059], [26.7142, 40.65131], [26.6775, 40.63948], [26.60922, 40.63947], [26.58204, 40.633], [26.50563, 40.59859], [26.47706, 40.6131], [26.44467, 40.61904], [26.39975, 40.60416], [26.37306, 40.61445], [26.3023, 40.60114], [26.11761, 40.602], [26.09132, 40.60542], [26.07692, 40.61181], [26.05374, 40.66059], [26.06088, 40.67585], [26.05812, 40.6977], [26.04811, 40.71963], [26.03324, 40.73505], [26.04689, 40.7425], [26.036, 40.75776], [26.02735, 40.79613], [26.00589, 40.80395], [26.00587, 40.81078], [26.05372, 40.81623], [26.06056, 40.82075], [26.05397, 40.83096], [26.03891, 40.83251], [26.01222, 40.82445], [26.00587, 40.83877], [25.99838, 40.83877], [26.00587, 40.81704], [25.99843, 40.81704], [25.98292, 40.83088], [25.95167, 40.84553], [25.91863, 40.85297], [25.89666, 40.84493], [25.8257, 40.84969], [25.80323, 40.85651], [25.73219, 40.85176], [25.6045, 40.87617], [25.56715, 40.86544], [25.53806, 40.87038], [25.48683, 40.89712], [25.41969, 40.90641], [25.38299, 40.91902], [25.34083, 40.94172], [25.29965, 40.95185], [25.26612, 40.92692], [25.2593, 40.92692], [25.2588, 40.93195], [25.18068, 40.94271], [25.13406, 40.96288], [25.14016, 40.98358], [25.15846, 40.99429], [25.16993, 40.9958], [25.13844, 41.01008], [25.03907, 41.00605], [25.03955, 40.98957], [25.01852, 40.97496], [24.99171, 40.96845], [24.99902, 40.94994], [24.98975, 40.94214], [24.95387, 40.94115], [24.8921, 40.92064], [24.86354, 40.90522], [24.83398, 40.87475], [24.80201, 40.85347], [24.7658, 40.86542], [24.72836, 40.85274], [24.70875, 40.85176], [24.69013, 40.85859], [24.69752, 40.86542], [24.66277, 40.87971], [24.63542, 40.8586], [24.62868, 40.8586], [24.59622, 40.90119], [24.60076, 40.9138], [24.57554, 40.92671], [24.56666, 40.95173], [24.50514, 40.96162], [24.47291, 40.95173], [24.46412, 40.94116], [24.44313, 40.94806], [24.41554, 40.94554], [24.39178, 40.93647], [24.37223, 40.91414], [24.31267, 40.87971], [24.33222, 40.86304], [24.33134, 40.85527], [24.30982, 40.85053], [24.30568, 40.84174], [24.31528, 40.83222], [24.34064, 40.83128], [24.11011, 40.72786], [24.07281, 40.72143], [24.03004, 40.72335], [23.98667, 40.7321], [23.87403, 40.77766], [23.84205, 40.78335], [23.80926, 40.78042], [23.75408, 40.76301], [23.72516, 40.74609], [23.7107, 40.73762], [23.69703, 40.72142], [23.69174, 40.69538], [23.70021, 40.67365], [23.71803, 40.65868], [23.75562, 40.64565], [23.78649, 40.60637], [23.79265, 40.58796], [23.83351, 40.56379], [23.84669, 40.56029], [23.88884, 40.56378], [23.89527, 40.55305], [23.91487, 40.53888], [23.91552, 40.52961], [23.90723, 40.52539], [23.83823, 40.51874], [23.82301, 40.50698], [23.81902, 40.48774], [23.82667, 40.46137], [23.86818, 40.41352], [23.91554, 40.38935], [23.96388, 40.37946], [24.00245, 40.38638], [24.01173, 40.39248], [24.01157, 40.40184], [23.99124, 40.43407], [23.99871, 40.44086], [23.99125, 40.44769], [24.0114, 40.44915], [24.0288, 40.43207], [24.05323, 40.39248], [24.08578, 40.36603], [24.1089, 40.35741], [24.12843, 40.36517], [24.17985, 40.3515], [24.20395, 40.31737], [24.23361, 40.31671], [24.26651, 40.2888], [24.32065, 40.22797], [24.3833, 40.17914], [24.39372, 40.15271], [24.36109, 40.1324], [24.31861, 40.12471], [24.29999, 40.12809], [24.28614, 40.16055], [24.2383, 40.187], [24.16896, 40.2753], [24.12843, 40.29003], [24.04787, 40.30119], [24.01922, 40.3105], [23.93653, 40.36518], [23.92262, 40.36933], [23.88502, 40.36519], [23.83351, 40.37202], [23.78223, 40.3527], [23.75961, 40.3492], [23.73048, 40.35895], [23.69972, 40.32636], [23.69361, 40.30923], [23.69565, 40.29291], [23.71632, 40.25532], [23.75765, 40.23167], [23.76433, 40.2154], [23.77858, 40.2027], [23.86769, 40.17276], [23.88022, 40.17632], [23.89673, 40.17132], [23.94068, 40.14155], [23.98023, 40.13067], [23.99121, 40.11872], [23.98999, 40.11002], [23.97739, 40.10049], [23.97755, 40.09081], [24.00114, 40.07493], [24.00488, 40.06721], [24.00169, 40.05878], [23.98422, 40.05362], [23.98683, 40.04218], [23.99342, 40.03754], [24.01171, 40.04364], [24.01222, 40.02656], [24.0192, 40.0163], [23.99252, 39.99885], [23.98805, 39.98998], [23.9987, 39.98159], [23.9987, 39.97477], [23.97934, 39.97431], [23.9699, 39.96808], [23.97283, 39.96186], [23.9912, 39.96109], [23.99121, 39.95361], [23.93995, 39.95247], [23.9197, 39.95637], [23.92286, 39.97476], [23.90066, 39.97119], [23.89765, 39.97793], [23.90252, 39.98843], [23.86086, 40.00581], [23.85621, 40.01675], [23.8449, 40.02412], [23.83123, 40.02652], [23.82407, 40.02192], [23.82664, 40.00892], [23.78526, 40.06699], [23.79331, 40.09382], [23.77834, 40.10164], [23.7645, 40.12617], [23.67547, 40.21792], [23.64178, 40.23542], [23.5403, 40.24479], [23.48414, 40.2696], [23.43849, 40.2792], [23.39828, 40.27774], [23.365, 40.26171], [23.3401, 40.22797], [23.33766, 40.20844], [23.36362, 40.15046], [23.40083, 40.14383], [23.46925, 40.06708], [23.49887, 40.0423], [23.60271, 39.99848], [23.67025, 39.98606], [23.67596, 39.96109], [23.69728, 39.9405], [23.74787, 39.93048], [23.73998, 39.92318], [23.70314, 39.91268], [23.61647, 39.92333], [23.47096, 39.97162], [23.44654, 39.97476], [23.36063, 39.9611], [23.3816, 40.00267], [23.36069, 40.03263], [23.35271, 40.05707], [23.31659, 40.08886], [23.30593, 40.10448], [23.31959, 40.13679], [23.32456, 40.17495], [23.31861, 40.21052], [23.29908, 40.23542], [23.25864, 40.25312], [23.19956, 40.26627], [23.16619, 40.27985], [23.14894, 40.27645], [23.09693, 40.3061], [23.02916, 40.32576], [23.01092, 40.35122], [22.96388, 40.37946], [22.9275, 40.3885], [22.88822, 40.38631], [22.89772, 40.40204], [22.88966, 40.41836], [22.86022, 40.4477], [22.86744, 40.44945], [22.8672, 40.45392], [22.83092, 40.48579], [22.82164, 40.50214], [22.84352, 40.50917], [22.94158, 40.51716], [22.98317, 40.55268], [22.9769, 40.57062], [22.94176, 40.58735], [22.94956, 40.60541], [22.93377, 40.63093], [22.91049, 40.6446], [22.88307, 40.64728], [22.85402, 40.63947], [22.86108, 40.62055], [22.85058, 40.59342], [22.81592, 40.57063], [22.79567, 40.5708], [22.77833, 40.57807], [22.75856, 40.56778], [22.74594, 40.55524], [22.74252, 40.54035], [22.75032, 40.52278], [22.73666, 40.52961], [22.73665, 40.51534], [22.73048, 40.51534], [22.73048, 40.52277], [22.72316, 40.52277], [22.719, 40.51098], [22.71095, 40.51163], [22.68898, 40.52278], [22.68849, 40.52749], [22.67351, 40.52684], [22.65772, 40.51667], [22.65626, 40.50454], [22.67527, 40.49617], [22.65968, 40.49291], [22.65072, 40.47282], [22.6268, 40.48188], [22.59051, 40.47744], [22.57911, 40.46821], [22.60376, 40.44399], [22.60872, 40.42817], [22.60646, 40.41356], [22.63999, 40.38369], [22.65836, 40.37945], [22.66113, 40.36905], [22.62062, 40.31049], [22.59034, 40.24164], [22.59082, 40.23017], [22.5525, 40.16657], [22.54965, 40.14387], [22.56771, 40.1105], [22.57287, 40.08794], [22.5713, 40.05427], [22.58765, 40.0449], [22.60027, 40.0163], [22.66717, 39.97435], [22.69092, 39.96816], [22.69858, 39.96088], [22.70785, 39.96136], [22.71013, 39.93378], [22.73048, 39.8854], [22.77866, 39.84984], [22.80132, 39.84016], [22.84051, 39.8032], [22.85874, 39.77298], [22.87176, 39.71581], [22.90194, 39.65864], [22.92514, 39.59951], [22.93946, 39.58063], [23.00489, 39.5434], [23.05591, 39.52724], [23.09763, 39.50157], [23.11411, 39.46699], [23.12566, 39.45441], [23.21094, 39.37933], [23.22381, 39.35859], [23.27132, 39.32294], [23.29225, 39.26899], [23.34228, 39.19261], [23.34375, 39.17964], [23.30127, 39.15136], [23.20973, 39.13182], [23.23021, 39.12442], [23.23022, 39.11816], [23.20362, 39.10457], [23.1692, 39.10659], [23.14625, 39.10175], [23.11549, 39.0883], [23.05203, 39.09773], [23.07309, 39.12442], [23.06773, 39.138], [23.08107, 39.14719], [23.11409, 39.15911], [23.1006, 39.10456], [23.17172, 39.13495], [23.18238, 39.14614], [23.17557, 39.15546], [23.18133, 39.15867], [23.19093, 39.1581], [23.19923, 39.15144], [23.21713, 39.17963], [23.17556, 39.23428], [23.17986, 39.2508], [23.16912, 39.26854], [23.13461, 39.29694], [23.09815, 39.3122], [23.02053, 39.31754], [23.01856, 39.33047], [22.99806, 39.35712], [22.93588, 39.36058], [22.94287, 39.34415], [22.93279, 39.33601], [22.92905, 39.3242], [22.93214, 39.3122], [22.94286, 39.30317], [22.84254, 39.28848], [22.82618, 39.27216], [22.82618, 39.22126], [22.85402, 39.15913], [22.8602, 39.15913], [22.88087, 39.17963], [22.87698, 39.19037], [22.89013, 39.18426], [22.89503, 39.1728], [22.90186, 39.17962], [22.92058, 39.12515], [22.93605, 39.1114], [22.93588, 39.11612], [22.94288, 39.11815], [22.93605, 39.13181], [22.9611, 39.11904], [22.98243, 39.08442], [22.99804, 39.06977], [22.99195, 39.05732], [22.99804, 39.04927], [22.96648, 39.03465], [22.95883, 39.02513], [22.96388, 39.00898], [23.01532, 39.03318], [23.04219, 39.04003], [23.07308, 39.04246], [23.07308, 39.03629], [23.02329, 39.00845], [23.00716, 38.97395], [22.98454, 38.95434], [22.95639, 38.95433], [22.93605, 38.94684], [22.94286, 38.93261], [22.92856, 38.93159], [22.89873, 38.91969], [22.85987, 38.92853], [22.84653, 38.92642], [22.83667, 38.89648], [22.82959, 38.89168], [22.8047, 38.89102], [22.79199, 38.87801], [22.73268, 38.87239], [22.71827, 38.8898], [22.68897, 38.87801], [22.62159, 38.9145], [22.58082, 38.89363], [22.55209, 38.88923], [22.53882, 38.87801], [22.52508, 38.88544], [22.52508, 38.85814], [22.57291, 38.86431], [22.57291, 38.85815], [22.55388, 38.84809], [22.56332, 38.83625], [22.58277, 38.83198], [22.59344, 38.84446], [22.60025, 38.84446], [22.59344, 38.83023], [22.63266, 38.83514], [22.64112, 38.83023], [22.69028, 38.84999], [22.70264, 38.85064], [22.74806, 38.79922], [22.77833, 38.78172], [22.81593, 38.78924], [22.82927, 38.78607], [22.8597, 38.76717], [22.8672, 38.75507], [22.88782, 38.77125], [22.91488, 38.77557], [22.94532, 38.75812], [23.01628, 38.75445], [23.04199, 38.74672], [23.0594, 38.72772], [23.0905, 38.64911], [23.1045, 38.63841], [23.12355, 38.63691], [23.15643, 38.65346], [23.18246, 38.65375], [23.19606, 38.66633], [23.16817, 38.67939], [23.18678, 38.68597], [23.20492, 38.68267], [23.25375, 38.66181], [23.30591, 38.65264], [23.33121, 38.63027], [23.33331, 38.60446], [23.2933, 38.57909], [23.28541, 38.55646], [23.29542, 38.5681], [23.30738, 38.56854], [23.34059, 38.54556], [23.38159, 38.53534], [23.38133, 38.52847], [23.3401, 38.52237], [23.32928, 38.50837], [23.33497, 38.50361], [23.41847, 38.50433], [23.51938, 38.49067], [23.54298, 38.51169], [23.56722, 38.50112], [23.60133, 38.47394], [23.5735, 38.46088], [23.5735, 38.45344], [23.5962, 38.44676], [23.60009, 38.44062], [23.594, 38.42609], [23.62501, 38.41401], [23.67286, 38.35643], [23.70997, 38.33674], [23.78199, 38.34356], [23.80502, 38.33251], [23.91245, 38.29824], [23.95124, 38.29076], [23.99122, 38.25422], [24.03858, 38.22394], [24.05063, 38.21068], [24.06901, 38.20473], [24.07308, 38.19648], [24.06951, 38.17353], [24.08055, 38.16601], [24.07, 38.16279], [24.06414, 38.1551], [24.05941, 38.13133], [24.05323, 38.14525], [24.03777, 38.14374], [23.98902, 38.12263], [23.99, 38.10212], [24.00912, 38.0406], [24.03271, 38.00776], [24.01173, 37.96686], [24.01587, 37.93745], [24.01173, 37.92524], [24.03443, 37.92291], [24.04329, 37.91644], [24.04638, 37.90599], [24.04224, 37.90071], [24.01173, 37.89175], [24.02784, 37.88032], [24.05322, 37.87807], [24.0464, 37.87059], [24.06689, 37.8644], [24.05934, 37.84854], [24.06689, 37.83711], [24.05763, 37.83218], [24.05323, 37.82282], [24.07717, 37.8109], [24.08464, 37.80174], [24.0874, 37.78502], [24.08187, 37.75251], [24.05942, 37.73347], [24.07308, 37.72723], [24.07308, 37.7198], [24.05942, 37.71979], [24.05942, 37.71357], [24.06577, 37.7128], [24.06689, 37.69933], [24.06398, 37.70502], [24.05942, 37.69929], [24.0721, 37.68952], [24.03272, 37.65153], [23.98308, 37.67032], [23.94973, 37.67744], [23.94306, 37.68993], [23.94337, 37.72724], [23.92271, 37.72119], [23.90252, 37.78189], [23.88885, 37.77442], [23.8816, 37.79108], [23.86557, 37.80768], [23.8475, 37.8181], [23.83351, 37.816], [23.81918, 37.82966], [23.813, 37.82966], [23.80729, 37.80859], [23.78663, 37.81216], [23.77899, 37.80234], [23.77662, 37.81428], [23.76452, 37.816], [23.77084, 37.82831], [23.76645, 37.83893], [23.74482, 37.85762], [23.7422, 37.87665], [23.70054, 37.9252], [23.69703, 37.93952], [23.68019, 37.94587], [23.62812, 37.9327], [23.62812, 37.93953], [23.6408, 37.94579], [23.64177, 37.95254], [23.62664, 37.9475], [23.61036, 37.96214], [23.57106, 37.9687], [23.55299, 37.98046], [23.58888, 38.00633], [23.59791, 38.02114], [23.59059, 38.0388], [23.58131, 38.04629], [23.52182, 38.04255], [23.49464, 38.02889], [23.47088, 38.02778], [23.44996, 38.02143], [23.41188, 37.99437], [23.39527, 37.98794], [23.42945, 37.98046], [23.40894, 37.97432], [23.32985, 37.98046], [23.22682, 37.97362], [23.18922, 37.95881], [23.14234, 37.93009], [23.09409, 37.91105], [23.05201, 37.92524], [23.04273, 37.92195], [23.01515, 37.92524], [23.01025, 37.89697], [22.99513, 37.88215], [22.99952, 37.8627], [23.01254, 37.84756], [23.03224, 37.85076], [23.04965, 37.84357], [23.0735, 37.84113], [23.09718, 37.84357], [23.1141, 37.85076], [23.14625, 37.82583], [23.18237, 37.80914], [23.17644, 37.78998], [23.18237, 37.77441], [23.12818, 37.76048], [23.12094, 37.74091], [23.14584, 37.72582], [23.17553, 37.71978], [23.16383, 37.68159], [23.17553, 37.64469], [23.16188, 37.64468], [23.16863, 37.61416], [23.19011, 37.60732], [23.23023, 37.58259], [23.23764, 37.59002], [23.27467, 37.56123], [23.29224, 37.55588], [23.32301, 37.53742], [23.33668, 37.53547], [23.36036, 37.54768], [23.35914, 37.57429], [23.34059, 37.60029], [23.3122, 37.61055], [23.3122, 37.61737], [23.34783, 37.63441], [23.39869, 37.63787], [23.40902, 37.62592], [23.40429, 37.59927], [23.39078, 37.57136], [23.37428, 37.55589], [23.39503, 37.54141], [23.42204, 37.53546], [23.42205, 37.52802], [23.39527, 37.5218], [23.39527, 37.51496], [23.43629, 37.50812], [23.47917, 37.49066], [23.52563, 37.4597], [23.51889, 37.45303], [23.52563, 37.4392], [23.44654, 37.41463], [23.30592, 37.41193], [23.31217, 37.39827], [23.26271, 37.40103], [23.2644, 37.39082], [23.23024, 37.38459], [23.22999, 37.37494], [23.23707, 37.37031], [23.25755, 37.3709], [23.25131, 37.35733], [23.27797, 37.34984], [23.26207, 37.34395], [23.18605, 37.34064], [23.18539, 37.33218], [23.20361, 37.30269], [23.16863, 37.29952], [23.14146, 37.30952], [23.14145, 37.31635], [23.16188, 37.31635], [23.16188, 37.32315], [23.12339, 37.32478], [23.11413, 37.33616], [23.13461, 37.32933], [23.12241, 37.34569], [23.1006, 37.35733], [23.09278, 37.35079], [23.0731, 37.35522], [23.07261, 37.40109], [23.09498, 37.38955], [23.10523, 37.39692], [23.11412, 37.42559], [23.14145, 37.41193], [23.13201, 37.44863], [23.09718, 37.46223], [23.06202, 37.45499], [23.04594, 37.45971], [23.05942, 37.46654], [23.04591, 37.48701], [23.01124, 37.46906], [23.0049, 37.45973], [22.9909, 37.49575], [22.98072, 37.50878], [22.96388, 37.5218], [22.94289, 37.52181], [22.93605, 37.53547], [22.92156, 37.54035], [22.90187, 37.54165], [22.91432, 37.5388], [22.92237, 37.52804], [22.90235, 37.53486], [22.88502, 37.53315], [22.85402, 37.51497], [22.81936, 37.53547], [22.82618, 37.54906], [22.80202, 37.56086], [22.79592, 37.56916], [22.79884, 37.5764], [22.77833, 37.59687], [22.73846, 37.58088], [22.72641, 37.56635], [22.72316, 37.54165], [22.73665, 37.51838], [22.73048, 37.49445], [22.75033, 37.46654], [22.75034, 37.44261], [22.76481, 37.43178], [22.75799, 37.39826], [22.81933, 37.34369], [22.81251, 37.32933], [22.82618, 37.32911], [22.81935, 37.31635], [22.82998, 37.3081], [22.86085, 37.25568], [22.9067, 37.19368], [22.91162, 37.18342], [22.9004, 37.17292], [22.89503, 37.13386], [22.90317, 37.12128], [22.92205, 37.11799], [22.95638, 37.12395], [22.96386, 37.1103], [22.9568, 37.10676], [22.96386, 37.10342], [22.95639, 37.09593], [22.97347, 37.09096], [22.98169, 37.08271], [22.97916, 37.07783], [22.96388, 37.08295], [22.99983, 37.03327], [22.99806, 37.02147], [23.01171, 36.98677], [22.99073, 36.98676], [23.00489, 36.96686], [23.01172, 36.97308], [23.01635, 36.95527], [23.01173, 36.93891], [23.04899, 36.8769], [23.04591, 36.86909], [23.09326, 36.81826], [23.09181, 36.79833], [23.08058, 36.79499], [23.08058, 36.78876], [23.11409, 36.78131], [23.09441, 36.76081], [23.0944, 36.74372], [23.08863, 36.73291], [23.07586, 36.73385], [23.05201, 36.74714], [23.03094, 36.72557], [23.02564, 36.71564], [23.03906, 36.7062], [23.03224, 36.69257], [23.05939, 36.69256], [23.03443, 36.67487], [23.03566, 36.64908], [23.08058, 36.57929], [23.1346, 36.55536], [23.14536, 36.54194], [23.15501, 36.54108], [23.14145, 36.53425], [23.14819, 36.51716], [23.13461, 36.50755], [23.15187, 36.48729], [23.20361, 36.45612], [23.19613, 36.43274], [23.16188, 36.44619], [23.15186, 36.43562], [23.13933, 36.43408], [23.09475, 36.44319], [23.07838, 36.46528], [23.06627, 36.47346], [23.07211, 36.49311], [23.06511, 36.5091], [23.05104, 36.52245], [23.03566, 36.52802], [22.97242, 36.52021], [22.92921, 36.59634], [22.87471, 36.63052], [22.88893, 36.64248], [22.88429, 36.65424], [22.83717, 36.68651], [22.81935, 36.66525], [22.81496, 36.67056], [22.81715, 36.71796], [22.80079, 36.77578], [22.78688, 36.79344], [22.76515, 36.80418], [22.68556, 36.80947], [22.62257, 36.80345], [22.5774, 36.78303], [22.5791, 36.74039], [22.54615, 36.72142], [22.53346, 36.70722], [22.52508, 36.68513], [22.54029, 36.6852], [22.5498, 36.67828], [22.55249, 36.65096], [22.54568, 36.65096], [22.53386, 36.67056], [22.52508, 36.67145], [22.51677, 36.66616], [22.51002, 36.64802], [22.531, 36.6328], [22.52604, 36.61238], [22.51271, 36.60279], [22.50465, 36.62425], [22.49, 36.61701], [22.48406, 36.60663], [22.48658, 36.52509], [22.51147, 36.46662], [22.50734, 36.46109], [22.51147, 36.45234], [22.4983, 36.44526], [22.49391, 36.43476], [22.50464, 36.40454], [22.49545, 36.40534], [22.49097, 36.39096], [22.47976, 36.40205], [22.4699, 36.45234], [22.45533, 36.46223], [22.42043, 36.47355], [22.40838, 36.48713], [22.40162, 36.48713], [22.39136, 36.47851], [22.38136, 36.48046], [22.35452, 36.51191], [22.36745, 36.54791], [22.38356, 36.54418], [22.38819, 36.55606], [22.38404, 36.5725], [22.37373, 36.58271], [22.38795, 36.60252], [22.36746, 36.60254], [22.37136, 36.64272], [22.38795, 36.64411], [22.38795, 36.65095], [22.36843, 36.65649], [22.37063, 36.67357], [22.38795, 36.7062], [22.35842, 36.70228], [22.33938, 36.72647], [22.32374, 36.75788], [22.30544, 36.7751], [22.30698, 36.79458], [22.29168, 36.82014], [22.22153, 36.89753], [22.20021, 36.9064], [22.17506, 36.89119], [22.13788, 36.91715], [22.13349, 36.93211], [22.14064, 36.93716], [22.14772, 36.95604], [22.15317, 37.02119], [22.08562, 37.03339], [22.04811, 37.03514], [22.03004, 37.03095], [21.99219, 37.01212], [21.9546, 37.00365], [21.94313, 36.99331], [21.93735, 36.97997], [21.92172, 36.86323], [21.93489, 36.83422], [21.92856, 36.82225], [21.95623, 36.80345], [21.97021, 36.80173], [21.97021, 36.795], [21.94508, 36.78994], [21.93881, 36.78319], [21.94222, 36.77509], [21.93587, 36.76603], [21.88257, 36.72656], [21.87404, 36.72672], [21.82276, 36.80858], [21.78972, 36.80475], [21.76417, 36.795], [21.75229, 36.805], [21.72879, 36.81264], [21.7225, 36.82225], [21.70738, 36.81803], [21.6885, 36.84956], [21.69239, 36.85904], [21.6885, 36.89118], [21.70948, 36.92593], [21.70997, 36.94269], [21.70265, 36.95726], [21.68816, 36.96454], [21.66804, 36.95944], [21.67742, 36.96328], [21.68165, 36.97309], [21.66773, 36.97093], [21.6618, 36.95944], [21.6548, 36.9947], [21.5993, 37.04573], [21.57876, 37.07652], [21.56966, 37.11651], [21.56757, 37.15632], [21.57453, 37.19258], [21.59215, 37.22015], [21.65496, 37.26073], [21.6823, 37.28392], [21.69581, 37.31635], [21.69142, 37.35663], [21.67482, 37.39598], [21.60711, 37.4995], [21.54998, 37.56147], [21.44305, 37.61861], [21.40219, 37.65542], [21.34327, 37.66934], [21.32374, 37.66494], [21.31852, 37.6379], [21.31228, 37.6379], [21.30828, 37.66625], [21.29869, 37.6726], [21.31105, 37.6931], [21.31186, 37.7263], [21.29526, 37.77167], [21.28492, 37.7851], [21.22731, 37.81192], [21.12209, 37.8374], [21.11306, 37.84334], [21.10768, 37.85526], [21.11158, 37.87043], [21.1063, 37.8783], [21.13357, 37.94635], [21.14039, 37.94635], [21.1644, 37.92963], [21.20777, 37.94603], [21.25164, 37.97622], [21.27752, 38.00095], [21.29152, 37.99722], [21.32594, 38.02143], [21.32594, 38.02888], [21.31853, 38.0351], [21.28442, 38.01535], [21.36704, 38.12108], [21.37371, 38.14448], [21.37429, 38.22062], [21.40854, 38.18594], [21.40092, 38.21473], [21.42066, 38.20234], [21.47396, 38.19602], [21.52394, 38.166], [21.60304, 38.1518], [21.62232, 38.15477], [21.67482, 38.17967], [21.70134, 38.20527], [21.74137, 38.26943], [21.76418, 38.29579], [21.84946, 38.34128], [21.91554, 38.33051], [21.93702, 38.33063], [21.9559, 38.33672], [21.97804, 38.32355], [22.02035, 38.31321], [22.03785, 38.28213], [22.04884, 38.27481], [22.08937, 38.26166], [22.11361, 38.2678], [22.14331, 38.24908], [22.16139, 38.2132], [22.20606, 38.20017], [22.21852, 38.18818], [22.25792, 38.18587], [22.31284, 38.17227], [22.33123, 38.17889], [22.36346, 38.15827], [22.41481, 38.13789], [22.43279, 38.14325], [22.51148, 38.12929], [22.62062, 38.08348], [22.68042, 38.06659], [22.77811, 38.00112], [22.7964, 37.97679], [22.82129, 37.96917], [22.8672, 37.93952], [22.88266, 37.93757], [22.92238, 37.94635], [22.9463, 37.94623], [22.97535, 37.97899], [22.95094, 38.00243], [22.92384, 38.01179], [22.89918, 38.02778], [22.88088, 38.02889], [22.88746, 38.03364], [22.85405, 38.03511], [22.87521, 38.04911], [22.91163, 38.06013], [22.94289, 38.08347], [22.96973, 38.08196], [23.01905, 38.06525], [23.03907, 38.06988], [23.06861, 38.05891], [23.10092, 38.0624], [23.17286, 38.07949], [23.18972, 38.09438], [23.21664, 38.10334], [23.2103, 38.11538], [23.19418, 38.12694], [23.17556, 38.1313], [23.17556, 38.14496], [23.2234, 38.1518], [23.2234, 38.15925], [23.12845, 38.17227], [23.14894, 38.18594], [23.12273, 38.20808], [23.10963, 38.21011], [23.07748, 38.18579], [23.06638, 38.1832], [23.03225, 38.18595], [23.03225, 38.19277], [23.05201, 38.19278], [23.02508, 38.21662], [22.95192, 38.22529], [22.93377, 38.22207], [22.92237, 38.20702], [22.95053, 38.20978], [22.96305, 38.20404], [22.96947, 38.19279], [22.92254, 38.19746], [22.90871, 38.19279], [22.89503, 38.24116], [22.88819, 38.24116], [22.88088, 38.22697], [22.87468, 38.24116], [22.82, 38.23298], [22.80568, 38.22697], [22.76484, 38.248], [22.79884, 38.28213], [22.74237, 38.29707], [22.71941, 38.31029], [22.69647, 38.31689], [22.67532, 38.34357], [22.68442, 38.36107], [22.67018, 38.38154], [22.6465, 38.38996], [22.6268, 38.37153], [22.64485, 38.36961], [22.64616, 38.36181], [22.63673, 38.35628], [22.61232, 38.36384], [22.58717, 38.33674], [22.58717, 38.33051], [22.60644, 38.32306], [22.60644, 38.31689], [22.59816, 38.31074], [22.60026, 38.30264], [22.58835, 38.29297], [22.57643, 38.2902], [22.56252, 38.29353], [22.54568, 38.30264], [22.52623, 38.33173], [22.53883, 38.33674], [22.52516, 38.35883], [22.47731, 38.40567], [22.46844, 38.42113], [22.40162, 38.45344], [22.40836, 38.4156], [22.37371, 38.39204], [22.386, 38.38019], [22.39478, 38.38515], [22.3986, 38.37592], [22.39609, 38.3682], [22.38111, 38.35786], [22.38794, 38.35102], [22.38233, 38.34269], [22.36753, 38.34188], [22.32252, 38.35102], [22.28493, 38.34733], [22.26645, 38.35855], [22.22486, 38.36005], [22.20932, 38.35293], [22.19597, 38.33954], [22.18921, 38.32308], [22.16879, 38.35102], [22.14578, 38.354], [22.14772, 38.36408], [22.13258, 38.37275], [22.04908, 38.3985], [22.02955, 38.39924], [22.01124, 38.39205], [21.98764, 38.41059], [21.95786, 38.41169], [21.92897, 38.4029], [21.87924, 38.37801], [21.86385, 38.37778], [21.84051, 38.39887], [21.83123, 38.39667], [21.78224, 38.36367], [21.77459, 38.35261], [21.77164, 38.33365], [21.76254, 38.32837], [21.71632, 38.35786], [21.65797, 38.35786], [21.61354, 38.34497], [21.59962, 38.35102], [21.53541, 38.31395], [21.52393, 38.29581], [21.51805, 38.2958], [21.50847, 38.30223], [21.47609, 38.30607], [21.46925, 38.31293], [21.42843, 38.33051], [21.44532, 38.33404], [21.48976, 38.30948], [21.48268, 38.32461], [21.48976, 38.33674], [21.47609, 38.34379], [21.47608, 38.35102], [21.48976, 38.35786], [21.46999, 38.35786], [21.47608, 38.37153], [21.45856, 38.36637], [21.44264, 38.37153], [21.42215, 38.3641], [21.42848, 38.38373], [21.41627, 38.39411], [21.37746, 38.39888], [21.3699, 38.40819], [21.36012, 38.46772], [21.33904, 38.48754], [21.32252, 38.49628], [21.3086, 38.49437], [21.35328, 38.43293], [21.33904, 38.43293], [21.34645, 38.42609], [21.33669, 38.3959], [21.29119, 38.37767], [21.29866, 38.37153], [21.29119, 38.36409], [21.27768, 38.37092], [21.26954, 38.36786], [21.26637, 38.3614], [21.27221, 38.35444], [21.25025, 38.33674], [21.23243, 38.32942], [21.21292, 38.3305], [21.18963, 38.34138], [21.18133, 38.33051], [21.19993, 38.32307], [21.17506, 38.3133], [21.1742, 38.30266], [21.15562, 38.30391], [21.14039, 38.33674], [21.08525, 38.34358], [21.10572, 38.35297], [21.10939, 38.36042], [21.10621, 38.37153], [21.09256, 38.3641], [21.1062, 38.38513], [21.10328, 38.37816], [21.11354, 38.37393], [21.12501, 38.37995], [21.14039, 38.39887], [21.12241, 38.41035], [21.11476, 38.40961], [21.1062, 38.39888], [21.09497, 38.4029], [21.08181, 38.42072], [21.07896, 38.43293], [21.08522, 38.44035], [21.10678, 38.42544], [21.11622, 38.42805], [21.11988, 38.44038], [21.10621, 38.43293], [21.11085, 38.44611], [21.10142, 38.46475], [21.10621, 38.48139], [21.07897, 38.48754], [21.09938, 38.49437], [21.08523, 38.50186], [21.09474, 38.51789], [21.09596, 38.53193], [21.08668, 38.53644], [21.04692, 38.51126], [21.03582, 38.50692], [21.03054, 38.51142], [21.01687, 38.54589], [21.02467, 38.60847], [21.00369, 38.62646], [20.98813, 38.66401], [20.97902, 38.67255], [20.94012, 38.67293], [20.91441, 38.68623], [20.88315, 38.77936], [20.87338, 38.79531], [20.85987, 38.80353], [20.84522, 38.79963], [20.81137, 38.76254], [20.80405, 38.77338], [20.77329, 38.76095], [20.76368, 38.78172], [20.72934, 38.80353], [20.72934, 38.80976], [20.74937, 38.85724], [20.76735, 38.86431], [20.8003, 38.86457], [20.80519, 38.86774], [20.7942, 38.87979], [20.76451, 38.8918], [20.75605, 38.90689], [20.75745, 38.93987], [20.76978, 38.95895], [20.78159, 38.935], [20.81707, 38.92137], [20.83595, 38.9289], [20.85988, 38.96051], [20.8667, 38.96051], [20.87106, 38.94745], [20.86671, 38.94009], [20.87224, 38.93281], [20.86671, 38.92642], [20.90382, 38.92805], [20.91578, 38.9361], [20.92068, 38.95432], [20.92749, 38.95432], [20.93718, 38.94404], [20.97535, 38.94684], [21.00945, 38.93423], [21.02734, 38.93259], [21.02556, 38.89802], [21.0608, 38.88222], [21.08522, 38.86432], [21.08889, 38.87848], [21.09938, 38.88544], [21.09166, 38.90452], [21.10231, 38.91082], [21.12111, 38.91011], [21.13701, 38.9025], [21.16082, 38.878], [21.17262, 38.87352], [21.17742, 38.87604], [21.18133, 38.88544], [21.16969, 38.89582], [21.16684, 38.91087], [21.15455, 38.9134], [21.14019, 38.94108], [21.14723, 38.95433], [21.14195, 38.96239], [21.14504, 38.97138], [21.15262, 38.9767], [21.16082, 38.97419], [21.15992, 38.99775], [21.13559, 39.02338], [21.08522, 39.06293], [21.07439, 39.05003], [21.07892, 39.0363], [21.06528, 39.04051], [21.05519, 39.0375], [21.03736, 39.02196], [21.05832, 39.00899], [21.0032, 39.01513], [21.00318, 39.02196], [20.9909, 39.02425], [20.96567, 39.03937], [20.95355, 39.03427], [20.9442, 39.03857], [20.93484, 39.05671], [20.9485, 39.06293], [20.9485, 39.06977], [20.92018, 39.06453], [20.90138, 39.07722], [20.89389, 39.07722], [20.88818, 39.06721], [20.87037, 39.05931], [20.86671, 39.05305], [20.87094, 39.04312], [20.88646, 39.03645], [20.84495, 39.03694], [20.85987, 39.04247], [20.85776, 39.05891], [20.85499, 39.0655], [20.84622, 39.06295], [20.8462, 39.07722], [20.83237, 39.07689], [20.82573, 39.06982], [20.83806, 39.09174], [20.83416, 39.10847], [20.82244, 39.11449], [20.81137, 39.10457], [20.80519, 39.1114], [20.79541, 39.09863], [20.77719, 39.09089], [20.77719, 39.08344], [20.79182, 39.08079], [20.78401, 39.04927], [20.76157, 39.03242], [20.7575, 39.02196], [20.74317, 39.02949], [20.74537, 39.01472], [20.7575, 39.01512], [20.80388, 38.9853], [20.82349, 38.97784], [20.83178, 38.96369], [20.82878, 38.96053], [20.82035, 38.96217], [20.80209, 38.97065], [20.76637, 38.97761], [20.7575, 38.97419], [20.74692, 38.95795], [20.73512, 38.95011], [20.70225, 38.99815], [20.71583, 39.01512], [20.70574, 39.04857], [20.68653, 39.07246], [20.59589, 39.12386], [20.51783, 39.20075], [20.47887, 39.22517], [20.48243, 39.23428], [20.47514, 39.25534], [20.48243, 39.28266], [20.46022, 39.2773], [20.44825, 39.2895], [20.43344, 39.28287], [20.4192, 39.28337], [20.39357, 39.29694], [20.36557, 39.28768], [20.32489, 39.30379], [20.29283, 39.33344], [20.2907, 39.36465], [20.2697, 39.38736], [20.25896, 39.39728], [20.23603, 39.39937], [20.24285, 39.41242], [20.21562, 39.44033], [20.26734, 39.44693], [20.26393, 39.46076], [20.2156, 39.48872], [20.2156, 39.49493], [20.25506, 39.49238], [20.26393, 39.50861], [20.23601, 39.52082], [20.22202, 39.52131], [20.22241, 39.50862], [20.20216, 39.52041], [20.1907, 39.52168], [20.20192, 39.52973], [20.18312, 39.53327], [20.14959, 39.53364], [20.13359, 39.52975], [20.14552, 39.54707], [20.14667, 39.57068], [20.15406, 39.56391], [20.1609, 39.56436], [20.17457, 39.57685], [20.17458, 39.59796], [20.18824, 39.60419], [20.18181, 39.62446], [20.14821, 39.63753], [20.08888, 39.67308], [20.04422, 39.68101], [20.01002, 39.69355], [19.99684, 39.69257], [19.99585, 39.68672], [19.98903, 39.68672], [19.98359, 39.70136], [19.98694, 39.71772], [20.0027, 39.74824], [19.98066, 39.75731], [19.99586, 39.78294], [20.01417, 39.83295], [20.01629, 39.84504], [20.00978, 39.86567], [19.99928, 39.8714], [19.96169, 39.87858], [19.95883, 39.88935], [19.94117, 39.89899], [19.90644, 39.90645], [19.9066, 39.91283], [19.94117, 39.94001], [19.92369, 39.95304], [19.86345, 40.04536], [19.85524, 40.04987], [19.80712, 40.05299], [19.79658, 40.05732], [19.80454, 40.06346], [19.77735, 40.07779], [19.77052, 40.0635], [19.73268, 40.11026], [19.72902, 40.10823], [19.71909, 40.11603], [19.65288, 40.13252], [19.59784, 40.15771], [19.56577, 40.17984], [19.5093, 40.1945], [19.47626, 40.2137], [19.38112, 40.29524], [19.3651, 40.31737], [19.34425, 40.37433], [19.28958, 40.4204], [19.28958, 40.42723], [19.31618, 40.4378], [19.33253, 40.4389], [19.34815, 40.43064], [19.39323, 40.38629], [19.41424, 40.33442], [19.42359, 40.33002], [19.44459, 40.33381], [19.47495, 40.34838], [19.47877, 40.45392], [19.45314, 40.46533], [19.4188, 40.49189], [19.39138, 40.5218], [19.38642, 40.54327], [19.39861, 40.52094], [19.41423, 40.52276], [19.4336, 40.50593], [19.44606, 40.51113], [19.4546, 40.55386], [19.44215, 40.57306], [19.4157, 40.58348], [19.39161, 40.57831], [19.3864, 40.55076], [19.37924, 40.56615], [19.30439, 40.65314], [19.30935, 40.66502], [19.35157, 40.69416], [19.36053, 40.70978], [19.36884, 40.80215], [19.37779, 40.81296], [19.40675, 40.82075], [19.39326, 40.84492], [19.41424, 40.86884], [19.38121, 40.90827], [19.40496, 40.91816], [19.42458, 40.93963], [19.44089, 40.9486], [19.42701, 40.93683], [19.43538, 40.9134], [19.42726, 40.89338], [19.42726, 40.87226], [19.43474, 40.87226], [19.43783, 40.88653], [19.44093, 40.87226], [19.45412, 40.8858], [19.5066, 40.9051], [19.52345, 40.92064], [19.52516, 40.94526], [19.50148, 40.98298], [19.49545, 41.00263], [19.49204, 40.97695], [19.47965, 40.95393], [19.45387, 40.92399], [19.44776, 40.93431], [19.46998, 40.95673], [19.47722, 40.975], [19.47495, 40.9958], [19.44777, 41.00947], [19.44062, 41.02066], [19.45639, 41.10668], [19.44192, 41.14386], [19.46372, 41.15131], [19.46877, 41.18756], [19.50953, 41.23729], [19.51661, 41.25641], [19.51336, 41.27668], [19.50294, 41.29413], [19.48805, 41.30646], [19.43166, 41.31372], [19.41897, 41.32258], [19.41424, 41.3828], [19.41082, 41.39167], [19.39602, 41.40205], [19.39326, 41.41348], [19.40642, 41.40038], [19.42872, 41.40131], [19.44516, 41.41519], [19.44094, 41.44086], [19.48927, 41.46613], [19.50864, 41.48688], [19.51661, 41.51341], [19.51417, 41.52998], [19.46823, 41.55412], [19.44096, 41.58538], [19.52809, 41.57656], [19.5652, 41.58511], [19.58482, 41.61957], [19.59165, 41.61957], [19.59604, 41.60273], [19.61297, 41.60529], [19.60011, 41.63911], [19.59166, 41.63264], [19.58709, 41.64069], [19.55765, 41.66055], [19.57814, 41.68765], [19.57131, 41.7704], [19.58953, 41.76569], [19.59897, 41.77871], [19.59978, 41.79975], [19.59165, 41.81879], [19.46578, 41.85537], [19.43295, 41.8686], [19.36509, 41.85237], [19.31023, 41.89452], [19.22023, 41.91886], [19.17027, 41.93798], [19.1623, 41.94795], [19.16033, 41.96898], [19.13797, 41.9853], [19.14356, 41.99307], [19.13917, 42.04243], [19.08254, 42.08121], [19.07474, 42.09565], [19.08383, 42.11009], [19.06399, 42.12019], [19.04868, 42.1402], [19.0106, 42.13956], [18.99985, 42.16108], [18.98163, 42.16707], [18.96803, 42.18871], [18.91335, 42.22224], [18.90171, 42.2375], [18.89471, 42.27049], [18.886, 42.28437], [18.87159, 42.29047], [18.85402, 42.29047], [18.83888, 42.28571], [18.83139, 42.27755], [18.81764, 42.29116], [18.77858, 42.27148], [18.76246, 42.29116], [18.71454, 42.32527], [18.71412, 42.33893], [18.69363, 42.35322], [18.69581, 42.37376], [18.67848, 42.38597], [18.65854, 42.38662], [18.65316, 42.36629], [18.63844, 42.37031], [18.61671, 42.36808], [18.5949, 42.38373], [18.57067, 42.39298], [18.57814, 42.40038], [18.553, 42.41365], [18.54519, 42.42357], [18.55015, 42.43512], [18.56284, 42.43854], [18.6565, 42.41551], [18.68555, 42.40399], [18.70045, 42.39297], [18.70818, 42.40851], [18.70655, 42.42105], [18.68385, 42.45881], [18.68735, 42.4829], [18.65384, 42.45177], [18.60859, 42.44539], [18.50245, 42.45563], [18.50245, 42.44819], [18.52124, 42.43797], [18.51295, 42.409], [18.52973, 42.4004], [18.51027, 42.40527], [18.47446, 42.44135], [18.41334, 42.46175], [18.41188, 42.47602], [18.23895, 42.55908], [18.22057, 42.57917], [18.22348, 42.61469], [18.21754, 42.6201], [18.16603, 42.62695], [18.12485, 42.6446], [18.07603, 42.65132], [18.06399, 42.65763], [18.0574, 42.66791], [18.07732, 42.66791], [18.04804, 42.69045], [18.04322, 42.70205], [18.02807, 42.69141], [18.00327, 42.70068], [17.96119, 42.7294], [17.90162, 42.7519], [17.88073, 42.76875], [17.89283, 42.79084], [17.86509, 42.78996], [17.83497, 42.8072], [17.80665, 42.81192], [17.78566, 42.80516], [17.78011, 42.79695], [17.72096, 42.82624], [17.74871, 42.80341], [17.76179, 42.77891], [17.76165, 42.7742], [17.74872, 42.77205], [17.74887, 42.79084], [17.72877, 42.80077], [17.67856, 42.81623], [17.63348, 42.82296], [17.58009, 42.84125], [17.52496, 42.8487], [17.44045, 42.87336], [17.44272, 42.89863], [17.41725, 42.9112], [17.35093, 42.92179], [17.27133, 42.96336], [17.23749, 42.97139], [17.21388, 42.98261], [17.09539, 42.98444], [17.06251, 42.99006], [17.02753, 43.00358], [17.01793, 43.01382], [17.02817, 43.02416], [17.02817, 43.03099], [17.01882, 43.03409], [17.00167, 43.05149], [17.02312, 43.04864], [17.05567, 43.02896], [17.07325, 43.02416], [17.1587, 43.03098], [17.24024, 43.02277], [17.39071, 42.97761], [17.4541, 42.94228], [17.46022, 42.92178], [17.48145, 42.92177], [17.50766, 42.90908], [17.52263, 42.91022], [17.52614, 42.92177], [17.55898, 42.91281], [17.58375, 42.9007], [17.64161, 42.88447], [17.65268, 42.87336], [17.67368, 42.87507], [17.71599, 42.84418], [17.74147, 42.83926], [17.71095, 42.85664], [17.70191, 42.86848], [17.71363, 42.8808], [17.70737, 42.88703], [17.67872, 42.87938], [17.55652, 42.93476], [17.57399, 42.93427], [17.61793, 42.92178], [17.60304, 42.93256], [17.54965, 42.95531], [17.53452, 42.95064], [17.49883, 42.97193], [17.47475, 43.00098], [17.47089, 43.01341], [17.47918, 43.02241], [17.50196, 43.03099], [17.48797, 43.03498], [17.43374, 43.01744], [17.46022, 43.03099], [17.43231, 43.03621], [17.42613, 43.04464], [17.4336, 43.0515], [17.42612, 43.06517], [17.40455, 43.05151], [17.37087, 43.07389], [17.31625, 43.12726], [17.17238, 43.18184], [17.11395, 43.21321], [17.10027, 43.23168], [17.07351, 43.23897], [17.05635, 43.25699], [17.04949, 43.27802], [17.02818, 43.28425], [16.93393, 43.3736], [16.88063, 43.40595], [16.75245, 43.41951], [16.69386, 43.4383], [16.62583, 43.44905], [16.53485, 43.49714], [16.52467, 43.51081], [16.5044, 43.50399], [16.46656, 43.51081], [16.39146, 43.51082], [16.39146, 43.51764], [16.43425, 43.52188], [16.4734, 43.53815], [16.43385, 43.54975], [16.33676, 43.55117], [16.29959, 43.53822], [16.23959, 43.52657], [16.11769, 43.52448], [16.11769, 43.51765], [16.15073, 43.51138], [16.16487, 43.50409], [16.17235, 43.4897], [16.11085, 43.48969], [16.11311, 43.47892], [16.06617, 43.48969], [16.03957, 43.4908], [16.01401, 43.50397], [16.00782, 43.50397], [16.00782, 43.49715], [15.99578, 43.50336], [15.97348, 43.50313], [15.96632, 43.51081], [15.96437, 43.50391], [15.9595, 43.50398], [15.96129, 43.51503], [15.98365, 43.52106], [15.98699, 43.52729], [15.98227, 43.5373], [15.98731, 43.54491], [15.95949, 43.53817], [15.95623, 43.54792], [15.94809, 43.55288], [15.92534, 43.55858], [15.9419, 43.56], [15.94418, 43.56672], [15.93539, 43.57294], [15.91799, 43.57291], [15.91799, 43.57908], [15.93214, 43.58658], [15.918, 43.59333], [15.9253, 43.59956], [15.918, 43.60639], [15.9253, 43.61384], [15.91897, 43.62873], [15.92954, 43.63422], [15.96632, 43.63373], [15.96632, 43.64118], [15.90484, 43.64803], [15.91676, 43.65362], [15.94239, 43.64802], [15.95297, 43.65086], [15.95143, 43.65742], [15.93216, 43.66845], [15.94597, 43.67231], [15.9524, 43.67976], [15.95045, 43.68854], [15.93898, 43.69644], [15.93971, 43.67764], [15.93116, 43.6765], [15.89291, 43.70051], [15.87078, 43.70319], [15.84401, 43.72993], [15.79217, 43.75446], [15.77101, 43.75996], [15.70632, 43.76342], [15.69265, 43.77461], [15.68214, 43.79719], [15.63299, 43.81045], [15.61745, 43.8255], [15.6631, 43.81297], [15.67888, 43.81183], [15.67888, 43.81928], [15.66578, 43.81928], [15.63885, 43.83613], [15.57407, 43.85953], [15.54519, 43.87764], [15.51222, 43.91108], [15.47326, 43.91926], [15.4551, 43.92805], [15.43873, 43.94965], [15.35808, 44.0257], [15.33961, 44.03937], [15.31952, 44.04524], [15.27833, 44.0856], [15.23325, 44.12092], [15.21291, 44.13106], [15.20885, 44.13817], [15.21274, 44.14826], [15.14456, 44.19546], [15.16041, 44.2132], [15.15219, 44.2353], [15.13152, 44.25462], [15.11038, 44.26435], [15.14064, 44.28246], [15.15755, 44.28033], [15.16505, 44.26122], [15.17661, 44.24994], [15.19793, 44.25731], [15.20777, 44.27277], [15.18541, 44.28539], [15.19459, 44.2888], [15.20655, 44.28539], [15.19811, 44.30165], [15.24756, 44.27797], [15.27955, 44.25178], [15.29526, 44.25068], [15.28177, 44.28538], [15.29493, 44.29023], [15.30275, 44.29914], [15.27818, 44.30981], [15.26126, 44.33258], [15.28052, 44.32753], [15.3086, 44.30927], [15.42449, 44.26797], [15.50359, 44.25922], [15.52524, 44.26069], [15.52866, 44.2718], [15.51482, 44.27851], [15.44923, 44.2854], [15.40602, 44.32062], [15.30796, 44.3544], [15.15505, 44.46671], [15.08009, 44.53608], [15.05202, 44.54549], [15.01531, 44.56908], [15.00735, 44.56974], [14.90156, 44.68997], [14.88382, 44.72362], [14.89519, 44.73615], [14.88379, 44.78898], [14.88376, 44.86117], [14.92164, 44.95881], [14.91432, 44.98143], [14.85647, 45.07649], [14.85279, 45.09366], [14.8274, 45.11396], [14.76597, 45.13736], [14.6579, 45.19661], [14.6067, 45.24437], [14.57605, 45.26225], [14.56863, 45.27595], [14.5822, 45.28535], [14.53435, 45.31269], [14.55543, 45.29588], [14.5433, 45.28385], [14.53306, 45.28389], [14.51051, 45.29975], [14.40235, 45.33861], [14.32976, 45.35399], [14.31153, 45.34398], [14.27198, 45.29011], [14.25847, 45.25576], [14.24772, 45.18647], [14.23258, 45.14936], [14.20923, 45.12638], [14.17937, 45.13451], [14.19532, 45.12059], [14.19311, 45.10562], [14.16439, 45.07991], [14.15821, 45.08735], [14.15406, 45.07197], [14.1582, 45.05322], [14.14389, 45.05939], [14.14389, 45.05321], [14.15942, 45.04035], [14.16617, 45.01895], [14.16373, 44.99576], [14.15151, 44.97768], [14.1399, 44.97135], [14.11329, 44.97748], [14.10133, 44.97427], [14.07568, 44.94954], [14.06887, 44.94954], [14.07163, 44.96906], [14.08383, 44.9864], [14.07569, 45.00483], [14.05454, 45.01846], [14.05193, 45.03803], [14.04029, 45.03897], [14.04428, 45.00141], [14.07154, 44.99335], [14.07569, 44.98371], [14.04444, 44.95141], [14.03468, 44.95637], [14.03905, 44.93183], [14.03467, 44.92232], [14.02247, 44.92349], [14.02783, 44.90864], [14.0215, 44.90738], [14.02051, 44.90113], [14.01059, 44.90526], [13.97267, 44.90111], [13.99288, 44.8815], [13.98618, 44.88129], [13.98618, 44.87507], [13.993, 44.87507], [13.99301, 44.86784], [13.97267, 44.84715], [13.97267, 44.82665], [13.98942, 44.82509], [13.99999, 44.81307], [13.96356, 44.81187], [13.93165, 44.8205], [13.92481, 44.81307], [13.91871, 44.82905], [13.89959, 44.82905], [13.89015, 44.83348], [13.88315, 44.82665], [13.90431, 44.81729], [13.90935, 44.80899], [13.90447, 44.79877], [13.91796, 44.77827], [13.90318, 44.77242], [13.89698, 44.81306], [13.84915, 44.82665], [13.85597, 44.84028], [13.84232, 44.84028], [13.84913, 44.84715], [13.8423, 44.85464], [13.83139, 44.85274], [13.81569, 44.8566], [13.78714, 44.87507], [13.79462, 44.88128], [13.80486, 44.87059], [13.81959, 44.86766], [13.83375, 44.87336], [13.8423, 44.88813], [13.81528, 44.88353], [13.80486, 44.8854], [13.79462, 44.89497], [13.80812, 44.91543], [13.79674, 44.92488], [13.7741, 44.96381], [13.73306, 44.99471], [13.66082, 45.06122], [13.64381, 45.0705], [13.62324, 45.07307], [13.63689, 45.09357], [13.61258, 45.11786], [13.63852, 45.13003], [13.72625, 45.13451], [13.6836, 45.14338], [13.60061, 45.13728], [13.59597, 45.14541], [13.59938, 45.17129], [13.58914, 45.17549], [13.59441, 45.18732], [13.58229, 45.19682], [13.5823, 45.20282], [13.59449, 45.21263], [13.58914, 45.2307], [13.59523, 45.2508], [13.57547, 45.26488], [13.58425, 45.27606], [13.60271, 45.27912], [13.60271, 45.28535], [13.58466, 45.29321], [13.57547, 45.30646], [13.60955, 45.32014], [13.56179, 45.32637], [13.55049, 45.33448], [13.54128, 45.34614], [13.54055, 45.35675], [13.55494, 45.36107], [13.55494, 45.36734], [13.54316, 45.37617], [13.51337, 45.43622], [13.52076, 45.44302], [13.51565, 45.44814], [13.52076, 45.45726], [13.50453, 45.48406], [13.50149, 45.4986], [13.5071, 45.5119], [13.56861, 45.49079], [13.58953, 45.48884], [13.59596, 45.51813], [13.57863, 45.52339], [13.56864, 45.53924], [13.58961, 45.53579], [13.75294, 45.55288], [13.74236, 45.56977], [13.71194, 45.5934], [13.73016, 45.61309], [13.78688, 45.61115], [13.80812, 45.61433], [13.79558, 45.61701], [13.77711, 45.63544], [13.7393, 45.64911], [13.75766, 45.65498], [13.75367, 45.67231], [13.73911, 45.6916], [13.62892, 45.77261], [13.57423, 45.78962], [13.55128, 45.79243], [13.53443, 45.78205], [13.52418, 45.76008], [13.52833, 45.74055], [13.5549, 45.7372], [13.5184, 45.72484], [13.50781, 45.71443], [13.46925, 45.70686], [13.42798, 45.68115], [13.4017, 45.67545], [13.37676, 45.68317], [13.40919, 45.69131], [13.43141, 45.70686], [13.42262, 45.72407], [13.38169, 45.73006], [13.3694, 45.74462], [13.35182, 45.74031], [13.2549, 45.75606], [13.21551, 45.7788], [13.16944, 45.76874], [13.14967, 45.75154], [13.13982, 45.75487], [13.13136, 45.76887], [13.11931, 45.77196], [13.11085, 45.76765], [13.10816, 45.7582], [13.11183, 45.74885], [13.12288, 45.74462], [13.12288, 45.73722], [13.1006, 45.73623], [13.08058, 45.72761], [13.06959, 45.71369], [13.07504, 45.69684], [13.09148, 45.6892], [13.11166, 45.69135], [13.14964, 45.70374], [13.13802, 45.6894], [13.10304, 45.66901], [13.08496, 45.64192], [13.06055, 45.63667], [12.9817, 45.63483], [12.94386, 45.62857], [12.78039, 45.55341], [12.61194, 45.49626], [12.51271, 45.47044], [12.4878, 45.45674], [12.45143, 45.45043], [12.41033, 45.43622], [12.4358, 45.47492], [12.43094, 45.48403], [12.44728, 45.48432], [12.45144, 45.49824], [12.45818, 45.49824], [12.46697, 45.48558], [12.47193, 45.48591], [12.47869, 45.49079], [12.46503, 45.50445], [12.49732, 45.50673], [12.5066, 45.49824], [12.49293, 45.49824], [12.49293, 45.49079], [12.51515, 45.49274], [12.52151, 45.51898], [12.53048, 45.52558], [12.56251, 45.53164], [12.58172, 45.55288], [12.53728, 45.53583], [12.51065, 45.5589], [12.5066, 45.57331], [12.45851, 45.54833], [12.44191, 45.53034], [12.45143, 45.51191], [12.43491, 45.51236], [12.41774, 45.52359], [12.40357, 45.51813], [12.39674, 45.53925], [12.38413, 45.52302], [12.39039, 45.51398], [12.424, 45.50446], [12.42397, 45.49822], [12.3934, 45.49165], [12.38056, 45.49479], [12.38307, 45.50446], [12.35043, 45.50487], [12.30958, 45.48892], [12.27272, 45.46361], [12.2527, 45.43622], [12.2527, 45.43], [12.25894, 45.43], [12.2461, 45.41132], [12.24855, 45.40253], [12.25894, 45.39521], [12.2492, 45.38548], [12.24528, 45.36108], [12.22381, 45.35395], [12.23217, 45.34056], [12.21631, 45.31623], [12.20873, 45.30907], [12.18755, 45.30647], [12.16293, 45.31623], [12.15447, 45.31346], [12.1491, 45.29218], [12.15983, 45.2831], [12.16879, 45.26215], [12.18068, 45.25804], [12.19166, 45.26288], [12.19939, 45.2746], [12.19746, 45.29962], [12.21728, 45.29384], [12.22485, 45.25117], [12.21111, 45.24299], [12.22485, 45.23069], [12.22136, 45.21625], [12.23048, 45.20425], [12.24732, 45.19693], [12.26637, 45.1966], [12.25898, 45.20282], [12.30727, 45.23068], [12.29803, 45.2154], [12.32104, 45.17235], [12.32845, 45.10102], [12.3073, 45.10786], [12.3073, 45.12836], [12.29737, 45.10635], [12.29672, 45.08857], [12.30665, 45.07856], [12.32846, 45.0799], [12.32106, 45.09357], [12.341, 45.08124], [12.37623, 45.03897], [12.37623, 45.03217], [12.35515, 45.02464], [12.36883, 45.01097], [12.38356, 45.02643], [12.38657, 45.03876], [12.36885, 45.06559], [12.41341, 45.04287], [12.41033, 45.03217], [12.44458, 45.01096], [12.48618, 44.97651], [12.4992, 44.98371], [12.4861, 44.98371], [12.4861, 44.99114], [12.50261, 44.99143], [12.51701, 44.98746], [12.53385, 44.97004], [12.52312, 44.95002], [12.52701, 44.94335], [12.5127, 44.92232], [12.49903, 44.92145], [12.4873, 44.86225], [12.44459, 44.82052], [12.424, 44.85464], [12.43922, 44.87759], [12.44304, 44.89008], [12.43832, 44.90111], [12.42693, 44.90497], [12.40691, 44.8913], [12.3921, 44.86839], [12.39161, 44.85883], [12.41652, 44.85114], [12.4082, 44.83625], [12.39674, 44.83348], [12.39674, 44.82665], [12.424, 44.82049], [12.41593, 44.80315], [12.39795, 44.79378], [12.37567, 44.79223], [12.30299, 44.84292], [12.29233, 44.84325], [12.26637, 44.82665], [12.26637, 44.8205], [12.28002, 44.8205], [12.25359, 44.75129], [12.24659, 44.71161], [12.2527, 44.6684], [12.28577, 44.60292], [12.28004, 44.53189], [12.2837, 44.48762], [12.32106, 44.3537], [12.34199, 44.32973], [12.35027, 44.28815], [12.36883, 44.25068], [12.38998, 44.22272], [12.41717, 44.19546], [12.45801, 44.1664], [12.47877, 44.13935], [12.51092, 44.11457], [12.54737, 44.09345], [12.57422, 44.08559], [12.63136, 44.0301], [12.69158, 43.99063], [12.75611, 43.97187], [12.80396, 43.96685], [12.86215, 43.93537], [12.92887, 43.91583], [12.94728, 43.89761], [13.25327, 43.70319], [13.38981, 43.64459], [13.39967, 43.63565], [13.44662, 43.62371], [13.4734, 43.61201], [13.50441, 43.63275], [13.51611, 43.63173], [13.52101, 43.62271], [13.54321, 43.61322], [13.57887, 43.5729], [13.59791, 43.56952], [13.61556, 43.56048], [13.62451, 43.54719], [13.61695, 43.53132], [13.76026, 43.26374], [13.78027, 43.23652], [13.79078, 43.19208], [13.83487, 43.1271], [13.8487, 43.09145], [13.86541, 43.00731], [13.94467, 42.79828], [14.00123, 42.69843], [14.06323, 42.62482], [14.07537, 42.59882], [14.22055, 42.47016], [14.28419, 42.42829], [14.38737, 42.37294], [14.42905, 42.32172], [14.56023, 42.22565], [14.59588, 42.20856], [14.65349, 42.19107], [14.69369, 42.18536], [14.70923, 42.17548], [14.71704, 42.16006], [14.7295, 42.09911], [14.74073, 42.08462], [14.78041, 42.07513], [14.83546, 42.04414], [14.8711, 42.03181], [14.95156, 42.02112], [14.99365, 42.01064], [15.04518, 41.96898], [15.06316, 41.96429], [15.12338, 41.93427], [15.16537, 41.9278], [15.28175, 41.92803], [15.40056, 41.90778], [15.44606, 41.90693], [15.61134, 41.92803], [15.77443, 41.92121], [16.02711, 41.94407], [16.14046, 41.9199], [16.1609, 41.89265], [16.17919, 41.89329], [16.17604, 41.87739], [16.19304, 41.80854], [16.19287, 41.79092], [16.18446, 41.77977], [16.14575, 41.74886], [16.10719, 41.73762], [16.06315, 41.70149], [16.02751, 41.67993], [15.9253, 41.64004], [15.90008, 41.61465], [15.89137, 41.57685], [15.89633, 41.53644], [15.91179, 41.50288], [15.9336, 41.47944], [15.96111, 41.45946], [16.02166, 41.4278], [16.08513, 41.41266], [16.11411, 41.39289], [16.30127, 41.32793], [16.4603, 41.26264], [16.52067, 41.25014], [16.59392, 41.20698], [16.83031, 41.14638], [16.85141, 41.13296], [16.85816, 41.13296], [16.85817, 41.14035], [16.86442, 41.14036], [16.88527, 41.12397], [17.05739, 41.08175], [17.2028, 41.02112], [17.2762, 40.98031], [17.31006, 40.95477], [17.34791, 40.9121], [17.37769, 40.90228], [17.4134, 40.8812], [17.47609, 40.83015], [17.51221, 40.82029], [17.54835, 40.80195], [17.63453, 40.78497], [17.74837, 40.74761], [17.84392, 40.69416], [17.92188, 40.683], [17.95557, 40.67057], [17.95493, 40.64692], [17.99195, 40.65313], [18.007, 40.65069], [18.0158, 40.62519], [18.04321, 40.60199], [18.03745, 40.55695], [18.11996, 40.50458], [18.21168, 40.46475], [18.23828, 40.45766], [18.2588, 40.43065], [18.30322, 40.39988], [18.34376, 40.35163], [18.37044, 40.33868], [18.43707, 40.2681], [18.50001, 40.15249], [18.51611, 40.13922], [18.51108, 40.12759], [18.51611, 40.10448], [18.49187, 40.08466], [18.48356, 40.05517], [18.43409, 40.02253], [18.41139, 39.97883], [18.39259, 39.91608], [18.40007, 39.87882], [18.38648, 39.82534], [18.38916, 39.81709], [18.36833, 39.79663], [18.34653, 39.79806], [18.33042, 39.80342], [18.28207, 39.8332], [18.26564, 39.83759], [18.21128, 39.83935], [18.16189, 39.86055], [18.13063, 39.88349], [18.07155, 39.91153], [17.99539, 39.99527], [17.99539, 40.00266], [18.01108, 40.00336], [18.02027, 40.0102], [18.02215, 40.02167], [18.0158, 40.0362], [18.00514, 40.04487], [17.96748, 40.05732], [18.00294, 40.07445], [18.011, 40.09602], [17.99724, 40.12043], [17.92605, 40.17626], [17.91962, 40.19074], [17.917, 40.22687], [17.91114, 40.2403], [17.89969, 40.24909], [17.91277, 40.24909], [17.91277, 40.25532], [17.86313, 40.28563], [17.84767, 40.29003], [17.51175, 40.30376], [17.49391, 40.30745], [17.44044, 40.331], [17.39943, 40.33101], [17.36817, 40.35151], [17.21291, 40.4062], [17.20023, 40.42039], [17.22348, 40.42841], [17.24301, 40.44139], [17.2479, 40.45734], [17.22758, 40.47444], [17.24741, 40.48028], [17.29575, 40.47321], [17.31625, 40.48188], [17.32325, 40.49848], [17.30405, 40.49946], [17.26175, 40.48872], [17.26856, 40.49616], [17.24741, 40.50283], [17.18995, 40.48189], [17.18182, 40.4853], [17.16619, 40.50918], [17.15602, 40.5124], [17.04957, 40.51911], [16.97609, 40.49262], [16.91212, 40.44522], [16.78272, 40.30158], [16.7614, 40.2696], [16.73071, 40.20068], [16.71599, 40.19359], [16.67944, 40.14607], [16.62452, 40.10798], [16.60475, 40.08446], [16.59693, 40.04678], [16.59938, 40.03413], [16.63159, 39.96621], [16.60548, 39.94294], [16.58919, 39.91983], [16.54225, 39.8854], [16.49171, 39.80549], [16.48976, 39.77521], [16.50213, 39.74706], [16.52856, 39.7215], [16.51564, 39.6896], [16.54591, 39.66087], [16.59148, 39.63679], [16.62485, 39.62531], [16.74976, 39.62001], [16.78248, 39.61163], [16.81626, 39.59088], [16.8462, 39.55268], [16.906, 39.52972], [16.95297, 39.49921], [16.99537, 39.49273], [17.01148, 39.48614], [17.05714, 39.44164], [17.08855, 39.42259], [17.1242, 39.409], [17.15868, 39.40619], [17.12224, 39.33832], [17.11492, 39.28278], [17.11769, 39.25601], [17.14567, 39.21068], [17.12224, 39.12104], [17.12452, 39.09089], [17.15846, 39.04047], [17.20636, 39.02948], [17.17661, 39.01211], [17.17237, 39.00519], [17.17236, 38.96052], [17.1277, 38.92878], [17.10402, 38.8991], [17.09498, 38.91913], [17.07057, 38.9228], [17.04225, 38.91625], [17.02199, 38.90596], [16.99635, 38.92951], [16.98129, 38.9372], [16.93507, 38.93871], [16.83855, 38.9182], [16.72779, 38.87885], [16.68776, 38.85586], [16.67074, 38.84065], [16.61061, 38.81656], [16.58562, 38.79784], [16.57439, 38.78506], [16.56372, 38.75675], [16.53883, 38.72333], [16.53484, 38.6999], [16.54907, 38.68992], [16.55885, 38.59602], [16.57698, 38.52855], [16.56947, 38.42932], [16.56136, 38.41633], [16.52198, 38.38715], [16.50814, 38.37154], [16.49757, 38.36929], [16.46705, 38.34871], [16.43507, 38.33999], [16.33985, 38.30085], [16.30633, 38.27709], [16.16944, 38.14322], [16.15187, 38.11083], [16.12554, 38.00501], [16.11093, 37.97379], [16.09001, 37.94921], [16.06316, 37.93269], [16.00099, 37.91902], [15.94215, 37.93309], [15.76119, 37.9253], [15.73465, 37.93106], [15.68426, 37.95363], [15.64567, 37.98819], [15.63512, 38.0091], [15.63837, 38.02773], [15.65846, 38.04255], [15.62405, 38.09211], [15.62746, 38.10736], [15.6478, 38.14313], [15.63284, 38.22028], [15.65057, 38.24103], [15.6846, 38.2532], [15.78647, 38.27802], [15.81284, 38.3006], [15.82989, 38.35124], [15.9048, 38.47394], [15.91782, 38.51679], [15.91603, 38.55036], [15.90008, 38.57827], [15.83563, 38.62804], [15.83673, 38.64918], [15.84474, 38.66049], [15.9048, 38.67939], [15.96803, 38.71259], [16.00262, 38.7254], [16.04884, 38.72772], [16.12086, 38.72093], [16.1526, 38.7309], [16.17921, 38.74828], [16.20094, 38.77644], [16.2151, 38.81415], [16.22169, 38.85659], [16.21469, 38.91901], [16.2046, 38.93407], [16.18963, 38.94355], [16.16896, 38.94686], [16.15416, 38.95522], [16.08303, 39.07527], [16.03403, 39.34524], [15.9954, 39.43877], [15.95808, 39.47757], [15.93312, 39.51366], [15.87624, 39.55147], [15.86753, 39.56391], [15.8366, 39.65266], [15.80642, 39.6955], [15.78875, 39.79662], [15.78875, 39.7904], [15.78395, 39.81], [15.76972, 39.83015], [15.78191, 39.8686], [15.77443, 39.8911], [15.74156, 39.9296], [15.72804, 39.96418], [15.71315, 39.98102], [15.6789, 40.00886], [15.65162, 40.04365], [15.63039, 40.05769], [15.62428, 40.07779], [15.6102, 40.0732], [15.53492, 40.07779], [15.51313, 40.06768], [15.4953, 40.04673], [15.45981, 40.02936], [15.42959, 39.9998], [15.4101, 39.99398], [15.34317, 40.00416], [15.3143, 40.03376], [15.30275, 40.0362], [15.28305, 40.02986], [15.26125, 40.02937], [15.26125, 40.0362], [15.27915, 40.04768], [15.26344, 40.07372], [15.2339, 40.1], [15.18996, 40.11913], [15.12721, 40.16962], [15.1128, 40.17479], [15.06568, 40.16658], [15.04722, 40.16894], [15.03493, 40.17537], [15.0228, 40.19563], [15.00312, 40.21026], [14.97591, 40.21932], [14.95709, 40.23155], [14.93814, 40.22785], [14.91116, 40.24165], [14.90693, 40.25861], [14.9319, 40.28555], [14.93914, 40.30707], [14.9324, 40.33372], [14.99449, 40.35843], [15.00043, 40.36883], [14.99827, 40.39756], [14.88885, 40.57307], [14.83546, 40.63264], [14.78199, 40.66987], [14.75221, 40.6767], [14.71998, 40.66682], [14.69015, 40.64906], [14.62574, 40.64908], [14.61329, 40.6459], [14.57129, 40.61775], [14.54448, 40.61364], [14.51638, 40.61987], [14.48658, 40.63264], [14.47136, 40.62467], [14.42205, 40.61555], [14.40153, 40.60213], [14.35581, 40.58364], [14.34262, 40.57064], [14.32983, 40.58466], [14.32799, 40.60541], [14.33775, 40.62441], [14.38738, 40.63695], [14.44422, 40.68598], [14.47637, 40.6951], [14.47975, 40.71149], [14.47413, 40.72968], [14.44264, 40.75507], [14.42129, 40.75094], [14.39444, 40.76157], [14.2942, 40.83877], [14.24838, 40.83771], [14.22364, 40.83137], [14.20316, 40.80121], [14.18221, 40.80093], [14.1656, 40.81575], [14.13524, 40.81857], [14.09596, 40.83381], [14.08253, 40.83128], [14.07618, 40.82221], [14.08251, 40.78353], [14.04771, 40.7896], [14.04117, 40.79649], [14.05226, 40.83759], [14.04446, 40.87421], [14.02134, 40.92183], [13.96534, 40.9964], [13.91799, 41.02367], [13.91065, 41.06464], [13.85172, 41.14732], [13.79049, 41.20586], [13.72185, 41.25239], [13.70851, 41.25641], [13.66335, 41.25069], [13.65659, 41.25959], [13.59441, 41.25312], [13.56365, 41.23798], [13.57543, 41.20808], [13.54396, 41.20662], [13.53422, 41.20824], [13.51442, 41.22968], [13.50711, 41.22176], [13.49969, 41.22176], [13.48024, 41.23916], [13.32439, 41.29483], [13.28582, 41.29572], [13.18702, 41.27802], [13.15121, 41.26021], [13.11451, 41.25088], [13.0905, 41.22656], [13.06821, 41.22176], [13.04462, 41.22753], [13.02369, 41.27359], [12.9795, 41.331], [12.92384, 41.37979], [12.89357, 41.39932], [12.84156, 41.4184], [12.74855, 41.42374], [12.67856, 41.45795], [12.65398, 41.46564], [12.63526, 41.44751], [12.61921, 41.45934], [12.54558, 41.54413], [12.44801, 41.63076], [12.32716, 41.71137], [12.30064, 41.71744], [12.285, 41.7272], [12.23903, 41.73628], [12.2235, 41.75068], [12.2152, 41.76814], [12.20623, 41.82734], [12.17018, 41.87958], [12.14747, 41.90347], [12.03884, 41.96516], [12.02036, 41.99307], [11.9822, 41.99975], [11.95265, 42.02228], [11.91684, 42.03791], [11.82749, 42.03418], [11.80942, 42.06635], [11.77981, 42.09252], [11.75018, 42.12792], [11.73618, 42.16889], [11.68214, 42.25214], [11.65821, 42.27936], [11.53907, 42.34886], [11.48898, 42.35948], [11.39618, 42.39298], [11.39617, 42.40038], [11.37664, 42.40689], [11.35467, 42.40721], [11.36206, 42.40039], [11.33302, 42.40059], [11.25904, 42.42084], [11.21127, 42.41889], [11.20092, 42.39546], [11.18629, 42.3793], [11.18384, 42.36629], [11.16472, 42.36933], [11.15593, 42.36629], [11.13453, 42.38418], [11.10663, 42.39127], [11.08677, 42.41836], [11.08695, 42.42945], [11.09898, 42.44269], [11.11302, 42.44635], [11.14182, 42.4388], [11.16419, 42.43983], [11.17969, 42.4565], [11.18845, 42.48027], [11.18686, 42.52082], [11.16605, 42.54622], [11.15846, 42.56403], [11.12868, 42.55806], [11.09742, 42.60688], [11.08092, 42.61271], [11.07781, 42.63223], [11.00572, 42.66792], [10.99, 42.71027], [10.94361, 42.74299], [10.89088, 42.7639], [10.73132, 42.80443], [10.75538, 42.81916], [10.7649, 42.83527], [10.76566, 42.8771], [10.77768, 42.89472], [10.76352, 42.91828], [10.68141, 42.94904], [10.6325, 42.95848], [10.58326, 42.9597], [10.53907, 42.94912], [10.54654, 42.93476], [10.51857, 42.92529], [10.49954, 42.9405], [10.47757, 42.99005], [10.5027, 43.00556], [10.5171, 43.02391], [10.53907, 43.07941], [10.5357, 43.11289], [10.54656, 43.14712], [10.53448, 43.18505], [10.52817, 43.24677], [10.43702, 43.38858], [10.37338, 43.45319], [10.35914, 43.46528], [10.32636, 43.47688], [10.31734, 43.49243], [10.29474, 43.56882], [10.26401, 43.80939], [10.25164, 43.84662], [10.21013, 43.92023], [10.18068, 43.95527], [10.1365, 43.97871], [10.10581, 44.01675], [10.09059, 44.02538], [10.07204, 44.02954], [10.03533, 44.04784], [9.98854, 44.05976], [9.98071, 44.04988], [9.96274, 44.04468], [9.88795, 44.093], [9.8768, 44.08785], [9.84474, 44.10863], [9.82643, 44.10724], [9.83325, 44.09985], [9.81959, 44.093], [9.83058, 44.07884], [9.84749, 44.07249], [9.84749, 44.06632], [9.83326, 44.05207], [9.84634, 44.04629], [9.84253, 44.04117], [9.8323, 44.04231], [9.81984, 44.06338], [9.77183, 44.07942], [9.68263, 44.13654], [9.62111, 44.14827], [9.57994, 44.17895], [9.57301, 44.1916], [9.49904, 44.22184], [9.48439, 44.24384], [9.45418, 44.23773], [9.43679, 44.2395], [9.42237, 44.25678], [9.37453, 44.2718], [9.36769, 44.29442], [9.26308, 44.33626], [9.23064, 44.3537], [9.21371, 44.33344], [9.21069, 44.30534], [9.16506, 44.31831], [9.14667, 44.32856], [9.14861, 44.34003], [9.13006, 44.36335], [9.10206, 44.37397], [9.00123, 44.38728], [8.92368, 44.41157], [8.86873, 44.40973], [8.84567, 44.41343], [8.827, 44.42845], [8.76238, 44.43212], [8.73715, 44.42878], [8.67855, 44.39469], [8.65512, 44.39468], [8.59376, 44.36275], [8.56479, 44.35716], [8.54029, 44.34004], [8.46608, 44.30427], [8.44451, 44.28388], [8.4497, 44.26435], [8.43538, 44.24043], [8.41188, 44.22704], [8.40651, 44.21503], [8.4082, 44.19351], [8.39427, 44.18226], [8.31349, 44.16047], [8.28468, 44.14826], [8.25652, 44.12836], [8.23317, 44.10358], [8.22998, 44.0725], [8.21631, 44.04524], [8.16912, 44.00666], [8.15268, 43.98322], [8.16797, 43.9565], [8.1447, 43.95258], [8.11524, 43.92769], [8.0892, 43.91987], [8.06771, 43.89668], [8.03142, 43.88752], [7.95972, 43.85286], [7.78582, 43.82197], [7.73631, 43.7982], [7.695, 43.79122], [7.57203, 43.79133], [7.54378, 43.78449], [7.50229, 43.79222], [7.47641, 43.78449], [7.4764, 43.76464], [7.45434, 43.75712], [7.40431, 43.71798], [7.36575, 43.72273], [7.3423, 43.70783], [7.33052, 43.68643], [7.30118, 43.68765], [7.28025, 43.69333], [7.25727, 43.69165], [7.22851, 43.6742], [7.2318, 43.66347], [7.2038, 43.64437], [7.19668, 43.65692], [7.17765, 43.66011], [7.15162, 43.65477], [7.13657, 43.64118], [7.12615, 43.60583], [7.13865, 43.5539], [7.12552, 43.54778], [7.11294, 43.56454], [7.08843, 43.56867], [7.03721, 43.53627], [7.03063, 43.54789], [6.9756, 43.54695], [6.96209, 43.54011], [6.9452, 43.52725], [6.94089, 43.51246], [6.95428, 43.50011], [6.92508, 43.47276], [6.92036, 43.44902], [6.89824, 43.438], [6.89402, 43.42764], [6.87107, 43.42609], [6.86296, 43.43936], [6.8561, 43.42873], [6.86012, 43.41588], [6.84667, 43.41259], [6.81884, 43.41607], [6.78306, 43.40865], [6.77297, 43.41845], [6.75709, 43.42269], [6.7465, 43.41791], [6.73115, 43.40785], [6.73281, 43.38208], [6.71778, 43.36689], [6.71782, 43.35061], [6.67457, 43.34638], [6.66129, 43.32234], [6.62462, 43.29592], [6.59724, 43.28401], [6.59089, 43.2689], [6.61167, 43.26429], [6.67236, 43.27619], [6.69336, 43.27296], [6.69801, 43.26546], [6.68553, 43.24823], [6.66836, 43.23954], [6.6654, 43.22129], [6.67978, 43.20156], [6.66004, 43.19026], [6.60987, 43.17342], [6.59947, 43.175], [6.59327, 43.18773], [6.53991, 43.1822], [6.5267, 43.16057], [6.50568, 43.15098], [6.47916, 43.15606], [6.42202, 43.15234], [6.40168, 43.14694], [6.37854, 43.13608], [6.36608, 43.11863], [6.37535, 43.09085], [6.34226, 43.09077], [6.32569, 43.10419], [6.28037, 43.11867], [6.25347, 43.12087], [6.1932, 43.10877], [6.16293, 43.0926], [6.15317, 43.07197], [6.15277, 43.04811], [6.17133, 43.04232], [6.1854, 43.04543], [6.18006, 43.03593], [6.09798, 43.03127], [6.08878, 43.03475], [6.13207, 43.05264], [6.12909, 43.07136], [6.10966, 43.08432], [6.02702, 43.07821], [6.01652, 43.09894], [5.95866, 43.10218], [5.93411, 43.1136], [5.94093, 43.13402], [5.90854, 43.13129], [5.8794, 43.12043], [5.89623, 43.11543], [5.91061, 43.0932], [5.95136, 43.07997], [5.94028, 43.07092], [5.88796, 43.07223], [5.87534, 43.06879], [5.8566, 43.04484], [5.81897, 43.05348], [5.8068, 43.06046], [5.84152, 43.15921], [5.99728, 43.48761], [6.04639, 43.48158], [6.11852, 43.46564], [6.17824, 43.47402], [6.22289, 43.51759], [6.26977, 43.55159], [6.3633, 43.64744], [6.44609, 43.70227], [6.54683, 43.74583], [6.64109, 43.73056], [6.68713, 43.71774], [6.75586, 43.69059], [6.76999, 43.69327], [7.33427, 44.33731], [7.7193, 44.79335], [8.09347, 45.25976], [8.62771, 45.692], [8.9, 45.8264], [8.93959, 45.83483], [8.97235, 45.82465], [9.00243, 45.82072], [9.03436, 45.84811], [9.05927, 45.88195], [9.06309, 45.89896], [9.05173, 45.91554], [9.0108, 45.92666], [9.0017, 45.93606], [8.99343, 45.95425], [8.98052, 45.96438], [8.98269, 45.97197], [9.01555, 45.99311], [8.99778, 46.02794], [9.00212, 46.03931], [9.02775, 46.05311], [9.05917, 46.06179], [9.06713, 46.07114], [9.07033, 46.08344], [9.06816, 46.10597], [9.07209, 46.11889], [9.09059, 46.13817], [9.16324, 46.17227], [9.18133, 46.20405], [9.20417, 46.21356], [9.22484, 46.23118], [9.23973, 46.267], [9.26897, 46.30937], [9.27517, 46.33138], [9.27383, 46.34425], [9.2604, 46.37973], [9.26288, 46.40663], [9.26091, 46.41665], [9.24758, 46.42303], [9.23797, 46.43655], [9.24582, 46.46104], [9.26319, 46.48512], [9.28231, 46.49737], [9.33099, 46.5015], [9.35083, 46.49786], [9.35155, 46.48548], [9.37708, 46.46869], [9.38463, 46.46642], [9.39548, 46.46941], [9.41067, 46.4889], [9.43465, 46.49833], [9.6992, 46.64509], [9.75939, 46.70228], [9.89994, 46.9144], [10.00691, 46.89076], [10.04557, 46.86556], [10.0681, 46.85662], [10.1113, 46.84712], [10.13197, 46.84657], [10.15781, 46.85161], [10.20142, 46.86683], [10.21166, 46.87704], [10.21992, 46.90577], [10.23512, 46.92331], [10.25134, 46.92538], [10.27077, 46.92189], [10.29568, 46.92269], [10.2962, 46.94137], [10.31366, 46.96432], [10.33888, 46.98411], [10.3734, 46.99625], [10.29679, 47.29837], [10.32545, 47.31432], [10.34343, 47.33076], [10.37165, 47.36739], [10.41164, 47.38104], [10.42828, 47.39605], [10.44286, 47.41628], [10.45195, 47.43876], [10.45174, 47.4602], [10.44224, 47.48139], [10.4196, 47.49305], [10.43097, 47.54216], [10.41567, 47.56438], [10.41423, 47.57302], [10.4536, 47.5811], [10.46156, 47.56991], [10.45174, 47.55482], [10.4535, 47.54625], [10.45877, 47.54165], [10.48254, 47.53286], [10.52513, 47.52847], [10.53691, 47.52986], [10.54962, 47.53679], [10.56988, 47.55594], [10.58373, 47.56247], [10.60791, 47.56227], [10.73989, 47.52847], [10.75219, 47.51539], [10.76077, 47.51364], [10.79033, 47.51607], [10.8448, 47.53131], [10.85864, 47.53067], [10.89223, 47.51488], [10.88386, 47.50801], [10.85162, 47.4931], [10.85844, 47.48516], [10.90991, 47.46899], [10.95983, 47.43251], [10.96313, 47.42124], [10.95528, 47.40961], [10.96551, 47.39608], [10.97946, 47.39054], [11.08375, 47.38951], [11.10328, 47.39357], [11.1686, 47.42426], [11.19382, 47.42894], [11.21521, 47.423], [11.21304, 47.39582], [11.23702, 47.39396], [11.25883, 47.40072], [11.30565, 47.4354], [11.32425, 47.43943], [11.36766, 47.44013], [11.38388, 47.44486], [11.39246, 47.45478], [11.38864, 47.46222], [11.36549, 47.46933], [11.41262, 47.50609], [11.43535, 47.50971], [11.48258, 47.50258], [11.52951, 47.50785], [11.55121, 47.51369], [11.5694, 47.52738], [11.58914, 47.57038], [11.62046, 47.58965], [11.68257, 47.58335], [11.76401, 47.58312], [11.82034, 47.57529], [11.83068, 47.57761], [11.8407, 47.59461], [11.85197, 47.59916], [11.93589, 47.61074], [12.1736, 47.60508], [12.20213, 47.62983], [12.20678, 47.64557], [12.20513, 47.67229], [12.20234, 47.67779], [12.18177, 47.69213], [12.1766, 47.70582], [12.19241, 47.71016], [12.22518, 47.72737], [12.24223, 47.73202], [12.344, 47.9574], [12.43557, 47.99066], [12.74204, 48.08678], [12.73698, 48.09996], [12.73894, 48.11345], [12.74504, 48.12063], [12.76406, 48.12376], [12.78235, 48.14202], [12.82214, 48.16068], [12.86255, 48.19665], [12.87764, 48.20205], [12.93304, 48.20925], [12.9317, 48.21163], [12.97945, 48.23202], [13.03278, 48.26357], [13.13644, 48.29106], [13.27421, 48.3071], [13.3078, 48.31964], [13.40557, 48.37658], [13.67363, 48.23714], [14.00396, 48.31125], [14.16988, 48.35179], [14.30107, 48.56136], [14.32536, 48.55864], [14.35337, 48.57143], [14.40535, 48.58629], [14.42117, 48.59706], [14.44359, 48.63652], [14.45817, 48.64318], [14.48214, 48.62448], [14.53382, 48.60871], [14.57878, 48.6205], [14.59418, 48.62132], [14.60059, 48.61758], [14.60193, 48.60453], [14.60513, 48.60032], [14.63469, 48.60233], [14.65919, 48.57696], [14.67562, 48.57624], [14.69567, 48.58954], [14.70073, 48.61554], [14.70022, 48.6461], [14.70384, 48.6731], [14.72275, 48.69341], [14.77536, 48.724], [14.78042, 48.74312], [14.79045, 48.75486], [14.80037, 48.77651], [14.81546, 48.78033], [14.86765, 48.77558], [14.91933, 48.76157], [14.93958, 48.76281], [15.22562, 48.641], [15.39574, 48.69519], [15.53758, 48.90431], [15.60373, 48.88735], [15.68135, 48.85847], [15.70377, 48.85495], [15.72682, 48.85495], [15.7879, 48.87226], [15.8185, 48.87232], [15.82428, 48.86942], [15.82831, 48.85712], [15.83328, 48.85201], [15.85922, 48.84916], [15.87761, 48.84167], [15.88599, 48.84203], [15.87575, 48.83309], [15.89963, 48.83475], [15.90707, 48.83025], [15.9081, 48.81971], [15.92505, 48.8226], [15.93032, 48.81831], [15.93177, 48.80643], [16.03233, 48.75806], [16.08535, 48.74287], [16.17775, 48.74653], [16.31759, 48.73284], [16.3395, 48.73558], [16.35831, 48.72726], [16.37402, 48.73031], [16.38497, 48.73708], [16.43572, 48.79454], [16.45308, 48.80219], [16.48192, 48.7994], [16.51954, 48.8056], [16.52874, 48.80353], [16.69432, 49.01125], [17.30446, 49.1437], [17.76141, 49.25097], [18.11751, 49.20187], [18.13649, 49.23307], [18.16058, 49.2587], [18.19003, 49.27694], [18.3246, 49.31126], [18.38516, 49.34226], [18.38764, 49.38975], [18.41679, 49.38546], [18.43921, 49.39507], [18.4818, 49.42908], [18.52293, 49.44608], [18.52799, 49.45486], [18.53048, 49.47347], [18.53564, 49.48168], [18.55621, 49.49016], [18.60045, 49.48597], [18.6359, 49.49672], [18.70452, 49.47926], [18.73253, 49.48029], [18.77356, 49.50489], [18.79227, 49.50954], [18.83489, 49.51353], [18.85905, 49.50872], [18.93221, 49.50432], [18.96115, 49.49279], [18.95236, 49.47595], [18.96084, 49.43331], [18.9567, 49.40045], [18.96228, 49.38918], [19.00714, 49.3881], [19.04579, 49.40277], [19.0676, 49.40613], [19.10625, 49.39141], [19.14171, 49.3942], [19.1725, 49.40226], [19.17974, 49.41027], [19.18935, 49.4422], [19.20899, 49.44499], [19.21136, 49.45166], [19.20444, 49.46055], [19.22046, 49.493], [19.2341, 49.50721], [19.24867, 49.51626], [19.28423, 49.52416], [19.31503, 49.52396], [19.33952, 49.52876], [19.4376, 49.60013], [19.44339, 49.60178], [19.45734, 49.59806], [19.7379, 49.73009], [19.78973, 49.74227], [20.71572, 49.83896], [21.64515, 49.92871], [22.7427, 50.02535], [23.0472, 49.90578], [23.10146, 49.95711], [23.14125, 49.98548], [23.17784, 50.00398], [23.20792, 50.03395], [23.43643, 50.19347], [23.57666, 50.26572], [23.85292, 50.1196], [23.90714, 50.12396], [24.64598, 50.09556], [25.74835, 50.05822], [26.85713, 50.032], [27.93686, 49.99692], [28.95642, 49.8421], [29.96957, 49.67903], [30.63692, 49.56271], [31.62593, 49.37511], [32.4463, 49.09623], [33.28161, 48.80368], [34.06069, 48.52288], [34.87801, 48.2199], [35.80948, 47.71864], [36.76453, 47.18812], [36.77545, 47.18765], [36.82662, 47.20483], [36.90329, 47.22313], [36.97686, 47.25369], [37.02594, 47.26831], [37.10746, 47.28506], [37.22683, 47.36379], [37.30807, 47.3403], [37.35273, 47.32195], [37.78203, 47.08229], [37.75326, 47.07527], [37.7103, 47.07418], [37.58074, 47.0904], [37.5464, 47.08161], [37.48292, 47.03596], [37.37794, 46.9339], [37.33521, 46.88248], [37.3133, 46.87565], [37.31739, 46.90082], [37.29542, 46.92023], [37.26075, 46.93269], [37.22706, 46.937], [37.20818, 46.93358], [37.16228, 46.90909], [37.02882, 46.87556], [36.9846, 46.85238], [36.93881, 46.8395], [36.88623, 46.80403], [36.85369, 46.80048], [36.86246, 46.77692], [36.8296, 46.73188], [36.81214, 46.68039], [36.7937, 46.65364], [36.76929, 46.63741], [36.74384, 46.64217], [36.74384, 46.64959], [36.77166, 46.64346], [36.79029, 46.67129], [36.8025, 46.72476], [36.75807, 46.75886], [36.69606, 46.77997], [36.67921, 46.77303], [36.63396, 46.77998], [36.61704, 46.77668], [36.59001, 46.75887], [36.5241, 46.75886], [36.48267, 46.74169], [36.43247, 46.73485], [36.40016, 46.72394], [36.3711, 46.70844], [36.30348, 46.65925], [36.28435, 46.63642], [36.27832, 46.60742], [36.27086, 46.60742], [36.26759, 46.62556], [36.2479, 46.61904], [36.24578, 46.61085], [36.24075, 46.61994], [36.24431, 46.63532], [36.23065, 46.64216], [36.21665, 46.65868], [36.18946, 46.66901], [36.13445, 46.66268], [36.06202, 46.67011], [35.92589, 46.65233], [35.90162, 46.65274], [35.77117, 46.60126], [35.74195, 46.58442], [35.66156, 46.51948], [35.62866, 46.49849], [35.49147, 46.44798], [35.44527, 46.40585], [35.38014, 46.36848], [35.28465, 46.25938], [35.26352, 46.24226], [35.20969, 46.17014], [35.18445, 46.14527], [35.16179, 46.12825], [35.1211, 46.11848], [35.09652, 46.1042], [35.06227, 46.09862], [34.99972, 46.0737], [34.98212, 46.07783], [34.98538, 46.08747], [35.01711, 46.11277], [35.05193, 46.12824], [35.04446, 46.14191], [35.14894, 46.16413], [35.20045, 46.18301], [35.29136, 46.29336], [35.32781, 46.31924], [35.34213, 46.33576], [35.34604, 46.36103], [35.31153, 46.33764], [35.29176, 46.33642], [35.2676, 46.35107], [35.25861, 46.37359], [35.26451, 46.3998], [35.28452, 46.4374], [35.25051, 46.44356], [35.21457, 46.46267], [35.19142, 46.49429], [35.18832, 46.51244], [35.16668, 46.49315], [35.174, 46.47333], [35.20198, 46.44049], [35.2137, 46.41181], [35.20947, 46.39643], [35.20149, 46.38533], [35.16782, 46.36103], [35.10812, 46.29752], [35.07503, 46.27107], [35.03076, 46.25179], [34.92653, 46.23506], [34.91388, 46.2383], [34.9048, 46.25568], [34.89357, 46.25178], [34.88216, 46.22175], [34.83888, 46.20767], [34.81764, 46.18622], [34.81129, 46.16625], [34.81912, 46.1417], [34.82423, 46.07795], [34.83862, 46.04734], [34.87436, 45.92609], [34.9052, 45.88831], [34.95818, 45.78954], [35.04444, 45.67007], [35.3322, 45.37124], [35.48072, 45.2978], [35.51783, 45.29548], [35.695, 45.33039], [35.71599, 45.34056], [35.74334, 45.36107], [35.75295, 45.38641], [35.76743, 45.38898], [35.78842, 45.40746], [35.80398, 45.44916], [35.81716, 45.46405], [35.83327, 45.47088], [35.85766, 45.46942], [35.86002, 45.45954], [35.84693, 45.42626], [35.85401, 45.41401], [35.94662, 45.37214], [35.98601, 45.36274], [36.02231, 45.36811], [36.05177, 45.39521], [36.06887, 45.42999], [36.11794, 45.45709], [36.13746, 45.46205], [36.25245, 45.46149], [36.28403, 45.47662], [36.29997, 45.47333], [36.30737, 45.46092], [36.29884, 45.44302], [36.3117, 45.44351], [36.34051, 45.45725], [36.41179, 45.43623], [36.47055, 45.44577], [36.49025, 45.44306], [36.53297, 45.40892], [36.5486, 45.4123], [36.56667, 45.42519], [36.58354, 45.42728], [36.61353, 45.40888], [36.63822, 45.35107], [36.63086, 45.34057], [36.58655, 45.33382], [36.54518, 45.3474], [36.52182, 45.34992], [36.50245, 45.34687], [36.48927, 45.33633], [36.48439, 45.31639], [36.49723, 45.30073], [36.49056, 45.29219], [36.45037, 45.28535], [36.43727, 45.27204], [36.41798, 45.22993], [36.40887, 45.14948], [36.41481, 45.12836], [36.45532, 45.09162], [36.45336, 45.07649], [36.44011, 45.06746], [36.36785, 45.04879], [36.26775, 45.04369], [36.25782, 45.03897], [36.24431, 45.01098], [36.22462, 45.00752], [36.136, 45.02144], [36.07911, 45.04637], [36.07911, 45.03898], [36.04786, 45.04877], [36.0254, 45.0329], [35.99341, 44.998], [35.91684, 45.00141], [35.84799, 44.99243], [35.82782, 44.99922], [35.813, 45.03164], [35.78321, 45.05752], [35.70639, 45.09467], [35.63404, 45.11469], [35.59059, 45.11986], [35.54737, 45.1197], [35.5062, 45.11351], [35.46957, 45.10102], [35.40805, 45.06249], [35.39731, 45.03506], [35.40064, 45.02464], [35.43538, 45.01097], [35.43538, 45.00483], [35.42213, 45.00045], [35.38942, 45.00194], [35.37403, 44.99799], [35.36215, 44.98656], [35.36718, 44.94337], [35.31935, 44.97004], [35.29819, 44.95638], [35.2732, 44.96699], [35.25603, 44.95869], [35.23315, 44.92569], [35.21509, 44.91438], [35.15431, 44.90111], [35.12973, 44.8686], [35.10839, 44.82494], [35.08081, 44.79378], [35.03762, 44.79878], [35.00571, 44.83519], [34.98601, 44.84028], [34.95248, 44.84154], [34.93019, 44.83613], [34.90788, 44.82051], [34.89023, 44.81814], [34.85719, 44.82372], [34.82651, 44.81185], [34.75701, 44.8205], [34.72096, 44.81098], [34.65064, 44.7773], [34.61335, 44.7653], [34.53321, 44.75292], [34.50001, 44.74262], [34.47527, 44.72363], [34.47332, 44.73029], [34.46901, 44.7298], [34.41432, 44.67377], [34.38022, 44.63133], [34.3313, 44.54549], [34.27101, 44.54548], [34.24292, 44.50748], [34.22982, 44.49991], [34.18246, 44.49282], [34.13625, 44.44184], [34.10254, 44.42513], [34.06577, 44.41962], [33.95785, 44.38301], [33.91489, 44.38379], [33.85206, 44.40152], [33.80733, 44.39469], [33.72069, 44.39973], [33.64537, 44.42513], [33.63191, 44.43416], [33.62013, 44.46223], [33.57838, 44.49706], [33.51759, 44.49056], [33.48715, 44.51032], [33.37966, 44.56453], [33.37244, 44.5763], [33.37113, 44.58842], [33.37501, 44.5854], [33.40545, 44.59024], [33.43589, 44.60528], [33.47739, 44.60664], [33.50001, 44.61391], [33.55112, 44.61465], [33.57154, 44.62055], [33.52516, 44.62885], [33.5163, 44.63427], [33.51483, 44.64911], [33.5442, 44.68268], [33.54835, 44.69868], [33.52516, 44.77241], [33.5163, 44.7851], [33.52768, 44.7932], [33.54597, 44.83668], [33.55939, 44.84958], [33.59832, 44.85932], [33.60922, 44.87173], [33.61988, 44.90864], [33.61964, 44.93146], [33.60564, 44.98745], [33.58513, 45.01867], [33.56251, 45.09394], [33.53745, 45.11738], [33.46909, 45.14884], [33.41342, 45.18452], [33.3965, 45.18977], [33.35515, 45.18574], [33.25962, 45.15609], [33.24008, 45.17963], [33.17338, 45.19675], [33.1233, 45.23786], [33.09849, 45.24812], [33.07862, 45.27167], [33.04323, 45.28535], [32.9406, 45.34251], [32.89926, 45.35423], [32.75017, 45.36335], [32.72853, 45.36107], [32.66276, 45.32014], [32.59149, 45.32015], [32.53541, 45.33804], [32.51288, 45.34057], [32.48163, 45.40888], [32.49514, 45.43553], [32.52497, 45.45802], [32.64357, 45.52167], [32.70485, 45.53107], [32.73471, 45.5454], [32.75783, 45.56463], [32.77332, 45.56651], [32.81398, 45.55907], [32.82789, 45.5624], [32.82701, 45.59552], [32.86845, 45.6302], [32.93678, 45.6625], [33.17612, 45.74311], [33.181, 45.75519], [33.15921, 45.7685], [33.16067, 45.77879], [33.1692, 45.7844], [33.19483, 45.76512], [33.23015, 45.75092], [33.26539, 45.75381], [33.33815, 45.78563], [33.37428, 45.79654], [33.41001, 45.8266], [33.4819, 45.85439], [33.50766, 45.84296], [33.53012, 45.84186], [33.55421, 45.84707], [33.57839, 45.86814], [33.61988, 45.88181], [33.6419, 45.87587], [33.65895, 45.85932], [33.69166, 45.86074], [33.69355, 45.91448], [33.70867, 45.90974], [33.77703, 45.92963], [33.73959, 45.94782], [33.68246, 45.95844], [33.65724, 45.95694], [33.63201, 45.94442], [33.6199, 45.95075], [33.64682, 45.97972], [33.63202, 45.98827], [33.63113, 45.99653], [33.64356, 46.01496], [33.62796, 46.06781], [33.64845, 46.09003], [33.64356, 46.10468], [33.61346, 46.14521], [33.59653, 46.15575], [33.57154, 46.14936], [33.53248, 46.12153], [33.53126, 46.10688], [33.55786, 46.09471], [33.55786, 46.08732], [33.50563, 46.08027], [33.49578, 46.06786], [33.51626, 46.04634], [33.48553, 46.05317], [33.42384, 46.0533], [33.38429, 46.08759], [33.35776, 46.10383], [33.33107, 46.10749], [33.3108, 46.08732], [33.30584, 46.09235], [33.29032, 46.09472], [33.31772, 46.1197], [33.31568, 46.13101], [33.29347, 46.13569], [33.21463, 46.12825], [33.22535, 46.15412], [33.23512, 46.22382], [33.21192, 46.20628], [33.17505, 46.15315], [33.12289, 46.1359], [33.10329, 46.13838], [33.02345, 46.16987], [33.03247, 46.14102], [33.01823, 46.12768], [32.89955, 46.11522], [32.88266, 46.12067], [32.84482, 46.12138], [32.78981, 46.13434], [32.76629, 46.13569], [32.71404, 46.12007], [32.58823, 46.1044], [32.54371, 46.08048], [32.50343, 46.07613], [32.30285, 46.11662], [32.28053, 46.12759], [32.26248, 46.12825], [32.24197, 46.17666], [32.26092, 46.18862], [32.2693, 46.20458], [32.23927, 46.19526], [32.21315, 46.19307], [32.12868, 46.20971], [32.11542, 46.21455], [32.07789, 46.2495], [32.05014, 46.26606], [32.01781, 46.25761], [31.96844, 46.27571], [31.88575, 46.32001], [31.88989, 46.28384], [31.88233, 46.27913], [31.81919, 46.2806], [31.78591, 46.2924], [31.77249, 46.30269], [31.76736, 46.31818], [31.77997, 46.33177], [31.79982, 46.34222], [31.83741, 46.34954], [31.89259, 46.34113], [31.96827, 46.35106], [32.02964, 46.38897], [32.06186, 46.39378], [32.05356, 46.40599], [32.00782, 46.44896], [31.99171, 46.45356], [31.9546, 46.451], [31.91066, 46.45589], [31.74855, 46.49994], [31.72641, 46.50088], [31.7107, 46.49543], [31.69028, 46.47858], [31.68652, 46.42993], [31.66358, 46.47211], [31.6412, 46.48225], [31.52468, 46.56402], [31.50835, 46.58756], [31.58155, 46.54523], [31.75636, 46.55426], [31.79021, 46.54726], [31.86183, 46.51927], [31.94711, 46.51926], [32.03346, 46.50629], [32.11197, 46.51239], [32.22152, 46.49542], [32.27613, 46.47089], [32.31756, 46.46434], [32.36101, 46.46686], [32.39967, 46.47834], [32.42701, 46.49885], [32.40839, 46.51728], [32.43574, 46.54315], [32.52475, 46.59271], [32.57097, 46.59642], [32.58839, 46.60432], [32.6338, 46.63312], [32.64552, 46.6496], [32.56739, 46.61849], [32.54371, 46.62173], [32.40902, 46.56893], [32.33579, 46.56217], [32.26931, 46.5876], [32.24822, 46.60741], [32.21126, 46.5877], [32.16993, 46.58076], [32.14633, 46.56026], [32.13211, 46.5703], [32.11793, 46.60688], [32.10108, 46.6149], [32.02281, 46.62914], [31.97997, 46.67685], [31.97071, 46.71288], [31.94026, 46.75909], [31.93622, 46.80036], [31.95477, 46.83144], [31.9817, 46.86034], [32.00245, 46.89545], [32.0075, 46.91523], [32.00668, 46.93049], [31.99594, 46.94038], [31.94606, 46.94669], [31.9359, 46.95482], [31.93922, 46.96796], [31.9769, 47.00935], [31.97096, 47.01634], [31.9437, 47.01895], [31.88114, 47.01504], [31.86526, 47.02636], [31.89324, 47.06843], [31.89682, 47.09272], [31.88234, 47.1186], [31.84556, 47.13403], [31.83058, 47.18675], [31.81674, 47.19709], [31.75766, 47.21621], [31.74855, 47.22846], [31.75213, 47.25585], [31.74171, 47.2591], [31.72055, 47.23188], [31.72682, 47.22053], [31.76173, 47.20051], [31.80616, 47.19269], [31.81625, 47.18085], [31.8156, 47.12263], [31.82, 47.11709], [31.84473, 47.11297], [31.87428, 47.09382], [31.86645, 47.07706], [31.84474, 47.0537], [31.83741, 47.00845], [31.86899, 46.99885], [31.91407, 47.00308], [31.9471, 46.99908], [31.91773, 46.97626], [31.90431, 46.96052], [31.89943, 46.94383], [31.90772, 46.92646], [31.92563, 46.92292], [31.96827, 46.937], [31.97277, 46.91515], [31.96337, 46.88569], [31.94507, 46.85953], [31.92318, 46.84831], [31.89861, 46.84292], [31.87745, 46.82827], [31.86476, 46.80659], [31.86524, 46.77997], [31.90673, 46.73823], [31.89943, 46.694], [31.90852, 46.66275], [31.89209, 46.64363], [31.8584, 46.62914], [31.81471, 46.62304], [31.7715, 46.62752], [31.67408, 46.65323], [31.61443, 46.6496], [31.59718, 46.64322], [31.57854, 46.6173], [31.55682, 46.61491], [31.53452, 46.62718], [31.49302, 46.62874], [31.48505, 46.63228], [31.48098, 46.64643], [31.4909, 46.6634], [31.54615, 46.72761], [31.56023, 46.74909], [31.55984, 46.75885], [31.61818, 46.81346], [31.60613, 46.8264], [31.584, 46.79365], [31.54933, 46.77997], [31.52276, 46.75015], [31.50831, 46.7452], [31.48162, 46.75886], [31.45607, 46.79605], [31.44068, 46.80048], [31.45582, 46.75458], [31.50211, 46.72772], [31.50585, 46.7204], [31.47819, 46.68379], [31.46266, 46.67524], [31.41618, 46.62914], [31.39666, 46.62604], [31.33766, 46.60128], [31.28297, 46.6149], [31.27556, 46.60742], [31.25668, 46.6164], [31.18686, 46.62914], [31.15952, 46.62897], [31.10816, 46.61775], [30.99138, 46.60126], [30.95923, 46.58341], [30.93914, 46.58771], [30.92604, 46.5843], [30.8666, 46.55574], [30.8545, 46.55342], [30.80258, 46.56025], [30.7907, 46.55292], [30.75489, 46.51586], [30.78207, 46.45722], [30.79817, 46.44644], [30.78354, 46.43085], [30.77246, 46.39643], [30.71452, 46.34798], [30.66066, 46.3509], [30.65187, 46.34455], [30.68652, 46.32001], [30.68238, 46.29955], [30.65349, 46.25959], [30.58351, 46.19033], [30.56161, 46.16144], [30.52328, 46.13377], [30.49414, 46.08048], [30.37127, 45.99795], [30.26168, 45.89575], [30.2046, 45.85568], [30.13846, 45.81979], [30.13527, 45.88915], [30.12745, 45.89134], [30.11061, 45.87507], [30.09457, 45.81485], [30.08671, 45.81355], [30.07244, 45.82099], [30.06121, 45.81348], [30.01466, 45.83967], [29.99073, 45.84707], [29.96852, 45.83894], [29.95288, 45.77199], [29.93238, 45.79243], [29.93914, 45.81045], [29.93507, 45.81615], [29.92628, 45.81379], [29.91871, 45.79987], [29.92237, 45.76944], [29.93929, 45.75153], [29.93238, 45.72422], [29.91969, 45.74055], [29.89822, 45.75154], [29.89617, 45.76362], [29.88771, 45.76512], [29.87403, 45.75154], [29.82374, 45.74763], [29.80242, 45.73749], [29.79575, 45.71735], [29.80323, 45.70417], [29.84302, 45.69065], [29.86499, 45.67234], [29.80958, 45.64859], [29.78907, 45.65526], [29.78386, 45.64663], [29.78907, 45.63544], [29.74594, 45.62263], [29.73375, 45.61435], [29.73504, 45.64057], [29.72397, 45.66743], [29.70525, 45.68842], [29.68264, 45.69685], [29.67922, 45.75153], [29.69386, 45.78132], [29.68043, 45.79828], [29.65333, 45.81387], [29.64283, 45.82722], [29.63819, 45.82632], [29.63136, 45.81354], [29.65185, 45.78901], [29.62957, 45.7635], [29.62273, 45.73623], [29.63752, 45.70991], [29.6032, 45.69131], [29.59718, 45.65229], [29.59936, 45.60444], [29.58969, 45.55907], [29.62908, 45.5467], [29.64845, 45.5454], [29.66684, 45.54816], [29.70695, 45.57323], [29.66162, 45.52587], [29.63803, 45.51386], [29.62671, 45.49507], [29.60515, 45.48701], [29.60572, 45.47818], [29.6211, 45.45441], [29.6408, 45.4418], [29.65187, 45.44302], [29.65632, 45.47424], [29.67236, 45.47711], [29.6753, 45.44961], [29.68653, 45.45356], [29.68589, 45.45725], [29.70215, 45.4566], [29.70867, 45.45279], [29.71323, 45.43623], [29.72447, 45.46816], [29.73227, 45.47572], [29.74739, 45.46344], [29.75585, 45.42789], [29.74779, 45.41429], [29.72771, 45.41568], [29.74187, 45.40453], [29.75016, 45.38581], [29.75618, 45.32156], [29.72975, 45.25812], [29.72973, 45.23774], [29.69211, 45.21669], [29.67449, 45.21358], [29.62387, 45.2165], [29.64975, 45.1778], [29.667, 45.16421], [29.69953, 45.1618], [29.67652, 45.1446], [29.6644, 45.11693], [29.65625, 45.02896], [29.63754, 44.98371], [29.63091, 44.93886], [29.62387, 44.9291], [29.63037, 44.90766], [29.60515, 44.88003], [29.61783, 44.86148], [29.61116, 44.84932], [29.58351, 44.84028], [29.56178, 44.82027], [29.542, 44.82783], [29.51058, 44.82046], [29.31621, 44.79881], [29.19207, 44.79287], [29.1561, 44.78441], [29.05584, 44.73518], [29.02638, 44.71467], [29.00073, 44.68892], [28.99391, 44.69636], [28.99488, 44.71113], [28.97496, 44.74493], [29.09816, 44.77538], [29.12062, 44.78657], [29.13868, 44.80402], [29.14471, 44.82665], [29.13884, 44.83918], [29.09636, 44.87507], [29.10375, 44.84029], [29.0879, 44.84272], [29.06032, 44.83236], [29.04861, 44.84716], [29.0442, 44.86523], [29.04177, 44.92568], [29.0521, 44.94464], [29.09881, 44.95698], [29.11061, 44.97004], [29.10174, 44.98029], [29.05828, 45.00096], [28.98325, 45.01227], [28.97283, 45.01097], [28.96021, 44.98771], [28.91684, 44.97968], [28.88006, 44.95478], [28.86939, 44.94334], [28.86354, 44.92231], [28.87662, 44.90485], [28.86354, 44.89155], [28.86647, 44.88264], [28.88152, 44.8697], [28.90405, 44.86273], [28.95238, 44.82665], [28.93971, 44.81688], [28.92498, 44.81306], [28.93873, 44.806], [28.93872, 44.79878], [28.92628, 44.79295], [28.92547, 44.78368], [28.94611, 44.7652], [28.92414, 44.75785], [28.86883, 44.75357], [28.79835, 44.7202], [28.78712, 44.6933], [28.79371, 44.68789], [28.80834, 44.69633], [28.8042, 44.68424], [28.78541, 44.67967], [28.78403, 44.64924], [28.79249, 44.64472], [28.84555, 44.65156], [28.86948, 44.66181], [28.91196, 44.69636], [28.89774, 44.71677], [28.96745, 44.70098], [28.98341, 44.69261], [28.98755, 44.67528], [28.97933, 44.65535], [28.96228, 44.63957], [28.93902, 44.63433], [28.97267, 44.67023], [28.97535, 44.68684], [28.9524, 44.69636], [28.95777, 44.67878], [28.93873, 44.67525], [28.91822, 44.68268], [28.90454, 44.66841], [28.85417, 44.63436], [28.77418, 44.60077], [28.79469, 44.63426], [28.76694, 44.63373], [28.75782, 44.62678], [28.75367, 44.61376], [28.76677, 44.61375], [28.76059, 44.6037], [28.76442, 44.59589], [28.78781, 44.58649], [28.74806, 44.57779], [28.73268, 44.56786], [28.73268, 44.55231], [28.74692, 44.56598], [28.77416, 44.55231], [28.75343, 44.5135], [28.74562, 44.48615], [28.75026, 44.4667], [28.75847, 44.46528], [28.77198, 44.48371], [28.77835, 44.50739], [28.80836, 44.52505], [28.85565, 44.56768], [28.89243, 44.57705], [28.90626, 44.58771], [28.92494, 44.62046], [28.9095, 44.58397], [28.844, 44.49373], [28.79672, 44.46792], [28.70655, 44.38105], [28.69312, 44.34615], [28.68019, 44.35334], [28.6644, 44.34837], [28.65122, 44.34003], [28.6351, 44.31639], [28.63103, 44.26435], [28.66513, 44.19947], [28.66489, 44.1756], [28.67168, 44.16872], [28.65838, 44.17446], [28.64584, 44.17202], [28.63087, 44.15449], [28.67171, 43.99738], [28.66, 43.9798], [28.63769, 43.91865], [28.60939, 43.8745], [28.58448, 43.80085], [28.58919, 43.79133], [28.57618, 43.72753], [28.57309, 43.60615], [28.57553, 43.59333], [28.6027, 43.55272], [28.60351, 43.53815], [28.57857, 43.481], [28.5603, 43.45385], [28.47926, 43.3968], [28.47314, 43.36688], [28.45948, 43.38068], [28.41457, 43.39888], [28.39381, 43.41429], [28.32162, 43.42829], [28.24317, 43.40779], [28.15724, 43.40778], [28.11883, 43.39155], [28.09156, 43.36396], [28.0312, 43.24916], [28.01758, 43.23274], [28.00017, 43.22322], [27.90398, 43.20234], [27.90398, 43.1955], [27.94555, 43.16885], [27.91137, 43.06518], [27.88771, 43.04214], [27.88356, 43.03099], [27.90397, 42.94229], [27.89845, 42.87466], [27.90397, 42.85969], [27.88396, 42.84838], [27.88356, 42.83194], [27.89714, 42.784], [27.89225, 42.71053], [27.84108, 42.70833], [27.78736, 42.71516], [27.73268, 42.7145], [27.719, 42.69457], [27.71697, 42.67451], [27.73947, 42.66108], [27.64674, 42.64057], [27.62843, 42.62897], [27.63038, 42.60273], [27.65013, 42.55807], [27.63404, 42.56371], [27.54086, 42.5655], [27.51148, 42.55305], [27.48015, 42.48291], [27.46225, 42.48957], [27.45289, 42.48013], [27.45338, 42.46524], [27.46567, 42.45563], [27.46111, 42.44355], [27.46567, 42.42829], [27.47267, 42.46185], [27.50392, 42.43732], [27.51417, 42.43513], [27.54444, 42.46001], [27.56202, 42.44819], [27.57106, 42.45847], [27.59555, 42.44819], [27.62941, 42.45864], [27.64331, 42.45563], [27.63648, 42.44819], [27.65219, 42.41852], [27.66774, 42.41608], [27.69165, 42.42827], [27.69907, 42.41389], [27.71899, 42.41469], [27.71899, 42.40722], [27.69801, 42.40038], [27.70541, 42.39061], [27.71898, 42.3867], [27.70948, 42.37678], [27.70834, 42.3631], [27.72584, 42.33893], [27.74041, 42.3343], [27.78043, 42.33892], [27.77443, 42.32172], [27.78783, 42.31098], [27.76295, 42.2956], [27.75115, 42.27705], [27.75587, 42.25849], [27.78043, 42.24335], [27.77369, 42.23591], [27.80973, 42.2184], [27.83139, 42.19501], [27.85619, 42.1813], [27.84938, 42.16706], [27.87925, 42.15409], [27.90398, 42.11982], [27.95776, 42.0943], [27.97267, 42.07538], [27.98657, 42.07208], [27.98243, 42.0611], [27.98732, 42.05174], [28.00699, 42.0379], [28.00755, 42.03288], [28.00017, 42.03046], [28.01904, 42.00845], [28.02034, 41.99458], [28.01384, 41.98265], [28.03094, 41.91376], [28.04243, 41.90467], [28.04499, 41.89043], [28.03582, 41.8859], [28.00701, 41.8933], [27.99057, 41.89277], [27.97755, 41.88736], [27.96909, 41.87376], [27.96608, 41.84894], [27.97202, 41.82225], [28.02124, 41.77041], [28.04021, 41.72541], [28.07845, 41.69196], [28.08838, 41.6769], [28.08708, 41.66707], [28.07667, 41.66682], [28.07594, 41.66055], [28.09718, 41.6267], [28.11329, 41.61156], [28.14185, 41.59894], [28.17775, 41.55817], [28.23276, 41.51899], [28.38429, 41.44745], [28.60094, 41.37747], [28.90846, 41.26655], [29.00715, 41.24973], [29.02426, 41.24282], [29.04518, 41.2564], [29.06838, 41.25377], [29.09391, 41.2464], [29.10921, 41.23529], [29.08676, 41.19188], [29.06935, 41.17471], [29.04078, 41.16429], [29.07065, 41.13019], [29.0687, 41.12446], [29.06227, 41.11933], [29.0586, 41.0996], [29.04217, 41.06635], [29.02328, 41.04881], [28.99733, 41.03986], [28.98805, 41.02578], [28.99235, 41.00821], [28.9822, 41.00171], [28.96047, 41.00301], [28.94614, 41.00947], [28.92839, 40.99581], [28.89926, 40.98429], [28.84995, 40.97529], [28.83374, 40.96395], [28.82203, 40.96163], [28.78599, 40.96565], [28.77019, 40.97932], [28.74529, 40.98017]]], [[[25.7007, 34.86527], [25.68012, 34.87454], [25.68826, 34.88129], [25.71876, 34.87771], [25.72991, 34.88148], [25.73209, 34.87515], [25.7007, 34.86527]]], [[[26.12193, 34.93586], [26.12315, 34.94272], [26.13139, 34.94676], [26.14746, 34.94313], [26.14973, 34.93334], [26.13299, 34.92262], [26.12193, 34.93586]]], [[[23.58035, 35.57591], [23.60474, 35.61258], [23.60816, 35.5517], [23.61988, 35.52407], [23.63948, 35.51898], [23.64178, 35.50702], [23.65943, 35.50121], [23.70297, 35.50288], [23.71843, 35.51284], [23.72788, 35.52985], [23.73048, 35.55419], [23.71279, 35.60678], [23.72364, 35.61689], [23.7112, 35.64887], [23.71599, 35.66172], [23.74181, 35.68695], [23.75001, 35.68658], [23.77897, 35.67153], [23.77897, 35.66405], [23.76783, 35.65388], [23.77897, 35.60944], [23.77898, 35.57591], [23.79949, 35.54462], [23.81715, 35.53482], [23.90138, 35.52716], [23.92905, 35.5207], [23.94419, 35.52496], [24.0254, 35.5207], [24.04469, 35.52766], [24.05764, 35.55292], [24.09409, 35.55419], [24.08181, 35.58991], [24.11525, 35.60129], [24.16041, 35.59706], [24.18294, 35.58559], [24.20329, 35.54181], [24.18294, 35.51326], [24.14259, 35.50703], [24.08123, 35.51496], [24.0669, 35.50702], [24.07195, 35.49836], [24.1867, 35.45181], [24.2225, 35.46117], [24.25244, 35.47905], [24.26403, 35.43286], [24.26547, 35.36986], [24.3401, 35.34833], [24.42807, 35.36968], [24.46412, 35.36245], [24.48537, 35.37213], [24.5936, 35.39118], [24.67657, 35.42339], [24.72069, 35.42723], [24.82015, 35.41302], [24.84083, 35.404], [24.89552, 35.42449], [24.95753, 35.404], [24.96957, 35.41576], [24.97146, 35.42445], [25.01872, 35.41502], [25.02963, 35.40327], [25.05322, 35.40399], [25.04705, 35.38044], [25.05535, 35.35521], [25.077, 35.34447], [25.10678, 35.34248], [25.19685, 35.34936], [25.22136, 35.33568], [25.30698, 35.34316], [25.34636, 35.33609], [25.36166, 35.34315], [25.3685, 35.33568], [25.37599, 35.34315], [25.4253, 35.29955], [25.45362, 35.29413], [25.48194, 35.29743], [25.65964, 35.3493], [25.70777, 35.33568], [25.76635, 35.33567], [25.74788, 35.31076], [25.72478, 35.29413], [25.73219, 35.28791], [25.72608, 35.27875], [25.72926, 35.26455], [25.73902, 35.26], [25.7378, 35.27741], [25.74284, 35.28533], [25.75072, 35.28417], [25.75895, 35.27432], [25.75367, 35.26748], [25.75895, 35.25999], [25.75326, 35.25261], [25.74464, 35.25715], [25.73219, 35.24632], [25.7351, 35.2375], [25.71949, 35.21137], [25.72477, 35.19111], [25.71274, 35.18285], [25.72853, 35.13337], [25.75318, 35.13311], [25.79526, 35.11514], [25.81764, 35.11595], [25.83033, 35.12238], [25.84768, 35.15057], [25.88307, 35.16445], [25.89667, 35.18487], [25.97853, 35.19546], [26.03322, 35.2258], [26.05502, 35.22712], [26.06056, 35.23329], [26.06739, 35.23329], [26.08139, 35.22358], [26.11962, 35.21531], [26.10825, 35.20539], [26.12973, 35.19587], [26.15512, 35.19794], [26.17945, 35.20718], [26.19777, 35.21906], [26.19094, 35.22581], [26.25933, 35.28434], [26.29396, 35.28791], [26.28649, 35.30096], [26.30079, 35.30097], [26.29398, 35.31524], [26.32112, 35.31524], [26.31234, 35.29695], [26.26596, 35.26], [26.28386, 35.20824], [26.29949, 35.18553], [26.32111, 35.19792], [26.285, 35.1507], [26.29394, 35.13646], [26.28695, 35.11843], [26.25099, 35.06306], [26.24096, 35.03906], [26.13331, 34.9994], [26.10524, 34.99934], [26.08172, 35.01976], [26.02028, 35.02095], [25.98487, 35.03913], [25.9603, 35.02897], [25.92408, 35.03408], [25.88152, 35.02709], [25.80811, 35.00577], [25.60125, 35.01358], [25.50619, 34.98457], [25.41521, 34.99372], [25.34767, 34.99152], [25.30397, 34.98477], [25.27952, 34.97251], [25.22315, 34.95418], [25.20769, 34.95149], [25.15089, 34.95572], [25.12892, 34.95148], [25.10776, 34.9379], [25.0774, 34.94473], [25.04493, 34.94074], [25.01905, 34.93164], [24.98374, 34.93871], [24.73855, 34.93164], [24.73855, 34.93789], [24.75172, 34.94648], [24.75522, 34.95791], [24.75214, 34.99592], [24.75896, 35.04149], [24.74285, 35.07722], [24.71811, 35.09398], [24.61899, 35.09741], [24.59474, 35.10152], [24.58025, 35.1092], [24.56463, 35.10616], [24.5324, 35.13646], [24.50074, 35.15241], [24.48121, 35.15591], [24.46412, 35.15014], [24.40383, 35.17504], [24.40211, 35.19111], [24.2929, 35.18232], [24.21779, 35.19112], [24.20395, 35.20539], [24.1827, 35.19794], [24.11134, 35.19796], [24.08465, 35.20453], [24.08057, 35.19454], [24.04982, 35.19112], [24.03143, 35.19771], [24.00327, 35.22671], [23.98764, 35.2333], [23.90162, 35.23122], [23.8602, 35.23632], [23.82667, 35.25259], [23.81226, 35.24479], [23.79949, 35.24632], [23.78207, 35.2347], [23.71168, 35.23672], [23.68336, 35.22583], [23.66912, 35.23729], [23.61027, 35.23498], [23.58718, 35.2395], [23.58033, 35.26], [23.553, 35.26684], [23.53102, 35.28848], [23.51826, 35.29414], [23.52565, 35.30097], [23.5193, 35.30174], [23.51825, 35.30776], [23.54615, 35.31525], [23.54819, 35.32148], [23.55299, 35.32148], [23.54185, 35.33637], [23.54615, 35.35619], [23.5386, 35.37409], [23.5735, 35.43476], [23.55984, 35.45182], [23.57765, 35.49291], [23.57846, 35.50056], [23.5661, 35.50703], [23.5726, 35.52045], [23.56611, 35.52749], [23.58123, 35.55268], [23.58448, 35.56452], [23.58035, 35.57591]]], [[[25.24609, 35.44973], [25.23877, 35.42822], [25.21583, 35.43692], [25.20867, 35.43347], [25.18687, 35.44128], [25.1863, 35.44765], [25.22258, 35.46372], [25.24609, 35.44973]]], [[[25.84685, 36.3503], [25.81764, 36.36359], [25.77687, 36.35384], [25.74335, 36.35884], [25.73025, 36.38011], [25.76808, 36.40151], [25.80298, 36.38958], [25.83546, 36.36616], [25.85513, 36.36359], [25.84685, 36.3503]]], [[[25.44662, 36.33634], [25.42645, 36.33797], [25.36169, 36.35676], [25.37339, 36.36163], [25.39698, 36.36131], [25.4192, 36.37006], [25.43678, 36.39094], [25.4253, 36.42715], [25.41628, 36.43253], [25.42189, 36.45112], [25.36851, 36.46663], [25.36851, 36.47345], [25.38209, 36.47963], [25.41797, 36.47039], [25.4524, 36.45026], [25.47916, 36.42438], [25.49137, 36.39769], [25.48926, 36.37784], [25.48009, 36.35807], [25.46509, 36.34244], [25.44662, 36.33634]]], [[[5.86883, 36.82294], [6.03712, 36.85358], [6.19703, 36.90233], [6.23569, 36.92121], [6.25685, 36.94579], [6.25442, 36.99897], [6.26703, 37.01791], [6.33872, 37.06927], [6.3716, 37.08347], [6.41578, 37.09295], [6.46265, 37.09388], [6.50269, 37.08294], [6.54419, 37.05878], [6.54705, 37.0412], [6.57275, 37.02777], [6.58326, 36.98981], [6.59946, 36.97309], [6.61411, 36.97784], [6.67115, 36.95942], [6.82227, 36.95256], [6.86963, 36.92918], [6.88004, 36.91844], [6.87965, 36.90209], [6.90943, 36.89305], [6.9756, 36.89118], [7.06446, 36.91332], [7.0923, 36.92592], [7.13331, 36.91527], [7.15699, 36.9147], [7.17668, 36.93204], [7.23902, 36.9715], [7.25424, 36.9947], [7.25733, 37.00414], [7.2505, 37.02314], [7.18166, 37.07673], [7.18166, 37.08294], [7.22241, 37.08978], [7.27475, 37.06932], [7.29266, 37.0825], [7.33595, 37.06928], [7.36997, 37.08294], [7.38347, 37.08298], [7.40463, 37.05158], [7.43856, 37.04852], [7.45607, 37.04198], [7.49024, 37.05499], [7.58888, 36.98762], [7.63356, 36.98054], [7.66188, 36.98846], [7.67449, 36.98675], [7.69597, 36.97699], [7.71274, 36.9632], [7.77076, 36.97012], [7.79857, 36.99357], [7.77426, 36.93146], [7.79117, 36.91844], [7.77345, 36.88996], [7.80991, 36.86815], [7.86647, 36.8544], [7.90846, 36.84956], [8.04998, 36.87759], [8.09325, 36.90189], [8.23316, 36.95806], [8.26873, 36.93374], [8.2881, 36.92593], [8.35571, 36.92595], [8.37403, 36.91844], [8.38884, 36.92323], [8.42872, 36.9042], [8.49757, 36.9042], [8.69215, 36.96938], [8.71683, 36.97309], [8.80201, 36.97309], [8.82439, 36.97948], [8.86574, 37.00763], [8.90366, 37.02167], [8.92579, 37.03889], [8.95688, 37.06928], [8.98765, 37.11684], [9.01075, 37.12783], [9.03876, 37.15183], [9.15919, 37.19282], [9.1714, 37.1988], [9.1924, 37.22613], [9.21071, 37.23382], [9.34254, 37.23534], [9.38071, 37.24746], [9.41912, 37.27581], [9.44288, 37.26655], [9.45387, 37.2683], [9.51735, 37.28669], [9.55275, 37.3095], [9.57309, 37.30024], [9.59148, 37.30292], [9.64927, 37.33184], [9.7103, 37.33617], [9.74464, 37.34519], [9.77345, 37.33051], [9.85888, 37.32879], [9.86166, 37.27119], [9.83074, 37.25121], [9.79273, 37.23802], [9.77182, 37.21332], [9.7907, 37.17841], [9.80151, 37.16913], [9.80779, 37.15502], [9.81593, 37.15184], [9.85971, 37.14704], [9.87989, 37.15009], [9.91432, 37.17829], [9.9253, 37.19676], [9.92498, 37.21312], [9.86118, 37.23383], [9.8196, 37.22762], [9.81959, 37.23383], [9.85353, 37.2495], [9.86744, 37.26171], [9.8825, 37.26357], [9.97983, 37.24604], [9.99781, 37.24746], [10.05128, 37.26658], [10.05957, 37.26489], [10.07586, 37.24494], [10.14624, 37.23651], [10.17872, 37.21271], [10.2531, 37.19138], [10.27212, 37.17854], [10.24008, 37.17178], [10.21128, 37.15869], [10.20582, 37.17512], [10.17799, 37.17796], [10.14601, 37.17121], [10.1281, 37.15868], [10.13543, 37.14232], [10.16163, 37.13434], [10.1919, 37.13325], [10.21127, 37.13759], [10.21817, 37.12896], [10.2303, 37.1081], [10.22438, 37.09596], [10.21754, 37.1103], [10.17433, 37.07624], [10.18238, 37.02704], [10.22006, 36.97663], [10.26588, 36.93891], [10.31372, 36.91843], [10.34717, 36.88027], [10.34196, 36.8686], [10.31902, 36.85025], [10.30933, 36.82978], [10.29883, 36.82177], [10.28517, 36.81997], [10.27216, 36.82909], [10.27955, 36.84431], [10.27019, 36.84846], [10.25294, 36.84634], [10.2107, 36.83185], [10.19361, 36.81232], [10.18849, 36.79759], [10.20289, 36.79263], [10.23422, 36.79189], [10.24724, 36.78628], [10.27215, 36.81606], [10.29363, 36.77774], [10.32008, 36.74876], [10.35532, 36.73119], [10.40301, 36.72671], [10.437, 36.72884], [10.48773, 36.74964], [10.51871, 36.7558], [10.53823, 36.77203], [10.56692, 36.86322], [10.58498, 36.87615], [10.60613, 36.8797], [10.6526, 36.8769], [10.69467, 36.88345], [10.73347, 36.89581], [10.7832, 36.92442], [10.82309, 36.95392], [10.8301, 36.96824], [10.88754, 37.00601], [10.89584, 37.01411], [10.89845, 37.02521], [10.89293, 37.03864], [10.90212, 37.04881], [10.92368, 37.05702], [10.97413, 37.06127], [11.01271, 37.08477], [11.03337, 37.08746], [11.05078, 37.08041], [11.0603, 37.06248], [11.04859, 37.04198], [11.04835, 37.02033], [11.06397, 36.99006], [11.08773, 36.95941], [11.09449, 36.91844], [11.13621, 36.87053], [11.13054, 36.85404], [11.11676, 36.83842], [11.07674, 36.82519], [11.02214, 36.78828], [10.99238, 36.74387], [10.94993, 36.69388], [10.87952, 36.58848], [10.82565, 36.47981], [10.79992, 36.45189], [10.71715, 36.43455], [10.62044, 36.39029], [10.58556, 36.39813], [10.55093, 36.37726], [10.51909, 36.33747], [10.49107, 36.25807], [10.47927, 36.21696], [10.47469, 36.11249], [10.47953, 36.07933], [10.51857, 35.97997], [10.55649, 35.93797], [10.58228, 35.92181], [10.60857, 35.85586], [10.62208, 35.8426], [10.6937, 35.78779], [10.74362, 35.76967], [10.80372, 35.78692], [10.82308, 35.78045], [10.8414, 35.76655], [10.83034, 35.75323], [10.82452, 35.73339], [10.8296, 35.71312], [10.84116, 35.6988], [10.97182, 35.65414], [11.01197, 35.65789], [11.04099, 35.63772], [11.055, 35.61448], [11.0171, 35.60228], [11.01197, 35.57905], [11.0149, 35.55516], [11.02394, 35.53376], [11.03924, 35.5185], [11.08503, 35.50678], [11.05769, 35.48673], [11.05067, 35.45978], [11.04553, 35.43476], [11.0494, 35.39126], [11.03719, 35.37082], [11.04223, 35.33444], [11.10133, 35.26683], [11.12208, 35.25365], [11.16077, 35.23823], [11.15915, 35.21877], [11.13135, 35.21796], [11.11158, 35.2056], [11.0923, 35.17395], [11.06291, 35.15364], [11.03498, 35.10706], [11.01588, 35.09284], [11.02244, 35.0645], [11.01809, 35.03419], [10.98436, 34.99942], [10.94586, 34.98353], [10.91765, 34.95742], [10.92494, 34.93412], [10.91651, 34.91332], [10.91632, 34.87357], [10.8755, 34.84907], [10.85629, 34.83088], [10.87141, 34.79737], [10.83489, 34.7834], [10.81126, 34.76888], [10.77904, 34.7395], [10.76346, 34.71345], [10.74399, 34.69868], [10.7347, 34.68086], [10.71729, 34.66475], [10.70118, 34.65596], [10.62525, 34.63325], [10.60743, 34.59333], [10.59701, 34.54472], [10.58161, 34.53269], [10.55937, 34.5235], [10.46599, 34.51195], [10.43189, 34.49632], [10.37872, 34.42309], [10.33041, 34.4126], [10.30006, 34.41771], [10.2881, 34.41401], [10.24724, 34.37215], [10.18678, 34.35195], [10.16667, 34.33882], [10.12672, 34.32563], [10.10216, 34.30407], [10.08961, 34.27269], [10.03292, 34.18484], [10.00522, 34.17064], [10.01837, 34.13366], [10.0215, 34.07331], [10.04884, 33.98347], [10.0713, 33.94623], [10.1631, 33.83625], [10.18704, 33.82161], [10.33025, 33.70283], [10.36769, 33.68407], [10.44606, 33.65542], [10.48927, 33.64712], [10.55837, 33.65572], [10.63407, 33.67363], [10.69734, 33.70247], [10.71664, 33.70692], [10.73998, 33.67157], [10.73691, 33.60286], [10.70752, 33.5817], [10.69142, 33.57612], [10.67905, 33.56257], [10.67408, 33.5456], [10.70362, 33.49604], [10.71713, 33.48355], [10.73813, 33.47801], [10.78053, 33.48575], [10.85622, 33.52431], [10.90943, 33.53962], [10.92514, 33.55508], [10.93279, 33.57404], [10.92628, 33.59125], [10.9092, 33.60786], [10.90652, 33.61644], [10.93621, 33.63628], [10.96062, 33.62767], [10.97145, 33.6319], [10.97788, 33.64312], [10.98463, 33.64312], [11.0603, 33.60833], [11.10815, 33.54962], [11.11661, 33.48998], [11.08993, 33.45415], [11.11077, 33.39297], [11.10207, 33.36408], [11.13111, 33.37151], [11.17067, 33.33177], [11.29369, 33.28681], [11.28004, 33.28003], [11.1819, 33.30679], [11.13364, 33.31143], [11.12184, 33.28002], [11.16333, 33.24262], [11.17018, 33.22101], [11.17954, 33.21109], [11.24563, 33.21787], [11.2882, 33.21], [11.37224, 33.18378], [11.41676, 33.18378], [11.43312, 33.19355], [11.42758, 33.20702], [11.41065, 33.21894], [11.38137, 33.23071], [11.35197, 33.25881], [11.44239, 33.20466], [11.49781, 33.18268], [11.56046, 33.16579], [11.57495, 33.15794], [11.58766, 33.13231], [11.60304, 33.12149], [11.63575, 33.10871], [11.7566, 33.09252], [11.79347, 33.08076], [11.77296, 33.09935], [11.70778, 33.11718], [11.69113, 33.13594], [11.73927, 33.11298], [11.84701, 33.08282], [12.08048, 32.95797], [12.12241, 32.92133], [12.16065, 32.91168], [12.22486, 32.87592], [12.30388, 32.84309], [12.34832, 32.83267], [12.72983, 32.79857], [12.82439, 32.80435], [13.07447, 32.86636], [13.11549, 32.88215], [13.16473, 32.91274], [13.25738, 32.9186], [13.35195, 32.90415], [13.57146, 32.8028], [13.61695, 32.7934], [13.78686, 32.79962], [13.82997, 32.79414], [13.91498, 32.77285], [13.99122, 32.74457], [14.18508, 32.71458], [14.20338, 32.70034], [14.22632, 32.6909], [14.26246, 32.6603], [14.31743, 32.63024], [14.40384, 32.567], [14.44939, 32.52538], [14.46949, 32.51903], [14.6316, 32.49566], [14.66293, 32.47675], [14.72682, 32.45075], [14.91149, 32.44386], [15.11453, 32.41282], [15.1822, 32.3954], [15.19597, 32.38979], [15.23325, 32.34711], [15.2697, 32.32884], [15.28304, 32.31728], [15.30079, 32.26081], [15.3226, 32.22419], [15.3646, 32.17449], [15.37043, 32.15887], [15.35963, 32.10212], [15.35523, 32.03852], [15.3611, 31.96532], [15.37045, 31.92939], [15.49041, 31.66486], [15.51441, 31.62836], [15.62281, 31.49726], [15.68751, 31.43781], [15.76148, 31.38813], [16.04461, 31.27554], [16.35865, 31.22712], [16.72804, 31.22381], [16.94162, 31.18335], [17.16033, 31.1188], [17.33058, 31.08649], [17.36589, 31.0866], [17.41862, 31.06215], [17.44728, 31.03872], [17.46681, 31.02998], [17.61394, 30.99249], [17.69174, 30.95966], [17.77605, 30.93521], [17.84864, 30.92364], [17.86166, 30.91364], [17.88917, 30.87792], [17.90748, 30.86351], [17.92677, 30.85517], [18.0172, 30.83776], [18.1751, 30.78615], [18.20809, 30.76936], [18.23587, 30.74663], [18.32423, 30.65689], [18.56815, 30.50021], [18.6233, 30.44575], [18.65317, 30.42231], [18.71925, 30.39151], [18.76099, 30.38422], [18.78024, 30.37604], [18.92596, 30.29336], [18.96803, 30.27774], [19.05681, 30.26618], [19.14601, 30.26472], [19.23976, 30.27399], [19.33855, 30.29881], [19.41896, 30.33324], [19.53053, 30.39679], [19.55104, 30.40493], [19.59604, 30.41201], [19.61638, 30.42137], [19.74887, 30.51093], [19.91432, 30.68293], [19.9822, 30.77863], [20.03647, 30.81908], [20.09986, 30.935], [20.14666, 31.04556], [20.15235, 31.0882], [20.14666, 31.21678], [20.12812, 31.24299], [20.10328, 31.30874], [20.08221, 31.33661], [20.03835, 31.37589], [20.02212, 31.39705], [19.95486, 31.55948], [19.94801, 31.64509], [19.92068, 31.71772], [19.91726, 31.75948], [19.91973, 31.8049], [19.93431, 31.88824], [19.94801, 31.92597], [19.94013, 31.95775], [20.04787, 32.14578], [20.07155, 32.17641], [20.26173, 32.33954], [20.32546, 32.40981], [20.38551, 32.43464], [20.56268, 32.55784], [20.79656, 32.64301], [20.9338, 32.72243], [21.05096, 32.77227], [21.09669, 32.78106], [21.28679, 32.77115], [21.33188, 32.77464], [21.41481, 32.7934], [21.4546, 32.81257], [21.60866, 32.93072], [21.62322, 32.93674], [21.67172, 32.93989], [21.71632, 32.95037], [21.74366, 32.93085], [21.78745, 32.91596], [21.87745, 32.90322], [22.0962, 32.92308], [22.11672, 32.94415], [22.14958, 32.94793], [22.16943, 32.93821], [22.17506, 32.91625], [22.2068, 32.88813], [22.24732, 32.88084], [22.33983, 32.88208], [22.37915, 32.87034], [22.47731, 32.80707], [22.51384, 32.79096], [22.57915, 32.78454], [22.81251, 32.7245], [22.86671, 32.69416], [22.92921, 32.6767], [22.9769, 32.67669], [23.04135, 32.65253], [23.10612, 32.63983], [23.11865, 32.62934], [23.12093, 32.61522], [23.09441, 32.57738], [23.10385, 32.51634], [23.11329, 32.5008], [23.14892, 32.47809], [23.12842, 32.39551], [23.10866, 32.40234], [23.10987, 32.42031], [23.09441, 32.43647], [23.07911, 32.35444], [23.08058, 32.33405], [23.09555, 32.32355], [23.17896, 32.29995], [23.19507, 32.29164], [23.23065, 32.25085], [23.2435, 32.22061], [23.28543, 32.20374], [23.3025, 32.17072], [23.31218, 32.16275], [23.2991, 32.22417], [23.31837, 32.21784], [23.36222, 32.21703], [23.40528, 32.19066], [23.5311, 32.18138], [23.66969, 32.18324], [23.84014, 32.14916], [23.99869, 32.0939], [23.97071, 32.0666], [24.00489, 32.05292], [24.06788, 32.01118], [24.09067, 32.00576], [24.28115, 32.00754], [24.54607, 31.99144], [24.63624, 32.01488], [24.67026, 32.03241], [24.71062, 32.02558], [24.73373, 32.03314], [24.79176, 32.00776], [24.82439, 32.00299], [24.86541, 31.98933], [24.98169, 31.96791], [25.01791, 31.94904], [25.03336, 31.91633], [25.02223, 31.85468], [25.02955, 31.8369], [25.06392, 31.80387], [25.11686, 31.73798], [25.13673, 31.69257], [25.15625, 31.66307], [25.14942, 31.64887], [25.16179, 31.58356], [25.17286, 31.55158], [25.19093, 31.53148], [25.21258, 31.52635], [25.26343, 31.52366], [25.30209, 31.50654], [25.3685, 31.51226], [25.40187, 31.50316], [25.42041, 31.51224], [25.47389, 31.52049], [25.63648, 31.5607], [25.82407, 31.61493], [25.86883, 31.62091], [25.96652, 31.61662], [26.36215, 31.52192], [26.65041, 31.48878], [26.68312, 31.47622], [26.75318, 31.47748], [26.82472, 31.44782], [26.86573, 31.43684], [26.91163, 31.43651], [26.94793, 31.44822], [26.9655, 31.44964], [26.99643, 31.4287], [27.02702, 31.42226], [27.05437, 31.40864], [27.11736, 31.39045], [27.18529, 31.38429], [27.20997, 31.37811], [27.22625, 31.36766], [27.24611, 31.38128], [27.32748, 31.37921], [27.34228, 31.36823], [27.3423, 31.35399], [27.3623, 31.33051], [27.36378, 31.3155], [27.39357, 31.25471], [27.4463, 31.22321], [27.58774, 31.1931], [27.60987, 31.20318], [27.66033, 31.18024], [27.71949, 31.18928], [27.83547, 31.23785], [27.85287, 31.24029], [27.86328, 31.23354], [27.86844, 31.21956], [27.86988, 31.19977], [27.8903, 31.15542], [27.89715, 31.11441], [27.92693, 31.09903], [27.97511, 31.09308], [28.15455, 31.09332], [28.20387, 31.0705], [28.23386, 31.0734], [28.31837, 31.0598], [28.33863, 31.06411], [28.38209, 31.08274], [28.40496, 31.08648], [28.42432, 31.08343], [28.44244, 31.07628], [28.47853, 31.05182], [28.5276, 31.05011], [28.73247, 30.98414], [28.78777, 30.95966], [28.81202, 30.95676], [28.81803, 30.95115], [28.82887, 30.91519], [28.8357, 30.91079], [28.85456, 30.90585], [29.02809, 30.82705], [29.18922, 30.83324], [29.21892, 30.83804], [29.50327, 30.95669], [29.55633, 30.99091], [29.60377, 31.01203], [29.61888, 31.02942], [29.76596, 31.12157], [29.78151, 31.14792], [29.80934, 31.14232], [29.83839, 31.15412], [29.88461, 31.18952], [29.87566, 31.20087], [29.86356, 31.19637], [29.87697, 31.21356], [29.88477, 31.21376], [29.89088, 31.20319], [29.8982, 31.20319], [29.95623, 31.25006], [29.98316, 31.26325], [30.0033, 31.28723], [30.02508, 31.29487], [30.04908, 31.31306], [30.04169, 31.31548], [30.04226, 31.3205], [30.06958, 31.33346], [30.06666, 31.30488], [30.0949, 31.28559], [30.136, 31.27485], [30.17262, 31.27143], [30.1447, 31.25161], [30.14405, 31.24657], [30.15209, 31.24413], [30.14015, 31.23725], [30.14373, 31.22948], [30.16521, 31.21678], [30.20678, 31.23792], [30.20167, 31.22651], [30.2072, 31.22089], [30.22047, 31.2202], [30.25457, 31.25161], [30.2614, 31.24413], [30.26881, 31.26529], [30.27506, 31.26529], [30.27662, 31.2464], [30.28875, 31.23794], [30.30299, 31.27143], [30.28761, 31.27822], [30.24091, 31.2653], [30.2409, 31.27143], [30.25457, 31.27143], [30.25457, 31.27827], [30.23846, 31.27399], [30.17946, 31.27144], [30.17945, 31.27823], [30.21656, 31.28644], [30.25172, 31.30341], [30.31284, 31.35057], [30.33448, 31.38101], [30.3484, 31.42133], [30.35239, 31.4632], [30.34394, 31.49798], [30.35076, 31.49799], [30.36459, 31.46011], [30.37843, 31.44668], [30.39861, 31.44334], [30.37062, 31.46162], [30.35572, 31.49112], [30.36216, 31.50872], [30.42563, 31.47362], [30.45639, 31.46271], [30.49252, 31.45922], [30.53582, 31.46385], [30.67652, 31.49616], [30.97389, 31.58672], [30.97388, 31.57991], [30.86638, 31.54829], [30.7361, 31.48871], [30.69337, 31.46386], [30.66603, 31.45702], [30.6281, 31.43432], [30.55787, 31.42219], [30.54265, 31.40241], [30.54265, 31.39497], [30.56324, 31.3902], [30.58323, 31.39497], [30.59864, 31.38736], [30.62672, 31.38866], [30.65382, 31.39582], [30.66603, 31.4055], [30.67507, 31.42156], [30.69507, 31.41689], [30.72755, 31.38813], [30.73439, 31.38813], [30.74074, 31.4055], [30.75621, 31.42299], [30.77468, 31.43682], [30.79851, 31.44647], [30.83741, 31.42914], [30.87371, 31.43451], [30.88574, 31.42914], [30.87843, 31.42699], [30.87892, 31.42227], [30.89243, 31.41909], [30.90943, 31.42381], [30.93971, 31.44334], [30.93329, 31.44514], [30.93971, 31.457], [30.97396, 31.44407], [30.98072, 31.43651], [30.99692, 31.45112], [31.00807, 31.47134], [31.00231, 31.47984], [31.02174, 31.49799], [31.0233, 31.51382], [31.02915, 31.51849], [31.07154, 31.51724], [31.09742, 31.50483], [31.10157, 31.4925], [31.11915, 31.49311], [31.12924, 31.50446], [31.11111, 31.51227], [31.13038, 31.51699], [31.11109, 31.53974], [31.07081, 31.56537], [31.0232, 31.58299], [30.97804, 31.5843], [31.01238, 31.5969], [31.09742, 31.60789], [31.12892, 31.60486], [31.22124, 31.57979], [31.37831, 31.51861], [31.41961, 31.49116], [31.52369, 31.44965], [31.55681, 31.44334], [31.59742, 31.44449], [31.7483, 31.48159], [31.83791, 31.52533], [31.87436, 31.53558], [31.91293, 31.53489], [31.94483, 31.52093], [31.9642, 31.48241], [31.99577, 31.44574], [32.00904, 31.41718], [32.02491, 31.40005], [32.05698, 31.37515], [32.10425, 31.36147], [32.12916, 31.33739], [32.19953, 31.29509], [32.16876, 31.30083], [32.07011, 31.35399], [32.08009, 31.35399], [32.09059, 31.34715], [32.08351, 31.35883], [32.05601, 31.36287], [32.04396, 31.37515], [32.0066, 31.39533], [31.99498, 31.39498], [31.98569, 31.42036], [31.9683, 31.4365], [31.9935, 31.43781], [31.91798, 31.52399], [31.8895, 31.53205], [31.87891, 31.51851], [31.86525, 31.52534], [31.86523, 31.51228], [31.85092, 31.5185], [31.84474, 31.49799], [31.86523, 31.49799], [31.85971, 31.48688], [31.875, 31.46332], [31.87208, 31.44961], [31.8789, 31.44961], [31.8789, 31.44335], [31.87208, 31.44334], [31.8789, 31.42915], [31.87208, 31.42914], [31.86207, 31.45059], [31.8519, 31.45612], [31.8379, 31.45702], [31.84164, 31.4645], [31.83041, 31.45881], [31.82423, 31.44334], [31.83375, 31.44379], [31.8379, 31.44961], [31.85841, 31.44334], [31.85841, 31.43651], [31.85092, 31.43651], [31.85483, 31.42316], [31.8789, 31.41608], [31.86166, 31.40763], [31.8379, 31.41608], [31.83855, 31.41083], [31.83041, 31.40864], [31.84472, 31.39497], [31.83074, 31.37979], [31.82789, 31.36835], [31.83692, 31.36188], [31.8584, 31.36147], [31.8584, 31.354], [31.82504, 31.36066], [31.81056, 31.354], [31.80388, 31.36005], [31.79721, 31.35952], [31.79021, 31.34345], [31.80273, 31.33129], [31.79021, 31.32665], [31.79589, 31.31099], [31.76905, 31.29877], [31.76694, 31.28465], [31.7732, 31.27586], [31.78419, 31.27338], [31.7964, 31.27827], [31.79023, 31.28509], [31.82079, 31.27815], [31.82861, 31.27411], [31.83416, 31.25161], [31.86101, 31.24237], [31.88575, 31.22362], [31.89355, 31.24013], [31.90624, 31.25159], [31.90064, 31.23607], [31.90625, 31.22362], [31.89259, 31.22362], [31.89259, 31.21678], [31.90625, 31.21678], [31.89845, 31.20991], [31.89942, 31.20319], [31.91293, 31.21064], [31.91977, 31.20319], [31.91977, 31.21063], [31.9266, 31.21063], [31.92164, 31.19648], [31.92644, 31.187], [31.93474, 31.18757], [31.94027, 31.20318], [31.95192, 31.20458], [31.98658, 31.23028], [32.00925, 31.22362], [31.99496, 31.22362], [31.99496, 31.21678], [32.00929, 31.21064], [32.0228, 31.22361], [32.03711, 31.21678], [32.02963, 31.18952], [32.04394, 31.19635], [32.04036, 31.18232], [32.02963, 31.17585], [32.03688, 31.15029], [32.01612, 31.13491], [32.01612, 31.12808], [32.03517, 31.12971], [32.04396, 31.14175], [32.05013, 31.14174], [32.05454, 31.12299], [32.07007, 31.1144], [32.07007, 31.10693], [32.05258, 31.10078], [32.04396, 31.08649], [32.05698, 31.07966], [32.06683, 31.08499], [32.08378, 31.0844], [32.09059, 31.07966], [32.09059, 31.07345], [32.08375, 31.07343], [32.08375, 31.06599], [32.10646, 31.05337], [32.1198, 31.05292], [32.13209, 31.0598], [32.13209, 31.06598], [32.11744, 31.06631], [32.10744, 31.07283], [32.098, 31.09332], [32.14633, 31.07966], [32.13837, 31.09332], [32.15943, 31.09333], [32.15943, 31.10078], [32.15286, 31.10659], [32.16627, 31.11439], [32.16684, 31.10834], [32.17994, 31.10692], [32.17604, 31.11781], [32.18386, 31.12493], [32.19483, 31.12579], [32.20574, 31.1092], [32.23414, 31.10488], [32.24822, 31.10692], [32.27223, 31.11888], [32.28346, 31.13654], [32.28053, 31.15498], [32.26249, 31.16961], [32.28981, 31.16962], [32.2951, 31.21336], [32.28981, 31.23045], [32.27297, 31.24885], [32.27053, 31.25755], [32.28297, 31.26529], [32.24676, 31.27924], [32.22633, 31.28205], [32.21413, 31.27828], [32.20705, 31.29506], [32.30023, 31.28148], [32.31381, 31.27269], [32.33138, 31.27142], [32.33383, 31.25471], [32.34425, 31.24189], [32.35914, 31.23347], [32.3901, 31.22635], [32.42018, 31.19636], [32.4812, 31.14886], [32.50953, 31.10692], [32.56568, 31.07054], [32.60157, 31.06098], [32.64552, 31.0598], [32.68751, 31.06444], [32.76197, 31.0812], [32.85076, 31.1188], [32.92042, 31.15541], [32.92726, 31.15541], [32.92726, 31.14794], [32.89536, 31.1374], [32.8396, 31.10123], [32.80714, 31.09333], [32.75245, 31.07137], [32.66652, 31.05231], [32.715, 31.05231], [32.71502, 31.04556], [32.70069, 31.03872], [32.73129, 31.03876], [32.74285, 31.04263], [32.74922, 31.05231], [32.75537, 31.0523], [32.7562, 31.04654], [32.76954, 31.04556], [32.83107, 31.07965], [32.88282, 31.09357], [32.89308, 31.10076], [32.91774, 31.09223], [32.9144, 31.08731], [32.90675, 31.08649], [32.90675, 31.07966], [32.91725, 31.08283], [32.94093, 31.09333], [32.94093, 31.10078], [32.91358, 31.10077], [32.9136, 31.10691], [32.92709, 31.11179], [32.94421, 31.10778], [32.95948, 31.09846], [32.96876, 31.08649], [32.97511, 31.06599], [32.96127, 31.06599], [32.99448, 31.05557], [33.00994, 31.0563], [33.02345, 31.06599], [33.02345, 31.07343], [33.00914, 31.07966], [33.00914, 31.0865], [33.05747, 31.10078], [33.05251, 31.1083], [33.0643, 31.13491], [33.05746, 31.13491], [33.03028, 31.11441], [33.02377, 31.10773], [33.03027, 31.10077], [32.99415, 31.09846], [32.95446, 31.10691], [32.98463, 31.10952], [33.03029, 31.16217], [33.07862, 31.17585], [33.09784, 31.19155], [33.10939, 31.19643], [33.12646, 31.19635], [33.12646, 31.18953], [33.09864, 31.18952], [33.09864, 31.18329], [33.1111, 31.17536], [33.15771, 31.11787], [33.15357, 31.11238], [33.12648, 31.10078], [33.12403, 31.10757], [33.11899, 31.10692], [33.11899, 31.10078], [33.13574, 31.09076], [33.14469, 31.07786], [33.1443, 31.06257], [33.13331, 31.04556], [33.18767, 31.06167], [33.22145, 31.0598], [33.22145, 31.06599], [33.20777, 31.07343], [33.20094, 31.07343], [33.20094, 31.06598], [33.19483, 31.06599], [33.19485, 31.07342], [33.2479, 31.09125], [33.26247, 31.10077], [33.26979, 31.10078], [33.26246, 31.09333], [33.26979, 31.08649], [33.28541, 31.09272], [33.29656, 31.07966], [33.30397, 31.07966], [33.30323, 31.0998], [33.31764, 31.10078], [33.30812, 31.10513], [33.27723, 31.10691], [33.38648, 31.11441], [33.37771, 31.13255], [33.40642, 31.13727], [33.40644, 31.15542], [33.42066, 31.14794], [33.44093, 31.15119], [33.49952, 31.12808], [33.57252, 31.12156], [33.59205, 31.11441], [33.59206, 31.12127], [33.61476, 31.11538], [33.64796, 31.11726], [33.85434, 31.16348], [34.04705, 31.22919], [34.22267, 31.32665], [34.28142, 31.3767], [34.30162, 31.40769], [34.3484, 31.43765], [34.36818, 31.46816], [34.44337, 31.53457], [34.47877, 31.57827], [34.48952, 31.6004], [34.51393, 31.62714], [34.60963, 31.76553], [34.69313, 31.92631], [34.71192, 31.95161], [34.74334, 32.03986], [34.74335, 32.06036], [34.75701, 32.0666], [34.83766, 32.28071], [34.9041, 32.56042], [34.90984, 32.57026], [34.92091, 32.62824], [34.91914, 32.64297], [34.94207, 32.72451], [34.94753, 32.81415], [34.95549, 32.83415], [34.97047, 32.84137], [35.00343, 32.82754], [35.02768, 32.82661], [35.06707, 32.86685], [35.0796, 32.90583], [35.07781, 32.91787], [35.06545, 32.92309], [35.07154, 32.93793], [35.07843, 32.99858], [35.0962, 33.05036], [35.09215, 33.06769], [35.10646, 33.08076], [35.09963, 33.08759], [35.10523, 33.08902], [35.10646, 33.09504], [35.10046, 33.09567], [35.09963, 33.10126], [35.12532, 33.13237], [35.14763, 33.14033], [35.16782, 33.17015], [35.16181, 33.17694], [35.17107, 33.17658], [35.17465, 33.17015], [35.20476, 33.2248], [35.20916, 33.25462], [35.18834, 33.28001], [35.20973, 33.2934], [35.22478, 33.312], [35.24366, 33.3557], [35.25051, 33.40973], [35.27508, 33.44497], [35.27102, 33.4575], [35.32301, 33.49091], [35.34913, 33.51386], [35.36258, 33.55657], [35.40064, 33.64313], [35.3944, 33.64997], [35.40992, 33.66128], [35.42165, 33.70233], [35.43849, 33.71137], [35.43795, 33.7236], [35.47731, 33.8039], [35.48325, 33.87246], [35.47048, 33.90208], [35.47585, 33.90997], [35.48658, 33.91298], [35.51734, 33.90253], [35.57203, 33.90998], [35.59311, 33.94477], [35.59197, 33.95043], [35.58572, 33.95092], [35.6134, 33.99296], [35.63673, 33.99531], [35.64088, 33.99942], [35.64039, 34.00853], [35.62722, 34.01985], [35.62698, 34.04426], [35.64332, 34.08808], [35.64772, 34.11913], [35.63033, 34.15304], [35.62722, 34.20112], [35.64772, 34.22215], [35.65296, 34.28459], [35.66512, 34.31114], [35.68873, 34.3283], [35.70582, 34.3166], [35.75075, 34.38979], [35.80616, 34.41498], [35.82358, 34.43452], [35.80544, 34.45869], [35.80544, 34.4649], [35.82398, 34.46084], [35.90333, 34.47797], [35.98316, 34.53864], [35.98878, 34.55272], [35.98683, 34.6208], [35.93118, 34.74096], [35.92897, 34.79072], [35.90847, 34.82177], [35.86689, 34.92422], [35.8729, 34.92691], [35.88136, 34.94497], [35.87356, 34.95832], [35.87892, 34.97016], [35.87356, 34.97883], [35.89536, 35.00678], [35.90056, 35.02192], [35.88788, 35.06135], [35.88788, 35.1092], [35.9411, 35.18037], [35.96241, 35.19794], [35.9533, 35.2248], [35.91531, 35.28791], [35.92897, 35.32148], [35.91671, 35.40306], [35.91896, 35.41767], [35.86061, 35.47907], [35.8301, 35.49348], [35.81837, 35.50894], [35.78126, 35.49959], [35.77053, 35.50422], [35.77809, 35.54116], [35.73709, 35.56168], [35.74334, 35.5821], [35.72341, 35.57593], [35.72341, 35.58209], [35.76336, 35.59829], [35.77849, 35.61274], [35.78435, 35.63056], [35.77118, 35.66779], [35.77663, 35.67511], [35.80006, 35.68146], [35.84034, 35.74746], [35.83595, 35.78998], [35.81186, 35.8354], [35.79862, 35.84967], [35.84685, 35.84723], [35.87086, 35.85179], [35.88103, 35.86668], [35.88528, 35.88597], [35.96608, 35.99363], [35.97674, 36.00096], [35.97543, 36.0185], [35.94842, 36.08784], [35.85234, 36.21337], [35.84099, 36.24453], [35.79861, 36.28169], [35.78738, 36.30427], [35.78876, 36.32025], [35.82448, 36.36106], [35.85678, 36.36978], [35.87356, 36.39769], [35.90846, 36.41816], [35.91872, 36.44818], [35.9424, 36.46433], [35.99024, 36.47964], [36.04494, 36.53765], [36.05543, 36.53828], [36.18914, 36.60399], [36.21616, 36.65778], [36.21559, 36.67048], [36.20246, 36.69963], [36.20248, 36.76919], [36.18898, 36.80174], [36.12989, 36.86929], [36.09547, 36.89712], [36.0586, 36.91844], [36.02027, 36.92634], [35.98504, 36.91559], [35.95086, 36.89102], [35.8938, 36.83491], [35.85385, 36.81582], [35.80543, 36.7751], [35.7671, 36.76774], [35.68409, 36.76464], [35.64772, 36.75397], [35.62452, 36.72602], [35.61355, 36.71988], [35.61818, 36.73164], [35.6067, 36.74038], [35.57301, 36.70067], [35.57944, 36.68513], [35.59448, 36.70172], [35.61687, 36.69623], [35.6198, 36.71239], [35.62916, 36.70824], [35.63404, 36.69937], [35.64047, 36.71337], [35.63404, 36.72671], [35.6481, 36.73321], [35.66481, 36.71239], [35.69606, 36.72393], [35.70913, 36.71987], [35.65016, 36.69782], [35.62257, 36.68073], [35.6067, 36.65778], [35.60865, 36.64688], [35.62208, 36.65424], [35.66676, 36.69611], [35.69554, 36.7062], [35.65797, 36.6752], [35.63315, 36.63093], [35.63134, 36.60717], [35.62376, 36.60265], [35.59855, 36.59144], [35.55714, 36.58748], [35.54467, 36.58952], [35.50367, 36.61685], [35.49, 36.61392], [35.47869, 36.59854], [35.53095, 36.58273], [35.44549, 36.59634], [35.41326, 36.58369], [35.40446, 36.57193], [35.37403, 36.56159], [35.34603, 36.5411], [35.33579, 36.54561], [35.32016, 36.56468], [35.29449, 36.57259], [34.98227, 36.72077], [34.94646, 36.72797], [34.90042, 36.71989], [34.90789, 36.74038], [34.89357, 36.74601], [34.85255, 36.78132], [34.77076, 36.81607], [34.76498, 36.80859], [34.73585, 36.82168], [34.69288, 36.81387], [34.62672, 36.78877], [34.58513, 36.78132], [34.5547, 36.76765], [34.53405, 36.74053], [34.50318, 36.72671], [34.41521, 36.66292], [34.30747, 36.60859], [34.27621, 36.58698], [34.19044, 36.49852], [34.17773, 36.47338], [34.14747, 36.45917], [34.11198, 36.4296], [34.07732, 36.41389], [34.07788, 36.32885], [34.05779, 36.31591], [33.99977, 36.30292], [33.98927, 36.28168], [33.99828, 36.28602], [33.99585, 36.27953], [33.96876, 36.24689], [33.95899, 36.21358], [33.94143, 36.21338], [33.95094, 36.2377], [33.94597, 36.2652], [33.93092, 36.29047], [33.8711, 36.31489], [33.85548, 36.30492], [33.82788, 36.27172], [33.81105, 36.2674], [33.8247, 36.25992], [33.79907, 36.23067], [33.74285, 36.21337], [33.70525, 36.18171], [33.68825, 36.13705], [33.66034, 36.17488], [33.65659, 36.18867], [33.64723, 36.19257], [33.61988, 36.18545], [33.55225, 36.12752], [33.53055, 36.13081], [33.5442, 36.13703], [33.5442, 36.14448], [33.45826, 36.15815], [33.4367, 36.15469], [33.38649, 36.13704], [33.32683, 36.15009], [33.30835, 36.13224], [33.24195, 36.1308], [33.21214, 36.12407], [33.18865, 36.12581], [33.15691, 36.13703], [33.13404, 36.13178], [33.11197, 36.10323], [33.08773, 36.08284], [33.07114, 36.08926], [33.02687, 36.08927], [32.94093, 36.1035], [32.86525, 36.07185], [32.85669, 36.06099], [32.80372, 36.02718], [32.76059, 36.02949], [32.67038, 36.04681], [32.63205, 36.06211], [32.56788, 36.0961], [32.51314, 36.10315], [32.43727, 36.13867], [32.41961, 36.15949], [32.3655, 36.17797], [32.3187, 36.22858], [32.31032, 36.22949], [32.2873, 36.24483], [32.27613, 36.28783], [32.2527, 36.31533], [32.19216, 36.35839], [32.17433, 36.40241], [32.14845, 36.43366], [32.1321, 36.43867], [32.10206, 36.48615], [32.08717, 36.49332], [32.01881, 36.54654], [31.98781, 36.54996], [31.96827, 36.56159], [31.90798, 36.56266], [31.88803, 36.58112], [31.86248, 36.58869], [31.83465, 36.59235], [31.81675, 36.58952], [31.80738, 36.59683], [31.76906, 36.61002], [31.73658, 36.64228], [31.70323, 36.6437], [31.62762, 36.67085], [31.5962, 36.69571], [31.40756, 36.76341], [31.3786, 36.76766], [31.37631, 36.79194], [31.34083, 36.80858], [30.93971, 36.857], [30.77589, 36.84957], [30.74784, 36.85576], [30.68653, 36.89118], [30.62859, 36.85956], [30.60174, 36.83812], [30.56984, 36.78132], [30.56577, 36.70018], [30.57666, 36.6789], [30.56267, 36.66254], [30.55616, 36.63788], [30.55787, 36.61962], [30.57667, 36.5895], [30.58349, 36.59633], [30.58105, 36.57518], [30.56723, 36.53986], [30.56982, 36.52803], [30.52084, 36.48973], [30.50879, 36.4543], [30.48699, 36.42695], [30.48795, 36.41816], [30.47462, 36.4016], [30.47633, 36.38422], [30.48715, 36.37027], [30.50162, 36.36359], [30.49415, 36.34931], [30.51985, 36.34186], [30.47877, 36.30858], [30.46681, 36.28783], [30.4782, 36.2923], [30.48794, 36.28782], [30.45167, 36.26179], [30.44075, 36.23933], [30.42726, 36.22627], [30.39862, 36.20598], [30.4004, 36.24811], [30.39601, 36.26553], [30.38429, 36.27424], [30.36053, 36.26863], [30.25457, 36.3083], [30.23373, 36.30891], [30.19613, 36.30379], [30.15854, 36.29865], [30.14926, 36.28986], [30.14469, 36.25435], [30.13844, 36.25435], [30.13103, 36.27424], [30.12476, 36.24691], [30.11061, 36.25434], [30.1106, 36.24007], [30.07301, 36.2469], [30.04819, 36.25877], [30.03484, 36.25434], [30.05592, 36.25434], [30.05589, 36.24689], [29.98845, 36.21777], [29.9734, 36.21963], [29.961, 36.21387], [29.91652, 36.21906], [29.88136, 36.19843], [29.83009, 36.18545], [29.83758, 36.18285], [29.83692, 36.17796], [29.80258, 36.17182], [29.80258, 36.16498], [29.82307, 36.16498], [29.7955, 36.14536], [29.77978, 36.13944], [29.76173, 36.13703], [29.76173, 36.14448], [29.7754, 36.15815], [29.76238, 36.15656], [29.75489, 36.1507], [29.74342, 36.16096], [29.71925, 36.16266], [29.70704, 36.15815], [29.69995, 36.14615], [29.6893, 36.14448], [29.67238, 36.12338], [29.66822, 36.14378], [29.63397, 36.15706], [29.62397, 36.17776], [29.63738, 36.17243], [29.64324, 36.17792], [29.6421, 36.18696], [29.63453, 36.19164], [29.58352, 36.18546], [29.58352, 36.19163], [29.59254, 36.19579], [29.62387, 36.19912], [29.60222, 36.20702], [29.5215, 36.20598], [29.49474, 36.21096], [29.43214, 36.24006], [29.42042, 36.23063], [29.41163, 36.2674], [29.40578, 36.26017], [29.39186, 36.2674], [29.3816, 36.2639], [29.3571, 36.23567], [29.34963, 36.23262], [29.34084, 36.23738], [29.32936, 36.2541], [29.32228, 36.24691], [29.25687, 36.29688], [29.23463, 36.32429], [29.17499, 36.33984], [29.15846, 36.35676], [29.14471, 36.34933], [29.14081, 36.36245], [29.1447, 36.37718], [29.11689, 36.37719], [29.12428, 36.38345], [29.1128, 36.38939], [29.09638, 36.39095], [29.10907, 36.40647], [29.13038, 36.41136], [29.12429, 36.41815], [29.13014, 36.43651], [29.1242, 36.4536], [29.11134, 36.46678], [29.09638, 36.47346], [29.09657, 36.47978], [29.12428, 36.49331], [29.11492, 36.55268], [29.09637, 36.54793], [29.08432, 36.56025], [29.03639, 36.54533], [29.01447, 36.54792], [29.03272, 36.55182], [29.03688, 36.56147], [29.02053, 36.5895], [29.04176, 36.62424], [29.05584, 36.61424], [29.08091, 36.63861], [29.09636, 36.6441], [29.09059, 36.6271], [29.09881, 36.6236], [29.11061, 36.62637], [29.11687, 36.63422], [29.10922, 36.652], [29.09636, 36.66523], [29.03419, 36.701], [28.95632, 36.72753], [28.93898, 36.75129], [28.89088, 36.71239], [28.8977, 36.69938], [28.86354, 36.69257], [28.86246, 36.66792], [28.84995, 36.66523], [28.86352, 36.65094], [28.85678, 36.64411], [28.87037, 36.63052], [28.87664, 36.63052], [28.88803, 36.64842], [28.89015, 36.65762], [28.88405, 36.67143], [28.9017, 36.65827], [28.89534, 36.64143], [28.86354, 36.61685], [28.86962, 36.60664], [28.85848, 36.60129], [28.82888, 36.60254], [28.81863, 36.61173], [28.81863, 36.62079], [28.82717, 36.62774], [28.84254, 36.63052], [28.84254, 36.63788], [28.80502, 36.65526], [28.78786, 36.65096], [28.78273, 36.67739], [28.74635, 36.6977], [28.70167, 36.70506], [28.6649, 36.69258], [28.65992, 36.71101], [28.64918, 36.71833], [28.63592, 36.7145], [28.62338, 36.69938], [28.60354, 36.73355], [28.61256, 36.74714], [28.61671, 36.76699], [28.61411, 36.78535], [28.60353, 36.79499], [28.60304, 36.79963], [28.61036, 36.80174], [28.60621, 36.81013], [28.61036, 36.81607], [28.60353, 36.81607], [28.59669, 36.795], [28.57586, 36.81952], [28.54615, 36.82343], [28.52442, 36.8133], [28.52783, 36.78879], [28.51775, 36.79564], [28.48685, 36.80175], [28.5005, 36.80858], [28.5005, 36.81607], [28.46389, 36.81876], [28.45623, 36.82831], [28.45266, 36.84955], [28.46632, 36.85334], [28.452, 36.88361], [28.44744, 36.88304], [28.4362, 36.86474], [28.37672, 36.85444], [28.39064, 36.83592], [28.41472, 36.83709], [28.4248, 36.82909], [28.396, 36.78951], [28.37697, 36.78878], [28.31495, 36.81607], [28.30877, 36.81607], [28.31493, 36.795], [28.27818, 36.79646], [28.27395, 36.80516], [28.27834, 36.81415], [28.31495, 36.82225], [28.31495, 36.82909], [28.27312, 36.852], [28.25717, 36.84618], [28.24317, 36.82978], [28.23666, 36.81322], [28.23951, 36.79881], [28.25341, 36.78876], [28.24887, 36.76683], [28.28857, 36.74257], [28.29508, 36.7199], [28.26726, 36.7309], [28.2531, 36.72785], [28.24658, 36.7124], [28.23357, 36.71988], [28.22543, 36.7062], [28.23356, 36.69937], [28.1819, 36.68464], [28.16228, 36.67268], [28.1115, 36.60419], [28.08814, 36.58907], [28.0617, 36.59634], [28.05502, 36.58658], [28.04184, 36.58271], [28.04801, 36.56904], [28.0359, 36.56477], [28.01832, 36.56704], [28.01384, 36.57587], [28.00366, 36.56193], [27.9909, 36.55977], [27.97796, 36.56563], [27.96609, 36.57587], [27.97291, 36.5895], [27.95926, 36.60252], [28.03443, 36.60252], [28.05397, 36.60961], [28.08961, 36.64411], [28.07594, 36.65778], [28.04804, 36.63791], [28.06121, 36.66474], [28.05795, 36.67666], [28.03793, 36.69062], [28.02963, 36.67037], [28.00017, 36.6789], [27.98016, 36.67586], [27.97023, 36.67984], [27.96609, 36.68878], [28.00701, 36.69937], [28.00019, 36.70619], [28.02752, 36.7062], [28.04185, 36.71987], [28.07976, 36.72207], [28.08959, 36.7267], [28.08595, 36.7106], [28.1006, 36.70962], [28.11638, 36.71882], [28.11687, 36.73355], [28.10743, 36.7392], [28.08768, 36.74087], [28.08222, 36.74714], [28.08417, 36.75372], [28.11004, 36.77508], [28.13054, 36.75397], [28.11842, 36.8006], [28.09498, 36.80142], [28.06909, 36.7751], [28.04721, 36.76334], [28.03932, 36.76448], [28.03443, 36.77509], [28.0197, 36.76314], [27.96607, 36.74715], [27.95925, 36.74715], [27.95411, 36.75959], [27.91766, 36.7404], [27.91245, 36.75414], [27.89031, 36.7404], [27.87037, 36.75259], [27.86304, 36.74039], [27.85649, 36.74038], [27.82618, 36.75747], [27.80649, 36.76081], [27.78785, 36.75399], [27.78785, 36.76081], [27.77605, 36.75594], [27.7361, 36.76081], [27.71941, 36.75625], [27.69848, 36.73421], [27.68426, 36.72671], [27.68685, 36.71113], [27.67311, 36.67963], [27.67114, 36.6578], [27.61988, 36.67646], [27.60304, 36.6789], [27.55975, 36.67464], [27.55453, 36.68513], [27.48634, 36.66523], [27.47267, 36.65096], [27.44842, 36.66523], [27.41578, 36.66901], [27.40432, 36.66524], [27.40203, 36.67748], [27.39405, 36.68415], [27.38299, 36.68476], [27.3703, 36.67892], [27.36915, 36.68448], [27.36283, 36.68513], [27.36866, 36.69741], [27.35582, 36.70621], [27.35582, 36.71237], [27.38478, 36.70502], [27.41432, 36.7093], [27.42311, 36.71967], [27.42727, 36.73566], [27.44985, 36.75403], [27.48316, 36.75397], [27.55665, 36.76267], [27.59246, 36.76081], [27.6115, 36.76533], [27.62339, 36.80174], [27.64508, 36.80641], [27.69117, 36.78433], [27.70541, 36.78875], [27.7212, 36.78168], [27.74822, 36.7844], [27.76002, 36.78132], [27.79909, 36.80662], [27.88648, 36.80882], [27.89714, 36.81231], [27.90366, 36.80581], [27.93995, 36.79564], [27.99443, 36.79834], [28.0105, 36.79433], [28.02752, 36.78132], [28.03077, 36.79173], [28.05543, 36.80858], [28.04908, 36.82062], [28.03956, 36.82665], [28.00703, 36.8291], [28.01386, 36.83592], [28.02328, 36.83324], [28.02459, 36.8391], [28.00704, 36.85699], [28.02125, 36.86321], [28.02866, 36.86018], [28.05543, 36.87067], [28.05543, 36.8769], [28.02127, 36.91159], [28.03443, 36.9042], [28.04184, 36.91161], [28.02754, 36.92592], [28.0617, 36.92593], [28.0617, 36.93212], [28.04184, 36.93212], [28.04185, 36.9389], [28.06567, 36.93923], [28.0822, 36.93212], [28.09352, 36.93788], [28.10328, 36.93212], [28.12013, 36.93768], [28.14194, 36.9287], [28.15724, 36.93212], [28.16529, 36.91161], [28.16814, 36.93342], [28.15724, 36.93891], [28.15725, 36.94578], [28.17449, 36.94598], [28.18523, 36.93891], [28.21241, 36.97309], [28.21241, 36.98054], [28.19892, 36.98054], [28.21242, 37.00042], [28.22853, 36.99055], [28.24464, 36.98819], [28.2531, 36.99372], [28.24661, 37.00787], [28.3296, 37.03046], [28.32936, 37.03677], [28.31495, 37.04881], [28.3047, 37.05085], [28.17433, 37.03515], [28.12623, 37.03587], [28.10727, 37.03213], [28.11002, 37.01412], [28.09295, 37.02143], [27.98658, 37.03514], [27.95183, 37.02148], [27.91139, 37.02774], [27.88624, 37.02619], [27.8047, 37.0046], [27.78785, 37.00788], [27.78044, 36.99361], [27.76287, 36.9973], [27.73952, 36.99361], [27.71974, 37.00519], [27.68767, 37.00544], [27.65577, 36.99653], [27.63648, 36.98055], [27.59034, 36.99828], [27.56715, 36.99665], [27.56201, 36.97311], [27.52833, 36.99128], [27.47267, 36.9936], [27.43849, 37.02774], [27.42351, 37.02717], [27.40805, 37.01684], [27.40431, 37.02774], [27.39682, 37.02774], [27.38331, 36.99362], [27.37893, 37.00072], [27.38331, 37.00788], [27.37649, 37.01412], [27.38168, 37.01895], [27.37647, 37.02774], [27.32862, 37.01411], [27.33268, 36.99706], [27.3265, 36.986], [27.30063, 36.97309], [27.30809, 36.95943], [27.28696, 36.95943], [27.28093, 36.96686], [27.2632, 36.96338], [27.25271, 36.97834], [27.2461, 37.01777], [27.22878, 37.06183], [27.23912, 37.08294], [27.26417, 37.08902], [27.29444, 37.1103], [27.27906, 37.11758], [27.26043, 37.11031], [27.25296, 37.12395], [27.26043, 37.11774], [27.27166, 37.12884], [27.30299, 37.11957], [27.32179, 37.12397], [27.3218, 37.15866], [27.3396, 37.15053], [27.3423, 37.13011], [27.34897, 37.13011], [27.36159, 37.14862], [27.36931, 37.15069], [27.37648, 37.14444], [27.3833, 37.15182], [27.38657, 37.13007], [27.4043, 37.1301], [27.42547, 37.11961], [27.43846, 37.12395], [27.431, 37.11774], [27.44557, 37.09699], [27.45981, 37.0895], [27.47511, 37.09252], [27.54152, 37.12595], [27.56512, 37.12564], [27.57553, 37.13011], [27.57553, 37.1376], [27.55453, 37.13011], [27.54721, 37.16181], [27.53956, 37.17829], [27.52786, 37.18538], [27.52786, 37.19281], [27.57472, 37.20115], [27.58766, 37.1988], [27.57553, 37.17853], [27.59474, 37.18594], [27.60987, 37.19965], [27.59425, 37.20429], [27.58857, 37.2111], [27.58936, 37.23049], [27.60987, 37.24746], [27.61598, 37.27473], [27.59441, 37.28384], [27.58936, 37.27474], [27.55323, 37.27293], [27.54306, 37.24965], [27.53052, 37.23632], [27.51466, 37.22933], [27.50004, 37.23384], [27.51775, 37.246], [27.51987, 37.2591], [27.5088, 37.26805], [27.48634, 37.26789], [27.46364, 37.25204], [27.45885, 37.258], [27.46145, 37.26752], [27.48634, 37.29523], [27.49138, 37.32734], [27.48015, 37.34369], [27.47267, 37.34369], [27.46852, 37.31563], [27.44613, 37.30562], [27.41831, 37.30949], [27.39683, 37.32315], [27.3887, 37.34528], [27.39675, 37.36562], [27.41522, 37.38165], [27.43849, 37.39081], [27.42652, 37.40595], [27.40724, 37.41275], [27.38657, 37.41206], [27.37029, 37.4051], [27.35644, 37.37914], [27.3462, 37.3706], [27.32179, 37.37092], [27.32179, 37.36351], [27.33642, 37.3557], [27.33033, 37.35164], [27.2715, 37.34858], [27.24611, 37.33618], [27.2317, 37.34809], [27.21877, 37.34371], [27.21192, 37.35733], [27.20135, 37.35229], [27.19079, 37.35733], [27.20753, 37.37641], [27.2051, 37.39826], [27.22625, 37.4051], [27.21748, 37.4313], [27.2225, 37.47675], [27.20509, 37.47274], [27.19264, 37.47866], [27.17777, 37.46657], [27.19044, 37.51268], [27.1846, 37.52802], [27.18824, 37.53449], [27.18044, 37.54458], [27.18458, 37.55589], [27.20037, 37.54755], [27.20932, 37.5633], [27.20851, 37.59687], [27.13624, 37.63105], [27.04885, 37.65015], [27.0115, 37.66572], [27.02102, 37.68632], [27.03834, 37.69012], [27.12721, 37.68854], [27.21315, 37.71345], [27.24952, 37.74433], [27.2566, 37.75951], [27.26157, 37.80353], [27.26043, 37.81598], [27.23717, 37.84545], [27.23908, 37.8642], [27.26043, 37.88422], [27.26539, 37.90168], [27.26044, 37.91901], [27.27475, 37.92902], [27.26629, 37.95136], [27.23911, 37.98794], [27.21372, 37.98094], [27.14084, 37.98612], [27.11639, 37.99409], [27.1019, 38.01268], [27.07017, 38.02001], [27.06471, 38.0406], [27.05592, 38.04572], [27.02703, 38.0494], [26.97543, 38.06525], [26.94923, 38.06737], [26.8934, 38.05622], [26.88151, 38.03841], [26.87306, 38.03511], [26.86493, 38.04036], [26.84207, 38.07608], [26.84645, 38.10342], [26.83522, 38.13129], [26.79363, 38.17227], [26.77606, 38.16524], [26.77151, 38.17748], [26.77369, 38.20702], [26.76026, 38.21674], [26.70826, 38.20703], [26.63592, 38.2036], [26.62288, 38.13875], [26.60922, 38.14496], [26.61214, 38.11787], [26.6071, 38.10831], [26.59498, 38.10396], [26.56764, 38.14496], [26.56715, 38.12398], [26.5569, 38.12231], [26.52378, 38.14741], [26.51551, 38.16552], [26.5193, 38.17967], [26.49171, 38.17403], [26.44223, 38.21198], [26.41749, 38.22065], [26.42415, 38.20019], [26.4175, 38.20019], [26.39016, 38.22383], [26.39487, 38.25165], [26.39015, 38.26166], [26.38331, 38.26166], [26.37501, 38.23481], [26.35401, 38.22827], [26.32863, 38.23506], [26.28663, 38.26105], [26.23464, 38.27384], [26.2331, 38.28026], [26.23879, 38.29579], [26.26539, 38.28669], [26.28591, 38.31866], [26.30763, 38.32306], [26.30763, 38.33051], [26.28892, 38.34065], [26.28616, 38.35895], [26.29412, 38.36984], [26.30763, 38.35786], [26.31175, 38.37111], [26.32113, 38.37765], [26.32592, 38.35493], [26.3143, 38.33674], [26.34635, 38.32879], [26.35613, 38.31688], [26.38502, 38.31843], [26.39186, 38.32502], [26.38332, 38.34355], [26.39894, 38.33552], [26.41749, 38.33674], [26.47592, 38.36689], [26.47706, 38.38687], [26.46803, 38.40762], [26.45152, 38.41869], [26.45152, 38.42608], [26.47689, 38.41668], [26.48911, 38.40619], [26.49789, 38.40729], [26.51303, 38.43293], [26.44077, 38.4728], [26.42205, 38.46971], [26.41423, 38.45629], [26.40723, 38.45345], [26.38788, 38.45426], [26.40382, 38.48754], [26.39991, 38.49958], [26.36974, 38.53524], [26.37582, 38.52855], [26.3592, 38.57674], [26.349, 38.63569], [26.3563, 38.66168], [26.41378, 38.67933], [26.46558, 38.67266], [26.50532, 38.65285], [26.55569, 38.60558], [26.5608, 38.59003], [26.584, 38.56094], [26.63037, 38.51923], [26.6433, 38.46772], [26.62916, 38.46089], [26.61085, 38.46841], [26.58814, 38.46088], [26.60523, 38.45358], [26.60498, 38.44477], [26.58815, 38.41869], [26.61182, 38.41624], [26.62207, 38.40533], [26.65707, 38.3288], [26.67311, 38.3072], [26.69459, 38.31318], [26.69996, 38.32575], [26.67751, 38.34358], [26.67068, 38.38516], [26.68714, 38.41955], [26.70241, 38.43015], [26.71909, 38.42609], [26.71909, 38.4329], [26.72535, 38.43292], [26.74807, 38.40492], [26.76686, 38.36408], [26.78736, 38.37151], [26.7951, 38.35863], [26.84547, 38.37152], [26.92457, 38.37767], [26.98976, 38.39887], [27.01336, 38.41249], [27.04249, 38.40762], [27.06121, 38.41249], [27.08863, 38.40225], [27.11183, 38.41401], [27.13544, 38.43365], [27.16424, 38.4466], [27.16424, 38.45344], [27.15447, 38.45942], [27.14309, 38.45345], [27.13624, 38.46088], [27.11695, 38.45394], [27.08334, 38.45673], [27.07472, 38.45345], [27.04908, 38.4632], [27.02231, 38.46247], [26.93542, 38.43489], [26.94508, 38.4466], [26.92792, 38.45605], [26.89763, 38.4947], [26.84906, 38.51254], [26.82692, 38.5262], [26.81476, 38.54274], [26.8742, 38.50747], [26.88982, 38.50804], [26.88982, 38.51488], [26.87778, 38.52635], [26.83523, 38.54901], [26.84889, 38.5974], [26.83424, 38.60822], [26.81373, 38.59765], [26.79365, 38.59741], [26.80104, 38.61172], [26.77931, 38.61774], [26.7532, 38.61792], [26.75945, 38.63841], [26.74643, 38.63867], [26.71911, 38.65266], [26.73366, 38.66363], [26.75318, 38.66633], [26.73306, 38.68983], [26.7191, 38.72093], [26.73756, 38.73077], [26.78891, 38.73941], [26.81821, 38.75543], [26.83058, 38.74726], [26.85157, 38.74566], [26.88852, 38.73404], [26.90349, 38.73456], [26.89724, 38.74827], [26.92303, 38.76214], [26.93141, 38.75507], [26.93507, 38.77045], [26.93141, 38.78925], [26.92458, 38.78173], [26.89725, 38.81655], [26.93766, 38.83021], [26.94386, 38.80874], [26.96078, 38.80614], [26.97145, 38.81916], [26.95877, 38.84446], [26.9909, 38.85505], [27.01336, 38.87115], [27.03354, 38.8605], [27.05502, 38.87108], [27.06267, 38.88687], [27.04129, 38.89168], [27.05787, 38.91852], [27.05779, 38.92976], [27.04127, 38.94009], [27.01286, 38.92207], [26.98288, 38.91963], [26.96241, 38.94009], [26.93426, 38.9309], [26.92457, 38.94009], [26.86622, 38.91341], [26.85565, 38.91756], [26.8401, 38.93586], [26.8065, 38.95015], [26.79722, 38.97313], [26.79915, 38.99815], [26.81471, 39.01512], [26.81471, 39.02196], [26.79366, 39.02197], [26.82881, 39.04717], [26.87306, 39.06293], [26.88315, 39.0716], [26.87526, 39.09089], [26.82374, 39.14908], [26.77097, 39.1732], [26.73782, 39.19721], [26.73902, 39.20759], [26.71876, 39.26288], [26.70143, 39.26899], [26.62908, 39.26839], [26.60924, 39.27522], [26.61931, 39.28315], [26.63259, 39.31341], [26.64552, 39.31756], [26.65478, 39.31321], [26.65382, 39.30646], [26.63592, 39.30317], [26.63592, 39.29694], [26.65602, 39.29426], [26.67067, 39.28266], [26.66481, 39.29808], [26.67026, 39.30598], [26.69117, 39.31623], [26.70901, 39.33705], [26.81471, 39.39936], [26.80105, 39.4062], [26.80105, 39.43353], [26.85084, 39.43976], [26.86305, 39.44717], [26.85208, 39.46182], [26.86773, 39.47138], [26.92986, 39.48774], [26.94508, 39.53962], [26.93767, 39.57477], [26.92221, 39.58218], [26.8934, 39.58438], [26.83286, 39.55684], [26.80787, 39.5707], [26.4568, 39.52119], [26.36215, 39.48136], [26.28663, 39.48762], [26.26295, 39.48135], [26.24927, 39.46566], [26.23178, 39.47451], [26.15284, 39.45923], [26.11297, 39.45918], [26.07424, 39.47452], [26.07001, 39.49628], [26.09498, 39.54857], [26.1107, 39.59788], [26.1482, 39.62604], [26.15675, 39.64924], [26.16359, 39.70417], [26.13642, 39.75568], [26.13788, 39.76455], [26.14991, 39.77611], [26.15496, 39.82616], [26.1517, 39.83515], [26.13642, 39.8376], [26.15675, 39.89899], [26.14993, 39.93378], [26.16779, 39.97376], [26.19777, 40.00884], [26.25115, 39.99486], [26.31105, 40.01948], [26.36215, 40.06346], [26.36941, 40.10293], [26.39324, 40.10822], [26.40349, 40.13898], [26.39635, 40.17276], [26.40798, 40.19366], [26.44142, 40.1966], [26.50074, 40.21296], [26.51938, 40.22517], [26.56366, 40.27016], [26.60759, 40.29043], [26.71442, 40.39043], [26.73561, 40.40354], [26.77713, 40.40548], [26.86305, 40.39989], [26.89723, 40.40614], [26.93442, 40.39248], [26.99147, 40.38862], [27.01336, 40.39248], [27.09637, 40.45228], [27.14308, 40.45391], [27.21534, 40.4477], [27.23756, 40.45185], [27.2715, 40.46783], [27.28695, 40.4682], [27.30354, 40.45824], [27.32861, 40.41356], [27.31492, 40.40616], [27.30323, 40.41096], [27.29444, 40.40616], [27.33758, 40.37031], [27.39291, 40.34211], [27.45232, 40.32201], [27.52329, 40.30878], [27.55128, 40.30882], [27.59702, 40.32831], [27.61297, 40.33099], [27.688, 40.31379], [27.71225, 40.32419], [27.7326, 40.31729], [27.76271, 40.31537], [27.78981, 40.32046], [27.81325, 40.3471], [27.86736, 40.36888], [27.88356, 40.3863], [27.86524, 40.38679], [27.81528, 40.39989], [27.79177, 40.3929], [27.78582, 40.41291], [27.76765, 40.42025], [27.75637, 40.43261], [27.75017, 40.45759], [27.72585, 40.46138], [27.68442, 40.49597], [27.68427, 40.50234], [27.70606, 40.51191], [27.72243, 40.52626], [27.73316, 40.53057], [27.75017, 40.52473], [27.76002, 40.53704], [27.78045, 40.51533], [27.7894, 40.51423], [27.79519, 40.52089], [27.8047, 40.52276], [27.9699, 40.50299], [28.01416, 40.49115], [28.03442, 40.47443], [28.01677, 40.45108], [27.92994, 40.41694], [27.90398, 40.39989], [27.90846, 40.37421], [27.94467, 40.36603], [28.02752, 40.37202], [28.11199, 40.39605], [28.34769, 40.40403], [28.4004, 40.39741], [28.48677, 40.39988], [28.46754, 40.39435], [28.45883, 40.37946], [28.49949, 40.39109], [28.54542, 40.39129], [28.59278, 40.38189], [28.63771, 40.36518], [28.64381, 40.37123], [28.65805, 40.36518], [28.6854, 40.37945], [28.74187, 40.38642], [28.77199, 40.40252], [28.88404, 40.38629], [28.93873, 40.36518], [29.05161, 40.36734], [29.06568, 40.37572], [29.09011, 40.42722], [29.11899, 40.42365], [29.15154, 40.43407], [29.13356, 40.45075], [29.0879, 40.47748], [29.06568, 40.48188], [29.011, 40.48188], [28.96949, 40.46138], [28.91668, 40.47091], [28.82846, 40.51301], [28.7742, 40.52278], [28.79266, 40.55328], [28.82684, 40.57061], [28.89772, 40.59174], [28.92774, 40.60643], [28.97007, 40.63946], [28.98634, 40.64475], [29.28159, 40.66592], [29.32325, 40.67674], [29.39185, 40.70782], [29.41684, 40.68675], [29.46144, 40.70417], [29.47007, 40.71893], [29.47927, 40.72406], [29.50087, 40.72886], [29.52751, 40.7215], [29.54223, 40.70966], [29.54884, 40.69098], [29.55991, 40.69107], [29.75352, 40.72456], [29.8672, 40.7289], [29.90357, 40.71625], [29.92416, 40.71646], [29.9393, 40.73505], [29.92921, 40.75804], [29.89015, 40.76349], [29.7754, 40.74873], [29.73756, 40.76984], [29.66619, 40.78351], [29.42872, 40.77607], [29.37778, 40.75655], [29.35695, 40.76241], [29.33953, 40.78758], [29.32914, 40.79035], [29.34344, 40.7978], [29.33953, 40.80781], [29.31544, 40.82445], [29.31105, 40.8182], [29.30177, 40.82445], [29.2932, 40.8186], [29.25458, 40.81079], [29.25458, 40.81703], [29.27076, 40.82185], [29.2746, 40.83876], [29.28826, 40.83128], [29.28842, 40.83779], [29.29493, 40.83877], [29.26393, 40.86978], [29.24098, 40.88255], [29.22047, 40.87972], [29.20134, 40.89395], [29.14479, 40.91414], [29.08318, 40.95966], [29.0281, 40.98213], [29.03484, 40.98957], [29.0233, 40.99336], [29.00758, 41.0305], [29.02605, 41.03828], [29.06235, 41.07632], [29.09059, 41.14094], [29.06926, 41.15297], [29.09262, 41.18037], [29.12983, 41.21171], [29.16969, 41.23309], [29.20623, 41.22919], [29.21616, 41.2394], [29.23207, 41.24067], [29.41974, 41.21428], [29.61883, 41.1789], [29.88461, 41.14899], [30.13689, 41.14378], [30.16521, 41.14663], [30.21705, 41.16714], [30.24049, 41.19231], [30.2483, 41.18757], [30.27126, 41.21116], [30.28248, 41.21551], [30.29558, 41.20742], [30.33668, 41.20082], [30.36996, 41.18134], [30.69895, 41.12158], [30.74806, 41.09199], [30.83326, 41.0799], [31.09059, 41.08515], [31.12477, 41.09812], [31.16944, 41.09199], [31.21046, 41.09812], [31.23121, 41.09199], [31.23878, 41.0937], [31.24888, 41.10565], [31.29021, 41.11787], [31.32358, 41.13386], [31.39275, 41.18842], [31.40105, 41.20209], [31.40801, 41.24817], [31.41961, 41.28034], [31.39608, 41.29569], [31.39285, 41.30365], [31.40358, 41.31647], [31.42514, 41.32257], [31.47104, 41.32477], [31.49831, 41.35203], [31.65895, 41.39793], [31.87194, 41.50471], [31.99334, 41.54951], [32.03941, 41.57558], [32.13412, 41.59943], [32.16188, 41.61201], [32.17841, 41.6369], [32.24342, 41.69294], [32.26337, 41.72015], [32.29705, 41.72735], [32.35182, 41.72944], [32.3537, 41.73574], [32.37232, 41.7425], [32.38258, 41.75608], [32.39967, 41.7425], [32.41725, 41.74893], [32.45429, 41.77724], [32.53506, 41.81082], [32.56283, 41.81687], [32.57781, 41.81135], [32.58938, 41.82696], [32.61257, 41.83953], [32.63966, 41.84389], [32.6631, 41.83495], [32.67921, 41.83633], [32.75538, 41.85911], [32.79851, 41.85969], [32.82748, 41.86469], [32.84457, 41.87278], [32.85564, 41.86831], [32.92612, 41.88182], [32.96192, 41.89411], [33.00807, 41.9173], [33.16554, 41.95698], [33.32448, 42.01902], [33.36085, 42.02064], [33.43434, 42.01065], [33.54054, 42.01064], [33.61346, 41.99372], [33.82716, 41.97769], [33.84522, 41.98264], [33.87355, 41.97443], [34.00392, 41.98262], [34.33131, 41.94794], [34.4452, 41.97278], [34.48268, 41.97524], [34.56178, 41.95185], [34.69418, 41.94595], [34.74635, 41.95038], [34.7986, 41.96223], [34.88901, 42.0078], [34.91879, 42.03555], [34.9419, 42.06928], [34.9481, 42.09877], [34.99073, 42.09112], [35.00343, 42.08511], [35.00614, 42.09146], [35.02393, 42.0925], [35.04882, 42.06513], [35.04444, 42.05158], [35.08155, 42.0292], [35.1045, 42.02188], [35.1338, 42.02363], [35.17124, 42.04413], [35.18647, 42.04235], [35.2163, 42.02362], [35.2163, 42.0168], [35.16261, 42.02172], [35.13754, 42.01952], [35.11671, 42.0069], [35.09881, 41.96971], [35.09213, 41.92805], [35.12574, 41.87531], [35.15577, 41.84569], [35.20947, 41.81134], [35.20947, 41.80452], [35.19581, 41.80451], [35.22478, 41.76187], [35.25358, 41.75063], [35.29819, 41.71515], [35.35768, 41.69685], [35.40105, 41.69154], [35.44907, 41.66055], [35.48585, 41.64509], [35.53012, 41.63426], [35.57667, 41.62971], [35.6198, 41.63264], [35.67873, 41.65692], [35.74057, 41.66498], [35.84621, 41.69871], [35.89381, 41.70746], [35.93483, 41.7324], [35.95651, 41.73622], [35.94679, 41.71723], [35.92897, 41.70893], [35.93051, 41.69383], [35.91163, 41.66279], [35.91529, 41.64623], [35.9227, 41.64623], [35.92481, 41.67023], [35.93434, 41.69212], [35.94793, 41.71003], [35.97288, 41.72856], [35.97787, 41.72967], [36.0381, 41.68781], [36.0381, 41.70146], [36.04492, 41.70147], [36.12044, 41.62775], [36.13444, 41.59906], [36.13444, 41.55817], [36.12078, 41.52704], [36.11996, 41.49433], [36.13445, 41.4619], [36.17888, 41.41999], [36.20475, 41.40647], [36.23683, 41.35887], [36.3034, 41.32852], [36.33187, 41.32318], [36.33732, 41.31835], [36.34376, 41.28872], [36.37451, 41.27699], [36.39503, 41.25641], [36.42383, 41.25169], [36.45102, 41.24042], [36.47608, 41.24494], [36.51791, 41.26264], [36.57936, 41.30732], [36.6019, 41.34374], [36.60672, 41.36628], [36.61989, 41.37505], [36.67172, 41.36628], [36.75831, 41.36623], [36.83668, 41.35076], [36.98487, 41.29449], [37.0153, 41.2746], [37.03179, 41.24306], [37.03386, 41.1988], [37.03972, 41.18154], [37.07748, 41.17083], [37.13551, 41.14663], [37.26344, 41.14784], [37.29932, 41.14036], [37.33351, 41.11933], [37.39535, 41.10846], [37.43653, 41.0777], [37.47754, 41.06777], [37.50473, 41.04291], [37.52475, 41.03718], [37.56471, 41.04046], [37.58058, 41.03677], [37.60792, 41.05044], [37.64033, 41.10175], [37.67183, 41.13107], [37.68978, 41.14035], [37.6985, 41.12409], [37.7151, 41.11473], [37.73422, 41.11465], [37.75123, 41.12611], [37.75807, 41.11933], [37.78385, 41.12261], [37.78517, 41.06], [37.80274, 41.04291], [37.86792, 41.01556], [37.89576, 40.98212], [37.93502, 40.99507], [37.9817, 40.99021], [38.10222, 40.9597], [38.1613, 40.95209], [38.20143, 40.94135], [38.22413, 40.94115], [38.2686, 40.95034], [38.28736, 40.9472], [38.3309, 40.91787], [38.35125, 40.91787], [38.38933, 40.9269], [38.45232, 40.91673], [38.46372, 40.92376], [38.5394, 40.92691], [38.59157, 40.96255], [38.63706, 40.97601], [38.64947, 40.97515], [38.67791, 40.94864], [38.71762, 40.95478], [38.74334, 40.97247], [38.75514, 40.97529], [38.78371, 41.00177], [38.87582, 41.01895], [38.90865, 41.03774], [38.92782, 41.04263], [39.04176, 41.0434], [39.12232, 41.05728], [39.15651, 41.07769], [39.16801, 41.07969], [39.21971, 41.07297], [39.25074, 41.05305], [39.2732, 41.05044], [39.31724, 41.06805], [39.34913, 41.07396], [39.40284, 41.09813], [39.41823, 41.11], [39.43019, 41.11248], [39.49292, 41.10101], [39.53256, 41.06464], [39.59205, 41.02509], [39.63006, 41.00849], [39.66969, 41.00263], [39.72999, 41.01715], [39.75709, 41.00235], [39.79916, 41.0003], [39.85874, 40.96426], [39.89568, 40.95478], [39.91216, 40.96385], [39.97495, 40.98028], [39.99936, 40.98211], [40.05681, 40.94135], [40.0857, 40.92646], [40.12599, 40.92064], [40.14275, 40.9228], [40.23146, 40.94684], [40.25466, 40.95867], [40.30104, 40.96845], [40.46486, 41.05043], [40.49968, 41.03876], [40.52914, 41.03628], [40.55738, 41.04247], [40.62616, 41.08217], [40.67066, 41.08796], [40.69825, 41.09813], [40.75759, 41.15834], [40.82749, 41.19793], [40.83888, 41.20123], [40.85375, 41.19932], [40.89682, 41.18757], [40.92205, 41.19062], [40.96013, 41.21074], [41.02027, 41.2237], [41.04274, 41.23249], [41.12136, 41.28554], [41.19077, 41.29572], [41.28501, 41.35381], [41.34226, 41.37243], [41.39039, 41.37934], [41.40895, 41.39033], [41.42416, 41.40786], [41.43818, 41.45135], [41.50709, 41.49543], [41.58609, 41.60248], [41.61557, 41.63248], [41.67604, 41.66218], [41.69289, 41.69229], [41.73976, 41.7499], [41.74393, 41.77863], [41.76629, 41.80418], [41.77394, 41.8216], [41.77394, 41.90693], [41.75571, 42.00641], [41.68491, 42.09894], [41.66408, 42.11396], [41.64918, 42.21223], [41.5962, 42.34943], [41.55487, 42.38984], [41.50017, 42.64057], [41.48276, 42.68024], [41.45737, 42.71369], [41.42433, 42.7399], [41.38347, 42.75727], [41.30731, 42.76766], [41.27491, 42.7853], [41.22535, 42.80231], [41.20533, 42.80443], [41.1609, 42.79085], [41.15025, 42.79565], [41.10476, 42.84659], [41.0818, 42.90815], [41.02312, 42.98998], [40.99838, 42.98945], [40.95899, 42.9764], [40.93378, 42.98274], [40.90398, 43.01634], [40.88658, 43.02416], [40.85597, 43.06306], [40.78305, 43.08417], [40.68287, 43.09431], [40.59181, 43.08565], [40.57994, 43.08882], [40.52019, 43.12726], [40.47853, 43.13403], [40.39828, 43.16234], [40.36118, 43.16547], [40.33513, 43.14087], [40.32505, 43.14883], [40.30104, 43.18867], [40.26842, 43.21638], [40.2728, 43.24799], [40.25717, 43.27741], [40.21909, 43.31904], [40.13348, 43.34163], [40.10133, 43.36518], [40.08692, 43.37031], [40.04079, 43.37581], [39.96258, 43.39266], [39.93337, 43.40669], [39.91034, 43.42642], [39.86793, 43.49567], [39.84693, 43.51], [39.75653, 43.54532], [39.71828, 43.56778], [39.69077, 43.61384], [39.61892, 43.64461], [39.57407, 43.68895], [39.45755, 43.77091], [39.39137, 43.84536], [39.32936, 43.89623], [39.11612, 44.02371], [39.08816, 44.04524], [39.06121, 44.07612], [39.04477, 44.08812], [39.02273, 44.09302], [39.01158, 44.10029], [38.97828, 44.14826], [38.93735, 44.16352], [38.87372, 44.17342], [38.8559, 44.18436], [38.75831, 44.27363], [38.69689, 44.29231], [38.59506, 44.33194], [38.30983, 44.36617], [38.28842, 44.38516], [38.21706, 44.38731], [38.17775, 44.406], [38.10808, 44.49706], [38.06302, 44.52406], [38.05616, 44.55899], [38.04493, 44.56118], [38.01189, 44.55233], [37.98456, 44.56428], [37.92808, 44.60595], [37.92263, 44.61376], [37.93621, 44.63426], [37.87485, 44.6894], [37.77849, 44.7298], [37.79054, 44.70588], [37.82242, 44.66816], [37.82015, 44.6479], [37.80005, 44.63525], [37.7693, 44.6324], [37.73624, 44.63575], [37.63185, 44.66901], [37.60108, 44.6684], [37.57716, 44.65535], [37.50896, 44.67528], [37.49844, 44.66852], [37.47829, 44.6772], [37.43653, 44.71678], [37.38601, 44.73677], [37.37112, 44.74788], [37.31788, 44.84618], [37.29251, 44.86763], [37.29251, 44.87506], [37.31129, 44.89085], [37.306, 44.90965], [37.28712, 44.92817], [37.1919, 44.99103], [37.13465, 45.00419], [37.10572, 45.02021], [37.06838, 45.03035], [37.03468, 45.04776], [36.94997, 45.06563], [36.8401, 45.10936], [36.79908, 45.11469], [36.74123, 45.10318], [36.70168, 45.10384], [36.64138, 45.12837], [36.58621, 45.17235], [36.57734, 45.19416], [36.5862, 45.20282], [36.70672, 45.20283], [36.72967, 45.20628], [36.78542, 45.23069], [36.84083, 45.23286], [36.85451, 45.24224], [36.87517, 45.2458], [36.93523, 45.26801], [36.96168, 45.28294], [36.97039, 45.30305], [36.96616, 45.31159], [36.94728, 45.32022], [36.94281, 45.31634], [36.78883, 45.29219], [36.76662, 45.31952], [36.75808, 45.35423], [36.77572, 45.3648], [36.8025, 45.31269], [36.81218, 45.31639], [36.8122, 45.34739], [36.8475, 45.36107], [36.8475, 45.36734], [36.80622, 45.37067], [36.78159, 45.38764], [36.74757, 45.38154], [36.72779, 45.37177], [36.68799, 45.3315], [36.66815, 45.32637], [36.66663, 45.3406], [36.7051, 45.39101], [36.83326, 45.44301], [36.84767, 45.43407], [36.89527, 45.42999], [37.06666, 45.35383], [37.13151, 45.34055], [37.1394, 45.33551], [37.11378, 45.31269], [37.10693, 45.27168], [37.07146, 45.26582], [37.06593, 45.26146], [37.07106, 45.24331], [37.07838, 45.23896], [37.11248, 45.23932], [37.16912, 45.25116], [37.2365, 45.25532], [37.25441, 45.27691], [37.31918, 45.27167], [37.30274, 45.28632], [37.27426, 45.29413], [37.17368, 45.30013], [37.16229, 45.30647], [37.15302, 45.32046], [37.15895, 45.32607], [37.34766, 45.32769], [37.37044, 45.3222], [37.38136, 45.30646], [37.39382, 45.31732], [37.43141, 45.32233], [37.51928, 45.36927], [37.50473, 45.33381], [37.54266, 45.34739], [37.58399, 45.34055], [37.60083, 45.33136], [37.60792, 45.31269], [37.58912, 45.30313], [37.56674, 45.29963], [37.59108, 45.28937], [37.60955, 45.29682], [37.6351, 45.33378], [37.65162, 45.31269], [37.71022, 45.30028], [37.72926, 45.30166], [37.73829, 45.3107], [37.6999, 45.33918], [37.7064, 45.35126], [37.72047, 45.357], [37.73756, 45.37474], [37.74773, 45.39399], [37.75807, 45.39521], [37.75807, 45.40204], [37.71707, 45.389], [37.72348, 45.41462], [37.70771, 45.43692], [37.70291, 45.45725], [37.7444, 45.44302], [37.74439, 45.45043], [37.68606, 45.48404], [37.70265, 45.54316], [37.69972, 45.56281], [37.64942, 45.58495], [37.64275, 45.6035], [37.6351, 45.6081], [37.62306, 45.60139], [37.6233, 45.58588], [37.6364, 45.57099], [37.66245, 45.56655], [37.66243, 45.55908], [37.6351, 45.55288], [37.65502, 45.50821], [37.65308, 45.50439], [37.64194, 45.50446], [37.64078, 45.45596], [37.61914, 45.41841], [37.60825, 45.41585], [37.58629, 45.43244], [37.59425, 45.47712], [37.5874, 45.60037], [37.59502, 45.63511], [37.60793, 45.66274], [37.62647, 45.66827], [37.63476, 45.66071], [37.6311, 45.649], [37.61459, 45.64228], [37.64193, 45.63544], [37.67091, 45.60969], [37.67888, 45.61078], [37.68232, 45.62799], [37.70289, 45.62177], [37.70069, 45.63467], [37.67605, 45.64912], [37.66685, 45.66901], [37.76337, 45.72458], [37.82944, 45.75316], [37.8611, 45.8061], [37.90212, 45.95098], [37.91873, 45.9914], [37.94013, 46.02033], [37.97186, 46.04002], [38.0376, 46.05648], [38.09748, 46.05781], [38.04705, 46.03856], [38.03248, 46.02521], [38.05486, 46.03266], [38.06623, 46.03254], [38.07397, 46.02521], [38.07226, 46.01374], [38.05144, 45.99262], [38.04184, 45.96109], [38.04615, 45.9536], [38.07797, 45.95208], [38.08033, 45.94636], [38.07301, 45.90876], [38.01531, 45.85761], [38.00123, 45.83259], [38.0145, 45.81843], [38.03956, 45.81607], [38.06031, 45.82661], [38.0469, 45.84089], [38.04983, 45.85488], [38.07398, 45.88182], [38.0975, 45.95074], [38.1211, 45.97134], [38.1312, 45.99006], [38.13894, 46.03009], [38.16277, 46.06], [38.16214, 46.10195], [38.16776, 46.12062], [38.24908, 46.14147], [38.27197, 46.13568], [38.31959, 46.09345], [38.35449, 46.08245], [38.42742, 46.03828], [38.48178, 46.03266], [38.52589, 46.03879], [38.54998, 46.0312], [38.55991, 46.03266], [38.5735, 46.0642], [38.57602, 46.08735], [38.57081, 46.10468], [38.55681, 46.11518], [38.30007, 46.21866], [38.28534, 46.23213], [38.27125, 46.27416], [38.21707, 46.3059], [38.1229, 46.37751], [38.08766, 46.39643], [38.06788, 46.40144], [37.99073, 46.40241], [37.97495, 46.39427], [37.97779, 46.38215], [38.01871, 46.36848], [37.99537, 46.35445], [37.97097, 46.36181], [37.90521, 46.41091], [37.86297, 46.45478], [37.82733, 46.47651], [37.75514, 46.64594], [37.73074, 46.66267], [37.73757, 46.67632], [37.85222, 46.6225], [37.8816, 46.62913], [37.92465, 46.61555], [37.98227, 46.6175], [38.03679, 46.62946], [38.07032, 46.64594], [38.1037, 46.67597], [38.12331, 46.68646], [38.21388, 46.69619], [38.27174, 46.73235], [38.31365, 46.67634], [38.38802, 46.66154], [39.02943, 46.14309], [39.09114, 46.07935], [39.07602, 45.9874], [39.05514, 45.93233], [39.02924, 45.88818], [39.0068, 45.85766], [38.95106, 45.80247], [38.91727, 45.77737], [38.85664, 45.74243], [38.85486, 45.73192], [39.43207, 45.26275], [39.98486, 44.80488], [40.45799, 44.24021], [40.91116, 43.68951], [40.82457, 43.47397], [40.87495, 43.45564], [41.01179, 43.37542], [41.04249, 43.36983], [41.14667, 43.37986], [41.18077, 43.37469], [41.21312, 43.36278], [41.24392, 43.3442], [41.27875, 43.3332], [41.35027, 43.34335], [41.38066, 43.33477], [41.41311, 43.29129], [41.42758, 43.2832], [41.47977, 43.27124], [41.50613, 43.25979], [41.55057, 43.22628], [41.57754, 43.2153], [41.47279, 43.00143], [41.73156, 42.67978], [42.20995, 41.72982], [42.15839, 41.4999], [42.18929, 41.48171], [42.26246, 41.48233], [42.43785, 41.43086], [42.45189, 41.4314], [42.47405, 41.19606], [42.88061, 40.36143], [43.39444, 37.91622], [43.3091, 36.5862], [43.22641, 35.51614], [43.0473, 35.03161], [42.8636, 34.54685], [42.67545, 34.06226], [42.38538, 33.33397], [41.89171, 32.69291], [41.37786, 32.04204], [40.85027, 31.35825], [40.30894, 30.91626], [39.7587, 30.45876], [39.19995, 29.98558], [38.66196, 29.52169], [37.85923, 29.07573], [37.03089, 28.60409], [36.48476, 28.30466], [35.93869, 28.01272], [35.75499, 27.95547], [35.75245, 27.94557], [35.77885, 27.9039], [35.79732, 27.86391], [35.84255, 27.80682], [35.87447, 27.74857], [35.84175, 27.68787], [35.7949, 27.63209], [35.76658, 27.60711], [35.70356, 27.56599], [35.63215, 27.5364], [35.52996, 27.50453], [35.51052, 27.54418], [35.5062, 27.60053], [35.50026, 27.61933], [35.49195, 27.63239], [35.45901, 27.66341], [35.44089, 27.69007], [35.41505, 27.75137], [35.39438, 27.777], [35.36453, 27.78984], [35.35149, 27.80121], [35.33678, 27.83369], [35.33237, 27.86221], [35.27102, 27.92781], [35.25522, 27.95279], [35.18149, 28.00292], [35.18149, 27.99605], [35.17466, 27.99605], [35.1636, 28.00934], [35.17653, 28.01947], [35.21632, 28.03766], [35.2269, 28.03315], [35.21632, 28.05439], [35.17465, 28.06501], [35.16782, 28.06501], [35.16781, 28.05818], [35.1618, 28.05818], [35.14479, 28.0764], [35.11037, 28.07894], [35.05193, 28.11957], [35.042, 28.11303], [35.0197, 28.11347], [35.03074, 28.09913], [34.99789, 28.1142], [34.93727, 28.09125], [34.92774, 28.07861], [34.92092, 28.07861], [34.92091, 28.08544], [34.90089, 28.08227], [34.8602, 28.0854], [34.84645, 28.07121], [34.83889, 28.0786], [34.83889, 28.08544], [34.84645, 28.08544], [34.84262, 28.09984], [34.86622, 28.11278], [34.83676, 28.11628], [34.82537, 28.11278], [34.82537, 28.1059], [34.83277, 28.1059], [34.83277, 28.09911], [34.8143, 28.08894], [34.80486, 28.07121], [34.79178, 28.0786], [34.80161, 28.0904], [34.8191, 28.09911], [34.8191, 28.11278], [34.79371, 28.11107], [34.78647, 28.10472], [34.78444, 28.09293], [34.77735, 28.09618], [34.77077, 28.09294], [34.77076, 28.1059], [34.76499, 28.1059], [34.76499, 28.09911], [34.75702, 28.09912], [34.74733, 28.11201], [34.73658, 28.10592], [34.7274, 28.11214], [34.70924, 28.14008], [34.69499, 28.12647], [34.68198, 28.13516], [34.67456, 28.11279], [34.64715, 28.09911], [34.64715, 28.09292], [34.66829, 28.07859], [34.66829, 28.0712], [34.65528, 28.06502], [34.64715, 28.07119], [34.64144, 28.0417], [34.63516, 28.03346], [34.61306, 28.03023], [34.62045, 28.03767], [34.61306, 28.04451], [34.60874, 28.05853], [34.60621, 28.09601], [34.59889, 28.10326], [34.57441, 28.09408], [34.57887, 28.1059], [34.57278, 28.11278], [34.58742, 28.13182], [34.62672, 28.16055], [34.62047, 28.16739], [34.62713, 28.17666], [34.64031, 28.18105], [34.64031, 28.17642], [34.63347, 28.17487], [34.6517, 28.16779], [34.65773, 28.17056], [34.6609, 28.18106], [34.65528, 28.18106], [34.65528, 28.18789], [34.64814, 28.19425], [34.6496, 28.20087], [34.6683, 28.20897], [34.6649, 28.22451], [34.67458, 28.27045], [34.68873, 28.26362], [34.68873, 28.27729], [34.68043, 28.27167], [34.67458, 28.27725], [34.69467, 28.29442], [34.71502, 28.32746], [34.73048, 28.36359], [34.74107, 28.41059], [34.76059, 28.43659], [34.775, 28.48317], [34.80378, 28.52713], [34.79343, 28.61943], [34.77848, 28.6645], [34.79696, 28.72599], [34.82537, 28.78437], [34.82537, 28.79059], [34.81912, 28.7906], [34.83611, 28.81647], [34.83855, 28.82856], [34.83277, 28.84562], [34.84409, 28.87641], [34.84197, 28.88963], [34.82538, 28.89424], [34.82538, 28.90037], [34.8401, 28.92243], [34.85629, 28.96381], [34.86378, 29.00625], [34.85256, 29.0314], [34.85256, 29.04507], [34.87355, 29.08527], [34.89351, 29.17451], [34.90935, 29.21015], [34.90936, 29.23065], [34.94207, 29.25047], [34.93266, 29.28901], [34.93638, 29.30385], [34.94809, 29.29828], [34.95069, 29.30573], [34.95558, 29.30512], [34.94533, 29.3369], [34.9494, 29.3517], [34.96241, 29.35977], [34.96905, 29.45102], [34.9761, 29.47703], [34.99781, 29.51797], [34.99684, 29.53388], [34.97608, 29.55215], [34.96241, 29.55216], [34.96022, 29.55952], [34.95558, 29.55899], [34.95121, 29.54546], [34.91977, 29.50739], [34.91081, 29.48995], [34.88673, 29.49006], [34.85971, 29.47215], [34.83814, 29.43294], [34.82537, 29.42862], [34.83326, 29.42617], [34.83276, 29.42114], [34.81764, 29.41218], [34.8152, 29.4064], [34.81908, 29.40071], [34.80519, 29.39643], [34.81225, 29.38764], [34.77759, 29.3461], [34.75701, 29.33307], [34.7451, 29.31598], [34.73658, 29.31126], [34.74528, 29.29133], [34.72901, 29.25047], [34.729, 29.19892], [34.72363, 29.18668], [34.695, 29.1645], [34.69, 29.13417], [34.67457, 29.10651], [34.67457, 29.03441], [34.68652, 29.01243], [34.68577, 28.98888], [34.64674, 28.96743], [34.64031, 28.9488], [34.64599, 28.92235], [34.64713, 28.86287], [34.62045, 28.84585], [34.62631, 28.80263], [34.62045, 28.7906], [34.63346, 28.7707], [34.62281, 28.75983], [34.62451, 28.73599], [34.61525, 28.72419], [34.60767, 28.70149], [34.58424, 28.67235], [34.57031, 28.62617], [34.53012, 28.5727], [34.51631, 28.53878], [34.51059, 28.53799], [34.5236, 28.50731], [34.51156, 28.48779], [34.469, 28.45539], [34.47526, 28.44795], [34.46168, 28.44204], [34.45427, 28.4289], [34.44116, 28.37348], [34.42742, 28.35611], [34.40691, 28.30801], [34.41066, 28.27814], [34.42057, 28.25617], [34.41293, 28.23314], [34.45532, 28.17487], [34.43871, 28.10985], [34.42675, 28.08154], [34.44401, 28.05354], [34.42742, 27.98306], [34.43488, 27.97558], [34.40073, 27.96874], [34.38998, 27.94527], [34.37696, 27.93818], [34.37085, 27.92366], [34.33131, 27.91413], [34.3387, 27.90669], [34.32096, 27.86128], [34.31128, 27.85205], [34.30446, 27.85205], [34.28639, 27.86441], [34.27947, 27.85834], [34.27271, 27.83617], [34.26352, 27.82477], [34.27172, 27.81245], [34.25928, 27.80184], [34.2393, 27.79409], [34.21412, 27.79149], [34.2212, 27.76984], [34.25732, 27.76951], [34.25732, 27.76334], [34.24985, 27.76333], [34.24985, 27.7565], [34.2635, 27.73604], [34.24985, 27.74283], [34.25123, 27.73725], [34.25734, 27.73603], [34.25732, 27.72859], [34.24986, 27.72859], [34.22755, 27.75821], [34.18979, 27.78677], [34.07846, 27.8007], [34.05467, 27.81439], [33.98756, 27.88666], [33.97381, 27.88924], [33.91676, 27.93574], [33.90398, 27.9418], [33.89088, 27.94253], [33.87941, 27.93465], [33.86557, 27.96133], [33.8589, 27.95516], [33.80422, 27.99605], [33.79371, 28.01313], [33.76337, 28.024], [33.76393, 28.04902], [33.71601, 28.07527], [33.7155, 28.09292], [33.68448, 28.12416], [33.67264, 28.14579], [33.67457, 28.16055], [33.66033, 28.17487], [33.65406, 28.17487], [33.65406, 28.1674], [33.64666, 28.1674], [33.63478, 28.18131], [33.61817, 28.2333], [33.6128, 28.24063], [33.60565, 28.23629], [33.56471, 28.2971], [33.43394, 28.36641], [33.40016, 28.41445], [33.369, 28.44233], [33.36915, 28.44794], [33.30519, 28.48974], [33.29478, 28.49942], [33.27882, 28.52753], [33.25621, 28.54414], [33.26246, 28.55158], [33.26246, 28.54414], [33.26979, 28.54414], [33.26295, 28.57705], [33.2461, 28.5795], [33.23764, 28.56611], [33.2562, 28.55158], [33.23944, 28.5566], [33.2287, 28.56941], [33.21901, 28.628], [33.19485, 28.67512], [33.22828, 28.76386], [33.21015, 28.78507], [33.20476, 28.80516], [33.18101, 28.81851], [33.17459, 28.83698], [33.16733, 28.90016], [33.17758, 28.91836], [33.16587, 28.97606], [33.17791, 28.98957], [33.17075, 29.00308], [33.15919, 29.01411], [33.1531, 29.01338], [33.14503, 29.03172], [33.13648, 29.03461], [33.12648, 29.03141], [33.11606, 29.04312], [33.07863, 29.06489], [33.06121, 29.10139], [33.04022, 29.11812], [33.02345, 29.14061], [33.00913, 29.14741], [33.00294, 29.16112], [32.95786, 29.20209], [32.91952, 29.21768], [32.8856, 29.24307], [32.86834, 29.29743], [32.84597, 29.30834], [32.83955, 29.31601], [32.8174, 29.35977], [32.82106, 29.39704], [32.81723, 29.41405], [32.7903, 29.42545], [32.74157, 29.45596], [32.7492, 29.45596], [32.74537, 29.46312], [32.72853, 29.46963], [32.73536, 29.47728], [32.73471, 29.48383], [32.72853, 29.48383], [32.72145, 29.46748], [32.72851, 29.45597], [32.71503, 29.45597], [32.7225, 29.49274], [32.72413, 29.53954], [32.71241, 29.58047], [32.68085, 29.59993], [32.68686, 29.61815], [32.68088, 29.66163], [32.69386, 29.70604], [32.69068, 29.73363], [32.65644, 29.77709], [32.64845, 29.79462], [32.6255, 29.81525], [32.60452, 29.82417], [32.60956, 29.83388], [32.6255, 29.84634], [32.62534, 29.87425], [32.61248, 29.89374], [32.57156, 29.9289], [32.58432, 29.93871], [32.57781, 29.9488], [32.58546, 29.95246], [32.56162, 29.97639], [32.57781, 29.98355], [32.57781, 30.01142], [32.57154, 30.01142], [32.55746, 29.97647], [32.57049, 29.95576], [32.57154, 29.94257], [32.56415, 29.94258], [32.56178, 29.95523], [32.55397, 29.9621], [32.54273, 29.96255], [32.53004, 29.95622], [32.51344, 29.96158], [32.49391, 29.95063], [32.4769, 29.9322], [32.46795, 29.91523], [32.46681, 29.89688], [32.47291, 29.88199], [32.48699, 29.87157], [32.50951, 29.86684], [32.49155, 29.85407], [32.39283, 29.73436], [32.36394, 29.68822], [32.35808, 29.67194], [32.35742, 29.63056], [32.35156, 29.61368], [32.33766, 29.59992], [32.33766, 29.59248], [32.35946, 29.57148], [32.3768, 29.53608], [32.38771, 29.52562], [32.45119, 29.48741], [32.49732, 29.44009], [32.52857, 29.42364], [32.55674, 29.39807], [32.58134, 29.36891], [32.59147, 29.34951], [32.60548, 29.29194], [32.61866, 29.26118], [32.63232, 29.24307], [32.62867, 29.21894], [32.65893, 29.11078], [32.65967, 29.0891], [32.63892, 29.06135], [32.62818, 29.05703], [32.62468, 29.04816], [32.63232, 29.03758], [32.6255, 28.97272], [32.67334, 28.92153], [32.68084, 28.88056], [32.70752, 28.85634], [32.7492, 28.80484], [32.78451, 28.79938], [32.80689, 28.77814], [32.82073, 28.7476], [32.86891, 28.57893], [32.92725, 28.55157], [32.96342, 28.51787], [32.97291, 28.49982], [33.00293, 28.48948], [33.01303, 28.46304], [33.04176, 28.41413], [33.05078, 28.40692], [33.04957, 28.40135], [33.04322, 28.40078], [33.08757, 28.36859], [33.10654, 28.3473], [33.10532, 28.32563], [33.1197, 28.30894], [33.12648, 28.2875], [33.20052, 28.21136], [33.21217, 28.18993], [33.24194, 28.17486], [33.24936, 28.14289], [33.28321, 28.13238], [33.31642, 28.09638], [33.33813, 28.08543], [33.33611, 28.05679], [33.3436, 28.0506], [33.36605, 28.05067], [33.37469, 28.03587], [33.44192, 28.0164], [33.51253, 27.95905], [33.53541, 27.91641], [33.55437, 27.89647], [33.57616, 27.85049], [33.59204, 27.79126], [33.57155, 27.79126], [33.56007, 27.81342], [33.48894, 27.84589], [33.48219, 27.84589], [33.47348, 27.82319], [33.48219, 27.80492], [33.51172, 27.77509], [33.52272, 27.7519], [33.55144, 27.76161], [33.55786, 27.75991], [33.55249, 27.73188], [33.53679, 27.70808], [33.55047, 27.69505], [33.57495, 27.68137], [33.59204, 27.65347], [33.59204, 27.64665], [33.55787, 27.68138], [33.55047, 27.68138], [33.55786, 27.65966], [33.55048, 27.65966], [33.5442, 27.67919], [33.52654, 27.67756], [33.50717, 27.66372], [33.49635, 27.64663], [33.51984, 27.63565], [33.56469, 27.57152], [33.55828, 27.55711], [33.55787, 27.53677], [33.61817, 27.50811], [33.63298, 27.49583], [33.64039, 27.45482], [33.67114, 27.42039], [33.68482, 27.3557], [33.69166, 27.34186], [33.72478, 27.31371], [33.82518, 27.25983], [33.83838, 27.24258], [33.83838, 27.19416], [33.82472, 27.18049], [33.83676, 27.12075], [33.84718, 27.107], [33.88314, 27.08079], [33.90137, 27.05874], [33.90868, 27.04215], [33.89373, 27.04393], [33.89386, 27.0298], [33.62587, 26.95786], [33.54839, 26.95074], [33.48281, 26.95571], [33.45611, 27.01158], [33.44158, 27.0601], [33.365, 27.1352], [33.34317, 27.16588], [33.30692, 27.2373], [33.29692, 27.24219], [32.83284, 27.11177], [31.91655, 27.00964], [31.01609, 26.89346], [30.42257, 26.80303], [29.5383, 26.64601], [28.88473, 26.61612], [27.90905, 26.55619], [26.91471, 26.48651], [25.92179, 26.40824], [24.89666, 26.47425], [23.87242, 26.55168], [23.19208, 26.61126], [22.17887, 26.71267], [21.53797, 26.86726], [20.58756, 27.10855], [19.64893, 27.35929], [18.71527, 27.61788], [17.97441, 27.94001], [17.24688, 28.24943], [16.24061, 28.66831], [15.48638, 28.97581], [14.74286, 29.38517], [14.01015, 29.77991], [13.12736, 30.23117], [12.54007, 30.51591], [12.0413, 30.84773], [11.29072, 31.3217], [10.5335, 31.77037], [10.02429, 32.05501], [9.46321, 32.50227], [8.91116, 32.93426], [8.46998, 33.26808], [8.009, 33.61167], [7.63852, 34.04611], [7.25092, 34.49334], [6.8711, 34.92448], [6.48656, 35.35394], [6.18827, 36.05281], [6.02331, 36.4798], [6.0127, 36.48368], [5.92523, 36.46942], [5.87457, 36.46598], [5.81796, 36.42611], [5.73956, 36.38444], [5.72148, 36.39193], [5.65118, 36.43241], [5.61949, 36.45704], [5.56688, 36.51211], [5.54549, 36.54305], [5.51507, 36.60811], [5.48943, 36.68522], [5.52914, 36.69766], [5.549, 36.7097], [5.56277, 36.74599], [5.57643, 36.76156], [5.61176, 36.78122], [5.67457, 36.79963], [5.71071, 36.82558], [5.73374, 36.83233], [5.7588, 36.83339], [5.82781, 36.82176], [5.86883, 36.82294]]], [[[24.9637, 36.59635], [24.92287, 36.60229], [24.89552, 36.62425], [24.8498, 36.64693], [24.84085, 36.66522], [24.86843, 36.6651], [24.94792, 36.62433], [24.9637, 36.59635]]], [[[25.18343, 36.70621], [25.12983, 36.66057], [25.09311, 36.63663], [25.06741, 36.63789], [25.10468, 36.69936], [25.14295, 36.71881], [25.18578, 36.71913], [25.18343, 36.70621]]], [[[24.45045, 36.7534], [24.47438, 36.74714], [24.51271, 36.76398], [24.53337, 36.768], [24.54606, 36.75397], [24.54606, 36.68879], [24.51861, 36.67373], [24.48488, 36.66529], [24.36459, 36.66303], [24.327, 36.65096], [24.32294, 36.66535], [24.33131, 36.68716], [24.32721, 36.69951], [24.34067, 36.71239], [24.32702, 36.71988], [24.35426, 36.75396], [24.3816, 36.73355], [24.39535, 36.7359], [24.40724, 36.70726], [24.42652, 36.69937], [24.4607, 36.69937], [24.47145, 36.70425], [24.45916, 36.72671], [24.45053, 36.73355], [24.43686, 36.7275], [24.40888, 36.75398], [24.40888, 36.76081], [24.42026, 36.77105], [24.45045, 36.7534]]], [[[25.30697, 36.79497], [25.34799, 36.74714], [25.39942, 36.72797], [25.40941, 36.7124], [25.39698, 36.71052], [25.39015, 36.70368], [25.39518, 36.6789], [25.37322, 36.65373], [25.3377, 36.66844], [25.27297, 36.71988], [25.2798, 36.72671], [25.25182, 36.72672], [25.26238, 36.7497], [25.26272, 36.76764], [25.30697, 36.79497]]], [[[24.63891, 36.79455], [24.66577, 36.77464], [24.66769, 36.76421], [24.65934, 36.75057], [24.64479, 36.74727], [24.60818, 36.78132], [24.62184, 36.79498], [24.63891, 36.79455]]], [[[24.58595, 36.83649], [24.60075, 36.84274], [24.60815, 36.83592], [24.60815, 36.82909], [24.57276, 36.78194], [24.55641, 36.78035], [24.53985, 36.78448], [24.52118, 36.81737], [24.52604, 36.82887], [24.54722, 36.84247], [24.56178, 36.84564], [24.58595, 36.83649]]], [[[25.43442, 36.82267], [25.42312, 36.83251], [25.44716, 36.85752], [25.47096, 36.87066], [25.47834, 36.87066], [25.47096, 36.86323], [25.47851, 36.86001], [25.47778, 36.83516], [25.45785, 36.82486], [25.43442, 36.82267]]], [[[26.03541, 36.91299], [26.07422, 36.89801], [26.0747, 36.8933], [26.06739, 36.89119], [26.05014, 36.89696], [26.01596, 36.88948], [26.00587, 36.89118], [25.9214, 36.84105], [25.89356, 36.80346], [25.87937, 36.79491], [25.79867, 36.77278], [25.75555, 36.76998], [25.73905, 36.79497], [25.75327, 36.78876], [25.77389, 36.80699], [25.78891, 36.80922], [25.80738, 36.80174], [25.82276, 36.80869], [25.84547, 36.80858], [25.86313, 36.83592], [25.85159, 36.83113], [25.84548, 36.83662], [25.84548, 36.84955], [25.97185, 36.89802], [25.97185, 36.9042], [25.95071, 36.91162], [25.95071, 36.91844], [25.97836, 36.92495], [25.99839, 36.9389], [26.00586, 36.9389], [26.03541, 36.91299]]], [[[25.64967, 36.91159], [25.6844, 36.89118], [25.67399, 36.87947], [25.60867, 36.88374], [25.6146, 36.89374], [25.64967, 36.91159]]], [[[24.65593, 37.0488], [24.6893, 37.0292], [24.70435, 37.03513], [24.75163, 36.98578], [24.76464, 36.95661], [24.7627, 36.94539], [24.74855, 36.93936], [24.71062, 36.90422], [24.67899, 36.95131], [24.66927, 36.97826], [24.67652, 37.00043], [24.65406, 37.02432], [24.64228, 37.02774], [24.64967, 37.04198], [24.6434, 37.04287], [24.64228, 37.0488], [24.65593, 37.0488]]], [[[25.03054, 36.98896], [25.0259, 37.00788], [25.0355, 37.02191], [25.07277, 37.04217], [25.0879, 37.04197], [25.05991, 36.97309], [25.08104, 36.95264], [25.06667, 36.95516], [25.04722, 36.9691], [25.03054, 36.98896]]], [[[25.55228, 36.96879], [25.52613, 36.95942], [25.49138, 36.93212], [25.44989, 36.91846], [25.43252, 36.93905], [25.42311, 36.96686], [25.38895, 36.98677], [25.39405, 36.99811], [25.38072, 37.01875], [25.38209, 37.03514], [25.36695, 37.05956], [25.35548, 37.07136], [25.34182, 37.07674], [25.34182, 37.08295], [25.35265, 37.08901], [25.36166, 37.08295], [25.37184, 37.08906], [25.40945, 37.12396], [25.47462, 37.16181], [25.49514, 37.1891], [25.52215, 37.19318], [25.53395, 37.20056], [25.57454, 37.17853], [25.58626, 37.16063], [25.59244, 37.14252], [25.59502, 37.09935], [25.58072, 37.01759], [25.55228, 36.96879]]], [[[25.26612, 37.055], [25.27978, 37.055], [25.27978, 37.04882], [25.26881, 37.04613], [25.24453, 37.01439], [25.20443, 36.98897], [25.18849, 36.98531], [25.15285, 36.98677], [25.10338, 37.01289], [25.11298, 37.06273], [25.12535, 37.07452], [25.15626, 37.08979], [25.13577, 37.09382], [25.15009, 37.11053], [25.20981, 37.14402], [25.23875, 37.15182], [25.22397, 37.13435], [25.23194, 37.12751], [25.25929, 37.12397], [25.27296, 37.1376], [25.26614, 37.15183], [25.29329, 37.15183], [25.26295, 37.08983], [25.26287, 37.07559], [25.27978, 37.06927], [25.27978, 37.06249], [25.26612, 37.06249], [25.26612, 37.055]]], [[[25.78055, 37.12396], [25.79737, 37.12324], [25.83457, 37.13739], [25.82838, 37.12397], [25.84204, 37.11029], [25.83675, 37.10237], [25.81911, 37.09692], [25.80738, 37.10342], [25.80055, 37.09595], [25.78055, 37.12396]]], [[[24.49098, 37.12226], [24.4983, 37.12397], [24.48097, 37.12971], [24.46413, 37.12399], [24.45948, 37.13719], [24.45053, 37.13012], [24.43442, 37.13418], [24.42254, 37.12399], [24.41913, 37.13564], [24.43051, 37.14444], [24.42305, 37.15452], [24.43621, 37.16486], [24.43476, 37.17548], [24.4437, 37.17853], [24.43623, 37.18537], [24.46828, 37.20208], [24.4856, 37.20611], [24.50514, 37.19965], [24.5149, 37.20599], [24.52612, 37.19965], [24.53464, 37.16794], [24.53239, 37.13013], [24.52613, 37.14444], [24.51881, 37.14444], [24.5153, 37.12288], [24.49831, 37.11031], [24.49098, 37.12226]]], [[[24.45281, 37.38345], [24.44368, 37.34984], [24.41179, 37.32397], [24.36795, 37.30953], [24.38547, 37.36094], [24.40211, 37.37092], [24.40211, 37.37714], [24.38845, 37.3846], [24.39682, 37.40152], [24.39479, 37.41177], [24.38453, 37.41682], [24.36795, 37.41195], [24.37486, 37.43846], [24.43621, 37.487], [24.44368, 37.487], [24.44364, 37.47254], [24.43051, 37.44603], [24.4694, 37.42747], [24.48252, 37.4126], [24.47778, 37.39083], [24.46339, 37.39448], [24.45281, 37.38345]]], [[[24.86866, 37.4152], [24.88185, 37.4256], [24.86821, 37.43178], [24.88673, 37.43529], [24.89812, 37.44868], [24.90235, 37.48017], [24.89537, 37.51043], [24.92969, 37.50811], [24.95508, 37.47065], [24.95746, 37.4595], [24.94337, 37.43549], [24.96358, 37.41836], [24.96403, 37.40177], [24.88186, 37.36353], [24.88868, 37.39826], [24.86136, 37.39827], [24.86866, 37.4152]]], [[[25.30927, 37.43618], [25.3213, 37.43919], [25.32643, 37.46288], [25.32244, 37.47102], [25.30706, 37.47294], [25.31268, 37.48822], [25.34799, 37.50811], [25.37729, 37.46743], [25.38209, 37.46967], [25.3856, 37.48993], [25.39512, 37.49387], [25.42676, 37.48699], [25.44361, 37.47504], [25.46289, 37.47003], [25.46313, 37.45474], [25.45728, 37.44604], [25.44283, 37.441], [25.40773, 37.43684], [25.40259, 37.41817], [25.38258, 37.41974], [25.30699, 37.41194], [25.30927, 37.43618]]], [[[26.10825, 37.54906], [26.07829, 37.52758], [26.05787, 37.51924], [26.0298, 37.5218], [25.99073, 37.51318], [25.97634, 37.51603], [25.97198, 37.53568], [25.97976, 37.54864], [26.01238, 37.57502], [26.02639, 37.60081], [26.04217, 37.61714], [26.07423, 37.63787], [26.15642, 37.6328], [26.17726, 37.63787], [26.19744, 37.63227], [26.22722, 37.63959], [26.25424, 37.652], [26.28078, 37.67543], [26.31365, 37.68316], [26.36213, 37.68625], [26.34456, 37.6595], [26.31909, 37.63427], [26.23063, 37.57137], [26.21387, 37.56514], [26.12794, 37.55581], [26.10825, 37.54906]]], [[[24.27541, 37.53169], [24.2781, 37.62287], [24.28933, 37.64532], [24.30568, 37.66082], [24.32065, 37.65835], [24.33383, 37.67259], [24.32066, 37.67259], [24.32066, 37.67885], [24.33969, 37.68625], [24.36109, 37.67886], [24.36166, 37.68503], [24.37476, 37.68625], [24.4025, 37.65575], [24.39575, 37.62467], [24.31299, 37.53824], [24.29347, 37.52571], [24.27541, 37.53169]]], [[[25.25927, 37.59004], [25.23471, 37.56289], [25.22729, 37.53743], [25.21599, 37.53292], [25.16994, 37.53865], [25.1421, 37.55272], [25.11582, 37.56002], [25.10328, 37.57844], [25.08059, 37.58687], [25.04705, 37.61738], [24.9979, 37.63789], [24.9844, 37.65803], [24.98488, 37.67885], [24.9979, 37.68186], [25.04901, 37.67909], [25.06738, 37.67259], [25.06738, 37.66519], [25.05991, 37.66519], [25.05991, 37.65835], [25.07747, 37.65492], [25.0879, 37.64468], [25.10377, 37.65374], [25.12248, 37.65171], [25.13981, 37.64272], [25.14943, 37.63105], [25.16481, 37.64581], [25.19263, 37.64129], [25.2456, 37.62421], [25.23878, 37.61738], [25.25277, 37.60871], [25.25927, 37.59004]]], [[[24.69402, 37.61518], [24.71608, 37.63104], [24.73266, 37.63205], [24.74085, 37.62608], [24.74121, 37.5957], [24.71783, 37.59362], [24.67238, 37.6005], [24.65971, 37.60687], [24.69402, 37.61518]]], [[[24.972, 37.79638], [24.95753, 37.7744], [24.96437, 37.76874], [24.98048, 37.77398], [24.99149, 37.76833], [24.99438, 37.7541], [24.98536, 37.73579], [24.95753, 37.70673], [24.9637, 37.68628], [24.95754, 37.68628], [24.91604, 37.7198], [24.8921, 37.76822], [24.86503, 37.77399], [24.84426, 37.79243], [24.82814, 37.81729], [24.81658, 37.82388], [24.79999, 37.816], [24.7942, 37.84382], [24.73854, 37.89175], [24.7317, 37.89175], [24.72461, 37.88191], [24.71616, 37.87911], [24.71218, 37.88435], [24.71803, 37.89859], [24.68387, 37.93268], [24.69565, 37.93553], [24.69354, 37.96556], [24.70192, 37.97263], [24.75701, 37.99656], [24.77906, 38.00022], [24.7937, 37.99408], [24.79469, 37.97712], [24.8208, 37.97035], [24.83007, 37.96307], [24.84083, 37.91901], [24.87501, 37.90599], [24.95386, 37.90598], [24.96354, 37.89696], [24.94337, 37.84333], [24.98485, 37.81598], [24.9712, 37.80915], [24.972, 37.79638]]], [[[26.14241, 38.47394], [26.1364, 38.46772], [26.15405, 38.46726], [26.15454, 38.46089], [26.14243, 38.4466], [26.13933, 38.41889], [26.14991, 38.34357], [26.16357, 38.30265], [26.13706, 38.29963], [26.11354, 38.28425], [26.10222, 38.2617], [26.11206, 38.23749], [26.11206, 38.22261], [26.04005, 38.20018], [26.02572, 38.16692], [26.0197, 38.15926], [26.01006, 38.1568], [25.96462, 38.17187], [25.94239, 38.19497], [25.9341, 38.19551], [25.9245, 38.20312], [25.91041, 38.22696], [25.88984, 38.22067], [25.88982, 38.24799], [25.8733, 38.23974], [25.86607, 38.24568], [25.87624, 38.27529], [25.88615, 38.28196], [25.91725, 38.28897], [25.93426, 38.30263], [25.96437, 38.30264], [25.97561, 38.33722], [25.9922, 38.34357], [25.98701, 38.35481], [25.98536, 38.39204], [25.97805, 38.38517], [25.96746, 38.3985], [25.95071, 38.40567], [25.95631, 38.41454], [25.95558, 38.42821], [25.94386, 38.45344], [25.9319, 38.4632], [25.8901, 38.47386], [25.87548, 38.4834], [25.83477, 38.52836], [25.83279, 38.54409], [25.84883, 38.58017], [25.99505, 38.60418], [26.01564, 38.60206], [26.06396, 38.59002], [26.10825, 38.54279], [26.11541, 38.55516], [26.12192, 38.55646], [26.12135, 38.56232], [26.11575, 38.5633], [26.13071, 38.56719], [26.14377, 38.56424], [26.16357, 38.54279], [26.15089, 38.53042], [26.14437, 38.49291], [26.12192, 38.48754], [26.12973, 38.47846], [26.14241, 38.47394]]], [[[26.35539, 38.45314], [26.36092, 38.4444], [26.354, 38.42622], [26.32912, 38.422], [26.32538, 38.4413], [26.35539, 38.45314]]], [[[26.29037, 38.49178], [26.27875, 38.49747], [26.27491, 38.51199], [26.27913, 38.51519], [26.29329, 38.49848], [26.29037, 38.49178]]], [[[26.24122, 38.52639], [26.26807, 38.52048], [26.26995, 38.51305], [26.25245, 38.50203], [26.24806, 38.50938], [26.23626, 38.50671], [26.20388, 38.5147], [26.18506, 38.54214], [26.20743, 38.53975], [26.21469, 38.53319], [26.23056, 38.53346], [26.24122, 38.52639]]], [[[25.51815, 38.52913], [25.49376, 38.53222], [25.50783, 38.55259], [25.51766, 38.55222], [25.52303, 38.54564], [25.52311, 38.53287], [25.51815, 38.52913]]], [[[25.54664, 38.5974], [25.56007, 38.60931], [25.58082, 38.60423], [25.58082, 38.61171], [25.58887, 38.61171], [25.62231, 38.5838], [25.62262, 38.57892], [25.61492, 38.57697], [25.60498, 38.53536], [25.57154, 38.54125], [25.56081, 38.53536], [25.5608, 38.5633], [25.52322, 38.5974], [25.52615, 38.60423], [25.53896, 38.60474], [25.54664, 38.5974]]], [[[24.37288, 38.84072], [24.37174, 38.8337], [24.35775, 38.82752], [24.34264, 38.83406], [24.35223, 38.84986], [24.37288, 38.84072]]], [[[24.64226, 38.77558], [24.62525, 38.76924], [24.6136, 38.77328], [24.60076, 38.79267], [24.57, 38.77814], [24.56665, 38.76254], [24.53242, 38.79608], [24.57398, 38.80976], [24.56381, 38.83857], [24.55698, 38.84569], [24.54039, 38.83699], [24.53696, 38.84821], [24.52833, 38.85155], [24.50515, 38.84449], [24.50522, 38.85505], [24.48261, 38.86279], [24.47779, 38.878], [24.47097, 38.87117], [24.4546, 38.88483], [24.43622, 38.87802], [24.43882, 38.89712], [24.46217, 38.91096], [24.45729, 38.94036], [24.46112, 38.96767], [24.47121, 38.97686], [24.49146, 38.98101], [24.56043, 38.94431], [24.57397, 38.9326], [24.57252, 38.89851], [24.57862, 38.87556], [24.66325, 38.82664], [24.68286, 38.80068], [24.68286, 38.78425], [24.67026, 38.78172], [24.65747, 38.76924], [24.65024, 38.76823], [24.64226, 38.77558]]], [[[26.16277, 39.32364], [26.17254, 39.3354], [26.1636, 39.37884], [26.34274, 39.383], [26.36188, 39.37891], [26.35475, 39.35651], [26.37338, 39.34691], [26.40023, 39.34124], [26.41747, 39.33047], [26.37965, 39.28266], [26.38217, 39.27709], [26.42416, 39.2451], [26.46631, 39.22923], [26.50473, 39.185], [26.5397, 39.16596], [26.52662, 39.15913], [26.53077, 39.15062], [26.54712, 39.13532], [26.55055, 39.11921], [26.56762, 39.11814], [26.56625, 39.09797], [26.57944, 39.07534], [26.6123, 39.04926], [26.61002, 39.02294], [26.59742, 39.01196], [26.56764, 39.02196], [26.55144, 39.01504], [26.5394, 39.01935], [26.5193, 39.03628], [26.52662, 39.04247], [26.51612, 39.05264], [26.52662, 39.08344], [26.51516, 39.09102], [26.50587, 39.1092], [26.48927, 39.11367], [26.45493, 39.1114], [26.43702, 39.1035], [26.45297, 39.08641], [26.49194, 39.06293], [26.52882, 39.02106], [26.54713, 39.00898], [26.54711, 38.98787], [26.52117, 38.97896], [26.42392, 38.96738], [26.33937, 38.98287], [26.27638, 39.01065], [26.21713, 39.0207], [26.16546, 39.02247], [26.14634, 39.03214], [26.11557, 39.06672], [26.10426, 39.07465], [26.08791, 39.07722], [26.08792, 39.08345], [26.10917, 39.09266], [26.12192, 39.09089], [26.16017, 39.09772], [26.19142, 39.12758], [26.2256, 39.13182], [26.29347, 39.17715], [26.28004, 39.19644], [26.2256, 39.20759], [26.18735, 39.20205], [26.16017, 39.18334], [26.14526, 39.15568], [26.09742, 39.10566], [26.08277, 39.09516], [26.06397, 39.0909], [26.04269, 39.09329], [25.95859, 39.11759], [25.91993, 39.13711], [25.88893, 39.14473], [25.85434, 39.17206], [25.83466, 39.17964], [25.83466, 39.18707], [25.84596, 39.19038], [25.85515, 39.22126], [25.84207, 39.22801], [25.85353, 39.2364], [25.85867, 39.25921], [25.88307, 39.26899], [25.91725, 39.29693], [25.92408, 39.29693], [25.93637, 39.27656], [26.0062, 39.28631], [26.03321, 39.28266], [26.04689, 39.30314], [26.05372, 39.2895], [26.06056, 39.2895], [26.0731, 39.3032], [26.09379, 39.31042], [26.16277, 39.32364]]], [[[24.32283, 39.36863], [24.33064, 39.3639], [24.32097, 39.33081], [24.31244, 39.33483], [24.32283, 39.36863]]], [[[24.9917, 39.467], [24.98489, 39.467], [24.97367, 39.51484], [24.97659, 39.53766], [24.9979, 39.5502], [24.99676, 39.56195], [25.01221, 39.56386], [25.04736, 39.54535], [25.04036, 39.52058], [24.9917, 39.467]]], [[[26.07495, 39.78491], [26.0591, 39.78609], [25.98366, 39.8221], [25.97805, 39.83417], [25.98602, 39.84222], [26.05551, 39.84271], [26.06056, 39.83759], [26.07715, 39.84466], [26.0829, 39.83514], [26.0817, 39.8], [26.07495, 39.78491]]], [[[25.40162, 39.96377], [25.38559, 39.9444], [25.38891, 39.91951], [25.36411, 39.91722], [25.34799, 39.90644], [25.36846, 39.89899], [25.34165, 39.88386], [25.34034, 39.87421], [25.35546, 39.86554], [25.34278, 39.85464], [25.36987, 39.81713], [25.35548, 39.81025], [25.34896, 39.78768], [25.29527, 39.80769], [25.29029, 39.83076], [25.27313, 39.83569], [25.2566, 39.8559], [25.23881, 39.85806], [25.26173, 39.87043], [25.2798, 39.88911], [25.27516, 39.90363], [25.25066, 39.91852], [25.23878, 39.9195], [25.19711, 39.89281], [25.21388, 39.89179], [25.22508, 39.88541], [25.20729, 39.88312], [25.19418, 39.8736], [25.17726, 39.84504], [25.19092, 39.85187], [25.2019, 39.84126], [25.22102, 39.80996], [25.21452, 39.80342], [25.17506, 39.80704], [25.14326, 39.81709], [25.16993, 39.84846], [25.16489, 39.85908], [25.15382, 39.85578], [25.13573, 39.8376], [25.12893, 39.8376], [25.12208, 39.85806], [25.04707, 39.8376], [25.05398, 39.8491], [25.06739, 39.85806], [25.04706, 39.86555], [25.04706, 39.87856], [25.05991, 39.8854], [25.05325, 39.89899], [25.06739, 39.90644], [25.05992, 39.90644], [25.06821, 39.9208], [25.04706, 39.94746], [25.04542, 39.98469], [25.03339, 39.98844], [25.03339, 39.99526], [25.06861, 39.99689], [25.13233, 40.00885], [25.14255, 40.00663], [25.15626, 39.99527], [25.22511, 40.00885], [25.24732, 40.00242], [25.28712, 39.96109], [25.28517, 39.95336], [25.30698, 39.96003], [25.34799, 39.98159], [25.34816, 39.99049], [25.38209, 40.02252], [25.41285, 40.02253], [25.44984, 40.03617], [25.43678, 40.02253], [25.43678, 40.0163], [25.44271, 40.01504], [25.44986, 39.98843], [25.40162, 39.96377]]], [[[25.72144, 40.10474], [25.70436, 40.1153], [25.66327, 40.12617], [25.66327, 40.13239], [25.68642, 40.161], [25.71902, 40.18719], [25.75881, 40.20662], [25.82691, 40.21662], [25.91334, 40.24127], [25.93824, 40.24163], [25.95786, 40.22309], [25.97184, 40.22113], [25.9673, 40.19326], [25.97184, 40.17276], [25.96306, 40.15713], [25.97291, 40.15322], [26.0122, 40.16656], [26.0122, 40.14607], [25.96805, 40.13084], [25.9004, 40.12275], [25.85629, 40.10786], [25.76596, 40.09717], [25.72144, 40.10474]]], [[[25.6565, 40.49615], [25.68864, 40.475], [25.6975, 40.461], [25.69068, 40.4477], [25.69531, 40.43269], [25.68262, 40.42309], [25.58943, 40.39822], [25.56715, 40.3999], [25.53257, 40.41503], [25.46654, 40.45562], [25.44355, 40.48187], [25.46168, 40.48159], [25.54637, 40.51525], [25.5756, 40.51472], [25.6565, 40.49615]]], [[[24.75571, 40.61994], [24.74419, 40.60838], [24.68181, 40.59496], [24.64227, 40.57064], [24.615, 40.59858], [24.60077, 40.59859], [24.60076, 40.61221], [24.58676, 40.62202], [24.55258, 40.63036], [24.53078, 40.63094], [24.51679, 40.63911], [24.51199, 40.66681], [24.51834, 40.69269], [24.53339, 40.7182], [24.56667, 40.75555], [24.64226, 40.80393], [24.67457, 40.79169], [24.73169, 40.78351], [24.74383, 40.75935], [24.77517, 40.74889], [24.78637, 40.73506], [24.76547, 40.73432], [24.75929, 40.72337], [24.76661, 40.71149], [24.78638, 40.70782], [24.78638, 40.68794], [24.7693, 40.68342], [24.7658, 40.66966], [24.78239, 40.62018], [24.78011, 40.61222], [24.75571, 40.61994]]], [[[33.99391, 27.51431], [34.02848, 27.50201], [34.03842, 27.46662], [34.05127, 27.45482], [34.05127, 27.44865], [34.0311, 27.45149], [34.00709, 27.47606], [33.97633, 27.48724], [33.95631, 27.50438], [33.93377, 27.49471], [33.92469, 27.50127], [33.9136, 27.52371], [33.93292, 27.53631], [33.96412, 27.53412], [33.99391, 27.51431]]], [[[34.70493, 27.90846], [34.68105, 27.91518], [34.6618, 27.93022], [34.68178, 27.95869], [34.73188, 27.95692], [34.73215, 27.91895], [34.70493, 27.90846]]], [[[34.49781, 27.96874], [34.48953, 27.99604], [34.4944, 28.00177], [34.49635, 27.99604], [34.5049, 28.00991], [34.51712, 28.01646], [34.53483, 28.00824], [34.54418, 27.99605], [34.50685, 27.98623], [34.50318, 27.97557], [34.51189, 27.96748], [34.52882, 27.96589], [34.57487, 27.9721], [34.58522, 27.95506], [34.62044, 27.9278], [34.62044, 27.92037], [34.5475, 27.91965], [34.51809, 27.93042], [34.49636, 27.95515], [34.49781, 27.96874]]], [[[32.98925, 31.07344], [32.97511, 31.08649], [32.96974, 31.08658], [32.97706, 31.09125], [32.98601, 31.08521], [32.98925, 31.07344]]], [[[33.35255, 31.19489], [33.40601, 31.18446], [33.43273, 31.17217], [33.47584, 31.1418], [33.45436, 31.15469], [33.29868, 31.21279], [33.26986, 31.21678], [33.30111, 31.21588], [33.35255, 31.19489]]], [[[33.25611, 31.21932], [33.15309, 31.23176], [33.11899, 31.22363], [33.10255, 31.22675], [33.07643, 31.21874], [32.9559, 31.16315], [32.93476, 31.14796], [32.94647, 31.16327], [33.0669, 31.21743], [33.10475, 31.24029], [33.26245, 31.22361], [33.25611, 31.21932]]], [[[32.89259, 35.17504], [32.91472, 35.20083], [32.92937, 35.23298], [32.93605, 35.33661], [32.93214, 35.36628], [32.92044, 35.39776], [32.94434, 35.39451], [32.98536, 35.37458], [33.0698, 35.35872], [33.14033, 35.36213], [33.26218, 35.34938], [33.28061, 35.34247], [33.4275, 35.32892], [33.66033, 35.35932], [33.78351, 35.41671], [33.83465, 35.40998], [34.03562, 35.47138], [34.0763, 35.49431], [34.13119, 35.51135], [34.18166, 35.55418], [34.31967, 35.58617], [34.36182, 35.60844], [34.54407, 35.67832], [34.59249, 35.69195], [34.57887, 35.67837], [34.57275, 35.64355], [34.54233, 35.63727], [34.44142, 35.58364], [34.3523, 35.5207], [34.13771, 35.41511], [34.10906, 35.39427], [34.08546, 35.36986], [34.05869, 35.32398], [34.04379, 35.31526], [34.02005, 35.31437], [33.97136, 35.32128], [33.95167, 35.31151], [33.9236, 35.27855], [33.9074, 35.24291], [33.89991, 35.16445], [33.95362, 35.12262], [33.97869, 35.08747], [34.05086, 35.03319], [34.07342, 34.9881], [34.08709, 34.97191], [34.0991, 34.96516], [34.05965, 34.9666], [34.03476, 34.97242], [34.01157, 34.98762], [33.95729, 34.98192], [33.91017, 34.97016], [33.87452, 34.94124], [33.86232, 34.9379], [33.84743, 34.94246], [33.80421, 34.9726], [33.76043, 34.97968], [33.7173, 34.97777], [33.68035, 34.96629], [33.65406, 34.94473], [33.64666, 34.93195], [33.63478, 34.89765], [33.63257, 34.85249], [33.61695, 34.84528], [33.60563, 34.82177], [33.5442, 34.81501], [33.51319, 34.78548], [33.43864, 34.76278], [33.41521, 34.75846], [33.40016, 34.77338], [33.39895, 34.74519], [33.37086, 34.73087], [33.29656, 34.71817], [33.2601, 34.70052], [33.24562, 34.69824], [33.1736, 34.70515], [33.08644, 34.69481], [33.02589, 34.65131], [33.00994, 34.6249], [33.00912, 34.5974], [33.03027, 34.57477], [33.03027, 34.56856], [32.94094, 34.56856], [32.94467, 34.59369], [32.91587, 34.63939], [32.91359, 34.65668], [32.83432, 34.67097], [32.81284, 34.66865], [32.74891, 34.64982], [32.70737, 34.64543], [32.66608, 34.65212], [32.55665, 34.69937], [32.49334, 34.70727], [32.47585, 34.71321], [32.41336, 34.75349], [32.40235, 34.79645], [32.37916, 34.84907], [32.33781, 34.87627], [32.32343, 34.89843], [32.32278, 34.91136], [32.33139, 34.92422], [32.3122, 34.95027], [32.30592, 35.00141], [32.2761, 35.04795], [32.27175, 35.07282], [32.27512, 35.09084], [32.28685, 35.09703], [32.35336, 35.04792], [32.37233, 35.04149], [32.41383, 35.04304], [32.44996, 35.05882], [32.47967, 35.08295], [32.50196, 35.1092], [32.52761, 35.15704], [32.55397, 35.17803], [32.57472, 35.1706], [32.6194, 35.18487], [32.6504, 35.18805], [32.74557, 35.178], [32.77637, 35.17083], [32.82838, 35.14859], [32.86525, 35.15697], [32.89259, 35.17504]]], [[[26.89015, 35.40717], [26.90024, 35.42449], [26.92457, 35.41767], [26.96071, 35.42958], [27.01196, 35.43768], [27.01334, 35.43135], [26.99969, 35.42451], [27.00708, 35.39778], [26.95875, 35.39033], [26.92774, 35.3719], [26.90577, 35.36665], [26.88835, 35.3527], [26.87646, 35.34944], [26.85365, 35.36319], [26.84842, 35.37238], [26.89015, 35.40717]]], [[[27.23242, 35.82233], [27.22892, 35.80922], [27.21502, 35.79003], [27.21192, 35.77733], [27.21875, 35.72615], [27.18979, 35.69741], [27.18033, 35.67293], [27.16098, 35.65131], [27.1565, 35.6188], [27.15854, 35.61205], [27.18457, 35.59576], [27.20875, 35.56004], [27.22086, 35.55101], [27.20509, 35.53437], [27.20379, 35.52717], [27.23315, 35.50409], [27.23726, 35.49318], [27.23242, 35.47225], [27.2068, 35.47752], [27.18092, 35.46894], [27.16163, 35.4501], [27.15675, 35.42451], [27.16424, 35.43207], [27.17105, 35.43133], [27.16599, 35.42353], [27.13626, 35.40402], [27.14308, 35.4204], [27.13527, 35.42622], [27.10891, 35.43135], [27.09304, 35.45185], [27.09426, 35.46157], [27.1089, 35.46605], [27.10207, 35.47906], [27.11883, 35.48265], [27.1198, 35.49311], [27.10891, 35.5207], [27.11378, 35.55097], [27.1089, 35.56167], [27.07489, 35.58024], [27.06789, 35.58894], [27.07683, 35.61597], [27.09164, 35.63044], [27.11541, 35.64224], [27.12795, 35.69334], [27.15415, 35.71796], [27.16179, 35.74689], [27.16245, 35.77729], [27.15676, 35.80121], [27.17133, 35.80866], [27.17774, 35.80865], [27.17774, 35.80122], [27.18458, 35.80122], [27.21351, 35.82789], [27.22689, 35.82708], [27.23242, 35.82233]]], [[[29.73889, 36.1223], [29.75067, 36.13881], [29.76408, 36.13569], [29.74708, 36.12548], [29.73889, 36.1223]]], [[[29.57753, 36.12531], [29.55919, 36.12105], [29.56952, 36.1507], [29.57984, 36.16203], [29.59529, 36.16668], [29.59327, 36.15217], [29.60213, 36.14781], [29.60302, 36.14163], [29.58554, 36.13414], [29.57753, 36.12531]]], [[[29.50827, 36.15484], [29.49903, 36.1497], [29.48538, 36.1553], [29.49399, 36.16107], [29.50827, 36.15484]]], [[[28.22584, 36.41796], [28.23633, 36.37304], [28.21119, 36.35765], [28.20508, 36.32266], [28.17547, 36.29043], [28.16352, 36.23792], [28.14845, 36.22606], [28.13054, 36.18547], [28.10328, 36.18545], [28.09522, 36.16788], [28.08578, 36.16498], [28.0617, 36.11652], [28.09643, 36.10349], [28.08984, 36.08829], [28.07594, 36.07559], [28.08959, 36.05514], [28.03761, 36.06843], [28.01694, 36.069], [27.99342, 36.06196], [27.94842, 36.03901], [27.9323, 36.02534], [27.86353, 35.94099], [27.8274, 35.91377], [27.78045, 35.89005], [27.73269, 35.91511], [27.71226, 35.9527], [27.72535, 35.96719], [27.75408, 36.03718], [27.76002, 36.06196], [27.75709, 36.08438], [27.70884, 36.12711], [27.71225, 36.14448], [27.70289, 36.15046], [27.69094, 36.14949], [27.68427, 36.15814], [27.73952, 36.18544], [27.77198, 36.19782], [27.76744, 36.20596], [27.77605, 36.21162], [27.78056, 36.23282], [27.80325, 36.2702], [27.83741, 36.28099], [27.89968, 36.34015], [27.95924, 36.35676], [28.11842, 36.42767], [28.18393, 36.42446], [28.21389, 36.45546], [28.22242, 36.45599], [28.23974, 36.43866], [28.23974, 36.43253], [28.22584, 36.41796]]], [[[29.91194, 36.19948], [29.88461, 36.17309], [29.84279, 36.16715], [29.83969, 36.17056], [29.91194, 36.19948]]], [[[27.53151, 36.21175], [27.5189, 36.21687], [27.51744, 36.2309], [27.52655, 36.24005], [27.549, 36.2441], [27.61646, 36.24261], [27.61865, 36.2281], [27.61011, 36.21651], [27.58286, 36.21256], [27.55055, 36.21589], [27.53151, 36.21175]]], [[[27.70224, 36.26606], [27.68411, 36.2644], [27.69713, 36.28182], [27.71152, 36.28574], [27.7207, 36.27684], [27.71924, 36.26708], [27.70476, 36.24715], [27.69566, 36.25381], [27.70224, 36.26606]]], [[[27.35745, 36.41022], [27.3628, 36.42499], [27.34962, 36.43122], [27.33815, 36.42841], [27.32178, 36.41137], [27.31496, 36.41137], [27.29682, 36.42777], [27.30063, 36.47343], [27.31023, 36.45771], [27.3558, 36.47963], [27.36849, 36.47239], [27.38168, 36.44416], [27.3968, 36.43866], [27.38746, 36.42084], [27.39959, 36.41014], [27.42066, 36.40864], [27.43848, 36.41814], [27.44466, 36.40453], [27.43872, 36.39448], [27.41586, 36.38033], [27.37794, 36.38204], [27.36477, 36.39338], [27.35745, 36.41022]]], [[[26.45493, 36.57686], [26.44467, 36.5895], [26.42969, 36.57861], [26.4161, 36.57496], [26.3733, 36.57241], [26.34864, 36.54108], [26.34944, 36.51562], [26.34164, 36.50936], [26.31772, 36.50756], [26.30096, 36.51326], [26.28224, 36.53986], [26.26598, 36.54792], [26.27345, 36.56159], [26.26435, 36.57331], [26.2615, 36.58763], [26.26645, 36.59592], [26.28028, 36.5895], [26.29477, 36.59657], [26.34164, 36.56904], [26.35084, 36.57274], [26.36598, 36.58949], [26.39389, 36.58568], [26.40382, 36.5895], [26.39031, 36.59544], [26.38506, 36.6046], [26.38942, 36.6162], [26.36217, 36.63052], [26.36217, 36.63787], [26.39305, 36.63655], [26.43074, 36.61855], [26.45947, 36.59666], [26.46598, 36.58271], [26.45493, 36.57686]]], [[[27.87062, 36.57779], [27.8767, 36.5616], [27.86305, 36.55536], [27.87208, 36.55036], [27.8767, 36.54109], [27.8545, 36.53051], [27.82831, 36.52803], [27.82831, 36.53424], [27.84938, 36.54792], [27.7925, 36.56697], [27.80787, 36.57587], [27.76004, 36.57588], [27.78522, 36.60424], [27.78786, 36.61684], [27.80152, 36.62424], [27.80152, 36.61685], [27.81814, 36.63401], [27.84197, 36.64471], [27.861, 36.6467], [27.86303, 36.63788], [27.82228, 36.62376], [27.81528, 36.61001], [27.8286, 36.61298], [27.8357, 36.60252], [27.86987, 36.62425], [27.8767, 36.61685], [27.86305, 36.60252], [27.87321, 36.60545], [27.87062, 36.57779]]], [[[27.12974, 36.56953], [27.12616, 36.58006], [27.13723, 36.60008], [27.16676, 36.61505], [27.1811, 36.61552], [27.19466, 36.60692], [27.20605, 36.5871], [27.198, 36.56831], [27.16164, 36.56037], [27.14015, 36.56323], [27.12974, 36.56953]]], [[[28.91148, 36.68068], [28.93839, 36.67605], [28.91537, 36.65552], [28.90854, 36.6671], [28.91148, 36.68068]]], [[[27.10906, 36.7583], [27.08318, 36.76123], [27.04754, 36.77509], [26.99204, 36.75361], [26.97576, 36.74079], [26.986, 36.71988], [26.97169, 36.71625], [26.96567, 36.70555], [26.97289, 36.67891], [26.95534, 36.68172], [26.93752, 36.69262], [26.91785, 36.71593], [26.92027, 36.75116], [26.92679, 36.76539], [26.93767, 36.76081], [26.95875, 36.7813], [26.98601, 36.76765], [27.0075, 36.78783], [27.02077, 36.80857], [27.06122, 36.83933], [27.16424, 36.89117], [27.28093, 36.90789], [27.29152, 36.89183], [27.34099, 36.88189], [27.35579, 36.86323], [27.3231, 36.84863], [27.2142, 36.82388], [27.19077, 36.81232], [27.12989, 36.76082], [27.10906, 36.7583]]], [[[27.16179, 36.93716], [27.17511, 36.92252], [27.13267, 36.92508], [27.10867, 36.95372], [27.13421, 36.95864], [27.14438, 36.95376], [27.15195, 36.95888], [27.16293, 36.95697], [27.16748, 36.94859], [27.16179, 36.93716]]], [[[27.49023, 36.96602], [27.47688, 36.95822], [27.44582, 36.97], [27.44231, 36.97936], [27.42353, 36.99177], [27.43092, 36.99676], [27.4808, 36.97875], [27.49064, 36.97284], [27.49023, 36.96602]]], [[[26.99342, 36.95262], [26.9834, 36.92952], [26.97608, 36.92594], [26.95192, 36.93163], [26.94508, 36.92595], [26.92986, 36.94278], [26.92115, 36.94709], [26.91165, 36.9458], [26.93141, 36.96686], [26.92532, 36.98168], [26.95118, 37.02119], [26.95191, 37.03514], [26.94361, 37.04072], [26.92457, 37.03516], [26.91739, 37.04146], [26.90349, 37.06249], [26.8856, 37.07559], [26.88982, 37.08978], [26.90162, 37.0773], [26.986, 37.04881], [26.98599, 37.04198], [26.97291, 37.04198], [26.98219, 37.02875], [27.00586, 37.01618], [27.00709, 37.00043], [27.02394, 37.01267], [27.04126, 37.00787], [27.04427, 36.99624], [27.03688, 36.97846], [27.04126, 36.96685], [27.03386, 36.95262], [27.04127, 36.95262], [27.04127, 36.95942], [27.04752, 36.95941], [27.04037, 36.94506], [26.99342, 36.95262]]], [[[27.07896, 37.0624], [27.1092, 37.05784], [27.09672, 37.05338], [27.07791, 37.05724], [27.07896, 37.0624]]], [[[26.84303, 37.12515], [26.82976, 37.11872], [26.81724, 37.11987], [26.81041, 37.12938], [26.8169, 37.14655], [26.7951, 37.15547], [26.77616, 37.16988], [26.77273, 37.18268], [26.78419, 37.19146], [26.79803, 37.19058], [26.80032, 37.19928], [26.80828, 37.20025], [26.84977, 37.18731], [26.85286, 37.18179], [26.84409, 37.16201], [26.86426, 37.1533], [26.87184, 37.1341], [26.88688, 37.1166], [26.88688, 37.1057], [26.8755, 37.1037], [26.86988, 37.09806], [26.84995, 37.09846], [26.83759, 37.10473], [26.83758, 37.11213], [26.85231, 37.12458], [26.84303, 37.12515]]], [[[27.10579, 37.27867], [27.09287, 37.27213], [27.08238, 37.27811], [27.08214, 37.29234], [27.08766, 37.30202], [27.10334, 37.2995], [27.09221, 37.28766], [27.10579, 37.27867]]], [[[26.73895, 37.29423], [26.7352, 37.29955], [26.71958, 37.30131], [26.70982, 37.31412], [26.71397, 37.32127], [26.72242, 37.31794], [26.72023, 37.32798], [26.72966, 37.32737], [26.74969, 37.30911], [26.76808, 37.30443], [26.78451, 37.30885], [26.79248, 37.29601], [26.78451, 37.27701], [26.78012, 37.27397], [26.77483, 37.28116], [26.76727, 37.27738], [26.76274, 37.28077], [26.75929, 37.29295], [26.76555, 37.29328], [26.75929, 37.29767], [26.73895, 37.29423]]], [[[26.5573, 37.27124], [26.54641, 37.27717], [26.54477, 37.2884], [26.53274, 37.29174], [26.52859, 37.30073], [26.5376, 37.33256], [26.5364, 37.3727], [26.56886, 37.37433], [26.59034, 37.36444], [26.60368, 37.34943], [26.60588, 37.33944], [26.60084, 37.33736], [26.58871, 37.34479], [26.57244, 37.34715], [26.56373, 37.3417], [26.55843, 37.32975], [26.54884, 37.32656], [26.56518, 37.30841], [26.56771, 37.27465], [26.5573, 37.27124]]], [[[26.74415, 37.3606], [26.74163, 37.37458], [26.73635, 37.3728], [26.72584, 37.3867], [26.71975, 37.38732], [26.70983, 37.40262], [26.7194, 37.41286], [26.71786, 37.40542], [26.73397, 37.39866], [26.73805, 37.39049], [26.75903, 37.37613], [26.74415, 37.3606]]], [[[26.98829, 37.45881], [26.97429, 37.44641], [26.96461, 37.45409], [26.95834, 37.44393], [26.95005, 37.44718], [26.94296, 37.46263], [26.92695, 37.47419], [26.97926, 37.47557], [26.99571, 37.46718], [27.00765, 37.45693], [27.00724, 37.45165], [26.98829, 37.45881]]], [[[27.16929, 37.56478], [27.15507, 37.5873], [27.14952, 37.59666], [27.15944, 37.59898], [27.16357, 37.59435], [27.15919, 37.58885], [27.18439, 37.55872], [27.16831, 37.57022], [27.16929, 37.56478]]], [[[26.4297, 37.57754], [26.39602, 37.57613], [26.40995, 37.58781], [26.42156, 37.59011], [26.44036, 37.6026], [26.45052, 37.59589], [26.45688, 37.57506], [26.44671, 37.56469], [26.43622, 37.56762], [26.4297, 37.57754]]], [[[26.54069, 37.61668], [26.53133, 37.5974], [26.5166, 37.58361], [26.49912, 37.57526], [26.50131, 37.56118], [26.51092, 37.54924], [26.51115, 37.53653], [26.50294, 37.5275], [26.48887, 37.54036], [26.48601, 37.55309], [26.47405, 37.56883], [26.47463, 37.60471], [26.48486, 37.60313], [26.49195, 37.58633], [26.49806, 37.5854], [26.50309, 37.59486], [26.51116, 37.59561], [26.51271, 37.61709], [26.5101, 37.62433], [26.49709, 37.62743], [26.49644, 37.63768], [26.50523, 37.65049], [26.51352, 37.6533], [26.53068, 37.64179], [26.52825, 37.62596], [26.54069, 37.61668]]], [[[26.58026, 37.74057], [26.58401, 37.75226], [26.59499, 37.76137], [26.64389, 37.77241], [26.65806, 37.79278], [26.77213, 37.81412], [26.80641, 37.81451], [26.84205, 37.80914], [26.88185, 37.78539], [26.91694, 37.77768], [26.96608, 37.74775], [26.9699, 37.75878], [26.94511, 37.78871], [26.97364, 37.78449], [26.99341, 37.79611], [26.99399, 37.784], [27.02101, 37.77717], [27.06784, 37.77439], [27.03386, 37.76138], [27.03224, 37.75316], [27.04754, 37.72724], [27.05877, 37.73378], [27.06526, 37.72907], [27.0612, 37.70674], [27.03696, 37.71288], [27.00082, 37.70661], [26.91, 37.67805], [26.88477, 37.65929], [26.87874, 37.64888], [26.86115, 37.64342], [26.78746, 37.64721], [26.76092, 37.68968], [26.75099, 37.69668], [26.72731, 37.70157], [26.70826, 37.71357], [26.65724, 37.7049], [26.62843, 37.69066], [26.62289, 37.67887], [26.61549, 37.67887], [26.61549, 37.68626], [26.60922, 37.68627], [26.5984, 37.67721], [26.58345, 37.70447], [26.58026, 37.74057]]], [[[26.72241, 38.53274], [26.72997, 38.52086], [26.73121, 38.49486], [26.74544, 38.4833], [26.74756, 38.47586], [26.74381, 38.46374], [26.73162, 38.45837], [26.72169, 38.46926], [26.69826, 38.47713], [26.69289, 38.48286], [26.69355, 38.51243], [26.70006, 38.54226], [26.70972, 38.54054], [26.72241, 38.53274]]], [[[27.64568, 40.44783], [27.63152, 40.45376], [27.59637, 40.45801], [27.58206, 40.46553], [27.57994, 40.47654], [27.60727, 40.50543], [27.64046, 40.49412], [27.6351, 40.46678], [27.6568, 40.45765], [27.65657, 40.44946], [27.64568, 40.44783]]], [[[28.52272, 40.54499], [28.51907, 40.56146], [28.53631, 40.56508], [28.5472, 40.56102], [28.54834, 40.55614], [28.54184, 40.55199], [28.53157, 40.51468], [28.51906, 40.51021], [28.51614, 40.51785], [28.52272, 40.54499]]], [[[27.53891, 40.62336], [27.52639, 40.63911], [27.53103, 40.65009], [27.54565, 40.66022], [27.55151, 40.65769], [27.55454, 40.64692], [27.60555, 40.66328], [27.63135, 40.66347], [27.65756, 40.65314], [27.67335, 40.65643], [27.7024, 40.65301], [27.72778, 40.64264], [27.73266, 40.62519], [27.7142, 40.6147], [27.65756, 40.60541], [27.62451, 40.58309], [27.60475, 40.57682], [27.55207, 40.59095], [27.53599, 40.602], [27.53891, 40.62336]]], [[[29.10452, 40.83943], [29.11476, 40.86806], [29.12988, 40.8705], [29.11784, 40.8326], [29.10452, 40.83943]]], [[[29.73126, 45.59146], [29.80144, 45.62189], [29.81479, 45.64106], [29.8567, 45.64912], [30.0755, 45.7923], [30.12592, 45.81143], [29.90773, 45.66628], [29.80745, 45.61434], [29.73126, 45.59146]]], [[[32.85206, 46.05629], [32.88168, 46.0554], [32.91359, 46.0388], [32.95485, 46.05173], [32.97868, 46.05328], [32.99936, 46.0353], [33.04509, 46.0379], [33.05745, 46.02521], [33.03974, 46.01219], [32.61942, 46.06001], [32.63156, 46.06607], [32.63933, 46.06], [32.78321, 46.04633], [32.85206, 46.05629]]], [[[31.61817, 46.25922], [32.07051, 46.18249], [32.16622, 46.14938], [32.10182, 46.16669], [31.73716, 46.22078], [31.58034, 46.26277], [31.54901, 46.28242], [31.522, 46.31322], [31.50514, 46.35469], [31.50442, 46.37334], [31.52197, 46.36847], [31.55437, 46.29633], [31.57797, 46.27558], [31.61817, 46.25922]]]]}}]}