{"type": "FeatureCollection", "features": [{"type": "Feature", "properties": {"map_title": "제1차 세계 대전의 전개", "source": "미래엔 세계사 교과서 4권 181쪽", "volume": 4, "page": 181, "legend": "연합국", "name": "그리스", "name_en": "Greece", "period": "1914–1918", "kind": "국가", "alliance": "연합국", "coast_snap": "Natural Earth 10m 해안선에 맞춤", "border_snap": "현대 국경(Natural Earth 10m)에 맞춘 구간 약 748 km", "group": "그리스", "map_folder": "4권_p181_제1차 세계 대전의 전개"}, "geometry": {"type": "MultiPolygon", "coordinates": [[[[23.11013, 35.90116], [23.10387, 35.89209], [23.07844, 35.88861], [23.05821, 35.89067], [23.03737, 35.8972], [22.99962, 35.92101], [22.98556, 35.93702], [22.97663, 35.95498], [22.9743, 35.97428], [22.98007, 35.99438], [23.00516, 36.05247], [23.01858, 36.108], [23.02745, 36.12104], [23.03884, 36.12858], [23.05204, 36.13124], [23.08082, 36.1242], [23.10748, 36.10461], [23.11873, 36.09052], [23.12889, 36.06664], [23.12792, 36.04147], [23.12152, 36.02513], [23.09554, 35.98372], [23.09292, 35.97208], [23.09761, 35.93686], [23.11013, 35.90116]]], [[[23.00245, 36.14663], [22.99074, 36.13705], [22.98756, 36.15156], [22.94957, 36.16499], [22.95004, 36.17626], [22.92922, 36.17797], [22.90871, 36.20596], [22.91619, 36.2851], [22.89968, 36.32819], [22.90158, 36.33812], [22.93264, 36.38124], [22.94459, 36.38938], [22.95638, 36.38344], [23.01173, 36.3083], [23.0769, 36.27073], [23.0944, 36.25433], [23.10384, 36.23721], [23.06625, 36.22639], [23.05844, 36.21646], [23.052, 36.14485], [23.01442, 36.14834], [23.00245, 36.14663]]], [[[22.95265, 36.50547], [22.96982, 36.51122], [22.97674, 36.50747], [22.98218, 36.49941], [22.98934, 36.47044], [22.98601, 36.45826], [22.96583, 36.47606], [22.95159, 36.47525], [22.94034, 36.46605], [22.93165, 36.46476], [22.92507, 36.46907], [22.92939, 36.48411], [22.95265, 36.50547]]], [[[21.75051, 36.71241], [21.75954, 36.75189], [21.76417, 36.75396], [21.78003, 36.7475], [21.77783, 36.69939], [21.76796, 36.70826], [21.76417, 36.71988], [21.75051, 36.71241]]], [[[21.72613, 36.79481], [21.72933, 36.78877], [21.71632, 36.78132], [21.71655, 36.77094], [21.69582, 36.74043], [21.70087, 36.79108], [21.70949, 36.80173], [21.72613, 36.79481]]], [[[23.45778, 36.90645], [23.44974, 36.92913], [23.46723, 36.90661], [23.46388, 36.90401], [23.45778, 36.90645]]], [[[21.549, 37.04536], [21.5373, 37.05744], [21.55259, 37.06428], [21.55867, 37.05382], [21.54665, 37.03237], [21.549, 37.04536]]], [[[23.15203, 37.23999], [23.13133, 37.24367], [23.09443, 37.27473], [23.10934, 37.28523], [23.12842, 37.28839], [23.15825, 37.27154], [23.16471, 37.25381], [23.16235, 37.24422], [23.15203, 37.23999]]], [[[23.53256, 37.36392], [23.55299, 37.37091], [23.58714, 37.37091], [23.57113, 37.35835], [23.5477, 37.34985], [23.52329, 37.34664], [23.50514, 37.34984], [23.50878, 37.3299], [23.49683, 37.32002], [23.37429, 37.30269], [23.37451, 37.30964], [23.46364, 37.35732], [23.48737, 37.36344], [23.53256, 37.36392]]], [[[23.65833, 37.45023], [23.64417, 37.43457], [23.63212, 37.42754], [23.61385, 37.42387], [23.60109, 37.42537], [23.59338, 37.43098], [23.59017, 37.43964], [23.59095, 37.4503], [23.6023, 37.47341], [23.61488, 37.48625], [23.64384, 37.5002], [23.65789, 37.50151], [23.66701, 37.49749], [23.67143, 37.48927], [23.67134, 37.47793], [23.65833, 37.45023]]], [[[23.47732, 37.55588], [23.48178, 37.55645], [23.49204, 37.53913], [23.51157, 37.52904], [23.52563, 37.52801], [23.52563, 37.5218], [23.50635, 37.51285], [23.48121, 37.5096], [23.4559, 37.51252], [23.43631, 37.52179], [23.43629, 37.52802], [23.46461, 37.53376], [23.4759, 37.54455], [23.47732, 37.55588]]], [[[23.52803, 37.6643], [23.54517, 37.64887], [23.55029, 37.63149], [23.54288, 37.60625], [23.53425, 37.59511], [23.51105, 37.57851], [23.4981, 37.57416], [23.47988, 37.57418], [23.46801, 37.58086], [23.45756, 37.59442], [23.45477, 37.61387], [23.45946, 37.63021], [23.46919, 37.64469], [23.48241, 37.65632], [23.49759, 37.66414], [23.51328, 37.66712], [23.52803, 37.6643]]], [[[23.42564, 37.76821], [23.54615, 37.77439], [23.56314, 37.76825], [23.54493, 37.74506], [23.54614, 37.73347], [23.53207, 37.72533], [23.52563, 37.69246], [23.48414, 37.67887], [23.45738, 37.69246], [23.45738, 37.69928], [23.46901, 37.70502], [23.46827, 37.7145], [23.45932, 37.72333], [23.43443, 37.7336], [23.42704, 37.74802], [23.42564, 37.76821]]], [[[21.01718, 37.57369], [20.98606, 37.58989], [20.96201, 37.61275], [20.9367, 37.66135], [20.90793, 37.73124], [20.89389, 37.73347], [20.87916, 37.72822], [20.86328, 37.71061], [20.84352, 37.70156], [20.84376, 37.68993], [20.85302, 37.67259], [20.84685, 37.65331], [20.81512, 37.65153], [20.77719, 37.68627], [20.70437, 37.73835], [20.70216, 37.75454], [20.68044, 37.76997], [20.64243, 37.8111], [20.61949, 37.82282], [20.6257, 37.83739], [20.6221, 37.8513], [20.6277, 37.85761], [20.61949, 37.86441], [20.65983, 37.91035], [20.68572, 37.92958], [20.70898, 37.92523], [20.74195, 37.86229], [20.77719, 37.84333], [20.80885, 37.84954], [20.84986, 37.83649], [20.85882, 37.83095], [20.88462, 37.85648], [20.89633, 37.8557], [20.94382, 37.82609], [21.02208, 37.76287], [21.0696, 37.71484], [21.12254, 37.64613], [21.13236, 37.62246], [21.13047, 37.61104], [21.11693, 37.5881], [21.09608, 37.56945], [21.075, 37.56047], [21.04963, 37.56283], [21.01718, 37.57369]]], [[[23.52174, 37.91397], [23.51823, 37.8986], [23.50131, 37.90607], [23.48145, 37.88972], [23.46705, 37.88423], [23.4214, 37.89298], [23.40212, 37.906], [23.40882, 37.92176], [23.42287, 37.933], [23.43949, 37.93959], [23.46852, 37.93203], [23.49204, 37.95628], [23.49773, 37.96686], [23.48561, 37.96625], [23.46043, 37.95255], [23.42208, 37.96004], [23.45737, 37.97362], [23.42945, 37.98794], [23.45151, 37.98826], [23.47047, 37.98046], [23.47486, 37.98941], [23.47048, 37.99408], [23.47821, 37.99884], [23.49529, 38.00184], [23.51824, 37.99908], [23.53686, 37.98802], [23.53272, 37.97508], [23.54712, 37.95888], [23.54615, 37.95254], [23.57347, 37.95254], [23.53932, 37.93952], [23.54345, 37.92886], [23.52174, 37.91397]]], [[[20.73357, 38.06242], [20.71821, 38.06647], [20.68165, 38.09781], [20.65301, 38.11115], [20.61459, 38.11982], [20.58074, 38.11547], [20.56495, 38.09033], [20.5464, 38.10204], [20.50978, 38.11079], [20.49612, 38.12446], [20.48927, 38.15925], [20.46878, 38.19276], [20.48121, 38.19013], [20.50978, 38.17227], [20.50978, 38.17967], [20.49383, 38.19172], [20.44532, 38.27619], [20.43507, 38.2788], [20.42791, 38.26166], [20.43603, 38.2122], [20.43473, 38.19278], [20.42529, 38.17529], [20.38007, 38.15181], [20.37403, 38.16901], [20.3454, 38.18212], [20.33906, 38.20018], [20.35694, 38.22858], [20.35378, 38.25324], [20.37965, 38.27399], [20.3921, 38.30012], [20.39992, 38.36403], [20.40675, 38.34357], [20.41358, 38.34357], [20.42726, 38.36333], [20.45509, 38.32307], [20.46322, 38.33147], [20.47047, 38.31513], [20.47901, 38.30948], [20.5298, 38.33747], [20.53875, 38.35407], [20.53956, 38.37421], [20.53095, 38.39202], [20.55128, 38.38516], [20.53781, 38.42589], [20.54363, 38.45917], [20.53778, 38.47393], [20.57178, 38.47393], [20.62769, 38.34357], [20.62602, 38.32826], [20.59913, 38.30264], [20.63054, 38.25796], [20.64291, 38.2534], [20.68162, 38.2821], [20.67481, 38.26781], [20.69352, 38.26462], [20.709, 38.22696], [20.7513, 38.19676], [20.76222, 38.1704], [20.79769, 38.13129], [20.80501, 38.11579], [20.80776, 38.09976], [20.80468, 38.08296], [20.79468, 38.06612], [20.76368, 38.06989], [20.73357, 38.06242]]], [[[20.64777, 38.40542], [20.64015, 38.4466], [20.61453, 38.46711], [20.61948, 38.48137], [20.63551, 38.47297], [20.64422, 38.47866], [20.65448, 38.50185], [20.67187, 38.49754], [20.67407, 38.48501], [20.66114, 38.46088], [20.67823, 38.46185], [20.70177, 38.45018], [20.70994, 38.47197], [20.75433, 38.55015], [20.78906, 38.59916], [20.75173, 38.62605], [20.73699, 38.65217], [20.74644, 38.66347], [20.78305, 38.67498], [20.80501, 38.66567], [20.78858, 38.64473], [20.76287, 38.63911], [20.75961, 38.62739], [20.79187, 38.60191], [20.81624, 38.62425], [20.84436, 38.63441], [20.8642, 38.63469], [20.87935, 38.62836], [20.88556, 38.62147], [20.90383, 38.64276], [20.94516, 38.65248], [20.95166, 38.64923], [20.95288, 38.63886], [20.94165, 38.6274], [20.89498, 38.60254], [20.89619, 38.58333], [20.89195, 38.56413], [20.87833, 38.53967], [20.83856, 38.50759], [20.77484, 38.46674], [20.71754, 38.43703], [20.70453, 38.43436], [20.69529, 38.40897], [20.67481, 38.37767], [20.69239, 38.37132], [20.71583, 38.37153], [20.71583, 38.37767], [20.70218, 38.38515], [20.7225, 38.38516], [20.71584, 38.39202], [20.73877, 38.38426], [20.75746, 38.37154], [20.73756, 38.37153], [20.74366, 38.34439], [20.75001, 38.3347], [20.76367, 38.3305], [20.76367, 38.32307], [20.71915, 38.31567], [20.70583, 38.31827], [20.68801, 38.33656], [20.69532, 38.34357], [20.66734, 38.37153], [20.64777, 38.40542]]], [[[20.90755, 38.54903], [20.8939, 38.54903], [20.8939, 38.55646], [20.93214, 38.60301], [20.94106, 38.60422], [20.90935, 38.56293], [20.90755, 38.54903]]], [[[20.68164, 38.60425], [20.66481, 38.61091], [20.64894, 38.60859], [20.64088, 38.60057], [20.64762, 38.58382], [20.63088, 38.58833], [20.63331, 38.60423], [20.61363, 38.60701], [20.60231, 38.62678], [20.58546, 38.61791], [20.55127, 38.56953], [20.54462, 38.56954], [20.56236, 38.69123], [20.58123, 38.72435], [20.60245, 38.7815], [20.61215, 38.78583], [20.64528, 38.82819], [20.68628, 38.85007], [20.6902, 38.84138], [20.70215, 38.83697], [20.71778, 38.8227], [20.72933, 38.78172], [20.72439, 38.76148], [20.72884, 38.73062], [20.69695, 38.68985], [20.69874, 38.68281], [20.70606, 38.68041], [20.72249, 38.70725], [20.72073, 38.63862], [20.71598, 38.62703], [20.70948, 38.62568], [20.70216, 38.63841], [20.69532, 38.63841], [20.70215, 38.61792], [20.68784, 38.62474], [20.68164, 38.60425]]], [[[21.28442, 38.01535], [21.36704, 38.12108], [21.37371, 38.14448], [21.37429, 38.22062], [21.40854, 38.18594], [21.40092, 38.21473], [21.42067, 38.20234], [21.47396, 38.19602], [21.52394, 38.166], [21.60304, 38.1518], [21.62232, 38.15477], [21.67481, 38.17967], [21.70134, 38.20527], [21.74137, 38.26943], [21.76418, 38.29579], [21.84946, 38.34128], [21.91554, 38.33051], [21.93702, 38.33063], [21.9559, 38.33672], [21.97804, 38.32355], [22.02035, 38.31321], [22.03785, 38.28213], [22.04884, 38.27481], [22.08937, 38.26166], [22.11361, 38.2678], [22.14331, 38.24908], [22.16139, 38.2132], [22.20606, 38.20017], [22.21852, 38.18818], [22.25792, 38.18587], [22.31284, 38.17227], [22.33123, 38.17889], [22.36346, 38.15827], [22.41481, 38.13788], [22.43279, 38.14325], [22.51148, 38.12929], [22.62062, 38.08348], [22.68042, 38.06659], [22.77811, 38.00112], [22.7964, 37.97679], [22.82129, 37.96917], [22.8672, 37.93952], [22.88266, 37.93757], [22.92238, 37.94635], [22.9463, 37.94623], [22.97535, 37.97899], [22.95094, 38.00243], [22.92384, 38.01179], [22.89918, 38.02778], [22.88088, 38.02889], [22.88746, 38.03364], [22.85405, 38.03511], [22.87521, 38.04911], [22.91163, 38.06013], [22.94289, 38.08347], [22.96973, 38.08196], [23.01905, 38.06525], [23.03907, 38.06988], [23.06861, 38.05891], [23.10092, 38.0624], [23.17286, 38.07949], [23.18972, 38.09438], [23.21664, 38.10334], [23.2103, 38.11538], [23.19418, 38.12694], [23.17556, 38.1313], [23.17556, 38.14496], [23.2234, 38.1518], [23.2234, 38.15925], [23.12845, 38.17227], [23.14894, 38.18594], [23.12273, 38.20807], [23.10963, 38.21011], [23.07748, 38.18579], [23.06638, 38.1832], [23.03225, 38.18595], [23.03225, 38.19277], [23.05201, 38.19278], [23.02508, 38.21662], [22.95192, 38.22529], [22.93377, 38.22207], [22.92237, 38.20702], [22.95053, 38.20978], [22.96305, 38.20404], [22.96947, 38.19279], [22.92254, 38.19746], [22.90871, 38.19279], [22.89503, 38.24116], [22.88819, 38.24116], [22.88088, 38.22697], [22.87468, 38.24116], [22.82, 38.23298], [22.80568, 38.22697], [22.76484, 38.248], [22.79884, 38.28213], [22.74237, 38.29707], [22.71941, 38.31029], [22.69647, 38.31689], [22.67532, 38.34357], [22.68442, 38.36107], [22.67018, 38.38154], [22.6465, 38.38996], [22.6268, 38.37153], [22.64485, 38.36961], [22.64616, 38.36181], [22.63673, 38.35628], [22.61232, 38.36384], [22.58717, 38.33674], [22.58717, 38.33051], [22.60644, 38.32306], [22.60644, 38.31689], [22.59816, 38.31074], [22.60026, 38.30264], [22.58835, 38.29297], [22.57643, 38.2902], [22.56252, 38.29353], [22.54568, 38.30264], [22.52623, 38.33173], [22.53883, 38.33674], [22.52516, 38.35883], [22.47731, 38.40567], [22.46843, 38.42113], [22.40162, 38.45344], [22.40836, 38.4156], [22.37371, 38.39204], [22.386, 38.38019], [22.39478, 38.38515], [22.3986, 38.37592], [22.39609, 38.3682], [22.38111, 38.35786], [22.38794, 38.35102], [22.38233, 38.34269], [22.36753, 38.34188], [22.32252, 38.35102], [22.28493, 38.34733], [22.26645, 38.35855], [22.22486, 38.36005], [22.20932, 38.35293], [22.19597, 38.33954], [22.18921, 38.32308], [22.16879, 38.35102], [22.14578, 38.354], [22.14772, 38.36408], [22.13258, 38.37275], [22.04908, 38.3985], [22.02955, 38.39924], [22.01124, 38.39205], [21.98764, 38.41059], [21.95786, 38.41169], [21.92897, 38.4029], [21.87924, 38.37801], [21.86385, 38.37778], [21.84051, 38.39887], [21.83123, 38.39667], [21.78224, 38.36367], [21.77459, 38.35261], [21.77164, 38.33365], [21.76254, 38.32837], [21.71632, 38.35786], [21.65797, 38.35786], [21.61354, 38.34497], [21.59962, 38.35102], [21.53541, 38.31395], [21.52393, 38.29581], [21.51805, 38.2958], [21.50847, 38.30223], [21.47609, 38.30607], [21.46925, 38.31293], [21.42843, 38.33051], [21.44532, 38.33404], [21.48976, 38.30947], [21.48268, 38.32461], [21.48976, 38.33674], [21.47609, 38.34379], [21.47608, 38.35102], [21.48976, 38.35786], [21.46999, 38.35786], [21.47608, 38.37153], [21.45856, 38.36637], [21.44264, 38.37153], [21.42215, 38.3641], [21.42848, 38.38373], [21.41627, 38.39411], [21.37746, 38.39888], [21.3699, 38.40819], [21.36012, 38.46772], [21.33904, 38.48753], [21.32252, 38.49628], [21.3086, 38.49437], [21.35328, 38.43293], [21.33904, 38.43293], [21.34645, 38.42609], [21.33659, 38.3957], [21.29119, 38.37767], [21.29866, 38.37153], [21.29119, 38.36409], [21.27768, 38.37092], [21.26954, 38.36786], [21.26637, 38.3614], [21.27221, 38.35444], [21.23926, 38.33113], [21.21263, 38.33052], [21.18963, 38.34138], [21.18133, 38.33051], [21.19993, 38.32307], [21.17779, 38.31437], [21.17448, 38.30265], [21.15562, 38.30391], [21.14039, 38.33674], [21.08525, 38.34358], [21.10572, 38.35297], [21.10939, 38.36042], [21.10621, 38.37153], [21.09256, 38.3641], [21.1062, 38.38513], [21.10328, 38.37816], [21.11354, 38.37393], [21.12501, 38.37995], [21.14039, 38.39887], [21.12241, 38.41035], [21.11476, 38.40961], [21.1062, 38.39888], [21.09497, 38.4029], [21.08678, 38.41048], [21.07896, 38.43293], [21.08522, 38.44035], [21.10678, 38.42544], [21.11622, 38.42805], [21.11988, 38.44038], [21.10621, 38.43293], [21.11085, 38.44611], [21.10142, 38.46475], [21.10621, 38.48139], [21.07897, 38.48754], [21.09938, 38.49437], [21.08523, 38.50186], [21.0949, 38.51978], [21.09596, 38.53193], [21.08668, 38.53644], [21.04692, 38.51126], [21.03582, 38.50692], [21.03054, 38.51142], [21.01687, 38.54589], [21.02467, 38.60847], [21.00369, 38.62646], [20.98813, 38.66401], [20.97902, 38.67255], [20.9269, 38.67666], [20.91441, 38.68623], [20.88315, 38.77936], [20.87338, 38.79531], [20.85987, 38.80353], [20.84522, 38.79963], [20.83058, 38.78779], [20.81137, 38.76254], [20.80405, 38.77338], [20.77329, 38.76095], [20.76368, 38.78172], [20.72934, 38.80353], [20.72934, 38.80976], [20.74937, 38.85724], [20.76735, 38.86431], [20.8003, 38.86457], [20.80519, 38.86774], [20.7942, 38.87979], [20.76451, 38.8918], [20.75605, 38.90689], [20.75745, 38.93987], [20.76978, 38.95895], [20.78159, 38.935], [20.81707, 38.92137], [20.83595, 38.9289], [20.85988, 38.96051], [20.8667, 38.96051], [20.87106, 38.94745], [20.86671, 38.94009], [20.87224, 38.93281], [20.86671, 38.92642], [20.90382, 38.92805], [20.91578, 38.9361], [20.92068, 38.95432], [20.92749, 38.95432], [20.93718, 38.94404], [20.97535, 38.94684], [21.00945, 38.93423], [21.02734, 38.93259], [21.02556, 38.89802], [21.0608, 38.88222], [21.08522, 38.86432], [21.08889, 38.87848], [21.09938, 38.88544], [21.09166, 38.90452], [21.10231, 38.91082], [21.12111, 38.91011], [21.13701, 38.9025], [21.16082, 38.878], [21.17262, 38.87352], [21.17742, 38.87604], [21.18133, 38.88544], [21.16969, 38.89582], [21.16684, 38.91087], [21.15455, 38.9134], [21.14019, 38.94108], [21.14723, 38.95433], [21.14195, 38.96239], [21.14504, 38.97138], [21.15262, 38.9767], [21.16082, 38.97419], [21.15992, 38.99775], [21.13559, 39.02338], [21.08522, 39.06293], [21.07439, 39.05003], [21.07892, 39.0363], [21.06528, 39.04051], [21.05519, 39.0375], [21.03736, 39.02196], [21.05832, 39.00899], [21.0032, 39.01513], [21.00318, 39.02196], [20.9909, 39.02425], [20.96567, 39.03937], [20.95355, 39.03427], [20.9442, 39.03857], [20.93484, 39.05671], [20.9485, 39.06293], [20.9485, 39.06977], [20.92018, 39.06453], [20.90138, 39.07722], [20.89389, 39.07722], [20.88818, 39.06721], [20.87037, 39.05931], [20.86671, 39.05305], [20.87094, 39.04312], [20.88646, 39.03645], [20.84495, 39.03694], [20.85987, 39.04247], [20.85776, 39.05891], [20.85499, 39.0655], [20.84622, 39.06295], [20.8462, 39.07722], [20.83237, 39.07689], [20.82573, 39.06982], [20.83806, 39.09174], [20.83416, 39.10847], [20.82244, 39.11449], [20.81137, 39.10457], [20.80519, 39.1114], [20.79541, 39.09863], [20.77719, 39.09089], [20.77719, 39.08344], [20.79182, 39.08079], [20.78401, 39.04927], [20.76157, 39.03242], [20.7575, 39.02196], [20.74318, 39.02949], [20.74537, 39.01472], [20.7575, 39.01512], [20.80388, 38.9853], [20.82349, 38.97784], [20.83178, 38.96369], [20.82878, 38.96053], [20.82035, 38.96217], [20.80209, 38.97065], [20.76637, 38.97761], [20.7575, 38.97419], [20.74692, 38.95795], [20.73512, 38.95011], [20.70225, 38.99815], [20.71583, 39.01512], [20.70574, 39.04857], [20.69301, 39.0644], [20.67198, 39.08071], [20.59589, 39.12386], [20.51783, 39.20075], [20.47887, 39.22517], [20.48243, 39.23428], [20.47514, 39.25534], [20.48243, 39.28266], [20.46022, 39.2773], [20.44825, 39.2895], [20.43344, 39.28287], [20.4192, 39.28337], [20.39356, 39.29694], [20.36557, 39.28768], [20.32489, 39.30379], [20.29283, 39.33344], [20.2907, 39.36465], [20.25896, 39.39728], [20.23603, 39.39937], [20.24285, 39.41242], [20.21562, 39.44033], [20.26734, 39.44693], [20.26393, 39.46076], [20.2156, 39.48872], [20.2156, 39.49493], [20.25506, 39.49238], [20.26393, 39.50861], [20.23601, 39.52082], [20.22202, 39.52131], [20.22241, 39.50862], [20.20216, 39.52041], [20.1907, 39.52168], [20.20191, 39.52973], [20.18312, 39.53327], [20.14959, 39.53364], [20.13359, 39.52975], [20.14552, 39.54707], [20.14667, 39.57068], [20.15406, 39.56391], [20.1609, 39.56436], [20.17457, 39.57685], [20.17458, 39.59796], [20.18824, 39.60419], [20.18181, 39.62446], [20.14821, 39.63753], [20.08888, 39.67308], [20.04422, 39.68101], [20.01002, 39.69355], [19.99684, 39.69257], [19.99585, 39.68672], [19.98903, 39.68672], [19.98359, 39.70136], [19.98694, 39.71771], [20.0027, 39.74824], [19.98066, 39.75731], [19.99586, 39.78294], [20.01629, 39.84504], [20.00978, 39.86567], [19.99928, 39.87141], [19.96169, 39.87858], [19.95883, 39.88935], [19.94117, 39.89899], [19.90644, 39.90645], [19.9066, 39.91283], [19.94117, 39.94001], [19.92385, 39.95283], [19.88006, 40.01757], [20.00624, 40.01706], [20.29791, 39.98691], [20.31001, 39.98986], [20.35993, 39.99105], [20.37646, 39.99374], [20.38907, 40.02944], [20.40044, 40.04526], [20.41377, 40.05719], [20.43279, 40.06381], [20.46597, 40.06081], [20.49987, 40.07146], [20.55289, 40.06541], [20.57779, 40.06727], [20.64756, 40.09404], [20.66823, 40.13807], [20.66037, 40.17889], [20.66502, 40.18437], [20.68528, 40.19119], [20.69644, 40.21507], [20.69458, 40.25558], [20.69913, 40.27837], [20.70698, 40.28808], [20.73665, 40.30364], [20.77044, 40.36255], [20.77385, 40.3749], [20.769, 40.41257], [20.77065, 40.42198], [20.77954, 40.42901], [20.8092, 40.4366], [20.82667, 40.46482], [20.84, 40.47164], [20.86677, 40.47205], [20.91193, 40.45955], [20.93684, 40.47252], [20.95265, 40.49365], [20.95193, 40.50606], [20.95792, 40.51494], [20.98149, 40.52326], [20.98831, 40.5335], [21.01353, 40.5489], [21.0188, 40.55897], [21.02252, 40.58662], [21.03316, 40.6214], [21.03668, 40.63974], [21.03534, 40.65938], [21.02882, 40.67685], [21.01859, 40.6909], [20.98903, 40.71767], [21.0711, 40.85269], [21.11213, 40.85394], [21.18303, 40.87017], [21.20907, 40.86908], [21.26096, 40.86082], [21.29537, 40.86087], [21.32927, 40.86629], [21.34488, 40.87306], [21.38126, 40.9005], [21.40493, 40.90862], [21.42942, 40.90898], [21.50952, 40.9005], [21.55365, 40.87043], [21.58156, 40.86629], [21.62372, 40.8944], [21.64884, 40.8958], [21.6569, 40.91823], [21.68512, 40.92799], [21.737, 40.91916], [21.76552, 40.92391], [21.77813, 40.93373], [21.78371, 40.96417], [21.79364, 40.97357], [21.83126, 40.99352], [21.845, 41.01238], [21.88066, 41.03843], [21.8943, 41.05383], [21.8972, 41.08127], [21.90123, 41.09078], [21.90908, 41.09749], [21.9651, 41.12436], [22.02907, 41.13858], [22.04819, 41.15186], [22.05553, 41.14989], [22.06277, 41.13718], [22.10338, 41.12152], [22.12436, 41.12721], [22.16033, 41.15191], [22.18317, 41.15992], [22.20581, 41.16142], [22.30265, 41.1455], [22.30875, 41.12498], [22.31505, 41.12442], [22.32342, 41.1285], [22.38016, 41.1317], [22.42181, 41.11465], [22.45148, 41.11367], [22.50067, 41.12214], [22.54925, 41.11852], [22.57126, 41.11951], [22.59018, 41.12514], [22.60733, 41.13599], [22.62449, 41.15263], [22.62935, 41.17707], [22.64454, 41.18023], [22.65611, 41.17806], [22.6741, 41.15661], [22.7049, 41.13966], [22.71575, 41.1456], [22.72722, 41.16581], [22.73673, 41.20441], [22.74086, 41.28358], [22.7513, 41.31521], [22.78097, 41.33489], [22.82603, 41.34099], [22.92235, 41.33515], [23.11521, 41.31267], [23.15717, 41.31634], [23.1797, 41.32135], [23.19954, 41.33298], [23.20482, 41.3427], [23.20978, 41.36859], [23.22425, 41.37903], [23.26993, 41.39727], [23.2877, 41.3982], [23.3062, 41.38838], [23.32605, 41.36931], [23.34724, 41.37122], [23.3955, 41.39525], [23.41452, 41.3999], [23.51301, 41.39773], [23.57895, 41.372], [23.61244, 41.37102], [23.62774, 41.37851], [23.65285, 41.39763], [23.67218, 41.40295], [23.70535, 41.40316], [23.73822, 41.39747], [23.75445, 41.40068], [23.77708, 41.42905], [23.79207, 41.43448], [23.83093, 41.43561], [23.8516, 41.43959], [23.86772, 41.44548], [23.8948, 41.46434], [23.90286, 41.46352], [23.94989, 41.43758], [23.96467, 41.43835], [23.98131, 41.45086], [23.99712, 41.45701], [24.00074, 41.46414], [24.02285, 41.45308], [24.03474, 41.45132], [24.0459, 41.45545], [24.052, 41.463], [24.04735, 41.52574], [24.0766, 41.53602], [24.11649, 41.53338], [24.14626, 41.52677], [24.16279, 41.51204], [24.17024, 41.51158], [24.1816, 41.53736], [24.19628, 41.54703], [24.23328, 41.5618], [24.25075, 41.56346], [24.26687, 41.54976], [24.2864, 41.54036], [24.28682, 41.51762], [24.29612, 41.51524], [24.31824, 41.52077], [24.345, 41.5184], [24.38748, 41.52667], [24.42397, 41.52522], [24.43885, 41.5277], [24.45921, 41.54951], [24.51016, 41.56165], [24.53094, 41.54754], [24.54334, 41.52134], [24.54944, 41.48543], [24.56773, 41.46812], [24.58106, 41.46021], [24.58044, 41.44052], [24.59584, 41.42977], [24.64431, 41.42765], [24.63822, 41.41768], [24.6809, 41.41551], [24.6992, 41.40895], [24.71873, 41.39572], [24.75263, 41.36275], [24.77444, 41.34807], [24.79428, 41.3474], [24.80286, 41.36192], [24.80017, 41.37934], [24.80327, 41.39267], [24.84213, 41.39473], [24.87293, 41.40187], [24.88637, 41.40063], [24.91696, 41.38636], [25.08036, 41.33407], [25.10186, 41.33665], [25.11653, 41.32074], [25.15788, 41.30611], [25.1771, 41.29386], [25.21968, 41.24973], [25.23911, 41.2409], [25.26226, 41.2381], [25.28572, 41.2394], [25.45346, 41.28043], [25.4791, 41.28379], [25.50509, 41.28058], [25.51491, 41.28348], [25.52369, 41.29169], [25.53796, 41.31221], [25.55149, 41.31567], [25.63976, 41.31107], [25.67996, 41.29717], [25.69967, 41.03376], [25.68531, 40.93774], [25.71893, 40.96348], [25.79391, 41.00584], [25.87903, 41.03634], [25.92475, 41.04674], [25.9947, 41.0543], [26.22618, 40.89931], [26.23238, 40.88567], [26.2392, 40.88567], [26.24634, 40.89146], [26.26039, 40.92045], [26.26649, 40.92045], [26.27517, 40.91027], [26.2822, 40.90722], [26.30401, 40.90903], [26.52211, 40.74846], [26.55318, 40.68229], [26.56611, 40.62584], [26.50563, 40.59859], [26.47706, 40.6131], [26.44467, 40.61904], [26.39975, 40.60416], [26.37306, 40.61445], [26.3023, 40.60114], [26.11761, 40.602], [26.09132, 40.60542], [26.07692, 40.61181], [26.05374, 40.66059], [26.06088, 40.67585], [26.05812, 40.6977], [26.04811, 40.71963], [26.03324, 40.73505], [26.04689, 40.7425], [26.036, 40.75776], [26.02735, 40.79613], [26.00589, 40.80395], [26.00587, 40.81078], [26.05372, 40.81623], [26.06056, 40.82075], [26.05397, 40.83096], [26.03891, 40.83251], [26.01222, 40.82445], [26.00587, 40.83877], [25.99838, 40.83877], [26.00587, 40.81704], [25.99842, 40.81704], [25.98292, 40.83088], [25.95167, 40.84553], [25.91863, 40.85297], [25.89666, 40.84493], [25.8257, 40.84969], [25.80323, 40.85651], [25.73219, 40.85176], [25.6045, 40.87617], [25.56715, 40.86544], [25.53778, 40.87044], [25.48683, 40.89712], [25.41969, 40.90641], [25.38299, 40.91902], [25.34083, 40.94172], [25.29965, 40.95185], [25.26612, 40.92692], [25.2593, 40.92692], [25.2588, 40.93195], [25.18068, 40.94271], [25.13406, 40.96288], [25.14016, 40.98358], [25.15846, 40.99429], [25.16993, 40.9958], [25.13844, 41.01008], [25.0573, 41.00947], [25.03907, 41.00605], [25.03955, 40.98957], [25.01905, 40.97525], [24.99171, 40.96845], [24.99902, 40.94994], [24.98975, 40.94214], [24.95387, 40.94115], [24.8921, 40.92064], [24.86354, 40.90522], [24.83398, 40.87475], [24.80201, 40.85347], [24.7658, 40.86542], [24.72836, 40.85274], [24.70875, 40.85176], [24.69013, 40.85859], [24.69752, 40.86542], [24.66277, 40.87971], [24.63542, 40.8586], [24.62868, 40.8586], [24.59622, 40.90119], [24.60076, 40.9138], [24.57554, 40.92671], [24.56666, 40.95173], [24.50514, 40.96161], [24.47291, 40.95173], [24.46412, 40.94116], [24.44313, 40.94806], [24.41554, 40.94554], [24.39178, 40.93647], [24.37223, 40.91414], [24.31267, 40.87971], [24.33222, 40.86304], [24.33134, 40.85527], [24.30982, 40.85053], [24.30568, 40.84174], [24.31528, 40.83222], [24.34064, 40.83128], [24.11011, 40.72786], [24.07281, 40.72143], [24.03004, 40.72335], [23.98667, 40.7321], [23.87403, 40.77765], [23.84205, 40.78335], [23.80926, 40.78042], [23.75408, 40.76301], [23.7107, 40.73762], [23.69703, 40.72142], [23.69174, 40.69538], [23.70021, 40.67365], [23.71803, 40.65868], [23.75562, 40.64565], [23.78649, 40.60637], [23.79265, 40.58796], [23.83351, 40.56379], [23.84669, 40.56029], [23.88884, 40.56378], [23.89527, 40.55305], [23.91487, 40.53888], [23.91552, 40.52961], [23.90723, 40.52539], [23.83823, 40.51874], [23.82301, 40.50698], [23.81902, 40.48774], [23.82667, 40.46137], [23.86818, 40.41352], [23.91554, 40.38935], [23.96388, 40.37946], [24.00245, 40.38638], [24.01173, 40.39248], [24.01157, 40.40184], [23.99124, 40.43407], [23.99871, 40.44086], [23.99125, 40.44769], [24.0114, 40.44915], [24.0288, 40.43207], [24.05323, 40.39248], [24.08578, 40.36603], [24.1089, 40.35741], [24.12843, 40.36517], [24.17985, 40.3515], [24.20395, 40.31737], [24.23361, 40.31671], [24.26651, 40.2888], [24.32065, 40.22797], [24.3833, 40.17914], [24.39372, 40.15271], [24.36109, 40.1324], [24.31861, 40.12471], [24.29999, 40.12809], [24.28614, 40.16055], [24.2383, 40.187], [24.16896, 40.27529], [24.12843, 40.29003], [24.04787, 40.30119], [24.01922, 40.3105], [23.93653, 40.36518], [23.92262, 40.36933], [23.88502, 40.36519], [23.83351, 40.37202], [23.78223, 40.3527], [23.75961, 40.3492], [23.73048, 40.35895], [23.69972, 40.32636], [23.69361, 40.30923], [23.69565, 40.29291], [23.71632, 40.25532], [23.75765, 40.23167], [23.76433, 40.2154], [23.77858, 40.2027], [23.86769, 40.17276], [23.88022, 40.17632], [23.89673, 40.17132], [23.94068, 40.14155], [23.98023, 40.13067], [23.99121, 40.11872], [23.98999, 40.11002], [23.97739, 40.10049], [23.97755, 40.09081], [24.00114, 40.07493], [24.00488, 40.06721], [24.00169, 40.05878], [23.98422, 40.05362], [23.98683, 40.04218], [23.99342, 40.03754], [24.01171, 40.04364], [24.01222, 40.02656], [24.0192, 40.0163], [23.99252, 39.99885], [23.98805, 39.98998], [23.9987, 39.98159], [23.9987, 39.97477], [23.97934, 39.97431], [23.9699, 39.96808], [23.97283, 39.96186], [23.9912, 39.96109], [23.99121, 39.95361], [23.93995, 39.95247], [23.9197, 39.95637], [23.92286, 39.97476], [23.90066, 39.97119], [23.89765, 39.97793], [23.90252, 39.98843], [23.86086, 40.00581], [23.85621, 40.01675], [23.8449, 40.02411], [23.83123, 40.02652], [23.82407, 40.02192], [23.82664, 40.00892], [23.78526, 40.06699], [23.7933, 40.09382], [23.77834, 40.10164], [23.7645, 40.12617], [23.67547, 40.21792], [23.64177, 40.23542], [23.5403, 40.24479], [23.48414, 40.2696], [23.43849, 40.2792], [23.39829, 40.27774], [23.365, 40.2617], [23.3401, 40.22797], [23.33766, 40.20844], [23.36362, 40.15046], [23.40082, 40.14383], [23.46925, 40.06708], [23.49887, 40.0423], [23.60271, 39.99848], [23.67025, 39.98606], [23.67596, 39.96109], [23.69728, 39.9405], [23.74787, 39.93048], [23.73998, 39.92318], [23.70314, 39.91268], [23.61647, 39.92333], [23.47096, 39.97162], [23.44654, 39.97476], [23.36063, 39.9611], [23.3816, 40.00267], [23.36069, 40.03263], [23.35271, 40.05707], [23.31659, 40.08886], [23.30593, 40.10448], [23.31959, 40.13679], [23.32456, 40.17495], [23.31861, 40.21052], [23.29908, 40.23542], [23.25864, 40.25312], [23.19956, 40.26627], [23.16619, 40.27985], [23.14894, 40.27645], [23.09693, 40.3061], [23.02916, 40.32576], [23.01092, 40.35122], [22.96388, 40.37946], [22.9275, 40.3885], [22.88822, 40.38631], [22.89772, 40.40204], [22.88966, 40.41836], [22.86022, 40.4477], [22.86744, 40.44945], [22.8672, 40.45392], [22.83092, 40.48579], [22.82164, 40.50214], [22.84352, 40.50917], [22.94158, 40.51716], [22.98316, 40.55268], [22.9769, 40.57062], [22.94176, 40.58735], [22.94956, 40.60541], [22.93377, 40.63093], [22.91049, 40.6446], [22.88307, 40.64728], [22.85402, 40.63947], [22.86108, 40.62055], [22.85058, 40.59342], [22.81592, 40.57063], [22.79567, 40.5708], [22.77833, 40.57807], [22.75856, 40.56778], [22.74594, 40.55524], [22.74252, 40.54035], [22.75032, 40.52278], [22.73666, 40.52961], [22.73665, 40.51534], [22.73048, 40.51534], [22.73048, 40.52277], [22.72316, 40.52277], [22.719, 40.51098], [22.71095, 40.51163], [22.68898, 40.52278], [22.68849, 40.52749], [22.67351, 40.52684], [22.65772, 40.51667], [22.65626, 40.50454], [22.67527, 40.49617], [22.65968, 40.49291], [22.65072, 40.47282], [22.6268, 40.48188], [22.60288, 40.48127], [22.57911, 40.46821], [22.60376, 40.44399], [22.60872, 40.42817], [22.60646, 40.41356], [22.63998, 40.38369], [22.65836, 40.37945], [22.66113, 40.36905], [22.62062, 40.31049], [22.59034, 40.24164], [22.59082, 40.23017], [22.5525, 40.16657], [22.54965, 40.14387], [22.56771, 40.1105], [22.57287, 40.08794], [22.5713, 40.05427], [22.58765, 40.0449], [22.60027, 40.0163], [22.66717, 39.97435], [22.69092, 39.96816], [22.69858, 39.96088], [22.70785, 39.96136], [22.71013, 39.93378], [22.73048, 39.8854], [22.77866, 39.84984], [22.80132, 39.84016], [22.84051, 39.8032], [22.85874, 39.77298], [22.87176, 39.71581], [22.90194, 39.65864], [22.92514, 39.59951], [22.93946, 39.58063], [23.00489, 39.5434], [23.05591, 39.52724], [23.09763, 39.50157], [23.11411, 39.46699], [23.12566, 39.45441], [23.21094, 39.37933], [23.22381, 39.35859], [23.27132, 39.32294], [23.29225, 39.26899], [23.34228, 39.19261], [23.34375, 39.17964], [23.30127, 39.15136], [23.20973, 39.13182], [23.23021, 39.12442], [23.23022, 39.11816], [23.20362, 39.10457], [23.1692, 39.10659], [23.14625, 39.10175], [23.11549, 39.0883], [23.09214, 39.08935], [23.05203, 39.09773], [23.07309, 39.12442], [23.06773, 39.138], [23.08107, 39.14719], [23.11409, 39.15911], [23.1006, 39.10456], [23.17172, 39.13495], [23.18238, 39.14614], [23.17557, 39.15546], [23.18133, 39.15867], [23.19093, 39.1581], [23.19923, 39.15143], [23.21713, 39.17963], [23.17556, 39.23428], [23.17986, 39.2508], [23.16912, 39.26854], [23.13461, 39.29694], [23.09816, 39.3122], [23.02053, 39.31754], [23.01856, 39.33047], [22.99806, 39.35712], [22.93588, 39.36058], [22.94287, 39.34415], [22.93279, 39.336], [22.92905, 39.3242], [22.93214, 39.3122], [22.94286, 39.30317], [22.84254, 39.28848], [22.82618, 39.27216], [22.82618, 39.22126], [22.85401, 39.15913], [22.8602, 39.15913], [22.88087, 39.17963], [22.87698, 39.19037], [22.89013, 39.18426], [22.89503, 39.1728], [22.90186, 39.17962], [22.92058, 39.12515], [22.93605, 39.1114], [22.93588, 39.11612], [22.94288, 39.11815], [22.93605, 39.13181], [22.9611, 39.11904], [22.98243, 39.08442], [22.99804, 39.06977], [22.99195, 39.05732], [22.99804, 39.04927], [22.96648, 39.03465], [22.95883, 39.02513], [22.96388, 39.00898], [23.01532, 39.03318], [23.04219, 39.04003], [23.07308, 39.04246], [23.07308, 39.03629], [23.0647, 39.02876], [23.02328, 39.00845], [23.00716, 38.97395], [22.98454, 38.95434], [22.95639, 38.95433], [22.93605, 38.94684], [22.94286, 38.93261], [22.92856, 38.93159], [22.89873, 38.91969], [22.85987, 38.92853], [22.84653, 38.92642], [22.83667, 38.89648], [22.82959, 38.89168], [22.8047, 38.89102], [22.79199, 38.87801], [22.73268, 38.87239], [22.71827, 38.8898], [22.68897, 38.87801], [22.62159, 38.9145], [22.58082, 38.89363], [22.55209, 38.88923], [22.53882, 38.87801], [22.52508, 38.88544], [22.52508, 38.85814], [22.57291, 38.86431], [22.57291, 38.85815], [22.55388, 38.84809], [22.56332, 38.83625], [22.58277, 38.83198], [22.59344, 38.84446], [22.60025, 38.84446], [22.59344, 38.83023], [22.63266, 38.83514], [22.64112, 38.83023], [22.69028, 38.84999], [22.70264, 38.85064], [22.74806, 38.79922], [22.77833, 38.78172], [22.81593, 38.78924], [22.82927, 38.78607], [22.8597, 38.76717], [22.8672, 38.75507], [22.88782, 38.77125], [22.91488, 38.77557], [22.94532, 38.75812], [23.01628, 38.75445], [23.04199, 38.74672], [23.0594, 38.72772], [23.0905, 38.64911], [23.1045, 38.63841], [23.12355, 38.63691], [23.15643, 38.65346], [23.18247, 38.65375], [23.19606, 38.66633], [23.16817, 38.67939], [23.18678, 38.68597], [23.20492, 38.68267], [23.25375, 38.66181], [23.30591, 38.65264], [23.33121, 38.63027], [23.33331, 38.60446], [23.29331, 38.57909], [23.28541, 38.55646], [23.29542, 38.5681], [23.30738, 38.56854], [23.34059, 38.54556], [23.38159, 38.53534], [23.38133, 38.52847], [23.3401, 38.52237], [23.32927, 38.50837], [23.33497, 38.50361], [23.41847, 38.50433], [23.51938, 38.49067], [23.54298, 38.51169], [23.56699, 38.50123], [23.60133, 38.47394], [23.5735, 38.46088], [23.5735, 38.45344], [23.5962, 38.44676], [23.60009, 38.44062], [23.59401, 38.42609], [23.62501, 38.41401], [23.67286, 38.35643], [23.70997, 38.33674], [23.78199, 38.34356], [23.80502, 38.33251], [23.91245, 38.29824], [23.95101, 38.29091], [23.99122, 38.25422], [24.03858, 38.22394], [24.05063, 38.21068], [24.06901, 38.20473], [24.07308, 38.19648], [24.06951, 38.17353], [24.08055, 38.16601], [24.07, 38.16279], [24.06414, 38.1551], [24.05941, 38.13133], [24.05323, 38.14525], [24.03777, 38.14374], [23.98902, 38.12263], [23.99, 38.10212], [24.00913, 38.04059], [24.03271, 38.00776], [24.01173, 37.96686], [24.01587, 37.93745], [24.01173, 37.92524], [24.03443, 37.92291], [24.04329, 37.91644], [24.04638, 37.90599], [24.04224, 37.90071], [24.01173, 37.89175], [24.02784, 37.88032], [24.05322, 37.87807], [24.0464, 37.87059], [24.06689, 37.8644], [24.05934, 37.84854], [24.06689, 37.83711], [24.05763, 37.83218], [24.05323, 37.82282], [24.07717, 37.8109], [24.08464, 37.80174], [24.0874, 37.78522], [24.08187, 37.75251], [24.05942, 37.73347], [24.07308, 37.72723], [24.07308, 37.7198], [24.05942, 37.71979], [24.05942, 37.71357], [24.06577, 37.7128], [24.06689, 37.69933], [24.06397, 37.70501], [24.05942, 37.69929], [24.0721, 37.68952], [24.03272, 37.65153], [23.94973, 37.67744], [23.94306, 37.68993], [23.94337, 37.72724], [23.92271, 37.72119], [23.90252, 37.78189], [23.88885, 37.77442], [23.8816, 37.79108], [23.86557, 37.80768], [23.8475, 37.8181], [23.83351, 37.816], [23.813, 37.82966], [23.80729, 37.80859], [23.78663, 37.81216], [23.77899, 37.80234], [23.77662, 37.81428], [23.76452, 37.816], [23.77084, 37.82831], [23.76645, 37.83893], [23.74482, 37.85762], [23.7422, 37.87665], [23.70054, 37.9252], [23.69703, 37.93952], [23.68019, 37.94587], [23.62812, 37.9327], [23.62812, 37.93953], [23.6408, 37.94579], [23.64178, 37.95254], [23.62664, 37.9475], [23.61036, 37.96214], [23.5608, 37.9728], [23.55299, 37.98046], [23.58888, 38.00633], [23.59787, 38.02107], [23.59059, 38.0388], [23.57684, 38.04564], [23.55982, 38.04256], [23.52182, 38.04255], [23.49464, 38.02889], [23.47088, 38.02778], [23.44996, 38.02143], [23.41188, 37.99437], [23.39527, 37.98794], [23.42945, 37.98045], [23.40894, 37.97432], [23.32984, 37.98046], [23.22682, 37.97362], [23.18922, 37.95881], [23.14234, 37.93009], [23.09409, 37.91105], [23.05201, 37.92524], [23.04273, 37.92195], [23.01515, 37.92524], [23.01025, 37.89697], [22.99513, 37.88215], [22.99952, 37.8627], [23.01254, 37.84756], [23.03224, 37.85076], [23.04965, 37.84357], [23.0735, 37.84113], [23.09718, 37.84357], [23.1141, 37.85076], [23.14625, 37.82583], [23.18237, 37.80914], [23.17644, 37.78998], [23.18237, 37.77441], [23.12818, 37.76048], [23.12094, 37.74091], [23.14584, 37.72582], [23.17553, 37.71978], [23.16383, 37.68159], [23.17553, 37.64469], [23.16188, 37.64468], [23.16863, 37.61416], [23.19011, 37.60732], [23.23024, 37.58259], [23.23764, 37.59002], [23.27467, 37.56122], [23.29224, 37.55588], [23.32301, 37.53742], [23.33668, 37.53547], [23.36036, 37.54767], [23.35914, 37.57429], [23.34059, 37.60029], [23.3122, 37.61055], [23.3122, 37.61737], [23.34783, 37.63441], [23.39869, 37.63787], [23.40902, 37.62592], [23.40429, 37.59927], [23.39078, 37.57136], [23.37428, 37.55589], [23.39503, 37.54141], [23.42204, 37.53546], [23.42205, 37.52802], [23.39527, 37.5218], [23.39527, 37.51496], [23.43629, 37.50812], [23.47917, 37.49066], [23.52563, 37.4597], [23.51889, 37.45303], [23.52563, 37.4392], [23.44654, 37.41463], [23.30592, 37.41193], [23.31217, 37.39827], [23.26271, 37.40103], [23.2644, 37.39082], [23.23024, 37.38459], [23.22999, 37.37494], [23.23707, 37.37031], [23.25755, 37.3709], [23.25131, 37.35733], [23.27797, 37.34984], [23.26207, 37.34395], [23.18605, 37.34064], [23.1854, 37.33218], [23.20361, 37.30269], [23.16863, 37.29952], [23.14146, 37.30952], [23.14145, 37.31635], [23.16188, 37.31635], [23.16188, 37.32315], [23.12339, 37.32478], [23.11413, 37.33616], [23.13461, 37.32933], [23.12241, 37.34569], [23.1006, 37.35733], [23.09278, 37.35079], [23.0731, 37.35522], [23.07261, 37.40109], [23.09498, 37.38955], [23.10524, 37.39692], [23.11412, 37.42559], [23.14145, 37.41193], [23.13201, 37.44863], [23.09718, 37.46223], [23.06202, 37.45499], [23.04594, 37.45971], [23.05942, 37.46654], [23.04591, 37.48701], [23.01124, 37.46906], [23.0049, 37.45973], [22.9909, 37.49575], [22.98072, 37.50878], [22.96388, 37.5218], [22.94289, 37.52181], [22.93605, 37.53547], [22.92156, 37.54035], [22.90187, 37.54165], [22.91432, 37.5388], [22.92237, 37.52804], [22.90235, 37.53486], [22.88502, 37.53315], [22.85402, 37.51497], [22.81936, 37.53547], [22.82618, 37.54906], [22.80202, 37.56086], [22.79592, 37.56916], [22.79884, 37.5764], [22.77833, 37.59687], [22.73846, 37.58088], [22.72641, 37.56635], [22.72316, 37.54165], [22.73665, 37.51838], [22.73048, 37.49445], [22.75033, 37.46654], [22.75034, 37.44261], [22.76481, 37.43178], [22.75799, 37.39826], [22.81933, 37.34369], [22.81251, 37.32933], [22.82618, 37.32911], [22.81935, 37.31635], [22.82998, 37.3081], [22.86085, 37.25568], [22.9067, 37.19368], [22.91162, 37.18342], [22.9004, 37.17292], [22.89503, 37.13386], [22.90317, 37.12128], [22.92205, 37.11799], [22.95638, 37.12395], [22.96386, 37.1103], [22.9568, 37.10676], [22.96386, 37.10342], [22.95639, 37.09593], [22.97347, 37.09096], [22.98169, 37.08271], [22.97916, 37.07783], [22.96388, 37.08295], [22.99983, 37.03327], [22.99806, 37.02147], [23.01171, 36.98677], [22.99073, 36.98676], [23.00489, 36.96686], [23.01172, 36.97308], [23.01635, 36.95527], [23.01173, 36.93891], [23.04899, 36.8769], [23.04591, 36.86909], [23.09326, 36.81826], [23.09181, 36.79833], [23.08058, 36.79499], [23.08058, 36.78876], [23.11409, 36.78131], [23.09441, 36.76081], [23.0944, 36.74372], [23.08863, 36.73291], [23.07586, 36.73385], [23.05201, 36.74714], [23.03094, 36.72557], [23.02565, 36.71564], [23.03906, 36.7062], [23.03224, 36.69257], [23.05939, 36.69256], [23.03443, 36.67487], [23.03566, 36.64908], [23.08058, 36.57929], [23.1346, 36.55536], [23.14536, 36.54194], [23.15501, 36.54108], [23.14145, 36.53425], [23.14819, 36.51716], [23.13461, 36.50755], [23.15187, 36.48729], [23.20361, 36.45612], [23.19605, 36.43254], [23.16188, 36.44619], [23.15186, 36.43562], [23.13933, 36.43408], [23.09475, 36.44319], [23.07838, 36.46528], [23.06627, 36.47346], [23.07211, 36.49311], [23.06511, 36.5091], [23.05104, 36.52245], [23.03566, 36.52802], [22.97242, 36.52021], [22.92921, 36.59634], [22.87471, 36.63052], [22.88893, 36.64248], [22.88429, 36.65424], [22.83717, 36.68651], [22.81935, 36.66525], [22.81496, 36.67056], [22.81715, 36.71796], [22.80079, 36.77578], [22.78688, 36.79344], [22.76515, 36.80418], [22.68556, 36.80948], [22.62257, 36.80345], [22.5774, 36.78303], [22.5791, 36.74039], [22.54615, 36.72142], [22.53346, 36.70722], [22.52508, 36.68513], [22.54029, 36.6852], [22.5498, 36.67828], [22.55249, 36.65096], [22.54568, 36.65096], [22.53386, 36.67056], [22.52508, 36.67145], [22.51678, 36.66616], [22.51002, 36.64802], [22.531, 36.6328], [22.52604, 36.61238], [22.51271, 36.60279], [22.50465, 36.62425], [22.49, 36.61701], [22.48406, 36.60663], [22.48658, 36.52509], [22.51147, 36.46662], [22.50734, 36.46109], [22.51147, 36.45234], [22.4983, 36.44526], [22.49391, 36.43476], [22.50464, 36.40454], [22.49545, 36.40534], [22.49097, 36.39096], [22.47976, 36.40205], [22.4699, 36.45234], [22.45533, 36.46223], [22.42043, 36.47355], [22.40838, 36.48713], [22.40162, 36.48713], [22.39136, 36.47851], [22.38136, 36.48046], [22.35452, 36.51191], [22.36745, 36.54791], [22.38356, 36.54418], [22.38819, 36.55606], [22.38404, 36.5725], [22.37373, 36.58271], [22.38795, 36.60252], [22.36746, 36.60254], [22.37136, 36.64272], [22.38795, 36.64411], [22.38795, 36.65095], [22.36843, 36.65649], [22.37063, 36.67357], [22.38795, 36.7062], [22.35842, 36.70228], [22.33938, 36.72647], [22.32374, 36.75788], [22.30544, 36.7751], [22.30698, 36.79458], [22.29168, 36.82014], [22.22153, 36.89753], [22.20021, 36.9064], [22.17506, 36.89119], [22.13788, 36.91715], [22.13349, 36.93211], [22.14064, 36.93716], [22.14772, 36.95604], [22.15317, 37.02119], [22.08562, 37.03339], [22.04811, 37.03514], [22.03004, 37.03095], [21.99219, 37.01212], [21.9546, 37.00365], [21.94313, 36.99331], [21.93735, 36.97997], [21.92172, 36.86323], [21.93489, 36.83422], [21.92856, 36.82225], [21.95623, 36.80345], [21.97021, 36.80173], [21.97021, 36.795], [21.94508, 36.78994], [21.93881, 36.78319], [21.94222, 36.77509], [21.93587, 36.76603], [21.88257, 36.72656], [21.87404, 36.72672], [21.82276, 36.80858], [21.78972, 36.80475], [21.76417, 36.795], [21.75229, 36.805], [21.72879, 36.81264], [21.7225, 36.82225], [21.70738, 36.81803], [21.6885, 36.84956], [21.69239, 36.85904], [21.6885, 36.89118], [21.70948, 36.92593], [21.70997, 36.94269], [21.70265, 36.95726], [21.68816, 36.96454], [21.66804, 36.95944], [21.67742, 36.96328], [21.68165, 36.97309], [21.66774, 36.97093], [21.6618, 36.95944], [21.6548, 36.9947], [21.5993, 37.04573], [21.57876, 37.07652], [21.56966, 37.11651], [21.56757, 37.15632], [21.57453, 37.19258], [21.59215, 37.22015], [21.65496, 37.26073], [21.6823, 37.28392], [21.69581, 37.31635], [21.69142, 37.35663], [21.67482, 37.39598], [21.60711, 37.4995], [21.54998, 37.56147], [21.44305, 37.61861], [21.40219, 37.65542], [21.34327, 37.66934], [21.32374, 37.66494], [21.31852, 37.6379], [21.31228, 37.6379], [21.30828, 37.66625], [21.29869, 37.6726], [21.31105, 37.6931], [21.31186, 37.7263], [21.29526, 37.77167], [21.28492, 37.7851], [21.22731, 37.81192], [21.12209, 37.8374], [21.11306, 37.84334], [21.10761, 37.85546], [21.11158, 37.87043], [21.10623, 37.87808], [21.13357, 37.94635], [21.14039, 37.94635], [21.1644, 37.92963], [21.20777, 37.94603], [21.25164, 37.97622], [21.27752, 38.00095], [21.29151, 37.99722], [21.32594, 38.02143], [21.32594, 38.02888], [21.31853, 38.0351], [21.28442, 38.01535]], [[21.61279, 40.16522], [21.66114, 40.04086], [21.66952, 40.03545], [21.68005, 40.03771], [21.68952, 40.16961], [21.93708, 39.97705], [21.94991, 39.97505], [21.95665, 39.98081], [21.95568, 39.98771], [21.78597, 40.22405], [22.05669, 40.23973], [22.06493, 40.2442], [22.0656, 40.25192], [22.05822, 40.25719], [21.78, 40.32415], [21.99332, 40.51818], [21.9953, 40.52724], [21.98805, 40.53252], [21.9781, 40.53164], [21.7045, 40.40228], [21.69435, 40.68236], [21.68874, 40.68977], [21.67752, 40.69027], [21.67105, 40.68427], [21.58491, 40.40432], [21.48634, 40.56626], [21.4709, 40.57071], [21.46405, 40.56071], [21.50741, 40.39322], [21.26917, 40.47535], [21.2591, 40.47442], [21.25363, 40.46696], [21.25785, 40.45991], [21.46486, 40.32688], [21.16846, 40.25152], [21.16499, 40.24187], [21.17414, 40.23583], [21.5222, 40.21567], [21.45275, 40.00219], [21.45901, 39.9919], [21.47404, 39.99523], [21.61279, 40.16522]]], [[[20.21942, 39.14013], [20.21747, 39.15265], [20.22877, 39.15635], [20.25828, 39.13288], [20.24699, 39.12964], [20.22739, 39.14081], [20.21942, 39.14013]]], [[[23.44468, 39.19847], [23.47047, 39.2138], [23.50374, 39.19427], [23.51285, 39.17853], [23.50513, 39.15914], [23.48902, 39.16877], [23.47511, 39.15778], [23.46045, 39.13183], [23.4253, 39.14867], [23.39529, 39.14616], [23.3987, 39.16364], [23.42945, 39.17621], [23.44468, 39.19847]]], [[[20.19011, 39.20262], [20.2019, 39.17964], [20.16872, 39.18282], [20.13868, 39.20905], [20.12823, 39.22296], [20.12535, 39.23602], [20.14039, 39.24167], [20.19011, 39.20262]]], [[[19.85864, 39.65884], [19.84498, 39.65884], [19.84498, 39.65266], [19.90382, 39.62906], [19.92749, 39.6253], [19.92331, 39.60335], [19.91715, 39.59887], [19.90016, 39.60419], [19.91187, 39.5834], [19.93653, 39.47297], [19.96144, 39.46296], [20.00247, 39.45408], [20.03273, 39.43928], [20.05047, 39.44033], [20.07407, 39.44895], [20.08187, 39.44732], [20.09675, 39.42303], [20.10237, 39.40393], [20.11767, 39.37799], [20.11792, 39.371], [20.10573, 39.36466], [20.0324, 39.39501], [19.99928, 39.39937], [19.95484, 39.42609], [19.9118, 39.43033], [19.9075, 39.435], [19.92172, 39.43781], [19.9275, 39.44717], [19.87973, 39.46076], [19.87891, 39.45321], [19.86574, 39.46838], [19.85473, 39.48923], [19.84777, 39.50937], [19.84083, 39.55199], [19.82887, 39.57233], [19.80982, 39.58906], [19.74856, 39.62003], [19.71892, 39.67308], [19.68971, 39.67415], [19.68134, 39.68], [19.67434, 39.69355], [19.67701, 39.7167], [19.67172, 39.72407], [19.65318, 39.71469], [19.65016, 39.74177], [19.64161, 39.74795], [19.6265, 39.74825], [19.6675, 39.79351], [19.79908, 39.8028], [19.85182, 39.82452], [19.86557, 39.82102], [19.89283, 39.80341], [19.92872, 39.79218], [19.93434, 39.78294], [19.94117, 39.78294], [19.94117, 39.79034], [19.94799, 39.79034], [19.94629, 39.75923], [19.93376, 39.74116], [19.84156, 39.70417], [19.83595, 39.69245], [19.83912, 39.67988], [19.84767, 39.66999], [19.85864, 39.66624], [19.85864, 39.65884]]], [[[19.5102, 39.77709], [19.51371, 39.78409], [19.53848, 39.75963], [19.53167, 39.75626], [19.5237, 39.75919], [19.5102, 39.77709]]], [[[19.56562, 39.89122], [19.57456, 39.90008], [19.59456, 39.89101], [19.59253, 39.87955], [19.57521, 39.87581], [19.56562, 39.89122]]], [[[24.12842, 34.86273], [24.12143, 34.83613], [24.12574, 34.82689], [24.13525, 34.82176], [24.13525, 34.81502], [24.10858, 34.81657], [24.04641, 34.84907], [24.04641, 34.85528], [24.0669, 34.85847], [24.08058, 34.86895], [24.12842, 34.86273]]], [[[24.27822, 36.59115], [24.27702, 36.60724], [24.28257, 36.62509], [24.29333, 36.64009], [24.3051, 36.64611], [24.31729, 36.64524], [24.32964, 36.63961], [24.36562, 36.61532], [24.37626, 36.61185], [24.38905, 36.61243], [24.40749, 36.62255], [24.43617, 36.66989], [24.33126, 36.68702], [24.32701, 36.69936], [24.34067, 36.71239], [24.32702, 36.71988], [24.35426, 36.75396], [24.3816, 36.73355], [24.39535, 36.7359], [24.40724, 36.70726], [24.42652, 36.69937], [24.4607, 36.69937], [24.47145, 36.70425], [24.45916, 36.72671], [24.45053, 36.73355], [24.43686, 36.7275], [24.40888, 36.75398], [24.40888, 36.76081], [24.42026, 36.77105], [24.45045, 36.7534], [24.47438, 36.74714], [24.51271, 36.76398], [24.53337, 36.768], [24.54606, 36.75397], [24.54606, 36.68892], [24.57714, 36.67811], [24.58973, 36.66905], [24.59721, 36.65915], [24.59969, 36.64882], [24.59742, 36.63848], [24.57976, 36.61949], [24.5507, 36.6062], [24.46968, 36.5794], [24.39291, 36.52897], [24.37813, 36.5251], [24.36259, 36.52523], [24.33478, 36.53631], [24.29523, 36.56417], [24.2848, 36.57681], [24.27822, 36.59115]]], [[[24.64479, 36.74727], [24.60833, 36.78113], [24.62184, 36.79498], [24.6438, 36.79295], [24.64226, 36.78876], [24.66577, 36.77464], [24.66772, 36.76398], [24.65934, 36.75057], [24.64479, 36.74727]]], [[[24.60075, 36.84274], [24.60815, 36.83592], [24.60815, 36.82909], [24.57276, 36.78194], [24.55613, 36.78041], [24.53985, 36.78448], [24.52118, 36.81737], [24.5342, 36.83612], [24.56178, 36.84564], [24.58595, 36.83649], [24.60075, 36.84274]]], [[[24.67559, 36.84682], [24.66111, 36.84222], [24.64007, 36.84751], [24.57156, 36.88459], [24.55592, 36.88755], [24.52366, 36.88459], [24.51401, 36.89359], [24.51397, 36.91188], [24.52938, 36.92716], [24.55599, 36.938], [24.58965, 36.94306], [24.62553, 36.941], [24.65795, 36.93024], [24.68043, 36.90911], [24.68631, 36.87593], [24.68054, 36.85335], [24.67559, 36.84682]]], [[[24.64967, 37.04198], [24.6434, 37.04287], [24.64228, 37.0488], [24.65593, 37.0488], [24.6893, 37.0292], [24.70435, 37.03513], [24.75163, 36.98578], [24.76455, 36.95684], [24.7627, 36.94539], [24.74855, 36.93936], [24.71062, 36.90422], [24.67899, 36.95131], [24.66927, 36.97826], [24.67652, 37.00043], [24.65406, 37.02432], [24.64228, 37.02774], [24.64967, 37.04198]]], [[[24.4983, 37.19965], [24.5149, 37.20599], [24.52612, 37.19965], [24.53464, 37.16794], [24.53239, 37.13013], [24.52613, 37.14444], [24.51881, 37.14444], [24.51889, 37.13207], [24.50795, 37.1158], [24.49831, 37.11031], [24.49098, 37.12226], [24.4983, 37.12397], [24.48976, 37.12812], [24.4725, 37.12836], [24.46413, 37.12399], [24.45948, 37.13719], [24.45053, 37.13012], [24.43442, 37.13418], [24.42254, 37.12399], [24.41913, 37.13564], [24.43051, 37.14444], [24.42304, 37.15473], [24.43621, 37.16486], [24.43477, 37.17549], [24.4437, 37.17853], [24.43624, 37.18534], [24.46828, 37.20208], [24.4856, 37.20611], [24.4983, 37.19965]]], [[[23.70185, 37.15318], [23.66544, 37.14071], [23.6277, 37.13235], [23.59395, 37.12773], [23.55999, 37.12774], [23.56443, 37.14549], [23.58156, 37.16207], [23.60767, 37.17717], [23.67272, 37.20172], [23.75235, 37.21858], [23.75021, 37.1918], [23.73177, 37.1701], [23.70185, 37.15318]]], [[[24.75748, 37.20168], [24.78376, 37.25674], [24.78748, 37.28015], [24.7827, 37.30249], [24.76272, 37.34009], [24.75661, 37.35793], [24.7576, 37.38169], [24.76469, 37.39382], [24.77595, 37.40041], [24.79031, 37.40271], [24.88718, 37.39064], [24.88868, 37.39826], [24.86136, 37.39827], [24.86804, 37.41445], [24.88185, 37.4256], [24.86821, 37.43178], [24.88673, 37.43529], [24.89812, 37.44868], [24.90235, 37.48017], [24.89537, 37.51043], [24.92327, 37.50881], [24.92768, 37.4573], [24.91951, 37.39273], [24.91562, 37.37982], [24.90549, 37.37493], [24.92156, 37.34232], [24.93203, 37.29986], [24.93277, 37.27681], [24.92858, 37.2612], [24.92176, 37.25046], [24.91265, 37.2432], [24.86034, 37.22256], [24.84496, 37.21291], [24.79914, 37.17058], [24.77616, 37.16063], [24.76213, 37.1595], [24.75552, 37.17403], [24.75444, 37.18802], [24.75748, 37.20168]]], [[[24.62448, 37.37874], [24.62816, 37.39466], [24.655, 37.42693], [24.67379, 37.43202], [24.68708, 37.42193], [24.694, 37.40236], [24.69358, 37.37906], [24.6849, 37.35788], [24.66725, 37.34473], [24.64046, 37.34566], [24.63355, 37.34933], [24.62574, 37.36219], [24.62448, 37.37874]]], [[[24.44368, 37.47285], [24.43051, 37.44603], [24.4694, 37.42747], [24.48252, 37.4126], [24.47778, 37.39083], [24.46339, 37.39448], [24.45281, 37.38345], [24.44368, 37.34984], [24.41179, 37.32397], [24.36795, 37.30953], [24.38547, 37.36094], [24.40211, 37.37092], [24.40211, 37.37714], [24.38845, 37.3846], [24.39682, 37.40152], [24.39479, 37.41177], [24.38453, 37.41682], [24.36795, 37.41195], [24.37486, 37.43846], [24.43621, 37.487], [24.44368, 37.487], [24.44368, 37.47285]]], [[[23.9196, 37.48826], [23.93392, 37.4785], [23.94254, 37.46317], [23.92613, 37.46703], [23.91546, 37.48033], [23.89684, 37.49019], [23.89813, 37.49448], [23.9196, 37.48826]]], [[[24.39575, 37.62467], [24.31299, 37.53824], [24.29347, 37.52571], [24.27541, 37.53169], [24.2781, 37.62287], [24.28933, 37.64532], [24.30568, 37.66082], [24.32065, 37.65835], [24.33383, 37.67259], [24.32066, 37.67259], [24.32066, 37.67885], [24.33969, 37.68625], [24.3611, 37.67886], [24.36166, 37.68503], [24.37476, 37.68625], [24.4025, 37.65575], [24.39575, 37.62467]]], [[[24.65971, 37.60687], [24.68429, 37.61282], [24.71608, 37.63104], [24.73292, 37.63206], [24.74104, 37.62592], [24.74121, 37.5957], [24.71783, 37.59362], [24.67238, 37.6005], [24.65971, 37.60687]]], [[[23.93866, 37.65708], [23.94712, 37.65479], [23.94889, 37.65692], [23.95971, 37.65139], [23.95971, 37.64282], [23.9411, 37.64217], [23.93557, 37.6459], [23.93866, 37.65708]]], [[[24.12641, 37.74302], [24.14315, 37.7527], [24.15112, 37.73408], [24.1486, 37.72265], [24.1431, 37.71859], [24.10516, 37.64527], [24.09988, 37.65941], [24.12641, 37.74302]]], [[[23.76335, 37.76399], [23.75385, 37.76517], [23.75523, 37.77511], [23.76351, 37.77597], [23.76335, 37.76399]]], [[[24.27783, 37.9851], [24.26523, 37.97859], [24.25416, 37.98163], [24.2396, 37.97774], [24.2287, 37.98282], [24.22789, 37.98835], [24.24286, 38.01296], [24.25408, 38.01995], [24.2634, 38.01863], [24.28289, 37.99819], [24.27783, 37.9851]]], [[[23.32301, 38.76252], [23.20232, 38.8299], [23.14356, 38.85065], [23.06911, 38.84659], [23.03639, 38.87446], [22.96941, 38.88911], [22.95639, 38.88544], [22.95639, 38.878], [22.9839, 38.87352], [22.99194, 38.86469], [22.99072, 38.85066], [22.98153, 38.84498], [22.8558, 38.83295], [22.83303, 38.82276], [22.83743, 38.85447], [22.87485, 38.8749], [22.90748, 38.88231], [22.95281, 38.90159], [22.98292, 38.90766], [23.03566, 38.92642], [23.04592, 38.94684], [23.08676, 38.95433], [23.09734, 38.97207], [23.09443, 38.98785], [23.10906, 38.99177], [23.12746, 39.0058], [23.13778, 39.0089], [23.19972, 39.00898], [23.27296, 39.03876], [23.29908, 39.04246], [23.32985, 39.02196], [23.37158, 39.01031], [23.38159, 39.00153], [23.37436, 38.98249], [23.38461, 38.96752], [23.40455, 38.95783], [23.42562, 38.95432], [23.45069, 38.87458], [23.48048, 38.83808], [23.52466, 38.82318], [23.56788, 38.79385], [23.59399, 38.78924], [23.59401, 38.77021], [23.60759, 38.77557], [23.61997, 38.76553], [23.66228, 38.75507], [23.6727, 38.76043], [23.68336, 38.75507], [23.70265, 38.76507], [23.72266, 38.76194], [23.73844, 38.74941], [23.75359, 38.71918], [23.79299, 38.70226], [23.8576, 38.68252], [23.90634, 38.67932], [23.94776, 38.66942], [23.96656, 38.67011], [23.98423, 38.68621], [24.00571, 38.67805], [24.07309, 38.67938], [24.15537, 38.65277], [24.13494, 38.64387], [24.12623, 38.6352], [24.1211, 38.6081], [24.12647, 38.59858], [24.21607, 38.53953], [24.23144, 38.52237], [24.20655, 38.50682], [24.18816, 38.47411], [24.18434, 38.43964], [24.20393, 38.41868], [24.20395, 38.41272], [24.18507, 38.40762], [24.18816, 38.39883], [24.21077, 38.37767], [24.21485, 38.33641], [24.25244, 38.29238], [24.25262, 38.26557], [24.25781, 38.25898], [24.24513, 38.24116], [24.25245, 38.22797], [24.29225, 38.20018], [24.32699, 38.18593], [24.33758, 38.16283], [24.34441, 38.15925], [24.39258, 38.164], [24.42066, 38.14737], [24.47779, 38.13874], [24.49692, 38.1463], [24.58764, 38.15923], [24.57895, 38.10932], [24.57993, 38.08422], [24.59448, 38.0624], [24.56665, 37.98795], [24.55185, 37.97807], [24.50957, 37.96263], [24.47718, 37.96241], [24.47096, 37.98046], [24.44777, 38.01056], [24.4297, 38.02119], [24.40309, 38.01191], [24.3864, 37.99653], [24.4021, 37.98794], [24.4021, 37.98046], [24.38689, 37.97038], [24.37176, 37.97192], [24.33864, 37.99674], [24.31383, 38.02925], [24.31399, 38.0351], [24.327, 38.04255], [24.31479, 38.06489], [24.30568, 38.07176], [24.29226, 38.0699], [24.28631, 38.08625], [24.2693, 38.0954], [24.24871, 38.09687], [24.23146, 38.09033], [24.21778, 38.09687], [24.20396, 38.09034], [24.20477, 38.09682], [24.21078, 38.0978], [24.21078, 38.12446], [24.20281, 38.13007], [24.18605, 38.1274], [24.18297, 38.135], [24.21079, 38.166], [24.20875, 38.17862], [24.19403, 38.19213], [24.18531, 38.21796], [24.1727, 38.22655], [24.15699, 38.22956], [24.14259, 38.22695], [24.14875, 38.21322], [24.12625, 38.21748], [24.13113, 38.23582], [24.1631, 38.26781], [24.15349, 38.28132], [24.14552, 38.28091], [24.12843, 38.26781], [24.12574, 38.25609], [24.1094, 38.2563], [24.11476, 38.2753], [24.10094, 38.2753], [24.12159, 38.30948], [24.07944, 38.32538], [24.02546, 38.33052], [24.05974, 38.34125], [24.0669, 38.35102], [24.05904, 38.36029], [24.05942, 38.37767], [24.04225, 38.40152], [24.03891, 38.39542], [23.98081, 38.39887], [23.91236, 38.39204], [23.84376, 38.40567], [23.79371, 38.39851], [23.70997, 38.4125], [23.66334, 38.40421], [23.64918, 38.40567], [23.63852, 38.41551], [23.61443, 38.46088], [23.60743, 38.4538], [23.594, 38.45344], [23.63575, 38.50092], [23.6281, 38.51511], [23.62812, 38.52236], [23.63551, 38.52237], [23.63551, 38.52855], [23.59995, 38.57136], [23.53976, 38.58235], [23.50534, 38.59727], [23.49773, 38.63101], [23.45315, 38.65803], [23.44597, 38.67674], [23.38161, 38.70727], [23.35336, 38.73139], [23.33767, 38.73896], [23.32301, 38.76252]]], [[[24.58188, 38.7873], [24.57, 38.77814], [24.56665, 38.76254], [24.53242, 38.79608], [24.57398, 38.80976], [24.5653, 38.83435], [24.63232, 38.77365], [24.62774, 38.7708], [24.64796, 38.77411], [24.67238, 38.77226], [24.68602, 38.7678], [24.70141, 38.75328], [24.71181, 38.71054], [24.72003, 38.69867], [24.72803, 38.69327], [24.75187, 38.68568], [24.80452, 38.69171], [24.81664, 38.69037], [24.82751, 38.68517], [24.83667, 38.67471], [24.84099, 38.66409], [24.83992, 38.64135], [24.82881, 38.61868], [24.81119, 38.59864], [24.78009, 38.57891], [24.75812, 38.57284], [24.71311, 38.5735], [24.66992, 38.58548], [24.62646, 38.60409], [24.58501, 38.61601], [24.57455, 38.62324], [24.57074, 38.63626], [24.57666, 38.66304], [24.57544, 38.67601], [24.54262, 38.72366], [24.54284, 38.73308], [24.54902, 38.74266], [24.56687, 38.75464], [24.59856, 38.76601], [24.62297, 38.77001], [24.61379, 38.77311], [24.60076, 38.79267], [24.58188, 38.7873]]], [[[24.34264, 38.83406], [24.35588, 38.85052], [24.37288, 38.84072], [24.37174, 38.8337], [24.35775, 38.82752], [24.34264, 38.83406]]], [[[24.45935, 38.90312], [24.55376, 38.84312], [24.54039, 38.83699], [24.53696, 38.84821], [24.52833, 38.85155], [24.50515, 38.84449], [24.50522, 38.85505], [24.48261, 38.86279], [24.47779, 38.878], [24.47097, 38.87117], [24.4546, 38.88483], [24.43622, 38.87802], [24.43493, 38.88836], [24.44563, 38.9033], [24.45935, 38.90312]]], [[[23.66969, 39.1114], [23.66969, 39.11815], [23.62779, 39.14729], [23.62143, 39.15554], [23.61744, 39.16913], [23.58719, 39.20758], [23.60132, 39.2138], [23.60444, 39.20846], [23.61442, 39.20758], [23.66554, 39.16966], [23.69663, 39.15534], [23.73046, 39.14614], [23.72674, 39.1315], [23.77302, 39.12926], [23.79264, 39.12441], [23.79264, 39.11815], [23.74352, 39.08197], [23.77044, 39.072], [23.80937, 39.04755], [23.82091, 39.03684], [23.82332, 39.03079], [23.81701, 39.01736], [23.80222, 39.0026], [23.77457, 38.98999], [23.75487, 38.99588], [23.72942, 39.00957], [23.67823, 39.04753], [23.64664, 39.08437], [23.6401, 39.10742], [23.64476, 39.11254], [23.66633, 39.10928], [23.66969, 39.1114]]], [[[23.83353, 39.14615], [23.87306, 39.18016], [23.88599, 39.20978], [23.90035, 39.16678], [23.86451, 39.144], [23.83353, 39.14615]]], [[[24.18091, 39.14778], [24.16102, 39.1355], [24.14569, 39.13191], [24.13744, 39.14086], [24.13891, 39.1662], [24.14545, 39.18499], [24.15552, 39.19921], [24.18404, 39.21785], [24.25983, 39.24327], [24.27208, 39.25095], [24.31766, 39.30446], [24.34085, 39.32381], [24.3531, 39.32635], [24.36572, 39.32317], [24.37401, 39.31565], [24.38041, 39.29222], [24.37798, 39.26538], [24.37237, 39.2444], [24.36345, 39.22716], [24.35236, 39.2172], [24.33935, 39.21268], [24.27374, 39.21182], [24.25545, 39.20669], [24.18091, 39.14778]]], [[[23.89331, 40.33831], [23.91179, 40.34108], [23.92001, 40.3229], [23.94181, 40.31407], [23.9414, 40.31009], [23.88739, 40.32666], [23.88374, 40.33108], [23.89331, 40.33831]]], [[[24.54212, 40.48369], [24.53586, 40.50386], [24.53344, 40.52719], [24.54088, 40.63067], [24.53078, 40.63094], [24.51679, 40.63911], [24.51203, 40.66705], [24.51834, 40.69269], [24.53339, 40.7182], [24.56667, 40.75556], [24.64226, 40.80393], [24.67457, 40.79169], [24.73169, 40.78351], [24.74383, 40.75935], [24.77517, 40.74889], [24.78637, 40.73506], [24.76547, 40.73432], [24.75929, 40.72337], [24.76661, 40.71149], [24.78638, 40.70782], [24.78638, 40.68794], [24.7693, 40.68342], [24.7658, 40.66966], [24.78085, 40.62478], [24.80367, 40.59736], [24.81615, 40.57684], [24.82086, 40.55764], [24.81951, 40.51759], [24.81512, 40.49601], [24.79906, 40.45667], [24.78732, 40.44164], [24.77302, 40.43157], [24.75187, 40.42532], [24.69391, 40.42256], [24.62926, 40.43187], [24.59971, 40.44041], [24.57483, 40.451], [24.55668, 40.46319], [24.54212, 40.48369]]], [[[25.68199, 34.87803], [25.688, 34.88132], [25.71876, 34.87771], [25.72991, 34.88148], [25.73209, 34.87515], [25.7007, 34.86527], [25.68459, 34.86963], [25.68199, 34.87803]]], [[[26.14973, 34.93334], [26.13299, 34.92262], [26.12193, 34.93586], [26.12746, 34.9474], [26.14746, 34.94313], [26.14973, 34.93334]]], [[[23.58448, 35.56452], [23.58035, 35.57591], [23.60474, 35.61258], [23.60816, 35.5517], [23.61988, 35.52408], [23.63948, 35.51898], [23.64177, 35.50702], [23.65943, 35.50121], [23.70297, 35.50288], [23.71844, 35.51284], [23.72787, 35.52985], [23.73048, 35.55418], [23.71279, 35.60678], [23.72364, 35.61689], [23.7112, 35.64887], [23.71599, 35.66172], [23.74181, 35.68695], [23.75001, 35.68658], [23.77897, 35.67153], [23.77897, 35.66405], [23.76783, 35.65388], [23.77897, 35.60944], [23.77898, 35.57591], [23.79949, 35.54462], [23.81715, 35.53482], [23.90138, 35.52716], [23.92905, 35.5207], [23.94419, 35.52496], [24.0254, 35.5207], [24.04469, 35.52765], [24.05764, 35.55292], [24.09409, 35.55418], [24.08181, 35.58991], [24.11525, 35.60129], [24.16041, 35.59706], [24.18294, 35.58559], [24.20329, 35.54181], [24.18294, 35.51326], [24.14259, 35.50703], [24.08123, 35.51496], [24.0669, 35.50702], [24.07195, 35.49836], [24.1867, 35.45181], [24.2225, 35.46117], [24.25244, 35.47905], [24.26403, 35.43286], [24.26547, 35.36986], [24.3401, 35.34833], [24.42807, 35.36968], [24.46412, 35.36245], [24.48537, 35.37213], [24.5936, 35.39118], [24.67657, 35.42339], [24.72069, 35.42723], [24.82015, 35.41302], [24.84083, 35.404], [24.89552, 35.42449], [24.95753, 35.404], [24.96957, 35.41576], [24.97146, 35.42445], [25.01872, 35.41502], [25.02963, 35.40327], [25.05322, 35.40399], [25.04705, 35.38044], [25.05535, 35.35521], [25.077, 35.34447], [25.10678, 35.34248], [25.19685, 35.34936], [25.22136, 35.33568], [25.30698, 35.34316], [25.34636, 35.33609], [25.36166, 35.34315], [25.3685, 35.33568], [25.37599, 35.34315], [25.4253, 35.29955], [25.45362, 35.29413], [25.48194, 35.29743], [25.65964, 35.3493], [25.70777, 35.33568], [25.76635, 35.33567], [25.74788, 35.31076], [25.72478, 35.29413], [25.73219, 35.28791], [25.72608, 35.27875], [25.72926, 35.26455], [25.73902, 35.26], [25.7378, 35.27741], [25.74284, 35.28533], [25.75072, 35.28417], [25.75895, 35.27432], [25.75367, 35.26748], [25.75895, 35.25999], [25.75326, 35.25261], [25.74464, 35.25715], [25.73219, 35.24632], [25.7351, 35.2375], [25.71949, 35.21137], [25.72477, 35.19111], [25.71274, 35.18285], [25.72853, 35.13337], [25.75318, 35.13311], [25.79526, 35.11514], [25.81764, 35.11595], [25.83033, 35.12238], [25.84768, 35.15057], [25.88307, 35.16446], [25.89667, 35.18487], [25.97853, 35.19546], [26.03322, 35.2258], [26.05502, 35.22712], [26.06056, 35.23329], [26.06739, 35.23329], [26.08139, 35.22358], [26.11962, 35.21531], [26.10825, 35.20539], [26.12973, 35.19587], [26.15512, 35.19794], [26.17945, 35.20718], [26.19777, 35.21906], [26.19094, 35.22581], [26.25933, 35.28434], [26.29396, 35.28791], [26.28649, 35.30096], [26.30079, 35.30097], [26.29398, 35.31524], [26.31395, 35.31524], [26.32369, 35.33652], [26.34021, 35.3514], [26.37656, 35.36933], [26.37473, 35.3441], [26.35311, 35.30849], [26.33289, 35.28378], [26.31763, 35.29], [26.31266, 35.29761], [26.26596, 35.26], [26.28387, 35.20824], [26.29949, 35.18553], [26.32111, 35.19792], [26.285, 35.1507], [26.29394, 35.13646], [26.28695, 35.11843], [26.25099, 35.06306], [26.24096, 35.03906], [26.13331, 34.9994], [26.10524, 34.99934], [26.08172, 35.01976], [26.02028, 35.02095], [25.98487, 35.03913], [25.9603, 35.02897], [25.92408, 35.03408], [25.88152, 35.02709], [25.80811, 35.00577], [25.60125, 35.01358], [25.50619, 34.98457], [25.41521, 34.99372], [25.34767, 34.99152], [25.30397, 34.98477], [25.27952, 34.97251], [25.22315, 34.95418], [25.20769, 34.95149], [25.15089, 34.95572], [25.12892, 34.95148], [25.10776, 34.9379], [25.0774, 34.94473], [25.04493, 34.94074], [25.01905, 34.93164], [24.98374, 34.93871], [24.73855, 34.93164], [24.73855, 34.93789], [24.75172, 34.94648], [24.75522, 34.95791], [24.75214, 34.99592], [24.75896, 35.04149], [24.74285, 35.07722], [24.71811, 35.09398], [24.61899, 35.09741], [24.59474, 35.10152], [24.58025, 35.1092], [24.56463, 35.10616], [24.5324, 35.13646], [24.50074, 35.15241], [24.48121, 35.15591], [24.46412, 35.15014], [24.40383, 35.17504], [24.40211, 35.19111], [24.2929, 35.18232], [24.21779, 35.19112], [24.20395, 35.20539], [24.1827, 35.19794], [24.11134, 35.19796], [24.08465, 35.20454], [24.08057, 35.19454], [24.04982, 35.19112], [24.03143, 35.19771], [24.00327, 35.22671], [23.98764, 35.2333], [23.90162, 35.23122], [23.8602, 35.23632], [23.82667, 35.25259], [23.81226, 35.24479], [23.79949, 35.24632], [23.78207, 35.2347], [23.71168, 35.23672], [23.68336, 35.22583], [23.66912, 35.23729], [23.61027, 35.23498], [23.58718, 35.2395], [23.58033, 35.26], [23.553, 35.26684], [23.53102, 35.28848], [23.51826, 35.29414], [23.52564, 35.30097], [23.5193, 35.30174], [23.51824, 35.30754], [23.54615, 35.31525], [23.54819, 35.32148], [23.55299, 35.32148], [23.54185, 35.33637], [23.54615, 35.35619], [23.5386, 35.37409], [23.5735, 35.43476], [23.55984, 35.45182], [23.57846, 35.50056], [23.5661, 35.50703], [23.5726, 35.52045], [23.56611, 35.52749], [23.58123, 35.55268], [23.58448, 35.56452]]], [[[25.22258, 35.46372], [25.24609, 35.44973], [25.23667, 35.42745], [25.21583, 35.43692], [25.20867, 35.43347], [25.18687, 35.44128], [25.18647, 35.44779], [25.22258, 35.46372]]], [[[25.76783, 36.40159], [25.80298, 36.38958], [25.83546, 36.36616], [25.85513, 36.36359], [25.84685, 36.3503], [25.81764, 36.36359], [25.77687, 36.35384], [25.74643, 36.35799], [25.73245, 36.37304], [25.73025, 36.38011], [25.74952, 36.38768], [25.76783, 36.40159]]], [[[25.36851, 36.46663], [25.36851, 36.47345], [25.38209, 36.47963], [25.41797, 36.47039], [25.45255, 36.45012], [25.47929, 36.42414], [25.49137, 36.39769], [25.48929, 36.37804], [25.47998, 36.35786], [25.46528, 36.34262], [25.44662, 36.33634], [25.44152, 36.3373], [25.40608, 36.31706], [25.38021, 36.31007], [25.35401, 36.30806], [25.32956, 36.31182], [25.34329, 36.40845], [25.35238, 36.42701], [25.36606, 36.43758], [25.38283, 36.44132], [25.40111, 36.43943], [25.41672, 36.434], [25.42189, 36.45112], [25.36851, 36.46663]]], [[[24.93477, 36.57457], [24.94484, 36.56511], [24.95012, 36.55334], [24.94794, 36.52732], [24.93149, 36.50553], [24.91894, 36.49907], [24.90108, 36.49569], [24.88515, 36.49685], [24.87156, 36.50178], [24.85319, 36.52001], [24.84933, 36.53179], [24.84969, 36.54433], [24.85933, 36.56233], [24.87323, 36.57219], [24.89127, 36.57919], [24.9105, 36.58163], [24.93477, 36.57457]]], [[[25.42013, 36.59385], [25.4125, 36.57355], [25.40039, 36.56792], [25.37956, 36.56748], [25.3258, 36.57934], [25.30029, 36.59019], [25.2809, 36.60333], [25.27171, 36.61795], [25.27677, 36.63323], [25.28595, 36.64059], [25.31092, 36.64857], [25.3398, 36.64931], [25.37814, 36.64151], [25.39929, 36.63002], [25.41451, 36.6134], [25.42013, 36.59385]]], [[[25.10468, 36.69936], [25.14625, 36.71986], [25.18578, 36.71913], [25.18343, 36.70621], [25.12928, 36.66016], [25.09311, 36.63663], [25.06741, 36.63789], [25.10468, 36.69936]]], [[[25.26272, 36.76764], [25.30697, 36.79497], [25.34799, 36.74714], [25.39942, 36.72797], [25.40941, 36.7124], [25.39698, 36.71052], [25.39015, 36.70368], [25.39518, 36.6789], [25.37322, 36.65373], [25.33815, 36.66818], [25.27297, 36.71988], [25.2798, 36.72671], [25.25182, 36.72672], [25.26272, 36.76764]]], [[[25.86313, 36.83592], [25.85159, 36.83113], [25.84548, 36.83662], [25.84548, 36.84955], [25.97185, 36.89802], [25.97185, 36.9042], [25.95071, 36.91162], [25.95071, 36.91844], [25.97836, 36.92495], [25.99491, 36.93541], [25.99782, 36.88466], [25.93704, 36.84997], [25.98446, 36.86329], [26.00964, 36.86369], [26.03069, 36.85744], [26.05091, 36.84237], [26.05474, 36.82926], [26.04608, 36.81776], [26.0289, 36.80756], [25.96555, 36.78231], [25.95324, 36.77474], [25.93998, 36.75575], [25.91581, 36.70289], [25.89339, 36.68158], [25.87321, 36.66783], [25.82239, 36.63893], [25.76879, 36.61474], [25.72619, 36.60293], [25.69715, 36.6032], [25.68652, 36.61071], [25.69023, 36.62351], [25.70404, 36.63973], [25.77556, 36.70098], [25.82986, 36.78136], [25.79867, 36.77278], [25.75555, 36.76998], [25.73905, 36.79497], [25.75327, 36.78876], [25.7741, 36.80711], [25.78865, 36.80919], [25.80055, 36.80174], [25.82301, 36.80873], [25.84547, 36.80858], [25.86313, 36.83592]]], [[[25.47756, 36.83503], [25.45785, 36.82486], [25.43442, 36.82267], [25.42312, 36.83251], [25.43159, 36.84506], [25.47073, 36.87054], [25.47834, 36.87066], [25.47096, 36.86323], [25.47851, 36.86001], [25.47756, 36.83503]]], [[[25.67399, 36.87947], [25.65463, 36.87891], [25.60867, 36.88374], [25.61483, 36.89386], [25.64967, 36.91159], [25.6844, 36.89118], [25.67399, 36.87947]]], [[[25.0259, 37.00788], [25.0355, 37.02191], [25.07277, 37.04217], [25.0879, 37.04197], [25.06826, 36.99365], [25.09564, 36.98699], [25.16405, 36.96256], [25.19236, 36.94824], [25.21086, 36.93362], [25.21536, 36.91957], [25.2006, 36.90198], [25.17269, 36.89472], [25.13688, 36.89655], [25.09859, 36.90628], [25.06334, 36.92267], [25.03679, 36.94453], [25.02466, 36.97068], [25.03011, 36.9907], [25.0259, 37.00788]]], [[[25.59502, 37.09935], [25.58072, 37.01759], [25.55228, 36.96879], [25.52613, 36.95942], [25.49138, 36.93212], [25.44989, 36.91846], [25.43252, 36.93905], [25.42311, 36.96686], [25.38895, 36.98677], [25.39405, 36.99811], [25.38072, 37.01875], [25.38209, 37.03514], [25.36695, 37.05956], [25.35548, 37.07136], [25.34182, 37.07674], [25.34201, 37.08311], [25.35239, 37.08909], [25.36166, 37.08295], [25.37184, 37.08906], [25.40945, 37.12396], [25.47462, 37.16181], [25.49514, 37.1891], [25.52215, 37.19318], [25.5337, 37.20066], [25.57454, 37.17853], [25.58626, 37.16063], [25.59244, 37.14252], [25.59502, 37.09935]]], [[[25.27978, 37.06249], [25.26612, 37.06249], [25.26612, 37.055], [25.27978, 37.055], [25.27978, 37.04882], [25.26881, 37.04613], [25.24453, 37.01439], [25.20443, 36.98897], [25.18849, 36.98531], [25.15285, 36.98677], [25.10338, 37.01289], [25.11298, 37.06273], [25.12514, 37.07435], [25.15626, 37.08979], [25.13577, 37.09382], [25.15009, 37.11053], [25.20956, 37.14391], [25.23875, 37.15182], [25.22397, 37.13435], [25.23194, 37.12751], [25.25929, 37.12397], [25.27296, 37.1376], [25.26614, 37.15183], [25.29329, 37.15183], [25.26295, 37.08983], [25.26287, 37.07559], [25.27978, 37.06927], [25.27978, 37.06249]]], [[[25.82911, 37.09733], [25.81911, 37.09692], [25.80738, 37.10342], [25.80055, 37.09595], [25.78055, 37.12396], [25.7966, 37.12389], [25.83463, 37.13758], [25.82838, 37.12397], [25.84204, 37.11029], [25.82911, 37.09733]]], [[[25.32284, 37.38542], [25.27213, 37.38712], [25.21478, 37.39762], [25.12086, 37.4217], [25.05438, 37.44605], [25.02341, 37.46387], [25.00895, 37.48247], [25.00957, 37.49193], [25.0163, 37.50142], [25.03888, 37.51414], [25.06722, 37.51779], [25.09962, 37.5147], [25.23328, 37.48063], [25.25738, 37.47829], [25.30774, 37.4972], [25.32792, 37.49719], [25.3384, 37.49139], [25.34951, 37.47523], [25.36876, 37.47927], [25.37729, 37.46743], [25.38209, 37.46967], [25.38421, 37.4819], [25.42823, 37.4862], [25.44361, 37.47504], [25.46289, 37.47003], [25.46552, 37.46313], [25.45728, 37.44604], [25.40772, 37.43684], [25.40259, 37.41817], [25.38258, 37.41974], [25.33665, 37.415], [25.32284, 37.38542]]], [[[24.87169, 37.54932], [24.84379, 37.5675], [24.82266, 37.59029], [24.79631, 37.63688], [24.78801, 37.66041], [24.77708, 37.67313], [24.76674, 37.67507], [24.71235, 37.6673], [24.69996, 37.66823], [24.69146, 37.67202], [24.68672, 37.67836], [24.6856, 37.68695], [24.69382, 37.70977], [24.73664, 37.76241], [24.77008, 37.78902], [24.80218, 37.80336], [24.83707, 37.80351], [24.82814, 37.81729], [24.81658, 37.82388], [24.79999, 37.816], [24.7942, 37.84382], [24.73854, 37.89175], [24.7317, 37.89175], [24.72461, 37.88191], [24.71616, 37.87911], [24.71218, 37.88435], [24.71803, 37.89859], [24.68387, 37.93268], [24.69565, 37.93553], [24.69019, 37.9565], [24.70192, 37.97263], [24.75701, 37.99656], [24.77906, 38.00022], [24.7937, 37.99408], [24.79469, 37.97712], [24.8208, 37.97035], [24.83007, 37.96307], [24.84083, 37.91901], [24.87501, 37.90599], [24.95386, 37.90598], [24.96354, 37.89696], [24.94337, 37.84333], [24.98485, 37.81598], [24.9712, 37.80915], [24.972, 37.79638], [24.95753, 37.7744], [24.96437, 37.76874], [24.98048, 37.77398], [24.99149, 37.76833], [24.99438, 37.7541], [24.98536, 37.73579], [24.95753, 37.70673], [24.9637, 37.68628], [24.95754, 37.68628], [24.91604, 37.7198], [24.8921, 37.76822], [24.88204, 37.77037], [24.89824, 37.73855], [24.91688, 37.66662], [24.93011, 37.64053], [24.95005, 37.62495], [25.00238, 37.60744], [25.01201, 37.60168], [25.0182, 37.59389], [25.02186, 37.5757], [25.01649, 37.56032], [25.00409, 37.54787], [24.98676, 37.53845], [24.94597, 37.52894], [24.91165, 37.53203], [24.87169, 37.54932]]], [[[26.12973, 38.47846], [26.14241, 38.47394], [26.1364, 38.46772], [26.15405, 38.46726], [26.15454, 38.46089], [26.14243, 38.4466], [26.13933, 38.41889], [26.14991, 38.34357], [26.16357, 38.30265], [26.13706, 38.29963], [26.11354, 38.28425], [26.10222, 38.26171], [26.11206, 38.23749], [26.11206, 38.22261], [26.04005, 38.20018], [26.01943, 38.15918], [26.00978, 38.15674], [25.97461, 38.16615], [25.94239, 38.19497], [25.9341, 38.19551], [25.9245, 38.20312], [25.91041, 38.22696], [25.88984, 38.22067], [25.88982, 38.24799], [25.8733, 38.23974], [25.86607, 38.24568], [25.87624, 38.27529], [25.88615, 38.28196], [25.91725, 38.28897], [25.93426, 38.30263], [25.96437, 38.30264], [25.97561, 38.33722], [25.9922, 38.34357], [25.98701, 38.35481], [25.98536, 38.39204], [25.97805, 38.38517], [25.96746, 38.3985], [25.95071, 38.40567], [25.95631, 38.41454], [25.95558, 38.42821], [25.94386, 38.45344], [25.9319, 38.4632], [25.8901, 38.47386], [25.87507, 38.48373], [25.83466, 38.52855], [25.83279, 38.54409], [25.8489, 38.58038], [25.99537, 38.60422], [26.06396, 38.59002], [26.10825, 38.54279], [26.11541, 38.55516], [26.12192, 38.55646], [26.12135, 38.56232], [26.11575, 38.5633], [26.13071, 38.56719], [26.14377, 38.56424], [26.16357, 38.54279], [26.15089, 38.53042], [26.14437, 38.49291], [26.12192, 38.48754], [26.12973, 38.47846]]], [[[25.52797, 38.58204], [25.54098, 38.58126], [25.52337, 38.59721], [25.52615, 38.60423], [25.53323, 38.60679], [25.54664, 38.5974], [25.56007, 38.60931], [25.58082, 38.60423], [25.58082, 38.61171], [25.58887, 38.61171], [25.62231, 38.5838], [25.62262, 38.57892], [25.61492, 38.57697], [25.60498, 38.53536], [25.59395, 38.5373], [25.59487, 38.5181], [25.59046, 38.50138], [25.58242, 38.48697], [25.57066, 38.47643], [25.55503, 38.47134], [25.53837, 38.47456], [25.52773, 38.48534], [25.51161, 38.51052], [25.46567, 38.53359], [25.46234, 38.53834], [25.46103, 38.55379], [25.46962, 38.56562], [25.48544, 38.57411], [25.52797, 38.58204]]], [[[25.0513, 39.3739], [25.05338, 39.36136], [25.04501, 39.34642], [25.02664, 39.33194], [25.00296, 39.32198], [24.97715, 39.31722], [24.95241, 39.31843], [24.95839, 39.33734], [24.973, 39.35525], [24.99326, 39.36997], [25.01622, 39.37929], [25.0389, 39.38091], [25.0513, 39.3739]]], [[[25.40188, 39.85252], [25.43437, 39.86676], [25.46426, 39.87223], [25.4781, 39.86792], [25.48218, 39.86265], [25.48327, 39.84459], [25.47865, 39.82885], [25.44309, 39.76704], [25.43188, 39.73449], [25.4317, 39.71723], [25.43576, 39.70362], [25.45858, 39.65271], [25.46168, 39.63604], [25.45871, 39.62136], [25.44747, 39.60973], [25.42593, 39.60214], [25.40709, 39.60346], [25.38937, 39.61256], [25.33972, 39.65069], [25.32373, 39.65492], [25.30777, 39.64892], [25.29158, 39.62925], [25.28669, 39.61574], [25.28127, 39.56658], [25.27625, 39.55301], [25.26653, 39.5436], [25.25028, 39.53994], [25.21659, 39.54697], [25.20568, 39.55697], [25.19551, 39.58291], [25.18191, 39.60082], [25.12043, 39.63108], [25.11116, 39.64629], [25.10921, 39.67937], [25.10452, 39.69986], [25.0693, 39.74811], [25.05952, 39.76614], [25.05742, 39.78327], [25.0672, 39.7985], [25.08671, 39.80821], [25.10533, 39.80891], [25.14934, 39.80018], [25.16775, 39.801], [25.21367, 39.8193], [25.23632, 39.82443], [25.25658, 39.82282], [25.30009, 39.81169], [25.3225, 39.81133], [25.34823, 39.81964], [25.40188, 39.85252]]], [[[25.06842, 39.99687], [25.05683, 39.9383], [25.0559, 39.9359], [25.04706, 39.94746], [25.04542, 39.98469], [25.03339, 39.98844], [25.03339, 39.99526], [25.06842, 39.99687]]], [[[25.75676, 39.93177], [25.7369, 39.94785], [25.73382, 39.97263], [25.74734, 39.99575], [25.77342, 40.0114], [25.80879, 40.02112], [25.85016, 40.02641], [25.97566, 40.031], [26.06138, 40.03919], [26.12291, 40.03888], [26.17862, 40.03171], [26.21961, 40.01601], [26.23415, 40.00281], [26.23955, 39.9894], [26.23761, 39.97608], [26.22981, 39.96322], [26.20209, 39.94047], [26.1675, 39.92427], [26.1454, 39.91763], [26.10272, 39.91122], [26.0603, 39.9116], [25.98901, 39.91889], [25.8301, 39.91858], [25.78925, 39.9226], [25.75676, 39.93177]]], [[[25.70914, 40.28006], [25.65449, 40.27711], [25.61963, 40.28254], [25.57632, 40.30751], [25.50521, 40.36481], [25.58646, 40.40456], [25.61998, 40.41539], [25.63469, 40.41643], [25.67925, 40.40898], [25.73186, 40.39275], [25.77966, 40.37131], [25.80918, 40.34831], [25.81004, 40.3389], [25.79455, 40.32012], [25.74807, 40.29392], [25.70914, 40.28006]]], [[[25.68864, 40.475], [25.6975, 40.461], [25.69068, 40.4477], [25.69531, 40.43269], [25.6786, 40.42202], [25.63446, 40.50123], [25.65618, 40.49624], [25.68864, 40.475]]], [[[27.17233, 36.511], [27.12889, 36.48874], [27.11594, 36.48522], [27.10406, 36.48715], [27.0934, 36.49662], [27.08614, 36.51569], [27.08621, 36.54045], [27.09227, 36.56808], [27.10309, 36.59572], [27.11753, 36.62046], [27.1345, 36.63937], [27.15288, 36.64947], [27.17155, 36.64779], [27.17857, 36.64299], [27.18707, 36.6288], [27.20191, 36.58561], [27.21837, 36.5704], [27.23773, 36.56285], [27.29961, 36.55614], [27.31682, 36.54899], [27.32996, 36.53419], [27.33753, 36.50854], [27.33733, 36.47664], [27.32728, 36.46153], [27.31007, 36.4595], [27.28822, 36.46674], [27.20359, 36.51395], [27.18782, 36.51515], [27.17233, 36.511]]], [[[26.34468, 36.70849], [26.3847, 36.70987], [26.40971, 36.70626], [26.429, 36.69605], [26.43439, 36.68751], [26.43582, 36.67617], [26.43072, 36.65984], [26.4187, 36.64686], [26.40165, 36.63647], [26.32154, 36.60472], [26.30826, 36.59496], [26.29978, 36.58266], [26.27945, 36.52188], [26.27087, 36.50983], [26.25814, 36.50148], [26.23361, 36.49859], [26.20231, 36.5166], [26.16307, 36.52184], [26.15486, 36.52768], [26.1553, 36.54537], [26.1622, 36.56176], [26.20164, 36.60955], [26.23081, 36.61201], [26.25146, 36.62361], [26.29722, 36.68549], [26.31203, 36.69904], [26.34468, 36.70849]]], [[[27.35688, 36.86525], [27.35952, 36.85882], [27.35647, 36.84717], [27.34487, 36.83692], [27.3183, 36.82331], [27.33086, 36.84464], [27.35688, 36.86525]]], [[[27.05092, 36.99998], [27.06172, 36.99219], [27.0689, 36.97862], [27.0724, 36.95824], [27.04893, 36.94327], [27.00536, 36.89641], [26.97718, 36.8785], [26.91921, 36.85932], [26.8918, 36.83724], [26.8321, 36.77239], [26.81892, 36.76262], [26.80743, 36.75914], [26.79813, 36.76262], [26.79236, 36.77148], [26.79066, 36.79867], [26.80031, 36.82786], [26.80849, 36.8395], [26.81834, 36.8473], [26.85862, 36.86229], [26.88012, 36.87525], [26.89553, 36.89346], [26.92164, 36.93871], [26.94061, 36.96009], [26.97982, 36.98534], [27.01995, 37.00087], [27.03683, 37.00269], [27.05092, 36.99998]]], [[[27.14899, 36.92558], [27.19444, 36.96091], [27.19652, 36.95809], [27.19357, 36.94488], [27.18482, 36.93756], [27.16778, 36.92929], [27.14899, 36.92558]]], [[[26.99579, 37.06498], [27.00041, 37.05041], [26.99839, 37.03481], [26.98672, 37.02103], [26.97451, 37.01611], [26.94368, 37.01743], [26.92871, 37.01013], [26.89274, 36.98307], [26.87137, 36.97763], [26.86595, 36.98186], [26.86772, 36.99104], [26.89078, 37.0305], [26.89564, 37.04198], [26.89472, 37.05005], [26.82125, 37.05197], [26.81318, 37.05642], [26.81588, 37.06419], [26.83282, 37.07589], [26.85809, 37.08725], [26.91669, 37.10016], [26.95441, 37.09758], [26.96921, 37.09207], [26.98569, 37.0796], [26.99579, 37.06498]]], [[[26.76786, 37.06586], [26.76856, 37.0546], [26.76268, 37.04035], [26.75733, 37.03389], [26.73979, 37.02463], [26.69298, 37.03208], [26.64815, 37.02084], [26.63272, 37.02035], [26.61527, 37.02541], [26.61211, 37.03242], [26.61995, 37.04047], [26.63542, 37.04876], [26.69376, 37.0681], [26.73979, 37.07391], [26.75632, 37.07231], [26.76786, 37.06586]]], [[[26.71234, 37.17816], [26.70655, 37.16542], [26.69233, 37.15718], [26.6729, 37.15324], [26.65154, 37.15349], [26.6315, 37.15786], [26.6161, 37.16629], [26.60862, 37.17869], [26.61233, 37.19499], [26.62209, 37.20543], [26.63615, 37.21204], [26.67014, 37.21418], [26.68655, 37.20999], [26.70021, 37.20248], [26.7094, 37.19181], [26.71234, 37.17816]]], [[[26.39173, 37.32362], [26.40583, 37.32813], [26.41852, 37.32672], [26.42901, 37.32075], [26.43645, 37.31159], [26.44003, 37.30059], [26.43889, 37.28912], [26.43224, 37.2785], [26.41924, 37.27003], [26.40384, 37.26587], [26.39112, 37.26728], [26.38146, 37.27306], [26.37521, 37.28196], [26.37273, 37.29273], [26.37441, 37.30412], [26.38061, 37.31485], [26.39173, 37.32362]]], [[[26.56521, 37.30819], [26.56702, 37.28377], [26.55396, 37.27306], [26.54641, 37.27717], [26.54477, 37.2884], [26.53274, 37.29174], [26.52859, 37.30073], [26.53883, 37.33812], [26.53372, 37.36066], [26.5364, 37.3727], [26.56886, 37.37433], [26.59034, 37.36444], [26.60368, 37.34943], [26.60588, 37.33944], [26.60084, 37.33736], [26.58872, 37.34479], [26.57244, 37.34715], [26.56373, 37.3417], [26.55843, 37.32975], [26.54884, 37.32657], [26.56521, 37.30819]]], [[[26.34803, 37.49453], [26.34997, 37.48857], [26.33793, 37.45977], [26.30922, 37.42612], [26.29031, 37.41412], [26.26927, 37.40888], [26.24676, 37.41313], [26.2536, 37.43492], [26.27678, 37.48176], [26.3002, 37.49644], [26.31752, 37.49991], [26.34803, 37.49453]]], [[[26.4297, 37.57754], [26.4183, 37.57892], [26.40854, 37.57475], [26.39602, 37.57613], [26.44036, 37.6026], [26.45052, 37.59589], [26.45688, 37.57506], [26.44671, 37.56469], [26.43622, 37.56762], [26.4297, 37.57754]]], [[[26.52825, 37.62596], [26.54069, 37.61668], [26.53133, 37.5974], [26.5166, 37.58361], [26.49912, 37.57526], [26.50131, 37.56118], [26.51092, 37.54924], [26.51115, 37.53653], [26.50294, 37.5275], [26.48887, 37.54036], [26.48601, 37.55309], [26.47495, 37.56658], [26.47488, 37.60478], [26.48486, 37.60313], [26.49195, 37.58633], [26.49806, 37.5854], [26.50309, 37.59486], [26.51376, 37.59858], [26.5101, 37.62433], [26.49709, 37.62743], [26.49644, 37.63768], [26.50523, 37.65049], [26.51352, 37.6533], [26.53068, 37.64179], [26.52825, 37.62596]]], [[[26.31909, 37.63427], [26.23085, 37.5715], [26.21414, 37.56523], [26.12794, 37.55581], [26.10825, 37.54906], [26.06739, 37.5218], [26.0298, 37.5218], [25.99073, 37.51318], [25.97634, 37.51603], [25.97187, 37.53547], [25.97997, 37.54883], [26.01238, 37.57502], [26.02639, 37.60081], [26.04201, 37.61701], [26.07423, 37.63787], [26.15642, 37.6328], [26.17726, 37.63787], [26.19744, 37.63227], [26.22722, 37.63959], [26.25424, 37.652], [26.28078, 37.67543], [26.31365, 37.68316], [26.36213, 37.68625], [26.34456, 37.6595], [26.31909, 37.63427]]], [[[26.58345, 37.70447], [26.58026, 37.74057], [26.5842, 37.75243], [26.59499, 37.76137], [26.64389, 37.77241], [26.65806, 37.79278], [26.67796, 37.79652], [26.7169, 37.711], [26.70826, 37.71357], [26.65724, 37.7049], [26.62843, 37.69066], [26.62289, 37.67887], [26.61549, 37.67887], [26.61549, 37.68627], [26.60922, 37.68627], [26.5984, 37.67721], [26.58345, 37.70447]]], [[[26.35613, 38.31688], [26.38502, 38.31843], [26.39186, 38.32502], [26.38332, 38.34355], [26.39894, 38.33552], [26.41749, 38.33674], [26.47592, 38.36689], [26.47706, 38.38687], [26.46803, 38.40762], [26.45152, 38.41869], [26.45152, 38.42608], [26.47689, 38.41668], [26.48911, 38.4062], [26.4979, 38.40729], [26.51303, 38.43293], [26.44077, 38.4728], [26.42205, 38.46971], [26.41423, 38.45629], [26.40723, 38.45345], [26.38788, 38.45426], [26.40382, 38.48754], [26.39991, 38.49958], [26.36974, 38.53524], [26.37582, 38.52855], [26.3592, 38.57674], [26.34865, 38.62151], [26.3512, 38.65046], [26.3563, 38.66168], [26.41407, 38.67938], [26.46531, 38.67273], [26.48763, 38.66428], [26.53978, 38.62344], [26.55583, 38.60541], [26.58299, 38.56461], [26.60325, 38.54139], [26.60875, 38.49404], [26.60861, 38.46802], [26.58815, 38.46088], [26.60523, 38.45358], [26.60498, 38.44477], [26.58815, 38.41869], [26.60587, 38.41664], [26.5808, 38.26951], [26.56748, 38.22768], [26.52381, 38.14739], [26.51551, 38.16552], [26.5193, 38.17967], [26.49171, 38.17403], [26.44223, 38.21198], [26.41749, 38.22065], [26.42415, 38.20019], [26.4175, 38.20019], [26.39016, 38.22383], [26.39487, 38.25165], [26.39015, 38.26166], [26.38331, 38.26166], [26.37501, 38.23481], [26.35374, 38.22833], [26.32863, 38.23506], [26.28663, 38.26105], [26.23464, 38.27384], [26.23904, 38.29571], [26.26539, 38.28669], [26.28591, 38.31866], [26.30763, 38.32307], [26.30763, 38.33051], [26.28892, 38.34065], [26.28616, 38.35895], [26.29412, 38.36984], [26.30763, 38.35786], [26.31175, 38.37111], [26.32113, 38.37765], [26.32592, 38.35493], [26.3143, 38.33674], [26.34635, 38.32879], [26.35613, 38.31688]]], [[[26.32912, 38.422], [26.32538, 38.4413], [26.35539, 38.45314], [26.36092, 38.4444], [26.354, 38.42622], [26.32912, 38.422]]], [[[26.27875, 38.49747], [26.27491, 38.51199], [26.27914, 38.51519], [26.29329, 38.49848], [26.29037, 38.49178], [26.27875, 38.49747]]], [[[26.23056, 38.53346], [26.24122, 38.52639], [26.26807, 38.52048], [26.26995, 38.51305], [26.25245, 38.50203], [26.24806, 38.50939], [26.23626, 38.50671], [26.20388, 38.5147], [26.18459, 38.53865], [26.18508, 38.54217], [26.20354, 38.54106], [26.21469, 38.53319], [26.23056, 38.53346]]], [[[26.94386, 38.80874], [26.96078, 38.80614], [26.97145, 38.81916], [26.95877, 38.84446], [26.9909, 38.85505], [27.01336, 38.87115], [27.03374, 38.8606], [27.01624, 38.82125], [26.98817, 38.77686], [26.92975, 38.71009], [26.85184, 38.64939], [26.78826, 38.61528], [26.7532, 38.61792], [26.75945, 38.63841], [26.74643, 38.63867], [26.71911, 38.65266], [26.73366, 38.66363], [26.75318, 38.66633], [26.73306, 38.68983], [26.7191, 38.72093], [26.73733, 38.73066], [26.78891, 38.73941], [26.81821, 38.75543], [26.83058, 38.74726], [26.85157, 38.74566], [26.88852, 38.73404], [26.90349, 38.73457], [26.89724, 38.74827], [26.92303, 38.76214], [26.93141, 38.75507], [26.93507, 38.77045], [26.93141, 38.78925], [26.92458, 38.78173], [26.89725, 38.81655], [26.93766, 38.83021], [26.94386, 38.80874]]], [[[26.80105, 39.4062], [26.80267, 39.42208], [26.81859, 39.39849], [26.84393, 39.34347], [26.91421, 39.27493], [26.97007, 39.21022], [27.01788, 39.13896], [27.03447, 39.10385], [27.05314, 39.03116], [27.05742, 38.9751], [27.05338, 38.93253], [27.04127, 38.94009], [27.01286, 38.92207], [26.9826, 38.91963], [26.96241, 38.94009], [26.93426, 38.9309], [26.92457, 38.94009], [26.86622, 38.91341], [26.85565, 38.91756], [26.8401, 38.93586], [26.8065, 38.95015], [26.79722, 38.97313], [26.79915, 38.99815], [26.81471, 39.01512], [26.81471, 39.02196], [26.79366, 39.02197], [26.82881, 39.04717], [26.87306, 39.06293], [26.88315, 39.0716], [26.87526, 39.09089], [26.82374, 39.14908], [26.77097, 39.1732], [26.73782, 39.19721], [26.73902, 39.20759], [26.71876, 39.26288], [26.70143, 39.26899], [26.62908, 39.26839], [26.60924, 39.27522], [26.61931, 39.28315], [26.63244, 39.31324], [26.64552, 39.31756], [26.65478, 39.31321], [26.65382, 39.30646], [26.63592, 39.30317], [26.63592, 39.29694], [26.65602, 39.29426], [26.67067, 39.28266], [26.66481, 39.29808], [26.67026, 39.30598], [26.69117, 39.31623], [26.70901, 39.33705], [26.81471, 39.39936], [26.80105, 39.4062]]], [[[26.06056, 39.2895], [26.0731, 39.3032], [26.09379, 39.31042], [26.16277, 39.32364], [26.17254, 39.3354], [26.1636, 39.37884], [26.34331, 39.38294], [26.36214, 39.37884], [26.35475, 39.35651], [26.37338, 39.34691], [26.40023, 39.34124], [26.41747, 39.33047], [26.37965, 39.28266], [26.38217, 39.27709], [26.42416, 39.2451], [26.46631, 39.22923], [26.50473, 39.185], [26.5397, 39.16596], [26.52662, 39.15913], [26.53077, 39.15062], [26.54712, 39.13532], [26.55055, 39.11921], [26.56762, 39.11814], [26.56625, 39.09797], [26.57944, 39.07534], [26.6123, 39.04926], [26.61002, 39.02294], [26.59742, 39.01196], [26.56764, 39.02196], [26.55144, 39.01504], [26.5394, 39.01935], [26.5193, 39.03628], [26.52662, 39.04247], [26.51612, 39.05264], [26.52662, 39.08344], [26.51516, 39.09102], [26.50587, 39.1092], [26.48927, 39.11367], [26.45493, 39.1114], [26.43702, 39.1035], [26.45297, 39.08641], [26.49194, 39.06293], [26.52882, 39.02106], [26.54713, 39.00898], [26.54711, 38.98787], [26.48905, 38.97254], [26.42416, 38.96736], [26.40737, 38.96943], [26.37517, 38.97891], [26.33912, 38.98294], [26.27638, 39.01065], [26.21713, 39.0207], [26.15529, 39.02498], [26.11557, 39.06672], [26.10426, 39.07465], [26.08791, 39.07722], [26.08792, 39.08345], [26.10917, 39.09266], [26.12192, 39.09089], [26.16017, 39.09772], [26.19142, 39.12758], [26.2256, 39.13182], [26.29347, 39.17715], [26.29021, 39.18675], [26.26979, 39.20075], [26.2256, 39.20759], [26.18735, 39.20205], [26.17335, 39.19501], [26.16017, 39.18334], [26.14526, 39.15568], [26.09742, 39.10566], [26.08277, 39.09516], [26.06397, 39.0909], [26.04269, 39.09329], [25.95859, 39.11759], [25.91993, 39.13711], [25.88893, 39.14473], [25.85434, 39.17207], [25.83466, 39.17964], [25.83466, 39.18707], [25.84596, 39.19038], [25.84995, 39.19941], [25.85515, 39.22126], [25.84207, 39.22801], [25.85353, 39.2364], [25.85867, 39.25921], [25.88307, 39.26899], [25.91725, 39.29693], [25.92408, 39.29693], [25.93637, 39.27656], [26.0062, 39.28631], [26.03321, 39.28266], [26.04689, 39.30314], [26.05372, 39.2895], [26.06056, 39.2895]]], [[[26.11297, 39.45918], [26.07424, 39.47452], [26.07001, 39.49628], [26.10725, 39.58704], [26.24603, 39.61185], [26.33602, 39.6208], [26.42598, 39.6161], [26.50687, 39.60402], [26.58801, 39.58083], [26.65637, 39.54934], [26.4568, 39.52119], [26.36215, 39.48136], [26.28663, 39.48762], [26.26295, 39.48135], [26.24927, 39.46566], [26.23178, 39.47451], [26.15249, 39.45921], [26.11297, 39.45918]]], [[[26.21813, 40.29686], [26.23178, 40.31013], [26.21016, 40.32175], [26.25018, 40.34951], [26.30145, 40.36468], [26.32114, 40.36518], [26.33612, 40.38531], [26.38575, 40.40986], [26.4328, 40.43983], [26.49171, 40.45653], [26.55098, 40.49286], [26.52662, 40.44065], [26.48049, 40.37969], [26.41981, 40.32672], [26.34741, 40.28399], [26.26774, 40.25347], [26.2479, 40.27912], [26.21813, 40.29686]]]]}}, {"type": "Feature", "properties": {"map_title": "참전국의 사상자 수", "source": "미래엔 세계사 교과서 4권 183쪽", "volume": 4, "page": 183, "legend": "연합국", "name": "그리스", "name_en": "Greece", "period": "1914–1918", "kind": "국가", "alliance": "연합국", "soldiers": 200000, "casualties": 5000, "coast_snap": "Natural Earth 10m 해안선에 맞춤", "border_snap": "현대 국경(Natural Earth 10m)에 맞춘 구간 약 728 km", "group": "그리스", "map_folder": "4권_p183_참전국의 사상자 수"}, "geometry": {"type": "MultiPolygon", "coordinates": [[[[23.24082, 35.9876], [23.23947, 36.01104], [23.27285, 36.10939], [23.29284, 36.19672], [23.30248, 36.21703], [23.314, 36.23063], [23.32675, 36.23801], [23.35331, 36.2364], [23.37703, 36.21682], [23.39069, 36.19177], [23.39544, 36.17162], [23.39558, 36.14952], [23.38702, 36.1148], [23.36074, 36.05455], [23.35784, 36.03919], [23.36156, 35.99672], [23.37337, 35.95641], [23.36709, 35.94376], [23.34181, 35.93287], [23.32151, 35.92996], [23.30059, 35.93236], [23.28053, 35.93969], [23.26287, 35.95158], [23.24912, 35.96768], [23.24082, 35.9876]]], [[[22.99074, 36.13705], [22.98756, 36.15156], [22.94957, 36.16499], [22.95004, 36.17626], [22.92922, 36.17797], [22.90871, 36.20596], [22.91619, 36.2851], [22.89968, 36.32819], [22.90175, 36.33851], [22.93264, 36.38124], [22.94459, 36.38938], [22.95638, 36.38344], [23.01173, 36.3083], [23.0769, 36.27073], [23.0944, 36.25433], [23.10384, 36.23721], [23.06625, 36.22639], [23.05844, 36.21646], [23.052, 36.14485], [23.01442, 36.14834], [23.00245, 36.14663], [22.99074, 36.13705]]], [[[23.26013, 36.47985], [23.27477, 36.47139], [23.28683, 36.45381], [23.29515, 36.43087], [23.29874, 36.40523], [23.29624, 36.3797], [23.28234, 36.35004], [23.27186, 36.3396], [23.26128, 36.3356], [23.24149, 36.34347], [23.23312, 36.35363], [23.22141, 36.38243], [23.21853, 36.40942], [23.22103, 36.43016], [23.22977, 36.45441], [23.24468, 36.47527], [23.26013, 36.47985]]], [[[22.96583, 36.47606], [22.95159, 36.47525], [22.94034, 36.46605], [22.93165, 36.46476], [22.92507, 36.46907], [22.92939, 36.48411], [22.96242, 36.5099], [22.97674, 36.50747], [22.98934, 36.47044], [22.98601, 36.45826], [22.96583, 36.47606]]], [[[21.75051, 36.71241], [21.75954, 36.75189], [21.76417, 36.75396], [21.78003, 36.7475], [21.77783, 36.69939], [21.76796, 36.70826], [21.76417, 36.71988], [21.75051, 36.71241]]], [[[21.70087, 36.79108], [21.70949, 36.80173], [21.72933, 36.79499], [21.72933, 36.78877], [21.71632, 36.78132], [21.71655, 36.77094], [21.69582, 36.74043], [21.70087, 36.79108]]], [[[23.45778, 36.90645], [23.44974, 36.92913], [23.45899, 36.92255], [23.46723, 36.90661], [23.46388, 36.90401], [23.45778, 36.90645]]], [[[21.54665, 37.03237], [21.549, 37.04536], [21.5373, 37.05744], [21.55282, 37.06438], [21.55867, 37.05382], [21.54665, 37.03237]]], [[[23.13104, 37.24373], [23.09443, 37.27473], [23.10213, 37.28134], [23.12842, 37.28839], [23.15104, 37.27679], [23.16244, 37.26435], [23.16235, 37.24422], [23.15203, 37.23999], [23.13104, 37.24373]]], [[[23.48764, 37.3635], [23.53256, 37.36392], [23.55299, 37.37091], [23.58714, 37.37091], [23.57113, 37.35835], [23.5477, 37.34985], [23.52329, 37.34664], [23.50514, 37.34984], [23.50878, 37.3299], [23.49683, 37.32002], [23.37429, 37.30269], [23.37451, 37.30964], [23.46364, 37.35732], [23.48764, 37.3635]]], [[[23.47543, 37.54084], [23.47732, 37.55588], [23.48178, 37.55645], [23.49204, 37.53913], [23.51157, 37.52904], [23.52563, 37.52801], [23.52563, 37.5218], [23.50635, 37.51285], [23.48121, 37.5096], [23.4559, 37.51252], [23.43631, 37.52179], [23.43629, 37.52802], [23.46461, 37.53376], [23.47543, 37.54084]]], [[[23.95855, 37.65238], [23.95971, 37.64282], [23.9411, 37.64217], [23.93577, 37.64576], [23.93893, 37.65709], [23.95337, 37.6568], [23.95855, 37.65238]]], [[[23.42564, 37.76821], [23.54615, 37.77439], [23.56314, 37.76825], [23.54493, 37.74506], [23.54614, 37.73347], [23.53207, 37.72533], [23.52563, 37.69246], [23.48414, 37.67887], [23.45738, 37.69246], [23.45738, 37.69928], [23.469, 37.70502], [23.46827, 37.7145], [23.45932, 37.72333], [23.43443, 37.7336], [23.42704, 37.74802], [23.42564, 37.76821]]], [[[23.75385, 37.76517], [23.75157, 37.76951], [23.75523, 37.77512], [23.76351, 37.77597], [23.76335, 37.76399], [23.75385, 37.76517]]], [[[23.53684, 37.98797], [23.53343, 37.97428], [23.54712, 37.95888], [23.54615, 37.95254], [23.57347, 37.95254], [23.53932, 37.93952], [23.54345, 37.92886], [23.52174, 37.91397], [23.51823, 37.8986], [23.50131, 37.90607], [23.48145, 37.88972], [23.46705, 37.88423], [23.4214, 37.89298], [23.40212, 37.906], [23.40896, 37.92194], [23.42287, 37.933], [23.43947, 37.93959], [23.46852, 37.93203], [23.48896, 37.9531], [23.49773, 37.96686], [23.48561, 37.96625], [23.46043, 37.95255], [23.42208, 37.96004], [23.45737, 37.97362], [23.42945, 37.98794], [23.45173, 37.98821], [23.47047, 37.98046], [23.47486, 37.98941], [23.47048, 37.99408], [23.47821, 37.99884], [23.49529, 38.00184], [23.51824, 37.99908], [23.53052, 37.99457], [23.53684, 37.98797]]], [[[24.57993, 38.08422], [24.59448, 38.0624], [24.56665, 37.98795], [24.55185, 37.97807], [24.50957, 37.96263], [24.47718, 37.96241], [24.47096, 37.98046], [24.44776, 38.01057], [24.4297, 38.02119], [24.40309, 38.01191], [24.3864, 37.99653], [24.4021, 37.98794], [24.4021, 37.98046], [24.38689, 37.97038], [24.37152, 37.97205], [24.33864, 37.99674], [24.31383, 38.02925], [24.31399, 38.0351], [24.327, 38.04255], [24.31479, 38.06489], [24.30568, 38.07176], [24.29226, 38.0699], [24.28631, 38.08625], [24.2693, 38.0954], [24.24871, 38.09687], [24.23146, 38.09033], [24.21778, 38.09687], [24.20396, 38.09034], [24.20477, 38.09682], [24.21078, 38.09781], [24.21078, 38.12446], [24.20281, 38.13007], [24.18605, 38.1274], [24.18297, 38.135], [24.21078, 38.166], [24.20875, 38.17862], [24.19403, 38.19213], [24.18531, 38.21796], [24.1727, 38.22655], [24.15699, 38.22956], [24.14259, 38.22696], [24.14875, 38.21322], [24.12625, 38.21748], [24.13113, 38.23582], [24.1631, 38.26781], [24.15349, 38.28132], [24.14552, 38.28091], [24.12843, 38.26781], [24.12574, 38.25609], [24.1094, 38.2563], [24.11476, 38.2753], [24.10094, 38.2753], [24.12159, 38.30948], [24.07944, 38.32538], [24.02546, 38.33052], [24.05974, 38.34125], [24.0669, 38.35102], [24.05904, 38.36029], [24.05942, 38.37767], [24.04225, 38.40152], [24.03891, 38.39542], [23.98081, 38.39887], [23.91236, 38.39204], [23.87591, 38.39928], [23.8703, 38.38763], [23.84883, 38.36478], [23.8215, 38.34808], [23.79602, 38.34144], [23.78572, 38.34468], [23.77754, 38.35757], [23.78037, 38.37764], [23.79472, 38.39865], [23.70997, 38.4125], [23.66334, 38.40421], [23.64918, 38.40567], [23.63852, 38.41551], [23.61443, 38.46088], [23.60743, 38.4538], [23.594, 38.45344], [23.63575, 38.50092], [23.6281, 38.51511], [23.62812, 38.52236], [23.63551, 38.52237], [23.63551, 38.52855], [23.59995, 38.57136], [23.53976, 38.58235], [23.50534, 38.59727], [23.49773, 38.63101], [23.45315, 38.65803], [23.44597, 38.67674], [23.38161, 38.70727], [23.35336, 38.73139], [23.33767, 38.73896], [23.32301, 38.76252], [23.20232, 38.8299], [23.14356, 38.85065], [23.06911, 38.84659], [23.03639, 38.87446], [22.96941, 38.88911], [22.95639, 38.88544], [22.95639, 38.878], [22.9839, 38.87352], [22.99194, 38.86469], [22.99072, 38.85066], [22.98153, 38.84498], [22.85581, 38.83295], [22.83303, 38.82276], [22.83743, 38.85447], [22.87485, 38.8749], [22.90748, 38.88231], [22.95281, 38.90159], [22.98292, 38.90766], [23.03566, 38.92642], [23.04592, 38.94684], [23.08676, 38.95433], [23.09734, 38.97207], [23.09443, 38.98785], [23.10906, 38.99177], [23.12746, 39.0058], [23.19972, 39.00898], [23.27296, 39.03876], [23.29908, 39.04246], [23.32985, 39.02196], [23.37158, 39.01031], [23.38159, 39.00153], [23.37436, 38.98249], [23.38461, 38.96752], [23.40455, 38.95783], [23.42562, 38.95432], [23.45069, 38.87458], [23.48048, 38.83808], [23.52466, 38.82318], [23.56788, 38.79385], [23.59399, 38.78924], [23.594, 38.77021], [23.60759, 38.77557], [23.61997, 38.76553], [23.66228, 38.75507], [23.6727, 38.76043], [23.68336, 38.75507], [23.70265, 38.76507], [23.72266, 38.76194], [23.73844, 38.74941], [23.75359, 38.71918], [23.813, 38.69367], [23.85759, 38.68252], [23.90634, 38.67932], [23.94777, 38.66942], [23.96656, 38.67011], [23.98423, 38.68621], [24.00571, 38.67805], [24.07309, 38.67938], [24.15537, 38.65277], [24.13494, 38.64387], [24.12623, 38.6352], [24.1211, 38.6081], [24.12648, 38.59858], [24.21607, 38.53953], [24.23144, 38.52237], [24.20655, 38.50682], [24.18816, 38.47411], [24.18434, 38.43964], [24.20393, 38.41868], [24.20395, 38.41272], [24.18507, 38.40762], [24.18816, 38.39883], [24.21077, 38.37767], [24.21485, 38.33641], [24.25244, 38.29238], [24.25262, 38.26557], [24.25781, 38.25898], [24.24513, 38.24116], [24.26025, 38.22252], [24.27842, 38.20984], [24.32699, 38.18593], [24.33758, 38.16283], [24.34441, 38.15925], [24.39258, 38.164], [24.42067, 38.14737], [24.47779, 38.13874], [24.49692, 38.1463], [24.58764, 38.15923], [24.57895, 38.10932], [24.57993, 38.08422]]], [[[20.90935, 38.56293], [20.90755, 38.54903], [20.8939, 38.54903], [20.8939, 38.55646], [20.93214, 38.60301], [20.94093, 38.60405], [20.90935, 38.56293]]], [[[20.95288, 38.63886], [20.94165, 38.6274], [20.89812, 38.60602], [20.87866, 38.58443], [20.87063, 38.58252], [20.87007, 38.60327], [20.90383, 38.64276], [20.94516, 38.65248], [20.95166, 38.64923], [20.95288, 38.63886]]], [[[20.76287, 38.63911], [20.75961, 38.62739], [20.80002, 38.59547], [20.78713, 38.59981], [20.75173, 38.62605], [20.73699, 38.65217], [20.7467, 38.66352], [20.78305, 38.67498], [20.80501, 38.66567], [20.78858, 38.64473], [20.76287, 38.63911]]], [[[20.72073, 38.63862], [20.71598, 38.62703], [20.70949, 38.62569], [20.70216, 38.63841], [20.69532, 38.63841], [20.69704, 38.63461], [20.68451, 38.64712], [20.63296, 38.71367], [20.60256, 38.78172], [20.61215, 38.78583], [20.64528, 38.82819], [20.68628, 38.85007], [20.6902, 38.84138], [20.70215, 38.83697], [20.71778, 38.8227], [20.72933, 38.78172], [20.72389, 38.76996], [20.72971, 38.73564], [20.69695, 38.68985], [20.69874, 38.68281], [20.70606, 38.68041], [20.72249, 38.70725], [20.72073, 38.63862]]], [[[23.65806, 39.09773], [23.65847, 39.10431], [23.66969, 39.1114], [23.66969, 39.11815], [23.62143, 39.15554], [23.61744, 39.16914], [23.58719, 39.20758], [23.60132, 39.2138], [23.60222, 39.20864], [23.61442, 39.20758], [23.66554, 39.16966], [23.69663, 39.15534], [23.73046, 39.14614], [23.72674, 39.1315], [23.77302, 39.12926], [23.79264, 39.12441], [23.79264, 39.11815], [23.74122, 39.08028], [23.71681, 39.07723], [23.69256, 39.08894], [23.66603, 39.09277], [23.65806, 39.09773]]], [[[23.42945, 39.17622], [23.44468, 39.19847], [23.47047, 39.2138], [23.50374, 39.19427], [23.51285, 39.17853], [23.50513, 39.15914], [23.48902, 39.16877], [23.47511, 39.15778], [23.46045, 39.13183], [23.4253, 39.14867], [23.39529, 39.14616], [23.3987, 39.16364], [23.42945, 39.17622]]], [[[23.87306, 39.18016], [23.88935, 39.21747], [23.93964, 39.27959], [23.95702, 39.28947], [23.95021, 39.27521], [23.97216, 39.27191], [23.96696, 39.25117], [23.94995, 39.229], [23.93653, 39.22126], [23.92163, 39.19042], [23.89583, 39.16178], [23.86451, 39.144], [23.83353, 39.14615], [23.87306, 39.18016]]], [[[23.37428, 37.55589], [23.39503, 37.54141], [23.42204, 37.53546], [23.42205, 37.52802], [23.39527, 37.5218], [23.39527, 37.51496], [23.43629, 37.50812], [23.47917, 37.49066], [23.52563, 37.4597], [23.51889, 37.45303], [23.5254, 37.43909], [23.44654, 37.41463], [23.30592, 37.41193], [23.31217, 37.39827], [23.26271, 37.40103], [23.2644, 37.39082], [23.23024, 37.38459], [23.22999, 37.37495], [23.23707, 37.37031], [23.25755, 37.3709], [23.25131, 37.35733], [23.27797, 37.34984], [23.26207, 37.34395], [23.18605, 37.34064], [23.1854, 37.33218], [23.20361, 37.30269], [23.16863, 37.29952], [23.14146, 37.30952], [23.14145, 37.31635], [23.16188, 37.31635], [23.16188, 37.32315], [23.12339, 37.32478], [23.11413, 37.33616], [23.13461, 37.32933], [23.12241, 37.34569], [23.1006, 37.35733], [23.09278, 37.35079], [23.0731, 37.35522], [23.07261, 37.40109], [23.09498, 37.38955], [23.10524, 37.39692], [23.11412, 37.42559], [23.14145, 37.41193], [23.13201, 37.44863], [23.09718, 37.46223], [23.06202, 37.45499], [23.04594, 37.45971], [23.05942, 37.46654], [23.04591, 37.48701], [23.01124, 37.46906], [23.0049, 37.45973], [22.9909, 37.49575], [22.98072, 37.50878], [22.96388, 37.5218], [22.94289, 37.52181], [22.93605, 37.53547], [22.92156, 37.54035], [22.90187, 37.54165], [22.91432, 37.5388], [22.92237, 37.52804], [22.90235, 37.53486], [22.88502, 37.53315], [22.85402, 37.51497], [22.81936, 37.53547], [22.82618, 37.54906], [22.80202, 37.56086], [22.79592, 37.56916], [22.79884, 37.5764], [22.77833, 37.59687], [22.73845, 37.58088], [22.72641, 37.56635], [22.72315, 37.54165], [22.73665, 37.51838], [22.73048, 37.49445], [22.75033, 37.46654], [22.75034, 37.44261], [22.76481, 37.43178], [22.75799, 37.39826], [22.81933, 37.34369], [22.81251, 37.32933], [22.82618, 37.32911], [22.81935, 37.31635], [22.82998, 37.3081], [22.86085, 37.25568], [22.9067, 37.19368], [22.91162, 37.18342], [22.9004, 37.17292], [22.89503, 37.13386], [22.90317, 37.12128], [22.92205, 37.11799], [22.95638, 37.12395], [22.96386, 37.1103], [22.9568, 37.10676], [22.96386, 37.10342], [22.95639, 37.09593], [22.97347, 37.09096], [22.98169, 37.08271], [22.97916, 37.07783], [22.96388, 37.08295], [22.99983, 37.03327], [22.99806, 37.02147], [23.01171, 36.98677], [22.99073, 36.98676], [23.00489, 36.96686], [23.01172, 36.97308], [23.01635, 36.95527], [23.01173, 36.93891], [23.04899, 36.8769], [23.04591, 36.86909], [23.09326, 36.81826], [23.09181, 36.79833], [23.08058, 36.79499], [23.08058, 36.78876], [23.11409, 36.78131], [23.09441, 36.76081], [23.0944, 36.74372], [23.08863, 36.73291], [23.07586, 36.73385], [23.05201, 36.74714], [23.03094, 36.72557], [23.02564, 36.71564], [23.03906, 36.7062], [23.03224, 36.69257], [23.05939, 36.69256], [23.03443, 36.67487], [23.03566, 36.64908], [23.08058, 36.57929], [23.1346, 36.55536], [23.14536, 36.54194], [23.15501, 36.54108], [23.14145, 36.53425], [23.14819, 36.51716], [23.13461, 36.50755], [23.15187, 36.48729], [23.20361, 36.45612], [23.19605, 36.43254], [23.16188, 36.44619], [23.15186, 36.43562], [23.13933, 36.43408], [23.09475, 36.44319], [23.07838, 36.46528], [23.06627, 36.47346], [23.07211, 36.49311], [23.06512, 36.5091], [23.05104, 36.52245], [23.03566, 36.52802], [22.97242, 36.52021], [22.92921, 36.59634], [22.87471, 36.63052], [22.88893, 36.64248], [22.88429, 36.65424], [22.83717, 36.68651], [22.81935, 36.66525], [22.81496, 36.67056], [22.81715, 36.71796], [22.80079, 36.77578], [22.78688, 36.79344], [22.76515, 36.80419], [22.68556, 36.80948], [22.62257, 36.80345], [22.5774, 36.78303], [22.5791, 36.74039], [22.54615, 36.72142], [22.53346, 36.70722], [22.52508, 36.68513], [22.54029, 36.6852], [22.5498, 36.67828], [22.55249, 36.65096], [22.54568, 36.65096], [22.53386, 36.67056], [22.52508, 36.67145], [22.51678, 36.66616], [22.51002, 36.64802], [22.531, 36.6328], [22.52604, 36.61238], [22.51271, 36.60279], [22.50465, 36.62425], [22.49, 36.61701], [22.48406, 36.60663], [22.48658, 36.52509], [22.51147, 36.46662], [22.50734, 36.46109], [22.51147, 36.45234], [22.4983, 36.44526], [22.49391, 36.43476], [22.50464, 36.40454], [22.49545, 36.40534], [22.49097, 36.39096], [22.47976, 36.40205], [22.4699, 36.45234], [22.45533, 36.46223], [22.42043, 36.47355], [22.40838, 36.48713], [22.40162, 36.48713], [22.39136, 36.47851], [22.38136, 36.48046], [22.35452, 36.51191], [22.36745, 36.54791], [22.38356, 36.54418], [22.38819, 36.55606], [22.38404, 36.5725], [22.37373, 36.58271], [22.38795, 36.60252], [22.36746, 36.60254], [22.37136, 36.64272], [22.38795, 36.64411], [22.38795, 36.65095], [22.36843, 36.65649], [22.37063, 36.67357], [22.38795, 36.7062], [22.35842, 36.70228], [22.33938, 36.72647], [22.32374, 36.75788], [22.30544, 36.7751], [22.30698, 36.79458], [22.29168, 36.82014], [22.22153, 36.89753], [22.20021, 36.9064], [22.17506, 36.89119], [22.13788, 36.91715], [22.13349, 36.93211], [22.14064, 36.93716], [22.14772, 36.95604], [22.15317, 37.02119], [22.08562, 37.03339], [22.04811, 37.03514], [22.03004, 37.03095], [21.99219, 37.01212], [21.9546, 37.00365], [21.94313, 36.99331], [21.93735, 36.97997], [21.92172, 36.86323], [21.93489, 36.83422], [21.92856, 36.82225], [21.95623, 36.80345], [21.97021, 36.80173], [21.97021, 36.795], [21.94508, 36.78994], [21.93881, 36.78319], [21.94222, 36.77509], [21.93587, 36.76603], [21.88257, 36.72656], [21.87404, 36.72672], [21.82277, 36.80858], [21.78972, 36.80476], [21.76417, 36.795], [21.75229, 36.805], [21.72879, 36.81264], [21.7225, 36.82225], [21.70738, 36.81803], [21.6885, 36.84956], [21.69239, 36.85904], [21.6885, 36.89118], [21.70948, 36.92593], [21.70997, 36.94269], [21.70265, 36.95726], [21.68816, 36.96454], [21.66804, 36.95944], [21.67742, 36.96328], [21.68165, 36.97309], [21.66773, 36.97093], [21.6618, 36.95944], [21.6548, 36.9947], [21.5993, 37.04573], [21.57876, 37.07652], [21.56966, 37.11651], [21.56757, 37.15632], [21.57453, 37.19258], [21.59215, 37.22015], [21.65496, 37.26073], [21.6823, 37.28392], [21.69581, 37.31635], [21.69142, 37.35663], [21.67481, 37.39598], [21.65194, 37.43102], [21.72316, 37.45253], [21.76697, 37.46041], [21.9738, 37.46829], [21.98592, 37.48843], [22.00699, 37.50924], [22.05059, 37.53576], [22.08553, 37.56831], [22.13904, 37.71936], [22.16197, 37.82335], [22.15476, 37.83047], [22.06751, 37.84819], [21.94917, 37.89169], [21.84981, 37.83863], [21.85199, 37.83017], [21.89984, 37.79178], [21.94932, 37.74139], [21.89489, 37.76512], [21.75388, 37.85768], [21.72753, 37.85076], [21.64421, 37.84173], [21.57227, 37.84297], [21.48134, 37.85388], [21.35774, 37.8899], [21.28207, 37.9249], [21.2255, 37.95823], [21.27752, 38.00095], [21.29151, 37.99722], [21.32594, 38.02143], [21.32594, 38.02888], [21.31853, 38.0351], [21.28442, 38.01535], [21.36704, 38.12108], [21.37371, 38.14448], [21.37429, 38.22062], [21.40854, 38.18594], [21.40092, 38.21473], [21.42067, 38.20234], [21.47396, 38.19602], [21.52394, 38.166], [21.60304, 38.1518], [21.62233, 38.15477], [21.67482, 38.17967], [21.70134, 38.20527], [21.74137, 38.26943], [21.76442, 38.29593], [21.84946, 38.34128], [21.91554, 38.33051], [21.93702, 38.33063], [21.9559, 38.33672], [21.97804, 38.32355], [22.02035, 38.31321], [22.03785, 38.28213], [22.04884, 38.27481], [22.08937, 38.26166], [22.11361, 38.2678], [22.14331, 38.24908], [22.16139, 38.2132], [22.20606, 38.20017], [22.21852, 38.18818], [22.25792, 38.18587], [22.31284, 38.17227], [22.33123, 38.17889], [22.36345, 38.15827], [22.41481, 38.13789], [22.43279, 38.14325], [22.51148, 38.12929], [22.62062, 38.08348], [22.68042, 38.06659], [22.77811, 38.00112], [22.7964, 37.97679], [22.82129, 37.96917], [22.8672, 37.93952], [22.88266, 37.93757], [22.92238, 37.94635], [22.9463, 37.94623], [22.97535, 37.97899], [22.95094, 38.00243], [22.92384, 38.01179], [22.89918, 38.02778], [22.88088, 38.02889], [22.88746, 38.03364], [22.85405, 38.03511], [22.87521, 38.04911], [22.91163, 38.06013], [22.94289, 38.08347], [22.96973, 38.08196], [23.01905, 38.06525], [23.03907, 38.06988], [23.06861, 38.05891], [23.10092, 38.0624], [23.17286, 38.0795], [23.18972, 38.09438], [23.21664, 38.10334], [23.2103, 38.11538], [23.19418, 38.12694], [23.17556, 38.1313], [23.17556, 38.14496], [23.2234, 38.1518], [23.2234, 38.15925], [23.12845, 38.17227], [23.14894, 38.18594], [23.12273, 38.20807], [23.10963, 38.21011], [23.07748, 38.18579], [23.06638, 38.1832], [23.03225, 38.18595], [23.03225, 38.19277], [23.05201, 38.19278], [23.02508, 38.21662], [22.95192, 38.22529], [22.93377, 38.22207], [22.92237, 38.20702], [22.95053, 38.20978], [22.96305, 38.20404], [22.96947, 38.19279], [22.92254, 38.19746], [22.90871, 38.19279], [22.89503, 38.24116], [22.88819, 38.24116], [22.88088, 38.22697], [22.87468, 38.24116], [22.82, 38.23298], [22.80568, 38.22697], [22.76484, 38.248], [22.79884, 38.28213], [22.74237, 38.29707], [22.71941, 38.31029], [22.69647, 38.31689], [22.67532, 38.34357], [22.68442, 38.36107], [22.67018, 38.38154], [22.6465, 38.38996], [22.6268, 38.37153], [22.64485, 38.36961], [22.64616, 38.36181], [22.63673, 38.35628], [22.61232, 38.36384], [22.58717, 38.33674], [22.58717, 38.33051], [22.60644, 38.32306], [22.60644, 38.31689], [22.59815, 38.31074], [22.60026, 38.30264], [22.58835, 38.29297], [22.57643, 38.2902], [22.56252, 38.29353], [22.54568, 38.30264], [22.52623, 38.33173], [22.53883, 38.33674], [22.52516, 38.35883], [22.47731, 38.40567], [22.46843, 38.42113], [22.40162, 38.45344], [22.40836, 38.4156], [22.37371, 38.39204], [22.386, 38.38019], [22.39478, 38.38515], [22.3986, 38.37592], [22.39609, 38.3682], [22.38111, 38.35786], [22.38794, 38.35102], [22.38233, 38.34269], [22.36753, 38.34188], [22.32252, 38.35102], [22.28493, 38.34733], [22.26645, 38.35855], [22.22486, 38.36005], [22.20932, 38.35293], [22.19597, 38.33954], [22.18921, 38.32308], [22.16879, 38.35102], [22.14578, 38.354], [22.14772, 38.36408], [22.13258, 38.37275], [22.04908, 38.3985], [22.02955, 38.39924], [22.01124, 38.39205], [21.98764, 38.41059], [21.95786, 38.41169], [21.92897, 38.4029], [21.87924, 38.37801], [21.86385, 38.37778], [21.8405, 38.39887], [21.83123, 38.39667], [21.78224, 38.36367], [21.77459, 38.35261], [21.77164, 38.33365], [21.76254, 38.32837], [21.71632, 38.35786], [21.65797, 38.35786], [21.61354, 38.34497], [21.59962, 38.35102], [21.53541, 38.31395], [21.52393, 38.29581], [21.51776, 38.29581], [21.50847, 38.30223], [21.47609, 38.30607], [21.46925, 38.31293], [21.42843, 38.33051], [21.44532, 38.33404], [21.48976, 38.30948], [21.48268, 38.32461], [21.48976, 38.33674], [21.47609, 38.34379], [21.47608, 38.35102], [21.48976, 38.35786], [21.46999, 38.35786], [21.47608, 38.37153], [21.45856, 38.36637], [21.44264, 38.37153], [21.42215, 38.3641], [21.42848, 38.38373], [21.41627, 38.39411], [21.37746, 38.39888], [21.3699, 38.40819], [21.36012, 38.46772], [21.32579, 38.49455], [21.3086, 38.49437], [21.35328, 38.43293], [21.33904, 38.43293], [21.34645, 38.42609], [21.33659, 38.3957], [21.29119, 38.37767], [21.29866, 38.37153], [21.29119, 38.36409], [21.27768, 38.37092], [21.26954, 38.36787], [21.26637, 38.3614], [21.27221, 38.35444], [21.23926, 38.33113], [21.21263, 38.33052], [21.18963, 38.34138], [21.18133, 38.33051], [21.19993, 38.32307], [21.17506, 38.3133], [21.17448, 38.30265], [21.15562, 38.30391], [21.14039, 38.33674], [21.08525, 38.34358], [21.10572, 38.35297], [21.10939, 38.36042], [21.10621, 38.37153], [21.09256, 38.3641], [21.1062, 38.38513], [21.10328, 38.37816], [21.11354, 38.37393], [21.12501, 38.37995], [21.14005, 38.39845], [21.12241, 38.41035], [21.1062, 38.39888], [21.09497, 38.4029], [21.08677, 38.41048], [21.08181, 38.42072], [21.07896, 38.43293], [21.08522, 38.44035], [21.10678, 38.42544], [21.11622, 38.42805], [21.11988, 38.44038], [21.10621, 38.43293], [21.11085, 38.44611], [21.10142, 38.46475], [21.10621, 38.48139], [21.07897, 38.48754], [21.09938, 38.49437], [21.08523, 38.50186], [21.09474, 38.51789], [21.09596, 38.53193], [21.08668, 38.53644], [21.04692, 38.51126], [21.03582, 38.50692], [21.03054, 38.51142], [21.01687, 38.54589], [21.02467, 38.60847], [21.00369, 38.62646], [20.98813, 38.66401], [20.97902, 38.67255], [20.94012, 38.67293], [20.91441, 38.68623], [20.88315, 38.77936], [20.87338, 38.79532], [20.85987, 38.80353], [20.84522, 38.79963], [20.81137, 38.76254], [20.80405, 38.77338], [20.77329, 38.76095], [20.76368, 38.78172], [20.72934, 38.80353], [20.74927, 38.85705], [20.76735, 38.86431], [20.8003, 38.86457], [20.80519, 38.86774], [20.7942, 38.87979], [20.76451, 38.8918], [20.75605, 38.90689], [20.75745, 38.93987], [20.76978, 38.95895], [20.78159, 38.935], [20.81707, 38.92137], [20.83595, 38.9289], [20.85988, 38.96051], [20.8667, 38.96051], [20.87106, 38.94745], [20.86671, 38.94009], [20.87224, 38.93281], [20.86671, 38.92642], [20.90382, 38.92805], [20.91578, 38.9361], [20.92068, 38.95432], [20.92749, 38.95432], [20.93718, 38.94404], [20.97535, 38.94684], [21.00945, 38.93423], [21.02734, 38.93259], [21.02556, 38.89802], [21.0608, 38.88222], [21.08522, 38.86433], [21.08889, 38.87848], [21.09938, 38.88544], [21.09166, 38.90452], [21.10231, 38.91082], [21.12111, 38.91011], [21.13701, 38.9025], [21.16082, 38.878], [21.17262, 38.87352], [21.17742, 38.87604], [21.18133, 38.88544], [21.16969, 38.89582], [21.16684, 38.91088], [21.15455, 38.9134], [21.14019, 38.94108], [21.14723, 38.95433], [21.14195, 38.96239], [21.14504, 38.97138], [21.15262, 38.9767], [21.16082, 38.97419], [21.15992, 38.99775], [21.13559, 39.02338], [21.08522, 39.06293], [21.07439, 39.05004], [21.07892, 39.0363], [21.06528, 39.04051], [21.05519, 39.0375], [21.03736, 39.02196], [21.05832, 39.00899], [21.0032, 39.01513], [21.00318, 39.02196], [20.9909, 39.02425], [20.96567, 39.03937], [20.95355, 39.03427], [20.9442, 39.03857], [20.93484, 39.05671], [20.9485, 39.06293], [20.9485, 39.06977], [20.92018, 39.06453], [20.90138, 39.07722], [20.89389, 39.07722], [20.88818, 39.06721], [20.87037, 39.05931], [20.86671, 39.05305], [20.87094, 39.04312], [20.88646, 39.03645], [20.84495, 39.03694], [20.85987, 39.04247], [20.85776, 39.05891], [20.85499, 39.0655], [20.84622, 39.06295], [20.8462, 39.07722], [20.83237, 39.07689], [20.82573, 39.06982], [20.83806, 39.09174], [20.83416, 39.10847], [20.82244, 39.11449], [20.81137, 39.10457], [20.80519, 39.1114], [20.79541, 39.09863], [20.77719, 39.09089], [20.77719, 39.08344], [20.79182, 39.08079], [20.78401, 39.04927], [20.76157, 39.03242], [20.7575, 39.02196], [20.74318, 39.02949], [20.74537, 39.01472], [20.7575, 39.01512], [20.80388, 38.9853], [20.82349, 38.97784], [20.83178, 38.96369], [20.82878, 38.96053], [20.82035, 38.96217], [20.80209, 38.97065], [20.76637, 38.97761], [20.7575, 38.97419], [20.74692, 38.95795], [20.73512, 38.95011], [20.70217, 38.99836], [20.71583, 39.01512], [20.70574, 39.04857], [20.68653, 39.07246], [20.64545, 39.09657], [20.69543, 39.18336], [20.75117, 39.24082], [20.81533, 39.28542], [20.84359, 39.31995], [20.90083, 39.37139], [20.96911, 39.4133], [21.02673, 39.43748], [21.06224, 39.42277], [21.13613, 39.42104], [21.18054, 39.41551], [21.26674, 39.39441], [21.30717, 39.37916], [21.38092, 39.34019], [21.46471, 39.27663], [21.508, 39.23713], [21.55806, 39.18089], [21.57971, 39.14854], [21.60971, 39.08001], [21.62209, 38.99108], [21.64134, 38.90993], [21.63867, 38.84108], [21.62206, 38.77379], [21.6744, 38.73592], [21.75108, 38.75229], [21.83607, 38.75913], [21.88437, 38.76734], [21.96957, 38.77175], [21.97694, 38.77574], [21.98208, 38.79351], [21.99179, 38.80076], [22.01694, 38.80135], [22.06306, 38.791], [22.0709, 38.79909], [22.06426, 38.85711], [22.06513, 38.91255], [21.99834, 38.97116], [21.97939, 38.98149], [21.96143, 38.98491], [21.93876, 38.97952], [21.91518, 38.96545], [21.82287, 38.88925], [21.80147, 38.88125], [21.78043, 38.8837], [21.75705, 38.9014], [21.72915, 38.94543], [21.67769, 39.10507], [21.54102, 39.29808], [21.46447, 39.38787], [21.44048, 39.39444], [21.37924, 39.38958], [21.35707, 39.39657], [21.3403, 39.42399], [21.33384, 39.47143], [21.33737, 39.50002], [21.346, 39.51524], [21.36369, 39.52084], [21.40946, 39.52331], [21.45385, 39.51793], [21.59064, 39.4898], [21.65243, 39.48739], [21.72774, 39.46982], [21.75937, 39.46986], [21.78301, 39.48015], [21.80706, 39.50909], [21.81579, 39.54259], [21.80727, 39.56511], [21.78454, 39.5808], [21.73222, 39.59217], [21.71115, 39.6012], [21.67562, 39.65287], [21.6587, 39.66351], [21.64079, 39.66532], [21.56375, 39.64508], [21.54149, 39.64442], [21.44182, 39.67989], [21.40334, 39.68904], [21.38819, 39.6866], [21.3819, 39.67677], [21.39963, 39.62278], [21.3988, 39.60596], [21.39209, 39.59394], [21.37842, 39.58592], [21.32979, 39.5812], [21.29628, 39.59434], [21.28534, 39.60627], [21.2748, 39.63679], [21.27844, 39.67293], [21.29886, 39.71633], [21.30294, 39.73637], [21.29657, 39.76865], [21.28438, 39.78995], [21.25756, 39.81515], [21.22255, 39.8338], [21.16838, 39.89479], [21.1353, 39.91795], [21.09889, 39.92337], [21.02842, 39.90096], [21.0101, 39.89909], [20.98991, 39.90303], [20.94977, 39.92972], [20.93574, 39.9472], [20.91351, 39.99032], [20.64938, 40.09705], [20.66823, 40.13807], [20.66037, 40.17889], [20.66502, 40.18437], [20.68528, 40.19119], [20.69644, 40.21507], [20.69458, 40.25558], [20.69913, 40.27837], [20.70698, 40.28808], [20.73665, 40.30364], [20.77044, 40.36255], [20.77385, 40.3749], [20.76899, 40.41257], [20.77065, 40.42198], [20.77954, 40.42901], [20.8092, 40.4366], [20.82667, 40.46482], [20.84, 40.47164], [20.86677, 40.47205], [20.91193, 40.45955], [20.93684, 40.47252], [20.95265, 40.49365], [20.95193, 40.50606], [20.95792, 40.51494], [20.98149, 40.52326], [20.98831, 40.5335], [21.01353, 40.5489], [21.0188, 40.55897], [21.02252, 40.58662], [21.03668, 40.63974], [21.03534, 40.65938], [21.02883, 40.67685], [21.01859, 40.6909], [20.99203, 40.7155], [20.96351, 40.73607], [20.95348, 40.75917], [20.7661, 40.89373], [20.78367, 40.89905], [20.81695, 40.92024], [20.83742, 40.92407], [20.89023, 40.91828], [20.93994, 40.90707], [21.05686, 41.12014], [21.14008, 41.39185], [21.28316, 41.42507], [21.39215, 41.53789], [21.3961, 41.67358], [21.30913, 41.73758], [21.35334, 41.85136], [21.8697, 41.90881], [22.0092, 41.84822], [22.01941, 41.84754], [22.26323, 41.93547], [22.29742, 41.97937], [22.51131, 42.14395], [22.53106, 42.12911], [22.61777, 42.0827], [22.67586, 42.06061], [22.70572, 42.05593], [22.71844, 42.04446], [22.72505, 42.04247], [22.78086, 42.04317], [22.79109, 42.02581], [22.79895, 42.02124], [22.82696, 42.02508], [22.8437, 42.01446], [23.13356, 42.1162], [23.24228, 42.16298], [23.35092, 42.1433], [23.35975, 42.15011], [23.42047, 42.35653], [23.61721, 42.37106], [23.88246, 42.34432], [23.90272, 42.35229], [24.26076, 42.30998], [24.33385, 42.29716], [24.43412, 42.28756], [24.51133, 42.29228], [24.66712, 42.32294], [24.95827, 42.36751], [25.02124, 42.37029], [25.08015, 42.36571], [25.13349, 42.35144], [25.17947, 42.32506], [25.20252, 42.304], [25.28658, 42.20091], [25.3342, 42.17076], [25.40608, 42.15171], [25.51158, 42.1399], [25.57865, 42.11943], [25.6104, 42.09941], [25.64435, 42.06807], [25.6977, 41.99373], [25.80342, 41.78988], [25.78574, 41.71347], [25.78305, 41.64623], [25.73822, 41.65818], [25.70171, 41.6534], [25.68652, 41.63804], [25.67338, 41.61148], [25.66649, 41.59355], [25.67361, 41.58202], [25.66378, 41.56369], [25.63226, 41.53818], [25.57446, 41.51623], [25.5172, 41.50881], [25.46789, 41.51083], [25.41689, 41.52178], [25.37097, 41.54468], [25.3516, 41.5619], [25.33325, 41.58859], [25.31651, 41.63082], [25.29892, 41.65451], [25.27413, 41.66663], [25.23804, 41.67277], [25.19302, 41.65165], [25.16945, 41.64575], [25.0892, 41.65481], [25.05274, 41.633], [25.02816, 41.60254], [24.88637, 41.40063], [24.91696, 41.38636], [25.08036, 41.33407], [25.10186, 41.33665], [25.11653, 41.32074], [25.15787, 41.30611], [25.1771, 41.29386], [25.21968, 41.24973], [25.23911, 41.2409], [25.26226, 41.2381], [25.28572, 41.2394], [25.38787, 41.26442], [25.49064, 41.04715], [25.50504, 41.03656], [25.56707, 40.9636], [25.58695, 40.9331], [25.61254, 40.87502], [25.6045, 40.87617], [25.56715, 40.86544], [25.53778, 40.87044], [25.48683, 40.89712], [25.41969, 40.90641], [25.38299, 40.91902], [25.34083, 40.94172], [25.29965, 40.95185], [25.26612, 40.92692], [25.2593, 40.92692], [25.2588, 40.93195], [25.18068, 40.94271], [25.13406, 40.96288], [25.14016, 40.98358], [25.15846, 40.99429], [25.16993, 40.9958], [25.13844, 41.01008], [25.0573, 41.00947], [25.03907, 41.00605], [25.03955, 40.98957], [25.01905, 40.97525], [24.99171, 40.96845], [24.99902, 40.94994], [24.98975, 40.94214], [24.95387, 40.94115], [24.8921, 40.92064], [24.86354, 40.90522], [24.83398, 40.87475], [24.80201, 40.85347], [24.7658, 40.86542], [24.72836, 40.85274], [24.70875, 40.85176], [24.69013, 40.85859], [24.69752, 40.86542], [24.66277, 40.87971], [24.63542, 40.8586], [24.62868, 40.8586], [24.59622, 40.90119], [24.60076, 40.9138], [24.57554, 40.92671], [24.56666, 40.95173], [24.50514, 40.96162], [24.47291, 40.95173], [24.46412, 40.94116], [24.44313, 40.94806], [24.41554, 40.94554], [24.39178, 40.93647], [24.37223, 40.91414], [24.31267, 40.87971], [24.33222, 40.86304], [24.33134, 40.85527], [24.30982, 40.85053], [24.30568, 40.84174], [24.31528, 40.83222], [24.34064, 40.83128], [24.11011, 40.72786], [24.07281, 40.72143], [24.03004, 40.72335], [23.98667, 40.7321], [23.87403, 40.77765], [23.84205, 40.78335], [23.80926, 40.78042], [23.75408, 40.76301], [23.7107, 40.73762], [23.69703, 40.72142], [23.69174, 40.69538], [23.70021, 40.67365], [23.71803, 40.65868], [23.75562, 40.64565], [23.78649, 40.60637], [23.79265, 40.58796], [23.83351, 40.56379], [23.84669, 40.56029], [23.88884, 40.56378], [23.89527, 40.55305], [23.91487, 40.53888], [23.91552, 40.52961], [23.90723, 40.52539], [23.83823, 40.51874], [23.82301, 40.50698], [23.81902, 40.48774], [23.82667, 40.46137], [23.86818, 40.41352], [23.91554, 40.38935], [23.96388, 40.37946], [24.00245, 40.38638], [24.01173, 40.39248], [24.01157, 40.40184], [23.99124, 40.43407], [23.99871, 40.44086], [23.99125, 40.44769], [24.0114, 40.44915], [24.0288, 40.43207], [24.05323, 40.39248], [24.08579, 40.36603], [24.1089, 40.35741], [24.12843, 40.36517], [24.17985, 40.3515], [24.20395, 40.31737], [24.23361, 40.31671], [24.26651, 40.2888], [24.32065, 40.22797], [24.37272, 40.18739], [24.22839, 40.19846], [24.16896, 40.2753], [24.12843, 40.29003], [24.04787, 40.30119], [24.01922, 40.3105], [23.99384, 40.32393], [23.95737, 40.35261], [23.92262, 40.36933], [23.88502, 40.36519], [23.83351, 40.37202], [23.78223, 40.3527], [23.75961, 40.3492], [23.73048, 40.35895], [23.69972, 40.32636], [23.69361, 40.30923], [23.69565, 40.29291], [23.71632, 40.25532], [23.75765, 40.23167], [23.76433, 40.2154], [23.77858, 40.2027], [23.86769, 40.17276], [23.88022, 40.17632], [23.89673, 40.17132], [23.94068, 40.14155], [23.98023, 40.13067], [23.99121, 40.11872], [23.98999, 40.11002], [23.97739, 40.10049], [23.97755, 40.09081], [24.00114, 40.07493], [24.00488, 40.06721], [24.00169, 40.05878], [23.98422, 40.05362], [23.98683, 40.04218], [23.99342, 40.03754], [24.01171, 40.04364], [24.01222, 40.02656], [24.0192, 40.0163], [23.99252, 39.99885], [23.98805, 39.98998], [23.9987, 39.98159], [23.9987, 39.97477], [23.97934, 39.97431], [23.9699, 39.96809], [23.97283, 39.96186], [23.9912, 39.96109], [23.99121, 39.95361], [23.93995, 39.95247], [23.9197, 39.95637], [23.92286, 39.97476], [23.90066, 39.97119], [23.89765, 39.97793], [23.90252, 39.98843], [23.86086, 40.00581], [23.85621, 40.01675], [23.8449, 40.02412], [23.83123, 40.02652], [23.82407, 40.02192], [23.82664, 40.00892], [23.78526, 40.06699], [23.79331, 40.09382], [23.77834, 40.10164], [23.7645, 40.12617], [23.67547, 40.21792], [23.64178, 40.23542], [23.5403, 40.24479], [23.48414, 40.2696], [23.43849, 40.2792], [23.39829, 40.27774], [23.365, 40.2617], [23.3401, 40.22797], [23.33766, 40.20844], [23.36362, 40.15046], [23.40083, 40.14383], [23.46925, 40.06708], [23.49887, 40.0423], [23.60271, 39.99848], [23.67025, 39.98606], [23.67596, 39.96109], [23.69728, 39.9405], [23.74787, 39.93048], [23.73998, 39.92318], [23.70314, 39.91268], [23.61647, 39.92333], [23.47096, 39.97163], [23.44654, 39.97476], [23.36063, 39.9611], [23.3816, 40.00267], [23.36069, 40.03263], [23.35271, 40.05707], [23.31659, 40.08886], [23.30593, 40.10448], [23.31959, 40.13679], [23.32456, 40.17495], [23.31861, 40.21052], [23.29908, 40.23542], [23.25864, 40.25312], [23.19956, 40.26627], [23.16619, 40.27985], [23.14894, 40.27645], [23.09693, 40.3061], [23.02916, 40.32576], [23.01092, 40.35122], [22.96388, 40.37946], [22.9275, 40.3885], [22.88822, 40.38631], [22.89772, 40.40204], [22.88966, 40.41836], [22.86022, 40.4477], [22.86744, 40.44945], [22.8672, 40.45392], [22.83092, 40.48579], [22.82164, 40.50214], [22.84352, 40.50917], [22.94158, 40.51716], [22.98316, 40.55268], [22.9769, 40.57062], [22.94176, 40.58735], [22.94956, 40.60541], [22.93377, 40.63093], [22.91049, 40.6446], [22.88307, 40.64728], [22.85401, 40.63947], [22.86108, 40.62055], [22.85058, 40.59342], [22.81592, 40.57063], [22.79567, 40.5708], [22.77833, 40.57807], [22.75856, 40.56778], [22.74594, 40.55524], [22.74252, 40.54035], [22.75032, 40.52278], [22.73666, 40.52961], [22.73665, 40.51534], [22.73048, 40.51534], [22.73048, 40.52277], [22.72315, 40.52277], [22.719, 40.51098], [22.71095, 40.51163], [22.68898, 40.52278], [22.68849, 40.52749], [22.67351, 40.52684], [22.65772, 40.51667], [22.65626, 40.50454], [22.67527, 40.49617], [22.65968, 40.49291], [22.65072, 40.47282], [22.6268, 40.48188], [22.60288, 40.48127], [22.57911, 40.46821], [22.60376, 40.44399], [22.60872, 40.42817], [22.60646, 40.41356], [22.63998, 40.38369], [22.65836, 40.37945], [22.66113, 40.36905], [22.62062, 40.31049], [22.59034, 40.24165], [22.59082, 40.23017], [22.5525, 40.16657], [22.54965, 40.14387], [22.56771, 40.1105], [22.57287, 40.08794], [22.5713, 40.05427], [22.58765, 40.0449], [22.60027, 40.0163], [22.66717, 39.97435], [22.69092, 39.96816], [22.69858, 39.96088], [22.70785, 39.96136], [22.71013, 39.93378], [22.73048, 39.8854], [22.77866, 39.84984], [22.80132, 39.84016], [22.84051, 39.8032], [22.85874, 39.77298], [22.87176, 39.71581], [22.90194, 39.65864], [22.92514, 39.59951], [22.93946, 39.58063], [23.00489, 39.5434], [23.05591, 39.52724], [23.09763, 39.50157], [23.11411, 39.46699], [23.12566, 39.45441], [23.21094, 39.37933], [23.22381, 39.35859], [23.27132, 39.32294], [23.29225, 39.26899], [23.34228, 39.19261], [23.34375, 39.17964], [23.30127, 39.15136], [23.20973, 39.13182], [23.23021, 39.12442], [23.23022, 39.11816], [23.20362, 39.10457], [23.1692, 39.10659], [23.14625, 39.10175], [23.11549, 39.0883], [23.05203, 39.09773], [23.07309, 39.12442], [23.06773, 39.138], [23.08107, 39.14719], [23.11409, 39.15911], [23.1006, 39.10456], [23.17172, 39.13496], [23.18238, 39.14614], [23.17557, 39.15546], [23.18133, 39.15867], [23.19093, 39.1581], [23.19923, 39.15143], [23.21713, 39.17963], [23.17556, 39.23428], [23.17986, 39.2508], [23.16912, 39.26854], [23.13461, 39.29694], [23.09816, 39.3122], [23.02053, 39.31754], [23.01856, 39.33047], [22.99806, 39.35712], [22.93588, 39.36058], [22.94287, 39.34415], [22.93279, 39.33601], [22.92905, 39.32421], [22.93214, 39.3122], [22.94286, 39.30317], [22.84254, 39.28848], [22.82618, 39.27216], [22.82618, 39.22126], [22.85401, 39.15913], [22.8602, 39.15913], [22.88087, 39.17963], [22.87698, 39.19037], [22.89013, 39.18426], [22.89503, 39.1728], [22.90186, 39.17962], [22.92058, 39.12515], [22.93605, 39.1114], [22.93588, 39.11612], [22.94288, 39.11815], [22.93605, 39.13181], [22.9611, 39.11904], [22.98243, 39.08442], [22.99804, 39.06977], [22.99195, 39.05732], [22.99804, 39.04927], [22.96648, 39.03465], [22.95883, 39.02513], [22.96388, 39.00898], [23.01532, 39.03318], [23.04219, 39.04003], [23.07308, 39.04246], [23.07308, 39.03629], [23.02328, 39.00845], [23.00716, 38.97395], [22.98454, 38.95434], [22.95639, 38.95433], [22.93605, 38.94685], [22.94286, 38.93261], [22.92856, 38.93159], [22.89873, 38.91969], [22.85987, 38.92853], [22.84653, 38.92642], [22.83667, 38.89648], [22.82959, 38.89168], [22.8047, 38.89102], [22.79199, 38.87801], [22.73268, 38.87239], [22.71827, 38.8898], [22.68897, 38.87801], [22.62159, 38.9145], [22.58082, 38.89363], [22.55209, 38.88923], [22.53882, 38.87801], [22.52508, 38.88544], [22.52508, 38.85814], [22.57291, 38.86431], [22.57291, 38.85815], [22.55388, 38.84809], [22.56332, 38.83625], [22.58277, 38.83198], [22.59344, 38.84446], [22.60025, 38.84446], [22.59343, 38.83023], [22.63266, 38.83514], [22.64112, 38.83023], [22.69028, 38.84999], [22.70264, 38.85064], [22.74806, 38.79922], [22.77833, 38.78172], [22.81593, 38.78924], [22.82927, 38.78607], [22.8597, 38.76717], [22.8672, 38.75507], [22.88782, 38.77125], [22.91488, 38.77557], [22.94532, 38.75812], [23.01628, 38.75445], [23.04199, 38.74672], [23.0594, 38.72772], [23.0905, 38.64912], [23.1045, 38.63841], [23.12355, 38.63691], [23.15643, 38.65346], [23.18246, 38.65375], [23.19606, 38.66633], [23.16817, 38.67939], [23.18678, 38.68597], [23.20492, 38.68267], [23.25375, 38.66181], [23.30591, 38.65264], [23.33121, 38.63027], [23.33331, 38.60446], [23.2933, 38.57909], [23.28541, 38.55646], [23.29542, 38.5681], [23.30738, 38.56854], [23.34059, 38.54556], [23.38159, 38.53534], [23.38133, 38.52847], [23.3401, 38.52237], [23.32928, 38.50837], [23.33497, 38.50361], [23.41847, 38.50433], [23.51938, 38.49067], [23.54298, 38.51169], [23.56699, 38.50123], [23.60133, 38.47394], [23.5735, 38.46088], [23.5735, 38.45344], [23.5962, 38.44676], [23.60009, 38.44062], [23.59401, 38.42609], [23.62501, 38.41401], [23.67286, 38.35643], [23.70997, 38.33674], [23.78199, 38.34356], [23.80502, 38.33251], [23.91245, 38.29825], [23.95101, 38.29091], [23.99122, 38.25422], [24.03858, 38.22394], [24.05063, 38.21068], [24.06901, 38.20473], [24.07308, 38.19648], [24.06951, 38.17353], [24.08055, 38.16601], [24.07, 38.16279], [24.06414, 38.1551], [24.05941, 38.13133], [24.05323, 38.14525], [24.03777, 38.14374], [23.98902, 38.12263], [23.99, 38.10212], [24.00913, 38.0406], [24.03271, 38.00776], [24.01173, 37.96686], [24.01587, 37.93745], [24.01173, 37.92524], [24.03443, 37.92291], [24.04329, 37.91644], [24.04638, 37.90599], [24.04224, 37.90071], [24.01173, 37.89175], [24.02784, 37.88032], [24.05322, 37.87807], [24.0464, 37.87059], [24.06689, 37.8644], [24.05934, 37.84854], [24.06689, 37.83711], [24.05763, 37.83218], [24.05323, 37.82282], [24.07717, 37.8109], [24.08464, 37.80174], [24.0874, 37.78522], [24.08612, 37.76356], [24.08187, 37.75251], [24.05942, 37.73347], [24.07308, 37.72723], [24.07308, 37.7198], [24.05942, 37.71979], [24.05942, 37.71357], [24.06577, 37.7128], [24.06689, 37.69933], [24.06398, 37.70502], [24.05942, 37.69929], [24.0721, 37.68952], [24.06387, 37.67864], [24.03272, 37.65153], [23.99286, 37.66662], [23.94973, 37.67744], [23.94306, 37.68993], [23.94337, 37.72724], [23.92271, 37.72119], [23.90252, 37.78189], [23.88885, 37.77442], [23.8816, 37.79108], [23.86557, 37.80768], [23.8475, 37.8181], [23.83351, 37.816], [23.81918, 37.82966], [23.813, 37.82966], [23.80729, 37.80859], [23.78663, 37.81216], [23.77899, 37.80234], [23.77662, 37.81428], [23.76452, 37.816], [23.77084, 37.82831], [23.76645, 37.83893], [23.74482, 37.85762], [23.7422, 37.87665], [23.70054, 37.9252], [23.69703, 37.93952], [23.68019, 37.94587], [23.62812, 37.9327], [23.62812, 37.93953], [23.6408, 37.94579], [23.64178, 37.95254], [23.62664, 37.9475], [23.61036, 37.96214], [23.5608, 37.9728], [23.55299, 37.98046], [23.58888, 38.00633], [23.59791, 38.02114], [23.59059, 38.0388], [23.58131, 38.04629], [23.52182, 38.04255], [23.49464, 38.02889], [23.44996, 38.02143], [23.41188, 37.99437], [23.39527, 37.98794], [23.42945, 37.98046], [23.40894, 37.97432], [23.30699, 37.97894], [23.22682, 37.97362], [23.18922, 37.95881], [23.14234, 37.93009], [23.09409, 37.91105], [23.05201, 37.92524], [23.04273, 37.92195], [23.01515, 37.92524], [23.01025, 37.89697], [22.99513, 37.88215], [22.99952, 37.8627], [23.01254, 37.84756], [23.03224, 37.85076], [23.04965, 37.84357], [23.0735, 37.84113], [23.09718, 37.84357], [23.1141, 37.85076], [23.14625, 37.82583], [23.18237, 37.80914], [23.17644, 37.78998], [23.18237, 37.77441], [23.12818, 37.76048], [23.12094, 37.74091], [23.14584, 37.72582], [23.17553, 37.71978], [23.16383, 37.68159], [23.17553, 37.64469], [23.16188, 37.64468], [23.16863, 37.61416], [23.19011, 37.60732], [23.23024, 37.58259], [23.23764, 37.59002], [23.27467, 37.56123], [23.29224, 37.55588], [23.32301, 37.53742], [23.33668, 37.53547], [23.36036, 37.54768], [23.35914, 37.57429], [23.34059, 37.60029], [23.3122, 37.61055], [23.3122, 37.61737], [23.34783, 37.63441], [23.39869, 37.63787], [23.40902, 37.62592], [23.40429, 37.59927], [23.39078, 37.57136], [23.37428, 37.55589]], [[23.41545, 40.76304], [23.49824, 40.77086], [23.50204, 40.77714], [23.49408, 40.845], [23.49644, 40.88339], [23.50909, 40.96173], [23.52065, 40.99643], [23.5563, 41.06119], [23.58994, 41.10119], [23.64647, 41.11843], [23.65322, 41.12593], [23.64882, 41.13356], [23.62907, 41.14344], [23.61244, 41.37102], [23.57895, 41.372], [23.51301, 41.39773], [23.41452, 41.3999], [23.3955, 41.39525], [23.34724, 41.37122], [23.32605, 41.36931], [23.3062, 41.38838], [23.2877, 41.3982], [23.26993, 41.39727], [23.22425, 41.37903], [23.20978, 41.36859], [23.20482, 41.3427], [23.19954, 41.33298], [23.1797, 41.32135], [23.15717, 41.31634], [23.20886, 41.08615], [23.18253, 41.00881], [23.17442, 40.9548], [23.18207, 40.9099], [23.21815, 40.80232], [23.2382, 40.75925], [23.26306, 40.73651], [23.27915, 40.73044], [23.34977, 40.75219], [23.41545, 40.76304]]], [[[23.88739, 40.32666], [23.88374, 40.33108], [23.89324, 40.33829], [23.91179, 40.34108], [23.92001, 40.3229], [23.94181, 40.31407], [23.9414, 40.31009], [23.88739, 40.32666]]], [[[24.1612, 42.42198], [23.9448, 42.37684], [24.0511, 42.43853], [24.1612, 42.42198]]], [[[24.08058, 34.86895], [24.12842, 34.86273], [24.12143, 34.83613], [24.12574, 34.82689], [24.13525, 34.82176], [24.13525, 34.81502], [24.10858, 34.81657], [24.04641, 34.84907], [24.04641, 34.85528], [24.0669, 34.85847], [24.08058, 34.86895]]], [[[23.58123, 35.55268], [23.58448, 35.56452], [23.58035, 35.57591], [23.60474, 35.61258], [23.60816, 35.5517], [23.61988, 35.52408], [23.63948, 35.51898], [23.64178, 35.50702], [23.65943, 35.50121], [23.70297, 35.50288], [23.71843, 35.51284], [23.72787, 35.52985], [23.73048, 35.55418], [23.71279, 35.60678], [23.72364, 35.61689], [23.7112, 35.64887], [23.71599, 35.66172], [23.74181, 35.68695], [23.75001, 35.68658], [23.77897, 35.67153], [23.77897, 35.66405], [23.76783, 35.65388], [23.77897, 35.60944], [23.77898, 35.57591], [23.79949, 35.54462], [23.81715, 35.53482], [23.90138, 35.52716], [23.92905, 35.5207], [23.94419, 35.52496], [24.0254, 35.5207], [24.04469, 35.52765], [24.05764, 35.55292], [24.09409, 35.55419], [24.08181, 35.58991], [24.11525, 35.60129], [24.16041, 35.59706], [24.18294, 35.58559], [24.20329, 35.54181], [24.18294, 35.51326], [24.14259, 35.50703], [24.08123, 35.51496], [24.0669, 35.50702], [24.07195, 35.49836], [24.1867, 35.45181], [24.2225, 35.46117], [24.25244, 35.47905], [24.26403, 35.43286], [24.26547, 35.36986], [24.3401, 35.34833], [24.42807, 35.36968], [24.46412, 35.36245], [24.48537, 35.37213], [24.5936, 35.39118], [24.67657, 35.42339], [24.72069, 35.42723], [24.82015, 35.41302], [24.84083, 35.404], [24.89552, 35.42449], [24.95753, 35.404], [24.96957, 35.41576], [24.97146, 35.42445], [25.01872, 35.41502], [25.02963, 35.40327], [25.05322, 35.40399], [25.04705, 35.38044], [25.05535, 35.35521], [25.077, 35.34447], [25.10678, 35.34248], [25.19685, 35.34936], [25.22137, 35.33568], [25.30698, 35.34316], [25.34636, 35.33609], [25.36166, 35.34315], [25.3685, 35.33568], [25.37599, 35.34315], [25.4253, 35.29955], [25.45362, 35.29413], [25.48194, 35.29743], [25.65964, 35.3493], [25.70777, 35.33568], [25.76635, 35.33567], [25.74788, 35.31076], [25.72478, 35.29413], [25.73219, 35.28791], [25.72609, 35.27875], [25.72926, 35.26455], [25.73902, 35.26], [25.7378, 35.27741], [25.74284, 35.28533], [25.75072, 35.28417], [25.75895, 35.27432], [25.75367, 35.26748], [25.75895, 35.25999], [25.75326, 35.25261], [25.74464, 35.25715], [25.73219, 35.24632], [25.7351, 35.2375], [25.71949, 35.21137], [25.72477, 35.19111], [25.71274, 35.18285], [25.72853, 35.13337], [25.75318, 35.13311], [25.79526, 35.11514], [25.81764, 35.11595], [25.83033, 35.12238], [25.84768, 35.15057], [25.88307, 35.16445], [25.89667, 35.18487], [25.97853, 35.19546], [26.03322, 35.2258], [26.05502, 35.22712], [26.06056, 35.23329], [26.06739, 35.23329], [26.08139, 35.22358], [26.11962, 35.21531], [26.10825, 35.20539], [26.12973, 35.19587], [26.15512, 35.19794], [26.17945, 35.20718], [26.19777, 35.21906], [26.19094, 35.22581], [26.25933, 35.28434], [26.29396, 35.28791], [26.28649, 35.30096], [26.30079, 35.30097], [26.29398, 35.31524], [26.32112, 35.31524], [26.31234, 35.29695], [26.26596, 35.26], [26.28386, 35.20824], [26.29949, 35.18553], [26.32111, 35.19792], [26.285, 35.1507], [26.29394, 35.13646], [26.28695, 35.11843], [26.25099, 35.06306], [26.24096, 35.03906], [26.13331, 34.9994], [26.10524, 34.99934], [26.08172, 35.01976], [26.02028, 35.02095], [25.98487, 35.03913], [25.9603, 35.02897], [25.92408, 35.03408], [25.88152, 35.02709], [25.80811, 35.00577], [25.60125, 35.01358], [25.50619, 34.98457], [25.41521, 34.99372], [25.34767, 34.99152], [25.30397, 34.98477], [25.27952, 34.97251], [25.22315, 34.95418], [25.20769, 34.95149], [25.15089, 34.95572], [25.12892, 34.95148], [25.10776, 34.9379], [25.0774, 34.94473], [25.04493, 34.94074], [25.01905, 34.93164], [24.98374, 34.93871], [24.73855, 34.93164], [24.73855, 34.93789], [24.75172, 34.94648], [24.75522, 34.95791], [24.75214, 34.99592], [24.75896, 35.04149], [24.74285, 35.07722], [24.71811, 35.09398], [24.61899, 35.09741], [24.59474, 35.10152], [24.58025, 35.1092], [24.56463, 35.10616], [24.5324, 35.13646], [24.50074, 35.15241], [24.48121, 35.15591], [24.46412, 35.15014], [24.40383, 35.17504], [24.40211, 35.19111], [24.2929, 35.18232], [24.21779, 35.19112], [24.20395, 35.20539], [24.1827, 35.19794], [24.11134, 35.19796], [24.08465, 35.20453], [24.08057, 35.19454], [24.04982, 35.19112], [24.03143, 35.19771], [24.00327, 35.22671], [23.98764, 35.2333], [23.90162, 35.23122], [23.8602, 35.23632], [23.82667, 35.25259], [23.81226, 35.24479], [23.79949, 35.24632], [23.78207, 35.2347], [23.71168, 35.23672], [23.68336, 35.22583], [23.66912, 35.23729], [23.61027, 35.23498], [23.58718, 35.2395], [23.58033, 35.26], [23.553, 35.26684], [23.53102, 35.28848], [23.51826, 35.29414], [23.52564, 35.30097], [23.5193, 35.30174], [23.51824, 35.30754], [23.54615, 35.31525], [23.54819, 35.32148], [23.55299, 35.32148], [23.54185, 35.33637], [23.54615, 35.35619], [23.5386, 35.37409], [23.5735, 35.43476], [23.55984, 35.45182], [23.57846, 35.50056], [23.5661, 35.50703], [23.5726, 35.52045], [23.56611, 35.52749], [23.58123, 35.55268]]], [[[25.18647, 35.44779], [25.22258, 35.46372], [25.24609, 35.44973], [25.23667, 35.42745], [25.21583, 35.43692], [25.20867, 35.43347], [25.18687, 35.44128], [25.18647, 35.44779]]], [[[25.18578, 36.71913], [25.18343, 36.70621], [25.1721, 36.69657], [25.13602, 36.71641], [25.18578, 36.71913]]], [[[24.44909, 36.99459], [24.51881, 36.95386], [24.53505, 36.9491], [24.57326, 36.95282], [24.60212, 36.96896], [24.64093, 37.00364], [24.67207, 37.0254], [24.69035, 37.03333], [24.72972, 37.04297], [24.78672, 37.04248], [24.8181, 37.03109], [24.82761, 37.02202], [24.83176, 37.01156], [24.8309, 37.00016], [24.81553, 36.9765], [24.80163, 36.96533], [24.76692, 36.94784], [24.66197, 36.91231], [24.58433, 36.87218], [24.54332, 36.85488], [24.52247, 36.85097], [24.5013, 36.85182], [24.47972, 36.85871], [24.44732, 36.8764], [24.41363, 36.90314], [24.40074, 36.91955], [24.39294, 36.93763], [24.39212, 36.957], [24.40021, 36.97722], [24.41543, 36.99296], [24.43186, 36.99782], [24.44909, 36.99459]]], [[[25.02149, 36.88138], [25.02405, 36.90882], [25.03122, 36.92374], [25.0425, 36.93716], [25.06975, 36.95462], [25.04722, 36.9691], [25.03054, 36.98896], [25.0259, 37.00788], [25.03568, 37.02205], [25.07252, 37.04209], [25.0879, 37.04197], [25.05991, 36.97309], [25.07646, 36.95707], [25.0895, 36.95847], [25.10047, 36.95328], [25.10659, 36.94354], [25.10652, 36.91573], [25.0936, 36.88577], [25.07205, 36.8646], [25.05648, 36.85878], [25.04338, 36.85836], [25.033, 36.86253], [25.02562, 36.87047], [25.02149, 36.88138]]], [[[25.27978, 37.06927], [25.27978, 37.06249], [25.26612, 37.06249], [25.26612, 37.055], [25.27978, 37.055], [25.27978, 37.04882], [25.26881, 37.04613], [25.24453, 37.01439], [25.20443, 36.98897], [25.18849, 36.98531], [25.15285, 36.98677], [25.10338, 37.01289], [25.11298, 37.06273], [25.12514, 37.07435], [25.15626, 37.08979], [25.13577, 37.09382], [25.15009, 37.11053], [25.20956, 37.14391], [25.23875, 37.15182], [25.22397, 37.13434], [25.23194, 37.12751], [25.25929, 37.12397], [25.27296, 37.1376], [25.26614, 37.15183], [25.29329, 37.15183], [25.26295, 37.08983], [25.26287, 37.07559], [25.27978, 37.06927]]], [[[24.96995, 37.26498], [24.95346, 37.23112], [24.93949, 37.22448], [24.92171, 37.22836], [24.87933, 37.25745], [24.85463, 37.2664], [24.81407, 37.26075], [24.80518, 37.27052], [24.8089, 37.29141], [24.82933, 37.30964], [24.86044, 37.32362], [24.89613, 37.33185], [24.93051, 37.3325], [24.95792, 37.32332], [24.97286, 37.30171], [24.96995, 37.26498]]], [[[24.43621, 37.487], [24.44368, 37.487], [24.44364, 37.47254], [24.43051, 37.44603], [24.4694, 37.42747], [24.48252, 37.4126], [24.47778, 37.39083], [24.46339, 37.39448], [24.45046, 37.37726], [24.37102, 37.42285], [24.37505, 37.43864], [24.43621, 37.487]]], [[[24.88181, 37.36453], [24.88868, 37.39826], [24.86136, 37.39827], [24.86413, 37.40749], [24.88185, 37.4256], [24.86821, 37.43178], [24.88673, 37.43529], [24.89812, 37.44868], [24.90235, 37.48017], [24.89537, 37.51043], [24.92969, 37.50811], [24.95508, 37.47065], [24.95746, 37.4595], [24.94337, 37.43549], [24.95928, 37.4247], [24.96522, 37.40516], [24.88181, 37.36453]]], [[[24.90581, 37.55841], [24.89134, 37.50096], [24.8547, 37.47608], [24.79814, 37.43124], [24.78158, 37.42394], [24.77174, 37.42688], [24.76657, 37.43294], [24.76512, 37.44135], [24.78322, 37.51324], [24.78127, 37.52138], [24.75753, 37.54346], [24.74494, 37.56379], [24.73989, 37.58036], [24.74167, 37.59316], [24.74943, 37.60243], [24.77934, 37.61184], [24.84548, 37.61113], [24.88125, 37.60631], [24.89351, 37.60053], [24.90179, 37.59121], [24.90597, 37.57746], [24.90581, 37.55841]]], [[[24.32066, 37.67885], [24.33997, 37.68622], [24.36109, 37.67886], [24.36166, 37.68503], [24.37476, 37.68625], [24.4025, 37.65575], [24.39559, 37.62446], [24.31299, 37.53824], [24.29347, 37.52571], [24.27541, 37.53169], [24.2781, 37.62287], [24.28933, 37.64532], [24.30568, 37.66082], [24.32065, 37.65835], [24.32789, 37.66498], [24.33383, 37.67259], [24.32066, 37.67259], [24.32066, 37.67885]]], [[[24.71783, 37.59362], [24.67238, 37.6005], [24.65971, 37.60687], [24.69402, 37.61518], [24.71608, 37.63104], [24.73292, 37.63206], [24.74104, 37.62592], [24.74121, 37.5957], [24.71783, 37.59362]]], [[[24.09988, 37.65941], [24.12641, 37.74302], [24.14315, 37.7527], [24.15112, 37.73408], [24.1486, 37.72265], [24.1431, 37.71859], [24.10516, 37.64527], [24.09988, 37.65941]]], [[[25.1462, 37.7259], [25.14396, 37.74826], [25.1317, 37.80042], [25.13624, 37.82646], [25.14453, 37.84007], [25.15571, 37.84774], [25.18315, 37.85048], [25.24798, 37.84184], [25.25482, 37.83792], [25.26089, 37.82607], [25.26564, 37.80407], [25.2668, 37.75995], [25.26094, 37.721], [25.24645, 37.69262], [25.2378, 37.68447], [25.19266, 37.65958], [25.17022, 37.63924], [25.12663, 37.55569], [25.11558, 37.56013], [25.10328, 37.57844], [25.08059, 37.58687], [25.04705, 37.61738], [24.9979, 37.63789], [24.9844, 37.65803], [24.98488, 37.67885], [24.9979, 37.68186], [25.05352, 37.67876], [25.06738, 37.67259], [25.06738, 37.66519], [25.05991, 37.66519], [25.05991, 37.65835], [25.07747, 37.65492], [25.0879, 37.64468], [25.10377, 37.65374], [25.11845, 37.65214], [25.14365, 37.70803], [25.1462, 37.7259]]], [[[25.0204, 37.78273], [25.00929, 37.79266], [25.0063, 37.80945], [25.00952, 37.82823], [25.01694, 37.84412], [25.04441, 37.87392], [25.06406, 37.88009], [25.07591, 37.86904], [25.08007, 37.84729], [25.07662, 37.82138], [25.0656, 37.7977], [25.04692, 37.78261], [25.0204, 37.78273]]], [[[24.94337, 37.84333], [24.98485, 37.81598], [24.9712, 37.80915], [24.972, 37.79638], [24.95753, 37.7744], [24.96437, 37.76874], [24.98048, 37.77398], [24.99149, 37.76833], [24.99438, 37.7541], [24.98536, 37.73579], [24.95753, 37.70673], [24.9637, 37.68628], [24.95754, 37.68628], [24.91604, 37.7198], [24.8921, 37.76822], [24.86503, 37.77399], [24.84426, 37.79243], [24.82814, 37.81729], [24.81658, 37.82388], [24.79999, 37.816], [24.7942, 37.84382], [24.73854, 37.89175], [24.7317, 37.89175], [24.72461, 37.88191], [24.71616, 37.87911], [24.71218, 37.88435], [24.71803, 37.89859], [24.68387, 37.93268], [24.69565, 37.93553], [24.69019, 37.9565], [24.70192, 37.97263], [24.75701, 37.99656], [24.77906, 38.00022], [24.7937, 37.99408], [24.79469, 37.97712], [24.8208, 37.97035], [24.83007, 37.96307], [24.84083, 37.91901], [24.87501, 37.90599], [24.95386, 37.90598], [24.96354, 37.89696], [24.94337, 37.84333]]], [[[24.26498, 37.97847], [24.25416, 37.98163], [24.2396, 37.97774], [24.2287, 37.98282], [24.22789, 37.98835], [24.24286, 38.01296], [24.25408, 38.01995], [24.2634, 38.01863], [24.27544, 38.00934], [24.28296, 37.9984], [24.27783, 37.9851], [24.26498, 37.97847]]], [[[25.29613, 38.30444], [25.31298, 38.27669], [25.32322, 38.23532], [25.32763, 38.15051], [25.33456, 38.12011], [25.34895, 38.10184], [25.39004, 38.08123], [25.39697, 38.0746], [25.40054, 38.06576], [25.39983, 38.04543], [25.39213, 38.02839], [25.37917, 38.01467], [25.36277, 38.00427], [25.32663, 37.99365], [25.29818, 37.99702], [25.25492, 38.02629], [25.23704, 38.04923], [25.21754, 38.09984], [25.20668, 38.15553], [25.20125, 38.16158], [25.19172, 38.16416], [25.13768, 38.15627], [25.12556, 38.15775], [25.1177, 38.16264], [25.11395, 38.17053], [25.11822, 38.19385], [25.13714, 38.22484], [25.17621, 38.27068], [25.21253, 38.30141], [25.24516, 38.31716], [25.27329, 38.31805], [25.29613, 38.30444]]], [[[24.37174, 38.8337], [24.35775, 38.82752], [24.34264, 38.83406], [24.35588, 38.85052], [24.36972, 38.84308], [24.37174, 38.8337]]], [[[24.69506, 38.62846], [24.66979, 38.65882], [24.65089, 38.68954], [24.64723, 38.70805], [24.64977, 38.72271], [24.65773, 38.7345], [24.66887, 38.73853], [24.67002, 38.78148], [24.65747, 38.76924], [24.65024, 38.76823], [24.64226, 38.77558], [24.62525, 38.76924], [24.6136, 38.77328], [24.60076, 38.79267], [24.59474, 38.79157], [24.57, 38.77814], [24.56665, 38.76254], [24.53242, 38.79608], [24.57398, 38.80976], [24.56381, 38.83857], [24.55698, 38.84569], [24.54039, 38.83699], [24.53696, 38.84821], [24.52833, 38.85155], [24.50515, 38.84449], [24.50522, 38.85505], [24.48261, 38.86279], [24.47779, 38.878], [24.47097, 38.87117], [24.4546, 38.88483], [24.43622, 38.87802], [24.43493, 38.88836], [24.44563, 38.9033], [24.46217, 38.91096], [24.45729, 38.94036], [24.46112, 38.96767], [24.47121, 38.97686], [24.49146, 38.98101], [24.56043, 38.94431], [24.57397, 38.9326], [24.57252, 38.8985], [24.57862, 38.87556], [24.66325, 38.82664], [24.66804, 38.82031], [24.66706, 38.83099], [24.64252, 38.88855], [24.59466, 38.92613], [24.55779, 38.99035], [24.53411, 39.00686], [24.38333, 39.03666], [24.30363, 39.07338], [24.27582, 39.07319], [24.24589, 39.08239], [24.18638, 39.1131], [24.15976, 39.13108], [24.13476, 39.15424], [24.13355, 39.1638], [24.12537, 39.17444], [24.1208, 39.19003], [24.1139, 39.25159], [24.1048, 39.27431], [24.06141, 39.29856], [23.93202, 39.35887], [23.90031, 39.37014], [23.6907, 39.41899], [23.6639, 39.42254], [23.62669, 39.42148], [23.51348, 39.39411], [23.47083, 39.3903], [23.45273, 39.39414], [23.45992, 39.41898], [23.47214, 39.43547], [23.4884, 39.44567], [23.57221, 39.46339], [23.60339, 39.47857], [23.66251, 39.528], [23.69614, 39.56376], [23.72301, 39.59829], [23.74356, 39.59794], [23.76058, 39.59081], [23.77155, 39.57792], [23.77397, 39.56025], [23.80356, 39.56007], [23.83502, 39.56759], [23.86513, 39.58047], [23.936, 39.62725], [23.94715, 39.62379], [23.98362, 39.59357], [24.03612, 39.57632], [24.05404, 39.56291], [24.06614, 39.53993], [24.0839, 39.47631], [24.09133, 39.46602], [24.10211, 39.46002], [24.17346, 39.44196], [24.43271, 39.3962], [24.45894, 39.39381], [24.60142, 39.39384], [24.63506, 39.39028], [24.66322, 39.38288], [24.71343, 39.34744], [24.73165, 39.32516], [24.73534, 39.31323], [24.73421, 39.30115], [24.72738, 39.28926], [24.71396, 39.27781], [24.71486, 39.26118], [24.73841, 39.23024], [24.75835, 39.2143], [24.78116, 39.20238], [24.86778, 39.18002], [24.89204, 39.16296], [24.89847, 39.15032], [24.89877, 39.12631], [24.88412, 39.07285], [24.88243, 39.04451], [24.89552, 38.97006], [24.89433, 38.91131], [24.90066, 38.83547], [24.89935, 38.72222], [24.90762, 38.68395], [24.92409, 38.65563], [24.94601, 38.63335], [24.97729, 38.61488], [25.07376, 38.58138], [25.09604, 38.56105], [25.10109, 38.54576], [25.10113, 38.52582], [25.09544, 38.50046], [25.08331, 38.46896], [25.04436, 38.39579], [25.03097, 38.38136], [25.02344, 38.37993], [24.97889, 38.39211], [24.95872, 38.40595], [24.92042, 38.40424], [24.87944, 38.40972], [24.86434, 38.40179], [24.85019, 38.40135], [24.83558, 38.40665], [24.82438, 38.41674], [24.81203, 38.43811], [24.79537, 38.45395], [24.76382, 38.49604], [24.73366, 38.5479], [24.69506, 38.62846]]], [[[24.09899, 39.05542], [24.11036, 39.06961], [24.10289, 39.07681], [24.09898, 39.09243], [24.10891, 39.10202], [24.11743, 39.10304], [24.11378, 39.07738], [24.12353, 39.07204], [24.1241, 39.0629], [24.09899, 39.05542]]], [[[25.29969, 39.29585], [25.2761, 39.29329], [25.25205, 39.29674], [25.2044, 39.31646], [25.13498, 39.36271], [25.08945, 39.38459], [25.07809, 39.39534], [25.07495, 39.40401], [25.08255, 39.45421], [25.07485, 39.4756], [25.05017, 39.51278], [25.04583, 39.52446], [25.04637, 39.53592], [25.05361, 39.54725], [25.07396, 39.56093], [25.09655, 39.56942], [25.13435, 39.57755], [25.16441, 39.57878], [25.19128, 39.57379], [25.20614, 39.56625], [25.21742, 39.55498], [25.22533, 39.53577], [25.2325, 39.4873], [25.24101, 39.46993], [25.24952, 39.46109], [25.27494, 39.44569], [25.33134, 39.44072], [25.34411, 39.43562], [25.35535, 39.42554], [25.36448, 39.40878], [25.36882, 39.37784], [25.36607, 39.36296], [25.35315, 39.3358], [25.33351, 39.31394], [25.29969, 39.29585]]], [[[24.27094, 39.80062], [24.26425, 39.78231], [24.24823, 39.76465], [24.22847, 39.75095], [24.21034, 39.74784], [24.16116, 39.77199], [24.12395, 39.80017], [24.09208, 39.83659], [24.08503, 39.86056], [24.08972, 39.8665], [24.11817, 39.86514], [24.2145, 39.83991], [24.25209, 39.81839], [24.27094, 39.80062]]], [[[24.76151, 40.00352], [24.7215, 39.99639], [24.62117, 39.92474], [24.60474, 39.9206], [24.59543, 39.92884], [24.59573, 39.95333], [24.60171, 39.97171], [24.61181, 39.98583], [24.64194, 40.00487], [24.72461, 40.0318], [24.73792, 40.03954], [24.79947, 40.1044], [24.81256, 40.11234], [24.82643, 40.11512], [24.84089, 40.11212], [24.85055, 40.10477], [24.85858, 40.08176], [24.85675, 40.05546], [24.85113, 40.03504], [24.84179, 40.01827], [24.82968, 40.00853], [24.81521, 40.00399], [24.76151, 40.00352]]], [[[24.7658, 40.66966], [24.78239, 40.62018], [24.78011, 40.61222], [24.75571, 40.61994], [24.74419, 40.60838], [24.68181, 40.59496], [24.64227, 40.57064], [24.615, 40.59858], [24.60077, 40.59859], [24.60076, 40.61221], [24.58676, 40.62202], [24.55258, 40.63036], [24.53078, 40.63094], [24.51679, 40.63911], [24.51203, 40.66705], [24.51834, 40.69269], [24.53339, 40.7182], [24.56667, 40.75556], [24.64226, 40.80393], [24.67457, 40.79169], [24.73169, 40.78351], [24.74383, 40.75935], [24.77517, 40.74889], [24.78637, 40.73506], [24.76547, 40.73432], [24.75929, 40.72338], [24.76661, 40.71149], [24.78638, 40.70782], [24.78638, 40.68794], [24.7693, 40.68342], [24.7658, 40.66966]]], [[[25.68199, 34.87803], [25.688, 34.88132], [25.71876, 34.87771], [25.72991, 34.88148], [25.73209, 34.87515], [25.7007, 34.86527], [25.68459, 34.86963], [25.68199, 34.87803]]], [[[26.14973, 34.93334], [26.13299, 34.92262], [26.12193, 34.93586], [26.12746, 34.9474], [26.14746, 34.94313], [26.14973, 34.93334]]], [[[25.47096, 36.86323], [25.47851, 36.86001], [25.47778, 36.83516], [25.47464, 36.83354], [25.48493, 36.82935], [25.51229, 36.80531], [25.52089, 36.79058], [25.52532, 36.76664], [25.52012, 36.74359], [25.50725, 36.72242], [25.48866, 36.70408], [25.46633, 36.68958], [25.44222, 36.67993], [25.41829, 36.67618], [25.39645, 36.67941], [25.40141, 36.71119], [25.39698, 36.71052], [25.39015, 36.70368], [25.39518, 36.6789], [25.37322, 36.65373], [25.33815, 36.66818], [25.27297, 36.71988], [25.2798, 36.72671], [25.25182, 36.72672], [25.26272, 36.76764], [25.30697, 36.79497], [25.34799, 36.74714], [25.39942, 36.72797], [25.40313, 36.72219], [25.4146, 36.79562], [25.42405, 36.81836], [25.43104, 36.82561], [25.42312, 36.83251], [25.44226, 36.85363], [25.47096, 36.87066], [25.47834, 36.87066], [25.47096, 36.86323]]], [[[25.84547, 36.80858], [25.86313, 36.83592], [25.85159, 36.83113], [25.84548, 36.83662], [25.84548, 36.84955], [25.91596, 36.87525], [25.887, 36.82409], [25.86215, 36.79233], [25.89875, 36.78475], [25.92449, 36.77002], [25.9422, 36.74834], [25.94774, 36.73633], [25.94976, 36.72477], [25.94733, 36.71455], [25.93949, 36.70661], [25.92531, 36.70179], [25.88278, 36.71093], [25.83019, 36.7334], [25.81042, 36.74692], [25.79897, 36.76784], [25.79961, 36.77304], [25.75555, 36.76998], [25.73905, 36.79497], [25.75327, 36.78876], [25.7741, 36.80711], [25.78891, 36.80922], [25.80738, 36.80174], [25.82276, 36.80869], [25.84547, 36.80858]]], [[[25.64967, 36.91159], [25.6844, 36.89118], [25.67399, 36.87947], [25.60867, 36.88374], [25.61483, 36.89386], [25.64967, 36.91159]]], [[[26.38203, 36.88467], [26.37214, 36.87251], [26.35797, 36.86525], [26.33152, 36.86618], [26.29939, 36.89206], [26.25269, 36.90722], [26.24924, 36.92038], [26.25464, 36.9416], [26.26632, 36.9594], [26.30398, 36.99915], [26.33463, 36.99692], [26.35664, 37.00643], [26.3736, 37.02421], [26.40511, 37.06844], [26.42036, 37.08095], [26.42941, 37.08407], [26.45377, 37.08463], [26.48212, 37.08], [26.50844, 37.07213], [26.5328, 37.05858], [26.5482, 37.03792], [26.55028, 37.02449], [26.54541, 37.0072], [26.53296, 36.99559], [26.51501, 36.98813], [26.44914, 36.97596], [26.43005, 36.97057], [26.41582, 36.96225], [26.40643, 36.94998], [26.38203, 36.88467]]], [[[26.93699, 37.0577], [26.94652, 37.06084], [26.99944, 37.05153], [27.01316, 37.05341], [27.02628, 37.06462], [27.04534, 37.11024], [27.06565, 37.12192], [27.09175, 37.12424], [27.13285, 37.11902], [27.1692, 37.10043], [27.18475, 37.08514], [27.19793, 37.06536], [27.20815, 37.04069], [27.18976, 37.03217], [27.16205, 37.00729], [27.14467, 36.99877], [27.11619, 36.99938], [27.06412, 37.01053], [27.05053, 37.00924], [26.99233, 36.977], [26.96421, 36.96723], [26.95164, 36.96966], [26.94069, 36.97819], [26.92796, 37.00552], [26.92678, 37.03626], [26.93044, 37.04896], [26.93699, 37.0577]]], [[[25.59502, 37.09935], [25.58072, 37.01759], [25.55228, 36.96879], [25.52613, 36.95942], [25.49138, 36.93212], [25.44989, 36.91846], [25.43252, 36.93905], [25.42311, 36.96686], [25.38895, 36.98677], [25.39405, 36.99811], [25.38072, 37.01875], [25.38209, 37.03514], [25.36695, 37.05956], [25.35548, 37.07136], [25.34182, 37.07674], [25.34201, 37.08311], [25.35239, 37.08909], [25.36166, 37.08295], [25.37184, 37.08906], [25.40945, 37.12396], [25.47462, 37.16181], [25.49514, 37.1891], [25.52215, 37.19318], [25.5337, 37.20066], [25.57454, 37.17853], [25.58626, 37.16063], [25.59244, 37.14252], [25.59502, 37.09935]]], [[[26.16447, 37.28401], [26.16728, 37.2692], [26.15784, 37.25749], [26.13992, 37.24812], [26.07346, 37.22644], [26.05997, 37.21911], [26.0442, 37.1992], [26.0132, 37.14187], [25.98729, 37.11939], [25.96449, 37.10512], [25.87731, 37.06103], [25.82287, 37.04081], [25.80258, 37.03674], [25.77249, 37.03756], [25.76231, 37.04641], [25.76747, 37.06122], [25.78345, 37.07978], [25.80999, 37.10198], [25.80738, 37.10342], [25.80055, 37.09595], [25.78055, 37.12396], [25.79955, 37.12388], [25.83463, 37.13758], [25.82838, 37.12397], [25.83198, 37.12037], [25.86485, 37.14786], [25.92192, 37.22422], [25.94337, 37.24718], [25.9858, 37.27578], [26.0428, 37.30116], [26.10051, 37.31333], [26.12549, 37.3114], [26.14574, 37.30255], [26.16447, 37.28401]]], [[[26.9124, 37.39896], [26.93419, 37.38622], [26.95607, 37.36822], [26.99909, 37.32158], [27.05307, 37.24598], [27.07089, 37.21549], [27.08069, 37.1897], [27.08009, 37.18103], [27.07017, 37.17488], [27.02067, 37.20649], [26.99997, 37.20458], [26.97734, 37.19333], [26.95349, 37.20235], [26.94413, 37.2135], [26.9406, 37.227], [26.94313, 37.2755], [26.94146, 37.29219], [26.93526, 37.30798], [26.9256, 37.3181], [26.85803, 37.36494], [26.84897, 37.37677], [26.84902, 37.38834], [26.86097, 37.39946], [26.88079, 37.4054], [26.9124, 37.39896]]], [[[25.37383, 37.39692], [25.38464, 37.38317], [25.38532, 37.36864], [25.37101, 37.34839], [25.34885, 37.33786], [25.32272, 37.33623], [25.29654, 37.34279], [25.27421, 37.35681], [25.25963, 37.37761], [25.25664, 37.40444], [25.2691, 37.43654], [25.29125, 37.43466], [25.31087, 37.42806], [25.34058, 37.43324], [25.41555, 37.43895], [25.40772, 37.43684], [25.40259, 37.41817], [25.38258, 37.41975], [25.34212, 37.41557], [25.37383, 37.39692]]], [[[26.80104, 37.41862], [26.80879, 37.4005], [26.80777, 37.37451], [26.80476, 37.36682], [26.798, 37.36144], [26.7846, 37.36236], [26.74768, 37.38808], [26.73368, 37.38996], [26.71038, 37.38644], [26.69694, 37.3901], [26.68098, 37.40139], [26.67735, 37.41129], [26.68312, 37.41978], [26.69535, 37.42674], [26.72775, 37.43554], [26.75235, 37.43718], [26.78792, 37.42888], [26.80104, 37.41862]]], [[[25.65653, 37.35975], [25.65055, 37.30818], [25.63883, 37.28592], [25.6288, 37.2788], [25.61527, 37.2755], [25.59175, 37.28205], [25.56153, 37.29936], [25.52805, 37.33069], [25.52542, 37.33936], [25.5293, 37.3549], [25.56932, 37.41682], [25.57369, 37.4305], [25.57113, 37.44282], [25.55932, 37.45339], [25.54941, 37.45648], [25.52031, 37.45573], [25.51472, 37.45778], [25.51314, 37.46378], [25.53223, 37.50266], [25.58771, 37.57648], [25.61282, 37.59914], [25.61901, 37.59734], [25.62368, 37.55313], [25.63011, 37.54381], [25.64488, 37.54367], [25.67384, 37.56641], [25.69016, 37.57404], [25.69182, 37.55909], [25.68683, 37.52944], [25.66339, 37.47006], [25.65676, 37.44277], [25.65653, 37.35975]]], [[[26.71941, 37.5493], [26.70222, 37.55346], [26.6861, 37.56199], [26.67378, 37.57423], [26.66803, 37.58962], [26.6715, 37.6076], [26.67968, 37.61784], [26.69116, 37.62309], [26.70448, 37.62367], [26.73109, 37.61236], [26.74168, 37.60134], [26.74873, 37.58737], [26.7509, 37.57102], [26.74629, 37.5572], [26.73497, 37.55025], [26.71941, 37.5493]]], [[[26.48636, 37.72325], [26.48817, 37.74611], [26.49451, 37.75679], [26.50465, 37.76522], [26.51671, 37.76911], [26.52688, 37.76697], [26.53468, 37.76022], [26.54131, 37.7387], [26.53916, 37.72685], [26.53266, 37.71621], [26.52124, 37.70821], [26.50824, 37.70486], [26.49793, 37.70711], [26.49057, 37.71369], [26.48636, 37.72325]]], [[[26.49327, 37.93993], [26.49394, 37.93383], [26.47965, 37.90506], [26.45102, 37.87185], [26.43363, 37.8602], [26.41542, 37.85537], [26.39734, 37.85996], [26.43043, 37.92456], [26.44734, 37.9391], [26.4618, 37.94499], [26.47691, 37.94542], [26.49327, 37.93993]]], [[[25.62069, 37.95977], [25.6351, 37.952], [25.63941, 37.94041], [25.6383, 37.92706], [25.633, 37.91262], [25.61493, 37.88297], [25.58812, 37.84602], [25.53689, 37.84881], [25.49343, 37.861], [25.41011, 37.89567], [25.376, 37.92295], [25.36868, 37.94292], [25.37136, 37.95323], [25.37903, 37.96363], [25.40033, 37.97754], [25.42422, 37.98151], [25.47571, 37.96992], [25.5476, 37.94165], [25.57501, 37.94096], [25.62069, 37.95977]]], [[[26.45657, 38.07027], [26.44827, 38.03872], [26.4313, 38.00472], [26.41348, 37.98117], [26.38459, 37.96523], [26.30493, 37.94188], [26.27324, 37.92866], [26.25806, 37.91356], [26.21991, 37.86297], [26.20465, 37.85635], [26.18687, 37.85878], [26.14214, 37.87438], [26.18825, 37.97095], [26.21111, 38.00584], [26.22349, 38.01746], [26.30243, 38.0581], [26.36658, 38.07951], [26.42498, 38.08859], [26.44817, 38.08658], [26.45497, 38.08111], [26.45657, 38.07027]]], [[[26.24535, 38.67578], [26.22431, 38.69281], [26.21923, 38.7062], [26.22149, 38.71927], [26.22902, 38.73197], [26.26256, 38.76756], [26.27646, 38.79015], [26.29042, 38.83751], [26.29503, 38.88491], [26.29329, 38.89692], [26.27821, 38.9222], [26.22574, 38.98071], [26.21829, 39.00223], [26.23588, 39.06199], [26.33598, 39.05346], [26.38576, 39.04469], [26.40422, 39.03552], [26.41606, 39.02152], [26.42171, 39.00125], [26.42395, 38.95955], [26.41409, 38.8841], [26.40194, 38.83219], [26.37971, 38.79179], [26.36018, 38.76415], [26.31927, 38.7165], [26.29138, 38.69072], [26.26282, 38.67549], [26.24535, 38.67578]]], [[[25.93156, 39.03971], [25.9311, 39.06063], [25.93995, 39.07039], [25.95404, 39.07513], [25.97118, 39.07586], [26.00584, 39.06925], [26.02734, 39.05797], [26.03278, 39.04758], [26.03501, 39.03405], [26.03066, 39.00322], [26.01582, 38.97661], [26.0049, 38.96846], [25.99184, 38.96573], [25.97932, 38.9709], [25.96441, 39.00887], [25.93156, 39.03971]]], [[[26.40023, 39.34124], [26.41747, 39.33047], [26.37965, 39.28266], [26.38217, 39.27709], [26.42416, 39.2451], [26.46631, 39.22923], [26.50473, 39.185], [26.5397, 39.16596], [26.52662, 39.15913], [26.53077, 39.15062], [26.54712, 39.13532], [26.55055, 39.11921], [26.56762, 39.11814], [26.56625, 39.09797], [26.57944, 39.07534], [26.6123, 39.04926], [26.61085, 39.02924], [26.52986, 39.04199], [26.51759, 39.04751], [26.52662, 39.08344], [26.51516, 39.09102], [26.50587, 39.1092], [26.48927, 39.11367], [26.45493, 39.1114], [26.43702, 39.1035], [26.45297, 39.08641], [26.49194, 39.06293], [26.5058, 39.04722], [26.42925, 39.05058], [26.38704, 39.05688], [26.32855, 39.07073], [26.24708, 39.0993], [26.19325, 39.12783], [26.2256, 39.13182], [26.29347, 39.17715], [26.28004, 39.19644], [26.2256, 39.20759], [26.18735, 39.20205], [26.16017, 39.18334], [26.14726, 39.15939], [26.09774, 39.18895], [26.03433, 39.23795], [25.99277, 39.28354], [26.00589, 39.28626], [26.03321, 39.28266], [26.04689, 39.30314], [26.05372, 39.2895], [26.06056, 39.2895], [26.0731, 39.3032], [26.09379, 39.31042], [26.16277, 39.32364], [26.17254, 39.33539], [26.1636, 39.37884], [26.34274, 39.383], [26.36214, 39.37884], [26.35475, 39.35651], [26.37338, 39.34691], [26.40023, 39.34124]]], [[[26.15995, 39.95364], [26.22107, 39.98001], [26.30795, 40.00284], [26.39841, 40.0121], [26.48282, 40.00861], [26.55301, 40.03333], [26.64207, 40.05071], [26.73326, 40.05436], [26.77906, 40.05099], [26.86822, 40.03396], [26.91498, 40.01874], [26.8322, 39.95721], [26.82949, 39.94985], [26.83416, 39.94402], [26.93938, 39.94289], [27.0521, 39.9282], [27.07223, 39.92292], [27.11234, 39.87962], [27.1511, 39.81612], [27.17318, 39.74758], [27.17769, 39.68242], [27.22019, 39.53518], [27.22299, 39.49664], [27.21728, 39.4344], [27.19226, 39.34958], [27.16577, 39.29855], [27.08487, 39.19656], [27.03428, 39.15208], [26.97543, 39.11043], [26.90268, 39.0736], [26.85028, 39.05416], [26.83524, 39.05006], [26.87306, 39.06293], [26.88315, 39.0716], [26.87526, 39.09089], [26.82374, 39.14908], [26.77097, 39.1732], [26.73782, 39.19721], [26.73902, 39.20759], [26.71876, 39.26288], [26.70143, 39.26899], [26.62908, 39.26839], [26.60924, 39.27522], [26.61931, 39.28315], [26.63259, 39.31341], [26.64552, 39.31756], [26.65478, 39.31321], [26.65382, 39.30646], [26.63592, 39.30317], [26.63592, 39.29694], [26.65602, 39.29426], [26.67067, 39.28266], [26.66481, 39.29808], [26.67026, 39.30598], [26.69117, 39.31623], [26.70901, 39.33705], [26.81471, 39.39936], [26.80105, 39.4062], [26.80105, 39.43353], [26.85084, 39.43977], [26.86305, 39.44717], [26.85208, 39.46182], [26.86773, 39.47138], [26.92986, 39.48774], [26.94508, 39.53962], [26.93767, 39.57477], [26.92221, 39.58218], [26.8934, 39.58438], [26.83286, 39.55684], [26.80787, 39.5707], [26.4568, 39.52119], [26.36215, 39.48136], [26.28663, 39.48762], [26.26295, 39.48135], [26.24927, 39.46566], [26.23178, 39.47451], [26.15249, 39.45921], [26.11297, 39.45918], [26.07424, 39.47452], [26.07001, 39.49628], [26.09498, 39.54857], [26.1107, 39.59788], [26.1482, 39.62604], [26.15675, 39.64924], [26.16358, 39.70417], [26.13642, 39.75568], [26.13788, 39.76455], [26.14991, 39.77611], [26.15496, 39.82616], [26.1517, 39.83515], [26.13642, 39.8376], [26.15675, 39.89899], [26.14993, 39.93378], [26.15995, 39.95364]]], [[[26.08301, 39.83474], [26.0817, 39.8], [26.07495, 39.78491], [26.0591, 39.78609], [25.99368, 39.81618], [26.01866, 39.84495], [26.05111, 39.84405], [26.06056, 39.83759], [26.07715, 39.84466], [26.08301, 39.83474]]], [[[25.51014, 40.09948], [25.51685, 40.11962], [25.53335, 40.13814], [25.55625, 40.15269], [25.5821, 40.16092], [25.59628, 40.162], [25.61591, 40.15671], [25.62136, 40.15127], [25.62351, 40.13709], [25.61397, 40.12142], [25.59309, 40.10747], [25.55216, 40.09689], [25.51014, 40.09948]]], [[[25.63267, 40.51273], [25.65515, 40.51781], [25.75405, 40.50648], [25.82866, 40.51478], [25.86141, 40.51062], [25.92252, 40.49424], [25.94793, 40.49341], [26.04304, 40.52212], [26.06778, 40.52426], [26.07925, 40.51982], [26.08448, 40.50902], [26.08061, 40.48877], [26.04927, 40.4445], [26.0381, 40.42084], [26.03735, 40.40745], [26.04058, 40.3961], [26.06003, 40.35092], [26.06254, 40.33623], [26.0595, 40.32403], [26.04881, 40.31582], [26.02822, 40.31308], [26.0101, 40.31783], [25.94481, 40.37089], [25.9285, 40.3775], [25.91149, 40.37603], [25.89347, 40.36366], [25.88765, 40.35357], [25.88287, 40.32581], [25.87414, 40.30039], [25.86335, 40.29375], [25.84564, 40.29395], [25.80885, 40.30822], [25.79701, 40.32008], [25.78614, 40.34606], [25.7711, 40.36457], [25.71363, 40.39325], [25.69295, 40.40702], [25.68064, 40.44876], [25.63027, 40.48699], [25.62202, 40.4984], [25.62191, 40.50367], [25.63267, 40.51273]]], [[[26.13828, 40.60191], [26.09132, 40.60542], [26.07692, 40.61181], [26.05374, 40.66059], [26.06088, 40.67585], [26.05812, 40.6977], [26.04811, 40.71963], [26.03324, 40.73505], [26.04689, 40.7425], [26.036, 40.75776], [26.02735, 40.79613], [26.00589, 40.80395], [26.00587, 40.81078], [26.05372, 40.81623], [26.06056, 40.82075], [26.05397, 40.83096], [26.03891, 40.83251], [26.01222, 40.82445], [26.00587, 40.83877], [25.99838, 40.83877], [26.00587, 40.81704], [25.99843, 40.81704], [25.98292, 40.83088], [25.95167, 40.84553], [25.91863, 40.85297], [25.89666, 40.84493], [25.8257, 40.84969], [25.80323, 40.85651], [25.73219, 40.85176], [25.62128, 40.87395], [25.60685, 40.93735], [25.60552, 40.97312], [25.61652, 41.04279], [25.62879, 41.0769], [25.66657, 41.14194], [25.6915, 41.17184], [25.74789, 41.22179], [25.78002, 41.216], [25.92441, 41.21312], [26.01127, 41.20625], [26.16413, 41.18133], [26.25232, 41.15828], [26.33231, 41.12289], [26.36914, 41.1005], [26.43198, 41.04904], [26.48334, 40.98858], [26.66241, 41.00979], [26.68383, 40.95313], [26.69241, 40.88327], [26.68274, 40.8126], [26.67118, 40.77836], [26.63545, 40.71367], [26.58325, 40.65477], [26.56556, 40.64197], [26.58303, 40.63855], [26.61688, 40.62176], [26.62864, 40.60821], [26.6324, 40.59479], [26.62969, 40.58186], [26.61053, 40.5589], [26.56814, 40.53611], [26.53462, 40.52834], [26.50377, 40.52802], [26.43845, 40.53958], [26.33068, 40.54558], [26.30248, 40.55074], [26.27941, 40.56008], [26.26448, 40.57503], [26.26061, 40.59716], [26.26227, 40.60133], [26.13828, 40.60191]]]]}}, {"type": "Feature", "properties": {"map_title": "1939~1941년 사이 유럽에서의 전쟁 상황", "source": "미래엔 세계사 교과서 4권 190쪽", "volume": 4, "page": 190, "legend": "연합국", "name": "그리스", "name_en": "Greece", "period": "1939–1941", "kind": "국가", "group": "그리스", "coast_snap": "Natural Earth 10m 해안선에 맞춤", "border_snap": "현대 국경(Natural Earth 10m)에 맞춘 구간 약 616 km", "map_folder": "4권_p190_1939~1941년 사이 유럽에서의 전쟁 상황"}, "geometry": {"type": "MultiPolygon", "coordinates": [[[[22.49338, 36.21093], [22.51522, 36.21438], [22.53713, 36.20828], [22.55653, 36.19461], [22.57085, 36.17532], [22.57752, 36.15239], [22.57396, 36.1278], [22.56597, 36.11076], [22.53591, 36.06729], [22.53234, 36.05556], [22.53481, 36.02123], [22.54605, 35.98707], [22.53911, 35.97771], [22.52872, 35.9746], [22.4911, 35.97289], [22.46942, 35.97778], [22.44881, 35.98653], [22.43081, 35.99865], [22.41698, 36.0136], [22.40883, 36.03086], [22.40794, 36.04994], [22.41584, 36.07034], [22.44352, 36.11966], [22.46025, 36.16762], [22.4742, 36.19601], [22.49338, 36.21093]]], [[[23.00245, 36.14663], [22.99074, 36.13705], [22.98756, 36.15156], [22.94957, 36.16499], [22.95004, 36.17626], [22.92922, 36.17797], [22.90871, 36.20596], [22.91619, 36.2851], [22.89968, 36.32819], [22.90175, 36.33851], [22.93264, 36.38124], [22.94459, 36.38938], [22.95638, 36.38344], [23.01173, 36.3083], [23.0769, 36.27073], [23.0944, 36.25433], [23.10384, 36.23721], [23.06625, 36.22639], [23.05844, 36.21646], [23.052, 36.14485], [23.01442, 36.14834], [23.00245, 36.14663]]], [[[22.98601, 36.45826], [22.96583, 36.47606], [22.95159, 36.47525], [22.94034, 36.46605], [22.93165, 36.46476], [22.92507, 36.46907], [22.92939, 36.48411], [22.96242, 36.5099], [22.97674, 36.50747], [22.98934, 36.47044], [22.98601, 36.45826]]], [[[21.76417, 36.71988], [21.75051, 36.71241], [21.75978, 36.75201], [21.76417, 36.75396], [21.78003, 36.7475], [21.77783, 36.69939], [21.76796, 36.70826], [21.76417, 36.71988]]], [[[21.70087, 36.79108], [21.70949, 36.80173], [21.72613, 36.79481], [21.72933, 36.78877], [21.71632, 36.78132], [21.71655, 36.77094], [21.69582, 36.74043], [21.70087, 36.79108]]], [[[21.54665, 37.03237], [21.549, 37.04536], [21.5373, 37.05744], [21.55282, 37.06438], [21.55867, 37.05382], [21.54665, 37.03237]]], [[[23.16471, 37.25381], [23.16235, 37.24422], [23.15203, 37.23999], [23.13133, 37.24367], [23.09443, 37.27473], [23.10934, 37.28523], [23.12842, 37.28839], [23.15825, 37.27154], [23.16471, 37.25381]]], [[[23.53256, 37.36392], [23.55299, 37.37091], [23.58714, 37.37091], [23.57113, 37.35835], [23.5477, 37.34985], [23.52329, 37.34664], [23.50514, 37.34984], [23.50878, 37.3299], [23.49683, 37.32002], [23.37429, 37.30269], [23.37451, 37.30964], [23.47621, 37.36057], [23.53256, 37.36392]]], [[[23.4759, 37.54455], [23.47732, 37.55588], [23.48178, 37.55645], [23.49204, 37.53913], [23.51157, 37.52904], [23.52563, 37.52801], [23.52563, 37.5218], [23.50635, 37.51285], [23.48121, 37.5096], [23.4559, 37.51252], [23.43631, 37.52179], [23.43629, 37.52802], [23.46461, 37.53376], [23.4759, 37.54455]]], [[[20.51971, 37.86434], [20.55595, 37.90215], [20.56902, 37.91101], [20.57364, 37.91043], [20.62223, 37.86753], [20.66002, 37.91054], [20.68572, 37.92958], [20.70898, 37.92523], [20.74195, 37.86229], [20.77719, 37.84333], [20.80885, 37.84954], [20.84986, 37.83649], [20.88578, 37.81409], [20.91798, 37.76529], [20.98682, 37.72988], [20.99633, 37.69932], [20.98308, 37.71231], [20.95436, 37.72386], [20.89389, 37.73347], [20.87916, 37.72822], [20.86328, 37.71061], [20.84352, 37.70157], [20.84376, 37.68993], [20.85302, 37.67259], [20.84685, 37.65331], [20.81512, 37.65153], [20.77719, 37.68626], [20.71887, 37.72795], [20.71875, 37.71628], [20.71338, 37.70304], [20.69214, 37.67346], [20.65086, 37.63636], [20.62681, 37.62639], [20.58045, 37.62655], [20.55232, 37.63471], [20.53597, 37.64865], [20.52901, 37.66843], [20.52225, 37.72221], [20.51971, 37.86434]]], [[[23.53932, 37.93952], [23.54345, 37.92886], [23.52174, 37.91397], [23.51823, 37.8986], [23.50131, 37.90607], [23.48145, 37.88972], [23.46705, 37.88423], [23.4214, 37.89298], [23.40212, 37.906], [23.40882, 37.92176], [23.42287, 37.933], [23.43949, 37.93959], [23.46852, 37.93203], [23.49204, 37.95628], [23.49773, 37.96686], [23.48561, 37.96625], [23.46043, 37.95255], [23.42208, 37.96004], [23.45737, 37.97362], [23.42945, 37.98794], [23.45151, 37.98826], [23.47047, 37.98046], [23.47486, 37.98941], [23.47048, 37.99408], [23.47821, 37.99884], [23.49529, 38.00184], [23.51824, 37.99908], [23.53686, 37.98802], [23.53272, 37.97508], [23.54712, 37.95888], [23.54615, 37.95254], [23.57347, 37.95254], [23.53932, 37.93952]]], [[[20.57178, 38.47393], [20.62769, 38.34357], [20.62602, 38.32826], [20.59913, 38.30264], [20.63054, 38.25796], [20.64291, 38.2534], [20.68162, 38.2821], [20.67482, 38.26781], [20.69352, 38.26462], [20.70899, 38.22696], [20.7513, 38.19676], [20.76222, 38.1704], [20.79779, 38.13111], [20.80778, 38.09956], [20.79468, 38.06612], [20.76368, 38.06989], [20.73357, 38.06242], [20.71872, 38.06624], [20.68165, 38.09781], [20.65301, 38.11115], [20.61459, 38.11982], [20.58074, 38.11546], [20.56495, 38.09033], [20.5464, 38.10204], [20.50978, 38.11079], [20.50625, 38.11433], [20.52843, 38.15007], [20.4841, 38.21339], [20.46805, 38.2468], [20.44538, 38.30999], [20.43881, 38.34692], [20.45509, 38.32307], [20.46322, 38.33147], [20.47047, 38.31513], [20.47902, 38.30948], [20.5298, 38.33747], [20.53875, 38.35407], [20.53956, 38.37421], [20.53095, 38.39202], [20.55128, 38.38516], [20.53781, 38.42589], [20.54363, 38.45917], [20.53778, 38.47393], [20.57178, 38.47393]]], [[[20.70218, 38.38515], [20.7225, 38.38516], [20.71584, 38.39202], [20.73877, 38.38426], [20.75746, 38.37154], [20.73756, 38.37153], [20.74366, 38.34439], [20.75001, 38.3347], [20.76367, 38.3305], [20.76367, 38.32307], [20.71915, 38.31567], [20.70583, 38.31827], [20.68785, 38.33674], [20.69532, 38.34357], [20.66734, 38.37153], [20.64777, 38.40542], [20.64015, 38.4466], [20.61453, 38.46711], [20.61948, 38.48137], [20.63551, 38.47297], [20.64422, 38.47866], [20.65448, 38.50185], [20.67187, 38.49754], [20.67407, 38.48501], [20.66114, 38.46088], [20.67823, 38.46185], [20.70898, 38.4466], [20.69529, 38.40897], [20.67481, 38.37767], [20.69239, 38.37132], [20.71583, 38.37153], [20.71583, 38.37767], [20.70218, 38.38515]]], [[[20.94106, 38.60422], [20.90935, 38.56293], [20.90755, 38.54903], [20.8939, 38.54903], [20.8939, 38.55646], [20.93214, 38.60301], [20.94106, 38.60422]]], [[[20.95166, 38.64923], [20.95288, 38.63886], [20.94165, 38.6274], [20.89812, 38.60602], [20.87866, 38.58443], [20.87063, 38.58252], [20.87014, 38.6035], [20.90408, 38.64285], [20.94516, 38.65248], [20.95166, 38.64923]]], [[[20.78858, 38.64473], [20.76287, 38.63911], [20.75961, 38.62739], [20.80002, 38.59547], [20.78713, 38.59981], [20.7516, 38.62625], [20.73699, 38.65217], [20.74644, 38.66347], [20.78305, 38.67498], [20.80501, 38.66567], [20.78858, 38.64473]]], [[[20.68164, 38.60425], [20.66481, 38.61091], [20.64894, 38.60859], [20.64088, 38.60057], [20.64762, 38.58382], [20.63088, 38.58833], [20.63331, 38.60423], [20.61363, 38.60701], [20.60231, 38.62678], [20.58546, 38.61791], [20.55127, 38.56953], [20.54462, 38.56954], [20.56236, 38.69123], [20.58123, 38.72435], [20.60245, 38.7815], [20.61215, 38.78583], [20.64528, 38.82819], [20.68628, 38.85007], [20.6902, 38.84138], [20.70215, 38.83697], [20.71778, 38.8227], [20.72933, 38.78172], [20.724, 38.76817], [20.72884, 38.73062], [20.69695, 38.68985], [20.69874, 38.68281], [20.70607, 38.68041], [20.72249, 38.70725], [20.72073, 38.63862], [20.71598, 38.62703], [20.70948, 38.62568], [20.70216, 38.63841], [20.69532, 38.63841], [20.70215, 38.61792], [20.68784, 38.62474], [20.68164, 38.60425]]], [[[22.69028, 38.84999], [22.70264, 38.85064], [22.73823, 38.81034], [22.77409, 38.78417], [22.78373, 38.7828], [22.81593, 38.78924], [22.82927, 38.78607], [22.8597, 38.76717], [22.8672, 38.75507], [22.88782, 38.77125], [22.91488, 38.77557], [22.94532, 38.75812], [23.01628, 38.75445], [23.04199, 38.74672], [23.0594, 38.72772], [23.09051, 38.64911], [23.1045, 38.63841], [23.12355, 38.63691], [23.15643, 38.65346], [23.18246, 38.65375], [23.19606, 38.66633], [23.16817, 38.67939], [23.18678, 38.68597], [23.20492, 38.68267], [23.25375, 38.66181], [23.30591, 38.65264], [23.33121, 38.63027], [23.33331, 38.60446], [23.2933, 38.57909], [23.28541, 38.55646], [23.29542, 38.5681], [23.30738, 38.56854], [23.34059, 38.54556], [23.38159, 38.53534], [23.38133, 38.52847], [23.3401, 38.52237], [23.32928, 38.50837], [23.33497, 38.50361], [23.41847, 38.50433], [23.51938, 38.49067], [23.54323, 38.5116], [23.56722, 38.50112], [23.60133, 38.47394], [23.5735, 38.46088], [23.5735, 38.45344], [23.5962, 38.44676], [23.60009, 38.44062], [23.59401, 38.42609], [23.62501, 38.41401], [23.67286, 38.35643], [23.70997, 38.33674], [23.78199, 38.34356], [23.80502, 38.33251], [23.91245, 38.29824], [23.95101, 38.29091], [23.99122, 38.25422], [24.03858, 38.22394], [24.05063, 38.21068], [24.06901, 38.20473], [24.07308, 38.19648], [24.06951, 38.17353], [24.08055, 38.16601], [24.07, 38.16279], [24.06414, 38.1551], [24.05941, 38.13133], [24.05323, 38.14525], [24.03777, 38.14374], [23.98902, 38.12263], [23.99, 38.10212], [24.00913, 38.04059], [24.03271, 38.00776], [24.01173, 37.96686], [24.01587, 37.93745], [24.01173, 37.92524], [24.03443, 37.92291], [24.04329, 37.91644], [24.04638, 37.90599], [24.04224, 37.90071], [24.01173, 37.89175], [24.02784, 37.88032], [24.05322, 37.87807], [24.0464, 37.87059], [24.06689, 37.8644], [24.05934, 37.84854], [24.06689, 37.83711], [24.05763, 37.83218], [24.05323, 37.82282], [24.07717, 37.8109], [24.08464, 37.80174], [24.0874, 37.78522], [24.08612, 37.76356], [24.08187, 37.75251], [24.05942, 37.73347], [24.07308, 37.72723], [24.07308, 37.7198], [24.05942, 37.71979], [24.05942, 37.71357], [24.06577, 37.7128], [24.06689, 37.69933], [24.06397, 37.70501], [24.05942, 37.69929], [24.06762, 37.69297], [24.09301, 37.70386], [24.11566, 37.70915], [24.12641, 37.74302], [24.14315, 37.7527], [24.15112, 37.73408], [24.1486, 37.72265], [24.13713, 37.71416], [24.17731, 37.71463], [24.20227, 37.70246], [24.20602, 37.67602], [24.18128, 37.63314], [24.11589, 37.55395], [24.08542, 37.47889], [24.05833, 37.45639], [24.04451, 37.45255], [24.03633, 37.45796], [24.03225, 37.47015], [24.02642, 37.5372], [24.02063, 37.54932], [23.99071, 37.58983], [23.98664, 37.60097], [23.98594, 37.61372], [23.98964, 37.62866], [24.01207, 37.65935], [23.98308, 37.67032], [23.94973, 37.67744], [23.94306, 37.68993], [23.94337, 37.72724], [23.92271, 37.72119], [23.90252, 37.78189], [23.88885, 37.77442], [23.8816, 37.79108], [23.86557, 37.80768], [23.8475, 37.8181], [23.83351, 37.816], [23.81918, 37.82966], [23.813, 37.82966], [23.80729, 37.80859], [23.78663, 37.81216], [23.77899, 37.80234], [23.775, 37.81451], [23.76452, 37.816], [23.77084, 37.82832], [23.76645, 37.83893], [23.74482, 37.85762], [23.7422, 37.87665], [23.70054, 37.9252], [23.69703, 37.93952], [23.68019, 37.94587], [23.62812, 37.9327], [23.62812, 37.93953], [23.6408, 37.94579], [23.64178, 37.95254], [23.62664, 37.9475], [23.61036, 37.96214], [23.5608, 37.9728], [23.55299, 37.98046], [23.58888, 38.00633], [23.59791, 38.02114], [23.59059, 38.0388], [23.57619, 38.04597], [23.55982, 38.04256], [23.52182, 38.04255], [23.49464, 38.02889], [23.47088, 38.02778], [23.44996, 38.02143], [23.41188, 37.99437], [23.39527, 37.98794], [23.42945, 37.98046], [23.40894, 37.97432], [23.32984, 37.98046], [23.22682, 37.97362], [23.18922, 37.95881], [23.14234, 37.93009], [23.09409, 37.91105], [23.05201, 37.92524], [23.04273, 37.92195], [23.01515, 37.92524], [23.01025, 37.89697], [22.99513, 37.88215], [22.99952, 37.8627], [23.01254, 37.84756], [23.03224, 37.85076], [23.04965, 37.84357], [23.0735, 37.84113], [23.09718, 37.84357], [23.1141, 37.85076], [23.14625, 37.82583], [23.18237, 37.80914], [23.17644, 37.78998], [23.18237, 37.77441], [23.12818, 37.76048], [23.12094, 37.74091], [23.14584, 37.72582], [23.17553, 37.71978], [23.16383, 37.68159], [23.17553, 37.64469], [23.16188, 37.64468], [23.16863, 37.61416], [23.19011, 37.60732], [23.23024, 37.58259], [23.23764, 37.59002], [23.27467, 37.56122], [23.29224, 37.55588], [23.32301, 37.53742], [23.33668, 37.53547], [23.36036, 37.54767], [23.35914, 37.57429], [23.34059, 37.60029], [23.3122, 37.61055], [23.3122, 37.61737], [23.34783, 37.63441], [23.39869, 37.63787], [23.40902, 37.62592], [23.40429, 37.59927], [23.39078, 37.57136], [23.37428, 37.55589], [23.39503, 37.54141], [23.42204, 37.53546], [23.42205, 37.52802], [23.39527, 37.5218], [23.39527, 37.51496], [23.43629, 37.50812], [23.47917, 37.49066], [23.52563, 37.4597], [23.51889, 37.45303], [23.52563, 37.4392], [23.44654, 37.41463], [23.30592, 37.41193], [23.31217, 37.39827], [23.26271, 37.40103], [23.2644, 37.39082], [23.23024, 37.38459], [23.22999, 37.37495], [23.23707, 37.37031], [23.25755, 37.3709], [23.25131, 37.35733], [23.27797, 37.34984], [23.26207, 37.34395], [23.18605, 37.34064], [23.1854, 37.33218], [23.20361, 37.30269], [23.16863, 37.29952], [23.14146, 37.30952], [23.14145, 37.31635], [23.16188, 37.31635], [23.16188, 37.32315], [23.12339, 37.32478], [23.11413, 37.33616], [23.13461, 37.32933], [23.12241, 37.34569], [23.1006, 37.35733], [23.09278, 37.35079], [23.0731, 37.35522], [23.07261, 37.40109], [23.09498, 37.38955], [23.10524, 37.39692], [23.11412, 37.42559], [23.14145, 37.41193], [23.13201, 37.44864], [23.09718, 37.46223], [23.06202, 37.45499], [23.04594, 37.45971], [23.05942, 37.46654], [23.04591, 37.48701], [23.01124, 37.46906], [23.0049, 37.45973], [22.9909, 37.49575], [22.98072, 37.50878], [22.96388, 37.5218], [22.94289, 37.52181], [22.93605, 37.53547], [22.92156, 37.54035], [22.90187, 37.54165], [22.91432, 37.5388], [22.92237, 37.52804], [22.90235, 37.53486], [22.88502, 37.53315], [22.85402, 37.51497], [22.81936, 37.53547], [22.82618, 37.54906], [22.80202, 37.56086], [22.79592, 37.56916], [22.79884, 37.5764], [22.77833, 37.59687], [22.73845, 37.58088], [22.72641, 37.56635], [22.72315, 37.54165], [22.73665, 37.51838], [22.73048, 37.49445], [22.75033, 37.46654], [22.75034, 37.44261], [22.76481, 37.43178], [22.75799, 37.39826], [22.81933, 37.34369], [22.81251, 37.32933], [22.82618, 37.32911], [22.81935, 37.31635], [22.82998, 37.3081], [22.86085, 37.25568], [22.9067, 37.19368], [22.91162, 37.18342], [22.9004, 37.17292], [22.89503, 37.13386], [22.90317, 37.12128], [22.92205, 37.11799], [22.95638, 37.12395], [22.96386, 37.1103], [22.9568, 37.10676], [22.96386, 37.10342], [22.95639, 37.09593], [22.97347, 37.09096], [22.98169, 37.08271], [22.97916, 37.07783], [22.96388, 37.08295], [22.99983, 37.03327], [22.99806, 37.02147], [23.01171, 36.98677], [22.99073, 36.98676], [23.00489, 36.96686], [23.01172, 36.97308], [23.01635, 36.95527], [23.01173, 36.93891], [23.04899, 36.8769], [23.04591, 36.86909], [23.09326, 36.81826], [23.09181, 36.79833], [23.08058, 36.79499], [23.08058, 36.78876], [23.11409, 36.78131], [23.09441, 36.76081], [23.0944, 36.74372], [23.08863, 36.73291], [23.07586, 36.73385], [23.05201, 36.74714], [23.03094, 36.72557], [23.02564, 36.71564], [23.03906, 36.7062], [23.03224, 36.69257], [23.05939, 36.69256], [23.03443, 36.67487], [23.03566, 36.64907], [23.08058, 36.57929], [23.1346, 36.55536], [23.14536, 36.54194], [23.15501, 36.54108], [23.14145, 36.53425], [23.14819, 36.51716], [23.13461, 36.50755], [23.15187, 36.48729], [23.20361, 36.45612], [23.19605, 36.43254], [23.16188, 36.44619], [23.15186, 36.43562], [23.13933, 36.43408], [23.09475, 36.44319], [23.07838, 36.46528], [23.06627, 36.47346], [23.07211, 36.49311], [23.06512, 36.5091], [23.05104, 36.52245], [23.03566, 36.52802], [22.97242, 36.52021], [22.92921, 36.59634], [22.87471, 36.63052], [22.88893, 36.64248], [22.88429, 36.65424], [22.83717, 36.68651], [22.81935, 36.66525], [22.81496, 36.67056], [22.81715, 36.71796], [22.80079, 36.77578], [22.78688, 36.79344], [22.76515, 36.80419], [22.68556, 36.80948], [22.62257, 36.80345], [22.5774, 36.78303], [22.5791, 36.74039], [22.54615, 36.72142], [22.53346, 36.70722], [22.52508, 36.68513], [22.54029, 36.6852], [22.5498, 36.67828], [22.55249, 36.65096], [22.54568, 36.65096], [22.53386, 36.67056], [22.52508, 36.67145], [22.51678, 36.66616], [22.51002, 36.64802], [22.531, 36.6328], [22.52604, 36.61238], [22.51271, 36.60279], [22.50465, 36.62425], [22.49, 36.61701], [22.48406, 36.60663], [22.48658, 36.52509], [22.51147, 36.46662], [22.50733, 36.46109], [22.51147, 36.45234], [22.4983, 36.44526], [22.49391, 36.43476], [22.50464, 36.40454], [22.49545, 36.40534], [22.49097, 36.39096], [22.47976, 36.40205], [22.4699, 36.45234], [22.45533, 36.46223], [22.42043, 36.47355], [22.40838, 36.48713], [22.40162, 36.48713], [22.39136, 36.47851], [22.38136, 36.48046], [22.35452, 36.51191], [22.36745, 36.54791], [22.38356, 36.54418], [22.38819, 36.55606], [22.38404, 36.5725], [22.37373, 36.58271], [22.38795, 36.60252], [22.36746, 36.60254], [22.37136, 36.64272], [22.38795, 36.64411], [22.38795, 36.65095], [22.36843, 36.65649], [22.37063, 36.67357], [22.38795, 36.7062], [22.35842, 36.70228], [22.33938, 36.72647], [22.32374, 36.75788], [22.30544, 36.7751], [22.30698, 36.79458], [22.29168, 36.82014], [22.22153, 36.89753], [22.20021, 36.9064], [22.17506, 36.89119], [22.13788, 36.91715], [22.13349, 36.93211], [22.14064, 36.93716], [22.14772, 36.95604], [22.15317, 37.02119], [22.08562, 37.03339], [22.04811, 37.03514], [22.03004, 37.03095], [21.99219, 37.01212], [21.9546, 37.00365], [21.94313, 36.99331], [21.93735, 36.97997], [21.92172, 36.86323], [21.93489, 36.83422], [21.92856, 36.82225], [21.95623, 36.80345], [21.97021, 36.80173], [21.97021, 36.795], [21.94508, 36.78994], [21.93881, 36.78319], [21.94222, 36.77509], [21.93587, 36.76603], [21.88257, 36.72656], [21.87404, 36.72672], [21.82276, 36.80858], [21.78972, 36.80476], [21.76417, 36.795], [21.75229, 36.805], [21.72879, 36.81264], [21.7225, 36.82225], [21.70738, 36.81803], [21.6885, 36.84956], [21.69239, 36.85904], [21.6885, 36.89118], [21.70948, 36.92593], [21.70997, 36.94269], [21.70265, 36.95726], [21.68816, 36.96454], [21.66804, 36.95944], [21.67742, 36.96328], [21.68165, 36.97309], [21.66774, 36.97093], [21.6618, 36.95944], [21.6548, 36.9947], [21.5993, 37.04573], [21.57876, 37.07652], [21.56966, 37.11651], [21.56757, 37.15632], [21.57453, 37.19258], [21.59215, 37.22015], [21.65496, 37.26073], [21.6823, 37.28392], [21.69581, 37.31635], [21.69142, 37.35663], [21.67482, 37.39598], [21.60711, 37.4995], [21.54998, 37.56147], [21.44305, 37.61861], [21.40219, 37.65542], [21.34327, 37.66934], [21.32374, 37.66494], [21.31852, 37.6379], [21.31228, 37.6379], [21.30828, 37.66625], [21.29869, 37.6726], [21.31105, 37.6931], [21.31186, 37.7263], [21.29526, 37.77167], [21.28492, 37.7851], [21.22731, 37.81192], [21.12209, 37.8374], [21.11306, 37.84334], [21.10768, 37.85526], [21.11158, 37.87043], [21.10623, 37.87808], [21.13357, 37.94635], [21.14039, 37.94635], [21.1644, 37.92963], [21.20777, 37.94603], [21.25164, 37.97622], [21.27752, 38.00095], [21.29151, 37.99722], [21.32594, 38.02143], [21.32594, 38.02888], [21.31853, 38.0351], [21.28442, 38.01535], [21.36703, 38.12108], [21.37371, 38.14448], [21.37429, 38.22062], [21.40854, 38.18594], [21.40092, 38.21473], [21.42066, 38.20234], [21.47396, 38.19602], [21.52394, 38.166], [21.60304, 38.1518], [21.62233, 38.15477], [21.67482, 38.17967], [21.70134, 38.20527], [21.74137, 38.26943], [21.76418, 38.29579], [21.84946, 38.34128], [21.91554, 38.33051], [21.93702, 38.33063], [21.9559, 38.33672], [21.97804, 38.32355], [22.02035, 38.31321], [22.03785, 38.28213], [22.04884, 38.27481], [22.08937, 38.26166], [22.11361, 38.2678], [22.14331, 38.24908], [22.16139, 38.2132], [22.20606, 38.20017], [22.21852, 38.18818], [22.25792, 38.18587], [22.31284, 38.17227], [22.33123, 38.17889], [22.36345, 38.15827], [22.41481, 38.13789], [22.43279, 38.14325], [22.51148, 38.12929], [22.62062, 38.08348], [22.68042, 38.06659], [22.77811, 38.00112], [22.7964, 37.97679], [22.82129, 37.96917], [22.8672, 37.93952], [22.88266, 37.93757], [22.92238, 37.94635], [22.9463, 37.94623], [22.97535, 37.97899], [22.95094, 38.00243], [22.92384, 38.01179], [22.89918, 38.02778], [22.88088, 38.02889], [22.88746, 38.03364], [22.85405, 38.03511], [22.87521, 38.04911], [22.91163, 38.06013], [22.94289, 38.08347], [22.96973, 38.08196], [23.01905, 38.06525], [23.03907, 38.06988], [23.06861, 38.0589], [23.10092, 38.0624], [23.17286, 38.07949], [23.18972, 38.09438], [23.21664, 38.10334], [23.2103, 38.11538], [23.19418, 38.12694], [23.17556, 38.1313], [23.17556, 38.14496], [23.2234, 38.1518], [23.2234, 38.15925], [23.12845, 38.17227], [23.14894, 38.18594], [23.12273, 38.20808], [23.10963, 38.21011], [23.07748, 38.18579], [23.06638, 38.1832], [23.03225, 38.18595], [23.03225, 38.19277], [23.05201, 38.19278], [23.02508, 38.21662], [22.95192, 38.22529], [22.93377, 38.22207], [22.92237, 38.20702], [22.95053, 38.20978], [22.96305, 38.20404], [22.96947, 38.19279], [22.92254, 38.19746], [22.90871, 38.19279], [22.89503, 38.24116], [22.88819, 38.24116], [22.88088, 38.22697], [22.87468, 38.24116], [22.82, 38.23298], [22.80568, 38.22697], [22.76484, 38.248], [22.79884, 38.28213], [22.74237, 38.29707], [22.71941, 38.31029], [22.69647, 38.31689], [22.67532, 38.34357], [22.68442, 38.36107], [22.67018, 38.38154], [22.6465, 38.38996], [22.6268, 38.37153], [22.64485, 38.36961], [22.64616, 38.36181], [22.63673, 38.35628], [22.61231, 38.36384], [22.58717, 38.33674], [22.58717, 38.33051], [22.60644, 38.32306], [22.60644, 38.31689], [22.59816, 38.31074], [22.60026, 38.30264], [22.58835, 38.29297], [22.57643, 38.2902], [22.56252, 38.29353], [22.54568, 38.30264], [22.52623, 38.33173], [22.53883, 38.33674], [22.52516, 38.35883], [22.47731, 38.40567], [22.46844, 38.42113], [22.40162, 38.45344], [22.40836, 38.4156], [22.37371, 38.39204], [22.386, 38.38019], [22.39478, 38.38515], [22.3986, 38.37592], [22.39609, 38.3682], [22.38111, 38.35786], [22.38794, 38.35102], [22.38233, 38.34269], [22.36753, 38.34188], [22.32252, 38.35102], [22.28493, 38.34733], [22.26645, 38.35855], [22.22486, 38.36005], [22.20932, 38.35293], [22.19597, 38.33954], [22.18921, 38.32308], [22.16879, 38.35102], [22.14578, 38.354], [22.14772, 38.36408], [22.13258, 38.37275], [22.04908, 38.3985], [22.02955, 38.39924], [22.01124, 38.39205], [21.98764, 38.41059], [21.95786, 38.41169], [21.92897, 38.4029], [21.87924, 38.37801], [21.86385, 38.37778], [21.84051, 38.39887], [21.83123, 38.39667], [21.78224, 38.36367], [21.77459, 38.35261], [21.77164, 38.33365], [21.76254, 38.32837], [21.71632, 38.35786], [21.65797, 38.35786], [21.61354, 38.34497], [21.59962, 38.35102], [21.53541, 38.31395], [21.52393, 38.29581], [21.51805, 38.2958], [21.50847, 38.30223], [21.47609, 38.30607], [21.46925, 38.31293], [21.42843, 38.33051], [21.44532, 38.33404], [21.48976, 38.30948], [21.48268, 38.32461], [21.48976, 38.33674], [21.47609, 38.34379], [21.47609, 38.35102], [21.48976, 38.35786], [21.46999, 38.35786], [21.47609, 38.37153], [21.45856, 38.36637], [21.44264, 38.37153], [21.42215, 38.3641], [21.42848, 38.38373], [21.41627, 38.39411], [21.37746, 38.39888], [21.3699, 38.40819], [21.36012, 38.46772], [21.33904, 38.48754], [21.32252, 38.49628], [21.3086, 38.49437], [21.35328, 38.43293], [21.33904, 38.43293], [21.34645, 38.42609], [21.33669, 38.3959], [21.29119, 38.37767], [21.29866, 38.37153], [21.29119, 38.36409], [21.27768, 38.37092], [21.26954, 38.36786], [21.26637, 38.3614], [21.27221, 38.35444], [21.25025, 38.33674], [21.23243, 38.32942], [21.21292, 38.3305], [21.18963, 38.34138], [21.18133, 38.33051], [21.19993, 38.32307], [21.17506, 38.3133], [21.1742, 38.30266], [21.15562, 38.30391], [21.14039, 38.33674], [21.08525, 38.34358], [21.10572, 38.35297], [21.10939, 38.36042], [21.10621, 38.37153], [21.09256, 38.3641], [21.1062, 38.38513], [21.10328, 38.37816], [21.11354, 38.37393], [21.12501, 38.37995], [21.14039, 38.39887], [21.12241, 38.41035], [21.11476, 38.40961], [21.1062, 38.39888], [21.09497, 38.4029], [21.08181, 38.42072], [21.07896, 38.43293], [21.08522, 38.44035], [21.10678, 38.42544], [21.11622, 38.42805], [21.11988, 38.44038], [21.10621, 38.43293], [21.11085, 38.44611], [21.10142, 38.46475], [21.10621, 38.48139], [21.07897, 38.48754], [21.09938, 38.49437], [21.08523, 38.50186], [21.09474, 38.51789], [21.09596, 38.53193], [21.08668, 38.53644], [21.04692, 38.51126], [21.03582, 38.50692], [21.03054, 38.51142], [21.01687, 38.54589], [21.02467, 38.60847], [21.00369, 38.62646], [20.98813, 38.66401], [20.97902, 38.67255], [20.94012, 38.67293], [20.91441, 38.68623], [20.88315, 38.77936], [20.87338, 38.79531], [20.85987, 38.80353], [20.84523, 38.79963], [20.81137, 38.76254], [20.80405, 38.77338], [20.77329, 38.76095], [20.76368, 38.78172], [20.72934, 38.80353], [20.72934, 38.80976], [20.74937, 38.85724], [20.76735, 38.86431], [20.8003, 38.86457], [20.80519, 38.86774], [20.7942, 38.87979], [20.76451, 38.8918], [20.75605, 38.90689], [20.75745, 38.93987], [20.76978, 38.95895], [20.78159, 38.935], [20.81707, 38.92137], [20.83595, 38.9289], [20.85988, 38.96051], [20.8667, 38.96051], [20.87106, 38.94745], [20.86671, 38.94009], [20.87224, 38.93281], [20.86671, 38.92642], [20.90382, 38.92805], [20.91578, 38.9361], [20.92068, 38.95432], [20.92749, 38.95432], [20.93718, 38.94404], [20.97535, 38.94684], [21.00945, 38.93423], [21.02734, 38.93259], [21.02556, 38.89802], [21.0608, 38.88222], [21.08522, 38.86432], [21.08889, 38.87848], [21.09938, 38.88544], [21.09166, 38.90452], [21.10231, 38.91082], [21.12111, 38.91011], [21.13701, 38.9025], [21.16082, 38.878], [21.17262, 38.87352], [21.17742, 38.87604], [21.18133, 38.88544], [21.16969, 38.89582], [21.16684, 38.91087], [21.15455, 38.9134], [21.14019, 38.94108], [21.14723, 38.95433], [21.14195, 38.96239], [21.14504, 38.97138], [21.15262, 38.9767], [21.16082, 38.97419], [21.15992, 38.99775], [21.13559, 39.02338], [21.08522, 39.06293], [21.07439, 39.05004], [21.07892, 39.0363], [21.06528, 39.04051], [21.05519, 39.0375], [21.03736, 39.02196], [21.05832, 39.00899], [21.0032, 39.01513], [21.00318, 39.02196], [20.9909, 39.02425], [20.96567, 39.03937], [20.95355, 39.03427], [20.9442, 39.03857], [20.93484, 39.05671], [20.9485, 39.06293], [20.9485, 39.06977], [20.92018, 39.06453], [20.90138, 39.07722], [20.89389, 39.07722], [20.88818, 39.06721], [20.87037, 39.05931], [20.86671, 39.05305], [20.87094, 39.04312], [20.88646, 39.03645], [20.84495, 39.03694], [20.85987, 39.04247], [20.85776, 39.05891], [20.85499, 39.0655], [20.84622, 39.06295], [20.8462, 39.07722], [20.83237, 39.07689], [20.82573, 39.06982], [20.83806, 39.09174], [20.83416, 39.10847], [20.82244, 39.11449], [20.81137, 39.10457], [20.80519, 39.1114], [20.79541, 39.09863], [20.77719, 39.09089], [20.77719, 39.08344], [20.79182, 39.08079], [20.78401, 39.04927], [20.76157, 39.03242], [20.7575, 39.02196], [20.74318, 39.02949], [20.74537, 39.01472], [20.7575, 39.01512], [20.80388, 38.9853], [20.82349, 38.97784], [20.83178, 38.96369], [20.82878, 38.96053], [20.82035, 38.96217], [20.80209, 38.97065], [20.76637, 38.97761], [20.7575, 38.97419], [20.74692, 38.95795], [20.73512, 38.95011], [20.70225, 38.99815], [20.71583, 39.01512], [20.70574, 39.04857], [20.68653, 39.07246], [20.59589, 39.12386], [20.51783, 39.20075], [20.47887, 39.22517], [20.48243, 39.23428], [20.47514, 39.25534], [20.48243, 39.28266], [20.46022, 39.2773], [20.44825, 39.2895], [20.43344, 39.28287], [20.4192, 39.28337], [20.39356, 39.29694], [20.36557, 39.28768], [20.32489, 39.30379], [20.29283, 39.33344], [20.2907, 39.36465], [20.2697, 39.38736], [20.25896, 39.39728], [20.23603, 39.39937], [20.24285, 39.41242], [20.21562, 39.44033], [20.26734, 39.44693], [20.26393, 39.46076], [20.2156, 39.48872], [20.2156, 39.49493], [20.25506, 39.49238], [20.26393, 39.50861], [20.23601, 39.52082], [20.22202, 39.52131], [20.22241, 39.50862], [20.20216, 39.52041], [20.1907, 39.52168], [20.20191, 39.52973], [20.18312, 39.53327], [20.14959, 39.53364], [20.13359, 39.52975], [20.14552, 39.54707], [20.14667, 39.57068], [20.15406, 39.56391], [20.1609, 39.56436], [20.17457, 39.57685], [20.17458, 39.59796], [20.18824, 39.60419], [20.18181, 39.62446], [20.14821, 39.63753], [20.08888, 39.67308], [20.04422, 39.68101], [20.01002, 39.69355], [19.99684, 39.69257], [19.99585, 39.68672], [19.98903, 39.68672], [19.98359, 39.70136], [19.98694, 39.71771], [20.0027, 39.74824], [19.98066, 39.75731], [19.99586, 39.78294], [20.01417, 39.83295], [20.01629, 39.84504], [20.00978, 39.86567], [19.99928, 39.8714], [19.96169, 39.87858], [19.95883, 39.88935], [19.94117, 39.89899], [19.90644, 39.90645], [19.9066, 39.91283], [19.94117, 39.94001], [19.92369, 39.95304], [19.86345, 40.04536], [19.85523, 40.04987], [19.80712, 40.05299], [19.79658, 40.05732], [19.80453, 40.06346], [19.77735, 40.07779], [19.77052, 40.0635], [19.73268, 40.11026], [19.72902, 40.10823], [19.71909, 40.11603], [19.65348, 40.13231], [19.63549, 40.1405], [19.67748, 40.20564], [19.70286, 40.23514], [19.76396, 40.28739], [19.83771, 40.32976], [19.92146, 40.3604], [19.96564, 40.37076], [20.0434, 40.38024], [20.09027, 40.36162], [20.17283, 40.31622], [20.23469, 40.2657], [20.2855, 40.2036], [20.30189, 40.20304], [20.35445, 40.39306], [20.46259, 40.40393], [20.54475, 40.48595], [20.54141, 40.60059], [20.4682, 40.66592], [20.49918, 40.76472], [20.92561, 40.75098], [21.06065, 40.681], [21.20872, 40.71633], [21.26096, 40.86081], [21.29537, 40.86087], [21.32927, 40.86629], [21.34488, 40.87306], [21.38126, 40.9005], [21.40493, 40.90862], [21.42942, 40.90898], [21.50952, 40.9005], [21.55365, 40.87043], [21.58156, 40.86629], [21.62372, 40.8944], [21.64884, 40.8958], [21.6569, 40.91823], [21.68511, 40.92799], [21.737, 40.91916], [21.76552, 40.92391], [21.77813, 40.93373], [22.034, 40.81971], [22.14261, 40.86199], [22.24229, 40.84256], [22.25128, 40.85011], [22.30875, 41.12498], [22.36766, 41.13237], [22.38016, 41.1317], [22.42181, 41.11465], [22.4675, 41.11501], [22.50067, 41.12214], [22.57126, 41.11951], [22.59018, 41.12514], [22.60733, 41.13599], [22.62449, 41.15263], [22.62935, 41.17707], [22.64454, 41.18023], [22.65612, 41.17806], [22.6741, 41.15661], [22.7049, 41.13966], [22.71575, 41.1456], [22.72344, 41.15915], [23.00501, 41.07266], [23.1842, 41.05647], [23.46741, 41.13274], [23.55584, 41.14664], [23.58936, 41.37169], [23.61244, 41.37102], [23.62774, 41.37851], [23.65285, 41.39763], [23.67218, 41.40295], [23.70535, 41.40316], [23.73822, 41.39747], [23.75445, 41.40068], [23.77708, 41.42905], [23.79207, 41.43447], [23.83093, 41.43561], [23.8516, 41.43959], [23.86772, 41.44548], [23.8948, 41.46434], [23.90286, 41.46352], [23.94989, 41.43758], [23.96467, 41.43835], [23.98131, 41.45086], [23.99712, 41.45701], [24.00074, 41.46414], [24.02285, 41.45308], [24.03474, 41.45132], [24.16, 41.24347], [24.1932, 41.1659], [24.38685, 41.11973], [24.40744, 41.13051], [24.41855, 41.16793], [24.44358, 41.21739], [24.59584, 41.42977], [24.64431, 41.42765], [24.63822, 41.41768], [24.6809, 41.41551], [24.69919, 41.40895], [24.71873, 41.39572], [24.75263, 41.36275], [24.77444, 41.34807], [24.79428, 41.3474], [24.80286, 41.36192], [24.80017, 41.37934], [24.80327, 41.39267], [24.84213, 41.39473], [24.87293, 41.40187], [24.88637, 41.40063], [24.91696, 41.38636], [25.08036, 41.33407], [25.10186, 41.33665], [25.11653, 41.32073], [25.15788, 41.30611], [25.1771, 41.29386], [25.21968, 41.24973], [25.23911, 41.2409], [25.26226, 41.2381], [25.28572, 41.2394], [25.45346, 41.28043], [25.4791, 41.28379], [25.50509, 41.28058], [25.51491, 41.28348], [25.52369, 41.29169], [25.53795, 41.31221], [25.55149, 41.31567], [25.63976, 41.31107], [25.67045, 41.29919], [25.69123, 41.29841], [25.71748, 41.31412], [25.76347, 41.31903], [25.81101, 41.34104], [25.83334, 41.33464], [25.86269, 41.31009], [25.88202, 41.30404], [25.89628, 41.30627], [25.92119, 41.31603], [25.95963, 41.315], [25.98227, 41.32327], [26.32106, 41.18762], [26.32416, 41.16989], [26.33605, 41.15258], [26.31734, 41.13046], [26.31734, 41.1223], [26.33946, 41.11449], [26.3224, 41.08855], [26.32509, 41.07408], [26.34762, 41.04096], [26.37418, 41.03114], [26.37501, 41.01946], [26.36809, 41.00773], [26.35961, 41.00241], [26.33594, 40.99714], [26.33315, 40.99073], [26.33605, 40.98189], [26.35909, 40.96468], [26.33501, 40.94624], [26.30649, 40.936], [26.29439, 40.92665], [26.30328, 40.91549], [26.30401, 40.90903], [26.2822, 40.90722], [26.27517, 40.91027], [26.26649, 40.92045], [26.26039, 40.92045], [26.25223, 40.90055], [26.2392, 40.88567], [26.23238, 40.88567], [26.22618, 40.89931], [26.22525, 40.8836], [26.21192, 40.87947], [26.21254, 40.87311], [26.21864, 40.87198], [26.20582, 40.865], [26.2051, 40.85839], [26.21202, 40.84743], [26.15828, 40.81219], [26.14298, 40.79379], [26.13451, 40.76712], [26.11229, 40.74697], [26.19349, 40.61699], [26.18324, 40.60174], [26.11736, 40.602], [26.09132, 40.60542], [26.07681, 40.61199], [26.05374, 40.66059], [26.06088, 40.67585], [26.05812, 40.6977], [26.04811, 40.71963], [26.03324, 40.73505], [26.04689, 40.7425], [26.036, 40.75776], [26.02735, 40.79613], [26.00589, 40.80395], [26.00587, 40.81078], [26.05372, 40.81623], [26.06056, 40.82075], [26.05397, 40.83096], [26.03891, 40.83251], [26.01222, 40.82445], [26.00587, 40.83877], [25.99838, 40.83877], [26.00587, 40.81704], [25.99843, 40.81704], [25.98292, 40.83088], [25.95167, 40.84553], [25.91863, 40.85297], [25.89666, 40.84493], [25.8257, 40.84969], [25.80323, 40.85651], [25.73219, 40.85176], [25.6045, 40.87617], [25.56715, 40.86544], [25.53806, 40.87038], [25.48683, 40.89712], [25.41969, 40.90641], [25.38299, 40.91902], [25.34083, 40.94172], [25.29965, 40.95185], [25.26612, 40.92692], [25.2593, 40.92692], [25.2588, 40.93195], [25.18068, 40.94271], [25.13406, 40.96288], [25.14016, 40.98358], [25.15846, 40.99429], [25.16993, 40.9958], [25.13844, 41.01008], [25.03907, 41.00605], [25.03955, 40.98957], [25.01852, 40.97496], [24.99171, 40.96845], [24.99902, 40.94994], [24.98975, 40.94214], [24.95387, 40.94115], [24.8921, 40.92064], [24.86354, 40.90522], [24.83398, 40.87475], [24.80201, 40.85347], [24.7658, 40.86542], [24.72836, 40.85274], [24.70875, 40.85176], [24.69013, 40.85859], [24.69752, 40.86542], [24.66277, 40.87971], [24.63542, 40.8586], [24.62868, 40.8586], [24.59622, 40.90119], [24.60076, 40.9138], [24.57554, 40.92671], [24.56666, 40.95173], [24.50514, 40.96162], [24.47291, 40.95173], [24.46412, 40.94116], [24.44313, 40.94806], [24.41554, 40.94554], [24.39178, 40.93647], [24.37223, 40.91414], [24.31267, 40.87971], [24.33222, 40.86304], [24.33134, 40.85527], [24.30983, 40.85053], [24.30568, 40.84174], [24.31528, 40.83222], [24.34064, 40.83128], [24.11011, 40.72786], [24.07281, 40.72143], [24.03004, 40.72335], [23.98667, 40.7321], [23.87403, 40.77765], [23.84205, 40.78335], [23.80926, 40.78042], [23.75408, 40.76301], [23.7107, 40.73762], [23.69703, 40.72142], [23.69174, 40.69538], [23.70021, 40.67365], [23.71803, 40.65868], [23.75562, 40.64565], [23.78649, 40.60637], [23.79265, 40.58796], [23.83351, 40.56379], [23.84669, 40.56029], [23.88884, 40.56378], [23.89527, 40.55305], [23.91487, 40.53888], [23.91552, 40.52961], [23.90723, 40.52539], [23.83823, 40.51874], [23.82301, 40.50698], [23.81902, 40.48774], [23.82667, 40.46137], [23.86818, 40.41352], [23.91554, 40.38935], [23.96388, 40.37946], [24.00245, 40.38638], [24.01173, 40.39248], [24.01157, 40.40184], [23.99124, 40.43407], [23.99871, 40.44086], [23.99125, 40.44769], [24.0114, 40.44915], [24.0288, 40.43207], [24.05323, 40.39248], [24.08579, 40.36603], [24.1089, 40.35741], [24.12843, 40.36517], [24.14612, 40.36047], [24.144, 40.38818], [24.14712, 40.46491], [24.21758, 40.52158], [24.24794, 40.53768], [24.26186, 40.53964], [24.29921, 40.52939], [24.31885, 40.51918], [24.35541, 40.49293], [24.38229, 40.46468], [24.38979, 40.45199], [24.3937, 40.43831], [24.39499, 40.402], [24.38721, 40.36254], [24.3699, 40.33021], [24.35747, 40.31985], [24.31474, 40.30707], [24.2485, 40.30408], [24.26651, 40.2888], [24.32065, 40.22797], [24.3833, 40.17914], [24.39372, 40.15271], [24.36109, 40.1324], [24.31861, 40.12471], [24.29999, 40.12809], [24.28614, 40.16055], [24.2383, 40.187], [24.16896, 40.2753], [24.12843, 40.29003], [24.04787, 40.30119], [24.01922, 40.3105], [23.93653, 40.36518], [23.92262, 40.36933], [23.88502, 40.36519], [23.83351, 40.37202], [23.78223, 40.3527], [23.75961, 40.3492], [23.73048, 40.35895], [23.69972, 40.32636], [23.69361, 40.30923], [23.69565, 40.29291], [23.71632, 40.25532], [23.75765, 40.23167], [23.76433, 40.2154], [23.77858, 40.2027], [23.86769, 40.17276], [23.88022, 40.17632], [23.89673, 40.17132], [23.94068, 40.14155], [23.98023, 40.13067], [23.99121, 40.11872], [23.98999, 40.11002], [23.97739, 40.10049], [23.97755, 40.09081], [24.00114, 40.07493], [24.00488, 40.06721], [24.00169, 40.05878], [23.98422, 40.05362], [23.98683, 40.04218], [23.99342, 40.03754], [24.01171, 40.04364], [24.01222, 40.02656], [24.0192, 40.0163], [23.99252, 39.99885], [23.98805, 39.98998], [23.9987, 39.98159], [23.9987, 39.97477], [23.97934, 39.97431], [23.9699, 39.96809], [23.97283, 39.96186], [23.9912, 39.96109], [23.99121, 39.95361], [23.93995, 39.95247], [23.9197, 39.95637], [23.92286, 39.97476], [23.90066, 39.97119], [23.89765, 39.97793], [23.90252, 39.98843], [23.86086, 40.00581], [23.85621, 40.01675], [23.8449, 40.02412], [23.83123, 40.02652], [23.82407, 40.02192], [23.82664, 40.00892], [23.78526, 40.06699], [23.79331, 40.09382], [23.77834, 40.10164], [23.7645, 40.12617], [23.67547, 40.21792], [23.64178, 40.23542], [23.5403, 40.24479], [23.48414, 40.2696], [23.43849, 40.2792], [23.39828, 40.27774], [23.365, 40.26171], [23.3401, 40.22797], [23.33766, 40.20844], [23.36362, 40.15046], [23.40083, 40.14383], [23.46925, 40.06708], [23.49887, 40.0423], [23.60271, 39.99848], [23.67025, 39.98606], [23.67596, 39.96109], [23.69728, 39.9405], [23.74787, 39.93048], [23.73998, 39.92318], [23.70314, 39.91268], [23.61647, 39.92333], [23.47096, 39.97163], [23.44654, 39.97476], [23.36063, 39.9611], [23.3816, 40.00267], [23.36069, 40.03263], [23.35271, 40.05707], [23.31659, 40.08886], [23.30593, 40.10448], [23.31959, 40.13679], [23.32456, 40.17495], [23.31861, 40.21052], [23.29908, 40.23542], [23.25864, 40.25312], [23.19956, 40.26627], [23.16619, 40.27985], [23.14894, 40.27645], [23.09693, 40.3061], [23.02916, 40.32576], [23.01092, 40.35122], [22.96388, 40.37946], [22.9275, 40.3885], [22.88822, 40.38631], [22.89772, 40.40204], [22.88966, 40.41836], [22.86022, 40.4477], [22.86744, 40.44945], [22.8672, 40.45392], [22.83092, 40.48579], [22.82164, 40.50214], [22.84352, 40.50917], [22.94158, 40.51716], [22.98316, 40.55268], [22.9769, 40.57062], [22.94176, 40.58735], [22.94956, 40.60541], [22.93377, 40.63093], [22.91049, 40.6446], [22.88307, 40.64728], [22.85401, 40.63947], [22.86108, 40.62055], [22.85058, 40.59342], [22.81592, 40.57063], [22.79567, 40.5708], [22.77833, 40.57807], [22.75856, 40.56778], [22.74594, 40.55524], [22.74252, 40.54035], [22.75032, 40.52278], [22.73666, 40.52961], [22.73665, 40.51534], [22.73048, 40.51534], [22.73048, 40.52277], [22.72315, 40.52277], [22.719, 40.51098], [22.71095, 40.51163], [22.68898, 40.52278], [22.68849, 40.52749], [22.67351, 40.52684], [22.65772, 40.51667], [22.65626, 40.50454], [22.67527, 40.49617], [22.65968, 40.49291], [22.65072, 40.47282], [22.6268, 40.48188], [22.60287, 40.48127], [22.57911, 40.46821], [22.60376, 40.44399], [22.60872, 40.42817], [22.60646, 40.41356], [22.63998, 40.38369], [22.65836, 40.37945], [22.66113, 40.36905], [22.62062, 40.31049], [22.59034, 40.24164], [22.59082, 40.23017], [22.5525, 40.16657], [22.54965, 40.14387], [22.56771, 40.1105], [22.57287, 40.08794], [22.5713, 40.05427], [22.58765, 40.0449], [22.60027, 40.0163], [22.66717, 39.97435], [22.69092, 39.96816], [22.69858, 39.96088], [22.70785, 39.96136], [22.71013, 39.93378], [22.73048, 39.8854], [22.77866, 39.84984], [22.80132, 39.84016], [22.84051, 39.8032], [22.85874, 39.77298], [22.87175, 39.71581], [22.90194, 39.65864], [22.92514, 39.59951], [22.93946, 39.58063], [23.00489, 39.5434], [23.05591, 39.52724], [23.09763, 39.50157], [23.11411, 39.46699], [23.12566, 39.45441], [23.21094, 39.37933], [23.22381, 39.35859], [23.27132, 39.32294], [23.29225, 39.26899], [23.34228, 39.19261], [23.34375, 39.17964], [23.30127, 39.15136], [23.20973, 39.13182], [23.23021, 39.12442], [23.23022, 39.11816], [23.20362, 39.10457], [23.1692, 39.10659], [23.14625, 39.10175], [23.11549, 39.0883], [23.05203, 39.09773], [23.07309, 39.12442], [23.06773, 39.138], [23.08107, 39.14719], [23.11409, 39.15911], [23.1006, 39.10456], [23.17172, 39.13496], [23.18238, 39.14614], [23.17557, 39.15546], [23.18133, 39.15867], [23.19093, 39.1581], [23.19923, 39.15144], [23.21713, 39.17963], [23.17556, 39.23428], [23.17986, 39.2508], [23.16912, 39.26854], [23.1425, 39.29045], [23.09815, 39.3122], [23.02053, 39.31754], [23.01856, 39.33047], [22.99806, 39.35712], [22.93588, 39.36058], [22.94287, 39.34415], [22.93279, 39.336], [22.92905, 39.3242], [22.93214, 39.3122], [22.94286, 39.30317], [22.84254, 39.28848], [22.82618, 39.27216], [22.82618, 39.22126], [22.85402, 39.15913], [22.8602, 39.15913], [22.88087, 39.17963], [22.87698, 39.19037], [22.89013, 39.18426], [22.89503, 39.1728], [22.90186, 39.17962], [22.92058, 39.12515], [22.93605, 39.1114], [22.93588, 39.11612], [22.94288, 39.11815], [22.93605, 39.13181], [22.9611, 39.11904], [22.98243, 39.08442], [22.99804, 39.06977], [22.99195, 39.05732], [22.99804, 39.04927], [22.96648, 39.03465], [22.95883, 39.02513], [22.96388, 39.00898], [23.01532, 39.03318], [23.04219, 39.04003], [23.07308, 39.04246], [23.07308, 39.03629], [23.02329, 39.00845], [23.00716, 38.97395], [22.98454, 38.95434], [22.95639, 38.95433], [22.93605, 38.94684], [22.94286, 38.93261], [22.92856, 38.93159], [22.89873, 38.91969], [22.85987, 38.92853], [22.84653, 38.92642], [22.83667, 38.89648], [22.82959, 38.89168], [22.8047, 38.89102], [22.79199, 38.87801], [22.73268, 38.87239], [22.71827, 38.8898], [22.68897, 38.87801], [22.62159, 38.9145], [22.58082, 38.89363], [22.55209, 38.88923], [22.53882, 38.87801], [22.52508, 38.88544], [22.52508, 38.85814], [22.57291, 38.86431], [22.57291, 38.85815], [22.55388, 38.84809], [22.56332, 38.83625], [22.58277, 38.83198], [22.59344, 38.84446], [22.60025, 38.84446], [22.59343, 38.83023], [22.63266, 38.83514], [22.64112, 38.83023], [22.69028, 38.84999]], [[22.45426, 39.51235], [22.46392, 39.51368], [22.46836, 39.52371], [22.42876, 39.60425], [22.47603, 39.62217], [22.5407, 39.63849], [22.54667, 39.64354], [22.5458, 39.65116], [22.39961, 39.68535], [22.31691, 39.71904], [22.30373, 39.73766], [22.22871, 39.79749], [22.17516, 39.85982], [22.1662, 39.85969], [22.15964, 39.85386], [22.16101, 39.82683], [22.1847, 39.76134], [22.23503, 39.68218], [22.26277, 39.66429], [22.34224, 39.63127], [22.37104, 39.61483], [22.38124, 39.59788], [22.39141, 39.55408], [22.40171, 39.53739], [22.43078, 39.52102], [22.45426, 39.51235]]], [[[23.25066, 39.1197], [23.25598, 39.12415], [23.28366, 39.12496], [23.37507, 39.11026], [23.41208, 39.09308], [23.4219, 39.08495], [23.4225, 39.08098], [23.41369, 39.06976], [23.39591, 39.05704], [23.37497, 39.04753], [23.35682, 39.04576], [23.32108, 39.05874], [23.28466, 39.07791], [23.25788, 39.09926], [23.25121, 39.10978], [23.25066, 39.1197]]], [[[20.21942, 39.14013], [20.21735, 39.15244], [20.22851, 39.15627], [20.24545, 39.14012], [20.25828, 39.13288], [20.24699, 39.12964], [20.22739, 39.14081], [20.21942, 39.14013]]], [[[23.4253, 39.14867], [23.39529, 39.14616], [23.3987, 39.16364], [23.42945, 39.17621], [23.44468, 39.19847], [23.47047, 39.2138], [23.49029, 39.20369], [23.49394, 39.19304], [23.51285, 39.17853], [23.50513, 39.15914], [23.48902, 39.16877], [23.47511, 39.15778], [23.46045, 39.13183], [23.4253, 39.14867]]], [[[20.14039, 39.24167], [20.19011, 39.20262], [20.2019, 39.17964], [20.16872, 39.18282], [20.13868, 39.20905], [20.12535, 39.23602], [20.14039, 39.24167]]], [[[19.94799, 39.79034], [19.94629, 39.75923], [19.93376, 39.74116], [19.84156, 39.70417], [19.83595, 39.69245], [19.83912, 39.67988], [19.84767, 39.66999], [19.85864, 39.66624], [19.85864, 39.65884], [19.84498, 39.65884], [19.84498, 39.65266], [19.90382, 39.62906], [19.92749, 39.6253], [19.92331, 39.60335], [19.91715, 39.59887], [19.90016, 39.60419], [19.91187, 39.5834], [19.93653, 39.47297], [19.96144, 39.46296], [20.00247, 39.45408], [20.03272, 39.43928], [20.05047, 39.44033], [20.07407, 39.44895], [20.08187, 39.44732], [20.11792, 39.371], [20.10573, 39.36466], [20.0324, 39.39501], [19.99928, 39.39937], [19.95484, 39.42609], [19.9118, 39.43033], [19.9075, 39.435], [19.92172, 39.43781], [19.9275, 39.44717], [19.87973, 39.46076], [19.87891, 39.45321], [19.85473, 39.48923], [19.84083, 39.55199], [19.82887, 39.57233], [19.80982, 39.58906], [19.74856, 39.62003], [19.71892, 39.67308], [19.68971, 39.67415], [19.68134, 39.68], [19.67434, 39.69355], [19.67701, 39.7167], [19.67172, 39.72407], [19.65318, 39.71469], [19.65016, 39.74177], [19.64161, 39.74795], [19.6265, 39.74825], [19.6675, 39.79351], [19.76971, 39.79808], [19.79908, 39.8028], [19.85182, 39.82452], [19.86557, 39.82102], [19.89283, 39.80341], [19.92872, 39.79218], [19.93434, 39.78294], [19.94117, 39.78294], [19.94117, 39.79034], [19.94799, 39.79034]]], [[[24.92514, 35.10148], [25.02776, 35.15989], [25.07375, 35.17637], [25.13122, 35.17237], [25.17477, 35.16039], [25.20756, 35.14198], [25.21586, 35.13069], [25.22024, 35.098], [25.20851, 35.05407], [25.17573, 34.98307], [25.16769, 34.95107], [25.17453, 34.93876], [25.194, 34.91811], [25.22919, 34.89731], [25.23931, 34.89612], [25.29041, 34.90917], [25.45356, 34.98329], [25.60013, 34.98416], [25.65656, 34.99546], [25.6825, 35.00686], [25.7618, 35.06355], [25.78303, 35.07437], [25.80551, 35.08038], [25.82961, 35.07986], [25.85572, 35.07109], [25.85306, 35.05836], [25.85801, 35.05673], [25.85493, 35.04196], [25.84713, 35.03025], [25.78385, 34.98601], [25.76851, 34.95518], [25.76544, 34.93707], [25.77642, 34.92229], [25.78814, 34.91663], [25.82212, 34.912], [25.81989, 34.89797], [25.82414, 34.8977], [25.82102, 34.87784], [25.81114, 34.85531], [25.77788, 34.80683], [25.71969, 34.74258], [25.69759, 34.72283], [25.67533, 34.71549], [25.64825, 34.7117], [25.61258, 34.71218], [25.55711, 34.72636], [25.42626, 34.76933], [25.3713, 34.77962], [25.34523, 34.77238], [25.27547, 34.73022], [25.23129, 34.72641], [25.16815, 34.73203], [25.04269, 34.75328], [24.9942, 34.75703], [24.96669, 34.7532], [24.90427, 34.72956], [24.86626, 34.72514], [24.75964, 34.75392], [24.72712, 34.75386], [24.66592, 34.74224], [24.63418, 34.7414], [24.54994, 34.76165], [24.52099, 34.76665], [24.49373, 34.76634], [24.46938, 34.75808], [24.44924, 34.73925], [24.43457, 34.70723], [24.29949, 34.69122], [24.1525, 34.71008], [24.08525, 34.7226], [24.09558, 34.7346], [24.08514, 34.73697], [24.09231, 34.74623], [24.12722, 34.77221], [24.14159, 34.78875], [24.14498, 34.79716], [24.1411, 34.82622], [24.10698, 34.86199], [24.05217, 34.89341], [23.98473, 34.9203], [23.91269, 34.9426], [23.72869, 34.98672], [23.62642, 34.99971], [23.54072, 35.00211], [23.43504, 34.9852], [23.40025, 34.98567], [23.38661, 34.99516], [23.35767, 35.03776], [23.33229, 35.04652], [23.28491, 35.05391], [23.16368, 35.06072], [22.98959, 35.04189], [22.93965, 35.04141], [22.91999, 35.04852], [22.8994, 35.06278], [22.883, 35.08034], [22.87587, 35.09735], [22.8812, 35.15307], [22.9253, 35.29644], [22.94983, 35.418], [22.96618, 35.46453], [22.97724, 35.48217], [22.98258, 35.48468], [22.98815, 35.46646], [22.99345, 35.41474], [23.00239, 35.39023], [23.01947, 35.37913], [23.04467, 35.36972], [23.06947, 35.3661], [23.07905, 35.36774], [23.08532, 35.37238], [23.09296, 35.39144], [23.09307, 35.48833], [23.0971, 35.52673], [23.10501, 35.54613], [23.11987, 35.5578], [23.1345, 35.55727], [23.14498, 35.54519], [23.15257, 35.52479], [23.17063, 35.44569], [23.17919, 35.42412], [23.19104, 35.41034], [23.2074, 35.40249], [23.25307, 35.39202], [23.30645, 35.38804], [23.37583, 35.39302], [23.41779, 35.41171], [23.51295, 35.47281], [23.53513, 35.48318], [23.55528, 35.48822], [23.56336, 35.48644], [23.57579, 35.47062], [23.58299, 35.44607], [23.58236, 35.39906], [23.56632, 35.38047], [23.52544, 35.35114], [23.51022, 35.33563], [23.51538, 35.32948], [23.52782, 35.32358], [23.59972, 35.31014], [23.62622, 35.29988], [23.6416, 35.27431], [23.66731, 35.20436], [23.67673, 35.19259], [23.6887, 35.18642], [23.71895, 35.18283], [23.79494, 35.18687], [23.87895, 35.20012], [23.98675, 35.22248], [24.01569, 35.23387], [24.08236, 35.26972], [24.1118, 35.27845], [24.13963, 35.27343], [24.20424, 35.24589], [24.23228, 35.23837], [24.27608, 35.2411], [24.38226, 35.25673], [24.42528, 35.25482], [24.43328, 35.2498], [24.43973, 35.24063], [24.46064, 35.19011], [24.46732, 35.18093], [24.47563, 35.1759], [24.54964, 35.16489], [24.73358, 35.15621], [24.8091, 35.14661], [24.82645, 35.13472], [24.86141, 35.09361], [24.87923, 35.08576], [24.90117, 35.09113], [24.92514, 35.10148]]], [[[24.85818, 36.45313], [24.8347, 36.43976], [24.80972, 36.43176], [24.78525, 36.43005], [24.76333, 36.43553], [24.79091, 36.55549], [24.80249, 36.57841], [24.8168, 36.59134], [24.83271, 36.59579], [24.84908, 36.59323], [24.8648, 36.58509], [24.88991, 36.5579], [24.89708, 36.54178], [24.89957, 36.51625], [24.8926, 36.49231], [24.87815, 36.47096], [24.85818, 36.45313]]], [[[24.85001, 36.64677], [24.84085, 36.66522], [24.86166, 36.66595], [24.94792, 36.62433], [24.9637, 36.59635], [24.92287, 36.60229], [24.89552, 36.62425], [24.85001, 36.64677]]], [[[23.78101, 36.78397], [23.79781, 36.78374], [23.81473, 36.77853], [23.86492, 36.75549], [23.88102, 36.75282], [23.9019, 36.75486], [23.93568, 36.76821], [24.00666, 36.82789], [24.02399, 36.839], [24.06349, 36.85492], [24.10523, 36.86228], [24.14422, 36.86091], [24.17701, 36.84959], [24.1868, 36.84031], [24.19086, 36.82958], [24.18958, 36.81794], [24.17248, 36.79394], [24.13847, 36.77255], [24.00904, 36.72695], [23.90579, 36.67312], [23.86284, 36.65942], [23.84136, 36.65854], [23.81991, 36.66305], [23.78844, 36.67598], [23.75657, 36.69622], [23.74491, 36.70923], [23.73848, 36.72426], [23.73904, 36.74134], [23.74841, 36.76058], [23.76449, 36.777], [23.78101, 36.78397]]], [[[24.73872, 36.92961], [24.75869, 36.96996], [24.76578, 36.94921], [24.73872, 36.92961]]], [[[24.35057, 37.12361], [24.34675, 37.08631], [24.33475, 37.0601], [24.32813, 37.05226], [24.31282, 37.04586], [24.2822, 37.05567], [24.24863, 37.07941], [24.23305, 37.08572], [24.21679, 37.08731], [24.17952, 37.0802], [24.1705, 37.08919], [24.17483, 37.10986], [24.19667, 37.12909], [24.22981, 37.14456], [24.26802, 37.15398], [24.30503, 37.15513], [24.33461, 37.14577], [24.35057, 37.12361]]], [[[24.79494, 37.18581], [24.80611, 37.17046], [24.80619, 37.15539], [24.78969, 37.13603], [24.76512, 37.12755], [24.73659, 37.12879], [24.70821, 37.13856], [24.68416, 37.15562], [24.66869, 37.17874], [24.66609, 37.20665], [24.68071, 37.23807], [24.70531, 37.23372], [24.7278, 37.22539], [24.77597, 37.20062], [24.79494, 37.18581]]], [[[24.1083, 37.37167], [24.11014, 37.38343], [24.11792, 37.39321], [24.13079, 37.40112], [24.16844, 37.41158], [24.21563, 37.41626], [24.25325, 37.41554], [24.26632, 37.4113], [24.27524, 37.40339], [24.27979, 37.39102], [24.27972, 37.37335], [24.26918, 37.32886], [24.26025, 37.31458], [24.22535, 37.29204], [24.1564, 37.23726], [24.14906, 37.23447], [24.13906, 37.23594], [24.1339, 37.24094], [24.13399, 37.2581], [24.14738, 37.29783], [24.15137, 37.32303], [24.12561, 37.34186], [24.11318, 37.35783], [24.1083, 37.37167]]], [[[23.89813, 37.49448], [23.9196, 37.48826], [23.93392, 37.4785], [23.94254, 37.46317], [23.92613, 37.46703], [23.91546, 37.48033], [23.89684, 37.49019], [23.89813, 37.49448]]], [[[24.49401, 37.39961], [24.49121, 37.41428], [24.49326, 37.42844], [24.49898, 37.44221], [24.53459, 37.49702], [24.5425, 37.51984], [24.54194, 37.54137], [24.52555, 37.59003], [24.52951, 37.61712], [24.53847, 37.62865], [24.55091, 37.63487], [24.56576, 37.63695], [24.66093, 37.6234], [24.66816, 37.6165], [24.67533, 37.6012], [24.67952, 37.57754], [24.67877, 37.53725], [24.67363, 37.51533], [24.66608, 37.50046], [24.64764, 37.48332], [24.59669, 37.46348], [24.58087, 37.45399], [24.53014, 37.41145], [24.50706, 37.40099], [24.49401, 37.39961]]], [[[23.95971, 37.64282], [23.9411, 37.64217], [23.93557, 37.6459], [23.93866, 37.65708], [23.95971, 37.65139], [23.95971, 37.64282]]], [[[24.81334, 37.67575], [24.79599, 37.69368], [24.79364, 37.70246], [24.79644, 37.71096], [24.80508, 37.71906], [24.82954, 37.72887], [24.85739, 37.73001], [24.9178, 37.7154], [25.00105, 37.68478], [25.03244, 37.68179], [25.08485, 37.69402], [25.10108, 37.68634], [25.10566, 37.67618], [25.10408, 37.6649], [25.09779, 37.65294], [25.046, 37.5985], [24.98826, 37.60506], [24.95574, 37.61447], [24.86049, 37.64956], [24.81334, 37.67575]]], [[[23.45932, 37.72333], [23.43443, 37.7336], [23.42453, 37.76157], [23.42564, 37.76821], [23.54615, 37.77439], [23.56314, 37.76825], [23.54493, 37.74506], [23.54614, 37.73347], [23.53207, 37.72533], [23.52563, 37.69246], [23.48414, 37.67887], [23.45738, 37.69246], [23.45738, 37.69928], [23.469, 37.70502], [23.46827, 37.7145], [23.45932, 37.72333]]], [[[23.76351, 37.77597], [23.76335, 37.76399], [23.75385, 37.76517], [23.75157, 37.76951], [23.75523, 37.77512], [23.76351, 37.77597]]], [[[24.27544, 38.00934], [24.28296, 37.9984], [24.27783, 37.9851], [24.26498, 37.97847], [24.25416, 37.98163], [24.2396, 37.97774], [24.2287, 37.98282], [24.24305, 38.01309], [24.25437, 38.01993], [24.26319, 38.01877], [24.27544, 38.00934]]], [[[24.65652, 37.78043], [24.63412, 37.80008], [24.60762, 37.84175], [24.59427, 37.87864], [24.58321, 37.89096], [24.57189, 37.89319], [24.49633, 37.88871], [24.4869, 37.89241], [24.48187, 37.89843], [24.48111, 37.90651], [24.49173, 37.92771], [24.54159, 37.97432], [24.50957, 37.96263], [24.47718, 37.96241], [24.47096, 37.98046], [24.44776, 38.01057], [24.4297, 38.02119], [24.40309, 38.01191], [24.3864, 37.99653], [24.4021, 37.98794], [24.4021, 37.98046], [24.38689, 37.97038], [24.37176, 37.97192], [24.33864, 37.99674], [24.31383, 38.02925], [24.31399, 38.0351], [24.327, 38.04255], [24.31479, 38.06489], [24.30568, 38.07176], [24.29226, 38.0699], [24.28631, 38.08625], [24.2693, 38.0954], [24.24871, 38.09687], [24.23146, 38.09033], [24.21502, 38.09557], [24.20396, 38.09034], [24.20477, 38.09682], [24.21078, 38.0978], [24.21078, 38.12446], [24.20281, 38.13007], [24.18605, 38.1274], [24.18297, 38.135], [24.21078, 38.166], [24.20875, 38.17862], [24.19403, 38.19213], [24.18531, 38.21796], [24.17448, 38.22534], [24.15699, 38.22956], [24.14259, 38.22696], [24.14875, 38.21322], [24.12625, 38.21748], [24.13113, 38.23582], [24.1631, 38.26781], [24.15349, 38.28132], [24.14552, 38.28091], [24.12843, 38.26781], [24.12574, 38.25609], [24.1094, 38.2563], [24.11476, 38.2753], [24.10094, 38.2753], [24.12159, 38.30948], [24.07944, 38.32538], [24.02546, 38.33052], [24.05974, 38.34125], [24.0669, 38.35102], [24.05904, 38.36029], [24.05942, 38.37767], [24.04225, 38.40152], [24.03891, 38.39542], [23.98081, 38.39887], [23.91236, 38.39204], [23.84376, 38.40567], [23.79371, 38.39851], [23.70997, 38.4125], [23.66334, 38.40421], [23.64918, 38.40567], [23.63852, 38.41551], [23.61443, 38.46088], [23.60743, 38.4538], [23.594, 38.45344], [23.63575, 38.50092], [23.6281, 38.51511], [23.62812, 38.52236], [23.63551, 38.52237], [23.63551, 38.52855], [23.59995, 38.57136], [23.53976, 38.58235], [23.50534, 38.59727], [23.49773, 38.63101], [23.45315, 38.65803], [23.44597, 38.67674], [23.38161, 38.70727], [23.35336, 38.73139], [23.33767, 38.73896], [23.32301, 38.76252], [23.20232, 38.8299], [23.14356, 38.85065], [23.06911, 38.84659], [23.03639, 38.87446], [22.96941, 38.88911], [22.95639, 38.88544], [22.95639, 38.878], [22.9839, 38.87352], [22.99194, 38.86469], [22.99072, 38.85066], [22.98153, 38.84498], [22.8558, 38.83295], [22.83303, 38.82276], [22.83743, 38.85447], [22.87485, 38.8749], [22.90748, 38.88231], [22.95281, 38.90159], [22.98292, 38.90766], [23.03565, 38.92642], [23.04592, 38.94684], [23.08676, 38.95433], [23.09734, 38.97207], [23.09443, 38.98785], [23.10906, 38.99177], [23.12746, 39.0058], [23.13778, 39.0089], [23.19972, 39.00898], [23.27296, 39.03876], [23.29908, 39.04246], [23.32984, 39.02196], [23.37158, 39.01031], [23.38159, 39.00153], [23.37436, 38.98249], [23.38461, 38.96752], [23.40455, 38.95783], [23.42562, 38.95432], [23.45069, 38.87458], [23.48048, 38.83808], [23.52466, 38.82318], [23.56788, 38.79385], [23.59399, 38.78924], [23.594, 38.77021], [23.60759, 38.77557], [23.61996, 38.76553], [23.66228, 38.75507], [23.6727, 38.76043], [23.68336, 38.75507], [23.70265, 38.76507], [23.72266, 38.76194], [23.73844, 38.74941], [23.75359, 38.71918], [23.813, 38.69367], [23.8576, 38.68252], [23.90634, 38.67932], [23.94776, 38.66942], [23.96656, 38.67011], [23.98423, 38.68621], [24.00571, 38.67805], [24.07309, 38.67938], [24.15537, 38.65277], [24.13494, 38.64387], [24.12623, 38.6352], [24.1211, 38.6081], [24.12648, 38.59858], [24.21607, 38.53953], [24.23144, 38.52237], [24.20655, 38.50682], [24.18816, 38.47411], [24.18434, 38.43964], [24.20393, 38.41868], [24.20395, 38.41272], [24.18507, 38.40762], [24.18816, 38.39883], [24.21077, 38.37767], [24.21485, 38.33641], [24.25244, 38.29238], [24.25262, 38.26557], [24.25781, 38.25898], [24.24513, 38.24116], [24.25245, 38.22797], [24.29225, 38.20018], [24.32699, 38.18593], [24.33758, 38.16283], [24.34441, 38.15925], [24.39258, 38.164], [24.42066, 38.14737], [24.47779, 38.13874], [24.49692, 38.1463], [24.58764, 38.15923], [24.57895, 38.10932], [24.57993, 38.08422], [24.59448, 38.0624], [24.56733, 37.98976], [24.58099, 37.99781], [24.61736, 38.00875], [24.65061, 38.00836], [24.67961, 37.99697], [24.70391, 37.9735], [24.75701, 37.99656], [24.77906, 38.00022], [24.7937, 37.99408], [24.75735, 37.92671], [24.73056, 37.88976], [24.74396, 37.85126], [24.76242, 37.83549], [24.81255, 37.81538], [24.82582, 37.80188], [24.82601, 37.78528], [24.81771, 37.77192], [24.80309, 37.76169], [24.76333, 37.75012], [24.72357, 37.74975], [24.70898, 37.75352], [24.65652, 37.78043]]], [[[24.35181, 38.81734], [24.36547, 38.78623], [24.38163, 38.774], [24.41078, 38.76464], [24.46706, 38.76533], [24.49332, 38.75774], [24.51216, 38.73843], [24.51544, 38.71912], [24.50759, 38.70095], [24.49185, 38.68571], [24.46073, 38.67204], [24.41203, 38.66972], [24.36046, 38.67966], [24.28357, 38.70634], [24.23515, 38.71955], [24.22236, 38.72637], [24.21649, 38.73753], [24.22007, 38.75931], [24.21715, 38.77026], [24.18125, 38.8043], [24.1757, 38.81241], [24.17498, 38.82028], [24.18082, 38.82791], [24.21274, 38.84064], [24.24714, 38.8465], [24.28474, 38.84788], [24.31928, 38.84251], [24.33908, 38.83266], [24.35181, 38.81734]]], [[[24.37174, 38.8337], [24.35775, 38.82752], [24.34264, 38.83406], [24.35551, 38.85047], [24.37248, 38.83825], [24.37174, 38.8337]]], [[[23.71681, 39.07723], [23.69256, 39.08893], [23.66603, 39.09277], [23.65806, 39.09773], [23.65847, 39.10431], [23.66832, 39.11052], [23.77158, 39.10027], [23.74122, 39.08028], [23.71681, 39.07723]]], [[[23.93873, 39.33794], [23.95037, 39.3403], [23.96244, 39.33767], [23.97046, 39.33119], [23.9751, 39.3219], [23.97686, 39.29899], [23.97037, 39.26911], [23.96227, 39.25416], [23.95185, 39.24555], [23.9394, 39.24168], [23.89316, 39.24215], [23.85808, 39.23648], [23.78505, 39.18611], [23.76527, 39.17566], [23.75013, 39.17256], [23.74233, 39.18001], [23.74448, 39.20128], [23.7512, 39.21705], [23.76118, 39.22911], [23.77394, 39.23824], [23.86214, 39.26772], [23.87395, 39.27444], [23.91697, 39.32093], [23.93873, 39.33794]]], [[[24.76048, 39.55447], [24.74744, 39.54972], [24.72045, 39.55296], [24.71184, 39.56081], [24.70452, 39.58245], [24.69403, 39.59684], [24.65184, 39.61374], [24.63689, 39.62571], [24.63233, 39.67434], [24.59171, 39.73352], [24.58965, 39.74621], [24.59504, 39.75788], [24.61882, 39.77066], [24.63676, 39.7712], [24.68894, 39.76359], [24.76654, 39.78426], [24.82287, 39.77586], [24.84197, 39.77674], [24.86491, 39.78481], [24.93704, 39.82651], [24.91855, 39.8037], [24.92067, 39.74946], [24.91024, 39.73202], [24.90441, 39.71434], [24.9113, 39.66829], [24.90728, 39.64367], [24.89841, 39.63269], [24.88284, 39.62336], [24.86984, 39.62171], [24.85822, 39.6267], [24.82644, 39.65159], [24.81481, 39.65336], [24.80164, 39.64694], [24.78662, 39.62933], [24.78138, 39.61767], [24.77323, 39.57573], [24.76855, 39.56358], [24.76048, 39.55447]]], [[[23.9414, 40.31009], [23.88739, 40.32666], [23.88374, 40.33108], [23.88975, 40.33717], [23.90592, 40.34227], [23.91829, 40.33425], [23.92001, 40.3229], [23.94181, 40.31407], [23.9414, 40.31009]]], [[[24.7693, 40.68342], [24.7658, 40.66966], [24.78239, 40.62018], [24.78011, 40.61222], [24.75571, 40.61994], [24.74419, 40.60838], [24.68181, 40.59496], [24.64227, 40.57064], [24.615, 40.59858], [24.60077, 40.59859], [24.60076, 40.61221], [24.58676, 40.62202], [24.55258, 40.63036], [24.53078, 40.63094], [24.51679, 40.63911], [24.51203, 40.66705], [24.51834, 40.69269], [24.53339, 40.7182], [24.56667, 40.75556], [24.64226, 40.80393], [24.67457, 40.79169], [24.73169, 40.78351], [24.74383, 40.75935], [24.77517, 40.74889], [24.78637, 40.73506], [24.76547, 40.73432], [24.75929, 40.72337], [24.76661, 40.71149], [24.78638, 40.70782], [24.78638, 40.68794], [24.7693, 40.68342]]], [[[25.41194, 36.47195], [25.38578, 36.46277], [25.36851, 36.46663], [25.36875, 36.47356], [25.38209, 36.47963], [25.41194, 36.47195]]], [[[25.06741, 36.63789], [25.10493, 36.69944], [25.14625, 36.71986], [25.18578, 36.71913], [25.18343, 36.70621], [25.12928, 36.66016], [25.09311, 36.63663], [25.06741, 36.63789]]], [[[25.26272, 36.76764], [25.30697, 36.79497], [25.34799, 36.74714], [25.39942, 36.72797], [25.40941, 36.7124], [25.39698, 36.71052], [25.39015, 36.70368], [25.39518, 36.6789], [25.37322, 36.65373], [25.33815, 36.66818], [25.27297, 36.71988], [25.2798, 36.72671], [25.25182, 36.72672], [25.26272, 36.76764]]], [[[25.87839, 36.86217], [25.97185, 36.89802], [25.97185, 36.9042], [25.95071, 36.91162], [25.95071, 36.91844], [25.97836, 36.92495], [25.99839, 36.9389], [26.00573, 36.9389], [25.96148, 36.86181], [25.9214, 36.84105], [25.90741, 36.82216], [25.89972, 36.79477], [25.88593, 36.78043], [25.8676, 36.77034], [25.78402, 36.74333], [25.76942, 36.73284], [25.75903, 36.71827], [25.72938, 36.64243], [25.71906, 36.62796], [25.70515, 36.61887], [25.68031, 36.61843], [25.65228, 36.64609], [25.60951, 36.66064], [25.60752, 36.67523], [25.62061, 36.70958], [25.66795, 36.76632], [25.69677, 36.76579], [25.71892, 36.77794], [25.77451, 36.85076], [25.79127, 36.86586], [25.80055, 36.87008], [25.82426, 36.87286], [25.851, 36.87036], [25.87839, 36.86217]]], [[[25.47834, 36.87066], [25.47096, 36.86323], [25.47851, 36.86001], [25.47756, 36.83503], [25.45785, 36.82486], [25.43442, 36.82267], [25.42312, 36.83251], [25.44716, 36.85752], [25.47096, 36.87066], [25.47834, 36.87066]]], [[[25.64967, 36.91159], [25.6844, 36.89118], [25.67399, 36.87947], [25.60867, 36.88374], [25.61483, 36.89386], [25.64967, 36.91159]]], [[[26.63357, 36.92544], [26.63278, 36.8982], [26.60514, 36.89074], [26.54717, 36.85879], [26.53431, 36.85473], [26.51192, 36.85323], [26.4532, 36.86204], [26.42574, 36.85972], [26.40727, 36.85151], [26.33059, 36.80435], [26.31467, 36.79877], [26.30151, 36.79974], [26.29173, 36.80804], [26.28649, 36.82144], [26.28784, 36.8561], [26.30182, 36.88883], [26.31223, 36.89984], [26.32416, 36.90481], [26.38185, 36.9017], [26.39886, 36.90575], [26.41912, 36.92017], [26.45518, 36.96526], [26.46778, 36.97602], [26.49074, 36.98652], [26.53142, 36.99187], [26.55811, 36.9911], [26.58186, 36.98649], [26.60195, 36.97782], [26.61768, 36.9649], [26.6284, 36.94754], [26.63357, 36.92544]]], [[[25.05991, 36.97309], [25.08104, 36.95264], [25.06667, 36.95516], [25.04722, 36.9691], [25.03054, 36.98896], [25.0259, 37.00788], [25.03568, 37.02205], [25.07252, 37.04209], [25.0879, 37.04197], [25.05991, 36.97309]]], [[[25.59244, 37.14252], [25.59502, 37.09935], [25.58072, 37.01759], [25.55228, 36.96879], [25.52613, 36.95942], [25.49138, 36.93212], [25.44989, 36.91846], [25.43252, 36.93905], [25.42311, 36.96686], [25.38895, 36.98677], [25.39405, 36.99811], [25.38072, 37.01875], [25.38209, 37.03514], [25.36695, 37.05956], [25.35548, 37.07136], [25.34182, 37.07674], [25.35265, 37.08901], [25.36166, 37.08295], [25.37184, 37.08906], [25.40945, 37.12396], [25.47462, 37.16181], [25.49514, 37.1891], [25.52215, 37.19318], [25.53395, 37.20056], [25.57454, 37.17853], [25.58626, 37.16063], [25.59244, 37.14252]]], [[[25.26295, 37.08983], [25.26287, 37.07559], [25.27978, 37.06927], [25.27978, 37.06249], [25.26612, 37.06249], [25.26612, 37.055], [25.27978, 37.055], [25.27978, 37.04882], [25.26881, 37.04613], [25.24453, 37.01439], [25.20443, 36.98897], [25.18849, 36.98531], [25.15285, 36.98677], [25.10338, 37.01289], [25.11298, 37.06273], [25.12535, 37.07452], [25.15626, 37.08979], [25.13577, 37.09382], [25.15009, 37.11053], [25.20956, 37.14391], [25.23875, 37.15182], [25.22397, 37.13435], [25.23194, 37.12751], [25.25929, 37.12397], [25.27296, 37.1376], [25.26614, 37.15183], [25.29329, 37.15183], [25.26295, 37.08983]]], [[[25.82911, 37.09733], [25.81911, 37.09692], [25.80738, 37.10342], [25.80055, 37.09595], [25.78055, 37.12396], [25.80907, 37.12668], [25.83463, 37.13758], [25.82838, 37.12397], [25.84204, 37.11029], [25.82911, 37.09733]]], [[[26.3919, 37.08831], [26.42189, 37.14046], [26.42893, 37.15776], [26.42917, 37.17348], [26.42128, 37.18303], [26.35233, 37.22324], [26.34546, 37.23404], [26.35057, 37.24564], [26.38691, 37.26339], [26.41626, 37.26729], [26.45687, 37.25858], [26.48103, 37.24472], [26.51153, 37.21528], [26.528, 37.19157], [26.54608, 37.15317], [26.5598, 37.10128], [26.56083, 37.0718], [26.55765, 37.0598], [26.55119, 37.05097], [26.54204, 37.04541], [26.52615, 37.04705], [26.49551, 37.07115], [26.4864, 37.07513], [26.46718, 37.07455], [26.4215, 37.05657], [26.39545, 37.06327], [26.3893, 37.07414], [26.3919, 37.08831]]], [[[25.06254, 37.36748], [25.06906, 37.36536], [25.07128, 37.32195], [25.07728, 37.31254], [25.09268, 37.31184], [25.12457, 37.33308], [25.14219, 37.34006], [25.14266, 37.32552], [25.13507, 37.29667], [25.10612, 37.23855], [25.09691, 37.2116], [25.08478, 37.10316], [25.07765, 37.07573], [25.06365, 37.05324], [25.05289, 37.04623], [25.03899, 37.04332], [25.01588, 37.05079], [24.97323, 37.08145], [24.95496, 37.10391], [24.95289, 37.11297], [24.95821, 37.12858], [25.00482, 37.18879], [25.01043, 37.20229], [25.00866, 37.21477], [24.99701, 37.22606], [24.98679, 37.22984], [24.95015, 37.23369], [24.94883, 37.23985], [24.95338, 37.25127], [24.98342, 37.2918], [25.03456, 37.34682], [25.06254, 37.36748]]], [[[25.40772, 37.43684], [25.40259, 37.41817], [25.30727, 37.4129], [25.37876, 37.43241], [25.4579, 37.44696], [25.44255, 37.44092], [25.40772, 37.43684]]], [[[25.75839, 37.64518], [25.72313, 37.61016], [25.70538, 37.59911], [25.67969, 37.59934], [25.63518, 37.61132], [25.69082, 37.68995], [25.71689, 37.71749], [25.7304, 37.72654], [25.81369, 37.75743], [25.88071, 37.77299], [25.94203, 37.77892], [25.96664, 37.77711], [25.97387, 37.77306], [25.97551, 37.76521], [25.97257, 37.75466], [25.95715, 37.72975], [25.92668, 37.69997], [25.89497, 37.68759], [25.80937, 37.66833], [25.7753, 37.65746], [25.75839, 37.64518]]], [[[26.56066, 37.72223], [26.55736, 37.71401], [26.5434, 37.70725], [26.45087, 37.69671], [26.37752, 37.66458], [26.34904, 37.66079], [26.33389, 37.66319], [26.31125, 37.67333], [26.30544, 37.68228], [26.30398, 37.69665], [26.29886, 37.70632], [26.28447, 37.71615], [26.26617, 37.72124], [26.22244, 37.72095], [26.1368, 37.70509], [26.11618, 37.70422], [26.10013, 37.70715], [26.08842, 37.71335], [26.0808, 37.72221], [26.07705, 37.7331], [26.08018, 37.7583], [26.08664, 37.77127], [26.10352, 37.77178], [26.1365, 37.78043], [26.21261, 37.81266], [26.23086, 37.81651], [26.2641, 37.81647], [26.30894, 37.80192], [26.37618, 37.76125], [26.40097, 37.75008], [26.43409, 37.74496], [26.52239, 37.74234], [26.54886, 37.7344], [26.56066, 37.72223]]], [[[25.71535, 38.27138], [25.72167, 38.2822], [25.75221, 38.31301], [25.76295, 38.33306], [25.76773, 38.37624], [25.76023, 38.42071], [25.74533, 38.44315], [25.73128, 38.45468], [25.65385, 38.50149], [25.62305, 38.52354], [25.61281, 38.54605], [25.60738, 38.58885], [25.78025, 38.57786], [25.8106, 38.57172], [25.8347, 38.56195], [25.85301, 38.54479], [25.86903, 38.48873], [25.87681, 38.43167], [25.87543, 38.38269], [25.86618, 38.35008], [25.843, 38.3016], [25.80401, 38.25669], [25.77729, 38.23866], [25.76348, 38.23401], [25.74413, 38.2349], [25.72186, 38.24889], [25.7147, 38.26027], [25.71535, 38.27138]]], [[[26.12738, 38.88653], [26.08728, 38.87577], [26.0682, 38.8757], [26.04029, 38.88209], [26.01378, 38.89437], [25.90886, 38.96154], [25.88145, 38.97245], [25.85371, 38.97673], [25.83578, 38.97572], [25.77079, 38.96051], [25.73708, 38.95737], [25.71833, 38.95969], [25.68535, 38.96997], [25.66886, 38.98307], [25.66545, 38.99826], [25.67177, 39.01461], [25.68442, 39.03113], [25.72355, 39.07219], [25.73251, 39.10065], [25.72679, 39.1238], [25.70923, 39.14146], [25.68336, 39.15332], [25.65315, 39.15906], [25.6226, 39.15846], [25.5955, 39.15142], [25.57535, 39.13802], [25.56726, 39.12338], [25.54921, 39.03965], [25.53938, 39.02752], [25.52383, 39.02481], [25.50068, 39.03442], [25.43757, 39.08142], [25.42101, 39.09881], [25.39712, 39.13585], [25.39061, 39.15542], [25.3885, 39.18615], [25.39373, 39.21466], [25.40333, 39.22959], [25.41066, 39.23535], [25.4305, 39.24235], [25.48864, 39.24661], [25.50702, 39.25635], [25.51509, 39.27259], [25.51822, 39.31188], [25.52633, 39.32832], [25.53892, 39.33622], [25.55589, 39.34063], [25.59896, 39.34142], [25.69053, 39.33012], [25.82331, 39.32158], [25.87763, 39.30826], [25.89834, 39.29721], [25.91257, 39.28481], [25.92076, 39.27297], [25.92449, 39.26153], [25.92542, 39.21635], [25.94487, 39.17457], [25.94992, 39.16882], [25.98325, 39.15666], [26.00107, 39.14561], [26.03449, 39.11588], [26.04215, 39.10375], [26.06153, 39.05266], [26.07333, 39.03483], [26.09697, 39.01548], [26.15376, 38.98805], [26.16495, 38.97833], [26.17314, 38.96568], [26.17738, 38.94238], [26.17235, 38.92489], [26.16131, 38.90953], [26.12738, 38.88653]]], [[[25.27262, 40.29044], [25.25893, 40.26814], [25.21927, 40.23384], [25.18699, 40.21464], [25.14292, 40.2058], [25.11471, 40.20788], [25.07682, 40.23063], [25.01705, 40.28035], [25.08594, 40.32754], [25.1146, 40.34227], [25.12718, 40.34508], [25.16542, 40.34328], [25.20971, 40.33395], [25.24889, 40.3188], [25.2631, 40.30949], [25.27193, 40.29924], [25.27262, 40.29044]]], [[[25.46168, 40.48159], [25.54664, 40.51532], [25.57586, 40.51471], [25.6565, 40.49615], [25.68864, 40.475], [25.69739, 40.46121], [25.69068, 40.4477], [25.69531, 40.43269], [25.68262, 40.42309], [25.58943, 40.39822], [25.56688, 40.4], [25.53257, 40.41503], [25.46654, 40.45562], [25.44355, 40.48187], [25.46168, 40.48159]]], [[[26.13027, 41.58268], [26.12107, 41.60821], [26.10671, 41.62428], [26.06692, 41.6355], [26.05503, 41.64875], [26.04749, 41.67461], [26.0481, 41.68908], [26.05369, 41.70151], [26.06051, 41.7073], [26.08149, 41.71151], [26.10836, 41.72789], [26.13513, 41.7334], [26.18991, 41.73469], [26.21182, 41.75048], [26.22618, 41.74967], [26.27393, 41.7149], [26.29903, 41.71061], [26.33091, 41.61631], [26.35939, 41.58821], [26.36697, 41.56704], [26.36892, 41.54343], [26.36509, 41.52681], [26.16448, 41.51773], [26.15807, 41.54232], [26.15249, 41.54703], [26.1312, 41.55266], [26.13027, 41.58268]]]]}}, {"type": "Feature", "properties": {"name": "그리스", "name_en": "Greece", "period": "1993년 가입", "kind": "국가", "legend": "1993 마스트리흐트 조약으로 유럽 연합 창설(12개국)", "accession_year": 1993, "map_title": "유럽 연합 회원국(2023년 기준)", "source": "미래엔 세계사 교과서 4권 206쪽", "volume": 4, "page": 206, "geometry_source": "Natural Earth 10m 국가 경계", "group": "그리스", "map_folder": "4권_p206_유럽 연합 회원국(2023년 기준)"}, "geometry": {"type": "MultiPolygon", "coordinates": [[[[28.22584, 36.41795], [28.23634, 36.37303], [28.21583, 36.36359], [28.21119, 36.35765], [28.20509, 36.32266], [28.17547, 36.29043], [28.17091, 36.27798], [28.16847, 36.24982], [28.16342, 36.2377], [28.14845, 36.22606], [28.13054, 36.18545], [28.10328, 36.18545], [28.09522, 36.16787], [28.08579, 36.16498], [28.0617, 36.11652], [28.07879, 36.10741], [28.09645, 36.1035], [28.08985, 36.08828], [28.07594, 36.07559], [28.08961, 36.05512], [28.03761, 36.06843], [28.01694, 36.069], [27.99342, 36.06196], [27.94842, 36.03901], [27.9323, 36.02534], [27.89234, 35.97191], [27.86354, 35.94098], [27.8274, 35.91376], [27.78045, 35.89004], [27.73268, 35.91511], [27.71225, 35.9527], [27.72535, 35.96719], [27.75408, 36.03718], [27.76002, 36.06196], [27.75709, 36.08438], [27.74684, 36.09618], [27.73316, 36.10464], [27.70883, 36.1271], [27.70729, 36.13202], [27.71355, 36.1398], [27.71225, 36.14448], [27.70289, 36.15046], [27.69093, 36.14948], [27.68426, 36.15815], [27.70069, 36.1634], [27.73951, 36.18545], [27.76336, 36.19221], [27.77198, 36.19782], [27.76743, 36.20596], [27.77605, 36.21162], [27.78045, 36.23261], [27.80323, 36.27021], [27.80787, 36.27424], [27.83741, 36.28099], [27.89967, 36.34016], [27.95924, 36.35676], [28.11842, 36.42768], [28.18393, 36.42446], [28.21388, 36.45547], [28.22242, 36.456], [28.23976, 36.43867], [28.23976, 36.43252], [28.22584, 36.41795]]], [[[27.87062, 36.57779], [27.87672, 36.56159], [27.86305, 36.55537], [27.87208, 36.55036], [27.87672, 36.54108], [27.84303, 36.5279], [27.8283, 36.52802], [27.8283, 36.53425], [27.84938, 36.54792], [27.80592, 36.56013], [27.79249, 36.56696], [27.80787, 36.57587], [27.76002, 36.57587], [27.78696, 36.60627], [27.78785, 36.61685], [27.80152, 36.62425], [27.80152, 36.61685], [27.81813, 36.63402], [27.84197, 36.64472], [27.86101, 36.64672], [27.86305, 36.63788], [27.83522, 36.63109], [27.82228, 36.62376], [27.81528, 36.61001], [27.82862, 36.61298], [27.8357, 36.60252], [27.86988, 36.62425], [27.87672, 36.61685], [27.86305, 36.60252], [27.86988, 36.60668], [27.87322, 36.60545], [27.87062, 36.57779]]], [[[27.61647, 36.24262], [27.61866, 36.2281], [27.61012, 36.2165], [27.58286, 36.21255], [27.55055, 36.21589], [27.5315, 36.21174], [27.51889, 36.21686], [27.51743, 36.2309], [27.52654, 36.24006], [27.56568, 36.24494], [27.61647, 36.24262]]], [[[27.38746, 36.42084], [27.39959, 36.41014], [27.42066, 36.40864], [27.43849, 36.41816], [27.44467, 36.40453], [27.42823, 36.3852], [27.41586, 36.38032], [27.40431, 36.38345], [27.39926, 36.37873], [27.39015, 36.38345], [27.37794, 36.38202], [27.36476, 36.39338], [27.35743, 36.41022], [27.3628, 36.42499], [27.34962, 36.43122], [27.33815, 36.42841], [27.32179, 36.41136], [27.31495, 36.41136], [27.30934, 36.42015], [27.29689, 36.42756], [27.29444, 36.43553], [27.29518, 36.45563], [27.30063, 36.47346], [27.31023, 36.45771], [27.32504, 36.4619], [27.35581, 36.47964], [27.3685, 36.4724], [27.38168, 36.44416], [27.39682, 36.43867], [27.38746, 36.42084]]], [[[27.29152, 36.89183], [27.34099, 36.8819], [27.35581, 36.86323], [27.32342, 36.8487], [27.2142, 36.82388], [27.19077, 36.81232], [27.12989, 36.76081], [27.10906, 36.75829], [27.08318, 36.76122], [27.06007, 36.7674], [27.04754, 36.77509], [26.99204, 36.75361], [26.97576, 36.74079], [26.98601, 36.71988], [26.97169, 36.71625], [26.96567, 36.70555], [26.96656, 36.69172], [26.97291, 36.6789], [26.95533, 36.68171], [26.93727, 36.69278], [26.92335, 36.7062], [26.91774, 36.71613], [26.92026, 36.75117], [26.92628, 36.76561], [26.93767, 36.76081], [26.95875, 36.78132], [26.98601, 36.76765], [27.0075, 36.78783], [27.02076, 36.80858], [27.06121, 36.83934], [27.16424, 36.89118], [27.28093, 36.9079], [27.29152, 36.89183]]], [[[27.23316, 35.5041], [27.23731, 35.49339], [27.23243, 35.47223], [27.2068, 35.47752], [27.18092, 35.46894], [27.16163, 35.4501], [27.15675, 35.42451], [27.16424, 35.43207], [27.17107, 35.43134], [27.16586, 35.42333], [27.14812, 35.40888], [27.13624, 35.404], [27.14308, 35.4204], [27.13527, 35.42621], [27.1089, 35.43134], [27.09303, 35.45185], [27.09425, 35.46158], [27.1089, 35.46605], [27.1089, 35.47223], [27.10206, 35.47223], [27.10206, 35.47907], [27.11883, 35.48265], [27.1198, 35.49311], [27.1089, 35.5207], [27.11378, 35.55097], [27.1089, 35.56167], [27.07488, 35.58023], [27.06788, 35.58893], [27.06935, 35.60224], [27.0857, 35.62629], [27.11541, 35.64224], [27.12794, 35.69335], [27.15414, 35.71796], [27.16179, 35.74689], [27.16245, 35.77729], [27.15675, 35.80121], [27.17107, 35.80866], [27.17775, 35.80866], [27.17775, 35.80121], [27.18458, 35.80121], [27.20509, 35.82233], [27.22096, 35.82925], [27.23243, 35.82233], [27.22885, 35.80899], [27.21502, 35.79002], [27.21193, 35.77733], [27.21193, 35.7534], [27.21876, 35.72614], [27.18979, 35.69741], [27.18035, 35.67292], [27.16098, 35.65131], [27.1565, 35.6188], [27.15854, 35.61205], [27.18458, 35.59577], [27.20875, 35.56005], [27.22088, 35.55101], [27.20509, 35.53437], [27.20379, 35.52717], [27.23316, 35.5041]]], [[[27.19467, 36.60692], [27.20606, 36.5871], [27.19801, 36.56831], [27.17457, 36.56053], [27.16139, 36.56037], [27.14015, 36.56322], [27.12973, 36.56952], [27.12615, 36.58006], [27.13722, 36.60008], [27.16676, 36.61506], [27.1858, 36.61567], [27.19467, 36.60692]]], [[[27.05877, 37.73379], [27.06528, 37.72907], [27.06658, 37.71833], [27.06121, 37.70673], [27.03696, 37.71288], [27.00082, 37.70661], [26.91, 37.67805], [26.88982, 37.66519], [26.87875, 37.64887], [26.86085, 37.64338], [26.79737, 37.64468], [26.78745, 37.6472], [26.77711, 37.66889], [26.76092, 37.68968], [26.75099, 37.69668], [26.72731, 37.70157], [26.71648, 37.71137], [26.70826, 37.71357], [26.65724, 37.7049], [26.64088, 37.69945], [26.62843, 37.69066], [26.62289, 37.67886], [26.61549, 37.67886], [26.61549, 37.68626], [26.60922, 37.68626], [26.5984, 37.67719], [26.58953, 37.68708], [26.58351, 37.70417], [26.58025, 37.74079], [26.584, 37.75227], [26.59498, 37.76138], [26.64389, 37.77241], [26.64959, 37.78522], [26.65805, 37.79279], [26.77182, 37.81411], [26.80641, 37.81452], [26.84205, 37.80915], [26.88185, 37.78539], [26.91668, 37.77782], [26.95533, 37.7569], [26.96608, 37.74775], [26.9699, 37.75877], [26.94508, 37.78872], [26.97364, 37.78449], [26.99342, 37.79613], [26.99399, 37.784], [27.02101, 37.77717], [27.06788, 37.7744], [27.03386, 37.76138], [27.03224, 37.75316], [27.04754, 37.72724], [27.05877, 37.73379]]], [[[26.92026, 36.95881], [26.93141, 36.96686], [26.9253, 36.98168], [26.92986, 36.99396], [26.95387, 37.0279], [26.95191, 37.03514], [26.94361, 37.04072], [26.92457, 37.03514], [26.91717, 37.04165], [26.90349, 37.06249], [26.88559, 37.07559], [26.88982, 37.08979], [26.90162, 37.0773], [26.98601, 37.04881], [26.98601, 37.04198], [26.97291, 37.04198], [26.98219, 37.02875], [27.00587, 37.01618], [27.00709, 37.00043], [27.01539, 37.00873], [27.02394, 37.01268], [27.03248, 37.01236], [27.04127, 37.00788], [27.04428, 36.99624], [27.03688, 36.97846], [27.04127, 36.96686], [27.03386, 36.95262], [27.04127, 36.95262], [27.04127, 36.95942], [27.04754, 36.95942], [27.04038, 36.94505], [27.02361, 36.94501], [26.99342, 36.95262], [26.98829, 36.94668], [26.98341, 36.92951], [26.97609, 36.92593], [26.95191, 36.93163], [26.94508, 36.92593], [26.92986, 36.94278], [26.92115, 36.94709], [26.91163, 36.94579], [26.92026, 36.95881]]], [[[26.9607, 35.42959], [27.01197, 35.43769], [27.01336, 35.43134], [26.99968, 35.42451], [27.00709, 35.39777], [26.95875, 35.39033], [26.92775, 35.37189], [26.90577, 35.36664], [26.88836, 35.35269], [26.87672, 35.34935], [26.86427, 35.35358], [26.8484, 35.37238], [26.89015, 35.40717], [26.90024, 35.42451], [26.92457, 35.41767], [26.9607, 35.42959]]], [[[26.87184, 37.1341], [26.88689, 37.1166], [26.88689, 37.1057], [26.86158, 37.09732], [26.84995, 37.09846], [26.83758, 37.10472], [26.83758, 37.11213], [26.84864, 37.11787], [26.85231, 37.12458], [26.84303, 37.12515], [26.82976, 37.11872], [26.81723, 37.11986], [26.81039, 37.12938], [26.8169, 37.14655], [26.79509, 37.15546], [26.77622, 37.16966], [26.77272, 37.18268], [26.78419, 37.19147], [26.79802, 37.19058], [26.80104, 37.19257], [26.8003, 37.19929], [26.80828, 37.20026], [26.81723, 37.19481], [26.84978, 37.18732], [26.85288, 37.18179], [26.84409, 37.16201], [26.86427, 37.15331], [26.87184, 37.1341]]], [[[21.11213, 40.85394], [21.18303, 40.87017], [21.20907, 40.86908], [21.26095, 40.86082], [21.29537, 40.86087], [21.32927, 40.86629], [21.34488, 40.87306], [21.38126, 40.9005], [21.40493, 40.90861], [21.42942, 40.90898], [21.50952, 40.9005], [21.55365, 40.87043], [21.58156, 40.86629], [21.62372, 40.8944], [21.64884, 40.8958], [21.6569, 40.91823], [21.68511, 40.92799], [21.737, 40.91916], [21.76552, 40.92391], [21.77813, 40.93373], [21.78371, 40.96417], [21.79364, 40.97357], [21.83126, 40.99352], [21.845, 41.01238], [21.88066, 41.03843], [21.8943, 41.05383], [21.89719, 41.08127], [21.90123, 41.09078], [21.90908, 41.09749], [21.9651, 41.12436], [22.02907, 41.13858], [22.04819, 41.15186], [22.05553, 41.14989], [22.06277, 41.13718], [22.10338, 41.12152], [22.12437, 41.12721], [22.16033, 41.15191], [22.18317, 41.15992], [22.20581, 41.16142], [22.30265, 41.1455], [22.30875, 41.12498], [22.31505, 41.12442], [22.32342, 41.1285], [22.38016, 41.1317], [22.42181, 41.11465], [22.45148, 41.11367], [22.50067, 41.12214], [22.54925, 41.11852], [22.57126, 41.11951], [22.59018, 41.12514], [22.60733, 41.13599], [22.62449, 41.15263], [22.62935, 41.17707], [22.64454, 41.18023], [22.65611, 41.17806], [22.6741, 41.15661], [22.7049, 41.13966], [22.71575, 41.1456], [22.72722, 41.16581], [22.73673, 41.20441], [22.74086, 41.28358], [22.7513, 41.3152], [22.78097, 41.33489], [22.82603, 41.34099], [22.91698, 41.33577], [23.11521, 41.31267], [23.15717, 41.31634], [23.1797, 41.32135], [23.19955, 41.33298], [23.20482, 41.3427], [23.20978, 41.36859], [23.22425, 41.37903], [23.26993, 41.39727], [23.2877, 41.3982], [23.3062, 41.38838], [23.32605, 41.36931], [23.34724, 41.37122], [23.3955, 41.39525], [23.41452, 41.3999], [23.51301, 41.39773], [23.57895, 41.372], [23.61244, 41.37102], [23.62774, 41.37851], [23.65285, 41.39763], [23.67218, 41.40295], [23.70535, 41.40316], [23.73822, 41.39747], [23.75445, 41.40068], [23.77708, 41.42905], [23.79207, 41.43447], [23.83093, 41.43561], [23.8516, 41.43959], [23.86772, 41.44548], [23.8948, 41.46434], [23.90286, 41.46352], [23.94989, 41.43758], [23.96467, 41.43835], [23.98131, 41.45086], [23.99712, 41.45701], [24.00074, 41.46414], [24.02285, 41.45308], [24.03474, 41.45132], [24.0459, 41.45546], [24.052, 41.463], [24.04735, 41.52573], [24.0766, 41.53602], [24.11649, 41.53338], [24.14626, 41.52677], [24.16279, 41.51204], [24.17024, 41.51158], [24.1816, 41.53736], [24.21437, 41.55576], [24.23328, 41.5618], [24.25075, 41.56346], [24.26687, 41.54977], [24.2864, 41.54036], [24.28682, 41.51762], [24.29612, 41.51525], [24.31824, 41.52077], [24.34501, 41.5184], [24.38748, 41.52667], [24.42397, 41.52522], [24.43885, 41.5277], [24.45921, 41.54951], [24.51016, 41.56165], [24.53094, 41.54754], [24.54334, 41.52134], [24.54944, 41.48543], [24.56773, 41.46812], [24.58106, 41.46021], [24.58044, 41.44052], [24.59584, 41.42977], [24.64431, 41.42765], [24.63822, 41.41768], [24.6809, 41.41551], [24.69919, 41.40895], [24.71873, 41.39572], [24.75263, 41.36275], [24.77444, 41.34807], [24.79428, 41.3474], [24.80286, 41.36192], [24.80017, 41.37934], [24.80327, 41.39267], [24.84213, 41.39473], [24.87293, 41.40187], [24.88637, 41.40063], [24.91696, 41.38636], [25.08036, 41.33407], [25.10186, 41.33665], [25.11653, 41.32073], [25.15788, 41.30611], [25.1771, 41.29386], [25.21968, 41.24973], [25.23911, 41.2409], [25.26226, 41.2381], [25.28572, 41.2394], [25.45346, 41.28043], [25.4791, 41.28379], [25.50509, 41.28058], [25.51491, 41.28348], [25.52369, 41.29169], [25.53796, 41.31221], [25.55149, 41.31567], [25.63976, 41.31107], [25.67996, 41.29717], [25.69123, 41.29841], [25.71748, 41.31412], [25.76347, 41.31903], [25.81101, 41.34104], [25.83334, 41.33464], [25.86269, 41.31009], [25.88202, 41.30404], [25.89628, 41.30627], [25.92119, 41.31603], [25.95963, 41.315], [26.02185, 41.34166], [26.12086, 41.35779], [26.14784, 41.39691], [26.159, 41.42181], [26.16427, 41.42786], [26.17564, 41.43189], [26.1774, 41.43995], [26.1743, 41.446], [26.15621, 41.46042], [26.14588, 41.47804], [26.14763, 41.48476], [26.15931, 41.4938], [26.16448, 41.51772], [26.16314, 41.52915], [26.15807, 41.54232], [26.15249, 41.54703], [26.1312, 41.55266], [26.13027, 41.58268], [26.11528, 41.61663], [26.10671, 41.62428], [26.06692, 41.6355], [26.05503, 41.64875], [26.04749, 41.67462], [26.0481, 41.68908], [26.05369, 41.70151], [26.06051, 41.7073], [26.08149, 41.71151], [26.10836, 41.72789], [26.13513, 41.7334], [26.1899, 41.73469], [26.21182, 41.75048], [26.22618, 41.74968], [26.27393, 41.7149], [26.29491, 41.71032], [26.35961, 41.7149], [26.37739, 41.71063], [26.40436, 41.69182], [26.47619, 41.67573], [26.4732, 41.66113], [26.46441, 41.64852], [26.52115, 41.61643], [26.56652, 41.59875], [26.57644, 41.591], [26.59546, 41.61245], [26.59629, 41.59754], [26.60228, 41.58516], [26.59784, 41.57328], [26.60166, 41.54734], [26.59546, 41.53741], [26.60611, 41.52305], [26.61593, 41.46853], [26.63639, 41.39959], [26.6366, 41.37846], [26.63174, 41.35753], [26.62264, 41.34037], [26.60972, 41.33071], [26.59112, 41.32931], [26.56962, 41.3336], [26.55061, 41.34177], [26.54017, 41.35179], [26.48932, 41.31086], [26.47878, 41.30962], [26.46637, 41.29717], [26.43847, 41.28358], [26.41211, 41.2657], [26.39506, 41.25898], [26.3317, 41.25412], [26.32054, 41.24622], [26.33605, 41.22891], [26.3255, 41.20699], [26.32106, 41.18762], [26.32416, 41.16989], [26.33605, 41.15258], [26.31734, 41.13046], [26.31734, 41.1223], [26.33946, 41.11449], [26.3224, 41.08855], [26.32509, 41.07408], [26.34762, 41.04096], [26.37418, 41.03114], [26.37501, 41.01946], [26.36809, 41.00773], [26.35961, 41.00241], [26.33594, 40.99714], [26.33315, 40.99073], [26.33605, 40.98189], [26.35909, 40.96468], [26.33501, 40.94624], [26.30649, 40.936], [26.2944, 40.92665], [26.30328, 40.91549], [26.30401, 40.90903], [26.2822, 40.90722], [26.27517, 40.91027], [26.26649, 40.92045], [26.26039, 40.92045], [26.25223, 40.90055], [26.2392, 40.88567], [26.23238, 40.88567], [26.22618, 40.89931], [26.22525, 40.8836], [26.21192, 40.87947], [26.21254, 40.87311], [26.21864, 40.87198], [26.20582, 40.865], [26.2051, 40.85839], [26.21202, 40.84743], [26.15828, 40.81219], [26.14298, 40.79379], [26.13451, 40.76713], [26.11229, 40.74697], [26.08159, 40.73555], [26.04396, 40.73847], [26.04689, 40.7425], [26.03598, 40.75776], [26.03354, 40.77827], [26.02735, 40.79613], [26.00587, 40.80394], [26.00587, 40.81078], [26.05372, 40.81623], [26.06056, 40.82075], [26.05397, 40.83096], [26.03891, 40.83251], [26.01222, 40.82445], [26.00587, 40.83877], [25.99838, 40.83877], [25.99838, 40.83129], [26.00587, 40.81704], [25.99838, 40.81704], [25.98292, 40.83088], [25.95167, 40.84553], [25.91863, 40.85297], [25.89666, 40.84492], [25.87989, 40.84833], [25.82569, 40.84968], [25.80323, 40.85651], [25.73219, 40.85175], [25.6045, 40.87617], [25.56715, 40.86542], [25.53777, 40.87043], [25.51686, 40.8791], [25.48683, 40.89712], [25.41969, 40.9064], [25.38299, 40.91901], [25.34083, 40.94172], [25.29965, 40.95185], [25.26612, 40.92691], [25.25929, 40.92691], [25.2588, 40.93195], [25.18068, 40.94269], [25.13404, 40.96288], [25.14015, 40.98359], [25.15846, 40.99429], [25.16993, 40.9958], [25.13844, 41.01008], [25.0573, 41.00947], [25.03907, 41.00605], [25.03956, 40.98957], [25.01881, 40.97508], [25.00652, 40.96971], [24.99171, 40.96845], [24.99903, 40.94994], [24.98976, 40.94212], [24.95387, 40.94115], [24.8921, 40.92064], [24.86354, 40.90522], [24.834, 40.87474], [24.80201, 40.85346], [24.7658, 40.86542], [24.72836, 40.85273], [24.70875, 40.85175], [24.69011, 40.85859], [24.69752, 40.86542], [24.66277, 40.87971], [24.63543, 40.85859], [24.62867, 40.85859], [24.61964, 40.87466], [24.5962, 40.90119], [24.60076, 40.9138], [24.57553, 40.9267], [24.56886, 40.9374], [24.56666, 40.95173], [24.50514, 40.96162], [24.49562, 40.95588], [24.47291, 40.95173], [24.46412, 40.94115], [24.44313, 40.94806], [24.41554, 40.94554], [24.39177, 40.93647], [24.37224, 40.91413], [24.31267, 40.87971], [24.32472, 40.87206], [24.33237, 40.86286], [24.33131, 40.85505], [24.30983, 40.85053], [24.30568, 40.84174], [24.30958, 40.83503], [24.31528, 40.83222], [24.34067, 40.83129], [24.11012, 40.72785], [24.07309, 40.72142], [24.03004, 40.72333], [23.98634, 40.73216], [23.87403, 40.77766], [23.84205, 40.78335], [23.80926, 40.78042], [23.75408, 40.76301], [23.7317, 40.75186], [23.7107, 40.73762], [23.69703, 40.72142], [23.69174, 40.69538], [23.70021, 40.67365], [23.71803, 40.65868], [23.74098, 40.65314], [23.75563, 40.64566], [23.77247, 40.62763], [23.78663, 40.60615], [23.79265, 40.58796], [23.799, 40.58662], [23.83351, 40.56379], [23.84669, 40.56029], [23.87761, 40.56025], [23.88884, 40.56379], [23.89527, 40.55305], [23.91489, 40.53889], [23.91554, 40.52961], [23.90724, 40.52538], [23.83823, 40.51874], [23.82301, 40.50699], [23.81902, 40.48774], [23.82667, 40.46137], [23.86818, 40.41352], [23.87794, 40.40615], [23.90968, 40.39423], [23.91554, 40.38935], [23.96388, 40.37946], [24.00245, 40.38638], [24.01173, 40.39248], [24.01157, 40.40184], [23.99122, 40.43407], [23.99871, 40.44086], [23.99122, 40.4477], [24.0114, 40.44916], [24.02882, 40.43207], [24.05323, 40.39248], [24.08579, 40.36603], [24.1089, 40.35741], [24.12843, 40.36518], [24.17986, 40.35151], [24.18686, 40.34663], [24.20395, 40.31737], [24.23341, 40.31688], [24.26629, 40.28905], [24.32065, 40.22797], [24.38331, 40.17914], [24.39381, 40.15249], [24.36109, 40.13239], [24.31861, 40.1247], [24.29998, 40.12808], [24.28614, 40.16055], [24.27174, 40.17097], [24.23829, 40.187], [24.21193, 40.21748], [24.19272, 40.24897], [24.16896, 40.27529], [24.12843, 40.29002], [24.04786, 40.30117], [24.01922, 40.31049], [23.99383, 40.32392], [23.93653, 40.36518], [23.92262, 40.36933], [23.88502, 40.36518], [23.84832, 40.37271], [23.83351, 40.37202], [23.78224, 40.35269], [23.75961, 40.34919], [23.73048, 40.35895], [23.72071, 40.34479], [23.71681, 40.34528], [23.69972, 40.32636], [23.69361, 40.30923], [23.69565, 40.29291], [23.71632, 40.25532], [23.75766, 40.23168], [23.76433, 40.2154], [23.77858, 40.2027], [23.86769, 40.17276], [23.88022, 40.17634], [23.89674, 40.17133], [23.94068, 40.14155], [23.98024, 40.13068], [23.99122, 40.11872], [23.99, 40.11001], [23.97739, 40.10049], [23.97755, 40.09081], [24.00115, 40.07494], [24.00489, 40.06721], [24.00172, 40.05878], [23.98756, 40.05744], [23.98422, 40.05362], [23.98683, 40.04218], [23.99342, 40.03754], [24.01173, 40.04365], [24.01222, 40.02656], [24.01922, 40.0163], [23.99252, 39.99885], [23.98805, 39.98998], [23.99871, 39.98159], [23.99871, 39.97476], [23.97934, 39.97431], [23.9699, 39.96809], [23.97283, 39.96186], [23.99122, 39.96109], [23.99122, 39.9536], [23.93995, 39.95246], [23.91969, 39.95637], [23.92286, 39.97476], [23.91554, 39.97476], [23.90772, 39.96979], [23.90065, 39.97118], [23.89763, 39.97793], [23.90252, 39.98843], [23.86085, 40.00581], [23.85621, 40.01675], [23.8449, 40.02412], [23.83123, 40.02652], [23.82407, 40.02192], [23.82667, 40.00886], [23.78989, 40.05598], [23.78517, 40.06721], [23.79331, 40.09382], [23.77833, 40.10163], [23.7645, 40.12617], [23.67547, 40.21792], [23.64177, 40.23542], [23.62273, 40.23965], [23.54029, 40.24478], [23.48414, 40.2696], [23.43849, 40.2792], [23.39829, 40.27774], [23.365, 40.2617], [23.3401, 40.22797], [23.33766, 40.20844], [23.35548, 40.17504], [23.36362, 40.15046], [23.40065, 40.14399], [23.46925, 40.06708], [23.49887, 40.0423], [23.60271, 39.99848], [23.67026, 39.98607], [23.67595, 39.96109], [23.68539, 39.94904], [23.69728, 39.9405], [23.74789, 39.93049], [23.74025, 39.92328], [23.70314, 39.91266], [23.61647, 39.92333], [23.47096, 39.97163], [23.44654, 39.97476], [23.37208, 39.96516], [23.36061, 39.96109], [23.37875, 39.99112], [23.3816, 40.00267], [23.37843, 40.01097], [23.36061, 40.03278], [23.35271, 40.05707], [23.31658, 40.08885], [23.30592, 40.10448], [23.31959, 40.13679], [23.32456, 40.17495], [23.31861, 40.21052], [23.29908, 40.23542], [23.25864, 40.25312], [23.19956, 40.26626], [23.16619, 40.27985], [23.14894, 40.27643], [23.09693, 40.3061], [23.08676, 40.30707], [23.07618, 40.31444], [23.02914, 40.32575], [23.01092, 40.35122], [22.96388, 40.37946], [22.94484, 40.3863], [22.9275, 40.38849], [22.88819, 40.3863], [22.89772, 40.40205], [22.88966, 40.41836], [22.8602, 40.4477], [22.86744, 40.44945], [22.8672, 40.45392], [22.8309, 40.48578], [22.82163, 40.50214], [22.84352, 40.50918], [22.9074, 40.51203], [22.94158, 40.51716], [22.95639, 40.52627], [22.98316, 40.55268], [22.9769, 40.57062], [22.94174, 40.58735], [22.94956, 40.60541], [22.93377, 40.63093], [22.91049, 40.6446], [22.88307, 40.64728], [22.85402, 40.63947], [22.86109, 40.62055], [22.85865, 40.60529], [22.8506, 40.59341], [22.84034, 40.5843], [22.81511, 40.57294], [22.81593, 40.57062], [22.79566, 40.57079], [22.77833, 40.57807], [22.75856, 40.56778], [22.74594, 40.55524], [22.74252, 40.54035], [22.75034, 40.52277], [22.74415, 40.52277], [22.73666, 40.52961], [22.73666, 40.51533], [22.73048, 40.51533], [22.73048, 40.52277], [22.72315, 40.52277], [22.719, 40.51097], [22.71095, 40.51162], [22.68897, 40.52277], [22.68849, 40.52749], [22.67351, 40.52684], [22.65772, 40.51667], [22.65626, 40.50454], [22.6753, 40.49616], [22.65968, 40.49291], [22.65073, 40.47281], [22.6268, 40.48188], [22.60288, 40.48127], [22.59051, 40.47744], [22.57911, 40.46821], [22.59343, 40.4582], [22.60377, 40.444], [22.60873, 40.42817], [22.60646, 40.41356], [22.63998, 40.38369], [22.65838, 40.37946], [22.66114, 40.36904], [22.64763, 40.34589], [22.62062, 40.31049], [22.59034, 40.24164], [22.59083, 40.23017], [22.5525, 40.16657], [22.54965, 40.14387], [22.56772, 40.1105], [22.57293, 40.08771], [22.56886, 40.06485], [22.5713, 40.05427], [22.58318, 40.04987], [22.58766, 40.04491], [22.60027, 40.0163], [22.66717, 39.97435], [22.69093, 39.96817], [22.69858, 39.96088], [22.70786, 39.96137], [22.71013, 39.93378], [22.72299, 39.89777], [22.73048, 39.8854], [22.7409, 39.8747], [22.77866, 39.84984], [22.80112, 39.84032], [22.81528, 39.82905], [22.85027, 39.79051], [22.86476, 39.75316], [22.87176, 39.71581], [22.90187, 39.65884], [22.92514, 39.59951], [22.93946, 39.58063], [22.95289, 39.57001], [23.00489, 39.5434], [23.05592, 39.52725], [23.09742, 39.50178], [23.10182, 39.49738], [23.11411, 39.46699], [23.12566, 39.45441], [23.21095, 39.37934], [23.22381, 39.35859], [23.27133, 39.32294], [23.29225, 39.26899], [23.3423, 39.19261], [23.34376, 39.17963], [23.30128, 39.15135], [23.24366, 39.14167], [23.20973, 39.13182], [23.23024, 39.12442], [23.23024, 39.11815], [23.2142, 39.11262], [23.20362, 39.10456], [23.19142, 39.10782], [23.1692, 39.10659], [23.14625, 39.10175], [23.11549, 39.08828], [23.09213, 39.08934], [23.05201, 39.09772], [23.07309, 39.12442], [23.06772, 39.13801], [23.08106, 39.1472], [23.11411, 39.15913], [23.11394, 39.14631], [23.1006, 39.10456], [23.17172, 39.13495], [23.18238, 39.14614], [23.17555, 39.15546], [23.18133, 39.15868], [23.19093, 39.15811], [23.19923, 39.15143], [23.21355, 39.16812], [23.21713, 39.17963], [23.21225, 39.1905], [23.17555, 39.23428], [23.17986, 39.2508], [23.16912, 39.26854], [23.13461, 39.29694], [23.11549, 39.30744], [23.09815, 39.3122], [23.02052, 39.31753], [23.01856, 39.33047], [22.99806, 39.35712], [22.93588, 39.36058], [22.94288, 39.35098], [22.94288, 39.34414], [22.93279, 39.33601], [22.92905, 39.3242], [22.93214, 39.3122], [22.94288, 39.30317], [22.84254, 39.28848], [22.82618, 39.27216], [22.82618, 39.22126], [22.85402, 39.15913], [22.8602, 39.15913], [22.86801, 39.16974], [22.88087, 39.17963], [22.87696, 39.19038], [22.88209, 39.19098], [22.89015, 39.18427], [22.89503, 39.1728], [22.90187, 39.17963], [22.9109, 39.16332], [22.92058, 39.12515], [22.93605, 39.1114], [22.93588, 39.11612], [22.94288, 39.11815], [22.93605, 39.13182], [22.96111, 39.11904], [22.98243, 39.08442], [22.99806, 39.06977], [22.99195, 39.05732], [22.99806, 39.04926], [22.96648, 39.03465], [22.95883, 39.02513], [22.96388, 39.00898], [23.01531, 39.03319], [23.04249, 39.04011], [23.07309, 39.04247], [23.07309, 39.03628], [23.06471, 39.02875], [23.03224, 39.01512], [23.02329, 39.00845], [23.00717, 38.97394], [22.98455, 38.95433], [22.95639, 38.95433], [22.94435, 38.94733], [22.93605, 38.94685], [22.94288, 38.9326], [22.92856, 38.93159], [22.89845, 38.91962], [22.85987, 38.92853], [22.84653, 38.92642], [22.84181, 38.91918], [22.83668, 38.89647], [22.8296, 38.89167], [22.8047, 38.89102], [22.79656, 38.88711], [22.792, 38.878], [22.73268, 38.87238], [22.71827, 38.8898], [22.68897, 38.878], [22.65838, 38.89167], [22.62159, 38.9145], [22.61329, 38.91307], [22.58082, 38.89362], [22.55209, 38.88923], [22.53883, 38.878], [22.52508, 38.88544], [22.52508, 38.85814], [22.57293, 38.86433], [22.57293, 38.85814], [22.55388, 38.84809], [22.56332, 38.83625], [22.58277, 38.83198], [22.59343, 38.84447], [22.60027, 38.84447], [22.59343, 38.83023], [22.63266, 38.83515], [22.64112, 38.83023], [22.69028, 38.85], [22.70265, 38.85065], [22.72682, 38.81965], [22.74806, 38.79922], [22.77833, 38.78172], [22.81593, 38.78925], [22.82927, 38.78608], [22.85987, 38.76703], [22.8672, 38.75507], [22.88754, 38.77114], [22.8982, 38.77529], [22.91489, 38.77558], [22.94532, 38.75812], [22.96022, 38.75507], [23.01629, 38.75446], [23.042, 38.74673], [23.05942, 38.72773], [23.09051, 38.64912], [23.1045, 38.63841], [23.12355, 38.63691], [23.15642, 38.65347], [23.18247, 38.65375], [23.19606, 38.66633], [23.16814, 38.67939], [23.18678, 38.68598], [23.20493, 38.68268], [23.23764, 38.66633], [23.25375, 38.66181], [23.28696, 38.65815], [23.30592, 38.65266], [23.32097, 38.64326], [23.33123, 38.63028], [23.3357, 38.6164], [23.33326, 38.60423], [23.29331, 38.57909], [23.28541, 38.55646], [23.29542, 38.5681], [23.30738, 38.56855], [23.34059, 38.54556], [23.3816, 38.53535], [23.3816, 38.52855], [23.3401, 38.52237], [23.32927, 38.50837], [23.33497, 38.50361], [23.41847, 38.50434], [23.51938, 38.49067], [23.53191, 38.49811], [23.54298, 38.5117], [23.56723, 38.50113], [23.60133, 38.47394], [23.5735, 38.46088], [23.5735, 38.45344], [23.5962, 38.44676], [23.60011, 38.44062], [23.594, 38.43293], [23.594, 38.42609], [23.62501, 38.41401], [23.67286, 38.35643], [23.70997, 38.33674], [23.72486, 38.33613], [23.78199, 38.34357], [23.80502, 38.33251], [23.91245, 38.29825], [23.95102, 38.29092], [23.96697, 38.27928], [23.99122, 38.25422], [24.03859, 38.22394], [24.05063, 38.21068], [24.06902, 38.20474], [24.07309, 38.19648], [24.06804, 38.18089], [24.06951, 38.17353], [24.08058, 38.166], [24.07, 38.16279], [24.06414, 38.1551], [24.05942, 38.13129], [24.05323, 38.14525], [24.03777, 38.14374], [23.98902, 38.12263], [23.99, 38.10212], [24.00913, 38.0406], [24.03272, 38.00776], [24.01173, 37.96686], [24.01588, 37.93744], [24.01173, 37.92524], [24.03443, 37.92292], [24.04331, 37.91645], [24.0464, 37.90599], [24.04225, 37.9007], [24.01173, 37.89175], [24.02784, 37.88032], [24.05323, 37.87808], [24.0464, 37.87059], [24.0669, 37.86441], [24.05934, 37.84854], [24.0669, 37.8371], [24.05763, 37.83218], [24.05323, 37.82282], [24.077, 37.8111], [24.08465, 37.80174], [24.08741, 37.78522], [24.08619, 37.76374], [24.08188, 37.75251], [24.05942, 37.73347], [24.07309, 37.72724], [24.07309, 37.71979], [24.05942, 37.71979], [24.05942, 37.71357], [24.06577, 37.71279], [24.0669, 37.69929], [24.06397, 37.70502], [24.05942, 37.69929], [24.07211, 37.68952], [24.06373, 37.67845], [24.03272, 37.65152], [23.98308, 37.67032], [23.94972, 37.67744], [23.94304, 37.68993], [23.94337, 37.72724], [23.9227, 37.72118], [23.91334, 37.73969], [23.90252, 37.78189], [23.88884, 37.7744], [23.8816, 37.79108], [23.86557, 37.80768], [23.8475, 37.8181], [23.83351, 37.81598], [23.81918, 37.82966], [23.813, 37.82966], [23.8073, 37.80858], [23.78663, 37.81216], [23.77898, 37.80231], [23.77662, 37.81428], [23.77361, 37.81688], [23.7645, 37.81598], [23.77084, 37.82832], [23.76645, 37.83893], [23.7448, 37.85761], [23.7422, 37.87665], [23.70053, 37.9252], [23.69703, 37.93952], [23.68019, 37.94587], [23.6281, 37.93268], [23.6281, 37.93952], [23.6408, 37.94579], [23.64177, 37.95254], [23.62664, 37.9475], [23.61036, 37.96214], [23.5608, 37.97281], [23.55299, 37.98045], [23.58888, 38.00633], [23.59791, 38.02114], [23.59059, 38.0388], [23.58131, 38.04629], [23.57456, 38.04678], [23.55983, 38.04255], [23.52182, 38.04255], [23.51149, 38.04043], [23.49464, 38.02888], [23.47088, 38.02778], [23.44996, 38.02143], [23.41188, 37.99437], [23.39527, 37.98794], [23.42945, 37.98045], [23.40895, 37.97431], [23.32984, 37.98045], [23.22682, 37.97362], [23.18922, 37.95881], [23.14234, 37.93008], [23.09409, 37.91104], [23.05201, 37.92524], [23.04274, 37.92194], [23.01515, 37.92524], [23.01149, 37.91999], [23.01027, 37.89696], [23.00147, 37.89175], [22.99513, 37.88215], [22.99952, 37.8627], [23.01254, 37.84756], [23.03224, 37.85077], [23.04965, 37.84357], [23.0735, 37.84113], [23.09718, 37.84357], [23.11411, 37.85077], [23.14625, 37.82583], [23.16383, 37.81525], [23.18238, 37.80915], [23.17644, 37.78998], [23.18238, 37.7744], [23.16871, 37.77237], [23.1504, 37.76337], [23.12818, 37.76048], [23.12094, 37.74091], [23.14584, 37.72582], [23.15935, 37.72077], [23.17555, 37.71979], [23.16627, 37.69701], [23.16383, 37.68159], [23.17555, 37.64468], [23.16188, 37.64468], [23.16456, 37.62303], [23.16863, 37.61416], [23.19011, 37.60733], [23.23024, 37.58259], [23.23764, 37.59003], [23.27467, 37.56123], [23.29225, 37.55589], [23.32301, 37.53742], [23.33668, 37.53547], [23.36036, 37.54767], [23.35914, 37.57429], [23.34059, 37.60029], [23.31218, 37.61054], [23.31218, 37.61738], [23.32911, 37.62824], [23.34783, 37.63443], [23.39869, 37.63788], [23.40903, 37.62592], [23.40431, 37.59927], [23.3908, 37.57136], [23.37428, 37.55589], [23.39503, 37.54141], [23.42205, 37.53547], [23.42205, 37.52802], [23.39527, 37.5218], [23.39527, 37.51496], [23.43629, 37.50812], [23.45883, 37.49616], [23.47918, 37.49067], [23.52565, 37.4597], [23.51889, 37.45303], [23.52565, 37.44603], [23.52565, 37.43919], [23.50538, 37.43049], [23.44654, 37.41462], [23.32325, 37.40973], [23.30592, 37.41193], [23.31218, 37.39826], [23.26271, 37.40103], [23.26441, 37.39082], [23.23024, 37.38459], [23.22999, 37.37494], [23.23707, 37.37031], [23.25758, 37.37092], [23.25131, 37.36351], [23.25131, 37.35733], [23.27801, 37.34984], [23.26238, 37.34398], [23.20672, 37.34369], [23.18605, 37.34064], [23.18539, 37.33218], [23.20362, 37.30268], [23.16863, 37.29951], [23.14145, 37.30952], [23.14145, 37.31635], [23.16188, 37.31635], [23.16188, 37.32315], [23.15016, 37.32575], [23.12338, 37.32477], [23.11411, 37.33617], [23.13461, 37.32933], [23.12241, 37.34569], [23.1006, 37.35733], [23.09278, 37.35077], [23.08277, 37.35053], [23.07309, 37.35521], [23.07008, 37.3889], [23.0726, 37.40111], [23.09498, 37.38955], [23.10524, 37.39692], [23.11256, 37.41087], [23.11411, 37.4256], [23.14145, 37.41193], [23.13201, 37.44864], [23.09718, 37.46223], [23.06202, 37.45498], [23.04591, 37.4597], [23.05942, 37.46654], [23.04591, 37.48701], [23.01124, 37.46906], [23.00489, 37.4597], [22.9909, 37.49575], [22.98072, 37.50877], [22.96388, 37.5218], [22.94288, 37.5218], [22.93605, 37.53547], [22.92156, 37.54035], [22.90187, 37.54165], [22.91432, 37.5388], [22.92237, 37.52802], [22.90235, 37.53486], [22.88502, 37.53315], [22.85402, 37.51496], [22.81935, 37.53547], [22.82618, 37.54906], [22.80201, 37.56086], [22.79591, 37.56916], [22.79884, 37.5764], [22.77833, 37.59687], [22.73845, 37.58088], [22.72641, 37.56635], [22.72315, 37.54165], [22.73666, 37.51838], [22.73048, 37.49445], [22.73471, 37.48334], [22.75034, 37.46654], [22.75034, 37.44261], [22.76482, 37.43179], [22.76417, 37.42154], [22.75734, 37.40827], [22.75799, 37.39826], [22.81039, 37.34837], [22.81935, 37.34369], [22.81251, 37.32933], [22.82618, 37.32933], [22.82618, 37.32315], [22.81935, 37.32315], [22.81935, 37.31635], [22.82984, 37.3083], [22.85377, 37.27387], [22.86085, 37.25568], [22.90659, 37.19391], [22.91163, 37.18342], [22.9004, 37.17292], [22.89503, 37.13386], [22.90317, 37.12128], [22.92205, 37.11799], [22.95639, 37.12397], [22.96388, 37.1103], [22.9568, 37.10676], [22.96388, 37.10342], [22.95639, 37.09593], [22.97348, 37.09097], [22.9817, 37.08271], [22.97918, 37.07783], [22.96388, 37.08295], [22.97291, 37.06513], [22.99985, 37.03327], [22.99806, 37.02147], [23.01173, 36.98676], [22.99073, 36.98676], [23.00489, 36.96686], [23.01173, 36.97309], [23.01637, 36.95527], [23.01173, 36.93891], [23.049, 36.8769], [23.04591, 36.86909], [23.05926, 36.85151], [23.08676, 36.82909], [23.09327, 36.81826], [23.09555, 36.80703], [23.09181, 36.79833], [23.08058, 36.79499], [23.08058, 36.78876], [23.09881, 36.78693], [23.11411, 36.78132], [23.10987, 36.77367], [23.09441, 36.76081], [23.09441, 36.74372], [23.08863, 36.7329], [23.07586, 36.73383], [23.05201, 36.74714], [23.03093, 36.72557], [23.02565, 36.71564], [23.03907, 36.7062], [23.03224, 36.69257], [23.05942, 36.69257], [23.03443, 36.67487], [23.03565, 36.64908], [23.08058, 36.57929], [23.13461, 36.55537], [23.14536, 36.54194], [23.15504, 36.54108], [23.14145, 36.53425], [23.14145, 36.52802], [23.14747, 36.52237], [23.1482, 36.51716], [23.13461, 36.50755], [23.15187, 36.48729], [23.18181, 36.47232], [23.20362, 36.45612], [23.19606, 36.43252], [23.16188, 36.44619], [23.15187, 36.43561], [23.13933, 36.43407], [23.09474, 36.44318], [23.07838, 36.46528], [23.06625, 36.47346], [23.07211, 36.49311], [23.06511, 36.5091], [23.05104, 36.52245], [23.03565, 36.52802], [22.99269, 36.52033], [22.97242, 36.52021], [22.96388, 36.53115], [22.95924, 36.54743], [22.92921, 36.59634], [22.87468, 36.63052], [22.88893, 36.64248], [22.88429, 36.65424], [22.83717, 36.68651], [22.81935, 36.66523], [22.81495, 36.67056], [22.81373, 36.67939], [22.81935, 36.70279], [22.81715, 36.71796], [22.80787, 36.73957], [22.80079, 36.77578], [22.78688, 36.79344], [22.76515, 36.80418], [22.73666, 36.80858], [22.68556, 36.80947], [22.62257, 36.80345], [22.5774, 36.78303], [22.57911, 36.74038], [22.54615, 36.72142], [22.53346, 36.70722], [22.52508, 36.68513], [22.54029, 36.68521], [22.54981, 36.67829], [22.55372, 36.6662], [22.5525, 36.65095], [22.54566, 36.65095], [22.54005, 36.66527], [22.53386, 36.67056], [22.52508, 36.67145], [22.51677, 36.66616], [22.51002, 36.64802], [22.53102, 36.6328], [22.52605, 36.61237], [22.51271, 36.60277], [22.50465, 36.62425], [22.49, 36.61701], [22.48406, 36.60663], [22.48357, 36.54792], [22.48658, 36.52509], [22.51149, 36.46662], [22.50734, 36.46109], [22.51149, 36.45234], [22.4983, 36.44526], [22.49391, 36.43476], [22.49676, 36.42276], [22.50465, 36.41136], [22.50465, 36.40453], [22.49545, 36.40534], [22.49098, 36.39094], [22.47975, 36.40205], [22.47511, 36.43757], [22.4699, 36.45234], [22.45533, 36.46223], [22.42042, 36.47354], [22.40838, 36.48713], [22.40162, 36.48713], [22.39137, 36.4785], [22.38136, 36.48045], [22.36402, 36.49702], [22.3545, 36.51191], [22.35532, 36.52293], [22.36744, 36.54792], [22.38356, 36.54418], [22.38819, 36.55606], [22.38404, 36.5725], [22.37371, 36.58271], [22.38795, 36.60252], [22.36744, 36.60252], [22.36793, 36.63085], [22.37135, 36.64273], [22.38795, 36.64411], [22.38795, 36.65095], [22.36842, 36.65648], [22.37062, 36.67357], [22.38795, 36.7062], [22.35857, 36.70209], [22.33937, 36.72647], [22.32374, 36.75788], [22.30543, 36.77509], [22.30698, 36.79458], [22.29168, 36.82014], [22.22153, 36.89753], [22.20021, 36.9064], [22.17506, 36.89118], [22.13787, 36.91714], [22.13347, 36.93212], [22.14064, 36.93716], [22.14772, 36.95604], [22.15358, 36.98688], [22.15317, 37.02119], [22.08562, 37.03339], [22.04811, 37.03514], [22.03004, 37.03095], [21.9922, 37.01211], [21.9546, 37.00365], [21.94313, 36.99331], [21.93735, 36.97997], [21.92726, 36.88447], [21.92172, 36.86323], [21.93491, 36.83422], [21.92856, 36.82225], [21.95623, 36.80345], [21.97022, 36.80174], [21.97022, 36.79499], [21.94508, 36.78994], [21.93881, 36.78319], [21.94223, 36.77509], [21.93588, 36.76602], [21.88258, 36.72655], [21.87403, 36.72671], [21.82277, 36.80858], [21.78972, 36.80476], [21.76417, 36.79499], [21.75229, 36.805], [21.72877, 36.81265], [21.7225, 36.82225], [21.70737, 36.81802], [21.68849, 36.84956], [21.69239, 36.85904], [21.68849, 36.89118], [21.69158, 36.90029], [21.70948, 36.92593], [21.70997, 36.94269], [21.70265, 36.95726], [21.68816, 36.96455], [21.66798, 36.95942], [21.67742, 36.96328], [21.68165, 36.97309], [21.66774, 36.97093], [21.66179, 36.95942], [21.6548, 36.9947], [21.59929, 37.04572], [21.57862, 37.07673], [21.56967, 37.1162], [21.56756, 37.15632], [21.57439, 37.19237], [21.59213, 37.22016], [21.65496, 37.26073], [21.6823, 37.28392], [21.69581, 37.31635], [21.69142, 37.35663], [21.67481, 37.39598], [21.60711, 37.4995], [21.56902, 37.54536], [21.54998, 37.56147], [21.46363, 37.61026], [21.44304, 37.6186], [21.40219, 37.65542], [21.34327, 37.66934], [21.32374, 37.66494], [21.31853, 37.63788], [21.31227, 37.63788], [21.30828, 37.66625], [21.29868, 37.67259], [21.31105, 37.6931], [21.31471, 37.70954], [21.31186, 37.7263], [21.29526, 37.77167], [21.28492, 37.7851], [21.22731, 37.81192], [21.12208, 37.83739], [21.11305, 37.84333], [21.10759, 37.85545], [21.11158, 37.87043], [21.10621, 37.87808], [21.13356, 37.94636], [21.14039, 37.94636], [21.1644, 37.92963], [21.20777, 37.94603], [21.25164, 37.97622], [21.27752, 38.00096], [21.29152, 37.99722], [21.32594, 38.02143], [21.32594, 38.02888], [21.31853, 38.0351], [21.29908, 38.02652], [21.28435, 38.01529], [21.36704, 38.12108], [21.37371, 38.14448], [21.37428, 38.22065], [21.39829, 38.19294], [21.40854, 38.18594], [21.40528, 38.20746], [21.40089, 38.21479], [21.4061, 38.2084], [21.42066, 38.20234], [21.45973, 38.20018], [21.47397, 38.19603], [21.52394, 38.166], [21.60304, 38.1518], [21.62233, 38.15477], [21.67481, 38.17967], [21.70134, 38.20527], [21.74155, 38.26972], [21.76417, 38.2958], [21.84051, 38.33364], [21.84946, 38.3413], [21.91554, 38.33051], [21.93702, 38.33063], [21.9559, 38.33674], [21.97804, 38.32355], [22.02036, 38.31322], [22.03785, 38.28213], [22.04884, 38.27481], [22.08937, 38.26166], [22.11362, 38.26781], [22.14332, 38.24909], [22.16139, 38.2132], [22.20606, 38.20018], [22.21852, 38.18818], [22.25758, 38.18594], [22.30079, 38.17748], [22.31284, 38.17227], [22.33123, 38.1789], [22.36345, 38.15827], [22.39422, 38.14842], [22.41481, 38.13788], [22.43279, 38.14326], [22.51149, 38.1293], [22.62062, 38.08348], [22.68043, 38.0666], [22.77833, 38.00096], [22.7964, 37.97679], [22.8213, 37.96918], [22.8672, 37.93952], [22.88266, 37.93757], [22.92237, 37.94636], [22.9463, 37.94623], [22.95297, 37.94941], [22.97535, 37.97899], [22.95094, 38.00243], [22.92384, 38.01179], [22.89918, 38.02778], [22.88087, 38.02888], [22.88746, 38.03364], [22.85402, 38.0351], [22.8755, 38.0493], [22.91163, 38.06013], [22.94288, 38.08348], [22.96974, 38.08198], [23.01905, 38.06525], [23.03907, 38.06989], [23.06861, 38.05891], [23.10092, 38.0624], [23.17286, 38.0795], [23.18971, 38.09439], [23.20672, 38.09781], [23.21664, 38.10334], [23.2103, 38.11538], [23.19418, 38.12694], [23.17555, 38.13129], [23.17555, 38.14496], [23.2234, 38.1518], [23.2234, 38.15925], [23.14405, 38.16743], [23.12843, 38.17227], [23.14894, 38.18594], [23.12273, 38.20808], [23.10963, 38.21011], [23.07748, 38.18578], [23.06666, 38.18317], [23.03224, 38.18594], [23.03224, 38.19278], [23.05201, 38.19278], [23.03883, 38.20832], [23.02508, 38.21662], [22.95191, 38.22529], [22.93377, 38.22207], [22.92237, 38.20702], [22.93588, 38.2106], [22.95053, 38.20978], [22.96306, 38.20405], [22.96949, 38.19278], [22.92254, 38.19745], [22.9087, 38.19278], [22.89503, 38.24116], [22.88819, 38.24116], [22.88087, 38.22695], [22.87468, 38.24116], [22.85646, 38.2364], [22.82, 38.23298], [22.80568, 38.22695], [22.76482, 38.24799], [22.7732, 38.25829], [22.79127, 38.27045], [22.79884, 38.28213], [22.74236, 38.29707], [22.71941, 38.31029], [22.69646, 38.31688], [22.6753, 38.34357], [22.68442, 38.36107], [22.67018, 38.38154], [22.6465, 38.38996], [22.6268, 38.37153], [22.64487, 38.36962], [22.64617, 38.3618], [22.63673, 38.35627], [22.61231, 38.36384], [22.60092, 38.35566], [22.58717, 38.33674], [22.58717, 38.33051], [22.60646, 38.32306], [22.60646, 38.31688], [22.59815, 38.31074], [22.60027, 38.30264], [22.58863, 38.29304], [22.57643, 38.29019], [22.56251, 38.29352], [22.54566, 38.30264], [22.52622, 38.33173], [22.53883, 38.33674], [22.52516, 38.35883], [22.47731, 38.40567], [22.46843, 38.42113], [22.46306, 38.42609], [22.44825, 38.43049], [22.40162, 38.45344], [22.40838, 38.4156], [22.37371, 38.39203], [22.386, 38.38019], [22.39479, 38.38516], [22.39861, 38.37592], [22.39625, 38.36835], [22.38111, 38.35786], [22.38795, 38.35102], [22.38234, 38.34268], [22.36752, 38.34186], [22.32252, 38.35102], [22.28492, 38.34732], [22.27931, 38.3531], [22.26645, 38.35855], [22.22486, 38.36005], [22.20932, 38.35293], [22.19597, 38.33955], [22.18922, 38.32306], [22.18092, 38.32998], [22.16879, 38.35102], [22.14576, 38.35399], [22.14772, 38.36408], [22.13258, 38.37275], [22.10076, 38.38032], [22.04908, 38.39851], [22.02955, 38.39924], [22.01124, 38.39203], [21.98764, 38.41059], [21.95786, 38.41169], [21.92897, 38.4029], [21.88852, 38.37979], [21.87924, 38.378], [21.86411, 38.37767], [21.85613, 38.38093], [21.84051, 38.39887], [21.83123, 38.39667], [21.78224, 38.36367], [21.77459, 38.35261], [21.77166, 38.33364], [21.76254, 38.32836], [21.74301, 38.33784], [21.71632, 38.35786], [21.65797, 38.35786], [21.61354, 38.34496], [21.59962, 38.35102], [21.53541, 38.31395], [21.52394, 38.2958], [21.51775, 38.2958], [21.50847, 38.30223], [21.47609, 38.30606], [21.46925, 38.31293], [21.4284, 38.33051], [21.44532, 38.33405], [21.48976, 38.30947], [21.48976, 38.31688], [21.48268, 38.32461], [21.48976, 38.33674], [21.47609, 38.34357], [21.47609, 38.35102], [21.48976, 38.35786], [21.46998, 38.35786], [21.47609, 38.37153], [21.45851, 38.36636], [21.44264, 38.37153], [21.42213, 38.36408], [21.42848, 38.38373], [21.41627, 38.39411], [21.37745, 38.39887], [21.36988, 38.40819], [21.36012, 38.46772], [21.33904, 38.48754], [21.32252, 38.49628], [21.3086, 38.49437], [21.35328, 38.43293], [21.33904, 38.43293], [21.34645, 38.42609], [21.3366, 38.3957], [21.29119, 38.37767], [21.29868, 38.37153], [21.29119, 38.36408], [21.27768, 38.37092], [21.26954, 38.36787], [21.26637, 38.3614], [21.27223, 38.35444], [21.23927, 38.33112], [21.21266, 38.33051], [21.19711, 38.34016], [21.18963, 38.34138], [21.18133, 38.33051], [21.19996, 38.32306], [21.18287, 38.31916], [21.17506, 38.3133], [21.17449, 38.30264], [21.15561, 38.3039], [21.14861, 38.31403], [21.14039, 38.33674], [21.08522, 38.34357], [21.10572, 38.35297], [21.10939, 38.36042], [21.10621, 38.37153], [21.09254, 38.36408], [21.10621, 38.38516], [21.10328, 38.37816], [21.11354, 38.37393], [21.12501, 38.37995], [21.14039, 38.39887], [21.12241, 38.41035], [21.11476, 38.40961], [21.10621, 38.39887], [21.09474, 38.40298], [21.08676, 38.41047], [21.07895, 38.43293], [21.08522, 38.44038], [21.09522, 38.43024], [21.10678, 38.42544], [21.11622, 38.42805], [21.11988, 38.44038], [21.10621, 38.43293], [21.11085, 38.44611], [21.10141, 38.46475], [21.10621, 38.47394], [21.10621, 38.48139], [21.09669, 38.48143], [21.07895, 38.48754], [21.09938, 38.49437], [21.08522, 38.50186], [21.09474, 38.51789], [21.09596, 38.53193], [21.08668, 38.53644], [21.04721, 38.51138], [21.03582, 38.5069], [21.03053, 38.51142], [21.01686, 38.54588], [21.02459, 38.58674], [21.02467, 38.60847], [21.00367, 38.62645], [20.98813, 38.66401], [20.97902, 38.67255], [20.94011, 38.67292], [20.92661, 38.67674], [20.9144, 38.68623], [20.9074, 38.69855], [20.88315, 38.77936], [20.87338, 38.79532], [20.85987, 38.80353], [20.84522, 38.79963], [20.83058, 38.78779], [20.81137, 38.76252], [20.80405, 38.77338], [20.79184, 38.76655], [20.78403, 38.76813], [20.77329, 38.76093], [20.76368, 38.78172], [20.72934, 38.80353], [20.72934, 38.80976], [20.73699, 38.82258], [20.74936, 38.85724], [20.76734, 38.86433], [20.8003, 38.86457], [20.80519, 38.86774], [20.7942, 38.87979], [20.7645, 38.89179], [20.75603, 38.90689], [20.75408, 38.92495], [20.7575, 38.94009], [20.76979, 38.95897], [20.78159, 38.935], [20.7977, 38.92642], [20.81707, 38.92137], [20.83595, 38.9289], [20.84978, 38.94367], [20.85987, 38.96052], [20.86671, 38.96052], [20.8711, 38.94725], [20.86671, 38.94009], [20.87224, 38.93281], [20.86671, 38.92642], [20.90382, 38.92805], [20.91578, 38.9361], [20.92066, 38.95433], [20.9275, 38.95433], [20.93718, 38.94404], [20.97535, 38.94685], [21.00945, 38.93423], [21.02735, 38.9326], [21.02996, 38.92621], [21.02556, 38.89802], [21.03395, 38.89167], [21.0608, 38.88223], [21.08522, 38.86433], [21.08888, 38.87848], [21.09938, 38.88544], [21.09938, 38.89167], [21.09164, 38.90453], [21.10231, 38.91083], [21.12086, 38.91022], [21.13697, 38.90253], [21.16082, 38.878], [21.17262, 38.87352], [21.17742, 38.87604], [21.18133, 38.88544], [21.16969, 38.89582], [21.16684, 38.91087], [21.15455, 38.9134], [21.14186, 38.93081], [21.14015, 38.94131], [21.14723, 38.95433], [21.14194, 38.96239], [21.14503, 38.97138], [21.1526, 38.97671], [21.16082, 38.97419], [21.15992, 38.99775], [21.13559, 39.02338], [21.08522, 39.06293], [21.07439, 39.05004], [21.07447, 39.04336], [21.07895, 39.03628], [21.06528, 39.04051], [21.05519, 39.0375], [21.03736, 39.02196], [21.05836, 39.00898], [21.00318, 39.01512], [21.00318, 39.02196], [20.9909, 39.02424], [20.96567, 39.03937], [20.95379, 39.03417], [20.94418, 39.03856], [20.93483, 39.05671], [20.9485, 39.06293], [20.9485, 39.06977], [20.92018, 39.06452], [20.90943, 39.06867], [20.90138, 39.07722], [20.89389, 39.07722], [20.88819, 39.06721], [20.87037, 39.05931], [20.86671, 39.05305], [20.87094, 39.04312], [20.88201, 39.0412], [20.88649, 39.03644], [20.8449, 39.03693], [20.85987, 39.04247], [20.85776, 39.05891], [20.85499, 39.0655], [20.8462, 39.06293], [20.8462, 39.07722], [20.83237, 39.07689], [20.82569, 39.06977], [20.83806, 39.09174], [20.83416, 39.10847], [20.82244, 39.11449], [20.81137, 39.10456], [20.80519, 39.1114], [20.79542, 39.09862], [20.77719, 39.09089], [20.77719, 39.08344], [20.79184, 39.0808], [20.78403, 39.04926], [20.76157, 39.03242], [20.7575, 39.02196], [20.74318, 39.02949], [20.74537, 39.01472], [20.7575, 39.01512], [20.80388, 38.9853], [20.8235, 38.97785], [20.8318, 38.96369], [20.82879, 38.96052], [20.82008, 38.96223], [20.80209, 38.97065], [20.76637, 38.97761], [20.7575, 38.97419], [20.74692, 38.95795], [20.73512, 38.9501], [20.72633, 38.96678], [20.71217, 38.97907], [20.70216, 38.99836], [20.70436, 39.00495], [20.71583, 39.01512], [20.70574, 39.04857], [20.68653, 39.07245], [20.66, 39.08999], [20.6277, 39.10456], [20.59588, 39.12385], [20.51783, 39.20075], [20.48829, 39.21662], [20.47885, 39.22516], [20.48243, 39.23428], [20.47511, 39.25507], [20.48243, 39.28266], [20.46022, 39.27729], [20.45281, 39.28046], [20.44825, 39.2895], [20.43344, 39.28286], [20.4192, 39.28335], [20.39356, 39.29694], [20.36557, 39.28766], [20.32488, 39.30378], [20.29282, 39.33344], [20.2907, 39.36465], [20.27719, 39.3747], [20.2697, 39.38736], [20.25896, 39.39728], [20.23601, 39.39936], [20.23601, 39.40619], [20.24285, 39.40619], [20.24285, 39.41242], [20.22364, 39.43586], [20.21559, 39.44033], [20.23276, 39.44465], [20.26734, 39.44693], [20.26393, 39.46076], [20.25424, 39.46882], [20.21559, 39.48871], [20.21559, 39.49494], [20.25506, 39.49238], [20.26393, 39.50178], [20.26393, 39.50861], [20.23601, 39.52082], [20.22202, 39.52131], [20.22242, 39.50861], [20.20216, 39.52041], [20.19068, 39.52167], [20.20191, 39.52973], [20.18312, 39.53327], [20.14959, 39.53364], [20.13356, 39.52973], [20.14552, 39.54707], [20.14666, 39.5707], [20.15406, 39.56391], [20.1609, 39.56436], [20.17457, 39.57685], [20.17457, 39.59797], [20.18824, 39.60419], [20.18181, 39.62446], [20.16521, 39.63361], [20.1482, 39.63752], [20.12135, 39.65681], [20.10483, 39.66108], [20.08888, 39.67308], [20.04461, 39.68089], [20.01002, 39.69355], [19.99985, 39.69351], [20.01607, 39.7014], [20.08935, 39.6828], [20.13524, 39.66419], [20.16376, 39.6443], [20.18412, 39.63701], [20.19993, 39.64006], [20.20345, 39.64533], [20.20417, 39.66032], [20.21203, 39.66704], [20.22856, 39.66916], [20.24603, 39.6629], [20.24903, 39.68481], [20.26412, 39.69608], [20.28272, 39.7044], [20.29647, 39.71737], [20.29946, 39.72822], [20.27569, 39.76006], [20.28468, 39.78031], [20.27301, 39.79649], [20.28003, 39.80398], [20.29833, 39.80543], [20.35455, 39.78579], [20.3716, 39.78429], [20.38897, 39.79814], [20.39703, 39.81809], [20.393, 39.83545], [20.3469, 39.89426], [20.31796, 39.91839], [20.30298, 39.97911], [20.29791, 39.98691], [20.37646, 39.99374], [20.3807, 40.01167], [20.40044, 40.04526], [20.41377, 40.05719], [20.43279, 40.06381], [20.46597, 40.06081], [20.49986, 40.07146], [20.55288, 40.06541], [20.57779, 40.06727], [20.64756, 40.09404], [20.66823, 40.13807], [20.66037, 40.17889], [20.66502, 40.18437], [20.68528, 40.19119], [20.69644, 40.21507], [20.69458, 40.25558], [20.69913, 40.27837], [20.70698, 40.28809], [20.73665, 40.30364], [20.77044, 40.36255], [20.77385, 40.3749], [20.769, 40.41257], [20.77065, 40.42198], [20.77954, 40.42901], [20.8092, 40.4366], [20.82667, 40.46482], [20.84, 40.47164], [20.86677, 40.47205], [20.91193, 40.45955], [20.93684, 40.47252], [20.95265, 40.49365], [20.95193, 40.50606], [20.95792, 40.51494], [20.98149, 40.52326], [20.98831, 40.5335], [21.01353, 40.5489], [21.0188, 40.55897], [21.02252, 40.58662], [21.03668, 40.63974], [21.03534, 40.65938], [21.02883, 40.67685], [21.01859, 40.6909], [20.99203, 40.7155], [20.96351, 40.73607], [20.95348, 40.75917], [20.94366, 40.76526], [20.96092, 40.78077], [20.96702, 40.80201], [20.96526, 40.84939], [21.11213, 40.85394]]], [[[26.61231, 39.04926], [26.61004, 39.02293], [26.59742, 39.01195], [26.56764, 39.02196], [26.55144, 39.01504], [26.5394, 39.01935], [26.5193, 39.03628], [26.52662, 39.04247], [26.51759, 39.04751], [26.51612, 39.05264], [26.52662, 39.08344], [26.51515, 39.09101], [26.50587, 39.1092], [26.48927, 39.11367], [26.45493, 39.1114], [26.43702, 39.1035], [26.45297, 39.08641], [26.49195, 39.06293], [26.52882, 39.02106], [26.54713, 39.00898], [26.54713, 39.00153], [26.54371, 38.99738], [26.54713, 38.98786], [26.48927, 38.97256], [26.42416, 38.96735], [26.37517, 38.97891], [26.33937, 38.98286], [26.27638, 39.01065], [26.21713, 39.0207], [26.1657, 39.02241], [26.15528, 39.02497], [26.14633, 39.03213], [26.11557, 39.06672], [26.10426, 39.07465], [26.0879, 39.07722], [26.0879, 39.08344], [26.10922, 39.09268], [26.12192, 39.09089], [26.16017, 39.09772], [26.18068, 39.12128], [26.19142, 39.12759], [26.2256, 39.13182], [26.25229, 39.15233], [26.29347, 39.17715], [26.29021, 39.18675], [26.28004, 39.19644], [26.26979, 39.20075], [26.2256, 39.20759], [26.18735, 39.20205], [26.17335, 39.19501], [26.16017, 39.18334], [26.14527, 39.15567], [26.14243, 39.15575], [26.09742, 39.10566], [26.08277, 39.09516], [26.06397, 39.09089], [26.04298, 39.09321], [25.95834, 39.11766], [25.91993, 39.13711], [25.88893, 39.14472], [25.85434, 39.17207], [25.83465, 39.17963], [25.83465, 39.18708], [25.84596, 39.19038], [25.85515, 39.22126], [25.84205, 39.22801], [25.85353, 39.2364], [25.85865, 39.25922], [25.88307, 39.26899], [25.91725, 39.29694], [25.92408, 39.29694], [25.93637, 39.27656], [25.96892, 39.27863], [26.0062, 39.28632], [26.03321, 39.28266], [26.04689, 39.30317], [26.05372, 39.2895], [26.06056, 39.2895], [26.07309, 39.30321], [26.094, 39.31049], [26.1364, 39.31623], [26.16277, 39.32364], [26.17254, 39.33539], [26.17091, 39.35322], [26.16359, 39.37885], [26.34303, 39.383], [26.36215, 39.37885], [26.35475, 39.35651], [26.37338, 39.34691], [26.40024, 39.34125], [26.41749, 39.33047], [26.37965, 39.28266], [26.38217, 39.27709], [26.42416, 39.2451], [26.46632, 39.22923], [26.50473, 39.185], [26.53972, 39.16596], [26.52662, 39.15913], [26.53077, 39.15062], [26.54713, 39.13532], [26.55055, 39.11921], [26.56764, 39.11815], [26.56625, 39.09797], [26.57944, 39.07534], [26.59791, 39.05687], [26.61231, 39.04926]]], [[[26.60369, 37.34943], [26.60613, 37.33955], [26.60084, 37.33735], [26.58872, 37.34479], [26.57244, 37.34715], [26.56373, 37.3417], [26.55844, 37.32974], [26.54884, 37.32657], [26.5652, 37.30842], [26.56772, 37.27464], [26.5573, 37.27123], [26.5464, 37.27717], [26.54477, 37.2884], [26.53272, 37.29173], [26.52858, 37.30073], [26.53883, 37.33812], [26.5337, 37.36066], [26.53639, 37.37271], [26.56861, 37.37442], [26.59034, 37.36445], [26.60369, 37.34943]]], [[[26.39332, 36.63654], [26.43051, 36.61872], [26.45948, 36.59667], [26.46599, 36.58271], [26.45493, 36.57685], [26.44467, 36.5895], [26.4297, 36.5786], [26.41586, 36.5749], [26.38673, 36.57587], [26.3733, 36.57241], [26.36305, 36.56367], [26.34864, 36.54108], [26.34946, 36.51561], [26.34164, 36.50935], [26.31772, 36.50755], [26.30095, 36.51325], [26.28224, 36.53986], [26.26596, 36.54792], [26.27345, 36.56159], [26.26433, 36.57331], [26.26149, 36.58763], [26.26645, 36.59593], [26.28028, 36.5895], [26.29477, 36.59658], [26.34164, 36.56904], [26.35084, 36.57274], [26.36598, 36.5895], [26.39389, 36.58568], [26.40382, 36.5895], [26.39031, 36.59544], [26.38494, 36.6048], [26.38941, 36.6162], [26.37867, 36.61921], [26.36215, 36.63052], [26.36215, 36.63788], [26.39332, 36.63654]]], [[[26.34457, 37.65949], [26.3191, 37.63426], [26.23064, 37.57136], [26.21388, 37.56513], [26.12794, 37.55581], [26.10825, 37.54906], [26.0783, 37.52757], [26.05787, 37.51923], [26.0298, 37.5218], [25.99073, 37.51317], [25.97633, 37.51602], [25.97185, 37.53547], [25.97975, 37.54865], [26.01238, 37.57502], [26.02638, 37.60082], [26.042, 37.61701], [26.07423, 37.63788], [26.09897, 37.63907], [26.15642, 37.6328], [26.17726, 37.63788], [26.19744, 37.63227], [26.22722, 37.63959], [26.25424, 37.652], [26.28077, 37.67544], [26.31365, 37.68317], [26.36215, 37.68626], [26.34457, 37.65949]]], [[[26.31235, 35.29694], [26.26596, 35.26], [26.28386, 35.20824], [26.29949, 35.18553], [26.32114, 35.19794], [26.31178, 35.18236], [26.29542, 35.16633], [26.285, 35.1507], [26.29396, 35.13646], [26.27752, 35.10004], [26.25611, 35.0716], [26.24098, 35.03905], [26.23536, 35.03408], [26.22381, 35.03238], [26.14723, 35.00227], [26.10524, 34.99934], [26.08172, 35.01976], [26.05795, 35.02289], [26.02027, 35.02094], [25.98487, 35.03913], [25.9603, 35.02896], [25.92408, 35.03408], [25.88152, 35.02709], [25.80812, 35.00576], [25.60125, 35.01358], [25.5381, 34.99702], [25.5062, 34.98457], [25.41521, 34.99372], [25.34767, 34.99152], [25.30397, 34.98477], [25.2798, 34.9726], [25.22315, 34.95417], [25.20769, 34.95148], [25.15089, 34.95571], [25.12892, 34.95148], [25.10776, 34.93789], [25.09742, 34.93789], [25.0774, 34.94473], [25.04493, 34.94074], [25.01905, 34.93163], [25.00318, 34.93696], [24.98373, 34.93871], [24.73854, 34.93163], [24.73854, 34.93789], [24.75172, 34.94648], [24.75522, 34.95791], [24.75213, 34.99592], [24.75994, 35.02733], [24.75896, 35.04149], [24.74285, 35.07722], [24.71811, 35.09398], [24.61899, 35.0974], [24.59474, 35.10151], [24.58025, 35.1092], [24.56463, 35.10615], [24.5324, 35.13646], [24.50074, 35.15241], [24.48121, 35.15591], [24.46412, 35.15013], [24.40382, 35.17504], [24.40211, 35.19111], [24.29322, 35.18228], [24.21778, 35.19111], [24.20395, 35.20539], [24.19728, 35.20515], [24.18295, 35.19794], [24.11134, 35.19794], [24.094, 35.20466], [24.08465, 35.20453], [24.08058, 35.19452], [24.04981, 35.19111], [24.03142, 35.1977], [24.00327, 35.22671], [23.98764, 35.2333], [23.90187, 35.23119], [23.8602, 35.23631], [23.82667, 35.25259], [23.81227, 35.24478], [23.79949, 35.24632], [23.78207, 35.23469], [23.71168, 35.23672], [23.68336, 35.22582], [23.66912, 35.23729], [23.61052, 35.23493], [23.58717, 35.23949], [23.58229, 35.24518], [23.58448, 35.2543], [23.58033, 35.26], [23.55299, 35.26683], [23.53102, 35.28848], [23.51824, 35.29413], [23.52565, 35.30097], [23.5193, 35.30174], [23.51824, 35.30777], [23.53289, 35.31403], [23.54615, 35.31525], [23.54819, 35.32148], [23.55299, 35.32148], [23.54184, 35.33637], [23.54078, 35.34516], [23.54615, 35.35619], [23.53859, 35.37409], [23.54933, 35.39692], [23.5735, 35.43476], [23.56666, 35.44745], [23.55983, 35.45181], [23.57097, 35.48371], [23.57765, 35.49291], [23.57846, 35.50056], [23.56609, 35.50702], [23.56609, 35.51325], [23.5726, 35.52045], [23.56609, 35.52749], [23.58123, 35.55268], [23.58448, 35.56452], [23.58033, 35.57591], [23.60475, 35.61262], [23.60816, 35.5517], [23.61988, 35.52408], [23.6395, 35.51899], [23.64177, 35.50702], [23.65943, 35.50121], [23.68336, 35.49958], [23.70297, 35.50288], [23.71843, 35.51284], [23.72788, 35.52985], [23.73048, 35.55418], [23.71274, 35.607], [23.72364, 35.61689], [23.71388, 35.63483], [23.71119, 35.64887], [23.71583, 35.66153], [23.74155, 35.68696], [23.75001, 35.68659], [23.77898, 35.67154], [23.77898, 35.66405], [23.76783, 35.65388], [23.76808, 35.64106], [23.77898, 35.60944], [23.77898, 35.57591], [23.79949, 35.54462], [23.81715, 35.53482], [23.90138, 35.52717], [23.92905, 35.5207], [23.94418, 35.52497], [24.0005, 35.51992], [24.0254, 35.5207], [24.04469, 35.52766], [24.05095, 35.53437], [24.05763, 35.55292], [24.06837, 35.55549], [24.09409, 35.55418], [24.0818, 35.58991], [24.11525, 35.6013], [24.16041, 35.59707], [24.18295, 35.5856], [24.2033, 35.54181], [24.20053, 35.53437], [24.18295, 35.51325], [24.16375, 35.50776], [24.14259, 35.50702], [24.08123, 35.51496], [24.0669, 35.50702], [24.07195, 35.49836], [24.10776, 35.482], [24.13722, 35.47484], [24.17018, 35.45604], [24.1867, 35.45181], [24.2225, 35.46117], [24.25245, 35.47907], [24.26401, 35.43317], [24.26547, 35.36986], [24.27312, 35.36489], [24.29347, 35.36376], [24.3401, 35.34833], [24.42807, 35.3697], [24.46412, 35.36245], [24.48536, 35.37214], [24.56666, 35.38418], [24.5936, 35.39118], [24.65593, 35.41767], [24.67693, 35.42349], [24.72096, 35.42723], [24.82016, 35.41303], [24.84083, 35.404], [24.8672, 35.41649], [24.89552, 35.42451], [24.95753, 35.404], [24.96957, 35.41576], [24.9712, 35.42451], [25.01873, 35.41502], [25.02963, 35.40327], [25.05323, 35.404], [25.05454, 35.39741], [25.04705, 35.38044], [25.05535, 35.35521], [25.077, 35.34447], [25.10678, 35.34248], [25.19711, 35.34935], [25.21209, 35.33779], [25.22136, 35.33568], [25.2518, 35.33568], [25.30698, 35.34317], [25.34636, 35.33609], [25.36166, 35.34317], [25.3685, 35.33568], [25.37599, 35.34317], [25.4253, 35.29955], [25.45362, 35.29413], [25.48194, 35.29743], [25.63884, 35.34589], [25.65992, 35.34935], [25.69256, 35.33784], [25.70777, 35.33568], [25.76637, 35.33568], [25.75913, 35.32209], [25.74773, 35.31061], [25.72478, 35.29413], [25.73219, 35.28791], [25.72609, 35.27875], [25.72511, 35.27082], [25.72926, 35.26455], [25.73902, 35.26], [25.7378, 35.27741], [25.74285, 35.28535], [25.75099, 35.28413], [25.75896, 35.27432], [25.75367, 35.26748], [25.75896, 35.26], [25.75327, 35.25259], [25.74464, 35.25715], [25.73219, 35.24632], [25.73512, 35.23749], [25.71949, 35.21137], [25.72478, 35.19111], [25.71274, 35.18285], [25.71412, 35.17398], [25.72478, 35.15355], [25.72853, 35.13337], [25.73878, 35.13101], [25.75318, 35.13312], [25.78289, 35.11799], [25.79526, 35.11514], [25.81764, 35.11595], [25.83033, 35.12238], [25.84767, 35.15058], [25.88307, 35.16445], [25.89666, 35.18488], [25.97853, 35.19546], [26.03321, 35.22582], [26.05502, 35.22712], [26.06056, 35.2333], [26.06739, 35.2333], [26.08139, 35.22358], [26.11964, 35.21532], [26.10825, 35.20539], [26.12973, 35.19587], [26.15512, 35.19794], [26.17945, 35.20718], [26.19777, 35.21906], [26.19264, 35.22093], [26.19093, 35.22582], [26.21843, 35.24714], [26.2378, 35.26879], [26.25953, 35.28449], [26.29396, 35.28791], [26.28647, 35.30097], [26.30079, 35.30097], [26.29396, 35.31525], [26.32114, 35.31525], [26.31235, 35.29694]]], [[[26.15089, 38.53042], [26.14438, 38.49291], [26.12192, 38.48754], [26.12973, 38.47846], [26.14243, 38.47394], [26.1364, 38.46772], [26.15406, 38.46727], [26.15455, 38.46088], [26.14243, 38.4466], [26.13933, 38.41889], [26.14991, 38.34357], [26.16359, 38.30264], [26.13706, 38.29963], [26.11354, 38.28425], [26.10222, 38.2617], [26.11207, 38.23749], [26.11207, 38.2226], [26.08815, 38.21259], [26.04005, 38.20018], [26.03207, 38.18968], [26.02589, 38.16714], [26.0197, 38.15925], [26.00978, 38.15672], [25.97486, 38.166], [25.96461, 38.17186], [25.94239, 38.19497], [25.93409, 38.1955], [25.92449, 38.20311], [25.91489, 38.21503], [25.91041, 38.22695], [25.88982, 38.22065], [25.88982, 38.24799], [25.8733, 38.23973], [25.86606, 38.24567], [25.86752, 38.25971], [25.87623, 38.27529], [25.88592, 38.28189], [25.91725, 38.28897], [25.93426, 38.30264], [25.96437, 38.30264], [25.97088, 38.31436], [25.9756, 38.33723], [25.9922, 38.34357], [25.98699, 38.3548], [25.98902, 38.3793], [25.98536, 38.39203], [25.98341, 38.38703], [25.97804, 38.38516], [25.96746, 38.39851], [25.95069, 38.40567], [25.95631, 38.41454], [25.95558, 38.42821], [25.94386, 38.45344], [25.9319, 38.4632], [25.88982, 38.47394], [25.87525, 38.48355], [25.84327, 38.51533], [25.83465, 38.52855], [25.83277, 38.54409], [25.84522, 38.5659], [25.84889, 38.58039], [25.99537, 38.60423], [26.01588, 38.60204], [26.06397, 38.59003], [26.06625, 38.5832], [26.10825, 38.54279], [26.11541, 38.55516], [26.12192, 38.55646], [26.12135, 38.56232], [26.11573, 38.5633], [26.13071, 38.56721], [26.14356, 38.5644], [26.15455, 38.55598], [26.16359, 38.54279], [26.15089, 38.53042]]], [[[26.01905, 36.92512], [26.05421, 36.90355], [26.07423, 36.89802], [26.07472, 36.8933], [26.06739, 36.89118], [26.05014, 36.89696], [26.01596, 36.88947], [26.00587, 36.89118], [25.99098, 36.8791], [25.9214, 36.84105], [25.89356, 36.80345], [25.87965, 36.79499], [25.79868, 36.77277], [25.75554, 36.76996], [25.73902, 36.79499], [25.75327, 36.78876], [25.76075, 36.79906], [25.7741, 36.80712], [25.78891, 36.80923], [25.80055, 36.80174], [25.80738, 36.80174], [25.82301, 36.80874], [25.84547, 36.80858], [25.86313, 36.83592], [25.85157, 36.83112], [25.84547, 36.83662], [25.84547, 36.84956], [25.85662, 36.85106], [25.97185, 36.89802], [25.97185, 36.9042], [25.95069, 36.91161], [25.95069, 36.91844], [25.97836, 36.92495], [25.99025, 36.93073], [25.99838, 36.93891], [26.00587, 36.93891], [26.01905, 36.92512]]], [[[25.74952, 36.38768], [25.76783, 36.4016], [25.80299, 36.38959], [25.83546, 36.36616], [25.85515, 36.36359], [25.84685, 36.35029], [25.83806, 36.35179], [25.81764, 36.36359], [25.77687, 36.35383], [25.74643, 36.35798], [25.73683, 36.36616], [25.73024, 36.38011], [25.74952, 36.38768]]], [[[25.80738, 37.10342], [25.80055, 37.09593], [25.78053, 37.12397], [25.79737, 37.12324], [25.83465, 37.1376], [25.82838, 37.12397], [25.84205, 37.1103], [25.83676, 37.10236], [25.82911, 37.09732], [25.8191, 37.09691], [25.80738, 37.10342]]], [[[25.69532, 40.43268], [25.68263, 40.42308], [25.58912, 40.39814], [25.56715, 40.39989], [25.53256, 40.41502], [25.46632, 40.45576], [25.452, 40.46869], [25.44353, 40.48188], [25.46168, 40.48159], [25.52036, 40.50772], [25.54664, 40.51533], [25.57586, 40.51472], [25.6565, 40.49616], [25.67189, 40.48749], [25.68865, 40.475], [25.69752, 40.46101], [25.69068, 40.4477], [25.69532, 40.43268]]], [[[25.61459, 36.89374], [25.64967, 36.91161], [25.68442, 36.89118], [25.674, 36.87946], [25.65463, 36.87889], [25.60865, 36.88373], [25.61459, 36.89374]]], [[[25.58888, 38.61172], [25.62233, 38.58381], [25.62281, 38.57909], [25.61492, 38.57697], [25.60499, 38.53535], [25.57154, 38.54125], [25.5608, 38.53535], [25.55738, 38.54462], [25.56186, 38.55687], [25.5608, 38.5633], [25.5232, 38.5974], [25.52613, 38.60423], [25.53297, 38.60688], [25.54664, 38.5974], [25.56007, 38.60932], [25.56788, 38.61001], [25.57456, 38.60423], [25.58082, 38.60423], [25.58082, 38.61172], [25.58888, 38.61172]]], [[[25.5337, 37.20067], [25.57456, 37.17853], [25.58627, 37.16063], [25.59246, 37.14252], [25.59506, 37.09968], [25.58082, 37.01777], [25.5525, 36.96894], [25.52613, 36.95942], [25.49138, 36.93212], [25.46111, 36.92451], [25.44988, 36.91844], [25.4476, 36.92475], [25.43678, 36.93212], [25.43238, 36.93928], [25.42311, 36.96686], [25.41668, 36.97313], [25.38893, 36.98676], [25.39405, 36.99811], [25.38071, 37.01874], [25.38209, 37.03514], [25.36695, 37.05956], [25.35548, 37.07136], [25.34181, 37.07673], [25.34181, 37.08295], [25.35239, 37.0891], [25.36166, 37.08295], [25.37184, 37.08906], [25.40943, 37.12397], [25.47462, 37.16181], [25.49513, 37.18911], [25.52215, 37.19318], [25.5337, 37.20067]]], [[[25.41798, 36.4704], [25.4524, 36.45026], [25.47918, 36.42438], [25.49138, 36.39769], [25.48927, 36.37783], [25.47999, 36.35786], [25.4651, 36.34243], [25.44663, 36.33633], [25.42644, 36.33796], [25.37989, 36.34894], [25.36166, 36.35676], [25.37338, 36.36164], [25.40943, 36.36359], [25.4192, 36.37006], [25.42872, 36.38544], [25.43678, 36.39094], [25.4253, 36.42715], [25.41627, 36.43252], [25.42189, 36.45112], [25.40707, 36.45799], [25.3685, 36.46662], [25.3685, 36.47346], [25.38209, 36.47964], [25.41798, 36.4704]]], [[[25.43035, 36.84406], [25.44695, 36.85741], [25.47096, 36.87067], [25.47836, 36.87067], [25.47096, 36.86323], [25.47853, 36.86001], [25.47779, 36.83515], [25.45786, 36.82486], [25.43442, 36.82266], [25.42311, 36.83251], [25.43035, 36.84406]]], [[[25.38258, 37.41974], [25.30698, 37.41193], [25.30926, 37.43618], [25.3213, 37.43919], [25.32643, 37.46288], [25.32244, 37.47102], [25.30698, 37.47272], [25.31267, 37.48823], [25.33774, 37.49958], [25.34799, 37.50812], [25.37729, 37.46743], [25.38209, 37.46967], [25.38559, 37.48994], [25.39536, 37.49396], [25.42677, 37.48701], [25.44361, 37.47504], [25.4629, 37.47004], [25.46559, 37.46337], [25.45729, 37.44603], [25.44256, 37.4409], [25.42359, 37.44111], [25.40772, 37.43684], [25.4026, 37.41816], [25.38258, 37.41974]]], [[[25.44988, 40.0362], [25.43678, 40.02253], [25.43678, 40.0163], [25.44272, 40.01504], [25.44988, 39.98843], [25.40162, 39.96377], [25.38559, 39.9444], [25.38893, 39.9195], [25.36411, 39.91722], [25.34799, 39.90644], [25.3685, 39.89899], [25.34164, 39.88386], [25.34034, 39.87421], [25.35548, 39.86555], [25.34278, 39.85464], [25.3484, 39.84374], [25.3685, 39.82453], [25.36988, 39.81712], [25.35548, 39.81025], [25.35279, 39.79328], [25.34897, 39.78766], [25.3322, 39.79609], [25.29526, 39.80768], [25.29363, 39.82648], [25.29029, 39.83076], [25.27312, 39.83568], [25.2566, 39.8559], [25.23878, 39.85806], [25.26173, 39.87043], [25.27426, 39.88007], [25.2798, 39.88911], [25.27516, 39.90363], [25.26401, 39.91327], [25.25066, 39.91852], [25.23878, 39.9195], [25.19711, 39.89281], [25.21388, 39.89179], [25.22511, 39.8854], [25.20729, 39.88312], [25.19418, 39.8736], [25.17726, 39.84504], [25.19093, 39.85187], [25.20216, 39.84101], [25.21453, 39.82469], [25.22104, 39.80996], [25.21453, 39.80341], [25.17506, 39.80703], [25.14324, 39.81708], [25.16993, 39.84846], [25.16489, 39.85908], [25.15382, 39.85578], [25.13575, 39.83759], [25.12892, 39.83759], [25.12843, 39.8454], [25.12208, 39.85806], [25.04705, 39.83759], [25.05397, 39.84911], [25.06739, 39.85806], [25.04705, 39.86555], [25.04705, 39.87857], [25.05991, 39.8854], [25.05991, 39.89281], [25.05323, 39.89281], [25.05323, 39.89899], [25.06739, 39.90644], [25.05991, 39.90644], [25.06821, 39.9208], [25.06397, 39.92951], [25.04705, 39.94745], [25.04542, 39.98469], [25.03338, 39.98843], [25.03338, 39.99527], [25.06861, 39.99689], [25.13234, 40.00886], [25.14234, 40.00678], [25.15626, 39.99527], [25.22511, 40.00886], [25.24733, 40.00243], [25.261, 39.99091], [25.28712, 39.96109], [25.28517, 39.95336], [25.30698, 39.96003], [25.34799, 39.98159], [25.34799, 39.9903], [25.36931, 40.01423], [25.38209, 40.02253], [25.41285, 40.02253], [25.44988, 40.0362]]], [[[25.27296, 36.71988], [25.2798, 36.72671], [25.2518, 36.72671], [25.26238, 36.7497], [25.26498, 36.76215], [25.26271, 36.76765], [25.30698, 36.79499], [25.33619, 36.75772], [25.34799, 36.74714], [25.39943, 36.72797], [25.40943, 36.71239], [25.39698, 36.71052], [25.39015, 36.70368], [25.3895, 36.69424], [25.39519, 36.68513], [25.39519, 36.6789], [25.37322, 36.65371], [25.3379, 36.66828], [25.27296, 36.71988]]], [[[25.26881, 37.04613], [25.2448, 37.01459], [25.20444, 36.98896], [25.18849, 36.9853], [25.15284, 36.98676], [25.10336, 37.01288], [25.10304, 37.02432], [25.11297, 37.06273], [25.12534, 37.07453], [25.15626, 37.08979], [25.14243, 37.09492], [25.13575, 37.09382], [25.15008, 37.11054], [25.17856, 37.12946], [25.20981, 37.14403], [25.23878, 37.15184], [25.22397, 37.13435], [25.23194, 37.12751], [25.25929, 37.12397], [25.27296, 37.1376], [25.26612, 37.15184], [25.29331, 37.15184], [25.2881, 37.13654], [25.26295, 37.08983], [25.26287, 37.07559], [25.2798, 37.06928], [25.2798, 37.06249], [25.26612, 37.06249], [25.26612, 37.055], [25.2798, 37.055], [25.2798, 37.04881], [25.26881, 37.04613]]], [[[25.08058, 37.58686], [25.04705, 37.61738], [24.99789, 37.63788], [24.98439, 37.65803], [24.98146, 37.67023], [24.98487, 37.67886], [24.99789, 37.68187], [25.05323, 37.67886], [25.06739, 37.67259], [25.06739, 37.66519], [25.05991, 37.66519], [25.05991, 37.65835], [25.07748, 37.65493], [25.0879, 37.64468], [25.10377, 37.65375], [25.12273, 37.65168], [25.13982, 37.64273], [25.14943, 37.63105], [25.16481, 37.64582], [25.19264, 37.6413], [25.24562, 37.62421], [25.23878, 37.61738], [25.24733, 37.61489], [25.25278, 37.60871], [25.25929, 37.59003], [25.23471, 37.56289], [25.22731, 37.53742], [25.21599, 37.5329], [25.16993, 37.53864], [25.1421, 37.55272], [25.1255, 37.55589], [25.11557, 37.56013], [25.10328, 37.57844], [25.08058, 37.58686]]], [[[25.1858, 36.71914], [25.18312, 36.71638], [25.18344, 36.7062], [25.12957, 36.66035], [25.09311, 36.63662], [25.06739, 36.63788], [25.10467, 36.69937], [25.11647, 36.70258], [25.1364, 36.7167], [25.14625, 36.71988], [25.1858, 36.71914]]], [[[25.06666, 36.95515], [25.04705, 36.96922], [25.03053, 36.98896], [25.02589, 37.00788], [25.03549, 37.02192], [25.05323, 37.03437], [25.07277, 37.04218], [25.0879, 37.04198], [25.06959, 36.98957], [25.05991, 36.97309], [25.08106, 36.95262], [25.06666, 36.95515]]], [[[25.04737, 39.54536], [25.04038, 39.52058], [24.99171, 39.46699], [24.98487, 39.46699], [24.97364, 39.51463], [24.97657, 39.53766], [24.99789, 39.5502], [24.99448, 39.55817], [24.99676, 39.56196], [25.00318, 39.56322], [25.01222, 39.56387], [25.04737, 39.54536]]], [[[24.9944, 37.7541], [24.98552, 37.73599], [24.95753, 37.70673], [24.96372, 37.68626], [24.95753, 37.68626], [24.94972, 37.69611], [24.91603, 37.71979], [24.8921, 37.76821], [24.86525, 37.77383], [24.84425, 37.79243], [24.82814, 37.81729], [24.81658, 37.82388], [24.79998, 37.81598], [24.7942, 37.84382], [24.77573, 37.86225], [24.75392, 37.87641], [24.73854, 37.89175], [24.7317, 37.89175], [24.72462, 37.8819], [24.71616, 37.8791], [24.71217, 37.88435], [24.71803, 37.89859], [24.69549, 37.92463], [24.68385, 37.93268], [24.69565, 37.93553], [24.69654, 37.94025], [24.69011, 37.95629], [24.69361, 37.96577], [24.70191, 37.97264], [24.75701, 37.99657], [24.77906, 38.00023], [24.79371, 37.99409], [24.79469, 37.97712], [24.82081, 37.97036], [24.83009, 37.96308], [24.83465, 37.9558], [24.83041, 37.94774], [24.83758, 37.92548], [24.84083, 37.91901], [24.8484, 37.91486], [24.87501, 37.90599], [24.95387, 37.90599], [24.96372, 37.8968], [24.95916, 37.87637], [24.94337, 37.84333], [24.98487, 37.81598], [24.9712, 37.80915], [24.97202, 37.79637], [24.95834, 37.78124], [24.95753, 37.7744], [24.96437, 37.76874], [24.98048, 37.77399], [24.99171, 37.76821], [24.9944, 37.7541]]], [[[24.94337, 37.43549], [24.95916, 37.42487], [24.96372, 37.41816], [24.96616, 37.40778], [24.96404, 37.40176], [24.88185, 37.36351], [24.88217, 37.38036], [24.88868, 37.39082], [24.88868, 37.39826], [24.86134, 37.39826], [24.86818, 37.4147], [24.88185, 37.4256], [24.86818, 37.43179], [24.88673, 37.43529], [24.89812, 37.44868], [24.90268, 37.46577], [24.90235, 37.48017], [24.89536, 37.51044], [24.9297, 37.50812], [24.94809, 37.48558], [24.95753, 37.4597], [24.95493, 37.45262], [24.94532, 37.44335], [24.94337, 37.43549]]], [[[24.94793, 36.62434], [24.96372, 36.60252], [24.96372, 36.59634], [24.938, 36.59772], [24.92286, 36.60228], [24.89552, 36.62425], [24.84978, 36.64692], [24.84083, 36.66523], [24.86818, 36.66523], [24.94793, 36.62434]]], [[[24.76547, 40.73432], [24.75929, 40.72337], [24.76661, 40.71149], [24.78639, 40.70783], [24.78639, 40.68793], [24.7693, 40.68342], [24.7658, 40.66966], [24.77263, 40.63947], [24.7824, 40.62018], [24.78012, 40.61221], [24.7732, 40.61148], [24.75571, 40.61994], [24.74448, 40.60847], [24.68181, 40.59496], [24.65748, 40.57738], [24.64226, 40.57062], [24.63063, 40.58706], [24.615, 40.59858], [24.60076, 40.59858], [24.60076, 40.61221], [24.58676, 40.62202], [24.55258, 40.63036], [24.53077, 40.63093], [24.51677, 40.63911], [24.51197, 40.66681], [24.51832, 40.69269], [24.53338, 40.71821], [24.56666, 40.75556], [24.64226, 40.80394], [24.67457, 40.79169], [24.71534, 40.78803], [24.7317, 40.78352], [24.74383, 40.75935], [24.7754, 40.74876], [24.78639, 40.73505], [24.76547, 40.73432]]], [[[24.70436, 37.03514], [24.75164, 36.98578], [24.7658, 36.9492], [24.74855, 36.93936], [24.71062, 36.9042], [24.67888, 36.95148], [24.6692, 36.97846], [24.67652, 36.9936], [24.67652, 37.00043], [24.66586, 37.00747], [24.65406, 37.02432], [24.64226, 37.02774], [24.64405, 37.03563], [24.64967, 37.04198], [24.6434, 37.04287], [24.64226, 37.04881], [24.65593, 37.04881], [24.6893, 37.0292], [24.69752, 37.03514], [24.70436, 37.03514]]], [[[24.7378, 37.60786], [24.74122, 37.59569], [24.71811, 37.59357], [24.67237, 37.60049], [24.65968, 37.60688], [24.69402, 37.61518], [24.71608, 37.63105], [24.73292, 37.63207], [24.74106, 37.62592], [24.7378, 37.60786]]], [[[24.66326, 38.82665], [24.68295, 38.80048], [24.68287, 38.78425], [24.67026, 38.78172], [24.65748, 38.76923], [24.65024, 38.76821], [24.64226, 38.77558], [24.63543, 38.77558], [24.62525, 38.76923], [24.61378, 38.7731], [24.6045, 38.78254], [24.60076, 38.79267], [24.58188, 38.7873], [24.57, 38.77814], [24.56666, 38.76252], [24.5324, 38.79609], [24.57399, 38.80976], [24.56381, 38.83857], [24.55698, 38.84569], [24.54607, 38.83698], [24.54038, 38.83698], [24.53696, 38.84821], [24.52833, 38.85155], [24.50514, 38.84447], [24.50522, 38.85505], [24.48259, 38.86278], [24.47779, 38.878], [24.47096, 38.87116], [24.46339, 38.88028], [24.4546, 38.88483], [24.44549, 38.88426], [24.43621, 38.878], [24.43483, 38.88813], [24.43881, 38.89712], [24.46217, 38.91096], [24.46241, 38.92219], [24.45729, 38.94009], [24.46111, 38.96768], [24.4712, 38.97687], [24.49147, 38.98102], [24.56072, 38.94416], [24.57399, 38.9326], [24.57594, 38.92292], [24.57252, 38.89851], [24.57862, 38.87556], [24.64259, 38.8417], [24.66326, 38.82665]]], [[[24.65626, 36.7829], [24.66578, 36.77464], [24.66774, 36.76398], [24.65935, 36.75056], [24.64479, 36.74726], [24.62973, 36.75755], [24.60816, 36.78132], [24.62184, 36.79499], [24.64381, 36.79295], [24.64226, 36.78876], [24.65626, 36.7829]]], [[[24.60816, 36.82909], [24.57277, 36.78193], [24.55641, 36.78034], [24.53981, 36.78449], [24.5324, 36.7919], [24.52955, 36.80366], [24.52117, 36.81737], [24.52613, 36.82909], [24.53419, 36.83613], [24.56178, 36.84565], [24.58595, 36.83649], [24.60076, 36.84276], [24.60304, 36.8369], [24.60816, 36.83592], [24.60816, 36.82909]]], [[[24.57895, 38.10932], [24.57993, 38.08422], [24.59449, 38.0624], [24.58619, 38.04833], [24.57553, 38.00446], [24.56666, 37.98794], [24.55209, 37.97818], [24.50929, 37.96255], [24.48805, 37.96003], [24.4769, 37.96247], [24.47096, 37.98045], [24.44777, 38.01056], [24.4297, 38.02119], [24.40309, 38.01191], [24.3864, 37.99653], [24.40211, 37.98794], [24.40211, 37.98045], [24.38689, 37.97036], [24.37176, 37.97191], [24.33863, 37.99673], [24.327, 38.01529], [24.31381, 38.02924], [24.31397, 38.0351], [24.327, 38.04255], [24.31479, 38.06489], [24.30568, 38.07176], [24.29225, 38.06989], [24.28631, 38.08625], [24.2693, 38.0954], [24.24871, 38.09687], [24.23146, 38.09032], [24.21778, 38.09687], [24.20395, 38.09032], [24.20476, 38.09683], [24.21079, 38.09781], [24.21079, 38.12446], [24.20281, 38.13007], [24.18605, 38.12739], [24.18295, 38.135], [24.18718, 38.14216], [24.2059, 38.15689], [24.21079, 38.166], [24.20875, 38.17862], [24.19402, 38.19212], [24.18531, 38.21796], [24.1727, 38.22655], [24.15699, 38.22956], [24.14259, 38.22695], [24.14877, 38.2132], [24.12623, 38.21748], [24.13111, 38.23583], [24.14861, 38.25658], [24.1631, 38.26781], [24.15349, 38.28132], [24.14552, 38.28091], [24.12843, 38.26781], [24.12574, 38.25609], [24.10939, 38.25629], [24.1089, 38.26073], [24.11476, 38.26781], [24.11476, 38.27529], [24.10092, 38.27529], [24.12159, 38.30947], [24.07944, 38.32538], [24.0254, 38.33051], [24.05974, 38.34125], [24.0669, 38.35102], [24.05909, 38.36005], [24.05714, 38.36896], [24.05942, 38.37767], [24.04225, 38.40152], [24.03891, 38.39541], [23.98081, 38.39887], [23.91236, 38.39203], [23.84376, 38.40567], [23.79396, 38.39851], [23.77898, 38.39887], [23.70997, 38.4125], [23.66334, 38.4042], [23.64918, 38.40567], [23.63852, 38.41551], [23.61443, 38.46088], [23.60743, 38.4538], [23.594, 38.45344], [23.60402, 38.46841], [23.63575, 38.50092], [23.6281, 38.51488], [23.6281, 38.52237], [23.63551, 38.52237], [23.63551, 38.52855], [23.61411, 38.55793], [23.59995, 38.57136], [23.58375, 38.57697], [23.54005, 38.58226], [23.51881, 38.58869], [23.50514, 38.5974], [23.49773, 38.63101], [23.4673, 38.65229], [23.45314, 38.65803], [23.44597, 38.67674], [23.4065, 38.69806], [23.3816, 38.70726], [23.35336, 38.73139], [23.33766, 38.73896], [23.32301, 38.76252], [23.30006, 38.77216], [23.20232, 38.8299], [23.16814, 38.84447], [23.14356, 38.85065], [23.0691, 38.84658], [23.05584, 38.85444], [23.03639, 38.87446], [22.96941, 38.88911], [22.95639, 38.88544], [22.95639, 38.878], [22.9839, 38.87352], [22.99195, 38.86469], [22.99073, 38.85065], [22.98178, 38.84504], [22.96551, 38.84097], [22.85581, 38.83295], [22.83302, 38.82274], [22.83375, 38.8454], [22.83741, 38.85448], [22.87485, 38.8749], [22.90748, 38.88231], [22.95281, 38.9016], [22.98292, 38.90766], [23.03565, 38.92642], [23.04591, 38.94685], [23.07797, 38.95051], [23.08676, 38.95433], [23.09734, 38.97207], [23.09441, 38.98786], [23.10906, 38.99177], [23.12745, 39.00581], [23.13803, 39.00898], [23.19972, 39.00898], [23.22071, 39.01472], [23.27296, 39.03876], [23.29908, 39.04247], [23.30926, 39.03824], [23.32984, 39.02196], [23.35776, 39.01675], [23.37159, 39.01032], [23.3816, 39.00153], [23.37436, 38.98249], [23.38461, 38.96751], [23.40455, 38.95783], [23.42563, 38.95433], [23.42563, 38.94428], [23.44223, 38.89834], [23.44996, 38.88544], [23.45069, 38.87458], [23.46225, 38.85586], [23.48048, 38.83808], [23.52467, 38.82319], [23.56788, 38.79385], [23.594, 38.78925], [23.59132, 38.77416], [23.594, 38.77021], [23.60759, 38.77558], [23.61997, 38.76553], [23.64845, 38.76118], [23.66228, 38.75507], [23.6727, 38.76044], [23.68336, 38.75507], [23.70265, 38.76508], [23.72267, 38.76195], [23.73845, 38.74942], [23.7448, 38.73119], [23.75359, 38.71918], [23.77369, 38.70816], [23.813, 38.69367], [23.85759, 38.68252], [23.90593, 38.67939], [23.94777, 38.66942], [23.96656, 38.67011], [23.98422, 38.68623], [24.00571, 38.67805], [24.07309, 38.67939], [24.13649, 38.66181], [24.15561, 38.65266], [24.13494, 38.64387], [24.12623, 38.6352], [24.12159, 38.62474], [24.1211, 38.6081], [24.12647, 38.59858], [24.21608, 38.53954], [24.23146, 38.52237], [24.20655, 38.50682], [24.18816, 38.47411], [24.18434, 38.43964], [24.20395, 38.41869], [24.20395, 38.4125], [24.18507, 38.40762], [24.18816, 38.39883], [24.21079, 38.37767], [24.21485, 38.33641], [24.23829, 38.31318], [24.24041, 38.30329], [24.25245, 38.29239], [24.25261, 38.26557], [24.25782, 38.25898], [24.24513, 38.24116], [24.25245, 38.22797], [24.26531, 38.2163], [24.29225, 38.20018], [24.327, 38.18594], [24.33758, 38.16283], [24.34441, 38.15925], [24.39259, 38.16401], [24.42066, 38.14737], [24.46062, 38.14403], [24.47779, 38.13874], [24.49692, 38.14631], [24.58766, 38.15925], [24.57895, 38.10932]]], [[[24.51271, 36.76398], [24.53338, 36.76801], [24.54607, 36.75397], [24.54322, 36.74311], [24.54607, 36.68879], [24.53761, 36.68138], [24.48463, 36.66523], [24.36459, 36.66303], [24.327, 36.65095], [24.32293, 36.66535], [24.33131, 36.68716], [24.327, 36.69937], [24.34067, 36.71239], [24.327, 36.71988], [24.33668, 36.72777], [24.34474, 36.74567], [24.35426, 36.75397], [24.36549, 36.74299], [24.3816, 36.73355], [24.39536, 36.73591], [24.40724, 36.70726], [24.42652, 36.69937], [24.4607, 36.69937], [24.47145, 36.70425], [24.46852, 36.71516], [24.45916, 36.72671], [24.45053, 36.73355], [24.43686, 36.72748], [24.42709, 36.73383], [24.40886, 36.75397], [24.40886, 36.76081], [24.42026, 36.77106], [24.45045, 36.7534], [24.47438, 36.74714], [24.51271, 36.76398]]], [[[24.43621, 37.18537], [24.46827, 37.20209], [24.48561, 37.20612], [24.4983, 37.19965], [24.50514, 37.19965], [24.5149, 37.206], [24.52052, 37.20392], [24.52613, 37.19965], [24.53207, 37.18561], [24.53468, 37.16767], [24.5324, 37.13011], [24.52613, 37.14444], [24.51881, 37.14444], [24.51889, 37.13207], [24.51531, 37.12287], [24.4983, 37.1103], [24.49098, 37.12226], [24.4983, 37.12397], [24.48097, 37.12971], [24.46412, 37.12397], [24.45948, 37.13719], [24.45053, 37.13011], [24.44207, 37.13447], [24.43442, 37.13418], [24.42254, 37.12397], [24.41912, 37.13565], [24.43051, 37.14444], [24.42351, 37.14985], [24.42302, 37.15473], [24.43621, 37.16486], [24.43279, 37.17227], [24.43474, 37.17548], [24.4437, 37.17853], [24.43621, 37.18537]]], [[[24.37485, 37.43846], [24.43621, 37.48701], [24.4437, 37.48701], [24.4437, 37.47272], [24.43051, 37.44603], [24.46941, 37.42748], [24.48268, 37.41242], [24.47779, 37.39082], [24.46339, 37.39448], [24.45281, 37.38345], [24.4437, 37.34984], [24.41179, 37.32396], [24.38901, 37.31391], [24.36793, 37.30952], [24.37672, 37.34496], [24.38559, 37.36115], [24.40211, 37.37092], [24.40211, 37.37714], [24.38844, 37.38459], [24.38844, 37.39082], [24.39682, 37.40152], [24.39479, 37.41177], [24.38453, 37.41681], [24.36793, 37.41193], [24.37485, 37.43846]]], [[[24.40252, 37.65575], [24.39576, 37.62466], [24.313, 37.53824], [24.29347, 37.5257], [24.2754, 37.53168], [24.27996, 37.59577], [24.27809, 37.62287], [24.28932, 37.64533], [24.30568, 37.66083], [24.32065, 37.65835], [24.33383, 37.67259], [24.32065, 37.67259], [24.32065, 37.67886], [24.33969, 37.68626], [24.34799, 37.68488], [24.35426, 37.67886], [24.36109, 37.67886], [24.36166, 37.68505], [24.37477, 37.68626], [24.40252, 37.65575]]], [[[24.12233, 34.8465], [24.12143, 34.83613], [24.12574, 34.82689], [24.13527, 34.82176], [24.13527, 34.81501], [24.10857, 34.81656], [24.08611, 34.82632], [24.0464, 34.84907], [24.0464, 34.85529], [24.05787, 34.85541], [24.0669, 34.85847], [24.08058, 34.86896], [24.09311, 34.86953], [24.12843, 34.86274], [24.12843, 34.85529], [24.12233, 34.8465]]], [[[24.08131, 39.35236], [24.09474, 39.34553], [24.094, 39.33002], [24.08188, 39.30476], [24.06316, 39.29702], [24.05372, 39.30524], [24.0547, 39.3122], [24.05942, 39.31444], [24.04575, 39.32331], [24.04152, 39.33051], [24.04493, 39.3415], [24.0586, 39.36127], [24.06715, 39.36302], [24.06984, 39.34569], [24.08131, 39.35236]]], [[[23.92164, 39.19042], [23.89584, 39.16177], [23.86451, 39.14399], [23.83351, 39.14614], [23.87306, 39.18016], [23.88933, 39.21748], [23.93979, 39.27977], [23.95704, 39.2895], [23.95021, 39.27521], [23.97218, 39.27192], [23.96697, 39.25117], [23.94996, 39.22899], [23.93653, 39.22126], [23.92164, 39.19042]]], [[[23.88429, 36.84357], [23.88901, 36.8343], [23.88429, 36.83234], [23.87696, 36.83649], [23.87672, 36.84369], [23.88429, 36.84357]]], [[[23.65919, 39.12299], [23.62778, 39.14728], [23.62127, 39.15575], [23.61744, 39.16913], [23.58717, 39.20759], [23.60133, 39.21381], [23.60222, 39.20864], [23.61443, 39.20759], [23.63795, 39.18757], [23.66554, 39.16966], [23.69663, 39.15534], [23.73048, 39.14614], [23.72674, 39.1315], [23.77272, 39.12934], [23.79265, 39.12442], [23.79265, 39.11815], [23.76027, 39.09064], [23.74122, 39.08027], [23.71681, 39.07722], [23.69256, 39.08893], [23.66603, 39.09276], [23.65805, 39.09772], [23.65846, 39.10431], [23.66969, 39.1114], [23.66969, 39.11815], [23.65919, 39.12299]]], [[[23.57114, 37.35834], [23.5477, 37.34984], [23.52329, 37.34663], [23.50514, 37.34984], [23.5088, 37.3299], [23.49684, 37.32001], [23.45362, 37.31635], [23.3965, 37.30321], [23.37428, 37.30268], [23.37428, 37.30952], [23.46363, 37.35733], [23.48764, 37.36351], [23.53256, 37.36392], [23.55299, 37.37092], [23.58717, 37.37092], [23.57114, 37.35834]]], [[[23.40211, 37.90599], [23.40211, 37.91218], [23.40895, 37.92194], [23.42286, 37.93301], [23.43946, 37.9396], [23.46852, 37.93203], [23.4817, 37.94172], [23.49773, 37.96686], [23.48561, 37.96625], [23.46046, 37.95254], [23.43312, 37.96015], [23.42205, 37.96003], [23.45737, 37.97362], [23.42945, 37.98794], [23.45151, 37.98827], [23.47047, 37.98045], [23.47486, 37.98941], [23.47047, 37.99409], [23.4782, 37.99885], [23.49529, 38.00186], [23.51824, 37.99909], [23.53053, 37.99457], [23.53688, 37.98802], [23.53191, 37.98045], [23.53272, 37.97508], [23.53492, 37.96821], [23.54713, 37.95889], [23.54615, 37.95254], [23.5735, 37.95254], [23.53932, 37.93952], [23.54347, 37.92886], [23.52174, 37.91397], [23.51824, 37.89859], [23.51197, 37.89859], [23.50131, 37.90607], [23.48146, 37.88972], [23.46705, 37.88422], [23.4214, 37.89297], [23.40838, 37.89859], [23.40211, 37.90599]]], [[[23.56316, 37.76826], [23.54493, 37.74506], [23.54615, 37.73347], [23.53207, 37.72533], [23.53012, 37.70295], [23.52565, 37.69245], [23.48414, 37.67886], [23.47136, 37.68818], [23.45737, 37.69245], [23.45737, 37.69929], [23.469, 37.70502], [23.46827, 37.7145], [23.45932, 37.72333], [23.43442, 37.73359], [23.42709, 37.74775], [23.42449, 37.76179], [23.42563, 37.76821], [23.54615, 37.7744], [23.56316, 37.76826]]], [[[23.48178, 37.55646], [23.49204, 37.53913], [23.51157, 37.52904], [23.52565, 37.52802], [23.52565, 37.5218], [23.50636, 37.51284], [23.48121, 37.50959], [23.4559, 37.51252], [23.43629, 37.5218], [23.43629, 37.52802], [23.46461, 37.53376], [23.47543, 37.54084], [23.47731, 37.55589], [23.48178, 37.55646]]], [[[23.43629, 39.14614], [23.40431, 39.14912], [23.39527, 39.14614], [23.39869, 39.16364], [23.42945, 39.17621], [23.43385, 39.18696], [23.44467, 39.19847], [23.47047, 39.21381], [23.50375, 39.19428], [23.51287, 39.17853], [23.50514, 39.15913], [23.48902, 39.16877], [23.47511, 39.15778], [23.46046, 39.13182], [23.45289, 39.13345], [23.43629, 39.14614]]], [[[23.4642, 36.91706], [23.4673, 36.9064], [23.46388, 36.904], [23.45777, 36.90644], [23.44972, 36.92914], [23.45606, 36.9278], [23.4642, 36.91706]]], [[[23.29591, 35.88597], [23.31577, 35.87954], [23.33074, 35.86494], [23.33326, 35.82917], [23.32643, 35.82917], [23.32057, 35.83853], [23.29566, 35.85957], [23.28093, 35.88247], [23.27174, 35.90424], [23.27605, 35.90469], [23.27801, 35.89745], [23.29591, 35.88597]]], [[[23.12843, 37.2884], [23.15846, 37.27139], [23.16472, 37.25381], [23.16236, 37.24421], [23.15203, 37.23998], [23.13103, 37.24372], [23.09441, 37.27473], [23.10141, 37.28095], [23.1185, 37.28779], [23.12843, 37.2884]]], [[[23.07691, 36.27074], [23.09441, 36.25434], [23.10385, 36.23721], [23.09783, 36.23298], [23.08286, 36.23249], [23.06625, 36.22639], [23.05844, 36.21646], [23.05445, 36.20336], [23.05201, 36.14484], [23.03224, 36.14448], [23.01441, 36.14834], [23.00245, 36.14663], [22.99073, 36.13703], [22.98756, 36.15156], [22.97722, 36.15794], [22.94956, 36.16498], [22.95004, 36.17626], [22.92921, 36.17797], [22.9087, 36.20596], [22.91733, 36.26215], [22.91619, 36.2851], [22.89967, 36.32819], [22.90162, 36.33832], [22.93263, 36.38125], [22.94459, 36.38939], [22.95639, 36.38345], [22.99627, 36.32416], [23.01173, 36.3083], [23.07691, 36.27074]]], [[[21.78004, 36.7475], [21.78159, 36.7364], [21.77784, 36.69937], [21.76808, 36.70808], [21.76417, 36.71988], [21.7505, 36.71239], [21.75953, 36.7519], [21.76417, 36.75397], [21.78004, 36.7475]]], [[[21.69695, 36.77582], [21.70086, 36.79108], [21.70948, 36.80174], [21.72283, 36.79462], [21.72934, 36.79499], [21.72934, 36.78876], [21.71632, 36.78132], [21.71656, 36.77094], [21.69581, 36.74038], [21.69695, 36.77582]]], [[[20.91798, 37.76529], [20.98683, 37.72989], [20.99635, 37.69929], [20.98308, 37.71231], [20.95436, 37.72386], [20.92091, 37.73168], [20.89389, 37.73347], [20.87916, 37.72822], [20.86329, 37.7106], [20.84352, 37.70157], [20.84376, 37.68993], [20.85304, 37.67259], [20.85133, 37.65941], [20.84685, 37.65331], [20.81511, 37.65152], [20.77719, 37.68626], [20.72779, 37.71849], [20.70436, 37.73835], [20.70216, 37.75454], [20.68043, 37.76996], [20.64243, 37.8111], [20.61948, 37.82282], [20.62647, 37.83442], [20.62208, 37.8513], [20.6277, 37.85761], [20.61948, 37.86441], [20.66, 37.91055], [20.68572, 37.92959], [20.709, 37.92524], [20.70981, 37.91962], [20.73414, 37.8819], [20.74195, 37.86229], [20.77719, 37.84333], [20.80885, 37.84956], [20.85011, 37.83641], [20.886, 37.81395], [20.91798, 37.76529]]], [[[20.95167, 38.64924], [20.95289, 38.63886], [20.94166, 38.62739], [20.89812, 38.60602], [20.87867, 38.58442], [20.87062, 38.58251], [20.86736, 38.59223], [20.87013, 38.6035], [20.88836, 38.62897], [20.90382, 38.64277], [20.94516, 38.65249], [20.95167, 38.64924]]], [[[20.94109, 38.60423], [20.90935, 38.56293], [20.90756, 38.54902], [20.89389, 38.54902], [20.89389, 38.55646], [20.93214, 38.60301], [20.94109, 38.60423]]], [[[20.71843, 38.06631], [20.68165, 38.09781], [20.65301, 38.11115], [20.61459, 38.11982], [20.58074, 38.11547], [20.56495, 38.09032], [20.5464, 38.10204], [20.50978, 38.11078], [20.4961, 38.12446], [20.48927, 38.15925], [20.47291, 38.18207], [20.46876, 38.19278], [20.48121, 38.19013], [20.49789, 38.17691], [20.50978, 38.17227], [20.50978, 38.17967], [20.49383, 38.19172], [20.45704, 38.26122], [20.44532, 38.27619], [20.43507, 38.2788], [20.42791, 38.26166], [20.42823, 38.24555], [20.43605, 38.21247], [20.43474, 38.19278], [20.4253, 38.17528], [20.39845, 38.16303], [20.38624, 38.1518], [20.38006, 38.1518], [20.37403, 38.16901], [20.34539, 38.18212], [20.33904, 38.20018], [20.35694, 38.22858], [20.35157, 38.24592], [20.35377, 38.25324], [20.37965, 38.27399], [20.3921, 38.30012], [20.3982, 38.33271], [20.39991, 38.36408], [20.40675, 38.34357], [20.41359, 38.34357], [20.42726, 38.36335], [20.43507, 38.35619], [20.44256, 38.33771], [20.45509, 38.32306], [20.46323, 38.33149], [20.47047, 38.31513], [20.47902, 38.30947], [20.48902, 38.31273], [20.50652, 38.32722], [20.5298, 38.33747], [20.53875, 38.35407], [20.53956, 38.37421], [20.53093, 38.39203], [20.55128, 38.38516], [20.53777, 38.42609], [20.54363, 38.45917], [20.53777, 38.46772], [20.53777, 38.47394], [20.57179, 38.47394], [20.62582, 38.35175], [20.62615, 38.32844], [20.59913, 38.30264], [20.63054, 38.25796], [20.64291, 38.2534], [20.68165, 38.28213], [20.67481, 38.26781], [20.69353, 38.26463], [20.709, 38.22695], [20.75131, 38.19676], [20.76222, 38.1704], [20.7977, 38.13129], [20.80502, 38.11579], [20.80779, 38.09956], [20.8047, 38.08295], [20.79469, 38.06611], [20.76368, 38.06989], [20.73357, 38.0624], [20.71843, 38.06631]]], [[[20.80502, 38.66568], [20.80193, 38.65668], [20.78859, 38.64472], [20.76287, 38.63911], [20.75961, 38.62739], [20.80006, 38.59544], [20.78712, 38.5998], [20.75172, 38.62604], [20.73699, 38.65217], [20.74643, 38.66348], [20.76197, 38.66608], [20.78305, 38.67499], [20.79274, 38.66865], [20.79981, 38.66877], [20.79884, 38.66572], [20.80502, 38.66568]]], [[[20.72804, 38.38923], [20.7575, 38.37153], [20.73756, 38.37153], [20.74366, 38.34439], [20.75001, 38.3347], [20.76368, 38.33051], [20.76368, 38.32306], [20.71941, 38.31562], [20.70582, 38.31826], [20.68784, 38.33674], [20.69532, 38.34357], [20.66733, 38.37153], [20.64763, 38.40567], [20.64015, 38.4466], [20.62135, 38.4584], [20.61451, 38.46711], [20.61948, 38.48139], [20.63551, 38.47297], [20.64422, 38.47866], [20.65447, 38.50186], [20.67189, 38.49755], [20.67408, 38.48501], [20.66114, 38.46088], [20.67823, 38.46186], [20.709, 38.4466], [20.69516, 38.40868], [20.67481, 38.37767], [20.69239, 38.37132], [20.71583, 38.37153], [20.71583, 38.37767], [20.70216, 38.38516], [20.7225, 38.38516], [20.71583, 38.39203], [20.72804, 38.38923]]], [[[20.58546, 38.61791], [20.55128, 38.56952], [20.54461, 38.56952], [20.54493, 38.59471], [20.56235, 38.69123], [20.58123, 38.72435], [20.58546, 38.74457], [20.60255, 38.78172], [20.61215, 38.78583], [20.63331, 38.81656], [20.64527, 38.82819], [20.66391, 38.84101], [20.68629, 38.85008], [20.6902, 38.84138], [20.70216, 38.83698], [20.71778, 38.8227], [20.72291, 38.79316], [20.72934, 38.78172], [20.72389, 38.76996], [20.72934, 38.74457], [20.72885, 38.73062], [20.69695, 38.68985], [20.69874, 38.68281], [20.70606, 38.68041], [20.7225, 38.70726], [20.72071, 38.63841], [20.71599, 38.62702], [20.70948, 38.62568], [20.70216, 38.63841], [20.69532, 38.63841], [20.70216, 38.61791], [20.68784, 38.62474], [20.68165, 38.60423], [20.66481, 38.61091], [20.64894, 38.60859], [20.64088, 38.60057], [20.64763, 38.59003], [20.64763, 38.58381], [20.63087, 38.58832], [20.62924, 38.59488], [20.63331, 38.60423], [20.61362, 38.607], [20.60231, 38.62678], [20.58546, 38.61791]]], [[[20.14039, 39.24168], [20.19011, 39.20262], [20.20191, 39.17963], [20.16871, 39.18281], [20.1587, 39.18915], [20.1281, 39.22313], [20.12534, 39.23603], [20.14039, 39.24168]]], [[[20.09685, 39.4228], [20.10572, 39.39252], [20.11769, 39.378], [20.11793, 39.371], [20.10572, 39.36465], [20.09685, 39.37055], [20.07203, 39.37629], [20.04884, 39.38959], [20.0324, 39.39501], [19.99928, 39.39936], [19.95484, 39.42609], [19.91179, 39.43033], [19.90748, 39.435], [19.91489, 39.43391], [19.92172, 39.43781], [19.9275, 39.44717], [19.87973, 39.46076], [19.87892, 39.45319], [19.86557, 39.46857], [19.84767, 39.50967], [19.84083, 39.55199], [19.82887, 39.57233], [19.80983, 39.58906], [19.74855, 39.62002], [19.71892, 39.67308], [19.68971, 39.67414], [19.68133, 39.68], [19.67433, 39.69355], [19.67701, 39.7167], [19.67172, 39.72407], [19.65317, 39.71467], [19.65358, 39.73041], [19.65016, 39.74177], [19.64161, 39.74795], [19.62647, 39.74824], [19.66228, 39.78449], [19.66749, 39.79352], [19.7697, 39.79808], [19.79908, 39.8028], [19.85182, 39.82453], [19.86557, 39.82103], [19.89283, 39.80341], [19.92897, 39.79206], [19.93434, 39.78294], [19.94117, 39.78294], [19.94117, 39.79035], [19.94801, 39.79035], [19.9463, 39.75922], [19.93377, 39.74116], [19.91293, 39.73045], [19.85157, 39.71052], [19.84156, 39.70417], [19.83595, 39.69245], [19.83912, 39.67988], [19.84767, 39.66999], [19.85865, 39.66625], [19.85865, 39.65884], [19.84498, 39.65884], [19.84498, 39.65266], [19.90382, 39.62906], [19.9275, 39.62531], [19.92351, 39.6035], [19.91717, 39.59886], [19.90016, 39.60419], [19.91188, 39.5834], [19.93247, 39.4787], [19.93653, 39.47297], [19.96144, 39.46296], [20.0027, 39.45401], [20.02369, 39.44135], [20.03272, 39.43928], [20.05047, 39.44033], [20.07407, 39.44896], [20.08188, 39.44733], [20.09685, 39.4228]]]]}}]}