{"type": "FeatureCollection", "features": [{"type": "Feature", "properties": {"name": "원", "name_en": "Yuan dynasty", "period": "1271–1368", "kind": "국가", "legend": "원", "map_title": "몽골 제국의 영역", "source": "미래엔 세계사 교과서 2권 80쪽", "volume": 2, "page": 80, "coast_snap": "Natural Earth 10m 해안선에 맞춤", "border_snap": "현대 국경(Natural Earth 10m)에 맞춘 구간 약 1532 km", "group": "원(몽골 제국)", "map_folder": "2권_p080_몽골 제국의 영역"}, "geometry": {"type": "MultiPolygon", "coordinates": [[[[108.66261, 19.30972], [108.6667, 19.32501], [108.67726, 19.32758], [108.67726, 19.33438], [108.66929, 19.34374], [108.68344, 19.36542], [108.68654, 19.37787], [108.72918, 19.378], [108.76295, 19.38898], [108.7903, 19.42315], [108.82749, 19.44423], [108.8698, 19.45791], [108.90334, 19.49335], [108.92449, 19.50624], [108.93735, 19.49201], [108.94484, 19.49201], [108.94078, 19.5141], [108.95656, 19.53461], [108.99269, 19.56778], [109.00848, 19.59707], [109.07887, 19.61274], [109.11842, 19.63117], [109.13356, 19.64337], [109.1565, 19.64964], [109.19207, 19.67845], [109.20582, 19.69843], [109.20494, 19.71857], [109.2112, 19.72479], [109.21852, 19.72297], [109.25919, 19.7316], [109.27272, 19.7294], [109.30047, 19.71113], [109.30738, 19.71113], [109.27468, 19.75722], [109.2942, 19.75951], [109.2942, 19.76569], [109.28679, 19.76569], [109.28681, 19.77317], [109.30047, 19.77684], [109.30738, 19.78685], [109.2732, 19.79365], [109.26099, 19.77872], [109.23583, 19.7625], [109.19752, 19.74584], [109.17017, 19.72481], [109.16335, 19.72481], [109.16725, 19.74274], [109.16335, 19.79027], [109.16685, 19.80548], [109.19752, 19.82783], [109.21141, 19.84846], [109.24871, 19.86884], [109.25515, 19.89833], [109.28004, 19.9029], [109.30372, 19.92169], [109.31136, 19.91949], [109.31422, 19.89985], [109.3213, 19.89204], [109.36882, 19.8893], [109.41261, 19.8614], [109.44361, 19.87298], [109.45532, 19.86493], [109.46502, 19.83405], [109.47242, 19.83405], [109.47951, 19.84418], [109.52703, 19.86196], [109.53297, 19.85261], [109.56178, 19.85741], [109.58172, 19.8557], [109.58172, 19.86196], [109.52931, 19.87547], [109.5202, 19.88248], [109.51565, 19.90521], [109.5254, 19.91184], [109.55445, 19.91035], [109.55746, 19.9173], [109.54461, 19.93334], [109.53736, 19.92447], [109.53094, 19.93013], [109.5259, 19.94038], [109.52723, 19.95148], [109.56524, 19.97486], [109.59873, 19.96086], [109.66241, 19.92275], [109.69078, 19.89957], [109.73937, 19.84627], [109.77646, 19.78424], [109.7899, 19.75114], [109.80511, 19.68905], [109.81428, 19.68321], [110.16449, 19.73155], [110.1683, 19.73846], [110.16228, 19.79562], [110.16352, 19.83106], [110.17695, 19.90074], [110.20473, 19.96699], [110.25386, 20.03546], [110.28053, 20.03327], [110.32496, 20.06121], [110.34473, 20.05804], [110.35889, 20.04978], [110.37672, 20.02643], [110.36818, 20.0078], [110.37517, 19.99677], [110.39723, 19.97866], [110.4109, 19.92341], [110.41774, 19.92341], [110.4109, 19.93769], [110.4109, 19.94392], [110.41774, 19.94392], [110.41774, 19.95136], [110.40943, 19.98005], [110.39064, 19.99307], [110.38299, 20.01276], [110.37502, 20.06362], [110.38299, 20.08103], [110.42457, 20.04751], [110.43116, 20.05059], [110.49594, 20.0235], [110.52759, 20.0202], [110.52759, 20.01276], [110.52076, 20.01276], [110.52076, 20.00658], [110.55055, 19.98847], [110.56414, 19.98452], [110.57545, 19.99915], [110.6058, 19.92316], [110.61297, 19.92573], [110.62322, 19.94074], [110.61786, 19.96393], [110.62322, 19.97183], [110.60915, 19.9899], [110.60092, 20.02106], [110.57082, 20.03067], [110.57203, 20.05752], [110.56624, 20.06975], [110.56936, 20.07977], [110.59312, 20.10732], [110.60418, 20.11081], [110.64015, 20.10834], [110.65203, 20.11701], [110.67791, 20.16354], [110.68514, 20.15311], [110.71095, 20.07518], [110.75277, 20.0475], [110.77467, 20.02021], [110.78834, 20.0104], [110.86988, 19.99702], [110.89015, 19.99917], [110.89609, 20.00456], [110.90431, 19.99917], [110.92066, 20.01201], [110.93457, 19.99506], [110.97705, 19.86587], [110.98317, 19.80777], [110.99999, 19.72189], [110.9944, 19.69428], [110.99659, 19.68659], [111.0105, 19.68377], [111.01636, 19.67804], [111.03466, 19.64224], [111.02036, 19.63599], [111.00913, 19.64175], [110.99334, 19.64301], [110.96583, 19.63597], [110.87664, 19.53994], [110.85865, 19.53483], [110.84279, 19.53995], [110.82985, 19.55207], [110.82179, 19.56778], [110.81853, 19.59105], [110.82569, 19.60326], [110.86264, 19.60871], [110.84767, 19.62246], [110.82643, 19.62177], [110.80633, 19.61274], [110.79444, 19.60126], [110.80356, 19.58918], [110.813, 19.56338], [110.82179, 19.5541], [110.8025, 19.5174], [110.79622, 19.48461], [110.77248, 19.46179], [110.76026, 19.45791], [110.76448, 19.44082], [110.75757, 19.4309], [110.73243, 19.41695], [110.69825, 19.41694], [110.68579, 19.39306], [110.66969, 19.38174], [110.6779, 19.33438], [110.66602, 19.31978], [110.64137, 19.31244], [110.62169, 19.23096], [110.58033, 19.15518], [110.56861, 19.16307], [110.54444, 19.15005], [110.5101, 19.15005], [110.49049, 19.16657], [110.47918, 19.16926], [110.47918, 19.16307], [110.50734, 19.13223], [110.52418, 19.12832], [110.54624, 19.13988], [110.55681, 19.12002], [110.55494, 19.08735], [110.57545, 19.15005], [110.58227, 19.15005], [110.56333, 19.05586], [110.53077, 19.01838], [110.51808, 18.99348], [110.50994, 18.96434], [110.50709, 18.93032], [110.51326, 18.90621], [110.50912, 18.89778], [110.4909, 18.89566], [110.4839, 18.88719], [110.46559, 18.8819], [110.45874, 18.84834], [110.43458, 18.83039], [110.43149, 18.82148], [110.44508, 18.80366], [110.46524, 18.80446], [110.49285, 18.79312], [110.50245, 18.81123], [110.49367, 18.87604], [110.50342, 18.8819], [110.53442, 18.78564], [110.49855, 18.78164], [110.49284, 18.77205], [110.469, 18.77717], [110.45037, 18.75654], [110.42457, 18.70376], [110.43099, 18.69245], [110.42676, 18.6809], [110.40349, 18.6628], [110.38868, 18.67504], [110.3445, 18.66463], [110.33523, 18.67333], [110.34539, 18.68085], [110.4109, 18.69013], [110.4109, 18.6975], [110.40349, 18.70376], [110.39723, 18.70376], [110.38014, 18.6905], [110.32732, 18.67935], [110.30787, 18.6628], [110.27084, 18.66816], [110.22722, 18.64216], [110.15719, 18.58097], [110.1211, 18.55581], [110.10328, 18.53937], [110.08814, 18.50435], [110.07065, 18.50202], [110.03419, 18.51195], [110.03419, 18.50576], [110.04615, 18.49592], [110.07406, 18.48908], [110.08252, 18.47777], [110.0682, 18.40893], [110.06137, 18.40893], [110.06072, 18.42959], [110.05323, 18.44062], [110.04461, 18.44013], [110.04029, 18.42597], [110.05257, 18.39021], [110.04029, 18.38228], [109.9954, 18.38229], [109.96861, 18.38985], [109.9686, 18.4055], [110.00034, 18.40302], [110.01368, 18.40892], [110.02345, 18.42939], [110.02052, 18.45051], [110.0062, 18.4294], [109.99252, 18.44306], [109.99253, 18.42941], [109.98194, 18.43549], [109.96518, 18.41633], [109.89828, 18.41425], [109.83546, 18.38228], [109.82521, 18.3859], [109.81446, 18.40209], [109.79566, 18.40518], [109.7461, 18.3959], [109.75, 18.3736], [109.72657, 18.30378], [109.73177, 18.27302], [109.71778, 18.2731], [109.7116, 18.28799], [109.7046, 18.29222], [109.67042, 18.27302], [109.67042, 18.26557], [109.69379, 18.26717], [109.71192, 18.25873], [109.73926, 18.25873], [109.74138, 18.25058], [109.72803, 18.22468], [109.70139, 18.20418], [109.69057, 18.20939], [109.67726, 18.24506], [109.62908, 18.22736], [109.60613, 18.20889], [109.60353, 18.1988], [109.61572, 18.17619], [109.58766, 18.18159], [109.56804, 18.16935], [109.56122, 18.16935], [109.56804, 18.19318], [109.56577, 18.20136], [109.54762, 18.22085], [109.56121, 18.23078], [109.56625, 18.24299], [109.56121, 18.25873], [109.55226, 18.24478], [109.52955, 18.22769], [109.53394, 18.21037], [109.51075, 18.21361], [109.47869, 18.19271], [109.46504, 18.20409], [109.49269, 18.22809], [109.50961, 18.23078], [109.50652, 18.25275], [109.50017, 18.25951], [109.49293, 18.24508], [109.48072, 18.2648], [109.46274, 18.27969], [109.43995, 18.28897], [109.33351, 18.30427], [109.21811, 18.30565], [109.1906, 18.29971], [109.1731, 18.28816], [109.16261, 18.28784], [109.14958, 18.29994], [109.1395, 18.34072], [109.12917, 18.34748], [109.136, 18.36115], [109.12211, 18.35823], [109.09164, 18.3686], [108.9909, 18.36873], [108.96799, 18.38429], [108.95281, 18.40229], [108.88592, 18.42667], [108.86866, 18.44383], [108.79558, 18.48656], [108.75514, 18.49698], [108.71071, 18.49967], [108.695, 18.50484], [108.68491, 18.51521], [108.67734, 18.53223], [108.6741, 18.55484], [108.69093, 18.60472], [108.69711, 18.68329], [108.69361, 18.71987], [108.68336, 18.75617], [108.66814, 18.78864], [108.62746, 18.83589], [108.62388, 18.84919], [108.65382, 18.92105], [108.65626, 18.944], [108.6504, 18.97358], [108.6426, 18.98282], [108.64259, 19.01846], [108.61543, 19.10176], [108.6443, 19.12417], [108.65691, 19.1398], [108.6631, 19.15622], [108.68344, 19.15005], [108.67189, 19.173], [108.66391, 19.20962], [108.6223, 19.21763], [108.62176, 19.22789], [108.63795, 19.24897], [108.62698, 19.27497], [108.63159, 19.28606], [108.64942, 19.29963], [108.6448, 19.31036], [108.66261, 19.30972]]], [[[110.14982, 20.05603], [110.157, 20.06736], [110.17801, 20.05871], [110.14982, 20.05603]]], [[[107.33253, 20.88329], [107.3392, 20.89035], [107.3679, 20.88835], [107.34668, 20.87361], [107.3352, 20.87752], [107.33253, 20.88329]]], [[[107.30974, 20.90522], [107.31527, 20.91135], [107.32579, 20.88277], [107.31479, 20.89252], [107.30974, 20.90522]]], [[[107.39761, 20.90897], [107.3816, 20.90309], [107.35328, 20.90144], [107.35078, 20.90472], [107.41195, 20.92132], [107.42596, 20.94594], [107.44809, 20.96413], [107.45426, 20.96002], [107.44501, 20.94184], [107.39761, 20.90897]]], [[[107.34791, 20.93431], [107.35149, 20.94001], [107.36451, 20.94306], [107.37632, 20.95562], [107.38079, 20.9527], [107.38768, 20.96092], [107.3903, 20.95937], [107.38688, 20.94754], [107.36678, 20.92932], [107.35474, 20.9248], [107.32659, 20.92911], [107.31611, 20.93992], [107.33921, 20.94345], [107.34791, 20.93431]]], [[[107.75802, 20.97696], [107.7588, 20.98261], [107.73765, 21.00324], [107.74513, 21.02016], [107.75823, 21.01647], [107.7928, 20.99225], [107.79281, 20.98604], [107.77296, 20.99226], [107.77655, 20.97823], [107.75802, 20.97696]]], [[[107.55835, 21.03471], [107.53699, 20.97888], [107.52738, 20.99025], [107.51976, 20.99233], [107.4898, 20.97287], [107.49245, 20.99144], [107.50493, 21.02004], [107.51979, 21.01337], [107.53272, 21.04058], [107.53272, 21.02017], [107.55206, 21.03812], [107.55835, 21.03471]]], [[[107.85278, 21.01993], [107.8274, 20.98909], [107.81773, 20.98828], [107.81659, 21.00584], [107.8256, 21.02478], [107.84236, 21.03555], [107.85628, 21.03326], [107.85278, 21.01993]]], [[[110.34262, 21.07465], [110.37135, 21.08096], [110.38982, 21.09588], [110.40821, 21.04824], [110.41774, 21.0406], [110.4232, 21.05141], [110.43214, 21.05727], [110.47283, 21.06167], [110.49317, 21.0761], [110.5145, 21.08217], [110.39412, 21.00586], [110.36305, 21.00585], [110.29867, 20.98067], [110.26661, 20.97265], [110.24588, 20.98603], [110.26189, 20.99299], [110.26539, 21.00434], [110.25929, 21.01699], [110.24588, 21.02757], [110.28736, 21.03384], [110.28736, 21.0406], [110.2707, 21.04486], [110.27313, 21.06109], [110.29021, 21.05427], [110.30991, 21.05292], [110.32692, 21.05744], [110.33522, 21.06859], [110.30795, 21.06086], [110.29542, 21.06306], [110.28738, 21.07444], [110.34262, 21.07465]]], [[[109.09597, 21.02205], [109.09052, 21.04194], [109.09987, 21.06069], [109.12273, 21.0654], [109.13609, 21.05117], [109.12769, 21.03218], [109.09597, 21.02205]]], [[[107.59596, 21.03913], [107.57959, 20.98315], [107.55944, 20.98603], [107.57008, 20.98994], [107.5669, 21.01675], [107.57008, 21.02668], [107.58416, 21.0397], [107.59425, 21.08906], [107.62806, 21.12006], [107.63208, 21.11884], [107.63184, 21.11197], [107.59596, 21.03913]]], [[[107.49694, 21.03905], [107.5302, 21.0707], [107.535, 21.06611], [107.53777, 21.06855], [107.53022, 21.081], [107.55316, 21.11375], [107.56731, 21.11192], [107.58178, 21.11758], [107.58114, 21.10232], [107.57268, 21.08414], [107.56243, 21.0795], [107.5616, 21.07307], [107.5359, 21.05691], [107.53473, 21.0521], [107.50742, 21.03922], [107.49694, 21.03905]]], [[[107.56707, 21.13495], [107.58349, 21.13746], [107.58168, 21.12927], [107.56593, 21.11685], [107.55919, 21.1229], [107.56707, 21.13495]]], [[[110.50588, 21.12686], [110.50709, 21.1437], [110.489, 21.15011], [110.47918, 21.16413], [110.47291, 21.16413], [110.47917, 21.15047], [110.46144, 21.15108], [110.44948, 21.15624], [110.44533, 21.16568], [110.45192, 21.17845], [110.41774, 21.17848], [110.41774, 21.18463], [110.43434, 21.18659], [110.46217, 21.20515], [110.4878, 21.20865], [110.49983, 21.20629], [110.49627, 21.19522], [110.46339, 21.19074], [110.47918, 21.18464], [110.49293, 21.18391], [110.53785, 21.2045], [110.56861, 21.19147], [110.55006, 21.16844], [110.54754, 21.15672], [110.55494, 21.15672], [110.57732, 21.19099], [110.59381, 21.20265], [110.61694, 21.19891], [110.61694, 21.19148], [110.59946, 21.17829], [110.56519, 21.11262], [110.54322, 21.10498], [110.52052, 21.11197], [110.50588, 21.12686]]], [[[107.53272, 21.19892], [107.6062, 21.21743], [107.59048, 21.1932], [107.55738, 21.17178], [107.54712, 21.15674], [107.52418, 21.15998], [107.47071, 21.0959], [107.42286, 21.07477], [107.38868, 21.04753], [107.3729, 21.05956], [107.40456, 21.13842], [107.41831, 21.19667], [107.42506, 21.19675], [107.43531, 21.18928], [107.44103, 21.20311], [107.45021, 21.20515], [107.4458, 21.21228], [107.44652, 21.25286], [107.45168, 21.27146], [107.45896, 21.27717], [107.47155, 21.27434], [107.50473, 21.23924], [107.52319, 21.23085], [107.52662, 21.20799], [107.53272, 21.19892]]], [[[107.66389, 21.14543], [107.6583, 21.13945], [107.67424, 21.20614], [107.67945, 21.2109], [107.66389, 21.14543]]], [[[107.95364, 21.23363], [107.95461, 21.23956], [107.96912, 21.24436], [107.98096, 21.24221], [107.97966, 21.22945], [107.96185, 21.22888], [107.95364, 21.23363]]], [[[107.63807, 21.2584], [107.63851, 21.24918], [107.61524, 21.23299], [107.59948, 21.23778], [107.63807, 21.2584]]], [[[107.54412, 21.26561], [107.55746, 21.2722], [107.57276, 21.27317], [107.58789, 21.2615], [107.56105, 21.2522], [107.55535, 21.25735], [107.54209, 21.25903], [107.54412, 21.26561]]], [[[107.52525, 21.27473], [107.53313, 21.28539], [107.55705, 21.28154], [107.55388, 21.27554], [107.53241, 21.26399], [107.52525, 21.27473]]], [[[107.69987, 21.29178], [107.66025, 21.26685], [107.67645, 21.28749], [107.70052, 21.29673], [107.69987, 21.29178]]], [[[107.75985, 21.28133], [107.75409, 21.28372], [107.75938, 21.29083], [107.79102, 21.29612], [107.79695, 21.29304], [107.77263, 21.28942], [107.75985, 21.28133]]], [[[107.81706, 21.34855], [107.71148, 21.30759], [107.72571, 21.32332], [107.80007, 21.36237], [107.8135, 21.36048], [107.8182, 21.35407], [107.81706, 21.34855]]], [[[107.86893, 21.39011], [107.99807, 21.40373], [107.99829, 21.40374], [107.9981, 21.39741], [107.94441, 21.36819], [107.93621, 21.37641], [107.92994, 21.37641], [107.84117, 21.34855], [107.84816, 21.37027], [107.85499, 21.35594], [107.87281, 21.37421], [107.85222, 21.37531], [107.82693, 21.37028], [107.82693, 21.3764], [107.86893, 21.39011]]], [[[108.1818, 21.54148], [108.1827, 21.53498], [108.17678, 21.53], [108.12657, 21.52041], [108.15984, 21.54403], [108.17278, 21.54616], [108.1818, 21.54148]]], [[[111.89747, 21.59553], [111.86329, 21.56828], [111.82244, 21.56201], [111.80935, 21.5655], [111.82078, 21.57398], [111.84205, 21.60684], [111.84506, 21.62397], [111.83531, 21.64394], [111.8838, 21.65013], [111.92823, 21.66444], [111.94516, 21.65013], [111.96245, 21.65758], [111.98951, 21.65777], [111.99984, 21.65399], [112.00732, 21.64394], [111.99984, 21.62117], [111.98145, 21.61206], [111.90968, 21.60053], [111.89747, 21.59553]]], [[[112.52541, 21.59887], [112.51825, 21.61676], [112.52427, 21.62689], [112.55982, 21.64838], [112.56788, 21.66063], [112.55594, 21.67812], [112.57781, 21.68301], [112.64535, 21.71282], [112.65454, 21.69847], [112.63795, 21.66445], [112.6499, 21.64932], [112.65039, 21.64046], [112.62379, 21.63329], [112.61646, 21.61922], [112.60719, 21.61605], [112.5797, 21.61558], [112.55592, 21.62344], [112.53906, 21.59881], [112.53492, 21.59554], [112.52541, 21.59887]]], [[[112.79965, 21.5791], [112.76167, 21.58358], [112.75367, 21.60737], [112.73712, 21.61283], [112.7344, 21.62873], [112.76759, 21.66348], [112.77442, 21.69172], [112.73643, 21.68109], [112.71559, 21.68025], [112.70624, 21.68838], [112.71184, 21.7027], [112.74763, 21.73321], [112.7649, 21.73176], [112.77752, 21.77264], [112.79566, 21.76683], [112.82093, 21.77478], [112.8501, 21.77432], [112.844, 21.77432], [112.86255, 21.76943], [112.86816, 21.75755], [112.86255, 21.7456], [112.8318, 21.73591], [112.79754, 21.70588], [112.81055, 21.65762], [112.79444, 21.62311], [112.79347, 21.60822], [112.81054, 21.5893], [112.79965, 21.5791]]], [[[108.57089, 21.77753], [108.57739, 21.77117], [108.57634, 21.75911], [108.56554, 21.77383], [108.57089, 21.77753]]], [[[113.19092, 21.86335], [113.18002, 21.85034], [113.16554, 21.85334], [113.14869, 21.84261], [113.13121, 21.85037], [113.13568, 21.86496], [113.14633, 21.86245], [113.15594, 21.87274], [113.17587, 21.86213], [113.18767, 21.86903], [113.19092, 21.86335]]], [[[113.02467, 21.88083], [113.03532, 21.87844], [113.03882, 21.86563], [113.03451, 21.8553], [113.02052, 21.85484], [113.01734, 21.84953], [113.00377, 21.86953], [113.02467, 21.88083]]], [[[113.23171, 21.93447], [113.25766, 21.94659], [113.26782, 21.9433], [113.28564, 21.91812], [113.26788, 21.88665], [113.25847, 21.88045], [113.22585, 21.90083], [113.2217, 21.91413], [113.23171, 21.93447]]], [[[113.19613, 21.9672], [113.18816, 21.96], [113.1828, 21.96049], [113.18004, 21.97077], [113.19239, 22.03376], [113.20004, 22.03844], [113.2491, 22.03835], [113.23951, 22.0233], [113.24902, 22.00476], [113.22332, 22.00056], [113.20159, 21.98876], [113.19613, 21.9672]]], [[[113.37273, 22.08015], [113.37778, 22.08901], [113.38266, 22.08958], [113.3899, 22.07469], [113.39894, 22.06851], [113.41259, 22.07598], [113.41032, 22.06355], [113.39145, 22.02753], [113.40161, 22.01845], [113.40576, 22.00704], [113.3235, 22.01196], [113.30943, 22.02412], [113.3436, 22.0685], [113.37273, 22.08015]]], [[[113.47024, 22.07763], [113.47348, 22.09854], [113.466, 22.10152], [113.46487, 22.10814], [113.47174, 22.11414], [113.51889, 22.12726], [113.5271, 22.12587], [113.53272, 22.12031], [113.52711, 22.10611], [113.53256, 22.09536], [113.54747, 22.09242], [113.5389, 22.08211], [113.48496, 22.07141], [113.47024, 22.07763]]], [[[113.28907, 22.06852], [113.26881, 22.08832], [113.26417, 22.10493], [113.27174, 22.12002], [113.29868, 22.12857], [113.31513, 22.15408], [113.32308, 22.15789], [113.32797, 22.14582], [113.34721, 22.15644], [113.36474, 22.1579], [113.33618, 22.1005], [113.31364, 22.07641], [113.28907, 22.06852]]], [[[113.47315, 22.8254], [113.45591, 22.83077], [113.40226, 22.88272], [113.39618, 22.8981], [113.40512, 22.90811], [113.4332, 22.91195], [113.47559, 22.90069], [113.52703, 22.84662], [113.54672, 22.83487], [113.573, 22.83005], [113.58766, 22.79462], [113.60286, 22.77244], [113.60278, 22.76265], [113.59457, 22.7561], [113.57985, 22.75374], [113.55828, 22.75789], [113.54462, 22.76879], [113.52858, 22.80215], [113.52117, 22.78792], [113.50612, 22.79805], [113.4808, 22.84931], [113.47397, 22.84931], [113.47315, 22.8254]]], [[[94.87077, 42.30181], [95.7441, 42.74415], [96.60862, 43.17094], [97.43924, 43.74593], [97.81623, 44.14018], [97.79925, 44.6136], [97.36324, 44.99193], [96.72025, 45.20097], [95.74155, 45.29985], [94.75968, 45.39085], [93.96687, 45.58437], [93.29159, 45.8991], [92.74358, 46.27725], [91.82215, 46.90226], [91.66053, 47.32699], [91.59701, 48.72467], [91.33218, 49.33625], [91.06692, 49.92992], [91.03714, 50.12261], [90.83996, 50.32081], [90.87707, 50.33936], [90.94859, 50.39749], [90.97515, 50.41393], [91.01205, 50.4253], [91.12976, 50.42617], [91.16336, 50.43279], [91.26009, 50.46658], [91.11651, 50.67745], [91.48023, 51.69302], [91.33212, 52.30568], [91.17814, 52.91793], [91.6399, 54.00272], [91.71264, 54.65101], [91.4737, 55.1243], [91.24593, 55.56319], [90.71801, 55.92124], [90.18021, 56.27692], [91.24868, 56.19294], [92.28132, 56.10366], [93.21602, 56.01591], [94.08469, 55.92839], [95.04849, 55.84876], [96.03935, 55.75965], [96.84119, 55.68212], [97.57864, 55.6065], [98.75754, 55.62352], [99.56457, 55.62958], [100.3407, 55.63112], [101.08712, 55.64294], [101.86501, 55.65113], [102.7365, 55.6553], [103.57692, 55.65433], [104.90267, 55.59073], [106.2854, 55.51108], [106.5439, 55.41847], [106.6635, 54.90508], [106.94753, 54.73676], [108.18309, 54.485], [109.4043, 54.22249], [110.63879, 53.943], [111.8853, 53.64605], [112.84345, 53.40752], [113.46403, 53.24612], [114.36648, 53.00044], [115.2594, 52.74901], [116.10667, 52.52349], [116.89366, 52.30744], [117.62872, 52.2391], [118.38977, 52.16399], [119.31715, 52.18792], [120.24012, 52.21704], [121.15977, 52.251], [122.53412, 52.31045], [123.88019, 52.22833], [124.77506, 52.18006], [125.66928, 52.13674], [125.95293, 52.13687], [126.31321, 52.20644], [126.31671, 52.19976], [126.33284, 52.19338], [126.35072, 52.1917], [126.45329, 52.16563], [126.49381, 52.16126], [126.53117, 52.15266], [126.55598, 52.13064], [127.75412, 52.13832], [128.64934, 52.13895], [129.80063, 51.99731], [130.66639, 51.83088], [131.53812, 51.66783], [132.95141, 51.54443], [133.879, 51.58385], [134.54341, 51.74322], [135.21236, 51.89896], [135.98729, 52.24176], [136.79833, 52.58939], [137.19282, 52.89856], [137.57499, 53.19226], [137.57566, 53.19969], [137.53179, 53.25626], [137.51542, 53.28913], [137.49943, 53.35762], [137.5064, 53.42612], [137.51844, 53.46009], [137.53633, 53.4937], [137.57811, 53.54596], [137.67807, 53.55012], [137.91822, 53.58661], [138.04722, 53.65045], [138.15008, 53.67276], [138.16822, 53.68036], [138.21902, 53.71116], [138.27052, 53.73041], [138.29419, 53.7511], [138.39313, 53.75824], [138.492, 53.75735], [138.37875, 53.68415], [138.35328, 53.6601], [138.34254, 53.63548], [138.34984, 53.61128], [138.34505, 53.60713], [138.27394, 53.58389], [138.2461, 53.56635], [138.24681, 53.53278], [138.21656, 53.50043], [138.21559, 53.49177], [138.22609, 53.49225], [138.26732, 53.52251], [138.28443, 53.52484], [138.40577, 53.51056], [138.43922, 53.51366], [138.47315, 53.52595], [138.50213, 53.54352], [138.5503, 53.5869], [138.66463, 53.75054], [138.77293, 53.73452], [138.82746, 53.72117], [138.92608, 53.68596], [138.97053, 53.66408], [139.0114, 53.63936], [139.07809, 53.58433], [139.10451, 53.55353], [139.13379, 53.50322], [139.04871, 53.39812], [139.05338, 53.39133], [139.0667, 53.3888], [139.18865, 53.23758], [139.08858, 52.59794], [139.26863, 52.40958], [139.52526, 52.36172], [139.76568, 52.4256], [139.76971, 52.43296], [139.69317, 52.77117], [139.82196, 52.86399], [140.06957, 52.88737], [140.25028, 52.79195], [140.06975, 52.54774], [140.40155, 52.36135], [140.01904, 52.23228], [140.02954, 52.01908], [140.04209, 52.01253], [140.42265, 51.99411], [140.74095, 52.10096], [140.74337, 52.11735], [140.67847, 52.16709], [140.62831, 52.22365], [140.63418, 52.24869], [140.59967, 52.2951], [140.56996, 52.3646], [140.56491, 52.43756], [140.61234, 52.61731], [140.62896, 52.63932], [140.6249, 52.65129], [140.66606, 52.71586], [140.7284, 52.77541], [140.89025, 52.87822], [141.00579, 52.92516], [141.03199, 52.92665], [141.04515, 52.9241], [141.07569, 52.8898], [141.09783, 52.87824], [141.14898, 52.87193], [141.19777, 52.84882], [141.26057, 52.85223], [141.21209, 52.79759], [141.20102, 52.77741], [141.27026, 52.73525], [141.28198, 52.72126], [141.29851, 52.67113], [141.31623, 52.65912], [141.30006, 52.64142], [141.28045, 52.57853], [141.23532, 52.52654], [141.21338, 52.50789], [141.13526, 52.47053], [141.11769, 52.44896], [141.12818, 52.42292], [141.16717, 52.3649], [141.18637, 52.35065], [141.25829, 52.32371], [141.27898, 52.29344], [141.34977, 52.26813], [141.36622, 52.24681], [141.40211, 52.22553], [141.48072, 52.21284], [141.54004, 52.22076], [141.54467, 52.21772], [141.53614, 52.19945], [141.54589, 52.19358], [141.54298, 52.1883], [141.55582, 52.1623], [141.55062, 52.14986], [141.51482, 52.17194], [141.49366, 52.17231], [141.47388, 52.15889], [141.4026, 52.1402], [141.37883, 52.11817], [141.35499, 52.1059], [141.34278, 52.09382], [141.364, 52.08372], [141.30893, 52.0371], [141.30258, 52.02167], [141.31365, 52.0041], [141.38101, 51.97716], [141.41781, 51.95473], [141.42952, 51.94196], [141.42553, 51.92549], [141.40772, 51.91731], [141.35475, 51.90908], [141.33179, 51.89046], [141.28012, 51.88032], [141.25879, 51.8575], [141.20021, 51.82368], [141.16923, 51.75125], [141.12232, 51.70502], [141.13183, 51.6927], [141.10945, 51.67892], [140.98797, 51.65925], [140.93262, 51.62825], [140.91529, 51.62385], [140.90561, 51.61542], [140.9121, 51.56297], [140.90136, 51.49409], [140.88794, 51.48042], [140.83473, 51.48371], [140.82277, 51.48041], [140.80307, 51.46711], [140.80006, 51.45417], [140.80844, 51.4221], [140.81886, 51.41673], [140.84254, 51.41804], [140.8781, 51.43267], [140.89599, 51.42877], [140.87377, 51.37178], [140.86254, 51.35912], [140.82959, 51.34326], [140.74977, 51.34174], [140.70574, 51.33478], [140.68629, 51.31281], [140.69304, 51.28181], [140.70973, 51.25934], [140.71353, 51.26137], [140.70386, 51.24531], [140.66717, 51.23607], [140.65895, 51.22382], [140.67947, 51.19908], [140.66733, 51.13142], [140.69303, 51.10993], [140.70434, 51.09235], [140.7067, 51.03169], [140.70117, 51.02188], [140.67408, 51.01472], [140.66521, 51.00812], [140.67944, 50.96654], [140.67358, 50.94832], [140.65674, 50.93782], [140.59986, 50.92845], [140.5298, 50.86237], [140.5476, 50.83564], [140.54223, 50.80512], [140.53442, 50.78914], [140.48072, 50.74738], [140.46339, 50.69896], [140.46607, 50.68952], [140.48534, 50.67617], [140.51488, 50.6171], [140.49578, 50.61677], [140.4839, 50.60716], [140.44288, 50.54438], [140.44215, 50.5301], [140.51479, 50.44595], [140.51108, 50.41938], [140.5454, 50.34406], [140.5149, 50.29491], [140.53694, 50.23607], [140.52027, 50.19554], [140.52296, 50.15107], [140.54916, 50.11408], [140.58676, 50.08124], [140.6006, 50.07518], [140.63844, 50.09633], [140.67457, 50.09821], [140.68628, 50.10316], [140.69091, 50.08027], [140.66065, 50.05802], [140.59059, 50.02741], [140.54567, 50.00061], [140.49464, 49.98355], [140.48227, 49.97529], [140.47332, 49.95913], [140.4807, 49.95234], [140.44256, 49.90746], [140.44604, 49.89086], [140.42555, 49.88345], [140.41521, 49.87458], [140.41578, 49.8627], [140.45851, 49.80561], [140.47332, 49.79462], [140.51726, 49.78554], [140.53499, 49.7774], [140.54217, 49.75655], [140.5075, 49.69164], [140.51912, 49.67658], [140.53142, 49.6341], [140.56078, 49.57539], [140.55062, 49.55525], [140.52117, 49.52717], [140.51831, 49.4914], [140.49147, 49.47297], [140.45428, 49.42084], [140.43287, 49.30614], [140.43554, 49.29439], [140.35109, 49.29507], [140.33595, 49.28754], [140.33888, 49.27774], [140.35035, 49.2731], [140.36402, 49.2731], [140.38453, 49.28156], [140.39021, 49.27505], [140.3894, 49.26529], [140.35019, 49.23916], [140.34571, 49.22919], [140.35019, 49.19819], [140.37061, 49.21245], [140.37678, 49.20563], [140.35922, 49.17365], [140.36207, 49.15803], [140.37678, 49.14354], [140.36533, 49.13239], [140.35644, 49.09578], [140.33004, 49.08813], [140.29493, 49.08832], [140.29493, 49.0821], [140.33625, 49.0675], [140.34277, 49.06167], [140.34358, 49.04707], [140.33686, 49.0397], [140.21925, 49.01386], [140.2352, 49.00751], [140.26448, 49.01227], [140.27441, 49.00019], [140.24838, 48.9763], [140.25709, 48.97224], [140.28346, 48.97626], [140.28126, 48.9654], [140.30112, 48.9654], [140.29664, 48.98041], [140.30528, 48.99628], [140.32118, 49.00858], [140.35884, 49.02123], [140.36694, 49.01727], [140.37062, 49.00019], [140.38063, 48.99372], [140.39794, 48.99273], [140.35646, 48.9313], [140.35229, 48.91023], [140.26694, 48.86237], [140.25392, 48.84805], [140.24648, 48.81438], [140.21298, 48.7674], [140.19443, 48.70978], [140.1858, 48.65009], [140.19531, 48.60395], [140.19344, 48.58113], [140.17197, 48.56818], [140.19262, 48.53034], [140.17699, 48.46182], [140.16504, 48.44942], [140.12363, 48.43159], [140.07211, 48.39863], [140.03491, 48.32796], [139.99326, 48.32172], [139.95126, 48.30488], [139.76734, 48.18769], [139.7339, 48.16348], [139.68424, 48.0957], [139.65212, 48.06896], [139.56113, 48.00926], [139.50709, 47.96134], [139.39047, 47.90424], [139.26173, 47.78791], [139.21192, 47.70417], [139.20565, 47.66381], [139.15089, 47.62177], [139.14344, 47.59854], [139.05332, 47.4787], [139.04546, 47.41766], [139.03735, 47.40107], [139.02059, 47.38325], [138.99049, 47.36323], [138.96967, 47.31773], [138.95899, 47.31343], [138.91757, 47.3144], [138.89072, 47.30516], [138.66119, 47.10498], [138.61671, 47.08381], [138.59482, 47.06733], [138.56276, 47.02993], [138.51328, 46.94082], [138.50001, 46.89545], [138.50154, 46.86616], [138.48439, 46.85798], [138.40976, 46.78095], [138.36619, 46.68762], [138.34913, 46.66425], [138.35644, 46.59439], [138.34456, 46.54874], [138.31283, 46.52314], [138.23243, 46.48456], [138.2024, 46.45433], [138.11305, 46.2895], [138.10034, 46.22798], [138.03416, 46.15609], [138.00985, 46.13665], [137.96559, 46.12104], [137.94443, 46.10782], [137.93803, 46.07344], [137.88437, 46.03425], [137.86825, 46.00849], [137.78207, 45.94599], [137.76661, 45.92951], [137.75293, 45.89656], [137.70468, 45.85448], [137.67147, 45.79463], [137.63868, 45.77904], [137.52442, 45.68937], [137.49496, 45.6789], [137.39674, 45.62393], [137.33595, 45.57062], [137.26592, 45.48565], [137.25635, 45.47713], [137.23666, 45.4726], [137.21949, 45.461], [137.14453, 45.37467], [137.08277, 45.35521], [136.92666, 45.25458], [136.8108, 45.19318], [136.8003, 45.17528], [136.77986, 45.10767], [136.76074, 45.08788], [136.70094, 45.05634], [136.69051, 45.03898], [136.66334, 45.03897], [136.57764, 44.95296], [136.5582, 44.94831], [136.55348, 44.94334], [136.5603, 44.9291], [136.55346, 44.89497], [136.51588, 44.87507], [136.49829, 44.84578], [136.46762, 44.83662], [136.45029, 44.82665], [136.4436, 44.78511], [136.42611, 44.77266], [136.36476, 44.79255], [136.35458, 44.7888], [136.3409, 44.75761], [136.32699, 44.74886], [136.30698, 44.74409], [136.31202, 44.73322], [136.33373, 44.71369], [136.31745, 44.70172], [136.27451, 44.69294], [136.26075, 44.68358], [136.23536, 44.65168], [136.22731, 44.63105], [136.23315, 44.58609], [136.22811, 44.56973], [136.20053, 44.56053], [136.18408, 44.51509], [136.16529, 44.49653], [136.12256, 44.47554], [136.04639, 44.44991], [135.99855, 44.45612], [135.98486, 44.43562], [135.95093, 44.42013], [135.88868, 44.40152], [135.86214, 44.3719], [135.8379, 44.3627], [135.84082, 44.3295], [135.81942, 44.2906], [135.78621, 44.25813], [135.72096, 44.23656], [135.70483, 44.1984], [135.65585, 44.16869], [135.64942, 44.1457], [135.65967, 44.11644], [135.62851, 44.06855], [135.62402, 44.03848], [135.60132, 44.02539], [135.56088, 44.01439], [135.54127, 44.00397], [135.53297, 43.98721], [135.53296, 43.96264], [135.51881, 43.95649], [135.51197, 43.92173], [135.49318, 43.94392], [135.47828, 43.95197], [135.46363, 43.94965], [135.45875, 43.93818], [135.47265, 43.91112], [135.46363, 43.89444], [135.48462, 43.89442], [135.4808, 43.878], [135.51879, 43.8875], [135.51879, 43.88077], [135.48787, 43.83272], [135.47438, 43.82551], [135.47249, 43.81811], [135.42929, 43.77831], [135.42578, 43.76318], [135.39015, 43.75483], [135.35498, 43.71948], [135.32325, 43.71654], [135.2754, 43.68896], [135.25979, 43.69376], [135.25807, 43.7237], [135.23561, 43.73408], [135.22324, 43.73261], [135.21021, 43.7137], [135.18222, 43.71064], [135.1836, 43.70319], [135.19606, 43.69648], [135.22095, 43.69301], [135.2307, 43.68212], [135.22682, 43.6822], [135.22387, 43.6446], [135.21956, 43.63496], [135.19654, 43.62409], [135.17612, 43.59333], [135.16243, 43.55859], [135.13795, 43.5395], [135.13989, 43.50837], [135.12842, 43.50057], [135.05616, 43.4881], [134.9747, 43.45954], [134.96388, 43.45246], [134.95613, 43.43621], [134.87355, 43.40498], [134.8357, 43.37971], [134.77026, 43.31526], [134.75099, 43.30538], [134.72804, 43.31257], [134.70289, 43.30418], [134.65601, 43.26725], [134.62119, 43.25698], [134.58717, 43.229], [134.56007, 43.23481], [134.53036, 43.22036], [134.47709, 43.18172], [134.43043, 43.15791], [134.37582, 43.13849], [134.34816, 43.12167], [134.3379, 43.12044], [134.32138, 43.12739], [134.30566, 43.1135], [134.1937, 43.07978], [134.17832, 43.0666], [134.17187, 43.04805], [134.14088, 43.03726], [134.10848, 42.99568], [134.06984, 42.98505], [134.04957, 42.97329], [133.92676, 42.88273], [133.91066, 42.87984], [133.86451, 42.90119], [133.83961, 42.89761], [133.81844, 42.88395], [133.79428, 42.87669], [133.72999, 42.84545], [133.71729, 42.81665], [133.67164, 42.85285], [133.64291, 42.85383], [133.60529, 42.84626], [133.59335, 42.85285], [133.58496, 42.83564], [133.57227, 42.82625], [133.55177, 42.81876], [133.52442, 42.82624], [133.51197, 42.82172], [133.4978, 42.80444], [133.42041, 42.7715], [133.37745, 42.76351], [133.2986, 42.7635], [133.2374, 42.74396], [133.22291, 42.73623], [133.17774, 42.6938], [133.15745, 42.68842], [133.06202, 42.68843], [133.0377, 42.6914], [133.02443, 42.69937], [132.99637, 42.72256], [133.03842, 42.74298], [133.07667, 42.7381], [133.07887, 42.74982], [133.04322, 42.77961], [132.99637, 42.80443], [133.01051, 42.81875], [132.98976, 42.82697], [132.90048, 42.81558], [132.88746, 42.80146], [132.90014, 42.79393], [132.88769, 42.7635], [132.86499, 42.74813], [132.852, 42.74654], [132.81594, 42.75642], [132.79153, 42.79084], [132.79843, 42.80842], [132.79111, 42.8205], [132.75735, 42.83243], [132.77369, 42.87507], [132.77442, 42.8959], [132.76344, 42.90815], [132.73976, 42.90717], [132.7037, 42.87874], [132.68165, 42.87336], [132.69505, 42.8596], [132.6832, 42.85571], [132.61891, 42.8592], [132.60817, 42.85684], [132.58911, 42.84236], [132.57789, 42.84041], [132.54444, 42.85969], [132.51052, 42.87141], [132.50345, 42.88703], [132.5027, 42.9243], [132.40439, 42.94229], [132.39706, 42.93936], [132.39412, 42.92179], [132.35426, 42.91083], [132.3458, 42.9007], [132.3601, 42.88081], [132.35353, 42.87027], [132.3601, 42.85969], [132.31154, 42.84546], [132.28771, 42.89045], [132.29453, 42.90278], [132.29113, 42.94912], [132.30128, 43.02391], [132.29112, 43.04462], [132.30323, 43.05317], [132.30494, 43.06403], [132.29113, 43.08563], [132.30746, 43.08661], [132.32057, 43.09418], [132.32569, 43.10627], [132.31839, 43.12042], [132.33961, 43.13402], [132.32595, 43.14086], [132.32912, 43.17498], [132.35654, 43.17097], [132.36695, 43.17499], [132.38168, 43.19123], [132.37607, 43.20474], [132.30772, 43.23819], [132.30846, 43.24701], [132.3458, 43.26716], [132.35621, 43.28596], [132.3458, 43.29792], [132.30543, 43.31904], [132.28956, 43.31257], [132.28198, 43.27852], [132.254, 43.26651], [132.23608, 43.23671], [132.22684, 43.22994], [132.13711, 43.19176], [132.09596, 43.18098], [132.02963, 43.11653], [131.95223, 43.07198], [131.92994, 43.06958], [131.90724, 43.07442], [131.88649, 43.08565], [131.91725, 43.10786], [131.92067, 43.12043], [131.85914, 43.08565], [131.8472, 43.08992], [131.84987, 43.10049], [131.8794, 43.1374], [131.91173, 43.19757], [131.9586, 43.22991], [131.99684, 43.23872], [132.00664, 43.26034], [132.04493, 43.28644], [132.05201, 43.31476], [132.04444, 43.32437], [132.03102, 43.32514], [132.01401, 43.31562], [131.99204, 43.27311], [131.96837, 43.27059], [131.97812, 43.29206], [131.9568, 43.30585], [131.89527, 43.31863], [131.84604, 43.30538], [131.83205, 43.30989], [131.82603, 43.31794], [131.82814, 43.3264], [131.83863, 43.33271], [131.82667, 43.33796], [131.80763, 43.33096], [131.79932, 43.31587], [131.76425, 43.29169], [131.75049, 43.22529], [131.72267, 43.20978], [131.72267, 43.20234], [131.7417, 43.20147], [131.75804, 43.19548], [131.76391, 43.18586], [131.74984, 43.175], [131.73073, 43.17415], [131.69467, 43.20234], [131.68385, 43.19929], [131.67416, 43.18183], [131.64698, 43.16885], [131.65146, 43.15599], [131.66676, 43.15689], [131.69465, 43.17497], [131.68334, 43.14851], [131.66465, 43.12497], [131.58675, 43.04996], [131.563, 43.03832], [131.56494, 42.99629], [131.54787, 42.99312], [131.51767, 43.00934], [131.49952, 42.99999], [131.49195, 42.98432], [131.49934, 42.9571], [131.49609, 42.9423], [131.49195, 42.94489], [131.43824, 42.93416], [131.42995, 42.93505], [131.40553, 42.95063], [131.39389, 42.94501], [131.38624, 42.91429], [131.40633, 42.91005], [131.41072, 42.90095], [131.4004, 42.87336], [131.45931, 42.88441], [131.47192, 42.88393], [131.47168, 42.87324], [131.40902, 42.83935], [131.37892, 42.83112], [131.36036, 42.80663], [131.3636, 42.78218], [131.35201, 42.77434], [131.30013, 42.79328], [131.27313, 42.77733], [131.23645, 42.70664], [131.2518, 42.69082], [131.26107, 42.68805], [131.26228, 42.6811], [131.25415, 42.66821], [131.23268, 42.66791], [131.22421, 42.66059], [131.20902, 42.63629], [131.20977, 42.62262], [131.20118, 42.61402], [131.22429, 42.60492], [131.22797, 42.59168], [131.23407, 42.58885], [131.21275, 42.58394], [131.22436, 42.57062], [131.21929, 42.55458], [131.21328, 42.55141], [131.20375, 42.55724], [131.18535, 42.55956], [131.16702, 42.57563], [131.16702, 42.58539], [131.1792, 42.59438], [131.18065, 42.6052], [131.1585, 42.60132], [131.14357, 42.6127], [131.12692, 42.61726], [131.12742, 42.64681], [131.12035, 42.66719], [131.1057, 42.66835], [131.08702, 42.64038], [131.07358, 42.63887], [131.03443, 42.64521], [130.99488, 42.64069], [130.95248, 42.6278], [130.93115, 42.60693], [130.88966, 42.59961], [130.87258, 42.60396], [130.8155, 42.63417], [130.83859, 42.64299], [130.88945, 42.63861], [130.91151, 42.61683], [130.93214, 42.61835], [130.94459, 42.63117], [130.94971, 42.65312], [130.93178, 42.65751], [130.89945, 42.65464], [130.84783, 42.66132], [130.80344, 42.65116], [130.787, 42.65377], [130.79596, 42.66284], [130.83204, 42.67406], [130.83701, 42.69159], [130.82546, 42.69932], [130.80179, 42.69685], [130.76929, 42.6816], [130.74564, 42.6811], [130.72076, 42.70002], [130.65667, 42.66408], [130.66079, 42.64318], [130.68344, 42.64353], [130.73291, 42.61554], [130.73689, 42.60724], [130.7295, 42.57917], [130.75462, 42.59721], [130.77417, 42.59682], [130.78354, 42.57917], [130.84212, 42.55853], [130.85499, 42.53925], [130.86963, 42.53546], [130.87288, 42.52765], [130.8702, 42.51798], [130.8646, 42.51729], [130.85849, 42.52456], [130.84303, 42.51976], [130.83814, 42.51024], [130.84496, 42.48632], [130.8387, 42.47236], [130.82325, 42.46504], [130.78663, 42.46186], [130.74307, 42.35345], [130.70359, 42.29525], [130.69555, 42.28901], [130.61662, 42.27232], [130.59756, 42.26279], [130.59498, 42.29816], [130.56937, 42.31526], [130.54051, 42.31838], [130.51019, 42.33578], [130.48068, 42.33975], [130.46565, 42.33475], [130.46938, 42.32208], [130.45645, 42.31178], [130.4401, 42.30914], [130.41916, 42.3244], [130.40745, 42.32458], [130.40584, 42.30712], [130.38416, 42.29119], [130.38624, 42.27066], [130.39112, 42.26411], [130.40584, 42.2608], [130.40088, 42.24251], [130.37818, 42.25786], [130.36799, 42.25569], [130.36066, 42.24366], [130.36982, 42.23202], [130.35883, 42.22927], [130.35149, 42.21609], [130.33506, 42.214], [130.33063, 42.19151], [130.30704, 42.18317], [130.31563, 42.21888], [130.30742, 42.2363], [130.29418, 42.23704], [130.25136, 42.20529], [130.22898, 42.18246], [130.21493, 42.17464], [130.20227, 42.17355], [130.1993, 42.10131], [130.18531, 42.10391], [130.17392, 42.09878], [130.16025, 42.08511], [130.16658, 42.0771], [130.15943, 42.07285], [130.12007, 42.09008], [130.09277, 42.08981], [130.07304, 42.07846], [130.067, 42.05191], [130.05222, 42.05036], [130.04491, 42.03598], [130.03387, 41.99552], [130.02682, 41.99271], [130.01495, 42.0144], [130.00288, 42.01091], [130.00128, 41.99047], [129.98219, 41.98265], [130.00268, 41.96223], [129.98561, 41.95527], [129.97486, 41.94164], [129.97827, 41.94378], [129.96468, 41.89875], [129.95444, 41.89205], [129.93739, 41.9039], [129.91362, 41.9112], [129.89674, 41.90426], [129.88339, 41.85741], [129.88452, 41.82417], [129.86964, 41.79146], [129.85517, 41.78179], [129.85245, 41.76493], [129.84282, 41.7588], [129.82655, 41.77845], [129.81331, 41.77773], [129.77476, 41.75942], [129.74149, 41.68421], [129.71502, 41.67534], [129.69082, 41.64972], [129.6694, 41.57596], [129.6488, 41.5494], [129.66064, 41.52594], [129.65273, 41.49412], [129.6594, 41.46465], [129.7146, 41.41965], [129.73605, 41.42127], [129.75818, 41.39259], [129.7693, 41.38618], [129.79663, 41.38617], [129.80615, 41.37604], [129.78613, 41.32478], [129.77036, 41.31513], [129.75913, 41.29287], [129.71957, 41.16694], [129.71192, 41.12263], [129.72827, 41.08515], [129.71982, 41.05622], [129.72828, 40.9787], [129.75082, 40.95173], [129.76487, 40.94441], [129.75557, 40.93897], [129.74923, 40.91701], [129.75298, 40.90994], [129.73427, 40.8911], [129.73733, 40.87146], [129.71655, 40.8346], [129.7061, 40.83567], [129.69836, 40.84561], [129.66285, 40.83878], [129.57177, 40.83972], [129.55394, 40.82893], [129.55104, 40.81013], [129.532, 40.80728], [129.51807, 40.79548], [129.50624, 40.79208], [129.47653, 40.79388], [129.42695, 40.7813], [129.35169, 40.74534], [129.32783, 40.71813], [129.30323, 40.67367], [129.28664, 40.68358], [129.27014, 40.70798], [129.23348, 40.70571], [129.2177, 40.69635], [129.20643, 40.67555], [129.19775, 40.63801], [129.17456, 40.60366], [129.1726, 40.56892], [129.16124, 40.56555], [129.15089, 40.5459], [129.07756, 40.47258], [129.03012, 40.47397], [128.97581, 40.45993], [128.86052, 40.37186], [128.83053, 40.36739], [128.81331, 40.35492], [128.76404, 40.34653], [128.752, 40.33511], [128.72164, 40.33895], [128.68781, 40.3312], [128.66966, 40.31078], [128.65666, 40.31077], [128.65534, 40.32018], [128.63649, 40.31322], [128.61895, 40.29733], [128.61645, 40.27144], [128.65671, 40.25713], [128.66776, 40.24031], [128.6626, 40.22541], [128.66455, 40.20125], [128.65093, 40.19715], [128.62887, 40.18028], [128.58861, 40.18667], [128.5432, 40.16677], [128.52767, 40.14343], [128.51018, 40.13547], [128.4798, 40.13475], [128.44856, 40.10951], [128.43471, 40.10393], [128.41139, 40.09639], [128.39184, 40.09958], [128.36477, 40.09689], [128.33776, 40.06705], [128.32774, 40.02823], [128.3021, 40.03344], [128.28013, 40.06548], [128.26344, 40.0771], [128.23632, 40.0679], [128.22784, 40.05621], [128.23437, 40.02937], [128.19337, 40.02936], [128.15512, 40.01632], [128.14683, 40.01831], [128.13942, 40.02733], [128.00685, 40.04515], [127.9978, 40.02042], [127.96372, 40.0041], [127.94002, 39.97477], [127.93027, 39.97192], [127.90666, 39.98394], [127.89104, 39.96122], [127.88408, 39.90232], [127.8746, 39.89282], [127.78183, 39.8854], [127.79638, 39.87565], [127.79402, 39.86568], [127.76244, 39.85355], [127.72738, 39.85719], [127.69575, 39.8482], [127.67962, 39.81644], [127.66329, 39.80682], [127.6487, 39.8209], [127.62375, 39.83094], [127.60718, 39.81026], [127.59303, 39.80622], [127.56186, 39.784], [127.5494, 39.76106], [127.52084, 39.74698], [127.51442, 39.73859], [127.50131, 39.70722], [127.51222, 39.64948], [127.55274, 39.63678], [127.57031, 39.61786], [127.57454, 39.59504], [127.53677, 39.55201], [127.52044, 39.51047], [127.56293, 39.34399], [127.56209, 39.31623], [127.55444, 39.30598], [127.54347, 39.30196], [127.53184, 39.30513], [127.52184, 39.31623], [127.52069, 39.32962], [127.54225, 39.37149], [127.50759, 39.40925], [127.49513, 39.43342], [127.48292, 39.437], [127.42554, 39.39253], [127.37843, 39.37885], [127.37843, 39.37149], [127.42555, 39.35712], [127.45387, 39.36798], [127.46726, 39.36392], [127.47338, 39.34756], [127.4668, 39.34016], [127.42555, 39.33048], [127.4083, 39.34325], [127.39194, 39.34186], [127.39827, 39.32368], [127.37203, 39.24043], [127.3934, 39.20173], [127.42017, 39.18919], [127.45224, 39.16596], [127.47193, 39.16828], [127.47608, 39.17707], [127.47341, 39.1933], [127.49129, 39.19488], [127.51173, 39.15644], [127.53175, 39.14614], [127.60694, 39.15203], [127.63168, 39.14613], [127.66139, 39.12149], [127.67563, 39.11815], [127.75928, 39.117], [127.8235, 39.0433], [127.85157, 39.00141], [127.8855, 38.97418], [127.89291, 38.95746], [127.9087, 38.96718], [127.9143, 38.96417], [127.92628, 38.93448], [127.96175, 38.91791], [128.01466, 38.85814], [128.09115, 38.84373], [128.1109, 38.82452], [127.91612, 38.74052], [127.83131, 38.71825], [127.78751, 38.71202], [127.69919, 38.70947], [127.54049, 38.72707], [127.47834, 38.79066], [127.39917, 38.80365], [127.26137, 38.84029], [127.16931, 38.88164], [127.05829, 38.95517], [127.00421, 39.0083], [126.95119, 39.09124], [126.92129, 39.15818], [126.9089, 39.23506], [126.90409, 39.24081], [126.78289, 39.2813], [126.48851, 39.41333], [126.05411, 39.49884], [125.91842, 39.48637], [125.90909, 39.48095], [125.91972, 39.43189], [125.92248, 39.36323], [125.89777, 39.23487], [125.86828, 39.1618], [125.79377, 39.12947], [125.70765, 39.10746], [125.33775, 39.06953], [125.26063, 39.06714], [125.27081, 39.0806], [125.31601, 39.07953], [125.33505, 39.08344], [125.28408, 39.08955], [125.29061, 39.10453], [125.28738, 39.13182], [125.29444, 39.14737], [125.28738, 39.15233], [125.30714, 39.16542], [125.34352, 39.16889], [125.32888, 39.1933], [125.34361, 39.21287], [125.36508, 39.22088], [125.38901, 39.22028], [125.4109, 39.21381], [125.39358, 39.24579], [125.43192, 39.30074], [125.44492, 39.31061], [125.42921, 39.31224], [125.41628, 39.32026], [125.41116, 39.33348], [125.41822, 39.35098], [125.40466, 39.36463], [125.42441, 39.35712], [125.44565, 39.36693], [125.45924, 39.38508], [125.37682, 39.39248], [125.35704, 39.39876], [125.35997, 39.41315], [125.38356, 39.44033], [125.36183, 39.43993], [125.34257, 39.43376], [125.34605, 39.45962], [125.39723, 39.50178], [125.41368, 39.53871], [125.44199, 39.54755], [125.45029, 39.55793], [125.45175, 39.57128], [125.44492, 39.58438], [125.32589, 39.53327], [125.28598, 39.5212], [125.23707, 39.56289], [125.21958, 39.56648], [125.21031, 39.57307], [125.22519, 39.59121], [125.15756, 39.59121], [125.17122, 39.56388], [125.11697, 39.56587], [125.0975, 39.60273], [125.04771, 39.60421], [125.01809, 39.62402], [125.01059, 39.63532], [124.98635, 39.63899], [124.95826, 39.66201], [124.94728, 39.66299], [124.93783, 39.64584], [124.90163, 39.66206], [124.89267, 39.69196], [124.8816, 39.70417], [124.84913, 39.7215], [124.80308, 39.73046], [124.79916, 39.73981], [124.77062, 39.74183], [124.76039, 39.74801], [124.75644, 39.77066], [124.7461, 39.78294], [124.73951, 39.76211], [124.75472, 39.73374], [124.74462, 39.69136], [124.7571, 39.6879], [124.75303, 39.67247], [124.74053, 39.67179], [124.7298, 39.66529], [124.74389, 39.64435], [124.73514, 39.6416], [124.71641, 39.64713], [124.69502, 39.63754], [124.67492, 39.62208], [124.64906, 39.61212], [124.63745, 39.5905], [124.6238, 39.59797], [124.6294, 39.61164], [124.61867, 39.61474], [124.61082, 39.62865], [124.62857, 39.64475], [124.63216, 39.66294], [124.6451, 39.66947], [124.64991, 39.68366], [124.64698, 39.69758], [124.6238, 39.69356], [124.60947, 39.71467], [124.58482, 39.72358], [124.58912, 39.76586], [124.56602, 39.77888], [124.56172, 39.7865], [124.56406, 39.81428], [124.43442, 39.83076], [124.41774, 39.82454], [124.40359, 39.8415], [124.39658, 39.86555], [124.36255, 39.87175], [124.34181, 39.89997], [124.32156, 39.91267], [124.33213, 39.92511], [124.36996, 39.94001], [124.38308, 40.00267], [124.40579, 40.02778], [124.46583, 40.01529], [124.4996, 40.02253], [124.47926, 40.03075], [124.41025, 40.0362], [124.39146, 40.04829], [124.36996, 40.09829], [124.35825, 40.08906], [124.35694, 40.07632], [124.36257, 40.04655], [124.36132, 40.01118], [124.30787, 39.96109], [124.2942, 39.93378], [124.26637, 39.92695], [124.20215, 39.87862], [124.15504, 39.86131], [124.13721, 39.84236], [124.11818, 39.83317], [124.08815, 39.85187], [124.05521, 39.82982], [123.98569, 39.81026], [123.94215, 39.84056], [123.91065, 39.82454], [123.88754, 39.82291], [123.83434, 39.82912], [123.80763, 39.83759], [123.77304, 39.81836], [123.71982, 39.83068], [123.6697, 39.85661], [123.64308, 39.87857], [123.65675, 39.9195], [123.64015, 39.9147], [123.63095, 39.904], [123.59139, 39.78434], [123.56324, 39.76881], [123.54184, 39.79169], [123.53321, 39.79662], [123.51319, 39.7978], [123.48154, 39.77969], [123.44564, 39.73705], [123.42774, 39.72664], [123.41042, 39.73518], [123.40847, 39.746], [123.41041, 39.79662], [123.42115, 39.81322], [123.41708, 39.82453], [123.40309, 39.82355], [123.3982, 39.81834], [123.40358, 39.81025], [123.38672, 39.78963], [123.33937, 39.7849], [123.31406, 39.77612], [123.2732, 39.81025], [123.26414, 39.79732], [123.25717, 39.80109], [123.25204, 39.81708], [123.24472, 39.81403], [123.23585, 39.80244], [123.26351, 39.76764], [123.26538, 39.7541], [123.24903, 39.74825], [123.20997, 39.75495], [123.20419, 39.74506], [123.20639, 39.73469], [123.25513, 39.7241], [123.26912, 39.70759], [123.26587, 39.70109], [123.22342, 39.67989], [123.17432, 39.66577], [123.1287, 39.66487], [123.108, 39.69013], [123.05781, 39.67472], [123.0395, 39.67313], [123.00913, 39.68049], [122.99195, 39.66592], [122.97763, 39.66625], [122.97763, 39.65884], [122.99629, 39.64944], [122.99243, 39.63671], [122.96412, 39.61165], [122.94492, 39.6197], [122.8716, 39.60579], [122.84864, 39.61786], [122.78818, 39.57233], [122.77979, 39.56046], [122.71078, 39.53596], [122.68823, 39.51863], [122.67677, 39.51546], [122.64845, 39.53242], [122.63656, 39.50845], [122.5879, 39.467], [122.5621, 39.48676], [122.55323, 39.48135], [122.56105, 39.46796], [122.55542, 39.45601], [122.54005, 39.45401], [122.46982, 39.4167], [122.39633, 39.41104], [122.3833, 39.39566], [122.35597, 39.38788], [122.31885, 39.36201], [122.29005, 39.35098], [122.26742, 39.31803], [122.25148, 39.32368], [122.24005, 39.28547], [122.19857, 39.25121], [122.115, 39.20075], [122.1167, 39.18867], [122.1045, 39.15913], [122.1361, 39.15808], [122.16266, 39.14615], [122.12745, 39.14199], [122.07333, 39.10457], [122.04786, 39.09919], [122.03932, 39.09089], [122.05126, 39.06713], [122.04232, 39.05973], [121.98805, 39.06293], [121.95931, 39.04048], [121.94296, 39.03629], [121.90431, 39.04938], [121.88844, 39.04247], [121.91293, 39.03071], [121.92317, 39.009], [121.87941, 39.02741], [121.82692, 39.03628], [121.83798, 39.01508], [121.88013, 38.99701], [121.89526, 38.98102], [121.89464, 38.9706], [121.87116, 38.95053], [121.85987, 38.94466], [121.84792, 38.94747], [121.81177, 38.97268], [121.77247, 39.02196], [121.74488, 39.03352], [121.7247, 39.03018], [121.72006, 39.01952], [121.73877, 39.00897], [121.73877, 39.00155], [121.68019, 39.00898], [121.63575, 38.99531], [121.656, 38.99062], [121.65259, 38.96345], [121.6292, 38.95441], [121.59213, 38.94868], [121.58741, 38.94009], [121.61818, 38.92642], [121.65919, 38.92624], [121.67649, 38.92161], [121.69339, 38.90977], [121.70361, 38.89191], [121.70483, 38.87335], [121.6963, 38.86296], [121.67612, 38.87116], [121.65479, 38.85787], [121.58107, 38.86298], [121.55275, 38.85814], [121.51221, 38.82698], [121.50489, 38.82648], [121.49886, 38.81465], [121.48495, 38.80989], [121.38014, 38.8166], [121.34474, 38.81464], [121.28761, 38.78808], [121.23666, 38.79849], [121.21754, 38.77558], [121.2447, 38.77557], [121.19867, 38.72803], [121.17953, 38.72094], [121.16259, 38.72522], [121.14408, 38.79095], [121.14083, 38.82658], [121.14483, 38.8787], [121.15235, 38.8863], [121.14846, 38.89908], [121.16706, 38.9526], [121.18855, 38.95235], [121.202, 38.94286], [121.21949, 38.9405], [121.25685, 38.94965], [121.29184, 38.96734], [121.33432, 38.96857], [121.34034, 38.97761], [121.32677, 39.01203], [121.33413, 39.02639], [121.35231, 39.03806], [121.37455, 39.04409], [121.40307, 39.03841], [121.4192, 39.01854], [121.42807, 39.01472], [121.4673, 39.01512], [121.48634, 39.0196], [121.54648, 39.04925], [121.63233, 39.06948], [121.67408, 39.08804], [121.68979, 39.11815], [121.681, 39.13642], [121.64919, 39.15815], [121.64194, 39.17621], [121.62962, 39.17333], [121.60671, 39.18082], [121.59264, 39.1922], [121.60792, 39.20075], [121.60167, 39.22125], [121.62631, 39.22451], [121.63307, 39.23615], [121.58996, 39.26405], [121.61199, 39.27497], [121.64193, 39.27215], [121.64698, 39.26488], [121.68019, 39.27521], [121.7361, 39.31175], [121.73829, 39.31965], [121.73131, 39.33047], [121.76498, 39.36523], [121.77953, 39.37138], [121.83749, 39.36465], [121.86549, 39.37055], [121.91505, 39.39541], [121.94296, 39.39936], [121.93124, 39.41718], [121.89869, 39.39936], [121.83091, 39.38511], [121.74537, 39.3979], [121.70777, 39.39566], [121.71777, 39.3715], [121.62177, 39.36607], [121.672, 39.40728], [121.69484, 39.51646], [121.72729, 39.5868], [121.71847, 39.59731], [121.70889, 39.59572], [121.5361, 39.49726], [121.46307, 39.46919], [121.43605, 39.50861], [121.41993, 39.51606], [121.35402, 39.5222], [121.30616, 39.50179], [121.27272, 39.51545], [121.23683, 39.51473], [121.22781, 39.51887], [121.22353, 39.52883], [121.22854, 39.53644], [121.24855, 39.5434], [121.26001, 39.56367], [121.30617, 39.59796], [121.32651, 39.60235], [121.38218, 39.60134], [121.4498, 39.6151], [121.47071, 39.63215], [121.4639, 39.64581], [121.49816, 39.65291], [121.52589, 39.61786], [121.5333, 39.6223], [121.53956, 39.63898], [121.5259, 39.65265], [121.55014, 39.67866], [121.53745, 39.69253], [121.51841, 39.68672], [121.50686, 39.69433], [121.49086, 39.72099], [121.46389, 39.7386], [121.45741, 39.74828], [121.48461, 39.764], [121.48732, 39.778], [121.47756, 39.78677], [121.47073, 39.81024], [121.50992, 39.82403], [121.53591, 39.86175], [121.56629, 39.85884], [121.61609, 39.8717], [121.63598, 39.89668], [121.68491, 39.9225], [121.70712, 39.92693], [121.75465, 39.91828], [121.77442, 39.92084], [121.79965, 39.94001], [121.80967, 39.96502], [121.83603, 39.97114], [121.85475, 39.98517], [121.87379, 39.9914], [121.88095, 40.00796], [121.87477, 40.0163], [121.82695, 40.02253], [121.88046, 40.0415], [121.92947, 40.07729], [121.93313, 40.10138], [121.99567, 40.1239], [122.00636, 40.15632], [121.99148, 40.18699], [122.01596, 40.18814], [122.03858, 40.19636], [122.09165, 40.22721], [122.10751, 40.26215], [122.10613, 40.31012], [122.18033, 40.35242], [122.21103, 40.3806], [122.20364, 40.42722], [122.24195, 40.42723], [122.25009, 40.43061], [122.25149, 40.45392], [122.2881, 40.47285], [122.28689, 40.48871], [122.30185, 40.50235], [122.29396, 40.52302], [122.27565, 40.54365], [122.22486, 40.57852], [122.1765, 40.58659], [122.1503, 40.60407], [122.1376, 40.62402], [122.16798, 40.65351], [122.17066, 40.68651], [122.15943, 40.70161], [122.13697, 40.68513], [122.12184, 40.68013], [122.10865, 40.69953], [122.04908, 40.74608], [121.87201, 40.81507], [121.8511, 40.83227], [121.84377, 40.85969], [121.84059, 40.9138], [121.82595, 40.94818], [121.8589, 40.96747], [121.87477, 40.98957], [121.86793, 40.9958], [121.82602, 40.97403], [121.77771, 40.93497], [121.78004, 40.90791], [121.73954, 40.84909], [121.59496, 40.84592], [121.57505, 40.84151], [121.51043, 40.87936], [121.45021, 40.88594], [121.44094, 40.89135], [121.42978, 40.9138], [121.36134, 40.93964], [121.33725, 40.92817], [121.29932, 40.89961], [121.27395, 40.90303], [121.25839, 40.92064], [121.24472, 40.90642], [121.22495, 40.92707], [121.20029, 40.93073], [121.17579, 40.92231], [121.11109, 40.87605], [121.07993, 40.86298], [121.08026, 40.8284], [121.06572, 40.8184], [121.06834, 40.8034], [121.05011, 40.79749], [121.02963, 40.82648], [121.00498, 40.83308], [120.98194, 40.82681], [120.96323, 40.80659], [120.9685, 40.7836], [120.93629, 40.75556], [120.93954, 40.74055], [120.99439, 40.73626], [121.01026, 40.73085], [121.02072, 40.71934], [120.96264, 40.70929], [120.94019, 40.69126], [120.868, 40.67869], [120.84776, 40.6831], [120.82532, 40.67403], [120.79842, 40.59968], [120.77003, 40.58576], [120.67879, 40.52192], [120.65911, 40.48377], [120.62094, 40.47443], [120.6041, 40.46516], [120.59702, 40.45002], [120.59736, 40.42243], [120.58407, 40.41373], [120.5621, 40.41132], [120.54566, 40.40241], [120.53907, 40.38288], [120.54753, 40.37616], [120.58838, 40.38431], [120.59114, 40.3673], [120.50176, 40.32691], [120.50488, 40.24909], [120.49251, 40.23127], [120.47169, 40.2141], [120.43604, 40.1945], [120.358, 40.1918], [120.30903, 40.17967], [120.26131, 40.14673], [120.18898, 40.12617], [120.11859, 40.10009], [119.95028, 40.0565], [119.91531, 40.03615], [119.91198, 39.9981], [119.8755, 39.99474], [119.81105, 39.97305], [119.77442, 39.95052], [119.74965, 39.9524], [119.70821, 39.93495], [119.6609, 39.93268], [119.62061, 39.91105], [119.57186, 39.9043], [119.53559, 39.89083], [119.51987, 39.8583], [119.53068, 39.81471], [119.46679, 39.81485], [119.42941, 39.79531], [119.34986, 39.73176], [119.33961, 39.71556], [119.31394, 39.64095], [119.28492, 39.59546], [119.26759, 39.59797], [119.24537, 39.59447], [119.22324, 39.58466], [119.20859, 39.56957], [119.209, 39.5502], [119.243, 39.57069], [119.22934, 39.53596], [119.24269, 39.54588], [119.26241, 39.57751], [119.27014, 39.58064], [119.28138, 39.57501], [119.26198, 39.53508], [119.25642, 39.49311], [119.27091, 39.48887], [119.29709, 39.45521], [119.30506, 39.43298], [119.27942, 39.38401], [119.25565, 39.36553], [119.22585, 39.35778], [119.20335, 39.36344], [119.1848, 39.35481], [119.12913, 39.29394], [119.01563, 39.18977], [118.9935, 39.17963], [118.92603, 39.13062], [118.89431, 39.12443], [118.89431, 39.13182], [118.94199, 39.15913], [118.95631, 39.18806], [118.96998, 39.1933], [118.94557, 39.19213], [118.88065, 39.17281], [118.88551, 39.18525], [118.87143, 39.2001], [118.87379, 39.21381], [118.85898, 39.20751], [118.84052, 39.17564], [118.79568, 39.15173], [118.72778, 39.14726], [118.61936, 39.16104], [118.59015, 39.14832], [118.52711, 39.14924], [118.51938, 39.13935], [118.52913, 39.12466], [118.48709, 39.10203], [118.46911, 39.09779], [118.34427, 39.03072], [118.3261, 39.03094], [118.30013, 39.04056], [118.26786, 39.04301], [118.23529, 39.05311], [118.20713, 39.07671], [118.17094, 39.13525], [118.14053, 39.17283], [118.0964, 39.20239], [118.04538, 39.21897], [118.02802, 39.2198], [117.93116, 39.2121], [117.88559, 39.20112], [117.75732, 39.11446], [117.73756, 39.1064], [117.71542, 39.1114], [117.71827, 39.093], [117.75147, 39.06791], [117.77525, 38.98106], [117.7295, 38.98436], [117.70192, 38.99531], [117.70875, 38.98102], [117.584, 38.81159], [117.57626, 38.77375], [117.57321, 38.71375], [117.55878, 38.69094], [117.56046, 38.6571], [117.54355, 38.62132], [117.56596, 38.6125], [117.66805, 38.44616], [117.71608, 38.37851], [117.80389, 38.29402], [117.83717, 38.2709], [117.94169, 38.23394], [117.97754, 38.19484], [117.989, 38.19855], [118.00719, 38.197], [118.05372, 38.17325], [118.05777, 38.16108], [118.05241, 38.15366], [118.06521, 38.14308], [118.08481, 38.13874], [118.11923, 38.15228], [118.14609, 38.14248], [118.21608, 38.14492], [118.44925, 38.10771], [118.51229, 38.08807], [118.54298, 38.06835], [118.57301, 38.0799], [118.61562, 38.12498], [118.65488, 38.14569], [118.76006, 38.15511], [118.8401, 38.15256], [118.95002, 38.09726], [118.92481, 38.05777], [118.94198, 38.04938], [118.95614, 38.03359], [118.9734, 37.99649], [118.99659, 37.96312], [119.0484, 37.94797], [119.09248, 37.91277], [119.11694, 37.85327], [119.1557, 37.82396], [119.20683, 37.80283], [119.24307, 37.76948], [119.25958, 37.71585], [119.25565, 37.67188], [119.21803, 37.67522], [119.18931, 37.70073], [119.12014, 37.73751], [119.06947, 37.74063], [119.03713, 37.72209], [119.01074, 37.65376], [118.97665, 37.61091], [118.96998, 37.59345], [118.95786, 37.5314], [118.94459, 37.37812], [118.94947, 37.33617], [118.96119, 37.29564], [118.97242, 37.28067], [119.01473, 37.26983], [119.0586, 37.22761], [119.11499, 37.20111], [119.14552, 37.17886], [119.28712, 37.13727], [119.44117, 37.12055], [119.47511, 37.13328], [119.52425, 37.13904], [119.56373, 37.14178], [119.66074, 37.1376], [119.71681, 37.14159], [119.7706, 37.15184], [119.79185, 37.18056], [119.89731, 37.24942], [119.88673, 37.28465], [119.8463, 37.3437], [119.85891, 37.36017], [119.92897, 37.38459], [119.98829, 37.41328], [119.99782, 37.42181], [120.05982, 37.44042], [120.18759, 37.51179], [120.29762, 37.59789], [120.32252, 37.63239], [120.30641, 37.66519], [120.27858, 37.67243], [120.23567, 37.6747], [120.21569, 37.68407], [120.31186, 37.68626], [120.3685, 37.69473], [120.41098, 37.7121], [120.44313, 37.73818], [120.46339, 37.74774], [120.55616, 37.76138], [120.5936, 37.78188], [120.63526, 37.78872], [120.67433, 37.80199], [120.70493, 37.82094], [120.73805, 37.83396], [120.78492, 37.82965], [120.83668, 37.81598], [120.8777, 37.82965], [120.92554, 37.81935], [120.94075, 37.80646], [120.9288, 37.78872], [120.94093, 37.77399], [120.97535, 37.75137], [121.00537, 37.74428], [121.02198, 37.7167], [121.03256, 37.7104], [121.06699, 37.71353], [121.11329, 37.70823], [121.13794, 37.70115], [121.14851, 37.6894], [121.13217, 37.6645], [121.13014, 37.6518], [121.14851, 37.63788], [121.13551, 37.62629], [121.13437, 37.61054], [121.1421, 37.59467], [121.15537, 37.58259], [121.17164, 37.57709], [121.30812, 37.58124], [121.34474, 37.59081], [121.37452, 37.61054], [121.35405, 37.63786], [121.39327, 37.6226], [121.42975, 37.59688], [121.39845, 37.59487], [121.38144, 37.58299], [121.38168, 37.56611], [121.44678, 37.51959], [121.46395, 37.49945], [121.4769, 37.468], [121.53711, 37.45623], [121.57032, 37.42866], [121.59165, 37.42446], [121.67612, 37.4392], [121.65488, 37.45771], [121.63429, 37.46239], [121.58743, 37.45357], [121.60256, 37.47186], [121.63502, 37.48126], [121.65943, 37.47272], [121.73243, 37.46174], [121.93783, 37.46425], [121.95727, 37.4597], [121.95727, 37.45356], [121.94459, 37.44074], [121.9498, 37.4256], [121.98805, 37.4256], [121.99741, 37.43407], [121.97788, 37.47188], [121.98122, 37.48016], [121.99464, 37.48672], [122.02549, 37.52785], [122.06153, 37.53718], [122.07179, 37.5445], [122.06716, 37.56272], [122.09506, 37.54914], [122.10947, 37.55223], [122.12184, 37.56272], [122.13949, 37.5506], [122.15185, 37.53286], [122.15258, 37.51454], [122.13551, 37.50068], [122.12989, 37.48347], [122.14145, 37.45661], [122.16212, 37.43309], [122.1832, 37.41816], [122.22422, 37.45799], [122.24537, 37.45969], [122.2618, 37.45091], [122.27858, 37.4239], [122.29648, 37.41816], [122.45704, 37.41816], [122.47803, 37.42559], [122.48805, 37.41193], [122.57057, 37.40156], [122.59164, 37.40436], [122.60093, 37.41502], [122.6124, 37.4186], [122.68043, 37.41501], [122.68823, 37.40981], [122.68872, 37.38972], [122.67896, 37.37468], [122.6561, 37.38459], [122.61459, 37.37092], [122.57081, 37.34479], [122.59114, 37.31415], [122.59472, 37.29526], [122.55763, 37.31908], [122.54965, 37.31977], [122.56007, 37.27473], [122.59473, 37.23688], [122.60288, 37.20991], [122.6289, 37.19964], [122.6289, 37.19282], [122.57431, 37.18537], [122.56324, 37.17316], [122.57715, 37.15778], [122.5743, 37.14445], [122.54347, 37.15664], [122.51002, 37.15522], [122.48268, 37.13996], [122.4707, 37.11031], [122.46446, 37.11031], [122.46445, 37.15184], [122.45395, 37.15428], [122.44435, 37.13654], [122.43637, 37.08979], [122.4541, 37.07745], [122.45703, 37.06591], [122.41122, 37.03653], [122.40235, 37.02147], [122.40919, 37.00629], [122.42433, 37.00365], [122.43702, 37.01162], [122.43638, 37.02773], [122.46119, 37.03082], [122.51303, 37.02049], [122.54004, 37.02772], [122.5254, 36.94449], [122.53271, 36.92593], [122.52656, 36.91443], [122.50742, 36.89803], [122.49856, 36.90421], [122.5001, 36.91559], [122.51271, 36.93464], [122.49855, 36.93891], [122.49391, 36.9326], [122.45663, 36.92065], [122.43995, 36.91845], [122.4122, 36.92475], [122.40577, 36.92219], [122.40341, 36.90664], [122.42945, 36.88812], [122.43636, 36.87068], [122.43074, 36.86455], [122.40267, 36.85707], [122.38559, 36.86323], [122.37973, 36.8614], [122.37573, 36.84956], [122.35523, 36.8291], [122.31983, 36.82296], [122.20059, 36.84271], [122.18533, 36.84993], [122.18069, 36.8664], [122.18478, 36.88475], [122.19688, 36.89801], [122.26588, 36.89802], [122.25294, 36.90595], [122.2112, 36.91845], [122.1627, 36.9458], [122.17856, 36.98627], [122.1797, 37.0058], [122.16611, 37.01411], [122.14999, 37.00532], [122.14918, 36.96214], [122.14291, 36.9458], [122.09433, 36.95091], [122.08089, 36.91658], [122.06498, 36.90665], [122.03307, 36.89803], [122.03762, 36.96368], [122.0538, 36.97525], [122.04916, 36.97993], [122.02931, 36.98676], [121.92628, 36.9936], [121.91489, 36.98583], [121.92335, 36.96849], [121.94957, 36.93878], [121.91512, 36.92024], [121.78598, 36.89118], [121.75587, 36.8723], [121.74487, 36.84724], [121.72832, 36.83603], [121.64944, 36.81608], [121.64942, 36.82225], [121.68417, 36.83592], [121.68417, 36.84276], [121.65821, 36.84015], [121.63746, 36.83137], [121.62452, 36.81476], [121.62143, 36.78876], [121.63427, 36.74657], [121.62525, 36.74039], [121.60354, 36.74967], [121.59425, 36.76765], [121.58302, 36.76285], [121.56007, 36.76765], [121.52589, 36.75398], [121.50352, 36.76045], [121.49644, 36.77448], [121.5032, 36.78863], [121.54737, 36.79816], [121.57302, 36.81964], [121.59522, 36.82632], [121.60475, 36.83251], [121.60719, 36.84496], [121.58814, 36.84618], [121.54648, 36.83592], [121.52222, 36.81217], [121.51157, 36.80858], [121.49815, 36.81087], [121.49228, 36.82392], [121.48439, 36.82909], [121.45948, 36.82868], [121.45297, 36.81639], [121.45802, 36.80195], [121.4707, 36.78962], [121.45337, 36.7574], [121.44459, 36.75347], [121.40895, 36.75397], [121.39015, 36.74681], [121.37778, 36.73151], [121.3794, 36.71699], [121.40167, 36.71239], [121.38496, 36.70649], [121.31422, 36.71182], [121.15773, 36.66861], [121.12802, 36.65095], [121.08017, 36.61002], [121.06276, 36.61006], [121.04249, 36.62767], [121.03248, 36.62425], [121.03252, 36.58971], [121.02353, 36.58394], [120.99838, 36.5895], [120.94468, 36.59123], [120.92882, 36.59635], [120.93653, 36.61196], [120.93336, 36.62027], [120.89292, 36.6284], [120.86476, 36.64671], [120.8506, 36.65095], [120.82407, 36.64399], [120.77084, 36.61718], [120.75058, 36.61685], [120.74692, 36.60318], [120.75756, 36.59634], [120.74228, 36.55585], [120.75025, 36.54076], [120.77866, 36.54108], [120.79379, 36.55097], [120.82643, 36.59633], [120.85035, 36.60455], [120.86458, 36.59771], [120.89479, 36.56159], [120.92024, 36.55328], [120.9275, 36.5329], [120.93849, 36.53437], [120.9568, 36.54791], [120.9636, 36.5477], [120.96142, 36.53144], [120.94117, 36.50971], [120.93629, 36.49702], [120.94994, 36.45918], [120.90626, 36.45238], [120.89479, 36.43867], [120.90096, 36.42768], [120.89838, 36.41184], [120.87427, 36.38061], [120.86744, 36.3772], [120.84971, 36.38614], [120.844, 36.42268], [120.82644, 36.43253], [120.83204, 36.45527], [120.8069, 36.46394], [120.75058, 36.45917], [120.73706, 36.43867], [120.71412, 36.4287], [120.68653, 36.38715], [120.69068, 36.37084], [120.72216, 36.33056], [120.70728, 36.32267], [120.66196, 36.33633], [120.64772, 36.33088], [120.64365, 36.3225], [120.66194, 36.3015], [120.65455, 36.28828], [120.67049, 36.26563], [120.68751, 36.18789], [120.70483, 36.15624], [120.69653, 36.14388], [120.62778, 36.11654], [120.61671, 36.12336], [120.5936, 36.10978], [120.5652, 36.11579], [120.55161, 36.11372], [120.54589, 36.09976], [120.53622, 36.09147], [120.47364, 36.08926], [120.42172, 36.06197], [120.36948, 36.04877], [120.35353, 36.04085], [120.32472, 36.0572], [120.29202, 36.06197], [120.29202, 36.0681], [120.30844, 36.07954], [120.3135, 36.10448], [120.33497, 36.13614], [120.36158, 36.19164], [120.3392, 36.2226], [120.32278, 36.22639], [120.30641, 36.27424], [120.28647, 36.26382], [120.27353, 36.23428], [120.27516, 36.20409], [120.29882, 36.19163], [120.28451, 36.17598], [120.21633, 36.19913], [120.21909, 36.22191], [120.18678, 36.21906], [120.14454, 36.2089], [120.11728, 36.20966], [120.10816, 36.22553], [120.09718, 36.22639], [120.08595, 36.20913], [120.10532, 36.20087], [120.10921, 36.18879], [120.08937, 36.14769], [120.08969, 36.11172], [120.10019, 36.0961], [120.15405, 36.07704], [120.16846, 36.06195], [120.1753, 35.99364], [120.18605, 35.98452], [120.19776, 35.9853], [120.22998, 35.99989], [120.2295, 35.97281], [120.24277, 35.97358], [120.28077, 35.99824], [120.28493, 36.01092], [120.30315, 35.9938], [120.30526, 35.98701], [120.29883, 35.97314], [120.28443, 35.9626], [120.2444, 35.95307], [120.22682, 35.94184], [120.17531, 35.89007], [120.17051, 35.90746], [120.18971, 35.93155], [120.18898, 35.94526], [120.16847, 35.93842], [120.13575, 35.90413], [120.09718, 35.90082], [120.05226, 35.86262], [120.03883, 35.84284], [120.01977, 35.75976], [120.00293, 35.72778], [119.96999, 35.73238], [119.93776, 35.76114], [119.90821, 35.74486], [119.90016, 35.73627], [119.93562, 35.70502], [119.90162, 35.67154], [119.90845, 35.63398], [119.90454, 35.62459], [119.85998, 35.60623], [119.84328, 35.6158], [119.83409, 35.63532], [119.8401, 35.6579], [119.81162, 35.6479], [119.771, 35.59334], [119.74392, 35.57594], [119.74838, 35.60932], [119.74391, 35.61689], [119.73251, 35.62084], [119.70712, 35.61416], [119.69655, 35.59933], [119.64796, 35.58393], [119.6041, 35.48802], [119.59973, 35.46894], [119.56454, 35.42471], [119.5622, 35.40042], [119.55151, 35.38004], [119.50765, 35.33235], [119.46957, 35.32149], [119.42872, 35.32148], [119.42392, 35.31346], [119.42187, 35.27741], [119.40455, 35.25373], [119.38771, 35.20539], [119.3706, 35.11742], [119.35799, 35.09712], [119.33619, 35.0887], [119.2212, 35.06403], [119.20729, 35.04841], [119.20393, 35.02497], [119.19288, 35.00043], [119.19288, 34.97403], [119.20337, 34.93163], [119.1887, 34.85627], [119.19313, 34.80988], [119.2019, 34.78498], [119.18906, 34.76655], [119.19531, 34.75971], [119.18873, 34.73306], [119.19223, 34.71821], [119.20338, 34.7119], [119.20981, 34.71857], [119.22935, 34.7597], [119.24179, 34.76165], [119.29135, 34.75349], [119.31178, 34.75507], [119.32496, 34.76], [119.34669, 34.78081], [119.38771, 34.75348], [119.44222, 34.74603], [119.46322, 34.73236], [119.4742, 34.71527], [119.47273, 34.69815], [119.45655, 34.68456], [119.53175, 34.61571], [119.58871, 34.58221], [119.60922, 34.56273], [119.64095, 34.55052], [119.64772, 34.53384], [119.68555, 34.53381], [119.72848, 34.52422], [119.75122, 34.51421], [119.79526, 34.48168], [119.82618, 34.4704], [119.90504, 34.4649], [119.94021, 34.45781], [120.02277, 34.41948], [120.0787, 34.37751], [120.11818, 34.3596], [120.23975, 34.32367], [120.25708, 34.31183], [120.27418, 34.24453], [120.29883, 34.20425], [120.32495, 34.13645], [120.32522, 34.1113], [120.37134, 34.03603], [120.38502, 33.9704], [120.41333, 33.89737], [120.4126, 33.88752], [120.39845, 33.87897], [120.39967, 33.86933], [120.40707, 33.85977], [120.43152, 33.84581], [120.45086, 33.80174], [120.44972, 33.78644], [120.49829, 33.75332], [120.50482, 33.73578], [120.51171, 33.65674], [120.49513, 33.66218], [120.48374, 33.64997], [120.52617, 33.61042], [120.57325, 33.53327], [120.63425, 33.46714], [120.6557, 33.41345], [120.66196, 33.33804], [120.66725, 33.3251], [120.69508, 33.29316], [120.73788, 33.27927], [120.75024, 33.2696], [120.74756, 33.25581], [120.73219, 33.24824], [120.73023, 33.24213], [120.74438, 33.22411], [120.74349, 33.20865], [120.73023, 33.2049], [120.78524, 33.16502], [120.80696, 33.13776], [120.79225, 33.10871], [120.81261, 33.10557], [120.81893, 33.09219], [120.81959, 33.0541], [120.82594, 33.03018], [120.83604, 33.02638], [120.77742, 32.98179], [120.74264, 32.96215], [120.6666, 32.93176], [120.62653, 32.92148], [120.54428, 32.91104], [120.50184, 32.91094], [120.43545, 32.91818], [120.42649, 32.91393], [120.4864, 32.56852], [120.49621, 32.5626], [120.57672, 32.57135], [120.61847, 32.57079], [120.70131, 32.55919], [120.77892, 32.5344], [120.81543, 32.51721], [120.88201, 32.47387], [120.93662, 32.42103], [120.95949, 32.39093], [121.1432, 32.04994], [121.3014, 31.88705], [121.28642, 31.89059], [121.22786, 31.8659], [121.11508, 31.79635], [121.08663, 31.80185], [121.03994, 31.81933], [121.00536, 31.82078], [120.97782, 31.81438], [120.95064, 31.82524], [120.94067, 31.84444], [120.94484, 31.88459], [120.94142, 31.89252], [120.91929, 31.89937], [120.90553, 31.92597], [120.84693, 31.99144], [120.8108, 32.02261], [120.74365, 32.03605], [120.63438, 32.07701], [120.56549, 32.07672], [120.52236, 32.0826], [120.49076, 32.08245], [120.36158, 32.02558], [120.30052, 31.97186], [120.26709, 31.94868], [120.22346, 31.93683], [120.17587, 31.93668], [120.13116, 31.94324], [120.05234, 31.97094], [120.02004, 31.9908], [119.9919, 32.01603], [119.91221, 32.12373], [119.90849, 32.1391], [119.92213, 32.21743], [119.90048, 32.1982], [119.88756, 32.21386], [119.87428, 32.26512], [119.84213, 32.29906], [119.81837, 32.31371], [119.75807, 32.32697], [119.6924, 32.31978], [119.64088, 32.35883], [119.61288, 32.35456], [119.66074, 32.32722], [119.68538, 32.29243], [119.67848, 32.28628], [119.64902, 32.21955], [119.60605, 32.19693], [119.6277, 32.1894], [119.64527, 32.19522], [119.69044, 32.23533], [119.70142, 32.23346], [119.73024, 32.2106], [119.77857, 32.20466], [119.78857, 32.19864], [119.76376, 32.1625], [119.76442, 32.14374], [119.77247, 32.12678], [119.78492, 32.11433], [119.85556, 32.08698], [119.9385, 32.01804], [119.97868, 31.96896], [120.0064, 31.9503], [120.13095, 31.9123], [120.17832, 31.9042], [120.22999, 31.90888], [120.34117, 31.95631], [120.41822, 31.96967], [120.45578, 31.98252], [120.45542, 32.02142], [120.46949, 32.02512], [120.51783, 32.01873], [120.60426, 31.99144], [120.68995, 31.99822], [120.75034, 31.97833], [120.77982, 31.91588], [120.80744, 31.87377], [120.82479, 31.8287], [120.80775, 31.80975], [120.75174, 31.82462], [120.71713, 31.86107], [120.72079, 31.83194], [120.73146, 31.81387], [120.74838, 31.80223], [120.8319, 31.77777], [121.01404, 31.74294], [121.06735, 31.72392], [121.14413, 31.6848], [121.24471, 31.6004], [121.32032, 31.50483], [121.36085, 31.47748], [121.41773, 31.45278], [121.44801, 31.4265], [121.48683, 31.40264], [121.44699, 31.33691], [121.3952, 31.28236], [121.3316, 31.2373], [121.25217, 31.20133], [121.24844, 31.19172], [121.25648, 31.18533], [121.31385, 31.18166], [121.39356, 31.16446], [121.46785, 31.13421], [121.53387, 31.09207], [121.58875, 31.04004], [121.63108, 30.97949], [121.65892, 30.91295], [121.6799, 30.84126], [121.63113, 30.83656], [121.54294, 30.8165], [121.4106, 30.76739], [121.35077, 30.7136], [121.3335, 30.70308], [121.26466, 30.6892], [121.20289, 30.66511], [121.14853, 30.62783], [121.13086, 30.59976], [121.12134, 30.59301], [121.0474, 30.58276], [120.99815, 30.55792], [120.97776, 30.54332], [120.94889, 30.50682], [120.93165, 30.47305], [120.9288, 30.45307], [120.93953, 30.42194], [120.9288, 30.40812], [120.89479, 30.40127], [120.91512, 30.38076], [120.91512, 30.37459], [120.88819, 30.36856], [120.83158, 30.30516], [120.81073, 30.29658], [120.78722, 30.29377], [120.76963, 30.30604], [120.754, 30.32707], [120.74496, 30.35961], [120.69815, 30.39395], [120.667, 30.4015], [120.61919, 30.4061], [120.47915, 30.40352], [120.43032, 30.38984], [120.40723, 30.35424], [120.38883, 30.29085], [120.37898, 30.27354], [120.36455, 30.26865], [120.34228, 30.27425], [120.31625, 30.29092], [120.28517, 30.29881], [120.2579, 30.29808], [120.23978, 30.28888], [120.19577, 30.23289], [120.14709, 30.19889], [120.17897, 30.20067], [120.23024, 30.23604], [120.25002, 30.27008], [120.27439, 30.27761], [120.29552, 30.27873], [120.33137, 30.24924], [120.35034, 30.24073], [120.36812, 30.24085], [120.38472, 30.24959], [120.42096, 30.30542], [120.4505, 30.36885], [120.52455, 30.37785], [120.6216, 30.37255], [120.65166, 30.35926], [120.68494, 30.27178], [120.69869, 30.2518], [120.72551, 30.24263], [120.73439, 30.2322], [120.69135, 30.19745], [120.66596, 30.16624], [120.63011, 30.13497], [120.63179, 30.12239], [120.65332, 30.10254], [120.68246, 30.08491], [120.7234, 30.07974], [120.76498, 30.08661], [120.79225, 30.06607], [120.7837, 30.0893], [120.76466, 30.09662], [120.71412, 30.09333], [120.688, 30.0978], [120.66456, 30.1096], [120.64625, 30.12694], [120.70105, 30.18455], [120.75138, 30.22559], [120.81348, 30.21324], [120.82862, 30.18499], [120.85322, 30.17444], [120.89281, 30.1698], [120.92351, 30.18585], [120.95419, 30.19196], [120.9944, 30.21109], [121.10914, 30.28278], [121.1497, 30.32574], [121.18539, 30.33755], [121.25434, 30.34835], [121.37738, 30.32505], [121.42958, 30.29297], [121.50704, 30.21978], [121.55472, 30.16071], [121.62332, 30.05988], [121.65831, 30.01839], [121.67776, 30.00064], [121.70676, 29.98511], [121.73233, 29.9786], [121.72193, 29.96052], [121.75011, 29.9725], [121.76774, 29.97309], [121.81643, 29.95148], [121.91487, 29.91869], [121.93556, 29.88736], [121.9817, 29.89029], [122.05624, 29.88736], [122.08543, 29.8987], [122.07301, 29.85347], [121.98304, 29.82318], [121.93678, 29.79169], [121.90217, 29.75255], [121.88532, 29.76128], [121.87315, 29.75383], [121.86244, 29.70801], [121.77646, 29.65262], [121.70391, 29.57189], [121.66727, 29.55667], [121.62387, 29.55443], [121.60891, 29.54569], [121.59254, 29.54362], [121.57431, 29.55215], [121.53082, 29.51003], [121.52256, 29.51293], [121.51684, 29.54609], [121.51104, 29.54899], [121.48439, 29.54466], [121.45834, 29.52522], [121.44337, 29.52424], [121.44337, 29.51801], [121.45701, 29.50087], [121.45531, 29.48936], [121.42784, 29.46795], [121.4427, 29.43976], [121.44259, 29.41537], [121.46507, 29.42089], [121.47976, 29.47475], [121.50487, 29.48381], [121.49179, 29.45596], [121.51367, 29.45196], [121.51172, 29.43757], [121.49715, 29.4222], [121.47763, 29.41275], [121.48486, 29.39054], [121.50893, 29.39835], [121.53132, 29.41704], [121.56965, 29.47457], [121.64267, 29.49522], [121.67555, 29.51048], [121.67431, 29.52033], [121.71095, 29.53863], [121.72461, 29.53847], [121.72657, 29.52228], [121.73129, 29.51801], [121.76399, 29.53076], [121.76645, 29.52065], [121.75722, 29.49905], [121.76457, 29.47665], [121.77838, 29.46942], [121.81199, 29.49012], [121.83059, 29.52805], [121.84742, 29.52424], [121.84482, 29.5362], [121.81398, 29.55215], [121.78298, 29.54347], [121.75827, 29.5481], [121.74498, 29.54468], [121.74843, 29.56256], [121.77432, 29.57544], [121.79613, 29.60058], [121.83453, 29.61556], [121.85402, 29.61591], [121.86793, 29.62725], [121.88014, 29.62352], [121.89964, 29.62753], [121.91578, 29.64084], [121.92725, 29.63446], [121.94264, 29.61127], [121.96631, 29.60247], [121.97119, 29.59333], [121.96657, 29.56366], [121.94117, 29.55117], [121.94978, 29.53849], [121.91041, 29.52456], [121.91236, 29.51431], [121.93783, 29.50259], [121.837, 29.29963], [121.81907, 29.16141], [121.78536, 29.16809], [121.80182, 29.29267], [121.79967, 29.30512], [121.81837, 29.31623], [121.84059, 29.31879], [121.83066, 29.33389], [121.81699, 29.33218], [121.79966, 29.3188], [121.78818, 29.32856], [121.78793, 29.34259], [121.79965, 29.37397], [121.78663, 29.3745], [121.77589, 29.37263], [121.75864, 29.35977], [121.77084, 29.3378], [121.77784, 29.29663], [121.7743, 29.25389], [121.74569, 29.20161], [121.72432, 29.18204], [121.70422, 29.17419], [121.6706, 29.17576], [121.65247, 29.18303], [121.63917, 29.21727], [121.64161, 29.26756], [121.65455, 29.29999], [121.64039, 29.30663], [121.62485, 29.30146], [121.62892, 29.28461], [121.6229, 29.26411], [121.63233, 29.21064], [121.62891, 29.18845], [121.61468, 29.20621], [121.58872, 29.29149], [121.57431, 29.30512], [121.56308, 29.30418], [121.56202, 29.29584], [121.5741, 29.27767], [121.55083, 29.27144], [121.52589, 29.27778], [121.52589, 29.27098], [121.53637, 29.25828], [121.53039, 29.23803], [121.50489, 29.20893], [121.51172, 29.18928], [121.5035, 29.17895], [121.49098, 29.17598], [121.48024, 29.19721], [121.4712, 29.19135], [121.45638, 29.16113], [121.43141, 29.17219], [121.41977, 29.17145], [121.40854, 29.16112], [121.44334, 29.14742], [121.43605, 29.14061], [121.45638, 29.1406], [121.45638, 29.13378], [121.42832, 29.12714], [121.4017, 29.10651], [121.49684, 29.10444], [121.52866, 29.11505], [121.62142, 29.11326], [121.6246, 29.08828], [121.61473, 29.05804], [121.59921, 29.05024], [121.55641, 29.06489], [121.53688, 29.06118], [121.53028, 29.05117], [121.53207, 29.02049], [121.5381, 29.01805], [121.5486, 29.02143], [121.55275, 29.02871], [121.53956, 29.03758], [121.55738, 29.04902], [121.61744, 29.03998], [121.64194, 29.05124], [121.68172, 29.02675], [121.68977, 29.01708], [121.67587, 29.01325], [121.66171, 29.00292], [121.65382, 28.98859], [121.65943, 28.97272], [121.68465, 28.96751], [121.68417, 28.95563], [121.71776, 28.94879], [121.69752, 28.93684], [121.68417, 28.91471], [121.60557, 28.94246], [121.58741, 28.96312], [121.58528, 28.93831], [121.57081, 28.93009], [121.5543, 28.9357], [121.54648, 28.95222], [121.51686, 28.95637], [121.49781, 28.94965], [121.49179, 28.92837], [121.50488, 28.9352], [121.51181, 28.91694], [121.51767, 28.91279], [121.52589, 28.91469], [121.53517, 28.90371], [121.58058, 28.88679], [121.60142, 28.89359], [121.61084, 28.89117], [121.61695, 28.88028], [121.62671, 28.88083], [121.62891, 28.87714], [121.62143, 28.85635], [121.62355, 28.84227], [121.64194, 28.84584], [121.66992, 28.82534], [121.64674, 28.80769], [121.63575, 28.80484], [121.63575, 28.79804], [121.6626, 28.79803], [121.6626, 28.7906], [121.64259, 28.784], [121.61826, 28.76195], [121.61476, 28.75642], [121.62142, 28.73591], [121.60555, 28.72469], [121.50278, 28.70039], [121.35117, 28.71186], [121.32017, 28.72485], [121.29029, 28.75161], [121.23788, 28.76386], [121.22438, 28.79804], [121.21445, 28.80732], [121.1736, 28.81786], [121.16285, 28.82534], [121.15211, 28.84252], [121.14234, 28.84585], [121.15968, 28.81354], [121.20607, 28.79906], [121.21827, 28.78579], [121.23121, 28.76016], [121.24082, 28.75275], [121.2859, 28.73827], [121.29933, 28.72289], [121.29865, 28.70122], [121.27036, 28.68744], [121.25839, 28.67512], [121.32765, 28.69204], [121.365, 28.69603], [121.38136, 28.68195], [121.41383, 28.6966], [121.45484, 28.68952], [121.51012, 28.65705], [121.52554, 28.62465], [121.53843, 28.57145], [121.54944, 28.55101], [121.57315, 28.52513], [121.58161, 28.50471], [121.52101, 28.50104], [121.51157, 28.48949], [121.54493, 28.49247], [121.58455, 28.48911], [121.60773, 28.4772], [121.60035, 28.46543], [121.58444, 28.45422], [121.58378, 28.44295], [121.60745, 28.42031], [121.61589, 28.39721], [121.63225, 28.37944], [121.62852, 28.3639], [121.63404, 28.34724], [121.64771, 28.34845], [121.65397, 28.3418], [121.62117, 28.28491], [121.60791, 28.27046], [121.58554, 28.25683], [121.57815, 28.26033], [121.58058, 28.30085], [121.5675, 28.30451], [121.54149, 28.32179], [121.49999, 28.33267], [121.47309, 28.3306], [121.44125, 28.31171], [121.43604, 28.29711], [121.40895, 28.30492], [121.39894, 28.29849], [121.39552, 28.28408], [121.40138, 28.27611], [121.41878, 28.26972], [121.41601, 28.25618], [121.40804, 28.24629], [121.37452, 28.23627], [121.36484, 28.22582], [121.35402, 28.18789], [121.37451, 28.19524], [121.37403, 28.1726], [121.3514, 28.14656], [121.33009, 28.14754], [121.30934, 28.17487], [121.28786, 28.1809], [121.2617, 28.22579], [121.22518, 28.23887], [121.24887, 28.27021], [121.23683, 28.3061], [121.20315, 28.33186], [121.21754, 28.35236], [121.24415, 28.34911], [121.2562, 28.35517], [121.26466, 28.36603], [121.23097, 28.35908], [121.21412, 28.36058], [121.18409, 28.38215], [121.16896, 28.38483], [121.16163, 28.37751], [121.16894, 28.35977], [121.1443, 28.34357], [121.13024, 28.30556], [121.07212, 28.29169], [121.06666, 28.31143], [121.02499, 28.30459], [121.03956, 28.28535], [121.05812, 28.27993], [121.07895, 28.27814], [121.1218, 28.28435], [121.13008, 28.26593], [121.1248, 28.23579], [121.10892, 28.19957], [121.08598, 28.16668], [121.05338, 28.14816], [121.00938, 28.10313], [121.00202, 28.08564], [121.00087, 28.05064], [120.9935, 28.02578], [120.96498, 27.98711], [120.9214, 27.98169], [120.87998, 27.99872], [120.81959, 27.98925], [120.7811, 28.00239], [120.73105, 28.03583], [120.66196, 28.0445], [120.62094, 28.03994], [120.60605, 28.04223], [120.59018, 28.05439], [120.58497, 28.09553], [120.577, 28.11563], [120.55958, 28.11278], [120.58017, 28.08979], [120.58009, 28.04613], [120.58204, 28.03433], [120.58896, 28.02668], [120.67359, 28.0217], [120.70728, 28.0097], [120.75058, 27.97557], [120.83529, 27.95595], [120.84725, 27.94895], [120.86375, 27.9181], [120.86261, 27.90287], [120.86835, 27.88256], [120.85226, 27.8582], [120.827, 27.84905], [120.80749, 27.83483], [120.79601, 27.80537], [120.74095, 27.73321], [120.72261, 27.71592], [120.70426, 27.71285], [120.63526, 27.76333], [120.63673, 27.74584], [120.67244, 27.71149], [120.68017, 27.68638], [120.66986, 27.67721], [120.66758, 27.66806], [120.67562, 27.65965], [120.66647, 27.62536], [120.63559, 27.60871], [120.59657, 27.57028], [120.61846, 27.51642], [120.63339, 27.50731], [120.66216, 27.50313], [120.67684, 27.49461], [120.68192, 27.48139], [120.67806, 27.46646], [120.66561, 27.45173], [120.6465, 27.44449], [120.63624, 27.416], [120.64892, 27.40021], [120.63526, 27.37972], [120.54591, 27.40327], [120.53963, 27.36522], [120.52733, 27.34979], [120.50489, 27.34496], [120.50489, 27.33877], [120.5344, 27.33311], [120.54744, 27.32757], [120.54931, 27.32103], [120.54395, 27.28596], [120.51783, 27.26301], [120.52596, 27.23884], [120.50815, 27.21601], [120.51782, 27.20161], [120.49903, 27.19721], [120.46836, 27.18221], [120.45973, 27.22044], [120.42172, 27.22207], [120.42042, 27.1979], [120.42919, 27.17367], [120.40675, 27.18423], [120.37623, 27.23627], [120.34726, 27.24942], [120.30307, 27.24226], [120.29201, 27.24942], [120.28811, 27.26447], [120.29513, 27.27607], [120.31935, 27.29035], [120.31007, 27.29532], [120.30641, 27.29035], [120.29885, 27.2978], [120.30909, 27.30394], [120.31186, 27.31769], [120.28517, 27.30404], [120.27613, 27.31672], [120.26401, 27.32445], [120.27149, 27.30403], [120.25856, 27.30001], [120.22372, 27.31147], [120.23072, 27.29833], [120.24366, 27.29012], [120.24365, 27.28352], [120.22568, 27.26864], [120.19581, 27.2978], [120.19215, 27.28767], [120.1958, 27.26301], [120.1753, 27.23884], [120.1775, 27.2215], [120.18238, 27.21686], [120.20192, 27.21784], [120.20949, 27.23508], [120.2566, 27.25689], [120.264, 27.25283], [120.27003, 27.23945], [120.29759, 27.22681], [120.30641, 27.21528], [120.33359, 27.23509], [120.33359, 27.22891], [120.33985, 27.22891], [120.34726, 27.24258], [120.36484, 27.22508], [120.36548, 27.20983], [120.34726, 27.18049], [120.37011, 27.18737], [120.42171, 27.15314], [120.42171, 27.14697], [120.38461, 27.14985], [120.37387, 27.14696], [120.40797, 27.13955], [120.40796, 27.13272], [120.38136, 27.12523], [120.37387, 27.13272], [120.36704, 27.12523], [120.38136, 27.11904], [120.38136, 27.11225], [120.37387, 27.11225], [120.37387, 27.10602], [120.39499, 27.10602], [120.37753, 27.09859], [120.35766, 27.09842], [120.28273, 27.11231], [120.26206, 27.12995], [120.24366, 27.13272], [120.27832, 27.06379], [120.2715, 27.05758], [120.25782, 27.07266], [120.23215, 27.05067], [120.21632, 27.04393], [120.21632, 27.0371], [120.24154, 27.03399], [120.25561, 27.01752], [120.25521, 26.99706], [120.23739, 26.98189], [120.22999, 26.98933], [120.19357, 26.98139], [120.14869, 26.98188], [120.18702, 26.96353], [120.19956, 26.96137], [120.23568, 26.96637], [120.24365, 26.95515], [120.22999, 26.9409], [120.23738, 26.92724], [120.21929, 26.91556], [120.20096, 26.91539], [120.16847, 26.92723], [120.12574, 26.92731], [120.11362, 26.91877], [120.12068, 26.89989], [120.09555, 26.88729], [120.08327, 26.88631], [120.05576, 26.89989], [120.03199, 26.89989], [120.05526, 26.8894], [120.02516, 26.86018], [120.02451, 26.83788], [120.04762, 26.82323], [120.0765, 26.81727], [120.11085, 26.79873], [120.12816, 26.79693], [120.09775, 26.75849], [120.10019, 26.74291], [120.1124, 26.73575], [120.14282, 26.73281], [120.14868, 26.72118], [120.14356, 26.71012], [120.10768, 26.70132], [120.10206, 26.68915], [120.10361, 26.67528], [120.1207, 26.64606], [120.13436, 26.65349], [120.13436, 26.64607], [120.08042, 26.61743], [120.07522, 26.62149], [120.07651, 26.63011], [120.08668, 26.63923], [120.07968, 26.64606], [120.01516, 26.61136], [119.95997, 26.61127], [119.94874, 26.60615], [119.94117, 26.59333], [119.93544, 26.56031], [119.88428, 26.52319], [119.84718, 26.52364], [119.83571, 26.5314], [119.83263, 26.55048], [119.83596, 26.5615], [119.85377, 26.56411], [119.85378, 26.59829], [119.8685, 26.61005], [119.92897, 26.62564], [119.98414, 26.65351], [119.97683, 26.67401], [119.98634, 26.67963], [120.01148, 26.72116], [120.03232, 26.71662], [120.032, 26.72858], [120.07765, 26.78559], [120.07968, 26.79694], [120.06748, 26.80048], [120.0149, 26.79004], [119.9463, 26.79694], [119.92514, 26.79218], [119.92368, 26.78124], [119.93562, 26.75902], [119.92407, 26.73249], [119.90187, 26.71011], [119.88803, 26.68724], [119.90161, 26.65974], [119.87933, 26.65532], [119.85695, 26.65352], [119.85377, 26.68769], [119.82919, 26.71499], [119.79177, 26.68771], [119.80227, 26.76679], [119.81154, 26.77577], [119.8401, 26.79002], [119.81577, 26.79759], [119.79177, 26.79004], [119.79738, 26.81639], [119.83481, 26.83251], [119.84628, 26.8522], [119.81984, 26.84927], [119.79835, 26.84138], [119.78199, 26.82852], [119.76523, 26.79409], [119.77054, 26.75882], [119.76644, 26.74495], [119.75619, 26.73775], [119.74301, 26.73714], [119.73025, 26.74291], [119.73268, 26.76341], [119.72608, 26.78653], [119.71201, 26.80793], [119.69239, 26.81737], [119.6858, 26.812], [119.67628, 26.78588], [119.67799, 26.76313], [119.72738, 26.71792], [119.73022, 26.70474], [119.72494, 26.69783], [119.69614, 26.7082], [119.64601, 26.75332], [119.62656, 26.7491], [119.62038, 26.76557], [119.62184, 26.78677], [119.60605, 26.79694], [119.58456, 26.79462], [119.57553, 26.78803], [119.57942, 26.77644], [119.55763, 26.75878], [119.55209, 26.74909], [119.55152, 26.72516], [119.55893, 26.7082], [119.57081, 26.70327], [119.59595, 26.7033], [119.60604, 26.69452], [119.60822, 26.68332], [119.59986, 26.64608], [119.55893, 26.66657], [119.54444, 26.6625], [119.54111, 26.65632], [119.55421, 26.61518], [119.59237, 26.59088], [119.59986, 26.57038], [119.60605, 26.57038], [119.61912, 26.58796], [119.67506, 26.61879], [119.70094, 26.60859], [119.7352, 26.61196], [119.74219, 26.60862], [119.74291, 26.60198], [119.73642, 26.59146], [119.78491, 26.57782], [119.78491, 26.55051], [119.7706, 26.56411], [119.76173, 26.55073], [119.76588, 26.53437], [119.77915, 26.5207], [119.79858, 26.51577], [119.78492, 26.50202], [119.80239, 26.48925], [119.81235, 26.47461], [119.81884, 26.45319], [119.81227, 26.43378], [119.79176, 26.43378], [119.79176, 26.41332], [119.76198, 26.40747], [119.75204, 26.43146], [119.73764, 26.44367], [119.6898, 26.45947], [119.66456, 26.49213], [119.65366, 26.49803], [119.64095, 26.48217], [119.62037, 26.46798], [119.59986, 26.4748], [119.5796, 26.47089], [119.5713, 26.46572], [119.56642, 26.4549], [119.57309, 26.43781], [119.59409, 26.43358], [119.6163, 26.4374], [119.63087, 26.4487], [119.64844, 26.43744], [119.6543, 26.42902], [119.65553, 26.35562], [119.66529, 26.34016], [119.68871, 26.33758], [119.6819, 26.31712], [119.73569, 26.32221], [119.74708, 26.32762], [119.74839, 26.35887], [119.75441, 26.37204], [119.7706, 26.36494], [119.78012, 26.37499], [119.79176, 26.40648], [119.82575, 26.42693], [119.85132, 26.39281], [119.8401, 26.37857], [119.8558, 26.37762], [119.89479, 26.35871], [119.94995, 26.37229], [119.94995, 26.36494], [119.87745, 26.31339], [119.85475, 26.32754], [119.82675, 26.32836], [119.80112, 26.31757], [119.78492, 26.29662], [119.80541, 26.29043], [119.79273, 26.2841], [119.76442, 26.29662], [119.73267, 26.28507], [119.6736, 26.2805], [119.65431, 26.27241], [119.63412, 26.25507], [119.66821, 26.24201], [119.66481, 26.23164], [119.66821, 26.22151], [119.63697, 26.21166], [119.62501, 26.20295], [119.61353, 26.1822], [119.60011, 26.17634], [119.59181, 26.16641], [119.59985, 26.14582], [119.56113, 26.12499], [119.53736, 26.09683], [119.47316, 25.99714], [119.45851, 25.98249], [119.43556, 25.98136], [119.41505, 26.00926], [119.37338, 26.02228], [119.32692, 26.04804], [119.27711, 26.05292], [119.26124, 26.06053], [119.21583, 26.10008], [119.16115, 26.11165], [119.12021, 26.13593], [119.09352, 26.14582], [119.09352, 26.13959], [119.13648, 26.10293], [119.15732, 26.09077], [119.18149, 26.09862], [119.19516, 26.08759], [119.209, 26.0434], [119.24301, 25.99502], [119.24684, 25.96723], [119.29615, 25.95696], [119.32984, 25.94428], [119.34669, 25.94038], [119.37753, 25.94139], [119.40976, 25.94986], [119.44093, 25.96381], [119.49, 25.99421], [119.50001, 26.0102], [119.50424, 26.03596], [119.51905, 26.0445], [119.55429, 26.04564], [119.56642, 26.05023], [119.61939, 26.02351], [119.64845, 26.01545], [119.67506, 26.02227], [119.70055, 25.99539], [119.69897, 25.97256], [119.67504, 25.9261], [119.6543, 25.90694], [119.62355, 25.8994], [119.61647, 25.89265], [119.59986, 25.84421], [119.58408, 25.87694], [119.57423, 25.88491], [119.56642, 25.87206], [119.57789, 25.86237], [119.58302, 25.82022], [119.60791, 25.80516], [119.60605, 25.76903], [119.62085, 25.76032], [119.59645, 25.73151], [119.58993, 25.68717], [119.5726, 25.67969], [119.5643, 25.68968], [119.53541, 25.70588], [119.5228, 25.7058], [119.51734, 25.69018], [119.48707, 25.68732], [119.47706, 25.67969], [119.44907, 25.68716], [119.46705, 25.61392], [119.48323, 25.62565], [119.48105, 25.58047], [119.49244, 25.56477], [119.51734, 25.55679], [119.53443, 25.57586], [119.55844, 25.56379], [119.56813, 25.56904], [119.57941, 25.58459], [119.56837, 25.54743], [119.57228, 25.53343], [119.59309, 25.52948], [119.58302, 25.51732], [119.56642, 25.51581], [119.58164, 25.50926], [119.59983, 25.50836], [119.58741, 25.49872], [119.5726, 25.4947], [119.5726, 25.48786], [119.60359, 25.49115], [119.59986, 25.47484], [119.62219, 25.46952], [119.62789, 25.46157], [119.61402, 25.43879], [119.63411, 25.43325], [119.64526, 25.41047], [119.64599, 25.39257], [119.63729, 25.378], [119.62037, 25.36498], [119.65452, 25.35814], [119.57945, 25.34448], [119.58791, 25.36078], [119.59986, 25.37116], [119.57799, 25.41869], [119.59311, 25.43944], [119.57602, 25.46735], [119.56153, 25.46328], [119.55209, 25.45378], [119.53858, 25.46117], [119.53598, 25.41914], [119.542, 25.41279], [119.55615, 25.41046], [119.55819, 25.40461], [119.54444, 25.37719], [119.48327, 25.37117], [119.49781, 25.3994], [119.50424, 25.42988], [119.49221, 25.44038], [119.49074, 25.44693], [119.50734, 25.47443], [119.46616, 25.47484], [119.44684, 25.43892], [119.43557, 25.44693], [119.43313, 25.45954], [119.44907, 25.50528], [119.4419, 25.50951], [119.36598, 25.52071], [119.35654, 25.52692], [119.35288, 25.53974], [119.35605, 25.55073], [119.38087, 25.59089], [119.36037, 25.5773], [119.35289, 25.58466], [119.35629, 25.60004], [119.34303, 25.6092], [119.3226, 25.61103], [119.30519, 25.60456], [119.32136, 25.58735], [119.31055, 25.57788], [119.27784, 25.57046], [119.27198, 25.55752], [119.2688, 25.52693], [119.23759, 25.48158], [119.21528, 25.47034], [119.18336, 25.46499], [119.12884, 25.4301], [119.10255, 25.42032], [119.10963, 25.40681], [119.15699, 25.36261], [119.17319, 25.32514], [119.18312, 25.32941], [119.19239, 25.34203], [119.19533, 25.35813], [119.20337, 25.35813], [119.22315, 25.31661], [119.20151, 25.30634], [119.18149, 25.28925], [119.20126, 25.25971], [119.22584, 25.27969], [119.24122, 25.31257], [119.24302, 25.33021], [119.26515, 25.31757], [119.27369, 25.31859], [119.27785, 25.33021], [119.29833, 25.3166], [119.29135, 25.3166], [119.31886, 25.27936], [119.3475, 25.26776], [119.35286, 25.25849], [119.34424, 25.24239], [119.32374, 25.23799], [119.28126, 25.24144], [119.27247, 25.23176], [119.28882, 25.18912], [119.28125, 25.1794], [119.25588, 25.17593], [119.24275, 25.18999], [119.22938, 25.19321], [119.17563, 25.17651], [119.14198, 25.22098], [119.1161, 25.21378], [119.10179, 25.19663], [119.10418, 25.18295], [119.11424, 25.17305], [119.1338, 25.13841], [119.14657, 25.14373], [119.15307, 25.13971], [119.1499, 25.13159], [119.1338, 25.12475], [119.09327, 25.13565], [119.08546, 25.12474], [119.0991, 25.11117], [119.0648, 25.12475], [119.07919, 25.15209], [119.06471, 25.16254], [119.05323, 25.15762], [119.04591, 25.14305], [119.04444, 25.12477], [119.02908, 25.14053], [119.03404, 25.15867], [119.0691, 25.20368], [119.06886, 25.21674], [119.05738, 25.225], [119.03476, 25.22777], [118.98732, 25.22224], [118.96935, 25.22639], [118.98, 25.24485], [119.02495, 25.25929], [119.0273, 25.27824], [118.98365, 25.28303], [118.89649, 25.25751], [118.87558, 25.24384], [118.86484, 25.22797], [118.88404, 25.22036], [118.91113, 25.21722], [118.91382, 25.20869], [118.90927, 25.1957], [118.91529, 25.17939], [118.93277, 25.19446], [118.94825, 25.19716], [118.96314, 25.19366], [118.97461, 25.18256], [118.97217, 25.17207], [118.94898, 25.13695], [118.94906, 25.11897], [118.94296, 25.10884], [118.9214, 25.1014], [118.88559, 25.10615], [118.85768, 25.09805], [118.84897, 25.08661], [118.84913, 25.0738], [118.86012, 25.05654], [118.87794, 25.04072], [118.93513, 25.02236], [118.92832, 25.01488], [118.9537, 25.003], [118.96705, 25.00454], [118.97999, 25.01179], [118.99733, 25.05352], [119.00415, 25.05023], [118.99941, 25.02379], [118.98325, 24.9951], [118.99732, 24.95344], [119.01764, 24.96025], [119.00884, 24.9472], [118.99268, 24.93697], [118.97707, 24.93404], [118.96372, 24.95441], [118.91163, 24.95344], [118.90113, 24.93781], [118.90992, 24.90717], [118.93417, 24.88605], [118.96998, 24.89886], [118.97322, 24.89378], [118.96998, 24.8852], [118.97495, 24.88386], [118.97615, 24.87776], [118.95199, 24.87076], [118.92441, 24.86995], [118.89817, 24.87575], [118.86671, 24.89102], [118.82594, 24.87776], [118.79208, 24.8911], [118.7776, 24.8852], [118.78011, 24.86783], [118.76197, 24.85799], [118.71584, 24.84365], [118.69981, 24.85155], [118.6981, 24.85952], [118.70778, 24.87726], [118.72975, 24.8852], [118.7295, 24.90054], [118.72047, 24.9169], [118.69557, 24.94042], [118.69751, 24.90681], [118.69556, 24.89888], [118.6888, 24.89576], [118.68434, 24.91528], [118.68808, 24.92617], [118.66774, 24.95344], [118.64039, 24.9156], [118.67342, 24.88664], [118.67114, 24.87467], [118.65121, 24.8669], [118.62412, 24.86784], [118.57203, 24.8852], [118.6128, 24.85578], [118.61987, 24.84357], [118.61793, 24.80533], [118.63795, 24.77212], [118.64381, 24.7822], [118.66774, 24.78217], [118.68653, 24.79279], [118.70176, 24.81003], [118.71509, 24.79832], [118.71998, 24.76936], [118.74342, 24.77532], [118.76297, 24.76247], [118.76392, 24.7517], [118.74683, 24.7207], [118.73203, 24.71646], [118.69873, 24.67602], [118.68558, 24.66662], [118.65406, 24.69343], [118.6421, 24.6787], [118.636, 24.66376], [118.63356, 24.62787], [118.64023, 24.61693], [118.66414, 24.61224], [118.66149, 24.59052], [118.64657, 24.56843], [118.62045, 24.54549], [118.59082, 24.52808], [118.55398, 24.51806], [118.55089, 24.53732], [118.55446, 24.5532], [118.57814, 24.56021], [118.57114, 24.569], [118.50123, 24.60814], [118.47487, 24.61433], [118.44532, 24.62897], [118.42807, 24.63133], [118.43466, 24.659], [118.43124, 24.69969], [118.40089, 24.67231], [118.42188, 24.62451], [118.40479, 24.60665], [118.37989, 24.59025], [118.35165, 24.58236], [118.32504, 24.59032], [118.30714, 24.58833], [118.28403, 24.5978], [118.27295, 24.57442], [118.26319, 24.57039], [118.24985, 24.57612], [118.24178, 24.54378], [118.21901, 24.54146], [118.19436, 24.55647], [118.18117, 24.57612], [118.18166, 24.5978], [118.20509, 24.5987], [118.21583, 24.60399], [118.21518, 24.61481], [118.2037, 24.62153], [118.17434, 24.62451], [118.18759, 24.65738], [118.18141, 24.67276], [118.16049, 24.69343], [118.15747, 24.66267], [118.14145, 24.65697], [118.13738, 24.6336], [118.1128, 24.5978], [118.11035, 24.58406], [118.10337, 24.58479], [118.0923, 24.59781], [118.04444, 24.61766], [118.03696, 24.5978], [118.04476, 24.576], [118.03736, 24.56062], [118.02109, 24.55501], [118.00295, 24.56245], [118.00929, 24.58072], [117.99244, 24.57148], [117.97486, 24.55272], [117.97877, 24.54255], [118.02101, 24.53648], [118.04403, 24.52826], [118.05811, 24.51585], [118.03671, 24.49088], [118.00937, 24.48554], [117.99952, 24.47085], [118.02026, 24.45465], [118.02173, 24.44576], [117.99611, 24.44698], [117.91188, 24.47895], [117.86769, 24.48957], [117.82594, 24.48046], [117.88486, 24.46865], [117.9011, 24.45321], [117.81568, 24.47162], [117.79127, 24.46748], [117.79127, 24.46064], [117.8746, 24.39631], [117.90732, 24.38491], [117.98935, 24.39476], [118.03012, 24.41282], [118.04297, 24.40668], [118.04744, 24.39887], [118.04077, 24.36563], [118.02394, 24.35077], [118.01588, 24.32685], [118.02418, 24.32355], [118.05299, 24.3469], [118.07179, 24.34885], [118.09058, 24.34145], [118.10231, 24.31428], [118.11963, 24.29926], [118.12646, 24.26204], [118.10874, 24.26105], [118.08473, 24.2491], [118.07179, 24.25458], [118.02393, 24.20674], [117.98927, 24.1931], [117.97876, 24.1621], [117.96787, 24.15983], [117.95851, 24.20307], [117.94361, 24.21259], [117.93214, 24.20795], [117.90732, 24.18626], [117.93238, 24.17828], [117.93774, 24.16169], [117.9305, 24.1411], [117.89576, 24.08662], [117.89365, 24.07331], [117.89941, 24.04019], [117.89364, 24.02803], [117.86232, 24.03522], [117.83912, 24.02363], [117.77198, 23.95893], [117.75863, 23.91548], [117.74805, 23.90755], [117.73659, 23.90812], [117.72927, 23.91938], [117.7379, 23.9505], [117.79135, 24.00153], [117.79811, 24.0218], [117.78647, 24.02814], [117.76173, 24.01485], [117.75711, 24.0249], [117.77613, 24.0373], [117.76328, 24.07026], [117.75709, 24.07026], [117.75001, 24.0373], [117.72413, 24.03377], [117.69223, 24.04654], [117.66708, 24.06273], [117.67099, 24.048], [117.6797, 24.03905], [117.70875, 24.03547], [117.68849, 23.9975], [117.68727, 23.97907], [117.69507, 23.95356], [117.64863, 23.90923], [117.6336, 23.87416], [117.62554, 23.84015], [117.62601, 23.81223], [117.63925, 23.7941], [117.6194, 23.77481], [117.59168, 23.73709], [117.58747, 23.77778], [117.60201, 23.79895], [117.59816, 23.85244], [117.58237, 23.88931], [117.57106, 23.90327], [117.55673, 23.91324], [117.53736, 23.91938], [117.47462, 23.92097], [117.45485, 23.9256], [117.43019, 23.94375], [117.4166, 23.94685], [117.40707, 23.93305], [117.40968, 23.9134], [117.46852, 23.91193], [117.49958, 23.87407], [117.49006, 23.83258], [117.46347, 23.7883], [117.43433, 23.77593], [117.38242, 23.79523], [117.36891, 23.79263], [117.34554, 23.76855], [117.31911, 23.76163], [117.29257, 23.7895], [117.27735, 23.78221], [117.29232, 23.76215], [117.27192, 23.72131], [117.27623, 23.68775], [117.26796, 23.67979], [117.26365, 23.65542], [117.27911, 23.63627], [117.25692, 23.61552], [117.23897, 23.60549], [117.23554, 23.63982], [117.24409, 23.65755], [117.2295, 23.69282], [117.20851, 23.66494], [117.21725, 23.65226], [117.21919, 23.62964], [117.15083, 23.60687], [117.12845, 23.57236], [117.09946, 23.55432], [117.08423, 23.55062], [117.07842, 23.56461], [117.08356, 23.58895], [117.07601, 23.60463], [117.07788, 23.63883], [117.06841, 23.65127], [117.03427, 23.66132], [117.02345, 23.65868], [117.01831, 23.6479], [116.98536, 23.64023], [116.96505, 23.61543], [116.95072, 23.61089], [116.92759, 23.62475], [116.91757, 23.63793], [116.94093, 23.65868], [116.9275, 23.6645], [116.91652, 23.66275], [116.90088, 23.63446], [116.87745, 23.61835], [116.87208, 23.60688], [116.88403, 23.58661], [116.88336, 23.55988], [116.85499, 23.52489], [116.8497, 23.5113], [116.85426, 23.49738], [116.87261, 23.4738], [116.86662, 23.45024], [116.77322, 23.34944], [116.74631, 23.34924], [116.69288, 23.35993], [116.65785, 23.35446], [116.56895, 23.39103], [116.55788, 23.40176], [116.55348, 23.41425], [116.54322, 23.42121], [116.53175, 23.42255], [116.5232, 23.41852], [116.5232, 23.37751], [116.53321, 23.36188], [116.57301, 23.32368], [116.58798, 23.31611], [116.60841, 23.32045], [116.64189, 23.31884], [116.661, 23.33722], [116.69099, 23.33896], [116.70941, 23.31977], [116.72707, 23.31612], [116.73012, 23.33074], [116.74863, 23.32628], [116.76562, 23.29735], [116.77711, 23.24038], [116.78618, 23.23572], [116.79427, 23.23961], [116.8048, 23.23612], [116.78394, 23.2124], [116.70558, 23.2766], [116.66725, 23.28132], [116.67921, 23.27139], [116.709, 23.25853], [116.71508, 23.24381], [116.67117, 23.21464], [116.64675, 23.163], [116.63703, 23.16403], [116.6293, 23.17397], [116.61523, 23.17836], [116.61815, 23.22148], [116.61151, 23.23873], [116.56998, 23.24697], [116.50888, 23.23412], [116.50929, 23.21638], [116.52699, 23.20062], [116.5642, 23.22299], [116.60295, 23.21773], [116.6045, 23.20956], [116.6015, 23.19658], [116.56992, 23.17769], [116.54512, 23.14478], [116.53365, 23.10913], [116.55164, 23.08672], [116.5485, 23.0664], [116.55485, 23.03609], [116.56324, 23.01878], [116.54785, 23.00605], [116.52194, 22.99841], [116.51846, 22.96746], [116.49468, 22.93936], [116.45851, 22.94742], [116.37961, 22.92899], [116.35305, 22.93807], [116.33825, 22.95186], [116.29849, 22.96326], [116.28906, 22.97894], [116.26226, 22.97374], [116.21363, 22.98282], [116.20102, 22.97346], [116.23487, 22.96027], [116.25229, 22.95905], [116.26938, 22.96662], [116.28145, 22.95786], [116.24618, 22.9316], [116.22101, 22.91901], [116.17098, 22.86447], [116.1448, 22.84776], [116.0957, 22.82591], [116.08469, 22.84977], [116.09125, 22.86841], [116.12372, 22.89473], [116.08701, 22.90656], [116.0421, 22.93292], [116.04188, 22.92232], [116.08724, 22.88969], [116.07618, 22.86787], [116.04786, 22.8518], [116.03745, 22.8509], [116.01179, 22.83805], [115.99672, 22.83668], [115.96608, 22.81721], [115.95801, 22.80475], [115.93326, 22.80599], [115.90374, 22.78939], [115.8835, 22.79462], [115.84321, 22.77003], [115.82595, 22.74666], [115.81026, 22.7461], [115.79782, 22.75446], [115.78805, 22.79783], [115.79502, 22.80027], [115.80649, 22.77827], [115.81357, 22.77627], [115.81276, 22.79955], [115.80478, 22.81509], [115.76324, 22.84149], [115.73687, 22.85167], [115.69705, 22.85068], [115.70358, 22.86932], [115.68428, 22.87779], [115.68248, 22.88817], [115.69265, 22.90008], [115.70517, 22.90736], [115.72128, 22.90453], [115.73373, 22.93187], [115.73032, 22.93423], [115.69199, 22.92902], [115.65333, 22.89375], [115.57789, 22.87727], [115.56056, 22.84931], [115.53989, 22.85293], [115.53298, 22.86205], [115.54762, 22.89541], [115.50563, 22.89778], [115.46827, 22.9265], [115.45094, 22.93187], [115.44239, 22.92967], [115.43832, 22.92037], [115.43018, 22.91821], [115.40602, 22.92504], [115.42726, 22.90062], [115.44614, 22.89997], [115.45542, 22.90973], [115.4642, 22.91201], [115.483, 22.90184], [115.49609, 22.88031], [115.49414, 22.86078], [115.46803, 22.85676], [115.46803, 22.84931], [115.50563, 22.8493], [115.53036, 22.83832], [115.55942, 22.83609], [115.57789, 22.84317], [115.6006, 22.86187], [115.61204, 22.86358], [115.59132, 22.84748], [115.53897, 22.7889], [115.52702, 22.76704], [115.52394, 22.74177], [115.55559, 22.71437], [115.56733, 22.74727], [115.58618, 22.74509], [115.59, 22.73741], [115.56251, 22.70563], [115.56422, 22.68488], [115.57499, 22.66833], [115.53616, 22.66813], [115.46482, 22.70103], [115.43826, 22.7006], [115.42126, 22.69025], [115.3943, 22.68969], [115.37351, 22.69419], [115.34839, 22.71718], [115.33849, 22.7331], [115.35069, 22.74688], [115.38893, 22.74689], [115.42413, 22.76199], [115.41121, 22.78827], [115.38624, 22.7829], [115.36399, 22.76365], [115.33057, 22.78854], [115.28914, 22.79155], [115.2334, 22.78822], [115.23278, 22.80533], [115.32016, 22.85053], [115.3248, 22.85957], [115.30943, 22.86937], [115.31715, 22.90453], [115.3038, 22.90302], [115.27223, 22.87385], [115.24561, 22.83536], [115.23146, 22.83008], [115.21729, 22.83489], [115.19601, 22.8319], [115.17294, 22.82119], [115.18026, 22.78482], [115.15828, 22.79243], [115.15057, 22.80963], [115.13288, 22.81145], [115.11139, 22.8021], [115.06548, 22.79599], [115.04566, 22.77586], [115.03662, 22.75374], [115.01783, 22.73704], [115.03078, 22.71732], [115.02889, 22.70839], [114.99877, 22.7022], [114.98534, 22.68932], [114.95984, 22.69613], [114.95467, 22.70354], [114.95658, 22.71574], [114.94166, 22.75385], [114.92677, 22.76118], [114.91675, 22.74406], [114.90312, 22.74893], [114.88906, 22.76375], [114.87672, 22.76796], [114.86252, 22.76322], [114.88187, 22.74752], [114.8862, 22.73608], [114.87814, 22.72964], [114.88074, 22.72147], [114.89045, 22.71406], [114.90286, 22.71393], [114.91, 22.7236], [114.92672, 22.71692], [114.96662, 22.67649], [114.93873, 22.65729], [114.90194, 22.59806], [114.90521, 22.57844], [114.9191, 22.56116], [114.89596, 22.54753], [114.88365, 22.55093], [114.88023, 22.55911], [114.88923, 22.57289], [114.88682, 22.59087], [114.86582, 22.60175], [114.83223, 22.60208], [114.80641, 22.59252], [114.77461, 22.59769], [114.75415, 22.58973], [114.74379, 22.60941], [114.73746, 22.66904], [114.74999, 22.67872], [114.75378, 22.69338], [114.73889, 22.71065], [114.74196, 22.73265], [114.75255, 22.74965], [114.80202, 22.77337], [114.81324, 22.77485], [114.82125, 22.79056], [114.81695, 22.80039], [114.78476, 22.81586], [114.77524, 22.81582], [114.75489, 22.78169], [114.73414, 22.7758], [114.71673, 22.7908], [114.69548, 22.79264], [114.6838, 22.78134], [114.64548, 22.76701], [114.63778, 22.75508], [114.57959, 22.73338], [114.56332, 22.73273], [114.57108, 22.70236], [114.5521, 22.69454], [114.54225, 22.69531], [114.52206, 22.70596], [114.52377, 22.68722], [114.49958, 22.65311], [114.50661, 22.64652], [114.54822, 22.64454], [114.58252, 22.65525], [114.59033, 22.64387], [114.57765, 22.63589], [114.56087, 22.6088], [114.52914, 22.59833], [114.51393, 22.58735], [114.49537, 22.56196], [114.50204, 22.55085], [114.50929, 22.54955], [114.52955, 22.55512], [114.53697, 22.56705], [114.54322, 22.56939], [114.55478, 22.55732], [114.59306, 22.54199], [114.61141, 22.52884], [114.61767, 22.51415], [114.60751, 22.50439], [114.57053, 22.4843], [114.54216, 22.47799], [114.51581, 22.45265], [114.50156, 22.4521], [114.48513, 22.46834], [114.48325, 22.48456], [114.47683, 22.4899], [114.48015, 22.50015], [114.47642, 22.50942], [114.48699, 22.52192], [114.47958, 22.54621], [114.45574, 22.5705], [114.44036, 22.56869], [114.43304, 22.59109], [114.4087, 22.61164], [114.3956, 22.61351], [114.34026, 22.5979], [114.32846, 22.60546], [114.32455, 22.59855], [114.31715, 22.60236], [114.30535, 22.59418], [114.30713, 22.58544], [114.30217, 22.58296], [114.27622, 22.58796], [114.22983, 22.55581], [114.23471, 22.55618], [114.21485, 22.53449], [114.20997, 22.53449], [114.20932, 22.52371], [114.2304, 22.53295], [114.24204, 22.5502], [114.24903, 22.54784], [114.25456, 22.55096], [114.25764, 22.54781], [114.25327, 22.53946], [114.25921, 22.5408], [114.27003, 22.52558], [114.27801, 22.52984], [114.27768, 22.51166], [114.28517, 22.51118], [114.28924, 22.50519], [114.29851, 22.501], [114.33277, 22.51193], [114.33512, 22.50642], [114.30543, 22.48302], [114.28045, 22.47289], [114.25375, 22.45178], [114.24595, 22.45178], [114.23121, 22.46979], [114.21713, 22.46735], [114.21176, 22.47057], [114.21095, 22.4573], [114.21712, 22.44796], [114.20224, 22.45808], [114.16749, 22.44807], [114.21175, 22.42059], [114.20997, 22.41275], [114.21485, 22.40888], [114.20932, 22.39867], [114.21559, 22.40034], [114.23822, 22.43536], [114.26719, 22.43072], [114.26718, 22.41596], [114.27255, 22.40965], [114.27646, 22.41983], [114.28899, 22.42601], [114.27647, 22.44399], [114.30161, 22.45653], [114.30081, 22.46504], [114.32373, 22.48004], [114.32504, 22.47521], [114.33072, 22.4741], [114.32504, 22.46426], [114.33569, 22.46173], [114.33806, 22.44636], [114.33277, 22.44001], [114.33741, 22.43159], [114.34278, 22.43769], [114.34758, 22.42292], [114.35231, 22.42369], [114.35157, 22.44099], [114.35987, 22.46117], [114.36784, 22.45498], [114.37021, 22.44001], [114.39974, 22.43614], [114.40128, 22.41276], [114.38176, 22.41905], [114.37021, 22.39798], [114.37501, 22.40054], [114.38493, 22.38735], [114.38973, 22.36596], [114.37639, 22.37063], [114.37949, 22.36209], [114.37568, 22.35368], [114.36085, 22.34577], [114.35759, 22.33244], [114.35231, 22.3395], [114.35231, 22.35191], [114.34196, 22.34578], [114.33277, 22.35977], [114.33432, 22.37531], [114.3204, 22.38076], [114.31861, 22.38939], [114.30006, 22.38158], [114.28598, 22.39098], [114.278, 22.39098], [114.26873, 22.37844], [114.2798, 22.35501], [114.27645, 22.34806], [114.26718, 22.35578], [114.26637, 22.36595], [114.25839, 22.36209], [114.25554, 22.3559], [114.2658, 22.34634], [114.27255, 22.32071], [114.29126, 22.31655], [114.29208, 22.30516], [114.30388, 22.3067], [114.3116, 22.29731], [114.2977, 22.28563], [114.28899, 22.28718], [114.28956, 22.27391], [114.30005, 22.27704], [114.30314, 22.26919], [114.30314, 22.26216], [114.29672, 22.25829], [114.27833, 22.27047], [114.2798, 22.27936], [114.27337, 22.29576], [114.26482, 22.30195], [114.26637, 22.31599], [114.25554, 22.32233], [114.25302, 22.29578], [114.23894, 22.28168], [114.21176, 22.31057], [114.21485, 22.30117], [114.19549, 22.31826], [114.18653, 22.30874], [114.19142, 22.2989], [114.18369, 22.30195], [114.18165, 22.29442], [114.17189, 22.28872], [114.15952, 22.32225], [114.12436, 22.34223], [114.12355, 22.33716], [114.11337, 22.35269], [114.11101, 22.36595], [114.10483, 22.36986], [114.0975, 22.36302], [114.07911, 22.36595], [114.06723, 22.359], [114.05795, 22.36131], [114.02052, 22.35037], [114.01499, 22.35347], [114.01498, 22.359], [113.99863, 22.35901], [113.98268, 22.36678], [113.97063, 22.38707], [113.96437, 22.38068], [113.97462, 22.37206], [113.95493, 22.36986], [113.94483, 22.3621], [113.91441, 22.37613], [113.9183, 22.38784], [113.897, 22.40876], [113.90944, 22.41859], [113.93068, 22.41983], [113.94101, 22.42679], [113.95412, 22.44948], [113.97755, 22.45885], [113.99863, 22.48854], [114.0127, 22.4861], [114.01116, 22.47289], [114.02988, 22.47826], [114.03062, 22.4955], [114.05795, 22.50487], [114.06577, 22.51586], [114.0853, 22.52294], [114.08237, 22.52936], [114.07968, 22.52375], [114.05844, 22.517], [114.05527, 22.50694], [114.042, 22.50678], [114.03541, 22.51423], [113.99928, 22.53063], [113.97061, 22.53373], [113.9638, 22.53811], [113.96029, 22.52848], [113.95194, 22.52384], [113.94775, 22.49041], [113.91033, 22.48583], [113.90967, 22.47765], [113.89035, 22.45273], [113.88148, 22.47333], [113.87428, 22.47839], [113.86617, 22.51148], [113.89389, 22.52115], [113.87989, 22.53669], [113.84361, 22.56211], [113.82221, 22.58749], [113.79917, 22.631], [113.79357, 22.66161], [113.77294, 22.67245], [113.76466, 22.73481], [113.75807, 22.7534], [113.7444, 22.76118], [113.71217, 22.76333], [113.69972, 22.76118], [113.68458, 22.7469], [113.67238, 22.7469], [113.65359, 22.75874], [113.66261, 22.79808], [113.65528, 22.81924], [113.63273, 22.85284], [113.6172, 22.89029], [113.61012, 22.86205], [113.61718, 22.83628], [113.60557, 22.84724], [113.60233, 22.86657], [113.61036, 22.90453], [113.59799, 22.88963], [113.59604, 22.88058], [113.59231, 22.88907], [113.61134, 22.93378], [113.62436, 22.99921], [113.63819, 23.0349], [113.63071, 23.0349], [113.61671, 23.00788], [113.5967, 22.91822], [113.59506, 22.94477], [113.6041, 22.97346], [113.60507, 23.00141], [113.6172, 23.0349], [113.59921, 23.00922], [113.58668, 22.95356], [113.57621, 22.93876], [113.58383, 22.97846], [113.58302, 23.02123], [113.55413, 22.98777], [113.54201, 22.98653], [113.53274, 22.99576], [113.52881, 23.01106], [113.52834, 23.03803], [113.53639, 23.06314], [113.55641, 23.08413], [113.58212, 23.09846], [113.63722, 23.10912], [113.69199, 23.13254], [113.72022, 23.13793], [113.75807, 23.12157], [113.78443, 23.13174], [113.83009, 23.1175], [113.81324, 23.12979], [113.76108, 23.13793], [113.71982, 23.15534], [113.70314, 23.15778], [113.67392, 23.15046], [113.62648, 23.11799], [113.59327, 23.11066], [113.542, 23.08641], [113.53688, 23.07502], [113.50912, 23.06218], [113.49418, 23.06284], [113.44516, 23.08934], [113.41749, 23.09699], [113.39869, 23.08332], [113.41928, 23.0655], [113.45143, 23.06231], [113.48121, 23.0515], [113.5023, 23.02042], [113.50383, 22.98983], [113.48097, 22.9357], [113.48397, 22.92427], [113.4737, 22.9182], [113.42994, 22.93134], [113.33652, 22.89777], [113.30763, 22.89411], [113.21298, 22.91201], [113.21298, 22.90453], [113.25807, 22.89777], [113.29225, 22.87726], [113.35043, 22.88972], [113.36792, 22.88068], [113.44003, 22.80414], [113.49421, 22.77485], [113.45192, 22.75511], [113.43954, 22.73945], [113.42604, 22.74942], [113.37753, 22.7674], [113.39503, 22.7482], [113.45362, 22.72573], [113.46632, 22.7165], [113.47633, 22.69986], [113.55302, 22.6385], [113.56384, 22.61444], [113.59916, 22.57518], [113.59472, 22.52339], [113.56251, 22.48041], [113.54636, 22.43758], [113.55157, 22.39584], [113.55812, 22.38076], [113.58164, 22.37132], [113.61034, 22.37018], [113.59946, 22.35053], [113.59229, 22.31616], [113.57358, 22.30073], [113.57721, 22.26664], [113.58998, 22.25341], [113.58765, 22.23789], [113.5612, 22.23373], [113.55286, 22.21901], [113.53858, 22.22175], [113.52296, 22.21304], [113.52988, 22.20226], [113.48374, 22.15515], [113.45903, 22.15816], [113.42564, 22.18623], [113.41188, 22.22553], [113.36452, 22.26777], [113.3602, 22.29316], [113.35157, 22.30834], [113.30324, 22.34366], [113.27638, 22.37206], [113.25563, 22.40388], [113.24269, 22.45747], [113.23194, 22.47907], [113.17758, 22.56411], [113.16529, 22.57559], [113.16017, 22.48762], [113.16562, 22.47875], [113.18921, 22.46259], [113.2273, 22.42527], [113.32851, 22.26848], [113.3542, 22.24332], [113.40195, 22.17958], [113.35084, 22.17154], [113.32545, 22.18366], [113.30274, 22.18329], [113.2821, 22.14525], [113.27353, 22.13837], [113.26344, 22.13703], [113.25099, 22.11567], [113.24659, 22.10346], [113.25587, 22.08267], [113.24715, 22.05428], [113.23056, 22.04316], [113.19469, 22.0464], [113.17831, 22.04091], [113.15747, 22.02471], [113.13964, 22.03686], [113.11887, 22.06584], [113.11066, 22.09896], [113.12452, 22.13109], [113.11826, 22.14375], [113.12745, 22.16096], [113.1133, 22.18741], [113.11061, 22.21931], [113.08505, 22.20759], [113.07728, 22.14727], [113.05803, 22.12128], [113.02661, 22.14321], [113.02064, 22.12598], [113.0221, 22.10115], [113.0161, 22.05771], [113.02272, 22.00253], [113.01897, 21.97702], [113.02861, 21.96115], [113.02561, 21.94943], [113.01667, 21.94254], [112.98935, 21.93732], [112.97957, 21.90119], [112.95707, 21.87566], [112.91159, 21.8563], [112.87941, 21.8752], [112.85157, 21.94831], [112.84083, 21.96092], [112.82602, 21.96613], [112.81479, 21.96158], [112.80038, 21.94718], [112.78858, 21.95181], [112.74374, 21.93195], [112.73763, 21.89688], [112.73066, 21.89049], [112.70045, 21.89033], [112.68555, 21.86987], [112.64511, 21.84935], [112.64745, 21.82247], [112.63306, 21.79581], [112.608, 21.7751], [112.57911, 21.76684], [112.55088, 21.77286], [112.44321, 21.82845], [112.42595, 21.84534], [112.41506, 21.86848], [112.41115, 21.90119], [112.42417, 21.91778], [112.48146, 21.94465], [112.49366, 21.96613], [112.43601, 21.9456], [112.4048, 21.94287], [112.39064, 21.95552], [112.37634, 21.98679], [112.39747, 22.06851], [112.37818, 22.05842], [112.36484, 22.03449], [112.35751, 22.00536], [112.35654, 21.97972], [112.37013, 21.93879], [112.39063, 21.90119], [112.38844, 21.86225], [112.39795, 21.85057], [112.40108, 21.83771], [112.4021, 21.80142], [112.39283, 21.78514], [112.38794, 21.7561], [112.36329, 21.73335], [112.28644, 21.70888], [112.24489, 21.70654], [112.22682, 21.72964], [112.1824, 21.753], [112.19898, 21.78681], [112.20314, 21.80671], [112.20094, 21.82673], [112.19264, 21.84317], [112.18221, 21.82315], [112.17269, 21.81445], [112.08554, 21.7961], [112.02817, 21.79736], [112.01304, 21.8044], [112.0071, 21.81867], [112.01295, 21.83462], [112.03736, 21.86249], [112.04127, 21.88418], [112.03443, 21.88418], [112.01881, 21.85981], [111.99317, 21.83418], [111.96926, 21.82406], [111.95167, 21.86498], [111.93409, 21.89045], [111.91188, 21.91356], [111.89039, 21.92512], [111.89064, 21.86738], [111.90406, 21.81525], [111.92067, 21.80004], [111.94638, 21.78588], [111.97511, 21.77619], [112.00024, 21.77431], [111.99176, 21.76371], [111.90577, 21.71589], [111.90413, 21.70173], [111.88409, 21.68273], [111.86767, 21.67672], [111.83889, 21.67814], [111.83694, 21.68529], [111.8423, 21.69904], [111.85377, 21.70742], [111.87672, 21.69855], [111.87534, 21.7097], [111.86061, 21.7215], [111.84938, 21.72582], [111.83608, 21.71718], [111.82935, 21.72892], [111.82895, 21.74921], [111.83505, 21.76683], [111.82228, 21.7521], [111.80668, 21.74333], [111.79396, 21.74454], [111.78793, 21.76], [111.75791, 21.75333], [111.72584, 21.76683], [111.72119, 21.76264], [111.70094, 21.76838], [111.67807, 21.78116], [111.69557, 21.76142], [111.76058, 21.72581], [111.77246, 21.70547], [111.77962, 21.67544], [111.77368, 21.65014], [111.74692, 21.64395], [111.77247, 21.6352], [111.78792, 21.61604], [111.72857, 21.61634], [111.7129, 21.62344], [111.69044, 21.60383], [111.66577, 21.55867], [111.65151, 21.54108], [111.6307, 21.52993], [111.61973, 21.53303], [111.60646, 21.54462], [111.59108, 21.57575], [111.58188, 21.58186], [111.58204, 21.55549], [111.59554, 21.53409], [111.53786, 21.52046], [111.52719, 21.53408], [111.52101, 21.53408], [111.5166, 21.52457], [111.50448, 21.51822], [111.47609, 21.51363], [111.46812, 21.51826], [111.46715, 21.52923], [111.47267, 21.55459], [111.45534, 21.55119], [111.44427, 21.56344], [111.43222, 21.60297], [111.41212, 21.57632], [111.41114, 21.56826], [111.41554, 21.55769], [111.43798, 21.5341], [111.3628, 21.5412], [111.3497, 21.52668], [111.37648, 21.5327], [111.40429, 21.52668], [111.3628, 21.50678], [111.34411, 21.48734], [111.29268, 21.45077], [111.26734, 21.43937], [111.25296, 21.44473], [111.26905, 21.45214], [111.30128, 21.49934], [111.23219, 21.52456], [111.21266, 21.52045], [111.20631, 21.53205], [111.19239, 21.5312], [111.15797, 21.52045], [111.15797, 21.51362], [111.17163, 21.51362], [111.16497, 21.50601], [111.17164, 21.49934], [111.19882, 21.50779], [111.2263, 21.49934], [111.16163, 21.47639], [111.14365, 21.46582], [111.13404, 21.47162], [111.0884, 21.47265], [111.08841, 21.48014], [111.12998, 21.49311], [111.12379, 21.50678], [111.10768, 21.4958], [111.08839, 21.49311], [111.07937, 21.49788], [111.07545, 21.51362], [111.03443, 21.53148], [111.0276, 21.54092], [111.02328, 21.52783], [110.98593, 21.51362], [110.9957, 21.50764], [111.00221, 21.48994], [111.01392, 21.48565], [111.00131, 21.46288], [110.99244, 21.45498], [110.97975, 21.45214], [110.97975, 21.44473], [111.00815, 21.4499], [111.01694, 21.45808], [111.02686, 21.4793], [111.042, 21.48448], [111.0586, 21.48309], [111.06859, 21.47265], [111.04371, 21.46939], [110.99293, 21.42488], [110.96591, 21.43285], [110.86989, 21.38326], [110.80616, 21.4016], [110.79054, 21.40375], [110.76816, 21.39753], [110.74399, 21.38255], [110.70484, 21.34854], [110.67628, 21.30964], [110.65707, 21.26041], [110.65089, 21.2604], [110.6548, 21.3146], [110.66285, 21.33723], [110.67758, 21.34854], [110.66456, 21.34838], [110.65553, 21.34276], [110.64333, 21.32186], [110.64186, 21.33731], [110.63185, 21.35537], [110.63648, 21.37027], [110.67164, 21.38129], [110.69239, 21.39916], [110.72462, 21.40314], [110.75538, 21.4134], [110.76637, 21.44473], [110.76002, 21.44473], [110.72731, 21.41889], [110.63559, 21.38105], [110.61671, 21.3454], [110.61573, 21.30121], [110.64331, 21.25293], [110.63648, 21.23018], [110.61696, 21.2297], [110.57521, 21.24673], [110.5887, 21.22558], [110.48146, 21.21719], [110.46323, 21.21214], [110.43116, 21.19147], [110.42433, 21.19147], [110.43735, 21.23924], [110.4258, 21.26923], [110.43735, 21.27338], [110.43312, 21.28286], [110.42435, 21.28766], [110.43735, 21.29389], [110.46632, 21.28343], [110.47267, 21.27338], [110.47885, 21.27338], [110.48634, 21.30134], [110.46608, 21.29609], [110.44484, 21.30134], [110.44484, 21.30756], [110.48634, 21.32868], [110.48634, 21.33552], [110.47267, 21.33491], [110.46534, 21.32868], [110.46534, 21.34854], [110.4419, 21.31436], [110.43394, 21.30879], [110.42434, 21.32868], [110.42393, 21.34162], [110.43735, 21.39753], [110.43116, 21.39753], [110.41953, 21.37744], [110.40097, 21.38703], [110.36899, 21.42487], [110.3895, 21.44473], [110.3895, 21.45213], [110.35849, 21.43574], [110.39437, 21.364], [110.38949, 21.32869], [110.37648, 21.33552], [110.38265, 21.32186], [110.36818, 21.32534], [110.34498, 21.33885], [110.32814, 21.34227], [110.32814, 21.33552], [110.3567, 21.31916], [110.36629, 21.3061], [110.3628, 21.28766], [110.38485, 21.27106], [110.39902, 21.24555], [110.4083, 21.23783], [110.40991, 21.22378], [110.40317, 21.20848], [110.39935, 21.17638], [110.39405, 21.16255], [110.34742, 21.13321], [110.33374, 21.11637], [110.2693, 21.08918], [110.21884, 21.02759], [110.21023, 21.03458], [110.20558, 21.04938], [110.2046, 21.08222], [110.19557, 21.07127], [110.17794, 21.02034], [110.15687, 20.98622], [110.14308, 20.99225], [110.14308, 20.98603], [110.15478, 20.97728], [110.14926, 20.92398], [110.17724, 20.86251], [110.16415, 20.87678], [110.15675, 20.87678], [110.16188, 20.86221], [110.15675, 20.84886], [110.16293, 20.84789], [110.16415, 20.84203], [110.16871, 20.84268], [110.17042, 20.84886], [110.18019, 20.84601], [110.19149, 20.84885], [110.1915, 20.83584], [110.21211, 20.84052], [110.1195, 20.74533], [110.0821, 20.59803], [110.2135, 20.27373], [110.19662, 20.27025], [110.18775, 20.25301], [110.12753, 20.248], [110.10984, 20.25294], [110.09311, 20.27058], [110.06964, 20.27794], [110.05763, 20.29637], [110.03785, 20.3017], [110.02711, 20.30077], [110.00595, 20.28035], [109.99228, 20.28653], [109.96583, 20.28095], [109.95094, 20.27216], [109.93392, 20.24414], [109.92489, 20.23828], [109.91726, 20.23933], [109.91461, 20.2487], [109.92856, 20.29458], [109.92872, 20.32636], [109.91725, 20.35228], [109.88576, 20.36637], [109.87414, 20.37628], [109.8899, 20.38272], [109.86282, 20.40632], [109.88803, 20.41405], [109.8961, 20.43109], [109.90357, 20.43109], [109.94595, 20.39559], [109.97486, 20.35464], [109.98243, 20.35155], [109.98557, 20.37237], [110.01547, 20.4184], [110.00978, 20.43423], [109.97226, 20.46454], [109.96494, 20.47826], [109.95809, 20.45162], [109.94362, 20.46069], [109.93092, 20.50625], [109.92705, 20.45512], [109.91725, 20.44479], [109.90952, 20.47118], [109.89609, 20.49258], [109.88282, 20.49775], [109.8495, 20.50099], [109.82212, 20.51655], [109.81962, 20.52371], [109.82569, 20.54279], [109.8414, 20.54719], [109.84824, 20.59565], [109.8414, 20.59565], [109.82773, 20.55463], [109.82107, 20.55464], [109.81886, 20.5891], [109.80201, 20.61628], [109.77589, 20.63133], [109.74588, 20.6298], [109.75172, 20.64541], [109.75157, 20.67373], [109.76572, 20.68438], [109.77516, 20.68618], [109.78525, 20.67959], [109.80592, 20.67951], [109.82773, 20.69798], [109.8414, 20.68439], [109.86191, 20.70816], [109.86044, 20.71548], [109.85475, 20.71992], [109.82944, 20.70791], [109.80104, 20.70628], [109.79371, 20.69115], [109.78688, 20.69115], [109.76028, 20.72997], [109.75648, 20.74947], [109.7732, 20.76691], [109.76345, 20.77656], [109.75816, 20.79279], [109.76027, 20.8078], [109.7732, 20.81411], [109.7732, 20.82152], [109.75205, 20.84205], [109.75206, 20.84886], [109.75953, 20.84886], [109.75953, 20.85505], [109.74537, 20.86766], [109.7378, 20.86538], [109.73154, 20.85505], [109.73901, 20.80787], [109.70436, 20.84203], [109.71785, 20.80787], [109.69381, 20.83119], [109.74334, 21.02061], [109.73552, 21.02909], [109.69311, 21.0285], [109.69753, 21.04058], [109.71168, 21.03384], [109.70981, 21.0572], [109.69996, 21.08299], [109.67027, 21.12345], [109.70436, 21.17844], [109.72022, 21.18341], [109.73642, 21.16901], [109.75204, 21.16413], [109.74668, 21.17967], [109.7732, 21.2154], [109.77027, 21.27131], [109.76572, 21.28746], [109.77353, 21.29971], [109.77394, 21.31867], [109.76573, 21.35593], [109.78369, 21.34829], [109.78688, 21.32868], [109.79982, 21.33291], [109.80739, 21.35593], [109.92408, 21.36278], [109.92408, 21.37027], [109.90481, 21.39069], [109.91758, 21.4138], [109.94052, 21.4372], [109.95126, 21.4584], [109.93345, 21.45381], [109.92458, 21.46504], [109.92726, 21.4798], [109.94443, 21.48566], [109.94443, 21.49311], [109.88697, 21.48153], [109.85899, 21.48283], [109.8414, 21.50678], [109.82773, 21.49311], [109.82773, 21.48566], [109.8352, 21.48566], [109.8352, 21.48013], [109.82105, 21.45841], [109.81423, 21.45841], [109.80276, 21.47334], [109.79911, 21.49842], [109.80055, 21.55459], [109.78329, 21.54638], [109.77012, 21.55159], [109.76515, 21.56338], [109.7732, 21.58185], [109.74806, 21.57494], [109.74781, 21.54523], [109.76026, 21.51162], [109.77319, 21.49311], [109.77319, 21.48567], [109.76572, 21.48567], [109.76572, 21.49311], [109.75953, 21.49311], [109.74125, 21.47409], [109.70859, 21.48331], [109.64969, 21.52045], [109.65992, 21.52806], [109.66823, 21.55964], [109.67701, 21.5751], [109.67019, 21.60297], [109.67677, 21.61005], [109.67701, 21.62344], [109.63722, 21.60163], [109.62526, 21.5854], [109.63598, 21.56827], [109.62233, 21.56783], [109.60801, 21.57511], [109.61354, 21.60122], [109.60305, 21.62059], [109.61549, 21.65013], [109.5853, 21.63086], [109.57594, 21.65937], [109.5609, 21.6713], [109.56772, 21.69855], [109.56081, 21.70726], [109.56807, 21.72012], [109.59449, 21.74018], [109.59449, 21.74641], [109.57497, 21.74568], [109.56772, 21.76], [109.49269, 21.69855], [109.5062, 21.68496], [109.49269, 21.68496], [109.49269, 21.67813], [109.51986, 21.68495], [109.521, 21.66576], [109.50636, 21.65766], [109.48471, 21.65803], [109.46469, 21.66446], [109.46469, 21.65762], [109.53004, 21.63555], [109.54053, 21.62689], [109.57275, 21.58173], [109.56088, 21.56826], [109.56087, 21.52668], [109.53076, 21.49165], [109.47218, 21.46582], [109.46583, 21.4829], [109.47218, 21.49934], [109.4546, 21.48184], [109.43824, 21.45507], [109.42441, 21.45239], [109.34376, 21.45353], [109.33522, 21.45817], [109.32081, 21.48013], [109.31551, 21.45906], [109.29891, 21.44327], [109.2776, 21.43701], [109.25864, 21.44473], [109.24473, 21.43163], [109.23877, 21.43185], [109.23878, 21.48566], [109.22706, 21.47224], [109.2146, 21.41744], [109.17197, 21.41756], [109.15707, 21.42353], [109.14942, 21.43854], [109.14462, 21.41795], [109.15624, 21.40376], [109.13868, 21.40161], [109.09645, 21.4252], [109.05015, 21.43717], [109.03982, 21.45027], [109.04372, 21.46625], [109.06007, 21.48012], [109.13282, 21.49592], [109.14259, 21.5102], [109.13575, 21.60297], [109.12892, 21.60297], [109.12436, 21.59098], [109.11589, 21.59071], [109.10108, 21.6092], [109.09482, 21.6092], [109.08741, 21.59956], [109.07765, 21.597], [109.06968, 21.60225], [109.06674, 21.61603], [109.06007, 21.61603], [109.04642, 21.603], [109.04996, 21.61432], [109.06674, 21.63654], [109.06674, 21.64395], [109.01376, 21.61539], [108.99244, 21.60921], [108.959, 21.6066], [108.928, 21.61507], [108.92063, 21.62225], [108.89747, 21.67129], [108.86948, 21.6713], [108.85524, 21.68519], [108.85525, 21.69428], [108.86948, 21.70539], [108.86144, 21.73335], [108.8655, 21.73973], [108.886, 21.75043], [108.9166, 21.75381], [108.92408, 21.76683], [108.89747, 21.76], [108.90309, 21.77432], [108.88632, 21.76716], [108.87574, 21.75381], [108.86948, 21.75381], [108.86143, 21.76], [108.86142, 21.76678], [108.87574, 21.80097], [108.86948, 21.80097], [108.85524, 21.78117], [108.84988, 21.7917], [108.8507, 21.80055], [108.86142, 21.81525], [108.84083, 21.8116], [108.80136, 21.81835], [108.77955, 21.81525], [108.82104, 21.80098], [108.81422, 21.78116], [108.83261, 21.78383], [108.84253, 21.76805], [108.84351, 21.74502], [108.83458, 21.72567], [108.82211, 21.71504], [108.81666, 21.71638], [108.8121, 21.75243], [108.80592, 21.75845], [108.79306, 21.75381], [108.80055, 21.74482], [108.7999, 21.73334], [108.78688, 21.74018], [108.79306, 21.73334], [108.77955, 21.72582], [108.7999, 21.72582], [108.7999, 21.71906], [108.79306, 21.71906], [108.79306, 21.71284], [108.83431, 21.68573], [108.83862, 21.66804], [108.82106, 21.64395], [108.8614, 21.64394], [108.84994, 21.62597], [108.834, 21.62801], [108.79648, 21.64395], [108.78736, 21.64143], [108.77271, 21.62345], [108.73854, 21.61603], [108.74534, 21.60301], [108.7335, 21.61274], [108.72755, 21.64476], [108.7112, 21.65014], [108.7112, 21.65761], [108.73316, 21.66242], [108.74033, 21.66014], [108.74537, 21.65013], [108.75156, 21.65013], [108.75156, 21.69172], [108.74244, 21.68415], [108.73854, 21.67129], [108.7317, 21.67129], [108.71267, 21.68843], [108.71543, 21.70913], [108.7247, 21.72972], [108.72486, 21.7464], [108.71787, 21.74315], [108.71119, 21.74641], [108.69409, 21.71215], [108.6832, 21.7054], [108.67457, 21.7154], [108.65432, 21.72355], [108.6492, 21.73334], [108.6832, 21.74018], [108.6832, 21.74641], [108.66538, 21.75186], [108.64634, 21.75139], [108.64918, 21.76683], [108.67311, 21.798], [108.67701, 21.81525], [108.66969, 21.81525], [108.65602, 21.79484], [108.64918, 21.82209], [108.64234, 21.82209], [108.64218, 21.79686], [108.63551, 21.77433], [108.62867, 21.77432], [108.62184, 21.78791], [108.615, 21.78791], [108.62916, 21.75609], [108.62845, 21.74636], [108.5945, 21.74019], [108.59376, 21.75483], [108.60751, 21.78791], [108.58058, 21.78132], [108.56944, 21.79438], [108.57139, 21.81281], [108.6006, 21.83063], [108.62209, 21.87107], [108.63551, 21.88418], [108.63551, 21.89033], [108.59449, 21.91767], [108.58765, 21.89787], [108.56715, 21.90461], [108.58082, 21.89785], [108.57032, 21.89339], [108.56032, 21.8955], [108.55373, 21.90376], [108.55299, 21.91767], [108.57382, 21.93545], [108.57333, 21.95181], [108.56715, 21.95181], [108.56715, 21.93879], [108.55982, 21.93879], [108.55299, 21.95181], [108.55055, 21.93545], [108.53769, 21.9145], [108.52563, 21.90462], [108.50514, 21.91083], [108.50514, 21.90461], [108.51879, 21.89033], [108.48487, 21.8771], [108.47836, 21.8664], [108.49143, 21.85629], [108.46314, 21.86298], [108.4607, 21.88711], [108.47779, 21.94501], [108.4607, 21.92695], [108.45729, 21.88833], [108.44874, 21.86579], [108.45566, 21.84878], [108.48462, 21.82209], [108.47096, 21.82209], [108.47779, 21.80781], [108.48829, 21.81477], [108.49707, 21.80902], [108.50513, 21.78791], [108.4913, 21.75772], [108.49145, 21.74018], [108.47592, 21.74433], [108.46347, 21.74018], [108.48683, 21.73188], [108.50513, 21.71906], [108.50514, 21.71284], [108.49147, 21.71284], [108.49765, 21.70539], [108.47779, 21.70539], [108.47779, 21.69855], [108.50514, 21.69172], [108.50082, 21.68032], [108.50514, 21.67129], [108.5201, 21.71261], [108.53304, 21.71904], [108.53052, 21.7102], [108.51881, 21.69855], [108.51881, 21.67129], [108.53306, 21.68495], [108.53858, 21.68403], [108.53932, 21.67813], [108.55299, 21.69854], [108.55982, 21.69854], [108.56543, 21.67854], [108.54518, 21.66608], [108.53932, 21.65013], [108.55297, 21.65762], [108.54688, 21.64306], [108.53598, 21.63801], [108.51197, 21.64395], [108.51197, 21.63654], [108.53304, 21.63032], [108.52686, 21.61425], [108.51197, 21.6092], [108.51879, 21.59553], [108.48121, 21.58187], [108.48178, 21.59951], [108.48911, 21.60761], [108.50514, 21.60297], [108.50514, 21.6092], [108.49147, 21.62344], [108.47853, 21.60615], [108.46347, 21.59553], [108.4712, 21.5812], [108.45802, 21.5751], [108.45802, 21.56826], [108.47094, 21.56826], [108.47095, 21.56201], [108.42001, 21.55688], [108.40212, 21.55981], [108.38967, 21.5751], [108.39065, 21.59536], [108.40675, 21.60023], [108.4209, 21.59422], [108.41635, 21.58186], [108.4319, 21.58324], [108.43873, 21.59418], [108.4437, 21.62344], [108.42758, 21.6167], [108.41636, 21.62344], [108.41636, 21.63031], [108.42734, 21.63914], [108.4437, 21.64395], [108.44144, 21.6521], [108.44809, 21.65811], [108.47096, 21.66446], [108.47096, 21.67129], [108.40969, 21.66446], [108.4236, 21.67939], [108.42701, 21.68773], [108.42384, 21.69855], [108.40968, 21.67813], [108.40333, 21.68496], [108.39797, 21.67285], [108.386, 21.67293], [108.33767, 21.69746], [108.33595, 21.70685], [108.34132, 21.72582], [108.32154, 21.70966], [108.31137, 21.68171], [108.31276, 21.65184], [108.32763, 21.63033], [108.30649, 21.63032], [108.31396, 21.61604], [108.30079, 21.60724], [108.29347, 21.5893], [108.31396, 21.58929], [108.31396, 21.58186], [108.28956, 21.56403], [108.28359, 21.54459], [108.25864, 21.53408], [108.2264, 21.50802], [108.21104, 21.50065], [108.21031, 21.51361], [108.24496, 21.56436], [108.25196, 21.58185], [108.24936, 21.60309], [108.22682, 21.62557], [108.23829, 21.64395], [108.2103, 21.63032], [108.2103, 21.64395], [108.19728, 21.63654], [108.20883, 21.62393], [108.20411, 21.60297], [108.21028, 21.60297], [108.17636, 21.57576], [108.15797, 21.57153], [108.13526, 21.58186], [108.12843, 21.5751], [108.13232, 21.56538], [108.12827, 21.56274], [108.11476, 21.5751], [108.1058, 21.55908], [108.06625, 21.562], [108.07698, 21.54548], [108.07105, 21.53658], [108.0569, 21.53605], [108.03199, 21.55191], [108.0171, 21.55524], [108.00229, 21.55427], [107.99122, 21.54841], [108.02735, 21.52334], [108.03951, 21.52046], [108.01865, 21.51895], [108.01124, 21.50654], [108.01368, 21.49242], [108.02223, 21.48566], [108.06105, 21.49615], [108.08057, 21.4931], [108.08057, 21.48567], [108.04322, 21.48164], [108.01661, 21.47036], [107.97071, 21.43164], [107.96389, 21.43164], [107.96536, 21.44736], [107.99122, 21.48013], [107.99122, 21.48566], [107.96998, 21.47577], [107.9297, 21.44263], [107.91604, 21.4584], [107.91628, 21.46824], [107.9297, 21.48286], [107.91871, 21.51752], [107.89674, 21.53156], [107.88193, 21.53408], [107.88265, 21.52253], [107.87485, 21.51362], [107.86841, 21.51364], [107.8628, 21.53022], [107.85597, 21.52094], [107.8479, 21.49312], [107.83595, 21.48836], [107.82887, 21.49494], [107.82667, 21.52668], [107.813, 21.52045], [107.82056, 21.49312], [107.81301, 21.49312], [107.8069, 21.50678], [107.80006, 21.49935], [107.79624, 21.51948], [107.78346, 21.52432], [107.75221, 21.51362], [107.75221, 21.50678], [107.78013, 21.50315], [107.78858, 21.49445], [107.79256, 21.48014], [107.7789, 21.48566], [107.78637, 21.45841], [107.77564, 21.45856], [107.76181, 21.45075], [107.75856, 21.44473], [107.76521, 21.43854], [107.74854, 21.41121], [107.72145, 21.41088], [107.71151, 21.39892], [107.69833, 21.39839], [107.68418, 21.40327], [107.67652, 21.4112], [107.66904, 21.4112], [107.66285, 21.40375], [107.66943, 21.38544], [107.66342, 21.37809], [107.65024, 21.37686], [107.63502, 21.38325], [107.64233, 21.36279], [107.6312, 21.35448], [107.64232, 21.34228], [107.62135, 21.33552], [107.62874, 21.3287], [107.60817, 21.33552], [107.59929, 21.29899], [107.59079, 21.29401], [107.57347, 21.29482], [107.55423, 21.30437], [107.53517, 21.34536], [107.52231, 21.34854], [107.52882, 21.32323], [107.52516, 21.30756], [107.53743, 21.30195], [107.52662, 21.29877], [107.47238, 21.30365], [107.46169, 21.30928], [107.4568, 21.31835], [107.41529, 21.32868], [107.40903, 21.31501], [107.44312, 21.29389], [107.44311, 21.28766], [107.42359, 21.27962], [107.39161, 21.28042], [107.36744, 21.27338], [107.37329, 21.25898], [107.36061, 21.23924], [107.35888, 21.20307], [107.35434, 21.19147], [107.3707, 21.18163], [107.38842, 21.18462], [107.37557, 21.11638], [107.36061, 21.10212], [107.36744, 21.08788], [107.35434, 21.08222], [107.36435, 21.04035], [107.37427, 21.03383], [107.37427, 21.02758], [107.35751, 21.01512], [107.33383, 21.00585], [107.29233, 21.00463], [107.27955, 20.99971], [107.26645, 21.0043], [107.24529, 21.00308], [107.22413, 20.99824], [107.21119, 20.99226], [107.23111, 20.98603], [107.23112, 20.9792], [107.21485, 20.97525], [107.19569, 20.95516], [107.1041, 21.00597], [107.14918, 21.03384], [107.14918, 21.04059], [107.11118, 21.03311], [107.10133, 21.02757], [107.0941, 21.01151], [107.08201, 21.01821], [107.08717, 21.02757], [107.08033, 21.03384], [107.07475, 21.02223], [107.05982, 21.03384], [107.00264, 21.06202], [106.59976, 21.22075], [106.23393, 21.21154], [105.84072, 21.21015], [105.49423, 21.119], [105.13695, 21.03174], [104.64296, 20.9182], [104.45315, 20.76305], [104.40932, 20.76519], [104.38906, 20.77098], [104.38167, 20.77837], [104.36798, 20.80312], [104.33635, 20.81904], [104.32322, 20.83387], [104.3072, 20.86462], [104.29527, 20.87981], [104.27894, 20.89154], [104.26002, 20.89893], [104.22106, 20.89201], [104.20711, 20.91764], [104.19388, 20.92989], [104.1654, 20.93976], [104.12262, 20.94317], [104.09228, 20.9612], [104.05668, 20.95882], [104.01058, 20.90808], [103.95219, 20.90028], [103.8586, 20.86958], [103.82682, 20.84767], [103.79643, 20.84953], [103.78532, 20.84596], [103.77556, 20.8349], [103.75675, 20.79599], [103.75303, 20.77987], [103.75861, 20.74974], [103.75458, 20.74292], [103.73437, 20.73093], [103.70724, 20.72184], [103.70238, 20.70871], [103.70362, 20.69925], [103.71375, 20.67982], [103.71427, 20.67171], [103.69763, 20.66153], [103.67634, 20.65652], [103.66114, 20.66076], [103.59738, 20.72235], [103.57795, 20.7329], [103.49733, 20.74835], [103.40353, 20.53386], [103.05193, 20.33186], [102.20595, 20.04373], [102.11204, 19.90825], [102.09748, 19.17019], [101.51066, 18.24974], [101.40751, 18.21522], [101.1628, 18.1953], [101.16052, 18.17951], [101.14161, 18.12396], [101.14497, 18.10474], [101.16207, 18.06745], [101.16517, 18.05342], [101.15752, 18.04045], [101.11231, 18.01131], [101.06616, 17.934], [101.03981, 17.91203], [101.00828, 17.89524], [100.80716, 18.01603], [100.58479, 17.94348], [99.87036, 18.16422], [99.14058, 18.09881], [98.5752, 18.2066], [98.41862, 18.34203], [98.4157, 18.56097], [99.05864, 19.04554], [99.08134, 19.57552], [98.97383, 19.78807], [98.93508, 19.77347], [98.89932, 19.74862], [98.88371, 19.74546], [98.86449, 19.77321], [98.85188, 19.78404], [98.83792, 19.79344], [98.80785, 19.80654], [98.74925, 19.7635], [98.73013, 19.7573], [98.64135, 19.74495], [98.62378, 19.7375], [98.59835, 19.70908], [98.59071, 19.7041], [98.54833, 19.69265], [98.538, 19.68389], [98.53655, 19.67709], [98.53262, 19.67585], [98.51546, 19.68337], [98.4888, 19.7067], [98.47454, 19.70531], [98.4396, 19.68774], [98.39444, 19.68635], [98.34762, 19.69063], [98.30731, 19.68999], [98.26277, 19.66986], [98.23755, 19.66469], [98.21915, 19.67699], [98.21667, 19.68746], [98.21791, 19.70797], [98.21326, 19.71776], [98.17202, 19.73156], [98.13223, 19.76606], [98.11136, 19.77714], [98.08593, 19.77316], [98.07291, 19.77729], [98.04562, 19.80763], [98.02454, 19.80298], [98.01792, 19.78939], [98.00459, 19.72391], [98.00562, 19.70565], [98.01389, 19.66945], [98.01358, 19.65175], [98.00831, 19.63911], [97.97948, 19.63332], [97.94806, 19.60242], [97.88584, 19.57281], [97.84863, 19.56764], [97.83985, 19.55532], [97.84098, 19.51716], [97.84874, 19.49398], [97.84212, 19.47938], [97.83354, 19.46871], [97.80037, 19.44078], [97.76709, 19.39753], [97.56579, 19.52415], [97.17133, 19.71737], [96.03166, 19.68439], [95.31923, 19.86988], [94.51054, 20.39923], [94.36497, 20.68404], [94.20949, 20.97057], [93.46689, 21.83837], [93.31192, 22.02642], [93.14174, 22.18728], [93.12313, 22.21839], [93.12479, 22.23229], [93.16127, 22.24252], [93.16902, 22.24691], [93.17367, 22.25942], [93.16592, 22.38659], [93.15352, 22.42752], [93.11786, 22.46287], [93.09915, 22.51196], [93.09822, 22.53527], [93.10908, 22.5747], [93.11052, 22.59635], [93.10443, 22.61593], [93.08189, 22.65283], [93.07394, 22.6719], [93.07083, 22.69288], [93.07952, 22.77272], [93.11238, 22.79995], [93.1159, 22.7984], [93.1253, 22.82155], [93.16106, 22.86098], [93.17553, 22.8817], [93.17739, 22.9002], [93.17109, 22.92044], [93.15114, 22.95622], [93.14318, 22.97751], [93.13822, 23.00526], [93.14008, 23.0319], [93.15238, 23.04994], [93.17708, 23.05844], [93.19651, 23.05384], [93.21212, 23.03989], [93.22556, 23.02038], [93.24654, 23.00449], [93.27279, 23.00591], [93.29883, 23.01795], [93.31826, 23.03366], [93.33335, 23.05229], [93.3749, 23.12973], [93.62609, 23.12971], [93.88601, 23.43489], [94.04391, 23.6117], [94.09971, 23.84263], [94.11687, 23.84165], [94.13186, 23.85697], [94.13506, 23.8773], [94.13506, 23.91901], [94.14488, 23.93888], [94.19025, 23.99528], [94.19914, 24.04809], [94.21413, 24.06918], [94.22219, 24.12264], [94.23397, 24.16034], [94.28275, 24.26643], [94.28999, 24.31676], [94.29536, 24.3326], [94.33071, 24.36286], [94.32874, 24.39448], [94.3522, 24.41394], [94.3612, 24.42541], [94.36368, 24.46582], [94.37039, 24.47773], [94.17852, 24.61371], [94.12322, 24.72554], [94.41342, 24.99107], [94.57689, 25.17361], [94.55333, 25.20415], [94.55012, 25.24528], [94.608, 25.39463], [94.63053, 25.42739], [94.65947, 25.4555], [94.69203, 25.47633], [94.71115, 25.48279], [94.76438, 25.49168], [94.78236, 25.50459], [94.82236, 25.55911], [94.83104, 25.56247], [94.85078, 25.56278], [94.86029, 25.56717], [94.86101, 25.57141], [94.85295, 25.58076], [94.85347, 25.58604], [94.87166, 25.59802], [94.96147, 25.71797], [94.96901, 25.72561], [94.99992, 25.73156], [95.0088, 25.73714], [95.01532, 25.75512], [95.27275, 25.75737], [95.47234, 25.93236], [95.71942, 26.34635], [95.85254, 26.90145], [96.03377, 26.98097], [96.60541, 26.85616], [96.82773, 26.92753], [96.95293, 27.13532], [97.003, 27.11452], [97.02677, 27.09147], [97.03804, 27.08703], [97.07721, 27.09649], [97.10604, 27.08259], [97.11917, 27.08729], [97.13477, 27.12734], [97.1293, 27.13788], [97.10439, 27.15602], [97.10129, 27.1833], [97.0679, 27.2171], [97.0229, 27.2701], [97.21592, 27.42041], [97.19826, 27.55975], [97.05674, 27.74678], [97.00403, 27.73428], [96.99091, 27.72663], [96.95701, 27.68808], [96.88352, 27.63633], [96.68538, 27.78219], [95.81928, 27.94587], [95.07498, 27.70916], [94.35307, 27.47418], [93.59081, 27.48951], [92.80829, 27.49983], [91.55414, 27.17776], [91.33291, 27.30256], [91.41458, 27.84746], [91.44644, 27.98636], [91.41884, 27.99473], [91.34143, 28.03056], [91.3096, 28.0564], [91.29017, 28.09141], [91.2697, 28.07286], [91.24614, 28.07147], [91.22061, 28.07488], [91.19467, 28.07059], [91.17586, 28.05749], [91.1338, 28.0141], [91.11964, 27.99488], [91.09256, 27.97168], [91.05194, 27.96279], [91.00884, 27.96677], [90.97515, 27.98209], [90.90952, 28.03266], [90.85092, 28.04403], [90.7887, 28.04749], [90.7269, 28.0617], [90.6839, 28.08707], [90.66747, 28.09033], [90.65104, 28.087], [90.62189, 28.07297], [90.57528, 28.06583], [90.51006, 28.0741], [90.47523, 28.07234], [90.48567, 28.12466], [90.5153, 28.15429], [90.54822, 28.15758], [90.56797, 28.1905], [90.5976, 28.20038], [90.58773, 28.2333], [90.54822, 28.24647], [90.50542, 28.24976], [90.45604, 28.28268], [90.41654, 28.28268], [90.3869, 28.29914], [90.35398, 28.29914], [90.3295, 28.2558], [90.29147, 28.26135], [90.2618, 28.29914], [90.2618, 28.33535], [90.22559, 28.3584], [90.19925, 28.34852], [90.17621, 28.32548], [90.15316, 28.32219], [90.12354, 28.33535], [90.07086, 28.34523], [89.99046, 28.32062], [89.97159, 28.31804], [89.95252, 28.30825], [89.91613, 28.3156], [89.88131, 28.29753], [89.87362, 28.3006], [89.86292, 28.29579], [89.82974, 28.25916], [89.78086, 28.22877], [89.75584, 28.18438], [89.71781, 28.16908], [89.67719, 28.16257], [89.70565, 27.93548], [89.44543, 27.60234], [89.03919, 27.43834], [88.5925, 27.65992], [88.2875, 28.31105], [88.28185, 28.31583], [87.28741, 28.44812], [86.3102, 28.56863], [85.43047, 28.53281], [85.16479, 28.56862], [85.16801, 28.58319], [85.16098, 28.595], [85.11189, 28.60882], [85.07504, 28.63166], [85.05494, 28.63869], [85.0321, 28.63407], [85.02528, 28.62841], [85.00249, 28.59443], [84.95495, 28.5743], [84.93645, 28.54477], [84.92849, 28.53847], [84.91872, 28.53568], [84.87929, 28.54363], [84.81196, 28.54198], [84.79914, 28.54663], [84.78178, 28.5589], [84.75563, 28.58541], [84.73662, 28.59417], [84.69083, 28.59614], [84.67776, 28.60441], [84.68298, 28.65076], [84.67114, 28.65895], [84.63264, 28.66879], [84.61621, 28.69365], [84.60722, 28.6982], [84.67512, 28.91277], [84.54627, 29.0421], [84.46874, 29.11959], [84.23143, 29.02598], [84.22058, 29.0389], [84.1982, 29.04531], [84.17546, 29.0574], [84.16621, 29.09846], [84.138, 29.12466], [84.13226, 29.1438], [84.1552, 29.17595], [84.16166, 29.19253], [84.15546, 29.20664], [84.12601, 29.20625], [84.11236, 29.2091], [84.10534, 29.21992], [84.09913, 29.247], [84.08973, 29.25661], [84.07206, 29.25698], [84.03521, 29.24762], [84.01252, 29.2702], [84.0009, 29.27253], [83.97584, 29.26374], [83.97325, 29.27702], [83.96726, 29.2847], [83.95796, 29.28904], [83.94555, 29.29183], [83.91439, 29.2894], [83.84397, 29.51098], [82.91476, 29.94265], [82.68899, 29.82774], [82.67731, 29.83441], [82.66697, 29.83503], [82.63586, 29.82903], [82.6185, 29.83983], [82.54181, 29.92324], [82.52424, 29.93239], [82.47582, 29.94551], [82.45706, 29.95409], [82.43893, 29.96577], [82.40978, 29.9946], [82.39443, 30.00313], [82.36374, 30.00117], [82.3473, 30.00344], [82.31888, 30.03181], [82.29651, 30.03682], [82.25573, 30.03967], [82.21067, 30.06442], [82.17424, 30.05548], [82.15383, 30.05817], [82.14453, 30.06943], [82.13522, 30.08974], [82.12758, 30.12436], [82.15099, 30.16224], [82.15569, 30.18136], [82.14039, 30.19402], [82.11424, 30.20219], [82.0959, 30.21345], [82.08499, 30.23082], [82.0821, 30.25733], [82.09321, 30.31474], [82.34305, 30.37754], [82.24754, 30.9479], [81.49004, 31.30126], [81.54928, 31.89341], [81.29719, 32.26561], [80.87631, 32.38472], [80.05882, 32.32433], [79.76268, 32.60735], [79.93277, 33.2761], [80.79034, 33.86777], [81.65846, 34.45466], [82.50344, 35.01429], [83.35874, 35.56915], [83.49657, 35.65747], [84.44104, 36.15728], [85.24118, 36.46737], [86.30805, 36.87241], [87.52242, 37.32452], [88.56294, 37.82159], [89.45308, 38.4692], [89.88986, 38.92571], [90.31749, 39.36684], [91.14408, 40.20326], [91.99175, 40.73172], [92.85157, 41.25502], [93.78579, 41.74615], [94.87077, 42.30181]], [[122.04416, 39.78062], [122.12379, 39.78914], [122.24925, 39.7826], [122.69528, 40.0714], [122.77398, 40.17937], [122.72633, 40.31302], [122.71683, 40.31577], [122.70806, 40.31184], [122.6007, 40.18046], [122.54366, 40.12543], [122.45401, 40.12184], [122.34822, 40.13448], [122.26999, 40.09744], [122.08681, 39.85149], [122.03272, 39.78774], [122.04416, 39.78062]], [[120.99979, 31.27384], [120.92232, 31.36777], [120.8798, 31.40156], [120.78853, 31.41572], [120.67961, 31.44249], [120.66821, 31.43837], [120.66938, 31.4278], [120.94699, 31.15765], [121.09971, 31.02478], [121.12132, 31.02756], [121.17562, 31.06576], [121.24381, 31.0983], [121.2429, 31.1111], [121.17193, 31.15709], [121.10224, 31.19529], [121.02954, 31.2466], [120.99979, 31.27384]]], [[[71.16998, 44.2401], [71.2574, 44.27096], [71.09655, 44.20581], [71.16998, 44.2401]]], [[[113.73629, 21.99715], [113.77151, 22.00034], [113.77591, 21.98586], [113.76447, 21.96683], [113.74821, 21.9728], [113.73629, 21.99715]]], [[[114.2986, 22.06712], [114.31006, 22.06858], [114.30249, 22.04488], [114.22242, 22.02168], [114.20674, 22.02579], [114.29298, 22.05781], [114.2986, 22.06712]]], [[[113.5468, 22.10537], [113.54111, 22.11327], [113.54526, 22.11424], [113.54233, 22.14073], [113.53225, 22.15253], [113.53444, 22.1612], [113.55291, 22.16583], [113.57406, 22.16074], [113.57406, 22.15612], [113.56324, 22.15058], [113.56023, 22.14155], [113.57252, 22.13731], [113.57796, 22.13963], [113.57488, 22.13504], [113.58594, 22.13193], [113.58748, 22.12487], [113.57748, 22.12665], [113.57797, 22.12093], [113.57404, 22.11938], [113.56674, 22.12336], [113.56632, 22.1077], [113.55738, 22.11115], [113.5468, 22.10537]]], [[[114.26925, 22.16449], [114.25612, 22.15458], [114.25068, 22.16234], [114.26636, 22.17868], [114.26925, 22.16449]]], [[[114.25148, 22.17715], [114.24286, 22.17557], [114.24286, 22.18496], [114.25374, 22.1865], [114.25611, 22.18187], [114.25148, 22.17715]]], [[[113.98374, 22.19896], [113.99065, 22.19208], [113.9891, 22.18652], [113.97757, 22.19343], [113.98374, 22.19896]]], [[[113.5568, 22.20356], [113.55152, 22.20441], [113.55071, 22.19896], [113.55712, 22.20245], [113.55071, 22.19587], [113.55151, 22.18957], [113.52476, 22.17374], [113.52019, 22.18488], [113.53525, 22.20755], [113.5337, 22.21076], [113.52735, 22.20755], [113.52434, 22.21255], [113.53525, 22.21463], [113.53891, 22.22077], [113.55378, 22.21151], [113.5568, 22.20356]]], [[[114.01581, 22.1919], [114.015, 22.19818], [114.02216, 22.20676], [114.0345, 22.20522], [114.03142, 22.19588], [114.02678, 22.19896], [114.01581, 22.1919]]], [[[114.12574, 22.20523], [114.15461, 22.2036], [114.13909, 22.19111], [114.14534, 22.17871], [114.11087, 22.17708], [114.11411, 22.21613], [114.10427, 22.21598], [114.10671, 22.23577], [114.11337, 22.23314], [114.12574, 22.21345], [114.13281, 22.21612], [114.13282, 22.20995], [114.12574, 22.20523]]], [[[114.15634, 22.23884], [114.15634, 22.23176], [114.14436, 22.23668], [114.14218, 22.24189], [114.15634, 22.23884]]], [[[114.21867, 22.20601], [114.21559, 22.19896], [114.21948, 22.19189], [114.2077, 22.18957], [114.20606, 22.20523], [114.20932, 22.20755], [114.20655, 22.21239], [114.19608, 22.20756], [114.19143, 22.20995], [114.19606, 22.21532], [114.18907, 22.21923], [114.1937, 22.22553], [114.19142, 22.23098], [114.18271, 22.23254], [114.18385, 22.24103], [114.16489, 22.22786], [114.16098, 22.24038], [114.12909, 22.24889], [114.11883, 22.26919], [114.11259, 22.27174], [114.11551, 22.27927], [114.13909, 22.28871], [114.1657, 22.27936], [114.17888, 22.27936], [114.19679, 22.29186], [114.21559, 22.28563], [114.22177, 22.27936], [114.23585, 22.27782], [114.24989, 22.26019], [114.25146, 22.24889], [114.24529, 22.24189], [114.25374, 22.22399], [114.24903, 22.2224], [114.2561, 22.20361], [114.24368, 22.20128], [114.23276, 22.21149], [114.2295, 22.23359], [114.22267, 22.23884], [114.21681, 22.23432], [114.22267, 22.23253], [114.22267, 22.22476], [114.21176, 22.21613], [114.21867, 22.20601]]], [[[114.29599, 22.25442], [114.2984, 22.24248], [114.28826, 22.23255], [114.28135, 22.23884], [114.28289, 22.24968], [114.29599, 22.25442]]], [[[114.04297, 22.24121], [114.03142, 22.24974], [114.02053, 22.2552], [114.04225, 22.25597], [114.04297, 22.24121]]], [[[113.92148, 22.22399], [113.9183, 22.21922], [113.92838, 22.21691], [113.92838, 22.21077], [113.91912, 22.20503], [113.90627, 22.20402], [113.89405, 22.21534], [113.89251, 22.2224], [113.84667, 22.19717], [113.83922, 22.20491], [113.83921, 22.23419], [113.84921, 22.2342], [113.84922, 22.24412], [113.85678, 22.246], [113.85678, 22.25226], [113.85061, 22.25678], [113.86761, 22.27073], [113.8768, 22.27228], [113.89251, 22.2927], [113.92148, 22.29186], [113.9284, 22.28486], [113.96193, 22.30116], [113.97674, 22.29808], [113.98374, 22.30902], [113.99244, 22.31057], [113.99953, 22.32225], [114.01716, 22.33538], [114.02052, 22.32852], [114.04379, 22.34577], [114.05486, 22.33633], [114.05021, 22.31995], [114.03142, 22.32457], [114.02962, 22.309], [114.01271, 22.31135], [114.01271, 22.29808], [114.02213, 22.3019], [114.01759, 22.28905], [114.01889, 22.26459], [113.99537, 22.26777], [114.00725, 22.25211], [113.99244, 22.2412], [114.01497, 22.22708], [114.00016, 22.21615], [113.98195, 22.20824], [113.98064, 22.23725], [113.94565, 22.23725], [113.9284, 22.22399], [113.92148, 22.22399]]], [[[113.93149, 22.29271], [113.92369, 22.31366], [113.93304, 22.32224], [113.93613, 22.31843], [113.94254, 22.32223], [113.93149, 22.29271]]], [[[114.33122, 22.32612], [114.31952, 22.32381], [114.31634, 22.33633], [114.3235, 22.33946], [114.32887, 22.33714], [114.33122, 22.32612]]], [[[114.10482, 22.32613], [114.08905, 22.32227], [114.08714, 22.33717], [114.07911, 22.34964], [114.07911, 22.35578], [114.0853, 22.359], [114.10255, 22.35346], [114.10874, 22.34024], [114.10482, 22.32613]]], [[[114.31634, 22.37612], [114.31951, 22.359], [114.32887, 22.35037], [114.32887, 22.34256], [114.30787, 22.34256], [114.30543, 22.34577], [114.30315, 22.36522], [114.31088, 22.37612], [114.31634, 22.37612]]], [[[114.28919, 22.36921], [114.29282, 22.37141], [114.29599, 22.34884], [114.28972, 22.35346], [114.28919, 22.36921]]], [[[113.65329, 22.41374], [113.64242, 22.41142], [113.64234, 22.4002], [113.62119, 22.39143], [113.61228, 22.39797], [113.61183, 22.43046], [113.62338, 22.43986], [113.64959, 22.43856], [113.65786, 22.43202], [113.65329, 22.41374]]], [[[114.35833, 22.48687], [114.36289, 22.48615], [114.3654, 22.47444], [114.35914, 22.46581], [114.35305, 22.48066], [114.35833, 22.48687]]], [[[114.30315, 22.51427], [114.30869, 22.52587], [114.31706, 22.51816], [114.30006, 22.50642], [114.29363, 22.5128], [114.30315, 22.51427]]], [[[114.29518, 22.54784], [114.30077, 22.53528], [114.28899, 22.5408], [114.28599, 22.54707], [114.289, 22.55637], [114.2977, 22.5502], [114.3163, 22.55174], [114.29518, 22.54784]]], [[[113.60393, 22.68494], [113.63567, 22.65647], [113.6451, 22.62511], [113.64182, 22.60163], [113.62802, 22.5958], [113.60262, 22.61153], [113.56243, 22.65568], [113.47651, 22.71951], [113.47655, 22.73126], [113.5255, 22.74486], [113.54695, 22.74178], [113.5595, 22.73499], [113.5732, 22.7007], [113.60393, 22.68494]]], [[[113.54501, 22.87997], [113.52377, 22.89669], [113.50997, 22.92122], [113.50575, 22.95161], [113.51538, 22.96921], [113.5292, 22.96035], [113.52919, 22.94859], [113.54513, 22.93776], [113.55359, 22.91128], [113.55353, 22.88582], [113.54501, 22.87997]]], [[[117.13735, 23.41957], [117.12877, 23.39938], [117.08288, 23.41114], [117.0489, 23.40472], [117.00401, 23.41976], [116.94811, 23.42182], [116.943, 23.43006], [116.96782, 23.45323], [116.98219, 23.45945], [117.00026, 23.44156], [117.01002, 23.43895], [117.03758, 23.4469], [117.04909, 23.47407], [117.063, 23.47845], [117.09033, 23.46108], [117.10215, 23.46799], [117.10895, 23.48228], [117.12561, 23.48269], [117.12257, 23.46552], [117.13408, 23.46046], [117.14178, 23.44965], [117.13735, 23.41957]]], [[[116.95094, 23.51741], [116.93728, 23.52628], [116.93605, 23.53555], [116.95777, 23.54491], [116.97434, 23.55937], [117.00513, 23.56292], [117.00927, 23.555], [116.9878, 23.52412], [116.97096, 23.51465], [116.95094, 23.51741]]], [[[116.94914, 23.5912], [116.96697, 23.60082], [116.97114, 23.59396], [116.96062, 23.57412], [116.95826, 23.54735], [116.92947, 23.53954], [116.92376, 23.54345], [116.91889, 23.555], [116.94597, 23.57449], [116.94914, 23.5912]]], [[[117.37446, 23.57267], [117.3205, 23.57403], [117.33783, 23.59645], [117.36912, 23.62236], [117.39373, 23.67919], [117.3755, 23.6894], [117.36394, 23.69147], [117.34645, 23.68477], [117.34052, 23.68896], [117.34247, 23.69965], [117.37669, 23.72886], [117.37567, 23.7473], [117.37924, 23.74681], [117.37275, 23.76674], [117.38592, 23.77415], [117.41358, 23.77167], [117.41977, 23.7543], [117.44778, 23.74225], [117.4689, 23.75308], [117.50416, 23.74989], [117.52665, 23.7401], [117.51618, 23.71629], [117.49594, 23.72016], [117.48416, 23.71079], [117.47654, 23.68943], [117.47982, 23.66268], [117.46722, 23.65795], [117.44484, 23.66494], [117.43267, 23.66012], [117.42115, 23.64646], [117.41538, 23.60822], [117.42383, 23.60199], [117.43154, 23.58264], [117.37446, 23.57267]]], [[[118.22044, 24.4076], [118.20901, 24.41161], [118.22805, 24.44602], [118.24903, 24.45282], [118.26269, 24.4418], [118.25747, 24.42396], [118.25123, 24.42337], [118.2404, 24.41294], [118.22044, 24.4076]]], [[[118.31822, 24.39056], [118.28395, 24.40128], [118.27957, 24.40843], [118.29274, 24.43207], [118.28209, 24.47736], [118.31666, 24.49334], [118.35834, 24.47095], [118.38141, 24.47351], [118.3854, 24.50381], [118.39422, 24.52268], [118.42259, 24.52796], [118.44967, 24.50532], [118.46734, 24.46183], [118.46335, 24.43153], [118.44878, 24.41553], [118.4229, 24.4303], [118.40362, 24.43601], [118.37286, 24.4332], [118.34576, 24.41758], [118.33098, 24.39649], [118.31822, 24.39056]]], [[[118.10621, 24.49413], [118.08229, 24.48233], [118.07473, 24.48396], [118.07204, 24.49787], [118.09255, 24.5562], [118.13787, 24.53653], [118.1631, 24.53197], [118.1814, 24.53509], [118.18872, 24.49413], [118.16391, 24.47191], [118.15381, 24.43709], [118.13648, 24.42928], [118.11403, 24.43062], [118.09206, 24.43848], [118.07357, 24.45255], [118.07001, 24.46027], [118.07224, 24.46759], [118.10304, 24.47989], [118.10621, 24.49413]]], [[[118.33382, 24.56354], [118.33268, 24.54784], [118.32651, 24.54325], [118.29771, 24.56143], [118.3069, 24.56748], [118.32398, 24.56915], [118.33382, 24.56354]]], [[[119.12143, 25.02747], [119.105, 25.04844], [119.11826, 25.06167], [119.10907, 25.08059], [119.15414, 25.10268], [119.1569, 25.10065], [119.13608, 25.07941], [119.14355, 25.05561], [119.12412, 25.03661], [119.12143, 25.02747]]], [[[119.30514, 25.54353], [119.33172, 25.57126], [119.34328, 25.5733], [119.35206, 25.55223], [119.33251, 25.47778], [119.33496, 25.43798], [119.29689, 25.42293], [119.2816, 25.46381], [119.28151, 25.48289], [119.30514, 25.54353]]], [[[119.24684, 26.02656], [119.21778, 26.05903], [119.20924, 26.09858], [119.2212, 26.08954], [119.24334, 26.05707], [119.25758, 26.04755], [119.3698, 26.01423], [119.4012, 25.99603], [119.40495, 25.97794], [119.39063, 25.967], [119.38112, 25.967], [119.25757, 26.00147], [119.24684, 26.02656]]], [[[117.71371, 38.96644], [117.7315, 38.95447], [117.76912, 38.94391], [117.76213, 38.92928], [117.7782, 38.92708], [117.78564, 38.93845], [117.81477, 38.93045], [117.81085, 38.91467], [117.78952, 38.90474], [117.71867, 38.92127], [117.69712, 38.93477], [117.71371, 38.96644]]], [[[117.73323, 38.96429], [117.72045, 38.97394], [117.72995, 38.97672], [117.80885, 38.96423], [117.81926, 38.9584], [117.87939, 38.94655], [117.88004, 38.93054], [117.73323, 38.96429]]], [[[118.46949, 39.00632], [118.47987, 39.04395], [118.4882, 39.05048], [118.52637, 39.04668], [118.55972, 39.00312], [118.57781, 39.00862], [118.62871, 39.04855], [118.61465, 39.06764], [118.63274, 39.07457], [118.64866, 39.05585], [118.64872, 39.04465], [118.59431, 38.97221], [118.51404, 38.91944], [118.5027, 38.91904], [118.4803, 38.93482], [118.4909, 38.94319], [118.47071, 38.97055], [118.46949, 39.00632]]], [[[117.81079, 39.02719], [117.82683, 38.98372], [117.81965, 38.97741], [117.80323, 38.97961], [117.79122, 38.98928], [117.77335, 39.04757], [117.79624, 39.04989], [117.81079, 39.02719]]], [[[119.47607, 24.99489], [119.47363, 24.98087], [119.4629, 24.97591], [119.45795, 24.98005], [119.46039, 24.99078], [119.47607, 24.99489]]], [[[119.51735, 25.17146], [119.51093, 25.18232], [119.51271, 25.1988], [119.50327, 25.2038], [119.4887, 25.19634], [119.4612, 25.20333], [119.44964, 25.21418], [119.44469, 25.22907], [119.44655, 25.23598], [119.47039, 25.25217], [119.4917, 25.24139], [119.50262, 25.22102], [119.51197, 25.21345], [119.5228, 25.20844], [119.55128, 25.20944], [119.56754, 25.2049], [119.5534, 25.19526], [119.54819, 25.18598], [119.54866, 25.17244], [119.54232, 25.16552], [119.52899, 25.16536], [119.51735, 25.17146]]], [[[119.79884, 25.51582], [119.80641, 25.49584], [119.82459, 25.48671], [119.80775, 25.46527], [119.79461, 25.46304], [119.77198, 25.45059], [119.75782, 25.43325], [119.75733, 25.40495], [119.72199, 25.4139], [119.70388, 25.42358], [119.69306, 25.43765], [119.69778, 25.4566], [119.71176, 25.46955], [119.70997, 25.48786], [119.68922, 25.48047], [119.66848, 25.48786], [119.68621, 25.50771], [119.74855, 25.50259], [119.76637, 25.50625], [119.77833, 25.52204], [119.7588, 25.53075], [119.72633, 25.52514], [119.71617, 25.53632], [119.73048, 25.581], [119.72706, 25.59089], [119.71876, 25.59125], [119.70265, 25.57732], [119.69273, 25.59423], [119.69875, 25.61261], [119.73048, 25.64615], [119.74545, 25.64908], [119.76436, 25.65948], [119.78173, 25.65916], [119.77589, 25.63573], [119.78028, 25.61742], [119.792, 25.60456], [119.80372, 25.61073], [119.81348, 25.60882], [119.83284, 25.59089], [119.8169, 25.57982], [119.8745, 25.55679], [119.84653, 25.53634], [119.83448, 25.54914], [119.81861, 25.5458], [119.8047, 25.53262], [119.79884, 25.51582]]], [[[119.66986, 25.65257], [119.67709, 25.65565], [119.681, 25.65184], [119.71704, 25.66391], [119.7194, 25.65729], [119.71453, 25.64025], [119.67661, 25.63647], [119.66539, 25.64428], [119.66986, 25.65257]]], [[[119.57187, 25.64025], [119.59621, 25.66835], [119.60823, 25.66969], [119.59703, 25.64656], [119.57772, 25.63159], [119.56341, 25.637], [119.55911, 25.64366], [119.56544, 25.64902], [119.57187, 25.64025]]], [[[119.97585, 25.96673], [119.98528, 25.96487], [119.99007, 25.96929], [119.98942, 25.96146], [119.96658, 25.94744], [119.97585, 25.96673]]], [[[119.95238, 25.97606], [119.93735, 25.96489], [119.92858, 25.97667], [119.94199, 25.98089], [119.95238, 25.97606]]], [[[119.62696, 26.10789], [119.64404, 26.07844], [119.63884, 26.07051], [119.62037, 26.06421], [119.56529, 26.08048], [119.55397, 26.09566], [119.57488, 26.11953], [119.59936, 26.12811], [119.62696, 26.10789]]], [[[119.93686, 26.15811], [119.95363, 26.16684], [119.96403, 26.16693], [119.96427, 26.16055], [119.95345, 26.14969], [119.92628, 26.13899], [119.91669, 26.14481], [119.91376, 26.15298], [119.91984, 26.16937], [119.92358, 26.16986], [119.92457, 26.1625], [119.93686, 26.15811]]], [[[120.01351, 26.20582], [119.99887, 26.21939], [119.98129, 26.21524], [119.97103, 26.19239], [119.96511, 26.20002], [119.96689, 26.21485], [119.97283, 26.22235], [119.99407, 26.23305], [120.00358, 26.23179], [120.01416, 26.22036], [120.01351, 26.20582]]], [[[120.06185, 26.52443], [120.06543, 26.51687], [120.06079, 26.50105], [120.03549, 26.49308], [120.02794, 26.49637], [120.03568, 26.52112], [120.06185, 26.52443]]], [[[120.1164, 26.56972], [120.13413, 26.58242], [120.14984, 26.60553], [120.16358, 26.59902], [120.16097, 26.57735], [120.12859, 26.55607], [120.1164, 26.56972]]], [[[119.77046, 26.62704], [119.79461, 26.63218], [119.81363, 26.6236], [119.8073, 26.61295], [119.79274, 26.61514], [119.7754, 26.60392], [119.76491, 26.60884], [119.76044, 26.61628], [119.77046, 26.62704]]], [[[119.66475, 26.67029], [119.7155, 26.66838], [119.72698, 26.66267], [119.73529, 26.67737], [119.75074, 26.67934], [119.75643, 26.67487], [119.74919, 26.66345], [119.72234, 26.65009], [119.7155, 26.64168], [119.68631, 26.63913], [119.67449, 26.64423], [119.66969, 26.64008], [119.66408, 26.64111], [119.65733, 26.65075], [119.65757, 26.66786], [119.66475, 26.67029]]], [[[119.90447, 26.68618], [119.90594, 26.69237], [119.94387, 26.69546], [119.93556, 26.67748], [119.94238, 26.6631], [119.93214, 26.67048], [119.92645, 26.66903], [119.9236, 26.67914], [119.90447, 26.68618]]], [[[120.31201, 26.93107], [120.29786, 26.92907], [120.28543, 26.93403], [120.29201, 26.93939], [120.30648, 26.94103], [120.31455, 26.93614], [120.31201, 26.93107]]], [[[120.3222, 26.96209], [120.33709, 26.97003], [120.35092, 26.97117], [120.36304, 26.96303], [120.37387, 26.94359], [120.38566, 26.93517], [120.35255, 26.92379], [120.31854, 26.94859], [120.3222, 26.96209]]], [[[121.17302, 27.84101], [121.17123, 27.8188], [121.13844, 27.82486], [121.11665, 27.81787], [121.098, 27.81783], [121.09605, 27.82786], [121.11403, 27.84413], [121.15675, 27.84878], [121.15367, 27.85642], [121.18848, 27.86371], [121.18929, 27.8483], [121.17302, 27.84101]]], [[[121.04082, 27.87595], [121.04697, 27.87522], [121.05692, 27.86364], [121.08368, 27.86569], [121.06604, 27.85149], [121.06656, 27.84732], [121.06258, 27.84575], [121.05648, 27.85422], [121.04694, 27.85522], [121.02, 27.83775], [121.01314, 27.84453], [121.02204, 27.86819], [121.04082, 27.87595]]], [[[121.13916, 27.95698], [121.10328, 27.94621], [121.07179, 27.95726], [121.0447, 27.95198], [121.04023, 27.95795], [121.04519, 27.96747], [121.06479, 27.98142], [121.11134, 27.98378], [121.12744, 27.97747], [121.13949, 27.96593], [121.13916, 27.95698]]], [[[121.13064, 28.10346], [121.13233, 28.11431], [121.12039, 28.13569], [121.16528, 28.15053], [121.18753, 28.1689], [121.20407, 28.18971], [121.21117, 28.20909], [121.23061, 28.21973], [121.2564, 28.2148], [121.26889, 28.19394], [121.27024, 28.18229], [121.26184, 28.16881], [121.25553, 28.14], [121.26454, 28.12159], [121.28534, 28.10194], [121.27914, 28.08544], [121.26764, 28.08455], [121.23813, 28.09292], [121.23365, 28.08242], [121.23811, 28.0712], [121.23145, 28.06502], [121.21925, 28.06786], [121.2185, 28.05847], [121.20244, 28.05475], [121.1864, 28.04371], [121.15158, 28.04124], [121.14675, 28.05781], [121.15524, 28.07137], [121.15235, 28.07807], [121.14276, 28.08259], [121.13064, 28.10346]]], [[[121.61516, 28.5418], [121.62535, 28.52282], [121.61824, 28.50447], [121.60775, 28.50338], [121.59677, 28.51138], [121.5974, 28.52435], [121.60768, 28.5418], [121.61516, 28.5418]]], [[[121.78583, 29.11971], [121.78274, 29.12466], [121.78983, 29.14985], [121.81712, 29.14612], [121.81324, 29.11573], [121.78583, 29.11971]]], [[[122.02152, 29.79678], [121.99382, 29.76924], [121.96828, 29.77384], [121.96852, 29.79463], [121.97747, 29.80541], [122.02434, 29.82465], [122.03018, 29.81586], [122.02152, 29.79678]]], [[[121.93361, 29.92132], [121.94094, 29.93768], [121.95614, 29.95075], [121.96647, 29.95172], [121.99349, 29.91885], [121.99243, 29.90828], [121.97413, 29.89985], [121.94614, 29.90396], [121.93361, 29.92132]]], [[[122.052, 29.96246], [122.05387, 29.95328], [122.03826, 29.93453], [122.02671, 29.94368], [122.02527, 29.95347], [122.04046, 29.96649], [122.052, 29.96246]]], [[[121.8345, 30.01819], [121.83478, 30.04518], [121.84768, 30.08315], [121.85304, 30.08713], [121.87647, 30.0816], [121.88526, 30.06118], [121.9021, 30.05352], [121.90918, 30.04499], [121.91048, 30.02412], [121.90332, 30.00178], [121.88965, 29.98396], [121.87159, 29.97672], [121.86012, 29.97811], [121.83638, 29.98856], [121.82888, 29.99751], [121.82742, 30.00422], [121.8345, 30.01819]]], [[[122.03248, 30.14777], [122.05962, 30.10236], [122.07397, 30.06809], [122.08709, 30.01623], [122.06528, 30.01594], [122.02572, 29.99727], [122.01052, 30.00032], [122.01222, 30.03193], [121.99172, 30.03808], [121.97341, 30.05997], [121.97187, 30.06769], [121.9808, 30.09007], [121.96337, 30.14251], [121.97462, 30.14801], [122.03248, 30.14777]]], [[[121.93127, 30.11464], [121.95639, 30.10851], [121.94957, 30.08778], [121.93174, 30.06946], [121.92661, 30.08381], [121.91131, 30.0898], [121.90814, 30.09825], [121.93127, 30.11464]]], [[[121.18146, 31.79597], [121.21931, 31.82946], [121.26407, 31.84106], [121.37079, 31.81547], [121.44457, 31.73653], [121.46624, 31.70587], [121.49809, 31.64071], [121.51456, 31.56942], [121.40489, 31.6136], [121.37552, 31.63413], [121.34474, 31.64132], [121.31447, 31.65559], [121.2859, 31.70405], [121.22452, 31.73768], [121.1763, 31.78433], [121.18146, 31.79597]]], [[[120.6272, 32.04653], [120.63134, 32.03608], [120.62688, 32.0306], [120.58188, 32.03328], [120.56626, 32.04174], [120.56537, 32.05231], [120.57952, 32.06253], [120.60011, 32.06082], [120.6272, 32.04653]]], [[[119.7195, 32.24958], [119.71619, 32.27243], [119.75083, 32.29311], [119.78533, 32.29168], [119.81429, 32.27557], [119.83297, 32.25189], [119.87492, 32.15542], [119.88071, 32.12519], [119.90185, 32.0734], [119.89031, 32.07539], [119.85874, 32.10155], [119.792, 32.12177], [119.78712, 32.12958], [119.792, 32.14228], [119.79104, 32.16547], [119.81935, 32.20376], [119.7496, 32.22819], [119.7195, 32.24958]]], [[[119.45003, 34.77752], [119.45395, 34.77192], [119.49446, 34.7608], [119.49284, 34.75504], [119.48186, 34.74821], [119.46705, 34.75161], [119.44143, 34.77415], [119.45003, 34.77752]]], [[[120.18343, 35.75454], [120.17091, 35.74332], [120.15944, 35.74332], [120.15334, 35.75369], [120.16514, 35.7791], [120.17529, 35.78318], [120.18343, 35.75454]]], [[[120.75732, 37.92267], [120.75456, 37.89669], [120.72634, 37.90885], [120.72244, 37.9191], [120.72707, 37.94765], [120.73454, 37.94765], [120.74837, 37.9387], [120.75732, 37.92267]]], [[[120.61842, 37.94702], [120.60191, 37.96931], [120.60679, 37.97988], [120.61898, 37.98114], [120.62568, 37.97274], [120.62296, 37.94901], [120.61842, 37.94702]]], [[[120.72729, 37.96943], [120.72047, 37.96403], [120.70054, 37.96988], [120.68826, 37.98526], [120.69021, 37.99062], [120.70411, 37.98964], [120.72019, 37.98074], [120.72729, 37.96943]]], [[[121.83374, 38.89264], [121.83838, 38.87055], [121.82602, 38.8606], [121.81938, 38.87634], [121.82346, 38.89005], [121.83374, 38.89264]]], [[[121.38844, 39.47451], [121.41352, 39.47645], [121.44171, 39.46326], [121.37162, 39.44895], [121.2973, 39.44387], [121.32016, 39.45401], [121.33132, 39.47577], [121.34059, 39.48134], [121.35255, 39.4824], [121.38844, 39.47451]]], [[[120.81804, 40.48453], [120.80266, 40.48286], [120.78508, 40.4707], [120.77729, 40.47464], [120.77436, 40.48542], [120.79029, 40.49299], [120.79088, 40.5028], [120.80665, 40.51625], [120.82105, 40.51125], [120.82592, 40.4923], [120.81804, 40.48453]]], [[[122.18027, 37.51295], [122.18759, 37.50764], [122.19222, 37.51015], [122.19394, 37.50389], [122.20749, 37.49642], [122.17641, 37.49788], [122.16539, 37.50259], [122.18027, 37.51295]]], [[[122.73671, 39.03358], [122.71931, 39.01963], [122.71129, 39.02542], [122.71006, 39.03897], [122.71747, 39.0488], [122.73671, 39.03358]]], [[[122.37631, 39.16059], [122.334, 39.14632], [122.32131, 39.16596], [122.33059, 39.18011], [122.38258, 39.20831], [122.40257, 39.21379], [122.39291, 39.2038], [122.38893, 39.18708], [122.40258, 39.15913], [122.38893, 39.15234], [122.37631, 39.16059]]], [[[122.6907, 39.19332], [122.69752, 39.22126], [122.63601, 39.22802], [122.63601, 39.23427], [122.66457, 39.23313], [122.7186, 39.24188], [122.74194, 39.23606], [122.7395, 39.22224], [122.72579, 39.21019], [122.6907, 39.19332]]], [[[122.49798, 39.21936], [122.48798, 39.23313], [122.54045, 39.23427], [122.54443, 39.23033], [122.53589, 39.22355], [122.49798, 39.21936]]], [[[127.61722, 39.2224], [127.62131, 39.23532], [127.6303, 39.23866], [127.63924, 39.2357], [127.64022, 39.22619], [127.61722, 39.2224]]], [[[122.53663, 39.29803], [122.58473, 39.28437], [122.64389, 39.2785], [122.68438, 39.2622], [122.64308, 39.25508], [122.58619, 39.25801], [122.53347, 39.27168], [122.50508, 39.29693], [122.53663, 39.29803]]], [[[124.72822, 39.42049], [124.73275, 39.41791], [124.71682, 39.40812], [124.71617, 39.41417], [124.72822, 39.42049]]], [[[123.08578, 39.44249], [123.08154, 39.42367], [123.06048, 39.43239], [123.04869, 39.44717], [123.05591, 39.45467], [123.0935, 39.44293], [123.08578, 39.44249]]], [[[124.59288, 39.4468], [124.61256, 39.45713], [124.61906, 39.43302], [124.60206, 39.42741], [124.59605, 39.43025], [124.59288, 39.4468]]], [[[124.77345, 39.44735], [124.77029, 39.44929], [124.76915, 39.46547], [124.79198, 39.45913], [124.77345, 39.44735]]], [[[124.68459, 39.50325], [124.68016, 39.50773], [124.68199, 39.52118], [124.69362, 39.53508], [124.7047, 39.53706], [124.70768, 39.51909], [124.69776, 39.5026], [124.68459, 39.50325]]], [[[123.0178, 39.54436], [123.04003, 39.52973], [123.02995, 39.50789], [123.0057, 39.49731], [122.97976, 39.49935], [122.96438, 39.51545], [122.96804, 39.54108], [122.98976, 39.54949], [123.0178, 39.54436]]], [[[125.19517, 39.53123], [125.20378, 39.53432], [125.2176, 39.52517], [125.2107, 39.51709], [125.19468, 39.52672], [125.19517, 39.53123]]], [[[125.13195, 39.52986], [125.14381, 39.53941], [125.16341, 39.54076], [125.14454, 39.5208], [125.13195, 39.52986]]], [[[125.16049, 39.55561], [125.16357, 39.54413], [125.15219, 39.5432], [125.13609, 39.55171], [125.13762, 39.55557], [125.16049, 39.55561]]], [[[124.67555, 39.53852], [124.66164, 39.53841], [124.64479, 39.54768], [124.59589, 39.53791], [124.59744, 39.54458], [124.63087, 39.56508], [124.67384, 39.57062], [124.69125, 39.56964], [124.69808, 39.56289], [124.69546, 39.55358], [124.67555, 39.53852]]], [[[124.81859, 39.49547], [124.83694, 39.52093], [124.84982, 39.51653], [124.85697, 39.5279], [124.84279, 39.53843], [124.84491, 39.54296], [124.85659, 39.54423], [124.85974, 39.55314], [124.85442, 39.55658], [124.85449, 39.57375], [124.87052, 39.58093], [124.86972, 39.59565], [124.88177, 39.60387], [124.88049, 39.61245], [124.89919, 39.61412], [124.92672, 39.60478], [124.90967, 39.59355], [124.93359, 39.55055], [124.88318, 39.52747], [124.86166, 39.50765], [124.84266, 39.50516], [124.81859, 39.49547]]], [[[124.53557, 39.72089], [124.5267, 39.72016], [124.52174, 39.71152], [124.51753, 39.71767], [124.54186, 39.73134], [124.54882, 39.73012], [124.53557, 39.72089]]], [[[124.2126, 39.80405], [124.22707, 39.82129], [124.24277, 39.80732], [124.24162, 39.80186], [124.23039, 39.79826], [124.226, 39.79143], [124.21167, 39.79517], [124.2126, 39.80405]]], [[[124.34497, 39.86299], [124.33458, 39.8658], [124.33263, 39.88321], [124.34116, 39.8852], [124.35263, 39.87523], [124.34497, 39.86299]]], [[[124.33025, 39.90082], [124.34034, 39.89281], [124.3353, 39.88862], [124.32359, 39.89237], [124.32065, 39.90049], [124.33025, 39.90082]]], [[[124.34492, 39.93937], [124.35175, 39.95371], [124.3589, 39.96213], [124.36085, 39.94904], [124.34492, 39.93937]]], [[[128.20794, 40.00949], [128.21176, 39.99616], [128.22463, 40.01259], [128.22908, 40.01145], [128.22606, 39.99901], [128.21021, 39.98864], [128.16823, 39.98726], [128.16319, 39.99291], [128.16539, 39.99713], [128.17595, 39.9975], [128.17482, 40.00926], [128.19801, 40.00161], [128.20794, 40.00949]]], [[[130.26158, 42.16186], [130.27386, 42.17742], [130.28499, 42.17031], [130.28775, 42.15693], [130.27394, 42.14632], [130.26158, 42.16186]]], [[[130.93116, 42.47568], [130.93493, 42.47039], [130.91456, 42.45589], [130.90644, 42.45991], [130.91002, 42.47178], [130.93116, 42.47568]]], [[[131.46306, 42.6555], [131.46175, 42.6372], [131.42041, 42.64337], [131.43588, 42.64366], [131.45509, 42.65164], [131.45911, 42.66993], [131.472, 42.67076], [131.46306, 42.6555]]], [[[132.35538, 42.77232], [132.36612, 42.732], [132.34507, 42.72742], [132.33774, 42.75064], [132.32797, 42.74739], [132.31561, 42.74971], [132.31139, 42.75955], [132.34205, 42.77813], [132.35538, 42.77232]]], [[[132.45361, 42.86091], [132.44988, 42.82811], [132.47769, 42.8039], [132.46713, 42.79683], [132.45339, 42.80098], [132.42986, 42.82648], [132.40156, 42.83198], [132.39968, 42.85212], [132.41326, 42.86445], [132.42751, 42.89589], [132.43921, 42.89203], [132.45361, 42.86091]]], [[[131.63952, 42.86542], [131.65904, 42.88568], [131.67529, 42.89157], [131.67846, 42.87418], [131.66114, 42.87556], [131.65926, 42.86466], [131.65016, 42.85954], [131.63952, 42.86542]]], [[[131.72308, 42.89754], [131.71479, 42.9016], [131.7121, 42.91885], [131.71844, 42.92434], [131.7443, 42.92209], [131.74535, 42.90624], [131.72308, 42.89754]]], [[[131.71551, 42.98403], [131.72421, 42.98424], [131.72746, 42.99521], [131.75643, 42.9593], [131.73666, 42.95071], [131.72674, 42.9322], [131.71088, 42.95177], [131.71632, 42.95966], [131.70974, 42.97777], [131.71551, 42.98403]]], [[[131.83725, 42.96114], [131.79054, 42.97456], [131.75703, 42.99005], [131.79119, 42.99628], [131.77461, 43.0053], [131.76949, 43.01515], [131.77346, 43.02117], [131.79119, 43.0174], [131.78736, 43.03437], [131.77754, 43.04462], [131.79884, 43.05263], [131.85939, 43.03726], [131.85939, 43.04462], [131.82655, 43.06516], [131.85498, 43.06134], [131.87573, 43.051], [131.89226, 43.03583], [131.92089, 43.02415], [131.92399, 43.00584], [131.91503, 42.98429], [131.8833, 42.96077], [131.83725, 42.96114]]], [[[141.16718, 45.23997], [141.20296, 45.24902], [141.23519, 45.24127], [141.26802, 45.22568], [141.32729, 45.17213], [141.3356, 45.15778], [141.31005, 45.12458], [141.2684, 45.10103], [141.23537, 45.10249], [141.18182, 45.12662], [141.15009, 45.14713], [141.13113, 45.17015], [141.14552, 45.18977], [141.13186, 45.21027], [141.16718, 45.23997]]], [[[140.98226, 45.46849], [141.0066, 45.44042], [141.02003, 45.43985], [141.05274, 45.45042], [141.06907, 45.44248], [141.07355, 45.42451], [141.05913, 45.32224], [141.03566, 45.26491], [141.02908, 45.27851], [141.03566, 45.29218], [140.99882, 45.35021], [140.99416, 45.37104], [141.00099, 45.41914], [140.96683, 45.46344], [140.98226, 45.46849]]], [[[141.67741, 45.44412], [141.6884, 45.40924], [141.64996, 45.35379], [141.63899, 45.38915], [141.63943, 45.42113], [141.64797, 45.4372], [141.6657, 45.45041], [141.67741, 45.44412]]], [[[141.2225, 46.28489], [141.24056, 46.25959], [141.23848, 46.2355], [141.22445, 46.21257], [141.20185, 46.2194], [141.1968, 46.24364], [141.20525, 46.26109], [141.19917, 46.28245], [141.2225, 46.28489]]], [[[142.73796, 52.76887], [142.80999, 52.78446], [142.92346, 52.79677], [143.03968, 52.7957], [143.0965, 52.7901], [143.20482, 52.76925], [143.25657, 52.75387], [143.33764, 52.72035], [143.32683, 52.6225], [143.33105, 52.60391], [143.29675, 52.45347], [143.25178, 52.38945], [143.1937, 52.337], [143.20737, 52.39533], [143.19776, 52.42585], [143.20738, 52.43939], [143.22389, 52.44793], [143.25489, 52.44701], [143.26588, 52.45026], [143.27231, 52.46332], [143.26295, 52.47162], [143.23539, 52.48095], [143.24448, 52.48876], [143.29005, 52.57722], [143.29021, 52.59504], [143.26832, 52.59838], [143.24903, 52.59081], [143.24902, 52.56294], [143.23536, 52.55671], [143.24145, 52.54223], [143.17888, 52.44684], [143.15967, 52.39167], [143.12696, 52.35883], [143.11866, 52.33779], [143.1294, 52.32665], [143.14649, 52.32787], [143.15969, 52.34442], [143.1665, 52.34442], [143.17748, 52.31379], [143.16928, 52.29462], [143.17328, 52.26789], [143.15577, 52.20368], [143.15136, 52.12007], [143.11557, 52.15302], [143.09767, 52.10423], [143.13915, 52.08991], [143.13347, 52.07982], [143.13697, 52.03034], [143.15934, 51.99567], [143.15991, 51.97907], [143.14909, 51.96761], [143.1255, 51.96703], [143.1421, 51.92495], [143.16479, 51.91364], [143.1631, 51.87397], [143.19459, 51.85847], [143.21306, 51.8548], [143.23844, 51.89153], [143.25506, 51.8371], [143.31038, 51.75434], [143.31785, 51.70658], [143.29656, 51.71308], [143.27621, 51.70051], [143.26108, 51.67821], [143.25219, 51.64155], [143.23536, 51.61392], [143.24147, 51.56902], [143.2212, 51.53164], [143.2317, 51.51264], [143.24171, 51.50764], [143.27321, 51.52073], [143.31837, 51.50922], [143.3379, 51.50837], [143.34718, 51.52338], [143.34401, 51.54865], [143.32522, 51.59284], [143.34654, 51.63592], [143.36508, 51.64495], [143.3733, 51.63631], [143.39422, 51.56464], [143.44784, 51.50815], [143.46178, 51.46939], [143.47493, 51.34328], [143.44239, 51.36725], [143.42709, 51.37055], [143.3794, 51.35008], [143.4344, 51.32103], [143.43393, 51.30915], [143.47493, 51.28925], [143.48307, 51.25454], [143.47495, 51.24087], [143.49544, 51.23338], [143.48308, 51.21357], [143.5171, 51.22012], [143.52125, 51.24677], [143.49549, 51.3091], [143.52173, 51.28491], [143.53797, 51.23955], [143.58668, 51.01073], [143.6789, 50.73673], [143.70151, 50.60537], [143.79029, 50.30923], [143.81007, 50.27265], [143.91109, 50.1507], [144.00258, 50.01301], [144.0442, 49.89765], [144.06297, 49.86586], [143.98379, 49.82838], [143.93586, 49.81164], [143.88504, 49.79772], [143.8058, 49.78313], [143.79785, 49.77733], [143.80004, 49.76989], [143.84871, 49.73143], [143.89951, 49.67176], [143.9306, 49.60676], [143.94085, 49.53895], [143.93009, 49.47136], [143.89868, 49.40571], [143.87527, 49.37418], [143.79579, 49.29487], [143.70217, 49.30611], [143.68972, 49.31241], [143.68728, 49.32233], [143.72828, 49.33535], [143.49904, 49.3492], [143.47949, 49.35324], [143.42628, 49.39322], [143.40349, 49.40046], [143.30201, 49.40518], [143.2767, 49.40217], [143.25864, 49.39338], [143.24977, 49.37328], [143.26393, 49.36017], [143.3104, 49.34276], [143.32959, 49.34113], [143.33105, 49.33222], [143.3191, 49.32412], [143.33131, 49.31391], [143.36642, 49.32234], [143.61905, 49.32404], [143.66672, 49.31488], [143.63917, 49.30562], [143.3711, 49.29922], [143.17416, 49.246], [143.14536, 49.2329], [143.07032, 49.18488], [143.0088, 49.12303], [142.98455, 49.08295], [142.97462, 49.04588], [142.97657, 49.00654], [142.98844, 48.95921], [142.98844, 48.91669], [142.9691, 48.87826], [142.9201, 48.80781], [142.79274, 48.56257], [142.6586, 48.26972], [142.61402, 48.19017], [142.54963, 48.02025], [142.53745, 48.01008], [142.5359, 48.00239], [142.54955, 47.98871], [142.54957, 47.94801], [142.53452, 47.88996], [142.54526, 47.76667], [142.59213, 47.64208], [142.63209, 47.58124], [142.74804, 47.44477], [142.71404, 47.44477], [142.71404, 47.43724], [142.73512, 47.42365], [142.75953, 47.43121], [142.78712, 47.4282], [142.8143, 47.41949], [142.87858, 47.38934], [142.91089, 47.36522], [143.01635, 47.2536], [143.03773, 47.16807], [142.99444, 47.12493], [142.92312, 47.07548], [142.83846, 47.03574], [142.79167, 47.01995], [142.69432, 46.99814], [142.64287, 46.99192], [142.54059, 46.98962], [142.43882, 47.00045], [142.42712, 46.99604], [142.42789, 46.98644], [142.49083, 46.94396], [142.52134, 46.91662], [142.5694, 46.85652], [142.59889, 46.79076], [142.60771, 46.71442], [142.52906, 46.68378], [142.4572, 46.6308], [142.40651, 46.55366], [142.32434, 46.38922], [142.28191, 46.32746], [142.26034, 46.25613], [142.03807, 45.92676], [142.00148, 45.97801], [141.93264, 46.0358], [141.93605, 46.09956], [141.8991, 46.27912], [141.8375, 46.41586], [141.81424, 46.53872], [141.82229, 46.60228], [141.8659, 46.67048], [141.88557, 46.73186], [142.05665, 47.0537], [142.06381, 47.10932], [142.05665, 47.16974], [142.02857, 47.23249], [141.97512, 47.29759], [141.99122, 47.36957], [141.96373, 47.41568], [141.95523, 47.4472], [141.95169, 47.48141], [141.96578, 47.61231], [142.00148, 47.6638], [142.00551, 47.69761], [142.06284, 47.77993], [142.09313, 47.85577], [142.10574, 47.87482], [142.13795, 47.89106], [142.17742, 47.93041], [142.18702, 47.9444], [142.19109, 47.96674], [142.16588, 48.11571], [142.174, 48.15131], [142.13315, 48.33369], [142.09702, 48.39688], [141.91945, 48.60939], [141.87295, 48.68884], [141.85672, 48.73534], [141.85743, 48.77402], [141.92304, 48.83567], [141.9673, 48.86237], [141.96048, 48.904], [141.9656, 48.91522], [141.99643, 48.94294], [142.01516, 49.0207], [142.03614, 49.06167], [142.02401, 49.0995], [142.03738, 49.13426], [142.07716, 49.19819], [142.07862, 49.232], [142.06285, 49.31489], [142.09622, 49.41083], [142.12501, 49.46231], [142.15968, 49.67797], [142.15238, 49.7336], [142.15187, 49.82551], [142.12503, 49.89764], [142.13185, 49.89765], [142.14552, 49.92158], [142.1387, 49.9418], [142.15968, 49.97651], [142.15885, 50.02822], [142.17384, 50.08641], [142.15553, 50.23965], [142.13528, 50.2912], [142.15089, 50.32722], [142.14552, 50.36384], [142.11736, 50.41763], [142.09919, 50.43392], [142.04532, 50.52803], [142.04137, 50.55097], [142.05714, 50.58149], [142.06286, 50.65802], [142.09278, 50.7141], [142.1045, 50.78095], [142.09704, 50.82192], [142.12843, 50.85664], [142.12845, 50.89451], [142.20069, 50.95966], [142.24985, 51.03083], [142.26686, 51.07429], [142.26922, 51.11241], [142.25514, 51.15912], [142.17304, 51.25849], [142.16588, 51.27839], [142.17799, 51.29751], [142.17856, 51.31415], [142.11484, 51.3724], [142.07718, 51.41901], [142.09783, 51.4433], [142.07895, 51.47138], [141.94251, 51.5595], [141.93265, 51.57026], [141.93922, 51.61188], [141.92628, 51.61701], [141.88795, 51.61084], [141.86672, 51.61246], [141.85206, 51.63654], [141.81715, 51.67227], [141.70348, 51.72403], [141.68681, 51.74728], [141.75172, 51.72895], [141.79802, 51.7215], [141.80812, 51.72085], [141.82252, 51.73615], [141.81886, 51.75043], [141.80976, 51.75479], [141.80958, 51.80622], [141.761, 51.83588], [141.69411, 51.8575], [141.63903, 51.88451], [141.67555, 51.91242], [141.67612, 51.95262], [141.65218, 52.0317], [141.64504, 52.08478], [141.65765, 52.11087], [141.68776, 52.1354], [141.69988, 52.16572], [141.65897, 52.21662], [141.67311, 52.27558], [141.64187, 52.31818], [141.66083, 52.3823], [141.7575, 52.44501], [141.78297, 52.46735], [141.81666, 52.54072], [141.81912, 52.55927], [141.83058, 52.56647], [141.84376, 52.59081], [141.80976, 52.59773], [141.80976, 52.60391], [141.83448, 52.6341], [141.84303, 52.66877], [141.84377, 52.74103], [141.87184, 52.8168], [141.86502, 52.85115], [141.87186, 52.88882], [141.8895, 52.91201], [141.89594, 52.96377], [141.92243, 53.00435], [142.03137, 53.01575], [142.14737, 53.01446], [142.25936, 52.99989], [142.31375, 52.98753], [142.41268, 52.9542], [142.48993, 52.91462], [142.46118, 52.83487], [142.45385, 52.76631], [142.43168, 52.70394], [142.43017, 52.60879], [142.43818, 52.60302], [142.6098, 52.55649], [142.6207, 52.55615], [142.62977, 52.56116], [142.65704, 52.60514], [142.68945, 52.68858], [142.73877, 52.75596], [142.73796, 52.76887]]]]}}]}